bus,status,pg_mw,qg_mvar,pmin_mw,pmax_mw,qmin_mvar,qmax_mvar,q_limit_utilization
845,1,186.77,7.76480860340311,36.02,186.8,-20.73,95.08,0.0816660559886738
850,1,211.47,26.6350928644681,83.04,211.5,-25.8,98.56,0.270242419485269
851,1,211.47,50.8779796689767,80.7,211.5,-25.8,98.56,0.516213267745299
852,1,211.47,52.0240341098876,40.64,211.5,-25.8,98.56,0.527841255173372
853,1,211.47,26.4233316428572,104.92,211.5,-25.8,98.56,0.268093868129639
856,1,1.2,0.46,0.48,1.2,-0.06,0.46,1
856,0,0,0,0.35,1.2,-0.06,0.46,NaN
856,0,0,0,0.18,1.2,-0.06,0.46,NaN
856,1,1.2,0.46,0.5,1.2,-0.06,0.46,1
856,1,1.2,0.46,0.51,1.2,-0.06,0.46,1
856,0,0,0,0.32,1.2,-0.06,0.46,NaN
859,0,0,0,1.21,3,-0.33,1.53,NaN
863,1,6.5,-0.32,2.08,6.5,-0.32,2.5,1
863,1,6.5,-0.32,3.11,6.5,-0.32,2.5,1
869,1,6.4,-0.31,1.1,6.4,-0.31,2.46,1
869,1,6.4,-0.31,1.07,6.4,-0.31,2.46,1
870,1,6.4,-0.31,1.06,6.4,-0.31,2.46,1
873,1,14.2,5.45,3.53,14.2,-0.7,5.45,1
874,1,14.2,-0.7,6.28,14.2,-0.7,5.45,1
881,1,137.23,25.1104276142528,68.21,137.25,-15.23,69.86,0.359439273035397
882,1,137.23,33.3823898918225,47.32,137.25,-15.23,69.86,0.477846978125143
885,1,0.3,-0.01,0.14,0.3,-0.01,0.12,1
885,1,0.3,-0.01,0.13,0.3,-0.01,0.12,1
885,1,0.3,-0.01,0.11,0.3,-0.01,0.12,1
885,1,0.3,-0.01,0.05,0.3,-0.01,0.12,1
885,1,0.3,-0.01,0.06,0.3,-0.01,0.12,1
885,1,0.3,-0.01,0.14,0.3,-0.01,0.12,1
887,1,3.42,-0.17,1.04,3.42,-0.17,1.32,1
887,1,3.42,-0.17,0.48,3.42,-0.17,1.32,1
887,1,3.42,-0.17,0.47,3.42,-0.17,1.32,1
887,1,3.42,-0.17,0.89,3.42,-0.17,1.32,1
891,1,4.5,-0.65,1.03,4.5,-0.65,0.96,1
895,1,41.99,8.95,18.98,42,-6.05,8.95,1
899,1,19.1,7.33,6.57,19.1,-0.94,7.33,1
900,0,0,0,5.54,19.1,-0.94,7.33,NaN
900,1,19.1,-0.94,8.33,19.1,-0.94,7.33,1
900,1,19.1,-0.94,4.68,19.1,-0.94,7.33,1
905,1,2.22,-0.11,0.75,2.23,-0.11,0.85,1
905,1,2.22,-0.11,0.33,2.23,-0.11,0.85,1
906,1,2.22,-0.11,0.53,2.23,-0.11,0.85,1
906,1,2.22,-0.11,0.61,2.23,-0.11,0.85,1
909,1,2,0.77,0.55,2,-0.1,0.77,1
909,1,2,0.77,0.25,2,-0.1,0.77,1
912,0,0,0,0.78,2.1,-0.1,0.81,NaN
912,1,2.1,0.81,0.44,2.1,-0.1,0.81,1
915,1,1.47,-0.07,0.43,1.47,-0.07,0.56,1
916,1,1.47,-0.07,0.67,1.47,-0.07,0.56,1
918,0,0,0,0.36,1.47,-0.07,0.56,NaN
918,1,1.47,-0.07,0.21,1.47,-0.07,0.56,1
919,0,0,0,0.73,1.47,-0.07,0.56,NaN
920,1,1.47,-0.07,0.73,1.47,-0.07,0.56,1
924,0,0,0,1.09,3,-0.15,1.15,NaN
929,1,7.42,-0.36,0.89,7.42,-0.36,2.85,1
930,1,7.42,-0.36,2.21,7.42,-0.36,2.85,1
930,1,7.42,-0.36,1.81,7.42,-0.36,2.85,1
931,1,7.42,1.96347709352571,0.99,7.42,-0.36,2.85,0.688939331061651
931,1,7.42,1.96347709352571,3.09,7.42,-0.36,2.85,0.688939331061651
932,1,7.42,2.85,1.72,7.42,-0.36,2.85,1
935,1,3,-0.15,1.06,3,-0.15,1.15,1
936,1,3,-0.15,0.57,3,-0.15,1.15,1
939,1,3,-0.15,0.48,3,-0.15,1.15,1
940,1,3,-0.15,1.22,3,-0.15,1.15,1
944,1,1,-0.05,0.43,1,-0.05,0.38,1
946,0,0,0,10.23,50.6,-7.29,10.78,NaN
950,1,0.52,-0.03,0.11,0.52,-0.03,0.2,1
950,1,0.52,-0.03,0.12,0.52,-0.03,0.2,1
950,0,0,0,0.07,0.52,-0.03,0.2,NaN
950,1,0.52,-0.03,0.17,0.52,-0.03,0.2,1
950,1,0.52,-0.03,0.21,0.52,-0.03,0.2,1
950,0,0,0,0.11,0.52,-0.03,0.2,NaN
953,1,20,-2.88,7.91,20,-2.88,4.26,1
962,1,17.5,4.92990898516958,8.01,17.5,-2.14,8.16,0.604155512888429
962,1,17.5,4.92990898516958,3.65,17.5,-2.14,8.16,0.604155512888429
965,1,1.53,0.59,0.45,1.53,-0.08,0.59,1
965,0,0,0,0.24,1.53,-0.08,0.59,NaN
965,1,1.53,0.59,0.66,1.53,-0.08,0.59,1
965,1,1.53,0.59,0.17,1.53,-0.08,0.59,1
965,0,0,0,0.65,1.53,-0.08,0.59,NaN
965,0,0,0,0.17,1.53,-0.08,0.59,NaN
968,1,6.7,-0.33,2.12,6.7,-0.33,2.57,1
973,0,0,0,1.27,4.83,-0.24,1.86,NaN
973,0,0,0,1.44,4.83,-0.24,1.86,NaN
974,1,4.83,1.86,0.53,4.83,-0.24,1.86,1
974,1,4.83,1.86,2,4.83,-0.24,1.86,1
975,1,4.83,1.86,0.95,4.83,-0.24,1.86,1
975,1,4.83,1.86,1.35,4.83,-0.24,1.86,1
978,1,1,-0.05,0.49,1,-0.05,0.38,1
981,1,3.6,-0.18,1.11,3.6,-0.18,1.38,1
985,1,7.7,-0.38,1.41,7.7,-0.38,2.96,1
985,1,7.7,-0.38,2.2,7.7,-0.38,2.96,1
995,1,8.4,-0.41,3.98,8.4,-0.41,3.23,1
996,1,8.4,-0.41,0.99,8.4,-0.41,3.23,1
1008,1,24,-1.18,11.92,24,-1.18,9.22,1
1008,1,24,-1.18,9.23,24,-1.18,9.22,1
1009,1,24,9.22,2.88,24,-1.18,9.22,1
1013,1,0.6,-0.03,0.09,0.6,-0.03,0.23,1
1013,0,0,0,0.12,0.6,-0.03,0.23,NaN
1014,1,0.6,-0.03,0.08,0.6,-0.03,0.23,1
1017,1,2,-0.24,0.31,2,-0.24,0.93,1
1018,1,2,-0.24,0.54,2,-0.24,0.93,1
1018,1,2,-0.24,0.56,2,-0.24,0.93,1
1023,1,183.37,-20.36,45.75,183.4,-20.36,93.35,1
1024,1,183.37,-20.36,73.33,183.4,-20.36,93.35,1
1025,0,0,0,78.84,183.4,-20.36,93.35,NaN
1030,1,5.25,-0.26,2.18,5.25,-0.26,2.02,1
1030,0,0,0,1.53,5.25,-0.26,2.02,NaN
1034,1,3.6,1.38,0.63,3.6,-0.18,1.38,1
1037,1,23,8.83,10.25,23,-1.13,8.83,1
1038,1,23,-1.13,7.96,23,-1.13,8.83,1
1038,1,23,-1.13,5.68,23,-1.13,8.83,1
1038,1,23,-1.13,8.25,23,-1.13,8.83,1
1038,1,23,-1.13,3.56,23,-1.13,8.83,1
1038,0,0,0,3.61,23,-1.13,8.83,NaN
1044,0,0,0,22.97,54.5,-6.05,27.74,NaN
1044,1,54.49,5.99635212790208,20.46,54.5,-6.05,27.74,0.216162657819109
1044,1,54.49,5.99635212790208,19.31,54.5,-6.05,27.74,0.216162657819109
1050,1,25.5,-3.67,4.05,25.5,-3.67,5.43,1
1054,1,1.5,-0.07,0.57,1.5,-0.07,0.58,1
1057,1,12.5,-1.53,4.67,12.5,-1.53,5.82,1
1059,0,0,0,0.54,1.3,-0.06,0.5,NaN
1059,0,0,0,0.58,1.3,-0.06,0.5,NaN
1060,0,0,0,0.6,1.3,-0.06,0.5,NaN
1060,1,1.3,0.5,0.26,1.3,-0.06,0.5,1
1060,0,0,0,0.37,1.3,-0.06,0.5,NaN
1060,1,1.3,0.5,0.42,1.3,-0.06,0.5,1
1064,0,0,0,1.19,4.5,-0.65,0.96,NaN
1067,1,0.28,-0.01,0.14,0.28,-0.01,0.11,1
1068,1,0.28,-0.01,0.13,0.28,-0.01,0.11,1
1070,1,0.28,-0.01,0.09,0.28,-0.01,0.11,1
1070,0,0,0,0.08,0.28,-0.01,0.11,NaN
1071,1,0.28,-0.00779792489897673,0.05,0.28,-0.01,0.11,0.779792489897673
1074,1,2,-0.24,0.92,2,-0.24,0.93,1
1076,1,5.1,1.96,0.89,5.1,-0.25,1.96,1
1077,1,5.1,-0.25,0.63,5.1,-0.25,1.96,1
1080,1,3.08,1.18,0.57,3.08,-0.15,1.18,1
1081,1,3.08,-0.15,0.7,3.08,-0.15,1.18,1
1082,1,3.08,1.18,0.59,3.08,-0.15,1.18,1
1082,1,3.08,1.18,1.39,3.08,-0.15,1.18,1
1082,0,0,0,0.91,3.08,-0.15,1.18,NaN
1082,1,3.08,1.18,1.02,3.08,-0.15,1.18,1
1085,0,0,0,0.75,2,-0.24,0.93,NaN
1085,0,0,0,0.51,2,-0.24,0.93,NaN
1085,0,0,0,0.28,2,-0.24,0.93,NaN
1085,0,0,0,0.67,2,-0.24,0.93,NaN
1088,1,0.67,-0.03,0.29,0.68,-0.03,0.26,1
1089,1,0.67,-0.03,0.08,0.68,-0.03,0.26,1
1091,1,0.67,-0.03,0.19,0.68,-0.03,0.26,1
1092,1,0.67,-0.03,0.21,0.68,-0.03,0.26,1
1096,1,6.53,2.51,1.58,6.53,-0.32,2.51,1
1097,0,0,0,0.92,6.53,-0.32,2.51,NaN
1097,1,6.53,-0.32,1.95,6.53,-0.32,2.51,1
1100,0,0,0,0.12,0.37,-0.02,0.14,NaN
1100,1,0.37,0.14,0.18,0.37,-0.02,0.14,1
1100,0,0,0,0.07,0.37,-0.02,0.14,NaN
1102,1,1.3,-0.06,0.51,1.3,-0.06,0.5,1
1102,1,1.3,-0.06,0.17,1.3,-0.06,0.5,1
1102,1,1.3,-0.06,0.13,1.3,-0.06,0.5,1
1104,1,2,-0.24,0.84,2,-0.24,0.93,1
1106,1,1.8,-0.09,0.19,1.8,-0.09,0.69,1
1109,1,1.1,-0.05,0.53,1.1,-0.05,0.42,1
1110,1,1.1,-0.05,0.45,1.1,-0.05,0.42,1
1110,0,0,0,0.4,1.1,-0.05,0.42,NaN
1111,1,1.1,-0.05,0.48,1.1,-0.05,0.42,1
1111,1,1.1,-0.05,0.26,1.1,-0.05,0.42,1
1112,1,1.1,-0.05,0.35,1.1,-0.05,0.42,1
1118,0,0,0,17.51,102.6,-12.52,47.81,NaN
1121,1,1.1,-0.05,0.49,1.1,-0.05,0.42,1
1121,1,1.1,-0.05,0.24,1.1,-0.05,0.42,1
1123,1,1.3,-0.06,0.2,1.3,-0.06,0.5,1
1123,0,0,0,0.18,1.3,-0.06,0.5,NaN
1123,1,1.3,-0.06,0.27,1.3,-0.06,0.5,1
1126,0,0,0,0.37,0.8,-0.04,0.31,NaN
1127,1,0.8,-0.04,0.34,0.8,-0.04,0.31,1
1127,1,0.8,-0.04,0.2,0.8,-0.04,0.31,1
1131,1,0.45,-0.02,0.08,0.45,-0.02,0.17,1
1132,1,0.45,-0.02,0.06,0.45,-0.02,0.17,1
1132,1,0.45,-0.02,0.17,0.45,-0.02,0.17,1
1133,0,0,0,0.05,0.45,-0.02,0.17,NaN
1136,0,0,0,0.16,0.7,-0.03,0.27,NaN
1136,1,0.7,-0.03,0.18,0.7,-0.03,0.27,1
1138,1,0.64,-0.03,0.29,0.64,-0.03,0.25,1
1138,1,0.64,-0.03,0.16,0.64,-0.03,0.25,1
1138,0,0,0,0.17,0.64,-0.03,0.25,NaN
1138,1,0.64,-0.03,0.1,0.64,-0.03,0.25,1
1138,1,0.64,-0.03,0.18,0.64,-0.03,0.25,1
1143,0,0,0,11.28,34.5,-4.97,7.35,NaN
1146,1,1.28,-0.06,0.41,1.28,-0.06,0.49,1
1146,1,1.28,-0.06,0.64,1.28,-0.06,0.49,1
1146,1,1.28,-0.06,0.42,1.28,-0.06,0.49,1
1146,1,1.28,-0.06,0.41,1.28,-0.06,0.49,1
1146,1,1.28,-0.06,0.33,1.28,-0.06,0.49,1
1146,1,1.28,-0.06,0.32,1.28,-0.06,0.49,1
1148,1,6.6,-0.32,0.84,6.6,-0.32,2.53,1
1150,1,1.2,0.46,0.27,1.2,-0.06,0.46,1
1151,1,1.2,0.46,0.22,1.2,-0.06,0.46,1
1151,1,1.2,0.46,0.52,1.2,-0.06,0.46,1
1151,1,1.2,0.46,0.36,1.2,-0.06,0.46,1
1151,0,0,0,0.27,1.2,-0.06,0.46,NaN
1151,1,1.2,0.46,0.39,1.2,-0.06,0.46,1
1157,1,187.94,95.68,36.73,187.97,-20.86,95.68,1
1158,1,187.94,95.68,86.98,187.97,-20.86,95.68,1
1159,1,187.94,95.68,44.4,187.97,-20.86,95.68,1
1164,1,59.99,-8.64,6.34,60,-8.64,12.78,1
1168,1,37.19,-4.13,11.09,37.2,-4.13,18.93,1
1168,1,37.19,-4.13,4.55,37.2,-4.13,18.93,1
1169,1,37.19,-4.13,4.72,37.2,-4.13,18.93,1
1172,1,1.08,0.42,0.15,1.08,-0.05,0.42,1
1172,0,0,0,0.26,1.08,-0.05,0.42,NaN
1172,1,1.08,0.42,0.51,1.08,-0.05,0.42,1
1172,1,1.08,0.42,0.23,1.08,-0.05,0.42,1
1172,0,0,0,0.51,1.08,-0.05,0.42,NaN
1172,1,1.08,0.42,0.27,1.08,-0.05,0.42,1
1177,1,4.43,2.07,0.82,4.43,-0.54,2.07,1
1177,1,4.43,2.07,1.33,4.43,-0.54,2.07,1
1178,1,4.43,2.07,2.14,4.43,-0.54,2.07,1
1178,1,4.43,2.07,1.85,4.43,-0.54,2.07,1
1179,1,4.43,2.07,0.7,4.43,-0.54,2.07,1
1179,1,4.43,2.07,2.01,4.43,-0.54,2.07,1
1187,1,56.99,12.14,8.99,57,-8.21,12.14,1
1190,1,1.6,-0.08,0.75,1.6,-0.08,0.61,1
1193,1,0.4,0.15,0.14,0.4,-0.02,0.15,1
1193,0,0,0,0.05,0.4,-0.02,0.15,NaN
1194,0,0,0,0.08,0.4,-0.02,0.15,NaN
1197,1,0.4,-0.02,0.18,0.4,-0.02,0.15,1
1197,1,0.4,-0.02,0.2,0.4,-0.02,0.15,1
1197,1,1.5,-0.07,0.33,1.5,-0.07,0.58,1
1199,0,0,0,2.6,6.5,-0.32,2.5,NaN
1200,1,6.5,-0.32,3.15,6.5,-0.32,2.5,1
1206,1,2.8,1.08,0.52,2.8,-0.14,1.08,1
1211,1,1,0.38,0.13,1,-0.05,0.38,1
1212,1,9.7,1.30243759851493,1.82,9.7,-0.48,3.72,0.350117634009389
1214,1,9.7,-0.48,2,9.7,-0.48,3.72,1
1743,1,413.94,184.681140911072,88.18,414,-50.51,192.92,0.957293908931538
1751,1,229.57,-28.01,97.66,229.6,-28.01,106.99,1
1752,0,0,0,91.52,229.6,-28.01,106.99,NaN
1755,0,0,0,20.61,50,-6.1,23.3,NaN
1755,0,0,0,7.97,50,-6.1,23.3,NaN
1758,1,2.7,-0.13,0.74,2.7,-0.13,1.04,1
1761,1,1.5,0.58,0.69,1.5,-0.07,0.58,1
1762,0,0,0,0.64,1.5,-0.07,0.58,NaN
1766,1,1.6,0.61,0.51,1.6,-0.08,0.61,1
1767,1,1.7,0.65,0.76,1.7,-0.08,0.65,1
1770,1,2.33,-0.28,1.13,2.33,-0.28,1.09,1
1770,1,2.33,-0.28,0.6,2.33,-0.28,1.09,1
1770,1,2.33,-0.28,0.93,2.33,-0.28,1.09,1
1772,1,0.63,-0.08,0.28,0.63,-0.08,0.3,1
1772,1,0.63,-0.08,0.17,0.63,-0.08,0.3,1
1772,1,0.63,-0.08,0.13,0.63,-0.08,0.3,1
1772,1,0.63,-0.08,0.22,0.63,-0.08,0.3,1
1773,0,0,0,0.12,0.63,-0.08,0.3,NaN
1774,0,0,0,0.16,0.63,-0.08,0.3,NaN
1778,0,0,0,1.54,5,-0.55,2.55,NaN
1780,0,0,0,46.33,99,-14.26,21.09,NaN
1787,1,15,-0.111907084026146,1.98,15,-0.74,5.76,0.151225789224521
1793,1,263.3,19.1618749227912,114.33,263.33,-29.23,134.04,0.142956393037834
1794,1,263.3,18.6626088145448,104.86,263.33,-29.23,134.04,0.139231638425431
1795,1,263.3,18.3021140105586,109.65,263.33,-29.23,134.04,0.136542181517149
1801,1,1241.83,220.843476149593,462.96,1242,-101.84,457.06,0.483182680938155
1806,1,18,-1.37750334570124,4.11,18,-2.2,8.39,0.626137884409653
1810,1,4.6,1.77,0.68,4.6,-0.23,1.77,1
1814,1,3.4,-0.17,1.34,3.4,-0.17,1.31,1
1816,0,0,0,0.07,0.3,-0.01,0.12,NaN
1816,1,0.3,-0.01,0.09,0.3,-0.01,0.12,1
1816,1,0.85,-0.04,0.21,0.85,-0.04,0.33,1
1816,1,0.85,-0.04,0.13,0.85,-0.04,0.33,1
1816,1,1.05,-0.05,0.2,1.05,-0.05,0.4,1
1816,1,1.05,-0.05,0.48,1.05,-0.05,0.4,1
1816,1,2.4,-0.12,0.3,2.4,-0.12,0.92,1
1817,1,0.3,0.12,0.04,0.3,-0.01,0.12,1
1818,1,0.3,0.12,0.11,0.3,-0.01,0.12,1
1823,1,24,5.11,9.95,24,-3.46,5.11,1
1829,1,47.99,-6.91,21.1,48,-6.91,10.22,1
1833,1,35.1,-1.72,16.65,35.1,-1.72,13.48,1
1833,1,35.1,-1.72,11.12,35.1,-1.72,13.48,1
1833,1,35.1,-1.72,5.65,35.1,-1.72,13.48,1
1833,1,35.1,-1.72,8,35.1,-1.72,13.48,1
1839,1,2.8,1.08,0.94,2.8,-0.14,1.08,1
1840,1,0.5,-0.02,0.19,0.5,-0.02,0.19,1
1840,0,0,0,0.15,0.5,-0.02,0.19,NaN
1840,0,0,0,0.22,0.5,-0.02,0.19,NaN
1840,1,0.7,-0.03,0.19,0.7,-0.03,0.27,1
1840,1,0.7,-0.03,0.11,0.7,-0.03,0.27,1
1840,1,2.8,-0.14,0.67,2.8,-0.14,1.08,1
1840,1,2.8,-0.14,0.5,2.8,-0.14,1.08,1
1844,1,3.2,-0.16,0.76,3.2,-0.16,1.23,1
1844,1,3.2,-0.16,0.46,3.2,-0.16,1.23,1
1847,1,3.2,-0.16,1.08,3.2,-0.16,1.23,1
1847,1,0.6,-0.03,0.15,0.6,-0.03,0.23,1
1848,0,0,0,0.17,0.6,-0.03,0.23,NaN
1853,0,0,0,0.34,0.7,-0.09,0.33,NaN
1854,1,0.7,-0.09,0.26,0.7,-0.09,0.33,1
1856,1,18.6,-1.74134471870989,3.67,18.6,-2.27,8.67,0.767112210885415
1857,1,18.6,8.67,5.62,18.6,-2.27,8.67,1
1857,1,0.7,0.33,0.31,0.7,-0.09,0.33,1
1863,1,5.05,-0.25,0.74,5.05,-0.25,1.94,1
1863,1,5.05,-0.25,1.84,5.05,-0.25,1.94,1
1864,1,5.05,-0.25,0.54,5.05,-0.25,1.94,1
1864,1,5.05,-0.25,0.78,5.05,-0.25,1.94,1
1865,0,0,0,2.05,5.05,-0.25,1.94,NaN
1865,1,5.05,1.94,0.55,5.05,-0.25,1.94,1
1866,1,0.55,0.21,0.26,0.55,-0.03,0.21,1
1866,1,0.55,0.21,0.26,0.55,-0.03,0.21,1
1867,0,0,0,0.14,0.55,-0.03,0.21,NaN
1867,1,0.55,0.21,0.09,0.55,-0.03,0.21,1
1874,1,18.6,-2.27,4.58,18.6,-2.27,8.67,1
1877,1,5,-0.25,2.5,5,-0.25,1.92,1
1879,1,1.4,-0.17,0.65,1.4,-0.17,0.65,1
1879,1,1.4,-0.17,0.56,1.4,-0.17,0.65,1
1882,1,1,-0.0189784027830062,0.43,1,-0.05,0.38,0.379568055660124
1883,0,0,0,1.56,4.3,-0.21,1.65,NaN
1887,1,1.75,0.67,0.81,1.75,-0.09,0.67,1
1887,0,0,0,0.57,1.75,-0.09,0.67,NaN
1891,1,1.3,0.5,0.43,1.3,-0.06,0.5,1
1891,0,0,0,0.42,1.05,-0.05,0.4,NaN
1892,1,1.05,0.4,0.45,1.05,-0.05,0.4,1
1893,1,0.7,0.27,0.08,0.7,-0.03,0.27,1
1893,1,0.7,0.27,0.26,0.7,-0.03,0.27,1
1894,1,0.35,0.13,0.17,0.35,-0.02,0.13,1
1894,1,0.35,0.13,0.11,0.35,-0.02,0.13,1
1895,1,0.35,0.13,0.1,0.35,-0.02,0.13,1
1895,1,0.35,0.13,0.14,0.35,-0.02,0.13,1
1898,1,3.1,-0.15,0.78,3.1,-0.15,1.19,1
1898,1,3.1,-0.15,1.19,3.1,-0.15,1.19,1
1898,1,3.1,-0.15,0.63,3.1,-0.15,1.19,1
1898,1,3.1,-0.15,1.21,3.1,-0.15,1.19,1
1900,1,35.1,13.48,13.26,35.1,-1.72,13.48,1
1901,1,35.1,-1.72,10.22,35.1,-1.72,13.48,1
1901,1,35.1,-1.72,17,35.1,-1.72,13.48,1
1901,0,0,0,14.1,35.1,-1.72,13.48,NaN
1905,0,0,0,1.01,3.5,-0.17,1.34,NaN
1905,1,3.5,-0.17,1.49,3.5,-0.17,1.34,1
1905,1,3.5,-0.17,1.67,3.5,-0.17,1.34,1
1907,1,21.2,-2.59,8.54,21.2,-2.59,9.88,1
1910,1,5.33,-0.26,2.07,5.33,-0.26,2.05,1
1910,1,5.33,-0.26,2.56,5.33,-0.26,2.05,1
1911,1,5.33,-0.26,1.52,5.33,-0.26,2.05,1
1917,1,201.81,102.73,66.43,201.83,-22.4,102.73,1
1918,1,201.81,35.3897562776578,43.43,201.83,-22.4,102.73,0.344492906431012
1919,1,201.81,34.0933064685818,33.77,201.83,-22.4,102.73,0.331872933598577
1926,1,2.6,-0.13,0.77,2.6,-0.13,1,1
1926,1,2.6,-0.13,0.33,2.6,-0.13,1,1
1927,0,0,0,1.04,2.6,-0.13,1,NaN
1927,1,2.6,-0.13,1.13,2.6,-0.13,1,1
2434,1,1,-0.05,0.48,1,-0.05,0.38,1
2435,1,1,-0.05,0.48,1,-0.05,0.38,1
2437,1,1.38,-0.07,0.38,1.38,-0.07,0.53,1
2438,0,0,0,0.56,1.38,-0.07,0.53,NaN
2438,1,1.38,-0.07,0.15,1.38,-0.07,0.53,1
2439,1,1.38,-0.07,0.28,1.38,-0.07,0.53,1
2439,1,1.38,-0.07,0.64,1.38,-0.07,0.53,1
2443,1,18,8.39,5.15,18,-2.2,8.39,1
2449,1,4.6,-0.56,1.74,4.6,-0.56,2.14,1
2449,1,4.6,-0.56,0.88,4.6,-0.56,2.14,1
2451,1,1.6,-0.08,0.55,1.6,-0.08,0.61,1
2451,1,1.6,-0.08,0.58,1.6,-0.08,0.61,1
2451,1,1.6,-0.08,0.58,1.6,-0.08,0.61,1
2451,1,1.6,-0.08,0.44,1.6,-0.08,0.61,1
2451,0,0,0,0.36,1.6,-0.08,0.61,NaN
2454,0,0,0,0.22,1.4,-0.17,0.65,NaN
2454,0,0,0,0.17,1.4,-0.17,0.65,NaN
2460,1,4.2,-0.21,0.48,4.2,-0.21,1.61,1
2461,1,4.2,-0.21,1.11,4.2,-0.21,1.61,1
2463,0,0,0,1.38,4.2,-0.21,1.61,NaN
2463,1,4.2,-0.21,0.91,4.2,-0.21,1.61,1
2464,1,4.2,1.61,1.08,4.2,-0.21,1.61,1
2464,1,4.2,1.61,0.54,4.2,-0.21,1.61,1
2467,0,0,0,0.93,3,-0.15,1.15,NaN
2470,1,1.5,-0.07,0.43,1.5,-0.07,0.58,1
2470,1,1.5,-0.07,0.28,1.5,-0.07,0.58,1
2475,0,0,0,0.33,1.2,-0.06,0.46,NaN
2475,1,1.2,0.46,0.31,1.2,-0.06,0.46,1
2476,0,0,0,0.39,1.2,-0.06,0.46,NaN
2477,1,1.2,-0.06,0.51,1.2,-0.06,0.46,1
2481,1,1.75,-0.09,0.34,1.75,-0.09,0.67,1
2481,1,1.75,-0.09,0.49,1.75,-0.09,0.67,1
2483,1,2,0,0.55,2,0,0,NaN
2483,1,2,0,0.26,2,0,0,NaN
2485,0,0,0,0.21,2,-0.24,0.93,NaN
2485,1,2,-0.24,0.33,2,-0.24,0.93,1
2485,1,2,-0.24,0.44,2,-0.24,0.93,1
2485,1,2,-0.24,0.99,2,-0.24,0.93,1
2487,1,1.9,0.73,0.91,1.9,-0.09,0.73,1
2489,1,1.9,-0.09,0.27,1.9,-0.09,0.73,1
2490,1,1.9,-0.09,0.75,1.9,-0.09,0.73,1
2495,0,0,0,1.33,2.78,-0.14,1.07,NaN
2495,1,2.77,-0.14,0.99,2.78,-0.14,1.07,1
2496,1,2.77,-0.14,0.55,2.78,-0.14,1.07,1
2497,1,2.77,-0.14,1.23,2.78,-0.14,1.07,1
2503,1,13.2,-1.61,2.6,13.2,-1.61,6.15,1
2506,1,6,-0.86,2.68,6,-0.86,1.28,1
2509,1,2,0,0.22,2,0,0,NaN
2509,1,1.8,0,0.67,1.8,0,0,NaN
2513,0,0,0,0.36,0.9,-0.04,0.35,NaN
2513,1,0.9,-0.04,0.2,0.9,-0.04,0.35,1
2514,1,0.57,-0.03,0.23,0.57,-0.03,0.22,1
2514,0,0,0,0.08,0.57,-0.03,0.22,NaN
2515,1,0.57,-0.03,0.24,0.57,-0.03,0.22,1
2518,1,0.9,-0.04,0.25,0.9,-0.04,0.35,1
2518,1,0.9,-0.04,0.3,0.9,-0.04,0.35,1
2518,1,0.9,-0.04,0.34,0.9,-0.04,0.35,1
2518,1,0.9,-0.04,0.36,0.9,-0.04,0.35,1
2519,1,0.8,-0.04,0.15,0.8,-0.04,0.31,1
2520,1,0.8,-0.04,0.36,0.8,-0.04,0.31,1
2524,1,2.2,0,0.33,2.2,0,0,NaN
2525,1,2.2,0,0.47,2.2,0,0,NaN
2526,0,0,0,0.72,2.2,0,0,NaN
2531,0,0,0,0.8,2.5,-0.12,0.96,NaN
2531,1,2.5,-0.12,0.62,2.5,-0.12,0.96,1
2532,1,2.5,-0.12,0.84,2.5,-0.12,0.96,1
2536,1,13.2,-1.61,3.78,13.2,-1.61,6.15,1
2542,1,13.6,0.162912923125885,4.03,13.6,-0.67,5.22,0.0312093722463382
2543,0,0,0,3.38,13.6,-0.67,5.22,NaN
2545,0,0,0,4.32,13.6,-0.67,5.22,NaN
2548,0,0,0,0.13,0.8,-0.04,0.31,NaN
2548,1,0.8,-0.04,0.39,0.8,-0.04,0.31,1
2548,0,0,0,0.34,0.8,-0.04,0.31,NaN
2548,1,1.9,-0.09,0.49,1.9,-0.09,0.73,1
2548,1,1.9,-0.09,0.68,1.9,-0.09,0.73,1
2548,1,1.9,-0.09,0.76,1.9,-0.09,0.73,1
2550,0,0,0,2.4,5.5,-0.27,2.11,NaN
2552,1,25.5,11.88,6.24,25.5,-3.11,11.88,1
2559,1,64.99,13.84,24.85,65,-9.36,13.84,1
2562,1,4.1,1.57,1.1,4.1,-0.2,1.57,1
2565,1,1.2,-0.06,0.31,1.2,-0.06,0.46,1
2565,1,1.2,-0.06,0.29,1.2,-0.06,0.46,1
2566,0,0,0,0.39,1.2,-0.06,0.46,NaN
2570,1,11.87,4.56,4.52,11.87,-0.58,4.56,1
2570,1,11.87,4.56,3.47,11.87,-0.58,4.56,1
2570,1,11.87,4.56,5.2,11.87,-0.58,4.56,1
2575,1,3.7,-0.18,1.84,3.7,-0.18,1.42,1
2575,1,3.7,-0.18,1.61,3.7,-0.18,1.42,1
2577,1,0.37,-0.02,0.1,0.37,-0.02,0.14,1
2577,1,0.37,-0.02,0.04,0.37,-0.02,0.14,1
2577,1,0.37,-0.02,0.11,0.37,-0.02,0.14,1
2577,0,0,0,0.15,0.63,-0.03,0.24,NaN
2577,1,0.63,-0.03,0.11,0.63,-0.03,0.24,1
2577,1,0.63,-0.03,0.17,0.63,-0.03,0.24,1
2577,1,0.75,-0.04,0.24,0.75,-0.04,0.29,1
2577,1,0.75,-0.04,0.17,0.75,-0.04,0.29,1
2577,0,0,0,0.35,2.2,-0.11,0.84,NaN
2580,1,1.9,0,0.38,1.9,0,0,NaN
2581,1,2,0,0.64,2,0,0,NaN
2583,1,2.3,0,0.85,2.3,0,0,NaN
2589,1,39.99,8.52,9.37,40,-5.76,8.52,1
2593,1,2,0,0.29,2,0,0,NaN
2594,1,2,0,0.84,2,0,0,NaN
2600,1,41.79,-5.1,18.98,41.8,-5.1,19.48,1
2603,1,11.2,4.3,1.18,11.2,-0.55,4.3,1
2604,1,11.2,-0.55,3.14,11.2,-0.55,4.3,1
2604,1,11.2,-0.55,3.38,11.2,-0.55,4.3,1
2608,1,3,1.15,1.32,3,-0.15,1.15,1
2611,0,0,0,0.18,0.7,-0.03,0.27,NaN
2612,0,0,0,0.09,0.7,-0.03,0.27,NaN
2614,1,1.33,-0.07,0.55,1.33,-0.07,0.51,1
2614,1,1.33,-0.07,0.19,1.33,-0.07,0.51,1
2615,1,1.33,-0.07,0.4,1.33,-0.07,0.51,1
2615,0,0,0,0.4,1.1,-0.05,0.42,NaN
2619,1,2.2,-0.11,0.98,2.2,-0.11,0.84,1
2620,1,1.3,-0.06,0.42,1.3,-0.06,0.5,1
2625,1,2,-0.24,0.29,2,-0.24,0.93,1
2625,1,2,-0.24,0.39,2,-0.24,0.93,1
2629,1,2.2,0,0.97,2.2,0,0,NaN
2629,1,2,0,0.61,2,0,0,NaN
2630,1,1.5,0,0.27,1.5,0,0,NaN
2634,1,4.4,-0.22,2.05,4.4,-0.22,1.69,1
2634,1,4.4,-0.22,1.76,4.4,-0.22,1.69,1
2640,1,1.6,-0.08,0.66,1.6,-0.08,0.61,1
2640,1,1.6,-0.08,0.24,1.6,-0.08,0.61,1
2641,1,1.2,-0.06,0.49,1.2,-0.06,0.46,1
2641,1,0.33,-0.02,0.05,0.33,-0.02,0.13,1
2642,1,0.33,-0.02,0.04,0.33,-0.02,0.13,1
2642,1,0.33,-0.02,0.1,0.33,-0.02,0.13,1
2645,1,6.3,-0.31,2.96,6.3,-0.31,2.42,1
2649,1,5,-0.25,1.6,5,-0.25,1.92,1
2649,1,1,-0.05,0.24,1,-0.05,0.38,1
2655,0,0,0,2.22,10,-1.44,2.13,NaN
2663,1,5.82,1.83260176765336,1.91,5.82,-0.29,2.23,0.821794514642763
2663,1,5.82,1.83260176765336,2.67,5.82,-0.29,2.23,0.821794514642763
2664,1,5.82,2.23,1.25,5.82,-0.29,2.23,1
2664,1,5.82,2.23,1.7,5.82,-0.29,2.23,1
2665,1,5.82,2.23,0.97,5.82,-0.29,2.23,1
2665,1,5.82,2.23,1.24,5.82,-0.29,2.23,1
2668,1,0.8,0.31,0.32,0.8,-0.04,0.31,1
2668,1,3,1.15,1.39,3,-0.15,1.15,1
2669,0,0,0,0.17,0.8,-0.04,0.31,NaN
2670,1,0.8,-0.04,0.11,0.8,-0.04,0.31,1
3921,1,86.95,33.4872969133382,9.4,86.97,-9.65,44.27,0.75643318078469
3921,1,86.95,33.4872969133382,21.68,86.97,-9.65,44.27,0.75643318078469
3921,1,86.95,33.4872969133382,11.33,86.97,-9.65,44.27,0.75643318078469
3923,1,1.9,0,0.57,1.9,0,0,NaN
3923,1,3.5,0,0.98,3.5,0,0,NaN
3925,1,1,0,0.15,1,0,0,NaN
3925,1,4.7,0,0.85,4.7,0,0,NaN
3928,1,2.5,0,0.52,2.5,0,0,NaN
3929,1,3,0,0.6,3,0,0,NaN
3932,0,0,0,5.55,17.5,-0.86,6.72,NaN
3934,0,0,0,0.18,0.73,-0.04,0.28,NaN
3935,1,0.73,-0.04,0.2,0.73,-0.04,0.28,1
3935,0,0,0,0.31,0.73,-0.04,0.28,NaN
3935,1,7.63,-0.37,2.49,7.63,-0.37,2.93,1
3935,0,0,0,3.06,7.63,-0.37,2.93,NaN
3935,1,7.63,-0.37,1.1,7.63,-0.37,2.93,1
3938,0,0,0,0.49,2,0,0,NaN
3938,0,0,0,0.68,3,0,0,NaN
3938,1,3,0,0.99,3,0,0,NaN
3940,1,1.7,-0.24,0.23,1.7,-0.24,0.36,1
3940,1,1.7,-0.24,0.54,1.7,-0.24,0.36,1
3940,1,1.7,-0.24,0.42,1.7,-0.24,0.36,1
3943,1,2.23,-0.25,0.35,2.23,-0.25,1.14,1
3943,1,2.23,-0.25,0.86,2.23,-0.25,1.14,1
3944,1,2.23,-0.25,0.62,2.23,-0.25,1.14,1
3948,1,2,0,0.91,2,0,0,NaN
3948,1,1.5,0,0.37,1.5,0,0,NaN
3950,0,0,0,0.24,1,0,0,NaN
3950,1,1.3,0,0.27,1.3,0,0,NaN
3950,0,0,0,0.42,2,0,0,NaN
3950,1,2,0,0.99,2,0,0,NaN
3950,1,3.2,0,1.25,3.2,0,0,NaN
3952,0,0,0,1.34,7.2,-0.35,2.76,NaN
3955,0,0,0,1.1,5.7,-0.7,2.66,NaN
3958,0,0,0,0.31,0.88,-0.04,0.34,NaN
3958,1,0.87,-0.04,0.35,0.88,-0.04,0.34,1
3959,1,0.87,-0.04,0.42,0.88,-0.04,0.34,1
3959,1,0.87,-0.04,0.23,0.88,-0.04,0.34,1
3962,1,21.1,-2.57,6.9,21.1,-2.57,9.83,1
3965,1,5.3,2.7,2.56,5.3,-0.59,2.7,1
3965,0,0,0,0.56,1.2,-0.13,0.61,NaN
3966,0,0,0,0.15,0.5,-0.06,0.25,NaN
3970,1,2.7,1.26,0.37,2.7,-0.33,1.26,1
3970,1,2.7,1.26,0.86,2.7,-0.33,1.26,1
3971,0,0,0,0.22,1.2,-0.15,0.56,NaN
3971,0,0,0,0.18,1.2,-0.15,0.56,NaN
3974,1,15,-2.16,2.8,15,-2.16,3.2,1
3976,1,10.3,3.96,1.95,10.3,-0.5,3.96,1
3976,1,10.3,3.96,3.19,10.3,-0.5,3.96,1
3977,1,10.3,-0.5,3,10.3,-0.5,3.96,1
3977,1,10.3,-0.5,1.65,10.3,-0.5,3.96,1
3977,1,10.3,-0.5,1.37,10.3,-0.5,3.96,1
3977,0,0,0,3.05,10.3,-0.5,3.96,NaN
3982,1,113.58,57.82,26.58,113.6,-12.61,57.82,1
3986,1,3.5,0,0.76,3.5,0,0,NaN
3990,0,0,0,0.73,1.85,-0.09,0.71,NaN
3990,0,0,0,0.73,1.85,-0.09,0.71,NaN
3991,1,1.6,0.61,0.42,1.6,-0.08,0.61,1
3991,1,1.6,0.61,0.6,1.6,-0.08,0.61,1
3992,0,0,0,0.1,0.6,-0.03,0.23,NaN
3992,0,0,0,0.2,0.6,-0.03,0.23,NaN
3995,1,7.2,3.66,1.49,7.2,-0.8,3.66,1
3997,1,0.1,0,0.05,0.1,0,0,NaN
3997,1,1,0,0.16,1,0,0,NaN
3997,1,1.1,0,0.27,1.1,0,0,NaN
3997,0,0,0,0.72,2.4,0,0,NaN
3999,1,89.09,0.850767663609375,43.54,89.1,-10.87,41.52,0.0204905506649657
3999,1,89.09,0.850767663609375,16.34,89.1,-10.87,41.52,0.0204905506649657
3999,1,89.09,0.850767663609375,17.55,89.1,-10.87,41.52,0.0204905506649657
3999,1,89.09,0.850767663609375,20.94,89.1,-10.87,41.52,0.0204905506649657
3999,1,89.09,0.850767663609375,21.34,89.1,-10.87,41.52,0.0204905506649657
3999,1,89.09,0.850767663609375,39.2,89.1,-10.87,41.52,0.0204905506649657
4005,1,2.8,-0.34,0.56,2.8,-0.34,1.3,1
4005,1,2.8,-0.34,0.96,2.8,-0.34,1.3,1
4005,1,2.8,-0.34,0.64,2.8,-0.34,1.3,1
4005,1,2.8,-0.34,1.26,2.8,-0.34,1.3,1
4005,1,2.8,-0.34,0.81,2.8,-0.34,1.3,1
4007,0,0,0,0.21,1.2,0,0,NaN
4007,1,2.5,0,0.58,2.5,0,0,NaN
4009,1,6.3,0,2.34,6.3,0,0,NaN
4010,1,1,0,0.47,1,0,0,NaN
4011,1,2,0,0.51,2,0,0,NaN
4015,1,4,0,1.53,4,0,0,NaN
4019,1,1,0,0.44,1,0,0,NaN
4020,0,0,0,0.11,1,0,0,NaN
4022,1,1.5,0,0.52,1.5,0,0,NaN
4023,1,4,0,1.33,4,0,0,NaN
4027,1,1.5,0,0.46,1.5,0,0,NaN
4027,1,1.8,0,0.88,1.8,0,0,NaN
4027,0,0,0,0.63,1.8,0,0,NaN
4029,0,0,0,0.82,3,-0.33,1.53,NaN
4030,1,43.87,-3.37022486748685,15.01,43.87,-4.87,22.33,0.692037960469579
4030,1,43.87,-3.37022486748685,19.75,43.87,-4.87,22.33,0.692037960469579
4030,1,43.87,-3.37022486748685,18.1,43.87,-4.87,22.33,0.692037960469579
4030,1,43.87,-3.37022486748685,19.04,43.87,-4.87,22.33,0.692037960469579
4035,1,4.8,0,0.98,4.8,0,0,NaN
4038,1,3,0,0.47,3,0,0,NaN
4038,1,2.5,0,1.07,2.5,0,0,NaN
4043,1,288.96,64.5228095960874,125.03,289,-32.08,147.1,0.438632288212695
4044,1,288.96,64.328965158104,56.19,289,-32.08,147.1,0.437314515010904
4049,1,42.49,4.59360112844322,9.92,42.5,-4.72,21.63,0.212371758134222
4050,1,42.49,4.59360112844322,6.71,42.5,-4.72,21.63,0.212371758134222
4054,1,0.25,-0.03,0.06,0.25,-0.03,0.12,1
4054,1,0.25,-0.03,0.08,0.25,-0.03,0.12,1
4054,1,0.25,-0.03,0.11,0.25,-0.03,0.12,1
4054,1,0.25,-0.03,0.03,0.25,-0.03,0.12,1
4054,1,3.46,-0.42,1.3,3.46,-0.42,1.61,1
4054,1,3.46,-0.42,1.25,3.46,-0.42,1.61,1
4054,1,3.46,-0.42,0.96,3.46,-0.42,1.61,1
4054,1,3.46,-0.42,0.43,3.46,-0.42,1.61,1
4054,1,3.46,-0.42,0.59,3.46,-0.42,1.61,1
4056,1,1.5,0,0.45,1.5,0,0,NaN
4056,1,1.9,0,0.71,1.9,0,0,NaN
4056,0,0,0,0.38,2.2,0,0,NaN
4061,0,0,0,93.88,374.87,-45.73,174.69,NaN
4062,1,197.12,89.8511355415102,78.56,374.87,-45.73,174.69,0.514346187769822
4063,0,0,0,41.04,374.87,-45.73,174.69,NaN
4067,1,21.2,10.79,5.1,21.2,-2.35,10.79,1
4070,1,2,0,0.57,2,0,0,NaN
4071,1,3,0,0.89,3,0,0,NaN
4075,0,0,0,0.03,0.1,-0.01,0.05,NaN
4076,0,0,0,0.37,1.42,-0.16,0.72,NaN
4078,0,0,0,0.52,1.42,-0.16,0.72,NaN
4078,0,0,0,0.38,1.42,-0.16,0.72,NaN
4079,0,0,0,0.66,1.42,-0.16,0.72,NaN
4079,0,0,0,0.18,1.42,-0.16,0.72,NaN
4082,1,6.8,3.17,2.62,6.8,-0.83,3.17,1
4083,1,6.8,-0.83,1.85,6.8,-0.83,3.17,1
4083,1,6.8,-0.83,3.39,6.8,-0.83,3.17,1
4083,1,6.8,-0.83,0.75,6.8,-0.83,3.17,1
4083,1,6.8,-0.83,0.95,6.8,-0.83,3.17,1
4083,1,6.8,-0.83,2.1,6.8,-0.83,3.17,1
4087,1,48.76,7.9226691159582,18.42,48.77,-5.95,22.73,0.348555614428429
4087,1,48.76,7.9226691159582,18.86,48.77,-5.95,22.73,0.348555614428429
4087,1,48.76,7.9226691159582,14.64,48.77,-5.95,22.73,0.348555614428429
4093,0,0,0,0.63,2,0,0,NaN
4093,1,1.9,0,0.92,1.9,0,0,NaN
4097,1,14.2,6.62,6.16,14.2,-1.73,6.62,1
4101,1,1.72,-0.08,0.49,1.72,-0.08,0.66,1
4101,1,1.72,-0.08,0.28,1.72,-0.08,0.66,1
4102,0,0,0,0.6,1.72,-0.08,0.66,NaN
4102,1,1.72,-0.08,0.51,1.72,-0.08,0.66,1
4103,0,0,0,0.35,1.2,-0.06,0.46,NaN
4103,1,1.2,-0.06,0.36,1.2,-0.06,0.46,1
4104,1,1.03,-0.0406441969188259,0.49,1.03,-0.05,0.4,0.812883938376517
4105,1,1.03,-0.05,0.47,1.03,-0.05,0.4,1
4105,1,1.03,-0.05,0.12,1.03,-0.05,0.4,1
4106,1,0.8,-0.04,0.08,0.8,-0.04,0.31,1
4106,1,0.8,-0.04,0.33,0.8,-0.04,0.31,1
4107,0,0,0,0.07,0.43,-0.02,0.17,NaN
4107,0,0,0,0.08,0.43,-0.02,0.17,NaN
4108,1,0.43,0.0447680869741273,0.08,0.43,-0.02,0.17,0.263341688083102
4109,1,0.4,-0.02,0.12,0.4,-0.02,0.15,1
4109,0,0,0,0.17,0.4,-0.02,0.15,NaN
4110,1,0.4,0.0241355172386443,0.17,0.4,-0.02,0.15,0.160903448257629
4113,1,1.6,0.34,0.42,1.6,-0.23,0.34,1
4113,1,2,0.43,0.59,2,-0.29,0.43,1
4117,1,3.2,0,0.61,3.2,0,0,NaN
4117,1,1.6,0,0.3,1.6,0,0,NaN
4118,1,1.5,0,0.18,1.5,0,0,NaN
4119,1,1.3,0,0.17,1.3,0,0,NaN
4122,1,1,0,0.19,1,0,0,NaN
4122,1,1.6,0,0.69,1.6,0,0,NaN
4122,1,2,0,0.93,2,0,0,NaN
4124,0,0,0,1.71,5,0,0,NaN
4128,1,38.49,2.35160676998989,6.67,38.5,-4.27,19.6,0.119979937244382
4129,1,38.49,2.35160676998989,13.23,38.5,-4.27,19.6,0.119979937244382
4134,0,0,0,1.3,5,0,0,NaN
4136,1,5.6,0,1.4,5.6,0,0,NaN
4138,0,0,0,0.85,2.3,0,0,NaN
4138,1,2.6,0,0.4,2.6,0,0,NaN
4138,1,3.2,0,0.83,3.2,0,0,NaN
4140,1,28.5,-1.6435711016106,13.05,28.5,-4.1,6.07,0.400871000392829
4142,0,0,0,0.28,1.5,0,0,NaN
4142,1,2,0,0.8,2,0,0,NaN
4142,1,3,0,1.48,3,0,0,NaN
4144,1,20,9.32,8.19,20,-2.44,9.32,1
4147,1,3,0,0.54,3,0,0,NaN
4148,1,2.7,0,0.46,2.7,0,0,NaN
4148,1,1.9,0,0.71,1.9,0,0,NaN
4149,1,1.5,0,0.23,1.5,0,0,NaN
4149,1,1.5,0,0.7,1.5,0,0,NaN
4154,0,0,0,0.21,0.65,-0.03,0.25,NaN
4155,1,0.65,-0.03,0.15,0.65,-0.03,0.25,1
4157,1,16.7,6.41,5.88,16.7,-0.82,6.41,1
4157,0,0,0,2.49,16.7,-0.82,6.41,NaN
4158,1,0.65,-0.03,0.26,0.65,-0.03,0.25,1
4158,1,0.65,-0.03,0.29,0.65,-0.03,0.25,1
4161,0,0,0,0.56,1.3,0,0,NaN
4161,1,4,0,0.62,4,0,0,NaN
4164,1,1.6,-0.08,0.18,1.6,-0.08,0.61,1
4164,1,1.6,-0.08,0.21,1.6,-0.08,0.61,1
4164,1,1.6,-0.08,0.27,1.6,-0.08,0.61,1
4170,1,1.14,-0.06,0.43,1.14,-0.06,0.44,1
4170,1,1.14,-0.06,0.22,1.14,-0.06,0.44,1
4171,1,1.14,-0.06,0.37,1.14,-0.06,0.44,1
4171,0,0,0,0.5,1.14,-0.06,0.44,NaN
4172,1,1.14,-0.06,0.55,1.14,-0.06,0.44,1
4178,1,199.97,48.8062183231589,43.32,200,-22.2,101.8,0.479432400031031
4183,1,290.69,-12.1947952666225,109.62,290.73,-32.27,147.98,0.377898830697938
4184,1,290.69,-10.9696821270363,96.11,290.73,-32.27,147.98,0.339934370221144
4185,1,290.69,-11.7891944930206,34.19,290.73,-32.27,147.98,0.365329857236462
4192,1,290.69,-32.27,50.1,290.73,-32.27,147.98,1
4193,1,290.69,-32.27,88.09,290.73,-32.27,147.98,1
4194,1,290.69,-32.27,128.91,290.73,-32.27,147.98,1
4195,1,290.69,-32.27,104.95,290.73,-32.27,147.98,1
4196,1,290.69,-20.9483397743643,122.69,290.73,-32.27,147.98,0.649158344417859
4197,1,290.69,-32.27,52.37,290.73,-32.27,147.98,1
4200,0,0,0,0.54,1.42,-0.16,0.72,NaN
4200,0,0,0,0.45,1.42,-0.16,0.72,NaN
4200,0,0,0,0.26,1.42,-0.16,0.72,NaN
4200,0,0,0,0.63,1.42,-0.16,0.72,NaN
4200,0,0,0,0.47,1.42,-0.16,0.72,NaN
4200,0,0,0,0.26,1.42,-0.16,0.72,NaN
4203,1,3.5,1.34,0.86,3.5,-0.17,1.34,1
4203,0,0,0,0.66,1.6,-0.08,0.61,NaN
4204,1,1.6,0.61,0.77,1.6,-0.08,0.61,1
4207,1,4.5,0,2.17,4.5,0,0,NaN
4209,1,0.43,0,0.18,0.43,0,0,NaN
4209,0,0,0,0.1,0.5,0,0,NaN
4209,1,0.5,0,0.15,0.5,0,0,NaN
4209,1,1.5,0,0.49,1.5,0,0,NaN
4210,0,0,0,0.14,0.43,0,0,NaN
4211,1,0.43,0,0.18,0.43,0,0,NaN
4215,1,1.5,0,0.36,1.5,0,0,NaN
4215,1,4.8,0,1.88,4.8,0,0,NaN
4217,1,5,0,0.55,5,0,0,NaN
4220,1,24.7,12.57,7.96,24.7,-2.74,12.57,1
4223,1,4.4,0,1.87,4.4,0,0,NaN
4223,1,3,0,0.92,3,0,0,NaN
4226,1,68.99,32.15,23.38,69,-8.42,32.15,1
4231,1,288.96,12.4801500186262,37.86,289,-32.08,147.1,0.0848412645725778
4233,1,2,0,0.31,2,0,0,NaN
4233,1,2.5,0,1.05,2.5,0,0,NaN
4233,1,3,0,0.35,3,0,0,NaN
4235,1,5,0,2.19,5,0,0,NaN
4238,0,0,0,289.76,617,-68.49,314.05,NaN
4240,1,57.99,-6.44,25.63,58,-6.44,29.52,1
4240,1,57.99,-6.44,28.93,58,-6.44,29.52,1
4244,1,1.7,-0.24,0.56,1.7,-0.24,0.36,1
4244,1,1.7,-0.24,0.6,1.7,-0.24,0.36,1
4244,1,3,-0.43,1.31,3,-0.43,0.64,1
4245,1,1.7,0.36,0.29,1.7,-0.24,0.36,1
4246,0,0,0,0.75,1.7,-0.24,0.36,NaN
4251,1,2,0.43,0.21,2,-0.29,0.43,1
4252,1,3,0.64,1.05,3,-0.43,0.64,1
4255,1,3,0,1.16,3,0,0,NaN
4256,1,2,0,0.26,2,0,0,NaN
4257,1,2.2,0,0.62,2.2,0,0,NaN
4263,1,582.42,271.44,131.08,582.5,-71.07,271.44,1
4264,1,582.42,271.44,250.65,582.5,-71.07,271.44,1
4267,1,1.9,0,0.84,1.9,0,0,NaN
4267,1,2,0,0.35,2,0,0,NaN
4267,1,2.5,0,0.65,2.5,0,0,NaN
4272,1,288.96,109.173960825703,82.47,289,-32.08,147.1,0.742175124579898
4273,1,288.96,109.452881855247,46.27,289,-32.08,147.1,0.744071256663814
4279,1,14.2,6.62,6.68,14.2,-1.73,6.62,1
4279,1,14.2,6.62,1.57,14.2,-1.73,6.62,1
4280,1,14.2,6.62,2.79,14.2,-1.73,6.62,1
4280,1,0.3,0.14,0.04,0.3,-0.04,0.14,1
4281,1,0.3,0.138861081849974,0.06,0.3,-0.04,0.14,0.991864870356955
4282,1,0.3,0.14,0.15,0.3,-0.04,0.14,1
4283,1,0.3,0.14,0.07,0.3,-0.04,0.14,1
4283,1,0.3,0.14,0.15,0.3,-0.04,0.14,1
4284,1,0.3,0.14,0.05,0.3,-0.04,0.14,1
4288,1,4.3,0,1.95,4.3,0,0,NaN
4293,0,0,0,102.7,235,-11.51,90.24,NaN
4294,1,234.97,66.8885127557243,73.6,235,-11.51,90.24,0.741229086388789
4295,1,234.97,66.7074156846726,97.88,235,-11.51,90.24,0.73922224827873
4296,1,234.97,67.099339075372,59.8,235,-11.51,90.24,0.743565370959353
4299,1,12.5,6.36,1.59,12.5,-1.39,6.36,1
4299,1,12.5,6.36,5.93,12.5,-1.39,6.36,1
4306,1,179.98,84.3289762808941,59.97,180,-19.98,91.62,0.920421046506156
4307,1,179.98,91.62,63.91,180,-19.98,91.62,1
4312,1,475.43,77.8712872580416,61.64,475.5,-58.01,221.58,0.351436443984302
4316,0,0,0,2.15,11,-0.54,4.22,NaN
4317,1,11,-0.54,5.13,11,-0.54,4.22,1
4317,1,11,-0.54,2.39,11,-0.54,4.22,1
4318,1,1.8,-0.09,0.36,1.8,-0.09,0.69,1
4323,1,32.45,16.52,8.45,32.45,-3.6,16.52,1
4323,1,32.45,16.52,12.22,32.45,-3.6,16.52,1
4327,0,0,0,1.2,4,0,0,NaN
4327,1,1.5,0,0.75,1.5,0,0,NaN
4328,1,1,0,0.34,1,0,0,NaN
4332,1,3,0,0.89,3,0,0,NaN
4333,1,2.5,0,0.87,2.5,0,0,NaN
4333,1,1.4,0,0.7,1.4,0,0,NaN
4334,0,0,0,0.41,1.4,0,0,NaN
4335,1,1.4,0,0.59,1.4,0,0,NaN
4338,0,0,0,0.14,1,0,0,NaN
4338,0,0,0,0.71,1.8,0,0,NaN
4338,0,0,0,0.33,2,0,0,NaN
4338,0,0,0,0.77,3,0,0,NaN
4341,1,2.9,-0.32,0.73,2.9,-0.32,1.48,1
4341,1,2.9,-0.32,0.73,2.9,-0.32,1.48,1
4347,1,669.91,98.6388381459059,324.04,670,-54.94,246.56,0.400060180669638
4351,0,0,0,0.43,1.5,-0.22,0.32,NaN
4352,1,2,-0.29,0.32,2,-0.29,0.43,1
4356,1,4,0,1.68,4,0,0,NaN
4356,1,3,0,0.68,3,0,0,NaN
4357,1,2.9,0,1.41,2.9,0,0,NaN
4357,0,0,0,0.27,1.2,0,0,NaN
4360,1,17,7.92,3.71,17,-2.07,7.92,1
4363,1,1.7,-0.24,0.6,1.7,-0.24,0.36,1
4363,0,0,0,0.22,1.7,-0.24,0.36,NaN
4364,1,1.5,-0.22,0.49,1.5,-0.22,0.32,1
4364,1,1.5,-0.22,0.31,1.5,-0.22,0.32,1
4365,0,0,0,0.35,1.5,-0.22,0.32,NaN
4368,1,1.8,0.69,0.66,1.8,-0.09,0.69,1
4368,0,0,0,0.67,1.8,-0.09,0.69,NaN
4371,1,11.2,-0.55,3.2,11.2,-0.55,4.3,1
4375,1,26,5.38413086257149,4.55,26,-3.17,12.12,0.444235219684117
4375,1,26,5.38413086257149,5.12,26,-3.17,12.12,0.444235219684117
4378,1,2.7,1.26,0.31,2.7,-0.33,1.26,1
4378,1,2.7,1.26,0.92,2.7,-0.33,1.26,1
4378,1,2.7,1.26,1.02,2.7,-0.33,1.26,1
4381,1,4.5,0,2.14,4.5,0,0,NaN
4384,1,1.6,-0.08,0.37,1.6,-0.08,0.61,1
4384,0,0,0,0.32,1.6,-0.08,0.61,NaN
4385,0,0,0,0.78,1.6,-0.08,0.61,NaN
4388,1,2,0,0.85,2,0,0,NaN
4388,0,0,0,0.8,5,0,0,NaN
4394,1,44.99,-4.06612804441445,16.69,45,-5.49,20.97,0.740642631040884
4395,1,44.99,20.97,14.1,45,-5.49,20.97,1
4396,1,44.99,-1.47853674221729,10.95,45,-5.49,20.97,0.269314524994042
4402,1,128.68,-14.29,62.25,128.7,-14.29,65.51,1
4403,1,128.68,-14.29,34.44,128.7,-14.29,65.51,1
4404,1,128.68,-14.29,63.56,128.7,-14.29,65.51,1
4408,0,0,0,0.1,0.67,-0.08,0.31,NaN
4409,0,0,0,0.28,0.67,-0.08,0.31,NaN
4411,1,18.6,2.49932524825804,3.97,18.6,-2.27,8.67,0.288272808334261
4412,1,2.7,-0.33,0.79,2.7,-0.33,1.26,1
4412,0,0,0,0.2,0.67,-0.08,0.31,NaN
4415,1,2.4,0,0.49,2.4,0,0,NaN
4415,1,3,0,0.77,3,0,0,NaN
4421,0,0,0,18.87,60,-6.66,30.54,NaN
4422,1,59.99,-6.66,27.55,60,-6.66,30.54,1
4426,0,0,0,0.34,1.6,-0.08,0.61,NaN
4427,1,1.6,-0.08,0.54,1.6,-0.08,0.61,1
4429,0,0,0,0.35,1.6,-0.08,0.61,NaN
4437,1,299.96,65.4485328599853,42.68,300,-14.7,115.2,0.568129625520706
4438,1,299.96,65.8114473947203,67.76,300,-14.7,115.2,0.571279925301391
4442,0,0,0,1.42,11,-1.22,5.6,NaN
4443,1,11,1.63894248927023,3.66,11,-1.22,5.6,0.292668301655398
4448,1,63.39,24.7341347129748,11.69,63.4,-7.04,32.27,0.766474580507429
4449,1,63.39,21.8454784075801,7.88,63.4,-7.04,32.27,0.676959355673384
4450,1,63.39,27.3181488959974,9.49,63.4,-7.04,32.27,0.846549392500695
4451,1,63.39,12.6213132890563,14.33,63.4,-7.04,32.27,0.3911159990411
4454,0,0,0,0.15,0.6,-0.07,0.31,NaN
4454,0,0,0,0.12,0.6,-0.07,0.31,NaN
4454,0,0,0,0.16,0.6,-0.07,0.31,NaN
4454,1,6.3,-0.7,2.84,6.3,-0.7,3.21,1
4456,1,5,-0.55,1.98,5,-0.55,2.55,1
4459,1,4.9,0,2.37,4.9,0,0,NaN
4461,1,2.5,0,0.85,2.5,0,0,NaN
4461,1,3,0,1.22,3,0,0,NaN
4464,1,20.4,-2.49,6.05,20.4,-2.49,9.51,1
4469,1,88.99,18.7472558668674,11.51,89,-9.88,45.3,0.413846707877868
4469,1,88.99,18.7472558668674,33.35,89,-9.88,45.3,0.413846707877868
4473,1,50.49,9.87702429425599,8.41,50.5,-5.61,25.7,0.384320011449649
4473,1,50.49,9.87702429425599,6.39,50.5,-5.61,25.7,0.384320011449649
4475,1,1,0.38,0.31,1,-0.05,0.38,1
4475,0,0,0,0.45,1,-0.05,0.38,NaN
4475,1,7.4,2.84,3.04,7.4,-0.36,2.84,1
4475,0,0,0,2.97,7.4,-0.36,2.84,NaN
4478,1,1.8,0.38,0.25,1.8,-0.26,0.38,1
4478,1,1.5,0.32,0.33,1.5,-0.22,0.32,1
4479,1,1.5,0.32,0.2,1.5,-0.22,0.32,1
4479,1,0.6,0.13,0.23,0.6,-0.09,0.13,1
4480,1,0.6,0.13,0.07,0.6,-0.09,0.13,1
4483,0,0,0,0.37,1.45,0,0,NaN
4483,1,1.45,0,0.24,1.45,0,0,NaN
4483,0,0,0,0.49,1.9,0,0,NaN
4486,0,0,0,1,2,-0.22,1.02,NaN
4487,1,2.8,1.43,0.49,2.8,-0.31,1.43,1
4489,0,0,0,0.75,2.8,-0.31,1.43,NaN
4657,1,1.9,0,0.4,1.9,0,0,NaN
4658,0,0,0,0.37,2,0,0,NaN
4665,0,0,0,0.38,1.5,-0.22,0.32,NaN
4666,1,1.5,-0.22,0.55,1.5,-0.22,0.32,1
4670,0,0,0,0.61,3,0,0,NaN
4673,0,0,0,0.77,2.6,-0.29,1.32,NaN
4673,0,0,0,0.7,2.6,-0.29,1.32,NaN
4674,0,0,0,0.79,2.6,-0.29,1.32,NaN
4674,0,0,0,0.97,2.6,-0.29,1.32,NaN
4677,1,84.72,-9.41,41.1,84.73,-9.41,43.13,1
4677,1,84.72,-9.41,29.26,84.73,-9.41,43.13,1
4677,1,84.72,-9.41,18.08,84.73,-9.41,43.13,1
4679,1,84.72,43.13,34.81,84.73,-9.41,43.13,1
4679,1,84.72,43.13,34.52,84.73,-9.41,43.13,1
4679,1,84.72,43.13,11.01,84.73,-9.41,43.13,1
4684,1,4.5,0.96,0.73,4.5,-0.65,0.96,1
4686,1,34.4,17.51,15.73,34.4,-3.82,17.51,1
4687,1,34.4,-3.82,15.94,34.4,-3.82,17.51,1
4695,1,136.23,33.5643994642036,28.96,136.25,-15.12,69.35,0.483985572663354
4696,1,136.23,27.7857404097898,55.87,136.25,-15.12,69.35,0.400659558901079
4700,1,0.4,-0.02,0.12,0.4,-0.02,0.15,1
4701,1,0.4,-0.02,0.12,0.4,-0.02,0.15,1
4703,1,1.2,-0.06,0.55,1.2,-0.06,0.46,1
4703,1,0.4,-0.02,0.14,0.4,-0.02,0.15,1
4704,1,0.4,-0.02,0.04,0.4,-0.02,0.15,1
4707,1,85.82,-9.53,28.25,85.83,-9.53,43.69,1
4707,1,85.82,-9.53,19.61,85.83,-9.53,43.69,1
4707,1,85.82,-9.53,37.72,85.83,-9.53,43.69,1
4707,1,85.82,-9.53,32.81,85.83,-9.53,43.69,1
4707,1,85.82,-9.53,30.67,85.83,-9.53,43.69,1
4707,1,85.82,-9.53,36.67,85.83,-9.53,43.69,1
4711,1,2.5,1.16,0.27,2.5,-0.3,1.16,1
4711,1,2.5,1.16,1.2,2.5,-0.3,1.16,1
4711,1,2.5,1.16,1.18,2.5,-0.3,1.16,1
4711,0,0,0,0.6,2.5,-0.3,1.16,NaN
4715,0,0,0,44.53,198.67,-22.05,101.12,NaN
4716,1,198.64,45.8490327674922,50.32,198.67,-22.05,101.12,0.453412112020295
4717,1,198.64,50.975772545989,65.89,198.67,-22.05,101.12,0.504111674703214
5380,1,19,8.85,4.67,19,-2.32,8.85,1
5380,0,0,0,0.91,2.5,-0.3,1.16,NaN
5385,1,7.62,2.93,2.25,7.63,-0.37,2.93,1
5386,1,7.62,2.93,2.39,7.63,-0.37,2.93,1
5387,0,0,0,2.83,7.63,-0.37,2.93,NaN
5388,0,0,0,3.2,7.63,-0.37,2.93,NaN
5392,1,21.8,10.16,9.58,21.8,-2.66,10.16,1
5395,1,18.6,8.67,7.9,18.6,-2.27,8.67,1
5397,1,60.49,28.19,19.69,60.5,-7.38,28.19,1
5397,1,60.49,28.19,20.55,60.5,-7.38,28.19,1
5397,1,60.49,28.19,9.3,60.5,-7.38,28.19,1
5397,1,60.49,28.19,22.27,60.5,-7.38,28.19,1
5402,1,4,0,1.29,4,0,0,NaN
5408,1,288.96,96.5866566926729,55.46,289,-32.08,147.1,0.656605415993697
5409,1,288.96,96.6480150276557,130.87,289,-32.08,147.1,0.657022535878013
5412,1,10.33,3.97,5.02,10.33,-0.51,3.97,1
5412,1,10.33,3.97,4.27,10.33,-0.51,3.97,1
5412,0,0,0,3.32,10.33,-0.51,3.97,NaN
5414,1,4.5,2.29,1.03,4.5,-0.5,2.29,1
5418,0,0,0,80.52,400,-48.8,186.4,NaN
5421,1,4.6,-0.51,2.04,4.6,-0.51,2.34,1
5428,1,160.35,31.4296644839272,63.71,160.37,-19.57,74.73,0.420576267682687
5429,1,160.35,45.4944222167928,64.41,160.37,-19.57,74.73,0.608783918329892
5430,1,160.35,64.888827234026,46.07,160.37,-19.57,74.73,0.868310280128811
5431,1,160.35,37.0790192674379,59.23,160.37,-19.57,74.73,0.49617314689466
5434,0,0,0,0.53,1.2,-0.13,0.61,NaN
5434,0,0,0,0.19,1.45,-0.16,0.74,NaN
5434,0,0,0,0.31,1.45,-0.16,0.74,NaN
5434,0,0,0,0.38,1.45,-0.16,0.74,NaN
5434,0,0,0,0.68,1.45,-0.16,0.74,NaN
5436,0,0,0,0.74,2.5,-0.3,1.16,NaN
5436,0,0,0,0.41,2.5,-0.3,1.16,NaN
5439,1,2.5,-0.3,0.32,2.5,-0.3,1.16,1
5440,1,2.5,-0.3,0.27,2.5,-0.3,1.16,1
5445,1,279.96,58.0320688308016,66.95,280,-31.08,142.52,0.40718543945272
5446,0,0,0,90.65,280,-31.08,142.52,NaN
5447,1,279.96,57.7530324905328,59.12,280,-31.08,142.52,0.405227564485916
5450,1,18.5,-2.26,7.16,18.5,-2.26,8.62,1
5452,1,10,5.09,4.81,10,-1.11,5.09,1
5455,1,21.8,10.16,8.65,21.8,-2.66,10.16,1
5459,1,25.8,13.13,9.13,25.8,-2.86,13.13,1
5462,0,0,0,0.62,1.4,-0.16,0.71,NaN
5462,0,0,0,0.91,5.2,-0.58,2.65,NaN
5462,1,5.2,2.65,1.09,5.2,-0.58,2.65,1
5463,0,0,0,0.6,1.3,-0.14,0.66,NaN
5464,0,0,0,0.31,1.3,-0.14,0.66,NaN
5473,1,123.81,33.8446047394142,58.9,123.83,-15.11,57.7,0.586561607268877
5474,1,123.81,26.1130016390343,26.06,123.83,-15.11,57.7,0.452565019740628
5475,1,123.81,35.8666640818641,50.47,123.83,-15.11,57.7,0.62160596329054
5476,1,123.81,29.4451713869663,14.35,123.83,-15.11,57.7,0.51031492871692
5479,1,2.5,1.16,0.86,2.5,-0.3,1.16,1
5479,1,2.5,1.16,1.08,2.5,-0.3,1.16,1
5481,0,0,0,1.69,4.8,-0.53,2.44,NaN
5484,1,1.2,-0.06,0.46,1.2,-0.06,0.46,1
5484,1,1.2,-0.06,0.56,1.2,-0.06,0.46,1
5485,1,1.2,-0.06,0.38,1.2,-0.06,0.46,1
5486,0,0,0,0.28,1.2,-0.06,0.46,NaN
5486,1,1.2,-0.06,0.55,1.2,-0.06,0.46,1
5487,1,1.2,-0.06,0.5,1.2,-0.06,0.46,1
5491,1,6.6,2.67974636975984,3.12,6.6,-0.73,3.36,0.797543562428524
5492,0,0,0,1.82,6.6,-0.73,3.36,NaN
5495,0,0,0,1.14,2.8,-0.31,1.43,NaN
5495,1,14.6,-1.62,3.99,14.6,-1.62,7.43,1
5498,1,7.5,-0.83,1.65,7.5,-0.83,3.82,1
5498,1,7.5,-0.83,2.99,7.5,-0.83,3.82,1
5498,1,7.5,-0.83,1.49,7.5,-0.83,3.82,1
5498,1,7.5,-0.83,1.36,7.5,-0.83,3.82,1
5505,1,23.2,10.81,10.68,23.2,-2.83,10.81,1
5505,1,23.2,10.81,9.28,23.2,-2.83,10.81,1
5506,1,23.2,10.81,3.66,23.2,-2.83,10.81,1
5506,1,23.2,10.81,11.06,23.2,-2.83,10.81,1
5507,1,23.2,10.81,6.47,23.2,-2.83,10.81,1
5510,1,10.1,5.14,4.57,10.1,-1.12,5.14,1
5510,1,10.1,5.14,1.66,10.1,-1.12,5.14,1
5512,1,3,-0.15,1.19,3,-0.15,1.15,1
5512,1,3,-0.15,1.29,3,-0.15,1.15,1
5512,0,0,0,0.98,3,-0.15,1.15,NaN
5515,1,37.19,12.2666218028407,8.58,37.2,-1.82,14.28,0.859007129050468
5518,1,60.49,28.19,6.53,60.5,-7.38,28.19,1
5518,1,60.49,28.19,13.93,60.5,-7.38,28.19,1
5518,1,60.49,28.19,9.17,60.5,-7.38,28.19,1
5518,1,60.49,28.19,13.79,60.5,-7.38,28.19,1
5523,1,4,2.04,1.47,4,-0.44,2.04,1
5523,0,0,0,1.47,3,-0.33,1.53,NaN
5527,1,2.5,-0.3,0.36,2.5,-0.3,1.16,1
5527,1,2.5,-0.3,0.99,2.5,-0.3,1.16,1
5531,1,83.99,18.7953097437634,11.96,84,-9.32,42.76,0.439553548731605
5534,1,16.1,5.66646483221805,4.8,16.1,-1.79,8.19,0.691876047889872
5542,0,0,0,0.07,0.4,-0.04,0.2,NaN
5543,0,0,0,0.96,2.4,-0.27,1.22,NaN
5545,1,230.97,63.1560814376917,97.49,231,-25.64,117.58,0.53713285794941
5546,0,0,0,112.37,231,-25.64,117.58,NaN
5547,1,230.97,62.6498552410234,108.16,231,-25.64,117.58,0.532827481212991
5553,1,196.57,65.3787905438313,91.58,196.6,-23.99,91.62,0.713586449943586
5554,1,196.57,72.7002163711897,50.47,196.6,-23.99,91.62,0.79349723173095
5555,1,196.57,46.9508816853585,38.4,196.6,-23.99,91.62,0.512452321385707
5556,1,196.57,64.9612433929549,41.73,196.6,-23.99,91.62,0.709029069995142
5557,1,0.5,0.0949138142686087,0.18,0.5,-0.06,0.23,0.412668757689603
5558,1,0.5,0.0734688871414655,0.07,0.5,-0.06,0.23,0.319429944093328
5562,1,14.9,5.07722707044589,5.85,14.9,-1.65,7.58,0.669818874729009
5566,0,0,0,0.4,2.15,-0.11,0.83,NaN
5566,1,2.15,-0.11,0.4,2.15,-0.11,0.83,1
5567,0,0,0,0.55,2.15,-0.11,0.83,NaN
5568,1,2.15,-0.11,0.51,2.15,-0.11,0.83,1
5568,1,1.15,-0.06,0.28,1.15,-0.06,0.44,1
5569,0,0,0,0.38,1.15,-0.06,0.44,NaN
5576,1,173.31,-10.0919731003027,68.94,173.33,-19.24,88.23,0.52453082641906
5577,1,173.31,3.71249785227756,17.71,173.33,-19.24,88.23,0.0420775003091643
5578,1,173.31,-9.77971250091045,35.71,173.33,-19.24,88.23,0.508301065535886
5581,0,0,0,25.34,96,-10.66,48.86,NaN
5582,0,0,0,0.41,1.1,-0.12,0.56,NaN
5586,1,1,0,0.46,1,0,0,NaN
5587,0,0,0,1.5,5,0,0,NaN
5591,1,44.51,11.0935197335979,11.62,44.52,-5.43,20.75,0.534627457040861
5591,1,44.51,11.0935197335979,7.43,44.52,-5.43,20.75,0.534627457040861
5591,1,44.51,11.0935197335979,19.79,44.52,-5.43,20.75,0.534627457040861
5591,1,44.51,11.0935197335979,8.32,44.52,-5.43,20.75,0.534627457040861
5591,1,44.51,11.0935197335979,10.94,44.52,-5.43,20.75,0.534627457040861
5596,1,23.66,-2.63,6.21,23.67,-2.63,12.05,1
5597,1,23.66,-2.63,7.15,23.67,-2.63,12.05,1
5597,1,23.66,-2.63,3.23,23.67,-2.63,12.05,1
5603,1,4.3,2.19,2.04,4.3,-0.48,2.19,1
5606,1,2,0.93,0.95,2,-0.24,0.93,1
5606,1,2,0.93,0.82,2,-0.24,0.93,1
5607,1,2,0.93,0.73,2,-0.24,0.93,1
5611,1,2.5,-0.3,1.09,2.5,-0.3,1.16,1
5612,1,2.5,-0.3,0.93,2.5,-0.3,1.16,1
5616,1,1.6,0.61,0.7,1.6,-0.08,0.61,1
5616,0,0,0,0.39,1.6,-0.08,0.61,NaN
5617,1,1.5,0.58,0.35,1.5,-0.07,0.58,1
5618,1,1.5,0.58,0.17,1.5,-0.07,0.58,1
5621,0,0,0,0.06,0.32,-0.02,0.12,NaN
5621,0,0,0,0.5,1,-0.05,0.38,NaN
5621,0,0,0,0.37,1,-0.05,0.38,NaN
5621,1,1.4,-0.07,0.43,1.4,-0.07,0.54,1
5621,0,0,0,0.47,2,-0.1,0.77,NaN
5621,1,0.32,-0.02,0.06,0.32,-0.02,0.12,1
5621,1,0.32,-0.02,0.1,0.32,-0.02,0.12,1
5621,1,0.32,-0.02,0.04,0.32,-0.02,0.12,1
5621,0,0,0,0.05,0.32,-0.02,0.12,NaN
5621,1,0.62,-0.03,0.29,0.63,-0.03,0.24,1
5621,1,0.62,-0.03,0.06,0.63,-0.03,0.24,1
5621,1,0.62,-0.03,0.21,0.63,-0.03,0.24,1
5621,1,0.62,-0.03,0.18,0.63,-0.03,0.24,1
5628,1,49.99,19.8717675911882,5.8,50,-5.55,25.45,0.780816015370854
5629,1,49.99,20.8911565948937,5.66,50,-5.55,25.45,0.820870593119597
5630,1,49.99,23.15262346473,22.82,50,-5.55,25.45,0.90972980215049
5631,1,49.99,23.3850944762837,24.63,50,-5.55,25.45,0.918864223036689
5632,1,49.99,25.45,22.69,50,-5.55,25.45,1
5635,1,6.9,3.51,2.93,6.9,-0.77,3.51,1
5635,1,6.9,3.51,1.46,6.9,-0.77,3.51,1
5635,0,0,0,3.35,6.9,-0.77,3.51,NaN
5638,1,1.8,0.84,0.37,1.8,-0.22,0.84,1
5638,1,1.8,0.84,0.37,1.8,-0.22,0.84,1
5639,1,1.8,0.84,0.58,1.8,-0.22,0.84,1
5639,1,1.45,0.68,0.4,1.45,-0.18,0.68,1
5640,1,1.45,0.68,0.51,1.45,-0.18,0.68,1
5644,1,2,-0.24,0.26,2,-0.24,0.93,1
5645,1,2.5,-0.3,0.4,2.5,-0.3,1.16,1
5647,1,2.5,0.315591754984492,0.55,2.5,-0.3,1.16,0.272061857745251
5647,1,2.5,0.315591754984492,0.4,2.5,-0.3,1.16,0.272061857745251
5648,1,2.5,-0.3,1.01,2.5,-0.3,1.16,1
5652,1,2.5,1.16,0.79,2.5,-0.3,1.16,1
5652,1,2.5,1.16,0.95,2.5,-0.3,1.16,1
5653,1,2.5,0.0399332596139626,0.33,2.5,-0.3,1.16,0.0344252238051402
5653,1,2.5,0.0399332596139626,1.04,2.5,-0.3,1.16,0.0344252238051402
5656,1,21.8,10.16,2.92,21.8,-2.66,10.16,1
5660,1,39.09,19.9,18.98,39.1,-4.34,19.9,1
5661,0,0,0,12.88,39.1,-4.34,19.9,NaN
5661,0,0,0,0.45,1.4,-0.16,0.71,NaN
5664,1,4,1.54,1.77,4,-0.2,1.54,1
5664,1,4,1.54,1.66,4,-0.2,1.54,1
5669,1,1081.3,135.014077727818,449.67,1081.45,-88.68,397.97,0.339256923204809
5670,1,1081.3,135.160862262785,491.12,1081.45,-88.68,397.97,0.339625756370542
6921,1,31.5,0,11.33,31.5,0,0,NaN
6923,1,46.99,23.92,6.08,47,-5.22,23.92,1
6926,1,18.5,8.62,7.39,18.5,-2.26,8.62,1
6926,1,18.5,8.62,1.96,18.5,-2.26,8.62,1
6929,1,94.49,19.6510361590744,41.12,94.5,-11.53,44.04,0.446208813784613
6929,1,94.49,19.6510361590744,20.02,94.5,-11.53,44.04,0.446208813784613
6929,1,94.49,19.6510361590744,27.47,94.5,-11.53,44.04,0.446208813784613
6929,1,94.49,19.6510361590744,13.4,94.5,-11.53,44.04,0.446208813784613
6929,1,94.49,19.6510361590744,17.97,94.5,-11.53,44.04,0.446208813784613
6929,1,94.49,19.6510361590744,14.61,94.5,-11.53,44.04,0.446208813784613
6934,1,608.92,-7.19577747293538,126.33,609,-67.6,309.98,0.106446412321529
6935,1,608.92,-7.77418445058795,123.46,609,-67.6,309.98,0.115002728558993
6936,1,608.92,-7.33374773125335,250.73,609,-67.6,309.98,0.108487392474162
6939,1,0.7,0.33,0.25,0.7,-0.09,0.33,1
6939,1,37.72,17.58,4.55,37.72,-4.6,17.58,1
6939,1,37.72,17.58,16.58,37.72,-4.6,17.58,1
6939,1,37.72,17.58,16.08,37.72,-4.6,17.58,1
6939,1,37.72,17.58,13.97,37.72,-4.6,17.58,1
6942,1,12.9,4.78642532172787,3.12,12.9,-1.43,6.57,0.728527446229508
6943,1,12.9,4.78642532172787,4.17,12.9,-1.43,6.57,0.728527446229508
6946,1,35.75,-4.36,9.31,35.75,-4.36,16.66,1
6946,1,35.75,-4.36,5.33,35.75,-4.36,16.66,1
6949,0,0,0,0.15,0.9,-0.1,0.46,NaN
6949,0,0,0,0.25,0.9,-0.1,0.46,NaN
6950,0,0,0,0.44,0.9,-0.1,0.46,NaN
6950,0,0,0,0.17,0.9,-0.1,0.46,NaN
6954,1,53.33,-6.51,20.51,53.33,-6.51,24.85,1
6955,1,53.33,-6.51,24.7,53.33,-6.51,24.85,1
6956,1,53.33,-6.51,14.78,53.33,-6.51,24.85,1
6957,1,53.33,-6.51,24.92,53.33,-6.51,24.85,1
6958,1,53.33,-6.51,19.48,53.33,-6.51,24.85,1
6959,1,53.33,-6.51,12.07,53.33,-6.51,24.85,1
6963,1,46.99,9.15645209475165,9.69,47,-5.22,23.92,0.382794820014701
6964,1,46.99,-0.901732035031058,13.14,47,-5.22,23.92,0.172745600580662
6967,0,0,0,0.19,0.8,-0.09,0.41,NaN
6967,0,0,0,0.37,0.8,-0.09,0.41,NaN
6967,1,46.99,23.92,9.75,47,-5.22,23.92,1
6970,1,2.5,0,1.14,2.5,0,0,NaN
6970,0,0,0,0.29,1.5,0,0,NaN
6974,1,1011.86,372.42,138.83,1012,-82.98,372.42,1
6977,1,46.99,23.92,11.76,47,-5.22,23.92,1
6977,1,46.99,23.92,23.27,47,-5.22,23.92,1
6980,1,24.01,-2.93,6.44,24.02,-2.93,11.19,1
6980,1,24.01,-2.93,11.4,24.02,-2.93,11.19,1
6981,1,24.01,-2.93,4.78,24.02,-2.93,11.19,1
6981,1,24.01,-2.93,6.88,24.02,-2.93,11.19,1
6982,1,24.01,-2.93,6.04,24.02,-2.93,11.19,1
6982,1,24.01,-2.93,4.66,24.02,-2.93,11.19,1
6986,1,193.22,22.3982852425346,56.6,193.25,-23.58,90.05,0.248731651777175
6987,1,193.22,30.7748034104599,62.15,193.25,-23.58,90.05,0.34175239767307
6990,1,4,1.54,0.86,4,-0.2,1.54,1
6993,1,81.99,41.74,37.95,82,-9.1,41.74,1
6994,1,81.99,41.74,20.96,82,-9.1,41.74,1
6997,1,49.99,25.45,23.08,50,-5.55,25.45,1
6997,1,49.99,25.45,22.52,50,-5.55,25.45,1
7002,0,0,0,0.65,2.02,-0.25,0.94,NaN
7002,0,0,0,0.28,2.02,-0.25,0.94,NaN
7003,1,2.02,0.94,0.27,2.02,-0.25,0.94,1
7003,1,2.02,0.94,0.25,2.02,-0.25,0.94,1
7004,1,2.02,-0.25,0.39,2.02,-0.25,0.94,1
7008,1,187.97,46.6630698873717,35.07,188,-20.87,95.69,0.487648342432561
7009,1,187.97,47.3577644410894,67.13,188,-20.87,95.69,0.494908187282782
7012,0,0,0,0.77,1.6,-0.18,0.81,NaN
7012,0,0,0,0.43,1.6,-0.18,0.81,NaN
7012,0,0,0,0.29,1.6,-0.18,0.81,NaN
7012,1,3.5,1.78,0.94,3.5,-0.39,1.78,1
7018,1,53.33,27.15,17.01,53.33,-5.92,27.15,1
7018,1,53.33,27.15,22.39,53.33,-5.92,27.15,1
7018,1,53.33,27.15,20.24,53.33,-5.92,27.15,1
7018,1,53.33,27.15,8.09,53.33,-5.92,27.15,1
7018,1,53.33,27.15,7.8,53.33,-5.92,27.15,1
7018,1,53.33,27.15,22.69,53.33,-5.92,27.15,1
7020,0,0,0,0.76,1.8,-0.2,0.92,NaN
7020,1,4.6,2.34,1.27,4.6,-0.51,2.34,1
7023,1,52.99,26.98,21.39,53,-5.88,26.98,1
7024,1,52.99,26.98,11.38,53,-5.88,26.98,1
7027,1,4.68,2.38,2.26,4.68,-0.52,2.38,1
7027,1,4.68,2.38,2.15,4.68,-0.52,2.38,1
7027,1,4.68,2.38,1.5,4.68,-0.52,2.38,1
7027,1,4.68,2.38,0.77,4.68,-0.52,2.38,1
7027,1,4.68,2.38,1.51,4.68,-0.52,2.38,1
7030,1,0.5,-0.06,0.09,0.5,-0.06,0.23,1
7031,1,0.5,-0.06,0.21,0.5,-0.06,0.23,1
7033,1,3.7,1.72,1.16,3.7,-0.45,1.72,1
7033,1,3.7,1.72,0.87,3.7,-0.45,1.72,1
7034,1,3.7,1.72,1.69,3.7,-0.45,1.72,1
7034,1,0.5,0.23,0.2,0.5,-0.06,0.23,1
7035,1,0.5,0.23,0.13,0.5,-0.06,0.23,1
7035,1,0.5,0.23,0.24,0.5,-0.06,0.23,1
7036,1,0.5,0.23,0.14,0.5,-0.06,0.23,1
7040,0,0,0,22.4,46.5,-5.16,23.67,NaN
7044,1,197.31,3.38690291137036,55.72,197.33,-21.9,100.44,0.0337206582175464
7045,1,197.31,3.19867766818936,38.05,197.33,-21.9,100.44,0.0318466514156647
7046,1,197.31,3.95863480069388,21.26,197.33,-21.9,100.44,0.0394129311100546
7049,1,46.99,23.92,19.9,47,-5.22,23.92,1
7053,0,0,0,265.41,621,-68.93,316.09,NaN
7054,0,0,0,81.62,621,-68.93,316.09,NaN
7058,1,16,-1.95,1.71,16,-1.95,7.46,1
7061,1,46.99,18.3166431211385,8.52,47,-5.22,23.92,0.765745949880371
7061,1,46.99,18.3166431211385,6.77,47,-5.22,23.92,0.765745949880371
7063,1,2.1,1.07,0.86,2.1,-0.23,1.07,1
7063,1,2.1,1.07,0.69,2.1,-0.23,1.07,1
7063,1,2.1,1.07,0.78,2.1,-0.23,1.07,1
7067,1,187.97,95.69,72.73,188,-20.87,95.69,1
7068,1,187.97,86.2784761109729,58.64,188,-20.87,95.69,0.901645690364436
7071,1,83.79,34.2230057111926,14.14,83.8,-9.3,42.65,0.802415139770048
7071,1,83.79,34.2230057111926,17.87,83.8,-9.3,42.65,0.802415139770048
7071,1,83.79,34.2230057111926,29.95,83.8,-9.3,42.65,0.802415139770048
7071,1,83.79,34.2230057111926,25.27,83.8,-9.3,42.65,0.802415139770048
7071,1,83.79,34.2230057111926,36.37,83.8,-9.3,42.65,0.802415139770048
7071,1,83.79,34.2230057111926,32.02,83.8,-9.3,42.65,0.802415139770048
7074,1,2,0,0.5,2,0,0,NaN
7074,1,2,0,0.77,2,0,0,NaN
7077,1,59.99,23.1320647626151,9.81,60,-6.66,30.54,0.757434995501477
7078,1,59.99,19.5578821772098,22.35,60,-6.66,30.54,0.640402166902742
7082,1,5.4,-0.26,2.08,5.4,-0.26,2.07,1
7082,1,5.4,-0.26,1.46,5.4,-0.26,2.07,1
7085,1,16,8.14,7.07,16,-1.78,8.14,1
7091,1,18.1,8.43,3.88,18.1,-2.21,8.43,1
7093,1,46.99,-5.22,16.15,47,-5.22,23.92,1
7097,1,35.92,18.28,17.38,35.92,-3.99,18.28,1
7097,1,35.92,18.28,16.81,35.92,-3.99,18.28,1
7098,1,35.92,18.28,10.53,35.92,-3.99,18.28,1
7098,1,35.92,18.28,17.52,35.92,-3.99,18.28,1
7099,1,35.92,-1.66741890742394,6.91,35.92,-3.99,18.28,0.417899475544847
7099,0,0,0,0.07,0.2,-0.02,0.1,NaN
7100,0,0,0,0.03,0.2,-0.02,0.1,NaN
7100,0,0,0,0.03,0.2,-0.02,0.1,NaN
7101,0,0,0,0.06,0.2,-0.02,0.1,NaN
7101,0,0,0,0.06,0.2,-0.02,0.1,NaN
7104,1,60.49,30.79,18.48,60.5,-6.72,30.79,1
7107,1,216.64,110.28,64.24,216.67,-24.05,110.28,1
7108,1,216.64,110.28,75.4,216.67,-24.05,110.28,1
7109,1,216.64,110.28,54.43,216.67,-24.05,110.28,1
7113,1,58.66,22.6527997529219,7.66,58.67,-6.51,29.86,0.758633615302141
7114,1,58.66,15.6717561581061,9.19,58.67,-6.51,29.86,0.524841130546084
7115,1,58.66,14.2187209627671,13.84,58.67,-6.51,29.86,0.476179536596353
7116,1,58.66,17.8863677116168,9.25,58.67,-6.51,29.86,0.599007625975109
7117,1,58.66,19.7684627558183,27.97,58.67,-6.51,29.86,0.662038270456071
7118,1,58.66,16.466258191124,17.51,58.67,-6.51,29.86,0.551448700305561
7122,1,6.82,-0.83,3.25,6.83,-0.83,3.18,1
7122,1,6.82,-0.83,2.72,6.83,-0.83,3.18,1
7123,1,6.82,-0.83,2.1,6.83,-0.83,3.18,1
7124,1,6.82,-0.83,2.07,6.83,-0.83,3.18,1
7128,1,4.47,2.27,1.57,4.47,-0.5,2.27,1
7129,1,4.47,2.27,0.92,4.47,-0.5,2.27,1
7131,1,4.47,2.27,0.79,4.47,-0.5,2.27,1
7135,1,16.3,7.6,6.75,16.3,-1.99,7.6,1
7135,1,16.3,7.6,4.91,16.3,-1.99,7.6,1
7136,1,16.3,7.6,5.85,16.3,-1.99,7.6,1
7139,1,48.86,-5.42,6.78,48.87,-5.42,24.87,1
7139,1,48.86,-5.42,8.04,48.87,-5.42,24.87,1
7139,1,48.86,-5.42,18.64,48.87,-5.42,24.87,1
7139,1,48.86,-5.42,17.58,48.87,-5.42,24.87,1
7139,1,48.86,-5.42,14.32,48.87,-5.42,24.87,1
7139,1,48.86,-5.42,17.94,48.87,-5.42,24.87,1
7141,1,60.49,28.19,14.65,60.5,-7.38,28.19,1
7144,1,3.2,1.23,0.94,3.2,-0.16,1.23,1
7144,1,1,0.38,0.24,1,-0.05,0.38,1
7145,1,1,0.38,0.27,1,-0.05,0.38,1
7145,1,0.8,0.31,0.34,0.8,-0.04,0.31,1
7146,0,0,0,0.27,0.8,-0.04,0.31,NaN
7147,1,0.8,0.31,0.16,0.8,-0.04,0.31,1
7150,0,0,0,0.23,1,0,0,NaN
7150,1,1,0,0.24,1,0,0,NaN
7150,0,0,0,0.12,1,0,0,NaN
7150,1,1,0,0.42,1,0,0,NaN
7150,1,2,0,0.76,2,0,0,NaN
7152,1,53.99,25.16,26.22,54,-6.59,25.16,1
7153,1,2.5,-0.3,0.88,2.5,-0.3,1.16,1
7158,0,0,0,4.19,18,-2,9.16,NaN
7161,1,332.45,28.8597994965183,97.44,332.5,-36.91,169.24,0.170525877431567
7162,1,332.45,29.0693150499944,58.52,332.5,-36.91,169.24,0.171763856357802
7163,1,332.45,29.0289005539079,90,332.5,-36.91,169.24,0.171525056451831
7164,1,332.45,29.6480464530591,63.95,332.5,-36.91,169.24,0.175183446307369
7167,1,49.99,-2.68629559725383,11.56,50,-6.1,23.3,0.44037632741866
7167,1,49.99,-2.68629559725383,5.94,50,-6.1,23.3,0.44037632741866
7170,1,52.99,6.3819571642808,20.68,53,-5.88,26.98,0.236544001641245
7171,1,52.99,9.9228537519257,15.42,53,-5.88,26.98,0.367785535653287
7175,1,17.1,8.7,5.44,17.1,-1.9,8.7,1
7179,0,0,0,0.59,1.3,-0.14,0.66,NaN
7180,0,0,0,0.43,1.3,-0.14,0.66,NaN
7182,1,174.43,76.8513922028951,75.47,174.45,-19.36,88.8,0.865443605888458
7183,1,174.43,55.2473666602363,33.92,174.45,-19.36,88.8,0.622155029957616
7186,1,16,7.46,7.87,16,-1.95,7.46,1
7189,1,46.99,5.17069524580039,19.48,47,-5.22,23.92,0.216166189205702
7190,1,46.99,5.17069524580039,23.36,47,-5.22,23.92,0.216166189205702
7193,1,59.99,-6.66,23.14,60,-6.66,30.54,1
7199,0,0,0,1.85,6.8,-0.33,2.61,NaN
7203,1,386.95,68.809245185002,76.23,387,-42.96,196.98,0.349320972611443
7204,1,386.95,68.9572378580002,163.13,387,-42.96,196.98,0.350072280729009
7205,1,386.95,68.9329841702665,55.38,387,-42.96,196.98,0.349949153062577
7206,1,386.95,69.5212418071658,51.46,387,-42.96,196.98,0.352935535623747
7209,1,60.49,30.79,22.11,60.5,-6.72,30.79,1
7211,0,0,0,0.3,0.9,-0.1,0.46,NaN
7211,0,0,0,0.32,0.9,-0.1,0.46,NaN
7211,1,80.49,-8.94,26.61,80.5,-8.94,40.97,1
7211,1,80.49,-8.94,31.97,80.5,-8.94,40.97,1
7211,1,80.49,-8.94,15.16,80.5,-8.94,40.97,1
7211,1,80.49,-8.94,35.4,80.5,-8.94,40.97,1
7213,0,0,0,0.3,0.7,-0.08,0.36,NaN
7213,0,0,0,0.07,0.7,-0.08,0.36,NaN
7213,0,0,0,0.08,0.7,-0.08,0.36,NaN
7213,0,0,0,0.1,0.7,-0.08,0.36,NaN
7213,1,40.39,-4.48,13.12,40.4,-4.48,20.56,1
7213,1,40.39,-4.48,16.47,40.4,-4.48,20.56,1
7213,1,40.39,-4.48,15.01,40.4,-4.48,20.56,1
7216,1,52.39,24.42,22.33,52.4,-6.39,24.42,1
7217,1,0.4,0.19,0.06,0.4,-0.05,0.19,1
7220,0,0,0,0.55,1.1,-0.12,0.56,NaN
7220,0,0,0,0.55,1.1,-0.12,0.56,NaN
7220,0,0,0,0.3,1.8,-0.2,0.92,NaN
7223,1,178.08,-16.2877371772431,41.67,178.1,-21.73,82.99,0.749550721456192
7224,1,178.08,-21.73,25.23,178.1,-21.73,82.99,1
7228,1,175.98,81.2558142107182,23.58,176,-19.54,89.58,0.907075398646107
7229,1,175.98,89.58,66.09,176,-19.54,89.58,1
7230,1,175.98,89.58,58.91,176,-19.54,89.58,1
7233,0,0,0,0.35,0.93,-0.11,0.43,NaN
7233,0,0,0,0.3,0.93,-0.11,0.43,NaN
7233,0,0,0,0.29,0.93,-0.11,0.43,NaN
7233,0,0,0,0.27,0.93,-0.11,0.43,NaN
7233,0,0,0,0.31,0.93,-0.11,0.43,NaN
7233,0,0,0,0.46,0.93,-0.11,0.43,NaN
7233,0,0,0,0.24,1.7,-0.21,0.79,NaN
7235,1,2.2,1.03,0.9,2.2,-0.27,1.03,1
7235,1,2.2,1.03,0.55,2.2,-0.27,1.03,1
7238,1,179.98,43.8660705948473,42.41,180,-19.98,91.62,0.478782695861682
7239,1,179.98,43.3508115543949,78.13,180,-19.98,91.62,0.47315882508617
7243,1,124.98,15.8206046790301,61.9,125,-13.88,63.63,0.248634365535598
7244,1,124.98,17.6409979286198,35.18,125,-13.88,63.63,0.277243406076062
7248,0,0,0,0.74,2,-0.24,0.93,NaN
7248,0,0,0,0.8,2,-0.24,0.93,NaN
7249,0,0,0,0.6,2,-0.24,0.93,NaN
7250,0,0,0,0.32,0.8,-0.1,0.37,NaN
7250,0,0,0,0.37,0.8,-0.1,0.37,NaN
7253,1,14,-1.71,3.62,14,-1.71,6.52,1
7255,1,40.99,20.2434581172688,10.03,41,-4.55,20.87,0.969978826893569
7255,1,40.99,20.2434581172688,4.83,41,-4.55,20.87,0.969978826893569
7259,1,1298.82,478.03,268.34,1299,-106.52,478.03,1
7263,1,4.9,2.49,1.88,4.9,-0.54,2.49,1
7263,0,0,0,1.45,4.9,-0.54,2.49,NaN
7264,1,4.9,2.49,0.55,4.9,-0.54,2.49,1
7264,1,4.9,2.49,1.49,4.9,-0.54,2.49,1
7265,0,0,0,1.96,4.9,-0.54,2.49,NaN
7265,1,4.9,2.49,2.43,4.9,-0.54,2.49,1
7269,1,6,3.05,1.38,6,-0.67,3.05,1
7269,1,6,3.05,0.97,6,-0.67,3.05,1
7274,0,0,0,109.28,621,-68.93,316.09,NaN
7275,0,0,0,127.5,621,-68.93,316.09,NaN
7276,0,0,0,0.34,0.7,-0.08,0.36,NaN
7277,0,0,0,0.29,0.7,-0.08,0.36,NaN
7282,1,79.49,37.05,24.94,79.5,-9.7,37.05,1
7283,1,79.49,21.870946351176,9.24,79.5,-9.7,37.05,0.590308943351579
7284,1,79.49,18.6261424611294,11.83,79.5,-9.7,37.05,0.502729890988649
7285,0,0,0,0.59,1.3,-0.16,0.61,NaN
7292,1,16,-1.95,2.39,16,-1.95,7.46,1
7295,1,15,7.64,2.01,15,-1.67,7.64,1
7299,1,41.89,16.2222312966839,18.38,41.9,-4.65,21.33,0.760535925770459
7304,1,438.69,85.1437695776313,156.87,438.75,-48.7,223.32,0.381263521304099
7305,1,438.69,85.0699300304314,214.45,438.75,-48.7,223.32,0.380932876725915
7309,1,87.15,43.5831495948832,24.95,87.17,-9.68,44.37,0.982266161705729
7310,1,87.15,44.37,11.49,87.17,-9.68,44.37,1
7311,1,87.15,44.37,19.76,87.17,-9.68,44.37,1
7312,1,87.15,44.37,37.76,87.17,-9.68,44.37,1
7313,1,87.15,44.37,9.1,87.17,-9.68,44.37,1
7314,1,87.15,44.37,33.67,87.17,-9.68,44.37,1
7317,1,27.5,-3.05,8.9,27.5,-3.05,14,1
7317,1,27.5,-3.05,6.91,27.5,-3.05,14,1
7320,1,11.5,5.36,4.45,11.5,-1.4,5.36,1
7323,1,54.99,25.63,18.05,55,-6.71,25.63,1
7324,1,54.99,24.4795529134864,13.69,55,-6.71,25.63,0.955113262328772
9349,1,0.9,-0.04,0.34,0.9,-0.04,0.35,1
9349,1,0.9,-0.04,0.32,0.9,-0.04,0.35,1
9349,1,0.9,-0.04,0.45,0.9,-0.04,0.35,1
9349,0,0,0,9.06,26,-1.27,9.98,NaN
9353,1,180.99,45.6514350289134,74.04,181.02,-20.09,92.14,0.495457293563202
9354,1,180.99,44.986142331304,86.76,181.02,-20.09,92.14,0.488236838846364
9355,1,180.99,37.4828659302549,84.3,181.02,-20.09,92.14,0.406803407100661
9356,1,180.99,48.0811299661903,61.85,181.02,-20.09,92.14,0.521826893490236
9357,1,180.99,43.3374276225824,63.21,181.02,-20.09,92.14,0.47034325616
9358,1,180.99,56.9489935488826,46.91,181.02,-20.09,92.14,0.618070257747804
9361,1,0.75,-0.04,0.24,0.75,-0.04,0.29,1
9361,1,0.75,-0.04,0.18,0.75,-0.04,0.29,1
9361,0,0,0,0.1,0.75,-0.04,0.29,NaN
9361,0,0,0,0.28,0.75,-0.04,0.29,NaN
9361,1,1,-0.05,0.47,1,-0.05,0.38,1
9361,1,1,-0.05,0.42,1,-0.05,0.38,1
9363,1,1.8,-0.09,0.89,1.8,-0.09,0.69,1
9363,0,0,0,0.52,1.8,-0.09,0.69,NaN
9363,0,0,0,0.61,1.8,-0.09,0.69,NaN
9366,1,2.5,0.96,1.09,2.5,-0.12,0.96,1
9366,1,2.5,0.96,0.72,2.5,-0.12,0.96,1
9369,1,217.87,64.7971883835709,101.13,217.9,-24.19,110.91,0.584232155653872
9370,1,217.87,64.4111088569949,66.27,217.9,-24.19,110.91,0.580751139275042
9371,1,217.87,64.821276286767,75.36,217.9,-24.19,110.91,0.584449339886096
9375,1,2.9,-0.14,0.94,2.9,-0.14,1.11,1
9376,0,0,0,0.74,2.9,-0.14,1.11,NaN
9378,0,0,0,0.78,2.9,-0.14,1.11,NaN
9379,1,2.9,-0.14,0.89,2.9,-0.14,1.11,1
9383,1,2.36,0.91,0.92,2.36,-0.12,0.91,1
9383,1,2.36,0.91,0.58,2.36,-0.12,0.91,1
9383,0,0,0,0.82,2.36,-0.12,0.91,NaN
9383,1,2.36,0.91,0.75,2.36,-0.12,0.91,1
9383,1,2.36,0.91,0.26,2.36,-0.12,0.91,1
9383,1,2.9,1.11,0.77,2.9,-0.14,1.11,1
9387,1,112.48,17.1212484622328,27.59,112.5,-13.73,52.42,0.32661671999681
9390,1,0.95,-0.05,0.29,0.95,-0.05,0.36,1
9390,1,0.95,-0.05,0.13,0.95,-0.05,0.36,1
9390,1,5.2,-0.25,0.62,5.2,-0.25,2,1
9392,0,0,0,0.32,1.05,-0.05,0.4,NaN
9392,0,0,0,0.35,1.05,-0.05,0.4,NaN
9392,1,1.3,-0.06,0.55,1.3,-0.06,0.5,1
9392,1,1.3,-0.06,0.17,1.3,-0.06,0.5,1
9394,0,0,0,0.59,1.5,-0.07,0.58,NaN
9394,0,0,0,0.26,1.5,-0.07,0.58,NaN
9394,1,1.5,0.58,0.24,1.5,-0.07,0.58,1
9394,1,1.5,0.58,0.68,1.5,-0.07,0.58,1
9396,1,3,1.15,0.64,3,-0.15,1.15,1
9398,0,0,0,0.45,2,-0.1,0.77,NaN
9398,1,2,-0.1,0.45,2,-0.1,0.77,1
9398,1,2,-0.1,0.34,2,-0.1,0.77,1
9398,0,0,0,0.63,2,-0.1,0.77,NaN
9401,0,0,0,0.3,1.2,-0.13,0.61,NaN
9401,0,0,0,0.45,1.2,-0.13,0.61,NaN
9402,0,0,0,0.28,1.2,-0.13,0.61,NaN
9402,0,0,0,0.52,1.2,-0.13,0.61,NaN
9403,0,0,0,0.52,1.2,-0.13,0.61,NaN
9407,1,2,-0.1,0.31,2,-0.1,0.77,1
9407,1,2,-0.1,0.21,2,-0.1,0.77,1
9408,1,0.5,-0.02,0.06,0.5,-0.02,0.19,1
9408,1,0.5,-0.02,0.23,0.5,-0.02,0.19,1
9409,1,0.5,-0.02,0.17,0.5,-0.02,0.19,1
9413,1,3,1.15,1.24,3,-0.15,1.15,1
9415,1,2,-0.1,0.27,2,-0.1,0.77,1
9415,1,10.5,-0.51,3.78,10.5,-0.51,4.03,1
9417,0,0,0,32.38,97.5,-14.04,20.77,NaN
9424,0,0,0,0.95,2,-0.1,0.77,NaN
9424,1,2,-0.1,0.49,2,-0.1,0.77,1
9425,0,0,0,0.39,2,-0.1,0.77,NaN
9429,0,0,0,3.31,7,-0.78,3.56,NaN
9433,0,0,0,0.19,0.4,-0.02,0.15,NaN
9434,1,0.4,-0.02,0.17,0.4,-0.02,0.15,1
9436,0,0,0,1.41,4.5,-0.22,1.73,NaN
9436,0,0,0,1.28,4.5,-0.22,1.73,NaN
9437,0,0,0,0.2,0.4,-0.02,0.15,NaN
9440,1,8,3.07,1.99,8,-0.39,3.07,1
9441,0,0,0,0.24,0.5,-0.02,0.19,NaN
9442,0,0,0,0.13,0.5,-0.02,0.19,NaN
9444,1,0.5,0.19,0.16,0.5,-0.02,0.19,1
9445,1,8,3.07,1.88,8,-0.39,3.07,1
9449,1,21.6,-2.64,10.34,21.6,-2.64,10.07,1
9451,1,3,-0.15,1.35,3,-0.15,1.15,1
9454,0,0,0,1.02,7.5,-0.37,2.88,NaN
9456,0,0,0,0.31,3,-0.15,1.15,NaN
9456,1,3,1.15,0.46,3,-0.15,1.15,1
9459,1,0.83,-0.04,0.33,0.83,-0.04,0.32,1
9459,1,0.83,-0.04,0.3,0.83,-0.04,0.32,1
9460,1,0.83,-0.04,0.37,0.83,-0.04,0.32,1
9461,0,0,0,0.14,0.5,-0.02,0.19,NaN
9461,1,0.5,-0.02,0.23,0.5,-0.02,0.19,1
9464,1,12,4.61,2.32,12,-0.59,4.61,1
9465,0,0,0,1.54,12,-0.59,4.61,NaN
9465,1,12,-0.59,1.47,12,-0.59,4.61,1
9469,1,2,-0.1,0.79,2,-0.1,0.77,1
9469,1,2,-0.1,0.86,2,-0.1,0.77,1
9470,0,0,0,0.23,2,-0.1,0.77,NaN
9470,0,0,0,0.68,2,-0.1,0.77,NaN
9471,1,2,-0.1,0.36,2,-0.1,0.77,1
9474,1,3,-0.15,0.81,3,-0.15,1.15,1
9476,0,0,0,15.06,74,-10.66,15.76,NaN
9480,1,4,-0.2,1.65,4,-0.2,1.54,1
9480,1,4,-0.2,1.13,4,-0.2,1.54,1
9483,1,3.3,-0.16,0.95,3.3,-0.16,1.27,1
9485,1,6.6,-0.95,2.28,6.6,-0.95,1.41,1
9491,1,100.49,21.41,39.58,100.5,-14.47,21.41,1
9495,0,0,0,0.77,4.6,-0.51,2.34,NaN
9497,1,25,-1.22,9.47,25,-1.22,9.6,1
9499,1,1,-0.05,0.27,1,-0.05,0.38,1
9499,0,0,0,0.34,1,-0.05,0.38,NaN
9500,1,1,-0.05,0.49,1,-0.05,0.38,1
9501,1,1,-0.05,0.43,1,-0.05,0.38,1
9506,0,0,0,0.39,1,-0.05,0.38,NaN
9507,1,1,-0.05,0.33,1,-0.05,0.38,1
9509,1,1,-0.05,0.49,1,-0.05,0.38,1
9509,1,1,-0.05,0.35,1,-0.05,0.38,1
9510,1,1,-0.05,0.13,1,-0.05,0.38,1
9515,1,33.5,-3.72,9.04,33.5,-3.72,17.05,1
9516,1,33.5,-3.72,7.26,33.5,-3.72,17.05,1
9521,1,6.05,-0.3,1.21,6.05,-0.3,2.32,1
9521,1,6.05,-0.3,2.29,6.05,-0.3,2.32,1
9522,1,6.05,-0.3,1.87,6.05,-0.3,2.32,1
9522,1,6.05,-0.3,2.25,6.05,-0.3,2.32,1
9523,1,6.05,-0.3,2.43,6.05,-0.3,2.32,1
9524,1,6.05,-0.3,2.72,6.05,-0.3,2.32,1
9528,1,10,3.84,2.84,10,-0.49,3.84,1
9529,1,10,3.84,3.06,10,-0.49,3.84,1
9532,1,2.97,-0.15,1.36,2.98,-0.15,1.14,1
9532,1,2.97,-0.15,0.39,2.98,-0.15,1.14,1
9532,1,2.97,-0.15,0.35,2.98,-0.15,1.14,1
9532,1,2.97,-0.15,1.48,2.98,-0.15,1.14,1
9535,1,2.5,-0.12,0.77,2.5,-0.12,0.96,1
9536,0,0,0,0.41,2.5,-0.12,0.96,NaN
9542,1,42.09,10.162639522752,5.33,42.1,-5.14,19.62,0.517973472107645
9543,1,2,0.93,0.28,2,-0.24,0.93,1
9543,1,1.7,0.79,0.54,1.7,-0.21,0.79,1
9547,1,45.29,4.31507334313076,6.41,45.3,-5.03,23.06,0.187123735608446
9547,1,45.29,4.31507334313076,17.49,45.3,-5.03,23.06,0.187123735608446
9550,1,2.9,1.11,0.5,2.9,-0.14,1.11,1
9550,1,2.9,1.11,0.85,2.9,-0.14,1.11,1
9550,1,2.9,1.11,0.42,2.9,-0.14,1.11,1
9551,0,0,0,0.23,1.2,-0.06,0.46,NaN
9552,1,2.9,-0.14,0.55,2.9,-0.14,1.11,1
9558,1,901.68,77.3022200492982,293.33,901.8,-110.02,420.24,0.183947791855364
9559,1,901.68,77.2065510608121,326.87,901.8,-110.02,420.24,0.183720138636998
9560,1,1.1,-0.13,0.15,1.1,-0.13,0.51,1
9564,1,2,0.77,0.47,2,-0.1,0.77,1
9564,1,2,0.77,0.41,2,-0.1,0.77,1
9568,1,2,0.77,0.3,2,-0.1,0.77,1
9568,1,2,0.77,0.88,2,-0.1,0.77,1
9569,0,0,0,0.8,2,-0.1,0.77,NaN
9573,1,4,1.54,1.39,4,-0.2,1.54,1
9573,1,4,1.54,1.94,4,-0.2,1.54,1
9574,0,0,0,0.71,4,-0.2,1.54,NaN
9574,1,4,1.54,0.89,4,-0.2,1.54,1
9577,0,0,0,2.46,24,-1.18,9.22,NaN
9580,1,1.1,-0.05,0.38,1.1,-0.05,0.42,1
9581,1,1.1,-0.05,0.13,1.1,-0.05,0.42,1
9582,1,1.1,-0.05,0.4,1.1,-0.05,0.42,1
9587,1,33.1,16.85,12.93,33.1,-3.67,16.85,1
9587,1,33.1,16.85,14.55,33.1,-3.67,16.85,1
9591,1,39.99,1.79996979669777,11.56,40,-1.96,15.36,0.117185533639178
9591,0,0,0,16.06,40,-1.96,15.36,NaN
9592,1,39.99,-0.757734008678709,14.11,40,-1.96,15.36,0.38659898401975
9592,1,39.99,-0.757734008678709,12.71,40,-1.96,15.36,0.38659898401975
9593,0,0,0,6.83,40,-1.96,15.36,NaN
9593,1,39.99,5.69777361751087,5.76,40,-1.96,15.36,0.370948803223364
9596,1,1,-0.05,0.23,1,-0.05,0.38,1
9596,0,0,0,0.38,1,-0.05,0.38,NaN
9596,1,2.7,-0.13,0.68,2.7,-0.13,1.04,1
9596,0,0,0,0.85,2.7,-0.13,1.04,NaN
9596,1,2.7,-0.13,0.42,2.7,-0.13,1.04,1
9600,1,55.32,-6.14,19.48,55.33,-6.14,28.16,1
9601,1,55.32,-6.14,6.07,55.33,-6.14,28.16,1
9602,1,55.32,-6.14,25.85,55.33,-6.14,28.16,1
9603,1,55.32,-6.14,15.36,55.33,-6.14,28.16,1
9606,1,0.57,-0.03,0.2,0.57,-0.03,0.22,1
9606,1,0.57,-0.03,0.23,0.57,-0.03,0.22,1
9606,0,0,0,0.25,0.57,-0.03,0.22,NaN
9606,1,4.5,-0.22,2.22,4.5,-0.22,1.73,1
9606,1,4.5,-0.22,2.17,4.5,-0.22,1.73,1
9610,1,220.47,96.3618995264669,43.61,220.5,-24.48,112.23,0.858610884134963
9611,1,220.47,93.0916838957491,95.17,220.5,-24.48,112.23,0.829472368312832
9612,1,220.47,102.730017167786,75.51,220.5,-24.48,112.23,0.915352554288394
9613,1,220.47,112.23,65.67,220.5,-24.48,112.23,1
9614,1,220.47,64.3557617751617,83.56,220.5,-24.48,112.23,0.573427441639149
9615,1,220.47,102.322513686123,25.38,220.5,-24.48,112.23,0.911721586796072
9619,1,1.5,-0.07,0.2,1.5,-0.07,0.58,1
9619,1,1.5,-0.07,0.49,1.5,-0.07,0.58,1
9621,1,2.23,-0.11,0.54,2.23,-0.11,0.86,1
9621,1,2.23,-0.11,1.09,2.23,-0.11,0.86,1
9621,0,0,0,0.33,2.23,-0.11,0.86,NaN
9624,1,0.7,-0.03,0.31,0.7,-0.03,0.27,1
9624,1,0.7,-0.03,0.1,0.7,-0.03,0.27,1
9625,1,0.7,-0.03,0.21,0.7,-0.03,0.27,1
9625,1,0.7,-0.03,0.29,0.7,-0.03,0.27,1
9626,1,0.7,-0.03,0.33,0.7,-0.03,0.27,1
9630,0,0,0,0.4,1.7,-0.08,0.65,NaN
9630,1,1,-0.05,0.13,1,-0.05,0.38,1
9631,0,0,0,0.33,1,-0.05,0.38,NaN
9631,1,1,-0.05,0.11,1,-0.05,0.38,1
9632,1,1,-0.05,0.29,1,-0.05,0.38,1
9632,0,0,0,0.09,0.8,-0.04,0.31,NaN
9633,1,0.8,-0.04,0.36,0.8,-0.04,0.31,1
9637,1,94.39,1.27066574828393,17.83,94.4,-13.59,20.11,0.0631857657028311
9640,0,0,0,6.13,19,-0.93,7.3,NaN
9648,1,100.49,-0.827780111282717,42.58,100.5,-14.47,21.41,0.0572066421066148
9652,1,2.3,0.88,1.07,2.3,-0.11,0.88,1
9652,1,2.3,0.88,0.92,2.3,-0.11,0.88,1
9656,0,0,0,0.53,1.6,-0.08,0.61,NaN
9656,1,1.6,0.61,0.22,1.6,-0.08,0.61,1
9657,0,0,0,0.29,0.95,-0.05,0.36,NaN
9658,1,0.95,0.36,0.41,0.95,-0.05,0.36,1
9662,1,1.8,0.69,0.55,1.8,-0.09,0.69,1
9662,1,1,0.38,0.32,1,-0.05,0.38,1
9663,1,1,0.38,0.48,1,-0.05,0.38,1
9663,1,1,0.38,0.1,1,-0.05,0.38,1
9664,1,1,0.38,0.4,1,-0.05,0.38,1
9664,0,0,0,0.21,0.9,-0.04,0.35,NaN
9665,1,0.9,0.35,0.14,0.9,-0.04,0.35,1
9668,1,5,-0.25,1.8,5,-0.25,1.92,1
9668,1,5,-0.25,1.34,5,-0.25,1.92,1
9668,0,0,0,1.98,5,-0.25,1.92,NaN
9671,1,0.5,-0.02,0.17,0.5,-0.02,0.19,1
9672,1,0.5,-0.02,0.2,0.5,-0.02,0.19,1
9674,0,0,0,0.43,2,-0.1,0.77,NaN
9674,1,1.5,-0.07,0.63,1.5,-0.07,0.58,1
9675,1,1.5,-0.07,0.61,1.5,-0.07,0.58,1
9678,0,0,0,0.63,4,-0.2,1.54,NaN
9678,1,4,-0.2,1.5,4,-0.2,1.54,1
9678,1,4,-0.2,1.53,4,-0.2,1.54,1
9680,0,0,0,0.19,0.5,-0.02,0.19,NaN
9680,1,0.5,0.19,0.12,0.5,-0.02,0.19,1
9680,1,8.5,3.26,0.92,8.5,-0.42,3.26,1
9683,0,0,0,7.05,15,-2.16,3.2,NaN
9685,0,0,0,0.59,2.4,-0.12,0.92,NaN
9685,1,2.4,0.92,1.16,2.4,-0.12,0.92,1
9689,1,613.92,225.95,277.12,614,-50.35,225.95,1
9693,1,2,0.77,0.97,2,-0.1,0.77,1
9693,0,0,0,0.3,1,-0.05,0.38,NaN
9694,1,1,0.38,0.18,1,-0.05,0.38,1
9697,1,51.34,11.3712986824686,13.83,51.35,-5.7,26.14,0.435015251815936
9697,1,51.34,11.3712986824686,10.88,51.35,-5.7,26.14,0.435015251815936
9699,1,80.99,-11.66,12.83,81,-11.66,17.25,1
9702,1,1.83,-0.09,0.85,1.83,-0.09,0.7,1
9702,1,1.83,-0.09,0.6,1.83,-0.09,0.7,1
9703,1,1.83,-0.09,0.25,1.83,-0.09,0.7,1
9706,1,12.7,-1.41,6.32,12.7,-1.41,6.46,1
9706,1,12.7,-1.41,3.51,12.7,-1.41,6.46,1
9710,1,89.19,23.6791097040243,42.14,89.2,-9.9,45.4,0.521566293040184
9711,1,89.19,45.4,16.27,89.2,-9.9,45.4,1
9712,1,89.19,35.013564695917,9.36,89.2,-9.9,45.4,0.771223891980551
9713,1,89.19,34.5228795460003,28.25,89.2,-9.9,45.4,0.760415849030844
9714,1,89.19,20.1644712337435,14.79,89.2,-9.9,45.4,0.444151348760869
9717,1,14.53,-0.71,1.5,14.53,-0.71,5.58,1
9717,0,0,0,6.49,14.53,-0.71,5.58,NaN
9718,1,0.4,0.15,0.16,0.4,-0.02,0.15,1
9719,1,14.53,-0.71,3.6,14.53,-0.71,5.58,1
9723,1,27.65,14.07,6.64,27.65,-3.07,14.07,1
9723,1,27.65,14.07,11.81,27.65,-3.07,14.07,1
9726,1,4,-0.2,1.87,4,-0.2,1.54,1
9726,0,0,0,0.91,4,-0.2,1.54,NaN
9729,1,36,-4,10.33,36,-4,18.32,1
9729,1,36,-4,5.67,36,-4,18.32,1
9732,1,1.5,-0.07,0.16,1.5,-0.07,0.58,1
9732,1,1.5,-0.07,0.66,1.5,-0.07,0.58,1
9733,1,1.5,-0.07,0.59,1.5,-0.07,0.58,1
9733,1,1.5,-0.07,0.26,1.5,-0.07,0.58,1
9736,1,1.7,-0.24,0.28,1.7,-0.24,0.36,1
9736,1,1.7,-0.24,0.42,1.7,-0.24,0.36,1
9738,1,28.7,14.61,10.64,28.7,-3.19,14.61,1
9738,1,28.7,14.61,4.18,28.7,-3.19,14.61,1
9744,1,214.97,-30.96,67.43,215,-30.96,45.79,1
9747,1,3.3,-0.16,0.51,3.3,-0.16,1.27,1
9751,1,161.23,75.14,37.47,161.25,-19.67,75.14,1
9752,0,0,0,44.81,161.25,-19.67,75.14,NaN
9755,0,0,0,0.87,5.8,-0.64,2.95,NaN
9758,1,1.3,0.5,0.59,1.3,-0.06,0.5,1
9758,0,0,0,0.38,1.3,-0.06,0.5,NaN
9759,0,0,0,0.11,1,-0.05,0.38,NaN
9759,1,1,0.38,0.23,1,-0.05,0.38,1
9762,1,4.8,1.84,1.93,4.8,-0.24,1.84,1
9762,0,0,0,1.03,4.8,-0.24,1.84,NaN
9762,1,4.8,1.84,1.96,4.8,-0.24,1.84,1
9768,1,95.19,23.6185504993674,28.13,95.2,-10.57,48.46,0.487382387523058
9769,1,95.19,23.829943044867,20.91,95.2,-10.57,48.46,0.491744594405015
9770,1,95.19,31.1998909792487,46.9,95.2,-10.57,48.46,0.643827713149993
9774,1,31.45,-1.97428727210467,14.54,31.45,-3.49,16.01,0.565698358769248
9774,1,31.45,-1.97428727210467,11.36,31.45,-3.49,16.01,0.565698358769248
9777,0,0,0,2.82,21.65,-2.64,10.09,NaN
9777,0,0,0,7.57,21.65,-2.64,10.09,NaN
9777,0,0,0,4.5,21.65,-2.64,10.09,NaN
9777,1,21.65,10.09,4.24,21.65,-2.64,10.09,1
9777,0,0,0,9.85,21.65,-2.64,10.09,NaN
9777,0,0,0,6.79,21.65,-2.64,10.09,NaN
9779,1,29.95,1.17086699446831,3.53,29.95,-3.32,15.24,0.0768285429441149
9779,1,29.95,1.17086699446831,3.02,29.95,-3.32,15.24,0.0768285429441149
9783,1,151.98,20.9064731986675,35.12,152,-7.45,58.37,0.358171547004755
9784,1,151.98,44.463344360612,49.86,152,-7.45,58.37,0.761749946215728
9785,1,151.98,36.7378520367381,67.13,152,-7.45,58.37,0.629396128777422
9786,1,151.98,26.3495015259696,17.11,152,-7.45,58.37,0.451421989480377
9787,0,0,0,55.84,152,-7.45,58.37,NaN
9788,1,151.98,28.7285002287451,59.98,152,-7.45,58.37,0.492179205563562
9791,1,0.67,0.26,0.28,0.67,-0.03,0.26,1
9791,1,0.67,0.26,0.1,0.67,-0.03,0.26,1
9791,1,0.67,0.26,0.15,0.67,-0.03,0.26,1
9791,1,1,0.38,0.26,1,-0.05,0.38,1
9791,0,0,0,0.2,1,-0.05,0.38,NaN
9791,1,1,0.38,0.41,1,-0.05,0.38,1
9791,1,1,0.38,0.25,1,-0.05,0.38,1
9793,1,2.5,0.96,0.31,2.5,-0.12,0.96,1
9793,0,0,0,1.73,8.2,-0.4,3.15,NaN
9793,1,8.2,3.15,2.85,8.2,-0.4,3.15,1
9796,1,28.3,-3.14,8.91,28.3,-3.14,14.4,1
9797,1,28.3,-3.14,10.88,28.3,-3.14,14.4,1
9801,1,30,-4.32,13.26,30,-4.32,6.39,1
9803,0,0,0,0.18,1.6,-0.18,0.81,NaN
9803,0,0,0,0.34,1.6,-0.18,0.81,NaN
9804,0,0,0,0.75,1.6,-0.18,0.81,NaN
9805,0,0,0,0.65,1.6,-0.18,0.81,NaN
9810,1,0.75,-0.04,0.12,0.75,-0.04,0.29,1
9810,1,0.75,-0.04,0.15,0.75,-0.04,0.29,1
9811,1,0.75,-0.04,0.09,0.75,-0.04,0.29,1
9811,1,0.75,-0.04,0.14,0.75,-0.04,0.29,1
9812,1,0.65,-0.03,0.3,0.65,-0.03,0.25,1
9812,1,0.65,-0.03,0.18,0.65,-0.03,0.25,1
9818,1,156.78,69.6866527959812,43.09,156.8,-19.13,73.07,0.953697177993448
9819,1,156.78,73.07,48.12,156.8,-19.13,73.07,1
9820,1,156.78,54.5212410633187,59.05,156.8,-19.13,73.07,0.746150828839725
9821,1,156.78,66.7179460015612,31.13,156.8,-19.13,73.07,0.913068920234859
9825,1,19.25,-0.94,7.79,19.25,-0.94,7.39,1
9825,1,19.25,-0.94,3.89,19.25,-0.94,7.39,1
9829,1,7.3,2.8,2.01,7.3,-0.36,2.8,1
9830,1,7.3,-0.36,1.9,7.3,-0.36,2.8,1
9830,1,7.3,-0.36,3.13,7.3,-0.36,2.8,1
9834,1,29.75,-4.28,12.5,29.75,-4.28,6.34,1
9834,1,29.75,-4.28,5.27,29.75,-4.28,6.34,1
9840,1,28,-0.618968301696338,9.71,28,-1.37,10.75,0.451801680070319
9841,1,28,-0.618968301696338,6.47,28,-1.37,10.75,0.451801680070319
9846,1,40.86,5.30911385639447,10.22,40.87,-4.54,20.8,0.255245858480503
9847,1,40.86,6.85798643184341,12.13,40.87,-4.54,20.8,0.329710886146318
9847,1,40.86,6.85798643184341,6.69,40.87,-4.54,20.8,0.329710886146318
9851,0,0,0,0.78,2,-0.1,0.77,NaN
9851,1,2,0.77,0.66,2,-0.1,0.77,1
9852,1,2,0.77,0.21,2,-0.1,0.77,1
9852,1,1.5,0.58,0.2,1.5,-0.07,0.58,1
9853,1,0.5,0.19,0.09,0.5,-0.02,0.19,1
9854,1,0.5,0.19,0.22,0.5,-0.02,0.19,1
9859,1,73.49,37.41,26.99,73.5,-8.16,37.41,1
9860,1,73.49,37.41,7.38,73.5,-8.16,37.41,1
9864,0,0,0,0.55,2,-0.1,0.77,NaN
9864,1,2,-0.1,0.58,2,-0.1,0.77,1
9868,1,404.79,70.191906012846,151.29,404.85,-19.84,155.46,0.451511038291818
9869,0,0,0,140.31,404.85,-19.84,155.46,NaN
9870,1,404.79,70.5700885994468,133.73,404.85,-19.84,155.46,0.453943706416099
9871,1,404.79,71.0253271505549,80.57,404.85,-19.84,155.46,0.456872038791682
9872,1,404.79,69.995881340627,118.72,404.85,-19.84,155.46,0.450250105111456
9873,1,404.79,71.1983819012492,122.22,404.85,-19.84,155.46,0.457985217427307
9881,1,223.24,61.2478164887258,85.34,223.27,-24.78,113.65,0.538916115166967
9882,1,223.24,60.3464483924987,82.27,223.27,-24.78,113.65,0.53098502765067
9883,1,223.24,60.4511995750359,32.47,223.27,-24.78,113.65,0.531906727453022
9884,1,223.24,55.9252930935122,27.39,223.27,-24.78,113.65,0.492083529199404
9888,1,2,-0.1,0.6,2,-0.1,0.77,1
9889,1,2,-0.1,0.72,2,-0.1,0.77,1
9891,1,2,0.77,0.74,2,-0.1,0.77,1
9894,1,47.69,-5.29,11.28,47.7,-5.29,24.28,1
9897,0,0,0,0.06,0.3,-0.01,0.12,NaN
9898,0,0,0,0.08,0.3,-0.01,0.12,NaN
9900,1,2.2,0.84,0.95,2.2,-0.11,0.84,1
9900,1,2.2,0.84,0.51,2.2,-0.11,0.84,1
9901,1,0.3,-0.01,0.1,0.3,-0.01,0.12,1
9901,1,0.3,-0.01,0.09,0.3,-0.01,0.12,1
9902,0,0,0,0.13,0.3,-0.01,0.12,NaN
9907,1,53.89,20.4237686400265,20.14,53.9,-5.98,27.44,0.744306437318749
9908,1,53.89,16.4906244968708,20.97,53.9,-5.98,27.44,0.600970280498208
9915,0,0,0,30.62,87.5,-12.6,18.64,NaN
9919,1,51.04,-5.67,18.28,51.05,-5.67,25.98,1
9920,1,51.04,-5.67,20,51.05,-5.67,25.98,1
9923,0,0,0,3.67,9.38,-1.04,4.77,NaN
9923,1,9.37,-1.04,4.13,9.38,-1.04,4.77,1
9923,1,9.37,-1.04,2.47,9.38,-1.04,4.77,1
9923,1,9.37,-1.04,3.93,9.38,-1.04,4.77,1
9926,1,8,-0.39,2.73,8,-0.39,3.07,1
9926,0,0,0,2.85,8,-0.39,3.07,NaN
9929,0,0,0,0.11,0.37,-0.02,0.14,NaN
9929,1,1.1,0.42,0.23,1.1,-0.05,0.42,1
9929,1,1.1,0.42,0.24,1.1,-0.05,0.42,1
9930,1,0.37,-0.02,0.07,0.37,-0.02,0.14,1
9931,1,0.37,-0.02,0.1,0.37,-0.02,0.14,1
9937,1,22,-1.08,8.19,22,-1.08,8.45,1
9938,1,22,-1.08,4.87,22,-1.08,8.45,1
9942,1,0.4,-0.02,0.12,0.4,-0.02,0.15,1
9943,1,0.4,-0.02,0.13,0.4,-0.02,0.15,1
9945,1,6.5,-0.32,2.44,6.5,-0.32,2.5,1
9945,1,6.5,-0.32,0.83,6.5,-0.32,2.5,1
9946,0,0,0,0.2,0.4,-0.02,0.15,NaN
9947,0,0,0,0.2,0.4,-0.02,0.15,NaN
9952,1,80.49,17.15,19.11,80.5,-11.59,17.15,1
9953,0,0,0,14.61,80.5,-11.59,17.15,NaN
9954,0,0,0,11,80.5,-11.59,17.15,NaN
9955,1,80.49,17.15,37.56,80.5,-11.59,17.15,1
9962,1,10.87,-0.53,3.17,10.87,-0.53,4.17,1
9962,1,10.87,-0.53,3.56,10.87,-0.53,4.17,1
9963,1,10.87,-0.53,3.68,10.87,-0.53,4.17,1
9967,1,9,-0.44,2.9,9,-0.44,3.46,1
9967,1,9,-0.44,1.68,9,-0.44,3.46,1
9970,1,9,3.46,1.91,9,-0.44,3.46,1
9971,1,9,3.46,2.06,9,-0.44,3.46,1
9976,1,15,-0.74,2.87,15,-0.74,5.76,1
9980,1,18,6.91,2.3,18,-0.88,6.91,1
9983,1,2,0.77,0.44,2,-0.1,0.77,1
9983,1,2,0.77,0.56,2,-0.1,0.77,1
9983,1,2,0.77,0.38,2,-0.1,0.77,1
9986,1,2.73,1.05,1.32,2.73,-0.13,1.05,1
9986,0,0,0,0.73,2.73,-0.13,1.05,NaN
9987,1,2.73,1.05,0.72,2.73,-0.13,1.05,1
9990,0,0,0,0.86,2,-0.1,0.77,NaN
9990,1,5,-0.25,2.34,5,-0.25,1.92,1
9993,1,1.1,-0.05,0.46,1.1,-0.05,0.42,1
9994,1,1.1,-0.05,0.12,1.1,-0.05,0.42,1
9996,1,1.1,-0.05,0.28,1.1,-0.05,0.42,1
9996,1,1.1,-0.05,0.43,1.1,-0.05,0.42,1
9997,1,1.1,-0.05,0.23,1.1,-0.05,0.42,1
10001,1,8.4,3.23,2.1,8.4,-0.41,3.23,1
10001,1,8.4,3.23,2.59,8.4,-0.41,3.23,1
10001,0,0,0,2.91,8.4,-0.41,3.23,NaN
10001,1,8.4,3.23,1.41,8.4,-0.41,3.23,1
10001,1,8.4,3.23,3.68,8.4,-0.41,3.23,1
10005,0,0,0,0.69,3,-0.15,1.15,NaN
10007,0,0,0,0.75,1.8,-0.09,0.69,NaN
10007,0,0,0,0.92,4,-0.2,1.54,NaN
10007,1,4,-0.2,1.83,4,-0.2,1.54,1
10011,1,249.97,35.4350469940655,111.07,250,-12.25,96,0.369115072854849
10012,1,249.97,56.542881090296,114.06,250,-12.25,96,0.588988344690583
10013,1,249.97,55.67449664508,83.05,250,-12.25,96,0.57994267338625
10014,1,249.97,56.165280479415,114.16,250,-12.25,96,0.585055004993907
10015,1,0.7,0.27,0.14,0.7,-0.03,0.27,1
10015,1,0.7,0.27,0.12,0.7,-0.03,0.27,1
10020,0,0,0,99.89,200,-24.4,93.2,NaN
10021,0,0,0,89.12,200,-24.4,93.2,NaN
10026,1,125.98,-18.14,14.05,126,-18.14,26.84,1
10030,1,11.5,2.45,2.41,11.5,-1.66,2.45,1
10034,1,3.4,1.31,0.73,3.4,-0.17,1.31,1
10041,1,32.1,16.34,13.02,32.1,-3.56,16.34,1
10041,1,32.1,16.34,15.51,32.1,-3.56,16.34,1
10044,0,0,0,0.5,3,-0.15,1.15,NaN
10051,1,5,-0.25,2.12,5,-0.25,1.92,1
10052,1,5,-0.25,1.8,5,-0.25,1.92,1
10055,0,0,0,2.5,16.2,-2.33,3.45,NaN
10057,1,0.33,-0.02,0.14,0.33,-0.02,0.13,1
10057,1,3.4,-0.17,0.58,3.4,-0.17,1.31,1
10057,1,0.33,-0.02,0.04,0.33,-0.02,0.13,1
10057,1,0.33,-0.02,0.06,0.33,-0.02,0.13,1
10057,1,0.5,-0.02,0.05,0.5,-0.02,0.19,1
10057,0,0,0,0.12,0.5,-0.02,0.19,NaN
10057,0,0,0,0.07,0.55,-0.03,0.21,NaN
10057,1,0.55,-0.03,0.15,0.55,-0.03,0.21,1
10057,1,0.7,-0.03,0.08,0.7,-0.03,0.27,1
10057,1,0.7,-0.03,0.35,0.7,-0.03,0.27,1
10060,1,1.7,0.65,0.79,1.7,-0.08,0.65,1
10061,1,1.7,0.65,0.3,1.7,-0.08,0.65,1
10064,1,4,-0.2,1.13,4,-0.2,1.54,1
10067,1,3,1.15,1.3,3,-0.15,1.15,1
10067,1,3,1.15,0.6,3,-0.15,1.15,1
10071,1,21.6,-2.64,9.17,21.6,-2.64,10.07,1
10071,0,0,0,0.34,2.1,-0.26,0.98,NaN
10074,1,34.5,-4.97,5.01,34.5,-4.97,7.35,1
10077,1,6.9,-0.34,2.64,6.9,-0.34,2.65,1
10078,1,6.9,-0.34,1.32,6.9,-0.34,2.65,1
10081,0,0,0,0.29,0.65,-0.03,0.25,NaN
10081,1,0.65,-0.03,0.32,0.65,-0.03,0.25,1
10081,1,3.6,-0.18,0.7,3.6,-0.18,1.38,1
10085,0,0,0,70.59,655.1,-79.92,305.28,NaN
10089,1,11,-0.54,4.56,11,-0.54,4.22,1
10089,1,11,-0.54,1.96,11,-0.54,4.22,1
10092,0,0,0,0.51,3.8,-0.42,1.93,NaN
10096,1,111.98,23.86,18.02,112,-16.13,23.86,1
10100,1,37.49,-5.4,18.01,37.5,-5.4,7.99,1
10103,1,12.6,4.84,4.4,12.6,-0.62,4.84,1
10103,0,0,0,0.22,0.5,-0.02,0.19,NaN
10104,1,0.5,-0.02,0.24,0.5,-0.02,0.19,1
10109,1,26.9,-0.374549896003858,5.82,26.9,-2.99,13.69,0.12526752374711
10112,1,1.2,0,0.47,1.2,0,0,NaN
10112,1,1.8,0,0.59,1.8,0,0,NaN
10112,0,0,0,0.76,2,0,0,NaN
10112,1,2.7,0,0.99,2.7,0,0,NaN
10114,1,44.09,-4.9,14.75,44.1,-4.9,22.45,1
10114,1,44.09,-4.9,6.47,44.1,-4.9,22.45,1
10117,1,0.7,-0.03,0.22,0.7,-0.03,0.27,1
10118,1,0.7,-0.03,0.27,0.7,-0.03,0.27,1
10120,0,0,0,0.26,0.7,-0.03,0.27,NaN
10121,1,0.7,-0.03,0.18,0.7,-0.03,0.27,1
10123,1,0.7,-0.03,0.29,0.7,-0.03,0.27,1
10124,1,0.7,-0.03,0.23,0.7,-0.03,0.27,1
10129,1,4,-0.2,1.38,4,-0.2,1.54,1
10131,1,5,-0.25,2.23,5,-0.25,1.92,1
10134,1,4.13,-0.2,0.73,4.13,-0.2,1.59,1
10134,1,4.13,-0.2,0.83,4.13,-0.2,1.59,1
10135,0,0,0,0.86,4.13,-0.2,1.59,NaN
10139,1,25,-1.22,4.25,25,-1.22,9.6,1
10143,1,21,-1.03,3.54,21,-1.03,8.06,1
10146,1,5.7,-0.28,2.31,5.7,-0.28,2.19,1
10146,1,5.7,-0.28,1.5,5.7,-0.28,2.19,1
10148,0,0,0,0.58,1.9,-0.09,0.73,NaN
10148,1,1.9,-0.09,0.87,1.9,-0.09,0.73,1
10148,0,0,0,0.84,1.9,-0.09,0.73,NaN
10152,1,3.8,1.46,0.61,3.8,-0.19,1.46,1
10156,1,106.49,-15.34,38.59,106.5,-15.34,22.68,1
10158,1,1.1,-0.13,0.14,1.1,-0.13,0.51,1
10158,1,1.12,-0.14,0.24,1.12,-0.14,0.52,1
10158,1,1.12,-0.14,0.34,1.12,-0.14,0.52,1
10158,1,1.12,-0.14,0.37,1.12,-0.14,0.52,1
10158,1,1.12,-0.14,0.46,1.12,-0.14,0.52,1
10158,1,1.12,-0.14,0.21,1.12,-0.14,0.52,1
10160,0,0,0,4.2,9.83,-0.48,3.78,NaN
10160,0,0,0,2.01,9.83,-0.48,3.78,NaN
10160,1,9.83,-0.48,3.01,9.83,-0.48,3.78,1
10160,1,9.83,-0.48,2.45,9.83,-0.48,3.78,1
10160,1,9.83,-0.48,2.03,9.83,-0.48,3.78,1
10160,0,0,0,1.09,9.83,-0.48,3.78,NaN
11401,1,1169.84,429.384949566574,464.87,1170,-95.94,430.56,0.99727087877781
11402,1,1169.84,427.96027504762,273.76,1170,-95.94,430.56,0.99396199147069
11407,0,0,0,3.17,7.5,0,0,NaN
11408,1,1,0,0.19,1,0,0,NaN
11411,0,0,0,3.29,10,0,0,NaN
11414,1,1.1,0,0.46,1.1,0,0,NaN
11415,0,0,0,0.18,1.4,0,0,NaN
11417,1,1.4,0,0.28,1.4,0,0,NaN
11418,1,5,0,1.74,5,0,0,NaN
11423,1,163.18,-13.1252170683521,57.46,163.2,-19.91,76.05,0.659227376612359
11430,1,80.99,26.7953536117473,24.25,81,-8.99,41.23,0.64989943273702
11431,1,80.99,22.3834413521213,13.99,81,-8.99,41.23,0.54289210167648
11432,1,80.99,20.1826792513401,17.87,81,-8.99,41.23,0.489514413081253
11435,0,0,0,3.87,15,-1.67,7.64,NaN
11435,0,0,0,3.85,15,-1.67,7.64,NaN
11438,0,0,0,0.98,3,-0.33,1.53,NaN
11439,0,0,0,0.89,5,-0.55,2.55,NaN
11444,1,7.5,0,1.12,7.5,0,0,NaN
11444,0,0,0,0.29,1.5,0,0,NaN
11445,1,1.1,0,0.53,1.1,0,0,NaN
11445,0,0,0,0.11,0.25,0,0,NaN
11446,0,0,0,0.12,0.25,0,0,NaN
11446,1,0.25,0,0.05,0.25,0,0,NaN
11447,0,0,0,0.08,0.25,0,0,NaN
11447,1,0.25,0,0.09,0.25,0,0,NaN
11448,1,0.25,0,0.11,0.25,0,0,NaN
11451,1,5,0,1.74,5,0,0,NaN
11453,1,38.39,-4.26,10.47,38.4,-4.26,19.55,1
11453,1,38.39,-4.26,13.16,38.4,-4.26,19.55,1
11456,0,0,0,1.84,7.9,-0.88,4.02,NaN
11457,0,0,0,1.25,7.9,-0.88,4.02,NaN
11461,0,0,0,2.47,5.1,-0.57,2.6,NaN
11461,0,0,0,1.6,5.1,-0.57,2.6,NaN
11464,1,2.6,0,0.37,2.6,0,0,NaN
11464,1,2.5,0,0.72,2.5,0,0,NaN
11468,1,47.89,24.38,12.93,47.9,-5.32,24.38,1
11468,1,47.89,24.38,18.16,47.9,-5.32,24.38,1
11469,1,47.89,24.38,6.56,47.9,-5.32,24.38,1
11469,1,47.89,24.38,6.23,47.9,-5.32,24.38,1
11472,0,0,0,0.29,0.75,0,0,NaN
11472,0,0,0,0.31,0.75,0,0,NaN
11472,0,0,0,0.75,2.05,0,0,NaN
11472,0,0,0,0.75,2.05,0,0,NaN
11472,1,3.1,0,0.87,3.1,0,0,NaN
11472,1,4.3,0,1.84,4.3,0,0,NaN
11475,0,0,0,4.24,14.4,-1.6,7.33,NaN
11475,0,0,0,1.5,14.4,-1.6,7.33,NaN
11478,1,33.75,17.18,14.77,33.75,-3.75,17.18,1
11478,1,33.75,17.18,6.36,33.75,-3.75,17.18,1
11479,1,33.75,17.18,11.56,33.75,-3.75,17.18,1
11479,1,33.75,17.18,7.64,33.75,-3.75,17.18,1
11486,1,113.03,-6.96479257479491,54.78,113.05,-12.55,57.54,0.554963551776487
11487,1,113.03,-12.55,44.18,113.05,-12.55,57.54,1
11488,1,113.03,-12.55,49.18,113.05,-12.55,57.54,1
11489,1,113.03,-12.55,34.39,113.05,-12.55,57.54,1
11493,1,100.82,32.3435899335927,14.43,100.83,-11.19,51.32,0.630233630818252
11494,1,100.82,29.1189150470701,13.41,100.83,-11.19,51.32,0.567398968181413
11495,1,100.82,33.4070688065517,18.81,100.83,-11.19,51.32,0.650956134188459
11496,1,100.82,32.457177474298,36,100.83,-11.19,51.32,0.632446950005807
11497,1,100.82,24.9224002188506,20.83,100.83,-11.19,51.32,0.485627439962015
11498,1,100.82,38.5297006279792,13.39,100.83,-11.19,51.32,0.75077358978915
11502,0,0,0,0.74,2,0,0,NaN
11503,1,1.9,0,0.69,1.9,0,0,NaN
11504,0,0,0,0.49,1.3,0,0,NaN
11508,1,41.79,15.8651241560901,15.64,41.8,-5.1,19.48,0.81443142485062
11512,0,0,0,4.15,18,-2.2,8.39,NaN
11514,1,2,0.93,0.28,2,-0.24,0.93,1
11514,1,2,0.93,0.94,2,-0.24,0.93,1
11514,0,0,0,0.93,2,-0.24,0.93,NaN
11517,1,115.18,53.1629072068292,46.69,115.2,-14.05,53.68,0.990367123823196
11518,1,1.2,-0.15,0.16,1.2,-0.15,0.56,1
11522,1,4.1,0,0.93,4.1,0,0,NaN
11523,1,1.3,0,0.39,1.3,0,0,NaN
11526,1,71.19,36.24,34.79,71.2,-7.9,36.24,1
11532,1,1,0,0.33,1,0,0,NaN
11533,1,1.4,0,0.38,1.4,0,0,NaN
11535,1,3.5,0,1.55,3.5,0,0,NaN
11538,1,3,0,0.9,3,0,0,NaN
11538,1,16,0,6.13,16,0,0,NaN
11541,1,7.9,0,1.29,7.9,0,0,NaN
11541,1,3,0,0.82,3,0,0,NaN
11542,1,2,0,0.94,2,0,0,NaN
11548,1,1290.52,178.088925077933,333.91,1290.7,-105.84,474.98,0.37493983973627
11555,0,0,0,1.14,2.6,0,0,NaN
11555,1,1.3,0,0.59,1.3,0,0,NaN
11556,1,0.5,0,0.08,0.5,0,0,NaN
11556,1,0.5,0,0.06,0.5,0,0,NaN
11557,1,0.5,0,0.12,0.5,0,0,NaN
11557,1,0.5,0,0.1,0.5,0,0,NaN
11558,1,0.3,0,0.08,0.3,0,0,NaN
11559,1,0.3,0,0.07,0.3,0,0,NaN
11559,1,0.3,0,0.03,0.3,0,0,NaN
11560,0,0,0,0.14,0.3,0,0,NaN
11563,1,1.2,0,0.38,1.2,0,0,NaN
11563,0,0,0,0.53,1.7,0,0,NaN
11563,0,0,0,1.05,2.4,0,0,NaN
11563,1,3.8,0,1.42,3.8,0,0,NaN
11570,1,549.92,65.1229069264771,256.04,550,-45.1,202.4,0.321753492719749
11576,1,26.6,9.84903875598457,6.72,26.6,-2.95,13.54,0.727403157753661
11576,1,26.6,9.84903875598457,6.67,26.6,-2.95,13.54,0.727403157753661
11577,1,26.6,11.0994728498818,11.09,26.6,-2.95,13.54,0.819754272517117
11577,1,26.6,11.0994728498818,3.96,26.6,-2.95,13.54,0.819754272517117
11578,1,26.6,12.5434727939668,11.19,26.6,-2.95,13.54,0.926401240322508
11578,1,26.6,12.5434727939668,12.98,26.6,-2.95,13.54,0.926401240322508
11579,0,0,0,1.17,4.1,-0.46,2.09,NaN
11582,1,8,0,2.58,8,0,0,NaN
11583,0,0,0,0.09,0.2,0,0,NaN
11584,1,1,0,0.19,1,0,0,NaN
11588,1,52.99,24.7,20,53,-6.47,24.7,1
11588,1,52.99,24.7,17.11,53,-6.47,24.7,1
11588,1,52.99,24.7,18.78,53,-6.47,24.7,1
11588,1,52.99,24.7,12.86,53,-6.47,24.7,1
11596,0,0,0,1.3,3.5,0,0,NaN
11597,1,1.8,0,0.37,1.8,0,0,NaN
11598,1,2.1,0,0.87,2.1,0,0,NaN
11602,0,0,0,0.17,0.5,0,0,NaN
11602,1,0.5,0,0.15,0.5,0,0,NaN
11602,1,0.5,0,0.19,0.5,0,0,NaN
11602,1,0.5,0,0.17,0.5,0,0,NaN
11602,0,0,0,0.29,1.2,0,0,NaN
11602,1,10.1,0,1.9,10.1,0,0,NaN
11609,1,191.47,30.5399254358056,27.13,191.5,-21.26,97.47,0.313326412596754
11610,1,191.47,40.7279615529246,94.15,191.5,-21.26,97.47,0.417851252210163
11616,1,205.25,72.035214860236,66.24,205.28,-22.79,104.48,0.689464154481585
11617,1,205.25,24.7395013048422,47.69,205.28,-22.79,104.48,0.23678695735875
11618,1,205.25,35.703076900239,81.21,205.28,-22.79,104.48,0.341721639550526
11619,1,205.25,73.2655960528238,96.87,205.28,-22.79,104.48,0.701240391010947
11622,1,1.5,0,0.28,1.5,0,0,NaN
11622,1,2.05,0,0.28,2.05,0,0,NaN
11622,1,2.05,0,0.21,2.05,0,0,NaN
11626,1,67.24,34.23,31.43,67.25,-7.46,34.23,1
11627,1,67.24,34.23,32.74,67.25,-7.46,34.23,1
11631,1,46.33,23.58,5.84,46.33,-5.14,23.58,1
11631,1,46.33,23.58,18.08,46.33,-5.14,23.58,1
11632,1,46.33,23.58,23.09,46.33,-5.14,23.58,1
11636,1,1.2,0,0.38,1.2,0,0,NaN
11637,1,1.5,0,0.16,1.5,0,0,NaN
11639,1,2.5,0,1.17,2.5,0,0,NaN
11643,1,27,12.58,5.24,27,-3.29,12.58,1
11645,1,6.3,0,1.31,6.3,0,0,NaN
11647,1,1,0,0.27,1,0,0,NaN
11647,1,1,0,0.37,1,0,0,NaN
11647,1,1,0,0.48,1,0,0,NaN
11647,1,1.3,0,0.49,1.3,0,0,NaN
11647,1,1.7,0,0.71,1.7,0,0,NaN
11647,1,1.7,0,0.34,1.7,0,0,NaN
11649,1,85.32,13.6893330506185,42.56,85.33,-9.47,43.43,0.315204537200518
11649,1,85.32,13.6893330506185,23,85.33,-9.47,43.43,0.315204537200518
11649,1,85.32,13.6893330506185,11.46,85.33,-9.47,43.43,0.315204537200518
11649,1,85.32,13.6893330506185,28.21,85.33,-9.47,43.43,0.315204537200518
11649,1,85.32,13.6893330506185,36.73,85.33,-9.47,43.43,0.315204537200518
11649,1,85.32,13.6893330506185,41.99,85.33,-9.47,43.43,0.315204537200518
11652,0,0,0,3.1,7.8,-0.87,3.97,NaN
11655,0,0,0,0.61,2.8,0,0,NaN
11656,1,7,0,1.06,7,0,0,NaN
11659,1,52.99,-6.47,17.26,53,-6.47,24.7,1
11663,1,51.39,-5.71,8.35,51.4,-5.71,26.16,1
11664,1,51.39,0.19405884872509,21.64,51.4,-5.71,26.16,0.00741815170967469
11665,1,51.39,-5.71,10.22,51.4,-5.71,26.16,1
11666,1,51.39,-5.71,14.39,51.4,-5.71,26.16,1
11667,1,51.39,0.234338249226487,15.86,51.4,-5.71,26.16,0.0089578841447434
11670,1,1.5,0,0.42,1.5,0,0,NaN
11670,1,2.9,0,0.79,2.9,0,0,NaN
11670,1,4.1,0,0.69,4.1,0,0,NaN
11671,1,1,0,0.17,1,0,0,NaN
11672,1,1.4,0,0.67,1.4,0,0,NaN
11676,1,36.87,-4.5,6.63,36.88,-4.5,17.19,1
11676,1,36.87,-4.5,15.81,36.88,-4.5,17.19,1
11677,1,36.87,-4.5,4.14,36.88,-4.5,17.19,1
11677,1,36.87,-4.5,18.06,36.88,-4.5,17.19,1
11677,1,36.87,-4.5,11.32,36.88,-4.5,17.19,1
11685,1,41.89,-4.65,6.45,41.9,-4.65,21.33,1
11686,0,0,0,5.4,41.9,-4.65,21.33,NaN
11695,1,70.19,22.54319945082,33.44,70.2,-7.79,35.73,0.630931974554156
11696,1,70.19,21.5235298981665,23.21,70.2,-7.79,35.73,0.602393783883753
11697,1,70.19,23.2928740848367,21.3,70.2,-7.79,35.73,0.651913632377182
11698,1,70.19,18.3111848882953,13.35,70.2,-7.79,35.73,0.512487682292059
11699,1,70.19,22.3993821631257,32.21,70.2,-7.79,35.73,0.626906861548439
11703,1,8,0,1.28,8,0,0,NaN
11706,0,0,0,0.62,2.2,0,0,NaN
11706,1,2.3,0,1.14,2.3,0,0,NaN
11706,0,0,0,0.7,2.3,0,0,NaN
11708,0,0,0,0.26,2.35,0,0,NaN
11708,0,0,0,0.39,2.35,0,0,NaN
11708,0,0,0,0.35,2.7,0,0,NaN
11708,1,3,0,1.25,3,0,0,NaN
11714,1,225.9,44.613246276986,53.24,225.93,-25.08,115,0.387941271973791
11715,1,225.9,33.2827099198367,98.07,225.93,-25.08,115,0.289414868868146
11716,1,225.9,41.5573834551437,31,225.93,-25.08,115,0.361368551783858
11717,1,225.9,32.834911185831,49.18,225.93,-25.08,115,0.285520966833313
11718,1,225.9,33.1413855881851,94.14,225.93,-25.08,115,0.288185961636392
11719,1,225.9,40.9864282901426,39.86,225.93,-25.08,115,0.356403724262109
11722,1,68.19,34.71,31.21,68.2,-7.57,34.71,1
11726,1,1.5,0,0.27,1.5,0,0,NaN
11726,1,10,0,1.6,10,0,0,NaN
11729,1,3,0,1.27,3,0,0,NaN
11730,1,3,0,0.63,3,0,0,NaN
11733,1,1.8,0,0.2,1.8,0,0,NaN
11733,0,0,0,1.75,3.6,0,0,NaN
11736,0,0,0,2.07,5.3,-0.59,2.7,NaN
11737,0,0,0,0.98,5.3,-0.59,2.7,NaN
11741,0,0,0,0.3,1,0,0,NaN
11742,0,0,0,0.39,1.3,0,0,NaN
11744,1,5.5,0,2.34,5.5,0,0,NaN
11747,1,60.49,30.79,20.81,60.5,-6.72,30.79,1
11747,1,60.49,30.79,12.37,60.5,-6.72,30.79,1
11747,1,60.49,30.79,13.97,60.5,-6.72,30.79,1
11747,1,60.49,30.79,26.71,60.5,-6.72,30.79,1
11752,0,0,0,1.99,18.5,-2.26,8.62,NaN
11757,1,83.59,42.55,11.67,83.6,-9.28,42.55,1
11758,1,83.59,42.55,32.4,83.6,-9.28,42.55,1
11759,1,83.59,42.55,20.6,83.6,-9.28,42.55,1
11760,1,83.59,42.55,31.58,83.6,-9.28,42.55,1
11761,1,83.59,42.55,36.3,83.6,-9.28,42.55,1
11762,1,83.59,42.55,24.8,83.6,-9.28,42.55,1
11765,0,0,0,7.78,18.6,-2.06,9.47,NaN
11768,1,4.1,0,0.65,4.1,0,0,NaN
11768,1,2.2,0,0.94,2.2,0,0,NaN
11769,0,0,0,0.68,1.4,0,0,NaN
11775,0,0,0,128.78,326.4,-39.82,152.1,NaN
11776,0,0,0,159.59,326.4,-39.82,152.1,NaN
11780,1,41.49,21.12,4.85,41.5,-4.61,21.12,1
11780,1,41.49,21.12,4.19,41.5,-4.61,21.12,1
11783,1,7.5,0,3.43,7.5,0,0,NaN
11786,1,4.1,1.57,0.68,4.1,-0.2,1.57,1
11786,1,4.1,1.57,1.98,4.1,-0.2,1.57,1
11787,1,4.1,1.57,1.46,4.1,-0.2,1.57,1
11787,0,0,0,0.24,0.6,-0.03,0.23,NaN
11788,1,0.6,0.23,0.29,0.6,-0.03,0.23,1
11788,1,0.6,0.23,0.16,0.6,-0.03,0.23,1
11789,1,0.6,0.23,0.25,0.6,-0.03,0.23,1
11793,0,0,0,1.27,4.4,-0.49,2.24,NaN
11794,0,0,0,3.09,6.2,-0.69,3.16,NaN
11797,1,96.09,-10.67,28.03,96.1,-10.67,48.91,1
11797,1,96.09,-10.67,12.76,96.1,-10.67,48.91,1
11797,1,96.09,-10.67,28.41,96.1,-10.67,48.91,1
11797,1,96.09,-10.67,23.52,96.1,-10.67,48.91,1
11800,1,4.2,0,1.3,4.2,0,0,NaN
11800,0,0,0,0.73,1.8,0,0,NaN
11805,0,0,0,61.49,242.3,-29.56,112.91,NaN
11811,0,0,0,28.52,285,-34.77,132.81,NaN
11819,1,150.98,31.3566838566218,30.16,151,-7.4,57.98,0.54081896958644
11820,1,150.98,14.4339517318603,56.83,151,-7.4,57.98,0.248947080577101
11821,1,150.98,40.9506954547617,71.71,151,-7.4,57.98,0.706290021641285
11824,0,0,0,3.15,11.4,0,0,NaN
11827,0,0,0,5.34,26.53,-3.24,12.36,NaN
11827,1,26.53,-3.24,12.19,26.53,-3.24,12.36,1
11827,1,26.53,-3.24,11.98,26.53,-3.24,12.36,1
11831,1,27,-3,7.55,27,-3,13.74,1
11834,0,0,0,1.94,9.5,-1.05,4.84,NaN
11834,0,0,0,0.24,1,-0.11,0.51,NaN
11837,1,5,0,1.41,5,0,0,NaN
11844,1,112.78,25.2541724536135,38.59,112.8,-12.52,57.42,0.439814915597588
11847,1,52.99,26.98,18.01,53,-5.88,26.98,1
11847,1,52.99,26.98,19.91,53,-5.88,26.98,1
11847,1,52.99,26.98,20.46,53,-5.88,26.98,1
11851,0,0,0,0.83,6,-0.67,3.05,NaN
11853,1,1.2,0,0.56,1.2,0,0,NaN
11853,1,4,0,0.86,4,0,0,NaN
11856,1,115.18,41.2485840703274,30.53,115.2,-14.05,53.68,0.768416245721449
11861,1,143.38,53.3263427195717,20.93,143.4,-15.92,72.99,0.730597927381446
11862,1,143.38,45.5024681946267,23.65,143.4,-15.92,72.99,0.623406880320957
11863,1,143.38,53.6318923830623,49.39,143.4,-15.92,72.99,0.734784112660122
11864,0,0,0,0.37,1.1,-0.12,0.56,NaN
11865,0,0,0,0.21,1.1,-0.12,0.56,NaN
11869,1,33.6,12.0597154963386,9.32,33.6,-4.1,15.66,0.770096774989692
11869,1,33.6,12.0597154963386,11.14,33.6,-4.1,15.66,0.770096774989692
11873,1,1.5,0.7,0.33,1.5,-0.18,0.7,1
11873,1,1.5,0.7,0.55,1.5,-0.18,0.7,1
11873,1,1.5,0.7,0.74,1.5,-0.18,0.7,1
11873,1,1.5,0.7,0.3,1.5,-0.18,0.7,1
11876,1,1.9,0,0.61,1.9,0,0,NaN
11877,1,4.9,0,2.07,4.9,0,0,NaN
11880,1,12,0,3.4,12,0,0,NaN
11883,1,251.3,36.0979702215562,50.75,251.33,-27.9,127.93,0.282169703912735
11884,0,0,0,54.15,251.33,-27.9,127.93,NaN
11885,1,251.3,36.9089841281902,109.19,251.33,-27.9,127.93,0.288509216979521
11891,1,115.58,34.0578308255008,29.41,115.6,-12.83,58.84,0.578821054138355
11892,1,115.58,49.6096175379119,18.75,115.6,-12.83,58.84,0.843127422466212
11895,1,1,0,0.13,1,0,0,NaN
11895,1,2,0,0.26,2,0,0,NaN
11895,1,2.4,0,0.34,2.4,0,0,NaN
11895,1,2.7,0,0.46,2.7,0,0,NaN
11898,0,0,0,164.22,659.7,-80.48,307.42,NaN
11900,1,1.7,0,0.51,1.7,0,0,NaN
11900,1,2.3,0,0.41,2.3,0,0,NaN
11900,1,2.7,0,0.77,2.7,0,0,NaN
11903,1,74.99,33.1061506177014,32.5,75,-8.33,38.17,0.86733431013103
11904,1,74.99,38.17,28.36,75,-8.33,38.17,1
11905,1,74.99,28.9066869373897,32.14,75,-8.33,38.17,0.757314302787259
11909,1,233.43,32.2982228280437,56.22,233.47,-25.91,118.83,0.271801925675702
11910,1,233.43,32.1148219811189,112.86,233.47,-25.91,118.83,0.270258537247487
11911,1,233.43,32.2696846458577,63.52,233.47,-25.91,118.83,0.271561765933331
11912,1,233.43,32.4728174608104,62.27,233.47,-25.91,118.83,0.273271206436173
11913,1,233.43,32.3614781106441,61.04,233.47,-25.91,118.83,0.272334243125845
11914,1,233.43,32.2211450072685,54.86,233.47,-25.91,118.83,0.271153286268354
11918,0,0,0,6.03,18.6,-2.27,8.67,NaN
11920,0,0,0,4.5,18.6,-2.27,8.67,NaN
11921,0,0,0,5.21,18.6,-2.27,8.67,NaN
11925,1,1,0,0.14,1,0,0,NaN
11925,0,0,0,2.74,6.6,0,0,NaN
11928,1,3.7,0,0.93,3.7,0,0,NaN
11928,1,1.2,0,0.39,1.2,0,0,NaN
11929,1,1.2,0,0.49,1.2,0,0,NaN
11929,1,1.1,0,0.27,1.1,0,0,NaN
11932,1,1.5,-0.22,0.39,1.5,-0.22,0.32,1
11932,1,7.5,-1.08,1.71,7.5,-1.08,1.6,1
11936,1,37.13,17.31,12.2,37.14,-4.53,17.31,1
11936,1,37.13,17.31,18.13,37.14,-4.53,17.31,1
11937,1,37.13,17.31,7.89,37.14,-4.53,17.31,1
11937,1,37.13,17.31,4.27,37.14,-4.53,17.31,1
11938,1,37.13,17.31,5.69,37.14,-4.53,17.31,1
11942,1,162.33,-18.02,38.19,162.35,-18.02,82.64,1
11943,1,162.33,-2.79081090375176,22.5,162.35,-18.02,82.64,0.154872969131618
11944,1,162.33,-1.75488561752395,46.56,162.35,-18.02,82.64,0.097385439374248
11945,1,162.33,1.3576784219783,28.43,162.35,-18.02,82.64,0.016428828920357
11946,1,162.33,-4.88826028942499,73.63,162.35,-18.02,82.64,0.27126860651637
11947,1,162.33,-2.35185239325669,73.06,162.35,-18.02,82.64,0.130513451346098
11950,1,99.19,-11.01,26.7,99.2,-11.01,50.49,1
11950,1,99.19,-11.01,33.74,99.2,-11.01,50.49,1
11950,1,99.19,-11.01,22.15,99.2,-11.01,50.49,1
11950,1,99.19,-11.01,30.05,99.2,-11.01,50.49,1
11950,1,99.19,-11.01,42.9,99.2,-11.01,50.49,1
11950,1,99.19,-11.01,35.1,99.2,-11.01,50.49,1
11953,1,78.49,39.7849638439202,27.99,78.5,-8.71,39.96,0.995619715813819
11954,1,78.49,39.96,29.55,78.5,-8.71,39.96,1
11957,0,0,0,1.57,3.5,-0.39,1.78,NaN
11957,0,0,0,1.36,3.5,-0.39,1.78,NaN
11957,0,0,0,0.59,3.5,-0.39,1.78,NaN
11963,1,5.2,0,2.37,5.2,0,0,NaN
11963,1,1.1,0,0.27,1.1,0,0,NaN
11970,1,18,0,8.04,18,0,0,NaN
11970,0,0,0,1.17,3.2,0,0,NaN
13662,1,60.49,27.4370536257074,6.3,60.5,-6.72,30.79,0.891102748480267
13666,1,66.99,-0.972010446302646,12.82,67,-8.17,31.22,0.118973126842429
13669,1,21.2,3.41846249930488,4.02,21.2,-2.59,9.88,0.345998228674583
13669,1,21.2,3.41846249930488,2.57,21.2,-2.59,9.88,0.345998228674583
13670,1,21.2,6.00404627783222,5.81,21.2,-2.59,9.88,0.607696991683423
13674,1,204.64,-22.72,40.17,204.67,-22.72,104.18,1
13675,1,204.64,-22.72,71.12,204.67,-22.72,104.18,1
13676,1,204.64,-22.72,74.52,204.67,-22.72,104.18,1
13682,1,1.67,-0.2,0.32,1.67,-0.2,0.78,1
13683,1,1.67,-0.2,0.19,1.67,-0.2,0.78,1
13685,1,27,12.58,9.03,27,-3.29,12.58,1
13685,1,27,12.58,6.44,27,-3.29,12.58,1
13686,1,1.67,-0.2,0.27,1.67,-0.2,0.78,1
13690,1,101.99,-14.69,18.79,102,-14.69,21.73,1
13691,0,0,0,0.6,3.2,-0.46,0.68,NaN
13695,1,3,0,1.24,3,0,0,NaN
13695,1,1.9,0,0.94,1.9,0,0,NaN
13696,1,0.93,0,0.15,0.93,0,0,NaN
13696,0,0,0,0.17,0.93,0,0,NaN
13697,0,0,0,0.41,0.93,0,0,NaN
13705,1,980.66,163.108081489888,390.59,980.8,-80.43,360.93,0.451910568503277
13709,1,48.63,7.88822629544812,23.16,48.63,-5.4,24.75,0.3187162139575
13709,1,48.63,7.88822629544812,20.56,48.63,-5.4,24.75,0.3187162139575
13709,1,48.63,7.88822629544812,5.98,48.63,-5.4,24.75,0.3187162139575
13718,1,68.99,14.7,24.36,69,-9.94,14.7,1
13722,1,10.1,0,4.38,10.1,0,0,NaN
13722,1,3,0,1.21,3,0,0,NaN
13723,1,1.8,0,0.49,1.8,0,0,NaN
13723,0,0,0,0.3,1,0,0,NaN
13726,1,65.79,30.66,12.23,65.8,-8.03,30.66,1
13726,1,65.79,30.66,10.14,65.8,-8.03,30.66,1
13731,1,139.98,33.19963057053,47.66,140,-15.54,71.26,0.465894338626579
13732,1,139.98,31.408079877227,62.62,140,-15.54,71.26,0.44075329605988
13733,1,139.98,48.7915937892061,36.71,140,-15.54,71.26,0.68469820080278
13734,1,139.98,29.1599382800139,18.34,140,-15.54,71.26,0.409204859388351
13740,1,1297.82,-106.44,541.06,1298,-106.44,477.66,1
13741,1,1297.82,-106.44,457.01,1298,-106.44,477.66,1
13744,1,0.65,0,0.08,0.65,0,0,NaN
13744,0,0,0,0.37,2.6,0,0,NaN
13744,1,2.9,0,1.3,2.9,0,0,NaN
13744,1,3,0,0.96,3,0,0,NaN
13744,0,0,0,1.91,5,0,0,NaN
13744,0,0,0,0.09,0.65,0,0,NaN
13744,0,0,0,0.17,1,0,0,NaN
13744,1,1,0,0.23,1,0,0,NaN
13744,0,0,0,0.43,1,0,0,NaN
13744,0,0,0,0.25,1,0,0,NaN
13744,1,1.3,0,0.17,1.3,0,0,NaN
13744,1,1.5,0,0.73,1.5,0,0,NaN
13744,1,2,0,0.4,2,0,0,NaN
13749,1,217.17,49.0370372104,62.2,217.2,-24.11,110.55,0.443573380464948
13750,1,217.17,48.6777854286583,34.45,217.2,-24.11,110.55,0.440323703560907
13751,1,217.17,56.3733673359335,95.07,217.2,-24.11,110.55,0.509935480198403
13755,1,42.87,-4.76,9.19,42.88,-4.76,21.82,1
13755,1,42.87,-4.76,13.66,42.88,-4.76,21.82,1
13759,1,42.87,5.64881079722579,19.84,42.88,-4.76,21.82,0.258882254684959
13760,1,42.87,5.64881079722579,8.44,42.88,-4.76,21.82,0.258882254684959
13767,0,0,0,6.04,16,-1.95,7.46,NaN
13767,0,0,0,3.05,16,-1.95,7.46,NaN
13773,0,0,0,137.44,591.7,-72.19,275.73,NaN
13774,0,0,0,184.87,591.7,-72.19,275.73,NaN
13775,0,0,0,231.57,591.7,-72.19,275.73,NaN
13778,1,19.6,9.13,8.29,19.6,-2.39,9.13,1
13783,1,224.47,19.4025700769708,62.2,224.5,-24.92,114.27,0.169795835100821
13784,1,224.47,16.8157074773416,76.91,224.5,-24.92,114.27,0.147157674606997
13785,1,224.47,19.8304625675921,59.87,224.5,-24.92,114.27,0.173540409272706
13786,1,224.47,19.3384525612278,90.44,224.5,-24.92,114.27,0.169234729686075
13789,1,24,-2.66,11.71,24,-2.66,12.22,1
13793,1,41.21,-2.02,10.99,41.22,-2.02,15.83,1
13794,1,41.21,-2.02,18.97,41.22,-2.02,15.83,1
13794,1,41.21,-2.02,8.84,41.22,-2.02,15.83,1
13794,1,41.21,-2.02,19.93,41.22,-2.02,15.83,1
13794,1,41.21,-2.02,14.52,41.22,-2.02,15.83,1
13794,1,41.21,-2.02,15.43,41.22,-2.02,15.83,1
13799,1,18.6,-0.270072639562935,6.69,18.6,-2.27,8.67,0.118974731084993
13800,1,18.6,-0.270072639562935,8.89,18.6,-2.27,8.67,0.118974731084993
13805,1,18.6,8.67,4.99,18.6,-2.27,8.67,1
13808,1,19.9,9.27,3.53,19.9,-2.43,9.27,1
13808,1,19.9,9.27,2.47,19.9,-2.43,9.27,1
13811,0,0,0,3.48,16,-1.95,7.46,NaN
13811,0,0,0,4.75,16,-1.95,7.46,NaN
13812,0,0,0,4.59,16,-1.95,7.46,NaN
13812,0,0,0,3.7,16,-1.95,7.46,NaN
13815,0,0,0,5.68,16,-1.95,7.46,NaN
13816,0,0,0,2.28,16,-1.95,7.46,NaN
13818,1,16,7.46,5.36,16,-1.95,7.46,1
13819,1,16,7.46,4.59,16,-1.95,7.46,1
13824,1,47.29,-5.77,8.1,47.3,-5.77,22.04,1
13831,1,134.08,62.49,59.51,134.1,-16.36,62.49,1
13835,1,20,-2.44,5.93,20,-2.44,9.32,1
13840,1,1138.34,137.446346557434,206.13,1138.5,-93.36,418.97,0.328057728614063
13841,1,1138.34,137.495453300226,192.48,1138.5,-93.36,418.97,0.328174936869527
13847,1,1310.72,482.41,576.21,1310.9,-107.49,482.41,1
13848,1,1310.72,482.41,558.19,1310.9,-107.49,482.41,1
13851,0,0,0,0.19,1.8,-0.2,0.92,NaN
13851,0,0,0,1.18,2.67,-0.3,1.36,NaN
13851,0,0,0,0.75,2.67,-0.3,1.36,NaN
13851,0,0,0,1.24,2.67,-0.3,1.36,NaN
13851,0,0,0,0.87,2.67,-0.3,1.36,NaN
13851,0,0,0,1.26,2.67,-0.3,1.36,NaN
13851,0,0,0,0.58,2.67,-0.3,1.36,NaN
13856,1,213.47,99.2542997942615,55.37,213.5,-26.05,99.49,0.997630915612237
13857,1,213.47,99.4716287059851,84.41,213.5,-26.05,99.49,0.999815345320988
13863,1,16,7.46,4.77,16,-1.95,7.46,1
13864,1,16,0.904974660709747,6.9,16,-1.95,7.46,0.12131027623455
13868,1,50.49,25.7,15.84,50.5,-5.61,25.7,1
13874,1,27,9.77140090780249,13.41,27,-3.29,12.58,0.776740930667924
13874,1,27,9.77140090780249,4.89,27,-3.29,12.58,0.776740930667924
13880,1,64.49,13.74,6.94,64.5,-9.29,13.74,1
13886,1,242.63,71.3167836526267,82.21,242.67,-26.94,123.52,0.577370333975281
13887,1,242.63,63.5553836061818,30.64,242.67,-26.94,123.52,0.514535165205487
13888,1,242.63,52.9561412096656,72.1,242.67,-26.94,123.52,0.428725236477215
13894,1,93.99,43.8,26.32,94,-11.47,43.8,1
13902,1,222.97,113.51,100.47,223,-24.75,113.51,1
13903,1,222.97,113.51,68.28,223,-24.75,113.51,1
13904,1,222.97,113.51,66.06,223,-24.75,113.51,1
13905,1,222.97,113.51,49.57,223,-24.75,113.51,1
13906,1,222.97,113.51,28.05,223,-24.75,113.51,1
13907,1,222.97,113.51,94.14,223,-24.75,113.51,1
13910,1,58.99,27.49,28.06,59,-7.2,27.49,1
13915,1,18.5,-0.986886293200937,4.13,18.5,-2.26,8.62,0.436675350973866
13915,1,18.5,-0.986886293200937,6.17,18.5,-2.26,8.62,0.436675350973866
13921,0,0,0,6.22,14.08,-1.72,6.56,NaN
13921,0,0,0,5.03,14.08,-1.72,6.56,NaN
13921,0,0,0,4.34,14.08,-1.72,6.56,NaN
13921,0,0,0,4.67,14.08,-1.72,6.56,NaN
13921,0,0,0,3.36,14.08,-1.72,6.56,NaN
13926,1,143.58,51.2199752718605,60.47,143.6,-17.52,66.92,0.765391142735513
13927,1,143.58,51.2300163100216,23.32,143.6,-17.52,66.92,0.765541188135409
13928,1,143.58,35.1581953317857,41.7,143.6,-17.52,66.92,0.525376499279524
13929,1,143.58,60.89976493599,69.17,143.6,-17.52,66.92,0.910038328391961
13930,1,143.58,45.5472577961395,45.5,143.6,-17.52,66.92,0.680622501436633
13931,1,143.58,41.5488783510988,55.15,143.6,-17.52,66.92,0.62087385461893
13937,1,100.49,-14.47,19.43,100.5,-14.47,21.41,1
13940,1,16,-1.95,2.9,16,-1.95,7.46,1
13940,1,16,-1.95,7.53,16,-1.95,7.46,1
13942,1,19.6,-0.96,9.24,19.6,-0.96,7.53,1
13944,0,0,0,19.73,88.4,-10.78,41.19,NaN
13952,1,17.56,-2.14,5.74,17.57,-2.14,8.19,1
13952,1,17.56,-2.14,5.15,17.57,-2.14,8.19,1
13952,1,17.56,-2.14,6.42,17.57,-2.14,8.19,1
13957,1,64.66,8.42097434933228,25.93,64.67,-7.89,30.13,0.279488030180295
13958,1,64.66,6.92401917529766,15.7,64.67,-7.89,30.13,0.2298048182973
13959,1,64.66,7.88994717287631,25.06,64.67,-7.89,30.13,0.261863497274355
13962,0,0,0,0.3,1.6,-0.18,0.81,NaN
13962,0,0,0,1.7,3.8,-0.42,1.93,NaN
13962,1,96.29,-10.69,32.04,96.3,-10.69,49.02,1
13962,1,96.29,-10.69,17.83,96.3,-10.69,49.02,1
13965,0,0,0,3.58,8.7,-0.97,4.43,NaN
13965,0,0,0,1.55,8.7,-0.97,4.43,NaN
13966,0,0,0,2.86,8.7,-0.97,4.43,NaN
13966,0,0,0,1.26,8.7,-0.97,4.43,NaN
13967,0,0,0,4.06,8.7,-0.97,4.43,NaN
13967,0,0,0,3.55,8.7,-0.97,4.43,NaN
13975,1,216.64,72.7690852349698,80.34,216.67,-24.05,110.28,0.659857501223883
13976,1,216.64,75.0295452404024,67.89,216.67,-24.05,110.28,0.680354962281488
13977,1,216.64,74.9764239714712,52.72,216.67,-24.05,110.28,0.679873267786283
13978,1,216.64,93.4662172988439,81.57,216.67,-24.05,110.28,0.847535521389589
13979,1,216.64,108.683280162813,39.6,216.67,-24.05,110.28,0.985521220192356
13980,1,216.64,75.0499324788006,92.59,216.67,-24.05,110.28,0.680539830239396
13983,1,47.99,-5.86,20.62,48,-5.86,22.37,1
13988,1,140.98,30.03,28.85,141,-20.3,30.03,1
13992,1,22.3,-2.48,8.27,22.3,-2.48,11.35,1
13993,1,22.3,-2.48,3.52,22.3,-2.48,11.35,1
13995,1,22.3,-2.48,3.21,22.3,-2.48,11.35,1
13995,1,22.3,-2.48,3.64,22.3,-2.48,11.35,1
13999,1,24,5.11,5.05,24,-3.46,5.11,1
14004,1,99.19,17.6586367628986,29.36,99.2,-12.1,46.23,0.381973540188159
14010,1,178.64,26.1384465820822,29.87,178.67,-8.75,68.61,0.38097138291914
14011,1,178.64,28.0878769952518,69.1,178.67,-8.75,68.61,0.409384594013289
14012,1,178.64,27.7269743757569,40.4,178.67,-8.75,68.61,0.404124389677261
14013,1,178.64,27.8468551251896,62.46,178.67,-8.75,68.61,0.405871667762565
14014,1,178.64,28.831810116122,26.88,178.67,-8.75,68.61,0.420227519547033
14015,1,178.64,29.0109866974096,51.98,178.67,-8.75,68.61,0.422839042375887
14018,1,91.05,-11.11,45.27,91.07,-11.11,42.44,1
14018,1,91.05,-11.11,16.01,91.07,-11.11,42.44,1
14018,1,91.05,-11.11,35.99,91.07,-11.11,42.44,1
14018,1,91.05,-11.11,28.55,91.07,-11.11,42.44,1
14018,1,91.05,-11.11,19.05,91.07,-11.11,42.44,1
14018,1,91.05,-11.11,13.52,91.07,-11.11,42.44,1
14021,1,18.6,8.67,2.63,18.6,-2.27,8.67,1
14021,1,18.6,8.67,6.14,18.6,-2.27,8.67,1
14022,1,18.6,8.67,3.7,18.6,-2.27,8.67,1
14022,1,18.6,8.67,2.08,18.6,-2.27,8.67,1
14026,1,2.7,0.450971587666044,1.17,2.7,-0.33,1.26,0.357913958465114
14026,1,2.7,0.450971587666044,0.57,2.7,-0.33,1.26,0.357913958465114
14027,1,2.7,-0.33,1.1,2.7,-0.33,1.26,1
14033,1,282.2,173.495836863088,111.12,538.7,-65.72,251.03,0.691135867677521
14034,0,0,0,78.64,538.7,-65.72,251.03,NaN
14035,0,0,0,255.16,538.7,-65.72,251.03,NaN
14038,1,26,-3.74,10.07,26,-3.74,5.54,1
14041,1,18.5,-1.79190194948079,5.91,18.5,-2.26,8.62,0.792876968796808
14048,1,850.38,153.762556759975,118.26,850.5,-94.41,432.9,0.355191861307404
14049,1,850.38,153.754863181575,152.49,850.5,-94.41,432.9,0.355174089123528
14055,1,209,87.6040112950322,26.61,209.03,-23.2,106.39,0.823423360231527
14056,1,209,81.2416876327959,51.17,209.03,-23.2,106.39,0.763621464731609
14057,1,209,77.5381988031803,88.3,209.03,-23.2,106.39,0.728810967226058
14058,1,209,76.8161807298779,22.13,209.03,-23.2,106.39,0.722024445247466
14063,1,27,12.58,6.12,27,-3.29,12.58,1
14067,1,18.5,8.62,7.35,18.5,-2.26,8.62,1
14067,1,18.5,8.62,6.33,18.5,-2.26,8.62,1
14073,1,58.79,17.6976261252517,25.47,58.8,-6.53,29.93,0.591300572176802
14074,1,58.79,16.7624047156023,6.14,58.8,-6.53,29.93,0.560053615623197
14075,0,0,0,0.99,2.6,-0.29,1.32,NaN
14078,1,20,3.11599007289646,6.49,20,-2.44,9.32,0.334333698808633
14078,1,20,3.11599007289646,3.42,20,-2.44,9.32,0.334333698808633
14078,1,20,3.11599007289646,4.87,20,-2.44,9.32,0.334333698808633
14080,1,36,16.78,8.34,36,-4.39,16.78,1
14090,1,259.16,103.708893223636,110.03,259.2,-28.77,131.93,0.786090299580354
14091,1,259.16,50.3192304691491,103.19,259.2,-28.77,131.93,0.381408553544676
14092,1,259.16,106.056184689112,78.43,259.2,-28.77,131.93,0.803882245805445
14095,0,0,0,0.85,2.95,-0.33,1.5,NaN
14095,0,0,0,0.77,2.95,-0.33,1.5,NaN
14095,1,43.99,-4.88,7,44,-4.88,22.4,1
14097,0,0,0,5.27,20,-0.98,7.68,NaN
14098,1,20,-0.98,6.07,20,-0.98,7.68,1
14105,1,21.2,9.88,2.59,21.2,-2.59,9.88,1
14106,1,21.2,9.88,7.36,21.2,-2.59,9.88,1
14106,1,21.2,9.88,3.22,21.2,-2.59,9.88,1
14109,1,19.25,8.97,8.67,19.25,-2.35,8.97,1
14109,1,19.25,8.97,6.88,19.25,-2.35,8.97,1
14109,1,19.25,8.97,5.1,19.25,-2.35,8.97,1
14109,1,19.25,8.97,5.81,19.25,-2.35,8.97,1
14112,1,18,8.39,2.1,18,-2.2,8.39,1
14112,1,18,8.39,7.21,18,-2.2,8.39,1
14114,1,69.57,26.72,33.54,69.58,-3.41,26.72,1
14114,1,69.57,26.72,18.28,69.58,-3.41,26.72,1
14114,1,69.57,26.72,26.26,69.58,-3.41,26.72,1
14114,1,69.57,26.72,32.89,69.58,-3.41,26.72,1
14114,0,0,0,30.2,69.58,-3.41,26.72,NaN
14114,0,0,0,34.19,69.58,-3.41,26.72,NaN
15812,1,74.49,34.72,34.05,74.5,-9.09,34.72,1
15812,1,74.49,34.72,34.69,74.5,-9.09,34.72,1
15822,1,202.59,272.61,106.93,585,-71.37,272.61,1
15828,1,58.89,29.98,15.45,58.9,-6.54,29.98,1
15829,1,58.89,29.98,7.72,58.9,-6.54,29.98,1
15830,1,58.89,29.98,17.38,58.9,-6.54,29.98,1
15831,1,58.89,29.98,12.85,58.9,-6.54,29.98,1
15832,1,58.89,29.98,22.69,58.9,-6.54,29.98,1
15835,1,97.99,45.67,32.75,98,-11.96,45.67,1
15843,1,10.4,-1.5,3.16,10.4,-1.5,2.22,1
15843,1,9,-1.3,2.98,9,-1.3,1.92,1
15848,1,156.48,58.0874240447563,28.06,156.5,-19.09,72.93,0.796481887354399
15849,1,156.48,25.7798800434536,58.03,156.5,-19.09,72.93,0.353488002789711
15850,1,156.48,28.4113162903191,49.04,156.5,-19.09,72.93,0.389569673526931
15851,1,156.48,35.4784617328182,38.08,156.5,-19.09,72.93,0.486472805879861
15859,1,10.85,4.17,3.23,10.85,-0.53,4.17,1
15860,1,10.85,-0.53,5.42,10.85,-0.53,4.17,1
15860,1,1.3,-0.06,0.2,1.3,-0.06,0.5,1
15861,0,0,0,0.3,0.7,-0.03,0.27,NaN
15861,1,0.7,-0.03,0.2,0.7,-0.03,0.27,1
15862,1,0.7,-0.03,0.28,0.7,-0.03,0.27,1
15862,0,0,0,0.1,0.7,-0.03,0.27,NaN
15865,0,0,0,1.89,4.37,-0.53,2.04,NaN
15866,0,0,0,0.27,2,-0.24,0.93,NaN
15866,0,0,0,0.29,2,-0.24,0.93,NaN
15866,0,0,0,0.84,3,-0.37,1.4,NaN
15866,0,0,0,1.09,3,-0.37,1.4,NaN
15866,0,0,0,1.88,4.37,-0.53,2.04,NaN
15866,0,0,0,0.82,4.37,-0.53,2.04,NaN
15866,0,0,0,2.02,4.37,-0.53,2.04,NaN
15869,1,49.99,-7.2,15.14,50,-7.2,10.65,1
15879,1,10,3.84,3.98,10,-0.49,3.84,1
15880,1,10,3.84,3.02,10,-0.49,3.84,1
15881,1,10,-0.49,3.95,10,-0.49,3.84,1
15885,0,0,0,3.93,37.8,-5.44,8.05,NaN
15888,1,94.69,-11.55,10.51,94.7,-11.55,44.13,1
15892,1,62.49,13.31,19.83,62.5,-9,13.31,1
15899,1,115.98,15.4854961858294,56.71,116,-14.15,54.06,0.286450169919152
15900,1,115.98,10.863063649779,12.85,116,-14.15,54.06,0.200944573617813
15901,1,115.98,-1.74988159709071,22.8,116,-14.15,54.06,0.123666543964008
15907,0,0,0,36.74,156.33,-7.66,60.03,NaN
15908,1,156.31,-7.66,41.64,156.33,-7.66,60.03,1
15909,1,156.31,2.39652865303754,31.22,156.33,-7.66,60.03,0.0399221831257295
15913,0,0,0,26.43,70,-10.08,14.91,NaN
15922,1,30,-4.32,9.08,30,-4.32,6.39,1
15927,1,29.4,-4.23,5.59,29.4,-4.23,6.26,1
15930,1,50.39,-7.26,17.51,50.4,-7.26,10.74,1
15935,1,43.79,3.82991844711933,15.31,43.8,-4.86,22.29,0.17182227219019
15936,1,43.79,3.82991844711933,11.35,43.8,-4.86,22.29,0.17182227219019
15940,1,0.55,0.26,0.2,0.55,-0.07,0.26,1
15940,1,0.55,0.26,0.23,0.55,-0.07,0.26,1
15940,1,3.2,1.49,1.6,3.2,-0.39,1.49,1
15940,1,3.2,1.49,0.89,3.2,-0.39,1.49,1
15940,1,4.4,2.05,1.22,4.4,-0.54,2.05,1
15940,1,25.5,11.88,9.98,25.5,-3.11,11.88,1
15940,1,25.5,11.88,4.02,25.5,-3.11,11.88,1
15940,1,25.5,11.88,7.63,25.5,-3.11,11.88,1
15947,1,185.31,47.8952609106941,79.2,185.33,-20.57,94.33,0.507741555291997
15948,1,185.31,43.4447027918406,38.23,185.33,-20.57,94.33,0.460560826797844
15949,1,185.31,47.9607911074765,27.06,185.33,-20.57,94.33,0.508436246236367
15955,0,0,0,447.56,936,-114.19,436.18,NaN
15956,0,0,0,373.17,936,-114.19,436.18,NaN
15962,1,117.98,31.252979791819,44.42,118,-14.4,54.99,0.568339330638643
15965,1,55.19,11.76,15.31,55.2,-7.95,11.76,1
15971,1,187.01,-36.9112236674496,74.44,637,-77.71,296.84,0.474986792786638
15977,1,235.14,182.586922939262,235,913.7,-111.47,425.78,0.428829261447842
15978,1,168.61,183.247250918796,168.47,913.7,-111.47,425.78,0.43038012804452
15979,1,273.67,183.174153213024,113.56,913.7,-111.47,425.78,0.430208448525116
15983,1,15,3.2,6.95,15,-2.16,3.2,1
15983,1,34.5,7.35,13.25,34.5,-4.97,7.35,1
15988,1,30,-4.32,7.5,30,-4.32,6.39,1
15995,1,923.27,119.250725085923,191.55,923.4,-75.72,339.81,0.350933536640838
15996,1,923.27,119.681138243511,220.49,923.4,-75.72,339.81,0.352200165514585
16002,1,43.79,17.5839187242591,15.81,43.8,-4.86,22.29,0.788870288212612
16003,1,43.79,17.5839187242591,18.9,43.8,-4.86,22.29,0.788870288212612
16010,1,43.79,17.9383758556022,20.1,43.8,-4.86,22.29,0.804772357810777
16011,1,43.79,-3.6737798244139,9.74,43.8,-4.86,22.29,0.755921774570762
16014,0,0,0,11.34,75,-10.8,15.97,NaN
16022,1,443.48,45.443406000048,443.34,936,-114.19,436.18,0.1041849832639
16023,1,169.61,45.3857085731753,169.47,936,-114.19,436.18,0.104052704326597
16026,1,37.99,2.63610512623295,12.03,38,-5.47,8.09,0.325847358001601
16031,1,288.56,14.4102378146418,192.96,670.67,-81.82,312.53,0.0461083346067315
16032,1,161.71,14.1788172286586,161.61,670.67,-81.82,312.53,0.0453678598171652
16033,1,174.64,14.7211502422333,174.54,670.67,-81.82,312.53,0.0471031588718949
16039,1,214.67,-1.17278121725863,41.5,214.7,-23.83,109.28,0.0492144866663296
16040,1,214.67,-1.39131148764375,29.82,214.7,-23.83,109.28,0.0583848714915549
16041,1,214.67,-0.878276144260526,29.85,214.7,-23.83,109.28,0.0368559019832365
16044,1,6.8,-0.33,2.78,6.8,-0.33,2.61,1
16046,1,6,-0.29,1.66,6,-0.29,2.3,1
16046,0,0,0,2.13,6.8,-0.33,2.61,NaN
16046,1,8.9,-0.44,3.34,8.9,-0.44,3.42,1
16046,1,8.9,-0.44,3.32,8.9,-0.44,3.42,1
16049,0,0,0,0.73,2.4,-0.27,1.22,NaN
16049,0,0,0,0.73,2.4,-0.27,1.22,NaN
16049,0,0,0,0.78,2.4,-0.27,1.22,NaN
16049,1,6,3.05,2.27,6,-0.67,3.05,1
16049,1,6,3.05,2.38,6,-0.67,3.05,1
16049,0,0,0,2.45,6,-0.67,3.05,NaN
16049,1,6,3.05,0.88,6,-0.67,3.05,1
16049,1,7,3.56,1.67,7,-0.78,3.56,1
16052,1,3,-0.37,0.41,3,-0.37,1.4,1
16052,1,3,-0.37,0.95,3,-0.37,1.4,1
16053,1,3,-0.37,0.56,3,-0.37,1.4,1
16053,0,0,0,0.45,3,-0.37,1.4,NaN
16054,0,0,0,1.45,3,-0.37,1.4,NaN
16054,0,0,0,1.04,3,-0.37,1.4,NaN
16055,1,3,-0.37,0.93,3,-0.37,1.4,1
16055,1,3,-0.37,0.95,3,-0.37,1.4,1
16056,1,2,-0.24,0.88,2,-0.24,0.93,1
16056,1,2,-0.24,0.98,2,-0.24,0.93,1
16057,1,2,-0.24,0.89,2,-0.24,0.93,1
16060,1,0.4,0.15,0.19,0.4,-0.02,0.15,1
16060,1,0.4,0.15,0.16,0.4,-0.02,0.15,1
16060,1,4.6,1.77,0.9,4.6,-0.23,1.77,1
16060,1,7.5,2.88,3.47,7.5,-0.37,2.88,1
16061,1,7.5,-0.37,3.71,7.5,-0.37,2.88,1
16062,1,0.4,-0.02,0.18,0.4,-0.02,0.15,1
16062,1,2.6,-0.13,0.62,2.6,-0.13,1,1
16062,1,2.6,-0.13,1.13,2.6,-0.13,1,1
16062,1,4.6,-0.23,2,4.6,-0.23,1.77,1
16062,1,4.6,-0.23,2.12,4.6,-0.23,1.77,1
16062,1,4.6,-0.23,0.51,4.6,-0.23,1.77,1
16065,0,0,0,26.47,57.6,-7.03,26.84,NaN
16072,1,139.38,29.69,52.35,139.4,-20.07,29.69,1
16078,1,53.09,21.0371085741613,5.86,53.1,-6.48,24.74,0.850327751582915
16081,1,79.99,17.04,32.9,80,-11.52,17.04,1
16087,0,0,0,2.46,12.8,-0.63,4.92,NaN
16087,0,0,0,3.45,12.8,-0.63,4.92,NaN
16088,0,0,0,4.8,12.8,-0.63,4.92,NaN
16088,1,12.8,-0.63,4.85,12.8,-0.63,4.92,1
16089,1,6.1,-0.3,1.84,6.1,-0.3,2.34,1
16089,1,6.1,-0.3,1.97,6.1,-0.3,2.34,1
16092,1,84.96,21.2962527507817,22.2,84.97,-9.43,43.25,0.492398907532526
16092,1,84.96,21.2962527507817,12.63,84.97,-9.43,43.25,0.492398907532526
16092,1,84.96,21.2962527507817,11.4,84.97,-9.43,43.25,0.492398907532526
16092,1,84.96,21.2962527507817,28.98,84.97,-9.43,43.25,0.492398907532526
16097,1,171.98,87.55,76.64,172,-19.09,87.55,1
16098,1,171.98,87.55,42.99,172,-19.09,87.55,1
16099,1,171.98,87.55,71.37,172,-19.09,87.55,1
16100,1,171.98,87.55,17.25,172,-19.09,87.55,1
16103,1,52.49,11.18,23.65,52.5,-7.56,11.18,1
16242,1,18.6,-2.27,6.86,18.6,-2.27,8.67,1
16246,1,11.8,0,1.8,11.8,0,0,NaN
16246,0,0,0,3.13,10,0,0,NaN
16247,1,4,0,0.83,4,0,0,NaN
16247,1,1.3,0,0.63,1.3,0,0,NaN
16248,1,1.2,0,0.56,1.2,0,0,NaN
16252,1,4.5,2.29,1.16,4.5,-0.5,2.29,1
16252,1,4.5,2.29,1.17,4.5,-0.5,2.29,1
16253,0,0,0,1.32,4.5,-0.5,2.29,NaN
16253,0,0,0,0.84,4.5,-0.5,2.29,NaN
16254,0,0,0,0.91,4.5,-0.5,2.29,NaN
16254,1,4.5,2.29,0.83,4.5,-0.5,2.29,1
16255,1,3.1,1.58,0.37,3.1,-0.34,1.58,1
16255,1,2,1.02,0.67,2,-0.22,1.02,1
16259,1,26,12.12,10.52,26,-3.17,12.12,1
16259,1,26,12.12,4.6,26,-3.17,12.12,1
16260,1,18.5,8.62,9.09,18.5,-2.26,8.62,1
16260,1,12.5,5.82,1.43,12.5,-1.53,5.82,1
16263,1,50.39,0.252603120271144,11.04,50.4,-5.59,25.65,0.0098480748643721
16263,1,50.39,0.252603120271144,15.99,50.4,-5.59,25.65,0.0098480748643721
16263,1,50.39,0.252603120271144,13.84,50.4,-5.59,25.65,0.0098480748643721
16266,1,47.99,23.3803626788324,9.82,48,-5.33,24.43,0.957034902940336
16266,1,47.99,23.3803626788324,18.65,48,-5.33,24.43,0.957034902940336
16268,1,45.09,22.96,10.77,45.1,-5.01,22.96,1
16271,1,198.81,-5.08398953159165,66.69,198.83,-22.07,101.21,0.230357477643482
16272,1,198.81,-11.2578731399448,45.14,198.83,-22.07,101.21,0.510098465788163
16273,1,198.81,-1.54955596830174,21.5,198.83,-22.07,101.21,0.0702109636747504
16274,1,198.81,-16.8705637641974,45.52,198.83,-22.07,101.21,0.76441158877197
16275,1,198.81,-16.8194830794204,97.86,198.83,-22.07,101.21,0.762097103734497
16276,1,198.81,-4.57653350363262,54.01,198.83,-22.07,101.21,0.207364454174564
16280,0,0,0,4.86,34,-3.77,17.31,NaN
16280,0,0,0,9.73,34,-3.77,17.31,NaN
16282,1,91.99,-2.13595036396075,39.17,92,-10.21,46.83,0.209201798624951
16282,1,91.99,-2.13595036396075,30.28,92,-10.21,46.83,0.209201798624951
16285,1,20,9.32,9.02,20,-2.44,9.32,1
16288,1,248.83,153.613891378651,117.65,445.5,-54.35,207.6,0.739951307218936
16290,0,0,0,21.34,50,-5.55,25.45,NaN
16293,0,0,0,82.03,232.6,-25.82,118.39,NaN
16294,1,232.57,21.715005491455,42.78,232.6,-25.82,118.39,0.183419254087803
16295,1,232.57,-1.57561721528487,28.32,232.6,-25.82,118.39,0.0610231299490656
17288,1,90.29,-11.02,18.58,90.3,-11.02,42.08,1
17288,1,90.29,-11.02,23.84,90.3,-11.02,42.08,1
17296,1,162.98,81.9859095995502,28.69,163,-18.09,82.97,0.988139202115828
17297,1,162.98,82.97,47.59,163,-18.09,82.97,1
17301,1,191.97,35.7494185355872,35.94,192,-21.31,97.73,0.365797795309395
17304,1,121.48,61.84,19.37,121.5,-13.49,61.84,1
17308,1,914.22,46.0909499685469,307.25,914.35,-74.98,336.48,0.136979760962158
17309,1,914.22,45.8032578200777,228.43,914.35,-74.98,336.48,0.136124755765804
17312,1,1,0,0.36,1,0,0,NaN
17312,1,1.5,0,0.69,1.5,0,0,NaN
17312,1,2,0,0.58,2,0,0,NaN
17315,1,199.87,4.1488889344745,64.3,199.9,-24.39,93.15,0.0445398704720827
17316,1,199.87,10.0196077455459,90.53,199.9,-24.39,93.15,0.107564227005324
17319,1,5.7,2.9,1.56,5.7,-0.63,2.9,1
17322,1,2.3,1.07,0.97,2.3,-0.28,1.07,1
17323,0,0,0,0.48,2.3,-0.28,1.07,NaN
17325,0,0,0,0.48,2.3,-0.28,1.07,NaN
17328,1,10,-0.49,4.46,10,-0.49,3.84,1
17328,1,10,-0.49,1.45,10,-0.49,3.84,1
17331,1,10,-1.44,3.03,10,-1.44,2.13,1
17334,0,0,0,5.74,13.7,0,0,NaN
17337,1,103.49,51.0805894538198,24.99,103.5,-11.49,52.68,0.969639131621485
17341,1,6.47,-0.79,2.81,6.47,-0.79,3.01,1
17342,1,6.47,-0.79,1.21,6.47,-0.79,3.01,1
17344,1,6.47,-0.79,2.21,6.47,-0.79,3.01,1
17345,1,6.47,-0.79,1.87,6.47,-0.79,3.01,1
17345,1,6.47,-0.79,0.99,6.47,-0.79,3.01,1
17346,1,6.47,-0.79,2.71,6.47,-0.79,3.01,1
17351,1,228.97,81.9694471676976,80.58,229,-27.94,106.71,0.768151505647995
17354,1,96.25,49,26.55,96.27,-10.69,49,1
17354,1,96.25,49,15.25,96.27,-10.69,49,1
17354,1,96.25,49,37.64,96.27,-10.69,49,1
17362,1,39.99,0.782263488135185,13.51,40,-5.76,8.52,0.0918149633961484
17366,0,0,0,1.07,6.2,-0.76,2.89,NaN
17367,0,0,0,2.04,6.2,-0.76,2.89,NaN
17370,0,0,0,0.41,1.7,-0.19,0.87,NaN
17370,0,0,0,2.09,5.4,-0.6,2.75,NaN
17372,1,6.67,3.39,1.49,6.67,-0.74,3.39,1
17372,1,6.67,3.39,2.43,6.67,-0.74,3.39,1
17372,1,6.67,3.39,1.92,6.67,-0.74,3.39,1
17376,1,69.99,14.91,18.44,70,-10.08,14.91,1
17379,1,15.26,-1.69,2.2,15.27,-1.69,7.77,1
17379,0,0,0,3.34,15.27,-1.69,7.77,NaN
17379,1,15.26,-1.69,1.99,15.27,-1.69,7.77,1
17379,1,15.26,-1.69,4.87,15.27,-1.69,7.77,1
17380,1,15.26,0.0609034647052434,2.55,15.27,-1.69,7.77,0.00783828374584857
17381,0,0,0,4.24,15.27,-1.69,7.77,NaN
17386,1,49.33,3.80104832083779,20.74,49.33,-6.02,22.99,0.165334855190857
17387,1,49.33,3.80104832083779,13.65,49.33,-6.02,22.99,0.165334855190857
17389,1,49.33,-0.9428213849729,12.48,49.33,-6.02,22.99,0.156614848002143
17389,1,49.33,-0.9428213849729,10.64,49.33,-6.02,22.99,0.156614848002143
17390,1,49.33,0.577150101400362,14.59,49.33,-6.02,22.99,0.0251043976250701
17390,1,49.33,0.577150101400362,20.38,49.33,-6.02,22.99,0.0251043976250701
17395,1,193.12,-21.44,85.53,193.15,-21.44,98.31,1
17396,1,193.12,-21.44,24.98,193.15,-21.44,98.31,1
17397,1,193.12,-21.44,21.12,193.15,-21.44,98.31,1
17398,1,193.12,-9.94929873559827,54.85,193.15,-21.44,98.31,0.46405311266783
17402,1,132.78,67.6,19.52,132.8,-14.74,67.6,1
17404,0,0,0,6.43,27,0,0,NaN
17407,1,215.32,-6.36473520224918,29.71,215.35,-26.27,100.35,0.242281507508534
17408,1,215.32,3.15476660774024,29.9,215.35,-26.27,100.35,0.0314376343571524
17412,0,0,0,277.21,685,-83.57,319.21,NaN
17413,0,0,0,285.4,685,-83.57,319.21,NaN
17416,1,19,-2.32,8.69,19,-2.32,8.85,1
17418,1,1,0,0.5,1,0,0,NaN
17418,1,1.4,0,0.33,1.4,0,0,NaN
17418,1,2,0,0.76,2,0,0,NaN
17418,1,2.1,0,0.76,2.1,0,0,NaN
17419,1,0.8,0,0.18,0.8,0,0,NaN
17420,0,0,0,0.37,1,0,0,NaN
17422,1,1,0,0.37,1,0,0,NaN
17423,1,1,0,0.43,1,0,0,NaN
17429,1,195.97,29.5334039576637,48,196,-23.91,91.34,0.323334836409719
17430,1,195.97,12.1736610111769,50.79,196,-23.91,91.34,0.133278530886544
17431,1,195.97,16.0063125458623,77,196,-23.91,91.34,0.175238806063744
17434,1,20.7,9.65,8.3,20.7,-2.53,9.65,1
17434,1,20.7,9.65,9.85,20.7,-2.53,9.65,1
17435,1,20.7,5.95081667576815,7.56,20.7,-2.53,9.65,0.616664940494109
17436,1,20.7,5.95081667576815,5.73,20.7,-2.53,9.65,0.616664940494109
17441,1,72.19,36.75,8.16,72.2,-8.01,36.75,1
17442,0,0,0,1.04,2.1,-0.23,1.07,NaN
17446,1,25,6.73759107786141,6.36,25,-3.05,11.65,0.578333998099692
17447,1,25,6.73759107786141,10.2,25,-3.05,11.65,0.578333998099692
17453,1,232.8,136.523703977944,145.28,364,-44.41,169.62,0.804879754615872
17454,1,235.02,136.456120406851,41.47,364,-44.41,169.62,0.804481313564737
17457,1,0.85,0.4,0.15,0.85,-0.1,0.4,1
17457,1,0.85,0.4,0.25,0.85,-0.1,0.4,1
17457,1,1,0.47,0.15,1,-0.12,0.47,1
17457,1,1,0.47,0.43,1,-0.12,0.47,1
17457,0,0,0,0.48,2.9,-0.35,1.35,NaN
17457,0,0,0,1.14,2.9,-0.35,1.35,NaN
17457,0,0,0,1.31,2.9,-0.35,1.35,NaN
17457,0,0,0,1.38,2.9,-0.35,1.35,NaN
17461,1,250.45,273.759285029142,250.36,626,-76.37,291.72,0.938431664024209
17462,1,204.34,273.643347938476,98.85,626,-76.37,291.72,0.938034238099808
17466,1,247.47,33.8698269115303,38.42,247.5,-30.2,115.33,0.293677507253362
17467,1,247.47,33.8480662947991,70.26,247.5,-30.2,115.33,0.293488825932533
17470,1,1,0,0.18,1,0,0,NaN
17470,1,2.8,0,0.75,2.8,0,0,NaN
17470,0,0,0,0.84,5.5,0,0,NaN
17472,1,16,-1.95,1.95,16,-1.95,7.46,1
17474,1,1.8,0.84,0.47,1.8,-0.22,0.84,1
17474,1,1.8,0.84,0.36,1.8,-0.22,0.84,1
17474,1,1.8,0.84,0.79,1.8,-0.22,0.84,1
17474,1,1.8,0.84,0.27,1.8,-0.22,0.84,1
17474,1,1.8,0.84,0.8,1.8,-0.22,0.84,1
17481,1,5.83,2.97,2.45,5.83,-0.65,2.97,1
17481,1,5.83,2.97,1.66,5.83,-0.65,2.97,1
17482,0,0,0,1.52,5.83,-0.65,2.97,NaN
17485,1,5.6,-0.68,2.04,5.6,-0.68,2.61,1
17485,1,5.6,-0.68,0.64,5.6,-0.68,2.61,1
17485,1,5.6,-0.68,2.78,5.6,-0.68,2.61,1
17485,1,5.6,-0.68,0.74,5.6,-0.68,2.61,1
17486,1,5.6,-0.68,0.59,5.6,-0.68,2.61,1
17487,1,5.6,-0.68,2.73,5.6,-0.68,2.61,1
17493,1,319.79,145.699493248874,46.81,319.83,-39.02,149.04,0.977586508647837
17494,1,319.79,145.770033339694,40.08,319.83,-39.02,149.04,0.978059805016734
17495,1,319.79,145.369329133321,117.31,319.83,-39.02,149.04,0.975371236804353
17496,1,319.79,145.384701000205,153.55,319.83,-39.02,149.04,0.975474376007818
17497,1,319.79,145.531940769219,82.34,319.83,-39.02,149.04,0.976462297163306
17498,1,319.79,145.661581840484,38.99,319.83,-39.02,149.04,0.977332137952794
17501,1,24,12.22,5.7,24,-2.66,12.22,1
17501,1,24,12.22,7.82,24,-2.66,12.22,1
17501,1,24,12.22,7.04,24,-2.66,12.22,1
17501,1,24,12.22,10.88,24,-2.66,12.22,1
17501,0,0,0,4.88,24,-2.66,12.22,NaN
17501,1,24,12.22,4.35,24,-2.66,12.22,1
17504,1,11,5.6,3.31,11,-1.22,5.6,1
17504,1,11,5.6,1.69,11,-1.22,5.6,1
17507,0,0,0,7.73,32.5,-3.97,15.14,NaN
17507,0,0,0,13.87,32.5,-3.97,15.14,NaN
17510,1,39.99,-5.12938604166731,13.33,40,-5.76,8.52,0.890518410011686
17512,1,53.09,-6.48,22.38,53.1,-6.48,24.74,1
17512,1,53.09,-6.48,6.8,53.1,-6.48,24.74,1
17512,1,53.09,-6.48,26.17,53.1,-6.48,24.74,1
17512,1,53.09,-6.48,18.11,53.1,-6.48,24.74,1
17516,1,88.45,-4.33,37.77,88.47,-4.33,33.97,1
17516,0,0,0,31.87,88.47,-4.33,33.97,NaN
17516,1,88.45,-4.33,13,88.47,-4.33,33.97,1
17516,1,88.45,-4.33,14.09,88.47,-4.33,33.97,1
17516,0,0,0,40.44,88.47,-4.33,33.97,NaN
17516,0,0,0,41.53,88.47,-4.33,33.97,NaN
17520,0,0,0,0.9,4.34,-0.48,2.21,NaN
17520,0,0,0,1.19,4.34,-0.48,2.21,NaN
17520,0,0,0,0.63,4.34,-0.48,2.21,NaN
17520,0,0,0,2.14,4.34,-0.48,2.21,NaN
17520,0,0,0,0.49,4.34,-0.48,2.21,NaN
18293,1,236.49,40.6043817781347,82.37,236.53,-26.25,120.39,0.337273708598179
18294,1,236.49,54.6623123563763,46.2,236.53,-26.25,120.39,0.454043627845969
18295,1,236.49,55.013823958343,65.48,236.53,-26.25,120.39,0.45696340192992
18296,1,236.49,41.406388789182,117.24,236.53,-26.25,120.39,0.343935449698331
18300,1,2,0.93,0.41,2,-0.24,0.93,1
18303,1,43.99,13.3129617249751,16.26,44,-4.88,22.4,0.594328648436391
18303,1,43.99,13.3129617249751,20.72,44,-4.88,22.4,0.594328648436391
18309,1,1.5,0.58,0.69,1.5,-0.07,0.58,1
18309,1,1.5,0.58,0.75,1.5,-0.07,0.58,1
18310,1,1.5,0.58,0.73,1.5,-0.07,0.58,1
18313,0,0,0,0.52,2.8,-0.14,1.08,NaN
18313,0,0,0,0.46,2.8,-0.14,1.08,NaN
18313,0,0,0,0.58,2.8,-0.14,1.08,NaN
18316,1,1.8,0.84,0.19,1.8,-0.22,0.84,1
18318,0,0,0,2.94,18.7,-0.92,7.18,NaN
18319,0,0,0,3.79,18.7,-0.92,7.18,NaN
18319,0,0,0,3.79,18.7,-0.92,7.18,NaN
18319,1,18.7,-0.92,5.83,18.7,-0.92,7.18,1
18324,1,237.47,39.1929285841363,81.18,237.5,-28.98,110.68,0.354110305241564
18325,1,237.47,38.5457199783328,100.79,237.5,-28.98,110.68,0.34826273923322
18326,1,237.47,38.5122132734317,105.65,237.5,-28.98,110.68,0.347960004277482
18329,0,0,0,0.3,0.65,-0.03,0.25,NaN
18329,1,0.65,0.25,0.14,0.65,-0.03,0.25,1
18331,1,1.8,0.69,0.2,1.8,-0.09,0.69,1
18331,1,1.8,0.69,0.82,1.8,-0.09,0.69,1
18334,1,127.08,5.21748544455428,14.73,127.1,-14.11,64.69,0.0806536627694278
18335,1,127.08,5.78326774161885,59.43,127.1,-14.11,64.69,0.0893997177557404
18338,1,0.9,0.42,0.2,0.9,-0.11,0.42,1
18342,1,101.81,20.0943790896442,14.88,101.82,-11.3,51.83,0.387697840818913
18343,1,101.81,18.2421001110855,49.44,101.82,-11.3,51.83,0.351960256822024
18344,1,101.81,19.212790054479,39.47,101.82,-11.3,51.83,0.370688598388558
18345,1,101.81,23.5250613829041,13.92,101.82,-11.3,51.83,0.453888894132822
18346,1,101.81,18.8173327843765,38.9,101.82,-11.3,51.83,0.36305870701093
18350,0,0,0,1.29,4,-0.49,1.86,NaN
18350,0,0,0,0.78,4,-0.49,1.86,NaN
18351,0,0,0,1.81,4,-0.49,1.86,NaN
18352,0,0,0,0.57,4,-0.49,1.86,NaN
18352,0,0,0,0.88,4,-0.49,1.86,NaN
18353,0,0,0,0.46,4,-0.49,1.86,NaN
18357,1,6.83,3.18,1.14,6.83,-0.83,3.18,1
18358,1,6.83,3.18,1,6.83,-0.83,3.18,1
18358,1,6.83,3.18,2.85,6.83,-0.83,3.18,1
18362,1,0.53,0.2,0.07,0.53,-0.03,0.2,1
18363,1,0.53,0.2,0.22,0.53,-0.03,0.2,1
18364,1,0.53,0.2,0.16,0.53,-0.03,0.2,1
18368,0,0,0,0.19,0.53,-0.03,0.2,NaN
18368,1,0.53,-0.03,0.09,0.53,-0.03,0.2,1
18369,1,0.53,0.173134771613182,0.16,0.53,-0.03,0.2,0.865673858065912
18376,1,168.73,-12.1863713942912,72.81,168.75,-20.59,78.64,0.591858736973833
18377,0,0,0,70.26,168.75,-20.59,78.64,NaN
18380,1,1,-0.05,0.29,1,-0.05,0.38,1
18382,1,69.89,32.57,24.12,69.9,-8.53,32.57,1
18382,1,69.89,32.57,7.54,69.9,-8.53,32.57,1
18386,0,0,0,0.63,3.8,-0.42,1.93,NaN
18386,0,0,0,1.79,3.8,-0.42,1.93,NaN
18389,0,0,0,0.52,2.5,-0.28,1.27,NaN
18392,1,75.09,1.43441034623174,15.12,75.1,-8.34,38.23,0.037520542668892
18393,1,75.09,2.62785090567226,18.63,75.1,-8.34,38.23,0.0687379258611629
18394,1,75.09,0.288625491186117,10.4,75.1,-8.34,38.23,0.00754971203730362
18395,1,75.09,-1.11578300075175,17.64,75.1,-8.34,38.23,0.133786930545774
18400,1,476.93,63.849647287529,212.23,477,-23.37,183.17,0.348581357687006
18401,1,476.93,63.8070377539591,172.61,477,-23.37,183.17,0.348348734803511
18402,1,476.93,63.6889938926934,201.31,477,-23.37,183.17,0.347704285050463
18403,0,0,0,163.06,477,-23.37,183.17,NaN
18404,1,476.93,63.6820881192926,224.81,477,-23.37,183.17,0.347666583606991
18405,1,476.93,63.9682995698492,234.79,477,-23.37,183.17,0.349229129059612
18409,1,0.5,0.19,0.09,0.5,-0.02,0.19,1
18409,0,0,0,0.25,0.5,-0.02,0.19,NaN
18410,1,0.5,0.19,0.21,0.5,-0.02,0.19,1
18413,0,0,0,1.26,3.7,-0.18,1.42,NaN
18413,1,3.7,1.42,1.32,3.7,-0.18,1.42,1
18413,1,3.7,1.42,0.43,3.7,-0.18,1.42,1
18416,1,2.5,0.96,0.5,2.5,-0.12,0.96,1
18417,0,0,0,0.9,2.5,-0.12,0.96,NaN
18417,0,0,0,0.47,2.5,-0.12,0.96,NaN
18418,0,0,0,1.06,2.5,-0.12,0.96,NaN
18418,1,2.5,0.96,0.61,2.5,-0.12,0.96,1
18423,1,186.31,56.9416858007592,51.56,186.33,-20.68,94.84,0.600397361880632
18424,1,186.31,30.148106133586,20.08,186.33,-20.68,94.84,0.317883868974969
18425,1,186.31,40.3026523640849,50.73,186.33,-20.68,94.84,0.424954158204185
18429,1,6.8,3.17,2.97,6.8,-0.83,3.17,1
18429,1,6.8,3.17,1.59,6.8,-0.83,3.17,1
18430,1,6.8,3.17,2.36,6.8,-0.83,3.17,1
18431,1,6.8,3.17,1.64,6.8,-0.83,3.17,1
18434,0,0,0,0.76,6,-0.73,2.8,NaN
18434,1,6,-0.73,2.84,6,-0.73,2.8,1
18435,1,6,-0.24263949228404,1.27,6,-0.73,2.8,0.33238286614252
18436,0,0,0,2.04,6,-0.73,2.8,NaN
18440,1,0.2,0.08,0.04,0.2,-0.01,0.08,1
18440,1,0.2,0.08,0.03,0.2,-0.01,0.08,1
18446,0,0,0,177.63,668,-81.5,311.29,NaN
18449,1,1.5,0.58,0.32,1.5,-0.07,0.58,1
18449,1,1.5,0.58,0.63,1.5,-0.07,0.58,1
18449,1,1.5,0.58,0.53,1.5,-0.07,0.58,1
18449,1,1.5,0.58,0.54,1.5,-0.07,0.58,1
18449,1,1.5,0.58,0.61,1.5,-0.07,0.58,1
18451,0,0,0,0.2,0.6,-0.03,0.23,NaN
18452,1,0.6,0.23,0.07,0.6,-0.03,0.23,1
18453,1,0.6,0.23,0.11,0.6,-0.03,0.23,1
18457,1,5.4,2.07,0.65,5.4,-0.26,2.07,1
18457,0,0,0,1.76,5.4,-0.26,2.07,NaN
18457,1,5.4,2.07,0.58,5.4,-0.26,2.07,1
18457,1,5.4,2.07,1.86,5.4,-0.26,2.07,1
18461,1,20.7,-2.53,5.73,20.7,-2.53,9.65,1
18462,1,20.7,-2.53,2.11,20.7,-2.53,9.65,1
18464,1,20.7,9.65,3.55,20.7,-2.53,9.65,1
18464,1,20.7,9.65,7.08,20.7,-2.53,9.65,1
18469,0,0,0,7.93,20,-0.98,7.68,NaN
18470,1,20,7.68,2.86,20,-0.98,7.68,1
18473,1,2.5,0.96,1.09,2.5,-0.12,0.96,1
18473,0,0,0,0.72,2.5,-0.12,0.96,NaN
18477,1,117.69,39.6339620328423,117.62,424,-51.73,197.58,0.200597034278987
18478,1,168.46,39.8692900123432,168.4,424,-51.73,197.58,0.20178808590112
18481,1,56.99,6.63808454080093,25.43,57,-6.33,29.01,0.228820563281659
18481,1,56.99,6.63808454080093,11.84,57,-6.33,29.01,0.228820563281659
18481,1,56.99,6.63808454080093,9.45,57,-6.33,29.01,0.228820563281659
18481,1,56.99,6.63808454080093,23.64,57,-6.33,29.01,0.228820563281659
18481,1,56.99,6.63808454080093,16.35,57,-6.33,29.01,0.228820563281659
18485,0,0,0,2.29,4.67,-0.23,1.79,NaN
18485,0,0,0,2,4.67,-0.23,1.79,NaN
18485,0,0,0,1.02,4.67,-0.23,1.79,NaN
18488,0,0,0,11.07,22.25,-2.71,10.37,NaN
18489,1,22.25,-2.71,3.27,22.25,-2.71,10.37,1
18492,0,0,0,0.26,1.35,-0.07,0.52,NaN
18492,0,0,0,0.25,1.35,-0.07,0.52,NaN
18492,1,1.35,0.52,0.47,1.35,-0.07,0.52,1
18492,1,1.35,0.52,0.43,1.35,-0.07,0.52,1
18496,1,368,187.34,136.84,368.05,-40.85,187.34,1
18497,1,368,187.34,105.86,368.05,-40.85,187.34,1
18498,1,368,187.34,181.92,368.05,-40.85,187.34,1
18499,1,368,187.34,169.09,368.05,-40.85,187.34,1
18503,1,1.3,0.61,0.21,1.3,-0.16,0.61,1
18507,1,49.46,-2.42,8.38,49.47,-2.42,19,1
18507,1,49.46,-2.42,12.59,49.47,-2.42,19,1
18508,1,49.46,-2.42,11.68,49.47,-2.42,19,1
18508,0,0,0,12.13,49.47,-2.42,19,NaN
18509,1,49.46,10.8450583539021,22.87,49.47,-2.42,19,0.570792544942215
18510,0,0,0,9.07,49.47,-2.42,19,NaN
19383,1,2.9,1.11,0.42,2.9,-0.14,1.11,1
19387,1,186.97,-20.76,89.78,187,-20.76,95.18,1
19389,1,57.39,14.7544137942088,25.77,57.4,-7,26.75,0.551566870811545
19389,1,57.39,14.7544137942088,19.15,57.4,-7,26.75,0.551566870811545
19392,1,4,1.86,1.2,4,-0.49,1.86,1
19395,0,0,0,0.3,1.8,-0.22,0.84,NaN
19395,1,1.8,0.84,0.44,1.8,-0.22,0.84,1
19396,1,1.8,0.84,0.58,1.8,-0.22,0.84,1
19399,1,2,-0.24,0.65,2,-0.24,0.93,1
19399,1,2,-0.24,0.33,2,-0.24,0.93,1
19399,1,2,-0.24,0.55,2,-0.24,0.93,1
19399,1,2,-0.24,0.25,2,-0.24,0.93,1
19400,1,2,-0.24,0.45,2,-0.24,0.93,1
19401,1,2,-0.24,0.76,2,-0.24,0.93,1
19409,1,125.32,35.0551465985941,17.27,125.33,-13.91,63.79,0.549539843213577
19410,1,125.32,51.2063711315218,29.12,125.33,-13.91,63.79,0.802733518286907
19411,1,125.32,55.0850933140536,40.82,125.33,-13.91,63.79,0.863538067315467
19412,1,125.32,47.7077974626143,29.92,125.33,-13.91,63.79,0.747888343982039
19413,1,125.32,54.6956714555019,25.56,125.33,-13.91,63.79,0.857433319572063
19414,1,125.32,35.3633764578413,52.36,125.33,-13.91,63.79,0.554371789588358
19419,0,0,0,79.89,338.23,-41.26,157.61,NaN
19420,0,0,0,156.38,338.23,-41.26,157.61,NaN
19421,0,0,0,139.32,338.23,-41.26,157.61,NaN
19422,0,0,0,123.64,338.23,-41.26,157.61,NaN
19426,0,0,0,0.73,1.6,-0.2,0.75,NaN
19427,0,0,0,0.79,1.6,-0.2,0.75,NaN
19431,1,111.63,13.1414095359555,47.85,111.65,-12.39,56.83,0.231240709765185
19432,1,111.63,9.76545078713507,18.91,111.65,-12.39,56.83,0.171836191925657
19433,1,111.63,9.78095232353332,51.22,111.65,-12.39,56.83,0.172108962230043
19434,1,111.63,12.3373854234415,21.03,111.65,-12.39,56.83,0.217092828144316
19437,1,1,0.38,0.47,1,-0.05,0.38,1
19440,1,16.85,-2.06,3.93,16.85,-2.06,7.85,1
19440,1,16.85,-2.06,5.41,16.85,-2.06,7.85,1
19441,1,16.85,-2.06,6.22,16.85,-2.06,7.85,1
19441,1,16.85,-2.06,2.96,16.85,-2.06,7.85,1
19445,1,204.31,94.7433349267654,65.83,204.33,-22.68,104.01,0.910906017947942
19446,1,204.31,94.7942457653116,26,204.33,-22.68,104.01,0.911395498176248
19447,1,204.31,81.7450164372407,86.54,204.33,-22.68,104.01,0.78593420283858
19450,1,12,-1.46,4.32,12,-1.46,5.59,1
19452,1,1.22,0.57,0.36,1.22,-0.15,0.57,1
19452,1,1.22,0.57,0.13,1.22,-0.15,0.57,1
19452,1,1.22,0.57,0.28,1.22,-0.15,0.57,1
19452,1,1.22,0.57,0.18,1.22,-0.15,0.57,1
19452,0,0,0,0.28,1.22,-0.15,0.57,NaN
19452,0,0,0,0.15,1.22,-0.15,0.57,NaN
19454,1,1.25,0.48,0.35,1.25,-0.06,0.48,1
19454,0,0,0,0.33,1.25,-0.06,0.48,NaN
19457,0,0,0,5.45,13,-1.44,6.62,NaN
19460,1,2.2,1.03,0.82,2.2,-0.27,1.03,1
19461,1,2.2,1.03,1.07,2.2,-0.27,1.03,1
19463,1,2.2,1.03,0.42,2.2,-0.27,1.03,1
19464,1,2.2,1.03,0.5,2.2,-0.27,1.03,1
19465,1,2.2,1.03,0.8,2.2,-0.27,1.03,1
19466,1,2.2,1.03,0.73,2.2,-0.27,1.03,1
19470,1,1.8,-0.22,0.83,1.8,-0.22,0.84,1
19471,1,1.8,-0.22,0.7,1.8,-0.22,0.84,1
19473,1,1.8,-0.22,0.49,1.8,-0.22,0.84,1
19473,1,1.8,-0.22,0.9,1.8,-0.22,0.84,1
19474,1,1.8,-0.22,0.68,1.8,-0.22,0.84,1
19474,1,1.8,-0.22,0.53,1.8,-0.22,0.84,1
19479,1,162.98,63.503921819281,69.53,163,-19.89,75.96,0.836017928110598
19480,1,162.98,33.0175887240162,52.59,163,-19.89,75.96,0.434670730963878
19481,1,162.98,68.0354998170477,25.01,163,-19.89,75.96,0.895675353041703
19482,1,162.98,68.3546576236754,73.82,163,-19.89,75.96,0.899877009263762
19483,1,162.98,33.0479772182337,79.97,163,-19.89,75.96,0.435070790129459
19484,1,162.98,60.1117968149269,35.92,163,-19.89,75.96,0.791361200828422
19487,1,20.7,9.65,4.34,20.7,-2.53,9.65,1
19487,1,20.7,9.65,2.49,20.7,-2.53,9.65,1
19488,1,20.7,-2.53,4.91,20.7,-2.53,9.65,1
19488,1,20.7,-2.53,7.13,20.7,-2.53,9.65,1
19493,1,979.56,97.574106859543,300.48,979.7,-80.34,360.53,0.270640742405744
19494,1,979.56,97.6505976722687,485.02,979.7,-80.34,360.53,0.270852904535736
19497,1,1.8,0.84,0.76,1.8,-0.22,0.84,1
19497,1,1.8,0.84,0.84,1.8,-0.22,0.84,1
19501,1,178.48,15.7060331033061,41.94,178.5,-19.81,90.86,0.172859708378892
19502,1,178.48,33.4318659262533,24.21,178.5,-19.81,90.86,0.36794921776638
19503,1,178.48,34.684551765877,51.27,178.5,-19.81,90.86,0.381736206976414
19504,1,178.48,35.4563107039622,88.77,178.5,-19.81,90.86,0.390230142020275
19505,1,178.48,30.5690016930958,60.89,178.5,-19.81,90.86,0.336440696600218
19509,1,109.98,55.99,17.07,110,-12.21,55.99,1
19510,1,109.98,55.99,31.23,110,-12.21,55.99,1
19511,1,109.98,55.99,36.96,110,-12.21,55.99,1
19514,1,67.07,-8.18,33.37,67.08,-8.18,31.26,1
19514,1,67.07,-8.18,23.04,67.08,-8.18,31.26,1
19514,1,67.07,-8.18,15.99,67.08,-8.18,31.26,1
19514,1,67.07,-8.18,24.2,67.08,-8.18,31.26,1
19514,1,67.07,-8.18,8.01,67.08,-8.18,31.26,1
19514,1,67.07,-8.18,20.09,67.08,-8.18,31.26,1
19520,1,4,1.86,1.67,4,-0.49,1.86,1
19523,1,91.89,14.7285155789874,18.43,91.9,-10.2,46.78,0.314846421098491
19524,1,91.89,14.5321086076828,24.29,91.9,-10.2,46.78,0.310647896701214
19525,1,91.89,11.8856447136587,30.85,91.9,-10.2,46.78,0.254075346593815
19526,1,91.89,15.4308661650681,17.06,91.9,-10.2,46.78,0.329860328453786
19530,1,129.58,58.1632330044285,28.45,129.6,-14.39,65.97,0.881661861519305
19531,1,129.58,61.7618790670471,21.6,129.6,-14.39,65.97,0.936211597196408
19532,1,129.58,62.448975390974,38.62,129.6,-14.39,65.97,0.946626881779203
19536,0,0,0,0.65,1.6,-0.2,0.75,NaN
19536,0,0,0,0.44,1.6,-0.2,0.75,NaN
19539,0,0,0,0.75,1.5,-0.18,0.7,NaN
19542,1,176.43,-19.59,43.78,176.45,-19.59,89.81,1
19543,1,176.43,-19.59,24.44,176.45,-19.59,89.81,1
19548,0,0,0,117.51,258.3,-31.51,120.37,NaN
19555,1,176.35,39.819001373009,78.68,176.37,-19.58,89.77,0.44356690846618
19556,1,176.35,36.7606354239196,57.21,176.37,-19.58,89.77,0.409497999598079
19557,1,176.35,35.330668971095,51.64,176.37,-19.58,89.77,0.393568775438286
19558,1,176.35,18.0459121151986,78.1,176.37,-19.58,89.77,0.201023862261318
19562,1,171.08,2.8739138712768,85.21,171.1,-18.99,87.09,0.0329993555089769
19563,1,171.08,10.628089509884,30.44,171.1,-18.99,87.09,0.12203570455717
19564,1,171.08,2.57832407247445,34.45,171.1,-18.99,87.09,0.0296052827244741
19567,0,0,0,0.42,1.6,-0.2,0.75,NaN
19567,0,0,0,0.45,1.6,-0.2,0.75,NaN
19568,0,0,0,0.62,1.6,-0.2,0.75,NaN
19569,0,0,0,0.23,1.6,-0.2,0.75,NaN
19574,0,0,0,0.58,1.7,-0.21,0.79,NaN
19575,0,0,0,0.77,1.7,-0.21,0.79,NaN
19575,0,0,0,0.27,1.7,-0.21,0.79,NaN
19576,0,0,0,0.81,1.7,-0.21,0.79,NaN
19577,0,0,0,0.81,1.7,-0.21,0.79,NaN
19578,0,0,0,0.6,1.7,-0.21,0.79,NaN
19583,1,847.38,48.6662155390448,370.14,847.5,-69.49,311.88,0.156041476013354
19584,1,847.38,48.6776575945998,97.13,847.5,-69.49,311.88,0.156078163378863
19588,0,0,0,0.46,1.6,-0.2,0.75,NaN
19588,0,0,0,0.71,1.6,-0.2,0.75,NaN
19592,1,46.39,23.62,16.12,46.4,-5.15,23.62,1
19596,1,27,12.58,5.97,27,-3.29,12.58,1
19600,1,187.47,38.7657717473495,65.43,187.5,-22.88,87.37,0.443696597772113
19601,0,0,0,22.66,187.5,-22.88,87.37,NaN
19605,1,162.35,75.67,42.08,162.37,-19.81,75.67,1
19606,1,162.35,74.7032331403299,63.79,162.37,-19.81,75.67,0.987223908290338
19607,1,162.35,75.67,39.2,162.37,-19.81,75.67,1
19608,1,162.35,75.67,30.39,162.37,-19.81,75.67,1
19613,1,881.88,114.617691219423,422.95,882,-107.6,411.01,0.27886837599918
19616,1,92.09,-10.22,23.39,92.1,-10.22,46.88,1
19616,1,92.09,-10.22,18.54,92.1,-10.22,46.88,1
19616,1,92.09,-10.22,15.9,92.1,-10.22,46.88,1
19616,1,92.09,-10.22,18.95,92.1,-10.22,46.88,1
19618,1,1.8,-0.22,0.59,1.8,-0.22,0.84,1
19620,1,57.39,26.75,14.54,57.4,-7,26.75,1
19620,1,57.39,26.75,6.65,57.4,-7,26.75,1
19623,1,20.05,4.90912506598107,8.31,20.05,-2.45,9.34,0.525602255458359
19623,1,20.05,4.90912506598107,3.1,20.05,-2.45,9.34,0.525602255458359
19625,1,3.84,1.79,0.78,3.84,-0.47,1.79,1
19625,1,3.84,1.79,1.55,3.84,-0.47,1.79,1
19625,1,3.84,1.79,0.7,3.84,-0.47,1.79,1
19625,1,3.84,1.79,0.76,3.84,-0.47,1.79,1
19625,1,3.84,1.79,1.06,3.84,-0.47,1.79,1
19628,0,0,0,0.2,1.58,-0.19,0.73,NaN
19628,0,0,0,0.53,1.58,-0.19,0.73,NaN
19629,0,0,0,0.76,1.58,-0.19,0.73,NaN
19630,0,0,0,0.31,1.58,-0.19,0.73,NaN
19637,1,100.99,20.7437291236102,13.93,101,-11.21,51.41,0.403495995401871
19638,1,100.99,19.8133270747058,10.43,101,-11.21,51.41,0.385398309175372
19639,1,100.99,19.4479377260423,37.01,101,-11.21,51.41,0.378290949738227
19643,1,57.39,8.47874208894753,25.47,57.4,-7,26.75,0.316962321082151
19644,1,57.39,6.88118635159054,8.55,57.4,-7,26.75,0.257240611274413
19645,0,0,0,14.46,57.4,-7,26.75,NaN
19646,1,57.39,8.88958484396925,16.85,57.4,-7,26.75,0.332320928746514
19650,1,1.02,-0.13,0.49,1.03,-0.13,0.48,1
19651,1,1.02,-0.13,0.14,1.03,-0.13,0.48,1
19653,1,1.02,-0.0526181051027389,0.49,1.03,-0.13,0.48,0.404754654636453
19653,1,1.02,-0.0526181051027389,0.29,1.03,-0.13,0.48,0.404754654636453
21122,1,211.77,-23.51,64.09,211.8,-23.51,107.81,1
21123,1,211.77,-23.51,95.43,211.8,-23.51,107.81,1
21124,1,211.77,-23.51,64.85,211.8,-23.51,107.81,1
21125,1,211.77,-23.51,62.74,211.8,-23.51,107.81,1
21126,1,211.77,-23.51,47.08,211.8,-23.51,107.81,1
21130,1,1.5,0,0.38,1.5,0,0,NaN
21131,1,2,0,0.44,2,0,0,NaN
21133,1,2,0,0.84,2,0,0,NaN
21136,1,1.3,0,0.44,1.3,0,0,NaN
21136,1,1.3,0,0.61,1.3,0,0,NaN
21137,1,1.3,0,0.22,1.3,0,0,NaN
21138,0,0,0,0.49,1.3,0,0,NaN
21138,0,0,0,0.18,1.3,0,0,NaN
21144,0,0,0,1.13,3.9,0,0,NaN
21144,0,0,0,0.14,0.5,0,0,NaN
21145,0,0,0,0.24,0.5,0,0,NaN
21145,1,0.5,0,0.24,0.5,0,0,NaN
21146,1,0.5,0,0.08,0.5,0,0,NaN
21151,1,4.75,2.21,1.26,4.75,-0.58,2.21,1
21152,1,4.75,2.21,0.96,4.75,-0.58,2.21,1
21154,1,4.75,2.21,1.18,4.75,-0.58,2.21,1
21154,1,4.75,2.21,2.22,4.75,-0.58,2.21,1
21155,1,4.75,2.21,0.53,4.75,-0.58,2.21,1
21156,1,4.75,2.21,1.23,4.75,-0.58,2.21,1
21164,1,21,8.06,5.88,21,-1.03,8.06,1
21165,1,21,-1.03,2.26,21,-1.03,8.06,1
21165,1,21,-1.03,6.48,21,-1.03,8.06,1
21166,1,21,8.06,5.74,21,-1.03,8.06,1
21170,1,5,0,1.63,5,0,0,NaN
21170,0,0,0,1.89,5,0,0,NaN
21173,0,0,0,0.7,1.8,-0.22,0.84,NaN
21174,0,0,0,0.63,1.8,-0.22,0.84,NaN
21175,0,0,0,0.34,1.8,-0.22,0.84,NaN
21180,1,5,0,2.21,5,0,0,NaN
21180,1,3.5,0,1.36,3.5,0,0,NaN
21183,0,0,0,1.07,5,0,0,NaN
21185,1,2,0,0.69,2,0,0,NaN
21185,1,5,0,1.35,5,0,0,NaN
21185,1,5,0,2.47,5,0,0,NaN
21188,1,5,0,0.99,5,0,0,NaN
21189,1,2,0,0.98,2,0,0,NaN
21189,1,0.5,0,0.11,0.5,0,0,NaN
21190,1,0.5,0,0.08,0.5,0,0,NaN
21190,1,0.5,0,0.1,0.5,0,0,NaN
21191,1,0.5,0,0.19,0.5,0,0,NaN
21195,1,1.9,0,0.87,1.9,0,0,NaN
21196,0,0,0,1.1,5,0,0,NaN
21199,0,0,0,0.99,5,0,0,NaN
21201,0,0,0,9.05,34.7,-4.23,16.17,NaN
21203,1,1.1,0,0.2,1.1,0,0,NaN
21203,0,0,0,0.6,2.5,0,0,NaN
21203,1,5,0,0.77,5,0,0,NaN
21206,1,5,0,0.97,5,0,0,NaN
21207,1,5,0,2.07,5,0,0,NaN
21210,0,0,0,0.6,1.3,0,0,NaN
21210,1,20,0,7.83,20,0,0,NaN
21215,1,59.99,14.2848838131034,26.72,60,-6.66,30.54,0.467743412347852
21216,1,59.99,13.9582676168866,13.73,60,-6.66,30.54,0.457048710441606
21217,1,59.99,8.80740710842683,26.31,60,-6.66,30.54,0.288389230793282
21224,1,199.37,92.6292115451861,39.14,199.4,-22.13,101.49,0.912692989902316
21225,1,199.37,92.3253685416124,69.29,199.4,-22.13,101.49,0.909699167815671
21226,1,199.37,101.49,72.61,199.4,-22.13,101.49,1
21230,1,5,0,1.93,5,0,0,NaN
21232,0,0,0,0.1,0.5,0,0,NaN
21232,1,0.5,0,0.06,0.5,0,0,NaN
21232,1,0.5,0,0.19,0.5,0,0,NaN
21232,1,0.5,0,0.14,0.5,0,0,NaN
21232,1,2,0,0.55,2,0,0,NaN
21232,1,2,0,0.51,2,0,0,NaN
21232,0,0,0,2.31,5,0,0,NaN
21238,1,2,0,0.59,2,0,0,NaN
21240,0,0,0,0.83,2,0,0,NaN
21240,1,5,0,2.27,5,0,0,NaN
21247,1,5,0,2.13,5,0,0,NaN
21252,1,1220.13,322.30641873927,247.38,1220.3,-100.06,449.07,0.717719773619414
21253,1,1220.13,323.244943993812,348.53,1220.3,-100.06,449.07,0.719809704486632
21257,1,5,0,2.17,5,0,0,NaN
21257,1,5,0,1.06,5,0,0,NaN
21258,1,5,0,0.86,5,0,0,NaN
21262,0,0,0,0.52,5,0,0,NaN
21265,1,5,0,1.83,5,0,0,NaN
21265,1,5,0,1.81,5,0,0,NaN
21266,0,0,0,0.53,2,0,0,NaN
21270,0,0,0,1.38,5,0,0,NaN
21273,0,0,0,0.95,5,0,0,NaN
21273,1,4.9,0,2.19,4.9,0,0,NaN
21276,1,5,0,1.39,5,0,0,NaN
21281,1,950.77,109.350977026267,137.03,950.9,-77.97,349.93,0.312493861704532
21285,1,5,0,2.08,5,0,0,NaN
21288,0,0,0,0.7,2,0,0,NaN
21288,0,0,0,1.27,4.3,0,0,NaN
21297,1,174.37,28.9654004342763,174.28,639.55,-78.03,298.03,0.0971895461338668
21298,1,310.96,29.975881055964,310.86,639.55,-78.03,298.03,0.100580079374439
21299,1,178.92,29.0261943808889,178.82,639.55,-78.03,298.03,0.0973935321306207
21300,0,0,0,310.76,639.55,-78.03,298.03,NaN
21303,1,57.29,-6.36,6.4,57.3,-6.36,29.17,1
21303,1,57.29,-6.36,26.52,57.3,-6.36,29.17,1
21303,1,57.29,-6.36,25.68,57.3,-6.36,29.17,1
21303,1,57.29,-6.36,16.52,57.3,-6.36,29.17,1
21303,1,57.29,-6.36,13.16,57.3,-6.36,29.17,1
21303,1,57.29,-6.36,8.35,57.3,-6.36,29.17,1
21305,1,15,7.64,3.73,15,-1.67,7.64,1
21305,1,15,7.64,5.48,15,-1.67,7.64,1
21307,1,1.3,0,0.3,1.3,0,0,NaN
21307,1,5,0,0.56,5,0,0,NaN
21313,0,0,0,2.55,14,-0.69,5.38,NaN
21313,1,14,-0.69,4.8,14,-0.69,5.38,1
21313,1,14,-0.69,5.63,14,-0.69,5.38,1
21316,1,5,0,2.34,5,0,0,NaN
21318,1,4,0,0.67,4,0,0,NaN
21318,0,0,0,2.23,5,0,0,NaN
21320,1,57.39,26.75,23.73,57.4,-7,26.75,1
21320,1,57.39,26.75,14.21,57.4,-7,26.75,1
21326,1,277.74,-78.3909046881873,163.14,735.8,-89.77,342.88,0.873241669691292
21329,1,5,0,1.95,5,0,0,NaN
21332,1,3,1.10799009502946,1.24,3,-0.37,1.4,0.791421496449611
21332,1,3,1.10799009502946,0.9,3,-0.37,1.4,0.791421496449611
21333,1,3,1.15771893657626,1.08,3,-0.37,1.4,0.826942097554474
21333,1,3,1.15771893657626,0.43,3,-0.37,1.4,0.826942097554474
21334,1,3,1.3491559615416,0.49,3,-0.37,1.4,0.963682829672572
21334,1,3,1.3491559615416,0.4,3,-0.37,1.4,0.963682829672572
21338,1,3,0,0.49,3,0,0,NaN
21339,0,0,0,4.12,20,0,0,NaN
21342,1,5,0,1.92,5,0,0,NaN
21345,1,5,0,2.35,5,0,0,NaN
21345,1,5,0,1.46,5,0,0,NaN
21349,1,5,0,1.77,5,0,0,NaN
21352,1,5,0,1.19,5,0,0,NaN
21357,1,57.29,24.7468800435075,26.54,57.3,-6.36,29.17,0.84836750234856
21358,1,57.29,29.17,22.52,57.3,-6.36,29.17,1
21359,1,57.29,28.5595887975933,23.74,57.3,-6.36,29.17,0.979074007459491
21360,1,57.29,17.815191300853,14.63,57.3,-6.36,29.17,0.610736760399486
21361,1,57.29,20.9938492327093,27.75,57.3,-6.36,29.17,0.719706864336967
21362,1,57.29,24.3665405365719,13.01,57.3,-6.36,29.17,0.8353287808218
21366,1,5,0,1.48,5,0,0,NaN
21369,0,0,0,0.23,0.75,0,0,NaN
21370,0,0,0,0.15,0.75,0,0,NaN
21372,1,0.75,0,0.27,0.75,0,0,NaN
21373,1,0.75,0,0.27,0.75,0,0,NaN
21375,0,0,0,0.93,2,0,0,NaN
21375,1,0.75,0,0.37,0.75,0,0,NaN
21376,0,0,0,0.09,0.75,0,0,NaN
21379,1,1,0.47,0.3,1,-0.12,0.47,1
21379,1,1,0.47,0.17,1,-0.12,0.47,1
21379,0,0,0,0.32,1.8,-0.22,0.84,NaN
21379,0,0,0,0.55,1.8,-0.22,0.84,NaN
21379,0,0,0,0.39,1.8,-0.22,0.84,NaN
21379,0,0,0,0.22,1.8,-0.22,0.84,NaN
21379,0,0,0,0.74,1.8,-0.22,0.84,NaN
21381,1,30.43,-3.71,11.61,30.43,-3.71,14.18,1
21381,1,30.43,-3.71,15.07,30.43,-3.71,14.18,1
21381,1,30.43,-3.71,3.05,30.43,-3.71,14.18,1
21384,0,0,0,1.98,5,0,0,NaN
21384,1,2,0,0.9,2,0,0,NaN
21385,1,1,0,0.22,1,0,0,NaN
21389,1,10.47,4.02,2.62,10.47,-0.51,4.02,1
21389,1,10.47,4.02,1.12,10.47,-0.51,4.02,1
21390,1,10.47,3.03831384382149,3.28,10.47,-0.51,4.02,0.755799463637187
21393,0,0,0,0.23,1.8,-0.22,0.84,NaN
21393,0,0,0,0.4,1.8,-0.22,0.84,NaN
21393,0,0,0,0.81,1.8,-0.22,0.84,NaN
21393,0,0,0,0.61,2.2,-0.27,1.03,NaN
21393,1,2.2,1.03,0.85,2.2,-0.27,1.03,1
21393,1,2.2,1.03,1.04,2.2,-0.27,1.03,1
21393,1,2.2,1.03,0.37,2.2,-0.27,1.03,1
21398,1,27.2,10.44,12.28,27.2,-1.33,10.44,1
21398,1,27.2,10.44,7.29,27.2,-1.33,10.44,1
21399,1,27.2,10.44,3.29,27.2,-1.33,10.44,1
21399,1,27.2,10.44,9.1,27.2,-1.33,10.44,1
21403,0,0,0,0.32,1.8,-0.22,0.84,NaN
21403,0,0,0,0.45,1.8,-0.22,0.84,NaN
21404,0,0,0,0.18,1.8,-0.22,0.84,NaN
21408,0,0,0,2.48,5,0,0,NaN
21411,0,0,0,0.67,2,0,0,NaN
21411,1,5,0,1.79,5,0,0,NaN
21418,1,195.47,25.0380639347474,52.14,195.5,-21.7,99.51,0.251613545721509
21419,1,195.47,36.1885058543913,51.11,195.5,-21.7,99.51,0.363667026976096
21420,1,195.47,13.2967358961501,45.94,195.5,-21.7,99.51,0.133622107287208
21421,1,195.47,21.2946101343337,23.8,195.5,-21.7,99.51,0.213994675252072
21422,1,195.47,29.351230680353,60.33,195.5,-21.7,99.51,0.29495759903882
21426,1,1,0,0.42,1,0,0,NaN
21427,1,1.9,0,0.23,1.9,0,0,NaN
21429,1,5.2,0,2.07,5.2,0,0,NaN
21429,1,3.5,0,1.71,3.5,0,0,NaN
21432,1,1,-0.12,0.11,1,-0.12,0.47,1
21432,1,1,-0.12,0.15,1,-0.12,0.47,1
21432,1,1,-0.12,0.16,1,-0.12,0.47,1
21432,0,0,0,0.77,1.8,-0.22,0.84,NaN
21432,0,0,0,0.69,1.8,-0.22,0.84,NaN
21432,0,0,0,0.65,1.8,-0.22,0.84,NaN
21434,1,5,0,2.23,5,0,0,NaN
21436,0,0,0,1.78,5,0,0,NaN
21438,0,0,0,0.33,1,-0.12,0.47,NaN
21438,0,0,0,0.38,1,-0.12,0.47,NaN
21438,0,0,0,0.29,1.2,-0.15,0.56,NaN
21438,0,0,0,0.38,1.2,-0.15,0.56,NaN
21438,0,0,0,0.29,1.4,-0.17,0.65,NaN
21438,0,0,0,0.26,1.4,-0.17,0.65,NaN
21440,1,5,0,1.89,5,0,0,NaN
21442,1,57.79,-7.05,25.27,57.8,-7.05,26.93,1
21445,1,5,0,1.22,5,0,0,NaN
21446,1,3.5,0,0.91,3.5,0,0,NaN
21446,1,1.2,0,0.37,1.2,0,0,NaN
21450,1,40.96,20.85,20.34,40.97,-4.55,20.85,1
21450,1,40.96,20.85,12.67,40.97,-4.55,20.85,1
21450,1,40.96,20.85,17.35,40.97,-4.55,20.85,1
21450,1,40.96,20.85,6.23,40.97,-4.55,20.85,1
21453,1,40.96,16.8328924641609,14.36,40.97,-4.55,20.85,0.8073329719022
21454,1,40.96,16.8328924641609,15.85,40.97,-4.55,20.85,0.8073329719022
21463,1,206.52,47.4676784792786,46.69,206.55,-22.93,105.13,0.45151411090344
21464,1,206.52,61.9570087713807,44.05,206.55,-22.93,105.13,0.589337094752979
21465,1,206.52,46.0021833803182,101.6,206.55,-22.93,105.13,0.437574273569088
21466,1,206.52,23.689926725125,39.83,206.55,-22.93,105.13,0.225339358176781
21467,1,206.52,46.6080304172325,74.33,206.55,-22.93,105.13,0.443337110408376
21468,1,206.52,23.7784313349339,76.61,206.55,-22.93,105.13,0.226181216921277
21471,1,4.8,0,0.66,4.8,0,0,NaN
21471,0,0,0,0.51,5,0,0,NaN
21474,0,0,0,0.58,5,0,0,NaN
21481,1,230.33,117.26,42.48,230.37,-25.57,117.26,1
21482,1,230.33,117.26,28.63,230.37,-25.57,117.26,1
21483,1,230.33,117.26,34.49,230.37,-25.57,117.26,1
21486,1,3.5,0,1.22,3.5,0,0,NaN
21486,1,4,0,0.54,4,0,0,NaN
21486,1,5,0,0.64,5,0,0,NaN
21488,1,5,0,2.41,5,0,0,NaN
21491,1,4,0,0.51,4,0,0,NaN
21492,1,5,0,2.16,5,0,0,NaN
21494,1,5,0,2.14,5,0,0,NaN
21498,1,1,0,0.16,1,0,0,NaN
21499,1,2,0,0.71,2,0,0,NaN
21501,1,5,0,2.32,5,0,0,NaN
21505,1,44.14,-5.39,18.42,44.15,-5.39,20.57,1
21505,1,44.14,-5.39,4.75,44.15,-5.39,20.57,1
21507,1,44.14,17.4152261678536,13.77,44.15,-5.39,20.57,0.846632288179563
21508,1,44.14,17.4152261678536,4.42,44.15,-5.39,20.57,0.846632288179563
21513,0,0,0,0.91,5,0,0,NaN
21517,1,17.5,5.07237918434725,7.55,17.5,-2.14,8.16,0.621615096120987
21518,1,17.5,5.07237918434725,2.33,17.5,-2.14,8.16,0.621615096120987
21520,1,17.5,-1.47709568755587,2.27,17.5,-2.14,8.16,0.690231629699006
21521,1,17.5,-1.47709568755587,4.6,17.5,-2.14,8.16,0.690231629699006
21527,1,242.84,5.31598454446941,71.99,499,-60.88,232.53,0.0228614997826922
21528,1,242.41,4.46184052048041,242.34,499,-60.88,232.53,0.0191882360146235
21529,1,257.81,5.14382725721906,197.46,499,-60.88,232.53,0.0221211338632394
21530,1,185.78,5.09746288256491,185.7,499,-60.88,232.53,0.0219217429259231
21536,0,0,0,501.87,1080.1,-131.77,503.33,NaN
21537,0,0,0,474.41,1080.1,-131.77,503.33,NaN
21540,1,25,-1.22,8.27,25,-1.22,9.6,1
21541,0,0,0,0.2,0.53,-0.03,0.2,NaN
21541,1,0.53,0.2,0.09,0.53,-0.03,0.2,1
21541,0,0,0,0.24,0.53,-0.03,0.2,NaN
21541,1,25,9.6,8.44,25,-1.22,9.6,1
21541,0,0,0,10.99,25,-1.22,9.6,NaN
21541,0,0,0,8.11,25,-1.22,9.6,NaN
21548,1,182.27,84.95,50.4,182.3,-22.24,84.95,1
21551,1,0.4,0.15,0.11,0.4,-0.02,0.15,1
21551,1,0.4,0.15,0.1,0.4,-0.02,0.15,1
21551,1,0.4,0.15,0.15,0.4,-0.02,0.15,1
21551,0,0,0,0.22,0.6,-0.03,0.23,NaN
21551,1,0.6,0.23,0.15,0.6,-0.03,0.23,1
21551,0,0,0,0.33,0.75,-0.04,0.29,NaN
21551,0,0,0,0.13,0.75,-0.04,0.29,NaN
21551,0,0,0,0.26,2.2,-0.11,0.84,NaN
21551,1,2.2,0.84,0.58,2.2,-0.11,0.84,1
21560,1,12.4,0,3.77,12.4,0,0,NaN
21563,0,0,0,2.05,5,0,0,NaN
21563,1,5,0,1.05,5,0,0,NaN
21566,1,5,0,2.16,5,0,0,NaN
21566,1,2,0,0.31,2,0,0,NaN
21570,1,5,0,1.43,5,0,0,NaN
21572,1,4.8,0,1.26,4.8,0,0,NaN
21573,0,0,0,0.65,4.8,0,0,NaN
21573,1,5,0,1.71,5,0,0,NaN
21577,1,8.6,3.3,1.4,8.6,-0.42,3.3,1
21577,1,8.6,3.3,2.21,8.6,-0.42,3.3,1
21578,1,8.6,3.3,1.21,8.6,-0.42,3.3,1
21581,1,5,0,0.62,5,0,0,NaN
21583,1,0.83,0,0.34,0.83,0,0,NaN
21583,1,0.83,0,0.33,0.83,0,0,NaN
21583,0,0,0,0.41,0.83,0,0,NaN
21583,1,0.83,0,0.18,0.83,0,0,NaN
21583,1,0.83,0,0.26,0.83,0,0,NaN
21583,1,0.83,0,0.38,0.83,0,0,NaN
21587,0,0,0,0.68,5,0,0,NaN
21587,1,5,0,1.31,5,0,0,NaN
21588,0,0,0,1.74,4.9,0,0,NaN
21592,1,44.39,10.3933544709269,6.17,44.4,-2.18,17.05,0.609580907385739
21592,0,0,0,15.8,44.4,-2.18,17.05,NaN
21594,0,0,0,13.91,44.4,-2.18,17.05,NaN
21595,1,44.39,-2.18,5.05,44.4,-2.18,17.05,1
21599,0,0,0,0.43,1.2,-0.15,0.56,NaN
21599,0,0,0,0.35,1.2,-0.15,0.56,NaN
21599,1,2.3,1.07,0.82,2.3,-0.28,1.07,1
21599,1,2.3,1.07,0.41,2.3,-0.28,1.07,1
21599,1,2.3,1.07,0.5,2.3,-0.28,1.07,1
21599,1,2.3,1.07,0.63,2.3,-0.28,1.07,1
21602,1,5,0,1.06,5,0,0,NaN
21605,1,5,0,0.6,5,0,0,NaN
21608,1,5,0,0.58,5,0,0,NaN
21608,1,2.5,0,0.3,2.5,0,0,NaN
21609,1,1,0,0.28,1,0,0,NaN
21615,1,243.3,92.1940815214579,30.61,243.33,-27.01,123.86,0.744341042479072
21616,1,243.3,92.004543307665,102.72,243.33,-27.01,123.86,0.742810780782052
21617,1,243.3,92.5486281537959,25.39,243.33,-27.01,123.86,0.747203521345034
21623,1,1001.46,152.066706225321,428.19,1001.6,-82.13,368.59,0.412563298584664
21624,1,1001.46,151.429614744882,351.9,1001.6,-82.13,368.59,0.410834842901006
21628,1,28.8,7.37549911775727,9.67,28.8,-3.2,14.66,0.503103623312229
21629,1,28.8,7.37549911775727,13.93,28.8,-3.2,14.66,0.503103623312229
21633,1,3,0,1.42,3,0,0,NaN
21633,1,2.5,0,0.74,2.5,0,0,NaN
21637,1,230.33,53.1913359772692,34.66,230.37,-25.57,117.26,0.45361876153223
21638,1,230.33,61.6096791062588,97.79,230.37,-25.57,117.26,0.525410874179249
21639,1,230.33,61.5768966031626,91.71,230.37,-25.57,117.26,0.525131303114128
21642,1,5,0,1.63,5,0,0,NaN
21646,1,17.5,-1.94,4.31,17.5,-1.94,8.91,1
21647,0,0,0,3.34,17.5,-1.94,8.91,NaN
21647,1,17.5,4.11124858570614,7.03,17.5,-1.94,8.91,0.461419594355347
21655,1,208.47,26.3553732757836,88.06,208.5,-23.14,106.13,0.248331040005499
21656,1,208.47,30.3768434207294,83.03,208.5,-23.14,106.13,0.286222966368882
21657,1,208.47,41.7479055734426,65.57,208.5,-23.14,106.13,0.393365736110832
21658,1,208.47,42.2741098224279,95.73,208.5,-23.14,106.13,0.398323846437651
21659,1,208.47,48.0077857126968,62.03,208.5,-23.14,106.13,0.452348871315337
21662,1,5,0,0.65,5,0,0,NaN
21663,1,1.2,0,0.31,1.2,0,0,NaN
21664,1,4.9,0,1.25,4.9,0,0,NaN
21668,0,0,0,1.45,5,0,0,NaN
21671,1,5,0,0.6,5,0,0,NaN
21675,1,5,0,1.3,5,0,0,NaN
21675,1,1.2,0,0.53,1.2,0,0,NaN
21679,1,34.7,16.17,12.29,34.7,-4.23,16.17,1
21685,1,229.97,117.07,66.17,230,-25.53,117.07,1
21686,1,229.97,106.869550579195,55.42,230,-25.53,117.07,0.912868801393993
21687,1,229.97,117.07,59.86,230,-25.53,117.07,1
21688,1,229.97,103.815282900381,47.71,230,-25.53,117.07,0.886779558387126
21694,1,197.91,100.75,87,197.93,-21.97,100.75,1
21695,1,197.91,100.75,89.37,197.93,-21.97,100.75,1
21696,1,197.91,100.75,53.42,197.93,-21.97,100.75,1
21699,1,4.1,-0.2,0.8,4.1,-0.2,1.57,1
21699,1,4.1,-0.2,1.32,4.1,-0.2,1.57,1
21699,1,4.1,-0.2,1.2,4.1,-0.2,1.57,1
21699,0,0,0,0.95,4.1,-0.2,1.57,NaN
21699,1,4.1,-0.2,1.5,4.1,-0.2,1.57,1
21699,1,4.1,-0.2,0.57,4.1,-0.2,1.57,1
21701,1,0.5,0,0.12,0.5,0,0,NaN
21701,0,0,0,0.17,0.5,0,0,NaN
21701,1,0.5,0,0.19,0.5,0,0,NaN
21701,0,0,0,0.2,0.5,0,0,NaN
21701,1,5,0,2.44,5,0,0,NaN
21704,1,5,0,1.25,5,0,0,NaN
21708,1,5,0,1.69,5,0,0,NaN
21709,1,5,0,1.32,5,0,0,NaN
22108,1,22.5,-1.1,4.33,22.5,-1.1,8.64,1
22109,1,22.5,-1.1,3.22,22.5,-1.1,8.64,1
22112,0,0,0,27.16,84.9,-4.16,32.6,NaN
22112,1,84.89,32.6,39.45,84.9,-4.16,32.6,1
22112,1,84.89,32.6,21.13,84.9,-4.16,32.6,1
22119,0,0,0,2.17,8.75,-1.07,4.08,NaN
22120,0,0,0,3.69,8.75,-1.07,4.08,NaN
22122,0,0,0,3.03,8.75,-1.07,4.08,NaN
22122,0,0,0,0.96,8.75,-1.07,4.08,NaN
22123,0,0,0,3.44,8.75,-1.07,4.08,NaN
22123,0,0,0,3.97,8.75,-1.07,4.08,NaN
22127,1,9.23,-0.45,2.43,9.23,-0.45,3.55,1
22127,1,9.23,-0.45,1.68,9.23,-0.45,3.55,1
22128,1,9.23,-0.45,2.33,9.23,-0.45,3.55,1
22132,1,3.5,0,0.52,3.5,0,0,NaN
22137,1,87.49,19.4127532930919,10.14,87.5,-4.29,33.6,0.577760514675354
22138,1,87.49,21.1884910261262,9.61,87.5,-4.29,33.6,0.630609851968041
22139,1,87.49,20.6695347260021,35.23,87.5,-4.29,33.6,0.615164723988157
22140,0,0,0,40.83,87.5,-4.29,33.6,NaN
22144,1,0.8,0.31,0.2,0.8,-0.04,0.31,1
22144,1,0.8,0.31,0.26,0.8,-0.04,0.31,1
22145,1,0.8,0.31,0.29,0.8,-0.04,0.31,1
22145,0,0,0,0.06,0.2,-0.01,0.08,NaN
22146,1,0.2,0.072414694005512,0.04,0.2,-0.01,0.08,0.905183675068899
22146,1,0.2,0.072414694005512,0.08,0.2,-0.01,0.08,0.905183675068899
22147,1,0.2,0.08,0.02,0.2,-0.01,0.08,1
22147,0,0,0,0.08,0.2,-0.01,0.08,NaN
22148,1,0.2,0.0701683789670314,0.08,0.2,-0.01,0.08,0.877104737087893
22152,1,0.5,0.19,0.21,0.5,-0.02,0.19,1
22153,1,0.5,0.19,0.05,0.5,-0.02,0.19,1
22155,1,3,1.15,0.3,3,-0.15,1.15,1
22159,1,2.7,1.04,0.65,2.7,-0.13,1.04,1
22159,1,2.7,1.04,0.71,2.7,-0.13,1.04,1
22163,0,0,0,0.38,2.5,-0.12,0.96,NaN
22163,1,2.5,-0.12,0.69,2.5,-0.12,0.96,1
22166,0,0,0,1.61,5,0,0,NaN
22168,1,8.5,3.26,1.16,8.5,-0.42,3.26,1
22168,1,8.5,3.26,2.86,8.5,-0.42,3.26,1
22168,1,8.5,3.26,2.7,8.5,-0.42,3.26,1
22170,1,0.2,0.09,0.07,0.2,-0.02,0.09,1
22170,1,1.3,0.61,0.38,1.3,-0.16,0.61,1
22170,0,0,0,0.42,1.8,-0.22,0.84,NaN
22170,1,1.8,0.84,0.5,1.8,-0.22,0.84,1
22170,1,1.8,0.84,0.47,1.8,-0.22,0.84,1
22170,1,2.2,1.03,0.44,2.2,-0.27,1.03,1
22170,1,2.2,1.03,0.85,2.2,-0.27,1.03,1
22176,0,0,0,11.23,70.6,-3.46,27.11,NaN
22179,1,94.99,7.97504125826239,46.11,95,-4.65,36.48,0.218614069579561
22182,1,1,0,0.21,1,0,0,NaN
22183,0,0,0,0.26,1,0,0,NaN
22185,1,5,0,0.84,5,0,0,NaN
22185,0,0,0,0.36,1.7,0,0,NaN
22186,1,1,0,0.37,1,0,0,NaN
22186,1,1,0,0.24,1,0,0,NaN
22189,0,0,0,0.8,5,0,0,NaN
22192,0,0,0,1.29,4,0,0,NaN
22196,1,4,0,1.17,4,0,0,NaN
22196,1,2,0,0.69,2,0,0,NaN
22200,1,13.2,-0.65,6.34,13.2,-0.65,5.07,1
22200,1,0.6,-0.03,0.21,0.6,-0.03,0.23,1
22201,1,0.6,-0.03,0.12,0.6,-0.03,0.23,1
22202,0,0,0,0.26,0.6,-0.03,0.23,NaN
22206,0,0,0,6.55,21.6,-1.06,8.29,NaN
22210,1,28,-1.37,3.28,28,-1.37,10.75,1
22211,1,28,-1.37,6.22,28,-1.37,10.75,1
22211,1,28,-1.37,13.88,28,-1.37,10.75,1
22212,0,0,0,12.13,28,-1.37,10.75,NaN
22212,1,28,-1.37,9.21,28,-1.37,10.75,1
22216,1,18,6.91,2.27,18,-0.88,6.91,1
22216,1,18,6.91,4.83,18,-0.88,6.91,1
22222,1,1.8,0.84,0.75,1.8,-0.22,0.84,1
22222,1,1.05,0.49,0.46,1.05,-0.13,0.49,1
22223,1,1.05,0.49,0.45,1.05,-0.13,0.49,1
22223,1,1.05,0.49,0.43,1.05,-0.13,0.49,1
22224,1,1.05,0.49,0.43,1.05,-0.13,0.49,1
22225,1,1,-0.12,0.13,1,-0.12,0.47,1
22230,1,206.77,11.0363566618278,43.26,206.8,-25.23,96.37,0.114520666823989
22231,0,0,0,80.12,206.8,-25.23,96.37,NaN
22234,1,1.8,0.84,0.44,1.8,-0.22,0.84,1
22235,1,1.8,0.84,0.22,1.8,-0.22,0.84,1
22236,1,1.8,0.84,0.65,1.8,-0.22,0.84,1
22241,1,5,0,1.91,5,0,0,NaN
22247,1,230.97,107.65,84.75,231,-28.18,107.65,1
22248,1,230.97,107.65,71.74,231,-28.18,107.65,1
22249,1,230.97,107.65,49.61,231,-28.18,107.65,1
22250,1,230.97,107.65,45.74,231,-28.18,107.65,1
22251,0,0,0,91.2,231,-28.18,107.65,NaN
22254,1,21,0,8.87,21,0,0,NaN
22257,0,0,0,9.99,20,0,0,NaN
22260,1,10.8,4.15,4.79,10.8,-0.53,4.15,1
22266,1,292.23,45.1375400582701,94.01,292.27,-32.44,148.76,0.30342524911448
22267,1,292.23,44.930202330155,39.5,292.27,-32.44,148.76,0.302031475733766
22268,1,292.23,45.0646675941789,134.37,292.27,-32.44,148.76,0.302935383128387
22269,1,292.23,44.9698466206556,114.32,292.27,-32.44,148.76,0.302297974056571
22270,1,292.23,41.1057742433362,64.04,292.27,-32.44,148.76,0.276322763130789
22271,1,292.23,44.8943391215248,60.73,292.27,-32.44,148.76,0.301790394740016
22275,1,5,0,1.12,5,0,0,NaN
22282,1,211.72,107.78,84.58,211.75,-23.5,107.78,1
22283,1,211.72,107.78,30.43,211.75,-23.5,107.78,1
22287,1,1.8,0.69,0.49,1.8,-0.09,0.69,1
22287,1,1.8,0.69,0.35,1.8,-0.09,0.69,1
22291,1,5,0,1.57,5,0,0,NaN
22295,1,2.5,-0.12,0.38,2.5,-0.12,0.96,1
22295,0,0,0,0.79,2.5,-0.12,0.96,NaN
22299,1,1.7,-0.21,0.41,1.7,-0.21,0.79,1
22300,0,0,0,0.81,1.7,-0.21,0.79,NaN
22302,0,0,0,0.34,1.7,-0.21,0.79,NaN
22305,1,1.8,-0.22,0.47,1.8,-0.22,0.84,1
22305,1,1.8,-0.22,0.46,1.8,-0.22,0.84,1
22305,1,1.8,-0.22,0.31,1.8,-0.22,0.84,1
22305,1,1.8,-0.22,0.9,1.8,-0.22,0.84,1
22308,1,43.19,16.59,6.36,43.2,-2.12,16.59,1
22309,1,1.4,-0.07,0.48,1.4,-0.07,0.54,1
22313,1,6.4,2.46,0.82,6.4,-0.31,2.46,1
22315,1,1.97,0.92,0.93,1.97,-0.24,0.92,1
22315,1,1.97,0.92,0.61,1.97,-0.24,0.92,1
22315,1,1.97,0.92,0.27,1.97,-0.24,0.92,1
22315,1,1.97,0.92,0.45,1.97,-0.24,0.92,1
22315,1,1.97,0.92,0.96,1.97,-0.24,0.92,1
22315,1,1.97,0.92,0.65,1.97,-0.24,0.92,1
22317,1,9,-0.44,3.39,9,-0.44,3.46,1
22319,1,1.8,0.69,0.26,1.8,-0.09,0.69,1
22319,1,15,5.76,4.84,15,-0.74,5.76,1
22319,1,15,5.76,4.7,15,-0.74,5.76,1
22319,0,0,0,2.48,15,-0.74,5.76,NaN
22319,1,15,5.76,3.54,15,-0.74,5.76,1
22323,1,183.97,33.8738242357202,74.54,184,-20.42,93.66,0.361667993121078
22324,1,183.97,37.735574732439,35.32,184,-20.42,93.66,0.40289958074353
22325,1,183.97,45.6558707507452,40.8,184,-20.42,93.66,0.487463920037852
22326,1,183.97,6.07307310330425,54.51,184,-20.42,93.66,0.0648416944619288
22330,1,5,0,1,5,0,0,NaN
22330,1,1.2,0,0.33,1.2,0,0,NaN
23316,1,27.77,1.23128250913826,6.12,27.77,-3.08,14.14,0.0870779709433001
23317,1,27.77,1.23128250913826,3.16,27.77,-3.08,14.14,0.0870779709433001
23319,1,27.77,-3.08,10.47,27.77,-3.08,14.14,1
23319,1,27.77,-3.08,5.18,27.77,-3.08,14.14,1
23324,1,39.29,18.31,6.48,39.3,-4.79,18.31,1
23325,1,39.29,18.31,14.05,39.3,-4.79,18.31,1
23325,1,39.29,18.31,12.99,39.3,-4.79,18.31,1
23333,1,213.92,76.7504948600863,170.88,385.9,-47.08,179.83,0.426794722015716
23334,1,301.18,76.5330312587248,174.01,385.9,-47.08,179.83,0.425585448805676
23337,0,0,0,7.59,28,-3.42,13.05,NaN
23339,0,0,0,0.18,1.1,-0.12,0.56,NaN
23339,0,0,0,0.33,1.1,-0.12,0.56,NaN
23339,0,0,0,0.49,1.1,-0.12,0.56,NaN
23342,1,41.45,9.51399991413386,15.24,41.46,-2.03,15.92,0.597613059933031
23343,0,0,0,18.78,41.46,-2.03,15.92,NaN
23345,1,41.45,15.92,10.36,41.46,-2.03,15.92,1
23345,0,0,0,11.39,41.46,-2.03,15.92,NaN
23346,1,41.45,15.92,7.26,41.46,-2.03,15.92,1
23351,1,78.79,8.62348003378243,27.74,78.8,-3.86,30.26,0.284979512021891
23352,1,78.79,5.12672747420638,22.77,78.8,-3.86,30.26,0.169422586721956
23358,1,249.84,254.759082820064,249.75,597.52,-72.9,278.45,0.914918595151964
23359,0,0,0,269.49,597.52,-72.9,278.45,NaN
23360,0,0,0,237.22,597.52,-72.9,278.45,NaN
23361,0,0,0,275.1,597.52,-72.9,278.45,NaN
23365,0,0,0,0.12,0.5,-0.02,0.19,NaN
23366,1,0.5,0.19,0.25,0.5,-0.02,0.19,1
23369,1,4.8,2.44,2.07,4.8,-0.53,2.44,1
23370,1,4.8,2.44,2.22,4.8,-0.53,2.44,1
23376,1,26.52,10.18,4.82,26.52,-1.3,10.18,1
23376,0,0,0,9.71,26.52,-1.3,10.18,NaN
23376,1,26.52,10.18,10.31,26.52,-1.3,10.18,1
23376,0,0,0,3.84,26.52,-1.3,10.18,NaN
23376,1,26.52,10.18,11.04,26.52,-1.3,10.18,1
23381,1,97.19,10.0471670995928,19.63,97.2,-10.79,49.47,0.203096161301653
23382,1,97.19,7.86160484588974,20.94,97.2,-10.79,49.47,0.158916613015762
23383,1,97.19,8.83623298087414,42.23,97.2,-10.79,49.47,0.178618010529091
23384,1,97.19,9.05757001307499,24.73,97.2,-10.79,49.47,0.183092177341318
23385,1,97.19,8.61922673968986,15.77,97.2,-10.79,49.47,0.174231387501311
23386,1,97.19,9.01679161120576,38.62,97.2,-10.79,49.47,0.182267871663751
23391,1,2.5,0,1.08,2.5,0,0,NaN
23396,1,323.96,48.3478535849897,161.07,324,-15.88,124.42,0.388585867103277
23397,1,323.96,46.9709163187715,110.5,324,-15.88,124.42,0.377519018797392
23398,1,323.96,47.1665145924117,87.91,324,-15.88,124.42,0.379091099440699
23399,1,323.96,47.2756748423623,146.26,324,-15.88,124.42,0.379968452357839
23403,1,1.02,0.48,0.13,1.03,-0.13,0.48,1
23403,1,1.02,0.48,0.34,1.03,-0.13,0.48,1
23404,1,1.02,0.48,0.5,1.03,-0.13,0.48,1
23405,1,1.02,-0.13,0.2,1.03,-0.13,0.48,1
23410,0,0,0,0.46,2.9,-0.35,1.35,NaN
23417,1,768.49,232.673292022376,199.18,768.6,-63.03,282.84,0.822632202030745
23421,0,0,0,0.44,1,-0.05,0.38,NaN
23423,1,99.19,46.23,29.39,99.2,-12.1,46.23,1
23433,1,174.98,32.8881091641074,51.23,175,-19.43,89.07,0.369238903829656
23437,0,0,0,0.42,2.9,-0.35,1.35,NaN
23439,0,0,0,3.58,15,-0.74,5.76,NaN
23439,0,0,0,1.8,15,-0.74,5.76,NaN
23439,1,15,5.76,2.62,15,-0.74,5.76,1
23442,1,0.6,-0.03,0.26,0.6,-0.03,0.23,1
23442,0,0,0,0.23,0.6,-0.03,0.23,NaN
23445,0,0,0,0.22,1.68,-0.08,0.64,NaN
23445,1,1.67,-0.08,0.32,1.68,-0.08,0.64,1
23446,1,1.67,-0.08,0.46,1.68,-0.08,0.64,1
23446,0,0,0,0.28,1.68,-0.08,0.64,NaN
23453,1,116.38,59.25,47.98,116.4,-12.92,59.25,1
23454,1,116.38,59.25,39.58,116.4,-12.92,59.25,1
23455,1,116.38,59.25,40.7,116.4,-12.92,59.25,1
23456,1,116.38,59.25,28.97,116.4,-12.92,59.25,1
23457,1,116.38,59.25,49.11,116.4,-12.92,59.25,1
23460,1,18.5,0.602277850444429,7.32,18.5,-2.05,9.42,0.0639360775418714
23460,1,18.5,0.602277850444429,3.8,18.5,-2.05,9.42,0.0639360775418714
23460,1,18.5,0.602277850444429,3.07,18.5,-2.05,9.42,0.0639360775418714
23460,1,18.5,0.602277850444429,2.85,18.5,-2.05,9.42,0.0639360775418714
23462,1,3,1.15,1,3,-0.15,1.15,1
23462,1,3,1.15,1.24,3,-0.15,1.15,1
23462,1,3,1.15,0.86,3,-0.15,1.15,1
23462,1,3,1.15,0.5,3,-0.15,1.15,1
23462,1,3,1.15,1.23,3,-0.15,1.15,1
23462,1,3,1.15,1.21,3,-0.15,1.15,1
23467,0,0,0,259.53,632.7,-77.19,294.84,NaN
23470,0,0,0,0.65,2.5,-0.28,1.27,NaN
23472,1,1.3,0.61,0.47,1.3,-0.16,0.61,1
23475,0,0,0,0.52,2,-0.22,1.02,NaN
23478,1,19.6,9.98,9.24,19.6,-2.18,9.98,1
23478,1,19.6,9.98,2.75,19.6,-2.18,9.98,1
23483,1,203.1,162.600333212115,149.5,417.3,-50.91,194.46,0.836163392019513
23486,1,8.46,-0.41,2.18,8.46,-0.41,3.25,1
23486,1,8.46,-0.41,0.86,8.46,-0.41,3.25,1
23486,1,8.46,-0.41,1.15,8.46,-0.41,3.25,1
23486,1,8.46,-0.41,2.36,8.46,-0.41,3.25,1
23486,1,8.46,-0.41,3.21,8.46,-0.41,3.25,1
23489,0,0,0,0.76,2.9,-0.35,1.35,NaN
23492,0,0,0,0.5,2,-0.24,0.93,NaN
23493,0,0,0,0.44,2,-0.24,0.93,NaN
23493,0,0,0,0.38,2,-0.24,0.93,NaN
23494,0,0,0,0.22,2,-0.24,0.93,NaN
23494,0,0,0,0.51,2,-0.24,0.93,NaN
23497,1,0.7,-0.03,0.33,0.7,-0.03,0.27,1
23497,0,0,0,0.3,0.7,-0.03,0.27,NaN
23502,1,133.18,48.0871759837772,44.91,133.2,-14.79,67.8,0.709250383241551
23503,1,133.18,20.8679355150703,55.02,133.2,-14.79,67.8,0.307786659514312
23504,1,133.18,51.9817080156874,35.09,133.2,-14.79,67.8,0.766691858638457
23505,1,133.18,46.7697647966447,46.29,133.2,-14.79,67.8,0.68981953977352
23506,1,133.18,25.8466996250459,40.05,133.2,-14.79,67.8,0.381219758481503
23507,1,133.18,40.8918394454313,55.2,133.2,-14.79,67.8,0.603124475596331
23512,1,888.78,323.954716448421,208.84,888.9,-72.89,327.12,0.99032378469192
23513,1,888.78,324.096904199518,102.14,888.9,-72.89,327.12,0.990758450108579
23514,1,888.78,323.602384863536,156.44,888.9,-72.89,327.12,0.989246713327023
23517,1,16.3,-1.99,7.54,16.3,-1.99,7.6,1
23519,1,2.4,-0.12,1,2.4,-0.12,0.92,1
23519,1,2.4,-0.12,0.28,2.4,-0.12,0.92,1
23519,1,2.4,-0.12,0.27,2.4,-0.12,0.92,1
23519,1,2.4,-0.12,0.94,2.4,-0.12,0.92,1
23520,0,0,0,0.4,2.4,-0.12,0.92,NaN
23521,1,2.4,0.92,0.97,2.4,-0.12,0.92,1
23526,0,0,0,0.25,1.3,-0.06,0.5,NaN
23527,1,1.3,0.5,0.2,1.3,-0.06,0.5,1
23531,0,0,0,1.47,10,-1.22,4.66,NaN
23531,1,10,4.66,3.13,10,-1.22,4.66,1
23532,1,10,4.66,4.58,10,-1.22,4.66,1
23538,0,0,0,14.42,85.2,-4.17,32.72,NaN
23539,1,85.19,32.72,30.66,85.2,-4.17,32.72,1
23540,1,85.19,32.72,40.74,85.2,-4.17,32.72,1
23541,1,85.19,32.72,20.1,85.2,-4.17,32.72,1
23542,0,0,0,41.19,85.2,-4.17,32.72,NaN
23543,1,85.19,32.72,36.3,85.2,-4.17,32.72,1
23547,1,1.1,0.42,0.19,1.1,-0.05,0.42,1
23552,1,196.97,-13.4288433155256,30.29,197,-21.87,100.27,0.61403032992801
23553,1,196.97,-21.87,82.41,197,-21.87,100.27,1
23554,1,196.97,-21.87,21.03,197,-21.87,100.27,1
23555,1,196.97,-13.4584680957811,40.8,197,-21.87,100.27,0.615384915216327
23556,1,196.97,-21.87,47.66,197,-21.87,100.27,1
23560,1,99.99,17.6787723701552,29.33,100,-11.1,50.9,0.347323622203443
23563,1,11.2,-0.55,2.97,11.2,-0.55,4.3,1
23563,1,11.2,-0.55,3.57,11.2,-0.55,4.3,1
23563,1,11.2,-0.55,4.51,11.2,-0.55,4.3,1
23563,1,11.2,-0.55,4.22,11.2,-0.55,4.3,1
23563,0,0,0,1.94,11.2,-0.55,4.3,NaN
23566,1,49.99,-6.1,10.11,50,-6.1,23.3,1
23566,1,49.99,-6.1,22.11,50,-6.1,23.3,1
23570,1,3.1,-0.15,0.69,3.1,-0.15,1.19,1
23570,1,3.1,-0.15,1.09,3.1,-0.15,1.19,1
23575,1,242.17,56.7603820588213,132.86,315,-38.43,146.79,0.38667744436829
23576,1,272.24,56.5575501662536,101.05,315,-38.43,146.79,0.385295661599929
23577,1,275.94,56.5775765505299,119.55,315,-38.43,146.79,0.385432090404864
23578,1,269,56.3939307639742,84.88,315,-38.43,146.79,0.384181012085116
23585,1,53.99,27.49,22.76,54,-5.99,27.49,1
23586,1,53.99,27.49,7.73,54,-5.99,27.49,1
23590,1,15,-0.74,5.26,15,-0.74,5.76,1
23590,0,0,0,2.12,15,-0.74,5.76,NaN
23591,1,15,-0.74,5.8,15,-0.74,5.76,1
23598,1,60.31,10.6914455619491,29.65,60.32,-2.96,23.16,0.461634091621292
23599,0,0,0,10.39,60.32,-2.96,23.16,NaN
23600,1,60.31,9.33594191090657,17.9,60.32,-2.96,23.16,0.403106300125499
23601,1,60.31,11.1245378105763,21.16,60.32,-2.96,23.16,0.48033410235649
23602,0,0,0,11.88,60.32,-2.96,23.16,NaN
23603,0,0,0,15.31,60.32,-2.96,23.16,NaN
23606,1,1.3,-0.06,0.59,1.3,-0.06,0.5,1
23606,1,1.3,-0.06,0.46,1.3,-0.06,0.5,1
23606,1,1.3,-0.06,0.25,1.3,-0.06,0.5,1
23606,0,0,0,0.65,1.3,-0.06,0.5,NaN
23608,1,2.9,-0.35,1.1,2.9,-0.35,1.35,1
23608,1,2.9,-0.35,1.25,2.9,-0.35,1.35,1
23613,1,173.31,0.278534050238627,55.84,173.33,-19.24,88.23,0.0031569086505568
23614,1,173.31,0.259413561518534,22.06,173.33,-19.24,88.23,0.00294019677568326
23615,1,173.31,0.209706963461703,73.41,173.33,-19.24,88.23,0.00237682152852435
23623,1,146.78,68.41,65.48,146.8,-17.91,68.41,1
23624,1,146.78,65.491439093476,47.62,146.8,-17.91,68.41,0.957337218147581
23627,1,50.59,25.76,18.33,50.6,-5.62,25.76,1
23627,1,50.59,25.76,20.11,50.6,-5.62,25.76,1
23631,1,1.77,-0.09,0.49,1.77,-0.09,0.68,1
23631,1,1.77,-0.09,0.66,1.77,-0.09,0.68,1
23631,1,1.77,-0.09,0.81,1.77,-0.09,0.68,1
23631,1,1.77,-0.09,0.31,1.77,-0.09,0.68,1
23631,0,0,0,0.23,1.77,-0.09,0.68,NaN
23631,1,1.77,-0.09,0.6,1.77,-0.09,0.68,1
23634,1,7,3.26,3.49,7,-0.85,3.26,1
23635,1,7,3.26,1.72,7,-0.85,3.26,1
23643,1,1204.93,137.506285825196,329.96,1205.1,-98.82,443.48,0.310061977598079
23644,1,1204.93,136.127361777997,194.33,1205.1,-98.82,443.48,0.306952651253713
23647,0,0,0,1.63,4,-0.2,1.54,NaN
23647,1,4,1.54,1.96,4,-0.2,1.54,1
23647,1,4,1.54,1.91,4,-0.2,1.54,1
23647,1,4,1.54,1.65,4,-0.2,1.54,1
23647,1,4,1.54,1.12,4,-0.2,1.54,1
23647,1,4,1.54,1.5,4,-0.2,1.54,1
23651,1,1029.46,373.10894844238,324.66,1029.6,-84.43,378.89,0.984742137407637
23655,1,1.65,0.77,0.74,1.65,-0.2,0.77,1
23655,0,0,0,0.55,1.65,-0.2,0.77,NaN
23659,0,0,0,1.17,4.3,-0.21,1.65,NaN
23665,1,22.3,5.15352410378065,2.37,22.3,-2.72,10.39,0.496008094685336
23665,1,22.3,5.15352410378065,4.36,22.3,-2.72,10.39,0.496008094685336
23666,1,22.3,3.59318649960071,5.32,22.3,-2.72,10.39,0.345831231915372
23666,1,22.3,3.59318649960071,4.52,22.3,-2.72,10.39,0.345831231915372
23667,1,22.3,10.39,9.18,22.3,-2.72,10.39,1
23672,1,77.09,7.20944967686264,10.95,77.1,-9.41,35.93,0.200652648952481
23673,1,77.09,6.28452947948504,38.38,77.1,-9.41,35.93,0.174910366810049
23674,1,77.09,6.08282952715686,15.4,77.1,-9.41,35.93,0.169296674844332
23675,1,77.09,6.77306743186637,14.9,77.1,-9.41,35.93,0.188507303976242
23676,1,77.09,7.21736155648333,23.79,77.1,-9.41,35.93,0.200872851558122
23677,1,77.09,7.39581333753484,14.8,77.1,-9.41,35.93,0.205839502853739
23688,1,222.8,113.42,44.86,222.83,-24.73,113.42,1
23689,1,222.8,113.42,55.29,222.83,-24.73,113.42,1
23690,1,222.8,106.300778359329,30.86,222.83,-24.73,113.42,0.937231338029703
23693,0,0,0,0.36,1.8,-0.22,0.84,NaN
23693,0,0,0,0.56,1.8,-0.22,0.84,NaN
23693,0,0,0,0.23,1.8,-0.22,0.84,NaN
23693,0,0,0,0.59,1.8,-0.22,0.84,NaN
23695,1,1,0.38,0.12,1,-0.05,0.38,1
23695,1,1,0.38,0.16,1,-0.05,0.38,1
23695,1,1,0.38,0.28,1,-0.05,0.38,1
23695,1,1,0.38,0.31,1,-0.05,0.38,1
23697,1,5,1.92,2.12,5,-0.25,1.92,1
23697,1,5,1.92,1.61,5,-0.25,1.92,1
23697,1,5,1.92,2.27,5,-0.25,1.92,1
23703,1,250.39,123.120788312062,69.45,250.43,-27.8,127.47,0.965880507665038
23704,1,250.39,117.218271216285,89.24,250.43,-27.8,127.47,0.919575360604728
23705,1,250.39,126.940419219613,31.28,250.43,-27.8,127.47,0.995845447710151
23706,1,250.39,127.063178493157,90.39,250.43,-27.8,127.47,0.996808492140555
23710,0,0,0,1.57,3.3,-0.16,1.27,NaN
23718,1,193.47,49.0916621867292,50.05,193.5,-9.48,74.3,0.660722236698913
23719,1,193.47,52.1956886977696,67.18,193.5,-9.48,74.3,0.702499174936334
23720,1,193.47,63.026547784387,63.23,193.5,-9.48,74.3,0.848271168026743
23721,1,193.47,52.2115470507628,79.71,193.5,-9.48,74.3,0.702712611719553
23724,1,15,5.76,5.31,15,-0.74,5.76,1
23724,1,15,5.76,5.95,15,-0.74,5.76,1
23724,1,15,5.76,3.5,15,-0.74,5.76,1
23724,1,15,5.76,2.01,15,-0.74,5.76,1
23727,0,0,0,3.1,28,-1.37,10.75,NaN
23727,1,28,4.07594210901675,7.69,28,-1.37,10.75,0.37915740548993
23728,1,28,3.8590001817375,7.32,28,-1.37,10.75,0.35897676109186
23735,1,136.93,28.1039871619731,19.02,136.95,-15.2,69.71,0.403155747553767
23736,1,136.93,27.2408199879945,16.56,136.95,-15.2,69.71,0.390773490001356
23737,1,136.93,27.0911425505196,22.23,136.95,-15.2,69.71,0.388626345581977
23738,1,136.93,30.8210876108386,35.26,136.95,-15.2,69.71,0.44213294521358
23741,1,0.6,0.23,0.29,0.6,-0.03,0.23,1
23741,1,0.6,0.23,0.17,0.6,-0.03,0.23,1
23741,1,0.6,0.23,0.16,0.6,-0.03,0.23,1
23741,1,0.6,0.23,0.09,0.6,-0.03,0.23,1
23743,0,0,0,0.24,2,-0.22,1.02,NaN
23745,1,2,0.77,0.97,2,-0.1,0.77,1
23749,1,61.99,31.56,13.68,62,-6.88,31.56,1
23750,1,61.99,31.56,30.84,62,-6.88,31.56,1
23751,1,61.99,31.56,19.37,62,-6.88,31.56,1
23755,1,3.6,1.38,1.76,3.6,-0.18,1.38,1
23755,0,0,0,0.5,3.6,-0.18,1.38,NaN
23756,1,3.6,1.38,1.67,3.6,-0.18,1.38,1
23756,1,3.6,1.38,0.9,3.6,-0.18,1.38,1
23757,0,0,0,1.53,3.6,-0.18,1.38,NaN
23762,1,26.9,13.4679498721756,13.23,26.9,-2.99,13.69,0.983780122145771
23762,1,26.9,13.4679498721756,3.51,26.9,-2.99,13.69,0.983780122145771
23765,1,5,2.55,1.66,5,-0.55,2.55,1
23765,1,5,2.55,1.28,5,-0.55,2.55,1
23768,0,0,0,0.82,1.8,-0.22,0.84,NaN
23769,0,0,0,0.65,1.8,-0.22,0.84,NaN
23771,0,0,0,0.53,1.8,-0.22,0.84,NaN
23775,1,2,0.452673206497002,0.4,2,-0.1,0.77,0.587887281164937
23778,1,4.67,-0.23,0.52,4.67,-0.23,1.79,1
23778,1,4.67,-0.23,0.98,4.67,-0.23,1.79,1
23778,0,0,0,2.22,4.67,-0.23,1.79,NaN
23778,1,4.67,-0.23,0.93,4.67,-0.23,1.79,1
23779,1,4.67,-0.23,1.53,4.67,-0.23,1.79,1
23780,1,4.67,-0.23,1.51,4.67,-0.23,1.79,1
23784,1,2.9,1.35,1,2.9,-0.35,1.35,1
24535,0,0,0,0.55,1.5,-0.07,0.58,NaN
24535,1,1.5,0.58,0.19,1.5,-0.07,0.58,1
24539,1,179.98,-19.98,39.52,180,-19.98,91.62,1
24540,1,179.98,-19.98,30,180,-19.98,91.62,1
24543,1,1.3,0.61,0.21,1.3,-0.16,0.61,1
24546,1,193.02,56.3070522947871,55.37,193.05,-21.43,98.26,0.573041444074772
24547,1,193.02,65.4612704916507,89.88,193.05,-21.43,98.26,0.666204666106765
24551,1,1.5,-0.18,0.17,1.5,-0.18,0.7,1
24551,1,1.5,-0.18,0.46,1.5,-0.18,0.7,1
24556,1,270.57,194.257456997119,119.46,874.65,-106.71,407.59,0.476600154560022
24557,1,255.57,194.032888190857,100.71,874.65,-106.71,407.59,0.476049187150954
24558,1,311.88,194.684746442191,171.09,874.65,-106.71,407.59,0.477648486082071
24559,1,342.29,193.881943500969,209.1,874.65,-106.71,407.59,0.475678852525745
24564,0,0,0,0.26,0.8,-0.1,0.37,NaN
24565,0,0,0,0.34,0.8,-0.1,0.37,NaN
24570,1,0.48,0.23,0.16,0.48,-0.06,0.23,1
24571,1,0.48,0.23,0.12,0.48,-0.06,0.23,1
24572,1,0.48,-0.06,0.24,0.48,-0.06,0.23,1
24572,1,0.48,-0.06,0.24,0.48,-0.06,0.23,1
24573,0,0,0,0.07,0.48,-0.06,0.23,NaN
24574,0,0,0,0.12,0.48,-0.06,0.23,NaN
24578,1,41.79,-4.64,20.78,41.8,-4.64,21.28,1
24578,1,41.79,-4.64,20.27,41.8,-4.64,21.28,1
24581,1,1.8,0.84,0.19,1.8,-0.22,0.84,1
24581,1,1.8,0.84,0.8,1.8,-0.22,0.84,1
24581,1,1.8,0.84,0.62,1.8,-0.22,0.84,1
24581,1,1.8,0.84,0.37,1.8,-0.22,0.84,1
24581,1,1.8,0.84,0.37,1.8,-0.22,0.84,1
24581,1,1.8,0.84,0.3,1.8,-0.22,0.84,1
24584,0,0,0,89.63,420,-46.62,213.78,NaN
24585,1,419.94,186.634063535727,198.47,420,-46.62,213.78,0.873019288688032
24586,1,419.94,186.45700314813,87.09,420,-46.62,213.78,0.872191052241227
24587,1,419.94,186.784207152025,67.1,420,-46.62,213.78,0.873721616390797
24588,1,419.94,186.523863483938,76.65,420,-46.62,213.78,0.872503805238739
24589,1,419.94,186.329979865008,55.28,420,-46.62,213.78,0.871596874660905
24593,1,1,0,0.18,1,0,0,NaN
24596,0,0,0,20.71,84,-4.12,32.26,NaN
24596,1,83.99,32.26,29,84,-4.12,32.26,1
24596,1,83.99,32.26,17.21,84,-4.12,32.26,1
24596,1,83.99,32.26,19.98,84,-4.12,32.26,1
24596,1,83.99,32.26,31.85,84,-4.12,32.26,1
24602,1,2.4,0.92,0.79,2.4,-0.12,0.92,1
24602,1,2.4,0.92,0.7,2.4,-0.12,0.92,1
24604,1,8,3.07,1.26,8,-0.39,3.07,1
24604,0,0,0,0.83,8,-0.39,3.07,NaN
24607,1,5.5,0,2.51,5.5,0,0,NaN
24610,1,153.15,8.50613311886816,18.89,153.17,-17,77.96,0.109108942007031
24611,1,153.15,9.79375365152815,18.39,153.17,-17,77.96,0.125625367515754
24612,1,153.15,15.1676497048981,55.52,153.17,-17,77.96,0.194556820227015
24613,1,153.15,11.760732240019,18.49,153.17,-17,77.96,0.150855980503066
24614,1,153.15,12.3276794468327,56.65,153.17,-17,77.96,0.158128263812631
24615,1,153.15,12.0081466360365,44.34,153.17,-17,77.96,0.154029587429919
24618,1,52.79,24.6,13.54,52.8,-6.44,24.6,1
24621,1,2.17,1.01,1,2.17,-0.26,1.01,1
24621,1,2.17,1.01,0.87,2.17,-0.26,1.01,1
24622,1,2.17,1.01,0.39,2.17,-0.26,1.01,1
24622,1,2.17,1.01,0.35,2.17,-0.26,1.01,1
24623,1,2.17,1.01,0.96,2.17,-0.26,1.01,1
24623,1,2.17,1.01,0.6,2.17,-0.26,1.01,1
24626,1,1.33,0.62,0.23,1.33,-0.16,0.62,1
24626,1,1.33,0.62,0.54,1.33,-0.16,0.62,1
24626,1,1.33,0.62,0.24,1.33,-0.16,0.62,1
24626,1,1.33,0.62,0.51,1.33,-0.16,0.62,1
24626,1,1.33,0.62,0.52,1.33,-0.16,0.62,1
24626,1,1.33,0.62,0.64,1.33,-0.16,0.62,1
24628,1,56.19,-2.75,22.38,56.2,-2.75,21.58,1
24628,1,56.19,-2.75,21.08,56.2,-2.75,21.58,1
24630,0,0,0,0.24,0.77,-0.09,0.36,NaN
24630,0,0,0,0.3,0.77,-0.09,0.36,NaN
24630,0,0,0,0.27,0.77,-0.09,0.36,NaN
24630,0,0,0,0.18,0.77,-0.09,0.36,NaN
24630,0,0,0,0.1,0.77,-0.09,0.36,NaN
24630,0,0,0,0.36,0.77,-0.09,0.36,NaN
24632,1,12,-0.59,2.02,12,-0.59,4.61,1
24633,1,12,-0.59,2.75,12,-0.59,4.61,1
24633,0,0,0,3.79,12,-0.59,4.61,NaN
24633,0,0,0,3.08,12,-0.59,4.61,NaN
24633,0,0,0,5.79,12,-0.59,4.61,NaN
24633,1,12,-0.59,5.33,12,-0.59,4.61,1
24638,1,2.4,0.92,0.3,2.4,-0.12,0.92,1
24638,0,0,0,1.09,2.4,-0.12,0.92,NaN
24638,1,2.4,0.92,1.07,2.4,-0.12,0.92,1
24638,1,2.4,0.92,1.05,2.4,-0.12,0.92,1
24638,0,0,0,0.81,2.4,-0.12,0.92,NaN
24638,0,0,0,0.35,2.4,-0.12,0.92,NaN
24642,1,11.75,-0.58,3.07,11.75,-0.58,4.51,1
24642,1,11.75,-0.58,2.68,11.75,-0.58,4.51,1
24647,1,74.99,-3.67,16.55,75,-3.67,28.8,1
24648,1,74.99,-3.67,29.75,75,-3.67,28.8,1
24649,1,74.99,-3.67,21.29,75,-3.67,28.8,1
24650,1,74.99,-3.67,10.71,75,-3.67,28.8,1
24654,1,1.15,0.44,0.16,1.15,-0.06,0.44,1
24655,1,1.15,0.44,0.48,1.15,-0.06,0.44,1
24659,0,0,0,0.26,0.6,-0.03,0.23,NaN
24659,1,0.6,-0.03,0.14,0.6,-0.03,0.23,1
24662,0,0,0,0.19,1.2,-0.15,0.56,NaN
24667,1,142.48,72.53,54.98,142.5,-15.82,72.53,1
24668,1,142.48,72.53,36.64,142.5,-15.82,72.53,1
24669,1,142.48,72.53,54.84,142.5,-15.82,72.53,1
24670,1,142.48,72.53,29.99,142.5,-15.82,72.53,1
24674,0,0,0,8.6,28.87,-1.41,11.08,NaN
24674,1,28.86,11.08,12.03,28.87,-1.41,11.08,1
24675,0,0,0,5.46,28.87,-1.41,11.08,NaN
24679,0,0,0,0.32,1.1,-0.13,0.51,NaN
24684,1,164.68,56.7637896563659,61.35,164.7,-18.28,83.83,0.677129782373445
24685,1,164.68,57.3910901581327,38.66,164.7,-18.28,83.83,0.684612789671152
24686,1,164.68,75.2208233418082,76.72,164.7,-18.28,83.83,0.89730196041761
24689,1,3.07,1.18,0.84,3.07,-0.15,1.18,1
24689,0,0,0,0.94,3.07,-0.15,1.18,NaN
24689,1,3.07,1.18,0.95,3.07,-0.15,1.18,1
24689,0,0,0,0.98,3.07,-0.15,1.18,NaN
24689,1,3.07,1.18,1.51,3.07,-0.15,1.18,1
24689,1,3.07,1.18,0.88,3.07,-0.15,1.18,1
24691,1,22.5,8.64,10.78,22.5,-1.1,8.64,1
24691,1,22.5,8.64,3,22.5,-1.1,8.64,1
24694,0,0,0,0.14,1.2,-0.15,0.56,NaN
24695,1,1.2,0.56,0.14,1.2,-0.15,0.56,1
24703,1,282.56,104.246387302759,125.74,282.6,-13.85,108.52,0.960619123689265
24704,0,0,0,102.26,282.6,-13.85,108.52,NaN
24705,1,282.56,103.404696095647,119.27,282.6,-13.85,108.52,0.952863030737628
24709,0,0,0,10.08,30,0,0,NaN
24711,0,0,0,0.47,1,0,0,NaN
24713,1,81.99,31.49,23.87,82,-4.02,31.49,1
24713,1,81.99,31.49,39.99,82,-4.02,31.49,1
24713,1,81.99,31.49,14.91,82,-4.02,31.49,1
24713,1,81.99,31.49,32.53,82,-4.02,31.49,1
24719,1,124.98,22.6268793109753,46.58,125,-6.13,48,0.471393318978651
24720,1,124.98,27.9304443639653,29.52,125,-6.13,48,0.581884257582611
24728,1,198.64,101.12,59.61,198.67,-22.05,101.12,1
24729,1,198.64,101.12,93.2,198.67,-22.05,101.12,1
24730,1,198.64,101.12,84.26,198.67,-22.05,101.12,1
24731,1,198.64,101.12,64.1,198.67,-22.05,101.12,1
24732,1,198.64,101.12,73.04,198.67,-22.05,101.12,1
24733,1,198.64,101.12,28.2,198.67,-22.05,101.12,1
24737,1,1,0.38,0.25,1,-0.05,0.38,1
24740,1,11.2,-0.55,3.27,11.2,-0.55,4.3,1
24740,1,11.2,-0.55,1.67,11.2,-0.55,4.3,1
24741,1,11.2,-0.55,5.57,11.2,-0.55,4.3,1
24741,1,11.2,-0.55,1.79,11.2,-0.55,4.3,1
24744,0,0,0,0.27,0.7,-0.09,0.33,NaN
24744,0,0,0,0.14,0.7,-0.09,0.33,NaN
24747,1,1.2,0.56,0.14,1.2,-0.15,0.56,1
24747,1,1.2,0.56,0.38,1.2,-0.15,0.56,1
24751,1,3,-0.15,0.56,3,-0.15,1.15,1
24752,1,3,-0.15,1.14,3,-0.15,1.15,1
24758,1,247.85,115.51,104.22,247.88,-30.24,115.51,1
24759,1,247.85,115.51,92.67,247.88,-30.24,115.51,1
24760,1,247.85,115.51,68.63,247.88,-30.24,115.51,1
24761,1,247.85,115.51,80.34,247.88,-30.24,115.51,1
24762,1,247.85,115.51,39.08,247.88,-30.24,115.51,1
24763,0,0,0,46.41,247.88,-30.24,115.51,NaN
24767,1,2.8,-0.14,0.72,2.8,-0.14,1.08,1
24767,1,2.8,-0.14,0.63,2.8,-0.14,1.08,1
24768,1,2.8,-0.14,0.91,2.8,-0.14,1.08,1
24768,1,2.8,-0.14,0.58,2.8,-0.14,1.08,1
24769,0,0,0,0.68,2.8,-0.14,1.08,NaN
24769,1,2.8,-0.14,0.88,2.8,-0.14,1.08,1
24772,1,7.5,2.88,3.05,7.5,-0.37,2.88,1
24772,1,7.5,2.88,3.36,7.5,-0.37,2.88,1
24772,1,7.5,2.88,1.5,7.5,-0.37,2.88,1
24781,0,0,0,399.56,952,-116.14,443.63,NaN
24782,1,459.6,443.63,131.2,952,-116.14,443.63,1
24785,0,0,0,9.01,81.8,-9.08,41.64,NaN
24785,1,81.79,33.3532215073257,17.83,81.8,-9.08,41.64,0.800989949743652
24785,1,81.79,33.3532215073257,35.17,81.8,-9.08,41.64,0.800989949743652
24785,1,81.79,33.3532215073257,38.46,81.8,-9.08,41.64,0.800989949743652
24785,1,81.79,33.3532215073257,31.67,81.8,-9.08,41.64,0.800989949743652
24792,1,1.4,0.54,0.18,1.4,-0.07,0.54,1
24794,1,43.73,16.79,19.69,43.73,-2.14,16.79,1
24794,0,0,0,13.12,43.73,-2.14,16.79,NaN
24795,1,43.73,-2.14,15.16,43.73,-2.14,16.79,1
24800,0,0,0,52.84,125,-6.13,48,NaN
24801,0,0,0,57.43,125,-6.13,48,NaN
24809,0,0,0,19.78,52.2,-2.56,20.04,NaN
24810,1,52.19,-2.56,9.77,52.2,-2.56,20.04,1
24811,1,52.19,-2.56,6.98,52.2,-2.56,20.04,1
24812,1,52.19,-2.56,21.82,52.2,-2.56,20.04,1
24816,1,0.7,0.27,0.23,0.7,-0.03,0.27,1
24816,1,0.7,0.27,0.24,0.7,-0.03,0.27,1
24816,1,0.7,0.27,0.29,0.7,-0.03,0.27,1
24820,1,1.3,0.61,0.33,1.3,-0.16,0.61,1
24820,1,1.3,0.61,0.62,1.3,-0.16,0.61,1
24821,1,1.3,0.61,0.24,1.3,-0.16,0.61,1
24826,1,7.95,-0.39,2.18,7.95,-0.39,3.05,1
24827,1,7.95,3.05,1.23,7.95,-0.39,3.05,1
25518,1,69.29,32.29,12.6,69.3,-8.45,32.29,1
25518,0,0,0,16.64,69.3,-8.45,32.29,NaN
25518,0,0,0,20.06,69.3,-8.45,32.29,NaN
25523,1,179.88,-19.97,88.13,179.9,-19.97,91.57,1
25524,1,179.88,-19.97,20.62,179.9,-19.97,91.57,1
25525,1,179.88,-17.2351951116858,46.53,179.9,-19.97,91.57,0.863054337089927
25530,1,120.98,18.6889089478782,51.67,121,-13.43,61.59,0.303440638867969
25531,1,120.98,11.4948459208257,59.09,121,-13.43,61.59,0.186634939451628
25535,0,0,0,20.13,163.2,-19.91,76.05,NaN
25540,1,206.47,58.408269345363,43.6,206.5,-22.92,105.11,0.555687083487423
25541,1,206.47,92.8641402391508,41.57,206.5,-22.92,105.11,0.883494817231004
25542,1,206.47,92.2278678575334,82.13,206.5,-22.92,105.11,0.877441421915454
25543,1,206.47,63.5022861813387,21.1,206.5,-22.92,105.11,0.604150758075718
25544,1,206.47,53.5199208387042,42.55,206.5,-22.92,105.11,0.509180105020494
25545,1,206.47,92.9231087816976,82.04,206.5,-22.92,105.11,0.884055834665566
25549,1,1,0,0.31,1,0,0,NaN
25554,0,0,0,329.56,891,-108.7,415.21,NaN
25555,0,0,0,257.96,891,-108.7,415.21,NaN
25556,1,275.63,149.513925378015,121.69,891,-108.7,415.21,0.360092303600624
25557,1,260.35,147.959990154566,102.59,891,-108.7,415.21,0.356349775185006
25561,1,189.31,-14.6098630971383,22.73,189.33,-21.02,96.37,0.695045818132174
25562,1,189.31,-11.5351324235008,68.62,189.33,-21.02,96.37,0.548769382659408
25563,1,189.31,-21.02,22.86,189.33,-21.02,96.37,1
25567,1,1.2,0,0.21,1.2,0,0,NaN
25572,1,398.15,95.2690128035723,140.95,462.4,-56.41,215.48,0.44212461854266
25573,1,229.74,95.8972286420599,74.57,462.4,-56.41,215.48,0.44504004381873
25574,0,0,0,97.53,462.4,-56.41,215.48,NaN
25577,0,0,0,0.13,0.9,0,0,NaN
25577,1,0.9,0,0.25,0.9,0,0,NaN
25579,0,0,0,1.36,12.5,-1.53,5.82,NaN
25581,1,2.4,0,0.8,2.4,0,0,NaN
25584,0,0,0,0.53,1.8,-0.09,0.69,NaN
25584,0,0,0,0.8,1.8,-0.09,0.69,NaN
25585,1,1.8,0.69,0.63,1.8,-0.09,0.69,1
25589,1,125.98,60.762080995577,36.03,126,-13.99,64.13,0.947482940832326
25592,0,0,0,0.64,5,-0.61,2.33,NaN
25592,0,0,0,2.36,5,-0.61,2.33,NaN
25593,0,0,0,2.41,5,-0.61,2.33,NaN
25593,0,0,0,1.45,5,-0.61,2.33,NaN
25594,0,0,0,2.49,5,-0.61,2.33,NaN
25595,0,0,0,0.87,5,-0.61,2.33,NaN
25598,1,53.53,-2.16063370381046,7.31,53.53,-6.53,24.95,0.330878055713699
25598,1,53.53,-2.16063370381046,8.5,53.53,-6.53,24.95,0.330878055713699
25598,1,53.53,-2.16063370381046,10.78,53.53,-6.53,24.95,0.330878055713699
25598,1,53.53,-2.16063370381046,24.75,53.53,-6.53,24.95,0.330878055713699
25598,1,53.53,-2.16063370381046,8.64,53.53,-6.53,24.95,0.330878055713699
25598,1,53.53,-2.16063370381046,18.56,53.53,-6.53,24.95,0.330878055713699
25604,1,107.65,39.1036263053017,51.69,107.67,-11.95,54.8,0.713569823089447
25605,1,107.65,41.7630092061039,51.63,107.67,-11.95,54.8,0.762098708140582
25606,1,107.65,37.8356657236518,45.23,107.67,-11.95,54.8,0.690431856271018
25610,0,0,0,11.29,25.2,-2.8,12.83,NaN
25610,1,25.2,12.83,9.75,25.2,-2.8,12.83,1
25614,1,860.78,163.074819114719,304.66,860.9,-70.59,316.81,0.51474012535816
25615,1,860.78,163.009916057476,119.23,860.9,-70.59,316.81,0.514535261063338
25619,0,0,0,0.75,5,-0.55,2.55,NaN
25623,1,1.1,0.51,0.49,1.1,-0.13,0.51,1
25623,1,1.1,0.51,0.14,1.1,-0.13,0.51,1
25627,0,0,0,2.83,15.6,-1.73,7.94,NaN
25629,1,39.99,-4.88,11.42,40,-4.88,18.64,1
25629,1,39.99,-4.88,8.01,40,-4.88,18.64,1
25632,1,49.79,7.66348493401361,22.62,49.8,-5.53,25.35,0.302307097988702
25633,1,49.79,7.66348493401361,7.92,49.8,-5.53,25.35,0.302307097988702
25637,1,164.98,-12.6811341757579,56.43,165,-18.31,83.99,0.692579692832218
25638,1,164.98,-18.31,58.3,165,-18.31,83.99,1
25639,1,164.98,-18.31,32.86,165,-18.31,83.99,1
25645,1,198.87,48.9734947579308,71.97,198.9,-22.08,101.24,0.483736613571027
25646,1,198.87,77.8512205710221,57.05,198.9,-22.08,101.24,0.768976892246366
25647,1,198.87,49.9281211798439,92.6,198.9,-22.08,101.24,0.493165953969221
25648,1,198.87,87.8404808033386,76.74,198.9,-22.08,101.24,0.867645997662373
25652,1,177.58,-21.67,78.09,177.6,-21.67,82.76,1
25655,0,0,0,5.06,18.5,-2.05,9.42,NaN
25662,1,198.84,92.7266168709908,48.77,198.87,-22.07,101.22,0.916089872268236
25663,1,198.84,92.6618312217209,65.5,198.87,-22.07,101.22,0.915449824360016
25664,1,198.84,101.22,84,198.87,-22.07,101.22,1
25671,1,183.17,33.7407755002508,66.95,183.2,-20.34,93.25,0.361831372656845
25672,1,183.17,70.2465699943313,28.11,183.2,-20.34,93.25,0.753314423531703
25673,1,183.17,36.2079917101346,42.5,183.2,-20.34,93.25,0.388289455336564
25674,1,183.17,59.1871728589276,68.34,183.2,-20.34,93.25,0.634714990444264
25675,1,183.17,36.1170598737682,78.73,183.2,-20.34,93.25,0.387314315000195
25676,1,183.17,30.0165906518327,86.69,183.2,-20.34,93.25,0.321893733531717
25680,0,0,0,0.44,2.92,-0.36,1.36,NaN
25681,0,0,0,1.3,2.92,-0.36,1.36,NaN
25683,0,0,0,1.36,2.92,-0.36,1.36,NaN
25683,0,0,0,1.02,2.92,-0.36,1.36,NaN
25687,0,0,0,0.72,1.7,-0.21,0.79,NaN
25687,0,0,0,0.72,1.7,-0.21,0.79,NaN
25691,1,175.28,4.63691396219581,65.17,175.3,-19.46,89.23,0.051965863075152
25692,1,175.28,5.15336373041031,50.42,175.3,-19.46,89.23,0.057753712096944
25693,1,175.28,5.81975217930072,86.65,175.3,-19.46,89.23,0.0652219228880503
25694,1,175.28,31.7124440279689,80.54,175.3,-19.46,89.23,0.35540114342675
25699,1,44.99,-5.49,11.18,45,-5.49,20.97,1
25699,1,44.99,-5.49,12.35,45,-5.49,20.97,1
25702,1,41.79,19.48,19.61,41.8,-5.1,19.48,1
25702,1,41.79,19.48,14.72,41.8,-5.1,19.48,1
25704,0,0,0,6.79,15,-0.74,5.76,NaN
25704,1,15,5.76,6.69,15,-0.74,5.76,1
25704,1,15,5.76,6.55,15,-0.74,5.76,1
25704,1,15,5.76,5.08,15,-0.74,5.76,1
25710,1,1159.84,94.77018901701,226.91,1160,-95.12,426.88,0.22200662719502
25711,1,1159.84,94.3839373270353,155.24,1160,-95.12,426.88,0.221101802209134
25719,1,120.98,46.434085295835,33.15,121,-13.43,61.59,0.753922475983683
25720,1,120.98,47.4905351670606,13.9,121,-13.43,61.59,0.771075420799815
25721,1,120.98,48.4478428478024,50.64,121,-13.43,61.59,0.786618653154771
25722,1,120.98,45.3263375875355,58.92,121,-13.43,61.59,0.735936638862404
25723,1,120.98,61.59,41.15,121,-13.43,61.59,1
25724,1,120.98,47.4813454884854,36.82,121,-13.43,61.59,0.770926213484096
25727,0,0,0,0.89,2,-0.22,1.02,NaN
25727,0,0,0,0.97,2,-0.22,1.02,NaN
25727,0,0,0,0.91,2,-0.22,1.02,NaN
25730,1,135.05,68.75,37.38,135.07,-14.99,68.75,1
25731,1,135.05,65.0125150153856,14.56,135.07,-14.99,68.75,0.945636582041972
25732,1,135.05,66.7480400360768,36.77,135.07,-14.99,68.75,0.970880582342936
25733,1,135.05,52.6060343000104,37.47,135.07,-14.99,68.75,0.765178680727424
25734,1,135.05,68.5465038745744,53.64,135.07,-14.99,68.75,0.997040056357445
25735,1,135.05,61.2858352408733,22.87,135.07,-14.99,68.75,0.891430330776339
25741,1,107.37,-13.1,53.16,107.38,-13.1,50.04,1
25742,1,107.37,-13.1,14.82,107.38,-13.1,50.04,1
25743,1,107.37,-13.1,14.91,107.38,-13.1,50.04,1
25744,1,107.37,-13.1,15.72,107.38,-13.1,50.04,1
25745,1,107.37,-13.1,13.46,107.38,-13.1,50.04,1
25746,1,107.37,-13.1,39.39,107.38,-13.1,50.04,1
25749,1,1,0,0.4,1,0,0,NaN
25751,0,0,0,2.46,6,-0.73,2.8,NaN
25753,1,1.2,0.56,0.34,1.2,-0.15,0.56,1
25753,1,1.2,0.56,0.31,1.2,-0.15,0.56,1
25754,1,0.5,0.23,0.17,0.5,-0.06,0.23,1
25755,1,0.5,0.23,0.1,0.5,-0.06,0.23,1
25759,0,0,0,1.35,7.7,0,0,NaN
25761,0,0,0,0.78,7.4,-0.36,2.84,NaN
25761,1,7.4,2.84,2.83,7.4,-0.36,2.84,1
25761,1,7.4,2.84,3.3,7.4,-0.36,2.84,1
25761,1,7.4,2.84,1.86,7.4,-0.36,2.84,1
25766,1,229.4,91.7064319097441,58.99,229.43,-25.47,116.78,0.785292275301799
25767,1,229.4,86.0261227411027,88.29,229.43,-25.47,116.78,0.73665116236601
25768,1,229.4,85.4962773320646,48.29,229.43,-25.47,116.78,0.732114037780995
25769,1,229.4,71.7912587677235,85.46,229.43,-25.47,116.78,0.614756454596023
25770,1,229.4,85.716109815927,53.86,229.43,-25.47,116.78,0.733996487548613
25771,1,229.4,86.0873773747831,106.87,229.43,-25.47,116.78,0.737175692539674
25774,1,91.89,46.78,16.66,91.9,-10.2,46.78,1
25774,1,91.89,46.78,12.7,91.9,-10.2,46.78,1
25776,1,4.3,1.65,1.04,4.3,-0.21,1.65,1
25776,0,0,0,1.41,4.3,-0.21,1.65,NaN
25776,1,4.3,1.65,1.71,4.3,-0.21,1.65,1
25776,1,4.3,1.65,0.93,4.3,-0.21,1.65,1
25779,1,24.43,9.38,7.35,24.43,-1.2,9.38,1
25779,1,24.43,9.38,7.3,24.43,-1.2,9.38,1
25780,1,24.43,9.38,3.76,24.43,-1.2,9.38,1
25783,1,37.09,-4.12,8.5,37.1,-4.12,18.88,1
25788,1,60.49,30.79,30.07,60.5,-6.72,30.79,1
25789,1,60.49,30.79,27.1,60.5,-6.72,30.79,1
25790,1,60.49,30.79,12.5,60.5,-6.72,30.79,1
25791,1,60.49,30.79,16.96,60.5,-6.72,30.79,1
25796,1,115.32,10.93852876179,24.05,115.33,-12.8,58.7,0.186346316214481
25797,1,115.32,11.806692347212,37.62,115.33,-12.8,58.7,0.201136155829846
25798,1,115.32,13.5156937356174,15.43,115.33,-12.8,58.7,0.230250319175766
25799,1,115.32,10.6458396204094,12.29,115.33,-12.8,58.7,0.18136012981958
25800,1,115.32,21.0587481910648,16.47,115.33,-12.8,58.7,0.358752098655277
25801,1,115.32,11.838659747652,27.6,115.33,-12.8,58.7,0.201680745275162
25804,1,16,0,5.95,16,0,0,NaN
26024,0,0,0,0.64,4.7,-0.52,2.39,NaN
26025,0,0,0,1.1,4.7,-0.52,2.39,NaN
26027,1,4.7,2.39,1.99,4.7,-0.52,2.39,1
26030,1,15,7.64,3.99,15,-1.67,7.64,1
26030,0,0,0,6.79,15,-1.67,7.64,NaN
26033,1,41.79,19.48,4.33,41.8,-5.1,19.48,1
26037,1,283.74,12.6168827315158,113.69,283.77,-34.62,132.24,0.0954089740737733
26038,0,0,0,132.88,283.77,-34.62,132.24,NaN
26039,1,283.74,12.3439153402185,91.43,283.77,-34.62,132.24,0.0933447923489001
26040,1,283.74,12.4920955815592,124.26,283.77,-34.62,132.24,0.0944653325889231
26044,1,85.99,43.77,9.94,86,-9.55,43.77,1
26045,0,0,0,0.23,2.28,-0.25,1.16,NaN
26045,0,0,0,0.7,2.28,-0.25,1.16,NaN
26046,1,2.28,1.16,0.73,2.28,-0.25,1.16,1
26046,1,2.28,1.16,0.56,2.28,-0.25,1.16,1
26047,1,2.28,1.16,0.77,2.28,-0.25,1.16,1
26047,1,2.28,1.16,0.83,2.28,-0.25,1.16,1
26051,1,198.87,79.0268615728251,60.8,198.9,-22.08,101.24,0.780589308305266
26053,1,40.82,20.78,10.13,40.83,-4.53,20.78,1
26053,1,40.82,20.78,8.21,40.83,-4.53,20.78,1
26053,1,40.82,20.78,15.83,40.83,-4.53,20.78,1
26053,1,40.82,20.78,5.58,40.83,-4.53,20.78,1
26055,1,4.07,1.56,0.76,4.07,-0.2,1.56,1
26055,1,4.07,1.56,0.49,4.07,-0.2,1.56,1
26055,1,4.07,1.56,0.69,4.07,-0.2,1.56,1
26055,1,14.5,5.57,3.69,14.5,-0.71,5.57,1
26055,0,0,0,5.4,14.5,-0.71,5.57,NaN
26055,1,14.5,5.57,5.91,14.5,-0.71,5.57,1
26061,1,206.54,-9.97102894494205,87.47,206.57,-22.93,105.14,0.434846443303186
26062,1,206.54,-22.93,48.73,206.57,-22.93,105.14,1
26063,1,206.54,-22.93,29.4,206.57,-22.93,105.14,1
26067,0,0,0,21.11,49,-5.98,22.83,NaN
26067,0,0,0,22.25,49,-5.98,22.83,NaN
26074,1,123.48,29.5089626620116,43.04,123.5,-13.71,62.86,0.469439431466936
26075,1,123.48,27.9035506562383,43.5,123.5,-13.71,62.86,0.443899946806209
26078,1,5.33,2.71,2.26,5.33,-0.59,2.71,1
26079,1,5.33,2.71,2.48,5.33,-0.59,2.71,1
26080,1,5.33,2.71,2.5,5.33,-0.59,2.71,1
26085,1,137.23,27.3594710411525,62.79,137.25,-15.23,69.86,0.391632852006191
26086,1,137.23,27.2014458801094,41.23,137.25,-15.23,69.86,0.389370825652868
26089,1,74.99,38.17,24.57,75,-8.33,38.17,1
26092,1,169.98,79.22,17.73,170,-20.74,79.22,1
26093,1,169.98,75.295159593187,82.27,170,-20.74,79.22,0.950456445256084
26814,1,297.46,92.9192860394986,81.5,297.5,-36.29,138.64,0.670219893533602
26815,1,297.46,92.9539729686338,84.48,297.5,-36.29,138.64,0.67047008777145
26823,1,198.85,79.638074315964,98.3,198.88,-22.08,101.23,0.786704280509374
26824,1,198.85,44.2319513721332,91.37,198.88,-22.08,101.23,0.436945089125093
26825,1,198.85,79.5933378989258,55.03,198.88,-22.08,101.23,0.786262352058933
26826,1,198.85,80.0996476739089,21.44,198.88,-22.08,101.23,0.791263930395228
26827,1,198.85,79.9428023284209,54.15,198.88,-22.08,101.23,0.789714534509739
26833,1,199.34,66.1199233173849,97.81,199.37,-22.13,101.48,0.651556201393229
26834,1,199.34,58.6441498452348,91.67,199.37,-22.13,101.48,0.577888745025964
26835,1,199.34,74.3342521720407,66.13,199.37,-22.13,101.48,0.732501499527401
26838,1,85.95,-10.49,25.23,85.97,-10.49,40.06,1
26838,1,85.95,-10.49,18.1,85.97,-10.49,40.06,1
26838,1,85.95,-10.49,38.97,85.97,-10.49,40.06,1
26838,1,85.95,-10.49,26.58,85.97,-10.49,40.06,1
26838,1,85.95,-10.49,17.49,85.97,-10.49,40.06,1
26838,1,85.95,-10.49,34.75,85.97,-10.49,40.06,1
26844,1,10,0,4.75,10,0,0,NaN
26844,0,0,0,3.55,10,0,0,NaN
26845,1,5.1,0,1.49,5.1,0,0,NaN
26853,1,323.71,66.9936536966357,110.66,323.75,-35.94,164.79,0.406539557598372
26854,1,323.71,67.738536315065,137.39,323.75,-35.94,164.79,0.411059750683082
26855,1,323.71,67.4066359196393,144.02,323.75,-35.94,164.79,0.409045669759326
26856,1,323.71,67.7408668782794,37.53,323.75,-35.94,164.79,0.411073893308328
26859,1,19.2,8.95,6.78,19.2,-2.34,8.95,1
26861,0,0,0,3.39,8.6,-0.95,4.38,NaN
26861,0,0,0,10.71,30,-3.33,15.27,NaN
26863,0,0,0,13.3,47.1,-5.23,23.97,NaN
26864,1,47.09,23.97,22.87,47.1,-5.23,23.97,1
26864,1,47.09,23.97,22.89,47.1,-5.23,23.97,1
26869,1,24,3.41253255774867,10.12,24,-2.93,11.18,0.305235470281634
26869,1,24,3.41253255774867,3.07,24,-2.93,11.18,0.305235470281634
26873,1,74.99,32.1070411351193,25.05,75,-8.33,38.17,0.841159055151148
26876,1,84.19,7.72966813414105,34.71,84.2,-10.27,39.24,0.196984407088202
26877,1,84.19,11.5292169182663,12.56,84.2,-10.27,39.24,0.29381286743798
26878,1,84.19,27.3865701108439,41.87,84.2,-10.27,39.24,0.697924824435369
26879,1,84.19,23.8529221127224,28.63,84.2,-10.27,39.24,0.607872632842059
26880,1,84.19,18.8407857487515,12.38,84.2,-10.27,39.24,0.480142348337195
26881,1,84.19,18.9719133744191,20.96,84.2,-10.27,39.24,0.483484030948498
26882,1,1.2,0.234632640363736,0.59,1.2,-0.15,0.56,0.418986857792385
26882,1,1.2,0.234632640363736,0.59,1.2,-0.15,0.56,0.418986857792385
26885,1,62.09,-7.58,24.26,62.1,-7.58,28.94,1
26885,1,62.09,-7.58,29.64,62.1,-7.58,28.94,1
26885,1,62.09,-7.58,27.29,62.1,-7.58,28.94,1
26885,1,62.09,-7.58,9.52,62.1,-7.58,28.94,1
26888,1,229.4,100.670672091737,72.61,229.43,-25.47,116.78,0.862054051136642
26889,1,229.4,108.513390095168,65.9,229.43,-25.47,116.78,0.92921210905265
26890,1,229.4,100.581268684528,52.7,229.43,-25.47,116.78,0.861288479915468
26896,1,134.15,-14.89,56.67,134.17,-14.89,68.29,1
26897,1,134.15,-14.89,57.29,134.17,-14.89,68.29,1
26898,1,134.15,-14.89,65.52,134.17,-14.89,68.29,1
26899,0,0,0,45.88,134.17,-14.89,68.29,NaN
26900,1,134.15,-14.89,47.41,134.17,-14.89,68.29,1
26901,1,134.15,13.3412670737202,26.72,134.17,-14.89,68.29,0.195361942798655
26905,0,0,0,137.43,291.6,-35.58,135.89,NaN
26909,0,0,0,9.14,35,-3.88,17.81,NaN
26909,0,0,0,17.29,35,-3.88,17.81,NaN
26912,0,0,0,15.3,42,-4.66,21.38,NaN
26914,1,48.43,-5.38,8.06,48.43,-5.38,24.65,1
26915,0,0,0,15.68,48.43,-5.38,24.65,NaN
26916,1,48.43,4.28397587329338,14.72,48.43,-5.38,24.65,0.173792124677216
26921,1,114.98,32.8508438000891,54.83,115,-12.76,58.53,0.561265057237129
26922,1,114.98,41.6195979600467,32.08,115,-12.76,58.53,0.711081461815253
26923,1,114.98,32.1443256558145,36.31,115,-12.76,58.53,0.549194014280104
26927,1,142.48,9.41478909608099,33.3,142.5,-15.82,72.53,0.129805447347042
26928,1,142.48,10.5894892109331,32.06,142.5,-15.82,72.53,0.146001505734635
26929,1,142.48,9.28744188961845,58.7,142.5,-15.82,72.53,0.128049660686867
26933,1,226.76,-10.1062840524208,68.2,464.5,-56.67,216.46,0.178335698825142
26934,1,238.56,-10.3164215583668,87.87,464.5,-56.67,216.46,0.182043789630613
26940,1,180.38,91.82,27.76,180.4,-20.02,91.82,1
26941,1,180.38,91.82,45.07,180.4,-20.02,91.82,1
26942,1,180.38,91.82,87.41,180.4,-20.02,91.82,1
26945,1,45.19,2.7926181974313,9.79,45.2,-5.51,21.06,0.132602953344316
26945,1,45.19,2.7926181974313,17.78,45.2,-5.51,21.06,0.132602953344316
26945,1,45.19,2.7926181974313,11.7,45.2,-5.51,21.06,0.132602953344316
26945,1,45.19,2.7926181974313,14.72,45.2,-5.51,21.06,0.132602953344316
26948,1,180.66,7.04974762130297,180.56,679,-82.84,316.41,0.022280419775933
26949,0,0,0,252.44,679,-82.84,316.41,NaN
26957,0,0,0,1.86,4.1,-0.46,2.09,NaN
26958,0,0,0,20.01,44.73,-4.97,22.77,NaN
26960,0,0,0,15.23,44.73,-4.97,22.77,NaN
26961,0,0,0,5.08,44.73,-4.97,22.77,NaN
26966,1,61.19,13.1357579698701,6.32,61.2,-7.47,28.52,0.460580573978615
26969,1,190.37,87.0776905447813,26.04,190.4,-21.13,96.91,0.898541848568582
26970,1,190.37,87.2101988543667,72.74,190.4,-21.13,96.91,0.899909182275995
26974,0,0,0,1.05,3,-0.33,1.53,NaN
26975,0,0,0,0.72,3,-0.33,1.53,NaN
26977,1,184.97,94.16,52.91,185,-20.53,94.16,1
26978,1,184.97,94.16,67.61,185,-20.53,94.16,1
26979,0,0,0,0.58,3,-0.33,1.53,NaN
26983,1,166.48,24.4276837559467,71.84,166.5,-18.48,84.75,0.288232256707336
26984,1,166.48,45.130657101735,69.32,166.5,-18.48,84.75,0.532515128044071
26987,0,0,0,18.75,59.2,-7.22,27.59,NaN
26987,0,0,0,26.03,59.2,-7.22,27.59,NaN
26994,1,396.25,87.9857360808795,77.41,396.3,-43.99,201.72,0.436177553444772
26995,1,396.25,87.602164554672,109.72,396.3,-43.99,201.72,0.434276048754075
26996,1,396.25,88.2864150800234,196.43,396.3,-43.99,201.72,0.437668129486533
26997,1,396.25,88.5630214502484,57.9,396.3,-43.99,201.72,0.439039368680589
26998,1,396.25,87.9799148612486,192.42,396.3,-43.99,201.72,0.43614869552473
26999,1,396.25,87.8394527172879,153.64,396.3,-43.99,201.72,0.435452373177116
27003,0,0,0,0.18,1.2,0,0,NaN
27004,1,1.6,0,0.71,1.6,0,0,NaN
27006,1,15,0,6.32,15,0,0,NaN
27014,1,61.19,31.15,11.5,61.2,-6.79,31.15,1
27015,1,61.19,31.15,17.37,61.2,-6.79,31.15,1
27019,0,0,0,0.81,4.1,-0.46,2.09,NaN
27020,0,0,0,13.65,43,-4.77,21.89,NaN
27024,1,122.38,60.5808873521494,33.96,122.4,-13.59,62.3,0.9724058965032
27027,1,184.97,38.8815251921858,64.43,185,-20.53,94.16,0.412930386493052
27030,1,563.62,-21.0272184390516,263.59,563.7,-62.57,286.92,0.336059108822943
27032,0,0,0,2.13,9.7,-1.08,4.94,NaN
27032,1,73.04,24.4048885620726,35.92,73.05,-8.11,37.18,0.656398293762038
27032,1,73.04,24.4048885620726,32.8,73.05,-8.11,37.18,0.656398293762038
27034,1,85.69,-9.51,13.21,85.7,-9.51,43.62,1
27034,1,85.69,-9.51,11.34,85.7,-9.51,43.62,1
27034,1,85.69,-9.51,15.56,85.7,-9.51,43.62,1
27034,1,85.69,-9.51,39.98,85.7,-9.51,43.62,1
27039,1,250.67,84.2990075468216,72.11,250.7,-30.59,116.83,0.721552747982724
27043,1,202.97,31.6609398465592,76.93,203,-22.53,103.33,0.306406076130448
27044,1,202.97,27.764880903989,52.93,203,-22.53,103.33,0.2687010636213
27045,1,202.97,27.7439756238091,80.53,203,-22.53,103.33,0.268498747931956
27051,1,242.63,114.862293307986,242.54,610.68,-74.5,284.57,0.403634583083198
27052,1,204.92,114.432040040438,103.42,610.68,-74.5,284.57,0.402122641320021
27053,1,242,114.326001765671,149.77,610.68,-74.5,284.57,0.401750014989883
27054,0,0,0,201.14,610.68,-74.5,284.57,NaN
27058,1,48.99,24.94,6.14,49,-5.44,24.94,1
27059,0,0,0,23.53,49,-5.44,24.94,NaN
27059,0,0,0,23.48,49,-5.44,24.94,NaN
28138,0,0,0,8.89,19.2,-2.34,8.95,NaN
28139,0,0,0,3.52,19.2,-2.34,8.95,NaN
28142,0,0,0,5.36,21.08,-2.57,9.82,NaN
28142,0,0,0,2.69,21.08,-2.57,9.82,NaN
28143,1,21.08,2.93058879300153,2.41,21.08,-2.57,9.82,0.298430630651887
28143,1,21.08,2.93058879300153,2.43,21.08,-2.57,9.82,0.298430630651887
28143,1,21.08,2.93058879300153,8.92,21.08,-2.57,9.82,0.298430630651887
28143,1,21.08,2.93058879300153,4.14,21.08,-2.57,9.82,0.298430630651887
28149,1,244.89,88.2207995684763,86.85,244.92,-27.19,124.66,0.70769131692986
28150,1,244.89,88.2626120165347,118.76,244.92,-27.19,124.66,0.708026728834708
28151,1,244.89,88.2030007568478,28.43,244.92,-27.19,124.66,0.707548538078356
28152,1,244.89,87.5995565547599,61.96,244.92,-27.19,124.66,0.702707817702229
28153,1,244.89,88.5720929117021,69.84,244.92,-27.19,124.66,0.710509328667593
28157,1,130.08,66.22,43.29,130.1,-14.44,66.22,1
28161,1,28.95,14.74,8.08,28.95,-3.21,14.74,1
28162,1,28.95,14.74,10.25,28.95,-3.21,14.74,1
28169,1,556.12,113.688149481185,130.7,556.2,-61.74,283.11,0.401568823005847
28170,1,556.12,115.333385004819,67.72,556.2,-61.74,283.11,0.407380117285928
28174,1,123.98,-15.13,41,124,-15.13,57.78,1
28175,1,123.98,-15.1221385008555,36.35,124,-15.13,57.78,0.999480403229049
28176,1,123.98,-15.13,41.1,124,-15.13,57.78,1
28177,1,123.98,-15.13,23.63,124,-15.13,57.78,1
28178,1,123.98,-15.13,37.97,124,-15.13,57.78,1
28179,1,123.98,-14.6118408634142,56.9,124,-15.13,57.78,0.965752866055136
28182,1,3.5,0,1.01,3.5,0,0,NaN
28185,1,46.79,23.82,14.04,46.8,-5.19,23.82,1
28191,1,175.78,-10.6171849403321,22.03,175.8,-19.51,89.48,0.544191949786371
28192,1,175.78,-13.7118401599132,80.19,175.8,-19.51,89.48,0.702810874418923
28193,1,175.78,-13.8200674716434,84.23,175.8,-19.51,89.48,0.708358148213397
28194,1,175.78,-13.9066151621085,33.04,175.8,-19.51,89.48,0.712794216407406
28200,1,286.88,65.3570650902412,63.68,286.92,-31.85,146.04,0.447528520201597
28201,1,286.88,66.4218425315023,102.23,286.92,-31.85,146.04,0.454819518840745
28202,1,286.88,65.3294697232982,123.81,286.92,-31.85,146.04,0.447339562608178
28203,1,286.88,65.088860064235,100.32,286.92,-31.85,146.04,0.445692002631026
28204,1,286.88,65.3534496298897,41.37,286.92,-31.85,146.04,0.447503763557174
28205,1,286.88,65.7871876303659,130.84,286.92,-31.85,146.04,0.450473758082484
28209,0,0,0,1.94,5.35,-0.59,2.72,NaN
28210,0,0,0,1.52,5.35,-0.59,2.72,NaN
28218,1,199.37,4.66539366016027,26.72,199.4,-22.13,101.49,0.045968998523601
28219,1,199.37,8.38737538846599,72.39,199.4,-22.13,101.49,0.0826423823870922
28223,1,136.78,69.63,48.75,136.8,-15.18,69.63,1
28224,1,136.78,69.63,17.09,136.8,-15.18,69.63,1
28225,1,136.78,69.63,49.38,136.8,-15.18,69.63,1
28226,1,136.78,69.63,49.01,136.8,-15.18,69.63,1
28227,1,136.78,69.63,18,136.8,-15.18,69.63,1
28228,1,136.78,69.63,22.55,136.8,-15.18,69.63,1
28232,0,0,0,0.79,2.9,-0.32,1.48,NaN
28233,0,0,0,1.38,2.9,-0.32,1.48,NaN
28238,0,0,0,139.23,395.4,-48.24,184.26,NaN
28241,1,250.57,20.2979539403885,73.44,250.6,-27.82,127.56,0.159124756509788
28242,1,250.57,20.5352675518545,44.1,250.6,-27.82,127.56,0.160985164250976
28243,1,250.57,25.6868172283759,67.83,250.6,-27.82,127.56,0.201370470589337
28244,1,250.57,23.0213709138437,48.2,250.6,-27.82,127.56,0.18047484253562
28245,1,250.57,20.2730523440925,59.05,250.6,-27.82,127.56,0.158929541737947
28251,1,323.71,117.016196386683,76.17,323.75,-35.94,164.79,0.710092823512853
28252,1,323.71,116.315866993453,44.88,323.75,-35.94,164.79,0.705842994073992
28253,1,323.71,116.384969334254,92.84,323.75,-35.94,164.79,0.706262329839517
28254,1,323.71,116.767627232705,56.7,323.75,-35.94,164.79,0.70858442401059
28257,1,2.7,0,0.97,2.7,0,0,NaN
28261,1,244.77,42.6222123264413,58.95,244.8,-27.17,124.6,0.342072330067748
28262,1,244.77,82.295209207817,118.34,244.8,-27.17,124.6,0.660475194284245
28263,1,244.77,82.3340169802475,66.6,244.8,-27.17,124.6,0.660786653132002
28264,1,244.77,124.6,65.29,244.8,-27.17,124.6,1
28265,1,244.77,82.1668442179433,64,244.8,-27.17,124.6,0.659444977672097
28269,0,0,0,0.27,1.7,-0.19,0.87,NaN
28272,0,0,0,179.68,363.8,-44.38,169.53,NaN
28275,0,0,0,4.66,15.7,-1.74,7.99,NaN
28275,0,0,0,7.41,15.7,-1.74,7.99,NaN
28279,1,934.37,4.98889502826021,454.22,934.5,-114.01,435.48,0.0114560830078539
28280,1,934.37,4.74756468365065,333.21,934.5,-114.01,435.48,0.0109019121053795
28286,1,408.03,145.95979219677,58.06,408.08,-45.3,207.71,0.702709509396612
28287,1,408.03,146.155830030773,153.87,408.08,-45.3,207.71,0.703653314865788
28288,1,408.03,145.778387744383,134.91,408.08,-45.3,207.71,0.701836154948645
28289,1,408.03,145.63707504583,47.99,408.08,-45.3,207.71,0.701155818428722
28290,1,408.03,145.870280048359,197.4,408.08,-45.3,207.71,0.702278561688696
28291,1,408.03,146.659363854057,109.2,408.08,-45.3,207.71,0.706077530470639
28295,1,6.8,-0.83,0.88,6.8,-0.83,3.17,1
28295,1,6.8,-0.83,0.89,6.8,-0.83,3.17,1
28296,0,0,0,1.39,6.8,-0.83,3.17,NaN
28296,0,0,0,0.97,6.8,-0.83,3.17,NaN
28297,0,0,0,1.48,6.8,-0.83,3.17,NaN
28297,0,0,0,2.12,6.8,-0.83,3.17,NaN
28300,1,85.99,-9.55,28.52,86,-9.55,43.77,1
28300,1,85.99,-9.55,22.07,86,-9.55,43.77,1
28300,1,85.99,-9.55,29.06,86,-9.55,43.77,1
28303,1,401.94,21.3418158891762,90.46,402,-49.04,187.33,0.113926311264486
28304,1,401.94,21.4895559164626,172.98,402,-49.04,187.33,0.114714973130105
28311,1,173.71,31.9683604368963,45.06,173.73,-19.28,88.43,0.36151035210784
28312,1,173.71,14.013508378927,68.69,173.73,-19.28,88.43,0.15847007100449
28313,1,173.71,14.2031661677813,21.9,173.73,-19.28,88.43,0.160614793257732
28314,1,173.71,31.9693655886896,60.74,173.73,-19.28,88.43,0.361521718745783
28315,1,173.71,32.0169641893466,86.56,173.73,-19.28,88.43,0.362059981786121
28316,1,173.71,12.9018517917436,82.77,173.73,-19.28,88.43,0.145899036432699
28324,1,214.7,98.3705976360824,46.74,214.73,-23.84,109.3,0.900005467850708
28325,1,214.7,109.3,89.47,214.73,-23.84,109.3,1
28326,1,214.7,109.3,37.88,214.73,-23.84,109.3,1
28330,1,55.69,25.96,16.78,55.7,-6.8,25.96,1
28331,1,55.69,25.96,7.63,55.7,-6.8,25.96,1
28334,1,2.5,-0.3,1.16,2.5,-0.3,1.16,1
28334,1,2.5,-0.3,0.59,2.5,-0.3,1.16,1
28337,1,114.73,0.259288302485061,55.5,114.75,-12.74,58.41,0.00443910807199215
28338,1,114.73,-2.80980943749141,13.06,114.75,-12.74,58.41,0.220550191325856
28344,1,1079.85,397.44,171.57,1080,-88.56,397.44,1
28345,1,1079.85,396.939543430115,537.54,1080,-88.56,397.44,0.998740799693325
28349,1,205.67,21.3005366091694,60.25,205.7,-22.83,104.7,0.20344352062244
28350,1,205.67,21.2131516786941,66.15,205.7,-22.83,104.7,0.202608898554863
28354,1,69.89,35.58,14.39,69.9,-7.76,35.58,1
28355,1,69.89,35.58,12.96,69.9,-7.76,35.58,1
28356,1,69.89,35.58,18.92,69.9,-7.76,35.58,1
28357,1,69.89,35.58,22.2,69.9,-7.76,35.58,1
28360,1,33.75,5.0012679773664,9.73,33.75,-3.75,17.18,0.291109893909569
28360,0,0,0,3.65,33.75,-3.75,17.18,NaN
28365,0,0,0,48.1,455.63,-55.59,212.32,NaN
28366,0,0,0,82.57,455.63,-55.59,212.32,NaN
28367,0,0,0,157.47,455.63,-55.59,212.32,NaN
28368,0,0,0,169.71,455.63,-55.59,212.32,NaN
28372,1,163.13,19.6401225453906,74,163.15,-19.9,76.03,0.258320696374992
28373,1,163.13,25.7612610469249,73.42,163.15,-19.9,76.03,0.338830212375706
28377,0,0,0,0.39,1,0,0,NaN
28379,0,0,0,2.14,8.33,-1.02,3.88,NaN
28379,0,0,0,1.01,8.33,-1.02,3.88,NaN
28380,0,0,0,1.42,8.33,-1.02,3.88,NaN
28380,0,0,0,3.75,8.33,-1.02,3.88,NaN
28380,0,0,0,3.31,8.33,-1.02,3.88,NaN
28380,0,0,0,3.95,8.33,-1.02,3.88,NaN
28385,1,38.29,-4.25,12.87,38.3,-4.25,19.49,1
28386,1,38.29,-4.25,17.63,38.3,-4.25,19.49,1
28388,1,38.29,19.49,4.52,38.3,-4.25,19.49,1
28388,1,38.29,19.49,12.97,38.3,-4.25,19.49,1
28396,1,818.49,176.743542870015,232.32,818.6,-67.13,301.24,0.586720033428546
28397,1,818.49,177.592893650698,406.54,818.6,-67.13,301.24,0.58953954870103
28401,1,61.99,-6.88,29.87,62,-6.88,31.56,1
28402,1,61.99,-6.88,9.98,62,-6.88,31.56,1
28403,1,61.99,-6.88,18.4,62,-6.88,31.56,1
28404,1,61.99,-6.88,18.84,62,-6.88,31.56,1
28405,1,61.99,-6.88,18.85,62,-6.88,31.56,1
28412,1,184.47,68.4757683447086,48.17,184.5,-20.48,93.91,0.729163756199644
28413,1,184.47,84.5321922603484,20.86,184.5,-20.48,93.91,0.900140477695117
28418,1,45.53,0.738822582134324,16.63,45.53,-5.05,23.18,0.0318732779177879
28418,1,45.53,0.738822582134324,12.14,45.53,-5.05,23.18,0.0318732779177879
28419,1,45.53,21.6757789670846,9.78,45.53,-5.05,23.18,0.935106944222802
28423,1,62.64,30.4415804167688,20.3,62.65,-6.95,31.89,0.954580759384407
28424,1,62.64,31.0099723528216,27.8,62.65,-6.95,31.89,0.972404275723475
28427,1,26.6,13.54,5.95,26.6,-2.95,13.54,1
28429,0,0,0,4.19,11.2,-1.24,5.7,NaN
28429,0,0,0,5.49,11.2,-1.24,5.7,NaN
28431,1,86.99,-9.66,17.26,87,-9.66,44.28,1
28431,1,86.99,-9.66,11.06,87,-9.66,44.28,1
28434,1,139.03,57.1100145051489,60.36,139.05,-15.43,70.78,0.806866551358419
28435,1,139.03,46.4496979669093,19.08,139.05,-15.43,70.78,0.656254562968484
28443,1,33.7,8.77145382046062,15.86,33.7,-3.74,17.15,0.51145503326301
28447,1,335.69,28.6216890794873,147.46,335.73,-37.27,170.89,0.167486038267232
28448,1,335.69,27.8046254912633,48.44,335.73,-37.27,170.89,0.162704812986502
28449,1,335.69,28.0599693969894,163.05,335.73,-37.27,170.89,0.164199013382816
28450,1,335.69,28.073175216315,132.86,335.73,-37.27,170.89,0.164276290106589
28451,1,335.69,28.0119067512814,124.94,335.73,-37.27,170.89,0.163917764358836
28452,1,335.69,27.5637198951075,91.49,335.73,-37.27,170.89,0.161295101498669
28460,1,181.97,92.64,35.06,182,-20.2,92.64,1
28461,1,181.97,92.64,77,182,-20.2,92.64,1
28462,1,181.97,88.1640646916967,55.41,182,-20.2,92.64,0.951684636136622
28463,1,181.97,87.3510743064374,28.11,182,-20.2,92.64,0.942908833186932
28469,1,377.03,83.0745114149448,91.23,377.08,-41.86,191.94,0.43281500164085
28470,1,377.03,82.3031504361865,159.05,377.08,-41.86,191.94,0.428796240680351
28471,1,377.03,82.6878841637683,120.97,377.08,-41.86,191.94,0.430800688568138
28472,1,377.03,82.9775187834139,143.12,377.08,-41.86,191.94,0.43230967377
28473,1,377.03,83.1906119170187,101.6,377.08,-41.86,191.94,0.43341988078055
28474,1,377.03,82.8147911912212,104.57,377.08,-41.86,191.94,0.43146186928843
28478,1,180.97,58.7211315069647,90.33,181,-20.09,92.13,0.637372533452347
28479,1,180.97,61.8275402493056,24.66,181,-20.09,92.13,0.671090201338387
28483,1,33.7,10.8675889439796,7.37,33.7,-4.11,15.7,0.692203117450928
28485,1,68.39,8.96952072127739,12.03,68.4,-7.59,34.82,0.25759680417224
28485,1,68.39,8.96952072127739,10.4,68.4,-7.59,34.82,0.25759680417224
28485,1,68.39,8.96952072127739,21.2,68.4,-7.59,34.82,0.25759680417224
28485,1,68.39,8.96952072127739,29.06,68.4,-7.59,34.82,0.25759680417224
28485,1,68.39,8.96952072127739,13.75,68.4,-7.59,34.82,0.25759680417224
28485,1,68.39,8.96952072127739,22.06,68.4,-7.59,34.82,0.25759680417224
28488,1,25,0,7.26,25,0,0,NaN
28491,1,56.69,26.2828569188004,24.89,56.7,-6.92,26.42,0.99480911880395
28491,1,56.69,26.2828569188004,13.86,56.7,-6.92,26.42,0.99480911880395
28491,1,56.69,26.2828569188004,16.95,56.7,-6.92,26.42,0.99480911880395
28491,1,56.69,26.2828569188004,26.76,56.7,-6.92,26.42,0.99480911880395
28493,0,0,0,1.05,5.93,-0.66,3.02,NaN
28493,0,0,0,2.67,5.93,-0.66,3.02,NaN
28493,0,0,0,2.81,5.93,-0.66,3.02,NaN
28493,0,0,0,2.28,5.93,-0.66,3.02,NaN
28494,0,0,0,1.04,5.93,-0.66,3.02,NaN
28495,0,0,0,1.7,5.93,-0.66,3.02,NaN
28499,0,0,0,1.82,4.1,-0.46,2.09,NaN
28499,0,0,0,1.38,4.1,-0.46,2.09,NaN
28502,1,3.67,-0.45,1.77,3.67,-0.45,1.71,1
28502,1,3.67,-0.45,0.94,3.67,-0.45,1.71,1
28503,1,3.67,-0.45,0.39,3.67,-0.45,1.71,1
28503,1,3.67,-0.45,0.96,3.67,-0.45,1.71,1
28504,1,3.67,-0.45,0.83,3.67,-0.45,1.71,1
28504,1,3.67,-0.45,0.6,3.67,-0.45,1.71,1
28507,1,61.99,-6.88,24.5,62,-6.88,31.56,1
28512,1,710.4,202.218088477151,91.21,710.5,-78.87,361.64,0.559169584330137
28513,1,710.4,201.03447837406,352.33,710.5,-78.87,361.64,0.555896688347695
28514,1,710.4,201.985105306073,188.26,710.5,-78.87,361.64,0.55852534372877
28515,0,0,0,109.44,710.5,-78.87,361.64,NaN
28516,0,0,0,353.83,710.5,-78.87,361.64,NaN
28517,0,0,0,249.25,710.5,-78.87,361.64,NaN
28520,1,86.19,43.88,27.29,86.2,-9.57,43.88,1
28523,1,26.5,13.49,10.52,26.5,-2.94,13.49,1
28530,1,863.18,161.407460850841,119.88,863.3,-105.32,402.3,0.401211684938706
28531,1,863.18,161.467272059285,126.34,863.3,-105.32,402.3,0.4013603580892
28536,1,195.64,-12.165231823984,60.38,195.67,-21.72,99.59,0.560093546223941
28537,1,195.64,-4.46025660989051,54.09,195.67,-21.72,99.59,0.205352514267519
28538,1,195.64,5.90886325057456,90.92,195.67,-21.72,99.59,0.059331893268145
28541,1,55.69,28.35,21.82,55.7,-6.18,28.35,1
28541,1,55.69,28.35,20.76,55.7,-6.18,28.35,1
28548,1,199.97,64.6847981015501,83.67,200,-22.2,101.8,0.635410590388507
28549,1,199.97,78.2718357182621,21.35,200,-22.2,101.8,0.768878543401396
28550,1,199.97,56.3003915434625,41.42,200,-22.2,101.8,0.553049032843443
29644,1,6.43,-0.32,1.62,6.43,-0.32,2.47,1
29644,0,0,0,2.48,6.43,-0.32,2.47,NaN
29645,1,6.43,-0.32,1.61,6.43,-0.32,2.47,1
29645,0,0,0,0.69,6.43,-0.32,2.47,NaN
29646,1,6.43,-0.32,2.02,6.43,-0.32,2.47,1
29646,1,6.43,-0.32,1.41,6.43,-0.32,2.47,1
29651,0,0,0,12.43,67.5,-3.31,25.92,NaN
29652,0,0,0,13.9,67.5,-3.31,25.92,NaN
29655,1,0.5,0.19,0.07,0.5,-0.02,0.19,1
29655,1,0.5,0.19,0.08,0.5,-0.02,0.19,1
29658,1,231.74,-25.73,36.29,231.77,-25.73,117.97,1
29659,1,231.74,-25.73,54.69,231.77,-25.73,117.97,1
29660,1,231.74,-25.73,36.55,231.77,-25.73,117.97,1
29661,1,231.74,-7.86393316266776,110.48,231.77,-25.73,117.97,0.305632847363691
29666,1,179.31,43.3763204500462,34.42,179.33,-21.88,83.57,0.519041766782891
29667,1,179.31,52.8708452370663,58.84,179.33,-21.88,83.57,0.632653407168438
29668,1,179.31,43.199978321571,28.71,179.33,-21.88,83.57,0.516931653961601
29672,0,0,0,5.13,27.6,-3.06,14.05,NaN
29672,0,0,0,11.75,27.6,-3.06,14.05,NaN
29674,1,53.89,20.7,7.09,53.9,-2.64,20.7,1
29676,1,1.43,0.67,0.43,1.43,-0.17,0.67,1
29676,1,1.43,0.67,0.59,1.43,-0.17,0.67,1
29676,1,1.43,0.67,0.68,1.43,-0.17,0.67,1
29676,0,0,0,0.38,1.43,-0.17,0.67,NaN
29676,0,0,0,0.41,1.43,-0.17,0.67,NaN
29676,0,0,0,0.59,1.43,-0.17,0.67,NaN
29680,1,141.48,-11.1963366560736,61.48,141.5,-15.71,72.02,0.712688520437533
29681,1,141.48,-11.6949368426329,36,141.5,-15.71,72.02,0.744426278970904
29682,1,141.48,-13.8196393548094,22.95,141.5,-15.71,72.02,0.879671505716705
29683,1,141.48,-15.71,56.22,141.5,-15.71,72.02,1
29687,1,233.38,26.656705828567,52.17,354.14,-43.21,165.03,0.161526424459595
29688,1,235.92,26.9891092673242,58.51,354.14,-43.21,165.03,0.163540624536897
29689,1,277.39,26.8428475029967,162.19,354.14,-43.21,165.03,0.16265435074227
29690,0,0,0,174.04,354.14,-43.21,165.03,NaN
29691,1,295.29,26.6714204203581,59.73,354.14,-43.21,165.03,0.161615587592305
29694,0,0,0,0.88,3,-0.33,1.53,NaN
29694,0,0,0,0.45,3,-0.33,1.53,NaN
29695,0,0,0,0.49,3,-0.33,1.53,NaN
29696,0,0,0,0.34,3,-0.33,1.53,NaN
29702,1,274.23,71.6916133771209,39.65,274.27,-30.44,139.6,0.513550239091124
29703,1,274.23,71.465588374844,121.09,274.27,-30.44,139.6,0.511931148816934
29704,1,274.23,72.0677334079173,88.65,274.27,-30.44,139.6,0.516244508652703
29707,0,0,0,21.37,75,-3.67,28.8,NaN
29707,1,74.99,28.8,28.08,75,-3.67,28.8,1
29707,1,74.99,28.8,14.83,75,-3.67,28.8,1
29712,0,0,0,12.23,49.3,-5.47,25.09,NaN
29713,1,49.29,25.09,12.56,49.3,-5.47,25.09,1
29717,0,0,0,6.39,18,-2,9.16,NaN
29719,0,0,0,11.62,42.5,-2.08,16.32,NaN
29720,1,42.49,8.45235875576892,4.71,42.5,-2.08,16.32,0.517914139446625
29720,1,42.49,8.45235875576892,9.88,42.5,-2.08,16.32,0.517914139446625
29720,1,42.49,8.45235875576892,10.73,42.5,-2.08,16.32,0.517914139446625
29726,1,284.16,-20.847995503309,139.97,284.2,-34.67,132.44,0.601326665800664
29727,1,284.16,-20.6581803768084,75.33,284.2,-34.67,132.44,0.595851755892946
29731,1,46.89,18.01,5.54,46.9,-2.3,18.01,1
29736,1,234.82,69.741087459241,70.09,234.85,-26.07,119.54,0.583412142038154
29737,1,234.82,70.69011981899,33.37,234.85,-26.07,119.54,0.591351178007278
29738,1,234.82,70.2336207689978,66.39,234.85,-26.07,119.54,0.587532380533694
29739,1,234.82,69.9445939997794,111.52,234.85,-26.07,119.54,0.585114555795377
29742,1,1.73,-0.08,0.31,1.73,-0.08,0.67,1
29742,1,1.73,-0.08,0.78,1.73,-0.08,0.67,1
29742,1,1.73,-0.08,0.28,1.73,-0.08,0.67,1
29745,1,259.77,18.517014619965,45.51,402.56,-49.11,187.59,0.0987100304918442
29746,1,298.67,18.7849400597039,142.75,402.56,-49.11,187.59,0.100138280610395
29747,1,319.65,18.6583622223743,195.2,402.56,-49.11,187.59,0.0994635226951024
29748,1,189.09,18.4751391982888,46.73,402.56,-49.11,187.59,0.0984868020592185
29749,1,222.16,18.3190626764384,101.83,402.56,-49.11,187.59,0.0976547933068843
29753,0,0,0,201.17,705.5,-86.07,328.76,NaN
29754,0,0,0,248.43,705.5,-86.07,328.76,NaN
29755,1,249.87,127.840354237793,135.89,705.5,-86.07,328.76,0.388856169356956
29756,0,0,0,298.49,705.5,-86.07,328.76,NaN
29759,1,20.5,7.87,8.71,20.5,-1,7.87,1
29759,0,0,0,4.5,20.5,-1,7.87,NaN
29759,1,20.5,7.87,5.63,20.5,-1,7.87,1
29759,0,0,0,3.47,20.5,-1,7.87,NaN
29765,1,1164.51,151.375228269099,546.24,1164.67,-95.5,428.6,0.353185320273213
29766,1,1164.51,151.163579693678,252.13,1164.67,-95.5,428.6,0.352691506518148
29767,1,1164.51,151.002021151652,244.08,1164.67,-95.5,428.6,0.352314561716407
29771,0,0,0,1.66,3.4,-0.38,1.73,NaN
29774,0,0,0,10.37,24.3,-1.19,9.33,NaN
29774,1,24.3,9.33,8.76,24.3,-1.19,9.33,1
29774,1,24.3,9.33,3.57,24.3,-1.19,9.33,1
29776,1,68.99,32.15,12.9,69,-8.42,32.15,1
29776,0,0,0,27.56,69,-8.42,32.15,NaN
29781,1,224.97,33.5619141951253,54.22,225,-24.98,114.52,0.293065963981185
29782,1,224.97,29.0255401067188,58.55,225,-24.98,114.52,0.253453895448121
29783,1,224.97,33.9080897795365,46.67,225,-24.98,114.52,0.296088803523721
29784,1,224.97,33.7981741565536,45.61,225,-24.98,114.52,0.295129009400573
29789,1,90.49,34.75,10.69,90.5,-4.43,34.75,1
29790,1,90.49,34.75,17.76,90.5,-4.43,34.75,1
29794,1,28.8,11.06,12.88,28.8,-1.41,11.06,1
29794,0,0,0,8.68,28.8,-1.41,11.06,NaN
29795,1,28.8,11.06,3.94,28.8,-1.41,11.06,1
29795,1,28.8,11.06,7.55,28.8,-1.41,11.06,1
29799,1,1.5,0.58,0.59,1.5,-0.07,0.58,1
29799,0,0,0,0.52,1.5,-0.07,0.58,NaN
29802,0,0,0,2.39,7,-0.85,3.26,NaN
29803,0,0,0,2.55,7,-0.85,3.26,NaN
29807,1,217.3,19.7786425905948,66.17,217.33,-24.12,110.62,0.178798070788237
29808,1,217.3,9.79232933227401,33.57,217.33,-24.12,110.62,0.0885222322570422
29809,1,217.3,19.1594825287115,72.31,217.33,-24.12,110.62,0.173200890695277
29810,1,217.3,19.0728564926516,34.52,217.33,-24.12,110.62,0.172417795088154
29811,1,217.3,14.6927444778691,36.07,217.33,-24.12,110.62,0.132821772535429
29812,1,217.3,11.15965431809,68.09,217.33,-24.12,110.62,0.100882790798137
29816,1,108.98,2.44605834223575,29.65,109,-12.1,55.48,0.0440890112154965
29817,1,108.98,1.83386503470571,15.91,109,-12.1,55.48,0.0330545247784014
29818,1,108.98,1.77778804616376,17.98,109,-12.1,55.48,0.0320437643504643
29819,1,108.98,2.38599055746123,37.54,109,-12.1,55.48,0.0430063186276358
29820,1,108.98,31.7087697081144,13.64,109,-12.1,55.48,0.571535142539913
29821,1,108.98,40.8656932502812,31.55,109,-12.1,55.48,0.736584233062025
29824,1,25.25,9.7,7.33,25.25,-1.24,9.7,1
29824,1,25.25,9.7,2.79,25.25,-1.24,9.7,1
29827,1,109.98,-12.21,26.79,110,-12.21,55.99,1
29830,0,0,0,7.15,24.5,-2.72,12.47,NaN
29831,0,0,0,12.18,24.5,-2.72,12.47,NaN
29838,0,0,0,7.84,52.65,-2.58,20.22,NaN
29839,1,52.64,13.7398603495305,17.84,52.65,-2.58,20.22,0.679518316000517
29840,1,52.64,12.6930233662459,20.83,52.65,-2.58,20.22,0.627745962722351
29841,1,52.64,15.2510686732261,22.14,52.65,-2.58,20.22,0.754256610940955
29846,1,119.98,29.279240337256,43.97,120,-13.32,61.08,0.479358879129927
29847,1,119.98,30.9941513016878,57.61,120,-13.32,61.08,0.507435352025013
29848,1,119.98,32.3265805358145,57.54,120,-13.32,61.08,0.529249845052627
29849,1,119.98,30.2484664144592,50.42,120,-13.32,61.08,0.49522702053797
29850,1,119.98,24.3790619925747,30.29,120,-13.32,61.08,0.399133300467825
29851,1,119.98,24.1898290282777,31.33,120,-13.32,61.08,0.396035183829038
29858,1,332.57,8.82634077404942,40.21,332.62,-36.92,169.3,0.0521343223511484
29859,1,332.57,8.61137096947728,164.99,332.62,-36.92,169.3,0.0508645656791334
29860,1,332.57,8.64474124792707,125.35,332.62,-36.92,169.3,0.05106167305332
29861,1,332.57,8.76109671984599,130.65,332.62,-36.92,169.3,0.0517489469571529
29862,1,332.57,8.24875256713731,87.42,332.62,-36.92,169.3,0.0487226967934868
29863,1,332.57,8.32571884651125,53.93,332.62,-36.92,169.3,0.0491773115564752
29868,0,0,0,234.52,562.5,-68.62,262.12,NaN
29869,1,222.43,87.9318225068565,137.35,562.5,-68.62,262.12,0.335463995524403
29873,1,51.49,26.21,24.91,51.5,-5.72,26.21,1
29874,1,51.49,26.21,9.93,51.5,-5.72,26.21,1
29878,1,139.98,59.2443425257554,53.9,140,-15.54,71.26,0.831382858907598
29879,1,139.98,64.7948389058359,37.94,140,-15.54,71.26,0.909273630449563
29886,1,67.32,25.86,20.34,67.33,-3.3,25.86,1
29887,1,67.32,25.86,28.68,67.33,-3.3,25.86,1
29888,1,67.32,25.86,26.62,67.33,-3.3,25.86,1
29889,1,67.32,25.86,30.92,67.33,-3.3,25.86,1
29890,1,67.32,25.86,11.26,67.33,-3.3,25.86,1
29891,1,67.32,25.86,26.04,67.33,-3.3,25.86,1
29894,1,79.32,34.7946288364805,31.31,79.33,-8.81,40.38,0.861679763161973
29894,1,79.32,34.7946288364805,29.35,79.33,-8.81,40.38,0.861679763161973
29894,1,79.32,34.7946288364805,34.52,79.33,-8.81,40.38,0.861679763161973
29894,1,79.32,34.7946288364805,11.65,79.33,-8.81,40.38,0.861679763161973
29894,1,79.32,34.7946288364805,26.18,79.33,-8.81,40.38,0.861679763161973
29894,1,79.32,34.7946288364805,15.74,79.33,-8.81,40.38,0.861679763161973
29901,0,0,0,7.01,25,-2.78,12.73,NaN
29905,1,158.68,-17.62,40.57,158.7,-17.62,80.78,1
29906,1,158.68,-17.62,20.71,158.7,-17.62,80.78,1
29909,1,25,9.6,2.89,25,-1.22,9.6,1
29909,0,0,0,10.76,25,-1.22,9.6,NaN
29909,0,0,0,10.46,25,-1.22,9.6,NaN
29909,1,25,9.6,4.63,25,-1.22,9.6,1
29912,1,1,0.47,0.48,1,-0.12,0.47,1
29912,1,1,0.47,0.4,1,-0.12,0.47,1
29913,1,1,0.47,0.31,1,-0.12,0.47,1
29914,1,1,0.47,0.3,1,-0.12,0.47,1
29918,1,186.97,48.7722676972207,65.55,187,-20.76,95.18,0.512421387867416
29919,1,186.97,49.0160600645848,74.83,187,-20.76,95.18,0.514982770167943
29920,1,186.97,40.6942712488175,55.49,187,-20.76,95.18,0.427550654011531
29921,1,186.97,48.8278260603847,71.22,187,-20.76,95.18,0.513005106749157
29924,1,61.24,19.8564100609432,9,61.25,-6.8,31.18,0.63683162478971
29924,1,61.24,19.8564100609432,6.34,61.25,-6.8,31.18,0.63683162478971
29927,1,178.44,33.4478190372086,57.51,178.47,-19.81,90.84,0.368205845852142
29928,1,178.44,29.6961297020208,63.63,178.47,-19.81,90.84,0.326905875187371
29929,1,178.44,28.5045431097255,67.19,178.47,-19.81,90.84,0.313788453431589
29930,1,178.44,35.8632197289002,81.39,178.47,-19.81,90.84,0.394795461568694
29931,1,178.44,28.5970334566272,75.38,178.47,-19.81,90.84,0.314806621054901
29932,1,178.44,42.4582058379641,71.07,178.47,-19.81,90.84,0.467395484786043
29939,1,42.69,16.4,21.23,42.7,-2.09,16.4,1
29939,1,42.69,16.4,8.21,42.7,-2.09,16.4,1
29940,1,42.69,-2.09,16,42.7,-2.09,16.4,1
29944,1,283.3,59.589108634619,119.37,283.34,-34.57,132.04,0.451295884842616
29945,1,247.63,59.8180102280387,104.64,283.34,-34.57,132.04,0.453029462496506
29946,1,248.58,52.7221091794247,109.4,283.34,-34.57,132.04,0.399288921383101
29947,1,283.3,59.4856295883613,41.86,283.34,-34.57,132.04,0.450512190157235
29948,1,283.3,59.682123281042,63.93,283.34,-34.57,132.04,0.452000327787352
29952,1,29.5,-1.45,13.06,29.5,-1.45,11.33,1
29953,1,29.5,-1.45,6.22,29.5,-1.45,11.33,1
29955,1,29.5,-1.45,5.2,29.5,-1.45,11.33,1
29956,0,0,0,12.35,29.5,-1.45,11.33,NaN
29958,1,29.5,11.33,6.03,29.5,-1.45,11.33,1
29958,1,29.5,11.33,8.71,29.5,-1.45,11.33,1
29961,0,0,0,7.5,21.2,-2.59,9.88,NaN
29964,0,0,0,3.64,12.5,-1.39,6.36,NaN
29967,1,28.83,8.5052491564533,10.47,28.83,-1.41,11.07,0.768315190284851
29968,1,28.83,8.14804672719372,10.89,28.83,-1.41,11.07,0.736047581498981
29968,1,28.83,8.14804672719372,3.63,28.83,-1.41,11.07,0.736047581498981
29969,1,28.83,10.3931121381254,11.26,28.83,-1.41,11.07,0.938853851682509
29969,1,28.83,10.3931121381254,5.56,28.83,-1.41,11.07,0.938853851682509
29970,1,28.83,10.3727798113412,9.7,28.83,-1.41,11.07,0.937017146462617
29975,1,29.2,11.21,13.26,29.2,-1.43,11.21,1
29975,0,0,0,5.56,29.2,-1.43,11.21,NaN
29976,1,29.2,11.21,5.17,29.2,-1.43,11.21,1
29981,1,269.96,52.0642933908877,111.16,270,-32.94,125.82,0.413799820305895
29982,1,269.96,52.205627162178,36.18,270,-32.94,125.82,0.4149231216196
29983,1,269.96,51.7523477694526,101.39,270,-32.94,125.82,0.41132051954739
29984,1,269.96,51.676560341994,90.38,270,-32.94,125.82,0.41071817153071
29985,0,0,0,124.97,270,-32.94,125.82,NaN
29989,1,33.7,-1.65,12.93,33.7,-1.65,12.94,1
29990,1,33.7,-1.65,10.77,33.7,-1.65,12.94,1
29990,0,0,0,12.55,33.7,-1.65,12.94,NaN
29997,1,888.08,326.86,229.78,888.2,-72.83,326.86,1
29998,1,888.08,326.86,209.28,888.2,-72.83,326.86,1
30001,0,0,0,8.64,48.5,-5.38,24.69,NaN
30001,0,0,0,20.41,48.5,-5.38,24.69,NaN
30003,1,30.33,-1.49,10.89,30.33,-1.49,11.65,1
30003,1,30.33,-1.49,4.44,30.33,-1.49,11.65,1
30003,0,0,0,4.21,30.33,-1.49,11.65,NaN
30009,1,225.57,54.8151374607044,43.78,225.6,-25.04,114.83,0.477359030398889
30010,1,225.57,48.8019459232541,79.43,225.6,-25.04,114.83,0.424992997677036
30011,1,225.57,48.7953371398255,45.55,225.6,-25.04,114.83,0.424935444917056
30012,1,225.57,42.161650705978,48.61,225.6,-25.04,114.83,0.367165816476339
30764,0,0,0,101.92,438.6,-53.51,204.39,NaN
30765,0,0,0,142.85,438.6,-53.51,204.39,NaN
30772,1,188.71,-20.95,64.26,188.73,-20.95,96.07,1
30773,1,188.71,32.6358911359741,35.49,188.73,-20.95,96.07,0.339709494493329
30774,1,188.71,29.8085608706388,79.67,188.73,-20.95,96.07,0.310279596863108
30775,1,188.71,32.599237206216,38.24,188.73,-20.95,96.07,0.339327960926574
30776,1,188.71,32.4169573632866,58.18,188.73,-20.95,96.07,0.337430596057943
30777,1,188.71,34.639537355359,42.09,188.73,-20.95,96.07,0.360565601700416
30782,1,148.48,36.332445430788,17.21,148.5,-16.48,75.59,0.480651480761847
30783,1,148.48,12.1371522328901,48.52,148.5,-16.48,75.59,0.1605655805383
30784,1,148.48,30.7737649724148,46.83,148.5,-16.48,75.59,0.407114234322196
30785,1,148.48,11.9034945517824,73.77,148.5,-16.48,75.59,0.15747446159257
30786,1,148.48,29.7195767972611,32.77,148.5,-16.48,75.59,0.393168101564507
30787,1,148.48,34.9155440136966,38.3,148.5,-16.48,75.59,0.461906919085813
30791,1,133.48,10.1310319322164,54.99,133.5,-14.82,67.95,0.149095392674266
30792,1,133.48,9.6089287544615,48.8,133.5,-14.82,67.95,0.141411755032546
30793,1,133.48,11.6753215972558,60.74,133.5,-14.82,67.95,0.171822245728562
30794,1,133.48,12.4000603848129,57.21,133.5,-14.82,67.95,0.182488011549859
30795,1,133.48,9.64023293129018,22.61,133.5,-14.82,67.95,0.141872449319944
30796,1,133.48,67.95,61.24,133.5,-14.82,67.95,1
30800,0,0,0,0.72,4.8,-0.53,2.44,NaN
30804,1,663.71,215.34105264167,245.52,663.8,-73.68,337.87,0.637348840209754
30805,1,663.71,215.928419365394,192.18,663.8,-73.68,337.87,0.639087280212489
30809,1,1.8,-0.22,0.81,1.8,-0.22,0.84,1
30810,1,1.8,-0.22,0.83,1.8,-0.22,0.84,1
30812,1,1.8,0.84,0.87,1.8,-0.22,0.84,1
30812,1,1.8,0.84,0.32,1.8,-0.22,0.84,1
30813,1,1.8,0.84,0.28,1.8,-0.22,0.84,1
30817,0,0,0,0.61,1.8,-0.22,0.84,NaN
30817,0,0,0,0.61,1.8,-0.22,0.84,NaN
30818,0,0,0,0.45,1.8,-0.22,0.84,NaN
30819,0,0,0,0.89,1.8,-0.22,0.84,NaN
30819,0,0,0,0.88,1.8,-0.22,0.84,NaN
30822,1,58.99,30.03,18.42,59,-6.55,30.03,1
30825,0,0,0,1.69,13.5,-1.5,6.87,NaN
30826,0,0,0,0.62,1.3,-0.14,0.66,NaN
30826,0,0,0,0.62,1.3,-0.14,0.66,NaN
30827,0,0,0,0.55,1.3,-0.14,0.66,NaN
30830,1,16.3,8.3,4.48,16.3,-1.81,8.3,1
30831,1,16.3,-1.81,3.74,16.3,-1.81,8.3,1
30836,1,781.29,158.155894670602,93.81,781.4,-86.74,397.73,0.397646379882338
30839,1,98.79,50.29,40.95,98.8,-10.97,50.29,1
30839,1,98.79,50.29,34.72,98.8,-10.97,50.29,1
30839,1,98.79,50.29,12.1,98.8,-10.97,50.29,1
30842,1,150.63,-0.431147293987488,57.98,150.65,-16.72,76.68,0.0257863214107349
30843,1,150.63,-0.546185834170565,31.71,150.65,-16.72,76.68,0.03266661687623
30844,1,150.63,-0.440147064374874,56.11,150.65,-16.72,76.68,0.0263245851898848
30845,1,150.63,-6.04531178190439,35.36,150.65,-16.72,76.68,0.361561709444043
30846,1,150.63,-0.20671394928482,70.18,150.65,-16.72,76.68,0.0123632744787572
30847,1,150.63,-0.429694513448342,18.58,150.65,-16.72,76.68,0.0256994326225085
30852,1,167.23,83.5228968252159,41.45,167.25,-18.56,85.13,0.981121776403335
30853,1,167.23,83.6119772270419,36.85,167.25,-18.56,85.13,0.982168180747585
30854,1,167.23,55.5040550180737,26.52,167.25,-18.56,85.13,0.65199171876041
30855,1,167.23,85.13,44.56,167.25,-18.56,85.13,1
30856,1,167.23,55.696130623647,44.99,167.25,-18.56,85.13,0.654247981013121
30857,1,167.23,85.13,27.28,167.25,-18.56,85.13,1
30860,1,76.59,0.844541884364641,25.95,76.6,-8.5,38.99,0.0216604740796266
30860,1,76.59,0.844541884364641,30.72,76.6,-8.5,38.99,0.0216604740796266
30860,1,76.59,0.844541884364641,15.28,76.6,-8.5,38.99,0.0216604740796266
30860,1,76.59,0.844541884364641,23.72,76.6,-8.5,38.99,0.0216604740796266
30863,1,25,5.18416929554263,3.47,25,-2.78,12.73,0.407240321723694
30866,0,0,0,3.99,10,-1.22,4.66,NaN
30869,1,47.49,24.18,8.61,47.5,-5.27,24.18,1
30870,0,0,0,21.28,47.5,-5.27,24.18,NaN
30874,1,199.97,38.2130524394214,77.16,200,-24.4,93.2,0.41001129226847
30875,1,199.97,38.4602938566695,51.42,200,-24.4,93.2,0.412664097174565
30882,1,183.74,21.1404968301419,43.86,183.77,-20.4,93.54,0.226004883794547
30883,1,183.74,27.7186445326569,37.48,183.77,-20.4,93.54,0.296329319357034
30884,1,183.74,24.7514114423634,76.76,183.77,-20.4,93.54,0.264607776805253
30888,0,0,0,198.73,548.3,-66.89,255.51,NaN
30889,0,0,0,66.2,548.3,-66.89,255.51,NaN
30894,1,279.96,24.1210235629503,52.74,280,-31.08,142.52,0.169246586885702
30895,1,279.96,24.2260450435564,119.44,280,-31.08,142.52,0.169983476308984
30896,1,279.96,24.137552689069,54.27,280,-31.08,142.52,0.169362564475646
30899,1,83.49,40.8350713859088,36.6,83.5,-9.27,42.5,0.960825209080208
30899,1,83.49,40.8350713859088,18.15,83.5,-9.27,42.5,0.960825209080208
30899,1,83.49,40.8350713859088,16.56,83.5,-9.27,42.5,0.960825209080208
30902,1,1457.2559430378,106.92869142896,414.96,1440,-118.08,529.92,0.201782705746075
30904,0,0,0,2.51,15.9,-1.76,8.09,NaN
30904,0,0,0,1.94,15.9,-1.76,8.09,NaN
30904,0,0,0,7.37,15.9,-1.76,8.09,NaN
30907,1,20,9.32,5.58,20,-2.44,9.32,1
30911,1,265.82,239.38,100.49,513.7,-62.67,239.38,1
30914,1,71.19,33.0636516721122,31.3,71.2,-7.9,36.24,0.912352419208394
30914,1,71.19,33.0636516721122,28.42,71.2,-7.9,36.24,0.912352419208394
30914,1,71.19,33.0636516721122,34.99,71.2,-7.9,36.24,0.912352419208394
30914,1,71.19,33.0636516721122,19.7,71.2,-7.9,36.24,0.912352419208394
30914,1,71.19,33.0636516721122,22.07,71.2,-7.9,36.24,0.912352419208394
30914,1,71.19,33.0636516721122,25.5,71.2,-7.9,36.24,0.912352419208394
30919,1,176.58,77.312797762495,24.12,176.6,-19.6,89.89,0.860082297947435
30920,1,176.58,73.5154510302869,20.33,176.6,-19.6,89.89,0.817837924466424
30923,0,0,0,3.59,11.37,-1.26,5.79,NaN
30923,0,0,0,2.69,11.37,-1.26,5.79,NaN
30923,0,0,0,5.19,11.37,-1.26,5.79,NaN
30925,0,0,0,1.04,7.5,-0.83,3.82,NaN
30928,1,41.89,21.33,10.03,41.9,-4.65,21.33,1
30930,0,0,0,4.95,16.2,-1.8,8.25,NaN
30932,1,41.89,21.33,9.7,41.9,-4.65,21.33,1
30935,1,71.24,1.1724903343693,22.74,71.25,-7.91,36.27,0.0323267255133526
30936,1,71.24,1.18106430397188,17.24,71.25,-7.91,36.27,0.0325631183890787
30937,1,71.24,1.00749034578606,24.06,71.25,-7.91,36.27,0.0277775116014904
30938,1,71.24,0.95344472718964,14.18,71.25,-7.91,36.27,0.0262874201044841
30943,1,283.46,144.3,67.78,283.5,-31.47,144.3,1
30944,1,283.46,144.3,118.99,283.5,-31.47,144.3,1
30945,1,283.46,144.3,39.07,283.5,-31.47,144.3,1
30948,1,83.24,3.58286000560926,31.11,83.25,-9.24,42.37,0.0845612462971267
30948,1,83.24,3.58286000560926,19.1,83.25,-9.24,42.37,0.0845612462971267
30951,1,92.99,47.34,12.03,93,-10.32,47.34,1
30952,1,92.99,47.34,10.17,93,-10.32,47.34,1
30953,1,92.99,34.2994597774591,26.41,93,-10.32,47.34,0.724534427069268
30954,1,92.99,36.5692912626238,16.37,93,-10.32,47.34,0.772481860215966
30958,1,152.33,57.3906503982039,56.27,152.35,-16.91,77.55,0.740047071543571
30959,1,152.33,52.1568322627797,52.08,152.35,-16.91,77.55,0.672557475986844
30960,0,0,0,1.96,4.2,-0.47,2.14,NaN
30965,1,224.72,114.4,78.43,224.75,-24.95,114.4,1
30966,1,224.72,114.4,27.16,224.75,-24.95,114.4,1
30967,1,224.72,114.4,53.08,224.75,-24.95,114.4,1
30968,1,224.72,114.4,103.91,224.75,-24.95,114.4,1
30973,1,46.99,23.92,15.85,47,-5.22,23.92,1
30973,1,46.99,23.92,20.83,47,-5.22,23.92,1
30974,1,46.99,23.92,21.9,47,-5.22,23.92,1
32193,1,28,10.75,5.37,28,-1.37,10.75,1
32196,1,201.44,24.1817726413739,70.83,201.47,-22.36,102.55,0.235804706400526
32197,1,201.44,24.3701405263677,83.6,201.47,-22.36,102.55,0.237641545844638
32198,1,201.44,18.2811842236071,25.96,201.47,-22.36,102.55,0.178266057763112
32202,1,428.34,67.7664591958612,112.85,428.4,-20.99,164.51,0.41192911796159
32203,1,428.34,66.2704411177752,82.52,428.4,-20.99,164.51,0.402835335953894
32204,1,428.34,66.6443631256136,85.63,428.4,-20.99,164.51,0.40510827989553
32205,1,428.34,66.6269064769281,142.8,428.4,-20.99,164.51,0.405002166901271
32210,1,33.3,-1.63,4.46,33.3,-1.63,12.79,1
32210,0,0,0,4.14,33.3,-1.63,12.79,NaN
32211,1,33.3,-1.63,12.5,33.3,-1.63,12.79,1
32214,0,0,0,1.61,4.5,-0.5,2.29,NaN
32216,0,0,0,13.31,36,-1.76,13.82,NaN
32216,1,36,13.82,14.5,36,-1.76,13.82,1
32217,1,36,-1.76,16.66,36,-1.76,13.82,1
32221,0,0,0,2.49,5,-0.55,2.55,NaN
32225,1,170.11,53.0184233826774,26.88,170.13,-18.88,86.6,0.612221979014751
32226,1,170.11,28.2850629198561,55.49,170.13,-18.88,86.6,0.32661735473275
32227,1,170.11,28.0203059870676,84.7,170.13,-18.88,86.6,0.323560115324106
32228,1,170.11,36.3725441081701,71.71,170.13,-18.88,86.6,0.420006283004274
32229,1,170.11,28.2917085516142,65.15,170.13,-18.88,86.6,0.326694094129494
32230,1,170.11,27.9990670315845,60.76,170.13,-18.88,86.6,0.323314861796588
32235,1,295.3,151.556890655416,156.37,330,-40.26,153.78,0.985543572996594
32236,1,288.64,151.761258884983,123.07,330,-40.26,153.78,0.986872537943708
32237,1,283.5,151.521570973266,97.36,330,-40.26,153.78,0.98531389630164
32242,1,189.24,35.727747406603,64.99,189.27,-21.01,96.34,0.370850606254962
32243,1,189.24,80.8587721097286,83.87,189.27,-21.01,96.34,0.839306332880721
32244,1,189.24,36.3066227245535,76.71,189.27,-21.01,96.34,0.376859276775519
32247,1,46.79,-2.29,16.9,46.8,-2.29,17.97,1
32248,0,0,0,21.48,46.8,-2.29,17.97,NaN
32251,1,9.6,0,1.43,9.6,0,0,NaN
32254,1,16.85,6.47,5.77,16.85,-0.83,6.47,1
32254,1,16.85,6.47,6.25,16.85,-0.83,6.47,1
32257,1,33.75,-1.65,7.46,33.75,-1.65,12.96,1
32257,1,33.75,-1.65,11.57,33.75,-1.65,12.96,1
32257,1,33.75,-1.65,16.08,33.75,-1.65,12.96,1
32257,0,0,0,5.62,33.75,-1.65,12.96,NaN
32261,1,37.69,-1.85,6.65,37.7,-1.85,14.48,1
32262,0,0,0,15.78,37.7,-1.85,14.48,NaN
32264,1,37.69,13.6726653432496,14.19,37.7,-1.85,14.48,0.944244844147073
32264,0,0,0,7.29,37.7,-1.85,14.48,NaN
32267,1,15.8,0,2.88,15.8,0,0,NaN
32269,1,2.65,-0.13,0.93,2.65,-0.13,1.02,1
32269,1,2.65,-0.13,0.92,2.65,-0.13,1.02,1
32270,1,2.65,1.02,1.12,2.65,-0.13,1.02,1
32271,1,2.65,1.02,1.29,2.65,-0.13,1.02,1
32279,0,0,0,8.67,25.98,-1.27,9.97,NaN
32280,0,0,0,3.52,25.98,-1.27,9.97,NaN
32282,1,25.97,7.70134781588152,6.49,25.98,-1.27,9.97,0.772452138002158
32283,1,25.97,9.97,6.49,25.98,-1.27,9.97,1
32286,1,44.99,17.28,18.51,45,-2.21,17.28,1
32286,1,44.99,17.28,13.47,45,-2.21,17.28,1
32286,1,44.99,17.28,20.95,45,-2.21,17.28,1
32288,1,12,4.61,2.71,12,-0.59,4.61,1
32289,1,12,4.61,4.2,12,-0.59,4.61,1
32290,0,0,0,4.09,12,-0.59,4.61,NaN
32294,1,3.8,1.46,1.89,3.8,-0.19,1.46,1
32294,1,3.8,1.46,1.2,3.8,-0.19,1.46,1
32294,1,3.8,1.46,0.77,3.8,-0.19,1.46,1
32295,0,0,0,1.34,3.8,-0.19,1.46,NaN
32296,1,3.8,1.46,1.61,3.8,-0.19,1.46,1
32301,0,0,0,5.76,27,-3.89,5.75,NaN
32305,0,0,0,424.58,1300,-158.6,605.8,NaN
32306,1,142.07,14.1301769505847,141.88,1300,-158.6,605.8,0.0233248216417706
32310,1,35.3,13.56,13.54,35.3,-1.73,13.56,1
32313,0,0,0,10.02,35.3,-1.73,13.56,NaN
32314,0,0,0,5.46,35.3,-1.73,13.56,NaN
32320,1,249.19,15.0382437721232,70.73,249.22,-27.66,126.86,0.118542044554022
32321,1,249.19,15.7346351898626,62.12,249.22,-27.66,126.86,0.124031492904482
32322,1,249.19,15.9846801526852,123.12,249.22,-27.66,126.86,0.126002523669283
32323,1,249.19,16.3853150885454,118.3,249.22,-27.66,126.86,0.129160610819371
32330,0,0,0,15.06,40,-1.96,15.36,NaN
32330,1,39.99,12.1009710051545,19.66,40,-1.96,15.36,0.787823633148078
32331,1,39.99,15.1368654940992,18.88,40,-1.96,15.36,0.985473013938748
32331,1,39.99,15.1368654940992,7.31,40,-1.96,15.36,0.985473013938748
32332,0,0,0,6.3,40,-1.96,15.36,NaN
32333,1,39.99,15.36,19.44,40,-1.96,15.36,1
32337,1,34.92,-1.71,6.87,34.92,-1.71,13.41,1
32338,1,34.92,-1.71,15.84,34.92,-1.71,13.41,1
32338,1,34.92,-1.71,3.5,34.92,-1.71,13.41,1
32339,1,34.92,-1.71,6.73,34.92,-1.71,13.41,1
32340,0,0,0,5.91,34.92,-1.71,13.41,NaN
32345,1,1269.72,42.0854393473324,280.25,1269.9,-104.13,467.32,0.0900570045093992
32349,0,0,0,0.72,5.2,-0.58,2.65,NaN
32349,0,0,0,1.29,5.2,-0.58,2.65,NaN
32352,1,18,6.91,8.76,18,-0.88,6.91,1
32353,1,18,6.91,6.12,18,-0.88,6.91,1
32355,1,18,6.91,4.6,18,-0.88,6.91,1
32359,1,247.09,94.9575230711535,102,283.33,-34.57,132.03,0.719211717572927
32360,1,283.29,93.6505747642153,64,283.33,-34.57,132.03,0.70931284377956
32361,1,283.29,94.8136562606982,87.82,283.33,-34.57,132.03,0.718122065141999
32362,1,189.85,95.246057863221,49.57,283.33,-34.57,132.03,0.721397090534128
32363,1,283.29,94.787704846979,29.08,283.33,-34.57,132.03,0.717925508194948
32364,1,283.29,95.5712616003027,68.01,283.33,-34.57,132.03,0.723860195412427
32367,0,0,0,0.59,3.67,-0.45,1.71,NaN
32367,0,0,0,1.12,3.67,-0.45,1.71,NaN
32367,0,0,0,0.78,3.67,-0.45,1.71,NaN
32367,0,0,0,1.23,3.67,-0.45,1.71,NaN
32368,0,0,0,1.33,3.67,-0.45,1.71,NaN
32369,0,0,0,0.6,3.67,-0.45,1.71,NaN
32374,1,16.6,2.42935983450085,2.65,16.6,-0.81,6.37,0.381375170251311
32375,0,0,0,2.15,16.6,-0.81,6.37,NaN
32377,1,16.6,-0.81,5.12,16.6,-0.81,6.37,1
32384,1,273.72,43.6611005649607,113.28,313.8,-38.28,146.23,0.298578270976959
32385,1,277.55,43.6143314995954,132.43,313.8,-38.28,146.23,0.29825843875809
32386,1,262.37,43.7725986851242,56.52,313.8,-38.28,146.23,0.299340755557165
32387,1,313.76,43.5526979705319,40.68,313.8,-38.28,146.23,0.297836955279572
32390,1,39.89,15.32,18.71,39.9,-1.96,15.32,1
32390,1,39.89,15.32,11.68,39.9,-1.96,15.32,1
32390,1,39.89,15.32,9.39,39.9,-1.96,15.32,1
32390,1,39.89,15.32,17.92,39.9,-1.96,15.32,1
32393,0,0,0,4.38,18,-2,9.16,NaN
32396,0,0,0,3.11,28.8,-1.41,11.06,NaN
32396,1,28.8,11.06,11.93,28.8,-1.41,11.06,1
32398,0,0,0,1.98,4.2,0,0,NaN
32401,1,1.05,0,0.25,1.05,0,0,NaN
32402,1,1.05,0,0.25,1.05,0,0,NaN
32407,1,22.85,8.77,6.95,22.85,-1.12,8.77,1
32408,1,22.85,8.77,5.69,22.85,-1.12,8.77,1
32413,1,11.5,3.53065925476039,2.12,11.5,-0.56,4.42,0.798791686597374
32413,1,11.5,3.53065925476039,2.03,11.5,-0.56,4.42,0.798791686597374
32416,1,2,-0.24,0.85,2,-0.24,0.93,1
32416,1,2,-0.24,0.86,2,-0.24,0.93,1
32417,0,0,0,0.95,2,-0.24,0.93,NaN
32417,0,0,0,0.53,2,-0.24,0.93,NaN
32418,0,0,0,0.22,2,-0.24,0.93,NaN
32421,0,0,0,11.28,29.38,-3.58,13.69,NaN
32421,1,29.38,-3.58,8.02,29.38,-3.58,13.69,1
32421,1,29.38,-3.58,10.91,29.38,-3.58,13.69,1
32421,1,29.38,-3.58,13,29.38,-3.58,13.69,1
32421,1,29.38,-3.58,5.16,29.38,-3.58,13.69,1
32421,1,29.38,-3.58,6.52,29.38,-3.58,13.69,1
32423,1,29.7,11.4,10.58,29.7,-1.46,11.4,1
32423,1,29.7,11.4,10.27,29.7,-1.46,11.4,1
32427,1,52.19,12.5407120400533,10.36,52.2,-2.56,20.04,0.625784033934794
32428,1,52.19,-2.56,16.85,52.2,-2.56,20.04,1
32429,1,52.19,-2.56,8.62,52.2,-2.56,20.04,1
32432,1,0.6,0.13,0.14,0.6,-0.09,0.13,1
32432,0,0,0,0.13,0.6,-0.09,0.13,NaN
32432,1,0.6,0.13,0.28,0.6,-0.09,0.13,1
32435,1,103.45,50.2855732654988,21.68,103.47,-11.48,52.66,0.954910240514599
32436,1,103.45,49.1179923556921,11.33,103.47,-11.48,52.66,0.932738176143033
32437,1,103.45,49.4951316664868,45.14,103.47,-11.48,52.66,0.939899955687178
32438,1,103.45,48.0520840966779,10.98,103.47,-11.48,52.66,0.912496849538129
32439,1,103.45,47.8348467486176,48.23,103.47,-11.48,52.66,0.908371567577243
32440,1,103.45,49.1342187904839,26.61,103.47,-11.48,52.66,0.933046312010709
32443,1,38.32,14.72,4.62,38.32,-1.88,14.72,1
32444,1,38.32,-1.88,6.31,38.32,-1.88,14.72,1
32445,1,38.32,14.72,12.1,38.32,-1.88,14.72,1
32446,1,38.32,14.72,9.76,38.32,-1.88,14.72,1
32454,0,0,0,237.91,950,-115.9,442.7,NaN
32461,1,110.52,24.5132883663153,22.17,110.53,-12.27,56.26,0.435714332853098
32462,1,110.52,42.4813077491985,29.22,110.53,-12.27,56.26,0.75508901082827
32463,1,110.52,13.422544617238,37.1,110.53,-12.27,56.26,0.238580601088482
32464,1,110.52,16.9081733580826,20.51,110.53,-12.27,56.26,0.300536319909041
32465,1,110.52,13.256114294152,46.04,110.53,-12.27,56.26,0.235622365697689
32466,1,110.52,17.1188749171086,47.82,110.53,-12.27,56.26,0.304281459600225
32470,0,0,0,10.34,36,-1.76,13.82,NaN
32471,1,36,9.65435321571372,10.51,36,-1.76,13.82,0.698578380297665
32476,1,114.98,15.091445677176,40.83,115,-12.76,58.53,0.257841204120554
32477,1,114.98,17.2801599820008,24.91,115,-12.76,58.53,0.295235947069892
32478,1,114.98,28.2794523057832,32.82,115,-12.76,58.53,0.483161665911211
32479,1,114.98,14.9343853903901,18.41,115,-12.76,58.53,0.255157789003761
32483,0,0,0,9.24,25.92,-1.27,9.96,NaN
32483,1,25.92,9.96,6.75,25.92,-1.27,9.96,1
32484,1,25.92,9.96,3.78,25.92,-1.27,9.96,1
32484,1,25.92,9.96,9.76,25.92,-1.27,9.96,1
32488,1,237.63,27.5002351066421,41.18,237.67,-26.38,120.97,0.227331033368952
32489,1,237.63,24.05844812432,36.56,237.67,-26.38,120.97,0.198879458744482
32490,1,237.63,16.0784301113561,118.15,237.67,-26.38,120.97,0.132912541219774
32491,1,237.63,27.4792810127332,114.55,237.67,-26.38,120.97,0.227157816092694
32492,1,237.63,17.1523383209677,78.16,237.67,-26.38,120.97,0.141790016706355
32493,1,237.63,27.807225461645,41.4,237.67,-26.38,120.97,0.229868772932504
32497,1,28.8,11.06,5.22,28.8,-1.41,11.06,1
32500,1,65.69,25.23,19.45,65.7,-3.22,25.23,1
32500,1,65.69,25.23,31.77,65.7,-3.22,25.23,1
32506,1,1220.33,-100.08,192.09,1220.5,-100.08,449.14,1
32507,1,1220.33,-100.08,514.19,1220.5,-100.08,449.14,1
32511,0,0,0,5.19,25,-3.05,11.65,NaN
32515,1,247.5,43.1961840146222,48.13,247.53,-30.2,115.35,0.374479271908298
32516,1,247.5,60.0164422972769,57.92,247.53,-30.2,115.35,0.520298589486579
32517,1,247.5,59.8751790604002,116.25,247.53,-30.2,115.35,0.51907394070568
32518,1,247.5,37.906770269151,42.66,247.53,-30.2,115.35,0.328623929511495
32519,1,247.5,59.8897348619359,75,247.53,-30.2,115.35,0.519200128842097
32520,1,220,36.4830197891634,109.75,247.53,-30.2,115.35,0.316281055822829
32523,1,15.8,0,4.32,15.8,0,0,NaN
33945,1,292.96,-30.4281005496814,77.45,293,-35.75,136.54,0.851135679711369
33946,1,292.96,-30.4613320108441,98.35,293,-35.75,136.54,0.852065231072562
33949,0,0,0,6.64,60,-6.66,30.54,NaN
33949,0,0,0,18.34,60,-6.66,30.54,NaN
33952,0,0,0,229.95,509.4,-62.15,237.38,NaN
33956,1,198.97,-22.09,56.84,199,-22.09,101.29,1
33957,1,198.97,-22.09,58.36,199,-22.09,101.29,1
33958,1,198.97,-20.794695369066,30.6,199,-22.09,101.29,0.941362397875328
33959,1,198.97,-20.7473310783651,88.67,199,-22.09,101.29,0.939218247096655
33960,1,198.97,-20.7932901702723,49.74,199,-22.09,101.29,0.941298785435595
33961,1,198.97,-20.6825249718701,82.58,199,-22.09,101.29,0.93628451660797
33966,1,175.81,-9.52957908921607,41.14,175.83,-19.52,89.5,0.488195650062299
33967,1,175.81,-19.52,82.58,175.83,-19.52,89.5,1
33968,1,175.81,-14.4373349404075,30.3,175.83,-19.52,89.5,0.739617568668416
33969,1,175.81,-9.78667074399695,53.28,175.83,-19.52,89.5,0.501366329098204
33970,1,175.81,-13.3142045498108,77.96,175.83,-19.52,89.5,0.682080151117356
33971,1,175.81,-16.4170820254147,63.48,175.83,-19.52,89.5,0.841039038187227
33975,1,9.4,3.61,3.64,9.4,-0.46,3.61,1
33976,1,9.4,3.61,3.67,9.4,-0.46,3.61,1
33976,1,9.4,3.61,3.29,9.4,-0.46,3.61,1
33980,1,163.41,10.0877538973003,79.91,163.43,-18.14,83.19,0.121261616748411
33981,1,163.41,10.004397315197,40.68,163.43,-18.14,83.19,0.120259614318993
33982,1,163.41,8.90190595612964,55.92,163.43,-18.14,83.19,0.107006923381772
33983,1,163.41,10.157808049837,52.74,163.43,-18.14,83.19,0.122103714987823
33984,1,163.41,9.96811135651445,37.97,163.43,-18.14,83.19,0.119823432582215
33985,1,163.41,9.95726271019942,64.65,163.43,-18.14,83.19,0.119693024524575
33988,0,0,0,2.35,18,-2,9.16,NaN
33990,1,94.29,23.7961230684243,17.13,94.3,-11.5,43.94,0.541559469012842
33990,1,94.29,23.7961230684243,27.89,94.3,-11.5,43.94,0.541559469012842
33996,1,214.84,99.8638737487048,23.8,214.87,-26.21,100.13,0.99734219263662
33997,1,214.84,93.6908471636446,42.22,214.87,-26.21,100.13,0.93569207194292
33998,1,214.84,99.7322093036651,106.96,214.87,-26.21,100.13,0.996027257601769
34003,1,216.22,-27.3464598285021,169.7,402.12,-49.06,187.39,0.557408475917287
34004,1,204.34,-27.3350186941466,72.43,402.12,-49.06,187.39,0.557175268938986
34005,1,262.16,-27.3449725565405,52.13,402.12,-49.06,187.39,0.557378160549133
34006,1,214.13,-27.1301145356487,88.74,402.12,-49.06,187.39,0.552998665626756
34014,1,262.46,14.3267831143494,41.47,262.5,-32.03,122.33,0.117115859677507
34015,1,262.46,14.0671827703082,85.62,262.5,-32.03,122.33,0.114993728196749
34016,1,236.16,14.1559336888051,130.69,262.5,-32.03,122.33,0.115719232312639
34017,1,262.46,14.1235345599452,110.64,262.5,-32.03,122.33,0.115454382080808
34018,1,262.46,11.3235733889637,100.52,262.5,-32.03,122.33,0.092565792438189
34019,1,262.46,11.8157474389029,93.75,262.5,-32.03,122.33,0.0965891231823989
34024,1,229.97,50.8425363129108,23.06,230,-25.53,117.07,0.434291759741273
34025,1,229.97,47.2569489884356,26.88,230,-25.53,117.07,0.403664038510597
34026,1,229.97,74.8453165457076,109.98,230,-25.53,117.07,0.639321060439973
34027,1,229.97,49.21736593239,91.7,230,-25.53,117.07,0.420409720102417
34028,1,229.97,49.3401315947267,112.45,230,-25.53,117.07,0.421458371869195
34035,1,114.65,0.632317353518719,25.9,114.67,-12.73,58.37,0.0108329167983334
34036,1,114.65,18.9773652193537,35.54,114.67,-12.73,58.37,0.325121898566965
34037,1,114.65,1.04741928514931,20.06,114.67,-12.73,58.37,0.0179444797866938
34038,1,114.65,0.172359231584346,11.77,114.67,-12.73,58.37,0.00295287359233075
34039,1,114.65,0.860024768129047,27.52,114.67,-12.73,58.37,0.0147340203551319
34040,1,114.65,1.33598386008418,23,114.67,-12.73,58.37,0.0228881935940411
34046,1,200.64,34.1381732981875,83.98,200.67,-24.48,93.51,0.365075107455754
34047,1,200.64,58.4326781140922,21.18,200.67,-24.48,93.51,0.624881596771385
34048,1,200.64,66.8570355146222,36.37,200.67,-24.48,93.51,0.714972040579854
34051,1,0.7,0.27,0.3,0.7,-0.03,0.27,1
34052,1,0.7,0.27,0.35,0.7,-0.03,0.27,1
34053,1,0.7,0.27,0.17,0.7,-0.03,0.27,1
34059,1,252.33,46.103364885133,125.61,252.37,-30.79,117.6,0.392035415689906
34060,1,252.33,53.1208649466808,120.32,252.37,-30.79,117.6,0.451708035260892
34061,1,252.33,53.1684444466401,54.92,252.37,-30.79,117.6,0.452112622845579
34065,1,32.5,-0.785212148275222,7.22,32.5,-1.59,12.48,0.493844118412089
34065,1,32.5,-0.785212148275222,11.8,32.5,-1.59,12.48,0.493844118412089
34066,0,0,0,12.27,32.5,-1.59,12.48,NaN
34066,0,0,0,4.09,32.5,-1.59,12.48,NaN
34069,0,0,0,35.02,96,-11.71,44.74,NaN
34072,0,0,0,282.68,669.3,-81.65,311.89,NaN
34075,0,0,0,13.11,26.7,-2.96,13.59,NaN
34079,1,282.56,208.44789755208,178.11,700.05,-85.41,326.22,0.63897951551738
34080,1,272.58,207.951900212008,272.48,700.05,-85.41,326.22,0.637459077346601
34087,1,43.71,16.79,12.06,43.72,-2.14,16.79,1
34087,0,0,0,12.72,43.72,-2.14,16.79,NaN
34088,1,43.71,13.0794475159206,18.56,43.72,-2.14,16.79,0.779002234420521
34088,1,43.71,13.0794475159206,12.62,43.72,-2.14,16.79,0.779002234420521
34089,1,43.71,16.79,17.4,43.72,-2.14,16.79,1
34093,0,0,0,26.11,75.53,-8.38,38.45,NaN
34094,0,0,0,28.13,75.53,-8.38,38.45,NaN
34095,0,0,0,19.59,75.53,-8.38,38.45,NaN
34099,0,0,0,10.04,20.7,-2.3,10.54,NaN
34100,0,0,0,2.26,20.7,-2.3,10.54,NaN
34103,0,0,0,26.59,54,-6.59,25.16,NaN
34103,0,0,0,22.35,54,-6.59,25.16,NaN
34103,0,0,0,8.21,54,-6.59,25.16,NaN
34103,0,0,0,10.64,54,-6.59,25.16,NaN
34109,1,171.98,38.8584711429489,81.17,172,-20.98,80.15,0.484821848321259
34110,1,171.98,23.8548961321505,27.08,172,-20.98,80.15,0.297628148872745
34114,1,202.47,59.240654790057,76.21,202.5,-24.71,94.37,0.627748805659182
34115,1,202.47,58.9745686609109,79.9,202.5,-24.71,94.37,0.624929200603061
34119,0,0,0,5.02,16.3,-1.81,8.3,NaN
34124,1,170.37,238.157676052652,75.81,548.4,-66.9,255.55,0.931941600675609
34125,1,232.53,238.07376619327,153.5,548.4,-66.9,255.55,0.931613250609548
34130,0,0,0,147.42,429.3,-52.37,200.05,NaN
34131,1,238.09,28.382039766038,190.24,429.3,-52.37,200.05,0.141874730147653
34132,1,276.15,28.1657130344149,173.99,429.3,-52.37,200.05,0.140793366830367
34133,1,209.54,28.3290563286853,154.55,429.3,-52.37,200.05,0.141609879173633
34141,1,193.96,41.2909051034615,103.28,556.48,-67.89,259.32,0.159227614929282
34142,1,231.86,41.7661297033422,231.77,556.48,-67.89,259.32,0.161060194752978
34143,0,0,0,240.74,556.48,-67.89,259.32,NaN
34144,1,197.91,41.3497510268594,108.2,556.48,-67.89,259.32,0.159454538897344
34147,1,14.2,5.45,6.1,14.2,-0.7,5.45,1
34147,1,14.2,5.45,1.62,14.2,-0.7,5.45,1
34147,0,0,0,4.63,14.2,-0.7,5.45,NaN
34147,1,14.2,5.45,3.77,14.2,-0.7,5.45,1
34147,0,0,0,7.07,14.2,-0.7,5.45,NaN
34147,0,0,0,4.49,14.2,-0.7,5.45,NaN
34151,1,118.97,143.662870055519,118.84,852.73,-104.03,397.37,0.36153426291748
34152,1,184.73,143.431188695137,184.6,852.73,-104.03,397.37,0.360951226049115
34153,1,297.73,143.349704575851,158.89,852.73,-104.03,397.37,0.360746167490879
34156,1,69.99,26.88,12.84,70,-3.43,26.88,1
34159,1,1.92,0.89,0.37,1.92,-0.23,0.89,1
34159,1,1.92,0.89,0.26,1.92,-0.23,0.89,1
34160,1,1.92,0.89,0.2,1.92,-0.23,0.89,1
34160,1,1.92,0.89,0.36,1.92,-0.23,0.89,1
34161,1,1.92,0.89,0.36,1.92,-0.23,0.89,1
34162,0,0,0,0.67,1.92,-0.23,0.89,NaN
34165,1,98.79,50.29,22.62,98.8,-10.97,50.29,1
34168,1,44.99,17.28,14.92,45,-2.21,17.28,1
34169,1,44.99,17.28,8.57,45,-2.21,17.28,1
34169,1,44.99,17.28,8.56,45,-2.21,17.28,1
34170,1,44.99,17.28,7.96,45,-2.21,17.28,1
34171,1,44.99,17.28,17.26,45,-2.21,17.28,1
34172,1,44.99,17.28,14.38,45,-2.21,17.28,1
34177,1,207.97,43.3804371051297,103.47,208,-23.09,105.87,0.409751932607252
34178,1,207.97,43.3499062076304,64.99,208,-23.09,105.87,0.409463551597529
34179,1,207.97,36.4540051872656,88.72,208,-23.09,105.87,0.344327998368429
34183,1,222.62,103.75,43.54,222.65,-27.16,103.75,1
34184,1,222.62,103.75,53.16,222.65,-27.16,103.75,1
35360,0,0,0,2.5,6.3,-0.77,2.94,NaN
35361,0,0,0,0.9,6.3,-0.77,2.94,NaN
35365,1,4.8,1.84,0.6,4.8,-0.24,1.84,1
35366,1,4.8,1.84,0.49,4.8,-0.24,1.84,1
35367,0,0,0,2.32,4.8,-0.24,1.84,NaN
35371,1,18.5,-2.26,6.03,18.5,-2.26,8.62,1
35374,0,0,0,12.46,30.75,-3.75,14.33,NaN
35374,0,0,0,5.83,30.75,-3.75,14.33,NaN
35375,0,0,0,12.61,30.75,-3.75,14.33,NaN
35376,0,0,0,8.02,30.75,-3.75,14.33,NaN
35381,0,0,0,7.58,18.7,-0.92,7.18,NaN
35382,0,0,0,3.08,18.7,-0.92,7.18,NaN
35382,1,0.93,0.36,0.12,0.93,-0.05,0.36,1
35383,1,0.93,0.36,0.14,0.93,-0.05,0.36,1
35383,0,0,0,0.13,0.93,-0.05,0.36,NaN
35384,1,0.63,0.202276844365192,0.07,0.63,-0.03,0.24,0.842820184854968
35384,0,0,0,0.1,0.63,-0.03,0.24,NaN
35385,1,0.63,0.127122130277779,0.2,0.63,-0.03,0.24,0.529675542824078
35385,1,0.5,0.102206101327161,0.18,0.5,-0.02,0.19,0.537926849090322
35386,0,0,0,0.16,0.5,-0.02,0.19,NaN
35391,0,0,0,13.31,40,-1.96,15.36,NaN
35391,1,39.99,-1.96,10.85,40,-1.96,15.36,1
35395,1,284,97.2440257607523,110.51,977.53,-119.26,455.53,0.213474470969535
35396,1,346.79,96.4874111491656,346.64,977.53,-119.26,455.53,0.21181351645153
35397,0,0,0,473.99,977.53,-119.26,455.53,NaN
35403,1,152.48,-18.6,18.44,152.5,-18.6,71.07,1
35404,1,152.48,-18.6,24.76,152.5,-18.6,71.07,1
35405,1,152.48,-18.6,39.26,152.5,-18.6,71.07,1
35406,1,152.48,-12.0112499927116,49.13,152.5,-18.6,71.07,0.64576612864041
35410,1,341.77,99.5907913821333,341.65,807.5,-98.51,376.29,0.264664996099108
35412,0,0,0,20.1,68.9,-8.41,32.11,NaN
35417,1,8.17,3.14,2.36,8.17,-0.4,3.14,1
35417,1,8.17,3.14,1.3,8.17,-0.4,3.14,1
35418,1,8.17,3.14,4.06,8.17,-0.4,3.14,1
35425,1,131.98,-19.01,18.33,132,-19.01,28.12,1
35426,1,131.98,20.0589014630741,13.63,132,-19.01,28.12,0.713332199967075
35430,1,234.22,-77.7799602466011,121.71,684,-83.45,318.74,0.932054646454178
35431,1,247.02,-77.9981065343857,137.7,684,-83.45,318.74,0.934668742173586
35438,1,211.09,20.425627283009,92.79,684,-83.45,318.74,0.0640824097477851
35439,1,196.56,21.3023048563023,196.46,684,-83.45,318.74,0.0668328570505813
35440,0,0,0,340.16,684,-83.45,318.74,NaN
35444,1,219.57,73.70432610355,66.86,219.6,-26.79,102.33,0.720261175643018
35445,1,219.57,69.8090286545343,33.92,219.6,-26.79,102.33,0.682195139788276
35450,1,25.5,-1.25,10.67,25.5,-1.25,9.79,1
35450,1,25.5,-1.25,4.44,25.5,-1.25,9.79,1
35451,1,25.5,-1.25,7.99,25.5,-1.25,9.79,1
35451,1,25.5,-1.25,2.72,25.5,-1.25,9.79,1
35452,1,1.03,-0.05,0.15,1.03,-0.05,0.4,1
35452,1,1.03,-0.05,0.21,1.03,-0.05,0.4,1
35453,0,0,0,0.46,1.03,-0.05,0.4,NaN
35453,0,0,0,0.25,1.03,-0.05,0.4,NaN
35454,1,1.03,-0.05,0.33,1.03,-0.05,0.4,1
35455,1,1.03,0.000942336602983204,0.24,1.03,-0.05,0.4,0.00235584150745801
35460,0,0,0,17.49,66,-9.5,14.06,NaN
35465,1,262.09,84.7382967549657,189.02,554.13,-67.6,258.23,0.328150473434402
35466,1,170.04,85.063242220359,169.96,554.13,-67.6,258.23,0.329408830191531
35467,1,270.87,84.7380059609631,270.79,554.13,-67.6,258.23,0.328149347329757
35471,1,287.56,25.0211487449556,287.44,816.3,-99.59,380.4,0.0657758904967287
35472,1,157.35,25.2055783218388,157.23,816.3,-99.59,380.4,0.0662607211404805
35479,1,179.07,-70.27,79.77,576,-70.27,268.42,1
35480,1,223.51,-70.27,135.32,576,-70.27,268.42,1
35485,1,95.69,24.519975542194,23.78,95.7,-11.68,44.6,0.549775236372063
35488,0,0,0,2.17,4.8,-0.24,1.84,NaN
35488,1,4.8,1.84,2.29,4.8,-0.24,1.84,1
35488,0,0,0,0.8,4.8,-0.24,1.84,NaN
35490,1,97.59,20.79,43.13,97.6,-14.05,20.79,1
35493,1,21,2.5276404324285,5.07,21,-1.03,8.06,0.313603031318672
35494,1,21,2.5276404324285,6.62,21,-1.03,8.06,0.313603031318672
35502,0,0,0,45.03,100.5,-14.47,21.41,NaN
35509,1,86.49,-9.6,23.31,86.5,-9.6,44.03,1
35510,1,86.49,-9.6,23.99,86.5,-9.6,44.03,1
35511,1,86.49,-9.6,30.83,86.5,-9.6,44.03,1
35512,1,86.49,-9.6,10.8,86.5,-9.6,44.03,1
35513,1,86.49,-9.6,31.22,86.5,-9.6,44.03,1
35514,1,86.49,-9.6,30.99,86.5,-9.6,44.03,1
35520,1,171.98,-5.46879001061756,21.89,172,-19.09,87.55,0.286474070750003
35521,1,171.98,-2.42204072628228,72.85,172,-19.09,87.55,0.126874841607244
35527,1,322.74,-121.514128010785,322.55,1300,-158.6,605.8,0.766167263624115
35531,1,237.47,-27.3658823571562,27.57,237.5,-28.98,110.68,0.944302358770056
35532,1,237.47,-24.2748119017565,60.08,237.5,-28.98,110.68,0.837640162241425
35533,1,237.47,-28.98,67.72,237.5,-28.98,110.68,1
35536,1,56.99,19.1048458485685,9.03,57,-6.33,29.01,0.658560697985817
35536,0,0,0,12.23,57,-6.33,29.01,NaN
35536,1,56.99,19.1048458485685,12.74,57,-6.33,29.01,0.658560697985817
35536,1,56.99,19.1048458485685,16.46,57,-6.33,29.01,0.658560697985817
35536,1,56.99,19.1048458485685,28.1,57,-6.33,29.01,0.658560697985817
35536,1,56.99,19.1048458485685,25.08,57,-6.33,29.01,0.658560697985817
36818,1,28.7,1.68789053773775,13.36,28.7,-3.5,13.37,0.126244617631844
36822,0,0,0,2.99,23.7,-1.16,9.1,NaN
36822,1,23.7,8.34600217655318,9.17,23.7,-1.16,9.1,0.917143096324526
36825,1,6.12,2.85,1.28,6.12,-0.75,2.85,1
36825,1,6.12,2.85,2.15,6.12,-0.75,2.85,1
36825,1,6.12,2.85,1.34,6.12,-0.75,2.85,1
36825,1,6.12,2.85,2.26,6.12,-0.75,2.85,1
36825,1,6.12,2.85,3.01,6.12,-0.75,2.85,1
36832,1,197.43,89.7641121820093,56.15,409.27,-49.93,190.72,0.470659145249629
36833,1,153.15,89.9286933779826,89.08,409.27,-49.93,190.72,0.471522091956704
36834,1,218.31,89.9514287979676,170.53,409.27,-49.93,190.72,0.471641300324914
36835,1,207.06,89.1727340181185,72.2,409.27,-49.93,190.72,0.467558378870168
36836,1,221.51,89.8231694898028,96.28,409.27,-49.93,190.72,0.470968799757775
36837,1,197.78,89.6241225915303,56.73,409.27,-49.93,190.72,0.469925139427068
36840,1,19.5,9.93,3.98,19.5,-2.16,9.93,1
36842,1,81.59,32.50061455174,14.83,81.6,-9.06,41.53,0.782581616945341
36842,1,81.59,32.50061455174,24.13,81.6,-9.06,41.53,0.782581616945341
36842,1,81.59,32.50061455174,36.15,81.6,-9.06,41.53,0.782581616945341
36842,1,81.59,32.50061455174,30.34,81.6,-9.06,41.53,0.782581616945341
36842,1,81.59,32.50061455174,35.94,81.6,-9.06,41.53,0.782581616945341
36842,1,81.59,32.50061455174,25.43,81.6,-9.06,41.53,0.782581616945341
36848,1,1.3,0.61,0.29,1.3,-0.16,0.61,1
36852,1,238.27,37.7936499434604,114.86,238.3,-26.45,121.29,0.311597410697176
36853,1,238.27,38.3553010030237,78.36,238.3,-26.45,121.29,0.316228056748484
36854,1,238.27,37.9624904265621,41.51,238.3,-26.45,121.29,0.312989450297321
36859,1,23.4,-1.15,8.18,23.4,-1.15,8.99,1
36859,1,23.4,-1.15,11.7,23.4,-1.15,8.99,1
36860,1,23.4,8.99,11.66,23.4,-1.15,8.99,1
36863,0,0,0,0.71,1.8,-0.22,0.84,NaN
36874,1,194.05,103.959726108603,193.95,660.6,-80.59,307.84,0.337707010487926
36880,1,175.07,263.246622771603,174.98,610.2,-74.44,284.35,0.925783797332874
36881,1,207.59,262.790072864985,106.87,610.2,-74.44,284.35,0.924178205960912
36882,0,0,0,276.76,610.2,-74.44,284.35,NaN
36883,0,0,0,274.6,610.2,-74.44,284.35,NaN
36887,0,0,0,0.3,1.8,-0.22,0.84,NaN
36892,1,245.6,463.105815755097,245.41,1300,-158.6,605.8,0.764453310919606
36893,1,170.51,463.893325222999,170.32,1300,-158.6,605.8,0.765753260519972
36900,1,230.37,56.3703011843576,54.35,230.4,-25.57,117.27,0.480688165637909
36901,1,230.37,56.4949600235476,84.22,230.4,-25.57,117.27,0.481751172708686
36902,1,230.37,67.2547314781085,73.35,230.4,-25.57,117.27,0.573503295626405
36903,1,230.37,56.5865363072096,76.88,230.4,-25.57,117.27,0.482532073908158
36906,1,4,0,0.69,4,0,0,NaN
36908,0,0,0,0.29,2,-0.24,0.93,NaN
36911,1,2.6,1.21,0.49,2.6,-0.32,1.21,1
36918,1,214.67,52.3078734932707,47.66,214.7,-23.83,109.28,0.4786591644699
36919,1,214.67,52.5229146113462,76.5,214.7,-23.83,109.28,0.480626963866638
36920,1,214.67,59.6070036608129,92.65,214.7,-23.83,109.28,0.545452083279767
36921,1,214.67,52.3958799025124,75.07,214.7,-23.83,109.28,0.479464493983459
36922,1,214.67,52.3410539532353,30.96,214.7,-23.83,109.28,0.478962792397834
36923,1,214.67,52.7021467769842,97.91,214.7,-23.83,109.28,0.482267082512667
36926,1,16.3,8.3,7.59,16.3,-1.81,8.3,1
36928,1,2.7,1.26,0.93,2.7,-0.33,1.26,1
36928,1,2.7,1.26,0.78,2.7,-0.33,1.26,1
36928,1,2.7,1.26,0.93,2.7,-0.33,1.26,1
36928,1,2.7,1.26,1.1,2.7,-0.33,1.26,1
36931,1,32.6,16.59,15.87,32.6,-3.62,16.59,1
36935,1,18.15,8.46,8.87,18.15,-2.21,8.46,1
36936,1,18.15,8.46,4.84,18.15,-2.21,8.46,1
36939,0,0,0,0.72,1.8,-0.22,0.84,NaN
36939,0,0,0,0.26,1.8,-0.22,0.84,NaN
36939,0,0,0,0.26,1.8,-0.22,0.84,NaN
36939,0,0,0,0.68,1.8,-0.22,0.84,NaN
36940,0,0,0,0.87,1.8,-0.22,0.84,NaN
36941,0,0,0,0.61,1.8,-0.22,0.84,NaN
36948,1,226.07,83.9508781791104,35.58,226.1,-25.1,115.08,0.729500157969329
36949,1,226.07,106.05072327507,56.18,226.1,-25.1,115.08,0.921539131691604
36950,1,226.07,84.3157475701902,39.69,226.1,-25.1,115.08,0.732670729667972
36953,1,1.1,-0.05,0.45,1.1,-0.05,0.42,1
36953,1,1.1,-0.05,0.13,1.1,-0.05,0.42,1
36956,0,0,0,0.26,1.8,-0.22,0.84,NaN
36956,1,0.6,0.28,0.14,0.6,-0.07,0.28,1
36957,1,0.6,0.28,0.12,0.6,-0.07,0.28,1
36962,0,0,0,168.83,576.43,-70.32,268.62,NaN
36963,1,185.46,95.911840940028,185.37,576.43,-70.32,268.62,0.357053983098906
36964,1,169,94.2210462980599,168.92,576.43,-70.32,268.62,0.350759609478296
36968,1,2.6,1,1.29,2.6,-0.13,1,1
36969,1,2.6,1,0.63,2.6,-0.13,1,1
36974,1,12.5,5.82,5.94,12.5,-1.53,5.82,1
36976,1,1.1,0.51,0.2,1.1,-0.13,0.51,1
36976,1,14,6.52,5.52,14,-1.71,6.52,1
36979,1,21.3,3.29663645879291,3.28,21.3,-2.6,9.93,0.331987558790826
36979,1,21.3,3.29663645879291,5.52,21.3,-2.6,9.93,0.331987558790826
36982,1,97.92,49.85,10.91,97.93,-10.87,49.85,1
36982,1,97.92,49.85,46.6,97.93,-10.87,49.85,1
36982,1,97.92,49.85,35.92,97.93,-10.87,49.85,1
36988,0,0,0,11.61,27.2,-3.32,12.68,NaN
36991,0,0,0,0.79,7.5,-0.92,3.49,NaN
36996,1,106.19,19.6828691868673,37.26,106.2,-12.96,49.49,0.39771406722302
36999,1,93.99,-10.43,16.86,94,-10.43,47.85,1
36999,1,93.99,-10.43,16.67,94,-10.43,47.85,1
36999,1,93.99,-10.43,43.75,94,-10.43,47.85,1
36999,1,93.99,-10.43,40.49,94,-10.43,47.85,1
37003,1,3.6,1.68,0.77,3.6,-0.44,1.68,1
37005,0,0,0,0.35,1,-0.12,0.47,NaN
37005,0,0,0,0.27,1,-0.12,0.47,NaN
37007,1,20.91,-2.32,5.65,20.92,-2.32,10.65,1
37008,1,20.91,10.65,4.78,20.92,-2.32,10.65,1
37008,1,20.91,10.65,2.7,20.92,-2.32,10.65,1
37008,1,20.91,10.65,5.42,20.92,-2.32,10.65,1
37011,1,20.91,-2.32,9.33,20.92,-2.32,10.65,1
37012,1,20.91,-2.32,6.68,20.92,-2.32,10.65,1
37016,1,2.7,-0.33,1.28,2.7,-0.33,1.26,1
37016,1,2.7,-0.33,0.71,2.7,-0.33,1.26,1
37016,1,2.7,-0.33,0.77,2.7,-0.33,1.26,1
37016,1,2.7,-0.33,1.1,2.7,-0.33,1.26,1
37016,1,2.7,-0.33,0.9,2.7,-0.33,1.26,1
37022,1,195.47,8.67674034541453,34.62,195.5,-21.7,99.51,0.0871946572747918
37023,1,195.47,15.6187525267695,74.2,195.5,-21.7,99.51,0.156956612669777
37024,1,195.47,7.65849491580832,86.75,195.5,-21.7,99.51,0.0769620632680969
37025,1,195.47,8.01787027007003,29.12,195.5,-21.7,99.51,0.0805735129139788
37026,1,195.47,15.1389327424783,49.24,195.5,-21.7,99.51,0.152134787885421
37034,1,217.27,101.26,27.9,217.3,-26.51,101.26,1
37035,1,217.27,99.8639674937945,107.76,217.3,-26.51,101.26,0.986213386270932
37036,1,217.27,99.5339742372961,57.58,217.3,-26.51,101.26,0.982954515477939
37037,1,217.27,99.6827356340747,33.47,217.3,-26.51,101.26,0.984423618744566
37038,1,217.27,99.8012576577441,108.21,217.3,-26.51,101.26,0.985594091030457
37042,1,2.7,-0.33,0.32,2.7,-0.33,1.26,1
37043,1,2.7,-0.33,0.36,2.7,-0.33,1.26,1
37043,1,2.7,-0.33,1.01,2.7,-0.33,1.26,1
37044,1,2.7,-0.33,1.27,2.7,-0.33,1.26,1
37045,1,2.7,-0.33,1.35,2.7,-0.33,1.26,1
37048,1,11,-1.22,2.22,11,-1.22,5.6,1
37055,1,113.85,57.96,49.69,113.87,-12.64,57.96,1
37056,1,113.85,57.96,15.77,113.87,-12.64,57.96,1
37057,1,113.85,57.96,32.9,113.87,-12.64,57.96,1
37058,1,113.85,57.96,14.34,113.87,-12.64,57.96,1
37059,1,113.85,57.96,55.07,113.87,-12.64,57.96,1
37060,1,113.85,57.96,12.96,113.87,-12.64,57.96,1
37063,1,58.99,-6.55,18.45,59,-6.55,30.03,1
37063,1,58.99,-6.55,19.3,59,-6.55,30.03,1
37063,1,58.99,-6.55,21.03,59,-6.55,30.03,1
37063,1,58.99,-6.55,16.66,59,-6.55,30.03,1
37067,0,0,0,0.25,1.4,-0.17,0.65,NaN
37067,0,0,0,0.47,1.4,-0.17,0.65,NaN
37071,1,68.99,24.3416552760278,13.24,69,-8.42,32.15,0.757127691322795
37072,1,68.99,19.4566224667961,22.64,69,-8.42,32.15,0.605182658376241
37073,1,68.99,24.6231098658953,11.05,69,-8.42,32.15,0.765882110914316
37074,1,68.99,19.7784757514267,10.16,69,-8.42,32.15,0.615193647011717
37075,1,68.99,17.763542538799,11.4,69,-8.42,32.15,0.55252076325969
37081,1,220.46,292.09,220.37,626.8,-76.47,292.09,1
37082,0,0,0,260.09,626.8,-76.47,292.09,NaN
37083,1,190.04,292.09,80.78,626.8,-76.47,292.09,1
37089,1,27.65,-3.07,3.21,27.65,-3.07,14.07,1
37090,1,27.65,-3.07,13.1,27.65,-3.07,14.07,1
37092,1,27.65,12.5347533627836,5.69,27.65,-3.07,14.07,0.890885100411061
37092,1,27.65,12.5347533627836,5.43,27.65,-3.07,14.07,0.890885100411061
37095,0,0,0,0.51,1.5,0,0,NaN
37098,1,1.8,0,0.35,1.8,0,0,NaN
37099,1,1.1,0,0.37,1.1,0,0,NaN
37103,0,0,0,0.22,2,-0.24,0.93,NaN
37105,1,3.4,0.72,1.27,3.4,-0.49,0.72,1
37107,1,1.3,0.61,0.24,1.3,-0.16,0.61,1
37107,1,1.3,0.61,0.29,1.3,-0.16,0.61,1
37107,1,1.3,0.61,0.36,1.3,-0.16,0.61,1
37107,0,0,0,0.48,1.3,-0.16,0.61,NaN
37107,0,0,0,0.55,1.3,-0.16,0.61,NaN
37107,0,0,0,0.46,1.3,-0.16,0.61,NaN
37113,1,93.99,34.9244470563647,43.05,94,-10.43,47.85,0.729873501700411
37114,1,93.99,22.7538357047905,46.19,94,-10.43,47.85,0.475524257153407
37115,1,93.99,30.2316243150076,15.85,94,-10.43,47.85,0.631799881191382
37116,1,93.99,39.5634432007287,30.29,94,-10.43,47.85,0.826822219450965
37117,1,93.99,23.125411659549,33.52,94,-10.43,47.85,0.483289689854733
37118,1,93.99,29.1000303709161,35.39,94,-10.43,47.85,0.608151104930325
37122,1,13.75,-1.68,1.52,13.75,-1.68,6.41,1
37122,1,13.75,-1.68,3.29,13.75,-1.68,6.41,1
37128,0,0,0,1.2,2.5,-0.3,1.16,NaN
37129,0,0,0,1.21,2.5,-0.3,1.16,NaN
37129,0,0,0,1.07,2.5,-0.3,1.16,NaN
37132,0,0,0,0.51,2.5,-0.3,1.16,NaN
37132,0,0,0,0.43,2.5,-0.3,1.16,NaN
37132,0,0,0,0.36,2.5,-0.3,1.16,NaN
37132,0,0,0,0.63,2.5,-0.3,1.16,NaN
37132,0,0,0,1.13,2.5,-0.3,1.16,NaN
37134,1,2.7,1.26,0.63,2.7,-0.33,1.26,1
37134,1,2.7,1.26,0.9,2.7,-0.33,1.26,1
37134,1,2.7,1.26,1.09,2.7,-0.33,1.26,1
37134,1,2.7,1.26,0.69,2.7,-0.33,1.26,1
37137,1,32,-3.55,7.81,32,-3.55,16.29,1
37141,1,58.24,25.2140998967846,12.44,58.25,-6.47,29.65,0.850391227547542
37142,1,58.24,23.3351969481521,7,58.25,-6.47,29.65,0.787021819499229
37145,0,0,0,0.61,1.8,-0.22,0.84,NaN
37145,0,0,0,0.79,1.8,-0.22,0.84,NaN
37145,0,0,0,0.26,1.8,-0.22,0.84,NaN
37149,1,205.09,60.8607567454752,53.83,305.88,-37.32,142.54,0.42697317767276
37150,1,216.67,60.8328930663141,82.8,305.88,-37.32,142.54,0.426777697953656
37151,1,207.09,62.0670361257113,58.83,305.88,-37.32,142.54,0.435435920623764
37152,1,165.62,61.6106266617781,72.07,305.88,-37.32,142.54,0.43223394599255
37153,0,0,0,132.77,305.88,-37.32,142.54,NaN
38153,1,29,13.51,8.89,29,-3.54,13.51,1
38155,1,24.75,12.6,2.87,24.75,-2.75,12.6,1
38156,1,24.75,-2.75,10.65,24.75,-2.75,12.6,1
38160,1,16,8.14,7.88,16,-1.78,8.14,1
38161,1,16,8.14,3.19,16,-1.78,8.14,1
38165,1,19,8.85,9.45,19,-2.32,8.85,1
38171,1,84.99,43.26,31.18,85,-9.44,43.26,1
38172,1,84.99,43.26,40.43,85,-9.44,43.26,1
38173,1,84.99,43.26,36.06,85,-9.44,43.26,1
38174,1,84.99,43.26,31.11,85,-9.44,43.26,1
38175,1,84.99,43.26,42.21,85,-9.44,43.26,1
38178,1,4.5,-0.65,1.39,4.5,-0.65,0.96,1
38184,0,0,0,150.47,383,-46.73,178.48,NaN
38185,1,208.71,178.48,92.46,383,-46.73,178.48,1
38189,1,24.75,-2.75,7.49,24.75,-2.75,12.6,1
38189,1,24.75,-2.75,10.47,24.75,-2.75,12.6,1
38192,0,0,0,0.22,1.17,-0.13,0.6,NaN
38193,0,0,0,0.24,1.17,-0.13,0.6,NaN
38195,0,0,0,0.19,1.17,-0.13,0.6,NaN
38196,0,0,0,0.13,1.17,-0.13,0.6,NaN
38203,1,197.97,87.9170272084068,82.5,198,-21.98,100.78,0.872365818698222
38204,1,197.97,84.4250923218844,48.49,198,-21.98,100.78,0.837716732703755
38205,1,197.97,100.78,51.31,198,-21.98,100.78,1
38209,0,0,0,0.79,1.7,0,0,NaN
38210,1,3.5,0,1.15,3.5,0,0,NaN
38216,1,925.07,16.5713761010449,173.16,925.2,-75.87,340.47,0.0486720595090459
38220,0,0,0,0.41,1.8,-0.22,0.84,NaN
38220,0,0,0,0.76,1.8,-0.22,0.84,NaN
38221,1,0.6,-0.07,0.21,0.6,-0.07,0.28,1
38222,1,0.6,-0.07,0.16,0.6,-0.07,0.28,1
38222,1,0.6,-0.07,0.08,0.6,-0.07,0.28,1
38223,1,0.6,-0.07,0.27,0.6,-0.07,0.28,1
38223,1,0.6,-0.07,0.12,0.6,-0.07,0.28,1
38224,1,0.6,-0.07,0.3,0.6,-0.07,0.28,1
38227,1,5.4,2.52,1.22,5.4,-0.66,2.52,1
38230,0,0,0,0.46,1.8,-0.22,0.84,NaN
38230,0,0,0,0.6,1.8,-0.22,0.84,NaN
38231,0,0,0,0.29,1.8,-0.22,0.84,NaN
38235,1,16,-1.95,1.93,16,-1.95,7.46,1
38235,1,2,-0.24,0.71,2,-0.24,0.93,1
38238,0,0,0,0.11,1,-0.12,0.47,NaN
38238,1,2.32,1.08,1.15,2.33,-0.28,1.08,1
38238,1,2.32,1.08,0.31,2.33,-0.28,1.08,1
38238,1,2.32,1.08,0.31,2.33,-0.28,1.08,1
38238,1,2.32,1.08,1.03,2.33,-0.28,1.08,1
38241,1,32,14.91,11.27,32,-3.9,14.91,1
38241,1,2,0.93,0.26,2,-0.24,0.93,1
38244,1,12.26,-1.36,3.24,12.27,-1.36,6.24,1
38244,1,12.26,-1.36,1.55,12.27,-1.36,6.24,1
38245,1,12.26,0.62612985129093,2.28,12.27,-1.36,6.24,0.100341322322264
38249,1,2,-0.24,0.54,2,-0.24,0.93,1
38249,1,2,-0.24,0.9,2,-0.24,0.93,1
38250,0,0,0,0.59,1.8,-0.22,0.84,NaN
38250,0,0,0,0.85,1.8,-0.22,0.84,NaN
38251,0,0,0,0.86,1.8,-0.22,0.84,NaN
38252,0,0,0,0.63,1.8,-0.22,0.84,NaN
38252,0,0,0,0.27,1.8,-0.22,0.84,NaN
38253,0,0,0,0.25,1.8,-0.22,0.84,NaN
38259,1,171.98,46.1838975285039,57.44,172,-19.09,87.55,0.527514534877257
38260,1,171.98,55.2777624161776,70.9,172,-19.09,87.55,0.631385064719333
38261,1,171.98,61.1747158861359,58.49,172,-19.09,87.55,0.698740329938731
38262,1,171.98,60.8261791920974,60.15,172,-19.09,87.55,0.694759328293516
38265,0,0,0,0.51,1.8,-0.22,0.84,NaN
38265,0,0,0,0.41,1.8,-0.22,0.84,NaN
38265,0,0,0,0.49,1.8,-0.22,0.84,NaN
38268,0,0,0,0.58,1.8,-0.22,0.84,NaN
38268,0,0,0,0.28,1.8,-0.22,0.84,NaN
38269,0,0,0,0.32,1.8,-0.22,0.84,NaN
38273,1,4.4,2.05,2.01,4.4,-0.54,2.05,1
38274,1,4.4,2.05,1.55,4.4,-0.54,2.05,1
38279,1,6.6,-0.73,2.35,6.6,-0.73,3.36,1
38279,1,6.6,-0.73,2.75,6.6,-0.73,3.36,1
38282,1,16,8.14,2.22,16,-1.78,8.14,1
38289,1,24.75,12.6,12.09,24.75,-2.75,12.6,1
38289,1,24.75,12.6,3.44,24.75,-2.75,12.6,1
38294,0,0,0,66.74,256,-31.23,119.3,NaN
38298,1,4.35,-0.48,1.24,4.35,-0.48,2.21,1
38299,1,4.35,-0.48,1.86,4.35,-0.48,2.21,1
38301,1,4.35,2.21,1.8,4.35,-0.48,2.21,1
38301,1,4.35,2.21,1.02,4.35,-0.48,2.21,1
38302,0,0,0,1.68,4.35,-0.48,2.21,NaN
38303,1,4.35,2.21,1.29,4.35,-0.48,2.21,1
38306,1,2,1.02,0.46,2,-0.22,1.02,1
38306,1,2,1.02,0.41,2,-0.22,1.02,1
38306,1,2,1.02,0.65,2,-0.22,1.02,1
38306,1,2,1.02,0.27,2,-0.22,1.02,1
38306,1,2,1.02,1,2,-0.22,1.02,1
38309,1,13.37,-1.63,3.92,13.38,-1.63,6.23,1
38309,0,0,0,4.52,13.38,-1.63,6.23,NaN
38310,1,13.37,-1.63,6.03,13.38,-1.63,6.23,1
38311,1,13.37,-1.63,4.99,13.38,-1.63,6.23,1
38318,1,122.98,57.32,54.46,123,-15.01,57.32,1
38319,1,122.98,57.32,15.91,123,-15.01,57.32,1
38320,1,122.98,57.32,13.45,123,-15.01,57.32,1
38324,1,3,-0.37,0.81,3,-0.37,1.4,1
38324,0,0,0,0.9,1.8,-0.22,0.84,NaN
38325,1,1.8,-0.22,0.68,1.8,-0.22,0.84,1
38329,1,1.8,0.84,0.8,1.8,-0.22,0.84,1
38329,1,1.8,0.84,0.2,1.8,-0.22,0.84,1
38330,1,1.8,0.84,0.85,1.8,-0.22,0.84,1
38333,1,65.29,30.43,21.55,65.3,-7.97,30.43,1
38333,1,65.29,30.43,31.49,65.3,-7.97,30.43,1
38336,1,15,6.99,5.15,15,-1.83,6.99,1
38341,1,1311.42,482.67,372.43,1311.6,-107.55,482.67,1
38345,1,1.8,0.84,0.45,1.8,-0.22,0.84,1
38346,1,1.8,0.84,0.88,1.8,-0.22,0.84,1
38348,1,2.5,-0.3,0.9,2.5,-0.3,1.16,1
38348,1,1.8,-0.22,0.62,1.8,-0.22,0.84,1
38349,1,1.8,-0.22,0.53,1.8,-0.22,0.84,1
38349,1,1.8,-0.22,0.51,1.8,-0.22,0.84,1
38350,1,1.8,-0.22,0.73,1.8,-0.22,0.84,1
38353,1,1.8,-0.22,0.8,1.8,-0.22,0.84,1
38353,1,1.8,-0.22,0.43,1.8,-0.22,0.84,1
38353,1,1.8,-0.22,0.75,1.8,-0.22,0.84,1
38353,1,1.8,-0.22,0.54,1.8,-0.22,0.84,1
38353,1,1.8,-0.22,0.29,1.8,-0.22,0.84,1
38353,1,1.8,-0.22,0.53,1.8,-0.22,0.84,1
38357,0,0,0,37.93,246.5,-27.36,125.47,NaN
38358,1,246.47,74.315119914111,61.58,246.5,-27.36,125.47,0.592293934120594
38359,1,246.47,74.3821509045242,119.44,246.5,-27.36,125.47,0.592828173304568
38363,1,150.48,70.13,71.76,150.5,-18.36,70.13,1
38366,1,1.8,0.84,0.35,1.8,-0.22,0.84,1
38367,1,1.8,0.84,0.35,1.8,-0.22,0.84,1
38369,1,1.8,0.84,0.23,1.8,-0.22,0.84,1
38373,1,255.96,119.3,101.55,256,-31.23,119.3,1
38376,0,0,0,0.2,1.5,-0.18,0.7,NaN
38376,1,16.9,-2.06,2.34,16.9,-2.06,7.88,1
38376,1,16.9,-2.06,4.47,16.9,-2.06,7.88,1
38376,1,16.9,-2.06,1.72,16.9,-2.06,7.88,1
38376,0,0,0,3.72,16.9,-2.06,7.88,NaN
38376,1,16.9,-2.06,7.64,16.9,-2.06,7.88,1
38379,0,0,0,0.59,1.5,-0.22,0.32,NaN
38379,1,1.5,0.32,0.59,1.5,-0.22,0.32,1
38379,1,1.5,0.32,0.56,1.5,-0.22,0.32,1
38381,1,6,2.8,0.95,6,-0.73,2.8,1
38384,1,5.4,2.52,0.71,5.4,-0.66,2.52,1
38386,1,2,0.93,0.75,2,-0.24,0.93,1
38386,1,2,0.93,0.72,2,-0.24,0.93,1
38386,1,2,0.93,0.38,2,-0.24,0.93,1
38388,1,2.1,0,0.35,2.1,0,0,NaN
38388,1,8,0,3.42,8,0,0,NaN
38390,1,86.99,36.6308608009148,30.73,87,-9.66,44.28,0.827255212306116
38390,1,86.99,36.6308608009148,35.69,87,-9.66,44.28,0.827255212306116
38390,1,86.99,36.6308608009148,19.64,87,-9.66,44.28,0.827255212306116
38390,1,86.99,36.6308608009148,34.58,87,-9.66,44.28,0.827255212306116
38390,1,86.99,36.6308608009148,13.2,87,-9.66,44.28,0.827255212306116
38395,1,27,12.58,6.85,27,-3.29,12.58,1
38399,1,1.84,-0.2,0.26,1.84,-0.2,0.94,1
38399,1,1.84,-0.2,0.3,1.84,-0.2,0.94,1
38400,1,1.84,-0.2,0.61,1.84,-0.2,0.94,1
38400,1,1.84,-0.2,0.23,1.84,-0.2,0.94,1
38401,1,1.84,-0.2,0.89,1.84,-0.2,0.94,1
38405,1,10,0,2.42,10,0,0,NaN
38406,1,2,0,0.48,2,0,0,NaN
38407,1,1,0,0.16,1,0,0,NaN
38410,1,1.8,0.38,0.76,1.8,-0.26,0.38,1
38410,0,0,0,0.19,1.8,-0.26,0.38,NaN
38410,1,1.8,0.38,0.43,1.8,-0.26,0.38,1
38410,1,2.5,0.53,0.32,2.5,-0.36,0.53,1
38411,1,1,0.21,0.17,1,-0.14,0.21,1
38412,1,1.8,0.38,0.38,1.8,-0.26,0.38,1
38416,1,32,16.29,7.84,32,-3.55,16.29,1
38419,1,98.99,-14.26,41.02,99,-14.26,21.09,1
38421,1,9,4.19,3.31,9,-1.1,4.19,1
39183,1,4.8,-0.24,1.78,4.8,-0.24,1.84,1
39183,0,0,0,1.89,4.8,-0.24,1.84,NaN
39186,1,2.7,-0.33,0.94,2.7,-0.33,1.26,1
39187,1,2.7,-0.33,1.17,2.7,-0.33,1.26,1
39189,1,2.7,1.26,0.67,2.7,-0.33,1.26,1
39190,1,2.7,1.26,0.67,2.7,-0.33,1.26,1
39190,1,2.7,1.26,1.25,2.7,-0.33,1.26,1
39194,0,0,0,0.25,2,-0.1,0.77,NaN
39195,0,0,0,0.21,2,-0.1,0.77,NaN
39196,1,1.5,-0.07,0.73,1.5,-0.07,0.58,1
39196,1,0.5,-0.02,0.22,0.5,-0.02,0.19,1
39197,0,0,0,0.1,0.5,-0.02,0.19,NaN
39197,1,0.5,0.19,0.13,0.5,-0.02,0.19,1
39198,0,0,0,0.09,0.5,-0.02,0.19,NaN
39199,0,0,0,0.13,0.45,-0.02,0.17,NaN
39199,1,0.45,0.17,0.12,0.45,-0.02,0.17,1
39200,1,0.45,0.17,0.1,0.45,-0.02,0.17,1
39200,1,0.45,0.17,0.06,0.45,-0.02,0.17,1
39201,1,0.4,0.15,0.09,0.4,-0.02,0.15,1
39201,1,0.4,0.15,0.2,0.4,-0.02,0.15,1
39202,0,0,0,0.17,0.4,-0.02,0.15,NaN
39206,1,100.29,12.4717326365124,25.06,100.3,-14.44,21.36,0.583882614068933
39210,1,68.99,35.12,32.74,69,-7.66,35.12,1
39211,1,68.99,35.12,28.74,69,-7.66,35.12,1
39212,1,68.99,35.12,10.4,69,-7.66,35.12,1
39215,1,6.97,2.68,2.53,6.97,-0.34,2.68,1
39216,1,6.97,2.68,0.83,6.97,-0.34,2.68,1
39216,1,6.97,2.68,1.43,6.97,-0.34,2.68,1
39216,1,6.97,2.68,0.83,6.97,-0.34,2.68,1
39217,1,6.97,-0.34,1.18,6.97,-0.34,2.68,1
39218,1,6.97,-0.34,2.46,6.97,-0.34,2.68,1
39222,1,3,-0.15,1.07,3,-0.15,1.15,1
39222,0,0,0,0.96,3,-0.15,1.15,NaN
39222,1,3,-0.15,1.27,3,-0.15,1.15,1
39225,1,9.75,4.96,4.04,9.75,-1.08,4.96,1
39225,1,9.75,4.96,4.85,9.75,-1.08,4.96,1
39228,1,1.85,0.86,0.25,1.85,-0.23,0.86,1
39228,1,1.85,0.86,0.61,1.85,-0.23,0.86,1
39233,1,20,-2.22,5.04,20,-2.22,10.18,1
39233,1,20,-2.22,7.17,20,-2.22,10.18,1
39234,1,20,-2.22,8.11,20,-2.22,10.18,1
39237,1,22.6,-2.76,4.29,22.6,-2.76,10.53,1
39239,1,2.7,1.26,0.31,2.7,-0.33,1.26,1
39239,1,2.7,1.26,0.31,2.7,-0.33,1.26,1
39239,1,2.7,1.26,1.21,2.7,-0.33,1.26,1
39239,1,2.7,1.26,1.12,2.7,-0.33,1.26,1
39239,1,2.7,1.26,0.47,2.7,-0.33,1.26,1
39242,1,0.2,-0.01,0.07,0.2,-0.01,0.08,1
39243,0,0,0,0.05,0.2,-0.01,0.08,NaN
39245,0,0,0,0.42,1.2,-0.06,0.46,NaN
39245,1,1.2,-0.06,0.51,1.2,-0.06,0.46,1
39246,1,1.2,-0.06,0.59,1.2,-0.06,0.46,1
39250,1,110.98,19.4905364365888,18.87,111,-15.98,23.64,0.82447277650545
39252,1,20,-2.88,5.57,20,-2.88,4.26,1
39254,1,32,6.82,5.49,32,-4.61,6.82,1
39256,1,74.79,-10.77,14.71,74.8,-10.77,15.93,1
39259,1,329.75,-0.314032174055126,72.77,329.8,-16.16,126.64,0.0194326840380647
39260,0,0,0,130.82,329.8,-16.16,126.64,NaN
39261,1,329.75,-0.0679906566756289,93.63,329.8,-16.16,126.64,0.00420734261606614
39262,0,0,0,47.09,329.8,-16.16,126.64,NaN
39263,1,329.75,-0.532630093762157,130.93,329.8,-16.16,126.64,0.0329597830298364
39264,1,329.75,-0.176020641126193,67.86,329.8,-16.16,126.64,0.0108923664063238
39267,1,2,0.77,0.52,2,-0.1,0.77,1
39267,0,0,0,0.48,2,-0.1,0.77,NaN
39271,1,9.44,-1.15,3.99,9.44,-1.15,4.4,1
39272,1,9.44,-1.15,1.96,9.44,-1.15,4.4,1
39274,1,9.44,-1.15,4.18,9.44,-1.15,4.4,1
39274,1,9.44,-1.15,1.1,9.44,-1.15,4.4,1
39275,1,9.44,-1.15,2.39,9.44,-1.15,4.4,1
39282,1,22.6,10.53,11.21,22.6,-2.76,10.53,1
39286,0,0,0,2.56,6.2,-0.76,2.89,NaN
39289,1,23.4,-2.51205145390222,10.54,23.4,-2.6,11.91,0.96617363611624
39289,1,23.4,-2.51205145390222,9.57,23.4,-2.6,11.91,0.96617363611624
39289,1,23.4,-2.51205145390222,7.92,23.4,-2.6,11.91,0.96617363611624
39292,1,2.5,0.96,0.85,2.5,-0.12,0.96,1
39293,1,2.5,0.96,0.32,2.5,-0.12,0.96,1
39296,0,0,0,17,59.4,-8.55,12.65,NaN
39298,1,5.2,2.42,0.77,5.2,-0.63,2.42,1
39300,1,4.74,-0.23,0.64,4.74,-0.23,1.82,1
39300,1,4.74,-0.23,1.02,4.74,-0.23,1.82,1
39300,1,4.74,-0.23,0.53,4.74,-0.23,1.82,1
39300,1,4.74,-0.23,1.55,4.74,-0.23,1.82,1
39300,1,4.74,-0.23,0.9,4.74,-0.23,1.82,1
39303,1,3,-0.15,1.24,3,-0.15,1.15,1
39303,0,0,0,0.59,3,-0.15,1.15,NaN
39304,1,3,-0.15,1.36,3,-0.15,1.15,1
39307,1,1,-0.12,0.15,1,-0.12,0.47,1
39307,1,3,-0.37,1.29,3,-0.37,1.4,1
39307,1,3,-0.37,0.49,3,-0.37,1.4,1
39310,1,6,-0.29,1.12,6,-0.29,2.3,1
39311,1,6,-0.29,0.73,6,-0.29,2.3,1
39316,1,100.79,16.8293211905521,27.6,100.8,-14.52,21.47,0.783852873337314
39320,1,6.3,3.21,1.81,6.3,-0.7,3.21,1
39321,1,6.3,3.21,0.87,6.3,-0.7,3.21,1
39326,1,55.99,7.12460108839246,19.29,56,-8.06,11.93,0.597200426520743
39327,0,0,0,17.83,56,-8.06,11.93,NaN
39331,1,2.4,0.92,0.92,2.4,-0.12,0.92,1
39331,1,2.4,0.92,0.84,2.4,-0.12,0.92,1
39332,1,2.4,0.92,0.36,2.4,-0.12,0.92,1
39339,1,6.7,2.57,1.61,6.7,-0.33,2.57,1
39340,1,6.7,2.57,2.82,6.7,-0.33,2.57,1
39342,0,0,0,1.98,6.7,-0.33,2.57,NaN
39347,1,135.98,63.38,21.93,136,-16.59,63.38,1
39348,1,135.98,63.38,28.69,136,-16.59,63.38,1
39349,1,135.98,63.38,48.13,136,-16.59,63.38,1
39350,1,135.98,63.38,49.23,136,-16.59,63.38,1
39355,1,1.02,-0.12,0.5,1.02,-0.12,0.48,1
39355,1,1.02,-0.12,0.19,1.02,-0.12,0.48,1
39355,1,1.02,-0.12,0.17,1.02,-0.12,0.48,1
39355,0,0,0,0.16,1.02,-0.12,0.48,NaN
39355,0,0,0,0.4,1.02,-0.12,0.48,NaN
39358,1,74.79,10.2728384383841,14.84,74.8,-10.77,15.93,0.644873724945644
39361,1,25.83,-3.15,3.53,25.83,-3.15,12.04,1
39362,0,0,0,5.81,25.83,-3.15,12.04,NaN
39364,1,25.83,12.04,3.8,25.83,-3.15,12.04,1
39368,1,2.2,-0.11,0.61,2.2,-0.11,0.84,1
39369,1,2.2,-0.11,0.31,2.2,-0.11,0.84,1
39375,0,0,0,0.67,1.8,-0.26,0.38,NaN
39376,1,28,1.00205819726992,11.42,28,-4.03,5.96,0.168130570011732
39381,0,0,0,0.17,1.2,-0.13,0.61,NaN
39382,0,0,0,0.16,1.2,-0.13,0.61,NaN
39384,0,0,0,0.29,1.5,-0.17,0.76,NaN
39384,0,0,0,0.26,1.2,-0.13,0.61,NaN
39385,0,0,0,0.34,1.2,-0.13,0.61,NaN
39388,1,2.6,-0.13,1.11,2.6,-0.13,1,1
39388,1,2.6,-0.13,1.05,2.6,-0.13,1,1
39388,1,2.6,-0.13,0.53,2.6,-0.13,1,1
39391,1,2.22,0.85,0.37,2.23,-0.11,0.85,1
39391,1,2.22,0.85,0.98,2.23,-0.11,0.85,1
39392,1,2.22,0.85,0.62,2.23,-0.11,0.85,1
39392,1,2.22,0.85,0.54,2.23,-0.11,0.85,1
39395,1,1.6,0.61,0.46,1.6,-0.08,0.61,1
39395,1,1.6,0.61,0.27,1.6,-0.08,0.61,1
39395,1,1.7,0.65,0.7,1.7,-0.08,0.65,1
39395,1,1.7,0.65,0.69,1.7,-0.08,0.65,1
39395,1,2,0.77,0.33,2,-0.1,0.77,1
39395,0,0,0,1.6,4,-0.2,1.54,NaN
39395,1,4,1.54,1.99,4,-0.2,1.54,1
39398,1,16,-0.0831396236465803,6.78,16,-1.78,8.14,0.0467076537340339
39398,1,16,-0.0831396236465803,7.17,16,-1.78,8.14,0.0467076537340339
39399,1,16,0.15318472676557,5.19,16,-1.78,8.14,0.0188187625019128
39403,1,156.28,42.6154654679132,50.98,156.3,-19.07,72.84,0.585055813672614
39404,1,156.28,51.1328854336605,20.91,156.3,-19.07,72.84,0.70198909162082
39408,1,8.5,3.26,3.1,8.5,-0.42,3.26,1
39409,1,8.5,3.26,1.77,8.5,-0.42,3.26,1
39413,1,101.99,13.4356523113679,31.09,102,-14.69,21.73,0.618299692193644
39417,1,63.99,13.63,24.03,64,-9.22,13.63,1
39421,1,89.99,15.5347118186011,15.84,90,-10.98,41.94,0.370403238402506
39422,1,89.99,20.2398725664198,24.36,90,-10.98,41.94,0.482591143691459
39423,1,89.99,13.6252103509836,17.31,90,-10.98,41.94,0.324873875798368
39424,1,89.99,16.0502761786388,21.21,90,-10.98,41.94,0.382696141598445
39425,1,89.99,13.5909985451169,39.07,90,-10.98,41.94,0.324058143660392
39428,1,0.45,0.17,0.08,0.45,-0.02,0.17,1
39428,1,0.45,0.17,0.13,0.45,-0.02,0.17,1
39428,1,0.45,0.17,0.14,0.45,-0.02,0.17,1
39428,1,0.45,0.17,0.12,0.45,-0.02,0.17,1
39428,1,1.5,0.58,0.37,1.5,-0.07,0.58,1
39428,0,0,0,0.53,1.5,-0.07,0.58,NaN
39428,1,1.5,0.58,0.33,1.5,-0.07,0.58,1
39428,1,1.5,0.58,0.21,1.5,-0.07,0.58,1
39428,1,1.5,0.58,0.63,1.5,-0.07,0.58,1
39431,0,0,0,0.25,1.12,-0.14,0.52,NaN
39431,0,0,0,0.18,1.12,-0.14,0.52,NaN
39432,0,0,0,0.15,1.12,-0.14,0.52,NaN
39432,0,0,0,0.24,1.12,-0.14,0.52,NaN
39433,0,0,0,0.43,1.12,-0.14,0.52,NaN
39433,0,0,0,0.33,1.12,-0.14,0.52,NaN
39436,1,1.1,-0.05,0.14,1.1,-0.05,0.42,1
39436,1,1.1,-0.05,0.2,1.1,-0.05,0.42,1
39436,1,6,-0.29,1,6,-0.29,2.3,1
39436,1,6,-0.29,1.28,6,-0.29,2.3,1
39439,0,0,0,8.12,52.8,-7.6,11.25,NaN
39441,1,18.6,-2.06,8.9,18.6,-2.06,9.47,1
39443,1,3,1.4,1.35,3,-0.37,1.4,1
39443,1,3,1.4,0.65,3,-0.37,1.4,1
39446,0,0,0,0.28,1.02,-0.11,0.52,NaN
39447,0,0,0,0.43,1.02,-0.11,0.52,NaN
39449,0,0,0,0.33,1.02,-0.11,0.52,NaN
39449,0,0,0,0.18,1.02,-0.11,0.52,NaN
39450,0,0,0,0.43,1.02,-0.11,0.52,NaN
39454,1,8,-0.39,1.68,8,-0.39,3.07,1
39455,0,0,0,2.77,8,-0.39,3.07,NaN
39458,1,2,-0.24,0.39,2,-0.24,0.93,1
39458,1,2,-0.24,0.27,2,-0.24,0.93,1
39458,1,2,-0.24,0.53,2,-0.24,0.93,1
39458,1,2,-0.24,0.4,2,-0.24,0.93,1
39460,0,0,0,0.44,1.4,-0.16,0.71,NaN
39460,1,69.04,35.15,12.92,69.05,-7.66,35.15,1
39460,1,69.04,35.15,7.06,69.05,-7.66,35.15,1
39467,0,0,0,4.86,11.5,-1.4,5.36,NaN
39467,0,0,0,2.86,11.5,-1.4,5.36,NaN
39469,1,23.7,12.06,11.72,23.7,-2.63,12.06,1
39475,1,4,-0.2,0.45,4,-0.2,1.54,1
39475,1,4,-0.2,1.69,4,-0.2,1.54,1
39479,1,60.49,9.84947845490984,29.16,60.5,-6.72,30.79,0.319892122601814
39482,1,1.2,0.46,0.14,1.2,-0.06,0.46,1
39482,1,1.2,0.46,0.53,1.2,-0.06,0.46,1
39482,0,0,0,0.36,2.4,-0.12,0.92,NaN
39482,1,2.4,0.92,0.88,2.4,-0.12,0.92,1
39485,1,21.3,-2.5330313395444,3.28,21.3,-2.6,9.93,0.974242822901694
39489,1,2.7,-0.33,0.37,2.7,-0.33,1.26,1
39490,1,2.7,-0.33,0.66,2.7,-0.33,1.26,1
39490,1,2.7,-0.33,0.34,2.7,-0.33,1.26,1
39491,1,2.7,-0.33,0.44,2.7,-0.33,1.26,1
39491,1,2.7,-0.33,1.3,2.7,-0.33,1.26,1
39492,0,0,0,0.53,1.1,-0.13,0.51,NaN
39492,0,0,0,0.13,1.1,-0.13,0.51,NaN
39493,1,0.9,-0.11,0.38,0.9,-0.11,0.42,1
39498,1,389.54,193.390954852867,181.7,701.15,-77.83,356.89,0.541878323441023
39499,0,0,0,275.46,701.15,-77.83,356.89,NaN
39502,1,1.83,0.85,0.36,1.83,-0.22,0.85,1
39503,1,1.83,0.85,0.85,1.83,-0.22,0.85,1
39504,1,1.83,0.85,0.9,1.83,-0.22,0.85,1
39510,1,42.52,-3.66818932510466,17.71,42.52,-4.72,21.65,0.777158755318783
39510,1,42.52,-3.66818932510466,5.46,42.52,-4.72,21.65,0.777158755318783
39511,1,42.52,-4.72,17.59,42.52,-4.72,21.65,1
39512,1,42.52,-1.15211644794183,6.02,42.52,-4.72,21.65,0.244092467784285
39516,1,156.28,19.4166075788535,52.2,156.3,-19.07,72.84,0.266565178183052
39517,1,156.28,21.2804947112137,64.43,156.3,-19.07,72.84,0.292153963635553
39521,1,17.9,6.30742178062231,7.36,17.9,-2.18,8.34,0.756285585206512
39528,0,0,0,12.94,60,-8.64,12.78,NaN
39531,0,0,0,3.05,10.5,-0.51,4.03,NaN
39532,1,10.5,4.03,1.99,10.5,-0.51,4.03,1
39532,1,10.5,4.03,1.21,10.5,-0.51,4.03,1
39538,1,14.4,3.07,4.22,14.4,-2.07,3.07,1
39540,0,0,0,0.48,1.3,-0.16,0.61,NaN
39541,0,0,0,0.53,1.25,-0.15,0.58,NaN
39542,0,0,0,0.57,1.25,-0.15,0.58,NaN
39546,1,68.99,-9.94,19.39,69,-9.94,14.7,1
39548,0,0,0,42.86,90,-12.96,19.17,NaN
39550,0,0,0,0.11,0.33,-0.02,0.13,NaN
39550,1,0.33,-0.02,0.06,0.33,-0.02,0.13,1
39550,1,0.33,-0.02,0.16,0.33,-0.02,0.13,1
39550,0,0,0,0.75,1.8,-0.09,0.69,NaN
39550,0,0,0,0.32,2.8,-0.14,1.08,NaN
39553,1,2.4,-0.29,0.9,2.4,-0.29,1.12,1
39553,1,2.4,-0.29,0.74,2.4,-0.29,1.12,1
39556,1,69.99,32.62,31.04,70,-8.54,32.62,1
39561,1,308.06,34.0957137110256,139.53,308.1,-34.2,156.82,0.217419421700201
39562,1,308.06,34.1369611901657,122.97,308.1,-34.2,156.82,0.217682446053856
39563,1,308.06,34.286912544097,35.1,308.1,-34.2,156.82,0.21863864649979
39564,1,308.06,34.1165618726726,124.68,308.1,-34.2,156.82,0.217552364957739
39565,1,308.06,34.3057292284744,128.37,308.1,-34.2,156.82,0.218758635559714
39566,1,308.06,34.7566924413021,75.46,308.1,-34.2,156.82,0.221634309662684
39570,1,2.1,-0.23,0.69,2.1,-0.23,1.07,1
39570,1,25,-2.78,8.42,25,-2.78,12.73,1
39570,1,25,-2.78,5.71,25,-2.78,12.73,1
39574,1,3,-0.15,0.9,3,-0.15,1.15,1
39575,1,3,-0.15,0.42,3,-0.15,1.15,1
39579,1,1.7,-0.08,0.32,1.7,-0.08,0.65,1
39579,0,0,0,0.67,1.7,-0.08,0.65,NaN
39580,1,1.7,0.65,0.22,1.7,-0.08,0.65,1
39580,1,1.7,0.65,0.61,1.7,-0.08,0.65,1
39584,1,20,-2.22,2.4,20,-2.22,10.18,1
39587,1,40.79,-2.77529165846696,10.47,40.8,-4.53,20.77,0.612647165224495
39587,1,40.79,-2.77529165846696,10.17,40.8,-4.53,20.77,0.612647165224495
39587,1,40.79,-2.77529165846696,14.19,40.8,-4.53,20.77,0.612647165224495
39590,0,0,0,0.67,1.57,-0.19,0.73,NaN
39591,1,1.57,0.73,0.71,1.57,-0.19,0.73,1
39593,1,1.57,0.73,0.78,1.57,-0.19,0.73,1
39593,1,1.57,0.73,0.49,1.57,-0.19,0.73,1
39594,1,1.57,0.73,0.47,1.57,-0.19,0.73,1
39594,1,1.57,0.73,0.6,1.57,-0.19,0.73,1
39598,1,1.57,0.6,0.67,1.58,-0.08,0.6,1
39599,0,0,0,0.37,1.58,-0.08,0.6,NaN
39601,0,0,0,0.39,1.58,-0.08,0.6,NaN
39602,1,1.57,0.6,0.27,1.58,-0.08,0.6,1
39610,1,119.98,25.56,34.07,120,-17.28,25.56,1
39613,1,50.39,10.74,7.47,50.4,-7.26,10.74,1
39615,1,7.5,-0.92,1.2,7.5,-0.92,3.49,1
39618,1,2.4,0.133791942732149,0.86,2.4,-0.12,0.92,0.145426024708858
39619,1,2.4,0.0377619798057708,0.34,2.4,-0.12,0.92,0.0410456302236639
39619,1,2.4,0.0377619798057708,0.57,2.4,-0.12,0.92,0.0410456302236639
39623,1,1.82,0.85,0.64,1.82,-0.22,0.85,1
39623,1,1.82,0.85,0.24,1.82,-0.22,0.85,1
39624,1,1.82,0.85,0.55,1.82,-0.22,0.85,1
39624,1,1.82,0.85,0.63,1.82,-0.22,0.85,1
39625,1,1.82,0.85,0.31,1.82,-0.22,0.85,1
39625,1,1.82,0.85,0.54,1.82,-0.22,0.85,1
39630,1,110.38,23.52,54.98,110.4,-15.9,23.52,1
39637,1,81.59,7.17791636697375,31.89,81.6,-11.75,17.38,0.412998640217132
39640,1,7.7,3.92,2.03,7.7,-0.85,3.92,1
39640,1,7.7,3.92,2.11,7.7,-0.85,3.92,1
39642,1,1.26,-0.06,0.33,1.26,-0.06,0.48,1
39642,1,1.26,-0.06,0.36,1.26,-0.06,0.48,1
39642,1,1.26,-0.06,0.56,1.26,-0.06,0.48,1
39642,1,1.26,-0.06,0.41,1.26,-0.06,0.48,1
39642,0,0,0,0.15,1.26,-0.06,0.48,NaN
39645,1,24,-2.93,6.81,24,-2.93,11.18,1
40700,1,3.73,-0.46,1.22,3.73,-0.46,1.74,1
40700,1,3.73,-0.46,1.45,3.73,-0.46,1.74,1
40700,1,3.73,-0.46,1.7,3.73,-0.46,1.74,1
40703,0,0,0,0.97,2.7,-0.33,1.26,NaN
40704,0,0,0,0.64,2.7,-0.33,1.26,NaN
40704,0,0,0,1.31,2.7,-0.33,1.26,NaN
40705,0,0,0,1.15,2.7,-0.33,1.26,NaN
40705,0,0,0,1.32,2.7,-0.33,1.26,NaN
40709,0,0,0,1.66,11.5,-1.4,5.36,NaN
40714,1,169.98,39.5041829229307,20.56,170,-18.87,86.53,0.456537419657121
40715,1,169.98,39.4236958704767,27.6,170,-18.87,86.53,0.455607256101661
40716,1,169.98,41.0155764403097,43.77,170,-18.87,86.53,0.474004119268574
40717,1,169.98,33.5763468783146,54.77,170,-18.87,86.53,0.388031282541483
40722,1,135.34,382.07,135.22,819.9,-100.03,382.07,1
40723,0,0,0,282.38,819.9,-100.03,382.07,NaN
40724,1,102.75,382.07,102.63,819.9,-100.03,382.07,1
40725,0,0,0,237.35,819.9,-100.03,382.07,NaN
40729,1,32.66,1.94869086204817,4.71,32.67,-3.63,16.63,0.117179246064231
40729,1,32.66,1.94869086204817,7.71,32.67,-3.63,16.63,0.117179246064231
40730,1,32.66,2.33707752920503,12.93,32.67,-3.63,16.63,0.140533826169875
40733,0,0,0,0.34,2.65,-0.29,1.35,NaN
40733,0,0,0,1.19,2.65,-0.29,1.35,NaN
40733,0,0,0,1.3,2.65,-0.29,1.35,NaN
40733,0,0,0,1.15,2.65,-0.29,1.35,NaN
40735,1,7.97,3.71,2.2,7.97,-0.97,3.71,1
40735,1,7.97,3.71,1.26,7.97,-0.97,3.71,1
40735,1,7.97,3.71,2.12,7.97,-0.97,3.71,1
40742,0,0,0,0.15,1.4,-0.07,0.54,NaN
40744,1,85.29,4.92476788040052,25.95,85.3,-9.47,43.42,0.113421646255194
40744,1,85.29,4.92476788040052,41.29,85.3,-9.47,43.42,0.113421646255194
40744,1,85.29,4.92476788040052,8.63,85.3,-9.47,43.42,0.113421646255194
40746,1,20.5,10.43,8.84,20.5,-2.28,10.43,1
40746,1,20.5,10.43,5.62,20.5,-2.28,10.43,1
40746,1,20.5,10.43,9.54,20.5,-2.28,10.43,1
40748,0,0,0,1.1,2.7,-0.33,1.26,NaN
40748,0,0,0,0.59,2.7,-0.33,1.26,NaN
40748,0,0,0,0.58,2.7,-0.33,1.26,NaN
40749,0,0,0,0.37,2.7,-0.33,1.26,NaN
40750,0,0,0,0.98,2.7,-0.33,1.26,NaN
40755,1,1.6,0.61,0.6,1.6,-0.08,0.61,1
40761,1,195.97,56.6658820839979,20.92,196,-21.76,99.76,0.56802207381714
40762,1,195.97,55.1916079094345,40.59,196,-21.76,99.76,0.55324386436883
40763,1,195.97,55.1716174621466,47.42,196,-21.76,99.76,0.553043478970996
40764,1,195.97,61.4146288940256,82.67,196,-21.76,99.76,0.61562378602672
40765,1,195.97,55.4703187487663,62.88,196,-21.76,99.76,0.556037677914658
40766,1,195.97,56.9621424582697,74.39,196,-21.76,99.76,0.570991804914492
40769,1,24.8,-2.75,7.18,24.8,-2.75,12.62,1
40774,1,79.99,37.28,10.48,80,-9.76,37.28,1
40778,1,169.98,-18.87,45.06,170,-18.87,86.53,1
40779,1,169.98,-18.87,46.25,170,-18.87,86.53,1
40780,1,169.98,-6.76785913545824,24.81,170,-18.87,86.53,0.358657081900278
40784,0,0,0,0.34,2,-0.22,1.02,NaN
40787,1,33.6,17.1,4.42,33.6,-3.73,17.1,1
40788,1,33.6,17.1,12.54,33.6,-3.73,17.1,1
40788,1,33.6,17.1,12.03,33.6,-3.73,17.1,1
40788,1,33.6,17.1,4.92,33.6,-3.73,17.1,1
40791,1,20.93,9.75,7.68,20.93,-2.55,9.75,1
40791,1,20.93,9.75,3.57,20.93,-2.55,9.75,1
40791,1,20.93,9.75,2.53,20.93,-2.55,9.75,1
40793,1,3.7,1.88,0.72,3.7,-0.41,1.88,1
40796,1,89.39,-9.92,42.07,89.4,-9.92,45.5,1
40797,1,89.39,-9.92,10.39,89.4,-9.92,45.5,1
40798,1,89.39,-9.92,30.29,89.4,-9.92,45.5,1
40799,1,89.39,-9.92,11.29,89.4,-9.92,45.5,1
40802,0,0,0,0.69,2,-0.22,1.02,NaN
40805,1,249.97,59.7535810869215,51.66,250,-27.75,127.25,0.469576275732193
40807,1,0.3,0.12,0.11,0.3,-0.01,0.12,1
40807,1,0.3,0.12,0.08,0.3,-0.01,0.12,1
40807,1,0.3,0.12,0.07,0.3,-0.01,0.12,1
40807,1,0.3,0.12,0.13,0.3,-0.01,0.12,1
40807,1,0.4,0.15,0.04,0.4,-0.02,0.15,1
40807,1,0.4,0.15,0.07,0.4,-0.02,0.15,1
40807,0,0,0,0.05,0.4,-0.02,0.15,NaN
40807,1,0.4,0.15,0.17,0.4,-0.02,0.15,1
40814,1,16,7.46,2.97,16,-1.95,7.46,1
40814,1,16,7.46,7.74,16,-1.95,7.46,1
40815,1,16,7.46,3.09,16,-1.95,7.46,1
40815,1,16,7.46,5.83,16,-1.95,7.46,1
40818,1,0.5,0.23,0.11,0.5,-0.06,0.23,1
40818,1,0.5,0.23,0.14,0.5,-0.06,0.23,1
40818,0,0,0,0.69,1.88,-0.23,0.88,NaN
40818,0,0,0,0.8,1.88,-0.23,0.88,NaN
40818,0,0,0,0.67,1.88,-0.23,0.88,NaN
40818,0,0,0,0.64,1.88,-0.23,0.88,NaN
40818,0,0,0,0.28,1.88,-0.23,0.88,NaN
40820,1,0.32,0.12,0.07,0.33,-0.02,0.12,1
40820,0,0,0,0.16,0.73,-0.04,0.28,NaN
40820,0,0,0,0.12,0.33,-0.02,0.12,NaN
40820,1,0.32,0.12,0.11,0.33,-0.02,0.12,1
40820,1,0.32,0.12,0.08,0.33,-0.02,0.12,1
40820,0,0,0,0.35,0.73,-0.04,0.28,NaN
40820,1,0.73,0.28,0.31,0.73,-0.04,0.28,1
40820,1,0.73,0.28,0.12,0.73,-0.04,0.28,1
40820,1,0.73,0.28,0.2,0.73,-0.04,0.28,1
40820,1,0.73,0.28,0.17,0.73,-0.04,0.28,1
40823,1,2.7,1.26,0.92,2.7,-0.33,1.26,1
40823,1,2.7,1.26,1.01,2.7,-0.33,1.26,1
40824,1,2.7,1.26,0.81,2.7,-0.33,1.26,1
40824,1,2.7,1.26,1.19,2.7,-0.33,1.26,1
40825,1,2.7,1.26,0.57,2.7,-0.33,1.26,1
40831,1,183.18,52.1956459816835,70.14,258.5,-31.54,120.46,0.433302722743512
40832,1,171.02,51.8362647121228,39.75,258.5,-31.54,120.46,0.430319315225991
40833,1,228.45,67.8893807721198,108.14,258.5,-31.54,120.46,0.56358443277536
40836,1,2.7,1.26,0.36,2.7,-0.33,1.26,1
40836,1,2.7,1.26,0.53,2.7,-0.33,1.26,1
40836,1,2.7,1.26,0.33,2.7,-0.33,1.26,1
40836,1,2.7,1.26,0.79,2.7,-0.33,1.26,1
40836,1,2.7,1.26,1.2,2.7,-0.33,1.26,1
40841,1,1216.83,171.136976236557,542.86,1217,-99.79,447.86,0.382121592096988
40844,1,1.25,-0.15,0.51,1.25,-0.15,0.58,1
40844,1,1.25,-0.15,0.58,1.25,-0.15,0.58,1
40845,1,1.25,-0.15,0.29,1.25,-0.15,0.58,1
40846,1,1.25,-0.15,0.19,1.25,-0.15,0.58,1
40851,1,8.9,-0.99,2.61,8.9,-0.99,4.53,1
40851,1,8.9,-0.99,1.93,8.9,-0.99,4.53,1
40852,1,8.9,-0.99,2.61,8.9,-0.99,4.53,1
40852,1,8.9,-0.99,1.42,8.9,-0.99,4.53,1
40853,1,8.9,-0.99,2.41,8.9,-0.99,4.53,1
40856,1,0.87,0.33,0.25,0.87,-0.04,0.33,1
40856,1,0.87,0.33,0.33,0.87,-0.04,0.33,1
40856,0,0,0,0.3,0.87,-0.04,0.33,NaN
40859,1,188.67,87.7405291056645,24.01,188.7,-20.95,96.05,0.913488069814311
40860,1,188.67,80.8436761522019,79.92,188.7,-20.95,96.05,0.841683249892784
40866,1,196.91,100.24,76.2,196.93,-21.86,100.24,1
40867,1,196.91,100.24,97.88,196.93,-21.86,100.24,1
40868,1,196.91,100.24,88.21,196.93,-21.86,100.24,1
40872,0,0,0,0.97,2,-0.24,0.93,NaN
40874,1,21.93,10.22,4.43,21.93,-2.68,10.22,1
40874,1,21.93,10.22,9.7,21.93,-2.68,10.22,1
40874,1,21.93,10.22,4.7,21.93,-2.68,10.22,1
40877,1,1.27,0.59,0.25,1.27,-0.15,0.59,1
40877,1,1.27,0.59,0.48,1.27,-0.15,0.59,1
40878,0,0,0,0.39,1.27,-0.15,0.59,NaN
40882,1,6,3.05,1.18,6,-0.67,3.05,1
40884,0,0,0,0.26,2,-0.22,1.02,NaN
40884,0,0,0,0.49,2,-0.22,1.02,NaN
40884,0,0,0,0.29,2,-0.22,1.02,NaN
40884,0,0,0,0.83,2,-0.22,1.02,NaN
40884,0,0,0,0.22,2,-0.22,1.02,NaN
40886,1,2.7,-0.33,1.18,2.7,-0.33,1.26,1
40886,1,2.7,-0.33,0.75,2.7,-0.33,1.26,1
40886,1,2.7,-0.33,1.21,2.7,-0.33,1.26,1
40886,1,2.7,-0.33,0.44,2.7,-0.33,1.26,1
40886,1,2.7,-0.33,0.79,2.7,-0.33,1.26,1
40888,1,71.09,20.8749659161389,34.41,71.1,-7.89,36.19,0.576815858417763
40888,1,71.09,20.8749659161389,32.61,71.1,-7.89,36.19,0.576815858417763
40890,1,10.6,-1.18,3.34,10.6,-1.18,5.4,1
40890,1,10.6,-1.18,1.17,10.6,-1.18,5.4,1
40893,1,811.69,-66.57,238.34,811.8,-66.57,298.74,1
40897,1,66.19,16.4717155126691,32.36,66.2,-8.08,30.85,0.533929190037897
40898,1,66.19,12.6179140017977,12.84,66.2,-8.08,30.85,0.40900855759474
40899,1,66.19,19.5404322336119,13.49,66.2,-8.08,30.85,0.633401368998764
40900,1,66.19,16.3330750072719,19.28,66.2,-8.08,30.85,0.529435170414001
40901,1,66.19,15.2111224292952,24.18,66.2,-8.08,30.85,0.493067177610866
40905,0,0,0,0.11,0.8,-0.09,0.41,NaN
40906,1,5,2.55,2.06,5,-0.55,2.55,1
40908,1,5,-0.55,0.65,5,-0.55,2.55,1
40911,0,0,0,0.6,2,-0.22,1.02,NaN
40911,0,0,0,0.21,2,-0.22,1.02,NaN
40914,1,14.3,7.28,3.37,14.3,-1.59,7.28,1
40918,1,53.89,27.44,23.01,53.9,-5.98,27.44,1
40919,1,53.89,27.44,11.51,53.9,-5.98,27.44,1
40920,1,53.89,27.44,6.48,53.9,-5.98,27.44,1
40924,1,23,-0.839553427499658,9.28,23,-2.55,11.71,0.32923663823516
40927,1,1,0.47,0.49,1,-0.12,0.47,1
40927,1,2.7,1.26,0.68,2.7,-0.33,1.26,1
40930,1,0.55,-0.03,0.26,0.55,-0.03,0.21,1
40930,1,0.55,-0.03,0.15,0.55,-0.03,0.21,1
40931,1,0.55,-0.03,0.16,0.55,-0.03,0.21,1
40932,1,0.55,-0.03,0.11,0.55,-0.03,0.21,1
40933,0,0,0,0.03,0.15,-0.01,0.06,NaN
40933,1,0.15,0.06,0.04,0.15,-0.01,0.06,1
40937,1,4.8,-0.53,1.79,4.8,-0.53,2.44,1
40937,1,4.8,-0.53,2.25,4.8,-0.53,2.44,1
40938,1,4.8,-0.53,1.87,4.8,-0.53,2.44,1
40939,1,4.8,-0.53,0.88,4.8,-0.53,2.44,1
40942,1,4.85,2.47,1.24,4.85,-0.54,2.47,1
40942,1,4.85,2.47,0.65,4.85,-0.54,2.47,1
40946,0,0,0,182.36,520.27,-63.47,242.44,NaN
40947,0,0,0,208.18,520.27,-63.47,242.44,NaN
40948,1,154.47,236.063873141588,154.4,520.27,-63.47,242.44,0.973700186196946
40952,1,16,7.46,2.97,16,-1.95,7.46,1
40952,1,16,7.46,5.19,16,-1.95,7.46,1
40953,1,16,7.46,7.22,16,-1.95,7.46,1
40953,1,16,7.46,4.8,16,-1.95,7.46,1
40956,1,16,8.14,5.7,16,-1.78,8.14,1
40956,1,16,8.14,2.03,16,-1.78,8.14,1
40956,1,16,8.14,2.77,16,-1.78,8.14,1
40956,1,16,8.14,1.76,16,-1.78,8.14,1
40958,1,1.2,0.46,0.14,1.2,-0.06,0.46,1
40958,1,1.2,0.46,0.49,1.2,-0.06,0.46,1
40958,1,1.2,0.46,0.13,1.2,-0.06,0.46,1
40958,0,0,0,0.51,1.2,-0.06,0.46,NaN
40958,1,1.2,0.46,0.13,1.2,-0.06,0.46,1
40958,1,1.2,0.46,0.29,1.2,-0.06,0.46,1
40964,1,282.56,120.903324070011,71.17,282.6,-31.37,143.84,0.84054035087605
40967,0,0,0,1.1,5,-0.61,2.33,NaN
40969,1,54.99,25.63,17.19,55,-6.71,25.63,1
40974,0,0,0,6.99,21,-2.56,9.79,NaN
40976,0,0,0,0.4,2.8,-0.31,1.43,NaN
40980,1,1142.49,181.60646516609,307.88,1142.65,-93.7,420.5,0.431882200157169
40981,1,1142.49,183.901602088128,479.79,1142.65,-93.7,420.5,0.437340314121589
40985,1,3.72,-0.41,0.39,3.72,-0.41,1.89,1
40985,1,3.72,-0.41,1.81,3.72,-0.41,1.89,1
40986,1,3.72,-0.41,1.28,3.72,-0.41,1.89,1
40986,1,3.72,-0.41,0.63,3.72,-0.41,1.89,1
40987,1,3.72,-0.41,0.96,3.72,-0.41,1.89,1
40987,0,0,0,1.81,3.72,-0.41,1.89,NaN
40992,1,85.29,39.6224331287411,14.26,85.3,-9.47,43.42,0.912538763904677
40993,1,85.29,36.8441823994575,33.28,85.3,-9.47,43.42,0.848553256551302
40994,1,85.29,40.3795836919038,24.82,85.3,-9.47,43.42,0.929976593549143
40997,1,73.09,37.21,34.04,73.1,-8.11,37.21,1
41001,1,18.6,8.67,3.99,18.6,-2.27,8.67,1
41004,1,1.6,-0.08,0.47,1.6,-0.08,0.61,1
41007,1,84.99,43.26,28.58,85,-9.44,43.26,1
41007,1,84.99,43.26,41,85,-9.44,43.26,1
41007,1,84.99,43.26,26.31,85,-9.44,43.26,1
41007,1,84.99,43.26,30.92,85,-9.44,43.26,1
41014,1,252.95,51.137263630456,144.35,325.3,-39.69,151.59,0.337339294349601
41015,1,214.59,51.920840546794,48.45,325.3,-39.69,151.59,0.342508348484689
41018,1,3,1.53,1.38,3,-0.33,1.53,1
41021,0,0,0,0.19,1,-0.11,0.51,NaN
41021,0,0,0,0.12,1,-0.11,0.51,NaN
41029,1,115.12,40.6223027844536,43.85,115.13,-14.05,53.65,0.75717246569345
41030,1,115.12,49.4480271255532,13.92,115.13,-14.05,53.65,0.921678045210684
41031,1,115.12,47.4732549514766,57.11,115.13,-14.05,53.65,0.884869616989313
41036,1,26.7,13.59,12.45,26.7,-2.96,13.59,1
41037,1,26.7,13.59,11.12,26.7,-2.96,13.59,1
41037,1,26.7,13.59,4.92,26.7,-2.96,13.59,1
41038,1,26.7,13.59,6.28,26.7,-2.96,13.59,1
41038,1,26.7,13.59,4,26.7,-2.96,13.59,1
41039,1,26.7,13.59,6.67,26.7,-2.96,13.59,1
41043,1,3.5,-0.39,1.15,3.5,-0.39,1.78,1
41046,1,2.15,0.83,0.95,2.15,-0.11,0.83,1
41047,1,2.15,0.83,0.45,2.15,-0.11,0.83,1
41052,1,24,11.18,5.3,24,-2.93,11.18,1
41059,1,257.8,120.15,72.28,257.83,-31.46,120.15,1
41060,1,221.54,120.15,76.26,257.83,-31.46,120.15,1
41061,1,227.89,120.15,108.01,257.83,-31.46,120.15,1
41062,1,257.8,120.15,78.06,257.83,-31.46,120.15,1
41063,1,257.8,120.15,53.73,257.83,-31.46,120.15,1
41064,1,257.8,120.15,88.61,257.83,-31.46,120.15,1
41067,1,2.7,-0.33,0.58,2.7,-0.33,1.26,1
41067,1,2.7,-0.33,0.44,2.7,-0.33,1.26,1
41067,1,2.7,-0.33,0.6,2.7,-0.33,1.26,1
41067,1,2.7,-0.33,1.2,2.7,-0.33,1.26,1
41074,1,4,2.04,1.7,4,-0.44,2.04,1
41078,1,135.46,-61.737436810283,135.36,697.5,-85.1,325.03,0.725469292717779
41079,1,245.68,-85.1,245.57,697.5,-85.1,325.03,1
41084,1,154.68,39.595763149636,19.94,154.7,-18.87,72.09,0.549254586622778
41088,0,0,0,0.45,1.8,-0.22,0.84,NaN
41089,0,0,0,0.64,1.8,-0.22,0.84,NaN
41091,0,0,0,0.34,1.8,-0.22,0.84,NaN
41095,1,3.8,1.93,1.06,3.8,-0.42,1.93,1
41096,0,0,0,0.39,1,-0.11,0.51,NaN
41100,1,5.9,3,1.36,5.9,-0.65,3,1
41100,1,5.9,3,1.94,5.9,-0.65,3,1
41106,1,511.91,328.165478526741,309.47,815.4,-90.51,415.04,0.790683978717089
41111,1,108.15,28.5568338681539,21.84,108.17,-12.01,55.06,0.518649361935233
41112,1,108.15,29.560344460543,23.3,108.17,-12.01,55.06,0.536875126417417
41113,1,108.15,23.3881831476451,46.99,108.17,-12.01,55.06,0.424776301264895
41114,1,108.15,24.3004985460732,27.52,108.17,-12.01,55.06,0.441345778170599
41115,1,108.15,34.5726031323834,17.55,108.17,-12.01,55.06,0.627907793904529
41116,1,108.15,43.3900865613389,42.98,108.17,-12.01,55.06,0.78805097278131
41120,1,18.6,8.67,7.24,18.6,-2.27,8.67,1
41123,0,0,0,0.31,1.9,-0.23,0.89,NaN
41124,0,0,0,0.3,1.9,-0.23,0.89,NaN
41128,1,16,8.14,1.83,16,-1.78,8.14,1
41128,1,16,8.14,3.01,16,-1.78,8.14,1
41128,1,16,8.14,5.12,16,-1.78,8.14,1
41128,1,16,8.14,6.88,16,-1.78,8.14,1
42581,1,11.1,5.65,3.73,11.1,-1.23,5.65,1
42582,1,11.1,5.65,5.37,11.1,-1.23,5.65,1
42588,1,21.5,10.02,4.57,21.5,-2.62,10.02,1
42588,1,21.5,10.02,10.04,21.5,-2.62,10.02,1
42591,1,5.85,2.98,1.04,5.85,-0.65,2.98,1
42591,1,5.85,2.98,0.98,5.85,-0.65,2.98,1
42591,1,5.85,2.98,1.94,5.85,-0.65,2.98,1
42591,1,5.85,2.98,2.57,5.85,-0.65,2.98,1
42598,1,217.27,53.4714683018383,91.6,217.3,-26.51,101.26,0.52806111299465
42599,1,217.27,48.7332827294059,31.09,217.3,-26.51,101.26,0.481268839911178
42600,1,217.27,52.9165162259204,28.89,217.3,-26.51,101.26,0.522580646118115
42601,1,217.27,53.0792337239224,40.53,217.3,-26.51,101.26,0.524187573809228
42602,1,217.27,34.0374910913988,77.59,217.3,-26.51,101.26,0.336139552551834
42603,1,217.27,52.5614165036464,44.89,217.3,-26.51,101.26,0.519073834719004
42606,1,84.99,43.26,38.29,85,-9.44,43.26,1
42606,1,84.99,43.26,19.9,85,-9.44,43.26,1
42606,1,84.99,43.26,27.13,85,-9.44,43.26,1
42606,1,84.99,43.26,42.2,85,-9.44,43.26,1
42612,1,6.7,3.41,2.65,6.7,-0.74,3.41,1
42612,1,6.7,3.41,0.82,6.7,-0.74,3.41,1
42617,1,70.94,36.11,12.61,70.95,-7.88,36.11,1
42618,1,70.94,36.11,15.5,70.95,-7.88,36.11,1
42621,0,0,0,1.28,2.7,0,0,NaN
42626,0,0,0,65.97,150.07,-21.61,31.97,NaN
42627,1,150.05,20.5222496804355,73.18,150.07,-21.61,31.97,0.641922104486567
42628,1,150.05,31.97,45.87,150.07,-21.61,31.97,1
42629,1,150.05,31.97,66.6,150.07,-21.61,31.97,1
42633,1,116.58,54.34,45.4,116.6,-14.23,54.34,1
42634,0,0,0,35.16,116.6,-14.23,54.34,NaN
42638,1,18.23,8.5,5.5,18.23,-2.22,8.5,1
42638,1,18.23,8.5,1.96,18.23,-2.22,8.5,1
42639,1,18.23,8.5,3.46,18.23,-2.22,8.5,1
42643,1,2.7,0,0.36,2.7,0,0,NaN
42648,1,218.37,171.260179640963,105.92,667.9,-81.48,311.24,0.550251187639643
42649,0,0,0,292.33,667.9,-81.48,311.24,NaN
42650,1,185.14,170.873172413197,185.04,667.9,-81.48,311.24,0.549007750974158
42651,1,228.91,171.405380280586,228.81,667.9,-81.48,311.24,0.550717710707448
42652,1,178.21,170.828833532669,178.11,667.9,-81.48,311.24,0.548865292162541
42656,1,88.19,25.8621207299397,13.4,88.2,-9.79,44.89,0.576122092446863
42657,1,88.19,16.3868718603881,43.25,88.2,-9.79,44.89,0.36504504032943
42662,1,65.59,33.39,26.34,65.6,-7.28,33.39,1
42663,1,65.59,33.39,29.64,65.6,-7.28,33.39,1
42664,1,65.59,33.39,12.43,65.6,-7.28,33.39,1
42665,1,65.59,33.39,20.58,65.6,-7.28,33.39,1
42666,1,65.59,33.39,9.02,65.6,-7.28,33.39,1
42673,1,137.45,131.147149649952,137.37,531,-64.78,247.45,0.529994542937771
42674,0,0,0,255.39,531,-64.78,247.45,NaN
42678,1,2.8,0,0.29,2.8,0,0,NaN
42681,1,184.42,13.5068430272027,19.53,184.45,-22.5,85.95,0.157147679199566
42682,1,184.42,11.3636320445298,77.68,184.45,-22.5,85.95,0.132212123845606
42690,1,58.99,30.03,7.55,59,-6.55,30.03,1
42691,1,58.99,30.03,18.11,59,-6.55,30.03,1
42692,1,58.99,30.03,19.35,59,-6.55,30.03,1
42693,1,58.99,30.03,8.04,59,-6.55,30.03,1
42694,0,0,0,0.39,2,-0.22,1.02,NaN
42697,0,0,0,0.36,1.82,-0.09,0.7,NaN
42697,1,1.82,-0.09,0.65,1.82,-0.09,0.7,1
42697,1,1.82,-0.09,0.21,1.82,-0.09,0.7,1
42697,1,1.82,-0.09,0.27,1.82,-0.09,0.7,1
42701,1,205.67,33.9955928774499,69.68,205.7,-25.1,95.86,0.354637939468495
42702,1,205.67,33.7319613488524,25.97,205.7,-25.1,95.86,0.351887767044152
42703,1,205.67,34.1761805097107,61.12,205.7,-25.1,95.86,0.356521807946075
42704,1,205.67,33.4809570742598,58.91,205.7,-25.1,95.86,0.349269320616104
42708,0,0,0,0.87,2,0,0,NaN
42708,1,2,0,0.99,2,0,0,NaN
42713,1,192.24,95.4119697695583,43.48,192.27,-21.34,97.86,0.974984363065178
42714,1,192.24,97.86,53.05,192.27,-21.34,97.86,1
42715,1,192.24,91.6890687225764,55.51,192.27,-21.34,97.86,0.936941229537874
42718,1,1,0,0.22,1,0,0,NaN
42718,1,1,0,0.49,1,0,0,NaN
42718,0,0,0,0.45,1,0,0,NaN
42718,1,1.5,0,0.26,1.5,0,0,NaN
42726,1,149.98,69.9,65.26,150,-18.3,69.9,1
42727,1,149.98,69.9,45.63,150,-18.3,69.9,1
42730,1,3.93,1.51,0.63,3.93,-0.19,1.51,1
42730,1,3.93,1.51,1.09,3.93,-0.19,1.51,1
42730,1,3.93,1.51,1.72,3.93,-0.19,1.51,1
42733,0,0,0,0.38,2.7,-0.33,1.26,NaN
42734,0,0,0,0.61,2.7,-0.33,1.26,NaN
42736,0,0,0,1.21,2.7,-0.33,1.26,NaN
42741,1,17.25,8.04,7.37,17.25,-2.1,8.04,1
42742,1,17.25,8.04,4.14,17.25,-2.1,8.04,1
42748,1,177.31,36.1152951755618,100.12,485.85,-59.27,226.41,0.159512809396943
42749,1,126.63,35.0334803045265,126.56,485.85,-59.27,226.41,0.154734686208765
42750,0,0,0,214.25,485.85,-59.27,226.41,NaN
42751,1,192.11,34.4938886121566,118.63,485.85,-59.27,226.41,0.152351435944334
42754,1,37.49,19.09,5.25,37.5,-4.16,19.09,1
42756,1,8.6,0,3.23,8.6,0,0,NaN
42760,1,199.97,42.6,49.79,200,-28.8,42.6,1
42764,1,0.72,0.33,0.19,0.72,-0.09,0.33,1
42765,1,0.72,0.33,0.14,0.72,-0.09,0.33,1
42767,1,2.7,-0.33,0.36,2.7,-0.33,1.26,1
42768,1,0.72,-0.09,0.31,0.72,-0.09,0.33,1
42768,1,0.72,-0.09,0.27,0.72,-0.09,0.33,1
42769,1,0.72,-0.09,0.31,0.72,-0.09,0.33,1
42769,1,0.72,-0.09,0.21,0.72,-0.09,0.33,1
42775,1,172.02,44.9747161004024,41.43,172.04,-20.99,80.17,0.560991843587407
42776,1,172.02,29.6399945773401,83.17,172.04,-20.99,80.17,0.369714289351879
42777,1,172.02,36.6494036162263,46.81,172.04,-20.99,80.17,0.457146109719674
42778,1,172.02,29.4119592860993,45.88,172.04,-20.99,80.17,0.366869892554563
42779,1,172.02,28.0711854690169,44.98,172.04,-20.99,80.17,0.350145758625632
42786,1,217.62,113.393883361195,217.54,540,-65.88,251.64,0.450619469723395
42787,1,163.05,113.755114514167,68.76,540,-65.88,251.64,0.452054977404891
42791,1,1.13,0.44,0.19,1.13,-0.06,0.44,1
42792,1,1.13,0.44,0.43,1.13,-0.06,0.44,1
42794,1,1.13,0.44,0.45,1.13,-0.06,0.44,1
42798,1,152.23,15.8824336505439,29.96,152.25,-18.57,70.95,0.223853892185255
42799,1,152.23,13.4031141626527,69.05,152.25,-18.57,70.95,0.188909290523646
42803,1,7.4,3.45,1.97,7.4,-0.9,3.45,1
42805,1,10,0,3.44,10,0,0,NaN
42807,1,0.8,-0.1,0.24,0.8,-0.1,0.37,1
42807,1,1.2,-0.15,0.26,1.2,-0.15,0.56,1
42807,1,1.36,-0.17,0.61,1.36,-0.17,0.63,1
42807,1,1.36,-0.17,0.59,1.36,-0.17,0.63,1
42807,0,0,0,0.34,1.36,-0.17,0.63,NaN
42807,0,0,0,0.67,1.36,-0.17,0.63,NaN
42807,0,0,0,0.19,1.36,-0.17,0.63,NaN
42807,0,0,0,0.62,1.8,-0.22,0.84,NaN
42809,1,20.7,-2.3,2.8,20.7,-2.3,10.54,1
42809,1,20.7,-2.3,9.72,20.7,-2.3,10.54,1
42811,1,66.99,28.8262238055248,25.09,67,-7.44,34.1,0.84534380661363
42811,1,66.99,28.8262238055248,7.94,67,-7.44,34.1,0.84534380661363
42811,1,66.99,28.8262238055248,15.25,67,-7.44,34.1,0.84534380661363
42811,1,66.99,28.8262238055248,13.63,67,-7.44,34.1,0.84534380661363
42811,1,66.99,28.8262238055248,10.21,67,-7.44,34.1,0.84534380661363
42811,1,66.99,28.8262238055248,7.55,67,-7.44,34.1,0.84534380661363
42818,1,120.98,16.8225234216635,22.43,121,-13.43,61.59,0.273137253152516
42822,1,290.39,250.09,126.11,536.67,-65.47,250.09,1
42823,1,159.65,250.09,65.34,536.67,-65.47,250.09,1
42824,1,165.7,250.09,165.62,536.67,-65.47,250.09,1
42825,1,148.44,250.09,148.36,536.67,-65.47,250.09,1
42829,1,220.97,45.1770041106633,94.17,221,-26.96,102.99,0.438654278188788
42830,1,220.97,44.7863283805791,43.85,221,-26.96,102.99,0.434860941650443
42831,1,220.97,43.4481521930551,52.14,221,-26.96,102.99,0.421867678347947
42834,1,18,9.16,4.59,18,-2,9.16,1
42837,0,0,0,2.14,8,0,0,NaN
42840,1,30.5,15.52,5.46,30.5,-3.39,15.52,1
42840,1,30.5,15.52,12.77,30.5,-3.39,15.52,1
42844,1,134.98,17.1083881609125,55.49,135,-14.98,68.72,0.248957918523174
42845,1,134.98,25.7823601803657,40.08,135,-14.98,68.72,0.375179862927323
42846,1,134.98,23.688531869438,33.73,135,-14.98,68.72,0.344710882849796
42847,1,134.98,17.0783665406873,37.1,135,-14.98,68.72,0.248521049777173
42851,1,44.99,18.7041564375785,9.84,45,-4.99,22.9,0.816775390287269
42851,1,44.99,18.7041564375785,7.32,45,-4.99,22.9,0.816775390287269
42851,1,44.99,18.7041564375785,19.36,45,-4.99,22.9,0.816775390287269
42854,0,0,0,0.84,2.17,-0.24,1.1,NaN
42854,0,0,0,0.39,2.17,-0.24,1.1,NaN
42854,0,0,0,0.23,2.17,-0.24,1.1,NaN
42857,0,0,0,0.62,2,0,0,NaN
42857,1,1,0,0.24,1,0,0,NaN
42858,1,1,0,0.31,1,0,0,NaN
42864,1,17.32,-2.11,3.63,17.32,-2.11,8.07,1
42864,1,17.32,-2.11,5.29,17.32,-2.11,8.07,1
42865,1,17.32,-2.11,4.67,17.32,-2.11,8.07,1
42865,1,17.32,-2.11,2.17,17.32,-2.11,8.07,1
42866,1,17.32,-2.11,4.97,17.32,-2.11,8.07,1
42866,0,0,0,0.42,1.8,-0.22,0.84,NaN
42870,0,0,0,0.52,2.6,-0.32,1.21,NaN
42871,0,0,0,0.92,2.6,-0.32,1.21,NaN
42873,0,0,0,0.88,2.6,-0.32,1.21,NaN
42873,0,0,0,0.98,2.6,-0.32,1.21,NaN
42876,1,60.49,30.79,17.32,60.5,-6.72,30.79,1
42876,1,60.49,30.79,25.24,60.5,-6.72,30.79,1
42876,1,60.49,30.79,15.95,60.5,-6.72,30.79,1
42876,1,60.49,30.79,16.4,60.5,-6.72,30.79,1
42884,1,128.98,16.2439398605921,25.53,129,-14.32,65.66,0.247394758766252
42885,1,128.98,22.6057635890765,32.34,129,-14.32,65.66,0.344285159748347
42888,0,0,0,1.36,10.1,0,0,NaN
42895,1,206.44,5.65925834691104,27.42,206.47,-22.92,105.09,0.0538515400790849
42896,1,206.44,4.01343995515259,100.05,206.47,-22.92,105.09,0.0381905029513045
42897,1,206.44,4.58222550453138,80.7,206.47,-22.92,105.09,0.0436028690125738
42901,1,9,0,4.15,9,0,0,NaN
42905,1,199.97,42.6,62.74,200,-28.8,42.6,1
42906,1,1,0.21,0.12,1,-0.14,0.21,1
42906,0,0,0,0.35,1,-0.14,0.21,NaN
42910,1,105.99,22.58,33.9,106,-15.26,22.58,1
42916,1,0.8,-0.04,0.2,0.8,-0.04,0.31,1
42917,0,0,0,0.22,0.8,-0.04,0.31,NaN
42918,1,0.8,-0.04,0.34,0.8,-0.04,0.31,1
42918,0,0,0,0.26,0.8,-0.04,0.31,NaN
42919,1,0.8,-0.04,0.34,0.8,-0.04,0.31,1
42919,1,0.8,-0.04,0.16,0.8,-0.04,0.31,1
42924,0,0,0,22.09,130.5,-18.79,27.8,NaN
42930,1,213.74,50.0191189705039,81.67,301.75,-36.81,140.62,0.355704159938159
42931,1,260.59,49.7998902188406,95.82,301.75,-36.81,140.62,0.35414514449467
42935,1,108.98,24.4309256208013,14.93,109,-12.1,55.48,0.440355544715237
42936,1,108.98,37.8670827671954,31.95,109,-12.1,55.48,0.682535738413759
42937,1,108.98,22.1937410386908,49.5,109,-12.1,55.48,0.400031381375105
42943,0,0,0,10.7,21.6,-1.06,8.29,NaN
42943,1,21.6,-1.06,9.82,21.6,-1.06,8.29,1
42944,1,21.6,-1.06,2.34,21.6,-1.06,8.29,1
42948,1,2.7,0,1.16,2.7,0,0,NaN
42955,1,113.85,57.96,20.15,113.87,-12.64,57.96,1
42956,1,113.85,57.96,15.26,113.87,-12.64,57.96,1
42957,1,113.85,57.96,41.34,113.87,-12.64,57.96,1
42958,1,113.85,57.96,56.82,113.87,-12.64,57.96,1
42959,1,113.85,57.96,15.52,113.87,-12.64,57.96,1
42960,1,113.85,57.96,23.44,113.87,-12.64,57.96,1
42966,1,205.3,43.3462037017448,39.5,205.33,-22.79,104.51,0.414756518053246
42967,1,205.3,45.9041926646253,77.86,205.33,-22.79,104.51,0.439232539131425
42968,1,205.3,40.1639231386372,90.58,205.33,-22.79,104.51,0.384306986304059
42969,1,205.3,21.7043646904969,26.72,205.33,-22.79,104.51,0.207677396330465
42970,1,205.3,45.5054094743146,67.53,205.33,-22.79,104.51,0.435416797189882
42971,1,205.3,36.9321951899888,50.23,205.33,-22.79,104.51,0.353384319108112
42975,1,5.5,2.56,0.79,5.5,-0.67,2.56,1
42977,0,0,0,1.47,3.4,0,0,NaN
42984,1,236.32,124.97,108.81,268.17,-32.72,124.97,1
42985,1,189.01,124.97,70.22,268.17,-32.72,124.97,1
42986,1,196.62,124.97,89.25,268.17,-32.72,124.97,1
42991,1,164.43,126.013737386447,70.48,540,-65.88,251.64,0.500769899008292
42995,0,0,0,0.74,1.5,-0.18,0.7,NaN
42995,0,0,0,0.43,1.5,-0.18,0.7,NaN
42996,0,0,0,0.45,1.5,-0.18,0.7,NaN
42996,0,0,0,0.54,1.5,-0.18,0.7,NaN
42999,0,0,0,1.34,2.7,-0.33,1.26,NaN
42999,0,0,0,0.9,2.7,-0.33,1.26,NaN
42999,1,2.7,-0.33,1.11,2.7,-0.33,1.26,1
43003,1,56.23,28.62,27.45,56.23,-6.24,28.62,1
43004,1,56.23,26.0542250391448,10.29,56.23,-6.24,28.62,0.910350280892549
43005,1,56.23,28.62,10.76,56.23,-6.24,28.62,1
43009,1,4.22,-0.51,1.38,4.22,-0.51,1.97,1
43010,1,4.22,-0.51,0.93,4.22,-0.51,1.97,1
43010,0,0,0,1.93,4.22,-0.51,1.97,NaN
43011,0,0,0,0.69,4.22,-0.51,1.97,NaN
43011,0,0,0,1.34,4.22,-0.51,1.97,NaN
43015,0,0,0,0.49,1.54,-0.19,0.72,NaN
43015,0,0,0,0.72,1.54,-0.19,0.72,NaN
43016,0,0,0,0.7,1.54,-0.19,0.72,NaN
43016,0,0,0,0.65,1.54,-0.19,0.72,NaN
43017,0,0,0,0.62,1.54,-0.19,0.72,NaN
43024,1,265.16,49.7776807632928,64.92,265.2,-32.35,123.58,0.402797222554563
43025,1,265.16,49.749557474134,112.03,265.2,-32.35,123.58,0.402569651028759
43028,1,10,0,4.05,10,0,0,NaN
43030,0,0,0,1,2.1,-0.26,0.98,NaN
43030,0,0,0,0.72,2.1,-0.26,0.98,NaN
43030,0,0,0,0.8,2.1,-0.26,0.98,NaN
43030,0,0,0,0.84,2.1,-0.26,0.98,NaN
43033,0,0,0,2.42,12.05,-1.47,5.62,NaN
43033,1,12.05,-1.47,2.59,12.05,-1.47,5.62,1
43039,1,242.07,218.347125464164,241.88,1300,-158.6,605.8,0.360427740944477
43040,0,0,0,308.83,1300,-158.6,605.8,NaN
43047,1,243.37,66.0798282073836,116.65,275.03,-33.55,128.16,0.515604152679335
43048,1,274.99,66.168648806147,42.35,275.03,-33.55,128.16,0.516297197301397
43049,0,0,0,117.14,275.03,-33.55,128.16,NaN
43050,1,233.79,66.5855555951026,68.72,275.03,-33.55,128.16,0.519550215317592
43057,1,41.39,12.7781767401851,14.8,41.4,-4.6,21.07,0.606463063131711
43058,1,41.39,12.7781767401851,7.24,41.4,-4.6,21.07,0.606463063131711
43063,0,0,0,0.83,7.5,0,0,NaN
43067,1,75.39,35.14,16.83,75.4,-9.2,35.14,1
43068,1,75.39,35.14,35.77,75.4,-9.2,35.14,1
43069,1,75.39,35.14,28.96,75.4,-9.2,35.14,1
43070,1,75.39,35.14,32.29,75.4,-9.2,35.14,1
44075,0,0,0,1.14,2.35,-0.26,1.2,NaN
44075,1,2.35,1.2,0.59,2.35,-0.26,1.2,1
44078,1,3.7,1.88,1.65,3.7,-0.41,1.88,1
44078,1,3.7,1.88,1.06,3.7,-0.41,1.88,1
44081,0,0,0,0.19,0.45,-0.05,0.23,NaN
44081,1,0.45,0.23,0.22,0.45,-0.05,0.23,1
44082,0,0,0,0.21,0.45,-0.05,0.23,NaN
44083,0,0,0,0.07,0.45,-0.05,0.23,NaN
44087,1,5,2.55,2.03,5,-0.55,2.55,1
44089,1,1.1,0.56,0.49,1.1,-0.12,0.56,1
44089,1,1.1,0.56,0.41,1.1,-0.12,0.56,1
44090,0,0,0,0.38,1.1,-0.12,0.56,NaN
44091,0,0,0,0.35,1.1,-0.12,0.56,NaN
44096,1,157.98,80.42,51.96,158,-17.54,80.42,1
44097,1,157.98,80.42,27.53,158,-17.54,80.42,1
44101,0,0,0,0.22,1.7,-0.21,0.79,NaN
44102,0,0,0,0.18,1.7,-0.21,0.79,NaN
44106,0,0,0,0.18,0.7,-0.08,0.36,NaN
44107,0,0,0,0.24,0.7,-0.08,0.36,NaN
44111,0,0,0,273.87,660,-80.52,307.56,NaN
44112,0,0,0,85.06,660,-80.52,307.56,NaN
44120,1,134.98,36.8112040347958,30.46,135,-14.98,68.72,0.535669441717052
44121,1,134.98,32.0034758476755,56.29,135,-14.98,68.72,0.465708321415535
44122,1,134.98,41.2221498949189,32.96,135,-14.98,68.72,0.599856663197306
44123,1,134.98,40.0722147314013,66.49,135,-14.98,68.72,0.583123031597807
44126,1,2,0.93,0.4,2,-0.24,0.93,1
44126,1,2,0.93,0.82,2,-0.24,0.93,1
44126,1,2,0.93,0.92,2,-0.24,0.93,1
44129,1,0.72,0.37,0.11,0.72,-0.08,0.37,1
44129,0,0,0,0.26,0.72,-0.08,0.37,NaN
44130,1,0.72,0.37,0.11,0.72,-0.08,0.37,1
44130,0,0,0,0.25,0.72,-0.08,0.37,NaN
44134,0,0,0,126.71,360.4,-43.97,167.95,NaN
44136,0,0,0,0.29,0.8,-0.09,0.41,NaN
44136,1,0.8,0.41,0.39,0.8,-0.09,0.41,1
44137,0,0,0,0.33,0.8,-0.09,0.41,NaN
44138,0,0,0,0.26,0.8,-0.09,0.41,NaN
44143,1,1.5,0.76,0.62,1.5,-0.17,0.76,1
44148,1,135.71,35.5351933614594,17.42,135.73,-15.07,69.09,0.51433193459921
44149,1,135.71,35.1033548260367,67.31,135.73,-15.07,69.09,0.508081557765766
44150,1,135.71,35.9266580402054,35.96,135.73,-15.07,69.09,0.519997945291726
44151,1,135.71,20.3296814515878,20.91,135.73,-15.07,69.09,0.29424926113168
44152,1,135.71,15.6049407296148,67.59,135.73,-15.07,69.09,0.225863956138585
44153,1,135.71,35.9708074835996,47.62,135.73,-15.07,69.09,0.520636958801557
44161,1,239.97,12.3882300823303,101.23,240,-34.56,51.12,0.242336269216163
44168,1,1009.16,371.42,393.03,1009.3,-82.76,371.42,1
44169,1,1009.16,371.42,138.46,1009.3,-82.76,371.42,1
44174,1,56.99,29.01,11.75,57,-6.33,29.01,1
44175,1,56.99,29.01,14.85,57,-6.33,29.01,1
44176,1,56.99,29.01,25.14,57,-6.33,29.01,1
44177,1,56.99,29.01,13.92,57,-6.33,29.01,1
44178,1,56.99,29.01,24.18,57,-6.33,29.01,1
44179,1,56.99,29.01,8.78,57,-6.33,29.01,1
44182,1,1.1,-0.12,0.18,1.1,-0.12,0.56,1
44182,1,1.1,-0.12,0.23,1.1,-0.12,0.56,1
44182,1,1.1,-0.12,0.45,1.1,-0.12,0.56,1
44185,1,1.9,0.73,0.69,1.9,-0.09,0.73,1
44185,0,0,0,0.53,1.9,-0.09,0.73,NaN
44186,0,0,0,0.83,1.9,-0.09,0.73,NaN
44186,1,1.9,0.73,0.77,1.9,-0.09,0.73,1
44192,1,100.49,21.41,42.95,100.5,-14.47,21.41,1
44199,0,0,0,139.64,598.4,-73,278.85,NaN
44204,1,198.87,101.24,60.56,198.9,-22.08,101.24,1
44205,1,198.87,101.24,30.72,198.9,-22.08,101.24,1
44206,1,198.87,101.24,66.18,198.9,-22.08,101.24,1
44210,0,0,0,0.13,0.9,-0.04,0.35,NaN
44210,1,0.9,0.35,0.44,0.9,-0.04,0.35,1
44210,1,0.9,0.35,0.44,0.9,-0.04,0.35,1
44210,1,0.9,0.35,0.35,0.9,-0.04,0.35,1
44219,1,203.71,0.824218479448002,98.79,203.73,-22.61,103.7,0.00794810491270976
44220,1,203.71,0.458793118885914,23.65,203.73,-22.61,103.7,0.00442423451191817
44221,1,203.71,4.91968220872772,51.54,203.73,-22.61,103.7,0.047441487065841
44225,1,2.23,-0.27,1.11,2.23,-0.27,1.04,1
44226,1,2.23,-0.27,0.68,2.23,-0.27,1.04,1
44228,1,2.23,-0.27,0.36,2.23,-0.27,1.04,1
44229,1,2.23,-0.27,1.07,2.23,-0.27,1.04,1
44231,1,2.23,1.04,0.43,2.23,-0.27,1.04,1
44231,1,2.23,1.04,0.49,2.23,-0.27,1.04,1
44235,1,2.5,1.27,0.44,2.5,-0.28,1.27,1
44236,1,2.5,1.27,0.39,2.5,-0.28,1.27,1
44240,1,1.1,0.56,0.42,1.1,-0.12,0.56,1
44240,1,1.1,0.56,0.18,1.1,-0.12,0.56,1
44243,1,5.3,-0.59,1.97,5.3,-0.59,2.7,1
44243,1,5.3,-0.59,1.76,5.3,-0.59,2.7,1
44246,0,0,0,0.16,0.8,-0.09,0.41,NaN
44247,0,0,0,0.15,0.8,-0.09,0.41,NaN
44251,0,0,0,0.22,1.7,-0.19,0.87,NaN
44255,1,2.6,-0.32,0.89,2.6,-0.32,1.21,1
44255,1,2.6,-0.32,0.97,2.6,-0.32,1.21,1
44258,1,0.7,-0.08,0.34,0.7,-0.08,0.36,1
44258,0,0,0,0.29,0.7,-0.08,0.36,NaN
44262,1,18,9.16,8.35,18,-2,9.16,1
44262,1,18,9.16,2.88,18,-2,9.16,1
44262,1,18,9.16,6.79,18,-2,9.16,1
44262,1,18,9.16,6.29,18,-2,9.16,1
44268,1,0.35,0.13,0.1,0.35,-0.02,0.13,1
44268,1,0.35,0.13,0.11,0.35,-0.02,0.13,1
44269,1,0.35,0.13,0.15,0.35,-0.02,0.13,1
44270,1,0.35,0.13,0.11,0.35,-0.02,0.13,1
44275,1,9,0,2.01,9,0,0,NaN
44279,1,28,13.05,11.62,28,-3.42,13.05,1
44279,1,28,13.05,7.16,28,-3.42,13.05,1
44280,1,28,13.05,4.37,28,-3.42,13.05,1
44280,1,28,13.05,5.4,28,-3.42,13.05,1
44283,1,44.74,22.78,21.88,44.75,-4.97,22.78,1
44283,1,44.74,22.78,17.02,44.75,-4.97,22.78,1
44283,1,44.74,22.78,6.12,44.75,-4.97,22.78,1
44283,1,44.74,22.78,20.17,44.75,-4.97,22.78,1
44286,1,4.82,-0.59,0.77,4.82,-0.59,2.24,1
44287,1,4.82,-0.59,1.64,4.82,-0.59,2.24,1
44289,1,4.82,-0.59,2.04,4.82,-0.59,2.24,1
44290,1,4.82,-0.59,2.03,4.82,-0.59,2.24,1
44292,1,4.82,2.24,1.6,4.82,-0.59,2.24,1
44292,1,4.82,2.24,2.19,4.82,-0.59,2.24,1
44298,1,1169.84,207.675726247523,300.92,1170,-95.94,430.56,0.482338643272769
44299,1,1169.84,206.001234800012,277.95,1170,-95.94,430.56,0.478449541991852
44302,1,1.8,-0.22,0.31,1.8,-0.22,0.84,1
44302,1,1.8,-0.22,0.27,1.8,-0.22,0.84,1
44304,0,0,0,0.12,0.77,-0.09,0.39,NaN
44304,0,0,0,0.3,0.77,-0.09,0.39,NaN
44304,0,0,0,0.17,0.77,-0.09,0.39,NaN
44304,0,0,0,0.13,0.77,-0.09,0.39,NaN
44304,0,0,0,0.12,0.77,-0.09,0.39,NaN
44304,0,0,0,0.18,0.77,-0.09,0.39,NaN
44308,1,88.99,34.8534959881014,10.19,89,-9.88,45.3,0.769392847419456
44309,1,88.99,41.0938996458664,34.14,89,-9.88,45.3,0.907150102557756
44310,1,88.99,29.6375341841414,12.23,89,-9.88,45.3,0.654250202740429
44311,1,88.99,26.7110263446853,33.61,89,-9.88,45.3,0.589647380677379
44314,0,0,0,1.53,5.5,-0.61,2.8,NaN
44314,1,5.5,2.8,0.89,5.5,-0.61,2.8,1
44316,1,0.87,-0.11,0.39,0.87,-0.11,0.4,1
44317,1,0.87,0.4,0.16,0.87,-0.11,0.4,1
44318,1,0.87,0.4,0.37,0.87,-0.11,0.4,1
44322,0,0,0,0.25,0.8,-0.09,0.41,NaN
44322,0,0,0,0.31,0.8,-0.09,0.41,NaN
44322,0,0,0,0.3,0.8,-0.09,0.41,NaN
44322,0,0,0,0.29,0.8,-0.09,0.41,NaN
44325,0,0,0,14.99,50.4,-7.26,10.74,NaN
44328,0,0,0,0.38,1.2,-0.06,0.46,NaN
44328,1,1.2,-0.06,0.34,1.2,-0.06,0.46,1
44329,0,0,0,0.27,1.2,-0.06,0.46,NaN
44333,1,0.3,0,0.04,0.3,0,0,NaN
44335,1,1.2,-0.13,0.18,1.2,-0.13,0.61,1
44335,1,1.2,-0.13,0.5,1.2,-0.13,0.61,1
44335,1,1.2,-0.13,0.13,1.2,-0.13,0.61,1
44335,1,1.2,-0.13,0.33,1.2,-0.13,0.61,1
44335,1,1.2,-0.13,0.58,1.2,-0.13,0.61,1
44335,1,1.2,-0.13,0.33,1.2,-0.13,0.61,1
44338,1,156.38,79.61,42.93,156.4,-17.36,79.61,1
44339,1,156.38,79.61,36.43,156.4,-17.36,79.61,1
44343,1,1.07,0.54,0.15,1.07,-0.12,0.54,1
44343,0,0,0,0.17,1.07,-0.12,0.54,NaN
44344,0,0,0,0.47,1.07,-0.12,0.54,NaN
44344,1,1.07,0.54,0.37,1.07,-0.12,0.54,1
44345,1,1.07,0.54,0.18,1.07,-0.12,0.54,1
44345,1,1.07,0.54,0.45,1.07,-0.12,0.54,1
44352,1,4.1,-0.46,0.56,4.1,-0.46,2.09,1
44353,1,4.1,-0.46,0.48,4.1,-0.46,2.09,1
44353,1,4.1,-0.46,0.82,4.1,-0.46,2.09,1
44354,1,4.1,-0.46,1.27,4.1,-0.46,2.09,1
44354,1,4.1,-0.46,1.2,4.1,-0.46,2.09,1
44355,1,4.1,-0.46,1.85,4.1,-0.46,2.09,1
44358,1,48.13,22.43,14.62,48.13,-5.87,22.43,1
44358,1,48.13,22.43,7.88,48.13,-5.87,22.43,1
44359,1,48.13,-5.87,5.67,48.13,-5.87,22.43,1
44359,1,48.13,-5.87,12.33,48.13,-5.87,22.43,1
44359,1,48.13,-5.87,11.36,48.13,-5.87,22.43,1
44359,1,48.13,-5.87,6.95,48.13,-5.87,22.43,1
44363,1,22.5,10.49,9.64,22.5,-2.75,10.49,1
44363,0,0,0,6.84,22.5,-2.75,10.49,NaN
44366,1,4.2,2.14,0.71,4.2,-0.47,2.14,1
44369,0,0,0,0.64,2.5,-0.36,0.53,NaN
44369,1,2.5,-0.36,0.89,2.5,-0.36,0.53,1
44374,1,103.86,48.2296468043407,29.62,103.88,-11.53,52.87,0.912230883380758
44375,1,103.86,29.1252218183899,36.58,103.88,-11.53,52.87,0.550883711337051
44376,1,103.86,-11.53,20.01,103.88,-11.53,52.87,1
44377,1,103.86,28.4106065197672,43.95,103.88,-11.53,52.87,0.537367250232025
44381,1,209.3,37.7369539317488,91.35,209.33,-23.24,106.55,0.354171317989196
44382,1,209.3,36.4180291461586,28.99,209.33,-23.24,106.55,0.341792859184971
44383,1,209.3,36.5314320334245,60.48,209.33,-23.24,106.55,0.342857175348892
44384,1,209.3,36.1010370093363,26.37,209.33,-23.24,106.55,0.338817803935582
44385,1,209.3,40.0551063847393,101.24,209.33,-23.24,106.55,0.375927793380942
44386,1,209.3,36.6765611227188,23.83,209.33,-23.24,106.55,0.344219250330538
44390,0,0,0,0.33,1.1,-0.05,0.42,NaN
44391,1,1.1,0.42,0.27,1.1,-0.05,0.42,1
44396,0,0,0,49.21,168,-18.65,85.51,NaN
44399,1,9.4,4.78,3.35,9.4,-1.04,4.78,1
44400,1,9.4,4.78,1.26,9.4,-1.04,4.78,1
44401,1,9.4,4.78,2.07,9.4,-1.04,4.78,1
44405,0,0,0,0.1,0.5,-0.06,0.25,NaN
44405,1,0.5,0.25,0.11,0.5,-0.06,0.25,1
44407,0,0,0,1.3,3.5,-0.39,1.78,NaN
44410,0,0,0,0.07,0.55,-0.03,0.21,NaN
44411,1,0.55,0.21,0.2,0.55,-0.03,0.21,1
44414,1,3.5,-0.39,0.55,3.5,-0.39,1.78,1
44417,1,0.8,-0.09,0.38,0.8,-0.09,0.41,1
44417,0,0,0,0.36,0.8,-0.09,0.41,NaN
44418,0,0,0,0.32,0.8,-0.09,0.41,NaN
44424,1,89.99,28.6952685182177,40.25,90,-9.99,45.81,0.626397479114117
44425,1,89.99,27.9701992570951,23.6,90,-9.99,45.81,0.610569728380158
44426,1,89.99,30.4235585447848,11.79,90,-9.99,45.81,0.664124831800586
44427,1,89.99,23.611221114535,26.56,90,-9.99,45.81,0.51541630898352
44428,1,89.99,19.3528827155691,19.64,90,-9.99,45.81,0.422459784229842
44429,1,89.99,20.4827528198734,34.67,90,-9.99,45.81,0.447124051950958
44437,1,115.32,49.0955383895138,30.57,115.33,-12.8,58.7,0.836380551780473
44438,1,115.32,49.0090802888866,31.38,115.33,-12.8,58.7,0.834907671020214
44439,1,115.32,40.5013506207825,16.83,115.33,-12.8,58.7,0.68997190154655
44440,1,115.32,15.6475271275709,19.02,115.33,-12.8,58.7,0.266567753450952
44441,1,115.32,52.7932854940971,39.72,115.33,-12.8,58.7,0.899374539933511
44442,1,115.32,44.038376089441,14.44,115.33,-12.8,58.7,0.750227872051806
44446,0,0,0,0.27,1,-0.11,0.51,NaN
44447,0,0,0,0.15,1,-0.11,0.51,NaN
44449,1,1,0.51,0.5,1,-0.11,0.51,1
44449,0,0,0,0.5,1,-0.11,0.51,NaN
44450,0,0,0,0.1,1,-0.11,0.51,NaN
44450,1,1,0.51,0.33,1,-0.11,0.51,1
44456,1,1009.16,65.0821350305399,423.8,1009.3,-82.76,371.42,0.175225176432448
44457,1,1009.16,64.3379710801895,383.06,1009.3,-82.76,371.42,0.173221611868476
44460,1,79.99,17.04,27.03,80,-11.52,17.04,1
44465,1,109.48,23.32,23.72,109.5,-15.77,23.32,1
44469,1,1.5,0.32,0.51,1.5,-0.22,0.32,1
44470,1,1.5,0.32,0.22,1.5,-0.22,0.32,1
44475,1,228.59,158.84,60.13,340.85,-41.58,158.84,1
44476,0,0,0,80.19,340.85,-41.58,158.84,NaN
44479,1,5.9,3,2.72,5.9,-0.65,3,1
44479,1,5.9,3,2.54,5.9,-0.65,3,1
44479,1,5.9,3,2.92,5.9,-0.65,3,1
44479,0,0,0,1.74,5.9,-0.65,3,NaN
44479,1,5.9,3,2.42,5.9,-0.65,3,1
44483,1,67.86,34.54,20.64,67.87,-7.53,34.54,1
44484,1,67.86,34.54,20.99,67.87,-7.53,34.54,1
44485,1,67.86,34.54,33.63,67.87,-7.53,34.54,1
44486,1,67.86,34.54,7.36,67.87,-7.53,34.54,1
44487,1,67.86,34.54,28.08,67.87,-7.53,34.54,1
44488,1,67.86,34.54,20.44,67.87,-7.53,34.54,1
44492,1,4.8,2.24,1.63,4.8,-0.59,2.24,1
44495,1,0.97,0.45,0.14,0.97,-0.12,0.45,1
44496,1,0.97,0.45,0.34,0.97,-0.12,0.45,1
44497,1,0.97,0.45,0.12,0.97,-0.12,0.45,1
44501,0,0,0,0.24,0.6,-0.03,0.23,NaN
44501,1,0.6,0.23,0.11,0.6,-0.03,0.23,1
44501,0,0,0,0.25,0.6,-0.03,0.23,NaN
44501,1,0.6,0.23,0.2,0.6,-0.03,0.23,1
44501,1,0.6,0.23,0.11,0.6,-0.03,0.23,1
44504,1,0.6,-0.07,0.12,0.6,-0.07,0.31,1
44504,0,0,0,0.1,0.6,-0.07,0.31,NaN
44507,1,8,-0.39,2.51,8,-0.39,3.07,1
44507,0,0,0,3.85,8,-0.39,3.07,NaN
44510,1,2.96,-0.33,0.43,2.96,-0.33,1.51,1
44511,1,2.96,-0.33,0.76,2.96,-0.33,1.51,1
44511,0,0,0,0.42,2.96,-0.33,1.51,NaN
44511,1,2.96,-0.33,1.27,2.96,-0.33,1.51,1
44511,1,2.96,-0.33,0.71,2.96,-0.33,1.51,1
44516,1,2.6,0,0.89,2.6,0,0,NaN
44519,1,212.47,42.2421581775612,47.17,212.5,-23.59,108.16,0.390552497943428
44520,1,212.47,19.6233882405838,75.72,212.5,-23.59,108.16,0.181429255182912
44521,1,212.47,27.3655306662425,91.7,212.5,-23.59,108.16,0.253009714000023
44522,1,212.47,19.4463487041917,74.3,212.5,-23.59,108.16,0.179792425149702
44523,1,212.47,18.232405442664,30.64,212.5,-23.59,108.16,0.168568837302737
44524,1,212.47,24.279073206051,96.91,212.5,-23.59,108.16,0.224473679789672
44531,1,1224.73,169.87556386445,254.09,1224.9,-100.44,450.76,0.376864770308922
44532,1,1224.73,167.368375943809,292.48,1224.9,-100.44,450.76,0.371302635424193
44536,1,1.8,0.84,0.46,1.8,-0.22,0.84,1
44537,1,1.8,0.84,0.86,1.8,-0.22,0.84,1
44539,1,1.8,0.84,0.83,1.8,-0.22,0.84,1
44542,1,8.3,4.22,2.98,8.3,-0.92,4.22,1
44545,1,6.2,-0.69,1.09,6.2,-0.69,3.16,1
44546,1,6.2,-0.69,1.81,6.2,-0.69,3.16,1
44552,1,217.47,46.33,62.97,217.5,-31.32,46.33,1
44555,1,4.8,-0.53,1.91,4.8,-0.53,2.44,1
44555,1,4.8,-0.53,0.87,4.8,-0.53,2.44,1
44561,1,6.32,3.22,0.69,6.32,-0.7,3.22,1
44561,1,6.32,3.22,0.9,6.32,-0.7,3.22,1
44562,1,6.32,3.22,0.77,6.32,-0.7,3.22,1
44562,1,6.32,3.22,3.07,6.32,-0.7,3.22,1
44563,1,6.32,3.22,3.09,6.32,-0.7,3.22,1
44564,1,6.32,3.22,1.01,6.32,-0.7,3.22,1
44568,1,287.96,27.3807598385669,139.56,288,-31.97,146.59,0.186784636322852
44569,1,287.96,25.3699948201888,112.56,288,-31.97,146.59,0.173067704619611
44570,1,287.96,27.2512887092401,125.3,288,-31.97,146.59,0.185901416940037
44571,1,287.96,25.0347268755964,87.61,288,-31.97,146.59,0.170780591279053
44572,1,287.96,26.9020771967829,74.51,288,-31.97,146.59,0.183519184097025
44573,1,287.96,28.5082047134962,138.51,288,-31.97,146.59,0.194475780841095
46270,1,13,-1.44,4.54,13,-1.44,6.62,1
46270,1,13,-1.44,5.99,13,-1.44,6.62,1
46272,1,61.99,28.89,24.29,62,-7.56,28.89,1
46277,1,26.6,12.4,7.6,26.6,-3.25,12.4,1
46282,1,261.11,287.571240781793,161.45,659.5,-80.46,307.33,0.935708329098339
46283,1,278.69,286.675019100266,278.6,659.5,-80.46,307.33,0.932792174861764
46288,0,0,0,91.85,300,-43.2,63.9,NaN
46291,0,0,0,2.12,6,-0.73,2.8,NaN
46291,1,6,-0.73,2.73,6,-0.73,2.8,1
46291,1,6,-0.73,2.98,6,-0.73,2.8,1
46296,1,149.98,31.95,54.29,150,-21.6,31.95,1
46300,1,1.7,0.36,0.43,1.7,-0.24,0.36,1
46307,1,80.49,26.1242714061831,17.1,80.5,-8.94,40.97,0.637643920092338
46308,1,80.49,21.6619324198341,19.13,80.5,-8.94,40.97,0.528726688304469
46309,1,80.49,26.0048087606253,13.07,80.5,-8.94,40.97,0.634728063476332
46310,1,80.49,30.1358697657286,33.88,80.5,-8.94,40.97,0.735559428013879
46311,1,80.49,20.2194218935764,16.01,80.5,-8.94,40.97,0.493517742093639
46312,1,80.49,20.3606612034147,22.54,80.5,-8.94,40.97,0.496965125785078
46318,1,197.97,42.17,65.46,198,-28.51,42.17,1
46321,1,70.99,15.6714512256499,35.11,71,-7.88,36.14,0.433631743930546
46325,1,3.5,1.78,1.63,3.5,-0.39,1.78,1
46330,1,1224.73,194.920425637932,471.88,1224.9,-100.44,450.76,0.432426181644182
46331,1,1224.73,196.221103854965,307.05,1224.9,-100.44,450.76,0.43531170435479
46337,0,0,0,74.77,150.4,-21.66,32.04,NaN
46340,1,67.99,31.69,23.89,68,-8.3,31.69,1
46340,1,67.99,31.69,6.94,68,-8.3,31.69,1
46340,1,67.99,31.69,17.14,68,-8.3,31.69,1
46340,1,67.99,31.69,26.51,68,-8.3,31.69,1
46349,1,255.03,121.488531503996,193.06,502.7,-61.33,234.26,0.5186055301972
46350,1,330.3,122.246858032998,215.29,502.7,-61.33,234.26,0.521842645065305
46353,1,3.5,-0.43,1.35,3.5,-0.43,1.63,1
46355,1,60.29,28.7892171040529,11.83,60.3,-6.69,30.69,0.938065073445843
46355,1,60.29,28.7892171040529,17.83,60.3,-6.69,30.69,0.938065073445843
46355,1,60.29,28.7892171040529,23.39,60.3,-6.69,30.69,0.938065073445843
46355,1,60.29,28.7892171040529,6.2,60.3,-6.69,30.69,0.938065073445843
46355,1,60.29,28.7892171040529,7.84,60.3,-6.69,30.69,0.938065073445843
46363,1,199.97,18.6603611405101,27.4,200,-28.8,42.6,0.438036646490847
46366,0,0,0,0.78,2.5,-0.3,1.16,NaN
46366,0,0,0,0.86,2.5,-0.3,1.16,NaN
46366,0,0,0,1.23,2.5,-0.3,1.16,NaN
46370,1,234,54.1456834105494,43.1,234.03,-25.98,119.12,0.454547375844102
46371,1,234,54.7634655852806,34.98,234.03,-25.98,119.12,0.459733592891879
46372,1,234,54.3145990359409,98.43,234.03,-25.98,119.12,0.455965404935703
46376,1,4.2,2.14,1.12,4.2,-0.47,2.14,1
46383,1,113.98,33.9242848146839,39,114,-12.65,58.03,0.584599083485851
46384,1,113.98,34.1001506023585,36.79,114,-12.65,58.03,0.587629684686515
46385,1,113.98,31.1239633612638,26.49,114,-12.65,58.03,0.536342639346265
46386,1,113.98,23.9280039652146,45.1,114,-12.65,58.03,0.412338513961995
46389,0,0,0,0.19,1.8,-0.22,0.84,NaN
46389,0,0,0,0.72,1.8,-0.22,0.84,NaN
46389,0,0,0,0.32,1.8,-0.22,0.84,NaN
46395,1,52.49,11.18,13.35,52.5,-7.56,11.18,1
46396,1,52.49,11.18,21.62,52.5,-7.56,11.18,1
46397,1,52.49,11.18,14.64,52.5,-7.56,11.18,1
46398,0,0,0,9.37,52.5,-7.56,11.18,NaN
46401,1,2.93,1.37,1.3,2.93,-0.36,1.37,1
46401,1,2.93,1.37,0.47,2.93,-0.36,1.37,1
46401,1,2.93,1.37,1.46,2.93,-0.36,1.37,1
46401,1,2.93,1.37,1.27,2.93,-0.36,1.37,1
46401,1,2.93,1.37,1.15,2.93,-0.36,1.37,1
46401,1,2.93,1.37,1.03,2.93,-0.36,1.37,1
46403,0,0,0,0.96,2.5,-0.3,1.16,NaN
46403,1,2.5,1.16,0.91,2.5,-0.3,1.16,1
46403,1,2.5,1.16,0.71,2.5,-0.3,1.16,1
46403,1,2.5,1.16,1.11,2.5,-0.3,1.16,1
46403,1,2.5,1.16,0.86,2.5,-0.3,1.16,1
46407,1,18,5.28485002649856,7.76,18,-2,9.16,0.576948692849188
46407,1,18,5.28485002649856,2.59,18,-2,9.16,0.576948692849188
46412,0,0,0,355.72,883,-107.73,411.48,NaN
46413,1,266.62,144.952284823806,112.43,883,-107.73,411.48,0.352270547350555
46417,1,9.4,-1.15,1.24,9.4,-1.15,4.38,1
46418,1,9.4,-0.162674501777848,3.52,9.4,-1.15,4.38,0.141456088502477
46418,1,9.4,-0.162674501777848,4.07,9.4,-1.15,4.38,0.141456088502477
46419,1,9.4,-1.15,2.5,9.4,-1.15,4.38,1
46419,1,9.4,-1.15,3.63,9.4,-1.15,4.38,1
46424,1,2.5,-0.3,0.49,2.5,-0.3,1.16,1
46425,1,2.5,-0.3,1.23,2.5,-0.3,1.16,1
46427,1,2.5,-0.3,1.1,2.5,-0.3,1.16,1
46427,1,2.5,-0.3,0.28,2.5,-0.3,1.16,1
46428,1,2.5,-0.3,0.98,2.5,-0.3,1.16,1
46429,1,2.5,-0.3,0.69,2.5,-0.3,1.16,1
46434,1,46.99,23.92,13.48,47,-5.22,23.92,1
46434,1,46.99,23.92,18.84,47,-5.22,23.92,1
46435,1,46.99,23.92,5.64,47,-5.22,23.92,1
46435,1,46.99,23.92,14.83,47,-5.22,23.92,1
46438,0,0,0,1.15,2.5,-0.28,1.27,NaN
46438,1,2.5,1.27,1.21,2.5,-0.28,1.27,1
46442,1,260.06,68.9890094718232,89.9,260.1,-31.73,121.21,0.569169288605092
46443,1,260.06,69.4614633768477,96.88,260.1,-31.73,121.21,0.573067101533271
46444,1,260.06,66.0930042944459,67.46,260.1,-31.73,121.21,0.545276827773664
46452,1,183.27,31.3256882834882,40.04,183.3,-22.36,85.42,0.366725454032875
46453,1,183.27,38.8548352644422,27.28,183.3,-22.36,85.42,0.454868125315409
46454,1,183.27,39.8173108076713,82.58,183.3,-22.36,85.42,0.466135691965245
46455,1,183.27,31.2335386005845,89.41,183.3,-22.36,85.42,0.365646670575797
46456,1,183.27,34.2592122744747,36.46,183.3,-22.36,85.42,0.401067809347632
46457,1,183.27,30.9197440684136,52.9,183.3,-22.36,85.42,0.361973121849843
46460,0,0,0,0.83,1.8,-0.22,0.84,NaN
46460,0,0,0,0.19,1.8,-0.22,0.84,NaN
46467,1,134.98,58.7870284228673,16.62,135,-14.98,68.72,0.855457340262912
46468,1,134.98,31.0390091322697,55.62,135,-14.98,68.72,0.451673590399734
46471,1,8.4,1.79,2.89,8.4,-1.21,1.79,1
46473,1,2.8,1.3,0.71,2.8,-0.34,1.3,1
46473,1,2.8,1.3,1,2.8,-0.34,1.3,1
46473,1,2.8,1.3,0.32,2.8,-0.34,1.3,1
46475,1,2.8,-0.34,0.42,2.8,-0.34,1.3,1
46475,1,2.8,-0.34,1.26,2.8,-0.34,1.3,1
46475,1,2.8,-0.34,1.06,2.8,-0.34,1.3,1
46480,1,17.5,8.16,7.92,17.5,-2.14,8.16,1
46482,1,52.99,-7.63,19.53,53,-7.63,11.29,1
46490,1,153.13,37.4531303269137,70.27,153.15,-18.68,71.37,0.524774139371076
46491,1,153.13,31.5017680793937,57.04,153.15,-18.68,71.37,0.441386690197474
46498,1,138.58,33.1211436111781,36.96,138.6,-15.38,70.55,0.469470497677932
46503,0,0,0,303.95,892.8,-108.92,416.04,NaN
46504,0,0,0,399.33,892.8,-108.92,416.04,NaN
46509,1,146.48,34.2228175736228,69.13,146.5,-16.26,74.57,0.458935464310351
46510,1,146.48,28.3198883873936,23.07,146.5,-16.26,74.57,0.379775893622015
46511,1,146.48,26.4108381733142,61.31,146.5,-16.26,74.57,0.354175112958484
46512,1,146.48,26.6472430615778,15.47,146.5,-16.26,74.57,0.357345354185032
46517,1,24,7.38076052712428,6.03,24,-2.93,11.18,0.660175360207897
46521,0,0,0,0.36,1.8,-0.22,0.84,NaN
46521,0,0,0,0.21,1.8,-0.22,0.84,NaN
46522,0,0,0,0.68,1.8,-0.22,0.84,NaN
46523,0,0,0,0.25,1.8,-0.22,0.84,NaN
46523,0,0,0,0.33,1.8,-0.22,0.84,NaN
46524,0,0,0,0.74,1.8,-0.22,0.84,NaN
46531,1,71.99,7.28585661827326,21.87,72,-10.37,15.34,0.474958058557579
46539,1,300.09,90.5562711093284,206.08,441,-53.8,205.51,0.440641677336034
46545,1,149.98,-21.6,24.01,150,-21.6,31.95,1
46548,0,0,0,0.84,1.8,-0.22,0.84,NaN
46548,0,0,0,0.4,1.8,-0.22,0.84,NaN
46548,0,0,0,0.59,1.8,-0.22,0.84,NaN
46548,0,0,0,0.24,1.8,-0.22,0.84,NaN
46550,0,0,0,0.31,1.57,-0.19,0.73,NaN
46550,0,0,0,0.17,1.57,-0.19,0.73,NaN
46550,0,0,0,0.18,1.57,-0.19,0.73,NaN
46553,1,101.99,20.8989713858278,46.51,102,-14.69,21.73,0.961756621529122
46555,1,2.82,1.31,0.82,2.82,-0.34,1.31,1
46555,1,2.82,1.31,0.77,2.82,-0.34,1.31,1
46555,1,2.82,1.31,1.12,2.82,-0.34,1.31,1
46555,1,2.82,1.31,0.54,2.82,-0.34,1.31,1
46555,1,2.82,1.31,1.4,2.82,-0.34,1.31,1
46555,1,2.82,1.31,0.67,2.82,-0.34,1.31,1
46560,1,199.97,42.6,85.37,200,-28.8,42.6,1
46566,1,199.97,34.2462390616505,93.81,200,-28.8,42.6,0.803902325390856
46570,1,2.82,1.31,1.16,2.82,-0.34,1.31,1
46571,1,2.82,1.31,0.35,2.82,-0.34,1.31,1
46573,1,2.82,1.31,0.68,2.82,-0.34,1.31,1
46573,1,2.82,1.31,1.27,2.82,-0.34,1.31,1
46574,1,2.82,1.31,0.34,2.82,-0.34,1.31,1
46574,1,2.82,1.31,1.13,2.82,-0.34,1.31,1
46580,1,250.02,40.5918153576018,55.81,250.05,-30.51,116.52,0.348367794006195
46581,1,250.02,40.4937499086711,118.63,250.05,-30.51,116.52,0.347526174980013
46584,1,2.62,1.22,0.79,2.62,-0.32,1.22,1
46584,1,2.62,1.22,0.87,2.62,-0.32,1.22,1
46584,1,2.62,1.22,0.35,2.62,-0.32,1.22,1
46584,1,2.62,1.22,1.14,2.62,-0.32,1.22,1
46584,1,2.62,1.22,0.34,2.62,-0.32,1.22,1
46584,1,2.62,1.22,0.39,2.62,-0.32,1.22,1
46587,1,197.97,11.6940739010016,93.18,198,-28.51,42.17,0.277307894261362
46592,1,25,12.73,12.33,25,-2.78,12.73,1
46592,1,25,12.73,11.33,25,-2.78,12.73,1
46593,1,25,12.73,11.91,25,-2.78,12.73,1
46593,1,25,12.73,9.6,25,-2.78,12.73,1
46594,1,25,-2.78,7.16,25,-2.78,12.73,1
46601,0,0,0,0.27,1.8,-0.22,0.84,NaN
46601,0,0,0,0.25,1.8,-0.22,0.84,NaN
46602,0,0,0,0.49,1.8,-0.22,0.84,NaN
46605,1,74.99,20.8239545292297,26.68,75,-8.33,38.17,0.545558148525799
46605,1,74.99,20.8239545292297,10.29,75,-8.33,38.17,0.545558148525799
46611,1,227.56,165.600206098159,53.87,488,-59.54,227.41,0.728201073383574
46616,1,134.98,36.332968007982,39.58,135,-14.98,68.72,0.528710244586466
46617,1,134.98,28.2385246420395,61.31,135,-14.98,68.72,0.410921487806162
46621,1,80.99,0.778118680317874,24.07,81,-11.66,17.25,0.0451083292937898
46624,0,0,0,0.14,0.4,-0.06,0.09,NaN
46624,1,0.4,0.09,0.17,0.4,-0.06,0.09,1
46624,0,0,0,0.19,0.4,-0.06,0.09,NaN
46624,1,1.5,0.32,0.16,1.5,-0.22,0.32,1
46624,0,0,0,0.46,1.7,-0.24,0.36,NaN
46629,1,154.43,71.97,61.06,154.45,-18.84,71.97,1
46630,1,154.43,71.97,19.47,154.45,-18.84,71.97,1
46631,1,154.43,71.97,54,154.45,-18.84,71.97,1
46632,1,154.43,71.97,76.96,154.45,-18.84,71.97,1
46637,1,286.23,170.746202540534,65.36,617.4,-75.32,287.71,0.593466346461832
46638,1,260.1,171.199268286967,260.01,617.4,-75.32,287.71,0.595041077080974
46642,0,0,0,0.49,1.8,-0.22,0.84,NaN
46642,0,0,0,0.59,1.8,-0.22,0.84,NaN
46643,0,0,0,0.45,1.8,-0.22,0.84,NaN
46647,0,0,0,0.45,1.8,-0.22,0.84,NaN
46648,0,0,0,0.83,1.8,-0.22,0.84,NaN
46655,1,160.2,53.8269842988304,42.02,160.22,-17.78,81.55,0.660048857128515
46656,1,160.2,54.03640373958,20.99,160.22,-17.78,81.55,0.662616845365788
46657,1,160.2,53.8060492386075,47.29,160.22,-17.78,81.55,0.659792142717443
46658,1,160.2,35.0614144642925,34.97,160.22,-17.78,81.55,0.429937639047119
46661,1,63.32,25.4642392959092,8.54,63.33,-7.03,32.24,0.789833725059217
46661,1,63.32,25.4642392959092,28.77,63.33,-7.03,32.24,0.789833725059217
46661,1,63.32,25.4642392959092,15.72,63.33,-7.03,32.24,0.789833725059217
46661,1,63.32,25.4642392959092,20.98,63.33,-7.03,32.24,0.789833725059217
46661,1,63.32,25.4642392959092,8.99,63.33,-7.03,32.24,0.789833725059217
46661,1,63.32,25.4642392959092,18.3,63.33,-7.03,32.24,0.789833725059217
46666,0,0,0,0.2,1.58,-0.19,0.73,NaN
46666,0,0,0,0.51,1.58,-0.19,0.73,NaN
46666,0,0,0,0.52,1.58,-0.19,0.73,NaN
46666,0,0,0,0.68,1.58,-0.19,0.73,NaN
46668,1,3,1.53,0.82,3,-0.33,1.53,1
46668,1,3,1.53,1.09,3,-0.33,1.53,1
46668,1,3,1.53,0.51,3,-0.33,1.53,1
46668,1,3,1.53,1.08,3,-0.33,1.53,1
46672,1,150.38,32.04,15.79,150.4,-21.66,32.04,1
46675,1,4.23,-0.52,1.02,4.23,-0.52,1.97,1
46675,1,4.23,-0.52,1.47,4.23,-0.52,1.97,1
46675,1,4.23,-0.52,1.11,4.23,-0.52,1.97,1
46676,1,4.23,1.97,1.04,4.23,-0.52,1.97,1
46676,1,4.23,1.97,2.01,4.23,-0.52,1.97,1
46676,1,4.23,1.97,0.55,4.23,-0.52,1.97,1
46681,1,1.53,-0.19,0.2,1.53,-0.19,0.71,1
46682,1,1.53,-0.19,0.69,1.53,-0.19,0.71,1
46684,1,1.53,-0.19,0.55,1.53,-0.19,0.71,1
46685,1,1.53,-0.19,0.73,1.53,-0.19,0.71,1
46687,0,0,0,0.53,1.6,-0.2,0.75,NaN
46687,1,1.53,0.71,0.42,1.53,-0.19,0.71,1
46688,1,1.53,0.71,0.42,1.53,-0.19,0.71,1
46693,1,55.83,14.4991028361928,12.2,55.83,-6.81,26.02,0.557229163573899
46694,1,55.83,14.2518777274035,27.25,55.83,-6.81,26.02,0.54772781427377
46695,1,55.83,12.6778761508683,10.22,55.83,-6.81,26.02,0.487235824399242
46696,1,55.83,9.71372370516374,10.68,55.83,-6.81,26.02,0.373317590513595
46697,1,55.83,13.46306060017,22.42,55.83,-6.81,26.02,0.517412013842043
46698,0,0,0,25.22,55.83,-6.81,26.02,NaN
46703,1,2.77,1.29,0.84,2.77,-0.34,1.29,1
46704,1,2.77,1.29,0.86,2.77,-0.34,1.29,1
46704,1,2.77,1.29,1.23,2.77,-0.34,1.29,1
46705,1,2.77,1.29,0.63,2.77,-0.34,1.29,1
46706,1,2.77,1.29,1.21,2.77,-0.34,1.29,1
46707,1,2.77,1.29,0.82,2.77,-0.34,1.29,1
46711,1,6.8,3.0489656974418,2.02,6.8,-0.75,3.46,0.881203958798207
46712,1,6.8,3.0489656974418,3.03,6.8,-0.75,3.46,0.881203958798207
46716,1,4.53,-0.55,0.63,4.53,-0.55,2.11,1
46717,1,4.53,0.464307528896224,1.25,4.53,-0.55,2.11,0.220050961562192
46717,1,4.53,0.464307528896224,1.71,4.53,-0.55,2.11,0.220050961562192
46717,1,4.53,0.464307528896224,2.23,4.53,-0.55,2.11,0.220050961562192
46717,1,4.53,0.464307528896224,1.86,4.53,-0.55,2.11,0.220050961562192
46717,1,4.53,0.464307528896224,1.9,4.53,-0.55,2.11,0.220050961562192
46725,1,282.29,71.4582493269049,194.95,631.37,-77.03,294.22,0.242873527723829
46726,1,322.96,71.1646848172617,117.27,631.37,-77.03,294.22,0.241875755615735
46727,1,193.09,70.6280306930656,192.99,631.37,-77.03,294.22,0.240051766341736
46732,1,1138.14,165.035352046086,206.29,1138.3,-93.34,418.89,0.39398255400245
46737,1,100.49,18.6275763193973,37.95,100.5,-14.47,21.41,0.870040930378201
46741,0,0,0,0.78,1.8,-0.22,0.84,NaN
46741,0,0,0,0.38,1.8,-0.22,0.84,NaN
46742,0,0,0,0.73,1.8,-0.22,0.84,NaN
46742,0,0,0,0.34,1.8,-0.22,0.84,NaN
46743,0,0,0,0.53,1.8,-0.22,0.84,NaN
46748,1,216.97,46.22,29.57,217,-31.25,46.22,1
48243,0,0,0,5.31,19.93,-0.98,7.65,NaN
48244,1,19.93,-0.98,5.63,19.93,-0.98,7.65,1
48246,0,0,0,4.6,19.93,-0.98,7.65,NaN
48249,1,1.7,0.65,0.45,1.7,-0.08,0.65,1
48249,0,0,0,0.64,1.7,-0.08,0.65,NaN
48252,1,1.9,0.73,0.63,1.9,-0.09,0.73,1
48252,1,1.9,0.73,0.56,1.9,-0.09,0.73,1
48255,1,1.13,0.44,0.33,1.13,-0.06,0.44,1
48255,1,1.13,0.44,0.14,1.13,-0.06,0.44,1
48255,1,1.13,0.44,0.24,1.13,-0.06,0.44,1
48258,1,11,2.34,4.49,11,-1.58,2.34,1
48261,1,8.6,3.3,3.39,8.6,-0.42,3.3,1
48262,1,8.6,3.3,1.19,8.6,-0.42,3.3,1
48268,1,642.91,-3.42316237134626,70.98,643,-52.73,236.62,0.0649186871106819
48269,1,642.91,-3.40337363819094,271.43,643,-52.73,236.62,0.0645434029620888
48273,1,1.8,0.69,0.77,1.8,-0.09,0.69,1
48273,1,1.8,0.69,0.4,1.8,-0.09,0.69,1
48274,1,1.8,0.69,0.57,1.8,-0.09,0.69,1
48274,1,1.8,0.69,0.69,1.8,-0.09,0.69,1
48278,1,1.1,-0.05,0.42,1.1,-0.05,0.42,1
48278,1,1.1,-0.05,0.35,1.1,-0.05,0.42,1
48279,1,1.1,-0.05,0.36,1.1,-0.05,0.42,1
48283,1,1.77,-0.09,0.75,1.77,-0.09,0.68,1
48284,1,1.77,-0.09,0.78,1.77,-0.09,0.68,1
48286,1,1.77,-0.09,0.51,1.77,-0.09,0.68,1
48290,1,0.47,-0.02,0.2,0.47,-0.02,0.18,1
48291,1,0.47,-0.02,0.07,0.47,-0.02,0.18,1
48293,1,0.47,0.18,0.1,0.47,-0.02,0.18,1
48296,1,2.07,-0.25,0.94,2.07,-0.25,0.97,1
48296,1,2.07,-0.25,0.58,2.07,-0.25,0.97,1
48297,1,2.07,0.97,0.93,2.07,-0.25,0.97,1
48298,1,2.07,0.97,0.35,2.07,-0.25,0.97,1
48303,1,2,0.77,0.88,2,-0.1,0.77,1
48304,1,2,0.77,0.85,2,-0.1,0.77,1
48305,1,2,0.77,0.55,2,-0.1,0.77,1
48308,1,0.65,-0.03,0.2,0.65,-0.03,0.25,1
48308,0,0,0,0.23,0.65,-0.03,0.25,NaN
48308,0,0,0,0.32,0.65,-0.03,0.25,NaN
48308,1,0.65,-0.03,0.23,0.65,-0.03,0.25,1
48309,1,0.65,0.25,0.31,0.65,-0.03,0.25,1
48310,1,0.65,0.25,0.32,0.65,-0.03,0.25,1
48315,1,0.7,0.27,0.27,0.7,-0.03,0.27,1
48316,1,0.7,0.27,0.09,0.7,-0.03,0.27,1
48316,0,0,0,0.03,0.1,-0,0.04,NaN
48320,1,2.28,1.06,1.12,2.28,-0.28,1.06,1
48321,1,2.28,1.06,1.09,2.28,-0.28,1.06,1
48323,1,2.28,1.06,0.63,2.28,-0.28,1.06,1
48324,1,2.28,1.06,0.32,2.28,-0.28,1.06,1
48326,1,2.28,1.06,0.85,2.28,-0.28,1.06,1
48326,1,2.28,1.06,0.24,2.28,-0.28,1.06,1
48331,1,206.24,35.6629986478039,100.22,206.27,-22.9,104.99,0.339679956641622
48332,1,206.24,53.3002041348235,29.73,206.27,-22.9,104.99,0.507669341221293
48333,1,206.24,65.7844795325445,34.87,206.27,-22.9,104.99,0.626578526836313
48337,1,1.8,0.69,0.2,1.8,-0.09,0.69,1
48337,1,1.8,0.69,0.75,1.8,-0.09,0.69,1
48338,0,0,0,0.42,1.8,-0.09,0.69,NaN
48341,1,1.4,-0.07,0.29,1.4,-0.07,0.54,1
48341,1,1.4,-0.07,0.65,1.4,-0.07,0.54,1
48341,1,1.4,-0.07,0.21,1.4,-0.07,0.54,1
48341,1,1.4,-0.07,0.64,1.4,-0.07,0.54,1
48341,1,1.4,-0.07,0.3,1.4,-0.07,0.54,1
48344,1,1.96,-0.24,0.86,1.96,-0.24,0.91,1
48344,1,1.96,-0.24,0.66,1.96,-0.24,0.91,1
48345,1,1.96,-0.24,0.81,1.96,-0.24,0.91,1
48345,1,1.96,-0.24,0.59,1.96,-0.24,0.91,1
48346,1,1.96,-0.24,0.7,1.96,-0.24,0.91,1
48349,1,11,-1.34,3.05,11,-1.34,5.13,1
48349,1,11,-1.34,1.2,11,-1.34,5.13,1
48354,1,11.3,-0.55,2.97,11.3,-0.55,4.34,1
48354,1,11.3,-0.55,2.91,11.3,-0.55,4.34,1
48355,1,11.3,-0.55,5.06,11.3,-0.55,4.34,1
48358,1,1.5,0.7,0.19,1.5,-0.18,0.7,1
48361,0,0,0,0.62,1.48,-0.18,0.69,NaN
48361,0,0,0,0.16,1.48,-0.18,0.69,NaN
48362,0,0,0,0.45,1.48,-0.18,0.69,NaN
48362,0,0,0,0.16,1.48,-0.18,0.69,NaN
48363,0,0,0,0.28,1.48,-0.18,0.69,NaN
48366,0,0,0,0.88,3,-0.33,1.53,NaN
48366,1,3,-0.33,1.35,3,-0.33,1.53,1
48369,1,0.37,0.14,0.06,0.37,-0.02,0.14,1
48370,1,0.37,0.14,0.11,0.37,-0.02,0.14,1
48372,0,0,0,0.23,0.5,-0.02,0.19,NaN
48372,1,0.5,0.19,0.09,0.5,-0.02,0.19,1
48373,1,0.37,0.14,0.09,0.37,-0.02,0.14,1
48377,1,35.5,0.89918882337589,17.25,35.5,-3.94,18.07,0.0497614180064134
48377,1,35.5,0.89918882337589,17.27,35.5,-3.94,18.07,0.0497614180064134
48380,0,0,0,0.9,2.43,-0.12,0.93,NaN
48380,1,2.42,0.93,0.91,2.43,-0.12,0.93,1
48380,0,0,0,0.41,2.43,-0.12,0.93,NaN
48380,1,2.42,0.93,1.15,2.43,-0.12,0.93,1
48383,1,0.57,0.22,0.08,0.57,-0.03,0.22,1
48383,1,0.57,0.22,0.07,0.57,-0.03,0.22,1
48384,1,0.57,0.22,0.19,0.57,-0.03,0.22,1
48387,1,87.54,-1.03502820512319,16.64,87.55,-10.68,40.8,0.0969127532886882
48387,1,87.54,-1.03502820512319,24.1,87.55,-10.68,40.8,0.0969127532886882
48387,1,87.54,-1.03502820512319,18.74,87.55,-10.68,40.8,0.0969127532886882
48387,1,87.54,-1.03502820512319,27.78,87.55,-10.68,40.8,0.0969127532886882
48389,1,4.1,1.57,0.9,4.1,-0.2,1.57,1
48389,1,4.1,1.57,1.65,4.1,-0.2,1.57,1
48392,1,1,-0.05,0.46,1,-0.05,0.38,1
48393,1,1,-0.05,0.14,1,-0.05,0.38,1
48397,0,0,0,0.85,3.2,-0.16,1.23,NaN
48398,1,3.2,1.23,0.35,3.2,-0.16,1.23,1
48403,1,192.38,59.4184587448506,64.05,277.9,-33.9,129.5,0.458829797257534
48404,1,234.5,59.2486114365033,60.78,277.9,-33.9,129.5,0.457518235030913
48405,1,249.18,59.8346915700171,134.17,277.9,-33.9,129.5,0.462043950347622
48409,0,0,0,0.35,1.5,-0.22,0.32,NaN
48409,1,1.5,0.32,0.24,1.5,-0.22,0.32,1
48416,1,53.99,25.16,6.01,54,-6.59,25.16,1
48419,0,0,0,0.26,0.7,-0.03,0.27,NaN
48419,1,0.7,-0.03,0.23,0.7,-0.03,0.27,1
48420,0,0,0,0.07,0.5,-0.02,0.19,NaN
48421,1,0.5,0.19,0.07,0.5,-0.02,0.19,1
48425,0,0,0,0.1,0.35,-0.02,0.13,NaN
48425,0,0,0,0.15,0.35,-0.02,0.13,NaN
48425,1,0.35,-0.02,0.1,0.35,-0.02,0.13,1
48425,1,0.35,-0.02,0.17,0.35,-0.02,0.13,1
48425,1,0.35,-0.02,0.1,0.35,-0.02,0.13,1
48425,1,0.35,-0.02,0.05,0.35,-0.02,0.13,1
48425,1,0.43,-0.02,0.07,0.43,-0.02,0.17,1
48425,0,0,0,0.07,0.43,-0.02,0.17,NaN
48425,1,0.43,-0.02,0.18,0.43,-0.02,0.17,1
48432,1,233.43,88.3861983327957,65.1,345.6,-42.16,161.05,0.548812159781408
48436,1,38.14,-4.23,8.69,38.15,-4.23,19.42,1
48436,1,38.14,-4.23,16.34,38.15,-4.23,19.42,1
48440,0,0,0,7.74,30,-4.32,6.39,NaN
48444,0,0,0,5.42,12,-1.46,5.59,NaN
48448,1,3.5,1.78,1.56,3.5,-0.39,1.78,1
48453,1,64.49,13.74,27.15,64.5,-9.29,13.74,1
48454,0,0,0,25.68,64.5,-9.29,13.74,NaN
48459,1,178.59,180.34,178.54,387,-47.21,180.34,1
48463,1,3,1.15,1.15,3,-0.15,1.15,1
48464,0,0,0,1.41,3,-0.15,1.15,NaN
48464,1,3,1.15,1.3,3,-0.15,1.15,1
48465,1,3,1.15,0.57,3,-0.15,1.15,1
48465,1,3,1.15,0.82,3,-0.15,1.15,1
48469,0,0,0,0.07,0.6,-0.03,0.23,NaN
48470,0,0,0,0.23,0.6,-0.03,0.23,NaN
48472,1,0.6,-0.03,0.22,0.6,-0.03,0.23,1
48472,1,0.6,-0.03,0.11,0.6,-0.03,0.23,1
48475,1,0.93,-0.05,0.34,0.93,-0.05,0.36,1
48475,1,0.93,-0.05,0.35,0.93,-0.05,0.36,1
48475,1,0.93,-0.05,0.25,0.93,-0.05,0.36,1
48475,1,0.93,-0.05,0.29,0.93,-0.05,0.36,1
48475,1,0.93,-0.05,0.11,0.93,-0.05,0.36,1
48475,0,0,0,0.35,0.93,-0.05,0.36,NaN
48477,1,20,4.26,4.2,20,-2.88,4.26,1
48479,1,41.69,21.23,13.82,41.7,-4.63,21.23,1
48482,1,2,0.93,0.99,2,-0.24,0.93,1
48486,1,141.73,72.15,66.24,141.75,-15.73,72.15,1
48487,1,141.73,72.15,69,141.75,-15.73,72.15,1
48490,1,9.7,4.94,1.08,9.7,-1.08,4.94,1
48492,1,10,-1.11,4.89,10,-1.11,5.09,1
48494,1,1.5,0.7,0.73,1.5,-0.18,0.7,1
48497,1,1.12,0.43,0.37,1.12,-0.05,0.43,1
48498,1,1.12,0.43,0.29,1.12,-0.05,0.43,1
48498,1,1.12,0.43,0.16,1.12,-0.05,0.43,1
48499,0,0,0,0.26,1.12,-0.05,0.43,NaN
48499,0,0,0,0.13,1.12,-0.05,0.43,NaN
48500,1,1.12,0.43,0.27,1.12,-0.05,0.43,1
48504,1,0.7,-0.03,0.23,0.7,-0.03,0.27,1
48504,1,0.7,-0.03,0.08,0.7,-0.03,0.27,1
48505,0,0,0,0.26,0.7,-0.03,0.27,NaN
48509,1,0.65,0.3,0.23,0.65,-0.08,0.3,1
48509,1,0.65,0.3,0.14,0.65,-0.08,0.3,1
48510,1,0.65,0.3,0.3,0.65,-0.08,0.3,1
48510,1,0.65,0.3,0.11,0.65,-0.08,0.3,1
48517,1,186.97,-20.76,82.56,187,-20.76,95.18,1
48518,1,186.97,-20.76,42.3,187,-20.76,95.18,1
48519,1,186.97,-20.76,57.96,187,-20.76,95.18,1
48525,1,27.2,-3.02,7.34,27.2,-3.02,13.84,1
48533,1,224.94,60.3778525625949,52.26,224.97,-24.97,114.51,0.527271439722251
48534,1,224.94,57.3821731164335,70.29,224.97,-24.97,114.51,0.501110585245249
48535,1,224.94,54.235476607565,88.04,224.97,-24.97,114.51,0.473630919636408
48538,0,0,0,0.22,1,-0.05,0.38,NaN
48538,1,1,0.38,0.48,1,-0.05,0.38,1
48538,1,1,0.38,0.33,1,-0.05,0.38,1
48540,1,1.8,-0.09,0.71,1.8,-0.09,0.69,1
48540,1,1.8,-0.09,0.28,1.8,-0.09,0.69,1
48542,1,7.6,3.87,1.98,7.6,-0.84,3.87,1
48545,1,17.5,8.91,8.3,17.5,-1.94,8.91,1
48548,1,0.83,-0.1,0.16,0.83,-0.1,0.39,1
48549,1,0.83,-0.1,0.41,0.83,-0.1,0.39,1
48551,1,0.83,-0.1,0.39,0.83,-0.1,0.39,1
48552,1,0.83,-0.1,0.15,0.83,-0.1,0.39,1
48554,0,0,0,0.23,0.83,-0.1,0.39,NaN
48555,0,0,0,0.25,0.83,-0.1,0.39,NaN
48558,1,4.03,2.05,0.88,4.03,-0.45,2.05,1
48558,1,4.03,2.05,1.09,4.03,-0.45,2.05,1
48558,1,4.03,2.05,0.56,4.03,-0.45,2.05,1
48561,1,1.5,-0.07,0.47,1.5,-0.07,0.58,1
48561,0,0,0,0.35,1.5,-0.07,0.58,NaN
48562,1,1.5,-0.07,0.47,1.5,-0.07,0.58,1
48563,1,1.5,-0.07,0.65,1.5,-0.07,0.58,1
48563,0,0,0,0.58,1.5,-0.07,0.58,NaN
48564,0,0,0,0.46,1.5,-0.07,0.58,NaN
48570,1,5,-0.25,2.21,5,-0.25,1.92,1
48570,1,5,-0.25,2.07,5,-0.25,1.92,1
48571,1,5,-0.25,1.04,5,-0.25,1.92,1
48571,1,5,-0.25,2.01,5,-0.25,1.92,1
48576,1,0.6,0.176307843434136,0.26,0.6,-0.03,0.23,0.766555841017984
48577,1,0.6,0.0852886167784777,0.23,0.6,-0.03,0.23,0.370820072949903
48577,0,0,0,0.08,0.4,-0.02,0.15,NaN
48578,1,0.4,-0.02,0.11,0.4,-0.02,0.15,1
48578,1,0.4,-0.02,0.12,0.4,-0.02,0.15,1
48579,0,0,0,0.12,0.33,-0.02,0.13,NaN
48579,1,0.33,0.0697696531649325,0.14,0.33,-0.02,0.13,0.53668963973025
48580,1,0.33,-0.00894565915389837,0.08,0.33,-0.02,0.13,0.447282957694919
48584,1,0.77,0.29,0.24,0.77,-0.04,0.29,1
48584,1,0.77,0.29,0.31,0.77,-0.04,0.29,1
48585,1,0.77,0.29,0.32,0.77,-0.04,0.29,1
48592,1,205.55,113.393977914127,117.88,556,-67.83,259.1,0.437645611401492
48593,1,192.03,115.073100128239,100.97,556,-67.83,259.1,0.44412620659297
48596,1,95.39,48.56,22.52,95.4,-10.59,48.56,1
48596,1,95.39,48.56,34.1,95.4,-10.59,48.56,1
48596,1,95.39,48.56,20.42,95.4,-10.59,48.56,1
48596,1,95.39,48.56,45.66,95.4,-10.59,48.56,1
48600,1,4.1,1.91,1.91,4.1,-0.5,1.91,1
48602,1,53.99,11.5,17.32,54,-7.78,11.5,1
48606,1,49.99,25.45,6.82,50,-5.55,25.45,1
48606,1,49.99,25.45,11.41,50,-5.55,25.45,1
48608,1,78.79,36.72,11.14,78.8,-9.61,36.72,1
48608,1,78.79,36.72,35.23,78.8,-9.61,36.72,1
48613,0,0,0,0.2,1.33,-0.16,0.62,NaN
48614,0,0,0,0.19,1.33,-0.16,0.62,NaN
48616,0,0,0,0.33,1.33,-0.16,0.62,NaN
48617,0,0,0,0.47,1.33,-0.16,0.62,NaN
48617,0,0,0,0.46,1.33,-0.16,0.62,NaN
48618,0,0,0,0.3,1.33,-0.16,0.62,NaN
48623,1,173.38,35.4350195288597,50.45,173.4,-19.25,88.26,0.401484472341487
48624,1,173.38,35.4773800890384,74.02,173.4,-19.25,88.26,0.40196442430363
48628,1,0.85,0.33,0.31,0.85,-0.04,0.33,1
48628,1,0.85,0.33,0.28,0.85,-0.04,0.33,1
48629,0,0,0,0.38,0.85,-0.04,0.33,NaN
48629,1,0.85,0.33,0.16,0.85,-0.04,0.33,1
48630,1,0.85,0.33,0.14,0.85,-0.04,0.33,1
48631,0,0,0,0.21,0.85,-0.04,0.33,NaN
48635,0,0,0,0.33,1,-0.11,0.51,NaN
48636,0,0,0,0.3,1.1,-0.12,0.56,NaN
48642,1,62.36,22.2714044602995,20.75,62.37,-6.92,31.74,0.701682560185869
48643,1,62.36,21.23791569024,15.98,62.37,-6.92,31.74,0.669121477323252
48644,1,62.36,31.74,7.02,62.37,-6.92,31.74,1
48648,1,1.8,0.84,0.68,1.8,-0.22,0.84,1
48652,1,0.8,0.31,0.19,0.8,-0.04,0.31,1
48653,0,0,0,0.31,0.8,-0.04,0.31,NaN
48653,1,0.8,0.31,0.11,0.8,-0.04,0.31,1
48654,1,0.8,0.31,0.23,0.8,-0.04,0.31,1
48654,1,0.8,0.31,0.2,0.8,-0.04,0.31,1
48655,1,0.8,0.31,0.32,0.8,-0.04,0.31,1
48658,1,2.7,1.26,0.32,2.7,-0.33,1.26,1
48660,1,16.2,-1.8,4.32,16.2,-1.8,8.25,1
48662,1,61.19,28.52,13.05,61.2,-7.47,28.52,1
48662,1,61.19,28.52,7.18,61.2,-7.47,28.52,1
48662,1,61.19,28.52,18,61.2,-7.47,28.52,1
48662,1,61.19,28.52,21.44,61.2,-7.47,28.52,1
48663,0,0,0,0.5,1.1,-0.13,0.51,NaN
48671,1,113.58,23.5469486235637,36.13,113.6,-13.86,52.94,0.444785580346878
48672,1,113.58,30.6170944377147,13.42,113.6,-13.86,52.94,0.578335746840096
48676,1,3.1,1.19,1.48,3.1,-0.15,1.19,1
48677,0,0,0,0.93,3.1,-0.15,1.19,NaN
48680,1,25,11.65,9.53,25,-3.05,11.65,1
48683,1,42.22,8.96582550597555,18.51,42.23,-4.69,21.49,0.417209190599141
48683,1,42.22,8.96582550597555,6.35,42.23,-4.69,21.49,0.417209190599141
48684,1,42.22,9.48272598740557,7.51,42.23,-4.69,21.49,0.441262260930925
48684,1,42.22,9.48272598740557,6.8,42.23,-4.69,21.49,0.441262260930925
48687,1,60.39,30.74,10.73,60.4,-6.7,30.74,1
48694,0,0,0,0.58,1.28,-0.16,0.6,NaN
48694,0,0,0,0.28,1.28,-0.16,0.6,NaN
48695,0,0,0,0.23,1.28,-0.16,0.6,NaN
48695,0,0,0,0.59,1.28,-0.16,0.6,NaN
48696,0,0,0,0.15,1.28,-0.16,0.6,NaN
48700,1,0.75,0.29,0.2,0.75,-0.04,0.29,1
48701,1,0.75,0.29,0.24,0.75,-0.04,0.29,1
48701,1,0.4,0.15,0.15,0.4,-0.02,0.15,1
48702,1,0.4,0.15,0.06,0.4,-0.02,0.15,1
48702,1,0.4,0.15,0.19,0.4,-0.02,0.15,1
48706,1,90.89,39.5970863262487,23.36,90.9,-10.09,46.27,0.855783149475874
48709,1,8.82,-0.43,4.25,8.82,-0.43,3.39,1
48709,1,8.82,-0.43,1.33,8.82,-0.43,3.39,1
48710,1,8.82,-0.43,3.93,8.82,-0.43,3.39,1
48710,1,8.82,-0.43,2.39,8.82,-0.43,3.39,1
48714,1,48.49,-5.38,9.52,48.5,-5.38,24.69,1
48714,1,48.49,-5.38,11.32,48.5,-5.38,24.69,1
48714,1,48.49,-5.38,14.24,48.5,-5.38,24.69,1
48714,1,48.49,-5.38,7.76,48.5,-5.38,24.69,1
48723,1,161.98,34.51,33.02,162,-23.33,34.51,1
48728,0,0,0,219.98,701.3,-85.56,326.81,NaN
48729,0,0,0,246.92,701.3,-85.56,326.81,NaN
48733,1,1.47,-0.07,0.43,1.47,-0.07,0.56,1
48733,1,1.47,-0.07,0.54,1.47,-0.07,0.56,1
48734,1,1.47,-0.07,0.61,1.47,-0.07,0.56,1
48734,1,1.47,-0.07,0.51,1.47,-0.07,0.56,1
48735,1,1.47,-0.07,0.6,1.47,-0.07,0.56,1
48735,1,1.47,-0.07,0.7,1.47,-0.07,0.56,1
48739,1,0.8,0.31,0.1,0.8,-0.04,0.31,1
48739,1,0.8,0.31,0.28,0.8,-0.04,0.31,1
48740,1,0.8,0.31,0.27,0.8,-0.04,0.31,1
48743,1,2.8,-0.34,0.73,2.8,-0.34,1.3,1
48743,1,2.8,-0.34,0.72,2.8,-0.34,1.3,1
48749,1,145.18,30.93,58,145.2,-20.91,30.93,1
48752,1,2.4,-0.12,1.05,2.4,-0.12,0.92,1
48752,1,2.4,-0.12,1.1,2.4,-0.12,0.92,1
48756,1,205.83,232.388051240217,103.08,616.6,-75.23,287.34,0.808756355676958
48757,0,0,0,240.57,616.6,-75.23,287.34,NaN
48763,1,95.39,24.6987996621933,42.77,95.4,-10.59,48.56,0.508624375251097
48764,1,95.39,39.72438381509,29.54,95.4,-10.59,48.56,0.818047442650124
48765,1,95.39,31.209662706252,32.57,95.4,-10.59,48.56,0.642703103506012
48766,1,95.39,32.6170664055195,35.78,95.4,-10.59,48.56,0.671685881497519
48774,1,271.74,126.65,131.47,271.78,-33.16,126.65,1
48775,1,271.74,117.652727981199,52.42,271.78,-33.16,126.65,0.928959557688112
48776,1,194.96,117.061993687653,79.69,271.78,-33.16,126.65,0.924295252172543
48777,1,178.17,116.772360825746,115.72,271.78,-33.16,126.65,0.922008376042209
48780,1,82.99,9.63472896777165,21.38,83,-9.21,42.25,0.228040922314122
48782,1,3.6,-0.18,1.38,3.6,-0.18,1.38,1
48782,1,3.6,-0.18,0.92,3.6,-0.18,1.38,1
48782,1,3.6,-0.18,0.75,3.6,-0.18,1.38,1
48782,1,3.6,-0.18,1.06,3.6,-0.18,1.38,1
48782,1,3.6,-0.18,1.7,3.6,-0.18,1.38,1
48782,0,0,0,0.72,3.6,-0.18,1.38,NaN
48785,0,0,0,0.22,0.67,-0.03,0.26,NaN
48785,1,0.67,0.26,0.2,0.67,-0.03,0.26,1
48786,1,0.67,0.26,0.3,0.67,-0.03,0.26,1
48790,1,53.09,-6.48,21.49,53.1,-6.48,24.74,1
48791,1,53.09,-6.48,20.38,53.1,-6.48,24.74,1
48795,1,16.3,-1.81,2.42,16.3,-1.81,8.3,1
48798,1,60.49,3.4263984920577,13.1,60.5,-6.72,30.79,0.111282835078198
48800,1,67.69,-9.75,14.24,67.7,-9.75,14.42,1
48802,1,18,-2,1.8,18,-2,9.16,1
48807,1,3.87,-0.19,1.58,3.87,-0.19,1.48,1
48807,1,3.87,-0.19,0.75,3.87,-0.19,1.48,1
48808,0,0,0,1.85,3.87,-0.19,1.48,NaN
48808,1,3.87,1.48,1.49,3.87,-0.19,1.48,1
48809,1,3.87,-0.19,1.62,3.87,-0.19,1.48,1
48809,1,3.87,-0.19,0.64,3.87,-0.19,1.48,1
48812,1,5,1.06,2.24,5,-0.72,1.06,1
48814,0,0,0,0.2,1.42,-0.17,0.66,NaN
48814,0,0,0,0.54,1.42,-0.17,0.66,NaN
48814,0,0,0,0.21,1.42,-0.17,0.66,NaN
48814,0,0,0,0.26,1.42,-0.17,0.66,NaN
48814,0,0,0,0.62,1.42,-0.17,0.66,NaN
48814,0,0,0,0.6,1.42,-0.17,0.66,NaN
48817,1,1.75,0.0220780373898044,0.35,1.75,-0.21,0.82,0.0269244358412249
48817,1,1.75,0.0220780373898044,0.2,1.75,-0.21,0.82,0.0269244358412249
48818,1,1.75,0.0182397855670014,0.66,1.75,-0.21,0.82,0.0222436409353676
48819,1,1.75,0.82,0.24,1.75,-0.21,0.82,1
48822,0,0,0,0.67,1.4,-0.07,0.54,NaN
48823,1,1.4,0.54,0.5,1.4,-0.07,0.54,1
48824,1,1.4,0.54,0.34,1.4,-0.07,0.54,1
48829,1,90.99,2.52584507730333,42.48,91,-10.1,46.32,0.0545303341386729
48831,0,0,0,0.12,0.7,-0.1,0.15,NaN
48831,0,0,0,0.17,0.7,-0.1,0.15,NaN
48834,1,9.2,1.96,3.79,9.2,-1.32,1.96,1
48836,1,11,5.13,1.48,11,-1.34,5.13,1
48838,0,0,0,0.41,1,-0.12,0.47,NaN
48838,0,0,0,0.31,1,-0.12,0.47,NaN
48838,0,0,0,0.3,1.3,-0.16,0.61,NaN
48841,1,135.98,-16.59,67.61,136,-16.59,63.38,1
48842,1,135.98,-10.3759992125815,50.96,136,-16.59,63.38,0.625436962783693
48845,0,0,0,0.14,0.8,-0.04,0.31,NaN
48845,1,0.8,0.31,0.13,0.8,-0.04,0.31,1
48848,1,9.3,-1.13,2.16,9.3,-1.13,4.33,1
48851,1,7.33,-0.36,3.54,7.33,-0.36,2.82,1
48851,0,0,0,3.1,7.33,-0.36,2.82,NaN
48851,1,7.33,-0.36,1.67,7.33,-0.36,2.82,1
48855,1,2.6,-0.32,0.61,2.6,-0.32,1.21,1
48856,1,2.6,-0.32,1.26,2.6,-0.32,1.21,1
48858,1,2.6,1.21,0.41,2.6,-0.32,1.21,1
48862,0,0,0,0.3,1,-0.12,0.47,NaN
48862,0,0,0,0.43,1,-0.12,0.47,NaN
48864,0,0,0,0.12,1.15,-0.14,0.54,NaN
48864,0,0,0,0.54,1.15,-0.14,0.54,NaN
48866,1,2.7,1.04,0.64,2.7,-0.13,1.04,1
48866,1,2.7,1.04,0.41,2.7,-0.13,1.04,1
48868,1,20.8,10.59,4.46,20.8,-2.31,10.59,1
48868,1,20.8,10.59,9.09,20.8,-2.31,10.59,1
48870,1,15.4,7.18,3.14,15.4,-1.88,7.18,1
48870,1,15.4,7.18,3.02,15.4,-1.88,7.18,1
48871,0,0,0,5.54,15.4,-1.88,7.18,NaN
48871,1,15.4,7.18,1.67,15.4,-1.88,7.18,1
48876,1,16,7.46,4.65,16,-1.95,7.46,1
48879,1,1.13,0.44,0.31,1.13,-0.06,0.44,1
48879,1,1.13,0.44,0.41,1.13,-0.06,0.44,1
48880,1,1.13,0.44,0.42,1.13,-0.06,0.44,1
48883,1,6.57,-0.32,3.09,6.57,-0.32,2.52,1
48883,1,6.57,-0.32,1.15,6.57,-0.32,2.52,1
48884,1,6.57,-0.32,1.29,6.57,-0.32,2.52,1
48885,0,0,0,1.68,6.57,-0.32,2.52,NaN
48887,1,6.57,-0.32,1.12,6.57,-0.32,2.52,1
48888,1,6.57,-0.32,1.54,6.57,-0.32,2.52,1
48893,1,2.2,1.03,0.38,2.2,-0.27,1.03,1
48897,1,197.62,69.7748306911896,122.66,310,-37.82,144.46,0.48300450430008
48898,1,128.56,70.4463005368646,83.16,310,-37.82,144.46,0.487652641124634
48899,1,166.82,68.8891751663547,71.32,310,-37.82,144.46,0.476873703214417
48900,1,213.94,69.447911993124,69.78,310,-37.82,144.46,0.480741464717735
48905,1,30.26,14.1,4.18,30.27,-3.69,14.1,1
48905,0,0,0,5.05,30.27,-3.69,14.1,NaN
48906,1,30.26,-3.69,5.05,30.27,-3.69,14.1,1
48909,1,7.85,-0.96,2.17,7.85,-0.96,3.66,1
48909,0,0,0,2.6,7.85,-0.96,3.66,NaN
48912,1,28.8,8.15264216691315,2.91,28.8,-3.2,14.66,0.556114745355604
48913,1,28.8,10.4639153441322,6.77,28.8,-3.2,14.66,0.713773215834394
48916,0,0,0,0.89,2.57,-0.13,0.99,NaN
48916,0,0,0,1.09,2.57,-0.13,0.99,NaN
48916,0,0,0,0.81,2.57,-0.13,0.99,NaN
48918,1,95.39,-10.59,30.22,95.4,-10.59,48.56,1
48918,1,95.39,-10.59,43.65,95.4,-10.59,48.56,1
48918,1,95.39,-10.59,39.61,95.4,-10.59,48.56,1
48918,1,95.39,-10.59,18.39,95.4,-10.59,48.56,1
48925,0,0,0,0.31,1.3,-0.06,0.5,NaN
48925,1,1.3,-0.06,0.35,1.3,-0.06,0.5,1
48928,0,0,0,0.32,1.2,-0.15,0.56,NaN
48928,0,0,0,0.26,1.2,-0.15,0.56,NaN
48932,0,0,0,0.22,1.13,-0.06,0.44,NaN
48932,1,1.13,-0.06,0.41,1.13,-0.06,0.44,1
48933,1,1.13,-0.06,0.42,1.13,-0.06,0.44,1
48937,1,2.46,-0.12,0.26,2.46,-0.12,0.94,1
48937,0,0,0,1.09,2.46,-0.12,0.94,NaN
48938,1,2.46,-0.12,0.7,2.46,-0.12,0.94,1
48938,1,2.46,-0.12,0.97,2.46,-0.12,0.94,1
48939,1,2.46,-0.12,1.14,2.46,-0.12,0.94,1
48942,1,26.5,1.69452967084364,3.44,26.5,-2.94,13.49,0.125613763591078
48942,1,26.5,1.69452967084364,3.98,26.5,-2.94,13.49,0.125613763591078
48945,1,5.23,2.01,1.5,5.23,-0.26,2.01,1
48945,0,0,0,1.61,5.23,-0.26,2.01,NaN
48946,1,5.23,2.01,1.43,5.23,-0.26,2.01,1
48947,1,5.23,2.01,2.47,5.23,-0.26,2.01,1
48948,1,5.23,-0.26,1.19,5.23,-0.26,2.01,1
48948,0,0,0,1.96,5.23,-0.26,2.01,NaN
48949,1,0.1,0.0314989013241873,0.03,0.1,-0,0.04,0.787472533104683
48952,1,1.82,0.85,0.25,1.82,-0.22,0.85,1
48952,1,1.82,0.85,0.39,1.82,-0.22,0.85,1
48952,1,1.82,0.85,0.55,1.82,-0.22,0.85,1
48952,1,1.82,0.85,0.69,1.82,-0.22,0.85,1
48952,1,1.82,0.85,0.89,1.82,-0.22,0.85,1
48952,1,1.82,0.85,0.64,1.82,-0.22,0.85,1
48955,1,0.73,-0.04,0.07,0.73,-0.04,0.28,1
48956,0,0,0,0.11,0.73,-0.04,0.28,NaN
48958,0,0,0,0.22,0.73,-0.04,0.28,NaN
48959,1,0.73,-0.04,0.08,0.73,-0.04,0.28,1
48961,1,0.73,-0.04,0.28,0.73,-0.04,0.28,1
48961,1,0.73,-0.04,0.34,0.73,-0.04,0.28,1
48964,0,0,0,0.13,0.73,-0.04,0.28,NaN
48964,1,0.73,0.28,0.12,0.73,-0.04,0.28,1
48964,0,0,0,0.15,0.73,-0.04,0.28,NaN
48968,1,201.44,67.478176911657,43.03,201.47,-22.36,102.55,0.658002700259942
48969,1,201.44,45.7372222351958,24.23,201.47,-22.36,102.55,0.445999241688891
48970,1,201.44,45.3291215104212,38.39,201.47,-22.36,102.55,0.442019712437067
48971,1,201.44,45.1040380397315,23.78,201.47,-22.36,102.55,0.439824846803818
48972,1,201.44,50.0658653214278,64.36,201.47,-22.36,102.55,0.488209315664825
48973,1,201.44,70.4329850311776,94.5,201.47,-22.36,102.55,0.686816041259655
48976,1,2.2,1.03,0.26,2.2,-0.27,1.03,1
48976,1,2.2,1.03,1.03,2.2,-0.27,1.03,1
48976,1,2.2,1.03,0.69,2.2,-0.27,1.03,1
48982,1,192.27,53.4809109497965,62.12,192.3,-21.35,97.88,0.546392633324443
49885,1,6,2.3,1.58,6,-0.29,2.3,1
49885,1,6,2.3,2.07,6,-0.29,2.3,1
49885,1,6,2.3,0.97,6,-0.29,2.3,1
49890,1,49.99,-5.55,18.62,50,-5.55,25.45,1
49892,1,25,-1.9859061638709,3.45,25,-3.05,11.65,0.65111677503964
49898,1,12.5,-1.53,3.86,12.5,-1.53,5.82,1
49907,1,1.3,-0.108518782168597,0.53,1.3,-0.16,0.61,0.678242388553729
49911,1,51.79,-7.24848106221876,10.89,51.8,-7.46,11.03,0.97164625498911
49914,0,0,0,0.35,1,-0.05,0.38,NaN
49915,0,0,0,0.1,0.25,-0.01,0.1,NaN
49916,1,0.25,-0.01,0.04,0.25,-0.01,0.1,1
49921,0,0,0,0.12,0.8,-0.04,0.31,NaN
49921,1,0.8,0.31,0.19,0.8,-0.04,0.31,1
49923,0,0,0,0.12,0.77,-0.04,0.29,NaN
49923,0,0,0,0.28,0.77,-0.04,0.29,NaN
49923,0,0,0,0.16,0.77,-0.04,0.29,NaN
49923,1,0.77,-0.04,0.17,0.77,-0.04,0.29,1
49923,0,0,0,0.2,0.77,-0.04,0.29,NaN
49923,1,0.77,-0.04,0.32,0.77,-0.04,0.29,1
49926,1,1.7,0.36,0.8,1.7,-0.24,0.36,1
49930,1,2,-0.24,0.23,2,-0.24,0.93,1
49931,1,0.15,0.023163662589223,0.05,0.15,-0.02,0.07,0.330909465560328
49931,1,0.15,0.023163662589223,0.02,0.15,-0.02,0.07,0.330909465560328
49934,1,2.46,1.15,0.9,2.46,-0.3,1.15,1
49934,1,2.46,1.15,0.72,2.46,-0.3,1.15,1
49934,1,2.46,1.15,0.27,2.46,-0.3,1.15,1
49934,1,2.46,1.15,0.57,2.46,-0.3,1.15,1
49934,1,2.46,1.15,0.37,2.46,-0.3,1.15,1
49937,1,2.23,1.04,0.36,2.23,-0.27,1.04,1
49938,1,2.23,-0.27,0.81,2.23,-0.27,1.04,1
49939,1,2.23,-0.27,0.94,2.23,-0.27,1.04,1
49943,0,0,0,8.14,25,-3.6,5.32,NaN
49947,1,13.1,-1.6,6.47,13.1,-1.6,6.1,1
49947,0,0,0,3.04,13.1,-1.6,6.1,NaN
49951,1,1,0.170215337960521,0.17,1,-0.12,0.47,0.362160293533022
49952,1,2.05,0.10269489756547,0.79,2.05,-0.25,0.96,0.106973851630698
49954,1,2.05,-0.25,1.01,2.05,-0.25,0.96,1
49954,1,2.05,-0.25,0.29,2.05,-0.25,0.96,1
49955,1,2.05,-0.25,0.96,2.05,-0.25,0.96,1
49958,1,1.9,-0.27,0.4,1.9,-0.27,0.4,1
49961,1,0.4,0.15,0.19,0.4,-0.02,0.15,1
49962,1,0.4,0.15,0.17,0.4,-0.02,0.15,1
49964,1,0.4,-0.02,0.17,0.4,-0.02,0.15,1
49964,0,0,0,0.12,0.4,-0.02,0.15,NaN
49968,0,0,0,0.61,2.5,-0.3,1.16,NaN
49969,0,0,0,0.66,2.5,-0.3,1.16,NaN
49973,1,1.67,0.78,0.4,1.67,-0.2,0.78,1
49973,1,1.67,0.78,0.65,1.67,-0.2,0.78,1
49973,0,0,0,0.67,1.67,-0.2,0.78,NaN
49973,0,0,0,0.59,1.67,-0.2,0.78,NaN
49973,0,0,0,0.2,1.67,-0.2,0.78,NaN
49976,1,0.8,-0.1,0.38,0.8,-0.1,0.37,1
49977,0,0,0,0.82,1.67,-0.2,0.78,NaN
49981,1,12,-0.59,2.66,12,-0.59,4.61,1
49983,1,11.97,-1.46,2.17,11.97,-1.46,5.58,1
49984,1,11.97,-1.46,2.34,11.97,-1.46,5.58,1
49984,0,0,0,5.69,11.97,-1.46,5.58,NaN
49988,1,19.59,-10.25,19.58,84,-10.25,39.14,1
49988,1,83.99,-10.25,27.72,84,-10.25,39.14,1
49988,1,83.99,-10.25,9.4,84,-10.25,39.14,1
49997,1,4.6,0.253539902524112,1.51,4.6,-0.51,2.34,0.108350385694065
49997,1,4.6,0.253539902524112,1.47,4.6,-0.51,2.34,0.108350385694065
49998,1,4.6,-0.51,0.64,4.6,-0.51,2.34,1
50001,1,1.55,0.6,0.54,1.55,-0.08,0.6,1
50001,0,0,0,0.61,1.55,-0.08,0.6,NaN
50001,1,1.55,0.6,0.64,1.55,-0.08,0.6,1
50001,1,1.55,0.6,0.74,1.55,-0.08,0.6,1
50003,1,12.1,-0.59,4.7,12.1,-0.59,4.65,1
50004,1,12.1,-0.59,2.08,12.1,-0.59,4.65,1
50004,1,12.1,-0.59,5.65,12.1,-0.59,4.65,1
50004,1,12.1,-0.59,1.74,12.1,-0.59,4.65,1
50005,1,12.1,-0.59,5.32,12.1,-0.59,4.65,1
50006,1,12.1,-0.59,3.48,12.1,-0.59,4.65,1
50012,1,2,-0.24,0.5,2,-0.24,0.93,1
50013,1,2,-0.24,0.89,2,-0.24,0.93,1
50017,1,0.6,-0.03,0.08,0.6,-0.03,0.23,1
50017,0,0,0,0.27,0.6,-0.03,0.23,NaN
50017,1,0.6,-0.03,0.1,0.6,-0.03,0.23,1
50022,1,65.79,-8.03,24.55,65.8,-8.03,30.66,1
50023,1,65.79,-8.03,28.28,65.8,-8.03,30.66,1
50026,1,2.3,-0.28,1.1,2.3,-0.28,1.07,1
50026,1,2.3,-0.28,0.48,2.3,-0.28,1.07,1
50026,1,2.3,-0.28,0.7,2.3,-0.28,1.07,1
50027,1,2.3,-0.28,0.91,2.3,-0.28,1.07,1
50028,1,2.3,-0.28,0.45,2.3,-0.28,1.07,1
50033,1,2.2,1.03,0.8,2.2,-0.27,1.03,1
50033,1,2.2,1.03,0.71,2.2,-0.27,1.03,1
50034,1,2.2,1.03,0.43,2.2,-0.27,1.03,1
50034,1,2.2,1.03,1,2.2,-0.27,1.03,1
50035,1,2.2,1.03,0.31,2.2,-0.27,1.03,1
50039,1,1.55,-0.08,0.27,1.55,-0.08,0.6,1
50039,0,0,0,0.33,1.55,-0.08,0.6,NaN
50040,1,1.55,-0.08,0.51,1.55,-0.08,0.6,1
50040,1,1.55,-0.08,0.76,1.55,-0.08,0.6,1
50041,1,1.55,-0.08,0.64,1.55,-0.08,0.6,1
50041,1,1.55,-0.08,0.65,1.55,-0.08,0.6,1
50047,1,169.18,37.3139719894742,33.05,169.2,-18.78,86.12,0.43327882012859
50051,0,0,0,0.29,0.8,-0.04,0.31,NaN
50052,0,0,0,0.09,0.8,-0.04,0.31,NaN
50052,1,0.8,-0.04,0.13,0.8,-0.04,0.31,1
50060,1,268.09,65.8336725257836,74.23,268.13,-32.71,124.95,0.526880132259172
50061,1,268.09,36.2032784209575,132.9,268.13,-32.71,124.95,0.289742124217347
50062,1,268.09,18.8274858811721,39.18,268.13,-32.71,124.95,0.150680159113022
50063,1,268.09,19.1737716869346,130.18,268.13,-32.71,124.95,0.153451554117124
50066,1,57.99,27.03,6.24,58,-7.08,27.03,1
50066,0,0,0,25.32,58,-7.08,27.03,NaN
50074,0,0,0,0.2,0.7,-0.1,0.15,NaN
50074,1,0.7,-0.1,0.35,0.7,-0.1,0.15,1
50077,1,0.5,0.19,0.1,0.5,-0.02,0.19,1
50077,1,0.5,0.19,0.1,0.5,-0.02,0.19,1
50077,1,1.9,0.73,0.73,1.9,-0.09,0.73,1
50079,1,1.7,-0.24,0.29,1.7,-0.24,0.36,1
50081,0,0,0,0.27,0.58,-0.03,0.22,NaN
50081,1,0.58,-0.03,0.18,0.58,-0.03,0.22,1
50081,1,0.58,-0.03,0.06,0.58,-0.03,0.22,1
50081,0,0,0,0.09,0.58,-0.03,0.22,NaN
50081,1,0.58,-0.03,0.06,0.58,-0.03,0.22,1
50084,0,0,0,0.9,3.25,-0.4,1.51,NaN
50084,0,0,0,0.78,3.25,-0.4,1.51,NaN
50088,1,2.37,-0.12,0.64,2.37,-0.12,0.91,1
50088,1,2.37,-0.12,0.4,2.37,-0.12,0.91,1
50089,1,2.37,-0.0686749914104402,0.66,2.37,-0.12,0.91,0.572291595087002
50089,0,0,0,1.11,2.37,-0.12,0.91,NaN
50090,1,2.37,0.0456155337355333,0.94,2.37,-0.12,0.91,0.0501269601489377
50091,1,2.37,-0.12,0.29,2.37,-0.12,0.91,1
50095,0,0,0,1.62,6,-0.73,2.8,NaN
50098,1,1,0.47,0.28,1,-0.12,0.47,1
50098,1,3.07,1.43,0.96,3.07,-0.37,1.43,1
50098,1,3.07,1.43,0.33,3.07,-0.37,1.43,1
50098,1,3.07,1.43,1.51,3.07,-0.37,1.43,1
50101,0,0,0,1.64,3.75,-0.46,1.75,NaN
50102,0,0,0,0.77,3.75,-0.46,1.75,NaN
50106,1,25,-3.05,5.95,25,-3.05,11.65,1
50109,1,64.69,30.15,19.87,64.7,-7.89,30.15,1
50109,0,0,0,18.6,64.7,-7.89,30.15,NaN
50114,1,1.5,-0.18,0.75,1.5,-0.18,0.7,1
50114,1,1.5,-0.18,0.41,1.5,-0.18,0.7,1
50114,1,1.5,-0.18,0.63,1.5,-0.18,0.7,1
50114,1,1.5,-0.18,0.26,1.5,-0.18,0.7,1
51360,1,85.49,18.21,16.45,85.5,-12.31,18.21,1
51366,1,1.9,-0.27,0.83,1.9,-0.27,0.4,1
51366,1,1.9,-0.27,0.86,1.9,-0.27,0.4,1
51367,0,0,0,0.29,1.9,-0.27,0.4,NaN
51367,1,1.9,-0.27,0.23,1.9,-0.27,0.4,1
51371,0,0,0,0.52,1.35,-0.16,0.63,NaN
51371,0,0,0,0.61,1.35,-0.16,0.63,NaN
51371,0,0,0,0.5,1.35,-0.16,0.63,NaN
51371,0,0,0,0.37,1.35,-0.16,0.63,NaN
51374,0,0,0,0.3,1.35,-0.16,0.63,NaN
51375,0,0,0,0.45,1.35,-0.16,0.63,NaN
51380,0,0,0,0.28,1.3,-0.16,0.61,NaN
51380,0,0,0,0.41,1.3,-0.16,0.61,NaN
51381,0,0,0,0.26,1.3,-0.16,0.61,NaN
51381,0,0,0,0.33,1.3,-0.16,0.61,NaN
51382,0,0,0,0.41,1.3,-0.16,0.61,NaN
51383,0,0,0,0.15,1.3,-0.16,0.61,NaN
51387,1,18,-1.52241486700771,1.88,18,-2.2,8.39,0.692006757730777
51395,1,25,-2.16098021471304,10.82,25,-3.05,11.65,0.708518103184604
51400,1,1.9,-0.23,0.37,1.9,-0.23,0.89,1
51400,1,1.9,-0.23,0.23,1.9,-0.23,0.89,1
51401,1,1.9,-0.23,0.78,1.9,-0.23,0.89,1
51401,1,1.9,-0.23,0.53,1.9,-0.23,0.89,1
51402,1,1.9,-0.23,0.65,1.9,-0.23,0.89,1
51402,1,1.9,-0.23,0.69,1.9,-0.23,0.89,1
51406,1,2.5,0.53,0.3,2.5,-0.36,0.53,1
51406,1,1.6,0.34,0.73,1.6,-0.23,0.34,1
51407,1,1.6,0.34,0.21,1.6,-0.23,0.34,1
51407,1,1.6,0.34,0.51,1.6,-0.23,0.34,1
51411,1,2,0.93,0.99,2,-0.24,0.93,1
51411,1,2,0.93,0.54,2,-0.24,0.93,1
51412,1,2,0.93,0.76,2,-0.24,0.93,1
51412,1,2,0.93,0.89,2,-0.24,0.93,1
51413,1,1.2,0.56,0.16,1.2,-0.15,0.56,1
51417,1,4,-0.58,1.21,4,-0.58,0.85,1
51419,1,13,6.62,1.42,13,-1.44,6.62,1
51421,0,0,0,0.45,2,-0.29,0.43,NaN
51421,1,2,-0.29,0.55,2,-0.29,0.43,1
51422,1,2,0.43,0.94,2,-0.29,0.43,1
51422,1,2,0.43,0.36,2,-0.29,0.43,1
51422,0,0,0,0.72,2,-0.29,0.43,NaN
51429,0,0,0,0.61,1.66,-0.2,0.77,NaN
51429,0,0,0,0.6,1.66,-0.2,0.77,NaN
51430,0,0,0,0.65,1.66,-0.2,0.77,NaN
51431,0,0,0,0.4,1.66,-0.2,0.77,NaN
51431,0,0,0,0.64,1.66,-0.2,0.77,NaN
51434,1,4,-0.58,0.63,4,-0.58,0.85,1
51438,1,20,-2.88,5.16,20,-2.88,4.26,1
51443,1,214.64,62.4108550256757,39.24,214.67,-23.83,109.27,0.571161847036475
51444,1,214.64,44.7281479547516,91.74,214.67,-23.83,109.27,0.409336029603291
51445,1,214.64,62.2682196316161,44.28,214.67,-23.83,109.27,0.569856498870835
51448,0,0,0,0.43,1.5,-0.22,0.32,NaN
51448,1,2,-0.29,0.93,2,-0.29,0.43,1
51448,1,2,-0.29,0.3,2,-0.29,0.43,1
51448,1,2,-0.29,0.81,2,-0.29,0.43,1
51448,1,2,-0.29,0.52,2,-0.29,0.43,1
51450,1,11.2,-1.61,5.49,11.2,-1.61,2.39,1
51454,1,2.62,-0.32,1.23,2.62,-0.32,1.22,1
51454,1,2.62,-0.32,0.99,2.62,-0.32,1.22,1
51455,1,2.62,-0.32,0.5,2.62,-0.32,1.22,1
51456,1,2.62,-0.32,0.48,2.62,-0.32,1.22,1
51456,1,2.62,-0.32,0.54,2.62,-0.32,1.22,1
51457,1,2.62,-0.32,0.49,2.62,-0.32,1.22,1
51463,1,31.9,-2.13515298495073,9.13,31.9,-3.54,16.24,0.603150560720545
51466,1,50.39,-7.26,7.19,50.4,-7.26,10.74,1
51471,0,0,0,0.5,1.37,-0.17,0.64,NaN
51471,0,0,0,0.58,1.37,-0.17,0.64,NaN
51472,0,0,0,0.52,1.37,-0.17,0.64,NaN
51475,1,1.8,0.84,0.43,1.8,-0.22,0.84,1
51475,1,1.8,0.84,0.51,1.8,-0.22,0.84,1
51475,1,2,0.93,0.54,2,-0.24,0.93,1
51475,1,2,0.93,0.93,2,-0.24,0.93,1
51475,1,2,0.93,0.44,2,-0.24,0.93,1
51475,1,2,0.93,0.65,2,-0.24,0.93,1
51477,0,0,0,0.29,1.6,-0.2,0.75,NaN
51477,0,0,0,0.37,1.6,-0.2,0.75,NaN
51477,0,0,0,0.19,1.6,-0.2,0.75,NaN
51477,0,0,0,0.18,1.6,-0.2,0.75,NaN
51477,0,0,0,0.62,1.6,-0.2,0.75,NaN
51477,1,2,0.93,0.64,2,-0.24,0.93,1
51481,1,1.8,-0.22,0.24,1.8,-0.22,0.84,1
51481,1,1.8,-0.22,0.85,1.8,-0.22,0.84,1
51482,1,1.8,-0.22,0.64,1.8,-0.22,0.84,1
51486,0,0,0,43.72,100.5,-14.47,21.41,NaN
51490,1,3.8,-0.55,1.26,3.8,-0.55,0.81,1
51491,1,11.5,-1.66,3.66,11.5,-1.66,2.45,1
51496,0,0,0,1.97,4.2,-0.6,0.89,NaN
51501,1,203.97,47.5479188251467,33.71,204,-22.64,103.84,0.4578959825226
51502,1,203.97,56.9145592554003,93.43,204,-22.64,103.84,0.548098606080512
51505,1,6.5,-0.79,2.2,6.5,-0.79,3.03,1
51505,1,6.5,-0.79,2.14,6.5,-0.79,3.03,1
51507,1,2.3,1.07,0.69,2.3,-0.28,1.07,1
51507,1,2.3,1.07,1.12,2.3,-0.28,1.07,1
51510,1,10.2,-1.47,2.31,10.2,-1.47,2.17,1
51516,1,593.02,6.07353803255868,291.75,593.1,-48.63,218.26,0.0278270779462965
51517,1,593.02,6.65950960448414,92.51,593.1,-48.63,218.26,0.0305118189520945
51520,0,0,0,0.48,1.78,-0.22,0.83,NaN
51521,0,0,0,0.21,1.78,-0.22,0.83,NaN
51521,0,0,0,0.54,1.78,-0.22,0.83,NaN
51521,0,0,0,0.62,1.78,-0.22,0.83,NaN
51526,1,18,-2,8.06,18,-2,9.16,1
51527,1,18,-2,7.39,18,-2,9.16,1
51527,1,18,-2,5.91,18,-2,9.16,1
51527,1,18,-2,3.54,18,-2,9.16,1
51532,1,2,0.93,0.66,2,-0.24,0.93,1
51532,1,2,0.93,0.98,2,-0.24,0.93,1
51533,1,2,0.93,0.46,2,-0.24,0.93,1
51537,1,8,4.07,2.51,8,-0.89,4.07,1
51541,1,166.28,38.3400317773596,64.02,166.3,-18.46,84.65,0.452924179295447
51542,1,166.28,38.862621846538,45.07,166.3,-18.46,84.65,0.459097718210727
51549,1,100.49,-14.47,41.7,100.5,-14.47,21.41,1
51552,1,49.49,-7.13,6.34,49.5,-7.13,10.54,1
51558,0,0,0,2.07,4.5,-0.22,1.73,NaN
51558,1,4.5,1.73,1.89,4.5,-0.22,1.73,1
51559,1,4.5,1.73,0.66,4.5,-0.22,1.73,1
51560,1,4.5,1.73,1.25,4.5,-0.22,1.73,1
51564,1,2,0.93,0.46,2,-0.24,0.93,1
51564,1,2,0.93,0.84,2,-0.24,0.93,1
51565,1,2,0.93,0.54,2,-0.24,0.93,1
51566,1,2,0.93,0.4,2,-0.24,0.93,1
51575,1,191.27,34.8764072751395,65.45,191.3,-21.23,97.37,0.358184320377319
51579,1,195.27,87.033478460248,45.95,195.3,-21.68,99.41,0.87550023599485
51580,1,195.27,86.9808627763691,27.07,195.3,-21.68,99.41,0.87497095640649
51581,1,195.27,83.1783103030577,56,195.3,-21.68,99.41,0.83671974955294
51585,0,0,0,0.42,1.2,-0.17,0.26,NaN
51585,0,0,0,6.34,20,-2.88,4.26,NaN
51591,1,6.1,-0.74,2.58,6.1,-0.74,2.84,1
51593,1,1.6,0.61,0.57,1.6,-0.08,0.61,1
51593,0,0,0,0.3,1.6,-0.08,0.61,NaN
51593,1,1.6,0.61,0.69,1.6,-0.08,0.61,1
51593,1,1.6,0.61,0.75,1.6,-0.08,0.61,1
51593,1,1.6,0.61,0.72,1.6,-0.08,0.61,1
51593,1,1.6,0.61,0.72,1.6,-0.08,0.61,1
51595,1,9,-1,2.02,9,-1,4.58,1
51595,1,9,-1,1.21,9,-1,4.58,1
51595,1,9,-1,3.23,9,-1,4.58,1
51600,1,61.19,16.5487454317697,17.52,61.2,-7.47,28.52,0.580250541085895
51604,1,1.5,-0.22,0.63,1.5,-0.22,0.32,1
51604,1,1.5,-0.22,0.34,1.5,-0.22,0.32,1
51605,1,1.5,-0.22,0.73,1.5,-0.22,0.32,1
51610,1,162.38,30.29398020829,43.96,162.4,-18.03,82.66,0.366488993567506
51611,1,162.38,54.0699321158518,31.24,162.4,-18.03,82.66,0.654124511442679
51616,1,15.6,-2.25,4.3,15.6,-2.25,3.32,1
51621,1,16,-1.78,7.86,16,-1.78,8.14,1
51625,1,2.1,-0.3,0.53,2.1,-0.3,0.45,1
51625,0,0,0,0.75,2.1,-0.3,0.45,NaN
51628,1,3.85,-0.43,0.71,3.85,-0.43,1.96,1
51628,1,3.85,-0.43,0.84,3.85,-0.43,1.96,1
51629,1,2.7,-0.3,0.81,2.7,-0.3,1.37,1
51632,1,0.93,0.2,0.31,0.93,-0.13,0.2,1
51632,1,0.93,0.2,0.14,0.93,-0.13,0.2,1
51632,1,0.93,0.2,0.2,0.93,-0.13,0.2,1
51632,1,0.93,0.2,0.32,0.93,-0.13,0.2,1
51632,1,0.93,0.2,0.46,0.93,-0.13,0.2,1
51632,0,0,0,0.19,0.93,-0.13,0.2,NaN
51634,0,0,0,0.63,1.3,-0.19,0.28,NaN
51634,1,1.3,0.28,0.29,1.3,-0.19,0.28,1
51634,1,1.3,0.28,0.46,1.3,-0.19,0.28,1
51634,1,1.3,0.28,0.17,1.3,-0.19,0.28,1
51634,0,0,0,0.35,1.3,-0.19,0.28,NaN
51640,1,237.34,-73,124.13,598.4,-73,278.85,1
51645,1,14.33,-2.06,1.54,14.33,-2.06,3.05,1
51646,1,14.33,-2.06,2.36,14.33,-2.06,3.05,1
51648,1,14.33,1.25747476062938,5.73,14.33,-2.06,3.05,0.412286806763732
51655,1,684.91,67.4973056290841,93.97,685,-56.17,252.08,0.267761447275008
51658,0,0,0,0.23,1.6,-0.2,0.75,NaN
51658,0,0,0,0.57,1.6,-0.2,0.75,NaN
51658,0,0,0,0.46,1.6,-0.2,0.75,NaN
51658,1,2,0.93,0.52,2,-0.24,0.93,1
51661,0,0,0,0.65,1.62,-0.2,0.75,NaN
51661,0,0,0,0.77,1.62,-0.2,0.75,NaN
51661,0,0,0,0.78,1.62,-0.2,0.75,NaN
51664,0,0,0,0.65,1.62,-0.2,0.75,NaN
51665,0,0,0,0.33,1.62,-0.2,0.75,NaN
51670,1,2,-0.188781260204029,0.95,2,-0.24,0.93,0.786588584183456
51670,1,2,-0.188781260204029,0.8,2,-0.24,0.93,0.786588584183456
51671,1,2,-0.24,0.62,2,-0.24,0.93,1
51672,1,2,-0.24,0.61,2,-0.24,0.93,1
51672,1,2,-0.24,0.9,2,-0.24,0.93,1
51673,0,0,0,0.19,1.7,-0.21,0.79,NaN
51677,1,25,-2.78,8.69,25,-2.78,12.73,1
51679,1,1.8,-0.22,0.62,1.8,-0.22,0.84,1
51679,1,1.8,-0.22,0.63,1.8,-0.22,0.84,1
51679,1,1.8,-0.22,0.7,1.8,-0.22,0.84,1
51679,1,1.8,-0.22,0.25,1.8,-0.22,0.84,1
51679,1,1.8,-0.22,0.45,1.8,-0.22,0.84,1
51682,1,19,5.75424778790302,5.65,19,-2.11,9.67,0.595061818811067
51689,1,2.33,1.09,0.64,2.33,-0.28,1.09,1
51689,1,2.33,1.09,1.12,2.33,-0.28,1.09,1
51690,1,2.33,0.375505230796541,1.09,2.33,-0.28,1.09,0.344500211739946
51690,1,2.33,0.375505230796541,0.39,2.33,-0.28,1.09,0.344500211739946
51691,1,2.33,-0.28,0.37,2.33,-0.28,1.09,1
51691,1,2.33,-0.28,0.46,2.33,-0.28,1.09,1
51694,1,6.5,-0.72,2.06,6.5,-0.72,3.31,1
51694,1,6.5,-0.72,2.19,6.5,-0.72,3.31,1
51695,1,6.5,3.31,2.26,6.5,-0.72,3.31,1
51695,1,6.5,3.31,1.15,6.5,-0.72,3.31,1
51699,1,2.1,-0.3,0.42,2.1,-0.3,0.45,1
51699,1,1.35,-0.19,0.56,1.35,-0.19,0.29,1
51700,1,1.35,-0.19,0.27,1.35,-0.19,0.29,1
51701,1,1.35,-0.19,0.41,1.35,-0.19,0.29,1
51701,1,1.35,-0.19,0.49,1.35,-0.19,0.29,1
51706,1,2,0.93,0.71,2,-0.24,0.93,1
51706,1,2,0.93,0.84,2,-0.24,0.93,1
51707,1,2,0.93,0.29,2,-0.24,0.93,1
51713,1,155.91,12.1393891412073,70.17,155.93,-17.31,79.37,0.152946820476342
51714,1,155.91,48.4767836017084,37.55,155.93,-17.31,79.37,0.610769605665974
51715,1,155.91,29.0027674868853,75.38,155.93,-17.31,79.37,0.365412214777438
51719,1,1.7,-0.24,0.5,1.7,-0.24,0.36,1
51719,1,1.7,-0.24,0.55,1.7,-0.24,0.36,1
51720,1,1.7,-0.24,0.66,1.7,-0.24,0.36,1
51720,1,1.7,-0.24,0.43,1.7,-0.24,0.36,1
51721,0,0,0,0.23,1.7,-0.24,0.36,NaN
51724,1,18,6.75904644628932,2.88,18,-2,9.16,0.737887166625472
51724,1,18,6.75904644628932,3.17,18,-2,9.16,0.737887166625472
51724,1,18,6.75904644628932,2.82,18,-2,9.16,0.737887166625472
51724,1,18,6.75904644628932,8.17,18,-2,9.16,0.737887166625472
51731,0,0,0,72.75,148.8,-21.43,31.69,NaN
51737,1,200.97,-28.94,75.67,201,-28.94,42.81,1
51740,0,0,0,0.28,1,-0.11,0.51,NaN
51740,1,2.36,-0.26,0.25,2.36,-0.26,1.2,1
51740,1,2.36,-0.26,0.9,2.36,-0.26,1.2,1
51740,1,2.36,-0.26,0.37,2.36,-0.26,1.2,1
51740,1,2.36,-0.26,0.67,2.36,-0.26,1.2,1
51740,1,2.36,-0.26,1.09,2.36,-0.26,1.2,1
51745,1,167.23,25.1115958584549,81.78,167.25,-18.56,85.13,0.294979394554856
51746,1,167.23,13.1855542873383,41.63,167.25,-18.56,85.13,0.154887281655566
51753,1,1.8,-0.22,0.89,1.8,-0.22,0.84,1
51754,1,1.8,-0.22,0.53,1.8,-0.22,0.84,1
51756,1,1.8,-0.22,0.72,1.8,-0.22,0.84,1
51757,1,1.8,-0.22,0.48,1.8,-0.22,0.84,1
51759,1,1.8,-0.22,0.39,1.8,-0.22,0.84,1
51763,1,1.9,-0.27,0.21,1.9,-0.27,0.4,1
51763,1,1.9,-0.27,0.34,1.9,-0.27,0.4,1
51764,1,0.8,-0.12,0.24,0.8,-0.12,0.17,1
51765,1,0.8,-0.12,0.37,0.8,-0.12,0.17,1
51771,1,205.47,19.0791747191433,97.96,205.5,-29.59,43.77,0.435896155337979
51774,0,0,0,1.5,4.2,-0.6,0.89,NaN
51777,1,8.8,4.1,1.35,8.8,-1.07,4.1,1
51779,1,2.2,1.03,0.99,2.2,-0.27,1.03,1
51779,1,2.2,1.03,0.55,2.2,-0.27,1.03,1
51779,1,2.2,1.03,0.76,2.2,-0.27,1.03,1
51782,1,20,4.26,7.12,20,-2.88,4.26,1
51783,0,0,0,0.95,2,-0.29,0.43,NaN
51783,1,2,-0.29,0.26,2,-0.29,0.43,1
51791,1,46.79,23.82,18.84,46.8,-5.19,23.82,1
51791,1,46.79,23.82,16.02,46.8,-5.19,23.82,1
51792,1,46.79,23.82,18.24,46.8,-5.19,23.82,1
51793,1,46.79,23.82,15.47,46.8,-5.19,23.82,1
51793,1,46.79,23.82,5.45,46.8,-5.19,23.82,1
51794,1,46.79,23.82,5.99,46.8,-5.19,23.82,1
51798,0,0,0,20.2,138.4,-16.88,64.49,NaN
51799,0,0,0,65.55,138.4,-16.88,64.49,NaN
51806,1,4,1.86,1.36,4,-0.49,1.86,1
51806,1,4,1.86,0.74,4,-0.49,1.86,1
51807,1,2,0.93,0.61,2,-0.24,0.93,1
51812,1,6.58,-0.011116159034082,3.18,6.58,-0.8,3.07,0.0138951987926025
51813,1,6.58,-0.011116159034082,1.58,6.58,-0.8,3.07,0.0138951987926025
51815,1,6.58,3.07,2.85,6.58,-0.8,3.07,1
51815,1,6.58,3.07,1.15,6.58,-0.8,3.07,1
51816,1,6.58,-0.320452484307779,2.73,6.58,-0.8,3.07,0.400565605384724
51816,1,6.58,-0.320452484307779,1.98,6.58,-0.8,3.07,0.400565605384724
51822,1,205.47,2.34342860840711,29.65,205.5,-29.59,43.77,0.0535396072288578
51828,1,46.54,-5.17,20.34,46.55,-5.17,23.69,1
51829,1,46.54,-5.17,19.39,46.55,-5.17,23.69,1
51834,1,10,-1.44,1.88,10,-1.44,2.13,1
51837,1,1.5,-0.22,0.19,1.5,-0.22,0.32,1
51837,1,2.5,-0.36,0.97,2.5,-0.36,0.53,1
51837,1,2.5,-0.36,0.7,2.5,-0.36,0.53,1
51843,1,103.49,22.05,28.43,103.5,-14.9,22.05,1
51844,1,1.3,0.28,0.26,1.3,-0.19,0.28,1
51847,1,50.99,-7.34,15.4,51,-7.34,10.86,1
51849,1,56.69,18.6954152007518,15.76,56.7,-6.92,26.42,0.707623588219219
51849,1,56.69,18.6954152007518,6.97,56.7,-6.92,26.42,0.707623588219219
51849,1,56.69,18.6954152007518,20.65,56.7,-6.92,26.42,0.707623588219219
51849,1,56.69,18.6954152007518,15.65,56.7,-6.92,26.42,0.707623588219219
51850,0,0,0,0.64,1.6,-0.2,0.75,NaN
51856,1,201.27,36.019257906804,53.69,201.3,-28.99,42.88,0.840001350438526
51859,1,2.74,-0.13,0.42,2.74,-0.13,1.05,1
51860,1,2.74,1.05,1.22,2.74,-0.13,1.05,1
51861,1,2.74,1.05,1.05,2.74,-0.13,1.05,1
51863,0,0,0,1,2.74,-0.13,1.05,NaN
51864,1,2.74,1.05,0.85,2.74,-0.13,1.05,1
51868,1,2,-0.29,0.23,2,-0.29,0.43,1
51868,1,2.1,-0.3,0.94,2.1,-0.3,0.45,1
51868,1,2.1,-0.3,0.84,2.1,-0.3,0.45,1
51870,1,0.83,0.32,0.4,0.83,-0.04,0.32,1
51870,0,0,0,0.25,0.83,-0.04,0.32,NaN
51870,1,1.3,0.5,0.17,1.3,-0.06,0.5,1
51870,1,1.3,0.5,0.22,1.3,-0.06,0.5,1
51870,0,0,0,0.33,2.2,-0.11,0.84,NaN
51870,1,2.2,0.84,0.92,2.2,-0.11,0.84,1
51871,1,0.3,-0.01,0.06,0.3,-0.01,0.12,1
51872,1,0.83,-0.04,0.41,0.83,-0.04,0.32,1
51878,1,199.97,42.6,82.21,200,-28.8,42.6,1
51881,1,8.8,4.1,3.4,8.8,-1.07,4.1,1
51886,0,0,0,62.44,265,-29.41,134.89,NaN
51887,1,264.96,49.5979214313557,115.03,265,-29.41,134.89,0.367691611174703
51893,1,140.65,134.225949691686,140.53,823.1,-100.42,383.56,0.349947725757863
51894,1,165.19,134.653160587323,164.39,823.1,-100.42,383.56,0.351061530366365
51895,0,0,0,399.41,823.1,-100.42,383.56,NaN
51901,1,100.49,21.41,42.96,100.5,-14.47,21.41,1
51906,1,30,-4.32,4.87,30,-4.32,6.39,1
51907,0,0,0,0.18,1.3,-0.19,0.28,NaN
51911,1,2.4,-0.27,1.12,2.4,-0.27,1.22,1
51912,1,2.4,-0.27,0.44,2.4,-0.27,1.22,1
51917,0,0,0,39.28,150,-21.6,31.95,NaN
51924,1,12,-1.6002789565212,3.56,12,-1.73,2.56,0.925016737873529
51925,1,12,-1.6002789565212,2.71,12,-1.73,2.56,0.925016737873529
51929,1,98.89,21.07,37.23,98.9,-14.24,21.07,1
51935,1,98.99,-14.26,17.76,99,-14.26,21.09,1
51938,1,25.3,-3.64,11.97,25.3,-3.64,5.39,1
51943,1,1.3,-0.19,0.64,1.3,-0.19,0.28,1
51944,0,0,0,0.38,1.3,-0.19,0.28,NaN
51946,1,36,-5.18,9.46,36,-5.18,7.67,1
51950,1,2.25,1.05,0.98,2.25,-0.27,1.05,1
51950,1,2.25,1.05,0.62,2.25,-0.27,1.05,1
51951,1,2.25,1.05,0.48,2.25,-0.27,1.05,1
51951,1,2.25,1.05,0.52,2.25,-0.27,1.05,1
51955,1,2,1.02,0.7,2,-0.22,1.02,1
51956,1,3.77,1.11121080220838,1.46,3.77,-0.42,1.92,0.578755626150196
51958,1,3.77,-0.363644128709815,1.48,3.77,-0.42,1.92,0.865819354070989
51958,1,3.77,-0.363644128709815,1.24,3.77,-0.42,1.92,0.865819354070989
51961,1,10.4,-1.5,2.71,10.4,-1.5,2.22,1
51963,1,2.5,-0.3,1.2,2.5,-0.3,1.16,1
51963,1,2.5,-0.3,0.27,2.5,-0.3,1.16,1
51964,1,1.8,0.84,0.48,1.8,-0.22,0.84,1
51965,1,1.8,0.84,0.34,1.8,-0.22,0.84,1
51973,1,107.19,2.62592283311416,19.99,107.2,-15.44,22.83,0.115020711043108
51974,1,1.3,0.28,0.17,1.3,-0.19,0.28,1
51974,1,1.3,0.28,0.46,1.3,-0.19,0.28,1
51975,1,1.3,-0.19,0.29,1.3,-0.19,0.28,1
51975,1,1.3,-0.19,0.27,1.3,-0.19,0.28,1
51976,0,0,0,0.65,1.3,-0.19,0.28,NaN
51977,1,1.3,0.139848358868739,0.42,1.3,-0.19,0.28,0.49945842453121
51982,1,4,0.85,0.81,4,-0.58,0.85,1
51982,1,4,0.85,0.71,4,-0.58,0.85,1
51986,1,2.33,1.09,1.04,2.33,-0.28,1.09,1
51987,1,2.33,1.09,0.76,2.33,-0.28,1.09,1
51987,1,2.33,1.09,0.69,2.33,-0.28,1.09,1
51988,1,2.33,1.09,1.02,2.33,-0.28,1.09,1
51989,1,2.33,1.09,0.69,2.33,-0.28,1.09,1
51989,1,2.33,1.09,0.83,2.33,-0.28,1.09,1
51993,1,18,-2.2,8.4,18,-2.2,8.39,1
51998,1,1.22,0.240126075036891,0.36,1.22,-0.15,0.57,0.421273815854196
51999,0,0,0,0.49,1.22,-0.15,0.57,NaN
51999,0,0,0,0.46,1.22,-0.15,0.57,NaN
52000,0,0,0,0.57,1.22,-0.15,0.57,NaN
52005,1,141.73,6.34437485979126,28.74,141.75,-15.73,72.15,0.0879331234898303
52006,1,141.73,44.0295452852356,58.36,141.75,-15.73,72.15,0.610250107903474
52010,1,2.1,-0.3,0.88,2.1,-0.3,0.45,1
52011,1,2.1,-0.3,0.26,2.1,-0.3,0.45,1
52014,0,0,0,0.7,1.7,-0.21,0.79,NaN
52014,1,2.1,-0.26,0.6,2.1,-0.26,0.98,1
52014,1,2.1,-0.26,0.98,2.1,-0.26,0.98,1
52015,0,0,0,0.48,1.7,-0.21,0.79,NaN
52015,1,2.1,-0.26,0.82,2.1,-0.26,0.98,1
52015,1,2.1,-0.26,0.4,2.1,-0.26,0.98,1
52015,1,2.3,-0.28,1.02,2.3,-0.28,1.07,1
52022,1,30,-4.32,13.36,30,-4.32,6.39,1
52023,1,1.5,-0.22,0.68,1.5,-0.22,0.32,1
52026,0,0,0,1.53,12,-1.73,2.56,NaN
52029,1,0.85,-0.1,0.11,0.85,-0.1,0.4,1
52030,1,0.85,-0.1,0.28,0.85,-0.1,0.4,1
52032,0,0,0,0.77,1.65,-0.2,0.77,NaN
52032,0,0,0,0.74,1.65,-0.2,0.77,NaN
52036,1,2,-0.24,0.79,2,-0.24,0.93,1
52037,1,2,-0.24,0.75,2,-0.24,0.93,1
52037,1,2,-0.24,0.97,2,-0.24,0.93,1
52041,1,2,0.93,0.98,2,-0.24,0.93,1
52041,1,2,0.93,0.78,2,-0.24,0.93,1
52041,1,2,0.93,0.48,2,-0.24,0.93,1
52041,1,3.5,1.63,1.08,3.5,-0.43,1.63,1
52047,1,25.75,-3.14,6.47,25.75,-3.14,12,1
52048,1,25.75,-3.14,9.29,25.75,-3.14,12,1
52053,1,24.75,1.75545024404635,4.18,24.75,-3.02,11.53,0.152250671643222
52053,1,24.75,1.75545024404635,10.12,24.75,-3.02,11.53,0.152250671643222
52053,1,24.75,1.75545024404635,10.14,24.75,-3.02,11.53,0.152250671643222
52053,1,24.75,1.75545024404635,9.66,24.75,-3.02,11.53,0.152250671643222
52057,1,21.9,-2.27678240472283,4.89,21.9,-3.15,4.66,0.722788064991373
52064,1,7.5,-0.671657216144411,2.16,7.5,-0.92,3.49,0.730062191461316
52067,0,0,0,0.2,1.2,-0.13,0.61,NaN
52068,1,48.99,10.7248082799821,11.69,49,-5.44,24.94,0.430024389734649
52069,0,0,0,0.56,1.2,-0.13,0.61,NaN
52073,0,0,0,0.27,2,-0.29,0.43,NaN
52073,1,2,-0.29,0.73,2,-0.29,0.43,1
52074,0,0,0,0.79,2,-0.29,0.43,NaN
52081,1,100.59,-14.49,19.31,100.6,-14.49,21.43,1
52088,1,3.62,1.69,1.07,3.62,-0.44,1.69,1
52089,1,3.62,1.69,1.27,3.62,-0.44,1.69,1
52091,1,3.62,1.69,0.69,3.62,-0.44,1.69,1
52092,1,3.62,1.69,0.62,3.62,-0.44,1.69,1
52092,1,3.62,1.69,1.14,3.62,-0.44,1.69,1
52093,1,3.62,1.69,0.76,3.62,-0.44,1.69,1
52096,1,42.44,5.64590976095185,16.31,42.45,-4.71,21.61,0.261263755712719
52096,1,42.44,5.64590976095185,11.92,42.45,-4.71,21.61,0.261263755712719
52099,1,11.8,-1.7,4.7,11.8,-1.7,2.51,1
52105,1,89.29,45.45,30.83,89.3,-9.91,45.45,1
52106,1,89.29,23.0885445537926,19.43,89.3,-9.91,45.45,0.507998780061442
52107,1,89.29,25.5467081195352,37.22,89.3,-9.91,45.45,0.562083787008476
52108,1,89.29,20.8546683962023,35.8,89.3,-9.91,45.45,0.458848589575407
52109,1,89.29,26.2469852248765,11.82,89.3,-9.91,45.45,0.577491424089692
52110,1,89.29,26.2207444306262,28.18,89.3,-9.91,45.45,0.576914068880664
52113,1,2.1,-0.3,0.93,2.1,-0.3,0.45,1
52113,1,4.2,-0.6,1.78,4.2,-0.6,0.89,1
52115,1,6,2.8,2.12,6,-0.73,2.8,1
52118,0,0,0,0.66,4,-0.58,0.85,NaN
52119,1,2,-0.29,0.77,2,-0.29,0.43,1
52119,1,2,-0.29,0.99,2,-0.29,0.43,1
52123,1,4.82,0.578145298330699,1.63,4.83,-0.54,2.46,0.235018413955569
52123,1,4.82,0.578145298330699,2.03,4.83,-0.54,2.46,0.235018413955569
52124,1,4.82,1.06685160601842,1.43,4.83,-0.54,2.46,0.433679514641635
52124,1,4.82,1.06685160601842,2.28,4.83,-0.54,2.46,0.433679514641635
52130,1,32.75,-3.64,8.91,32.75,-3.64,16.67,1
52131,1,32.75,-3.64,6.31,32.75,-3.64,16.67,1
52135,1,49.99,10.65,7.42,50,-7.2,10.65,1
52139,1,3.38,0.13909271697032,0.83,3.38,-0.38,1.72,0.0808678587036745
52139,1,3.38,0.13909271697032,0.88,3.38,-0.38,1.72,0.0808678587036745
52139,1,3.38,0.13909271697032,1.32,3.38,-0.38,1.72,0.0808678587036745
52139,1,3.38,0.13909271697032,1.43,3.38,-0.38,1.72,0.0808678587036745
52139,1,3.38,0.13909271697032,0.64,3.38,-0.38,1.72,0.0808678587036745
52142,1,2.2,-0.27,0.35,2.2,-0.27,1.03,1
52142,1,2.2,-0.27,0.5,2.2,-0.27,1.03,1
52143,1,2.2,-0.27,0.94,2.2,-0.27,1.03,1
52143,1,2.2,-0.27,0.65,2.2,-0.27,1.03,1
52150,0,0,0,0.15,1.45,-0.18,0.68,NaN
52150,0,0,0,0.38,1.45,-0.18,0.68,NaN
52151,0,0,0,0.5,1.45,-0.18,0.68,NaN
52151,0,0,0,0.7,1.45,-0.18,0.68,NaN
52154,1,0.43,0.17,0.16,0.43,-0.02,0.17,1
52154,1,0.5,0.19,0.11,0.5,-0.02,0.19,1
52154,0,0,0,0.26,1.7,-0.08,0.65,NaN
52155,1,0.43,-0.02,0.13,0.43,-0.02,0.17,1
52155,1,0.43,-0.02,0.1,0.43,-0.02,0.17,1
52155,1,3.4,-0.17,0.7,3.4,-0.17,1.31,1
52155,0,0,0,0.46,3.4,-0.17,1.31,NaN
52161,1,209.97,39.8513683790967,44.78,210,-30.24,44.73,0.890931553299725
54333,1,49.99,10.65,20.61,50,-7.2,10.65,1
54340,1,192.07,-21.32,66.44,192.1,-21.32,97.78,1
54341,1,192.07,-21.32,38,192.1,-21.32,97.78,1
54342,1,192.07,-21.32,82.91,192.1,-21.32,97.78,1
54347,0,0,0,0.44,0.93,-0.11,0.43,NaN
54348,0,0,0,0.37,0.93,-0.11,0.43,NaN
54350,0,0,0,0.45,0.93,-0.11,0.43,NaN
54350,0,0,0,0.23,0.93,-0.11,0.43,NaN
54351,0,0,0,0.33,0.93,-0.11,0.43,NaN
54351,0,0,0,0.22,0.93,-0.11,0.43,NaN
54356,1,2.03,-0.25,0.91,2.03,-0.25,0.95,1
54356,1,2.03,-0.25,0.77,2.03,-0.25,0.95,1
54357,1,2.03,-0.25,0.32,2.03,-0.25,0.95,1
54364,1,1.87,-0.23,0.64,1.87,-0.23,0.87,1
54365,1,1.87,-0.23,0.85,1.87,-0.23,0.87,1
54367,1,1.87,-0.23,0.92,1.87,-0.23,0.87,1
54373,1,274.46,126.848431552749,122.01,274.5,-33.49,127.92,0.991623135965827
54379,1,4.02,-0.49,0.75,4.02,-0.49,1.88,1
54380,1,4.02,-0.49,1.82,4.02,-0.49,1.88,1
54382,1,4.02,-0.49,1.02,4.02,-0.49,1.88,1
54382,1,4.02,-0.49,1.56,4.02,-0.49,1.88,1
54386,1,21,4.47,3.95,21,-3.02,4.47,1
54395,1,175.48,37.38,51.8,175.5,-25.27,37.38,1
54398,0,0,0,0.25,1,-0.12,0.47,NaN
54398,1,1.82,-0.22,0.24,1.82,-0.22,0.85,1
54398,1,1.82,-0.22,0.64,1.82,-0.22,0.85,1
54398,1,1.82,-0.22,0.62,1.82,-0.22,0.85,1
54398,1,1.82,-0.22,0.64,1.82,-0.22,0.85,1
54398,1,1.82,-0.22,0.28,1.82,-0.22,0.85,1
54402,1,1.8,-0.22,0.21,1.8,-0.22,0.84,1
54403,1,1.8,-0.22,0.39,1.8,-0.22,0.84,1
54405,1,1.8,0.84,0.67,1.8,-0.22,0.84,1
54409,1,1.97,-0.22,0.31,1.98,-0.22,1.01,1
54409,1,1.97,-0.22,0.94,1.98,-0.22,1.01,1
54409,1,1.97,-0.22,0.4,1.98,-0.22,1.01,1
54409,1,1.97,-0.22,0.48,1.98,-0.22,1.01,1
54413,0,0,0,0.55,1.6,-0.23,0.34,NaN
54413,0,0,0,0.54,1.5,-0.22,0.32,NaN
54419,0,0,0,361.77,811.9,-99.05,378.35,NaN
54423,1,1.9,-0.23,0.39,1.9,-0.23,0.89,1
54423,1,1.9,-0.23,0.5,1.9,-0.23,0.89,1
54424,1,1.9,-0.23,0.69,1.9,-0.23,0.89,1
54424,1,1.9,-0.23,0.69,1.9,-0.23,0.89,1
54425,1,1.9,-0.23,0.79,1.9,-0.23,0.89,1
54425,1,1.9,-0.23,0.27,1.9,-0.23,0.89,1
54429,1,8.5,3.96,1.44,8.5,-1.04,3.96,1
54432,1,1.52,0.71,0.4,1.53,-0.19,0.71,1
54432,1,1.52,0.71,0.41,1.53,-0.19,0.71,1
54432,1,1.52,0.71,0.59,1.53,-0.19,0.71,1
54432,1,1.52,0.71,0.27,1.53,-0.19,0.71,1
54436,0,0,0,0.31,1.07,-0.13,0.5,NaN
54437,0,0,0,0.47,1.07,-0.13,0.5,NaN
54439,0,0,0,0.33,1.07,-0.13,0.5,NaN
54443,1,1.7,-0.21,0.68,1.7,-0.21,0.79,1
54443,1,4.12,-0.5,1.83,4.13,-0.5,1.92,1
54443,1,4.12,-0.5,2.04,4.13,-0.5,1.92,1
54443,1,4.12,-0.5,1.56,4.13,-0.5,1.92,1
54443,1,4.12,-0.5,0.58,4.13,-0.5,1.92,1
54453,0,0,0,38.87,150,-21.6,31.95,NaN
54456,1,2,-0.24,0.71,2,-0.24,0.93,1
54456,1,2,-0.24,0.88,2,-0.24,0.93,1
54457,1,2,-0.24,0.58,2,-0.24,0.93,1
54457,1,2,-0.24,0.45,2,-0.24,0.93,1
54463,1,3.6,-0.44,0.5,3.6,-0.44,1.68,1
54463,1,3.6,-0.44,1.15,3.6,-0.44,1.68,1
54464,0,0,0,0.47,0.97,-0.12,0.45,NaN
54464,0,0,0,0.31,0.97,-0.12,0.45,NaN
54465,0,0,0,0.25,0.97,-0.12,0.45,NaN
54468,1,3.5,1.78,1.62,3.5,-0.39,1.78,1
54469,1,3.5,-0.39,1.35,3.5,-0.39,1.78,1
54469,1,3.5,-0.39,0.56,3.5,-0.39,1.78,1
54469,1,3.5,-0.39,1.74,3.5,-0.39,1.78,1
54472,0,0,0,8.63,29.7,-4.28,6.33,NaN
54474,1,20,9.32,3.69,20,-2.44,9.32,1
54474,1,20,9.32,6.61,20,-2.44,9.32,1
54481,1,1.7,-0.21,0.73,1.7,-0.21,0.79,1
54481,1,1.7,-0.21,0.62,1.7,-0.21,0.79,1
54485,1,2.5,-0.3,0.62,2.5,-0.3,1.16,1
54486,1,1.73,-0.21,0.44,1.73,-0.21,0.81,1
54486,1,1.73,-0.21,0.21,1.73,-0.21,0.81,1
54487,1,1.73,-0.21,0.77,1.73,-0.21,0.81,1
54488,0,0,0,0.47,1.1,-0.13,0.51,NaN
54488,0,0,0,0.13,0.85,-0.1,0.4,NaN
54489,0,0,0,0.18,0.85,-0.1,0.4,NaN
54494,0,0,0,0.5,1.43,-0.17,0.67,NaN
54494,0,0,0,0.59,1.43,-0.17,0.67,NaN
54495,0,0,0,0.22,1.43,-0.17,0.67,NaN
54495,1,1.43,-0.17,0.23,1.43,-0.17,0.67,1
54496,1,1.43,-0.17,0.23,1.43,-0.17,0.67,1
54497,1,1.43,0.67,0.33,1.43,-0.17,0.67,1
54501,0,0,0,0.38,1.03,-0.13,0.48,NaN
54501,0,0,0,0.28,1.03,-0.13,0.48,NaN
54501,0,0,0,0.21,1.03,-0.13,0.48,NaN
54501,0,0,0,0.46,1.03,-0.13,0.48,NaN
54504,1,33.1,16.85,14.17,33.1,-3.67,16.85,1
54505,1,33.1,16.85,4.67,33.1,-3.67,16.85,1
54514,1,2.27,-0.28,0.83,2.27,-0.28,1.06,1
54515,1,2.27,-0.28,0.25,2.27,-0.28,1.06,1
54517,1,2.27,-0.28,0.28,2.27,-0.28,1.06,1
54517,1,2.27,-0.28,0.28,2.27,-0.28,1.06,1
54518,1,2.27,-0.28,0.8,2.27,-0.28,1.06,1
54518,1,2.27,-0.28,0.62,2.27,-0.28,1.06,1
54522,0,0,0,0.46,0.95,-0.12,0.44,NaN
54522,0,0,0,0.3,0.95,-0.12,0.44,NaN
54523,0,0,0,0.15,0.95,-0.12,0.44,NaN
54524,0,0,0,0.26,0.95,-0.12,0.44,NaN
54530,1,119.58,-9.61990163627316,55.69,119.6,-17.22,25.47,0.558647017205178
54533,1,3.63,-0.4,0.76,3.63,-0.4,1.85,1
54534,1,3.63,1.85,0.66,3.63,-0.4,1.85,1
54535,1,3.63,1.85,0.71,3.63,-0.4,1.85,1
54539,1,2,-0.24,0.29,2,-0.24,0.93,1
54539,1,2,-0.24,0.28,2,-0.24,0.93,1
54541,1,4.7,-0.52,1.45,4.7,-0.52,2.39,1
54542,1,4.7,2.39,1.23,4.7,-0.52,2.39,1
54547,1,149.98,31.95,18.92,150,-21.6,31.95,1
54548,1,1.5,0.32,0.51,1.5,-0.22,0.32,1
54552,1,1.8,-0.134311421388623,0.59,1.8,-0.22,0.84,0.610506460857378
54552,1,1.8,-0.134311421388623,0.27,1.8,-0.22,0.84,0.610506460857378
54553,1,1.8,-0.22,0.25,1.8,-0.22,0.84,1
54559,1,23.8,8.68911967004755,11.6,23.8,-2.64,12.11,0.717516075148435
54559,1,23.8,8.68911967004755,2.81,23.8,-2.64,12.11,0.717516075148435
54562,1,1.43,0.67,0.62,1.43,-0.17,0.67,1
54563,1,1.43,-0.17,0.69,1.43,-0.17,0.67,1
54563,1,1.43,-0.17,0.54,1.43,-0.17,0.67,1
54570,1,2.05,0.96,0.81,2.05,-0.25,0.96,1
54571,1,2.05,0.96,0.7,2.05,-0.25,0.96,1
54571,1,1.8,0.84,0.77,1.8,-0.22,0.84,1
54575,0,0,0,8.84,37.97,-5.47,8.09,NaN
54575,0,0,0,16.03,37.97,-5.47,8.09,NaN
54575,0,0,0,7.17,37.97,-5.47,8.09,NaN
54582,1,18,-2,4.26,18,-2,9.16,1
54582,1,18,-2,3.87,18,-2,9.16,1
54582,1,18,-2,2.72,18,-2,9.16,1
54582,1,18,-2,4.78,18,-2,9.16,1
54590,1,37.49,-4.16,16.62,37.5,-4.16,19.09,1
54593,1,16.5,-2.01,5.52,16.5,-2.01,7.69,1
54597,1,2,-0.24,0.9,2,-0.24,0.93,1
54597,1,2,-0.24,0.33,2,-0.24,0.93,1
54598,1,2,-0.24,0.72,2,-0.24,0.93,1
54601,1,79.99,17.04,38.52,80,-11.52,17.04,1
54602,0,0,0,0.66,1.6,-0.23,0.34,NaN
54608,1,135.98,37.2404717178372,41.36,136,-16.59,63.38,0.58757449854587
54612,1,3.7,-0.45,1.11,3.7,-0.45,1.72,1
54612,1,3.7,-0.45,0.98,3.7,-0.45,1.72,1
54613,1,3.7,-0.45,1.32,3.7,-0.45,1.72,1
54613,1,3.7,-0.45,1.65,3.7,-0.45,1.72,1
54614,1,3.7,-0.45,1.54,3.7,-0.45,1.72,1
54620,1,679.41,148.654802308819,220.92,679.5,-55.72,250.06,0.594476534866907
54624,1,1.5,-0.18,0.16,1.5,-0.18,0.7,1
54625,1,1.5,-0.18,0.67,1.5,-0.18,0.7,1
54625,1,1.5,-0.18,0.19,1.5,-0.18,0.7,1
54629,1,8,-1.15,2.94,8,-1.15,1.7,1
54633,1,23.8,-2.9,7.3,23.8,-2.9,11.09,1
54637,1,43.49,9.27,18.72,43.5,-6.26,9.27,1
54641,1,2,-0.24,0.27,2,-0.24,0.93,1
54642,1,2,-0.24,0.82,2,-0.24,0.93,1
54648,1,54.39,13.4119627267834,19.15,54.4,-6.64,25.35,0.529071507959896
54649,1,54.39,21.1688570049354,5.97,54.4,-6.64,25.35,0.835063392699622
54652,1,99.99,-14.4,39.9,100,-14.4,21.3,1
54652,1,99.99,-14.4,37.44,100,-14.4,21.3,1
54657,1,2.32,1.08,0.34,2.32,-0.28,1.08,1
54658,1,2.32,-0.28,1.15,2.32,-0.28,1.08,1
54658,1,2.32,-0.28,0.5,2.32,-0.28,1.08,1
54658,1,2.32,-0.28,0.74,2.32,-0.28,1.08,1
54658,1,2.32,-0.28,0.71,2.32,-0.28,1.08,1
54658,1,2.32,-0.28,0.26,2.32,-0.28,1.08,1
54668,1,199.67,42.54,87.33,199.7,-28.76,42.54,1
54672,1,14.7,-2.12,5.42,14.7,-2.12,3.13,1
54678,1,200.91,46.7096179961464,89.27,200.93,-22.3,102.28,0.456683789559507
54679,1,200.91,46.6550906842699,72.64,200.93,-22.3,102.28,0.456150671531775
54680,1,200.91,46.7517590592877,40.43,200.93,-22.3,102.28,0.45709580621126
54684,0,0,0,0.22,1.2,-0.15,0.56,NaN
54685,0,0,0,0.31,1.2,-0.15,0.56,NaN
54687,0,0,0,0.17,1.2,-0.15,0.56,NaN
54691,1,6,-0.86,2.67,6,-0.86,1.28,1
54692,1,2.5,-0.36,1.07,2.5,-0.36,0.53,1
54692,0,0,0,0.2,1.5,-0.22,0.32,NaN
54696,0,0,0,0.39,1.03,-0.13,0.48,NaN
54697,0,0,0,0.46,1.03,-0.13,0.48,NaN
54699,0,0,0,0.19,1.03,-0.13,0.48,NaN
54700,0,0,0,0.25,1.03,-0.13,0.48,NaN
54703,0,0,0,0.29,1.2,-0.15,0.56,NaN
54703,0,0,0,0.5,1.2,-0.15,0.56,NaN
54703,0,0,0,0.32,1.2,-0.15,0.56,NaN
54703,1,1.6,-0.2,0.49,1.6,-0.2,0.75,1
54709,0,0,0,39.13,140.8,-20.28,29.99,NaN
54712,1,18,-2,1.81,18,-2,9.16,1
54712,1,18,-2,5.02,18,-2,9.16,1
54717,0,0,0,55.2,150,-21.6,31.95,NaN
54721,1,1.8,-0.22,0.57,1.8,-0.22,0.84,1
54722,1,1.8,-0.22,0.29,1.8,-0.22,0.84,1
54724,1,1.8,0.00267658844925987,0.56,1.8,-0.22,0.84,0.00318641482054747
54727,1,2.5,-0.3,0.56,2.5,-0.3,1.16,1
54728,1,1.7,-0.21,0.66,1.7,-0.21,0.79,1
54728,1,1.8,-0.22,0.57,1.8,-0.22,0.84,1
54733,1,1.75,-0.21,0.26,1.75,-0.21,0.82,1
54733,1,1.75,-0.21,0.28,1.75,-0.21,0.82,1
54733,1,1.75,-0.21,0.4,1.75,-0.21,0.82,1
54733,1,1.75,-0.21,0.62,1.75,-0.21,0.82,1
54733,1,1.75,-0.21,0.76,1.75,-0.21,0.82,1
54733,1,1.75,-0.21,0.6,1.75,-0.21,0.82,1
54739,1,21.3,-2.6,8.38,21.3,-2.6,9.93,1
54742,1,2.15,-0.26,0.93,2.15,-0.26,1,1
54742,1,2.15,-0.26,0.49,2.15,-0.26,1,1
54743,0,0,0,0.37,0.93,-0.11,0.43,NaN
54743,0,0,0,0.39,0.93,-0.11,0.43,NaN
54744,0,0,0,0.45,0.93,-0.11,0.43,NaN
54749,1,2.92,-0.36,0.63,2.92,-0.36,1.36,1
54750,1,2.92,-0.36,1.22,2.92,-0.36,1.36,1
54752,1,2.92,-0.36,0.4,2.92,-0.36,1.36,1
54753,1,2.92,-0.36,1.24,2.92,-0.36,1.36,1
54755,1,2.92,-0.36,0.87,2.92,-0.36,1.36,1
54755,1,2.92,-0.36,0.86,2.92,-0.36,1.36,1
54758,1,2,-0.109482570607856,0.86,2,-0.24,0.93,0.456177377532735
54758,1,2,-0.109482570607856,0.55,2,-0.24,0.93,0.456177377532735
54758,1,2,-0.109482570607856,0.82,2,-0.24,0.93,0.456177377532735
54758,1,2,-0.109482570607856,0.66,2,-0.24,0.93,0.456177377532735
54758,1,2,-0.109482570607856,1,2,-0.24,0.93,0.456177377532735
54758,1,2,-0.109482570607856,0.85,2,-0.24,0.93,0.456177377532735
54761,1,22.5,1.37952319398714,8.93,22.5,-2.5,11.45,0.120482375020711
54761,0,0,0,0.44,1,-0.11,0.51,NaN
54765,1,1.8,-0.22,0.5,1.8,-0.22,0.84,1
54765,1,1.8,-0.22,0.8,1.8,-0.22,0.84,1
54766,1,1.8,-0.22,0.76,1.8,-0.22,0.84,1
54772,1,250.97,21.5092803451256,81.53,251,-36.14,53.46,0.402343440799207
54775,1,2.1,-0.23,0.78,2.1,-0.23,1.07,1
54775,1,2.1,-0.23,0.37,2.1,-0.23,1.07,1
54781,1,149.98,-4.16105604582901,18.4,150,-21.6,31.95,0.192641483603195
54782,0,0,0,0.88,2.3,-0.33,0.49,NaN
54789,1,59.54,8.39479467610778,18.83,59.55,-6.61,30.31,0.276964522471388
54790,1,59.54,16.1102044371655,12.15,59.55,-6.61,30.31,0.531514498091901
54791,1,2.5,-0.28,0.43,2.5,-0.28,1.27,1
54795,1,2.13,-0.26,0.45,2.13,-0.26,0.99,1
54796,1,2.13,-0.26,0.65,2.13,-0.26,0.99,1
54798,1,2.13,-0.26,0.36,2.13,-0.26,0.99,1
54801,1,12.5,-1.53,2.39,12.5,-1.53,5.82,1
54802,1,12.5,-1.53,3.02,12.5,-1.53,5.82,1
54802,1,12.5,-1.53,5.18,12.5,-1.53,5.82,1
54802,1,12.5,-1.53,2,12.5,-1.53,5.82,1
54810,1,218.47,95.3117341862887,63.84,218.5,-26.66,101.82,0.936080673603307
54814,1,79.99,-11.52,28.04,80,-11.52,17.04,1
54817,1,45.09,19.7936953632566,22.25,45.1,-5.5,21.02,0.941660102914205
54817,1,45.09,19.7936953632566,11.75,45.1,-5.5,21.02,0.941660102914205
54823,1,2.9,0.234693463890264,1.21,2.9,-0.35,1.35,0.173847010289085
54823,1,2.9,0.234693463890264,0.52,2.9,-0.35,1.35,0.173847010289085
54824,1,2.9,0.147044085680877,1.17,2.9,-0.35,1.35,0.108921544948798
54825,1,2.2,0.0797035616514062,1.07,2.2,-0.27,1.03,0.0773820986906856
54833,1,119.58,-17.22,48.55,119.6,-17.22,25.47,1
54837,1,1.67,-0.2,0.67,1.68,-0.2,0.78,1
54838,1,1.67,-0.2,0.37,1.68,-0.2,0.78,1
54839,1,1.67,-0.2,0.51,1.68,-0.2,0.78,1
54840,1,1.67,-0.2,0.43,1.68,-0.2,0.78,1
54840,0,0,0,0.39,1.1,-0.13,0.51,NaN
54843,0,0,0,0.23,0.67,-0.08,0.31,NaN
54843,0,0,0,0.1,0.67,-0.08,0.31,NaN
54843,0,0,0,0.26,0.67,-0.08,0.31,NaN
54843,0,0,0,0.39,1.05,-0.13,0.49,NaN
54843,0,0,0,0.24,1.05,-0.13,0.49,NaN
54847,1,98.99,21.09,33.67,99,-14.26,21.09,1
54854,1,62.99,29.36,13.35,63,-7.69,29.36,1
54855,1,62.99,28.3154204359803,26.13,63,-7.69,29.36,0.964421676974807
54856,1,62.99,17.9764813759265,30.96,63,-7.69,29.36,0.612277976019295
54860,0,0,0,0.5,1.3,-0.16,0.61,NaN
54861,0,0,0,0.51,1.3,-0.16,0.61,NaN
54862,0,0,0,0.47,1.3,-0.16,0.61,NaN
54869,1,211.97,93.7108038465984,25.38,212,-25.86,98.79,0.94858592819717
54873,1,2.27,-0.28,0.33,2.27,-0.28,1.06,1
54873,1,2.27,-0.28,0.95,2.27,-0.28,1.06,1
54874,1,2.27,-0.28,1.12,2.27,-0.28,1.06,1
54878,0,0,0,0.61,1.3,-0.16,0.61,NaN
54879,0,0,0,0.56,1.3,-0.16,0.61,NaN
54881,0,0,0,0.47,1.3,-0.16,0.61,NaN
54881,0,0,0,0.38,1.3,-0.16,0.61,NaN
54884,1,3.17,1.61,1.17,3.17,-0.35,1.61,1
54885,1,1.8,-0.2,0.72,1.8,-0.2,0.92,1
54886,1,3.17,-0.35,0.93,3.17,-0.35,1.61,1
54886,1,3.17,-0.35,1.09,3.17,-0.35,1.61,1
54886,1,3.17,-0.35,0.39,3.17,-0.35,1.61,1
54886,1,3.17,-0.35,1.36,3.17,-0.35,1.61,1
54886,1,3.17,-0.35,1.08,3.17,-0.35,1.61,1
54892,0,0,0,20.49,200,-28.8,42.6,NaN
54895,1,99.99,21.3,22.21,100,-14.4,21.3,1
54900,1,89.99,1.90286238877724,44.07,90,-10.98,41.94,0.0453710631563482
54900,1,89.99,1.90286238877724,9.64,90,-10.98,41.94,0.0453710631563482
54904,1,99.99,21.3,20.77,100,-14.4,21.3,1
54914,0,0,0,45.09,300,-43.2,63.9,NaN
54917,1,1.84,-0.22,0.57,1.84,-0.22,0.86,1
54917,1,1.84,-0.22,0.74,1.84,-0.22,0.86,1
54917,1,1.84,-0.22,0.72,1.84,-0.22,0.86,1
54917,1,1.84,-0.22,0.9,1.84,-0.22,0.86,1
54917,1,1.84,-0.22,0.25,1.84,-0.22,0.86,1
54922,1,321.61,127.302537269882,321.5,725.9,-88.56,338.27,0.376334103733355
54926,1,35,-3.88,16.61,35,-3.88,17.81,1
54930,1,98.99,21.09,32.49,99,-14.26,21.09,1
54936,1,25,-2.78,6.25,25,-2.78,12.73,1
54937,1,25,-2.78,10.3,25,-2.78,12.73,1
54942,1,2,-0.24,0.75,2,-0.24,0.93,1
54942,1,2,-0.24,0.3,2,-0.24,0.93,1
54943,1,2,-0.24,0.97,2,-0.24,0.93,1
54943,1,2,-0.24,0.63,2,-0.24,0.93,1
54944,0,0,0,0.3,0.7,-0.09,0.33,NaN
54944,0,0,0,0.13,0.7,-0.09,0.33,NaN
54947,0,0,0,0.75,2,-0.29,0.43,NaN
54948,1,1.2,-0.17,0.52,1.2,-0.17,0.26,1
54949,1,2,-0.29,0.8,2,-0.29,0.43,1
54956,1,88.02,24.147782152806,41.95,88.03,-9.77,44.81,0.538892705931845
54957,1,88.02,27.9670161563095,16.33,88.03,-9.77,44.81,0.62412443999798
54958,1,88.02,19.0553169580715,29.83,88.03,-9.77,44.81,0.425246975185707
54963,1,19.7,2.57855450145063,8.59,19.7,-2.19,10.03,0.257084197552406
54963,1,19.7,2.57855450145063,5.59,19.7,-2.19,10.03,0.257084197552406
54964,1,19.7,1.44502174992846,8.91,19.7,-2.19,10.03,0.144069965097553
54964,1,19.7,1.44502174992846,9.45,19.7,-2.19,10.03,0.144069965097553
54972,1,40.79,-5.88,8.18,40.8,-5.88,8.69,1
54980,1,99.99,21.3,17.19,100,-14.4,21.3,1
54985,1,97.99,20.87,39.03,98,-14.11,20.87,1
54993,1,174.78,26.2966644037852,72.84,174.8,-25.17,37.23,0.706329959811581
54994,0,0,0,0.2,1.6,-0.23,0.34,NaN
55002,1,244.52,35.0572352517905,71.08,360.1,-43.93,167.81,0.208910286942319
55003,1,199.93,34.9199937792789,159.85,360.1,-43.93,167.81,0.208092448479107
55004,1,232.12,35.3198880013633,40.06,360.1,-43.93,167.81,0.210475466309298
55008,1,1.5,-0.18,0.21,1.5,-0.18,0.7,1
55008,1,1.5,-0.18,0.45,1.5,-0.18,0.7,1
55009,1,1.5,-0.18,0.55,1.5,-0.18,0.7,1
55009,1,1.5,-0.18,0.72,1.5,-0.18,0.7,1
55010,1,1.5,-0.18,0.72,1.5,-0.18,0.7,1
55010,1,1.5,-0.18,0.65,1.5,-0.18,0.7,1
55011,1,1.45,-0.18,0.55,1.45,-0.18,0.68,1
55011,1,1.45,-0.18,0.44,1.45,-0.18,0.68,1
55014,1,60.49,30.79,6.12,60.5,-6.72,30.79,1
55014,1,60.49,30.79,11.77,60.5,-6.72,30.79,1
55014,1,60.49,30.79,6.3,60.5,-6.72,30.79,1
55020,1,1.53,-0.17,0.55,1.53,-0.17,0.78,1
55020,1,1.53,-0.17,0.2,1.53,-0.17,0.78,1
55021,1,1.53,-0.17,0.7,1.53,-0.17,0.78,1
55027,1,195.25,89.9409250760256,70.01,695.9,-84.9,324.29,0.277347204896931
55030,1,73.36,-8.95,33.02,73.37,-8.95,34.19,1
55030,1,73.36,-8.95,16.87,73.37,-8.95,34.19,1
55030,1,73.36,-8.95,23.37,73.37,-8.95,34.19,1
55030,0,0,0,29,73.37,-8.95,34.19,NaN
55037,1,5.3,1.12418875716847,2.16,5.3,-0.65,2.47,0.455137148651203
55038,1,0.58,0.115980364392337,0.24,0.58,-0.07,0.27,0.429556905156803
55038,1,0.58,0.115980364392337,0.25,0.58,-0.07,0.27,0.429556905156803
55039,0,0,0,0.25,0.58,-0.07,0.27,NaN
55040,0,0,0,0.15,0.58,-0.07,0.27,NaN
55041,0,0,0,0.14,0.58,-0.07,0.27,NaN
55047,1,81.59,-9.06,27.2,81.6,-9.06,41.53,1
55051,1,7,3.26,3,7,-0.85,3.26,1
55056,1,78.79,35.2041559628439,22.65,78.8,-8.75,40.11,0.877690250881175
55057,1,78.79,34.3254567899612,31.38,78.8,-8.75,40.11,0.855783016453783
55061,1,20.8,7.99,5.97,20.8,-1.02,7.99,1
55061,1,20.8,7.99,2.64,20.8,-1.02,7.99,1
55064,0,0,0,8.76,20.8,-1.02,7.99,NaN
55065,1,20.8,-1.02,6.86,20.8,-1.02,7.99,1
55067,1,20.8,-1.02,5.95,20.8,-1.02,7.99,1
55068,0,0,0,8.37,20.8,-1.02,7.99,NaN
55072,1,75.09,14.7961416909763,11.79,75.1,-10.81,16,0.924758855686021
55072,0,0,0,32.32,75.1,-10.81,16,NaN
55073,1,1.5,-0.22,0.3,1.5,-0.22,0.32,1
55078,1,74.99,15.97,7.9,75,-10.8,15.97,1
55079,1,0.9,0.19,0.19,0.9,-0.13,0.19,1
55079,1,0.9,0.19,0.41,0.9,-0.13,0.19,1
55080,1,0.9,-0.13,0.28,0.9,-0.13,0.19,1
55083,1,4,1.86,0.66,4,-0.49,1.86,1
55084,1,4,-0.49,1.13,4,-0.49,1.86,1
55085,1,4,0.366549481356061,0.98,4,-0.49,1.86,0.197069613632291
55085,1,4,0.366549481356061,0.65,4,-0.49,1.86,0.197069613632291
55085,1,4,0.366549481356061,1.94,4,-0.49,1.86,0.197069613632291
55085,1,4,0.366549481356061,1.34,4,-0.49,1.86,0.197069613632291
55089,1,2,-0.24,0.55,2,-0.24,0.93,1
55090,1,2,-0.24,0.66,2,-0.24,0.93,1
55093,0,0,0,17.32,80.2,-11.55,17.08,NaN
55099,1,7,-0.85,3.12,7,-0.85,3.26,1
55100,1,7,-0.85,2.76,7,-0.85,3.26,1
55101,1,7,-0.85,3.01,7,-0.85,3.26,1
55107,1,199.97,34.3644682597328,79.82,200,-28.8,42.6,0.806677658679174
55111,1,0.3,-0.04,0.15,0.3,-0.04,0.14,1
55111,1,12,-1.46,4.25,12,-1.46,5.59,1
55111,1,12,-1.46,5.52,12,-1.46,5.59,1
55111,1,12,-1.46,1.88,12,-1.46,5.59,1
55111,1,12,-1.46,1.21,12,-1.46,5.59,1
55111,1,12,-1.46,5.33,12,-1.46,5.59,1
55112,1,0.3,-0.04,0.04,0.3,-0.04,0.14,1
55117,1,65.99,14.06,29.22,66,-9.5,14.06,1
55120,1,3.67,-0.45,0.61,3.67,-0.45,1.71,1
55120,1,3.67,-0.45,0.55,3.67,-0.45,1.71,1
55120,1,3.67,-0.45,1.6,3.67,-0.45,1.71,1
55120,1,3.67,-0.45,0.75,3.67,-0.45,1.71,1
55120,1,3.67,-0.45,0.42,3.67,-0.45,1.71,1
55120,1,3.67,-0.45,0.58,3.67,-0.45,1.71,1
55123,1,34.4,16.03,5.77,34.4,-4.2,16.03,1
55127,1,7.5,-0.83,1.72,7.5,-0.83,3.82,1
55133,1,1,-0.14,0.36,1,-0.14,0.21,1
55134,1,10.5,-1.51,1.88,10.5,-1.51,2.24,1
55139,1,10,-1.11,2.38,10,-1.11,5.09,1
55144,0,0,0,0.56,1.3,-0.16,0.61,NaN
55144,0,0,0,0.56,1.3,-0.16,0.61,NaN
55145,0,0,0,0.52,1.3,-0.16,0.61,NaN
55145,0,0,0,0.21,1.3,-0.16,0.61,NaN
55146,0,0,0,0.43,1.3,-0.16,0.61,NaN
55149,1,79.99,17.04,34.61,80,-11.52,17.04,1
55155,1,1.55,-0.19,0.58,1.55,-0.19,0.72,1
55155,1,1.55,-0.19,0.2,1.55,-0.19,0.72,1
55157,1,1.6,0.75,0.52,1.6,-0.2,0.75,1
55157,1,5.3,2.47,2.62,5.3,-0.65,2.47,1
55157,1,5.3,2.47,1.49,5.3,-0.65,2.47,1
55161,1,443.84,63.7495159786102,145.43,443.9,-63.92,94.55,0.674241311249182
55164,1,71.12,22.1833936039138,24.21,71.13,-8.68,33.15,0.669182310826964
55164,1,71.12,22.1833936039138,11.58,71.13,-8.68,33.15,0.669182310826964
55164,1,71.12,22.1833936039138,30.93,71.13,-8.68,33.15,0.669182310826964
55166,1,59.93,3.33299439723593,16.24,59.93,-6.65,30.51,0.1092426875528
55166,1,59.93,3.33299439723593,19.94,59.93,-6.65,30.51,0.1092426875528
55166,1,59.93,3.33299439723593,18.9,59.93,-6.65,30.51,0.1092426875528
55174,1,2.67,-0.33,0.98,2.67,-0.33,1.24,1
55174,1,2.67,-0.33,0.66,2.67,-0.33,1.24,1
55175,1,2.67,-0.33,0.35,2.67,-0.33,1.24,1
55176,1,2.67,-0.33,0.8,2.67,-0.33,1.24,1
55176,1,2.67,-0.33,0.41,2.67,-0.33,1.24,1
55177,1,2.67,-0.33,1.33,2.67,-0.33,1.24,1
55181,1,2,-0.24,0.46,2,-0.24,0.93,1
55181,1,2,-0.24,0.83,2,-0.24,0.93,1
55187,1,101.19,21.56,37.35,101.2,-14.57,21.56,1
55190,1,1.8,-0.22,0.81,1.8,-0.22,0.84,1
55190,1,1.8,-0.22,0.24,1.8,-0.22,0.84,1
55196,1,2.08,0.97,0.49,2.08,-0.25,0.97,1
55196,1,2.08,0.97,0.28,2.08,-0.25,0.97,1
55197,1,2.08,0.97,0.84,2.08,-0.25,0.97,1
55197,1,2.08,0.97,0.23,2.08,-0.25,0.97,1
55198,1,2.08,0.97,1,2.08,-0.25,0.97,1
55198,1,2.08,0.97,0.26,2.08,-0.25,0.97,1
55205,1,4.67,-0.57,1.26,4.67,-0.57,2.17,1
55205,1,4.67,-0.57,2.31,4.67,-0.57,2.17,1
55206,1,4.67,2.17,0.56,4.67,-0.57,2.17,1
55207,1,4.67,-0.57,1.37,4.67,-0.57,2.17,1
55207,1,4.67,-0.57,0.98,4.67,-0.57,2.17,1
55208,1,4.67,2.17,0.74,4.67,-0.57,2.17,1
55211,1,2,1.02,0.81,2,-0.22,1.02,1
55211,1,2,1.02,0.39,2,-0.22,1.02,1
55211,1,2,1.02,0.43,2,-0.22,1.02,1
55211,1,2,1.02,0.96,2,-0.22,1.02,1
55212,0,0,0,0.37,1.4,-0.16,0.71,NaN
55213,0,0,0,0.31,1.4,-0.16,0.71,NaN
55218,1,2,1.02,0.79,2,-0.22,1.02,1
55219,1,2,1.02,0.81,2,-0.22,1.02,1
55223,1,2.3,-0.28,0.28,2.3,-0.28,1.07,1
55223,1,2,-0.24,0.41,2,-0.24,0.93,1
55225,1,7.9,-0.96,0.97,7.9,-0.96,3.68,1
55228,1,21.7,-2.41,2.28,21.7,-2.41,11.05,1
55229,1,21.7,-2.41,4.51,21.7,-2.41,11.05,1
55235,1,31.15,-3.46,5.16,31.15,-3.46,15.86,1
55236,1,31.15,-3.46,3.78,31.15,-3.46,15.86,1
55242,0,0,0,4.29,20,-2.88,4.26,NaN
55245,0,0,0,0.15,1.17,-0.14,0.54,NaN
55245,0,0,0,0.44,1.17,-0.14,0.54,NaN
55245,0,0,0,0.56,1.17,-0.14,0.54,NaN
55245,1,2,0.93,0.2,2,-0.24,0.93,1
55250,1,71.59,15.25,26.75,71.6,-10.31,15.25,1
55251,0,0,0,11.92,71.6,-10.31,15.25,NaN
55252,1,71.59,15.25,29.11,71.6,-10.31,15.25,1
55253,1,71.59,15.25,22.49,71.6,-10.31,15.25,1
55260,1,41.99,-6.05,12.95,42,-6.05,8.95,1
55263,0,0,0,0.17,1.4,-0.17,0.65,NaN
55263,0,0,0,0.63,1.4,-0.17,0.65,NaN
55263,0,0,0,0.54,1.4,-0.17,0.65,NaN
55268,0,0,0,37.8,80,-11.52,17.04,NaN
55269,0,0,0,10.66,80,-11.52,17.04,NaN
55270,0,0,0,0.38,1.6,-0.23,0.34,NaN
55270,1,1.5,-0.22,0.57,1.5,-0.22,0.32,1
55274,1,39.34,-4.8,16.1,39.35,-4.8,18.34,1
55274,1,39.34,-4.8,18.2,39.35,-4.8,18.34,1
55280,1,3.33,-0.41,1.04,3.33,-0.41,1.55,1
55281,1,3.33,-0.41,1.03,3.33,-0.41,1.55,1
55282,1,3.33,-0.41,0.64,3.33,-0.41,1.55,1
55283,1,3.33,-0.41,0.82,3.33,-0.41,1.55,1
55285,1,3.33,-0.41,0.43,3.33,-0.41,1.55,1
55286,1,3.33,-0.41,0.66,3.33,-0.41,1.55,1
55292,0,0,0,21.72,50,-7.2,10.65,NaN
55297,1,10.5,-1.47863001286969,2.87,10.5,-1.51,2.24,0.979225174085889
55301,1,21.33,0.37157407308573,8.58,21.33,-2.37,10.86,0.0342149238568812
55302,1,21.33,0.37157407308573,6.33,21.33,-2.37,10.86,0.0342149238568812
55304,1,21.33,10.86,3.42,21.33,-2.37,10.86,1
55304,1,21.33,10.86,8.92,21.33,-2.37,10.86,1
55305,1,21.33,10.86,3.38,21.33,-2.37,10.86,1
55305,1,21.33,10.86,8.34,21.33,-2.37,10.86,1
55309,1,1.6,-0.23,0.74,1.6,-0.23,0.34,1
55309,1,1.6,-0.23,0.52,1.6,-0.23,0.34,1
55310,1,1.6,-0.23,0.22,1.6,-0.23,0.34,1
55311,1,1.6,-0.23,0.28,1.6,-0.23,0.34,1
55311,0,0,0,0.25,1.5,-0.22,0.32,NaN
55315,1,1.07,-0.05,0.37,1.07,-0.05,0.41,1
55315,0,0,0,0.25,1.07,-0.05,0.41,NaN
55316,1,1.07,-0.05,0.29,1.07,-0.05,0.41,1
55316,1,0.6,-0.03,0.24,0.6,-0.03,0.23,1
55317,0,0,0,0.13,0.6,-0.03,0.23,NaN
55323,1,210.83,69.7470484331056,152.3,444.72,-54.26,207.24,0.336552057677599
55324,1,257.4,69.7121894890579,132.46,444.72,-54.26,207.24,0.336383852002788
55325,0,0,0,168.53,444.72,-54.26,207.24,NaN
55326,1,208.64,69.3491985023526,51.18,444.72,-54.26,207.24,0.334632303138161
55330,0,0,0,0.61,1.4,-0.17,0.65,NaN
55330,0,0,0,0.21,1.4,-0.17,0.65,NaN
55331,0,0,0,0.64,1.4,-0.17,0.65,NaN
55331,0,0,0,0.47,1.4,-0.17,0.65,NaN
55336,1,3,-0.37,1.09,3,-0.37,1.4,1
55336,1,3,-0.37,0.5,3,-0.37,1.4,1
55337,1,3,-0.285875461787118,1.1,3,-0.37,1.4,0.772636383208426
55337,1,3,-0.285875461787118,0.66,3,-0.37,1.4,0.772636383208426
55338,1,3,-0.37,1.2,3,-0.37,1.4,1
55338,1,3,-0.37,0.32,3,-0.37,1.4,1
55343,1,11.5,-1.4,5.57,11.5,-1.4,5.36,1
55344,0,0,0,4.01,11.5,-1.4,5.36,NaN
55345,1,11.5,-1.4,2.09,11.5,-1.4,5.36,1
55345,1,11.5,-1.4,3.69,11.5,-1.4,5.36,1
55353,0,0,0,0.39,1.6,-0.23,0.34,NaN
55354,1,36,-5.18,6.59,36,-5.18,7.67,1
55358,1,5.3,-0.59,2.54,5.3,-0.59,2.7,1
55360,1,5.3,-0.59,2.09,5.3,-0.59,2.7,1
55361,1,5.3,-0.59,1.74,5.3,-0.59,2.7,1
55365,0,0,0,0.13,1.1,-0.13,0.51,NaN
55365,1,1.87,-0.23,0.55,1.87,-0.23,0.87,1
55365,1,1.87,-0.23,0.31,1.87,-0.23,0.87,1
55365,1,1.87,-0.23,0.59,1.87,-0.23,0.87,1
55367,0,0,0,0.26,1.37,-0.17,0.64,NaN
55368,0,0,0,0.6,1.37,-0.17,0.64,NaN
55369,0,0,0,0.37,1.37,-0.17,0.64,NaN
55378,0,0,0,23.52,153,-22.03,32.59,NaN
55381,0,0,0,0.2,1.32,-0.16,0.61,NaN
55382,0,0,0,0.46,1.32,-0.16,0.61,NaN
55382,0,0,0,0.38,1.32,-0.16,0.61,NaN
55382,0,0,0,0.52,1.32,-0.16,0.61,NaN
55382,1,2,-0.184818068897736,0.88,2,-0.24,0.93,0.770075287073901
55383,0,0,0,0.26,1.32,-0.16,0.61,NaN
55384,0,0,0,0.15,1.32,-0.16,0.61,NaN
55388,0,0,0,41.24,99,-14.26,21.09,NaN
56695,1,11.27,-1.25,2.09,11.27,-1.25,5.73,1
56695,1,11.27,-1.25,1.28,11.27,-1.25,5.73,1
56696,1,11.27,-1.25,4.87,11.27,-1.25,5.73,1
56701,1,29.5,4.2671359267936,4.78,29.5,-3.6,13.75,0.310337158312261
56701,0,0,0,3.92,29.5,-3.6,13.75,NaN
56706,1,6.82,-0.0460546320235813,1.27,6.82,-0.76,3.47,0.060598200031028
56706,1,6.82,-0.0460546320235813,1.61,6.82,-0.76,3.47,0.060598200031028
56707,1,6.82,-0.222388696416473,2.66,6.82,-0.76,3.47,0.292616705811149
56707,1,6.82,-0.222388696416473,1.33,6.82,-0.76,3.47,0.292616705811149
56708,1,6.82,0.244973750025602,1.38,6.82,-0.76,3.47,0.0705976224857642
56711,1,4.38,-0.53,1.6,4.38,-0.53,2.04,1
56711,1,4.38,-0.53,1.36,4.38,-0.53,2.04,1
56711,1,4.38,-0.53,0.77,4.38,-0.53,2.04,1
56711,1,4.38,-0.53,0.59,4.38,-0.53,2.04,1
56711,1,4.38,-0.53,0.86,4.38,-0.53,2.04,1
56711,1,4.38,-0.53,0.54,4.38,-0.53,2.04,1
56718,1,260.96,63.0449150474388,32.71,261,-31.84,121.63,0.518333594075794
56722,1,0.75,0.35,0.32,0.75,-0.09,0.35,1
56722,1,0.75,0.35,0.2,0.75,-0.09,0.35,1
56723,1,0.75,0.35,0.33,0.75,-0.09,0.35,1
56724,1,0.75,0.35,0.16,0.75,-0.09,0.35,1
56730,1,236.3,256.16,157.89,549.7,-67.06,256.16,1
56731,0,0,0,273.37,549.7,-67.06,256.16,NaN
56737,1,60.59,28.24,18.36,60.6,-7.39,28.24,1
56740,0,0,0,1.29,3,-0.33,1.53,NaN
56749,1,253.27,128.93,88.02,253.3,-28.12,128.93,1
56750,1,253.27,128.93,76.16,253.3,-28.12,128.93,1
56753,0,0,0,0.12,1.07,-0.12,0.54,NaN
56753,0,0,0,0.52,1.07,-0.12,0.54,NaN
56753,0,0,0,0.2,1.07,-0.12,0.54,NaN
56764,1,289.5,136.092083322461,132.8,393.9,-48.06,183.56,0.74140380977588
56765,1,255.23,136.590463480096,162.72,393.9,-48.06,183.56,0.744118890172676
56766,1,219.85,136.305610950646,103.76,393.9,-48.06,183.56,0.742567067719796
56771,0,0,0,0.83,3.5,-0.39,1.78,NaN
56771,1,3.5,-0.39,1.32,3.5,-0.39,1.78,1
56775,1,1.8,-0.22,0.57,1.8,-0.22,0.84,1
56775,1,1.8,-0.22,0.88,1.8,-0.22,0.84,1
56778,1,3,-0.37,0.53,3,-0.37,1.4,1
56778,1,3,-0.37,1.26,3,-0.37,1.4,1
56784,1,296.59,302.9,296.49,650,-79.3,302.9,1
56785,0,0,0,311.42,650,-79.3,302.9,NaN
56789,0,0,0,1.93,8.7,-1.06,4.05,NaN
56789,0,0,0,4.05,8.7,-1.06,4.05,NaN
56790,0,0,0,3.75,8.7,-1.06,4.05,NaN
56794,1,10,-1.11,4.06,10,-1.11,5.09,1
56800,1,47.39,22.09,22.22,47.4,-5.78,22.09,1
56805,1,23.7,12.06,7.24,23.7,-2.63,12.06,1
56806,1,23.7,-2.63,6.88,23.7,-2.63,12.06,1
56813,1,2.72,1.27,1.01,2.72,-0.33,1.27,1
56813,1,2.72,1.27,1.22,2.72,-0.33,1.27,1
56813,1,2.72,1.27,1.05,2.72,-0.33,1.27,1
56813,1,2.72,1.27,0.78,2.72,-0.33,1.27,1
56819,1,135.71,32.1751278265339,17.49,135.73,-15.07,69.09,0.465698767209927
56820,1,135.71,41.9043140181095,36.83,135.73,-15.07,69.09,0.606517788654067
56821,1,135.71,33.8920310071007,20.87,135.73,-15.07,69.09,0.49054900864236
56822,1,135.71,26.1776246349142,56.78,135.73,-15.07,69.09,0.378891657763992
56823,1,135.71,47.1388329884724,14.49,135.73,-15.07,69.09,0.682281560116839
56824,1,135.71,38.8316934757383,28.11,135.73,-15.07,69.09,0.562045064057582
56828,1,2.3,-0.257546899618538,0.82,2.3,-0.28,1.07,0.919810355780493
56828,1,2.3,-0.257546899618538,0.77,2.3,-0.28,1.07,0.919810355780493
56832,1,1.8,0.0757690701127922,0.63,1.8,-0.22,0.84,0.0902012739438003
56833,1,1.8,0.0757690701127922,0.23,1.8,-0.22,0.84,0.0902012739438003
56836,1,1.8,-0.22,0.34,1.8,-0.22,0.84,1
56836,1,1.8,-0.22,0.63,1.8,-0.22,0.84,1
56836,1,1.8,-0.22,0.7,1.8,-0.22,0.84,1
56836,1,1.8,-0.22,0.6,1.8,-0.22,0.84,1
56839,1,15,-0.0165671187289829,2.59,15,-1.67,7.64,0.00992043037663645
56842,1,21.2,9.2440089192354,3.82,21.2,-2.35,10.79,0.856720011050547
56845,1,55.99,-6.22,6.05,56,-6.22,28.5,1
56848,1,40.69,20.72,4.7,40.7,-4.52,20.72,1
56848,1,40.69,20.72,9.67,40.7,-4.52,20.72,1
56848,1,40.69,20.72,14.66,40.7,-4.52,20.72,1
56848,1,40.69,20.72,8.44,40.7,-4.52,20.72,1
56853,0,0,0,13.04,27,-1.32,10.37,NaN
56857,0,0,0,0.19,1.47,-0.18,0.68,NaN
56858,0,0,0,0.62,1.47,-0.18,0.68,NaN
56858,0,0,0,0.62,1.47,-0.18,0.68,NaN
56859,0,0,0,0.36,1.47,-0.18,0.68,NaN
56859,0,0,0,0.4,1.47,-0.18,0.68,NaN
56860,0,0,0,0.48,1.47,-0.18,0.68,NaN
56865,1,60.69,22.0815843978334,29.41,60.7,-7.41,28.29,0.780543810457173
56868,1,59.99,30.54,26.39,60,-6.66,30.54,1
56868,1,59.99,30.54,26.04,60,-6.66,30.54,1
56868,1,59.99,30.54,11.62,60,-6.66,30.54,1
56868,1,59.99,30.54,8.9,60,-6.66,30.54,1
56872,0,0,0,0.51,1.36,-0.17,0.63,NaN
56872,0,0,0,0.66,1.36,-0.17,0.63,NaN
56872,0,0,0,0.49,1.36,-0.17,0.63,NaN
56872,0,0,0,0.14,1.36,-0.17,0.63,NaN
56872,0,0,0,0.38,1.36,-0.17,0.63,NaN
56874,1,0.84,-0.1,0.19,0.84,-0.1,0.39,1
56874,1,0.84,-0.1,0.39,0.84,-0.1,0.39,1
56874,1,0.84,-0.1,0.36,0.84,-0.1,0.39,1
56874,1,0.84,-0.1,0.2,0.84,-0.1,0.39,1
56874,1,0.84,-0.1,0.16,0.84,-0.1,0.39,1
56876,1,68.29,31.83,9.05,68.3,-8.33,31.83,1
56880,0,0,0,0.48,1.2,-0.15,0.56,NaN
56880,1,2.87,0.914557757249338,0.47,2.87,-0.35,1.34,0.682505788992043
56880,1,2.87,0.914557757249338,0.66,2.87,-0.35,1.34,0.682505788992043
56880,1,2.87,0.914557757249338,1.19,2.87,-0.35,1.34,0.682505788992043
56880,1,2.87,0.914557757249338,1.02,2.87,-0.35,1.34,0.682505788992043
56880,1,2.87,0.914557757249338,0.73,2.87,-0.35,1.34,0.682505788992043
56880,1,2.87,0.914557757249338,0.47,2.87,-0.35,1.34,0.682505788992043
56885,1,1235.63,172.564813543434,512.1,1235.8,-101.34,454.77,0.37945513895691
56893,1,217.62,117.275738846169,116.71,621,-75.76,289.39,0.405251525091292
56894,1,176.33,117.642459041305,176.24,621,-75.76,289.39,0.40651874301567
56900,1,2.65,1.23,0.89,2.65,-0.32,1.23,1
56901,1,2.65,1.23,0.63,2.65,-0.32,1.23,1
56903,1,2.65,-0.32,0.77,2.65,-0.32,1.23,1
56904,1,2.65,1.23,0.51,2.65,-0.32,1.23,1
56904,1,2.65,1.23,0.37,2.65,-0.32,1.23,1
56905,1,2.65,-0.32,0.7,2.65,-0.32,1.23,1
56909,1,6,1.06586085237574,2.99,6,-0.73,2.8,0.380664590134191
56910,1,6,1.06586085237574,1.83,6,-0.73,2.8,0.380664590134191
56917,1,230.72,107.53,57.52,230.75,-28.15,107.53,1
56918,1,230.72,107.53,114,230.75,-28.15,107.53,1
56919,0,0,0,109.53,230.75,-28.15,107.53,NaN
56920,1,230.72,107.53,75.36,230.75,-28.15,107.53,1
56925,1,121.18,29.3330623724958,13.23,121.2,-13.45,61.69,0.475491366064124
56929,1,2,-0.24,0.37,2,-0.24,0.93,1
56929,1,2,-0.24,0.59,2,-0.24,0.93,1
56930,1,2,-0.24,0.47,2,-0.24,0.93,1
56933,0,0,0,11.79,34.67,-1.7,13.31,NaN
56933,1,34.66,13.31,15.3,34.67,-1.7,13.31,1
56933,1,34.66,13.31,5,34.67,-1.7,13.31,1
56934,1,34.66,-1.7,4.67,34.67,-1.7,13.31,1
56934,1,34.66,-1.7,10.53,34.67,-1.7,13.31,1
56934,1,34.66,-1.7,5.78,34.67,-1.7,13.31,1
56938,1,60.79,-7.42,8.44,60.8,-7.42,28.33,1
56945,0,0,0,0.27,1.5,-0.17,0.76,NaN
56946,0,0,0,0.23,1.5,-0.17,0.76,NaN
56951,1,2,0.93,0.89,2,-0.24,0.93,1
56951,1,2,0.93,0.53,2,-0.24,0.93,1
56952,1,2,0.93,0.56,2,-0.24,0.93,1
56956,1,1.8,-0.22,0.23,1.8,-0.22,0.84,1
56956,1,1.8,-0.22,0.77,1.8,-0.22,0.84,1
56960,0,0,0,0.66,1.65,-0.2,0.77,NaN
56960,0,0,0,0.44,1.65,-0.2,0.77,NaN
56961,1,1.65,-0.2,0.25,1.65,-0.2,0.77,1
56961,1,1.65,-0.2,0.64,1.65,-0.2,0.77,1
56964,0,0,0,0.73,1.55,-0.19,0.72,NaN
56964,0,0,0,0.38,1.55,-0.19,0.72,NaN
56964,0,0,0,0.27,1.55,-0.19,0.72,NaN
56964,0,0,0,0.22,1.55,-0.19,0.72,NaN
56964,0,0,0,0.67,1.55,-0.19,0.72,NaN
56964,0,0,0,0.51,1.55,-0.19,0.72,NaN
56969,1,203.97,78.34,91.99,204,-10,78.34,1
56970,1,203.97,78.34,51.6,204,-10,78.34,1
56973,1,31,-1.52,3.81,31,-1.52,11.9,1
56979,1,2,0.93,0.99,2,-0.24,0.93,1
56979,1,2,0.93,0.6,2,-0.24,0.93,1
56980,1,2,-0.24,0.51,2,-0.24,0.93,1
56981,1,2,-0.24,0.22,2,-0.24,0.93,1
56986,1,13.3,-1.48,3.85,13.3,-1.48,6.77,1
56992,1,1.73,-0.21,0.73,1.73,-0.21,0.81,1
56993,1,1.73,-0.21,0.77,1.73,-0.21,0.81,1
56993,1,1.73,-0.21,0.6,1.73,-0.21,0.81,1
56994,1,1.73,-0.21,0.62,1.73,-0.21,0.81,1
56994,1,1.73,-0.21,0.42,1.73,-0.21,0.81,1
56995,1,1.73,-0.21,0.86,1.73,-0.21,0.81,1
56999,1,6.92,-0.77,2.02,6.92,-0.77,3.52,1
57000,1,6.92,3.52,0.9,6.92,-0.77,3.52,1
57000,1,6.92,3.52,2.15,6.92,-0.77,3.52,1
57000,1,6.92,3.52,2.54,6.92,-0.77,3.52,1
57000,1,6.92,3.52,2.5,6.92,-0.77,3.52,1
57000,1,6.92,3.52,2.87,6.92,-0.77,3.52,1
57007,1,61.99,28.89,8.12,62,-7.56,28.89,1
57010,1,2,-0.24,0.53,2,-0.24,0.93,1
57010,1,2,-0.24,0.35,2,-0.24,0.93,1
57010,1,2,-0.24,0.75,2,-0.24,0.93,1
57010,1,2,-0.24,0.25,2,-0.24,0.93,1
57015,1,203.85,107.697572891737,203.76,597.35,-72.88,278.37,0.386886420561616
57016,1,183.3,108.245358663991,183.21,597.35,-72.88,278.37,0.388854253921007
57017,1,292,108.659868941382,291.91,597.35,-72.88,278.37,0.390343316238754
57018,1,235.43,108.594531915097,235.34,597.35,-72.88,278.37,0.390108603352002
58195,1,20.16,-2.24,8.4,20.17,-2.24,10.26,1
58195,1,20.16,-2.24,3.72,20.17,-2.24,10.26,1
58196,1,20.16,-2.24,3.1,20.17,-2.24,10.26,1
58200,1,38.33,8.81538404987334,12.28,38.33,-4.68,17.86,0.493582533587533
58200,1,38.33,8.81538404987334,17.82,38.33,-4.68,17.86,0.493582533587533
58200,1,38.33,8.81538404987334,8.47,38.33,-4.68,17.86,0.493582533587533
58204,1,73.99,37.67,16.96,74,-8.21,37.67,1
58209,0,0,0,347.36,820,-100.04,382.12,NaN
58210,1,107.44,-64.5285972993832,107.32,820,-100.04,382.12,0.645027961809108
58213,0,0,0,20.58,52,-2.55,19.97,NaN
58221,1,60.99,24.9049114906188,17.91,61,-6.77,31.05,0.802090547201895
58222,1,60.99,25.9476192137945,11.52,61,-6.77,31.05,0.835672116386295
58223,1,60.99,16.9316173322265,7.99,61,-6.77,31.05,0.545301685417923
58224,1,60.99,18.2871434956617,14.39,61,-6.77,31.05,0.588957922565595
58227,1,5,-0.72,1.69,5,-0.72,1.06,1
58231,1,116.98,59.55,34.21,117,-12.99,59.55,1
58232,1,116.98,59.55,42.94,117,-12.99,59.55,1
58233,1,116.98,59.55,14.26,117,-12.99,59.55,1
58240,1,58.89,29.98,26.25,58.9,-6.54,29.98,1
58241,1,58.89,29.98,14.72,58.9,-6.54,29.98,1
58245,0,0,0,0.2,1.97,-0.24,0.92,NaN
58246,0,0,0,0.86,1.97,-0.24,0.92,NaN
58246,0,0,0,0.26,1.97,-0.24,0.92,NaN
58252,1,157.78,-17.52,24.71,157.8,-17.52,80.32,1
58253,1,157.78,44.2138401856287,55.16,157.8,-17.52,80.32,0.550471117848963
58254,0,0,0,0.15,1.33,-0.15,0.68,NaN
58254,0,0,0,0.31,1.33,-0.15,0.68,NaN
58255,0,0,0,0.24,1.33,-0.15,0.68,NaN
58261,1,209.97,32.5453501111005,73.57,210,-23.31,106.89,0.30447516242025
58262,1,209.97,32.6743174316948,38.07,210,-23.31,106.89,0.305681704852604
58263,1,209.97,32.8665726866822,47.87,210,-23.31,106.89,0.307480331992536
58266,0,0,0,0.67,1.6,-0.2,0.75,NaN
58266,0,0,0,0.68,1.6,-0.2,0.75,NaN
58266,0,0,0,0.19,1.6,-0.2,0.75,NaN
58266,0,0,0,0.63,1.6,-0.2,0.75,NaN
58273,1,94.74,48.23,40.49,94.75,-10.52,48.23,1
58274,1,94.74,48.23,19.54,94.75,-10.52,48.23,1
58275,1,94.74,48.23,13.83,94.75,-10.52,48.23,1
58276,1,94.74,48.23,44.88,94.75,-10.52,48.23,1
58279,1,4,1.54,1.89,4,-0.2,1.54,1
58279,1,4,1.54,1.97,4,-0.2,1.54,1
58279,1,4,1.54,0.97,4,-0.2,1.54,1
58279,0,0,0,1.28,4,-0.2,1.54,NaN
58281,1,2.8,0,0.69,2.8,0,0,NaN
58281,0,0,0,1.44,4.9,0,0,NaN
58284,0,0,0,0.33,2,-0.24,0.93,NaN
58285,0,0,0,0.47,2,-0.24,0.93,NaN
58287,0,0,0,0.41,2,-0.24,0.93,NaN
58287,0,0,0,0.71,2,-0.24,0.93,NaN
58288,1,2,0.93,0.49,2,-0.24,0.93,1
58296,1,174.64,81.39,73.17,174.67,-21.31,81.39,1
58297,1,174.64,81.39,52.88,174.67,-21.31,81.39,1
58298,1,174.64,81.39,36.4,174.67,-21.31,81.39,1
58301,0,0,0,17.3,50.4,-7.26,10.74,NaN
58306,1,18,1.27293479895636,4.8,18,-2.2,8.39,0.151720476633654
58307,1,18,1.27293479895636,2.64,18,-2.2,8.39,0.151720476633654
58310,1,84.99,-9.44,37.5,85,-9.44,43.26,1
58319,1,89.99,41.94,38.17,90,-10.98,41.94,1
58323,1,18.9,-2.31,5.24,18.9,-2.31,8.81,1
58323,1,18.9,-2.31,7.97,18.9,-2.31,8.81,1
58328,1,107.09,37.1758200932871,34.93,107.1,-11.89,54.51,0.682000001711376
58329,1,107.09,22.3688067229884,14.32,107.1,-11.89,54.51,0.410361524912647
58330,1,107.09,20.9742281422456,11.42,107.1,-11.89,54.51,0.384777621395076
58334,1,1.45,-0.18,0.7,1.45,-0.18,0.68,1
58334,0,0,0,0.41,1.45,-0.18,0.68,NaN
58335,0,0,0,0.39,1.45,-0.18,0.68,NaN
58335,0,0,0,0.26,1.45,-0.18,0.68,NaN
58336,0,0,0,0.36,1.45,-0.18,0.68,NaN
58337,0,0,0,0.32,1.45,-0.18,0.68,NaN
58340,1,1.24,-0.15,0.53,1.24,-0.15,0.58,1
58340,1,1.24,-0.15,0.3,1.24,-0.15,0.58,1
58340,1,1.24,-0.15,0.23,1.24,-0.15,0.58,1
58340,1,1.24,-0.15,0.37,1.24,-0.15,0.58,1
58341,1,0.3,-0.04,0.08,0.3,-0.04,0.14,1
58342,1,1.24,-0.15,0.23,1.24,-0.15,0.58,1
58351,1,189.14,96.29,39.09,189.17,-21,96.29,1
58352,1,189.14,96.29,53.03,189.17,-21,96.29,1
58353,1,189.14,96.29,55.95,189.17,-21,96.29,1
58356,1,1,0.47,0.32,1,-0.12,0.47,1
58356,1,1,0.47,0.22,1,-0.12,0.47,1
58356,1,1,0.47,0.11,1,-0.12,0.47,1
58356,1,2,0.93,0.53,2,-0.24,0.93,1
58356,1,2.32,1.08,0.73,2.32,-0.28,1.08,1
58356,1,2.32,1.08,0.81,2.32,-0.28,1.08,1
58356,1,2.32,1.08,0.59,2.32,-0.28,1.08,1
58356,1,2.32,1.08,1.05,2.32,-0.28,1.08,1
58356,1,2.32,1.08,0.41,2.32,-0.28,1.08,1
58363,0,0,0,1.78,6.97,-0.77,3.55,NaN
58363,1,6.97,-0.77,1.09,6.97,-0.77,3.55,1
58364,1,6.97,3.55,2.51,6.97,-0.77,3.55,1
58364,1,6.97,3.55,1.64,6.97,-0.77,3.55,1
58365,1,6.97,3.55,1.9,6.97,-0.77,3.55,1
58365,1,6.97,3.55,3.28,6.97,-0.77,3.55,1
58370,1,50.39,-7.26,17.42,50.4,-7.26,10.74,1
58375,1,54.49,27.74,8.12,54.5,-6.05,27.74,1
58376,1,54.49,27.74,13.73,54.5,-6.05,27.74,1
58381,1,98.74,17.6774129284522,26.17,98.75,-10.96,50.26,0.351719318114847
58382,1,98.74,19.1888692484733,15.21,98.75,-10.96,50.26,0.381792066225095
58388,1,26.6,-3.25,11.8,26.6,-3.25,12.4,1
58388,1,26.6,-3.25,9.26,26.6,-3.25,12.4,1
58392,1,22,-2.68,8.94,22,-2.68,10.25,1
58399,1,122.98,-13.65,18.35,123,-13.65,62.61,1
58405,1,212.77,78.5242933106549,58.26,212.8,-25.96,99.16,0.791894849845249
58410,1,2.33,-0.28,0.36,2.33,-0.28,1.09,1
58410,1,2.33,-0.28,1.16,2.33,-0.28,1.09,1
58411,1,2.33,-0.28,1.12,2.33,-0.28,1.09,1
58411,1,2.33,-0.28,0.68,2.33,-0.28,1.09,1
58412,1,2.33,-0.28,1.11,2.33,-0.28,1.09,1
58413,1,2.33,-0.28,0.97,2.33,-0.28,1.09,1
58416,1,2,-0.24,0.88,2,-0.24,0.93,1
58417,1,2,0.93,0.34,2,-0.24,0.93,1
58417,1,2,0.93,0.35,2,-0.24,0.93,1
58417,1,2,0.93,0.94,2,-0.24,0.93,1
58422,1,76.99,34.2708442467078,28.15,77,-8.55,39.19,0.874479312240566
58423,1,76.99,28.8165537000143,24.51,77,-8.55,39.19,0.735303743302227
58426,0,0,0,6.3,23,-2.81,10.72,NaN
58426,0,0,0,10.71,23,-2.81,10.72,NaN
58430,1,80.99,37.75,8.85,81,-9.88,37.75,1
58431,1,80.99,37.75,20.69,81,-9.88,37.75,1
58432,1,80.99,37.75,19.03,81,-9.88,37.75,1
58433,1,80.99,37.75,22.9,81,-9.88,37.75,1
58434,1,80.99,37.75,30.48,81,-9.88,37.75,1
58435,1,80.99,37.75,39.31,81,-9.88,37.75,1
58439,1,246.97,37.5386944027024,32.06,247,-30.13,115.1,0.326139829736772
58440,0,0,0,89.86,247,-30.13,115.1,NaN
58445,1,21.5,0.175506203341841,2.28,21.5,-2.39,10.94,0.0160426145650677
58445,1,21.5,0.175506203341841,4.46,21.5,-2.39,10.94,0.0160426145650677
58449,1,19,8.85,5.88,19,-2.32,8.85,1
58449,1,19,8.85,3.07,19,-2.32,8.85,1
58458,1,160.98,67.6173735177852,22.99,161,-17.87,81.95,0.825105229015073
58459,1,160.98,81.0964119748969,38.53,161,-17.87,81.95,0.989584038741878
58464,0,0,0,3.72,26.9,-1.32,10.33,NaN
58464,0,0,0,5.4,26.9,-1.32,10.33,NaN
58465,1,26.9,-1.32,7.77,26.9,-1.32,10.33,1
58466,0,0,0,5.43,26.9,-1.32,10.33,NaN
58466,1,26.9,10.33,6.05,26.9,-1.32,10.33,1
58467,1,26.9,-1.32,5.8,26.9,-1.32,10.33,1
58468,0,0,0,0.66,1.5,-0.07,0.58,NaN
58468,1,1.5,0.58,0.65,1.5,-0.07,0.58,1
58472,1,6.3,-0.7,1.21,6.3,-0.7,3.21,1
58472,1,6.3,-0.7,0.88,6.3,-0.7,3.21,1
58479,1,49.99,19.2,18.98,50,-2.45,19.2,1
58480,1,49.99,19.2,16.31,50,-2.45,19.2,1
58481,1,49.99,19.2,19.31,50,-2.45,19.2,1
58482,1,49.99,19.2,8.85,50,-2.45,19.2,1
58487,1,188.49,51.7144150777989,86.98,594.3,-72.5,276.94,0.186735087303383
58495,0,0,0,58.39,146,-21.02,31.1,NaN
58499,0,0,0,0.8,5,-0.61,2.33,NaN
58506,1,2.18,-0.27,0.31,2.18,-0.27,1.02,1
58506,1,2.18,-0.27,0.68,2.18,-0.27,1.02,1
58507,1,2.18,0.133166358065736,0.53,2.18,-0.27,1.02,0.130555253005623
58508,1,2.18,0.0594891931276518,0.82,2.18,-0.27,1.02,0.0583227383604429
58508,1,2.18,0.0594891931276518,0.57,2.18,-0.27,1.02,0.0583227383604429
58509,1,2.18,-0.27,0.73,2.18,-0.27,1.02,1
58513,0,0,0,0.46,1.8,-0.22,0.84,NaN
58513,0,0,0,0.6,1.8,-0.22,0.84,NaN
58514,0,0,0,0.29,1.8,-0.22,0.84,NaN
58515,0,0,0,0.74,1.8,-0.22,0.84,NaN
58522,1,2.7,-0.33,0.43,2.7,-0.33,1.26,1
58523,1,2.7,-0.33,0.9,2.7,-0.33,1.26,1
58525,1,2.7,-0.33,0.84,2.7,-0.33,1.26,1
58525,1,2.7,-0.33,0.27,2.7,-0.33,1.26,1
58526,1,2.7,-0.33,0.69,2.7,-0.33,1.26,1
58529,0,0,0,2.27,11.25,-1.37,5.24,NaN
58530,0,0,0,2.99,11.25,-1.37,5.24,NaN
58538,1,50.59,5.10894787149666,17.79,50.6,-6.17,23.58,0.216664455958298
58539,1,50.59,4.71515477937651,21,50.6,-6.17,23.58,0.199964155189844
58540,1,50.59,3.57423748487552,6.52,50.6,-6.17,23.58,0.151579197831871
58541,1,50.59,6.98789489862814,7.96,50.6,-6.17,23.58,0.29634838416574
58542,1,50.59,3.70809248140281,12.57,50.6,-6.17,23.58,0.157255830424207
58545,1,56.69,-8.16,7.75,56.7,-8.16,12.08,1
58548,1,15.2,-1.69,5.31,15.2,-1.69,7.74,1
58549,1,4,-0.44,0.52,4,-0.44,2.04,1
58554,1,39.99,-3.00434222315409,18.62,40,-4.44,20.36,0.676653653863535
58560,1,18,9.16,5.18,18,-2,9.16,1
58560,1,18,9.16,8.66,18,-2,9.16,1
58564,1,39.99,-4.44,10.7,40,-4.44,20.36,1
58564,1,39.99,-4.44,15.75,40,-4.44,20.36,1
58571,1,149.98,31.95,45.67,150,-21.6,31.95,1
58575,0,0,0,1.2,3.72,-0.41,1.89,NaN
58575,1,3.72,-0.41,1.76,3.72,-0.41,1.89,1
58575,1,3.72,-0.41,0.44,3.72,-0.41,1.89,1
58575,0,0,0,1.21,3.72,-0.41,1.89,NaN
58575,1,3.72,-0.41,1.18,3.72,-0.41,1.89,1
58583,1,187.97,38.9122936939918,72.74,188,-22.94,87.61,0.444153563451567
58584,1,187.97,30.9732660380529,93.44,188,-22.94,87.61,0.353535738363804
58585,1,187.97,50.0772693215958,84.21,188,-22.94,87.61,0.571593075237938
59707,1,197.24,174.349910756996,197.14,720,-87.84,335.52,0.51964088804541
59713,1,248.63,-16.8704833499312,76.27,248.67,-27.6,126.57,0.611249396736636
59714,1,248.63,-17.2623857877489,121.52,248.67,-27.6,126.57,0.625448760425686
59715,1,248.63,-16.7800385224889,97.97,248.67,-27.6,126.57,0.607972410235105
59721,0,0,0,241.78,609,-74.3,283.79,NaN
59725,1,0.3,0.14,0.1,0.3,-0.04,0.14,1
59726,1,1.44,0.67,0.22,1.44,-0.18,0.67,1
59728,0,0,0,0.43,1.6,-0.2,0.75,NaN
59728,0,0,0,0.72,1.6,-0.2,0.75,NaN
59729,0,0,0,0.53,1.6,-0.2,0.75,NaN
59729,1,1.44,0.67,0.68,1.44,-0.18,0.67,1
59730,1,1.44,0.67,0.69,1.44,-0.18,0.67,1
59731,1,1.44,0.67,0.51,1.44,-0.18,0.67,1
59731,1,1.44,0.67,0.22,1.44,-0.18,0.67,1
59735,1,6.4,3.26,0.95,6.4,-0.71,3.26,1
59735,0,0,0,2.31,6.4,-0.71,3.26,NaN
59736,1,6.4,3.26,1.88,6.4,-0.71,3.26,1
59739,1,20,10.18,4.93,20,-2.22,10.18,1
59742,0,0,0,11.09,40.2,-1.97,15.44,NaN
59742,1,40.19,15.44,11.1,40.2,-1.97,15.44,1
59748,0,0,0,1.49,10.8,-0.53,4.15,NaN
59749,1,10.8,-0.53,1.39,10.8,-0.53,4.15,1
59750,0,0,0,4.56,10.8,-0.53,4.15,NaN
59754,1,39.99,15.36,8.57,40,-1.96,15.36,1
59757,1,99.9,-11.09,27.44,99.92,-11.09,50.86,1
59757,1,99.9,-11.09,24.81,99.92,-11.09,50.86,1
59757,1,99.9,-11.09,16.29,99.92,-11.09,50.86,1
59757,1,99.9,-11.09,35.83,99.92,-11.09,50.86,1
59757,1,99.9,-11.09,29.96,99.92,-11.09,50.86,1
59757,1,99.9,-11.09,42.95,99.92,-11.09,50.86,1
59764,1,135.98,44.1422597129826,32.9,136,-15.1,69.22,0.637709617350225
59772,0,0,0,398.93,900,-109.8,419.4,NaN
59773,1,116.78,244.826409444393,116.64,900,-109.8,419.4,0.583753956710523
59779,1,922.37,134.315098437398,380.25,922.5,-75.64,339.48,0.395649518196647
59780,1,922.37,132.517166839609,137.66,922.5,-75.64,339.48,0.390353384115733
59784,0,0,0,8.89,40.2,-1.97,15.44,NaN
59784,1,40.19,-1.97,18.18,40.2,-1.97,15.44,1
59787,1,40.19,-1.97,9.32,40.2,-1.97,15.44,1
59788,1,40.19,-1.97,19.72,40.2,-1.97,15.44,1
59792,1,19.5,9.93,7.53,19.5,-2.16,9.93,1
59792,0,0,0,9.37,19.5,-2.16,9.93,NaN
59794,1,8.5,-0.42,2.57,8.5,-0.42,3.26,1
59794,1,8.5,-0.42,1.77,8.5,-0.42,3.26,1
59794,0,0,0,2.98,8.5,-0.42,3.26,NaN
59796,1,3.5,1.34,1.21,3.5,-0.17,1.34,1
59796,1,47.99,18.43,9.95,48,-2.35,18.43,1
59797,1,4.3,0.52906340864674,0.85,4.3,-0.21,1.65,0.320644490088933
59797,1,4.3,0.52906340864674,1.16,4.3,-0.21,1.65,0.320644490088933
59797,1,47.99,5.90684818907487,13.29,48,-2.35,18.43,0.320501800817953
59803,1,117.98,60.06,18.48,118,-13.1,60.06,1
59804,1,117.98,32.6508695447263,41.25,118,-13.1,60.06,0.543637521557215
59813,1,188.48,260.03,188.4,558,-68.08,260.03,1
59819,1,404.61,-37.261825802582,50.72,404.67,-44.92,205.98,0.829515267199065
59820,1,404.61,-37.4357146961227,184.58,404.67,-44.92,205.98,0.833386346752509
59821,1,362.54,-37.6055243830581,193.88,404.67,-44.92,205.98,0.837166615829433
59822,1,404.61,-37.2199145144454,76.05,404.67,-44.92,205.98,0.828582246537076
59823,1,404.61,-37.3537045169734,114.84,404.67,-44.92,205.98,0.831560652648561
59824,1,404.61,-37.6115476185072,100.87,404.67,-44.92,205.98,0.837300703884844
59825,0,0,0,1.12,3.5,-0.39,1.78,NaN
59835,1,226.34,115.22,57.67,226.37,-25.13,115.22,1
59836,1,226.34,115.22,36.96,226.37,-25.13,115.22,1
59837,1,226.34,111.215824632087,75.6,226.37,-25.13,115.22,0.965247566673211
59843,1,55.99,17.9809280678153,19.96,56,-2.74,21.5,0.836322235712341
59844,1,55.99,15.7218955116582,21.44,56,-2.74,21.5,0.731250954030615
59847,1,37.49,14.4,16.73,37.5,-1.84,14.4,1
59848,1,37.49,-1.84,10.45,37.5,-1.84,14.4,1
59853,1,1.3,0.5,0.57,1.3,-0.06,0.5,1
59853,1,10.8,4.15,1.99,10.8,-0.53,4.15,1
59853,0,0,0,3.02,10.8,-0.53,4.15,NaN
59853,1,10.8,4.15,3.46,10.8,-0.53,4.15,1
59857,1,433.3,122.357366731481,254.37,552.5,-61.33,281.22,0.435094825159949
59863,1,56.66,-2.78,23.93,56.67,-2.78,21.76,1
59864,0,0,0,23.87,56.67,-2.78,21.76,NaN
59865,1,56.66,-2.78,14.08,56.67,-2.78,21.76,1
59866,0,0,0,15.55,56.67,-2.78,21.76,NaN
59867,0,0,0,21.51,56.67,-2.78,21.76,NaN
59868,0,0,0,18.48,56.67,-2.78,21.76,NaN
59871,1,92.49,47.08,19.91,92.5,-10.27,47.08,1
59871,1,92.49,47.08,12.62,92.5,-10.27,47.08,1
59876,1,22.7,8.72,9.88,22.7,-1.11,8.72,1
59876,0,0,0,3.59,22.7,-1.11,8.72,NaN
59879,0,0,0,1.38,3.4,-0.38,1.73,NaN
59879,0,0,0,0.45,3.4,-0.38,1.73,NaN
59880,0,0,0,0.77,3.4,-0.38,1.73,NaN
59881,0,0,0,1.22,3.4,-0.38,1.73,NaN
59885,1,28,4.31117919053071,7.54,28,-1.37,10.75,0.401039924700531
59885,1,28,4.31117919053071,4.96,28,-1.37,10.75,0.401039924700531
59886,1,3,1.15,0.44,3,-0.15,1.15,1
59886,1,3,1.15,0.83,3,-0.15,1.15,1
59887,1,3,1.15,0.89,3,-0.15,1.15,1
59890,1,28,-1.37,4.23,28,-1.37,10.75,1
59894,1,22,4.23965069877648,7.33,22,-2.44,11.2,0.378540240962186
59894,1,22,4.23965069877648,6.61,22,-2.44,11.2,0.378540240962186
59895,1,22,11.2,3.4,22,-2.44,11.2,1
59902,1,119.98,32.0729167513013,40.93,120,-13.32,61.08,0.525096868881816
59908,1,238.23,-26.45,97.74,238.27,-26.45,121.28,1
59909,1,238.23,-26.45,99.59,238.27,-26.45,121.28,1
59910,1,238.23,-26.45,107.46,238.27,-26.45,121.28,1
59913,0,0,0,15.86,34.2,-1.68,13.13,NaN
59914,0,0,0,11.67,34.2,-1.68,13.13,NaN
59914,0,0,0,12.49,34.2,-1.68,13.13,NaN
59918,1,44.85,22.83,15.76,44.86,-4.98,22.83,1
59920,0,0,0,9.89,44.86,-4.98,22.83,NaN
59921,1,44.85,22.83,5.11,44.86,-4.98,22.83,1
59923,1,44.85,22.83,18.15,44.86,-4.98,22.83,1
59924,1,44.85,22.83,13.37,44.86,-4.98,22.83,1
59929,0,0,0,76.98,154.8,-17.18,78.79,NaN
59934,1,179.31,191.513551596053,179.17,900,-109.8,419.4,0.456636985207567
59935,1,194.18,189.208125699975,194.04,900,-109.8,419.4,0.45114002312822
59938,1,20,-0.98,2.22,20,-0.98,7.68,1
59939,0,0,0,8.53,20,-0.98,7.68,NaN
59940,0,0,0,7.31,20,-0.98,7.68,NaN
59942,1,20,-0.98,7.35,20,-0.98,7.68,1
59943,0,0,0,9.06,20,-0.98,7.68,NaN
60897,1,75.42,-8.37,21.84,75.43,-8.37,38.4,1
60897,1,75.42,-8.37,37.7,75.43,-8.37,38.4,1
60897,1,75.42,-8.37,29.85,75.43,-8.37,38.4,1
60900,1,80.89,14.8271965901851,17.51,80.9,-8.98,41.18,0.360058197916102
60901,1,80.89,13.9926581503639,15.07,80.9,-8.98,41.18,0.339792572859735
60902,1,80.89,10.4659052259711,20.58,80.9,-8.98,41.18,0.254150199756462
60903,1,80.89,14.4784374649503,31.49,80.9,-8.98,41.18,0.351589059372276
60907,1,113.58,49.0444154148271,52.94,113.6,-12.61,57.82,0.848225794099396
60908,1,113.58,49.7771313518116,37.87,113.6,-12.61,57.82,0.860898155513863
60913,1,229.3,10.1706960915208,45.67,229.33,-25.46,116.73,0.0871300958752748
60914,1,229.3,10.1595162657406,65.59,229.33,-25.46,116.73,0.0870343207893482
60915,1,229.3,5.9118386192637,83.81,229.33,-25.46,116.73,0.050645409228679
60916,1,229.3,10.2864915402731,35.18,229.33,-25.46,116.73,0.0881220897821738
60917,1,229.3,10.0546837744582,53.2,229.33,-25.46,116.73,0.0861362441056983
60918,1,229.3,6.17848856068559,85.55,229.33,-25.46,116.73,0.0529297400898277
60922,1,186.17,51.9179371677047,91.22,186.2,-20.67,94.78,0.547773129011444
60925,1,207.97,30.9536636278132,56.59,208,-23.09,105.87,0.292374266816031
60926,1,207.97,34.3864463027533,30.35,208,-23.09,105.87,0.324798774938635
60927,1,207.97,31.8986246743339,34.3,208,-23.09,105.87,0.301299940250628
60931,1,10,1.28739667674658,1.84,10,-1.11,5.09,0.252926655549425
60935,1,377.45,85.1334265446047,158,377.5,-41.9,192.15,0.443057124874341
60936,1,377.45,85.1162330372108,183.81,377.5,-41.9,192.15,0.442967645262611
60940,1,113.62,17.5569416369489,54.05,113.63,-12.61,57.84,0.303543250984593
60941,1,113.62,17.6875661759629,48.21,113.63,-12.61,57.84,0.305801628215126
60942,1,113.62,16.4821178941543,41.59,113.63,-12.61,57.84,0.284960544504743
60946,1,4,1.38224867702847,1.31,4,-0.44,2.04,0.677572880896311
60947,0,0,0,1.89,4,-0.44,2.04,NaN
60949,0,0,0,1.58,4,-0.44,2.04,NaN
60953,1,216.47,79.5972118774167,47.78,216.5,-24.03,110.2,0.722297748433909
60954,1,216.47,79.1773514648147,107.7,216.5,-24.03,110.2,0.718487762838609
60955,1,216.47,79.3936245490517,67.65,216.5,-24.03,110.2,0.720450313512266
60962,1,416.81,33.2090393773907,175.62,416.87,-46.27,212.19,0.156506147214245
60963,1,416.81,33.5565579050763,153.95,416.87,-46.27,212.19,0.158143917739178
60964,1,416.81,33.5003956977307,160.96,416.87,-46.27,212.19,0.15787923887898
60968,0,0,0,1.1,4.67,-0.52,2.38,NaN
60968,0,0,0,0.7,4.67,-0.52,2.38,NaN
60969,0,0,0,1.34,4.67,-0.52,2.38,NaN
60969,0,0,0,0.15,0.7,-0.08,0.36,NaN
60970,0,0,0,0.32,0.7,-0.08,0.36,NaN
60970,0,0,0,0.13,0.7,-0.08,0.36,NaN
60971,0,0,0,0.17,0.7,-0.08,0.36,NaN
60976,1,185.07,141.476693041345,72.69,634.3,-77.38,295.58,0.478640953519674
60977,0,0,0,164.06,634.3,-77.38,295.58,NaN
60978,0,0,0,132.26,634.3,-77.38,295.58,NaN
60982,1,421.94,34.7904014856419,187.11,422,-46.84,214.8,0.161966487363323
60983,1,421.94,34.8520882339251,152.34,422,-46.84,214.8,0.162253669617901
60987,1,40.99,19.11,16.02,41,-5,19.11,1
60990,1,19.6,9.98,2.73,19.6,-2.18,9.98,1
60993,1,12,6.11,5.97,12,-1.33,6.11,1
60994,1,12,6.11,2.32,12,-1.33,6.11,1
60999,1,150.63,-5.39588647072756,22.26,150.65,-16.72,76.68,0.322720482699017
61000,1,150.63,-5.69769564706987,33.99,150.65,-16.72,76.68,0.340771270757767
61001,1,150.63,-5.35098430920371,62.81,150.65,-16.72,76.68,0.32003494672271
61002,1,150.63,-4.49009614346515,36.78,150.65,-16.72,76.68,0.268546420063705
61003,1,150.63,-4.64985049659701,74.2,150.65,-16.72,76.68,0.278101106255802
61004,1,150.63,-5.48547002776178,39.93,150.65,-16.72,76.68,0.32807835094269
61009,1,69.99,14.7889630440617,33.84,70,-7.77,35.63,0.415070531688513
61010,1,69.99,10.5774949675841,19.04,70,-7.77,35.63,0.296870473409602
61015,1,26.3,13.2624587948631,5.05,26.3,-2.92,13.39,0.990474891326593
61015,1,26.3,13.2624587948631,3.66,26.3,-2.92,13.39,0.990474891326593
61016,1,26.3,13.39,11.21,26.3,-2.92,13.39,1
61019,1,84.32,-9.36,41.85,84.33,-9.36,42.93,1
61019,1,84.32,-9.36,41.5,84.33,-9.36,42.93,1
61019,1,84.32,-9.36,14.24,84.33,-9.36,42.93,1
61029,1,132.78,5.58618619831684,43.32,132.8,-14.74,67.6,0.0826358905076455
61030,1,132.78,5.50708995945663,17.76,132.8,-14.74,67.6,0.0814658278026129
61031,0,0,0,0.71,1.57,-0.17,0.8,NaN
61032,0,0,0,0.32,1.57,-0.17,0.8,NaN
61033,0,0,0,0.76,1.57,-0.17,0.8,NaN
61033,0,0,0,0.25,1.57,-0.17,0.8,NaN
61034,0,0,0,0.55,1.57,-0.17,0.8,NaN
61034,0,0,0,0.49,1.57,-0.17,0.8,NaN
61037,1,39.99,-4.44,15.74,40,-4.44,20.36,1
61037,1,39.99,-4.44,17.27,40,-4.44,20.36,1
61044,1,703.7,-82.0333724130469,231.44,703.8,-85.86,327.97,0.955431777463858
61046,0,0,0,0.64,4.7,-0.52,2.39,NaN
61046,0,0,0,2.07,4.7,-0.52,2.39,NaN
61046,0,0,0,1.35,4.7,-0.52,2.39,NaN
61047,0,0,0,0.57,4.7,-0.52,2.39,NaN
61048,0,0,0,1.92,4.7,-0.52,2.39,NaN
61052,0,0,0,0.89,2.5,-0.28,1.27,NaN
61052,1,14.3,7.28,6.48,14.3,-1.59,7.28,1
61056,1,1035.76,14.9170111297838,309.65,1035.9,-84.94,381.21,0.0391306920851599
61060,0,0,0,6.1,22,-2.44,11.2,NaN
61061,1,22,0.600829357858168,7.68,22,-2.44,11.2,0.0536454783801935
61065,0,0,0,0.89,3.8,-0.42,1.93,NaN
61065,0,0,0,1.72,3.8,-0.42,1.93,NaN
61065,1,38.39,19.55,12.03,38.4,-4.26,19.55,1
61065,1,38.39,19.55,7.43,38.4,-4.26,19.55,1
61068,1,124.98,63.63,36.88,125,-13.88,63.63,1
61072,1,101.99,16.5039222032104,10.47,102,-11.32,51.92,0.317872153374622
61073,1,101.99,24.1038081064062,24.48,102,-11.32,51.92,0.464249000508593
61074,1,101.99,21.54117731831,20.46,102,-11.32,51.92,0.414891704898112
61079,1,567.16,212.571719637899,222.18,653.33,-72.52,332.55,0.639217319614791
61080,1,471.58,212.182952720695,198.81,653.33,-72.52,332.55,0.638048271600345
61081,1,389.48,212.660091389552,323.45,653.33,-72.52,332.55,0.639483059358147
61086,1,189.97,96.71,29.23,190,-21.09,96.71,1
61087,1,189.97,95.1411339548537,94.45,190,-21.09,96.71,0.983777623356982
61088,1,189.97,94.3860282178904,91.58,190,-21.09,96.71,0.975969684809124
61091,0,0,0,15.71,32,-1.57,12.29,NaN
61092,0,0,0,8.29,32,-1.57,12.29,NaN
61092,1,32,3.27424178296906,13.13,32,-1.57,12.29,0.266415116596343
61092,0,0,0,12.42,32,-1.57,12.29,NaN
61092,0,0,0,3.39,32,-1.57,12.29,NaN
61092,1,32,3.27424178296906,5.66,32,-1.57,12.29,0.266415116596343
61097,1,29.15,3.87002670330482,13.09,29.15,-3.24,14.84,0.260783470573101
61098,1,29.15,-3.24,13.13,29.15,-3.24,14.84,1
61105,1,179.38,89.9148805786569,75.57,179.4,-19.91,91.31,0.984721066462128
61106,1,179.38,87.4061959277121,43.57,179.4,-19.91,91.31,0.957246697269873
61113,0,0,0,290.82,614.6,-74.98,286.4,NaN
61116,1,38.39,-4.26,18.2,38.4,-4.26,19.55,1
61118,1,20.7,9.41043979391157,4.57,20.7,-2.3,10.54,0.892831099991611
61121,1,372.03,139.193779853676,77.94,445.5,-49.45,226.76,0.613837448640307
61125,1,50.39,25.65,13.44,50.4,-5.59,25.65,1
61126,1,50.39,25.65,13.18,50.4,-5.59,25.65,1
61130,1,445.44,-49.45,76.78,445.5,-49.45,226.76,1
61131,1,445.44,-49.45,134.98,445.5,-49.45,226.76,1
61138,1,223.52,-24.81,59.09,223.55,-24.81,113.79,1
61139,1,223.52,-15.1148754278644,75.04,223.55,-24.81,113.79,0.609225128088046
61140,1,223.52,-19.4291234100128,41.49,223.55,-24.81,113.79,0.783116622733284
61141,1,223.52,-23.3789317859033,93.11,223.55,-24.81,113.79,0.942318895038425
61146,1,50.39,25.65,10,50.4,-5.59,25.65,1
61147,1,50.39,25.65,11.89,50.4,-5.59,25.65,1
61150,1,83.89,-9.31,37.63,83.9,-9.31,42.71,1
61154,0,0,0,309.74,720.7,-87.93,335.85,NaN
61159,0,0,0,204.66,558,-68.08,260.03,NaN
61163,1,12.5,6.36,3.77,12.5,-1.39,6.36,1
61164,1,12.5,3.11324681990901,2.53,12.5,-1.39,6.36,0.489504216966826
61167,0,0,0,37.17,98.25,-10.91,50.01,NaN
61167,1,98.24,19.2218259624176,18.72,98.25,-10.91,50.01,0.384359647318888
61167,1,98.24,19.2218259624176,39.78,98.25,-10.91,50.01,0.384359647318888
61167,1,98.24,19.2218259624176,21.13,98.25,-10.91,50.01,0.384359647318888
61167,1,98.24,19.2218259624176,47.49,98.25,-10.91,50.01,0.384359647318888
61167,1,98.24,19.2218259624176,26.81,98.25,-10.91,50.01,0.384359647318888
61173,1,1199.63,274.956501798402,413.22,1199.8,-98.38,441.53,0.622735718520603
61178,1,186.67,28.6751062859344,51.15,186.7,-20.72,95.03,0.301747935240813
61179,1,186.67,38.9298639778489,21.45,186.7,-20.72,95.03,0.409658675974417
61182,1,2.08,-0.25,0.39,2.08,-0.25,0.97,1
61182,1,2.08,-0.25,0.95,2.08,-0.25,0.97,1
61182,1,2.08,-0.25,0.49,2.08,-0.25,0.97,1
61182,1,2.08,-0.25,0.5,2.08,-0.25,0.97,1
61182,1,2.08,-0.25,0.31,2.08,-0.25,0.97,1
61184,1,25,12.73,3.05,25,-2.78,12.73,1
61186,1,8.4,4.28,2.23,8.4,-0.93,4.28,1
61186,1,8.4,4.28,1.34,8.4,-0.93,4.28,1
61188,0,0,0,1.19,3,-0.33,1.53,NaN
61188,0,0,0,0.62,3,-0.33,1.53,NaN
61188,0,0,0,0.82,3,-0.33,1.53,NaN
61188,0,0,0,0.86,6,-0.67,3.05,NaN
61188,1,19,9.67,9.36,19,-2.11,9.67,1
61190,1,59.99,27.96,19.22,60,-7.32,27.96,1
61194,1,212.6,55.6980833101074,89.73,212.63,-23.6,108.23,0.514627028643697
61195,1,212.6,55.7684223359467,38.3,212.63,-23.6,108.23,0.515276931866827
61196,1,212.6,55.3341949075016,27.56,212.63,-23.6,108.23,0.511264851774015
61199,1,34.75,5.30843097130017,5.03,34.75,-3.86,17.69,0.300080891537602
61199,1,34.75,5.30843097130017,12.25,34.75,-3.86,17.69,0.300080891537602
61199,1,34.75,5.30843097130017,4.54,34.75,-3.86,17.69,0.300080891537602
61199,1,34.75,5.30843097130017,12.74,34.75,-3.86,17.69,0.300080891537602
61199,1,34.75,5.30843097130017,13.72,34.75,-3.86,17.69,0.300080891537602
61199,1,34.75,5.30843097130017,12.74,34.75,-3.86,17.69,0.300080891537602
61202,0,0,0,1.35,7.5,-0.83,3.82,NaN
61202,1,22.5,9.48568949326215,11.04,22.5,-2.5,11.45,0.828444497228135
61202,1,22.5,9.48568949326215,8.81,22.5,-2.5,11.45,0.828444497228135
61209,1,435.54,-2.893700921977,72.29,435.6,-48.35,221.72,0.0598490366489556
61210,1,435.54,-2.72868966050459,136.47,435.6,-48.35,221.72,0.056436187394097
61211,1,435.54,-3.0451580981441,62.98,435.6,-48.35,221.72,0.0629815532191126
61212,1,435.54,-3.01626680631047,192.31,435.6,-48.35,221.72,0.0623840084035258
61213,1,435.54,-2.88100803393345,140.8,435.6,-48.35,221.72,0.0595865156966588
61216,0,0,0,1.37,7.2,-0.8,3.66,NaN
61216,1,38.44,19.57,11.41,38.45,-4.27,19.57,1
61216,1,38.44,19.57,8.21,38.45,-4.27,19.57,1
61218,0,0,0,0.26,2.23,-0.25,1.14,NaN
61219,0,0,0,0.96,2.23,-0.25,1.14,NaN
61219,0,0,0,0.38,2.23,-0.25,1.14,NaN
61219,1,18.17,9.25,8.26,18.17,-2.02,9.25,1
61219,1,18.17,9.25,5.94,18.17,-2.02,9.25,1
61219,1,18.17,9.25,6.59,18.17,-2.02,9.25,1
61219,1,18.17,9.25,6.52,18.17,-2.02,9.25,1
61225,1,113.58,-7.04082453888819,56.42,113.6,-13.86,52.94,0.507995998476781
61226,1,113.58,-4.85686178716229,29.66,113.6,-13.86,52.94,0.350422928366688
61227,1,4.1,-0.101037314679741,2.03,4.1,-0.5,1.91,0.202074629359482
61227,1,4.1,-0.101037314679741,1.59,4.1,-0.5,1.91,0.202074629359482
61232,1,103.99,29.4236996684229,44.99,104,-11.54,52.94,0.555793344700092
61233,1,103.99,24.3735293117281,20.22,104,-11.54,52.94,0.460399118090821
61234,1,103.99,23.9123369130796,24.33,104,-11.54,52.94,0.451687512525115
61235,1,103.99,36.3970330569147,48.84,104,-11.54,52.94,0.687514791403754
61238,1,14.86,-1.65,4.74,14.87,-1.65,7.57,1
61238,1,14.86,-1.65,6.58,14.87,-1.65,7.57,1
61238,1,14.86,-1.65,7.08,14.87,-1.65,7.57,1
61242,1,184.53,-2.17830903042269,87.6,184.56,-20.49,93.94,0.106310836038199
61243,1,184.53,11.9929062158719,60.28,184.56,-20.49,93.94,0.127665597358654
61244,1,184.53,13.5408521572419,20.14,184.56,-20.49,93.94,0.14414362526338
61245,1,184.53,15.5383669554842,87.45,184.56,-20.49,93.94,0.16540735528512
61246,1,184.53,14.8939048910389,68.83,184.56,-20.49,93.94,0.158546996923982
61505,0,0,0,5,14.8,-1.64,7.53,NaN
61508,1,5,2.55,1.13,5,-0.55,2.55,1
61508,0,0,0,2.13,5,-0.55,2.55,NaN
61509,0,0,0,2.08,5,-0.55,2.55,NaN
61509,0,0,0,2.3,5,-0.55,2.55,NaN
61513,1,37.99,-4.22,13.12,38,-4.22,19.34,1
61516,1,84.99,-9.44,21.12,85,-9.44,43.26,1
61516,1,84.99,-9.44,32.26,85,-9.44,43.26,1
61522,0,0,0,0.14,0.5,-0.02,0.19,NaN
61522,0,0,0,1.93,4,-0.2,1.54,NaN
61522,1,4,1.54,1.75,4,-0.2,1.54,1
61522,1,26,9.98,6.24,26,-1.27,9.98,1
61522,1,26,9.98,3.42,26,-1.27,9.98,1
61524,1,40.49,10.0912317867626,13.92,40.5,-1.98,15.55,0.648953812653541
61524,1,40.49,10.0912317867626,6.23,40.5,-1.98,15.55,0.648953812653541
61528,1,131.88,67.14,57.76,131.9,-14.64,67.14,1
61529,1,131.88,67.0088308269179,55.86,131.9,-14.64,67.14,0.99804633343637
61530,1,131.88,67.14,31.11,131.9,-14.64,67.14,1
61531,0,0,0,18.77,131.9,-14.64,67.14,NaN
61538,1,399.89,127.636440907083,319.54,721,-87.96,335.99,0.379881665844467
61541,0,0,0,16.29,38.6,-4.28,19.65,NaN
61541,1,38.59,19.65,16.26,38.6,-4.28,19.65,1
61543,1,38.39,10.5396564015193,8,38.4,-4.26,19.55,0.539112859412751
61545,1,86.49,44.03,32.61,86.5,-9.6,44.03,1
61545,1,86.49,44.03,29.79,86.5,-9.6,44.03,1
61551,1,175.98,3.06296241071385,80.41,558,-68.08,260.03,0.0117792655105713
61552,1,183.66,2.91885636744308,183.57,558,-68.08,260.03,0.0112250754429992
61553,1,232.53,3.20936973115836,232.45,558,-68.08,260.03,0.0123423056230372
61557,1,125.23,-6.52291838979491,49.49,125.25,-13.9,63.75,0.469274704301792
61558,1,125.23,-4.57283109508697,30.88,125.25,-13.9,63.75,0.328980654322804
61559,1,125.23,-6.91582908355167,57.32,125.25,-13.9,63.75,0.497541660687171
61560,1,125.23,-7.37332423565849,45.63,125.25,-13.9,63.75,0.530454980982625
61563,0,0,0,8,28.54,-3.17,14.53,NaN
61563,0,0,0,8.14,28.54,-3.17,14.53,NaN
61563,0,0,0,8.42,28.54,-3.17,14.53,NaN
61563,0,0,0,7.52,28.54,-3.17,14.53,NaN
61563,1,28.54,14.53,5.7,28.54,-3.17,14.53,1
61566,1,35.2,-1.65855220826978,14.1,35.2,-3.91,17.92,0.42418215045263
61567,0,0,0,6.13,35.2,-3.91,17.92,NaN
61572,1,227.46,-25.3245321388237,85.94,793.2,-96.77,369.63,0.261698172355314
61573,1,335.42,-25.0980876549185,335.3,793.2,-96.77,369.63,0.259358144620425
61574,0,0,0,333.11,793.2,-96.77,369.63,NaN
61581,1,410.18,43.8544852539968,87.25,410.24,-45.54,208.81,0.210021001168511
61582,1,410.18,43.4768518319153,168.45,410.24,-45.54,208.81,0.208212498596405
61583,0,0,0,60.73,410.24,-45.54,208.81,NaN
61584,1,410.18,43.3584132333911,59.97,410.24,-45.54,208.81,0.207645291094254
61585,1,410.18,43.0807271073909,184.91,410.24,-45.54,208.81,0.206315440387869
61592,1,293.96,149.65,33.98,294,-32.63,149.65,1
61593,1,293.96,149.43684150569,128,294,-32.63,149.65,0.998575619817507
61594,1,293.96,149.65,90.5,294,-32.63,149.65,1
61597,1,48.04,-3.7151269911857,19.88,48.05,-5.33,24.46,0.697021949565798
61597,1,48.04,-3.7151269911857,11.24,48.05,-5.33,24.46,0.697021949565798
61600,0,0,0,8.84,18.8,-2.09,9.57,NaN
61603,1,49.34,21.650904132514,21.24,49.35,-5.48,25.12,0.861899049861226
61603,1,49.34,21.650904132514,9.16,49.35,-5.48,25.12,0.861899049861226
61606,1,39.99,20.36,15.03,40,-4.44,20.36,1
61609,0,0,0,15.2,35.5,-3.94,18.07,NaN
61609,1,35.5,2.89485841629925,7.56,35.5,-3.94,18.07,0.16020245801324
61610,1,35.5,2.35150287381708,15.1,35.5,-3.94,18.07,0.130132975861488
61615,1,168.31,41.8555300976624,71.02,168.33,-18.68,85.68,0.488509921774771
61616,1,168.31,16.8875179661686,17.35,168.33,-18.68,85.68,0.197099882891791
61617,1,168.31,32.4492030908504,60.53,168.33,-18.68,85.68,0.378725526270429
61622,1,155.88,79.35,52.7,155.9,-17.3,79.35,1
61623,1,155.88,79.35,30.38,155.9,-17.3,79.35,1
61624,1,155.88,79.35,17.14,155.9,-17.3,79.35,1
61631,1,238.9,-4.82542601564362,76.73,238.93,-26.52,121.62,0.181954223817633
61632,1,238.9,-0.771429843958527,70.39,238.93,-26.52,121.62,0.0290886064841073
61633,1,238.9,-1.08758867500529,47.48,238.93,-26.52,121.62,0.041010131033382
61634,1,238.9,-0.77634542666738,34.03,238.93,-26.52,121.62,0.0292739602815754
61635,1,238.9,-2.30882981811049,93.53,238.93,-26.52,121.62,0.0870599478925525
61636,1,238.9,-1.68719891253919,41.11,238.93,-26.52,121.62,0.0636198684969528
61640,1,189.97,15.0956709657353,60.87,190,-21.09,96.71,0.156092141099527
61641,1,189.97,14.7099839546653,88.82,190,-21.09,96.71,0.152104063226816
61642,1,189.97,15.1167877291374,50.71,190,-21.09,96.71,0.156310492494441
61645,1,42.99,21.89,13.72,43,-4.77,21.89,1
61646,1,42.99,-4.77,20.45,43,-4.77,21.89,1
61646,1,42.99,-4.77,18.24,43,-4.77,21.89,1
61646,1,42.99,-4.77,15.74,43,-4.77,21.89,1
61646,1,42.99,-4.77,21.36,43,-4.77,21.89,1
61646,1,42.99,-4.77,19.27,43,-4.77,21.89,1
61812,0,0,0,4.05,20,-2.88,4.26,NaN
61814,0,0,0,4.57,11.5,-1.28,5.85,NaN
61814,0,0,0,4.85,11.5,-1.28,5.85,NaN
61817,1,23.4,-2.6,9.89,23.4,-2.6,11.91,1
61823,1,121.93,30.9799429287904,46.27,121.95,-13.54,62.07,0.499112984191886
61824,1,121.93,62.07,37.95,121.95,-13.54,62.07,1
61825,1,1,-0.11,0.2,1,-0.11,0.51,1
61825,1,1,-0.11,0.33,1,-0.11,0.51,1
61826,0,0,0,0.31,1,-0.11,0.51,NaN
61829,1,49.49,-3.18335376834633,23.15,49.5,-7.13,10.54,0.446473179291211
61831,1,28,13.5918737761687,11.12,28,-3.11,14.25,0.953815703590786
61831,1,28,13.5918737761687,6.24,28,-3.11,14.25,0.953815703590786
61831,1,28,13.5918737761687,12.46,28,-3.11,14.25,0.953815703590786
61833,1,61.19,13.04,14.99,61.2,-8.81,13.04,1
61834,0,0,0,3.24,7.5,-1.08,1.6,NaN
61834,0,0,0,3.08,10,-1.44,2.13,NaN
61837,1,10,2.13,3.69,10,-1.44,2.13,1
61837,1,10,2.13,3.04,10,-1.44,2.13,1
61838,0,0,0,0.7,2.1,-0.3,0.45,NaN
61839,1,2.1,0.45,0.87,2.1,-0.3,0.45,1
61845,1,108.59,20.4800343477889,43.51,108.6,-12.05,55.28,0.370478190083011
61846,1,108.59,23.8971653723081,50.85,108.6,-12.05,55.28,0.432293150729162
61847,1,108.59,26.3854145861129,34.99,108.6,-12.05,55.28,0.477304894828381
61848,1,108.59,19.7778538549327,47.55,108.6,-12.05,55.28,0.357775938041474
61856,1,233.93,135.786834789247,233.85,567.9,-69.28,264.64,0.513100191918256
61857,1,165.76,136.983664538756,165.67,567.9,-69.28,264.64,0.517622674345358
61864,1,27.9,8.16774783083524,11.98,27.9,-3.1,14.2,0.57519350921375
61865,1,27.9,7.7243996493764,5.01,27.9,-3.1,14.2,0.543971806294113
61865,1,27.9,7.7243996493764,8.81,27.9,-3.1,14.2,0.543971806294113
61866,1,27.9,4.25936946135371,5.49,27.9,-3.1,14.2,0.29995559586998
61866,1,27.9,4.25936946135371,8.95,27.9,-3.1,14.2,0.29995559586998
61867,1,27.9,-3.1,7.27,27.9,-3.1,14.2,1
61874,1,10,-1.44,2.54,10,-1.44,2.13,1
61874,0,0,0,1.12,10,-1.44,2.13,NaN
61875,1,10,2.13,1.11,10,-1.44,2.13,1
61876,1,10,-1.44,1.42,10,-1.44,2.13,1
61876,1,10,-1.44,4.58,10,-1.44,2.13,1
61880,1,79.79,-11.49,24.47,79.8,-11.49,17,1
61881,1,10,-1.44,1.08,10,-1.44,2.13,1
61881,1,3,-0.43,0.31,3,-0.43,0.64,1
61884,1,21,10.69,7.18,21,-2.33,10.69,1
61886,1,48.79,24.84,18.18,48.8,-5.42,24.84,1
61887,1,48.79,-5.42,22.6,48.8,-5.42,24.84,1
61891,0,0,0,4.85,20.25,-2.25,10.31,NaN
61891,0,0,0,10.01,20.25,-2.25,10.31,NaN
61897,0,0,0,47.36,114,-16.42,24.28,NaN
61898,1,10,-1.44,2.98,10,-1.44,2.13,1
61899,1,10,-1.44,2.3,10,-1.44,2.13,1
61905,1,173.64,-19.28,61.17,173.67,-19.28,88.4,1
61906,1,173.64,-14.173265035399,18.11,173.67,-19.28,88.4,0.735127854533141
61907,1,173.64,-19.28,84.04,173.67,-19.28,88.4,1
61911,1,169.98,64.9804442898638,51.07,170,-18.87,86.53,0.750958561075509
61912,0,0,0,51.97,170,-18.87,86.53,NaN
61913,0,0,0,59.24,170,-18.87,86.53,NaN
61974,0,0,0,8.53,27,-3.89,5.75,NaN
61974,1,27.3,-3.93,12.96,27.3,-3.93,5.81,1
61978,0,0,0,4.17,9.3,-1.03,4.73,NaN
61978,0,0,0,2.37,9.3,-1.03,4.73,NaN
61979,1,9.3,-1.03,1.63,9.3,-1.03,4.73,1
61979,1,9.3,-1.03,2.9,9.3,-1.03,4.73,1
61980,1,9.3,-1.03,3.04,9.3,-1.03,4.73,1
61983,1,49.19,-5.46,8.59,49.2,-5.46,25.04,1
61983,1,49.19,-5.46,20.66,49.2,-5.46,25.04,1
61987,1,203.97,43.45,38.53,204,-29.38,43.45,1
61992,1,219.44,66.2565240956851,99.24,219.47,-24.36,111.71,0.593111844021888
61993,1,219.44,15.5770482660401,85.14,219.47,-24.36,111.71,0.139441842861338
61994,1,219.44,17.362041161714,33.44,219.47,-24.36,111.71,0.155420653135029
61999,1,132.68,-14.73,20.83,132.7,-14.73,67.54,1
62000,1,132.68,-14.73,24.25,132.7,-14.73,67.54,1
62003,1,9.9,-1.43,1.39,9.9,-1.43,2.11,1
62003,1,9.9,-1.43,4.25,9.9,-1.43,2.11,1
62004,1,1.5,-0.22,0.21,1.5,-0.22,0.32,1
62004,1,1.9,-0.27,0.25,1.9,-0.27,0.4,1
62004,1,39.99,-5.76,15.76,40,-5.76,8.52,1
62004,1,39.99,-5.76,17.41,40,-5.76,8.52,1
62008,1,126.88,-12.6030338185561,51.34,126.9,-14.09,64.59,0.894466559159409
62009,1,126.88,-14.0522050247759,27.07,126.9,-14.09,64.59,0.997317602893964
62012,1,10,0,2.36,10,0,0,NaN
62012,1,10,0,3.64,10,0,0,NaN
62012,1,10,0,2.65,10,0,0,NaN
62012,1,10.1,0,3.1,10.1,0,0,NaN
62015,0,0,0,27.24,113.6,-12.61,57.82,NaN
63137,0,0,0,11.27,32.1,-1.57,12.33,NaN
63137,0,0,0,6.39,32.1,-1.57,12.33,NaN
63137,1,32.1,-1.57,15.54,32.1,-1.57,12.33,1
63137,1,32.1,-1.57,9.73,32.1,-1.57,12.33,1
63140,1,49.33,8.22933795487983,6.07,49.33,-5.48,25.11,0.327731499596967
63141,1,49.33,9.48910838189732,9.29,49.33,-5.48,25.11,0.377901568375043
63141,1,49.33,9.48910838189732,23.05,49.33,-5.48,25.11,0.377901568375043
63146,1,129.98,15.1759498494755,21.43,130,-18.72,27.69,0.548066083404677
63150,0,0,0,1.48,4.2,-0.47,2.14,NaN
63151,1,4.2,2.14,2.05,4.2,-0.47,2.14,1
63153,1,156.15,10.260526437924,18.36,156.17,-17.33,79.49,0.129079462044584
63154,1,156.15,11.6238384941172,75.54,156.17,-17.33,79.49,0.146230198693134
63155,1,156.15,10.385609498143,41.79,156.17,-17.33,79.49,0.130653031804542
63156,1,4.2,0.350551355276247,1.21,4.2,-0.47,2.14,0.163809044521611
63157,1,4.2,0.860691707349172,1.41,4.2,-0.47,2.14,0.402192386611762
63162,0,0,0,13.84,38,-4.64,17.71,NaN
63162,1,37.99,-4.64,7.06,38,-4.64,17.71,1
63163,0,0,0,16.86,38,-4.64,17.71,NaN
63170,1,198.97,16.7186243787691,59.2,199,-28.66,42.39,0.394400197659097
63174,1,10,-1.44,1.39,10,-1.44,2.13,1
63175,0,0,0,3.94,10,-1.44,2.13,NaN
63180,1,178.24,45.3576784232637,48.37,178.27,-19.79,90.74,0.499864210086662
63181,1,178.24,31.4150292518906,27.41,178.27,-19.79,90.74,0.346209271014885
63182,1,178.24,40.2065530845516,74.57,178.27,-19.79,90.74,0.44309624294194
63183,1,178.24,45.8034954631941,19.03,178.27,-19.79,90.74,0.504777335939984
63184,1,178.24,36.9318501801598,36.92,178.27,-19.79,90.74,0.407007385719196
63185,1,178.24,34.9455074024629,43.13,178.27,-19.79,90.74,0.38511689885897
63190,1,298.46,3.61822682681284,140.96,298.5,-42.98,63.58,0.0569082545896955
63195,0,0,0,21.72,148.8,-21.43,31.69,NaN
63199,1,8.2,3.82,3.1,8.2,-1,3.82,1
63199,1,4.5,2.1,2.25,4.5,-0.55,2.1,1
63200,0,0,0,1.14,2.7,-0.33,1.26,NaN
63201,1,2.25,1.05,0.41,2.25,-0.27,1.05,1
63202,1,2.25,1.05,0.27,2.25,-0.27,1.05,1
63203,1,2.25,1.05,0.45,2.25,-0.27,1.05,1
63204,0,0,0,0.61,2.25,-0.27,1.05,NaN
63213,1,235.17,22.46137381694,96.83,235.2,-33.87,50.1,0.448330814709381
63219,1,160.98,65.4334017157182,34.88,161,-17.87,81.95,0.798455176518831
63220,1,160.98,67.048757696119,45.94,161,-17.87,81.95,0.818166658891019
63221,1,160.98,53.9906468512366,25.78,161,-17.87,81.95,0.658824244676468
63225,0,0,0,0.86,2.67,-0.3,1.36,NaN
63226,0,0,0,0.98,2.67,-0.3,1.36,NaN
63228,1,11.35,5.78,4.3,11.35,-1.26,5.78,1
63228,0,0,0,3.67,11.35,-1.26,5.78,NaN
63229,0,0,0,0.35,2.67,-0.3,1.36,NaN
63234,1,175.64,42.7033051954502,29.63,175.67,-19.5,89.41,0.477612182031654
63235,1,175.64,35.5555459754745,56.61,175.67,-19.5,89.41,0.397668560289392
63236,1,175.64,35.658632304675,62.64,175.67,-19.5,89.41,0.398821522253383
63243,1,105.09,-3.83397158347335,30.82,105.1,-11.67,53.5,0.328532269363612
63244,1,105.09,-3.64014591216877,16.16,105.1,-11.67,53.5,0.311923385789954
63245,1,105.09,4.60388517220655,46.83,105.1,-11.67,53.5,0.0860539284524588
63249,0,0,0,21.28,74.3,-10.7,15.83,NaN
63257,1,566.92,134.754697308954,80.67,567,-62.94,288.6,0.466925493101019
63258,1,566.92,133.909655123314,213.79,567,-62.94,288.6,0.463997418999702
63259,1,566.92,134.435362314668,187.45,567,-62.94,288.6,0.46581899623932
63262,1,19.5,7.49,7.49,19.5,-0.96,7.49,1
63263,1,19.5,-0.96,7.18,19.5,-0.96,7.49,1
63267,1,472.93,20.2511410988398,142.91,473,-52.5,240.76,0.0841133954927722
63268,1,472.93,19.9947896737278,232.29,473,-52.5,240.76,0.0830486362922738
63271,1,47.99,-5.33,5.04,48,-5.33,24.43,1
63273,0,0,0,0.86,1.82,-0.2,0.93,NaN
63273,1,84.49,43.01,20.93,84.5,-9.38,43.01,1
63273,1,84.49,43.01,11.12,84.5,-9.38,43.01,1
63273,1,84.49,43.01,36.89,84.5,-9.38,43.01,1
63273,1,84.49,43.01,24.81,84.5,-9.38,43.01,1
63274,0,0,0,0.43,1.82,-0.2,0.93,NaN
63275,0,0,0,0.27,1.82,-0.2,0.93,NaN
63275,0,0,0,0.85,1.82,-0.2,0.93,NaN
63275,0,0,0,0.49,1.82,-0.2,0.93,NaN
63280,1,27.5,-1.35,3.25,27.5,-1.35,10.56,1
63281,1,27.5,-1.35,8.15,27.5,-1.35,10.56,1
63281,1,27.5,-1.35,3.68,27.5,-1.35,10.56,1
63282,1,27.5,-1.35,6.11,27.5,-1.35,10.56,1
63285,1,94.49,-13.61,27.62,94.5,-13.61,20.13,1
63288,1,131.98,-19.01,37.27,132,-19.01,28.12,1
63290,1,44.99,-4.99,6.06,45,-4.99,22.9,1
63291,1,44.99,-1.61395913151723,13.16,45,-4.99,22.9,0.323438703710867
63292,1,44.99,-1.61395913151723,21.6,45,-4.99,22.9,0.323438703710867
63300,0,0,0,26.78,99.2,-14.28,21.13,NaN
63306,1,47.99,11.6542294656129,20.38,48,-2.35,18.43,0.632351029062013
63306,0,0,0,13.86,48,-2.35,18.43,NaN
63307,1,47.99,13.7052976332087,5.04,48,-2.35,18.43,0.743640674617943
63307,1,47.99,13.7052976332087,19.11,48,-2.35,18.43,0.743640674617943
63308,1,47.99,2.76900917947348,14.79,48,-2.35,18.43,0.150244665191182
63309,1,47.99,10.4721055257925,14.57,48,-2.35,18.43,0.568209740954557
63313,1,11.2,1.10625624466347,2.03,11.2,-0.55,4.3,0.257268894107783
63314,1,11.2,1.10625624466347,5.56,11.2,-0.55,4.3,0.257268894107783
63316,0,0,0,2.79,11.2,-0.55,4.3,NaN
63317,1,11.2,0.776429823497554,2.92,11.2,-0.55,4.3,0.180565075231989
63324,0,0,0,190.66,572,-69.78,266.55,NaN
63325,1,251.23,266.55,170.98,572,-69.78,266.55,1
63326,1,221.16,266.55,133.39,572,-69.78,266.55,1
63329,0,0,0,0.72,2.5,-0.3,1.16,NaN
63329,1,4,1.86,0.55,4,-0.49,1.86,1
63330,1,1.8,-0.22,0.27,1.8,-0.22,0.84,1
63330,0,0,0,1.15,2.5,-0.3,1.16,NaN
63330,1,4,-0.49,0.74,4,-0.49,1.86,1
63330,1,4.1,-0.5,1.21,4.1,-0.5,1.91,1
63330,1,4.1,-0.5,1.61,4.1,-0.5,1.91,1
63330,1,4.1,-0.5,1.49,4.1,-0.5,1.91,1
63330,1,4.1,-0.5,1.52,4.1,-0.5,1.91,1
63330,1,4.1,-0.5,0.84,4.1,-0.5,1.91,1
63330,1,4.1,-0.5,0.44,4.1,-0.5,1.91,1
63330,1,2,-0.24,0.91,2,-0.24,0.93,1
63330,1,2,-0.24,0.89,2,-0.24,0.93,1
63330,1,2,-0.24,0.26,2,-0.24,0.93,1
63330,1,2,-0.24,0.47,2,-0.24,0.93,1
63330,1,2,-0.24,0.78,2,-0.24,0.93,1
63330,1,2,-0.24,0.48,2,-0.24,0.93,1
63330,1,2,-0.24,0.87,2,-0.24,0.93,1
63330,0,0,0,1.09,2.5,-0.3,1.16,NaN
63338,1,313.52,66.5768627628443,114.71,446,-54.41,207.84,0.320327476726541
63343,1,79.99,-11.52,37.98,80,-11.52,17.04,1
63347,1,100.79,2.27993686035421,30.52,100.8,-14.52,21.47,0.10619174943429
63349,1,50.99,-7.34,23.37,51,-7.34,10.86,1
63349,1,50.99,-7.34,8.95,51,-7.34,10.86,1
63353,1,119.98,-17.28,34.41,120,-17.28,25.56,1
63354,1,18.9,-0.962861648249852,4.03,18.9,-2.72,4.03,0.353993253033034
63358,1,132.73,60.9023561764179,24.64,132.75,-14.74,67.57,0.901322423803728
63359,1,132.73,58.8991114742313,55.29,132.75,-14.74,67.57,0.871675469501721
63360,1,132.73,52.8741803705856,57.43,132.75,-14.74,67.57,0.782509699135498
63361,1,132.73,59.9942538336258,25.81,132.75,-14.74,67.57,0.887882992949916
63365,0,0,0,0.75,1.68,-0.19,0.85,NaN
63366,0,0,0,0.53,1.68,-0.19,0.85,NaN
63368,1,86.49,14.5857248927619,17.62,86.5,-9.6,44.03,0.331267883097022
63369,1,86.49,12.7735354103488,16.72,86.5,-9.6,44.03,0.29010982081192
63370,0,0,0,0.59,1.68,-0.19,0.85,NaN
63370,0,0,0,0.63,1.68,-0.19,0.85,NaN
63376,1,202.31,58.374957403554,96.08,202.33,-22.46,102.99,0.566802188596505
63377,1,202.31,56.9139285343234,38.84,202.33,-22.46,102.99,0.552616064999742
63378,1,202.31,62.5813182901856,66.39,202.33,-22.46,102.99,0.607644609090064
63379,1,202.31,56.7944577571129,32.39,202.33,-22.46,102.99,0.551456041917787
63380,1,202.31,57.969368727498,29.81,202.33,-22.46,102.99,0.562864052116691
63381,1,202.31,57.4647387465525,33.43,202.33,-22.46,102.99,0.557964256204996
63384,1,61.19,10.4344983137567,14.41,61.2,-6.79,31.15,0.33497586882044
63384,1,61.19,10.4344983137567,22.14,61.2,-6.79,31.15,0.33497586882044
63388,1,30,-1.47,14.37,30,-1.47,11.52,1
63389,0,0,0,14.39,30,-1.47,11.52,NaN
63391,1,30,2.35628037305015,7.55,30,-1.47,11.52,0.20453822682727
63396,1,149.98,-21.6,54,150,-21.6,31.95,1
63403,0,0,0,216.63,473,-57.71,220.42,NaN
63404,0,0,0,232.45,473,-57.71,220.42,NaN
63408,1,198.97,-28.0902220796712,87.75,199,-28.66,42.39,0.980119402640306
63411,1,36.89,-4.1,5.33,36.9,-4.1,18.78,1
63411,1,36.89,-4.1,5.02,36.9,-4.1,18.78,1
63415,1,39.99,-5.76,16.74,40,-5.76,8.52,1
63417,1,52.99,-5.63937601808729,16.18,53,-5.88,26.98,0.959077554096478
63417,1,52.99,-5.63937601808729,12.09,53,-5.88,26.98,0.959077554096478
63417,1,52.99,-5.63937601808729,10.42,53,-5.88,26.98,0.959077554096478
63422,1,101.19,-14.57,12.32,101.2,-14.57,21.56,1
63429,1,101.65,32.0189311775855,23.79,101.67,-11.29,51.75,0.618723307779429
63430,1,101.65,20.9013006654772,47.75,101.67,-11.29,51.75,0.403889867931926
63431,1,101.65,18.2502152671993,17.52,101.67,-11.29,51.75,0.352661164583562
63432,0,0,0,0.71,2.8,-0.31,1.43,NaN
63433,0,0,0,0.4,2.8,-0.31,1.43,NaN
63433,0,0,0,1.18,2.8,-0.31,1.43,NaN
63434,0,0,0,0.51,1.3,-0.14,0.66,NaN
63434,0,0,0,0.46,1.3,-0.14,0.66,NaN
63435,0,0,0,0.46,1.3,-0.14,0.66,NaN
63439,1,169.98,31.8428190540233,30.78,170,-18.87,86.53,0.367997446596825
63440,1,169.98,42.3391338445501,31.94,170,-18.87,86.53,0.489300055986942
63445,1,100.79,3.59632508588648,11.17,100.8,-14.52,21.47,0.167504661662155
63452,0,0,0,252.22,569,-69.42,265.15,NaN
63453,1,172.85,-51.1395647574799,73.75,569,-69.42,265.15,0.736669040009794
63456,1,49.99,19.2,22.15,50,-2.45,19.2,1
63456,1,49.99,19.2,16.88,50,-2.45,19.2,1
63460,1,96.65,49.2,31.66,96.67,-10.73,49.2,1
63460,1,96.65,49.2,16.78,96.67,-10.73,49.2,1
63460,1,96.65,49.2,36.74,96.67,-10.73,49.2,1
63465,1,86.49,10.0367102444575,23.05,86.5,-9.6,44.03,0.227951629444866
63465,1,86.49,10.0367102444575,35.78,86.5,-9.6,44.03,0.227951629444866
63468,1,20,3.38286217625643,6.99,20,-0.98,7.68,0.440476845866723
63468,1,20,3.38286217625643,10,20,-0.98,7.68,0.440476845866723
63469,1,20,7.68,5.82,20,-0.98,7.68,1
63475,1,99.04,21.1,16.62,99.05,-14.26,21.1,1
63476,1,99.04,21.1,19.7,99.05,-14.26,21.1,1
63485,1,203.75,264.22,112.88,567,-69.17,264.22,1
63486,1,211.25,264.22,122.25,567,-69.17,264.22,1
63490,1,472.93,71.3843731027074,224.04,473,-52.5,240.76,0.296495983978682
63494,1,150.98,-21.74,19.03,151,-21.74,32.16,1
63498,1,23,-2.55,3.82,23,-2.55,11.71,1
63504,1,228.3,57.9525277534361,44.93,228.33,-25.35,116.22,0.498645050365136
63505,1,228.3,48.8480894234454,35.62,228.33,-25.35,116.22,0.420307085040831
63506,1,228.3,60.4135443360547,38.64,228.33,-25.35,116.22,0.519820550129536
63507,1,228.3,51.9265869772316,81.15,228.33,-25.35,116.22,0.446795620179242
63508,1,228.3,56.3892890208867,97.27,228.33,-25.35,116.22,0.485194364316699
63509,1,228.3,51.079846712138,80.22,228.33,-25.35,116.22,0.439509952780399
63513,1,60.49,15.1954178548294,27.48,60.5,-6.72,30.79,0.493517955661885
63516,1,36.99,-1.81,8.09,37,-1.81,14.21,1
63522,1,238.9,45.1602256782026,59.84,238.93,-26.52,121.62,0.371322362096716
63523,1,238.9,45.8026700610147,50.07,238.93,-26.52,121.62,0.376604753009495
63524,1,238.9,45.4473726976843,26.16,238.93,-26.52,121.62,0.373683380181584
63525,1,238.9,64.8572000306459,104.24,238.93,-26.52,121.62,0.533277421728712
63526,1,238.9,49.320431085898,25.37,238.93,-26.52,121.62,0.405528951536738
63527,1,238.9,87.7577726559487,111.37,238.93,-26.52,121.62,0.72157352948486
63533,1,150.63,51.62645740883,22.26,150.65,-16.72,76.68,0.673271484204878
63534,1,150.63,46.7654391154313,33.99,150.65,-16.72,76.68,0.609877922736454
63535,1,150.63,51.8782999566754,62.81,150.65,-16.72,76.68,0.676555815814755
63536,1,150.63,65.2705366465212,36.78,150.65,-16.72,76.68,0.851206789860735
63537,1,150.63,52.2440364788008,74.2,150.65,-16.72,76.68,0.6813254626865
63538,1,150.63,52.5072453360413,39.93,150.65,-16.72,76.68,0.684758024726672
63543,1,35,6.69703700249668,7.65,35,-1.71,13.44,0.498291443638146
63543,1,35,6.69703700249668,9.39,35,-1.71,13.44,0.498291443638146
63546,1,44.99,10.2220894179866,16.5,45,-4.99,22.9,0.446379450567099
63546,1,44.99,10.2220894179866,17.77,45,-4.99,22.9,0.446379450567099
63551,1,226.97,28.1250769702752,87.65,227,-32.69,48.35,0.58169755884747
63556,0,0,0,34.77,123,-17.71,26.2,NaN
63560,1,28.2,-3.13,6.38,28.2,-3.13,14.35,1
63560,1,28.2,-3.13,7.78,28.2,-3.13,14.35,1
63561,1,28.2,-3.13,6.5,28.2,-3.13,14.35,1
63566,1,275.3,-27.743966996111,116.13,275.33,-30.56,140.14,0.907852323171172
63567,1,275.3,-27.9660356016509,88.33,275.33,-30.56,140.14,0.915118966022609
63568,1,275.3,-30.56,104.5,275.33,-30.56,140.14,1
63572,1,99.99,-14.4,35.62,100,-14.4,21.3,1
63575,1,98.59,-14.2,15.59,98.6,-14.2,21,1
63580,1,21.68,-1.06,5.27,21.68,-1.06,8.33,1
63581,1,21.68,-1.06,2.62,21.68,-1.06,8.33,1
63583,1,21.68,-1.06,4.44,21.68,-1.06,8.33,1
63583,0,0,0,6.4,21.68,-1.06,8.33,NaN
63584,1,21.68,8.33,6.08,21.68,-1.06,8.33,1
63585,1,21.68,-1.06,4.29,21.68,-1.06,8.33,1
63590,0,0,0,26.88,151.8,-21.86,32.33,NaN
63594,1,40.99,0.487060214961729,5.32,41,-4.55,20.87,0.0233378157624211
63595,1,40.99,0.487060214961729,6.03,41,-4.55,20.87,0.0233378157624211
63604,0,0,0,19.12,175,-21.35,81.55,NaN
63605,0,0,0,29.88,175,-21.35,81.55,NaN
65231,1,149.98,26.8567483662036,22.57,150,-21.6,31.95,0.840586803324058
65234,0,0,0,0.21,1.38,-0.15,0.7,NaN
65234,0,0,0,0.46,1.38,-0.15,0.7,NaN
65234,0,0,0,0.35,1.38,-0.15,0.7,NaN
65234,0,0,0,0.38,1.38,-0.15,0.7,NaN
65234,0,0,0,0.63,1.38,-0.15,0.7,NaN
65236,1,1.7,-0.19,0.27,1.7,-0.19,0.87,1
65236,1,1.7,-0.19,0.42,1.7,-0.19,0.87,1
65236,1,1.7,-0.19,0.82,1.7,-0.19,0.87,1
65236,1,1.7,-0.19,0.67,1.7,-0.19,0.87,1
65236,1,1.7,-0.19,0.79,1.7,-0.19,0.87,1
65240,0,0,0,0.24,1.15,-0.13,0.59,NaN
65240,0,0,0,0.24,1.15,-0.13,0.59,NaN
65241,0,0,0,0.21,1.15,-0.13,0.59,NaN
65242,0,0,0,0.19,1.15,-0.13,0.59,NaN
65243,0,0,0,0.21,1.15,-0.13,0.59,NaN
65243,0,0,0,0.45,1.15,-0.13,0.59,NaN
65247,1,26.5,2.20155318778796,11.44,26.5,-2.94,13.49,0.163198901985764
65255,1,59.99,30.54,17.21,60,-6.66,30.54,1
65259,1,2.55,-0.143745246981291,0.85,2.55,-0.31,1.19,0.463694345100937
65259,1,2.55,-0.143745246981291,0.87,2.55,-0.31,1.19,0.463694345100937
65259,1,2.55,-0.143745246981291,0.92,2.55,-0.31,1.19,0.463694345100937
65259,1,2.55,-0.143745246981291,0.88,2.55,-0.31,1.19,0.463694345100937
65260,1,2.55,-0.31,0.53,2.55,-0.31,1.19,1
65261,1,2.55,-0.31,1.07,2.55,-0.31,1.19,1
65266,1,3.1,-0.34,0.37,3.1,-0.34,1.58,1
65266,1,3.1,-0.34,1.2,3.1,-0.34,1.58,1
65268,1,11,-1.22,2.23,11,-1.22,5.6,1
65271,1,2,-0.0344588417431948,0.4,2,-0.24,0.93,0.143578507263312
65276,1,3,-0.33,1.11,3,-0.33,1.53,1
65276,1,3,-0.33,0.49,3,-0.33,1.53,1
65277,1,3,0.848863282880702,0.88,3,-0.33,1.53,0.554812603190001
65277,1,3,0.848863282880702,0.8,3,-0.33,1.53,0.554812603190001
65278,1,3,0.569925029224327,0.53,3,-0.33,1.53,0.372500019100867
65279,1,3,-0.33,1.49,3,-0.33,1.53,1
65283,1,2,0.0214287212357164,0.42,2,-0.22,1.02,0.0210085502310945
65283,1,2,0.0214287212357164,0.9,2,-0.22,1.02,0.0210085502310945
65284,1,2,-0.00748048784585155,0.74,2,-0.22,1.02,0.0340022174811434
65284,1,2,-0.00748048784585155,0.68,2,-0.22,1.02,0.0340022174811434
65285,1,2,-0.0454551916331463,0.26,2,-0.22,1.02,0.206614507423392
65285,0,0,0,0.85,2,-0.22,1.02,NaN
65289,0,0,0,0.3,1.48,-0.18,0.69,NaN
65290,0,0,0,0.62,1.48,-0.18,0.69,NaN
65290,0,0,0,0.54,1.48,-0.18,0.69,NaN
65291,0,0,0,0.68,1.48,-0.18,0.69,NaN
65291,0,0,0,0.71,1.48,-0.18,0.69,NaN
65292,0,0,0,0.55,1.48,-0.18,0.69,NaN
65296,1,2,-0.22,0.44,2,-0.22,1.02,1
65301,1,43.69,13.6130699080829,9.56,43.7,-4.85,22.24,0.612098467090058
65306,1,1.85,-0.21,0.37,1.85,-0.21,0.94,1
65307,1,1.85,-0.21,0.31,1.85,-0.21,0.94,1
65309,1,1.85,0.94,0.33,1.85,-0.21,0.94,1
65309,1,1.85,0.94,0.21,1.85,-0.21,0.94,1
65310,1,1.85,0.94,0.41,1.85,-0.21,0.94,1
65310,1,1.85,0.94,0.22,1.85,-0.21,0.94,1
65314,1,7.5,0.277170154906763,3.42,7.5,-0.83,3.82,0.0725576321745454
65314,1,7.5,0.277170154906763,3.42,7.5,-0.83,3.82,0.0725576321745454
65318,1,5.17,-0.57,0.54,5.18,-0.57,2.63,1
65318,1,5.17,-0.57,1.56,5.18,-0.57,2.63,1
65319,1,5.17,-0.57,2.13,5.18,-0.57,2.63,1
65319,1,5.17,-0.57,0.83,5.18,-0.57,2.63,1
65322,1,93.99,35.2364205599885,13.5,94,-10.43,47.85,0.73639332413769
65328,0,0,0,33.35,108,-15.55,23,NaN
65332,1,2.1,-0.26,0.62,2.1,-0.26,0.98,1
65336,1,16,-1.78,6.45,16,-1.78,8.14,1
65340,1,6,-0.73,2.83,6,-0.73,2.8,1
65340,1,6,-0.73,1.63,6,-0.73,2.8,1
65343,0,0,0,0.31,1.37,-0.17,0.64,NaN
65346,0,0,0,0.67,1.37,-0.17,0.64,NaN
65347,0,0,0,0.14,1.37,-0.17,0.64,NaN
65352,1,48.47,-5.38,7.19,48.48,-5.38,24.67,1
65352,1,48.47,-5.38,13.85,48.48,-5.38,24.67,1
65355,1,48.47,13.145189926562,22.2,48.48,-5.38,24.67,0.532841099576894
65356,1,48.47,13.145189926562,18.25,48.48,-5.38,24.67,0.532841099576894
65365,1,20,-2.22,7.44,20,-2.22,10.18,1
65368,1,2.9,-0.35,1.01,2.9,-0.35,1.35,1
65371,1,17.9,6.69810563550914,8.34,17.9,-1.99,9.11,0.735247599946119
65373,0,0,0,0.18,0.8,-0.09,0.41,NaN
65373,1,3,-0.33,1.03,3,-0.33,1.53,1
65376,1,2.7,-0.33,0.37,2.7,-0.33,1.26,1
65376,1,2.7,-0.33,0.43,2.7,-0.33,1.26,1
65377,1,2.7,-0.126524051870617,1.25,2.7,-0.33,1.26,0.383406217789749
65378,1,2.7,-0.110303060117348,0.94,2.7,-0.33,1.26,0.334251697325298
65378,1,2.7,-0.110303060117348,1.22,2.7,-0.33,1.26,0.334251697325298
65384,0,0,0,0.26,1.2,-0.13,0.61,NaN
65384,0,0,0,0.17,1.2,-0.13,0.61,NaN
65385,0,0,0,0.45,1.2,-0.13,0.61,NaN
65385,0,0,0,0.5,1.2,-0.13,0.61,NaN
65386,0,0,0,0.38,1.2,-0.13,0.61,NaN
65386,0,0,0,0.11,0.57,-0.06,0.29,NaN
65387,0,0,0,0.1,0.57,-0.06,0.29,NaN
65387,0,0,0,0.11,0.57,-0.06,0.29,NaN
65390,1,74.24,-10.69,15.49,74.25,-10.69,15.82,1
65390,0,0,0,11.84,74.25,-10.69,15.82,NaN
65393,1,2.5,-0.3,1.04,2.5,-0.3,1.16,1
65393,1,2.5,-0.3,1.11,2.5,-0.3,1.16,1
65395,1,1.77,0.9,0.64,1.78,-0.2,0.9,1
65395,1,1.77,0.9,0.71,1.78,-0.2,0.9,1
65395,1,1.77,0.9,0.72,1.78,-0.2,0.9,1
65396,1,1.77,0.9,0.56,1.78,-0.2,0.9,1
65401,1,199.97,41.6632424784385,69.92,200,-28.8,42.6,0.978010386817805
65405,1,100.79,-14.52,29.33,100.8,-14.52,21.47,1
65408,1,9.2,-1.02,4.45,9.2,-1.02,4.68,1
65409,1,9.2,-1.02,3.93,9.2,-1.02,4.68,1
65411,1,9.2,-1.02,3.53,9.2,-1.02,4.68,1
65414,1,1.52,-0.17,0.59,1.53,-0.17,0.78,1
65414,0,0,0,0.61,1.53,-0.17,0.78,NaN
65415,1,1.52,0.78,0.71,1.53,-0.17,0.78,1
65415,1,1.52,0.78,0.42,1.53,-0.17,0.78,1
65416,0,0,0,0.24,0.75,-0.08,0.38,NaN
65417,0,0,0,0.12,0.75,-0.08,0.38,NaN
65424,0,0,0,34.2,249.8,-35.97,53.21,NaN
65429,1,49.99,14.8970866097697,13.94,50,-5.55,25.45,0.585347214529262
65436,1,1.7,0.79,0.53,1.7,-0.21,0.79,1
65436,1,1.7,0.79,0.67,1.7,-0.21,0.79,1
65437,1,1.7,0.79,0.18,1.7,-0.21,0.79,1
65441,1,11.5,-1.28,4.59,11.5,-1.28,5.85,1
65449,1,84.99,24.361735874296,12.25,85,-9.44,43.26,0.563146922660564
65454,1,65.69,30.62,10.67,65.7,-8.02,30.62,1
65455,1,65.69,30.62,19.08,65.7,-8.02,30.62,1
65459,1,1.6,-0.2,0.75,1.6,-0.2,0.75,1
65460,1,1.6,-0.2,0.18,1.6,-0.2,0.75,1
65466,1,245.71,321.050546004326,245.61,720,-87.84,335.52,0.956874541023861
65467,0,0,0,351.11,720,-87.84,335.52,NaN
65468,1,216.22,320.912661850069,216.12,720,-87.84,335.52,0.956463584436304
65473,1,3.33,-0.41,1.54,3.33,-0.41,1.55,1
65474,1,3.33,-0.41,0.58,3.33,-0.41,1.55,1
65476,1,3.33,0.15398841997708,1.37,3.33,-0.41,1.55,0.0993473677271485
65476,1,3.33,0.15398841997708,0.85,3.33,-0.41,1.55,0.0993473677271485
65477,1,3.33,0.338858298286635,0.38,3.33,-0.41,1.55,0.218618256959119
65477,1,3.33,0.338858298286635,1.22,3.33,-0.41,1.55,0.218618256959119
65480,0,0,0,0.15,0.8,-0.1,0.37,NaN
65480,0,0,0,0.34,0.8,-0.1,0.37,NaN
65480,1,3.33,-0.41,1,3.33,-0.41,1.55,1
65480,1,3.33,-0.41,0.88,3.33,-0.41,1.55,1
65480,1,3.33,-0.41,0.48,3.33,-0.41,1.55,1
65480,1,3.33,-0.41,0.84,3.33,-0.41,1.55,1
65480,1,3.33,-0.41,0.73,3.33,-0.41,1.55,1
65480,1,3.33,-0.41,1.65,3.33,-0.41,1.55,1
65482,1,2.5,-0.3,0.96,2.5,-0.3,1.16,1
65489,1,2.86,-0.35,0.36,2.86,-0.35,1.33,1
65490,1,2.86,-0.35,0.89,2.86,-0.35,1.33,1
65490,1,2.86,-0.35,1.11,2.86,-0.35,1.33,1
65491,1,2.86,-0.35,0.88,2.86,-0.35,1.33,1
65491,1,2.86,-0.35,1.41,2.86,-0.35,1.33,1
65495,0,0,0,0.12,1.08,-0.13,0.5,NaN
65496,0,0,0,0.21,1.08,-0.13,0.5,NaN
65498,0,0,0,0.29,1.08,-0.13,0.5,NaN
65498,0,0,0,0.36,1.08,-0.13,0.5,NaN
65502,1,1.8,-0.22,0.79,1.8,-0.22,0.84,1
65502,1,1.8,-0.22,0.59,1.8,-0.22,0.84,1
65503,1,1.8,-0.22,0.78,1.8,-0.22,0.84,1
65506,0,0,0,44.51,99,-14.26,21.09,NaN
65517,0,0,0,0.61,1.48,-0.18,0.69,NaN
65517,0,0,0,0.44,1.48,-0.18,0.69,NaN
65518,0,0,0,0.64,1.48,-0.18,0.69,NaN
65518,0,0,0,0.53,1.48,-0.18,0.69,NaN
65521,1,4,2.04,0.47,4,-0.44,2.04,1
65521,1,4,2.04,0.4,4,-0.44,2.04,1
65523,1,8,-0.89,3.23,8,-0.89,4.07,1
65525,1,8,-0.89,3.6,8,-0.89,4.07,1
65530,1,71.19,-2.01182293589734,20.41,71.2,-8.69,33.18,0.231510119205678
65531,1,1.6,0.097513283849743,0.57,1.6,-0.2,0.75,0.130017711799657
65534,1,1.77,-0.2,0.55,1.77,-0.2,0.9,1
65534,1,1.77,-0.2,0.3,1.77,-0.2,0.9,1
65534,1,1.77,-0.2,0.58,1.77,-0.2,0.9,1
65534,1,1.77,-0.2,0.44,1.77,-0.2,0.9,1
65534,1,1.77,-0.2,0.37,1.77,-0.2,0.9,1
65534,1,1.77,-0.2,0.21,1.77,-0.2,0.9,1
65537,1,38.89,-4.32,14.11,38.9,-4.32,19.8,1
65545,1,4.8,-0.53,1.7,4.8,-0.53,2.44,1
65545,1,4.8,-0.53,1.66,4.8,-0.53,2.44,1
65546,1,4.8,-0.53,2.31,4.8,-0.53,2.44,1
65546,1,4.8,-0.53,1.79,4.8,-0.53,2.44,1
65549,1,81.59,41.53,8.36,81.6,-9.06,41.53,1
65555,1,3.2,0.841240711325162,1.04,3.2,-0.39,1.49,0.564591081426283
65555,1,3.2,0.841240711325162,0.44,3.2,-0.39,1.49,0.564591081426283
65558,1,1.53,0.78,0.21,1.53,-0.17,0.78,1
65559,1,1.53,0.78,0.46,1.53,-0.17,0.78,1
65559,1,1.53,0.78,0.15,1.53,-0.17,0.78,1
65564,1,2.35,-0.26,0.85,2.35,-0.26,1.2,1
65564,1,2.35,-0.26,1.03,2.35,-0.26,1.2,1
65565,1,2.35,-0.26,0.8,2.35,-0.26,1.2,1
65565,1,2.35,-0.26,0.72,2.35,-0.26,1.2,1
65571,1,148.48,26.579906394405,28.29,148.5,-21.38,31.63,0.840338488599588
65577,1,115.98,54.06,33.22,116,-14.15,54.06,1
65578,1,115.98,54.06,18.4,116,-14.15,54.06,1
65583,0,0,0,166.13,348.7,-42.54,162.49,NaN
65586,1,2.9,-0.35,0.85,2.9,-0.35,1.35,1
65586,1,2.9,-0.35,0.46,2.9,-0.35,1.35,1
65588,1,2.9,-0.31691956689789,0.68,2.9,-0.35,1.35,0.905484476851116
65588,1,2.9,-0.31691956689789,1.06,2.9,-0.35,1.35,0.905484476851116
65589,1,2.9,-0.35,0.81,2.9,-0.35,1.35,1
65590,1,2.9,-0.35,0.42,2.9,-0.35,1.35,1
65596,1,2.7,-0.3,0.98,2.7,-0.3,1.37,1
65596,1,2.7,-0.3,0.78,2.7,-0.3,1.37,1
65597,1,2.7,-0.3,0.75,2.7,-0.3,1.37,1
65597,1,2.7,-0.3,0.63,2.7,-0.3,1.37,1
65601,1,2,-0.24,0.34,2,-0.24,0.93,1
65602,1,2,-0.24,1,2,-0.24,0.93,1
65609,0,0,0,108.37,470.2,-67.71,100.15,NaN
65612,0,0,0,0.12,0.75,-0.08,0.38,NaN
65612,0,0,0,0.16,0.75,-0.08,0.38,NaN
65613,0,0,0,0.36,0.75,-0.08,0.38,NaN
65614,0,0,0,0.14,0.75,-0.08,0.38,NaN
65619,1,3.07,-0.37,1.45,3.07,-0.37,1.43,1
65619,1,3.07,-0.37,0.97,3.07,-0.37,1.43,1
65620,1,3.07,-0.37,0.7,3.07,-0.37,1.43,1
65620,1,0.5,-0.06,0.17,0.5,-0.06,0.23,1
65621,1,0.5,-0.06,0.15,0.5,-0.06,0.23,1
65624,0,0,0,0.15,1.05,-0.13,0.49,NaN
65624,0,0,0,0.22,1.05,-0.13,0.49,NaN
65625,0,0,0,0.18,1.05,-0.13,0.49,NaN
65625,0,0,0,0.25,1.05,-0.13,0.49,NaN
65625,1,1.5,-0.18,0.57,1.5,-0.18,0.7,1
65628,1,49.99,10.65,21.97,50,-7.2,10.65,1
65636,1,1267.52,229.26653578412,538.13,1267.7,-103.95,466.51,0.49145042075008
65642,1,121.68,36.9447253854851,36.05,121.7,-13.51,61.95,0.596363605899679
65643,1,121.68,25.5842394065833,27.05,121.7,-13.51,61.95,0.412982072745494
65644,1,121.68,61.95,15.31,121.7,-13.51,61.95,1
65645,1,121.68,26.1939729916701,51.37,121.7,-13.51,61.95,0.422824422787249
65646,1,121.68,30.6951923165098,12.7,121.7,-13.51,61.95,0.495483330371426
65647,1,121.68,21.497014451252,23.89,121.7,-13.51,61.95,0.347005882990347
65652,1,12.5,-0.880867439344795,5.86,12.5,-1.8,2.66,0.489370799635997
65655,1,98.89,-14.24,18.04,98.9,-14.24,21.07,1
65662,1,125.02,52.5112041394931,52.2,125.03,-13.88,63.64,0.825128914825473
65663,1,125.02,38.4052515939315,17.92,125.03,-13.88,63.64,0.603476612098233
65664,1,125.02,37.4696728636441,32.62,125.03,-13.88,63.64,0.588775500685797
65669,0,0,0,15.6,52.8,-5.86,26.88,NaN
65670,1,52.79,-3.18674742014612,11.6,52.8,-5.86,26.88,0.543813552925958
65671,1,52.79,-2.21322308639726,26.01,52.8,-5.86,26.88,0.377683120545608
65674,1,4.33,2.21,0.84,4.33,-0.48,2.21,1
65675,1,4.33,-0.155618272379543,2.11,4.33,-0.48,2.21,0.324204734124047
65676,1,4.33,-0.155618272379543,1.06,4.33,-0.48,2.21,0.324204734124047
65682,0,0,0,0.6,1.37,-0.17,0.64,NaN
65682,0,0,0,0.37,1.37,-0.17,0.64,NaN
65683,0,0,0,0.15,1.37,-0.17,0.64,NaN
65683,0,0,0,0.39,1.37,-0.17,0.64,NaN
65689,1,70.99,19.1980590559026,30.37,71,-7.88,36.14,0.531213587601067
65690,1,70.99,24.2855605556294,11.85,71,-7.88,36.14,0.671985626885153
65691,1,70.99,20.1420681747331,25.62,71,-7.88,36.14,0.557334481868652
65697,0,0,0,44.31,112,-16.13,23.86,NaN
65705,1,188.64,27.0868260208636,82.58,188.67,-23.02,87.92,0.308084918344672
65706,1,188.64,36.6907223771651,52.27,188.67,-23.02,87.92,0.417319408293506
65707,1,188.64,34.9130982797807,64.63,188.67,-23.02,87.92,0.397100753864658
65713,1,91.29,27.4259309146905,15.04,91.3,-10.13,46.47,0.590185730894996
65714,1,91.29,32.3408921886932,10.14,91.3,-10.13,46.47,0.695952059149843
65715,1,91.29,29.7630723145534,11.52,91.3,-10.13,46.47,0.64047928372183
65716,1,91.29,32.4032508643479,18.17,91.3,-10.13,46.47,0.697293971688141
65719,1,3.18,-0.35,0.87,3.18,-0.35,1.62,1
65720,1,3.18,1.62,0.53,3.18,-0.35,1.62,1
65720,1,3.18,1.62,0.99,3.18,-0.35,1.62,1
65720,1,3.18,1.62,1.52,3.18,-0.35,1.62,1
65720,1,3.18,1.62,1.07,3.18,-0.35,1.62,1
65720,1,3.18,1.62,1.49,3.18,-0.35,1.62,1
65724,0,0,0,0.2,0.88,-0.11,0.41,NaN
65724,0,0,0,0.38,0.88,-0.11,0.41,NaN
65724,0,0,0,0.1,0.88,-0.11,0.41,NaN
65724,0,0,0,0.18,0.88,-0.11,0.41,NaN
65724,0,0,0,0.28,0.88,-0.11,0.41,NaN
65724,0,0,0,0.38,0.88,-0.11,0.41,NaN
65728,1,1.95,0.52503917147754,0.59,1.95,-0.24,0.91,0.576966122502792
65728,1,1.95,0.52503917147754,0.27,1.95,-0.24,0.91,0.576966122502792
65729,1,1.95,0.490818188975974,0.65,1.95,-0.24,0.91,0.539360647226345
65729,1,1.95,0.490818188975974,0.24,1.95,-0.24,0.91,0.539360647226345
65730,1,1.95,0.260944543644767,0.47,1.95,-0.24,0.91,0.28675224576348
65730,1,1.95,0.260944543644767,0.54,1.95,-0.24,0.91,0.28675224576348
65735,0,0,0,90.7,261,-31.84,121.63,NaN
65740,1,1.72,-0.21,0.29,1.72,-0.21,0.8,1
65741,1,1.72,-0.21,0.47,1.72,-0.21,0.8,1
65743,1,1.72,-0.21,0.45,1.72,-0.21,0.8,1
65744,1,1.72,0.553209315494211,0.81,1.72,-0.21,0.8,0.691511644367764
65744,1,1.72,0.553209315494211,0.49,1.72,-0.21,0.8,0.691511644367764
65745,1,1.72,0.8,0.56,1.72,-0.21,0.8,1
65751,1,100.49,21.41,34.21,100.5,-14.47,21.41,1
65752,1,100.49,21.41,37.66,100.5,-14.47,21.41,1
65755,1,44.34,20.67,6.46,44.35,-5.41,20.67,1
65756,1,44.34,-5.41,8.36,44.35,-5.41,20.67,1
65761,0,0,0,0.25,1,-0.11,0.51,NaN
65761,0,0,0,0.47,1,-0.11,0.51,NaN
65761,0,0,0,0.45,1,-0.11,0.51,NaN
65761,0,0,0,0.18,1,-0.11,0.51,NaN
65767,1,119.53,8.82554044992578,15.1,119.55,-14.59,55.71,0.158419322382441
65768,1,119.53,8.94452064650808,35.52,119.55,-14.59,55.71,0.160555028657478
65775,1,29.35,10.9403139083355,14.21,29.35,-3.26,14.94,0.732283394132231
65775,1,29.35,10.9403139083355,11.09,29.35,-3.26,14.94,0.732283394132231
65780,1,55.23,28.11,10.17,55.23,-6.13,28.11,1
65781,1,55.23,28.11,26.98,55.23,-6.13,28.11,1
65782,0,0,0,21.48,55.23,-6.13,28.11,NaN
65786,1,171.98,-19.09,43.12,172,-19.09,87.55,1
65788,1,12.6,6.41,3.53,12.6,-1.4,6.41,1
65788,1,12.6,6.41,4.36,12.6,-1.4,6.41,1
65789,1,12.6,-1.4,1.88,12.6,-1.4,6.41,1
65789,1,12.6,-1.4,1.37,12.6,-1.4,6.41,1
65789,1,12.6,-1.4,1.99,12.6,-1.4,6.41,1
65789,1,12.6,-1.4,5.97,12.6,-1.4,6.41,1
65795,1,97.89,-10.87,16.84,97.9,-10.87,49.83,1
65799,1,3.57,-0.4,1.41,3.57,-0.4,1.82,1
65800,1,3.57,-0.4,1.34,3.57,-0.4,1.82,1
65801,1,3.57,-0.4,0.89,3.57,-0.4,1.82,1
65805,1,3.07,1.43,0.55,3.07,-0.37,1.43,1
65806,1,3.07,-0.37,1.42,3.07,-0.37,1.43,1
65806,1,3.07,-0.37,1.5,3.07,-0.37,1.43,1
65807,1,3.07,1.43,1.41,3.07,-0.37,1.43,1
65807,1,3.07,1.43,1,3.07,-0.37,1.43,1
65807,1,3.07,1.43,0.56,3.07,-0.37,1.43,1
65810,1,15,-1.67,1.95,15,-1.67,7.64,1
65814,1,1.7,0.79,0.68,1.7,-0.21,0.79,1
65814,1,1.7,0.79,0.39,1.7,-0.21,0.79,1
65815,1,1.7,0.79,0.19,1.7,-0.21,0.79,1
65816,1,1.7,0.352339970606826,0.19,1.7,-0.21,0.79,0.44599996279345
65816,1,1.7,0.352339970606826,0.41,1.7,-0.21,0.79,0.44599996279345
65817,0,0,0,0.47,1,-0.12,0.47,NaN
65822,1,113.98,58.03,37.69,114,-12.65,58.03,1
65823,1,113.98,58.03,34.59,114,-12.65,58.03,1
65826,1,2,-0.24,0.58,2,-0.24,0.93,1
65830,1,3.22,-0.39,1.26,3.22,-0.39,1.5,1
65831,1,3.22,-0.39,0.53,3.22,-0.39,1.5,1
65831,1,3.22,-0.39,0.61,3.22,-0.39,1.5,1
65832,1,3.22,-0.39,0.55,3.22,-0.39,1.5,1
65832,1,3.22,-0.39,1.01,3.22,-0.39,1.5,1
65833,1,3.22,-0.39,0.67,3.22,-0.39,1.5,1
65837,1,7.6,-0.84,2.34,7.6,-0.84,3.87,1
65837,1,7.6,-0.84,1,7.6,-0.84,3.87,1
65838,1,7.6,-0.84,2.84,7.6,-0.84,3.87,1
65841,1,2,1.02,0.39,2,-0.22,1.02,1
65841,1,2,1.02,0.4,2,-0.22,1.02,1
65848,1,210.53,367.67,210.41,789,-96.26,367.67,1
65849,1,317.97,367.67,317.85,789,-96.26,367.67,1
65853,1,0.52,-0.06,0.1,0.52,-0.06,0.24,1
65854,1,0.52,-0.06,0.06,0.52,-0.06,0.24,1
65856,1,0.52,0.24,0.22,0.52,-0.06,0.24,1
65856,1,0.52,0.24,0.21,0.52,-0.06,0.24,1
65857,1,0.52,0.24,0.22,0.52,-0.06,0.24,1
65861,1,20,-2.22,5.2,20,-2.22,10.18,1
65866,1,89.99,45.81,27.04,90,-9.99,45.81,1
65874,1,2.87,0.0445396692142552,1.13,2.87,-0.35,1.34,0.0332385591151158
65874,1,2.87,0.0445396692142552,0.52,2.87,-0.35,1.34,0.0332385591151158
65875,1,2.87,-0.0585154207635897,0.3,2.87,-0.35,1.34,0.167186916467399
65875,1,2.87,-0.0585154207635897,1.28,2.87,-0.35,1.34,0.167186916467399
65876,1,2.87,-0.0524028707101762,1.22,2.87,-0.35,1.34,0.149722487743361
65876,1,2.87,-0.0524028707101762,1.26,2.87,-0.35,1.34,0.149722487743361
65880,1,2,-0.24,0.49,2,-0.24,0.93,1
65880,1,2,-0.24,0.51,2,-0.24,0.93,1
65883,1,2,0.93,0.71,2,-0.24,0.93,1
65884,1,2,0.93,0.54,2,-0.24,0.93,1
65884,0,0,0,0.23,0.7,-0.09,0.33,NaN
65887,1,3.7,-0.41,1.01,3.7,-0.41,1.88,1
65887,1,3.7,-0.41,1.81,3.7,-0.41,1.88,1
65887,1,3.7,-0.41,0.43,3.7,-0.41,1.88,1
65889,1,20,-2.22,2.24,20,-2.22,10.18,1
65890,0,0,0,0.16,1.2,-0.13,0.61,NaN
65890,1,20,-2.14972420739559,5.39,20,-2.22,10.18,0.968344237565583
65890,1,20,-2.14972420739559,7.88,20,-2.22,10.18,0.968344237565583
65890,1,20,-2.14972420739559,3.95,20,-2.22,10.18,0.968344237565583
65890,1,20,-2.14972420739559,9.92,20,-2.22,10.18,0.968344237565583
65890,1,20,-2.14972420739559,8.88,20,-2.22,10.18,0.968344237565583
65898,1,167.88,35.76,81.49,167.9,-24.18,35.76,1
65901,1,49.99,-7.2,15.08,50,-7.2,10.65,1
65906,1,2.2,1.03,0.44,2.2,-0.27,1.03,1
65907,1,2.2,1.03,0.83,2.2,-0.27,1.03,1
65909,1,2.2,1.03,0.98,2.2,-0.27,1.03,1
65916,1,115.58,-12.83,35.39,115.6,-12.83,58.84,1
65920,1,4.4,2.24,2.17,4.4,-0.49,2.24,1
65930,0,0,0,26.16,201,-28.94,42.81,NaN
65936,1,49.99,23.2587484232574,18.36,50,-5.55,25.45,0.913899741581825
65941,1,148.98,7.37352270637237,66.64,149,-16.54,75.84,0.0972247192295935
65944,1,2.73,-0.33,0.36,2.73,-0.33,1.27,1
65944,1,2.73,-0.33,0.55,2.73,-0.33,1.27,1
65944,1,2.73,-0.33,0.77,2.73,-0.33,1.27,1
65944,1,2.73,-0.33,0.76,2.73,-0.33,1.27,1
65944,1,2.73,-0.33,0.45,2.73,-0.33,1.27,1
65944,1,2.73,-0.33,0.65,2.73,-0.33,1.27,1
65947,0,0,0,0.36,1.32,-0.16,0.62,NaN
65947,0,0,0,0.65,1.32,-0.16,0.62,NaN
65948,0,0,0,0.2,1.32,-0.16,0.62,NaN
65948,0,0,0,0.58,1.32,-0.16,0.62,NaN
65955,1,1.67,-0.2,0.4,1.67,-0.2,0.78,1
65956,1,1.67,-0.2,0.59,1.67,-0.2,0.78,1
65958,1,1.67,-0.2,0.76,1.67,-0.2,0.78,1
65962,1,1.17,-0.06,0.56,1.17,-0.06,0.45,1
65962,1,1.17,-0.06,0.49,1.17,-0.06,0.45,1
65963,1,1.17,-0.06,0.47,1.17,-0.06,0.45,1
65963,1,1.17,-0.06,0.35,1.17,-0.06,0.45,1
65964,1,1.17,-0.06,0.31,1.17,-0.06,0.45,1
65965,1,1.17,-0.06,0.49,1.17,-0.06,0.45,1
65969,1,19.6,9.98,4.85,19.6,-2.18,9.98,1
65969,1,19.6,9.98,7.3,19.6,-2.18,9.98,1
65972,1,71.79,36.55,27.44,71.8,-7.97,36.55,1
65972,1,71.79,36.55,17.12,71.8,-7.97,36.55,1
65979,1,103.99,-14.98,40.06,104,-14.98,22.15,1
65984,1,3.65,-0.41,1.49,3.65,-0.41,1.86,1
65984,1,3.65,-0.41,1.05,3.65,-0.41,1.86,1
65985,1,3.65,-0.41,1.53,3.65,-0.41,1.86,1
65985,1,3.65,-0.41,1.25,3.65,-0.41,1.86,1
65986,1,3.65,-0.41,0.67,3.65,-0.41,1.86,1
65986,1,3.65,-0.41,0.72,3.65,-0.41,1.86,1
65990,1,5,2.55,2.01,5,-0.55,2.55,1
65990,1,5,2.55,1.48,5,-0.55,2.55,1
65993,1,4.4,-0.49,1.39,4.4,-0.49,2.24,1
65997,1,14,-1.55,5.61,14,-1.55,7.13,1
66002,1,262.96,61.4768571205648,57.45,263,-29.19,133.87,0.459228035561102
66003,1,262.96,60.9141369201396,39.14,263,-29.19,133.87,0.45502455307492
67402,1,1.24,0.0641054567313545,0.6,1.24,-0.15,0.58,0.110526649536818
67402,1,1.24,0.0641054567313545,0.32,1.24,-0.15,0.58,0.110526649536818
67403,1,1.24,0.58,0.6,1.24,-0.15,0.58,1
67403,1,1.24,0.58,0.32,1.24,-0.15,0.58,1
67404,1,1.24,0.58,0.2,1.24,-0.15,0.58,1
67408,0,0,0,0.01,0.1,-0,0.04,NaN
67408,1,0.1,0,0.04,0.1,-0,0.04,0
67408,1,2.8,-0.14,1.01,2.8,-0.14,1.08,1
67408,1,2.8,-0.14,0.78,2.8,-0.14,1.08,1
67408,1,2.8,-0.14,0.35,2.8,-0.14,1.08,1
67413,1,1.87,0.95,0.9,1.88,-0.21,0.95,1
67414,1,1.87,0.95,0.29,1.88,-0.21,0.95,1
67416,1,1.87,0.95,0.27,1.88,-0.21,0.95,1
67416,1,1.87,0.95,0.62,1.88,-0.21,0.95,1
67422,1,114.33,53.29,35.44,114.35,-13.95,53.29,1
67423,1,114.33,53.29,20,114.35,-13.95,53.29,1
67431,1,56.69,-6.92,10.45,56.7,-6.92,26.42,1
67435,1,1.45,-0.18,0.24,1.45,-0.18,0.68,1
67436,1,1.45,-0.18,0.35,1.45,-0.18,0.68,1
67436,1,1.45,-0.18,0.59,1.45,-0.18,0.68,1
67437,1,1.45,-0.18,0.71,1.45,-0.18,0.68,1
67443,1,10.8,-0.53,4.51,10.8,-0.53,4.15,1
67444,0,0,0,3.19,10.8,-0.53,4.15,NaN
67448,0,0,0,0.09,0.47,-0.06,0.22,NaN
67448,0,0,0,0.14,0.47,-0.06,0.22,NaN
67449,0,0,0,0.12,0.47,-0.06,0.22,NaN
67449,0,0,0,0.1,0.47,-0.06,0.22,NaN
67452,1,79.89,8.50802317034805,21.65,79.9,-11.51,17.02,0.499883852546889
67459,1,13.1,-0.64,5.11,13.1,-0.64,5.03,1
67459,1,13.1,-0.64,4.58,13.1,-0.64,5.03,1
67464,1,4.35,0.111214576598566,1.29,4.35,-0.48,2.21,0.0503233378274055
67464,1,4.35,0.111214576598566,1.28,4.35,-0.48,2.21,0.0503233378274055
67468,0,0,0,0.19,0.8,-0.1,0.37,NaN
67469,0,0,0,0.16,0.65,-0.08,0.3,NaN
67470,0,0,0,0.18,0.65,-0.08,0.3,NaN
67478,1,172.48,87.8,57.9,172.5,-19.15,87.8,1
67479,1,172.48,87.8,32.01,172.5,-19.15,87.8,1
67482,1,0.1,-0.01,0.04,0.1,-0.01,0.05,1
67482,1,3.63,-0.44,1.26,3.63,-0.44,1.69,1
67484,1,3.63,-0.388055884750829,1.68,3.63,-0.44,1.69,0.881945192615521
67484,1,3.63,-0.388055884750829,1.5,3.63,-0.44,1.69,0.881945192615521
67484,1,3.63,-0.388055884750829,0.84,3.63,-0.44,1.69,0.881945192615521
67484,1,3.63,-0.388055884750829,1.27,3.63,-0.44,1.69,0.881945192615521
67484,1,3.63,-0.388055884750829,1.04,3.63,-0.44,1.69,0.881945192615521
67487,1,56.69,-6.92,27.04,56.7,-6.92,26.42,1
67497,0,0,0,18.27,44.1,-2.16,16.93,NaN
67498,1,44.09,-2.16,10.28,44.1,-2.16,16.93,1
67500,1,44.09,15.1399714872652,9.78,44.1,-2.16,16.93,0.89426884153959
67504,1,1.8,-0.22,0.57,1.8,-0.22,0.84,1
67504,0,0,0,0.08,0.5,-0.06,0.23,NaN
67507,1,59.39,12.65,17.15,59.4,-8.55,12.65,1
67514,1,27,13.74,5.34,27,-3,13.74,1
67518,1,3.5,1.63,1.22,3.5,-0.43,1.63,1
67523,1,43.33,12.0149693907453,18.81,43.33,-5.29,20.19,0.595095066406403
67523,1,43.33,12.0149693907453,4.6,43.33,-5.29,20.19,0.595095066406403
67524,1,43.33,-5.29,10.35,43.33,-5.29,20.19,1
67528,0,0,0,0.33,0.8,-0.1,0.37,NaN
67529,0,0,0,0.13,0.8,-0.1,0.37,NaN
67531,0,0,0,0.34,0.8,-0.1,0.37,NaN
67534,1,74.79,-10.77,31.79,74.8,-10.77,15.93,1
67536,0,0,0,0.27,0.6,-0.09,0.13,NaN
67536,1,0.6,0.13,0.15,0.6,-0.09,0.13,1
67541,1,2.9,-0.35,1.03,2.9,-0.35,1.35,1
67544,0,0,0,13.95,40.5,-5.83,8.63,NaN
67548,1,1.45,0.68,0.62,1.45,-0.18,0.68,1
67548,1,1.45,0.68,0.65,1.45,-0.18,0.68,1
67549,1,1.45,0.46147192738151,0.28,1.45,-0.18,0.68,0.67863518732575
67549,1,1.45,0.46147192738151,0.49,1.45,-0.18,0.68,0.67863518732575
67553,0,0,0,0.17,0.6,-0.07,0.31,NaN
67553,0,0,0,0.09,0.6,-0.07,0.31,NaN
67553,1,0.85,0.43,0.2,0.85,-0.09,0.43,1
67553,1,0.85,0.43,0.22,0.85,-0.09,0.43,1
67553,1,0.85,0.43,0.12,0.85,-0.09,0.43,1
67553,1,0.85,0.43,0.36,0.85,-0.09,0.43,1
67556,1,0.9,-0.1,0.34,0.9,-0.1,0.46,1
67556,1,1.85,-0.21,0.22,1.85,-0.21,0.94,1
67556,1,1.85,-0.21,0.42,1.85,-0.21,0.94,1
67556,1,1.85,-0.21,0.38,1.85,-0.21,0.94,1
67556,1,1.85,-0.21,0.28,1.85,-0.21,0.94,1
67558,1,82.36,41.92,31.82,82.37,-9.14,41.92,1
67558,1,82.36,41.92,32.31,82.37,-9.14,41.92,1
67558,1,82.36,41.92,16.06,82.37,-9.14,41.92,1
67565,1,1.4,-0.17,0.24,1.4,-0.17,0.65,1
67565,1,1.4,-0.17,0.38,1.4,-0.17,0.65,1
67566,1,1.4,-0.17,0.68,1.4,-0.17,0.65,1
67567,1,1.4,-0.17,0.39,1.4,-0.17,0.65,1
67567,1,1.4,-0.17,0.2,1.4,-0.17,0.65,1
67568,0,0,0,0.36,0.75,-0.09,0.35,NaN
67568,0,0,0,0.18,0.75,-0.09,0.35,NaN
67574,1,501.93,183.923844417754,100.69,502,-41.16,184.74,0.995582139318794
67577,1,2.35,-0.29,0.96,2.35,-0.29,1.1,1
67577,1,2.35,-0.29,0.96,2.35,-0.29,1.1,1
67580,0,0,0,0.37,1.5,-0.07,0.58,NaN
67580,1,22.5,8.64,7.94,22.5,-1.1,8.64,1
67584,0,0,0,0.19,0.65,-0.08,0.3,NaN
67584,0,0,0,0.23,0.65,-0.08,0.3,NaN
67585,0,0,0,0.08,0.33,-0.04,0.15,NaN
67585,0,0,0,0.14,0.33,-0.04,0.15,NaN
67586,0,0,0,0.12,0.33,-0.04,0.15,NaN
67586,0,0,0,0.05,0.33,-0.04,0.15,NaN
67589,1,64.99,30.29,20.45,65,-7.93,30.29,1
67589,1,64.99,30.29,6.99,65,-7.93,30.29,1
67596,1,47.59,14.3683246660324,9.07,47.6,-5.28,24.23,0.592997303591929
67596,1,47.59,14.3683246660324,8.42,47.6,-5.28,24.23,0.592997303591929
67597,1,47.59,20.3323065559752,17.73,47.6,-5.28,24.23,0.839137703507024
67600,0,0,0,0.19,0.58,-0.07,0.27,NaN
67600,0,0,0,0.26,0.58,-0.07,0.27,NaN
67600,0,0,0,0.15,0.58,-0.07,0.27,NaN
67600,0,0,0,0.23,0.58,-0.07,0.27,NaN
67607,0,0,0,23.14,50,-2.45,19.2,NaN
67610,1,1.2,-0.15,0.39,1.2,-0.15,0.56,1
67610,1,1.2,-0.15,0.17,1.2,-0.15,0.56,1
67610,1,1.2,-0.15,0.59,1.2,-0.15,0.56,1
67612,1,1.22,-0.14,0.32,1.22,-0.14,0.62,1
67612,1,1.22,-0.14,0.55,1.22,-0.14,0.62,1
67612,1,1.22,-0.14,0.38,1.22,-0.14,0.62,1
67612,1,1.22,-0.14,0.41,1.22,-0.14,0.62,1
67615,1,1.02,-0.11,0.29,1.03,-0.11,0.52,1
67615,0,0,0,0.2,1.03,-0.11,0.52,NaN
67616,1,1.02,-0.11,0.2,1.03,-0.11,0.52,1
67616,1,1.02,-0.11,0.14,1.03,-0.11,0.52,1
67617,0,0,0,0.12,0.75,-0.08,0.38,NaN
67617,0,0,0,0.28,0.75,-0.08,0.38,NaN
67621,1,2.12,-0.24,0.9,2.13,-0.24,1.08,1
67622,1,2.12,-0.24,0.33,2.13,-0.24,1.08,1
67622,1,2.12,-0.24,0.67,2.13,-0.24,1.08,1
67623,1,2.12,-0.24,0.53,2.13,-0.24,1.08,1
67634,1,59.99,12.78,15.27,60,-8.64,12.78,1
67639,1,3.12,-0.35,0.6,3.12,-0.35,1.59,1
67639,1,3.12,-0.35,0.64,3.12,-0.35,1.59,1
67639,1,3.12,-0.35,1.38,3.12,-0.35,1.59,1
67639,1,3.12,-0.35,0.86,3.12,-0.35,1.59,1
67640,1,3.12,-0.35,1.49,3.12,-0.35,1.59,1
67641,1,3.12,-0.35,1.1,3.12,-0.35,1.59,1
67645,1,87.72,44.66,40.12,87.73,-9.74,44.66,1
67645,1,87.72,44.66,16.63,87.73,-9.74,44.66,1
67645,1,87.72,44.66,22.04,87.73,-9.74,44.66,1
67649,1,32.66,16.63,6.36,32.67,-3.63,16.63,1
67650,1,32.66,9.45928840581063,8.53,32.67,-3.63,16.63,0.568808683452232
67650,1,32.66,9.45928840581063,12.05,32.67,-3.63,16.63,0.568808683452232
67655,1,1.5,-0.18,0.56,1.5,-0.18,0.7,1
67655,1,4.5,-0.55,2.22,4.5,-0.55,2.1,1
67658,1,0.97,-0.11,0.35,0.98,-0.11,0.5,1
67658,1,0.97,-0.11,0.42,0.98,-0.11,0.5,1
67659,1,0.97,-0.11,0.21,0.98,-0.11,0.5,1
67659,1,0.97,-0.11,0.38,0.98,-0.11,0.5,1
67663,1,4.5,-0.5,0.58,4.5,-0.5,2.29,1
67664,1,4.5,-0.5,1.9,4.5,-0.5,2.29,1
67670,0,0,0,18.31,73.1,-10.53,15.57,NaN
67676,1,3.42,1.74,0.43,3.42,-0.38,1.74,1
67676,1,3.42,1.74,0.66,3.42,-0.38,1.74,1
67677,1,3.42,1.74,0.7,3.42,-0.38,1.74,1
67677,1,3.42,1.74,0.67,3.42,-0.38,1.74,1
67678,1,3.42,-0.38,0.66,3.42,-0.38,1.74,1
67678,1,3.42,-0.38,1.17,3.42,-0.38,1.74,1
67682,1,1.13,0.458945844183774,0.22,1.13,-0.13,0.58,0.791285938247886
67682,1,1.13,0.458945844183774,0.5,1.13,-0.13,0.58,0.791285938247886
67683,1,1.13,0.244310457738719,0.33,1.13,-0.13,0.58,0.421224927135722
67687,0,0,0,0.18,0.83,-0.1,0.39,NaN
67688,1,0.83,-0.1,0.24,0.83,-0.1,0.39,1
67688,1,0.83,-0.1,0.25,0.83,-0.1,0.39,1
67691,0,0,0,0.29,0.63,-0.08,0.3,NaN
67691,0,0,0,0.2,0.63,-0.08,0.3,NaN
67691,1,2.4,1.12,0.55,2.4,-0.29,1.12,1
67691,1,2.4,1.12,0.93,2.4,-0.29,1.12,1
67693,0,0,0,0.27,0.63,-0.08,0.3,NaN
67693,1,2.4,-0.29,1.06,2.4,-0.29,1.12,1
67693,1,2.4,-0.29,0.65,2.4,-0.29,1.12,1
67693,1,2.4,-0.29,1.15,2.4,-0.29,1.12,1
67697,1,5,2.33,1.29,5,-0.61,2.33,1
67702,1,248.53,317.49,140.26,681.3,-83.12,317.49,1
67703,0,0,0,230.68,681.3,-83.12,317.49,NaN
67707,1,39.99,13.1840430295357,7.86,40,-4.44,20.36,0.647546317757158
67712,1,39.99,-5.76,9.05,40,-5.76,8.52,1
67716,1,1.25,-0.15,0.41,1.25,-0.15,0.58,1
67717,1,1.25,-0.15,0.48,1.25,-0.15,0.58,1
67719,1,1.25,-0.15,0.22,1.25,-0.15,0.58,1
67719,1,1.25,-0.15,0.54,1.25,-0.15,0.58,1
67725,0,0,0,18.23,81,-11.66,17.25,NaN
67729,1,1.6,-0.18,0.31,1.6,-0.18,0.81,1
67729,1,1.6,-0.18,0.16,1.6,-0.18,0.81,1
67730,1,1.6,-0.18,0.27,1.6,-0.18,0.81,1
67733,1,4.1,-0.46,0.59,4.1,-0.46,2.09,1
67734,1,4.1,2.09,0.56,4.1,-0.46,2.09,1
67734,1,4.1,2.09,1.95,4.1,-0.46,2.09,1
67734,1,4.1,2.09,0.52,4.1,-0.46,2.09,1
67734,1,4.1,2.09,1.25,4.1,-0.46,2.09,1
67734,1,4.1,2.09,0.94,4.1,-0.46,2.09,1
67738,1,2.74,-0.3,0.6,2.74,-0.3,1.39,1
67738,1,2.74,-0.3,0.96,2.74,-0.3,1.39,1
67739,1,2.74,-0.3,1.23,2.74,-0.3,1.39,1
67739,1,2.74,-0.3,0.74,2.74,-0.3,1.39,1
67740,1,2.74,-0.3,0.55,2.74,-0.3,1.39,1
67743,1,0.27,0.13,0.05,0.27,-0.03,0.13,1
67743,1,0.27,0.13,0.13,0.27,-0.03,0.13,1
67743,1,0.27,0.13,0.06,0.27,-0.03,0.13,1
67743,0,0,0,0.13,0.27,-0.03,0.13,NaN
67743,0,0,0,0.21,0.6,-0.07,0.28,NaN
67743,0,0,0,0.17,0.65,-0.08,0.3,NaN
67743,0,0,0,0.24,0.65,-0.08,0.3,NaN
67747,1,320.77,323.78,71.31,694.8,-84.77,323.78,1
67748,1,272.44,323.78,166.77,694.8,-84.77,323.78,1
67752,1,6.33,-0.7,1.06,6.33,-0.7,3.22,1
67752,1,6.33,-0.7,1,6.33,-0.7,3.22,1
67752,1,6.33,-0.7,2.05,6.33,-0.7,3.22,1
67755,1,79.89,17.02,14.88,79.9,-11.51,17.02,1
67763,1,56.69,-6.29,22.19,56.7,-6.29,28.86,1
67766,1,1.6,0.81,0.46,1.6,-0.18,0.81,1
67767,1,1.6,-0.18,0.29,1.6,-0.18,0.81,1
67767,1,1.6,-0.18,0.55,1.6,-0.18,0.81,1
67767,1,1.6,-0.18,0.56,1.6,-0.18,0.81,1
67767,1,1.6,-0.18,0.45,1.6,-0.18,0.81,1
67767,1,1.6,-0.18,0.38,1.6,-0.18,0.81,1
67770,1,1.9,0.4,0.6,1.9,-0.27,0.4,1
67777,1,108.78,55.38,53.74,108.8,-12.08,55.38,1
67783,0,0,0,41.69,206.5,-29.74,43.98,NaN
67790,1,1.5,-0.22,0.75,1.5,-0.22,0.32,1
67791,0,0,0,0.71,1.5,-0.22,0.32,NaN
67795,1,1.2,-0.06,0.34,1.2,-0.06,0.46,1
67795,0,0,0,0.49,1.2,-0.06,0.46,NaN
67802,0,0,0,45.73,109.8,-13.4,51.17,NaN
67807,1,71.39,33.27,29.35,71.4,-8.71,33.27,1
67811,1,1.03,-0.13,0.3,1.03,-0.13,0.48,1
67811,1,1.03,-0.13,0.23,1.03,-0.13,0.48,1
67812,1,1.03,-0.13,0.49,1.03,-0.13,0.48,1
67815,1,2,-0.22,0.59,2,-0.22,1.02,1
67815,1,2,-0.22,0.29,2,-0.22,1.02,1
67821,0,0,0,1.66,10.8,-0.53,4.15,NaN
67822,0,0,0,5.31,10.8,-0.53,4.15,NaN
67827,1,800.89,107.692421773277,346.53,801,-65.68,294.77,0.365343901256155
67830,1,6,3.05,1.01,6,-0.67,3.05,1
67833,1,0.97,0.45,0.37,0.98,-0.12,0.45,1
67833,1,0.97,0.45,0.14,0.98,-0.12,0.45,1
67834,1,0.97,0.45,0.22,0.98,-0.12,0.45,1
67834,1,0.97,0.45,0.24,0.98,-0.12,0.45,1
67839,0,0,0,44.28,128.94,-15.73,60.09,NaN
67840,1,128.92,37.8154397811985,57.14,128.94,-15.73,60.09,0.629313359647171
67841,1,128.92,33.8230473061791,52.26,128.94,-15.73,60.09,0.562873145384907
67842,1,128.92,47.7394148206619,46.42,128.94,-15.73,60.09,0.794465215853917
67843,1,128.92,35.6005109651606,29.12,128.94,-15.73,60.09,0.592453169664846
67848,1,60.49,4.38969591060637,17.57,60.5,-6.72,30.79,0.142568883098616
67855,1,2,-0.24,0.99,2,-0.24,0.93,1
67855,1,2,-0.24,0.49,2,-0.24,0.93,1
67856,0,0,0,0.15,0.4,-0.05,0.19,NaN
67856,0,0,0,0.12,0.4,-0.05,0.19,NaN
67859,0,0,0,0.3,0.78,-0.09,0.4,NaN
67859,0,0,0,0.14,0.78,-0.09,0.4,NaN
67859,0,0,0,0.34,0.78,-0.09,0.4,NaN
67859,0,0,0,0.28,0.78,-0.09,0.4,NaN
67859,0,0,0,0.29,0.78,-0.09,0.4,NaN
67859,0,0,0,0.16,0.78,-0.09,0.4,NaN
67861,1,7.9,-0.96,2.44,7.9,-0.96,3.68,1
67865,1,66.83,15.1179318724102,23.76,66.84,-7.42,34.02,0.44438365292211
67866,1,66.83,4.83957228794306,28.47,66.84,-7.42,34.02,0.142256681009496
67867,1,66.83,6.8578646352733,23.48,66.84,-7.42,34.02,0.201583322612384
67868,1,66.83,5.02376516043047,18.36,66.84,-7.42,34.02,0.147670933581143
67869,1,66.83,5.48898901501879,17.07,66.84,-7.42,34.02,0.16134594400408
67872,1,49.73,25.31,20.49,49.73,-5.52,25.31,1
67873,1,49.73,-5.52,14.45,49.73,-5.52,25.31,1
67873,1,49.73,-5.52,8.33,49.73,-5.52,25.31,1
67880,1,10.5,2.24,3,10.5,-1.51,2.24,1
67882,1,1.27,0.59,0.26,1.27,-0.15,0.59,1
67882,1,1.27,0.59,0.52,1.27,-0.15,0.59,1
67882,1,1.27,0.59,0.58,1.27,-0.15,0.59,1
67887,1,15.2,5.84,4.26,15.2,-0.74,5.84,1
67888,1,15.2,5.84,3.01,15.2,-0.74,5.84,1
67888,1,15.2,5.84,3.84,15.2,-0.74,5.84,1
68619,0,0,0,9.32,19.5,-2.81,4.15,NaN
68627,0,0,0,5.73,25,-3.6,5.32,NaN
68632,1,28.8,2.57140762651461,8.64,28.8,-3.51,13.42,0.191610106297661
68632,1,2.7,0.241142240174733,1.16,2.7,-0.33,1.26,0.191382730297407
68638,1,161.98,82.46,78.36,162,-17.98,82.46,1
68639,0,0,0,54.59,162,-17.98,82.46,NaN
68643,1,28.95,-3.21,11.68,28.95,-3.21,14.74,1
68643,1,28.95,-3.21,6.22,28.95,-3.21,14.74,1
68650,1,98.99,21.09,18.78,99,-14.26,21.09,1
68657,1,82.19,41.84,15.15,82.2,-9.12,41.84,1
68667,1,40.49,8.63,11.12,40.5,-5.83,8.63,1
68672,1,237,78.0275296192905,90.93,456,-55.63,212.5,0.367188374679014
68678,0,0,0,24.89,53.33,-2.61,20.48,NaN
68679,1,53.33,-2.61,16.03,53.33,-2.61,20.48,1
68680,0,0,0,14.84,53.33,-2.61,20.48,NaN
68681,0,0,0,8.82,53.33,-2.61,20.48,NaN
68682,1,53.33,-2.61,11.72,53.33,-2.61,20.48,1
68683,0,0,0,21.31,53.33,-2.61,20.48,NaN
68686,1,67.49,31.46,20.62,67.5,-8.24,31.46,1
68687,0,0,0,0.36,1.7,-0.21,0.79,NaN
68688,1,1,-0.12,0.33,1,-0.12,0.47,1
68689,0,0,0,0.55,1.5,-0.18,0.7,NaN
68691,0,0,0,0.33,1.5,-0.18,0.7,NaN
68692,0,0,0,0.47,1.5,-0.18,0.7,NaN
68698,1,67.49,31.46,27.46,67.5,-8.24,31.46,1
68699,1,67.49,22.1527231000628,27.18,67.5,-8.24,31.46,0.704155216149486
68702,1,1.85,-0.23,0.49,1.85,-0.23,0.86,1
68702,1,2.7,-0.33,0.62,2.7,-0.33,1.26,1
68703,1,2,-0.24,0.45,2,-0.24,0.93,1
68703,1,24.1,-2.94,7.15,24.1,-2.94,11.23,1
68704,1,1.85,-0.23,0.42,1.85,-0.23,0.86,1
68704,1,2,-0.24,0.96,2,-0.24,0.93,1
68704,1,2,-0.24,0.56,2,-0.24,0.93,1
68707,0,0,0,6.91,54,-7.78,11.5,NaN
68707,1,53.99,11.5,7.56,54,-7.78,11.5,1
68707,1,53.99,11.5,10.72,54,-7.78,11.5,1
68709,1,1.3,-0.19,0.57,1.3,-0.19,0.28,1
68710,0,0,0,0.25,1.3,-0.19,0.28,NaN
68714,1,50.99,-7.34,8.39,51,-7.34,10.86,1
68722,1,94.24,25.0880363243787,13.96,94.25,-10.46,47.97,0.522994294858844
68723,1,94.24,43.8533390470012,34.39,94.25,-10.46,47.97,0.914182594267276
68729,1,130.65,49.0943700993263,16.65,130.67,-6.4,50.18,0.978365286953494
68730,1,130.65,25.3805418637201,57.43,130.67,-6.4,50.18,0.505789993298527
68731,0,0,0,30.61,130.67,-6.4,50.18,NaN
68732,1,130.65,26.8489075635729,49.95,130.67,-6.4,50.18,0.535051964200337
68733,1,130.65,21.0960704652104,50.67,130.67,-6.4,50.18,0.420407940717624
68734,0,0,0,46.69,130.67,-6.4,50.18,NaN
68737,1,82.34,12.2452971688477,31.92,82.35,-4.04,31.62,0.38726430009006
68737,1,82.34,12.2452971688477,11.13,82.35,-4.04,31.62,0.38726430009006
68737,1,82.34,12.2452971688477,39.89,82.35,-4.04,31.62,0.38726430009006
68737,1,82.34,12.2452971688477,15.76,82.35,-4.04,31.62,0.38726430009006
68737,1,82.34,12.2452971688477,23.99,82.35,-4.04,31.62,0.38726430009006
68737,1,82.34,12.2452971688477,20.29,82.35,-4.04,31.62,0.38726430009006
69602,1,50.59,-7.29,18.48,50.6,-7.29,10.78,1
69603,1,47.99,-6.60039569652745,20,48,-6.91,10.22,0.95519474624131
69606,1,47.99,-6.91,6.55,48,-6.91,10.22,1
69606,1,62.39,-8.99,8.25,62.4,-8.99,13.29,1
69613,0,0,0,6.94,57.5,-7.02,26.79,NaN
69614,0,0,0,21.27,57.5,-7.02,26.79,NaN
69622,1,179.98,38.34,59.45,180,-25.92,38.34,1
69623,0,0,0,25.96,61.5,-8.86,13.1,NaN
69629,0,0,0,47.08,115.5,-16.63,24.6,NaN
69630,1,11.9,-1.71,5.13,11.9,-1.71,2.53,1
69631,1,3.55,-0.51,1.66,3.55,-0.51,0.76,1
69631,0,0,0,1.61,3.55,-0.51,0.76,NaN
69639,1,148.98,5.39241824782829,29.18,149,-21.46,31.74,0.169893454562958
69645,1,330.77,69.0133389076702,174.47,434.9,-53.06,202.66,0.340537545187359
69646,1,221.04,68.5250940487986,78.4,434.9,-53.06,202.66,0.338128363015882
69652,1,148.48,31.63,66.06,148.5,-21.38,31.63,1
69658,1,106.19,26.3789797357445,20.75,106.2,-12.96,49.49,0.533016361603243
69659,0,0,0,2.89,13.3,-1.62,6.2,NaN
69662,1,60.49,13.2206543698842,10.64,60.5,-6.72,30.79,0.429381434552914
69662,1,60.49,13.2206543698842,12.63,60.5,-6.72,30.79,0.429381434552914
69662,1,60.49,13.2206543698842,6.36,60.5,-6.72,30.79,0.429381434552914
69662,1,60.49,13.2206543698842,26.84,60.5,-6.72,30.79,0.429381434552914
69662,1,87.99,19.234588174377,32.88,88,-9.77,44.79,0.429439343031414
69670,1,251.45,145.436396834072,136.56,328,-40.02,152.85,0.951497525901684
69671,1,198.5,145.852375780943,112.11,328,-40.02,152.85,0.954219010670219
69677,1,158.98,12.2783567457788,54.49,159,-22.9,33.87,0.362514223376994
69678,1,40.49,4.39042805689198,15.7,40.5,-5.83,8.63,0.508740215167089
69678,1,40.49,4.39042805689198,10.4,40.5,-5.83,8.63,0.508740215167089
69684,1,1,-0.14,0.35,1,-0.14,0.21,1
69685,0,0,0,0.21,1,-0.14,0.21,NaN
69687,1,39.74,8.47,11.51,39.75,-5.72,8.47,1
69687,1,39.74,8.47,15.41,39.75,-5.72,8.47,1
69688,1,24.1,-3.47,3.29,24.1,-3.47,5.13,1
69688,0,0,0,3.3,24.1,-3.47,5.13,NaN
69689,1,2,0.43,0.23,2,-0.29,0.43,1
69689,0,0,0,0.76,2,-0.29,0.43,NaN
69690,0,0,0,0.39,2,-0.29,0.43,NaN
69691,1,2,0.43,0.31,2,-0.29,0.43,1
69691,0,0,0,0.48,2,-0.29,0.43,NaN
69692,1,2,-0.29,0.84,2,-0.29,0.43,1
69692,0,0,0,0.52,1.8,-0.26,0.38,NaN
69693,1,1.5,-0.22,0.74,1.5,-0.22,0.32,1
69693,0,0,0,0.31,1,-0.14,0.21,NaN
69694,1,1,0.21,0.46,1,-0.14,0.21,1
69694,1,1,0.21,0.12,1,-0.14,0.21,1
69699,0,0,0,46.18,120,-17.28,25.56,NaN
69700,1,49.49,-1.33761014519872,12.29,49.5,-7.13,10.54,0.187603105918474
69707,0,0,0,47.67,105,-15.12,22.36,NaN
69711,1,190.17,-23.2,93.49,190.2,-23.2,88.63,1
69715,1,104.99,-10.3521371366917,52.45,105,-15.12,22.36,0.684665154543105
69716,0,0,0,6.01,19.5,-2.81,4.15,NaN
69724,1,24.75,-3.56,11.43,24.75,-3.56,5.27,1
69725,1,24.75,-3.56,8.08,24.75,-3.56,5.27,1
69727,0,0,0,16.46,102.4,-14.75,21.81,NaN
69728,1,49.49,-4.73601864164407,24.08,49.5,-7.13,10.54,0.664238238659757
69734,0,0,0,139.56,367,-44.77,171.02,NaN
69735,1,236.92,158.43170819618,41.72,367,-44.77,171.02,0.926392867478538
69741,0,0,0,30.11,122.8,-6.02,47.16,NaN
69742,1,122.78,-6.02,30.35,122.8,-6.02,47.16,1
69743,1,122.78,-6.02,50.09,122.8,-6.02,47.16,1
69744,1,122.78,-6.02,45.26,122.8,-6.02,47.16,1
69745,1,122.78,-6.02,25.93,122.8,-6.02,47.16,1
69753,1,322.91,121.684879679361,134.89,604.8,-73.79,281.84,0.431751630994044
69754,1,223.47,122.013763939828,223.38,604.8,-73.79,281.84,0.432918549318153
69760,1,263.27,28.945700300226,138.71,450,-54.9,209.7,0.13803385932392
69955,1,30,-3.66,7.03,30,-3.66,13.98,1
69955,0,0,0,22.13,46.1,-5.62,21.48,NaN
69963,0,0,0,28.17,91,-10.1,46.32,NaN
69967,1,23.3,-2.59,8.58,23.3,-2.59,11.86,1
69967,1,41.84,-4.65,4.9,41.85,-4.65,21.3,1
69967,1,41.84,-4.65,13.17,41.85,-4.65,21.3,1
69975,1,37.05,-1.82,10.18,37.06,-1.82,14.23,1
69976,1,37.05,-1.82,18.52,37.06,-1.82,14.23,1
69978,0,0,0,12.64,37.06,-1.82,14.23,NaN
69978,1,37.05,14.23,10.95,37.06,-1.82,14.23,1
69979,0,0,0,9.97,37.06,-1.82,14.23,NaN
69986,1,2,0.184071170482691,0.85,2,-0.24,0.93,0.197925989766334
69987,1,2,0.184071170482691,0.36,2,-0.24,0.93,0.197925989766334
69989,0,0,0,18.89,50,-6.1,23.3,NaN
69995,1,166.04,-69.0727452626521,165.95,568,-69.3,264.69,0.99672071086078
69996,1,164.01,-69.1162464248571,163.93,568,-69.3,264.69,0.997348433259122
69997,1,139.79,-69.1856596968139,139.7,568,-69.3,264.69,0.998350067775092
69998,1,167.47,-69.0988376886704,167.39,568,-69.3,264.69,0.997097224944739
