{
"type": "FeatureCollection",
"name": "nordic_land_area",
"crs": { "type": "name", "properties": { "name": "urn:ogc:def:crs:OGC:1.3:CRS84" } },
"features": [
{ "type": "Feature", "properties": { "name": "nordic_land_area_closed", "closing_distance_km": 20.0 }, "geometry": { "type": "MultiPolygon", "coordinates": [ [ [ [ 4.644473764932432, 61.058600876488839 ], [ 4.645161283833329, 61.060137867687757 ], [ 4.657112407612086, 61.066619211449286 ], [ 4.662222704688621, 61.069135855822729 ], [ 4.668826884523156, 61.073206431428027 ], [ 4.66888639703442, 61.073181640973026 ], [ 4.679985241198484, 61.079513040486184 ], [ 4.683935251461062, 61.081059764438628 ], [ 4.710228291770962, 61.092398523599329 ], [ 4.734193648541194, 61.104904962343845 ], [ 4.755613545640767, 61.118466868223457 ], [ 4.774292307584287, 61.132962412769736 ], [ 4.790058180895532, 61.14826121379528 ], [ 4.794971991226086, 61.153655367005641 ], [ 4.803792937446793, 61.15979540561824 ], [ 4.824299203110004, 61.175791645904738 ], [ 4.841251280703586, 61.192749218053962 ], [ 4.845125314992276, 61.197204485836799 ], [ 4.849230641755873, 61.199127582461728 ], [ 4.866536361096327, 61.206409675767603 ], [ 4.890821534622005, 61.218776255195984 ], [ 4.912582947278976, 61.232208219118334 ], [ 4.931622501180041, 61.24658527633671 ], [ 4.94776576496109, 61.261778507762784 ], [ 4.960863627994748, 61.277651492251756 ], [ 4.970793757168017, 61.294061504425926 ], [ 4.977461839450538, 61.310860774962791 ], [ 4.980802594385763, 61.327897803077278 ], [ 4.980780541830512, 61.345018710230924 ], [ 4.977390511773944, 61.362068623469639 ], [ 4.970657884901247, 61.378893076236672 ], [ 4.960638554738587, 61.395339414047321 ], [ 4.949044149165069, 61.409301734393324 ], [ 4.948356069846845, 61.410259605049198 ], [ 4.948059766165646, 61.413231852479441 ], [ 4.948373697367099, 61.416339489741596 ], [ 4.957659755353419, 61.423800181364413 ], [ 4.974417258101703, 61.438834051733927 ], [ 4.98814634799357, 61.454571542808182 ], [ 4.998719423977059, 61.470871579552295 ], [ 5.006036688384111, 61.487587831210618 ], [ 5.010027203495071, 61.504570005835511 ], [ 5.010649706822747, 61.521665187859064 ], [ 5.007893171637102, 61.53871920733728 ], [ 5.00177710100731, 61.555578028931073 ], [ 4.992351545729973, 61.572089148210139 ], [ 4.97969683893862, 61.588102982491776 ], [ 4.963923042939744, 61.603474243169941 ], [ 4.945169106868171, 61.618063276364296 ], [ 4.923601737063095, 61.631737358738739 ], [ 4.899413985585307, 61.644371935510605 ], [ 4.872823565963622, 61.655851788008391 ], [ 4.860475151144683, 61.660692429008769 ], [ 4.850047902241208, 61.664633902277494 ], [ 4.848551522069574, 61.665179277993204 ], [ 4.844939293689833, 61.667224847220858 ], [ 4.841379148605463, 61.669771510401759 ], [ 4.839055785418504, 61.671935388652663 ], [ 4.833891340493802, 61.678577236611375 ], [ 4.832367174669128, 61.681504433979029 ], [ 4.83109253045339, 61.685773174806307 ], [ 4.830736738658473, 61.689993940422788 ], [ 4.831684942279059, 61.69277515263731 ], [ 4.837107685080881, 61.702346922998466 ], [ 4.838598642955431, 61.70448873079755 ], [ 4.846648288149136, 61.721276798762197 ], [ 4.851301915893176, 61.738363443491167 ], [ 4.852511414323859, 61.755592318756577 ], [ 4.85026006336168, 61.77280553043169 ], [ 4.844562893590549, 61.789845080946705 ], [ 4.835466754495823, 61.806554323740691 ], [ 4.823050083841263, 61.822779414221429 ], [ 4.807422372871209, 61.838370743444621 ], [ 4.803771310068441, 61.841604426511623 ], [ 4.808858623300526, 61.845169342981848 ], [ 4.819884254334409, 61.852121738174752 ], [ 4.841101980313382, 61.866988126518223 ], [ 4.859099190353598, 61.882793125177464 ], [ 4.865622153678783, 61.889274561742468 ], [ 4.870811571423607, 61.891987373071963 ], [ 4.886409575552868, 61.899396460120535 ], [ 4.91007895702441, 61.913113177178595 ], [ 4.930793430466699, 61.927874942686493 ], [ 4.94834873722017, 61.943539219045078 ], [ 4.962570316805498, 61.959954539173694 ], [ 4.973315139090832, 61.976961937035639 ], [ 4.980473266638968, 61.994396458013249 ], [ 4.983969125853442, 62.012088735944573 ], [ 4.985229713541949, 62.025669669260914 ], [ 4.98557642497345, 62.033768105851195 ], [ 4.985581984627785, 62.033795008045828 ], [ 4.988270123442282, 62.03564186954916 ], [ 5.003547454694162, 62.04500235404813 ], [ 5.022537776680279, 62.059207101818231 ], [ 5.038645602586293, 62.074192975482461 ], [ 5.051726928240641, 62.089829919894669 ], [ 5.061663455771758, 62.105982035667559 ], [ 5.068363761407362, 62.12250873857365 ], [ 5.071764250571087, 62.139265966049919 ], [ 5.07182988672158, 62.15610742108305 ], [ 5.071100073538111, 62.163754115472351 ], [ 5.07234224354483, 62.167685084401839 ], [ 5.077530933439035, 62.180482182468786 ], [ 5.078580549467313, 62.184172369726184 ], [ 5.084193454764002, 62.189969073119478 ], [ 5.08529573401237, 62.190913936895036 ], [ 5.093303303383292, 62.1929123070774 ], [ 5.096199328223035, 62.193552438069119 ], [ 5.096069665078768, 62.193681362312631 ], [ 5.115314618090384, 62.197911371912014 ], [ 5.147598270578193, 62.206918912477718 ], [ 5.16063255205415, 62.211423862354771 ], [ 5.169841914950235, 62.214314947818799 ], [ 5.176865865233172, 62.21470477006978 ], [ 5.212919947244879, 62.2175280934702 ], [ 5.248229723320607, 62.221949212026352 ], [ 5.282478075029555, 62.227928466209491 ], [ 5.315356928237577, 62.235412180556217 ], [ 5.346569907197452, 62.244333122353019 ], [ 5.375834909694737, 62.2546110779939 ], [ 5.40288658435978, 62.266153543038577 ], [ 5.427478691068084, 62.278856521132532 ], [ 5.449386325207479, 62.292605426078822 ], [ 5.468407986529408, 62.307276080480293 ], [ 5.484367473363435, 62.322735803503328 ], [ 5.497115583202936, 62.33884457945706 ], [ 5.506531601107789, 62.355456298043379 ], [ 5.510422988935795, 62.363932188371777 ], [ 5.51669783087499, 62.366811162325078 ], [ 5.523749833685407, 62.369465758915894 ], [ 5.53298009324194, 62.368972688794869 ], [ 5.534993930807095, 62.368817689344979 ], [ 5.57437037966985, 62.36674746168714 ], [ 5.613973031063152, 62.366571350480093 ], [ 5.653389764880504, 62.36829122627919 ], [ 5.692210290618764, 62.37188921057281 ], [ 5.730030196088439, 62.377327851246356 ], [ 5.766454951452576, 62.384550492255478 ], [ 5.801103837486465, 62.393481834674475 ], [ 5.833613766654079, 62.404028684743494 ], [ 5.860138499189981, 62.414675150270725 ], [ 5.868876185273571, 62.41792506696369 ], [ 5.877395214665134, 62.420813808065724 ], [ 5.886549160313344, 62.423558927820743 ], [ 5.896315599404617, 62.42579955578767 ], [ 5.908977676678824, 62.428295794969706 ], [ 5.917125408622702, 62.42970153402463 ], [ 5.934242987902228, 62.431090929684878 ], [ 5.934237737323526, 62.431104732141499 ], [ 5.940120116132849, 62.431467327887006 ], [ 5.977378571529226, 62.43555002066536 ], [ 6.013583893880362, 62.441332353269054 ], [ 6.048384084695715, 62.44875820127389 ], [ 6.081440110146668, 62.457755433071668 ], [ 6.112429078309988, 62.468236577940246 ], [ 6.141047297524983, 62.480099639036595 ], [ 6.167013190702066, 62.493229045176918 ], [ 6.190070040191268, 62.50749673408113 ], [ 6.20998853769732, 62.522763358568881 ], [ 6.226569113774372, 62.538879606008535 ], [ 6.239644021712375, 62.555687620149229 ], [ 6.249079151204006, 62.573022513318683 ], [ 6.251518410106256, 62.578667082758805 ], [ 6.25228996939166, 62.580105618353898 ], [ 6.255436569090489, 62.584835658454331 ], [ 6.26074672738905, 62.589124067637151 ], [ 6.260907584625953, 62.589238705374029 ], [ 6.266486019882911, 62.592813202688646 ], [ 6.273470734621694, 62.595806108020227 ], [ 6.284263723378174, 62.599988896835889 ], [ 6.291250682917036, 62.602453592587388 ], [ 6.299056416991662, 62.604279384072179 ], [ 6.311875284127741, 62.606946215796839 ], [ 6.319673231794321, 62.608381177063514 ], [ 6.328012509573354, 62.608828514737326 ], [ 6.345118572614049, 62.60939485030265 ], [ 6.384233997976782, 62.61161603979108 ], [ 6.422656211718666, 62.615661733820367 ], [ 6.459994679759607, 62.621490840978389 ], [ 6.495869308094902, 62.629044114041008 ], [ 6.529914138890236, 62.638244722637786 ], [ 6.561780939576954, 62.648998998200781 ], [ 6.591142655615394, 62.66119734542162 ], [ 6.617696697239522, 62.674715313023867 ], [ 6.641168030201469, 62.689414815232936 ], [ 6.661312040372352, 62.70514549389668 ], [ 6.677917142103077, 62.721746209786154 ], [ 6.685239835155122, 62.730159771724786 ], [ 6.692681858296067, 62.734560495873851 ], [ 6.715365498865761, 62.749476434896316 ], [ 6.734682053371072, 62.765380944312071 ], [ 6.750429335553194, 62.782111973663234 ], [ 6.762440661965367, 62.799498786561017 ], [ 6.770586759517486, 62.817363667264971 ], [ 6.772684327757824, 62.823486526535184 ], [ 6.77250826867234, 62.823499641987816 ], [ 6.774433037713846, 62.828537877370401 ], [ 6.777386861132155, 62.843143118263974 ], [ 6.77803846872036, 62.848881753249692 ], [ 6.782764243274459, 62.852561679666692 ], [ 6.784635102010506, 62.853869801999053 ], [ 6.790417717903301, 62.857499201986819 ], [ 6.7931396221781, 62.858633696875167 ], [ 6.820032987989017, 62.870986292996818 ], [ 6.844208694954405, 62.884484512851799 ], [ 6.865436907052095, 62.899002087603584 ], [ 6.883514469315442, 62.914403029910773 ], [ 6.886858053107164, 62.917614773570662 ], [ 6.891514343453927, 62.921561889788627 ], [ 6.898517757110223, 62.924689057182448 ], [ 6.901614361318362, 62.925938186204277 ], [ 6.910547602148926, 62.929137092026551 ], [ 6.920232643411206, 62.931835849230154 ], [ 6.956392997078399, 62.940621526249814 ], [ 6.984746837543468, 62.948217705281692 ], [ 7.011624965469488, 62.956875892513985 ], [ 7.036839997183128, 62.966536127799756 ], [ 7.0699884837434, 62.980344493318213 ], [ 7.076231931040998, 62.982733170467533 ], [ 7.083231282202664, 62.984605540902777 ], [ 7.09789045609886, 62.988160801436365 ], [ 7.10849377744931, 62.99036967709641 ], [ 7.119599754102291, 62.991981733019458 ], [ 7.122184608264286, 62.992280149638404 ], [ 7.154879808643958, 62.996753320838543 ], [ 7.186607851257707, 63.002507441409278 ], [ 7.217132315452914, 63.009499724039102 ], [ 7.229843311678555, 63.012733373747572 ], [ 7.237800312151175, 63.014544834518226 ], [ 7.248045165095901, 63.016365160888846 ], [ 7.260811418648785, 63.018330416436534 ], [ 7.293352792331122, 63.024891601279677 ], [ 7.32447424344198, 63.032770666259552 ], [ 7.353923537821508, 63.041904022162505 ], [ 7.381461306525519, 63.052217893673649 ], [ 7.397017809640912, 63.059207740863833 ], [ 7.401635907766304, 63.061066805848732 ], [ 7.409870036671819, 63.062322122788508 ], [ 7.444801915521385, 63.068503315795333 ], [ 7.478299043389827, 63.076172016026646 ], [ 7.510061418657705, 63.08525977810487 ], [ 7.539803782225083, 63.095685422035423 ], [ 7.567258106468951, 63.107355726482432 ], [ 7.57824736990353, 63.113007233763682 ], [ 7.585408510426409, 63.116342756718126 ], [ 7.596947814004204, 63.118616365511471 ], [ 7.610191875478414, 63.120891083563954 ], [ 7.64510694132611, 63.128759140959396 ], [ 7.678164561314367, 63.13815808421662 ], [ 7.709045164282031, 63.148997535128842 ], [ 7.737449167627325, 63.161173159326104 ], [ 7.763099830042876, 63.174567629216568 ], [ 7.785745931555273, 63.189051711799905 ], [ 7.805164255818973, 63.204485472896906 ], [ 7.821161849645975, 63.220719588211061 ], [ 7.833578035025612, 63.23759675052375 ], [ 7.842286149467826, 63.254953161236138 ], [ 7.847194991453301, 63.272620093420521 ], [ 7.848249949150704, 63.29042551255101 ], [ 7.845433792416261, 63.308195740166539 ], [ 7.838767110459372, 63.325757144897935 ], [ 7.828308380466192, 63.342937844590267 ], [ 7.814153655922567, 63.359569402691825 ], [ 7.796435867357784, 63.375488501688338 ], [ 7.787218516058333, 63.382838114208901 ], [ 7.785574207036801, 63.388085712854974 ], [ 7.781631665111036, 63.403882767024086 ], [ 7.778707848708075, 63.411241104805121 ], [ 7.785929250861127, 63.414210759011659 ], [ 7.80281718237233, 63.420476385161585 ], [ 7.809621837165649, 63.42278602531804 ], [ 7.817174377397509, 63.42452762021265 ], [ 7.827552420500109, 63.426672958980028 ], [ 7.855025039636672, 63.431520875114373 ], [ 7.895242922120845, 63.439798052874409 ], [ 7.933201645500379, 63.450032449939329 ], [ 7.968438740351635, 63.462099987161949 ], [ 7.975813066797315, 63.464927975165381 ], [ 7.985100907343962, 63.467741681206284 ], [ 7.995201366071797, 63.470440118347888 ], [ 8.004293976376063, 63.472589639662829 ], [ 8.015417746364138, 63.474587565931365 ], [ 8.02714945172473, 63.476360222063455 ], [ 8.062096923617215, 63.483381421923205 ], [ 8.095406548468928, 63.491876629984347 ], [ 8.12677540700602, 63.501768930079031 ], [ 8.155917320489364, 63.512968673981277 ], [ 8.182565399174013, 63.525374258805677 ], [ 8.206474455554762, 63.538873011814694 ], [ 8.227423261903962, 63.553342176249167 ], [ 8.245216631523899, 63.56864999090697 ], [ 8.259687303212624, 63.584656855311387 ], [ 8.270697608727517, 63.601216571438798 ], [ 8.278140903575396, 63.618177652128523 ], [ 8.281942742308718, 63.63538468548046 ], [ 8.282061780707153, 63.652679743781214 ], [ 8.278490388807024, 63.669903824792925 ], [ 8.272755337728906, 63.683375915289439 ], [ 8.272275235350383, 63.684938105511087 ], [ 8.280236667198952, 63.68742815094442 ], [ 8.324222225075594, 63.699754173661695 ], [ 8.331702375049131, 63.701652253723765 ], [ 8.340019706462389, 63.702629323820673 ], [ 8.446360708151285, 63.712906625609556 ], [ 8.485520480592244, 63.717608420773566 ], [ 8.523434444235857, 63.724044655589651 ], [ 8.559723200190097, 63.732151035011 ], [ 8.594022743419966, 63.741846518544733 ], [ 8.625987975690368, 63.75303409198105 ], [ 8.65529607704501, 63.765601694623413 ], [ 8.681649707055637, 63.779423294858802 ], [ 8.688110315394214, 63.783177256779574 ], [ 8.730727809961087, 63.805742827250732 ], [ 8.737401586633135, 63.80893742013631 ], [ 8.742035664883053, 63.809202044884309 ], [ 8.776120853474238, 63.811811614072553 ], [ 8.802440808899888, 63.814877094967059 ], [ 8.805072092204782, 63.815112725997288 ], [ 8.81761528786541, 63.798304349007886 ], [ 8.833777021908864, 63.782115321594411 ], [ 8.853390370398609, 63.766709134677335 ], [ 8.876262528039824, 63.752233129626973 ], [ 8.902170508841495, 63.738825552097005 ], [ 8.93086338107025, 63.726614272478336 ], [ 8.962064720849225, 63.715715608781899 ], [ 8.995475259889606, 63.706233261177275 ], [ 9.030775702864949, 63.698257366345878 ], [ 9.067629690129031, 63.691863678738351 ], [ 9.105686881778507, 63.687112884759657 ], [ 9.14458613941266, 63.684050054845144 ], [ 9.183958782296063, 63.682704237341895 ], [ 9.223431894942118, 63.683088197067171 ], [ 9.262631663374359, 63.685198300383469 ], [ 9.301186717463068, 63.689014547599385 ], [ 9.338731456765036, 63.69450075248124 ], [ 9.374909337210985, 63.701604867631424 ], [ 9.409376095795423, 63.710259453458427 ], [ 9.441802890146736, 63.720382287423917 ], [ 9.471879329518471, 63.73187710920508 ], [ 9.499316373384007, 63.744634496351026 ], [ 9.52384907348169, 63.758532863947032 ], [ 9.545239134900729, 63.773439580726439 ], [ 9.546296255861897, 63.774262070332085 ], [ 9.55344653882476, 63.777267628591424 ], [ 9.6556847295626, 63.816106330537195 ], [ 9.674752053887978, 63.822680909797334 ], [ 9.681717346938052, 63.824863128029953 ], [ 9.710446778716465, 63.83577622761829 ], [ 9.736792524818965, 63.847834191150085 ], [ 9.760524756734535, 63.860933181972165 ], [ 9.781435303691898, 63.8749602599827 ], [ 9.78515996307596, 63.878047637703574 ], [ 9.800181771924162, 63.889136194779091 ], [ 9.818641271614851, 63.904352128738452 ], [ 9.833762506312787, 63.920284665421541 ], [ 9.845401860385653, 63.936788359817129 ], [ 9.853446886791346, 63.953712313216435 ], [ 9.857817536609623, 63.970901530265238 ], [ 9.858467115371898, 63.988198322062914 ], [ 9.855382949580246, 64.005443743262916 ], [ 9.854367335389425, 64.008967856381119 ], [ 9.846782594774789, 64.02751100689062 ], [ 9.846108182242622, 64.028778097696176 ], [ 9.844299543572779, 64.033144575649274 ], [ 9.847606941848502, 64.035700971286261 ], [ 9.851442829720629, 64.038079947497266 ], [ 9.854800469953014, 64.039217682546536 ], [ 9.882533449089021, 64.047715578442521 ], [ 9.914469391719418, 64.059822231988207 ], [ 9.94344605166064, 64.073318090086474 ], [ 9.969154297783287, 64.088061113525299 ], [ 9.991318117224747, 64.103895921595239 ], [ 9.998231890301668, 64.109452645879813 ], [ 10.003844198573917, 64.113074060756489 ], [ 10.007756002105584, 64.115350751253317 ], [ 10.014008455351071, 64.118647152577296 ], [ 10.020229259587648, 64.120466554117883 ], [ 10.054780229842954, 64.131761415920693 ], [ 10.086482391297533, 64.144592852839892 ], [ 10.114985248268715, 64.158820534068724 ], [ 10.139971885486492, 64.174288651510324 ], [ 10.161162519528869, 64.190827565059607 ], [ 10.17025621912976, 64.198879804761901 ], [ 10.171889105117293, 64.199497395950289 ], [ 10.198278753292698, 64.21039985232089 ], [ 10.222403723975777, 64.222282698148206 ], [ 10.244075165173012, 64.235054298183812 ], [ 10.254769524323351, 64.242670582151277 ], [ 10.259109231289719, 64.245462171645755 ], [ 10.273263959759795, 64.250700067983743 ], [ 10.273239540124232, 64.250712860916977 ], [ 10.279303250769011, 64.25278022093201 ], [ 10.309424265601871, 64.265380984491458 ], [ 10.316038678539142, 64.268768914973421 ], [ 10.331757513234926, 64.276085798903793 ], [ 10.352637865543517, 64.284924858176396 ], [ 10.379665503937332, 64.298944862599441 ], [ 10.403337403041604, 64.314095900734927 ], [ 10.42340532542287, 64.330222550186818 ], [ 10.439656888465901, 64.347159124034818 ], [ 10.451917940214974, 64.364731328342529 ], [ 10.460054594038958, 64.382758017325017 ], [ 10.463974892189139, 64.401053030138101 ], [ 10.464366737899431, 64.405068001901796 ], [ 10.466732001770321, 64.409331611610895 ], [ 10.468176448838463, 64.411472650363152 ], [ 10.471492899444057, 64.415626282635031 ], [ 10.476595789020831, 64.419417726059265 ], [ 10.477825088769237, 64.420236382486294 ], [ 10.483421952610511, 64.423611457520522 ], [ 10.489703079004784, 64.426209681824616 ], [ 10.497619478725568, 64.428891557997446 ], [ 10.505029674755781, 64.430453641036323 ], [ 10.514776982847652, 64.432003019168505 ], [ 10.548749503228679, 64.438158960780683 ], [ 10.58135325492305, 64.445605914553227 ], [ 10.598701997302774, 64.450468072075324 ], [ 10.604944527443443, 64.452011879995226 ], [ 10.607437452861676, 64.452367696933536 ], [ 10.643537458136397, 64.45834376197503 ], [ 10.678223653111388, 64.465758690047863 ], [ 10.711197071945822, 64.474548766216841 ], [ 10.720914920226058, 64.477417160098284 ], [ 10.724888737486392, 64.478473361784253 ], [ 10.759028527582338, 64.489807743188209 ], [ 10.790328170188225, 64.502617690541669 ], [ 10.807206657368903, 64.510272099452308 ], [ 10.825085122282212, 64.517617353213183 ], [ 10.853128472599757, 64.531783080951726 ], [ 10.877689967185219, 64.547132737956289 ], [ 10.898502900810369, 64.563503232882368 ], [ 10.915339169353507, 64.5807203526482 ], [ 10.916824192278762, 64.582486332289577 ], [ 10.927412678752837, 64.58997666653778 ], [ 10.927624060814582, 64.590110486214968 ], [ 10.947520895470928, 64.605842860879363 ], [ 10.96375017386714, 64.622353327224587 ], [ 10.976146101820182, 64.639479877415212 ], [ 10.984579741923225, 64.657054174350577 ], [ 10.98896053567835, 64.674903178122293 ], [ 10.989237478596337, 64.692850829664451 ], [ 10.98539992597939, 64.71071977608311 ], [ 10.977478009740436, 64.728333121285857 ], [ 10.965542649885286, 64.745516184795932 ], [ 10.949705148195743, 64.762098251050304 ], [ 10.930116356184429, 64.777914291076584 ], [ 10.906965414503096, 64.792806638239981 ], [ 10.880478066599176, 64.80662659977655 ], [ 10.850914555434779, 64.81923598609643 ], [ 10.818567118380983, 64.830508540367504 ], [ 10.78375710183054, 64.840331251686294 ], [ 10.746831723470244, 64.848605536207089 ], [ 10.738428443040664, 64.850263397204856 ], [ 10.736350414577435, 64.851223894395218 ], [ 10.718290870963214, 64.860552774724184 ], [ 10.711537062313454, 64.863753147950959 ], [ 10.713272631484461, 64.865351871945947 ], [ 10.725310092405589, 64.875004722899362 ], [ 10.739476126884526, 64.889112191459688 ], [ 10.750819533721895, 64.903685370125103 ], [ 10.750958167810969, 64.903892182708915 ], [ 10.754640074580784, 64.907898926845519 ], [ 10.761118809948055, 64.91406647678204 ], [ 10.766085237330739, 64.918203247516644 ], [ 10.774524525473693, 64.921120019023206 ], [ 10.775576258547511, 64.921446169325321 ], [ 10.784079723094578, 64.923821371446977 ], [ 10.784850722457257, 64.923918218854283 ], [ 10.826051906215755, 64.928236233505032 ], [ 10.867566868644937, 64.934617447504053 ], [ 10.907325261127831, 64.94282272724935 ], [ 10.944895359929303, 64.952763234323186 ], [ 10.979867885564795, 64.964331246492989 ], [ 11.011860318748202, 64.97740127018389 ], [ 11.024876291211447, 64.983957035934196 ], [ 11.033725604335174, 64.988035991061622 ], [ 11.043413257777555, 64.989070178624019 ], [ 11.048546722453887, 64.989506638680666 ], [ 11.059329542421446, 64.990174192591027 ], [ 11.077083019310212, 64.988864341094342 ], [ 11.077457326842843, 64.988827198316642 ], [ 11.078019947430676, 64.988795157320112 ], [ 11.080898183379682, 64.988582589416851 ], [ 11.08091740547358, 64.988630116379909 ], [ 11.117198459348868, 64.986558992330302 ], [ 11.15726458424073, 64.98591379001202 ], [ 11.197299211630114, 64.986897330117685 ], [ 11.236946115311802, 64.989500842383023 ], [ 11.275852315275271, 64.993701121656343 ], [ 11.313671040113213, 64.999460723657165 ], [ 11.350064650739078, 65.006728281090375 ], [ 11.38470750661007, 65.015438938053947 ], [ 11.417288755354038, 65.025514899885437 ], [ 11.447515026344282, 65.036866094786447 ], [ 11.475113008386787, 65.049390942752026 ], [ 11.499831891319314, 65.062977226509219 ], [ 11.521445651014362, 65.077503058339914 ], [ 11.535839634523111, 65.088263758323961 ], [ 11.541380980655585, 65.091512354486085 ], [ 11.543152850019885, 65.092335965662414 ], [ 11.55868129322236, 65.099968105171101 ], [ 11.566014963177288, 65.103780493954318 ], [ 11.572674664006628, 65.106658823955172 ], [ 11.580588501062477, 65.109479122450153 ], [ 11.590622375098453, 65.110780269145948 ], [ 11.652391249446904, 65.117352057150399 ], [ 11.661854199812758, 65.118162452222222 ], [ 11.662490069575213, 65.11819145293218 ], [ 11.703101078826567, 65.119306551479781 ], [ 11.744506714986517, 65.122209952032264 ], [ 11.785056868830555, 65.126839108916585 ], [ 11.824359854888034, 65.133149302169883 ], [ 11.862035336013371, 65.141079544379153 ], [ 11.89771782614832, 65.150553139738349 ], [ 11.931060090248653, 65.161478388986055 ], [ 11.961736415416423, 65.17374943512678 ], [ 11.989445726741582, 65.18724724371603 ], [ 12.013914520854676, 65.201840710355611 ], [ 12.034899589793241, 65.217387886901662 ], [ 12.052190507568378, 65.233737316740473 ], [ 12.065611851859748, 65.250729468345256 ], [ 12.075025133652503, 65.268198255202748 ], [ 12.08033040843606, 65.285972629104052 ], [ 12.081467543885653, 65.303878232752794 ], [ 12.081207457224457, 65.308746542584686 ], [ 12.084663766526756, 65.312706247571654 ], [ 12.086723223874099, 65.314762187921673 ], [ 12.104703146948422, 65.33641599093967 ], [ 12.106296695993581, 65.338807759483998 ], [ 12.112760220937233, 65.34699034219436 ], [ 12.118713894215672, 65.35347753929625 ], [ 12.119207201060775, 65.353949955078093 ], [ 12.134257477269925, 65.370499738968846 ], [ 12.145424149867329, 65.387588823354577 ], [ 12.152592921591285, 65.405053636623677 ], [ 12.155687263114263, 65.42272671132595 ], [ 12.154669436010552, 65.440438273217893 ], [ 12.149541160098599, 65.458017864018117 ], [ 12.140343907214625, 65.47529598275878 ], [ 12.127158806654988, 65.492105729982271 ], [ 12.110106151306068, 65.508284438537729 ], [ 12.089344497838526, 65.523675274400148 ], [ 12.065069359232355, 65.538128790792726 ], [ 12.037511493246928, 65.55150441895367 ], [ 12.006934796158772, 65.56367187917462 ], [ 11.973633817039676, 65.574512496256801 ], [ 11.937930913897404, 65.583920404293394 ], [ 11.900173078995259, 65.591803626690208 ], [ 11.89780287935309, 65.592238473937854 ], [ 11.879066193534134, 65.595455714828702 ], [ 11.866256099763476, 65.597507114656892 ], [ 11.829522560735953, 65.602600225532271 ], [ 11.791827979376892, 65.606278611064539 ], [ 11.780062442469637, 65.607192879990237 ], [ 11.773420155720782, 65.610393905365584 ], [ 11.76603866562704, 65.614314902234085 ], [ 11.759849961991661, 65.617968142140612 ], [ 11.760836557724113, 65.622436278068591 ], [ 11.76381015359545, 65.631094459284313 ], [ 11.765549325082002, 65.634955513420365 ], [ 11.768084363948251, 65.638739196889887 ], [ 11.782065270551348, 65.656567754603856 ], [ 11.788696099966788, 65.663921662693554 ], [ 11.804179274470838, 65.679054422245898 ], [ 11.808714570182696, 65.682954735453492 ], [ 11.814125132365238, 65.686655405805226 ], [ 11.818005169929418, 65.68904297295316 ], [ 11.824873929841443, 65.692821021289049 ], [ 11.834852113509193, 65.695081095188172 ], [ 11.882071850013167, 65.70444629816123 ], [ 11.891103896692243, 65.706030099114727 ], [ 11.900629802937811, 65.706900914096565 ], [ 11.915752327029168, 65.707986869513547 ], [ 11.926154605194972, 65.708517154933247 ], [ 11.94288034133889, 65.708684631111481 ], [ 11.986487135509661, 65.710037379531229 ], [ 12.029564537224012, 65.713212232191978 ], [ 12.071680561797491, 65.718177311900675 ], [ 12.112412283720293, 65.724882756802771 ], [ 12.151349851869412, 65.73326119415141 ], [ 12.188100412987836, 65.743228381729509 ], [ 12.222291913874054, 65.754684012196762 ], [ 12.2535767520419, 65.767512674347401 ], [ 12.281635243896448, 65.781584963958821 ], [ 12.30617887880663, 65.796758735590387 ], [ 12.32695332693007, 65.812880485355748 ], [ 12.343741168357212, 65.829786853353525 ], [ 12.356364311195238, 65.847306233106551 ], [ 12.364686066711153, 65.865260474049379 ], [ 12.368612850698346, 65.883466661830667 ], [ 12.369782248758257, 65.895960657192333 ], [ 12.371878212419624, 65.905826938064592 ], [ 12.371232274509548, 65.924330385126865 ], [ 12.366021672526562, 65.942703596177623 ], [ 12.356291703969266, 65.960753483048123 ], [ 12.342135679623755, 65.978289984901181 ], [ 12.323694315708334, 65.995128092923665 ], [ 12.301154589466847, 66.011089836230312 ], [ 12.29478880837507, 66.01510519800091 ], [ 12.297832010924372, 66.018061284354914 ], [ 12.307482532273175, 66.02620576332906 ], [ 12.321605934649449, 66.041451216470819 ], [ 12.332362590048684, 66.057155341440108 ], [ 12.339659330661981, 66.073191002984899 ], [ 12.340926232256439, 66.078647965453086 ], [ 12.342673520338929, 66.083359079948295 ], [ 12.342995328190659, 66.083572254065245 ], [ 12.367867134966669, 66.098339213889759 ], [ 12.389687362790387, 66.11460812415288 ], [ 12.407373261972767, 66.131705507279719 ], [ 12.420731605529872, 66.149452470887041 ], [ 12.42961347410869, 66.167662981787529 ], [ 12.431400854760259, 66.172635166807027 ], [ 12.448511009822473, 66.177892407173047 ], [ 12.448390411804866, 66.177958774439048 ], [ 12.478218877364835, 66.187269036938588 ], [ 12.514579149172464, 66.201544102001904 ], [ 12.546796936400424, 66.217413815159688 ], [ 12.551823380796451, 66.220194715654088 ], [ 12.560282738056829, 66.222236389183891 ], [ 12.580380858913145, 66.226528819207417 ], [ 12.616538798002392, 66.236180472635667 ], [ 12.650268059177987, 66.247221756241885 ], [ 12.681248780374871, 66.259548915143029 ], [ 12.709185687696628, 66.273045970903482 ], [ 12.733810895560488, 66.287585766746943 ], [ 12.754886506970463, 66.303031119786397 ], [ 12.772206987975066, 66.319236071546129 ], [ 12.785601290306127, 66.336047227039188 ], [ 12.794934696458071, 66.353305171661518 ], [ 12.800110362129555, 66.370845954190713 ], [ 12.800659578716219, 66.380949182265752 ], [ 12.801313777157524, 66.384670971753238 ], [ 12.802388150615325, 66.386267047192234 ], [ 12.812610327091623, 66.4054633115271 ], [ 12.817678222105686, 66.424989797696099 ], [ 12.817555589585657, 66.440248194301702 ], [ 12.817798783383504, 66.442478371620851 ], [ 12.823654443817963, 66.445004839671512 ], [ 12.840010769302145, 66.450786313241366 ], [ 12.852198933491744, 66.454683346189043 ], [ 12.883250214017302, 66.466727206391283 ], [ 12.911348369967126, 66.479919203634353 ], [ 12.936231811502752, 66.494138624400861 ], [ 12.957667193674359, 66.509255164550979 ], [ 12.968875864879651, 66.519262844742343 ], [ 12.972419347566104, 66.522055366208065 ], [ 12.982255029581193, 66.524856622280538 ], [ 13.017242729314836, 66.535895949235353 ], [ 13.049405809239554, 66.548274624352601 ], [ 13.078428459513106, 66.561872622567265 ], [ 13.104023957363294, 66.576557915647683 ], [ 13.125937529352417, 66.59218770402849 ], [ 13.143948967343396, 66.608609757257241 ], [ 13.157874968847439, 66.625663852353412 ], [ 13.167571172657832, 66.643183298245461 ], [ 13.171316203955309, 66.651965380966246 ], [ 13.180940058081811, 66.659694373837624 ], [ 13.180788304212374, 66.659724901216407 ], [ 13.190948064330378, 66.667767021607347 ], [ 13.205493412435766, 66.682212537944736 ], [ 13.216922645303976, 66.697102292329575 ], [ 13.22514609558719, 66.712326635010569 ], [ 13.225826876882424, 66.713911171814161 ], [ 13.233719107624522, 66.716759582920858 ], [ 13.247431559485431, 66.721250700228794 ], [ 13.256319080842651, 66.723879687346738 ], [ 13.260535494480035, 66.724673437540133 ], [ 13.299110421037337, 66.732861917949265 ], [ 13.335580395553828, 66.742500529951883 ], [ 13.369607118368593, 66.753500419917572 ], [ 13.400873614208754, 66.765760077571016 ], [ 13.429087127221035, 66.779166229194345 ], [ 13.453981848813363, 66.79359483926882 ], [ 13.475321453770508, 66.80891221333782 ], [ 13.492901419754803, 66.824976193934305 ], [ 13.506551105180529, 66.841637440472468 ], [ 13.516135560633357, 66.858740783070544 ], [ 13.521557049567688, 66.876126639360578 ], [ 13.52275625502152, 66.89363248246309 ], [ 13.521562252486577, 66.90048646406251 ], [ 13.521298039057264, 66.905701219355336 ], [ 13.526221851986477, 66.90960041603951 ], [ 13.538993893734704, 66.918593014370927 ], [ 13.543956683816045, 66.921772262119291 ], [ 13.549560814460405, 66.924777843888194 ], [ 13.558548410541, 66.929203075786006 ], [ 13.565251984521799, 66.932217555631567 ], [ 13.573712185677621, 66.934418079064017 ], [ 13.580666895026701, 66.93605518057386 ], [ 13.589850860572593, 66.937995564556928 ], [ 13.59199761054743, 66.938179373031332 ], [ 13.636745107636912, 66.942965732975964 ], [ 13.680082283454553, 66.949532194562835 ], [ 13.721565820139478, 66.957811653320078 ], [ 13.760302216441836, 66.967601276273854 ], [ 13.77581138668558, 66.971122294314213 ], [ 13.815436489961833, 66.981215432853944 ], [ 13.85229204737559, 66.992869200637557 ], [ 13.885987240651255, 67.005961156364009 ], [ 13.916162799729815, 67.020353569373825 ], [ 13.94249481447239, 67.035894805787976 ], [ 13.964698260608889, 67.052420863647242 ], [ 13.982530200282431, 67.06975704413027 ], [ 13.98954763680476, 67.079264895070509 ], [ 13.993455441139043, 67.083837353865761 ], [ 13.999597258869008, 67.087346998512217 ], [ 14.024530275733603, 67.10327040007428 ], [ 14.045229397618566, 67.120116633990065 ], [ 14.052108454118862, 67.127572243506222 ], [ 14.057714084358823, 67.132910623113418 ], [ 14.066523133602011, 67.135333281060852 ], [ 14.086842642339567, 67.140386970093843 ], [ 14.122542128282499, 67.151316173117593 ], [ 14.155406304766494, 67.163568089994996 ], [ 14.185117416934196, 67.177025756927634 ], [ 14.211386411896317, 67.191560522749171 ], [ 14.2339557779661, 67.207033229132335 ], [ 14.252602146992214, 67.223295495021247 ], [ 14.267138631168834, 67.240191095275605 ], [ 14.277416865795718, 67.257557422444464 ], [ 14.283328729991741, 67.275227019539543 ], [ 14.284807718418881, 67.293029170667793 ], [ 14.281829938724616, 67.310791535425977 ], [ 14.274414711725084, 67.328341812086094 ], [ 14.262624754367819, 67.345509413824701 ], [ 14.246565929260921, 67.362127141605669 ], [ 14.227918129260326, 67.376826400510495 ], [ 14.227295875487249, 67.377384175690821 ], [ 14.227992333288762, 67.380739666020304 ], [ 14.22955115349693, 67.384099745513112 ], [ 14.232734913464199, 67.386025828801351 ], [ 14.236428621227168, 67.387950744123344 ], [ 14.250591770256712, 67.395786167453295 ], [ 14.26389885153953, 67.401727210654698 ], [ 14.263488810150413, 67.401867877202548 ], [ 14.279851019075362, 67.408776777795239 ], [ 14.303218253964509, 67.42008294868829 ], [ 14.309715858934061, 67.422966617385811 ], [ 14.317334546137996, 67.425372168017702 ], [ 14.362088386116351, 67.438315758242865 ], [ 14.37201526679069, 67.440885693466413 ], [ 14.392131133658214, 67.443108553816813 ], [ 14.394194278260894, 67.443290195093027 ], [ 14.437848213767261, 67.448945820455648 ], [ 14.479907339580995, 67.456249801928124 ], [ 14.519964864845734, 67.46513163767959 ], [ 14.557632132574382, 67.475505530430496 ], [ 14.59254223773873, 67.487271172426105 ], [ 14.624353497218816, 67.50031466678027 ], [ 14.652752743090584, 67.514509578558403 ], [ 14.677458409901035, 67.529718107857747 ], [ 14.698223385886246, 67.545792376015484 ], [ 14.714837597625555, 67.56257581493864 ], [ 14.727130297493561, 67.579904648410974 ], [ 14.734972023575102, 67.59760945310893 ], [ 14.738276202541334, 67.615516785962285 ], [ 14.737000367440126, 67.633450863449653 ], [ 14.731146964507754, 67.651235277445963 ], [ 14.727410038290571, 67.659345848541292 ], [ 14.733805028468623, 67.664953683000562 ], [ 14.741478840519513, 67.670900262515417 ], [ 14.758483113917199, 67.688302096708583 ], [ 14.770827945420049, 67.706273320836601 ], [ 14.778373751231555, 67.72462593018993 ], [ 14.781030462134463, 67.743167532385186 ], [ 14.778758914135977, 67.761703342151293 ], [ 14.771571729076964, 67.780038218103769 ], [ 14.75953365650669, 67.797978720748702 ], [ 14.754714469023142, 67.80388219145928 ], [ 14.760146816202326, 67.80778419508006 ], [ 14.766702032392041, 67.811977849326837 ], [ 14.773459636643954, 67.815838108622856 ], [ 14.781208515774235, 67.8194131276055 ], [ 14.781875841729009, 67.819690792215553 ], [ 14.785939144372254, 67.821230673984601 ], [ 14.813744093493472, 67.832703503879401 ], [ 14.838917612121582, 67.84504618224787 ], [ 14.850691192844215, 67.851352165513916 ], [ 14.878110765475629, 67.864662413809299 ], [ 14.903223749441629, 67.879620847415836 ], [ 14.924453016750713, 67.895438409812385 ], [ 14.941588944263811, 67.911964655690696 ], [ 14.954459732482942, 67.929042110720715 ], [ 14.962933323314813, 67.946507735661072 ], [ 14.963584827060858, 67.948345242840958 ], [ 14.966575803057989, 67.954566010813934 ], [ 14.968569519494755, 67.96095606792089 ], [ 14.968875149329653, 67.960938454499086 ], [ 14.975639283781891, 67.977312956911362 ], [ 14.980665444684872, 67.995113929108825 ], [ 14.9810794360186, 68.013004538014513 ], [ 14.976866853722882, 68.030810129220512 ], [ 14.968058610129471, 68.048356514590481 ], [ 14.954731033271843, 68.065471683904079 ], [ 14.937005504661212, 68.081987509170858 ], [ 14.915047623661581, 68.097741424124791 ], [ 14.889065892303497, 68.112578061118882 ], [ 14.859309920758189, 68.12635082756654 ], [ 14.826068160641713, 68.138923404246654 ], [ 14.789665180682128, 68.150171148217723 ], [ 14.750458506886291, 68.159982383789142 ], [ 14.708835056983787, 68.168259565975447 ], [ 14.665207206381838, 68.174920302115808 ], [ 14.620008529910034, 68.179898218859719 ], [ 14.573689270038241, 68.183143663488323 ], [ 14.526711587799641, 68.184624230526637 ], [ 14.479544657151113, 68.184325106773514 ], [ 14.432659666794532, 68.182249230194003 ], [ 14.386524795445077, 68.178417260530082 ], [ 14.34160022709529, 68.172867361948079 ], [ 14.326065887794108, 68.170279497443218 ], [ 14.29965559174061, 68.16645675163268 ], [ 14.283542777675782, 68.164480472297072 ], [ 14.242330557210643, 68.157745620216375 ], [ 14.236585054822257, 68.156682205251343 ], [ 14.223885724103448, 68.15460877700815 ], [ 14.212779784379538, 68.153038517739176 ], [ 14.205746513795642, 68.152886250120645 ], [ 14.184171134533585, 68.153240962621865 ], [ 14.166852005348833, 68.1538647181237 ], [ 14.119993397098394, 68.15378717553871 ], [ 14.073357075104701, 68.151950028510555 ], [ 14.027403905871058, 68.148371368750205 ], [ 13.982587550509637, 68.143086467421369 ], [ 13.939349702231768, 68.136147406935507 ], [ 13.898115479508537, 68.127622537519912 ], [ 13.859289033056784, 68.117595765459157 ], [ 13.827985388159762, 68.107668747820426 ], [ 13.825404631161788, 68.106918447051498 ], [ 13.816944755197527, 68.10489618595993 ], [ 13.790780015009878, 68.099195373836537 ], [ 13.751464632868554, 68.088478764153422 ], [ 13.715214362889895, 68.076299514947266 ], [ 13.707430602126378, 68.073403011564807 ], [ 13.698717203095821, 68.070464393102796 ], [ 13.68079591956241, 68.068853413279598 ], [ 13.634349243653819, 68.06370781819551 ], [ 13.589511161257962, 68.056781476242193 ], [ 13.546753634068894, 68.048147407544676 ], [ 13.519306214351316, 68.041897473818153 ], [ 13.51266029031602, 68.040709414121878 ], [ 13.49118258906131, 68.037786699063147 ], [ 13.491232430335279, 68.037732612658473 ], [ 13.480691376334896, 68.036476683840078 ], [ 13.432142376743771, 68.028325713580884 ], [ 13.386283372723465, 68.01815209511966 ], [ 13.360215607235659, 68.011593494872628 ], [ 13.356461084279546, 68.010850770054532 ], [ 13.349940461832626, 68.009857136477464 ], [ 13.308532547307474, 68.002645108468258 ], [ 13.269129055006221, 67.993944841227673 ], [ 13.243476475555344, 67.986945263991345 ], [ 13.211632625912864, 67.978332470169846 ], [ 13.180317630442236, 67.968197293664218 ], [ 13.151420671834584, 67.957063742185966 ], [ 13.125157825214217, 67.94501632530401 ], [ 13.123420625718987, 67.944145242873532 ], [ 13.109949678426139, 67.9386299221229 ], [ 13.079362569320235, 67.924770397551868 ], [ 13.052558829259873, 67.90981074427782 ], [ 13.029802826461138, 67.893902457471683 ], [ 13.015899530539397, 67.881347896135267 ], [ 13.013250757515451, 67.879216323796797 ], [ 13.005265304294428, 67.87634209131464 ], [ 13.001364632477415, 67.875063451267906 ], [ 12.992386059513544, 67.872395349134621 ], [ 12.988305888071052, 67.87160730298956 ], [ 12.985307495660996, 67.871161561515791 ], [ 12.990028192142816, 67.874532098389409 ], [ 13.037790239520842, 67.904952165278104 ], [ 13.057257981876061, 67.916057844067055 ], [ 13.057239886878412, 67.916062500166731 ], [ 13.057906998917312, 67.91640591620444 ], [ 13.082278828240074, 67.931962431783461 ], [ 13.099010948208505, 67.943941786309537 ], [ 13.124905662891312, 67.960428266141619 ], [ 13.131238622527173, 67.96405089337145 ], [ 13.144828952464414, 67.9704064985022 ], [ 13.17227462545554, 67.9845734641532 ], [ 13.196042956222348, 67.999683305344888 ], [ 13.215904994287083, 68.015594911257452 ], [ 13.224826580960729, 68.023724493816488 ], [ 13.229437603239093, 68.026998486566256 ], [ 13.28903307353637, 68.064955941017132 ], [ 13.302421338478126, 68.072592256032436 ], [ 13.327497216776338, 68.088590971635128 ], [ 13.338283872746901, 68.09633868079807 ], [ 13.404307554072922, 68.138392420324905 ], [ 13.413139253046708, 68.143421171282526 ], [ 13.43711153634481, 68.155713274000206 ], [ 13.461831407355067, 68.171459171784022 ], [ 13.478783460401269, 68.18521832862244 ], [ 13.48632251993571, 68.190620134832017 ], [ 13.510483553101885, 68.206009029753133 ], [ 13.527702442024429, 68.21584256179537 ], [ 13.552150810572018, 68.231412789302496 ], [ 13.566701405657309, 68.24181006646586 ], [ 13.641287786183725, 68.289316462227376 ], [ 13.647540781276961, 68.292888050307099 ], [ 13.648308491477462, 68.292952845378494 ], [ 13.695251065440555, 68.29608744796414 ], [ 13.742992848438982, 68.301221956301873 ], [ 13.78913160052068, 68.308175285031226 ], [ 13.833183414106218, 68.316874597853371 ], [ 13.874684813025642, 68.327228700428435 ], [ 13.900909108547694, 68.335334099683678 ], [ 13.901046356100327, 68.335270966421916 ], [ 13.919472826994861, 68.340979711315114 ], [ 13.931147285363298, 68.340490388104271 ], [ 13.931295751503676, 68.340481301274608 ], [ 13.977725505189326, 68.338503483624066 ], [ 14.024470938593762, 68.338226181207204 ], [ 14.071099416835899, 68.339651925410067 ], [ 14.117179308132783, 68.342767457525355 ], [ 14.162283702117236, 68.347543845322718 ], [ 14.205994100335733, 68.353936735869041 ], [ 14.247904056595917, 68.361886742952279 ], [ 14.287622744336094, 68.371319966592353 ], [ 14.324778427516147, 68.382148641243802 ], [ 14.359021810723293, 68.39427190839524 ], [ 14.39002924330067, 68.407576708353545 ], [ 14.417505751409792, 68.421938785061116 ], [ 14.441187871103194, 68.437223796836733 ], [ 14.460846254794919, 68.453288524955525 ], [ 14.476288023063958, 68.469982171000154 ], [ 14.487358833600348, 68.487147732929913 ], [ 14.493944639396894, 68.504623448842068 ], [ 14.495973109091194, 68.522244296452001 ], [ 14.493414683749636, 68.539843535417305 ], [ 14.486283246426863, 68.557254278792712 ], [ 14.47463638358008, 68.574311079151343 ], [ 14.458575220896439, 68.590851514269986 ], [ 14.438243820307415, 68.606717756769385 ], [ 14.421432670876603, 68.617076003803717 ], [ 14.417726956919413, 68.61959722039883 ], [ 14.416716943114917, 68.622412861630337 ], [ 14.405294798954056, 68.644004905981788 ], [ 14.392565061578294, 68.658453010065188 ], [ 14.392669290805305, 68.658465828362651 ], [ 14.378242895497293, 68.675003358465673 ], [ 14.373032947261045, 68.682605259057283 ], [ 14.370572408153702, 68.687189605675243 ], [ 14.374632626413572, 68.691631573508531 ], [ 14.376347632093404, 68.693228247896343 ], [ 14.38474367954173, 68.699992786547469 ], [ 14.398624437415222, 68.709654822263488 ], [ 14.416338539840694, 68.725324330395551 ], [ 14.430062426269258, 68.741528100968495 ], [ 14.437295721230209, 68.754028200331334 ], [ 14.441730850472428, 68.760197729582544 ], [ 14.452135943213326, 68.772303790402717 ], [ 14.455753155679094, 68.775960113273385 ], [ 14.460987577034405, 68.779324746373007 ], [ 14.482362782639946, 68.791799086275006 ], [ 14.488881121437558, 68.795239078694252 ], [ 14.496963693524874, 68.798166284459256 ], [ 14.514979376961227, 68.804117149164412 ], [ 14.524248623068729, 68.806891057469727 ], [ 14.531358570659256, 68.80828163219266 ], [ 14.553074434957303, 68.811984850225699 ], [ 14.589870799694717, 68.819722994831253 ], [ 14.624780842119099, 68.828589739247832 ], [ 14.628786529681568, 68.829702211851099 ], [ 14.645970436371945, 68.833518793412452 ], [ 14.64811974418469, 68.833937160595227 ], [ 14.687111450640055, 68.843342906325717 ], [ 14.723584471446692, 68.854051822927048 ], [ 14.757215091601124, 68.865969807807232 ], [ 14.787703187028018, 68.878992000439723 ], [ 14.814774883595106, 68.893003661028573 ], [ 14.838185045355296, 68.907881137539292 ], [ 14.850667225615158, 68.917859482894841 ], [ 14.857922526809629, 68.922877555371386 ], [ 14.865805230397184, 68.92622415981576 ], [ 14.873807396759741, 68.928957433863772 ], [ 14.884777096938764, 68.931987060459335 ], [ 14.926163727035673, 68.944747713263013 ], [ 14.963604812327498, 68.959070763319232 ], [ 14.996654103098939, 68.974788258619583 ], [ 15.008126286995109, 68.980894392357271 ], [ 15.015980102028418, 68.98430523972867 ], [ 15.075958041418001, 69.007873028874471 ], [ 15.084844342141745, 69.011028137826969 ], [ 15.094360045611145, 69.012800495046463 ], [ 15.104504433157752, 69.01424048638593 ], [ 15.115170128586874, 69.014898288256717 ], [ 15.124362932446614, 69.01513706981423 ], [ 15.127397428343766, 69.015115310740455 ], [ 15.176377805774496, 69.0156458959937 ], [ 15.225024153022058, 69.017934786787933 ], [ 15.27287075300141, 69.021959982410308 ], [ 15.319458989303778, 69.027682822883577 ], [ 15.364341445907444, 69.035048337832549 ], [ 15.407085938884618, 69.043985742670827 ], [ 15.447279453805407, 69.054409078799225 ], [ 15.484531961580043, 69.066217993507237 ], [ 15.518480084375307, 69.079298654244582 ], [ 15.548790582066916, 69.093524790878163 ], [ 15.561469417410876, 69.100851612912621 ], [ 15.575872537421828, 69.108582991507106 ], [ 15.602883918889647, 69.121853157445457 ], [ 15.611153067964619, 69.125500443531351 ], [ 15.621307583649257, 69.128448479206824 ], [ 15.659912924729609, 69.138499311399102 ], [ 15.659714486690056, 69.138601181332632 ], [ 15.685491026906073, 69.145330926279598 ], [ 15.723201187375627, 69.157394720079878 ], [ 15.757476707855981, 69.170755950643468 ], [ 15.787971667809968, 69.185282077479471 ], [ 15.814375842304329, 69.200828770894745 ], [ 15.836417938189037, 69.217241286999979 ], [ 15.853868528340636, 69.234355952533718 ], [ 15.862789944390398, 69.246780035062983 ], [ 15.865014937381803, 69.249372453799879 ], [ 15.874285590242913, 69.252149003350723 ], [ 15.880969796301978, 69.25396129594111 ], [ 15.9241614445829, 69.267073541866196 ], [ 15.96313093749936, 69.281831815761095 ], [ 15.975451803710556, 69.287042563122114 ], [ 15.98474284049793, 69.289322468194769 ], [ 16.090511208849968, 69.312801554978705 ], [ 16.101622698504706, 69.314988495665744 ], [ 16.113531548355297, 69.313546074244911 ], [ 16.120293087852371, 69.312583286079843 ], [ 16.131214592015063, 69.310801323663341 ], [ 16.146544657406285, 69.306854344366826 ], [ 16.187836381763709, 69.297290706178984 ], [ 16.231534581140512, 69.289238848090676 ], [ 16.27722387642179, 69.282774948780926 ], [ 16.32447133601088, 69.27796009082553 ], [ 16.372830340910678, 69.274839721186254 ], [ 16.421844532490418, 69.273443251749086 ], [ 16.471051818213901, 69.273783802349428 ], [ 16.519988411250399, 69.275858087793225 ], [ 16.568192880275898, 69.279646449471755 ], [ 16.615210185879192, 69.285113031265894 ], [ 16.660595679806644, 69.292206098537761 ], [ 16.703919042823042, 69.300858498105782 ], [ 16.744768136256948, 69.310988256184643 ], [ 16.782752741380552, 69.322499310342494 ], [ 16.817508159700466, 69.335282370573367 ], [ 16.848698646080102, 69.349215903606904 ], [ 16.876020645455149, 69.364167233572616 ], [ 16.879164098781867, 69.366082480087897 ], [ 16.88540709130687, 69.369162461280879 ], [ 16.906924402023201, 69.380653597537787 ], [ 16.925995014128915, 69.39268886375136 ], [ 16.927053460431154, 69.393418975267764 ], [ 16.93288025061954, 69.396029096002806 ], [ 16.938822417910096, 69.398223900443682 ], [ 16.954288697474873, 69.401402515717393 ], [ 16.997530266995899, 69.41134350390729 ], [ 17.037846091576693, 69.422787294535425 ], [ 17.07482540550923, 69.435618443512823 ], [ 17.108089168147199, 69.449707335307878 ], [ 17.137293920735218, 69.464911428369163 ], [ 17.162135380087872, 69.481076633368403 ], [ 17.182351730561503, 69.49803881350914 ], [ 17.187045384637511, 69.502593496321154 ], [ 17.199151192151678, 69.505090393766096 ], [ 17.219225416553613, 69.508765439953024 ], [ 17.26215305073535, 69.518645231297114 ], [ 17.302195417856307, 69.529993492982683 ], [ 17.327202025839192, 69.537820683428407 ], [ 17.341777165834507, 69.541898579027333 ], [ 17.37588257171398, 69.553351805837792 ], [ 17.406983396829329, 69.565855681498789 ], [ 17.434817003726096, 69.579306603429316 ], [ 17.459146520614148, 69.593592952268409 ], [ 17.467952112890355, 69.599329158040419 ], [ 17.492279804653318, 69.598495093839944 ], [ 17.492338574565203, 69.598687664641986 ], [ 17.526122224912612, 69.597589241153344 ], [ 17.58129347689394, 69.597926458447986 ], [ 17.636123480015037, 69.600378121935478 ], [ 17.654739402415803, 69.601948513907345 ], [ 17.673897796038425, 69.603234980342933 ], [ 17.687690677525616, 69.603163731965353 ], [ 17.708227218891821, 69.6026746999312 ], [ 17.757541839843046, 69.603200350919053 ], [ 17.806552218979672, 69.605413824377891 ], [ 17.854808248803785, 69.609294679453555 ], [ 17.901866225464332, 69.614807128684845 ], [ 17.947292643239876, 69.621900348162399 ], [ 17.99066793104646, 69.630508917586297 ], [ 18.031590108082625, 69.640553387416077 ], [ 18.0696783348404, 69.651940969478716 ], [ 18.104576334681553, 69.664566346550203 ], [ 18.135955660068714, 69.678312595554544 ], [ 18.163518776425473, 69.693052218127249 ], [ 18.18700193556365, 69.708648271370564 ], [ 18.187040446850752, 69.708677070641585 ], [ 18.202871291086812, 69.713808792247804 ], [ 18.239930992112892, 69.727083413600312 ], [ 18.273067429768307, 69.74160658494857 ], [ 18.301930884556008, 69.757228397693382 ], [ 18.326213745240608, 69.773787314104482 ], [ 18.335320512118269, 69.780841492109232 ], [ 18.341889725773246, 69.784817940804331 ], [ 18.349483281288599, 69.78892569837069 ], [ 18.357242809250071, 69.792687872213776 ], [ 18.36858278073025, 69.795053496774116 ], [ 18.370738696715254, 69.795452193594187 ], [ 18.374059614851646, 69.79599318799562 ], [ 18.419972748786911, 69.804463285931917 ], [ 18.463356300809945, 69.814494143711968 ], [ 18.503778720482654, 69.825986632111423 ], [ 18.540835862687928, 69.83882704742129 ], [ 18.574154932853212, 69.852888176356188 ], [ 18.603398214896099, 69.868030494081196 ], [ 18.628266546268289, 69.884103486508536 ], [ 18.648502503242341, 69.900947086787241 ], [ 18.663893258706675, 69.918393214664832 ], [ 18.674273074352662, 69.936267406143557 ], [ 18.679525389398204, 69.954390519610868 ], [ 18.679584469034189, 69.972580503406888 ], [ 18.674436577727331, 69.990654208636144 ], [ 18.670821095711538, 69.999035113902707 ], [ 18.669842369499108, 70.006791645563609 ], [ 18.665957779715967, 70.022315769310552 ], [ 18.661876301803186, 70.030442189128081 ], [ 18.659290679592171, 70.038027905454484 ], [ 18.658045971699075, 70.044285193136218 ], [ 18.657763139596977, 70.048307421818279 ], [ 18.661534253278077, 70.052122079743654 ], [ 18.667439856197156, 70.057337644245379 ], [ 18.683295215593471, 70.073478340686322 ], [ 18.694793899965884, 70.090042906896471 ], [ 18.701825365433617, 70.106886767391956 ], [ 18.703061731465414, 70.11127460515047 ], [ 18.712297987787561, 70.113785586703926 ], [ 18.721619933471821, 70.115842214481077 ], [ 18.730415337957183, 70.116719450931882 ], [ 18.779013114766091, 70.122461288357115 ], [ 18.825864284108665, 70.129812693249747 ], [ 18.870526598663556, 70.138704384210584 ], [ 18.912576954293471, 70.149052505573223 ], [ 18.951615210396579, 70.160759371403941 ], [ 18.98726786836054, 70.173714335599229 ], [ 19.019191579550345, 70.187794782240275 ], [ 19.047076452920813, 70.202867229390847 ], [ 19.070649131097895, 70.218788538524024 ], [ 19.089675602735618, 70.235407220739717 ], [ 19.092042523295557, 70.237806380166958 ], [ 19.09822786805077, 70.239417563216705 ], [ 19.122931697529037, 70.244589077008953 ], [ 19.128776601331477, 70.245664327853376 ], [ 19.165942267947663, 70.254144548988393 ], [ 19.168546864645847, 70.25467960158727 ], [ 19.172974206404763, 70.255233636585643 ], [ 19.177537812249081, 70.25564080362804 ], [ 19.180450944638935, 70.25580088745393 ], [ 19.194595974609811, 70.25669981098774 ], [ 19.197240724441293, 70.256798492092742 ], [ 19.213790799739566, 70.255699586168603 ], [ 19.234699315637414, 70.253949125131811 ], [ 19.288241541353781, 70.251450174945091 ], [ 19.342327582474958, 70.250863883347762 ], [ 19.396395126527111, 70.252196234875612 ], [ 19.44988201852248, 70.255433226690315 ], [ 19.50223165460223, 70.26054100939848 ], [ 19.552898342044283, 70.267466220213777 ], [ 19.601352591537736, 70.27613650600226 ], [ 19.626792814424867, 70.281264117947103 ], [ 19.666321128770761, 70.288379432605197 ], [ 19.677568412509213, 70.290170360509194 ], [ 19.683240988310903, 70.287990544300598 ], [ 19.689112365903075, 70.285208169241088 ], [ 19.697963357758113, 70.279921310996315 ], [ 19.725022706932602, 70.265419969533895 ], [ 19.755986409039611, 70.251899929407585 ], [ 19.790566906882251, 70.23948373900204 ], [ 19.828445596401853, 70.228283734127857 ], [ 19.869275766533431, 70.218401072616359 ], [ 19.91068912133456, 70.209367747384633 ], [ 19.91149126309848, 70.209171185513512 ], [ 19.912525883876789, 70.208966730335433 ], [ 19.913053463651192, 70.208851538958314 ], [ 19.913068272194028, 70.208859543335777 ], [ 19.95467426231761, 70.200629822797993 ], [ 20.000058070998481, 70.193562228855669 ], [ 20.04723419492629, 70.188031740039563 ], [ 20.095779234808575, 70.18408784857094 ], [ 20.145258441808039, 70.181765791725326 ], [ 20.195229335868106, 70.181086261360306 ], [ 20.245245366356077, 70.182055235337302 ], [ 20.294859595058576, 70.184663931666236 ], [ 20.343628381826093, 70.18888888548554 ], [ 20.391115053168232, 70.194692148288084 ], [ 20.43689353384665, 70.202021608101035 ], [ 20.480551921010218, 70.21081142862117 ], [ 20.521695979692002, 70.220982604591626 ], [ 20.559952537579036, 70.232443629975009 ], [ 20.561719481391076, 70.233024932072809 ], [ 20.574060740069392, 70.234639581498101 ], [ 20.575083363771096, 70.234753454528089 ], [ 20.587753893297226, 70.235927402467581 ], [ 20.600801772749186, 70.236208578414193 ], [ 20.722033042590816, 70.236677830954179 ], [ 20.733789833456832, 70.236535186095139 ], [ 20.744535418501108, 70.234961792227679 ], [ 20.771715258894925, 70.230463340267562 ], [ 20.817233172022174, 70.223828910079931 ], [ 20.864421843493488, 70.218717175142089 ], [ 20.912865420047726, 70.215173054075677 ], [ 20.962137832328786, 70.213227634374249 ], [ 21.011806272869258, 70.212897921467217 ], [ 21.06143471027378, 70.214186703564351 ], [ 21.110587420897041, 70.21708253289448 ], [ 21.158832519508799, 70.221559823293717 ], [ 21.205745470394309, 70.227579063442462 ], [ 21.25091256005453, 70.235087144401462 ], [ 21.293934312160406, 70.244017799437458 ], [ 21.294970599282198, 70.244256091298936 ], [ 21.314173687515684, 70.248175024063343 ], [ 21.344273991539946, 70.253509529198325 ], [ 21.387764782098014, 70.263122492873222 ], [ 21.428459389769902, 70.274124963540146 ], [ 21.465973918754113, 70.286414180361234 ], [ 21.49995236174524, 70.29987521815471 ], [ 21.530069945387122, 70.31438200690242 ], [ 21.534414643057936, 70.316699668607413 ], [ 21.539393549572821, 70.318178590451822 ], [ 21.571715444560226, 70.32692262643269 ], [ 21.610635063011614, 70.339778004486504 ], [ 21.645692591098801, 70.35389051533231 ], [ 21.676525315524319, 70.369117186328282 ], [ 21.702811234401434, 70.38530348724268 ], [ 21.704176315362389, 70.386251618573567 ], [ 21.708259373230412, 70.387737974801638 ], [ 21.712622032011115, 70.389041747889181 ], [ 21.721491753951156, 70.390786521375063 ], [ 21.747808811816618, 70.395364135031116 ], [ 21.790989568356462, 70.4047066447297 ], [ 21.831489822057659, 70.415394955220407 ], [ 21.868941621857889, 70.427332896114365 ], [ 21.903002741740028, 70.440412920754511 ], [ 21.933359770729947, 70.454517024481319 ], [ 21.959731019051866, 70.469517758051197 ], [ 21.981869213399946, 70.485279329336123 ], [ 21.999563953444667, 70.501658785592596 ], [ 22.012643901149197, 70.51850726773462 ], [ 22.02097867432089, 70.535671327188666 ], [ 22.024480416163922, 70.552994295063456 ], [ 22.02310501351862, 70.57031769254047 ], [ 22.016852938049762, 70.587482670612914 ], [ 22.00576968694655, 70.604331466576483 ], [ 21.989945802759205, 70.620708864040537 ], [ 21.969516455845927, 70.636463642694295 ], [ 21.955726422066679, 70.644780978069974 ], [ 21.951171052826705, 70.64791008949031 ], [ 21.95911702910249, 70.651469701033022 ], [ 21.977630488719104, 70.658958225919818 ], [ 21.986800607253596, 70.662308972913166 ], [ 21.999164771536798, 70.662381758035053 ], [ 22.029748615564372, 70.662038151472942 ], [ 22.085269531982281, 70.663355371974461 ], [ 22.140224018108889, 70.666595918846838 ], [ 22.194034481885396, 70.671725528639058 ], [ 22.246134386826341, 70.678690039372285 ], [ 22.295973790492809, 70.687415927191836 ], [ 22.343024778613387, 70.697811034182465 ], [ 22.382679972767271, 70.708644641456189 ], [ 22.384753604542311, 70.709160290605155 ], [ 22.408290766854869, 70.709596056886411 ], [ 22.47169952713713, 70.712031238708732 ], [ 22.517511365373551, 70.715656587517913 ], [ 22.517574539926891, 70.715560541474474 ], [ 22.519816471858203, 70.715744009415388 ], [ 22.524175126732587, 70.716182943894978 ], [ 22.533997428273253, 70.716958330881141 ], [ 22.544322035094268, 70.717991757826027 ], [ 22.544156496816495, 70.718193686656633 ], [ 22.574372762646309, 70.721229813698429 ], [ 22.62707591463349, 70.728595906491009 ], [ 22.677352339061247, 70.737762142783282 ], [ 22.721786952462402, 70.747970999790041 ], [ 22.723291609480246, 70.74828316506516 ], [ 22.738654124004618, 70.750808356195265 ], [ 22.79168864678806, 70.760759943853671 ], [ 22.805925719540781, 70.763782811916059 ], [ 22.827391742071217, 70.765810425375406 ], [ 22.87832729591987, 70.771528666644684 ], [ 22.927477570609465, 70.778890101988253 ], [ 22.974369469094164, 70.787823946032276 ], [ 23.01854996486739, 70.798244246255734 ], [ 23.059590261595975, 70.810050659677998 ], [ 23.06657764616871, 70.81226417241561 ], [ 23.070966004829383, 70.812847691891605 ], [ 23.104855560271577, 70.816666682454084 ], [ 23.147792134273967, 70.822894709200696 ], [ 23.157758681197386, 70.824509320562242 ], [ 23.202682056180301, 70.832651571526597 ], [ 23.245272179466713, 70.842141105939348 ], [ 23.285160197510962, 70.852896298398548 ], [ 23.307131299508093, 70.860012986222173 ], [ 23.30733139584509, 70.859943208950583 ], [ 23.326687828346095, 70.866173153698497 ], [ 23.344849366726791, 70.866069977490028 ], [ 23.398887211574138, 70.866656892770436 ], [ 23.452617392798889, 70.869029413276763 ], [ 23.505517846061466, 70.873164287974774 ], [ 23.55707389913421, 70.879021106320252 ], [ 23.606782903696942, 70.886542669473982 ], [ 23.654158798809256, 70.895655514039021 ], [ 23.698736577558183, 70.906270584817264 ], [ 23.740076626987921, 70.918284052094918 ], [ 23.777768909788914, 70.931578267949391 ], [ 23.811436954450752, 70.946022855019393 ], [ 23.840741618783785, 70.9614759200892 ], [ 23.865384590017925, 70.977785383710753 ], [ 23.885111583237617, 70.994790415926744 ], [ 23.886398949982599, 70.996085289352905 ], [ 23.890522224016063, 70.999167842521771 ], [ 23.903314857936785, 71.006631962424663 ], [ 23.919198816841419, 71.015098490723631 ], [ 23.923354610008669, 71.017150238000241 ], [ 23.932710895337554, 71.020282218130021 ], [ 23.950440779570229, 71.025678022328137 ], [ 23.960343847036651, 71.028419882813012 ], [ 23.973046205743799, 71.028176290621545 ], [ 24.074381547896202, 71.024582912604842 ], [ 24.088614656214421, 71.023840859645773 ], [ 24.139090335172614, 71.020389289667307 ], [ 24.193074801446677, 71.018530414394661 ], [ 24.247480240589901, 71.018457101850629 ], [ 24.301779302154738, 71.020169888472537 ], [ 24.355445551750194, 71.023651964373826 ], [ 24.407958164599297, 71.028869331438528 ], [ 24.458806588855762, 71.03577111610565 ], [ 24.507495151710781, 71.044290034666091 ], [ 24.553547580366448, 71.054343007949896 ], [ 24.596511408648261, 71.065831921319159 ], [ 24.635962238451459, 71.078644524893406 ], [ 24.661911710800428, 71.087919393517538 ], [ 24.67493863704448, 71.092142923361834 ], [ 24.712650567927302, 71.107267449796254 ], [ 24.712914339755685, 71.107364382858847 ], [ 24.726015566986415, 71.10807850743879 ], [ 24.731550703663039, 71.108288870102371 ], [ 24.744783889988589, 71.108576826854545 ], [ 24.765067422057999, 71.106297943573608 ], [ 24.77617290122604, 71.104846533797271 ], [ 24.828361620444017, 71.099965046203451 ], [ 24.836362714273822, 71.099357614108882 ], [ 24.840042336359957, 71.098662313215797 ], [ 24.886713336288345, 71.09081828454687 ], [ 24.935544360492472, 71.084508095708003 ], [ 24.986088880174812, 71.079789179484536 ], [ 25.037885942608941, 71.076704402291298 ], [ 25.090464075964249, 71.075281706977762 ], [ 25.14334525137161, 71.0755338829034 ], [ 25.196048880623096, 71.077458464359452 ], [ 25.248095828376414, 71.081037757665811 ], [ 25.299012417895252, 71.086238996544807 ], [ 25.348334409195665, 71.093014624651559 ], [ 25.395610927987768, 71.101302703421993 ], [ 25.440408323027444, 71.111027442672878 ], [ 25.482313928458836, 71.122099850647587 ], [ 25.520939706488246, 71.134418499441168 ], [ 25.555925744348375, 71.147870400951405 ], [ 25.565661266301856, 71.151986354579662 ], [ 25.573587432945363, 71.152920766180841 ], [ 25.632171398012829, 71.161065297836899 ], [ 25.653686084171326, 71.16453055674296 ], [ 25.660508899315353, 71.164905259061072 ], [ 25.667231365602227, 71.165056266862436 ], [ 25.688914520536461, 71.16265766396441 ], [ 25.747468802156178, 71.157357664954958 ], [ 25.806843329538907, 71.154269927661716 ], [ 25.807132490853629, 71.154250829805235 ], [ 25.822357619683892, 71.150894746562869 ], [ 25.870063845861846, 71.141520379992471 ], [ 25.920527851045932, 71.133815558957934 ], [ 25.973230649379108, 71.127859054561327 ], [ 25.984439230380975, 71.127005854085411 ], [ 26.005989700800153, 71.12498594269519 ], [ 26.015406496756484, 71.121847247612521 ], [ 26.021159993555234, 71.119719789449647 ], [ 26.029262200984988, 71.116407698548954 ], [ 26.033364033735879, 71.113821002101986 ], [ 26.061605127446562, 71.098066825456073 ], [ 26.0946238065162, 71.083388732316919 ], [ 26.132068878975446, 71.069938512387509 ], [ 26.173545826238737, 71.057854950598141 ], [ 26.196867397189688, 71.052377020126812 ], [ 26.208032653979448, 71.049490753385157 ], [ 26.216249920964383, 71.044680924703044 ], [ 26.243671449404719, 71.030301128191837 ], [ 26.275139904917008, 71.016883670720972 ], [ 26.310366683336884, 71.00454840066152 ], [ 26.349031430997645, 70.993405276178208 ], [ 26.390784969846795, 70.983553436692503 ], [ 26.435252401475402, 70.975080372348728 ], [ 26.482036364784097, 70.968061196636597 ], [ 26.53072042322172, 70.962558026495202 ], [ 26.58087255874516, 70.958619473427518 ], [ 26.632048750783312, 70.956280248393327 ], [ 26.683796619482891, 70.955560882518256 ], [ 26.691116628860026, 70.95557398799383 ], [ 26.695466601545924, 70.95543669801387 ], [ 26.738296506271951, 70.95333185404732 ], [ 26.790799777080395, 70.952452421823978 ], [ 26.843461031940794, 70.953249165689002 ], [ 26.89580084340988, 70.955714634019998 ], [ 26.947342444091184, 70.95982615654755 ], [ 26.997615726403069, 70.965546042596031 ], [ 27.046161208084776, 70.972821906362967 ], [ 27.092533941464641, 70.981587117125898 ], [ 27.136307343665791, 70.991761371533173 ], [ 27.177076923835362, 71.003251384388065 ], [ 27.214463882208257, 71.015951693565569 ], [ 27.222108017118153, 71.018801837991063 ], [ 27.232364456751991, 71.021443799438259 ], [ 27.242108011361658, 71.023723207556031 ], [ 27.253455463103922, 71.026116741400287 ], [ 27.255047466269691, 71.02626813791106 ], [ 27.30399462440603, 71.031733756407291 ], [ 27.351344791947302, 71.038662632518751 ], [ 27.396690898899116, 71.046995233195375 ], [ 27.439641753474621, 71.056659939066449 ], [ 27.479825242203333, 71.067573622181214 ], [ 27.516891426971522, 71.079642318449061 ], [ 27.544865659909988, 71.089602792061228 ], [ 27.558819147843476, 71.094068828970478 ], [ 27.564086232665968, 71.095599017944764 ], [ 27.598021750532403, 71.106292541882226 ], [ 27.629219780158859, 71.117857432530997 ], [ 27.644717942403332, 71.12464105036274 ], [ 27.650200336451555, 71.126792279278078 ], [ 27.650838459393203, 71.126590434953087 ], [ 27.692980730771595, 71.114597588124212 ], [ 27.73873673718364, 71.104121128809524 ], [ 27.787626483510827, 71.095269769016582 ], [ 27.839139690939714, 71.088135178161963 ], [ 27.892740864264994, 71.082791101108938 ], [ 27.947874522641264, 71.079292654561172 ], [ 28.003970556620363, 71.07767580617481 ], [ 28.06044967609763, 71.077957039409768 ], [ 28.116728915148034, 71.080133205855304 ], [ 28.172227160586264, 71.08418156552716 ], [ 28.191395653197723, 71.085915999256571 ], [ 28.199649633043986, 71.085090119763393 ], [ 28.209356373717121, 71.083753327113058 ], [ 28.220834072518812, 71.081109810928936 ], [ 28.22202187649204, 71.080803620989855 ], [ 28.232249720168166, 71.077871234109566 ], [ 28.240413775581978, 71.074304110909509 ], [ 28.245509229460012, 71.071817741073545 ], [ 28.251144906814673, 71.068765462386125 ], [ 28.280056596770912, 71.054697632845034 ], [ 28.312956089208445, 71.041639031295972 ], [ 28.349541122624132, 71.029706758515559 ], [ 28.389478234860135, 71.019007596315973 ], [ 28.432405793723323, 71.009637104676713 ], [ 28.477937200965741, 71.001678820261603 ], [ 28.491067671778552, 70.999646033730016 ], [ 28.508516778875169, 70.993197102511161 ], [ 28.508599336383373, 70.993221629937892 ], [ 28.53282965873985, 70.984246263654384 ], [ 28.543237825721295, 70.980754638102582 ], [ 28.545513169335695, 70.979807081066795 ], [ 28.547329030103203, 70.978627914319276 ], [ 28.573069028766898, 70.963763485350484 ], [ 28.603050258368341, 70.94982664629164 ], [ 28.636990982776371, 70.936944530174543 ], [ 28.674575205066954, 70.92523439886854 ], [ 28.715455649044465, 70.914802629505488 ], [ 28.75925694275583, 70.905743802657881 ], [ 28.805578976399662, 70.898139898127454 ], [ 28.854000408300962, 70.89205960328637 ], [ 28.904082293925267, 70.887557738031745 ], [ 28.955371814159587, 70.884674799572835 ], [ 29.007406080214135, 70.88343662946447 ], [ 29.05535452806939, 70.883819909373386 ], [ 29.057333710970685, 70.883801855473592 ], [ 29.069701075495146, 70.882401778120766 ], [ 29.082298593981584, 70.880466445190692 ], [ 29.082720978340848, 70.88035980889137 ], [ 29.130100201218251, 70.869701178434852 ], [ 29.18075360696729, 70.860806416510059 ], [ 29.20544277323711, 70.857555129148935 ], [ 29.220979595716745, 70.855242170455398 ], [ 29.229669705597136, 70.852166680724693 ], [ 29.253097369573538, 70.842998475694671 ], [ 29.260885693458608, 70.839622433932405 ], [ 29.268891720868286, 70.83532979653647 ], [ 29.303541800220927, 70.818938324937236 ], [ 29.343593037831173, 70.804000902746651 ], [ 29.370993685354321, 70.795896975845139 ], [ 29.382455569424277, 70.792202279556861 ], [ 29.422326720691562, 70.780595111689124 ], [ 29.465544864408525, 70.770392363422005 ], [ 29.51168734720239, 70.761692698261825 ], [ 29.56030512339688, 70.754580083966601 ], [ 29.610926924126925, 70.749123038715894 ], [ 29.663063562896017, 70.745374020984841 ], [ 29.7162123484283, 70.743368966687541 ], [ 29.73254586796223, 70.743024647419318 ], [ 29.745555675514289, 70.742532885246462 ], [ 29.764202634476678, 70.739020111781898 ], [ 29.768440114181349, 70.738119786078499 ], [ 29.81311168442743, 70.730534418105634 ], [ 29.859828264751133, 70.724396117204961 ], [ 29.908184977113436, 70.719757776375502 ], [ 29.957763830010741, 70.716659276997575 ], [ 30.008137082784302, 70.715127175010309 ], [ 30.058870661149165, 70.715174494942829 ], [ 30.069488961571071, 70.715349472964007 ], [ 30.081463490107179, 70.713940433918594 ], [ 30.091915293845851, 70.712513625192642 ], [ 30.104343768562384, 70.710552238558066 ], [ 30.115206872230964, 70.70776274995535 ], [ 30.197220276458321, 70.684216070001156 ], [ 30.206265754980006, 70.68134312501104 ], [ 30.213991133819633, 70.673562521072412 ], [ 30.214415526189224, 70.673053612453046 ], [ 30.232738565098757, 70.657208490511522 ], [ 30.255518351428019, 70.642066858635815 ], [ 30.282540533956009, 70.627764930040868 ], [ 30.313554164729698, 70.614431077639637 ], [ 30.327100571281875, 70.609655339449475 ], [ 30.349156161246544, 70.600940739738363 ], [ 30.352213110804495, 70.599580076207374 ], [ 30.385112298296651, 70.587511500552012 ], [ 30.421250359428324, 70.576543374633218 ], [ 30.460320258452231, 70.566767410350991 ], [ 30.501991940051422, 70.558265199955116 ], [ 30.511883341404239, 70.556455166243353 ], [ 30.571128368106727, 70.544359197871486 ], [ 30.581349547485217, 70.542032715162435 ], [ 30.586077109307997, 70.539633085040776 ], [ 30.60528306605574, 70.528851729829967 ], [ 30.637384070504719, 70.514465248129085 ], [ 30.673717212760664, 70.501290911988875 ], [ 30.713906815811651, 70.489462196022885 ], [ 30.757540355196568, 70.479098689799216 ], [ 30.804172632991875, 70.470304958560362 ], [ 30.853330177398497, 70.463169555391573 ], [ 30.904515830774013, 70.457764191514457 ], [ 30.925720119336059, 70.455920475290341 ], [ 30.935925550121837, 70.453239741557596 ], [ 30.938004186645308, 70.452633124341233 ], [ 30.946484522339905, 70.449914589777222 ], [ 30.95171283990512, 70.445030464686283 ], [ 30.975219792245138, 70.426489855239396 ], [ 31.00483692537858, 70.409033824835163 ], [ 31.005102870928248, 70.40889623850407 ], [ 31.010816494954447, 70.405201989425706 ], [ 31.057811223558815, 70.3708075986344 ], [ 31.062636066051347, 70.36673374453396 ], [ 31.059700684445932, 70.358691487485515 ], [ 31.055691947299479, 70.33833182870498 ], [ 31.058483088282049, 70.318024766464433 ], [ 31.068018833587697, 70.29803025340577 ], [ 31.074199351061804, 70.288539507964302 ], [ 31.076264985329168, 70.284397239351563 ], [ 31.058552249668825, 70.282589372466418 ], [ 30.999385341859689, 70.275242329506824 ], [ 30.958440864498876, 70.268234628170362 ], [ 30.95832102277209, 70.268318457522668 ], [ 30.933394914094634, 70.263978698583941 ], [ 30.91976413029796, 70.263212300619799 ], [ 30.818971969402032, 70.259337337232694 ], [ 30.764185379292389, 70.256220309153434 ], [ 30.710494704755003, 70.251164442343338 ], [ 30.658501346787979, 70.244226158513172 ], [ 30.608786274514387, 70.235482942607376 ], [ 30.561903140664299, 70.225032425575662 ], [ 30.518371805733409, 70.212991229406001 ], [ 30.47867236018433, 70.199493591070066 ], [ 30.473906503554222, 70.197698062493359 ], [ 30.472192642987444, 70.197110651376292 ], [ 30.441462158158281, 70.184559879612877 ], [ 30.414088510599992, 70.171150658492394 ], [ 30.390287816722953, 70.156991970100606 ], [ 30.370245997167228, 70.142198696264941 ], [ 30.360772531513746, 70.134310809483154 ], [ 30.354591684862307, 70.129854043706288 ], [ 30.335432727040207, 70.122977650092636 ], [ 30.301507986230305, 70.109575657733586 ], [ 30.271471828711125, 70.095143008996843 ], [ 30.245603544287629, 70.079817702991349 ], [ 30.224140974306682, 70.063746012548691 ], [ 30.207278509828811, 70.047081037822338 ], [ 30.195165570840238, 70.029981203887971 ], [ 30.187905568037134, 70.012608718689094 ], [ 30.185555342113055, 69.995128007610845 ], [ 30.188125069566482, 69.977704140692126 ], [ 30.19557861889831, 69.960501268026121 ], [ 30.207834336746121, 69.943681078273457 ], [ 30.224766240016049, 69.927401294455436 ], [ 30.246205587410884, 69.911814220325581 ], [ 30.271942801870594, 69.897065349668765 ], [ 30.301729714276124, 69.88329204987096 ], [ 30.308942057885591, 69.880280611260616 ], [ 30.323372274079613, 69.873487661200272 ], [ 30.355133871162096, 69.861191302919352 ], [ 30.390113890052973, 69.850005059208925 ], [ 30.428009164516059, 69.840024358859168 ], [ 30.468493105909584, 69.831334192944865 ], [ 30.511218447244438, 69.824008434246636 ], [ 30.555820106993291, 69.818109249991934 ], [ 30.601918153148333, 69.813686611230594 ], [ 30.649120848832542, 69.810777901495626 ], [ 30.685745595801272, 69.809126584213118 ], [ 30.704653133672746, 69.807924747354861 ], [ 30.749857372370897, 69.805765756431455 ], [ 30.795555302491099, 69.805003217128856 ], [ 30.840391420989086, 69.805628909500101 ], [ 30.841286641843915, 69.801493835450273 ], [ 30.841365824746639, 69.800458191607845 ], [ 30.845083375636072, 69.783226988961076 ], [ 30.853551692623615, 69.766252456901114 ], [ 30.866681494099566, 69.74969149921678 ], [ 30.870810871153708, 69.745324929013151 ], [ 30.874135640390453, 69.741218141955443 ], [ 30.876610138468884, 69.737571286623307 ], [ 30.878189570815454, 69.733855140223696 ], [ 30.879134188319043, 69.730720556768929 ], [ 30.888599715030121, 69.710548410954459 ], [ 30.904608593823802, 69.690956633664982 ], [ 30.926935897846317, 69.67219940904792 ], [ 30.927113454454478, 69.672071734432777 ], [ 30.927872014642954, 69.667810469100488 ], [ 30.93062895602192, 69.599117877032867 ], [ 30.92982973798804, 69.590632239207295 ], [ 30.928113595142875, 69.58312305265278 ], [ 30.926335016407911, 69.578430905588746 ], [ 30.923168780203632, 69.573815097796142 ], [ 30.901776119947559, 69.54843646001703 ], [ 30.897709183376232, 69.544331856121516 ], [ 30.889586159887237, 69.54102333121611 ], [ 30.861342314504959, 69.530545792125508 ], [ 30.852702499687194, 69.527616933501676 ], [ 30.841098363845639, 69.526716348485905 ], [ 30.766193637460159, 69.522156102081951 ], [ 30.755317434391756, 69.521658755775235 ], [ 30.744526976419593, 69.522153416011079 ], [ 30.652928077482443, 69.527763129905026 ], [ 30.603548169596714, 69.529890119378692 ], [ 30.553663454277302, 69.53028724175401 ], [ 30.503762950590712, 69.528950401305281 ], [ 30.454335824242367, 69.525892486199979 ], [ 30.405866247785031, 69.521143241271901 ], [ 30.358828327438676, 69.514748964184719 ], [ 30.313681162886578, 69.506772028688346 ], [ 30.270864103548899, 69.497290240915476 ], [ 30.230792260671205, 69.486396036792442 ], [ 30.193852329253534, 69.474195530603239 ], [ 30.160398767574893, 69.460807426513583 ], [ 30.130750375053434, 69.446361806396681 ], [ 30.122797389007008, 69.442066736578141 ], [ 30.113886946705154, 69.43821696020909 ], [ 30.039249782224463, 69.409194508175887 ], [ 30.004125875418847, 69.393968553510746 ], [ 29.973763735770042, 69.377533718477366 ], [ 29.973133880254309, 69.3771499313725 ], [ 29.96668489987761, 69.373599326172055 ], [ 29.959355157433933, 69.370266623721207 ], [ 29.955836843579281, 69.36880732101703 ], [ 29.947744573151116, 69.365741402501683 ], [ 29.93715697362693, 69.363896139247998 ], [ 29.912321891606112, 69.360051320020105 ], [ 29.900542097858615, 69.358463167795307 ], [ 29.876162267399963, 69.35699871105902 ], [ 29.822441577599047, 69.352698192810422 ], [ 29.770199302989568, 69.346359466728117 ], [ 29.720058747087503, 69.338058038707274 ], [ 29.672616387829095, 69.327892805717582 ], [ 29.661505067400441, 69.325215271599319 ], [ 29.650102700195756, 69.323018054831707 ], [ 29.615752884816565, 69.317158183237879 ], [ 29.595069658761869, 69.314056943482626 ], [ 29.549496199282618, 69.306265845340988 ], [ 29.506213405043177, 69.296919446582066 ], [ 29.465650910244541, 69.286110981341011 ], [ 29.428209535547371, 69.27394817961644 ], [ 29.394257224915169, 69.260552136620234 ], [ 29.364125398297251, 69.246056047415976 ], [ 29.338105756912331, 69.230603822471565 ], [ 29.316447569512135, 69.214348600912786 ], [ 29.299355459542657, 69.197451179120876 ], [ 29.297801881648354, 69.195643536208223 ], [ 29.286147580807206, 69.183962373607244 ], [ 29.286454371385798, 69.183925840594583 ], [ 29.273817209743004, 69.170917443965479 ], [ 29.261514500580059, 69.151993684010435 ], [ 29.252370604869984, 69.133513695831979 ], [ 29.249191645702357, 69.128054270707139 ], [ 29.242896100057859, 69.118670558804695 ], [ 29.240073168653261, 69.115100976371409 ], [ 29.236453144689307, 69.111618276030754 ], [ 29.228045269922887, 69.104422292740765 ], [ 29.211752798806309, 69.09281522062642 ], [ 29.17844176924536, 69.07267678086545 ], [ 29.172622226036669, 69.069462715832145 ], [ 29.166086620442542, 69.066429046668873 ], [ 29.129361517174544, 69.050737325984514 ], [ 29.119768517617612, 69.047058178961009 ], [ 29.108218516757319, 69.044212092394361 ], [ 29.074972514565228, 69.03693501783286 ], [ 29.058108074617969, 69.033613721694863 ], [ 29.016015921485881, 69.024345897732914 ], [ 28.976553022734223, 69.013655943148734 ], [ 28.940099173600217, 69.001647628128723 ], [ 28.907003326229908, 68.988437394128667 ], [ 28.877580221111216, 68.974153169637432 ], [ 28.85210743028696, 68.958933075832974 ], [ 28.83082283800529, 68.942924037380962 ], [ 28.813922577002796, 68.926280314403442 ], [ 28.80155943128748, 68.909161972164981 ], [ 28.79384170927931, 68.891733305283523 ], [ 28.790832584635545, 68.874161233295879 ], [ 28.792549896166292, 68.856613684204248 ], [ 28.798966393023633, 68.839257982229014 ], [ 28.800883150858773, 68.835486899464343 ], [ 28.798387403773877, 68.831196956797839 ], [ 28.74986750318465, 68.763773269455811 ], [ 28.74386435348352, 68.756606017700065 ], [ 28.722023721212153, 68.733846954075176 ], [ 28.708595356889035, 68.722376251812207 ], [ 28.521220224417977, 68.587092295236531 ], [ 28.500371982800218, 68.569781901926731 ], [ 28.484500164643013, 68.551812679088542 ], [ 28.473766624763154, 68.533381133669195 ], [ 28.468276129193814, 68.514688391261132 ], [ 28.46807573586722, 68.49593796996956 ], [ 28.473154831665084, 68.477333547792185 ], [ 28.483445801313945, 68.459076748561401 ], [ 28.622251465671336, 68.263153589703919 ], [ 28.63663641072668, 68.246216663026075 ], [ 28.655476269559703, 68.22994030801847 ], [ 28.678577025120461, 68.214484389510602 ], [ 28.705704173878438, 68.200000399009809 ], [ 28.736585262520773, 68.186630017265585 ], [ 28.770912724659446, 68.174503780826214 ], [ 28.808346984933372, 68.163739863068912 ], [ 28.848519798296397, 68.154442978925303 ], [ 28.891037792995071, 68.146703421279483 ], [ 29.01191229651409, 68.127403215846499 ], [ 29.013979604891144, 68.127074378251251 ], [ 29.285773221154749, 68.08385241329205 ], [ 29.298224364420395, 68.081516760404 ], [ 29.309813986855588, 68.078637986494996 ], [ 29.320991313529973, 68.075478957461911 ], [ 29.330372432905186, 68.072517781083945 ], [ 29.337860384983969, 68.068873117704015 ], [ 29.354876840981817, 68.059598026256765 ], [ 29.359826138546715, 68.056651382329164 ], [ 29.364132670086928, 68.053561373774173 ], [ 29.442493447141835, 67.991209108312589 ], [ 29.48068494035611, 67.960589759067972 ], [ 29.48103887364832, 67.960306291178384 ], [ 29.630185824504441, 67.84052786945638 ], [ 29.653439142468269, 67.824096673628588 ], [ 29.681137550099002, 67.808722404988416 ], [ 29.691455169526655, 67.803604426176008 ], [ 29.714913454022579, 67.792883630981692 ], [ 29.740545423036583, 67.782914712330381 ], [ 30.001265679043811, 67.688797600314629 ], [ 30.008757668418781, 67.685793242497809 ], [ 30.0086486000916, 67.685697246863214 ], [ 29.993407269959505, 67.670459894811444 ], [ 29.981802651522287, 67.654796772847476 ], [ 29.973922227133734, 67.638835576373296 ], [ 29.969822713766739, 67.622706193190069 ], [ 29.965198961330845, 67.588609956637896 ], [ 29.963268330721444, 67.580845989479982 ], [ 29.96126530022222, 67.575321609017777 ], [ 29.957746538288873, 67.567891706409654 ], [ 29.936783271085154, 67.532064454797194 ], [ 29.928253998855311, 67.520860462403377 ], [ 29.9201367522985, 67.512263290835222 ], [ 29.915750262595949, 67.508226722922103 ], [ 29.909441685155695, 67.504570693971232 ], [ 29.564584848635985, 67.32210574828737 ], [ 29.542035768068793, 67.308901906320614 ], [ 29.522514682142759, 67.295014606538402 ], [ 29.506166113428815, 67.2805503322909 ], [ 29.497151500461175, 67.270244098110524 ], [ 29.496982023935033, 67.270264645294858 ], [ 29.495008924782052, 67.267979099109397 ], [ 29.489983118126641, 67.263102832350015 ], [ 29.486736529451207, 67.260766936976012 ], [ 29.469862412558381, 67.251652536856653 ], [ 29.460440166388018, 67.247260098037302 ], [ 29.431431595529371, 67.232244199547495 ], [ 29.406525116944241, 67.216180563896557 ], [ 29.128956429404386, 67.012623227866683 ], [ 29.111433998748151, 66.998153578199862 ], [ 29.097218024616847, 66.98316333958212 ], [ 29.086414314678493, 66.967770410498289 ], [ 29.074027518843955, 66.946505030345705 ], [ 29.065577832136636, 66.927284512502936 ], [ 29.06244344623622, 66.90786773468335 ], [ 29.064648753355755, 66.888482274350608 ], [ 29.072155667657583, 66.869354835549288 ], [ 29.074135242712575, 66.86565622996801 ], [ 29.086565322502981, 66.847342718386855 ], [ 29.103859593282746, 66.829698627886103 ], [ 29.125814401528249, 66.812921572751762 ], [ 29.315647077011036, 66.684541737391854 ], [ 29.321521490411111, 66.679937773426076 ], [ 29.325988198119031, 66.675080499339202 ], [ 29.348786772887539, 66.644809157271311 ], [ 29.362963280815325, 66.628811645549959 ], [ 29.380913450308721, 66.613458175594587 ], [ 29.391926850232803, 66.605113396341807 ], [ 29.394348017211534, 66.599910597526659 ], [ 29.403146324727636, 66.584748502965553 ], [ 29.415231537822134, 66.56998042725661 ], [ 29.43050680104232, 66.555717870306154 ], [ 29.448851755242568, 66.542068328087325 ], [ 29.518657988119337, 66.495136693929666 ], [ 29.523924555303598, 66.491123473041384 ], [ 29.527007596950217, 66.48674547405416 ], [ 29.531542020594721, 66.47873070338683 ], [ 29.535570584104093, 66.469228634346436 ], [ 29.546181027357346, 66.43200237770742 ], [ 29.549338522184691, 66.420943602020188 ], [ 29.555838249711847, 66.404789448456199 ], [ 29.566142396697831, 66.385006848808217 ], [ 29.574586509839293, 66.371471801988463 ], [ 29.587294370808046, 66.35403869787423 ], [ 29.601006680601284, 66.338088916065161 ], [ 29.641932607574084, 66.296916003783664 ], [ 29.662235346954319, 66.279341288992342 ], [ 29.779299176256036, 66.190796839167078 ], [ 29.808447722297526, 66.171726678619791 ], [ 29.86785261311508, 66.137870605739195 ], [ 29.874676165076934, 66.133428217062814 ], [ 29.880134689477465, 66.128677569483628 ], [ 29.896825808473515, 66.111505362736565 ], [ 29.899804522884981, 66.108012569427771 ], [ 29.902050567139526, 66.104424608468335 ], [ 29.919218110738687, 66.071163614600323 ], [ 29.921462186771706, 66.066073637484465 ], [ 29.946203243398976, 65.998537580480317 ], [ 29.955568043939365, 65.979869959551564 ], [ 29.969771463823651, 65.961760939564059 ], [ 29.995342176951013, 65.934326049786307 ], [ 30.000082188627736, 65.928658962051145 ], [ 30.007881291428617, 65.918172635585506 ], [ 30.011203627400665, 65.91317989405043 ], [ 30.034438343901247, 65.873663705280165 ], [ 30.046064291686733, 65.857359846735164 ], [ 30.070074389510097, 65.828839250523728 ], [ 30.078050681859615, 65.816510463086473 ], [ 30.082283054824437, 65.807324517637809 ], [ 30.084364961679203, 65.801881000972088 ], [ 30.11107190478182, 65.714166972476335 ], [ 30.11212684965124, 65.709834995354285 ], [ 30.115293818559827, 65.692583670355106 ], [ 30.115687871366347, 65.681802859454592 ], [ 30.114368506140352, 65.669764801041367 ], [ 30.113423235753555, 65.665564785968812 ], [ 30.107928298197169, 65.661965344397231 ], [ 30.104506567180611, 65.659939146419489 ], [ 30.098201734220687, 65.656554086966679 ], [ 30.082620331493036, 65.654179748667744 ], [ 30.042863054415665, 65.647189523401877 ], [ 30.004904752674214, 65.638623956949999 ], [ 29.969119392886448, 65.62856770478524 ], [ 29.935858338916557, 65.617120097104504 ], [ 29.905446807019072, 65.604394112374635 ], [ 29.878180639432621, 65.590515213736907 ], [ 29.854323429937242, 65.575620062195711 ], [ 29.834104028732241, 65.55985512176845 ], [ 29.825286302321235, 65.55208536151568 ], [ 29.812109568859452, 65.544725091870973 ], [ 29.812273720454744, 65.544675373719443 ], [ 29.797446570218003, 65.536448590733542 ], [ 29.776003292142303, 65.521916439419158 ], [ 29.757928066187482, 65.50664134360558 ], [ 29.743376426329455, 65.49075965830545 ], [ 29.732471739161067, 65.47441292770921 ], [ 29.725304307693797, 65.457746596902737 ], [ 29.72193079483073, 65.440908696832878 ], [ 29.722373963420573, 65.424048515100708 ], [ 29.730012711858222, 65.369346306497633 ], [ 29.730141818071584, 65.365368995324147 ], [ 29.72942227143557, 65.361394924205243 ], [ 29.724984456770063, 65.345992702818421 ], [ 29.721970236142813, 65.327663184495265 ], [ 29.723454742633599, 65.309342112478959 ], [ 29.729413322539251, 65.291221277761153 ], [ 29.739774814265488, 65.273489998275224 ], [ 29.754422656338818, 65.256333155048111 ], [ 29.773196439314411, 65.239929289548314 ], [ 29.795893872043063, 65.224448780671636 ], [ 29.822273130441584, 65.210052118449454 ], [ 29.832724035476833, 65.204922434321873 ], [ 29.833898928281926, 65.200678133087209 ], [ 29.838540468907777, 65.171579076029246 ], [ 29.838978651252219, 65.158765711594526 ], [ 29.841732695949784, 65.140871527686926 ], [ 29.848734587939102, 65.123221613815431 ], [ 29.849641621829832, 65.121480970771955 ], [ 29.848651194700807, 65.116951829823734 ], [ 29.847117774741463, 65.112457117642265 ], [ 29.845101792130528, 65.108095822893304 ], [ 29.83923128593948, 65.104371350873265 ], [ 29.826960515702645, 65.097353499502788 ], [ 29.820082708416589, 65.093802272871685 ], [ 29.806574626315605, 65.088090375348898 ], [ 29.777887542485626, 65.074701703047381 ], [ 29.752471090416066, 65.060201507121008 ], [ 29.730574838733961, 65.04473514271163 ], [ 29.712411945600358, 65.028457427111164 ], [ 29.698157205496578, 65.011531044350093 ], [ 29.68794552996572, 64.994124879057622 ], [ 29.681870868295018, 64.976412298211969 ], [ 29.679985568081783, 64.958569399517046 ], [ 29.682300170058785, 64.940773245011769 ], [ 29.688783626552492, 64.923200098160876 ], [ 29.69936392857349, 64.906023682118018 ], [ 29.713929122821806, 64.889413476119131 ], [ 29.732328696841765, 64.873533066082743 ], [ 29.75437530815999, 64.8585385644962 ], [ 29.779846831449198, 64.844577113572456 ], [ 29.80848869652592, 64.831785484503328 ], [ 29.840016489241382, 64.820288784426737 ], [ 29.874118786987264, 64.810199281493311 ], [ 29.910460200530629, 64.801615357173915 ], [ 29.948684594130746, 64.794620593708103 ], [ 29.988418456297058, 64.789283003365483 ], [ 30.029274394044506, 64.785654404983077 ], [ 30.052889755348144, 64.78458548730751 ], [ 30.062408453927446, 64.783976066536397 ], [ 30.071135662015113, 64.782269496395045 ], [ 30.091936499827757, 64.777682395283449 ], [ 30.101537189041203, 64.775271026591057 ], [ 30.109660659273086, 64.772030553886125 ], [ 30.112191547333598, 64.770903312364979 ], [ 30.118434613663467, 64.767844847554386 ], [ 30.119415579958396, 64.76509318645536 ], [ 30.120410519750592, 64.756951036092246 ], [ 30.124424222353127, 64.739915081714798 ], [ 30.132246069404083, 64.723155064075996 ], [ 30.1437977319538, 64.706824190096796 ], [ 30.15896732325827, 64.691071474224586 ], [ 30.1653754176155, 64.685906868147271 ], [ 30.174712911779277, 64.677017702760807 ], [ 30.183995978701063, 64.666627966188756 ], [ 30.187247420654899, 64.662327806104628 ], [ 30.186180977574562, 64.657794648083382 ], [ 30.182594250412624, 64.647734903965727 ], [ 30.180204769773663, 64.642859619247261 ], [ 30.175363127071382, 64.638308936624171 ], [ 30.165137709471232, 64.629943377000146 ], [ 30.160011931549956, 64.626192025580806 ], [ 30.153900506306261, 64.622556528081105 ], [ 30.139082868348105, 64.614509100839513 ], [ 30.115737012997972, 64.598774424887822 ], [ 30.096274614475355, 64.582124671668495 ], [ 30.080897271593013, 64.564738315236241 ], [ 30.069761835897769, 64.546801413573263 ], [ 30.062979030202165, 64.528505576756146 ], [ 30.060612600359487, 64.510045889109932 ], [ 30.062678994823955, 64.49161880910718 ], [ 30.069147559923113, 64.473420070359779 ], [ 30.069906074651833, 64.471839433492903 ], [ 30.071522717767518, 64.465257874652394 ], [ 30.071991989780447, 64.461617991603191 ], [ 30.078006411100894, 64.444686518222923 ], [ 30.087763816299169, 64.428113964841344 ], [ 30.101168287936709, 64.412052143859242 ], [ 30.118091112925867, 64.396647928192039 ], [ 30.138372160238575, 64.382041932738957 ], [ 30.161821512287005, 64.368367260845403 ], [ 30.18822132961099, 64.35574832580366 ], [ 30.217327927863032, 64.344299756552033 ], [ 30.248874045736613, 64.334125395821772 ], [ 30.282571282381749, 64.325317398060619 ], [ 30.318112682939947, 64.317955433539566 ], [ 30.32083354367489, 64.317460305471926 ], [ 30.329645970590573, 64.314775333247596 ], [ 30.362873534398545, 64.303434556122482 ], [ 30.370146178436865, 64.30069370081344 ], [ 30.376067535606428, 64.29739879272735 ], [ 30.384944977517534, 64.291932126101727 ], [ 30.412288074715288, 64.27690929944184 ], [ 30.44324151522363, 64.263276606627912 ], [ 30.477444826464438, 64.251190566850937 ], [ 30.503567546162966, 64.243860283695113 ], [ 30.503445062372929, 64.243778809692259 ], [ 30.527153208942575, 64.2371991400734 ], [ 30.535785279428659, 64.234509389738946 ], [ 30.542016042646036, 64.230775460570996 ], [ 30.553374078575128, 64.223137083246229 ], [ 30.558026364186659, 64.219659193318236 ], [ 30.556868178718911, 64.215624081289477 ], [ 30.552713468035229, 64.205097013867928 ], [ 30.54790106089477, 64.188041699840625 ], [ 30.546862911524858, 64.170897764848135 ], [ 30.549601717035138, 64.153822497524231 ], [ 30.556085622395504, 64.136972278661446 ], [ 30.56389692640121, 64.124314163086041 ], [ 30.583820679314289, 64.089256150809689 ], [ 30.585847102988925, 64.084639123412458 ], [ 30.585587016714278, 64.07992020155406 ], [ 30.581340440740117, 64.055890952880915 ], [ 30.579909922526085, 64.051133949469204 ], [ 30.576189333369978, 64.046599925276126 ], [ 30.555558367927006, 64.025103014786851 ], [ 30.552019037577804, 64.021790120281608 ], [ 30.547882348262981, 64.018608202602309 ], [ 30.513083619641051, 63.994137742697532 ], [ 30.509307213741874, 63.991750153627343 ], [ 30.508958823561887, 63.991505459434656 ], [ 30.50315634808106, 63.988156364428022 ], [ 30.367613381441913, 63.916678375281649 ], [ 30.343318620179719, 63.902471052977589 ], [ 30.322298505978864, 63.887310329072662 ], [ 30.304752756975745, 63.871344013067592 ], [ 30.270398904000128, 63.835700363771139 ], [ 30.264924402814067, 63.830839358133289 ], [ 30.25817177477099, 63.826292627169195 ], [ 30.228117554153862, 63.808445481692729 ], [ 30.206337245023601, 63.79413755885264 ], [ 30.187732875279973, 63.779004821995272 ], [ 30.172470058803217, 63.763186073113708 ], [ 30.160683051630031, 63.746826193831069 ], [ 30.152473699355841, 63.730074789459465 ], [ 30.147910707942568, 63.713084797432629 ], [ 30.147029237091253, 63.696011073865527 ], [ 30.149830811723064, 63.679008971872172 ], [ 30.156283543851789, 63.662232925006165 ], [ 30.166322654260018, 63.645835048786161 ], [ 30.179851280926986, 63.629963772754692 ], [ 30.196741559103671, 63.614762514903852 ], [ 30.216835956277606, 63.600368409607178 ], [ 30.239948843996871, 63.58691109943905 ], [ 30.26586828759666, 63.574511600453739 ], [ 30.29435803425589, 63.563281249655248 ], [ 30.37268756182641, 63.535242205472642 ], [ 30.380083046767808, 63.532301645278586 ], [ 30.385985926047084, 63.528755378133482 ], [ 30.432466755993001, 63.497592542707345 ], [ 30.453743453075045, 63.484640085574945 ], [ 30.47758176627968, 63.472614487818312 ], [ 30.503785975128132, 63.461612915979622 ], [ 30.53214198756978, 63.451724141023121 ], [ 30.562419082260295, 63.443027850756273 ], [ 30.813205744241895, 63.377688704474473 ], [ 30.820657236468644, 63.375526473761653 ], [ 30.826506624492229, 63.372543815418609 ], [ 30.939837295411554, 63.308932631230256 ], [ 30.964453894155707, 63.29636173579987 ], [ 30.991631318860122, 63.284901667854804 ], [ 31.021128221313763, 63.274652943746929 ], [ 31.169692308926077, 63.227802253866592 ], [ 31.177471229374078, 63.225064205610934 ], [ 31.184582753313062, 63.221984876404328 ], [ 31.196630240575725, 63.216203681589263 ], [ 31.203495084856389, 63.212518403068493 ], [ 31.209411253388701, 63.208512805006158 ], [ 31.221142670939344, 63.199522926757624 ], [ 31.225290434278087, 63.19597719837661 ], [ 31.227135347256375, 63.192043407625718 ], [ 31.230947883472648, 63.181549884430609 ], [ 31.232866916703912, 63.172524392946372 ], [ 31.23835547438847, 63.155481907142409 ], [ 31.247479647227294, 63.138786887058849 ], [ 31.260148662109771, 63.122594328710498 ], [ 31.27623938963195, 63.107054306696014 ], [ 31.29559767565415, 63.09231060676521 ], [ 31.318039929327561, 63.07849942449338 ], [ 31.343354947566375, 63.065748140734279 ], [ 31.356813839116551, 63.059600192436349 ], [ 31.374625292112245, 63.050771874448984 ], [ 31.380037994365832, 63.047838364333998 ], [ 31.384859732768213, 63.044700512415034 ], [ 31.41951538682379, 63.019861927831968 ], [ 31.444347373721268, 63.004059667812093 ], [ 31.472876054173817, 62.989601933485268 ], [ 31.480347782326014, 62.986212638775768 ], [ 31.485307553351763, 62.982930591905969 ], [ 31.500227517183177, 62.972016885118379 ], [ 31.504980865961731, 62.968100638331848 ], [ 31.510785639740579, 62.959506939183861 ], [ 31.511237894123518, 62.959572716779093 ], [ 31.519288955779356, 62.947888968380617 ], [ 31.53717582034287, 62.929575643404256 ], [ 31.559520331374745, 62.912324624603315 ], [ 31.568965530934832, 62.90590082711676 ], [ 31.565026593674038, 62.901893269844592 ], [ 31.48246373878596, 62.827731333864079 ], [ 31.478891265748231, 62.824429873898801 ], [ 31.452159297804499, 62.799054478197462 ], [ 31.433343162884377, 62.777830489231846 ], [ 31.416587038412949, 62.754817632209559 ], [ 31.406322106521831, 62.738036141643647 ], [ 31.365562347425765, 62.656059063048808 ], [ 31.360132925566077, 62.647212261909445 ], [ 31.350525585672376, 62.634135466108418 ], [ 31.346434832946553, 62.629447383180633 ], [ 31.341225551208314, 62.624990045564346 ], [ 31.324656625960259, 62.612521608048446 ], [ 31.304540878837638, 62.595369450340179 ], [ 31.288573621173441, 62.577354386226254 ], [ 31.276935210569938, 62.558688315960367 ], [ 31.262545246262636, 62.529774669854127 ], [ 31.256452510674222, 62.520056029964664 ], [ 31.246779197008596, 62.507333275570375 ], [ 31.243371934164774, 62.503440774690588 ], [ 31.237756491702264, 62.500118507478021 ], [ 31.228563306439806, 62.495167821703383 ], [ 31.221814272148411, 62.491876479253605 ], [ 31.216116392166199, 62.489596952124018 ], [ 31.190583859383988, 62.478426384657283 ], [ 31.167316935361512, 62.466261628197799 ], [ 31.146502772384618, 62.453201933248678 ], [ 31.128307863015621, 62.439353738718872 ], [ 31.123036949203147, 62.434905401524702 ], [ 31.117739368082809, 62.431838772244646 ], [ 31.020919576608343, 62.380323288201708 ], [ 30.997793130177268, 62.366735967953694 ], [ 30.977576636548321, 62.352209183049077 ], [ 30.960453269314261, 62.336877543085023 ], [ 30.946576815308394, 62.32088292839444 ], [ 30.94521369798009, 62.31906551911139 ], [ 30.941379030615984, 62.314699959477139 ], [ 30.936581407955693, 62.310536748401766 ], [ 30.930618647167407, 62.305950636598688 ], [ 30.925250101736211, 62.302243820005231 ], [ 30.919122731533136, 62.298795066296321 ], [ 30.913762759924587, 62.296061358467078 ], [ 30.907252649107615, 62.293036712988808 ], [ 30.900163144344596, 62.29030600625655 ], [ 30.816880460897725, 62.261104485564985 ], [ 30.794507132395992, 62.25262749007905 ], [ 30.773539750631077, 62.243412468118315 ], [ 30.709855248189072, 62.213241653524726 ], [ 30.691912560921995, 62.205434517163098 ], [ 30.665807502544414, 62.192930199781941 ], [ 30.642404354850751, 62.179331852192711 ], [ 30.621920027313713, 62.164767578063163 ], [ 30.60828707903946, 62.152692569546851 ], [ 30.600432329439471, 62.146803124497538 ], [ 30.48646027460099, 62.071495205545844 ], [ 30.474149536773634, 62.064156702141382 ], [ 30.357713319993319, 62.001389414166674 ], [ 30.325201558416254, 61.981114159792547 ], [ 30.146120101118214, 61.850809962521481 ], [ 29.982494058067221, 61.731689492648201 ], [ 29.977362128638024, 61.728287753913555 ], [ 29.971589136895059, 61.725119379019596 ], [ 29.886708328121092, 61.68254121502089 ], [ 29.864496051102943, 61.670336132327918 ], [ 29.844666051682346, 61.657257542130175 ], [ 29.827375013720694, 61.643410736294712 ], [ 29.812758627156256, 61.628907063864609 ], [ 29.80093057753043, 61.613863012507259 ], [ 29.80078328215534, 61.613646714779655 ], [ 29.797679746733145, 61.609721593190194 ], [ 29.793820230902877, 61.605945223669373 ], [ 29.78370775336748, 61.597111688881377 ], [ 29.77874192009892, 61.593244644823749 ], [ 29.772987457667071, 61.589628026147814 ], [ 29.641121248724655, 61.514536522482466 ], [ 29.634793393250074, 61.511259684152037 ], [ 29.627824758433217, 61.508290758720747 ], [ 29.610455164911585, 61.501583365927047 ], [ 29.592244872491417, 61.495121973153644 ], [ 29.565058110751721, 61.484511478673717 ], [ 29.540040497511288, 61.472759330996816 ], [ 29.517407477714652, 61.459967838637724 ], [ 29.497353035859042, 61.446248249909431 ], [ 29.480048055804705, 61.431719754570082 ], [ 29.470330529136636, 61.421463156755678 ], [ 29.470217639174191, 61.421486770305442 ], [ 29.46305576810332, 61.413920569459528 ], [ 29.457470493638734, 61.410747063139134 ], [ 29.341848619453256, 61.350654807251992 ], [ 29.319654773864048, 61.33797488491156 ], [ 29.299976611313454, 61.324391152972645 ], [ 29.298814050199937, 61.323504961205877 ], [ 29.28116156119756, 61.308511737706716 ], [ 29.277074717405963, 61.30461837898423 ], [ 29.266576111139869, 61.294616690828477 ], [ 29.257141460020765, 61.286649398991969 ], [ 29.207559214715328, 61.249224562104409 ], [ 29.202873766305849, 61.245999163481322 ], [ 29.197119944437588, 61.243217191685638 ], [ 29.136561974118777, 61.216300971151959 ], [ 29.12984648786189, 61.213577925562866 ], [ 29.122637928731752, 61.211164867573125 ], [ 28.995385882646968, 61.172531959705182 ], [ 28.967178648380692, 61.163052108036503 ], [ 28.9482719461692, 61.156057500959278 ], [ 28.907154495703164, 61.138397803124548 ], [ 28.861781572036861, 61.115814748877902 ], [ 28.85520463058128, 61.112835825975601 ], [ 28.845111805665486, 61.109067761091318 ], [ 28.830597717547985, 61.104101086951353 ], [ 28.800204754428787, 61.091122951767517 ], [ 28.772894044850673, 61.076649040431555 ], [ 28.751143816391309, 61.06227792594391 ], [ 28.744396339718051, 61.05816542054901 ], [ 28.720105923482297, 61.044684951479745 ], [ 28.696339353153046, 61.030033154492145 ], [ 28.675821291337567, 61.014294313219565 ], [ 28.658767693275493, 60.9976377375664 ], [ 28.655686318320029, 60.994192898637031 ], [ 28.647442049533403, 60.986968237397839 ], [ 28.619214270183875, 60.965485262687096 ], [ 28.614306404602679, 60.962101800314727 ], [ 28.597945656232259, 60.959535384816512 ], [ 28.597996241453288, 60.95945714741277 ], [ 28.577745018412173, 60.956288412365105 ], [ 28.546550992134392, 60.949842330602209 ], [ 28.516678232015312, 60.94204943272689 ], [ 28.488377985417468, 60.932975442982183 ], [ 28.461887675064897, 60.922696854415037 ], [ 28.4374288595317, 60.911300258970002 ], [ 28.358548706875411, 60.870982847159439 ], [ 28.337044436416431, 60.858955101950997 ], [ 28.31780498664736, 60.846064364607315 ], [ 28.24860208161487, 60.7950284567995 ], [ 28.243667792234, 60.791717642988239 ], [ 28.237091127263888, 60.789168846274741 ], [ 28.193224121477744, 60.773672745864538 ], [ 28.164492980584434, 60.762415222293022 ], [ 28.138191630208098, 60.749831297152653 ], [ 28.114581425096418, 60.73604732833747 ], [ 28.004058346788533, 60.664399184817064 ], [ 27.987483245295348, 60.653671985068002 ], [ 27.973576508857036, 60.645669631944202 ], [ 27.902803376921891, 60.609331594413057 ], [ 27.883925238394138, 60.598840820753281 ], [ 27.810782382170217, 60.554805894009718 ], [ 27.786206725745437, 60.538131305024557 ], [ 27.765661901485704, 60.520211965420408 ], [ 27.758799243055719, 60.51222153199047 ], [ 27.752810838701119, 60.505959380207443 ], [ 27.74690018261888, 60.502706127257916 ], [ 27.724113337474609, 60.491311899605535 ], [ 27.718235586956691, 60.488616606968648 ], [ 27.712104416821106, 60.487012574293786 ], [ 27.70527753114488, 60.485594889421591 ], [ 27.689747636909708, 60.483165070629319 ], [ 27.684008274349015, 60.482397063044004 ], [ 27.650042987707256, 60.476022879570046 ], [ 27.642039722018481, 60.474056565613765 ], [ 27.629542482165448, 60.471352926827976 ], [ 27.621308578659399, 60.470869166636696 ], [ 27.607753413058894, 60.470439909354397 ], [ 27.575781105677542, 60.468015882823643 ], [ 27.544343997169822, 60.464206273742768 ], [ 27.513692596367079, 60.459041385005754 ], [ 27.506641969817164, 60.457679059229335 ], [ 27.498218037829865, 60.458521076517755 ], [ 27.466050346340893, 60.462534839273971 ], [ 27.457026722229664, 60.463912501381905 ], [ 27.441595529378329, 60.46931768275325 ], [ 27.441512439552604, 60.46926085355507 ], [ 27.423152256485814, 60.475734053949047 ], [ 27.392255528118948, 60.48447724039422 ], [ 27.359709825535248, 60.49167017178403 ], [ 27.325833331025862, 60.497242230284904 ], [ 27.290957878301644, 60.501138649903233 ], [ 27.255425574344621, 60.503321081400806 ], [ 27.21958529719608, 60.503767989922046 ], [ 27.183789111344328, 60.502474880403796 ], [ 27.14838864388566, 60.499454347892922 ], [ 27.113731465368247, 60.494735952010316 ], [ 27.080157519163681, 60.488365916931613 ], [ 27.047995642346631, 60.480406660365652 ], [ 27.017560219428656, 60.47093615706504 ], [ 26.989148007934762, 60.460047144360018 ], [ 26.963035171806528, 60.447846179033547 ], [ 26.962242670319156, 60.447437821944561 ], [ 26.96099082421, 60.447482689054915 ], [ 26.930025010949073, 60.449381619875339 ], [ 26.895694932834299, 60.449870998745972 ], [ 26.861387871604819, 60.448757255507637 ], [ 26.827414227494263, 60.446050373838361 ], [ 26.794081253689864, 60.441774748330474 ], [ 26.761690148363588, 60.435968956609024 ], [ 26.730533213609551, 60.428685397361122 ], [ 26.70152472752957, 60.420175787833685 ], [ 26.701261940865436, 60.420107030032753 ], [ 26.689880705940048, 60.418395447297179 ], [ 26.656479372505569, 60.412483066912628 ], [ 26.624378571853555, 60.404999587653585 ], [ 26.593885354075116, 60.396016716357785 ], [ 26.565290707798589, 60.385620492514938 ], [ 26.558642611833218, 60.382675620646459 ], [ 26.548432503134979, 60.378570179307403 ], [ 26.543763095873512, 60.378326152212054 ], [ 26.538382183129773, 60.378309596650865 ], [ 26.523818904640798, 60.379749326308151 ], [ 26.52355162540659, 60.379783535074566 ], [ 26.523128406439216, 60.379817549330191 ], [ 26.520335533081351, 60.38009345572268 ], [ 26.520314219108368, 60.380043692898028 ], [ 26.490661196437149, 60.382423006949907 ], [ 26.457381167346622, 60.38355150874461 ], [ 26.423997090280579, 60.383159276658823 ], [ 26.390795465136001, 60.381249593564107 ], [ 26.358061163244578, 60.377838762276149 ], [ 26.341958856209001, 60.375774266344415 ], [ 26.324080035229475, 60.374393311226221 ], [ 26.324081010211643, 60.374390006808618 ], [ 26.322870271806181, 60.374326035309849 ], [ 26.286729990041277, 60.370559906099608 ], [ 26.251519373024227, 60.365000860871419 ], [ 26.217606175906841, 60.357706931562625 ], [ 26.185343993542169, 60.348754260165656 ], [ 26.15506843981138, 60.338236271796411 ], [ 26.127093553728798, 60.326262661510711 ], [ 26.101708475009495, 60.312958207483604 ], [ 26.091078400391751, 60.306789189026802 ], [ 26.081450481614386, 60.304762877801693 ], [ 26.051654422946804, 60.297685609409186 ], [ 26.023264142911547, 60.289301298424611 ], [ 25.996516066978092, 60.279680025589151 ], [ 25.971632343839968, 60.268902165116209 ], [ 25.94881896535658, 60.257057688392067 ], [ 25.931331253559868, 60.246158098402667 ], [ 25.929867722840655, 60.245339648428775 ], [ 25.928642374577368, 60.244777132147583 ], [ 25.902544560580964, 60.231503590054771 ], [ 25.879327842771559, 60.216982347089605 ], [ 25.866480679450184, 60.207000428264173 ], [ 25.862745049971185, 60.204421067348143 ], [ 25.856632684040409, 60.201673519035019 ], [ 25.851877015667935, 60.199912183404741 ], [ 25.845055273116632, 60.198181521891193 ], [ 25.843728822863106, 60.197878973202549 ], [ 25.835558306109867, 60.196249832013869 ], [ 25.82825321959551, 60.196646109216523 ], [ 25.820768851403024, 60.197432585669141 ], [ 25.811117302619351, 60.1989652972524 ], [ 25.7743385640388, 60.20374739595713 ], [ 25.736699946707212, 60.206563774892103 ], [ 25.698627202182283, 60.207382454798861 ], [ 25.660551247368204, 60.206194053032931 ], [ 25.651019562645157, 60.20538942648254 ], [ 25.636084125610264, 60.204476825688623 ], [ 25.628285269918933, 60.2064625062552 ], [ 25.612589220345367, 60.210962189873413 ], [ 25.580536321314696, 60.219100529544278 ], [ 25.546956312901461, 60.225591797930015 ], [ 25.512189803682151, 60.230369924152043 ], [ 25.476590026349534, 60.233386218757516 ], [ 25.440519100198273, 60.23460989478582 ], [ 25.404344182191046, 60.234028399286672 ], [ 25.368433554339862, 60.23164755100435 ], [ 25.333152696353018, 60.22749148235193 ], [ 25.298860392797923, 60.221602386248129 ], [ 25.265904923400701, 60.214040070834137 ], [ 25.234620383568313, 60.204881327478745 ], [ 25.205323179824283, 60.194219119776584 ], [ 25.189761887280149, 60.187938502388455 ], [ 25.184107624425206, 60.185878646897301 ], [ 25.176840946207189, 60.183488203755772 ], [ 25.162925822372685, 60.181375265228361 ], [ 25.130756140864879, 60.175651224568469 ], [ 25.099797352084632, 60.168444093668711 ], [ 25.070328491141016, 60.159818944444176 ], [ 25.060848233078218, 60.156736209361725 ], [ 25.051407893558604, 60.154257676210349 ], [ 25.044590242915795, 60.152221660712961 ], [ 25.029184437072981, 60.148078775804024 ], [ 25.024682850628832, 60.147868313825498 ], [ 24.992517781752905, 60.147080781502098 ], [ 24.952474115300944, 60.143827012609634 ], [ 24.950872560204946, 60.14365032824719 ], [ 24.942499884640355, 60.143127831218258 ], [ 24.867029165151326, 60.140171541428124 ], [ 24.832527907841541, 60.137971034853933 ], [ 24.798586002393396, 60.134121274689122 ], [ 24.765523643975946, 60.128658513161987 ], [ 24.733652358199127, 60.121634211660187 ], [ 24.703271946450744, 60.11311453633531 ], [ 24.674667565403706, 60.103179709840418 ], [ 24.674356829771423, 60.103060340495148 ], [ 24.646221315902569, 60.091064055202736 ], [ 24.620686900406021, 60.077704375864236 ], [ 24.598021071503922, 60.063122856431519 ], [ 24.594194930455149, 60.060383316474308 ], [ 24.587658030337934, 60.057729716527277 ], [ 24.578165481723417, 60.054228459540603 ], [ 24.553687735842296, 60.044349826882602 ], [ 24.531020922260129, 60.033449425915066 ], [ 24.510337528331071, 60.021611027850376 ], [ 24.498660914672232, 60.0136244814964 ], [ 24.487225525820215, 60.00597703343167 ], [ 24.480523610653602, 60.002381804219858 ], [ 24.474873213799398, 59.999661571638995 ], [ 24.467851298761193, 59.996612870836174 ], [ 24.459316839127176, 59.994781131132456 ], [ 24.453925351340786, 59.993785278306767 ], [ 24.445555002159303, 59.992466770714543 ], [ 24.436847543708641, 59.991986810231609 ], [ 24.425271170356989, 59.991633589762024 ], [ 24.41632127485266, 59.991584709255882 ], [ 24.409168801875403, 59.992273053702355 ], [ 24.394817776860162, 59.994079194666263 ], [ 24.363658807361304, 59.996558142659644 ], [ 24.332154911162601, 59.997647282768007 ], [ 24.322533840933577, 59.997553866849771 ], [ 24.312750116813014, 59.997722953441041 ], [ 24.304487612393249, 59.999137573726536 ], [ 24.289599764289225, 60.002114671708156 ], [ 24.256805611235734, 60.006900995131318 ], [ 24.223210298717522, 60.010089834772813 ], [ 24.189124601916667, 60.011651605351346 ], [ 24.154864059715258, 60.011571772320238 ], [ 24.120745918532055, 60.009850995461441 ], [ 24.087086056277194, 60.006505125370374 ], [ 24.054195921462156, 60.001565052769827 ], [ 24.02237952225666, 59.995076412266506 ], [ 23.991930499447413, 59.987099143811733 ], [ 23.963129315849891, 59.977706916727065 ], [ 23.936240592793592, 59.966986422671631 ], [ 23.920492068257282, 59.959378050284577 ], [ 23.920416271682335, 59.959417728173705 ], [ 23.914806656907142, 59.956728712944653 ], [ 23.908470416648111, 59.953961648485787 ], [ 23.898034395336435, 59.950891555149518 ], [ 23.890886883768918, 59.949162822273301 ], [ 23.885909305295183, 59.948283414837981 ], [ 23.877403907545649, 59.947323689324108 ], [ 23.870826202248793, 59.946948938546221 ], [ 23.86493257499032, 59.947812355354237 ], [ 23.83329721837756, 59.953112712036976 ], [ 23.814371256070164, 59.955033223813345 ], [ 23.795636958599694, 59.957290077776086 ], [ 23.76301119115276, 59.960416115662689 ], [ 23.729914581899738, 59.962002086989898 ], [ 23.696637175505572, 59.962034024605764 ], [ 23.663470686653543, 59.96051157798567 ], [ 23.615790139598396, 59.957186533530965 ], [ 23.607576707597996, 59.956804128687757 ], [ 23.593517448060542, 59.95679986357888 ], [ 23.583120993188636, 59.957013826190241 ], [ 23.547013102780447, 59.95592304415846 ], [ 23.511280093863196, 59.953006218932742 ], [ 23.476291654620987, 59.948293442000455 ], [ 23.442409427223385, 59.941833376490422 ], [ 23.409983110561942, 59.933692734553091 ], [ 23.379346713090374, 59.923955560676021 ], [ 23.350815001637905, 59.91272232980932 ], [ 23.324680188479125, 59.900108871420201 ], [ 23.301208894671255, 59.886245132642124 ], [ 23.280639422842537, 59.871273795498226 ], [ 23.26317936737416, 59.855348764738082 ], [ 23.253294832654483, 59.843695552409471 ], [ 23.251007399747849, 59.841334482567866 ], [ 23.242398560873259, 59.840393383956133 ], [ 23.148430854700297, 59.832553438143748 ], [ 23.11580317979023, 59.829023533673499 ], [ 23.08395414051564, 59.82397396637387 ], [ 23.06780689968457, 59.820989071869107 ], [ 23.05837726155557, 59.821134980452008 ], [ 23.047596729906687, 59.82157476602994 ], [ 23.015924370517709, 59.821442743756414 ], [ 22.984377531897298, 59.81989050304847 ], [ 22.953208877198723, 59.816930415778259 ], [ 22.913060628132733, 59.812171665222735 ], [ 22.905112874576925, 59.811418330385017 ], [ 22.897196997035156, 59.812141174604548 ], [ 22.896827866005303, 59.812183670178584 ], [ 22.888424572339154, 59.813376003592232 ], [ 22.885333502764535, 59.81490298442403 ], [ 22.868735170821815, 59.824003861039223 ], [ 22.843538234089163, 59.835386966188999 ], [ 22.81626344724657, 59.845496400791781 ], [ 22.787160143584462, 59.854239072536437 ], [ 22.756495159076739, 59.861534393841396 ], [ 22.724550326352993, 59.867315054903713 ], [ 22.691619802424508, 59.871527671751238 ], [ 22.658007258496156, 59.874133302043781 ], [ 22.624022962464878, 59.87510782278374 ], [ 22.589980786502522, 59.874442165604798 ], [ 22.556195173393622, 59.872142406894724 ], [ 22.522978096010203, 59.868229711641995 ], [ 22.49063604443403, 59.862740131553515 ], [ 22.459467074779301, 59.855724259639928 ], [ 22.443243743907068, 59.851593951555884 ], [ 22.435887575764468, 59.850515788322966 ], [ 22.427801428735169, 59.849730350210855 ], [ 22.422192401732637, 59.85118833181793 ], [ 22.416434422003878, 59.853067689088569 ], [ 22.414926376061061, 59.857162271749786 ], [ 22.414248129480121, 59.861220530500255 ], [ 22.417651717717778, 59.869327170054959 ], [ 22.418489469238946, 59.870939893846412 ], [ 22.424031091586091, 59.888630414263012 ], [ 22.426050653617544, 59.906495003931063 ], [ 22.424522562594657, 59.924356505453531 ], [ 22.419456407261819, 59.9420375196664 ], [ 22.410897084259535, 59.95936216858172 ], [ 22.398924568066686, 59.976157854012158 ], [ 22.38365331806882, 59.992256993992051 ], [ 22.379081176844419, 59.996509536538539 ], [ 22.375289450326214, 60.00049081768649 ], [ 22.371191646396031, 60.005419236701002 ], [ 22.356002997645511, 60.021386115105344 ], [ 22.337710899469286, 60.036508381302177 ], [ 22.316491467533158, 60.05063708004748 ], [ 22.292550430967673, 60.063632854045359 ], [ 22.266121189954326, 60.075367355969732 ], [ 22.237462560480964, 60.085724555516016 ], [ 22.206856227001914, 60.09460192661296 ], [ 22.174603928372555, 60.101911501060059 ], [ 22.141024406817408, 60.107580776213823 ], [ 22.106450153712455, 60.111553465910966 ], [ 22.071223989502275, 60.113790085569043 ], [ 22.035695518024969, 60.114268364320985 ], [ 22.000217497792338, 60.112983479084065 ], [ 21.980950157394673, 60.111802300557812 ], [ 21.971386526347459, 60.111695649060998 ], [ 21.961154586762898, 60.112169823232691 ], [ 21.953174089473283, 60.112772106549521 ], [ 21.939213817909117, 60.114203175934165 ], [ 21.918844198376711, 60.116933633618906 ], [ 21.886904096757412, 60.119692109773901 ], [ 21.854568013526336, 60.120991875805899 ], [ 21.822103575188549, 60.120822120244974 ], [ 21.789779529058457, 60.119184190893577 ], [ 21.757863413135158, 60.116091585002977 ], [ 21.752049767133531, 60.115390579402245 ], [ 21.743409452603416, 60.114782272121595 ], [ 21.728748956056904, 60.114109160661229 ], [ 21.726101498787745, 60.11405060453594 ], [ 21.690667688399301, 60.112383155223547 ], [ 21.655713728600354, 60.108968264894997 ], [ 21.621586783763579, 60.103839785032321 ], [ 21.613051764279327, 60.102323020203535 ], [ 21.609344771479037, 60.102217763950968 ], [ 21.582570432722036, 60.102091268304356 ], [ 21.548405332011303, 60.100286323358652 ], [ 21.53208802524383, 60.098624988270281 ], [ 21.518960755598147, 60.097679449805668 ], [ 21.51458580613609, 60.097591602253985 ], [ 21.509615498459826, 60.099991547436424 ], [ 21.505376710464656, 60.102527497908881 ], [ 21.490382878970131, 60.110484625928969 ], [ 21.48114750504185, 60.115809354935202 ], [ 21.463171766763708, 60.127344924884952 ], [ 21.439783707153111, 60.139692436444918 ], [ 21.414118210515522, 60.150861814861514 ], [ 21.38640760236084, 60.160751001240079 ], [ 21.356903600467891, 60.169269538450536 ], [ 21.325874989294679, 60.176339430279775 ], [ 21.318756772269065, 60.17775909505103 ], [ 21.310795479397221, 60.179614646600925 ], [ 21.299926855087502, 60.182889217734015 ], [ 21.283261182357922, 60.187250908911956 ], [ 21.271254939645008, 60.190705687249626 ], [ 21.274986362344809, 60.194552264645473 ], [ 21.285167890763191, 60.20384176364734 ], [ 21.284932831872375, 60.203905048670492 ], [ 21.294623862599988, 60.212744505797545 ], [ 21.308202529038759, 60.228495162435443 ], [ 21.318736222501311, 60.244803757480383 ], [ 21.326125576153338, 60.261523379261121 ], [ 21.330299196718176, 60.278503202448007 ], [ 21.331214471029995, 60.295589833291565 ], [ 21.328858124933532, 60.312628685702336 ], [ 21.323246523326905, 60.329465376220242 ], [ 21.314425702166343, 60.345947125462914 ], [ 21.302471125586401, 60.36192415328258 ], [ 21.300859606572889, 60.363573257026815 ], [ 21.294855529719619, 60.370542178918264 ], [ 21.295355142582387, 60.373983931716012 ], [ 21.29633635045742, 60.376857030484473 ], [ 21.300475959497941, 60.393823639347382 ], [ 21.301352175103663, 60.410894666626611 ], [ 21.29895206670086, 60.427915973475116 ], [ 21.293292328486988, 60.444733640327648 ], [ 21.284419309260944, 60.461195361463766 ], [ 21.2724087679671, 60.477151833202704 ], [ 21.257365350750153, 60.492458122800556 ], [ 21.250676950017876, 60.498504091217995 ], [ 21.250387436096602, 60.49983817384755 ], [ 21.247609216390547, 60.519442553219442 ], [ 21.239144920518886, 60.540906434853369 ], [ 21.231199112311458, 60.556031359700114 ], [ 21.229592641389388, 60.559908570662998 ], [ 21.229486511037106, 60.565968596433905 ], [ 21.226620450668676, 60.58693961756088 ], [ 21.218790319861817, 60.607580381206354 ], [ 21.214346715707318, 60.616383562973461 ], [ 21.216477496127663, 60.619340516373505 ], [ 21.219515251952611, 60.622516616259411 ], [ 21.222251898983316, 60.62475579726037 ], [ 21.236612551622532, 60.635230334362362 ], [ 21.253997253414067, 60.651087499773283 ], [ 21.268108604921093, 60.667703269315993 ], [ 21.27880161662172, 60.684912798305817 ], [ 21.285964652947424, 60.702545105045708 ], [ 21.289520737514053, 60.720424744089698 ], [ 21.289428536555555, 60.738373533564499 ], [ 21.285683002425177, 60.756212320333056 ], [ 21.278315661678608, 60.773762765998939 ], [ 21.267394535408418, 60.790849136101428 ], [ 21.253023683149063, 60.807300074367838 ], [ 21.235342365796257, 60.822950343587756 ], [ 21.214523827534816, 60.837642514580793 ], [ 21.199684234880618, 60.847055003726503 ], [ 21.192456594692541, 60.85215082304417 ], [ 21.186772104189739, 60.856539633440867 ], [ 21.187811206059582, 60.858075892157245 ], [ 21.196845256052161, 60.873761499077773 ], [ 21.202723188852769, 60.889161952854053 ], [ 21.202843223946218, 60.889403215776753 ], [ 21.210406763484709, 60.897326413897581 ], [ 21.213717575731987, 60.900422687109696 ], [ 21.228329526708361, 60.918620849717946 ], [ 21.238845028983214, 60.937465299314113 ], [ 21.24094394098837, 60.943899769189912 ], [ 21.243856350445618, 60.95079448327742 ], [ 21.250658502932673, 60.95685492262448 ], [ 21.253703531075974, 60.959264316750833 ], [ 21.269350501122151, 60.974764503546083 ], [ 21.281908336462095, 60.990907928139094 ], [ 21.291257860000854, 61.007547339959878 ], [ 21.297308713019117, 61.024530748874177 ], [ 21.300000348864927, 61.041702794265461 ], [ 21.299302770611423, 61.058906152754034 ], [ 21.299139829349524, 61.060074294001687 ], [ 21.299975808194599, 61.060773048703197 ], [ 21.317787612572324, 61.077613799714108 ], [ 21.331899844415695, 61.095250339178371 ], [ 21.342151848954217, 61.113489506748444 ], [ 21.348424598499395, 61.132131230737684 ], [ 21.350642266001373, 61.150970692343861 ], [ 21.348773352479505, 61.169800555647903 ], [ 21.347102794306075, 61.177809530351624 ], [ 21.343523551461505, 61.19018203976016 ], [ 21.343460770656073, 61.190596309003496 ], [ 21.345007914744727, 61.193671660414125 ], [ 21.346837359720659, 61.196188739626336 ], [ 21.346959596315557, 61.196290163105608 ], [ 21.360217628870679, 61.206212059333687 ], [ 21.363514641235213, 61.208414230831487 ], [ 21.372679019713434, 61.21338237305946 ], [ 21.377497545237805, 61.215727368477673 ], [ 21.400384431351664, 61.22922619595672 ], [ 21.420507304680328, 61.243714400742206 ], [ 21.437676089002579, 61.259057821517558 ], [ 21.451727349490671, 61.275114198180411 ], [ 21.462525927474566, 61.291734459326896 ], [ 21.469966343158941, 61.30876407871996 ], [ 21.473973948304106, 61.326044489450616 ], [ 21.474505812155236, 61.343414543727363 ], [ 21.47155132553236, 61.360712005523268 ], [ 21.465132509997147, 61.377775062685942 ], [ 21.455304021404515, 61.394443844592196 ], [ 21.449373891419313, 61.402903300212749 ], [ 21.449516707192416, 61.403811258288499 ], [ 21.450516648218667, 61.420751171552496 ], [ 21.448191310974288, 61.437645562841318 ], [ 21.442556130129127, 61.454344127021798 ], [ 21.43365616771003, 61.470698072273706 ], [ 21.423262124221303, 61.484336794063438 ], [ 21.422627008285517, 61.485327946267702 ], [ 21.42976087681113, 61.493504823501809 ], [ 21.429704662894483, 61.493515869028016 ], [ 21.432365787227635, 61.496222552387636 ], [ 21.445774703194722, 61.51487352049304 ], [ 21.454876478390911, 61.534093976496862 ], [ 21.459554674009972, 61.553654611809982 ], [ 21.46067188318154, 61.562647299711486 ], [ 21.462044740080838, 61.56673145149896 ], [ 21.466163245040029, 61.584648351031149 ], [ 21.466516576017735, 61.60265458123542 ], [ 21.46309478850851, 61.620569460766376 ], [ 21.460474379890851, 61.629367290718818 ], [ 21.466511034230951, 61.63711634983509 ], [ 21.467321557318748, 61.638017533721595 ], [ 21.478602693534604, 61.654968532220252 ], [ 21.486347599764613, 61.672350055902321 ], [ 21.490475287829703, 61.689993490330963 ], [ 21.490939584556259, 61.707727410053103 ], [ 21.487729812148228, 61.72537923284046 ], [ 21.480871131097942, 61.742776895851506 ], [ 21.470424533045936, 61.759750537633309 ], [ 21.470419491952462, 61.75975743417694 ], [ 21.469757811280246, 61.767326808806402 ], [ 21.469785575789601, 61.76897188462177 ], [ 21.466631349057494, 61.786042651037953 ], [ 21.460057201623584, 61.802876240138744 ], [ 21.450117739105064, 61.819318919151385 ], [ 21.444564212640799, 61.827073905259233 ], [ 21.437076736490017, 61.840033634057086 ], [ 21.426008679513551, 61.854281090563227 ], [ 21.412414517595671, 61.868019832440709 ], [ 21.406757497756939, 61.873150929825449 ], [ 21.39683124555485, 61.883138094907075 ], [ 21.396754127987329, 61.883120617682998 ], [ 21.394480024180488, 61.885639608904448 ], [ 21.377712161853477, 61.900246499612457 ], [ 21.358120969757341, 61.914037878706843 ], [ 21.3358734158296, 61.926893669622949 ], [ 21.311160313275053, 61.938701793212516 ], [ 21.284194716541109, 61.949359175103773 ], [ 21.27788545303704, 61.951622219746547 ], [ 21.275188907889522, 61.95438483898026 ], [ 21.254674619208995, 61.97253940294258 ], [ 21.245559600995527, 61.978742514857494 ], [ 21.237089054065816, 61.98505288616014 ], [ 21.239191660667576, 61.989300476214574 ], [ 21.269539674010932, 62.039247245354929 ], [ 21.279909534014486, 62.061444306335382 ], [ 21.281223228914651, 62.065433679514769 ], [ 21.285320800882438, 62.084525921539544 ], [ 21.288574917531339, 62.116717174742789 ], [ 21.289614691008428, 62.121516363938042 ], [ 21.292817216452001, 62.126110024674418 ], [ 21.295032872155563, 62.128791921315006 ], [ 21.307177291833021, 62.145976384773817 ], [ 21.315616106545594, 62.163627770229525 ], [ 21.320258218184364, 62.181568833667356 ], [ 21.32105032751814, 62.199619128384136 ], [ 21.317977730981163, 62.217596806449407 ], [ 21.313718673947754, 62.228518322676358 ], [ 21.313191109094475, 62.230367497748752 ], [ 21.306630855744491, 62.247182683220842 ], [ 21.296667636539542, 62.263612072057491 ], [ 21.283386898813841, 62.279505942409088 ], [ 21.266904841083527, 62.294719226732113 ], [ 21.247367518543321, 62.309112858558322 ], [ 21.224949648775947, 62.322555071332516 ], [ 21.199853123418077, 62.334922636207196 ], [ 21.194785536767245, 62.337189079374006 ], [ 21.193988342645763, 62.338430544074278 ], [ 21.185299061591479, 62.354786712144879 ], [ 21.170940775018909, 62.373007899284119 ], [ 21.152404896628763, 62.390375098236092 ], [ 21.138167980034041, 62.400695672212954 ], [ 21.134000546386119, 62.404035401213541 ], [ 21.132785330116626, 62.40837749912766 ], [ 21.132020491566053, 62.412808401091667 ], [ 21.131733875247114, 62.416436564283046 ], [ 21.128332510130129, 62.434512196836486 ], [ 21.121021386392027, 62.452316517466123 ], [ 21.116881618582394, 62.460197687610211 ], [ 21.115536198543886, 62.46476362827616 ], [ 21.113667092537632, 62.475018618737181 ], [ 21.113326405518535, 62.478424350931817 ], [ 21.113543717361768, 62.48183503983563 ], [ 21.115449263687026, 62.494909128956408 ], [ 21.116220645256593, 62.511472497466087 ], [ 21.113706378722643, 62.527982423339452 ], [ 21.107922512368212, 62.544298709711285 ], [ 21.09891304257054, 62.560282586968171 ], [ 21.08674971406915, 62.575797901107258 ], [ 21.071531572725792, 62.590712286932508 ], [ 21.065666722040458, 62.59582674632162 ], [ 21.065685968197521, 62.600155703490287 ], [ 21.067245853364142, 62.614343079811576 ], [ 21.070098604212134, 62.625783389620409 ], [ 21.073888604816133, 62.635482138298464 ], [ 21.079334422854082, 62.656142683072417 ], [ 21.079596536678913, 62.676930161176649 ], [ 21.079446326178289, 62.678262530267084 ], [ 21.086131324763052, 62.686742428149707 ], [ 21.08609871278183, 62.68674776571973 ], [ 21.086998431846116, 62.687738098503274 ], [ 21.098805273521577, 62.705768200196353 ], [ 21.106498709957162, 62.724247337816578 ], [ 21.109987598771102, 62.742974753796368 ], [ 21.109226160044077, 62.761746638016852 ], [ 21.10841092115006, 62.767027786840245 ], [ 21.109689626762798, 62.771504775633964 ], [ 21.111920499797975, 62.777114070748823 ], [ 21.113935380289785, 62.78112953703836 ], [ 21.116205918148761, 62.783036159176056 ], [ 21.132260737696168, 62.795289551862481 ], [ 21.14930006060732, 62.811835699852935 ], [ 21.16264572830768, 62.829070296691313 ], [ 21.172155085882505, 62.846817353186623 ], [ 21.177724056849158, 62.864895353156669 ], [ 21.179288469966941, 62.88311908479762 ], [ 21.176825001166957, 62.901301521960981 ], [ 21.170351709593589, 62.91925573697565 ], [ 21.159928150191337, 62.936796825809303 ], [ 21.145655049375868, 62.953743825689763 ], [ 21.136521323956561, 62.963121567353582 ], [ 21.136524191269281, 62.965997359130128 ], [ 21.133324977421736, 62.988955746871987 ], [ 21.131213099125056, 62.996465514264656 ], [ 21.130920639913889, 63.000755893824433 ], [ 21.133426181343555, 63.003604800653051 ], [ 21.146106664882534, 63.014571396034633 ], [ 21.162790197173948, 63.030888664992396 ], [ 21.175868369012584, 63.047863685901355 ], [ 21.185205837655833, 63.065328817907634 ], [ 21.190703640852544, 63.083111302021621 ], [ 21.192300421659496, 63.101034946803239 ], [ 21.189973302570454, 63.118921859061523 ], [ 21.183738390018977, 63.136594203237081 ], [ 21.173650893336767, 63.15387597239252 ], [ 21.159804845852818, 63.170594753139277 ], [ 21.152291308052369, 63.177472465879639 ], [ 21.143821816883865, 63.186235371466026 ], [ 21.136981780100871, 63.194361431167032 ], [ 21.129974488261595, 63.20408460583738 ], [ 21.123585532453447, 63.214315271196803 ], [ 21.106257599514159, 63.233327276445365 ], [ 21.103316287532191, 63.236087596110444 ], [ 21.099806360452714, 63.240538533049843 ], [ 21.098878019510341, 63.241948405225379 ], [ 21.094850590120767, 63.249143840224491 ], [ 21.083526997695209, 63.273578776446634 ], [ 21.080784488158443, 63.281054233016334 ], [ 21.080167201376717, 63.283328569077142 ], [ 21.079479325986625, 63.287638643203401 ], [ 21.08234256691431, 63.288114880804422 ], [ 21.120363820875053, 63.295455836892025 ], [ 21.156571154377232, 63.304519264209304 ], [ 21.190580789329534, 63.315209411082257 ], [ 21.222031058043541, 63.327413259662819 ], [ 21.234326237208059, 63.33269655469995 ], [ 21.235763253113728, 63.333213224810002 ], [ 21.239030370362951, 63.334176140356291 ], [ 21.240617305685731, 63.334547330096811 ], [ 21.282026122194971, 63.345684395434148 ], [ 21.295584147693216, 63.350395038527751 ], [ 21.295592204725313, 63.35038989840249 ], [ 21.311285198441279, 63.355446409310545 ], [ 21.319612624221165, 63.3576203252913 ], [ 21.336919740335766, 63.361651588009835 ], [ 21.345832071955265, 63.363476515012152 ], [ 21.35260722482678, 63.360352084829231 ], [ 21.356171585099123, 63.358529590258314 ], [ 21.383136162932225, 63.346034315819637 ], [ 21.412677908979258, 63.334794166884244 ], [ 21.444516752396538, 63.324914658176809 ], [ 21.478352019838173, 63.316488419770181 ], [ 21.513865207946143, 63.30959436719278 ], [ 21.550722882747067, 63.30429699766168 ], [ 21.588579683335261, 63.30064581742414 ], [ 21.627081407535872, 63.29867490416995 ], [ 21.665868157542846, 63.298402607469988 ], [ 21.704577523779765, 63.299831389201373 ], [ 21.742847785409996, 63.302947804935663 ], [ 21.780321106010302, 63.307722626292446 ], [ 21.816646702910688, 63.314111103290969 ], [ 21.851483968592987, 63.322053364767847 ], [ 21.884505522346462, 63.33147495396171 ], [ 21.915400170116353, 63.342287495397578 ], [ 21.94387575018435, 63.354389488230836 ], [ 21.969661842022955, 63.367667220232015 ], [ 21.984732475700241, 63.3771193955901 ], [ 21.984833785158237, 63.377086650171769 ], [ 21.996762047319319, 63.384526558464259 ], [ 22.011940106886875, 63.387744354648412 ], [ 22.017371578760329, 63.388744905457315 ], [ 22.052980340576024, 63.397247269300621 ], [ 22.08658427819676, 63.407298633886207 ], [ 22.117847324854178, 63.418799005192646 ], [ 22.146455646000735, 63.431633878072972 ], [ 22.172120737485756, 63.445675330535437 ], [ 22.187103143108605, 63.455754834162541 ], [ 22.196973210597935, 63.461790223440708 ], [ 22.212271843919375, 63.470271618127072 ], [ 22.238613412900751, 63.486624365493455 ], [ 22.260803141660976, 63.504167071181129 ], [ 22.273934396049249, 63.517862649441376 ], [ 22.27407611976313, 63.517836402049809 ], [ 22.281832880560174, 63.526055450880129 ], [ 22.286761064104677, 63.527838476683058 ], [ 22.292517785053569, 63.529525640663671 ], [ 22.310102514806495, 63.533601034492094 ], [ 22.34600734484172, 63.542980531624579 ], [ 22.379642697861694, 63.553946501095091 ], [ 22.410654303857779, 63.566384188291224 ], [ 22.438714140512641, 63.580163314684818 ], [ 22.463523864919996, 63.595139389080728 ], [ 22.484817998277247, 63.611155168490249 ], [ 22.500290967464956, 63.626045854177612 ], [ 22.50588673438255, 63.631357099923129 ], [ 22.518262258363407, 63.646395707983309 ], [ 22.522985822651407, 63.654187398903488 ], [ 22.525488150863971, 63.657597707187264 ], [ 22.526772611465958, 63.658278624175402 ], [ 22.548775476436447, 63.671032275116637 ], [ 22.568198124038197, 63.684590549148723 ], [ 22.584884834093231, 63.698847259358679 ], [ 22.589446311587682, 63.703198038913428 ], [ 22.595215201247846, 63.706087271359678 ], [ 22.608229553046495, 63.711965464801352 ], [ 22.631892789654803, 63.724777481320238 ], [ 22.652873866174435, 63.738482294098482 ], [ 22.670994544687549, 63.752965953685823 ], [ 22.677090461778793, 63.759078919099224 ], [ 22.681854231744001, 63.763286058248454 ], [ 22.696262983610779, 63.768995350739317 ], [ 22.69595777293231, 63.769148259545695 ], [ 22.705751981987071, 63.772775633202009 ], [ 22.727406684318652, 63.781836607215787 ], [ 22.730957431546624, 63.783179954269926 ], [ 22.73751747052577, 63.785464430328503 ], [ 22.744791868783725, 63.787239718703646 ], [ 22.754872788888395, 63.789469050440594 ], [ 22.76397158934369, 63.791240083565242 ], [ 22.76450059980802, 63.791268237140059 ], [ 22.804250015486325, 63.792528372899625 ], [ 22.844776200169584, 63.79565184465887 ], [ 22.884451212325015, 63.800568203953304 ], [ 22.922874008459551, 63.807227683060631 ], [ 22.959655518200261, 63.815562875654685 ], [ 22.994422405040382, 63.825489387631173 ], [ 23.026820710045321, 63.836906652925606 ], [ 23.056519348892827, 63.849698907955656 ], [ 23.063123439977339, 63.852840332027561 ], [ 23.068761016974193, 63.855077222329086 ], [ 23.075213222712431, 63.85719622145713 ], [ 23.08428891920067, 63.859625036340717 ], [ 23.124809641888728, 63.871969423290082 ], [ 23.143995305625548, 63.879433155234842 ], [ 23.155323357899789, 63.883521659475676 ], [ 23.163539909417011, 63.885945012521489 ], [ 23.193664304581173, 63.893970523201212 ], [ 23.225765137427185, 63.904497204318915 ], [ 23.255461952953805, 63.916339219756111 ], [ 23.28247238860633, 63.92938509639643 ], [ 23.306538339030794, 63.943511897234444 ], [ 23.327428431385069, 63.958586337598661 ], [ 23.344940296264109, 63.974466001261312 ], [ 23.358902610598076, 63.991000646902421 ], [ 23.369176889246134, 64.008033594433002 ], [ 23.375659002698569, 64.025403179745496 ], [ 23.380472662252391, 64.043843419641277 ], [ 23.382050780382883, 64.048078861769767 ], [ 23.38790276848264, 64.051536841074267 ], [ 23.390103278242663, 64.052715443120078 ], [ 23.396778985782277, 64.055957746974883 ], [ 23.40706619547305, 64.057615978218948 ], [ 23.445599970269125, 64.064808851775737 ], [ 23.482350006348746, 64.073670543068587 ], [ 23.516939307769324, 64.084110430779091 ], [ 23.549011876281867, 64.096021683607916 ], [ 23.56832552337637, 64.104787334888641 ], [ 23.573875570709003, 64.10709768633339 ], [ 23.575577623549691, 64.107684321213668 ], [ 23.608375402875698, 64.120242236121243 ], [ 23.638059376412897, 64.134222352894312 ], [ 23.664298750227115, 64.149470990462575 ], [ 23.686799192479469, 64.165820303393261 ], [ 23.705306203550336, 64.183090067991856 ], [ 23.719608121134044, 64.201089611436331 ], [ 23.724763331590864, 64.208857636091778 ], [ 23.72966329673968, 64.212335184348646 ], [ 23.72992979202867, 64.212506585153179 ], [ 23.736052914868093, 64.216058007566986 ], [ 23.742509273039953, 64.218124096160366 ], [ 23.767443027692469, 64.225378292563519 ], [ 23.801906720028931, 64.237895547500045 ], [ 23.833165965147771, 64.251940318064698 ], [ 23.860855121723194, 64.267350405398673 ], [ 23.861503621050094, 64.267753563316447 ], [ 23.86702398048369, 64.270545121785389 ], [ 23.878002221998472, 64.275490008096 ], [ 23.900629040084645, 64.287573522166781 ], [ 23.920838513987732, 64.300443722439553 ], [ 23.938478952511556, 64.314006095000266 ], [ 23.944995341229884, 64.319548625580879 ], [ 23.954590230920637, 64.32675502081257 ], [ 23.970144870801267, 64.341189556953651 ], [ 23.982757137137828, 64.356144291819817 ], [ 23.992324951936443, 64.371503765439002 ], [ 23.996617463895983, 64.379811801613542 ], [ 23.999964841284438, 64.384169246152524 ], [ 24.000988420398567, 64.385306668490841 ], [ 24.00476126905864, 64.38900356527023 ], [ 24.015495082055768, 64.393781239288799 ], [ 24.03985336428342, 64.405597420537774 ], [ 24.061794274285411, 64.418275215012542 ], [ 24.080832311016135, 64.431499190192724 ], [ 24.080921063693747, 64.431554264692338 ], [ 24.093833817689482, 64.435238947701052 ], [ 24.099688809098669, 64.436736677876567 ], [ 24.131252292477321, 64.446601527325697 ], [ 24.160632632061038, 64.457678650343411 ], [ 24.187575769838904, 64.469873171286665 ], [ 24.211847630287302, 64.48308053918835 ], [ 24.218164880994543, 64.486858772339914 ], [ 24.228741789322989, 64.491099882694499 ], [ 24.236971615170667, 64.494077652214116 ], [ 24.265506180422918, 64.506576230508074 ], [ 24.291180920708577, 64.520189369175654 ], [ 24.313753103182403, 64.534790549114845 ], [ 24.333007823633928, 64.550243891275983 ], [ 24.348760120817058, 64.566405381320038 ], [ 24.360856856045991, 64.583124175074985 ], [ 24.36917833562681, 64.600243974346483 ], [ 24.373728046229132, 64.612507681745441 ], [ 24.378409754049176, 64.621897464039435 ], [ 24.379955315994135, 64.624355232067074 ], [ 24.383131045119832, 64.628575840907828 ], [ 24.387251212971453, 64.632647843314601 ], [ 24.388149874686111, 64.633429620391468 ], [ 24.405556161854253, 64.650751894206834 ], [ 24.418726403494162, 64.668731030529358 ], [ 24.420368967282897, 64.671455347571879 ], [ 24.423293022267508, 64.675508822382952 ], [ 24.433248414660245, 64.680850663378394 ], [ 24.443328600581708, 64.68571656694877 ], [ 24.467256587206339, 64.69971773286322 ], [ 24.488017662127245, 64.714615312545433 ], [ 24.505417720402413, 64.730273684844178 ], [ 24.519292405156225, 64.746550092469107 ], [ 24.529508774225317, 64.76329591065911 ], [ 24.535966715021569, 64.780357976357337 ], [ 24.538600087965229, 64.797579967070547 ], [ 24.538915533469147, 64.805262782316944 ], [ 24.541393932937812, 64.806840889721471 ], [ 24.561880132703823, 64.818691644677358 ], [ 24.583961141608256, 64.834561404783315 ], [ 24.602212619682902, 64.851281935018093 ], [ 24.616439350028827, 64.868680812895022 ], [ 24.626486706034694, 64.886578318096269 ], [ 24.632242530590002, 64.904789251841834 ], [ 24.633638616059439, 64.923124825118819 ], [ 24.630651757124799, 64.941394597771335 ], [ 24.62330435161693, 64.959408449382579 ], [ 24.61166452827818, 64.976978561955178 ], [ 24.595845785035973, 64.993921393645422 ], [ 24.585437651257294, 65.003574460446401 ], [ 24.574708022762156, 65.015847807850747 ], [ 24.572003158178742, 65.019818538656708 ], [ 24.568315294294525, 65.026072181643926 ], [ 24.564932116071986, 65.032838894343811 ], [ 24.563308945375656, 65.037122871279252 ], [ 24.569362122722072, 65.040676312994691 ], [ 24.580394226026446, 65.046527798214001 ], [ 24.591703347126113, 65.052057397613154 ], [ 24.647409132615813, 65.077162796044732 ], [ 24.654400498107456, 65.080035183161087 ], [ 24.663991825556639, 65.080564978457829 ], [ 24.697899382733045, 65.081762457158632 ], [ 24.740531819900376, 65.084180335063024 ], [ 24.782455774326181, 65.088397608106263 ], [ 24.825052893270904, 65.093639181060979 ], [ 24.834593149958511, 65.09461294493957 ], [ 24.838842886625891, 65.094706835225892 ], [ 24.870996648704487, 65.094808670864793 ], [ 24.911438420188336, 65.096570428846761 ], [ 24.951374253666067, 65.099948429739641 ], [ 24.990445737738668, 65.104912245594221 ], [ 25.02830176654011, 65.111417202388395 ], [ 25.064601527881653, 65.119404762924688 ], [ 25.099017425844337, 65.128803028232184 ], [ 25.131237917959119, 65.139527354058998 ], [ 25.160970246731534, 65.151481078238575 ], [ 25.187943044869467, 65.164556353906519 ], [ 25.211908793202682, 65.178635082728917 ], [ 25.232646109988618, 65.19358994148206 ], [ 25.249961850133811, 65.209285494499881 ], [ 25.263692992879957, 65.225579383685258 ], [ 25.273708296764433, 65.242323586970045 ], [ 25.279909701223538, 65.2593657353179 ], [ 25.280303794392744, 65.260947372303164 ], [ 25.281640638117459, 65.263708449629391 ], [ 25.288169883611769, 65.274430469824381 ], [ 25.294489851548747, 65.291132417527024 ], [ 25.297078293471035, 65.307982042028399 ], [ 25.295905494246686, 65.324831345253614 ], [ 25.290974760718029, 65.341532067243335 ], [ 25.282322639230404, 65.3579369904906 ], [ 25.270018836047257, 65.373901244451417 ], [ 25.266649147856533, 65.377652445310247 ], [ 25.270478089506813, 65.384856573053057 ], [ 25.277777808145682, 65.402745595081015 ], [ 25.280770011533736, 65.420819041781471 ], [ 25.279415769986375, 65.438894240282735 ], [ 25.273720064317317, 65.456788148073059 ], [ 25.263732088762861, 65.474319206529373 ], [ 25.249545098270083, 65.491309193707636 ], [ 25.231295787477894, 65.50758505715666 ], [ 25.20916319415749, 65.522980707145635 ], [ 25.183367125977252, 65.537338750555605 ], [ 25.154166116115885, 65.550512145802799 ], [ 25.12838518109368, 65.559971381643308 ], [ 25.1252217391716, 65.561250806372783 ], [ 25.121899724722741, 65.562893247935321 ], [ 25.101699711646855, 65.573916871236605 ], [ 25.071950346158932, 65.587066576866732 ], [ 25.039073358957122, 65.598865191906384 ], [ 25.003407438213106, 65.609189757785188 ], [ 24.965321717105766, 65.617932519729237 ], [ 24.925211866697762, 65.625002105855927 ], [ 24.883495844365253, 65.630324532344048 ], [ 24.840609349171142, 65.633844021485899 ], [ 24.79700104146492, 65.63552362170779 ], [ 24.753127588838179, 65.635345621148531 ], [ 24.709448604194009, 65.633311749071495 ], [ 24.687120024200667, 65.631790145278615 ], [ 24.681209476869743, 65.6336417618502 ], [ 24.67619787217949, 65.635561963484875 ], [ 24.671310800307879, 65.64119502462998 ], [ 24.655183621918038, 65.657244892960506 ], [ 24.635329593087565, 65.672538102737391 ], [ 24.611932056049536, 65.686928638370176 ], [ 24.585209263909803, 65.700278865412784 ], [ 24.555412441430171, 65.712460888354599 ], [ 24.522823476268542, 65.723357820537103 ], [ 24.487752259376748, 65.73286495188357 ], [ 24.4505336989731, 65.740890800997619 ], [ 24.4115244380585, 65.74735803927787 ], [ 24.371099310679124, 65.752204276001734 ], [ 24.329647576895837, 65.755382694838133 ], [ 24.287568980553552, 65.756862533931709 ], [ 24.245269677321676, 65.756629403538795 ], [ 24.203158082985745, 65.754685437149263 ], [ 24.161640693529801, 65.751049274068762 ], [ 24.154522753441309, 65.750274355128298 ], [ 24.143845859499024, 65.750448877901164 ], [ 23.671821367639652, 65.767235023229532 ], [ 23.629710470076553, 65.767816220865555 ], [ 23.587594899128444, 65.766694124729526 ], [ 23.545878617214097, 65.763879379938828 ], [ 23.504961528901223, 65.759398852815636 ], [ 23.465235424616168, 65.753295362652281 ], [ 23.427080024359494, 65.745627252228189 ], [ 23.390859169326575, 65.736467802189381 ], [ 23.356917206507745, 65.725904496271198 ], [ 23.291303585921924, 65.703328181699334 ], [ 23.28311987203351, 65.70076866906463 ], [ 23.273219371420208, 65.70165684045493 ], [ 23.043038765879462, 65.727008964439293 ], [ 23.033652303375025, 65.728229503315532 ], [ 23.024234552623344, 65.7303073613257 ], [ 22.985266241222526, 65.73786830693814 ], [ 22.944594685615776, 65.743759617880116 ], [ 22.902630955069181, 65.747921553921287 ], [ 22.859799968100006, 65.75031185025432 ], [ 22.816535956634013, 65.750906173677024 ], [ 22.773277808754017, 65.749698387605449 ], [ 22.730464350505677, 65.746700622315515 ], [ 22.688529628482645, 65.741943149329899 ], [ 22.647898254897239, 65.735474061413768 ], [ 22.608980875557489, 65.727358762166489 ], [ 22.572169818661521, 65.717679271641543 ], [ 22.537834978675889, 65.706533356748864 ], [ 22.506319984910199, 65.694033497344492 ], [ 22.477938698897539, 65.680305700856181 ], [ 22.452972078518282, 65.66548817999572 ], [ 22.431665440161616, 65.649729909547588 ], [ 22.414226143307474, 65.633189079383257 ], [ 22.400821714927432, 65.616031461722045 ], [ 22.391578424236137, 65.598428711245518 ], [ 22.34862376751585, 65.490914654036203 ], [ 22.346398419008107, 65.486644353974683 ], [ 22.336115702248872, 65.485921111379767 ], [ 22.046471943202391, 65.471460172304745 ], [ 22.005263829516224, 65.468506399490693 ], [ 21.964886582075415, 65.46388549009518 ], [ 21.925727501737676, 65.457641701018105 ], [ 21.888161532054127, 65.449834837840939 ], [ 21.852547496923091, 65.440539653504004 ], [ 21.819224533790528, 65.42984509771297 ], [ 21.788508763129016, 65.417853425979374 ], [ 21.760690230615577, 65.404679178773051 ], [ 21.736030153587667, 65.390448042653148 ], [ 21.714758498134476, 65.375295606427485 ], [ 21.69707190773061, 65.359366026358956 ], [ 21.683131998784383, 65.342810615181904 ], [ 21.673064033001122, 65.325786370212597 ], [ 21.666955971177405, 65.308454456140069 ], [ 21.655904538273145, 65.261463502194957 ], [ 21.654047567661632, 65.256445858831057 ], [ 21.650867314451919, 65.251540677821893 ], [ 21.572467955603699, 65.152298133730653 ], [ 21.568943264304345, 65.148417378995347 ], [ 21.563830235494553, 65.144882456716005 ], [ 21.299837248070343, 64.978300857350973 ], [ 21.278461352492652, 64.963174457283898 ], [ 21.260630169410653, 64.947248499916057 ], [ 21.246508410189708, 64.930675631278959 ], [ 21.236224463796809, 64.913614439509445 ], [ 21.22986940417146, 64.896227908208104 ], [ 21.227496382654028, 64.878681837612618 ], [ 21.229120401075001, 64.861143249646886 ], [ 21.229842292685952, 64.857655358694544 ], [ 21.229733524046125, 64.853500993260511 ], [ 21.231520481168104, 64.834765797291865 ], [ 21.237836575933645, 64.816238136467135 ], [ 21.248604464317072, 64.798118540682154 ], [ 21.26369925878603, 64.780602747326256 ], [ 21.282950225951819, 64.763879615506454 ], [ 21.304834981993743, 64.74901791137377 ], [ 21.305438815985774, 64.748566760114244 ], [ 21.305031902605389, 64.744414505117561 ], [ 21.304943632777412, 64.743988020004153 ], [ 21.303305471548434, 64.726447052667282 ], [ 21.305635612129123, 64.708943590939484 ], [ 21.311904509979616, 64.6916436420899 ], [ 21.322045558623056, 64.674710987786071 ], [ 21.335955988002361, 64.658305646489481 ], [ 21.353498082254326, 64.642582381889923 ], [ 21.374500696547884, 64.627689270440328 ], [ 21.398761051121983, 64.613766340163536 ], [ 21.426046779595808, 64.600944291954349 ], [ 21.456098207958988, 64.589343313610897 ], [ 21.45907853997825, 64.588301678827079 ], [ 21.464798736161178, 64.584550083919822 ], [ 21.537664672653239, 64.530853659455445 ], [ 21.54230282575466, 64.527005118069724 ], [ 21.544080665452658, 64.5243697898118 ], [ 21.549731785760518, 64.514026226518652 ], [ 21.561878810744233, 64.498394082648176 ], [ 21.577284091296633, 64.483330790750173 ], [ 21.595813087225213, 64.468962924395356 ], [ 21.621724553337888, 64.450874309274553 ], [ 21.626627315212833, 64.44701982764208 ], [ 21.620731849572259, 64.443373671194692 ], [ 21.441728371551104, 64.343222890300339 ], [ 21.433811199159681, 64.339264444545393 ], [ 21.424907483233753, 64.335728532609906 ], [ 21.27116740821177, 64.281194615673357 ], [ 21.257209033832197, 64.276709602509968 ], [ 21.225147583590321, 64.26528977334948 ], [ 21.195834838691376, 64.252535415290424 ], [ 21.16956335496771, 64.238575395589265 ], [ 21.146593793858482, 64.223550590552122 ], [ 21.127152384512641, 64.207612415331795 ], [ 20.708352390492788, 63.812781411987608 ], [ 20.705373769374152, 63.810048209217385 ], [ 20.55770825455814, 63.679407249764701 ], [ 20.552782690207543, 63.675524611880626 ], [ 20.542943833189756, 63.674852741776398 ], [ 20.194393022447581, 63.658638371234616 ], [ 20.156731755600507, 63.656029871303254 ], [ 20.119760333822363, 63.651835345853492 ], [ 20.083814882158386, 63.646092879411107 ], [ 20.049221703835538, 63.638854614975628 ], [ 20.016294183612128, 63.63018625840774 ], [ 19.985329837492074, 63.62016645466305 ], [ 19.956607540592618, 63.608886042809999 ], [ 19.930384961952736, 63.59644719805447 ], [ 19.812172896212598, 63.534620654602556 ], [ 19.787807074219614, 63.52048790921387 ], [ 19.766660892646925, 63.505354933419248 ], [ 19.748937723991538, 63.489370851775554 ], [ 19.667224893999933, 63.405309231531049 ], [ 19.662900646664681, 63.401388136002097 ], [ 19.650352712140229, 63.401296194948038 ], [ 19.615384519866094, 63.400340812482256 ], [ 19.580710240994254, 63.39799755096896 ], [ 19.54660186887083, 63.394284735173272 ], [ 19.513326723091719, 63.389231423467116 ], [ 19.498292023981282, 63.386610245751896 ], [ 19.497435238319675, 63.386541757901703 ], [ 19.460885509103353, 63.384434710200622 ], [ 19.423101783402778, 63.380542120760708 ], [ 19.386307466814031, 63.375008282953246 ], [ 19.350854382388519, 63.367886110754611 ], [ 19.317080863432732, 63.359243687965467 ], [ 19.285308395415083, 63.349163587654282 ], [ 19.255838456940538, 63.33774204850522 ], [ 19.228949594521787, 63.325088017640169 ], [ 19.204894761831465, 63.31132207092319 ], [ 19.183898949680401, 63.296575223007444 ], [ 19.166157128256764, 63.280987640437374 ], [ 19.06289905364002, 63.177956528519196 ], [ 19.058696042550164, 63.174228831708554 ], [ 19.048784569376441, 63.174890554609703 ], [ 19.01115834187317, 63.176563411868486 ], [ 18.973318140187391, 63.176582449424181 ], [ 18.935616281485377, 63.174947429023327 ], [ 18.898403730129491, 63.171673501935778 ], [ 18.862026657425918, 63.166791062915628 ], [ 18.826823057384217, 63.160345455190409 ], [ 18.79311945776708, 63.152396529835272 ], [ 18.761227764011899, 63.143018064560636 ], [ 18.731442271267412, 63.132297048528486 ], [ 18.704036876881673, 63.1203328412847 ], [ 18.679262522287054, 63.107236215231168 ], [ 18.657344889452535, 63.093128292242582 ], [ 18.638482373017634, 63.078139386044548 ], [ 18.622844344996253, 63.062407762801271 ], [ 18.610569724646918, 63.0460783330076 ], [ 18.601765861851643, 63.029301288243168 ], [ 18.598103128957046, 63.017412491238787 ], [ 18.597068918539858, 63.014971710861793 ], [ 18.59336227701948, 63.010839863803113 ], [ 18.458759791866846, 62.87897625804716 ], [ 18.454334039732586, 62.875116702739369 ], [ 18.447689905225321, 62.871996676705017 ], [ 18.28638343190843, 62.802966477513564 ], [ 18.276399741151138, 62.799101087611554 ], [ 18.248563486338938, 62.787218966817484 ], [ 18.223347683715421, 62.77415797919231 ], [ 18.20098755453667, 62.760041705915825 ], [ 18.181690408467961, 62.745003550554003 ], [ 18.165633778986006, 62.729185440712364 ], [ 18.152963879435863, 62.712736453943279 ], [ 18.1437943894006, 62.695811382493005 ], [ 18.138205576575807, 62.67856925181264 ], [ 18.126108070097342, 62.622935867747017 ], [ 18.124668713932998, 62.618535799815781 ], [ 18.117429346369036, 62.615594111732818 ], [ 18.021856301566512, 62.580434424929663 ], [ 17.992730809735455, 62.568555158597967 ], [ 17.966294779444048, 62.555394356799134 ], [ 17.942809949639781, 62.541084038117909 ], [ 17.922507460985067, 62.525767577387498 ], [ 17.898970346119199, 62.505842808903935 ], [ 17.894084525904528, 62.502140865115791 ], [ 17.890198164809373, 62.501293782600555 ], [ 17.862112296594457, 62.495903572938303 ], [ 17.827707120308318, 62.487327330381845 ], [ 17.795321338295903, 62.477184569456448 ], [ 17.765285375621932, 62.465579348940047 ], [ 17.737904535701464, 62.452630624492322 ], [ 17.713455859128899, 62.43847098283824 ], [ 17.692185326194636, 62.423245236775713 ], [ 17.674305430762093, 62.407108897843912 ], [ 17.659993147026274, 62.390226544648698 ], [ 17.649388304472605, 62.372770105710877 ], [ 17.642592380258638, 62.354917076287087 ], [ 17.639667712392225, 62.336848688917655 ], [ 17.640637131594541, 62.31874805749392 ], [ 17.645484004714991, 62.300798314432086 ], [ 17.654152678073437, 62.283180760109211 ], [ 17.666549305192373, 62.266073043090088 ], [ 17.682543040064168, 62.249647388872702 ], [ 17.685166623680441, 62.247276626389215 ], [ 17.680332234856607, 62.243751311028802 ], [ 17.582568288193301, 62.179210968557641 ], [ 17.564678272015779, 62.166226718941182 ], [ 17.549219831004088, 62.152576238622267 ], [ 17.536304098715242, 62.138360510676733 ], [ 17.512608325987987, 62.108814767810117 ], [ 17.501866203057055, 62.093324612368917 ], [ 17.494135491578568, 62.077450230931845 ], [ 17.489474911188534, 62.061321699860883 ], [ 17.487917818060737, 62.045070984750353 ], [ 17.487917521695042, 62.030942471767595 ], [ 17.487458240318933, 62.026567842133616 ], [ 17.4811851724284, 62.023324691710691 ], [ 17.475190848542972, 62.020515847957583 ], [ 17.449794810933625, 62.007381043358158 ], [ 17.427259469103689, 61.993134030292012 ], [ 17.40780180523894, 61.977914467594495 ], [ 17.391607781693544, 61.961871353304687 ], [ 17.378830652962055, 61.945161528865498 ], [ 17.36958963492588, 61.927948113260179 ], [ 17.363968937798813, 61.910398883953405 ], [ 17.362017164428178, 61.892684621700511 ], [ 17.363747071154073, 61.874977436270662 ], [ 17.371042881737555, 61.838840671874166 ], [ 17.376331295392429, 61.821534073310417 ], [ 17.385126023375367, 61.804564994111544 ], [ 17.397338604174696, 61.788093360735452 ], [ 17.412848881452021, 61.772274171250004 ], [ 17.431506311403673, 61.757256060634276 ], [ 17.453131526534836, 61.743179933265658 ], [ 17.47751813615324, 61.730177674055163 ], [ 17.504434743015771, 61.718370948760999 ], [ 17.519608535086455, 61.712914315993402 ], [ 17.525873192307973, 61.71040147053025 ], [ 17.525466383023144, 61.705965716756133 ], [ 17.510747323076917, 61.631502200551715 ], [ 17.509455361157485, 61.627215893760294 ], [ 17.501701756279068, 61.624965013914746 ], [ 17.457849721024147, 61.6135891042507 ], [ 17.443651139109988, 61.610332343639293 ], [ 17.421930369500796, 61.606000418526975 ], [ 17.389713941869008, 61.597739699663983 ], [ 17.359317418503363, 61.588022160743463 ], [ 17.331028967311582, 61.576940417974605 ], [ 17.305115847636515, 61.564600001082489 ], [ 17.281821853355734, 61.551118311046181 ], [ 17.261365019966071, 61.536623465063954 ], [ 17.243935616954449, 61.521253041567896 ], [ 17.229694442391786, 61.505152739002384 ], [ 17.21877143226763, 61.488474962770262 ], [ 17.2112645927077, 61.471377355236861 ], [ 17.207239258983073, 61.454021283967379 ], [ 17.206727681208157, 61.436570303469068 ], [ 17.207334610973788, 61.428084205851391 ], [ 17.201853283206511, 61.420781268932174 ], [ 17.19989856394098, 61.41851075416951 ], [ 17.189226966469917, 61.401611542341406 ], [ 17.182042136836269, 61.384300546798535 ], [ 17.178407614987378, 61.366744537824125 ], [ 17.178352522273919, 61.349112383042225 ], [ 17.18187150446327, 61.33157341528112 ], [ 17.188925008561498, 61.314295806194913 ], [ 17.194106772641764, 61.305993806578172 ], [ 17.196340799158005, 61.301661603055962 ], [ 17.196781892426273, 61.297308334726402 ], [ 17.196885004312897, 61.11728828871815 ], [ 17.198425447415158, 61.100958885112846 ], [ 17.218132547197879, 60.99603102927103 ], [ 17.21851317565147, 60.992113525789641 ], [ 17.218190869970034, 60.988192676489568 ], [ 17.214710123776822, 60.967951568442324 ], [ 17.213539678677122, 60.948308529810731 ], [ 17.21675923584715, 60.928733609364627 ], [ 17.224322597073492, 60.909460043864691 ], [ 17.236132220483274, 60.890717083211669 ], [ 17.325742269695038, 60.77153881882991 ], [ 17.329118765482953, 60.766273671367962 ], [ 17.341384961478028, 60.749951066254717 ], [ 17.356803146776631, 60.734296978531731 ], [ 17.375225086981764, 60.719457476656544 ], [ 17.396475213295648, 60.705570837590813 ], [ 17.420352361875352, 60.69276629010605 ], [ 17.446631717381607, 60.681162846506659 ], [ 17.475066940755248, 60.670868232053273 ], [ 17.505392460900094, 60.661977920400282 ], [ 17.537325909777724, 60.654574282380942 ], [ 17.55946521552314, 60.650680605882485 ], [ 17.559449259923387, 60.650659253139587 ], [ 17.663705344115481, 60.631959583725248 ], [ 17.67185713590748, 60.630266011543085 ], [ 17.686053714053319, 60.626468975573637 ], [ 17.689425322721696, 60.625459683424083 ], [ 17.721807740830354, 60.617812749913732 ], [ 17.755568066015208, 60.611775018741447 ], [ 17.790381637668986, 60.607404419622064 ], [ 17.825914170269858, 60.604742851189961 ], [ 17.861824821451812, 60.603815798983803 ], [ 17.897769307245209, 60.604632104215213 ], [ 17.933403041814771, 60.607183884940639 ], [ 17.968384279101862, 60.611446610133335 ], [ 17.976722258498786, 60.612678799454201 ], [ 17.981388775571634, 60.609077942996841 ], [ 18.030249813862909, 60.566814073869942 ], [ 18.034187842600549, 60.562979902264445 ], [ 18.035185293296582, 60.556880363861886 ], [ 18.039843759883574, 60.539279433302497 ], [ 18.047989396589987, 60.522002668895006 ], [ 18.059537592935406, 60.505218135394038 ], [ 18.074371122908016, 60.489088863154777 ], [ 18.096404854606753, 60.467953152251958 ], [ 18.11600812060432, 60.451381445177695 ], [ 18.139069510585962, 60.435952302824091 ], [ 18.15559847332338, 60.426047586012274 ], [ 18.18054217414592, 60.41256218507052 ], [ 18.208124770393393, 60.400413269794612 ], [ 18.23805927456787, 60.38972605794816 ], [ 18.276311646528164, 60.377481379970725 ], [ 18.288831458166012, 60.372977638671465 ], [ 18.307629315609475, 60.365367363944536 ], [ 18.338164765131612, 60.355380410324607 ], [ 18.370581161250279, 60.346980192237943 ], [ 18.404548959592272, 60.340251763666991 ], [ 18.439723612121547, 60.33526319118856 ], [ 18.451866844436584, 60.333866343467584 ], [ 18.459363006053039, 60.331006063922757 ], [ 18.545004479346801, 60.294483667040474 ], [ 18.550719065674233, 60.291816363885921 ], [ 18.555388723717911, 60.288703257240172 ], [ 18.575828752245808, 60.273750537551308 ], [ 18.599189493019455, 60.258482379048615 ], [ 18.62568990424684, 60.244553566609362 ], [ 18.655025343489914, 60.232122283616498 ], [ 18.675043265887101, 60.224519284558667 ], [ 18.702884649325529, 60.214939905090368 ], [ 18.732411499949517, 60.206709590071448 ], [ 18.748722644188788, 60.202652094727235 ], [ 18.756466209195018, 60.200473156634423 ], [ 18.758316717099767, 60.197911073877165 ], [ 18.77205003742899, 60.181498889571095 ], [ 18.788966693242745, 60.165856074336048 ], [ 18.808897145338531, 60.151135420652906 ], [ 18.831643183380784, 60.137480518122075 ], [ 18.856979955233065, 60.125024389289059 ], [ 18.88465821725439, 60.113888232416471 ], [ 18.914406782243152, 60.104180281583034 ], [ 18.945935141362526, 60.09599479331203 ], [ 18.978936236226552, 60.089411167739335 ], [ 19.013089357314676, 60.084493211130329 ], [ 19.048063144967028, 60.081288545354262 ], [ 19.083518669346297, 60.079828168727289 ], [ 19.119112565900451, 60.080126171444157 ], [ 19.154500202990455, 60.082179607634217 ], [ 19.189338858438227, 60.085968524900743 ], [ 19.223290881788365, 60.091456151029703 ], [ 19.256026819058224, 60.098589236388058 ], [ 19.28722847668061, 60.107298549364515 ], [ 19.316591901234069, 60.117499521042966 ], [ 19.343830251433129, 60.129093034133305 ], [ 19.368676538742324, 60.141966350022052 ], [ 19.39088621292505, 60.155994166642643 ], [ 19.41023956888391, 60.171039798712691 ], [ 19.426543951341493, 60.186956470739645 ], [ 19.439635734304488, 60.203588712075153 ], [ 19.449382052899111, 60.220773842202988 ], [ 19.455682266116956, 60.238343533395629 ], [ 19.457918745604633, 60.252615567929162 ], [ 19.458354956338461, 60.254313894508996 ], [ 19.462768963164706, 60.258139905437275 ], [ 19.608817160545545, 60.370959357083237 ], [ 19.614201238523279, 60.374669692860515 ], [ 19.622548599743354, 60.376597292219586 ], [ 19.932069902437338, 60.438251076459856 ], [ 19.940657586343292, 60.439701930431852 ], [ 19.945390502556595, 60.438113030322938 ], [ 19.976511457779566, 60.42876240951238 ], [ 20.009381526104086, 60.421009352242272 ], [ 20.04367120160968, 60.414931295670229 ], [ 20.079037445897452, 60.410588891505192 ], [ 20.115126984414839, 60.408025429140814 ], [ 20.132760211669964, 60.407216714744585 ], [ 20.138269463847816, 60.403846360095137 ], [ 20.172113185635251, 60.380866264553973 ], [ 20.195817295961415, 60.366407458592462 ], [ 20.222422290673023, 60.353257345961495 ], [ 20.251639658353799, 60.341556922786523 ], [ 20.283153914085133, 60.33143149075223 ], [ 20.316625961546613, 60.322989364926208 ], [ 20.351696656852923, 60.316320761775117 ], [ 20.387990540444495, 60.311496876827796 ], [ 20.404205511983093, 60.309783989978925 ], [ 20.406495698640519, 60.305650595973191 ], [ 20.432128351738701, 60.248368859523929 ], [ 20.433553042698996, 60.244288236998997 ], [ 20.430535788369777, 60.236904034036229 ], [ 20.429405267635147, 60.234663006118929 ], [ 20.424229230676623, 60.217729513210877 ], [ 20.422309480505248, 60.200640199126966 ], [ 20.42365847380281, 60.183550220930869 ], [ 20.428259010790491, 60.166614512180594 ], [ 20.436064570538342, 60.149986380470132 ], [ 20.446999905191745, 60.133816127882788 ], [ 20.46096188160422, 60.118249706427818 ], [ 20.477820557162456, 60.103427419943039 ], [ 20.497420475194797, 60.08948268328205 ], [ 20.519582164246639, 60.076540848878963 ], [ 20.54410382466499, 60.064718110010411 ], [ 20.570763185327412, 60.054120489263553 ], [ 20.599319512946142, 60.044842919882228 ], [ 20.629515756141963, 60.036968426809601 ], [ 20.659568534023492, 60.030017524760744 ], [ 20.666573802898135, 60.028177389930725 ], [ 20.659155176124742, 60.026737795376214 ], [ 20.339249523505874, 59.973159754310252 ], [ 20.331515763774387, 59.972044924278684 ], [ 20.323485507089664, 59.972008049303305 ], [ 20.106896509171094, 59.9757567368003 ], [ 20.09883310420383, 59.976074995273819 ], [ 20.083622065075524, 59.978883574322779 ], [ 20.083520933226872, 59.978747859997192 ], [ 20.063437722485101, 59.982415440024951 ], [ 20.029656943367112, 59.986753994131291 ], [ 19.995164235840974, 59.989407837247882 ], [ 19.960293080448555, 59.990351252202018 ], [ 19.925380799105522, 59.989575055702993 ], [ 19.890765139473501, 59.987086693518648 ], [ 19.856780853928417, 59.982910167443265 ], [ 19.823756313817714, 59.977085794838743 ], [ 19.792010199080988, 59.969669803515401 ], [ 19.249441517004492, 59.824662926997057 ], [ 19.22060973582786, 59.815962456668906 ], [ 19.193523433228204, 59.805933656284857 ], [ 19.168423684241017, 59.794666324142575 ], [ 19.145533127155598, 59.782261267313629 ], [ 19.125053974442611, 59.768829369285605 ], [ 19.107166236211764, 59.75449056815544 ], [ 19.092026171285774, 59.739372755888638 ], [ 19.079764977826045, 59.723610609804979 ], [ 19.077957883345661, 59.720922988928109 ], [ 19.070344131120699, 59.718989165729873 ], [ 18.915920973384377, 59.684288282553695 ], [ 18.884434935985411, 59.67621622433871 ], [ 18.854679824363288, 59.666600865371798 ], [ 18.826951083830195, 59.655538108912197 ], [ 18.744997059433761, 59.619300411815367 ], [ 18.720112090855334, 59.607146892316877 ], [ 18.6976729988004, 59.593826861661967 ], [ 18.677891282666767, 59.579467557738624 ], [ 18.660952343018678, 59.564205993790956 ], [ 18.647013795797918, 59.548187617123617 ], [ 18.636204083291325, 59.531564892007516 ], [ 18.628621390841161, 59.514495821750764 ], [ 18.624332874286203, 59.497142425249343 ], [ 18.623374199298663, 59.479669183485697 ], [ 18.625749390200948, 59.462241471417954 ], [ 18.631430982558868, 59.445023990503564 ], [ 18.640360470891899, 59.428179216748575 ], [ 18.652449040240562, 59.411865878683038 ], [ 18.667578568094541, 59.396237479050605 ], [ 18.685602881312573, 59.381440873285477 ], [ 18.706349251140299, 59.367614917048343 ], [ 18.729620108234641, 59.354889194222523 ], [ 18.755194958700297, 59.343382835846008 ], [ 18.782832481501359, 59.333203439488287 ], [ 18.859945451049327, 59.307580458720842 ], [ 18.866479437665323, 59.305160591647088 ], [ 18.859946556941136, 59.302699960393966 ], [ 18.644125416378358, 59.229168796382098 ], [ 18.628375500487312, 59.224364439348932 ], [ 18.55392509606197, 59.204226450679855 ], [ 18.525922020750563, 59.195764950105882 ], [ 18.499563444290597, 59.186007083136602 ], [ 18.475077107859921, 59.175037642814708 ], [ 18.452673899788792, 59.162951876987741 ], [ 18.432546024406051, 59.149854633706191 ], [ 18.414865359221814, 59.135859423775017 ], [ 18.399782014132374, 59.121087409809661 ], [ 18.376294900983506, 59.095222802383162 ], [ 18.372528614696208, 59.091532679103899 ], [ 18.365179197984819, 59.089792887351813 ], [ 18.217765462524692, 59.059012263520167 ], [ 18.185134336635254, 59.051137930936214 ], [ 18.154248736680788, 59.041566697830007 ], [ 18.125440638394771, 59.030401842711726 ], [ 18.099018753350084, 59.017763751208228 ], [ 18.075265168004634, 59.00378857259556 ], [ 18.054432318577355, 58.988626705770344 ], [ 18.036740334521632, 58.972441133547271 ], [ 18.022374777104329, 58.955405625758821 ], [ 17.986325983525262, 58.905739641705118 ], [ 17.978216896918287, 58.893159700033735 ], [ 17.971919320514846, 58.880308833636015 ], [ 17.946171456103393, 58.818150222723233 ], [ 17.944073638805637, 58.814077911665919 ], [ 17.936939280926289, 58.816055371391329 ], [ 17.883250652553301, 58.832769933196523 ], [ 17.85300183791141, 58.841137558763123 ], [ 17.821277130407381, 58.847895536547334 ], [ 17.788392641933168, 58.852976347381926 ], [ 17.754676571540656, 58.856329189602043 ], [ 17.720465802484384, 58.857920509624918 ], [ 17.686102393596403, 58.857734353562861 ], [ 17.651930007306142, 58.855772535538911 ], [ 17.618290317772555, 58.8520546205893 ], [ 17.585519442967165, 58.846617722289999 ], [ 17.553944444123051, 58.839516117500324 ], [ 17.523879934759336, 58.83082068282863 ], [ 17.495624839541044, 58.820618159558421 ], [ 17.46945934059929, 58.809010255787697 ], [ 17.346338601199243, 58.748483684429672 ], [ 17.339846193802437, 58.745585685519309 ], [ 17.332838471922546, 58.743035173660019 ], [ 17.116110844793639, 58.671853775311476 ], [ 17.088093176037127, 58.66155845532419 ], [ 17.062174677160311, 58.649862811464892 ], [ 17.038611718961008, 58.636883452068133 ], [ 17.01763642977966, 58.62274966249408 ], [ 16.99945441819526, 58.607602078792787 ], [ 16.984242797265829, 58.591591250929262 ], [ 16.972148527457993, 58.574876111728933 ], [ 16.921005678171738, 58.491755188820875 ], [ 16.912954829959887, 58.476310819739808 ], [ 16.907555768978476, 58.460557695655758 ], [ 16.852127682781667, 58.242361320806474 ], [ 16.849654530020871, 58.228441617238246 ], [ 16.835127513348755, 58.08751056641529 ], [ 16.834429998562861, 58.083706062021669 ], [ 16.833124646007462, 58.079945605772274 ], [ 16.782514693361858, 57.962035320932763 ], [ 16.777945647118294, 57.94922005965423 ], [ 16.727890836498979, 57.773468451789391 ], [ 16.724255113110399, 57.752025907859448 ], [ 16.714138094901401, 57.57344791319899 ], [ 16.712353211174729, 57.561615212312041 ], [ 16.711852397562733, 57.55961777991358 ], [ 16.710645110504242, 57.542255859073641 ], [ 16.712558020764636, 57.524918367431951 ], [ 16.717568912314412, 57.507767260504806 ], [ 16.725626792633065, 57.49096253455474 ], [ 16.736652522980016, 57.474660743689384 ], [ 16.750539698560697, 57.45901355666058 ], [ 16.767155765289608, 57.444166366064721 ], [ 16.786343358363556, 57.430256961915795 ], [ 16.807921846651748, 57.417414280760404 ], [ 16.831689065964262, 57.405757240646132 ], [ 16.857423223546501, 57.395393671348856 ], [ 16.884884955634835, 57.386419348328069 ], [ 16.913819519565141, 57.37891713791479 ], [ 16.94395910171589, 57.372956260259116 ], [ 16.975025222461717, 57.368591675573839 ], [ 17.006731219278912, 57.365863598216698 ], [ 17.038784789155581, 57.364797142157876 ], [ 17.070890571494026, 57.365402100382894 ], [ 17.112050663329843, 57.367245951469791 ], [ 17.119776512496927, 57.367391646645402 ], [ 17.122055865801027, 57.366296774712488 ], [ 17.141012073491943, 57.356309734310869 ], [ 17.166525174118906, 57.345290716862898 ], [ 17.193913210842318, 57.335681104221663 ], [ 17.222912387493309, 57.327572977203658 ], [ 17.253244058837844, 57.321043966224991 ], [ 17.279669502061523, 57.31692790021642 ], [ 17.251545846362344, 57.310660699581803 ], [ 17.222379112930923, 57.302233202730413 ], [ 17.194907447326766, 57.292274710098887 ], [ 17.169404701158836, 57.280884962584345 ], [ 17.146124333898054, 57.268177950500785 ], [ 17.125296867443421, 57.254280736295534 ], [ 17.107127605439409, 57.239332146794567 ], [ 17.091794639645514, 57.223481349929841 ], [ 17.079447161289906, 57.206886331992507 ], [ 17.073257414623367, 57.19538742793241 ], [ 17.07322379240475, 57.195392817977378 ], [ 17.045188313874799, 57.144267687405701 ], [ 17.042688470958957, 57.140366940332136 ], [ 17.039540698987338, 57.136606585227973 ], [ 16.975037761734061, 57.067930858600143 ], [ 16.973645558177509, 57.066478101767096 ], [ 16.940442444785216, 57.03254743193574 ], [ 16.925137915407202, 57.014566460920754 ], [ 16.913560199871888, 56.995780966019851 ], [ 16.905844993524887, 56.976420209200406 ], [ 16.902080361884586, 56.956720128888087 ], [ 16.900617622513693, 56.94037499451175 ], [ 16.899720682939769, 56.93560327601088 ], [ 16.897896031891587, 56.930909775202558 ], [ 16.858378096360315, 56.850443330988625 ], [ 16.855885081011554, 56.84620737692682 ], [ 16.851914435706998, 56.842322948737085 ], [ 16.813930892933929, 56.809103017967459 ], [ 16.799429179353194, 56.795037418124863 ], [ 16.787292162499771, 56.780316831561073 ], [ 16.777615622509213, 56.765060777971868 ], [ 16.722100065098505, 56.662667666269051 ], [ 16.721180873969914, 56.661024702196954 ], [ 16.668339593914297, 56.569436844090973 ], [ 16.665276496428049, 56.563794645508736 ], [ 16.580059244581573, 56.396120571367611 ], [ 16.577394883351449, 56.391362640853359 ], [ 16.482355771834019, 56.236162318131612 ], [ 16.479666328469669, 56.232337742244916 ], [ 16.474695283182292, 56.22931362692924 ], [ 16.408665681754382, 56.192590837500504 ], [ 16.403041837850743, 56.189750817228628 ], [ 16.390925360725966, 56.194758228961994 ], [ 16.390794859352372, 56.194817965478599 ], [ 16.390649055911851, 56.194872390511897 ], [ 16.390618029111284, 56.194885209855322 ], [ 16.390616928567496, 56.194884382860472 ], [ 16.364806675820951, 56.204513833314095 ], [ 16.337235173343931, 56.212749486638501 ], [ 16.308342899152631, 56.219446214230175 ], [ 16.27840549880824, 56.224539968652422 ], [ 16.247709005548593, 56.227982002269648 ], [ 16.216547011308336, 56.229739352530082 ], [ 16.18521775109318, 56.229795170952755 ], [ 16.154021133829133, 56.228148892015064 ], [ 16.123255753707692, 56.224816239961562 ], [ 16.093215916384292, 56.219829073412377 ], [ 16.064188714146013, 56.213235069512109 ], [ 16.036451183356732, 56.205097251193244 ], [ 16.010267576133121, 56.195493362904656 ], [ 15.985886776343412, 56.184515101843267 ], [ 15.963539887704645, 56.17226721330357 ], [ 15.943438019045525, 56.158866460196599 ], [ 15.925770288774782, 56.144440478074465 ], [ 15.86059220126654, 56.085116147780347 ], [ 15.85629504806292, 56.081593690695975 ], [ 15.848679680824388, 56.081597506866594 ], [ 15.773846818956674, 56.083652533940459 ], [ 15.766036141759058, 56.084083535808631 ], [ 15.765579992234162, 56.084344750421948 ], [ 15.745623006055494, 56.096979490322141 ], [ 15.722306021805363, 56.109066146240977 ], [ 15.696945405422408, 56.11979625677661 ], [ 15.669791141348487, 56.129063379336507 ], [ 15.64111161831617, 56.136775508024684 ], [ 15.6111909208519, 56.142856018822883 ], [ 15.580325937392507, 56.147244459030155 ], [ 15.548823317519219, 56.149897171691684 ], [ 15.516996313354722, 56.150787747619219 ], [ 15.485161542152133, 56.149907299605104 ], [ 15.453635708471802, 56.147264555524465 ], [ 15.422732325052102, 56.142885769171301 ], [ 15.392758471512186, 56.136814449848906 ], [ 15.364011629376634, 56.129110913890685 ], [ 15.361999781453452, 56.128501284953565 ], [ 15.354194735774573, 56.128477813561382 ], [ 15.306914247787947, 56.129626372401987 ], [ 15.299033441277677, 56.130035934237895 ], [ 15.288339489190088, 56.132498240112817 ], [ 15.278523392649705, 56.135069858513965 ], [ 15.247160680208529, 56.141162491289457 ], [ 15.214825734094042, 56.145405478906099 ], [ 15.181868043637676, 56.14775290714784 ], [ 15.167139410571467, 56.148369378901968 ], [ 15.159802513917141, 56.149062407092408 ], [ 15.147414548225674, 56.150565012345801 ], [ 15.116084338072692, 56.153462730989844 ], [ 15.084386324581043, 56.15461222611205 ], [ 15.052633812550212, 56.154002111196121 ], [ 15.021140673793587, 56.151638388993973 ], [ 14.99021811784427, 56.147544390851621 ], [ 14.960171494002951, 56.141760537947725 ], [ 14.931297162503531, 56.134343927231861 ], [ 14.903879471393386, 56.125367746908751 ], [ 14.878187873935376, 56.114920528294462 ], [ 14.854474218989884, 56.103105242733271 ], [ 14.832970243994934, 56.09003825398554 ], [ 14.813885296909026, 56.07584813804776 ], [ 14.797404309904378, 56.06067438372942 ], [ 14.783686043789157, 56.044665988468694 ], [ 14.772861618192072, 56.027979964813539 ], [ 14.768567595938578, 56.020176815845353 ], [ 14.759875637624953, 56.017970241099071 ], [ 14.734897401339818, 56.010873282583674 ], [ 14.71112441786371, 56.002578928044805 ], [ 14.688739149868173, 55.993151096293573 ], [ 14.686315184795285, 55.992033803549397 ], [ 14.678570872379357, 55.992499555373989 ], [ 14.644240080957196, 55.995533185652775 ], [ 14.613802798292378, 55.997383842801774 ], [ 14.583183378857433, 55.997588975347867 ], [ 14.552665324654532, 55.996146662518562 ], [ 14.522531165918229, 55.993070233283781 ], [ 14.493059740095694, 55.98838813882729 ], [ 14.46452351160862, 55.982143679584553 ], [ 14.437185961911631, 55.974394589838852 ], [ 14.411299078244037, 55.965212484426708 ], [ 14.387100967915924, 55.954682173590868 ], [ 14.364813623019749, 55.942900853412084 ], [ 14.344640858165883, 55.92997718052991 ], [ 14.326766441263317, 55.916030241010347 ], [ 14.325426076647705, 55.914870983412129 ], [ 14.285031259217796, 55.882959166309178 ], [ 14.268443483907904, 55.868403362459695 ], [ 14.254426206879719, 55.853019199491627 ], [ 14.243106765689829, 55.836949778567536 ], [ 14.234586997865845, 55.820344402134317 ], [ 14.228942405221703, 55.803357166406975 ], [ 14.226221577982772, 55.786145515601284 ], [ 14.22644587939237, 55.76886877203296 ], [ 14.22960938867636, 55.751686656166498 ], [ 14.235679097662109, 55.734757810513543 ], [ 14.244595354007233, 55.718238340966998 ], [ 14.256272541909858, 55.70228038872235 ], [ 14.270599989352354, 55.68703074539669 ], [ 14.271313746950719, 55.686351793344464 ], [ 14.27313427901683, 55.681866198397984 ], [ 14.276178630882725, 55.672059570900601 ], [ 14.283664817971163, 55.653667501145755 ], [ 14.294514059816972, 55.63582349532313 ], [ 14.308602659452516, 55.618723708066703 ], [ 14.325771884269633, 55.602555868348283 ], [ 14.345829855902073, 55.587497253115778 ], [ 14.357583371931764, 55.579571257530915 ], [ 14.361995516083963, 55.576295382705844 ], [ 14.361979431767757, 55.5721710190249 ], [ 14.357190810789749, 55.516598924987441 ], [ 14.356461813586163, 55.512151648146947 ], [ 14.352594578682785, 55.49555852835465 ], [ 14.351562606217378, 55.477898687036244 ], [ 14.353587831872037, 55.460269279756176 ], [ 14.358646667663477, 55.442840641852307 ], [ 14.366686375373096, 55.425780951569614 ], [ 14.377625722771787, 55.409254617672509 ], [ 14.391355902065412, 55.393420711201621 ], [ 14.39668189701923, 55.388550070185794 ], [ 14.376346219762983, 55.388585714431066 ], [ 14.345848930091925, 55.386941700755706 ], [ 14.315775433816157, 55.383614414260173 ], [ 14.286412751181537, 55.378635598629678 ], [ 14.279873534813737, 55.377325869257511 ], [ 14.272288269488222, 55.377122070352421 ], [ 14.071302962745902, 55.377116947178607 ], [ 14.063105379812123, 55.377357077111903 ], [ 14.056244565142032, 55.379919732279632 ], [ 14.026310356803664, 55.392430274123505 ], [ 13.998642828251111, 55.402754223710069 ], [ 13.969211525622722, 55.411363261070456 ], [ 13.938343032602802, 55.418161550626543 ], [ 13.906380522618401, 55.423073364290836 ], [ 13.873679824610013, 55.426043956496258 ], [ 13.840605321434275, 55.427040198194831 ], [ 13.807525734477998, 55.426050961401153 ], [ 13.775100477290572, 55.424098616237949 ], [ 13.766089485611877, 55.423662132198793 ], [ 13.737736664953699, 55.421545263928877 ], [ 13.709837840448206, 55.417971646594864 ], [ 13.682624598236423, 55.412970943223215 ], [ 13.656322614296258, 55.406584656066748 ], [ 13.631149719109215, 55.398865769544209 ], [ 13.607314039320022, 55.38987829498322 ], [ 13.595881256059986, 55.385127113547448 ], [ 13.588155744752111, 55.38412304096731 ], [ 13.56108758497639, 55.381416168685881 ], [ 13.532485103134789, 55.377761761633792 ], [ 13.504605009671952, 55.372604928254631 ], [ 13.477690732239386, 55.365990730300034 ], [ 13.451976944369372, 55.357976944628099 ], [ 13.361292229863015, 55.326440385431248 ], [ 13.354248826856532, 55.32426213851739 ], [ 13.345314064295984, 55.324358774604676 ], [ 13.314020675588624, 55.323804382526745 ], [ 13.2829779088206, 55.321472713084162 ], [ 13.252496464711484, 55.317387086702233 ], [ 13.22288120944707, 55.31158837035899 ], [ 13.194428013902215, 55.304134553645603 ], [ 13.167420699592899, 55.295100147737841 ], [ 13.142128126826787, 55.284575414369286 ], [ 13.140170227331119, 55.28367192164621 ], [ 13.135568778898188, 55.286937905687665 ], [ 13.029911459320846, 55.369762329821008 ], [ 13.01044451454943, 55.383501771686092 ], [ 12.988688653790367, 55.396080755604544 ], [ 12.964854050860502, 55.407376581686783 ], [ 12.939171762744698, 55.41727896660835 ], [ 12.911891470817487, 55.425691152806095 ], [ 12.883279011780363, 55.432530884762464 ], [ 12.853613724281207, 55.437731241307347 ], [ 12.823185640117742, 55.441241314405026 ], [ 12.792292551456841, 55.443026726584563 ], [ 12.761236987554815, 55.443069980993521 ], [ 12.730323135983385, 55.441370639976526 ], [ 12.699853744307573, 55.437945330071571 ], [ 12.670127038497569, 55.432827573345541 ], [ 12.641433694077353, 55.426067447020316 ], [ 12.614053895125675, 55.417731075338118 ], [ 12.588254514777059, 55.407899959547059 ], [ 12.564286448861793, 55.396670153721395 ], [ 12.542382131834087, 55.384151295838073 ], [ 12.522753261233113, 55.370465505088212 ], [ 12.505588753681844, 55.355746157784409 ], [ 12.491052951938126, 55.340136555419456 ], [ 12.479284098856235, 55.323788499426001 ], [ 12.470393090383268, 55.306860787972873 ], [ 12.465005284849674, 55.291105558376501 ], [ 12.464683313894241, 55.290355045997501 ], [ 12.460268147516821, 55.286872401102343 ], [ 12.450209422888403, 55.279692509413792 ], [ 12.450247343555544, 55.279675183820913 ], [ 12.438073487256643, 55.271167268296978 ], [ 12.420523681630709, 55.255990144801252 ], [ 12.405758525112756, 55.239876512004329 ], [ 12.393926721963595, 55.222992362826965 ], [ 12.385146276471444, 55.205511419636665 ], [ 12.379503415610488, 55.187613321089756 ], [ 12.377051858431221, 55.16948175649182 ], [ 12.377812433246728, 55.151302567815243 ], [ 12.381773039571673, 55.133261839459912 ], [ 12.388888947990596, 55.115543995562234 ], [ 12.399083427721514, 55.098329924170251 ], [ 12.412248688623301, 55.081795146927824 ], [ 12.428247121783949, 55.066108052074846 ], [ 12.446912820614715, 55.051428207593467 ], [ 12.468053362547696, 55.037904770234206 ], [ 12.491451829964165, 55.025675004965578 ], [ 12.511120112711415, 55.016387712487216 ], [ 12.532211264387382, 55.005236758118151 ], [ 12.537299395490693, 55.002280122677739 ], [ 12.539513460475741, 54.9983191710024 ], [ 12.551851930786441, 54.972062565424139 ], [ 12.553388248799788, 54.968073457659543 ], [ 12.55298561198771, 54.963993243920754 ], [ 12.552586823990893, 54.961762184338106 ], [ 12.551378480649928, 54.957274454844978 ], [ 12.547084516606407, 54.954129692963043 ], [ 12.542436531632047, 54.951354013093074 ], [ 12.535128747409111, 54.950024092868972 ], [ 12.534523448925517, 54.949932715743948 ], [ 12.526139638157897, 54.948947060039245 ], [ 12.517619449087933, 54.948497443883625 ], [ 12.50934799254189, 54.948323851945055 ], [ 12.502789928627861, 54.948345050626493 ], [ 12.489709667653827, 54.949023080418286 ], [ 12.48970813442509, 54.949013339843333 ], [ 12.480880283217463, 54.949645501942001 ], [ 12.449577727975747, 54.950060821764993 ], [ 12.418359688984955, 54.9486596123377 ], [ 12.387544605079365, 54.945456152118581 ], [ 12.357446647944126, 54.940483096307588 ], [ 12.328372399347717, 54.933791131625618 ], [ 12.300617620165815, 54.925448440784479 ], [ 12.27446414968867, 54.915539983093154 ], [ 12.250176971470543, 54.904166599815703 ], [ 12.228001479169956, 54.891443954920149 ], [ 12.208160972523617, 54.87750132370298 ], [ 12.190854409886263, 54.862480243416528 ], [ 12.176254439754954, 54.846533041443351 ], [ 12.169645993382071, 54.83833972714379 ], [ 12.164248370112947, 54.835522157195363 ], [ 12.12037771112243, 54.814768413493454 ], [ 12.09727980325237, 54.802659147500144 ], [ 12.076408446161938, 54.789271135740258 ], [ 12.057973005979132, 54.774740114016616 ], [ 12.042157554415887, 54.75921326035148 ], [ 12.035855443371823, 54.752245876328892 ], [ 12.025435422511793, 54.739532300021935 ], [ 12.022387276401316, 54.735401398102809 ], [ 12.022155870402132, 54.73520586262962 ], [ 12.005614312719066, 54.719567721223292 ], [ 11.991920933636973, 54.703034232626628 ], [ 11.981215550819933, 54.685778438083531 ], [ 11.973606260213455, 54.66798072077556 ], [ 11.969168451491575, 54.649826895996867 ], [ 11.967944183382341, 54.631506253585975 ], [ 11.969941918553998, 54.613209573925332 ], [ 11.970763120278319, 54.609056373775942 ], [ 11.971213150336458, 54.605616684813356 ], [ 11.971206554756032, 54.602166943381746 ], [ 11.969290988062266, 54.574049312315374 ], [ 11.968673553787095, 54.569945083002466 ], [ 11.961664494735521, 54.569333688133767 ], [ 11.956804089415392, 54.569046349884808 ], [ 11.949242969595991, 54.568821194308853 ], [ 11.944268405698006, 54.572137443507174 ], [ 11.92823799368051, 54.583970520107258 ], [ 11.927937867290527, 54.583833137106936 ], [ 11.91665607232714, 54.592085833618462 ], [ 11.89402066935218, 54.605482058427583 ], [ 11.869087064418569, 54.617427858271213 ], [ 11.842128263721813, 54.627791544801738 ], [ 11.813440306986822, 54.636458776606084 ], [ 11.783338959410168, 54.643333861051531 ], [ 11.752156150202207, 54.648340846860144 ], [ 11.714253217427025, 54.653194134913797 ], [ 11.683338280113588, 54.656201010749996 ], [ 11.652053917730228, 54.657371993551997 ], [ 11.620724656800734, 54.656694928948085 ], [ 11.589675510106211, 54.654176830938674 ], [ 11.559228474381458, 54.649843806708688 ], [ 11.529699065147305, 54.643740775909784 ], [ 11.501392931258888, 54.635930987856781 ], [ 11.474602590345109, 54.626495342552715 ], [ 11.474277668309858, 54.626367354317068 ], [ 11.466585935310112, 54.62690007976466 ], [ 11.458864047900191, 54.627668273169469 ], [ 11.451954691543259, 54.628546933451076 ], [ 11.445720196118403, 54.630485864712462 ], [ 11.364832962621534, 54.658448606292119 ], [ 11.358931412172568, 54.660703514415317 ], [ 11.353409370114722, 54.66326169119008 ], [ 11.315173317699823, 54.68268540622546 ], [ 11.297175534648717, 54.691150153827365 ], [ 11.278129381176276, 54.698808658674416 ], [ 11.233278456046625, 54.715417629072093 ], [ 11.206865784518094, 54.72415969017473 ], [ 11.17909093398471, 54.731355003456066 ], [ 11.150223522922387, 54.736933561843571 ], [ 11.138351168199344, 54.738856533479101 ], [ 11.130432122959132, 54.740704636996547 ], [ 11.11307675868825, 54.745413381049453 ], [ 11.084117742998304, 54.752255383888468 ], [ 11.054107379034258, 54.757368715001078 ], [ 11.037998550131753, 54.75960648523187 ], [ 11.030709993133115, 54.760841650673584 ], [ 11.024807046666385, 54.763606608892147 ], [ 11.014763344964447, 54.76880556874751 ], [ 11.009581948955896, 54.77175336702669 ], [ 11.006647461294513, 54.775599762768898 ], [ 11.001933531869906, 54.782662855749273 ], [ 10.999574050544778, 54.786788306170415 ], [ 11.000850432931173, 54.791071016008637 ], [ 11.003975791188289, 54.799163163366764 ], [ 11.01025026237652, 54.812216013864557 ], [ 11.011028968518266, 54.813569347274758 ], [ 11.018032836606475, 54.832010826579875 ], [ 11.021654313703726, 54.850774364396273 ], [ 11.02184882315151, 54.869653214754329 ], [ 11.019420314040351, 54.883738385043451 ], [ 11.018806827431719, 54.890712209304404 ], [ 11.018803926250339, 54.899264527814736 ], [ 11.019128269514562, 54.903352248587431 ], [ 11.021973643306945, 54.907091997209044 ], [ 11.028391102323145, 54.914578313284522 ], [ 11.032846992849397, 54.919094167195063 ], [ 11.038181755457641, 54.923281812057972 ], [ 11.069227541544386, 54.944882053552384 ], [ 11.074190401351233, 54.94801471963514 ], [ 11.087718552139616, 54.950887301708647 ], [ 11.115320865885623, 54.957626111824148 ], [ 11.141684384330048, 54.965853239797887 ], [ 11.166567839997811, 54.975493628254199 ], [ 11.189743008853013, 54.986459271347208 ], [ 11.210996764671306, 54.998649992291853 ], [ 11.230133018007972, 55.011954331024455 ], [ 11.24697452297077, 55.026250535119487 ], [ 11.261364535346551, 55.041407646173461 ], [ 11.273168306106118, 55.05728667297754 ], [ 11.28227439494569, 55.073741841942066 ], [ 11.288595789342654, 55.090621914419522 ], [ 11.292070815630403, 55.107771559807681 ], [ 11.292663829850634, 55.125032772613345 ], [ 11.290365677637874, 55.142246321031095 ], [ 11.285193914136185, 55.159253214055205 ], [ 11.277192776947544, 55.175896173708921 ], [ 11.26643290735495, 55.192021098656518 ], [ 11.253010817538771, 55.207478505275432 ], [ 11.245791534294865, 55.214873129209465 ], [ 11.24537520367674, 55.216089356022252 ], [ 11.237492235878062, 55.234110963906325 ], [ 11.226390151184015, 55.251569157478812 ], [ 11.212184022449755, 55.268276546949551 ], [ 11.19502277354079, 55.284053576607946 ], [ 11.175087714070893, 55.298730486845834 ], [ 11.152590693734686, 55.312149177937265 ], [ 11.127771891727628, 55.324164953534506 ], [ 11.115955759535346, 55.328775525306604 ], [ 11.10843927566588, 55.332019088057898 ], [ 11.105472635146958, 55.333932991148217 ], [ 11.10230763517032, 55.336462048767196 ], [ 11.098979171150027, 55.34091728077955 ], [ 11.090087694034281, 55.354867492644836 ], [ 11.088038970099106, 55.358575826780509 ], [ 11.087777864339783, 55.361967917968734 ], [ 11.088115918212715, 55.365908982928246 ], [ 11.092738275042146, 55.373266474153951 ], [ 11.093458951242166, 55.374253370719003 ], [ 11.10234286069789, 55.390689274672333 ], [ 11.108435920839847, 55.40753285901355 ], [ 11.11167896284973, 55.424630349392579 ], [ 11.112038682588835, 55.441825459781924 ], [ 11.109508076871576, 55.458960814423392 ], [ 11.104106643015124, 55.475879386887812 ], [ 11.095880334902171, 55.492425943171789 ], [ 11.084901271002487, 55.508448475454287 ], [ 11.081225650577062, 55.513133284531435 ], [ 11.080785790345034, 55.517524636716949 ], [ 11.077415439542603, 55.535333650678297 ], [ 11.07093503581901, 55.55286284321425 ], [ 11.061405065668124, 55.569937646377163 ], [ 11.048916709157147, 55.58638779998207 ], [ 11.033591074123418, 55.602049068925233 ], [ 11.015578111944587, 55.616764907912398 ], [ 10.995055220716219, 55.630388055753116 ], [ 10.972225545793407, 55.642782041825683 ], [ 10.947315991853376, 55.653822587999933 ], [ 10.938990402626246, 55.656805181447098 ], [ 10.930296971452396, 55.660280246345209 ], [ 10.930283743683466, 55.660309385238079 ], [ 10.924596658471444, 55.676404313884952 ], [ 10.91615316586098, 55.692389858752136 ], [ 10.90511686806364, 55.707862366283713 ], [ 10.891580372902176, 55.722687842601623 ], [ 10.875906610626206, 55.736518743201025 ], [ 10.875845918173491, 55.736578466105875 ], [ 10.875596183986868, 55.739608835067585 ], [ 10.875847054787359, 55.742512802388063 ], [ 10.883025512075656, 55.742091706001666 ], [ 10.934412079773692, 55.737653994252064 ], [ 10.965485512464095, 55.73583647127554 ], [ 10.996724994213366, 55.735741315615954 ], [ 11.027833476770752, 55.737369427303449 ], [ 11.058515107810441, 55.740705314140556 ], [ 11.088477931135138, 55.745717233441766 ], [ 11.117436557412248, 55.752357482450677 ], [ 11.145114785028666, 55.760562835208475 ], [ 11.171248150657599, 55.770255122508665 ], [ 11.195586389158942, 55.781341950437834 ], [ 11.217895782506398, 55.793717551872447 ], [ 11.237961377573299, 55.80726376418005 ], [ 11.25558905284462, 55.821851125264601 ], [ 11.270607414487076, 55.837340079006793 ], [ 11.282869502735849, 55.853582280088389 ], [ 11.292254290280408, 55.870421987163823 ], [ 11.298667955285378, 55.88769753236668 ], [ 11.302044912897076, 55.905242854221498 ], [ 11.302348590586307, 55.922889080192647 ], [ 11.299571934485318, 55.940466144352982 ], [ 11.293737636001422, 55.957804425015119 ], [ 11.284898070434725, 55.974736386653248 ], [ 11.279779074370825, 55.983007319747259 ], [ 11.274915359740165, 55.992242211451526 ], [ 11.273217093270405, 55.996182517579747 ], [ 11.279876548937239, 55.99461215350783 ], [ 11.327335396667156, 55.981799132027241 ], [ 11.361162122714918, 55.973955232716996 ], [ 11.396353699751447, 55.968321413877298 ], [ 11.432455614790852, 55.964970372375809 ], [ 11.434639367879592, 55.96483881175601 ], [ 11.562161675028877, 55.953536953156487 ], [ 11.592845773690433, 55.951644842031669 ], [ 11.623712517445462, 55.951415417023675 ], [ 11.654478481374905, 55.95285077748516 ], [ 11.684861129584638, 55.955937730771659 ], [ 11.714581304104129, 55.960647908893115 ], [ 11.743365689148476, 55.96693801916534 ], [ 11.74792235885309, 55.968077904012389 ], [ 11.754827209872138, 55.969026221663093 ], [ 11.760279407262813, 55.969632324611496 ], [ 11.777109202752738, 55.971003687772537 ], [ 11.792631003395076, 55.971818311976968 ], [ 11.825081182152203, 55.975440002607641 ], [ 11.856703040876281, 55.980914333987855 ], [ 11.88716291801693, 55.988183585943325 ], [ 11.916138928007694, 55.997171081276299 ], [ 11.991799113458391, 56.023533460113192 ], [ 12.012007800192579, 56.031171697503964 ], [ 12.031133032224179, 56.039644939359974 ], [ 12.159462366900637, 56.100893528888925 ], [ 12.165590488059371, 56.103536064112262 ], [ 12.172145866105058, 56.105835330997046 ], [ 12.238704944983494, 56.126716521224004 ], [ 12.245266154120943, 56.128556629436495 ], [ 12.255122286123301, 56.130150311402595 ], [ 12.266607992751165, 56.131712361246059 ], [ 12.296127764739582, 56.137467594675904 ], [ 12.324521421683311, 56.144791519440048 ], [ 12.351523224226904, 56.153615740390258 ], [ 12.376879951888672, 56.163857805529418 ], [ 12.400353220632741, 56.175421949769081 ], [ 12.421721686376745, 56.188199961144583 ], [ 12.440783115546557, 56.202072162727212 ], [ 12.457356304042753, 56.2169085024574 ], [ 12.471282826367677, 56.232569742129897 ], [ 12.482428597210008, 56.24890873579411 ], [ 12.490685228526207, 56.265771786903855 ], [ 12.495971166126751, 56.283000072668791 ], [ 12.497865129733293, 56.291693997145671 ], [ 12.507156791473504, 56.297740588518586 ], [ 12.527437757974724, 56.312390333758621 ], [ 12.544925435721293, 56.32811804486937 ], [ 12.559432715224592, 56.344758548941535 ], [ 12.570803164786598, 56.362136876625364 ], [ 12.578912807532182, 56.380070068607012 ], [ 12.583671586109951, 56.398369074217953 ], [ 12.585024493388534, 56.416840723675115 ], [ 12.582959147730422, 56.43522925628087 ], [ 12.585268847138396, 56.436379762847849 ], [ 12.604791587782557, 56.445227425411225 ], [ 12.627251811271542, 56.457605760764402 ], [ 12.647445140530939, 56.471135163564298 ], [ 12.665178300654846, 56.485687761526968 ], [ 12.680280686960835, 56.501125868387611 ], [ 12.692606047357785, 56.517303256490734 ], [ 12.702033960207977, 56.534066514411613 ], [ 12.708471090647823, 56.5512564780567 ], [ 12.711852209491306, 56.568709722815278 ], [ 12.712140960279802, 56.586260103528403 ], [ 12.709330361783147, 56.603740328322225 ], [ 12.703443035311761, 56.620983551735115 ], [ 12.694531148570226, 56.637824972069261 ], [ 12.682676070463399, 56.654103417532973 ], [ 12.632276537932995, 56.714455834863493 ], [ 12.628876598230031, 56.719220266966857 ], [ 12.626486970146086, 56.724168071556683 ], [ 12.617270524448967, 56.748847488260012 ], [ 12.609020730151522, 56.766381023457463 ], [ 12.597594838057899, 56.783365659762005 ], [ 12.583105310542198, 56.799628054778871 ], [ 12.565696410178521, 56.815002023578465 ], [ 12.545542855942877, 56.829330266885428 ], [ 12.522848137622509, 56.842466014847972 ], [ 12.497842501636718, 56.85427456782292 ], [ 12.470780626302407, 56.864634716479451 ], [ 12.320533163247918, 56.91599001803089 ], [ 12.313885138091823, 56.91852008502422 ], [ 12.313474626399568, 56.922951740585845 ], [ 12.313472967928229, 56.995711829423009 ], [ 12.311829087481815, 57.013662380728753 ], [ 12.306910830359614, 57.03143137791573 ], [ 12.298762891955352, 57.048840832407215 ], [ 12.287462605988111, 57.065716119222479 ], [ 12.213154589431291, 57.1612238755243 ], [ 12.204441770335912, 57.171479529590748 ], [ 12.135744389595818, 57.245901605840089 ], [ 12.128486146839323, 57.254778152716312 ], [ 12.114318475437338, 57.270080396699228 ], [ 12.097518454815804, 57.284577226265178 ], [ 12.078236883826611, 57.29813597840473 ], [ 12.056647838632681, 57.310632436969719 ], [ 12.032947132743949, 57.321951999381554 ], [ 12.007350551050983, 57.331990757451734 ], [ 11.980091873265225, 57.340656481026706 ], [ 11.963054510236766, 57.34494377338973 ], [ 11.957787605125322, 57.346451861214625 ], [ 11.956262046286515, 57.350719264265614 ], [ 11.922338190714736, 57.479102033729994 ], [ 11.916056546134758, 57.496568471080316 ], [ 11.906598506776847, 57.513611884595178 ], [ 11.894052808839731, 57.530064639300214 ], [ 11.878539011095331, 57.545764695737205 ], [ 11.860206457409777, 57.560557230681923 ], [ 11.839232920061336, 57.574296193521853 ], [ 11.81582293270294, 57.586845781504003 ], [ 11.802081875056828, 57.593510493942539 ], [ 11.797253712794683, 57.5964286429965 ], [ 11.720751861162327, 57.647635692243263 ], [ 11.715186031378373, 57.651827184558059 ], [ 11.710552497620718, 57.65633493201998 ], [ 11.664313753467628, 57.708076885850161 ], [ 11.661229821825604, 57.711997552083616 ], [ 11.665981179394999, 57.718489367886292 ], [ 11.66860723704808, 57.721624738625756 ], [ 11.679022311591268, 57.738190812126206 ], [ 11.686398114180998, 57.755219009538202 ], [ 11.690660944942159, 57.772548978115616 ], [ 11.691766196956531, 57.79001730266458 ], [ 11.689698939882037, 57.807459037144689 ], [ 11.684474229884614, 57.824709259121072 ], [ 11.676137136621309, 57.841604632579603 ], [ 11.664762480598547, 57.857984964214658 ], [ 11.650454277122778, 57.873694738037372 ], [ 11.633344886235442, 57.888584613046 ], [ 11.613593871439011, 57.90251286876412 ], [ 11.591386573626007, 57.915346783696734 ], [ 11.566932410352942, 57.926963932186737 ], [ 11.566741323842546, 57.927046135392125 ], [ 11.562805874491357, 57.930970675422103 ], [ 11.482323311603432, 58.021653418815596 ], [ 11.478954498292131, 58.026019937437638 ], [ 11.476467664283303, 58.0305512230426 ], [ 11.432437687773472, 58.129708251111779 ], [ 11.428953507501902, 58.140363220005682 ], [ 11.409069650195637, 58.234288685836404 ], [ 11.403684835365548, 58.251802186344399 ], [ 11.395055363767915, 58.268947883576217 ], [ 11.383261025896285, 58.285558222094167 ], [ 11.368412974907871, 58.301470656806806 ], [ 11.350652790495246, 58.316529267000199 ], [ 11.330151219916671, 58.330586312699168 ], [ 11.307106603504431, 58.343503716732663 ], [ 11.281742996260084, 58.355154456375026 ], [ 11.265819915929034, 58.361116121942203 ], [ 11.260177676827189, 58.363438480482642 ], [ 11.259754533276396, 58.367602721863832 ], [ 11.258855657825569, 58.445516521291381 ], [ 11.258097522884379, 58.456442366634924 ], [ 11.248184602672293, 58.534105152936853 ], [ 11.247799977556912, 58.540124572050814 ], [ 11.247799059192852, 58.584640352497701 ], [ 11.245435760091139, 58.605702945934219 ], [ 11.23837344783208, 58.626473565474356 ], [ 11.229589302501989, 58.645672477717824 ], [ 11.21817771682796, 58.665476840903658 ], [ 11.202476710809332, 58.684461658348759 ], [ 11.180452816224827, 58.707344589068107 ], [ 11.176852671755244, 58.711629109026262 ], [ 11.175973989937175, 58.716286414643442 ], [ 11.171230618285572, 58.770412442472036 ], [ 11.171189888392037, 58.77813583165738 ], [ 11.173568091979144, 58.808910823411587 ], [ 11.173229351059124, 58.826911289956442 ], [ 11.169433894849371, 58.844802654605949 ], [ 11.162214591573132, 58.862405459104679 ], [ 11.151638916660513, 58.879542882220854 ], [ 11.12897136153418, 58.910756743334275 ], [ 11.125290824942278, 58.916374147558948 ], [ 11.110420982953887, 58.941769021901457 ], [ 11.099207790545735, 58.958040644571604 ], [ 11.085023204713632, 58.973676567534397 ], [ 11.067995150100954, 58.988531543208794 ], [ 11.048278545105276, 59.002467403959301 ], [ 11.026053958759825, 59.015354375754995 ], [ 11.001951634276995, 59.028032518148486 ], [ 11.000474619556773, 59.02888549711151 ], [ 10.975291417046027, 59.040820767300247 ], [ 10.947947908858279, 59.051413381401765 ], [ 10.918709526451767, 59.060559837942421 ], [ 10.887860928795821, 59.068170691591256 ], [ 10.855703164017751, 59.074171460997199 ], [ 10.853570477692546, 59.074508852660529 ], [ 10.845937971891619, 59.075922772648738 ], [ 10.841367316739968, 59.078434887085372 ], [ 10.816759672258513, 59.090685508987725 ], [ 10.789927806076385, 59.101624424883099 ], [ 10.761131511024477, 59.111144958764974 ], [ 10.730650463136087, 59.119154186723662 ], [ 10.698781445367048, 59.125573877758207 ], [ 10.665835371979346, 59.130341288143129 ], [ 10.63213414673587, 59.133409800081893 ], [ 10.598007390899479, 59.134749397132644 ], [ 10.563789079297569, 59.13434697077372 ], [ 10.529814124334839, 59.132206454460601 ], [ 10.496414948761844, 59.12834878357021 ], [ 10.463918088208839, 59.122811681706217 ], [ 10.432640863964565, 59.115649275904282 ], [ 10.402888165235808, 59.106931545299808 ], [ 10.374949378204706, 59.096743609761567 ], [ 10.349095496661784, 59.085184866824825 ], [ 10.325576445913248, 59.072367986942893 ], [ 10.308767289225194, 59.06118038195229 ], [ 10.306601860819287, 59.05987602148749 ], [ 10.30454211238005, 59.059040706777722 ], [ 10.280392644210401, 59.048281944588815 ], [ 10.265930359561432, 59.040532197212883 ], [ 10.262195939544425, 59.038730237876223 ], [ 10.260862313069184, 59.038203302702804 ], [ 10.239482003408291, 59.03068646979203 ], [ 10.216375309656907, 59.020959412509129 ], [ 10.206815295825175, 59.016566801702183 ], [ 10.200476312408524, 59.014148131012362 ], [ 10.182107033689775, 59.007781902097939 ], [ 10.174804825370853, 59.005511588895317 ], [ 10.166785929095235, 59.004026229109648 ], [ 10.148576410001926, 59.001167183868262 ], [ 10.125077134071692, 58.998086747592986 ], [ 10.121574464099886, 58.997711782232464 ], [ 10.088933085125307, 58.992433397857297 ], [ 10.057463559045273, 58.985509978849883 ], [ 10.027474578208587, 58.977009581716949 ], [ 9.999259685776806, 58.967015711393913 ], [ 9.989728732601851, 58.963267233244046 ], [ 9.983507549357642, 58.961035786157275 ], [ 9.976381157969707, 58.959720959058856 ], [ 9.965126385936562, 58.957927948710768 ], [ 9.957311845800902, 58.956887027755698 ], [ 9.949260548472504, 58.956617611302065 ], [ 9.855662626983069, 58.955725573691879 ], [ 9.846256089883926, 58.955898394166979 ], [ 9.845561002153204, 58.955950796776989 ], [ 9.811089089402042, 58.957639330413947 ], [ 9.776464073826784, 58.957528198243573 ], [ 9.742036278030646, 58.955618525451065 ], [ 9.708153938742932, 58.951929624552292 ], [ 9.675159527772717, 58.946498791473125 ], [ 9.643386144042129, 58.939380912151009 ], [ 9.613154020700444, 58.930647884484181 ], [ 9.596680380429559, 58.925308449828385 ], [ 9.593006078482198, 58.924250924231494 ], [ 9.56666908357035, 58.914925589850057 ], [ 9.542109772645995, 58.904378076807888 ], [ 9.519536850863817, 58.892698711567277 ], [ 9.499141445785014, 58.879987421383049 ], [ 9.481095490890123, 58.866352852800055 ], [ 9.465550297615529, 58.851911417048264 ], [ 9.452635326889782, 58.836786271609022 ], [ 9.449984739718243, 58.833249953486558 ], [ 9.446114307078084, 58.829293777575501 ], [ 9.44014899125456, 58.823876195443582 ], [ 9.437971541154029, 58.822092825815105 ], [ 9.415140219620001, 58.800150136290092 ], [ 9.408236784187306, 58.792243331429113 ], [ 9.396817303031975, 58.786623779674599 ], [ 9.394332297330415, 58.785509279474027 ], [ 9.370779710268245, 58.77261675614622 ], [ 9.349805625129081, 58.758569845271097 ], [ 9.339839802125276, 58.751160734281868 ], [ 9.333657498083417, 58.748658049137809 ], [ 9.311520162041996, 58.740558606793513 ], [ 9.285234062980605, 58.729906704456255 ], [ 9.261056731166338, 58.71797637259175 ], [ 9.239213897932547, 58.704880067484318 ], [ 9.219908611643618, 58.690741108624088 ], [ 9.203319371488243, 58.675692484374039 ], [ 9.200152986710028, 58.67246761664024 ], [ 9.19581225639403, 58.668965108753412 ], [ 9.183282924629211, 58.660937735539342 ], [ 9.1585826787489, 58.646889650061873 ], [ 9.14514729234036, 58.640035137331303 ], [ 9.097159498746967, 58.618070217334321 ], [ 9.080403003541809, 58.611299386879033 ], [ 9.068686438555035, 58.607140379076426 ], [ 9.043512067274325, 58.597286605626934 ], [ 9.020179217716601, 58.586263657574555 ], [ 8.998883811951009, 58.574164913428724 ], [ 8.979803967893352, 58.561092767498288 ], [ 8.963098519930938, 58.54715773786635 ], [ 8.948905725456825, 58.532477507520206 ], [ 8.943431941068736, 58.526104216423072 ], [ 8.938747906767885, 58.521925032199988 ], [ 8.931670486823824, 58.516326206577361 ], [ 8.924083693372969, 58.51079050248309 ], [ 8.915266322200001, 58.504844275107132 ], [ 8.902759624990351, 58.497311587803438 ], [ 8.854776663370032, 58.471435005344425 ], [ 8.840293711929704, 58.463105821137454 ], [ 8.828592938207235, 58.455932738591279 ], [ 8.823273280632991, 58.452956383654303 ], [ 8.817461100641557, 58.450246995189474 ], [ 8.80248243693476, 58.443878890104749 ], [ 8.779617538425333, 58.433226188785945 ], [ 8.758666868455744, 58.421537857441528 ], [ 8.739797547043997, 58.408908194629277 ], [ 8.723159420701636, 58.395438991886735 ], [ 8.708883895477729, 58.381238691534016 ], [ 8.706933821930058, 58.379068454884418 ], [ 8.692646084611582, 58.373776228119397 ], [ 8.692692150969785, 58.373741708049707 ], [ 8.670684222639965, 58.365541358581659 ], [ 8.643097810778459, 58.352685821169004 ], [ 8.620192708252455, 58.339414737255893 ], [ 8.613654933306744, 58.335931741714603 ], [ 8.609710379780386, 58.334217906374057 ], [ 8.586380567749464, 58.323081815801025 ], [ 8.565113070199841, 58.310853174024913 ], [ 8.54608888074524, 58.297637282965589 ], [ 8.529469134543183, 58.283547827626641 ], [ 8.520391596147768, 58.273977437178779 ], [ 8.513765350589841, 58.267768161871935 ], [ 8.505695541028144, 58.260980214762625 ], [ 8.500996073275504, 58.257427709022068 ], [ 8.486766664723705, 58.256125923187291 ], [ 8.453513614957222, 58.252160171723851 ], [ 8.421191129470598, 58.246445582067338 ], [ 8.390128108027609, 58.23904038207283 ], [ 8.360640089162011, 58.230019982352943 ], [ 8.333025943313281, 58.219476178031698 ], [ 8.30756476824687, 58.207516179712819 ], [ 8.284513022001136, 58.194261485333918 ], [ 8.264101924559348, 58.179846606341208 ], [ 8.246535155001125, 58.164417663158318 ], [ 8.231986866169793, 58.148130866217649 ], [ 8.225375190067105, 58.138273591528694 ], [ 8.222765746465086, 58.134961494065131 ], [ 8.217070920627599, 58.131438538023019 ], [ 8.207693726195574, 58.126213798700562 ], [ 8.201685261377648, 58.123181067484062 ], [ 8.191374168470379, 58.121095946335004 ], [ 8.165084025290533, 58.115087264151896 ], [ 8.139855733714088, 58.107916525220311 ], [ 8.128295276151338, 58.103926155829839 ], [ 8.122794899722969, 58.102246020672311 ], [ 8.116684058907639, 58.102436594358295 ], [ 8.099099230836062, 58.103463744457997 ], [ 8.068172743772116, 58.1037575537609 ], [ 8.037329340347723, 58.102545134397801 ], [ 8.006830022948428, 58.099836751929132 ], [ 7.976932753627182, 58.095655323388122 ], [ 7.947890180631079, 58.090036214945336 ], [ 7.929070312033885, 58.085316286574496 ], [ 7.929011543713062, 58.08538192257587 ], [ 7.915674361634163, 58.082018186731752 ], [ 7.908435437494856, 58.081316132372613 ], [ 7.808023781079654, 58.073932346226925 ], [ 7.775750308015562, 58.070686774181212 ], [ 7.744233057419664, 58.065785702280827 ], [ 7.713772920217846, 58.059275971873795 ], [ 7.684660264784905, 58.051219765537589 ], [ 7.657172075471521, 58.041693989259507 ], [ 7.631569243883549, 58.030789510235387 ], [ 7.621800145329507, 58.025722639664259 ], [ 7.614565518210398, 58.022304028432053 ], [ 7.605020420747927, 58.021005735438585 ], [ 7.594463033302278, 58.019858076366965 ], [ 7.5788105278071, 58.017749171726528 ], [ 7.570447643359072, 58.017532568703537 ], [ 7.398434719475881, 58.017529413666203 ], [ 7.390670448107959, 58.017714792580271 ], [ 7.383132327662016, 58.018652255134448 ], [ 7.339869289336694, 58.025145459074629 ], [ 7.30720710630148, 58.029120105689877 ], [ 7.273966015291098, 58.031347998979136 ], [ 7.240477135294099, 58.031806965651967 ], [ 7.207074159078589, 58.030492450225644 ], [ 7.174089882889891, 58.027417561713008 ], [ 7.141852747111719, 58.022612936849178 ], [ 7.110683429661891, 58.016126421530032 ], [ 7.080891532950782, 58.008022574317231 ], [ 7.068173655420552, 58.004124673945135 ], [ 7.066854797892605, 58.003899616748967 ], [ 7.037847505427728, 57.998151531402378 ], [ 7.031502615476214, 57.996713335573901 ], [ 7.022984129950539, 57.995064856435391 ], [ 7.014352356369018, 57.993936325700986 ], [ 7.006700421197356, 57.993366349100619 ], [ 7.001915227703456, 57.995212388582047 ], [ 6.997507553520814, 57.997278034253256 ], [ 6.989466786609606, 58.00182623863455 ], [ 6.966734167527369, 58.013529823155999 ], [ 6.942035702442886, 58.02404935455634 ], [ 6.915588375996963, 58.033291771701727 ], [ 6.887625203538288, 58.041175249753834 ], [ 6.858393135844441, 58.047629950274235 ], [ 6.828150817672463, 58.052598663062724 ], [ 6.797166222596984, 58.056037332997427 ], [ 6.765714188480294, 58.057915466308948 ], [ 6.754158964080906, 58.058314056524324 ], [ 6.738293167755643, 58.060614033052119 ], [ 6.732779447303864, 58.061562134857127 ], [ 6.696965766566334, 58.065511943825875 ], [ 6.660561806782225, 58.067376300021195 ], [ 6.627315432992118, 58.068110841404376 ], [ 6.618633651038457, 58.068542971196571 ], [ 6.611018538081587, 58.070806582814285 ], [ 6.602503235237095, 58.073655716651857 ], [ 6.596102326612471, 58.076022299453264 ], [ 6.590650766673779, 58.078960571067945 ], [ 6.547543155087169, 58.104394753718672 ], [ 6.542346529154575, 58.107774523278664 ], [ 6.538479452962929, 58.111623240991321 ], [ 6.534142691513268, 58.116495382275133 ], [ 6.530955337902267, 58.120590867860201 ], [ 6.53101243789544, 58.125262187436682 ], [ 6.529614992378682, 58.14277694680149 ], [ 6.525004875426037, 58.160139835795789 ], [ 6.517221426799823, 58.177185497553403 ], [ 6.506334473136127, 58.193751373191887 ], [ 6.492443823614627, 58.209679267538881 ], [ 6.475678462806239, 58.224816880964042 ], [ 6.456195442778496, 58.239019291712452 ], [ 6.434178480251631, 58.25215037334209 ], [ 6.409836268458358, 58.264084132272075 ], [ 6.383400517291974, 58.274705951050407 ], [ 6.355123739246646, 58.283913723754658 ], [ 6.347754025841951, 58.28605785432562 ], [ 6.340482996592855, 58.288727521258274 ], [ 6.328957066272968, 58.293445746509768 ], [ 6.305441171548499, 58.302252885239291 ], [ 6.280593455622962, 58.309976778300118 ], [ 6.254593115681923, 58.316561505631888 ], [ 6.248353919330486, 58.317972827918183 ], [ 6.235236161744246, 58.321682971516175 ], [ 6.23510134698071, 58.321549838320813 ], [ 6.219783938610088, 58.325863039088588 ], [ 6.191333964513993, 58.332200475423534 ], [ 6.161911436075989, 58.337149880909585 ], [ 6.14763693766248, 58.338817429062615 ], [ 6.140470713310459, 58.339865652944212 ], [ 6.133457139942329, 58.342205809872745 ], [ 6.090983468648246, 58.357946568983358 ], [ 6.076200022976662, 58.363934095701218 ], [ 6.046391541508479, 58.374727242037622 ], [ 6.02569367082887, 58.380627695000427 ], [ 6.025796166895253, 58.380728171917717 ], [ 6.010384295879301, 58.385102707698969 ], [ 6.00578517633814, 58.387607435138527 ], [ 6.001826591710373, 58.39025337930331 ], [ 5.997233471044591, 58.394049981394204 ], [ 5.983889277453782, 58.406397771671543 ], [ 5.983683960078857, 58.406336458564468 ], [ 5.970208827770592, 58.418401417782555 ], [ 5.948832262017951, 58.433615078599026 ], [ 5.924525442111089, 58.447564567307182 ], [ 5.89755629345407, 58.460094321549072 ], [ 5.868223396802658, 58.471064466992459 ], [ 5.836852660337654, 58.48035242914613 ], [ 5.812954770834028, 58.485776588357353 ], [ 5.812983460189223, 58.485811763232263 ], [ 5.796895025465771, 58.489447711678281 ], [ 5.790553168974329, 58.492330341949398 ], [ 5.763271055366091, 58.503513201805902 ], [ 5.733971697341992, 58.513192239186374 ], [ 5.705843687213892, 58.520516223326339 ], [ 5.70439773578825, 58.52093580667502 ], [ 5.698149561081459, 58.523671243718603 ], [ 5.652313964610449, 58.545735307533647 ], [ 5.646600607588383, 58.548758099120001 ], [ 5.644031535879619, 58.553061464402333 ], [ 5.640830598699836, 58.559549168809689 ], [ 5.630325038070426, 58.574924639442386 ], [ 5.617194573351542, 58.589740588088311 ], [ 5.60154483370702, 58.6038742547154 ], [ 5.575616410835123, 58.624998188666645 ], [ 5.571830056335958, 58.628398547027281 ], [ 5.569245568810995, 58.632076804122775 ], [ 5.552244978029408, 58.659927205583813 ], [ 5.542563958146307, 58.673782897430911 ], [ 5.529326008862773, 58.690549155601445 ], [ 5.526702732803811, 58.694344116422542 ], [ 5.523031681775216, 58.701646760671835 ], [ 5.513036139459905, 58.718218142481625 ], [ 5.500016793428665, 58.734212934999377 ], [ 5.484091711161696, 58.749481217703973 ], [ 5.482518052580229, 58.75083009681866 ], [ 5.478457950239132, 58.754744553374714 ], [ 5.486260165946272, 58.761794503515169 ], [ 5.501910315949006, 58.777711915123447 ], [ 5.514451949074235, 58.794364857858866 ], [ 5.52375692263847, 58.811589085369732 ], [ 5.52972856248652, 58.829214479017843 ], [ 5.532302793391859, 58.847066707923567 ], [ 5.53144896496764, 58.864968939919969 ], [ 5.530911424017121, 58.868706330398133 ], [ 5.534181461518743, 58.876874289127947 ], [ 5.534176746510274, 58.876874805560099 ], [ 5.534634128000667, 58.877804077923919 ], [ 5.53973743789184, 58.894855466539866 ], [ 5.541669619113428, 58.912087351099402 ], [ 5.540408228114642, 58.929341038739601 ], [ 5.536172795208082, 58.945639844602724 ], [ 5.535026767003834, 58.953105634601584 ], [ 5.534692724228309, 58.958786619150239 ], [ 5.529575618380501, 58.977905356586191 ], [ 5.526145316972463, 58.985008894850296 ], [ 5.520510107615186, 58.999328486739209 ], [ 5.512349783980461, 59.015956114247743 ], [ 5.501159839922292, 59.032110136758689 ], [ 5.487038397887624, 59.047643015146768 ], [ 5.470110837236383, 59.062412699687371 ], [ 5.450528764605137, 59.076283953475766 ], [ 5.428468719638139, 59.089129618546302 ], [ 5.404130624566872, 59.100831811835491 ], [ 5.377735989530834, 59.111283038636792 ], [ 5.349525888935921, 59.120387211868184 ], [ 5.319758727466354, 59.128060566311092 ], [ 5.288707817522068, 59.134232457974747 ], [ 5.256658792767393, 59.138846039887426 ], [ 5.223906885071846, 59.141858806894959 ], [ 5.217408465820519, 59.142292201841869 ], [ 5.208792517088123, 59.143099141810083 ], [ 5.203307029001792, 59.146624386839157 ], [ 5.192918669605302, 59.154043919523666 ], [ 5.188722685092614, 59.15733341657203 ], [ 5.185715260358859, 59.160934337169572 ], [ 5.182185972052685, 59.16572080603531 ], [ 5.176210009110901, 59.175447835908429 ], [ 5.168451552769695, 59.191096680585055 ], [ 5.166655431724527, 59.195716096203881 ], [ 5.165809860373093, 59.200405410099705 ], [ 5.164825424049922, 59.213053980128016 ], [ 5.164976835035672, 59.218037619876817 ], [ 5.166503968121156, 59.224187623010906 ], [ 5.169211525383429, 59.242459576904217 ], [ 5.168286794253302, 59.260784759363574 ], [ 5.166686309369186, 59.267180452883466 ], [ 5.165684105141539, 59.273409544742606 ], [ 5.168176016469678, 59.27950359147551 ], [ 5.172948423817944, 59.294160165724051 ], [ 5.175347552435606, 59.30897320223648 ], [ 5.175353983254568, 59.323841576238046 ], [ 5.17407706510537, 59.339748876599515 ], [ 5.174302153456415, 59.3449523797861 ], [ 5.174890614953192, 59.349242831276712 ], [ 5.176783718703048, 59.355024018165196 ], [ 5.180710188666438, 59.371820918063754 ], [ 5.181537587744407, 59.388738052917766 ], [ 5.180639526512827, 59.39538186669899 ], [ 5.180402383953321, 59.400574544467808 ], [ 5.181713192680664, 59.404660012738731 ], [ 5.185230212439709, 59.413151437054722 ], [ 5.190705745139751, 59.430518763938693 ], [ 5.192836895855349, 59.448082603315093 ], [ 5.191784097582561, 59.463035871317913 ], [ 5.191901743004117, 59.463039106418378 ], [ 5.189901727462552, 59.480867945170914 ], [ 5.187074755620459, 59.495519847016425 ], [ 5.183746415621929, 59.504853772346948 ], [ 5.182843756326993, 59.509005651151917 ], [ 5.182837992002556, 59.519554249345859 ], [ 5.181146468915883, 59.53709707504138 ], [ 5.176104062974778, 59.554478149713091 ], [ 5.167753930525342, 59.571531407924113 ], [ 5.156171133549178, 59.588093681613159 ], [ 5.153819188878519, 59.590998622291885 ], [ 5.135128316847841, 59.610614403973159 ], [ 5.130674686355724, 59.614645457841526 ], [ 5.127158676946092, 59.618364320239024 ], [ 5.124514328366599, 59.621450739195708 ], [ 5.12233049143494, 59.624628301032907 ], [ 5.117801611360705, 59.632101490710539 ], [ 5.115771154397413, 59.636092211324893 ], [ 5.114468311099354, 59.640159469830024 ], [ 5.112651329507334, 59.648115483006379 ], [ 5.112078806963742, 59.65241886161175 ], [ 5.112322248483568, 59.656728804784954 ], [ 5.114406030841201, 59.67047923155549 ], [ 5.115378121467915, 59.687922372048071 ], [ 5.113013935954744, 59.705337469045595 ], [ 5.107330692901924, 59.72256040139208 ], [ 5.098377075768004, 59.739428621957956 ], [ 5.086232957146004, 59.75578270309277 ], [ 5.081166029016675, 59.761004887597657 ], [ 5.076579172809113, 59.766363430965328 ], [ 5.074746983814923, 59.770580090002831 ], [ 5.072142103616099, 59.778335389093222 ], [ 5.071099240022336, 59.782771154873217 ], [ 5.072695503215146, 59.787159605766277 ], [ 5.074142007669414, 59.790254949759039 ], [ 5.07660501747291, 59.794551760749499 ], [ 5.079573419081318, 59.798284802219108 ], [ 5.091519188213497, 59.81588595995661 ], [ 5.099806638165662, 59.834024027535705 ], [ 5.104341275016255, 59.852505091632388 ], [ 5.104841765704466, 59.865326462215108 ], [ 5.105228902258795, 59.868396808768871 ], [ 5.108011235340706, 59.870288083387905 ], [ 5.124431146184, 59.88042783026475 ], [ 5.143921686777967, 59.895240108600099 ], [ 5.160422549780169, 59.910955943137921 ], [ 5.173768902529615, 59.927422365474037 ], [ 5.183826002861389, 59.944478878755575 ], [ 5.190490669233437, 59.961958994786301 ], [ 5.193692468803816, 59.979691837761294 ], [ 5.1933946051803, 59.997503800059107 ], [ 5.189594489622452, 60.015220234670245 ], [ 5.182323981967959, 60.032667168104446 ], [ 5.174238392668702, 60.045550016950685 ], [ 5.172167517598515, 60.049485131211817 ], [ 5.172566792788789, 60.054817591465877 ], [ 5.172245267558937, 60.071760915256874 ], [ 5.168747729744854, 60.088619967165201 ], [ 5.162100527256214, 60.105244962059736 ], [ 5.152358204168787, 60.121487983237863 ], [ 5.139603174960297, 60.137204310250517 ], [ 5.123945137425133, 60.152253725278449 ], [ 5.105520224185062, 60.166501785697363 ], [ 5.084489895678047, 60.179821050541648 ], [ 5.061039580629545, 60.192092248790821 ], [ 5.057430853857839, 60.193810379658728 ], [ 5.047493625509705, 60.199538437066671 ], [ 5.046289847108961, 60.200305565207216 ], [ 5.023338122525185, 60.212431992871849 ], [ 4.998232571182434, 60.223444894747423 ], [ 4.993265683600088, 60.225427381650881 ], [ 4.987893750185674, 60.228524922180583 ], [ 4.96964991478989, 60.24005314711583 ], [ 4.964921538336122, 60.243330810717097 ], [ 4.960798855987451, 60.246805967727013 ], [ 4.952342827965288, 60.254718964717853 ], [ 4.948371078840323, 60.258948613716392 ], [ 4.945298608534156, 60.263359564227088 ], [ 4.940454733767887, 60.271679985530938 ], [ 4.938760795766869, 60.275075954626907 ], [ 4.937600788985365, 60.278526331318233 ], [ 4.936911627627667, 60.281212419864808 ], [ 4.936229065903172, 60.285527115942948 ], [ 4.938958716911224, 60.289770339251518 ], [ 4.945642940760167, 60.298699780937632 ], [ 4.954878378659471, 60.316293934881429 ], [ 4.960502770463386, 60.334270306769994 ], [ 4.962452811006803, 60.352445288739339 ], [ 4.961212373453739, 60.365337711529719 ], [ 4.961186321420759, 60.372086195467098 ], [ 4.959308352101824, 60.390054231153634 ], [ 4.95382828091785, 60.407846486181043 ], [ 4.946588910564262, 60.425412407902726 ], [ 4.94513870799151, 60.430262942733471 ], [ 4.945120378572801, 60.430501676179617 ], [ 4.945904649111839, 60.447078228542097 ], [ 4.943407267282372, 60.464234681083994 ], [ 4.937616979718562, 60.481201158201856 ], [ 4.928581826577247, 60.497822281949176 ], [ 4.91637988645298, 60.513945616377661 ], [ 4.901118727691468, 60.529423082395127 ], [ 4.882934570325634, 60.544112339895577 ], [ 4.861991160764266, 60.557878123481807 ], [ 4.838478364886543, 60.570593518291588 ], [ 4.812610488859259, 60.582141162796653 ], [ 4.784624340726731, 60.592414365977291 ], [ 4.783215318023175, 60.592881573350837 ], [ 4.78139397358437, 60.595504171711589 ], [ 4.77992272916787, 60.598541475397205 ], [ 4.782623283018157, 60.606817877361053 ], [ 4.786638773403542, 60.624900844905646 ], [ 4.786934760595771, 60.643099725035817 ], [ 4.786147204144495, 60.652223512536402 ], [ 4.786147103192767, 60.652362152715412 ], [ 4.786454285809207, 60.656063268297991 ], [ 4.78798756203049, 60.65967394853827 ], [ 4.789032091019653, 60.661712274069117 ], [ 4.791683066058335, 60.665971328917458 ], [ 4.801262115708565, 60.671574157240499 ], [ 4.804865930336399, 60.673474314847056 ], [ 4.826628036795632, 60.687488518824708 ], [ 4.845502505104774, 60.702491637873223 ], [ 4.861304498289286, 60.718339942240661 ], [ 4.873877916573377, 60.73488139631317 ], [ 4.883097034560091, 60.751957086673677 ], [ 4.888867876694748, 60.769402723411872 ], [ 4.891129311844939, 60.787050201514283 ], [ 4.889853849487604, 60.804729208283909 ], [ 4.885048122064515, 60.822268861953063 ], [ 4.876753040569078, 60.839499365978725 ], [ 4.865043613365397, 60.856253662966623 ], [ 4.850028421603892, 60.872369071779808 ], [ 4.831848748359487, 60.887688891167805 ], [ 4.810677362733355, 60.902063953221898 ], [ 4.786716964565255, 60.91535411013588 ], [ 4.781956896157675, 60.917745828665524 ], [ 4.781758756932378, 60.917982552552864 ], [ 4.769524372485566, 60.934709360165918 ], [ 4.753358723055012, 60.951269710826942 ], [ 4.733823740018289, 60.966945739023757 ], [ 4.711118879286253, 60.981573682862035 ], [ 4.685477655323367, 60.995000529965786 ], [ 4.680678678077451, 60.997269530194089 ], [ 4.676556857910543, 61.000149028341873 ], [ 4.672788146975289, 61.003422827320939 ], [ 4.672179188358916, 61.004103515534837 ], [ 4.655974729904095, 61.019444038568793 ], [ 4.656263843870883, 61.019518987239834 ], [ 4.652608543668598, 61.022855239740387 ], [ 4.64904530655547, 61.02648963257181 ], [ 4.647593273065207, 61.03045155679019 ], [ 4.646850553891939, 61.033180171722584 ], [ 4.645604380450966, 61.039407630206853 ], [ 4.645371197613937, 61.041222885082824 ], [ 4.64526096965509, 61.046041763481583 ], [ 4.644246278357887, 61.057518817872015 ], [ 4.644234559579787, 61.057594852701932 ], [ 4.644473764932432, 61.058600876488839 ] ] ], [ [ [ 14.66033108058225, 55.301226435794874 ], [ 14.672415531712096, 55.300999747695499 ], [ 14.703313097670392, 55.302151119158196 ], [ 14.733871609955589, 55.305020961356441 ], [ 14.758010240258816, 55.308700251766147 ], [ 14.760851452816341, 55.309052603674367 ], [ 14.767143451081122, 55.306828175570651 ], [ 14.768688332843082, 55.30622140533147 ], [ 14.774358468131725, 55.303769337066782 ], [ 14.778655248333733, 55.300533875132047 ], [ 14.793418907949865, 55.288289404709502 ], [ 14.812210852052415, 55.27423058570961 ], [ 14.833323983802661, 55.261294407228498 ], [ 14.85655313293435, 55.249605273672564 ], [ 14.881673380718819, 55.239275491715937 ], [ 14.908442222443982, 55.230404223279407 ], [ 14.936601871638924, 55.223076564229437 ], [ 14.965881685641474, 55.217362756199861 ], [ 14.966235593427239, 55.217304609888771 ], [ 14.973185484668507, 55.215955237692071 ], [ 14.974389307189462, 55.21509218147807 ], [ 14.991182711761541, 55.201909974116738 ], [ 15.012770825379167, 55.188177752877486 ], [ 15.036699899021166, 55.175785147181202 ], [ 15.062717075883571, 55.164862055656464 ], [ 15.090548306479668, 55.155522870737769 ], [ 15.119901192184836, 55.147865318852361 ], [ 15.131389568520468, 55.145266056002384 ], [ 15.136895647654635, 55.142179595944519 ], [ 15.146284539012651, 55.136363214909444 ], [ 15.151007878191885, 55.133139100081564 ], [ 15.150915828122566, 55.132367389498278 ], [ 15.147787187635045, 55.116978493659488 ], [ 15.147183783581742, 55.099763570859636 ], [ 15.147385402963303, 55.095614139487296 ], [ 15.146296387228347, 55.091603251717324 ], [ 15.146030234060859, 55.090848500331312 ], [ 15.144438996941574, 55.087151073699545 ], [ 15.139124368499056, 55.080173001048038 ], [ 15.139373555231321, 55.080110754867434 ], [ 15.133304936858664, 55.072096531593587 ], [ 15.12454619626376, 55.056990007849123 ], [ 15.118155465362765, 55.041499584578958 ], [ 15.114180315106665, 55.025747181313221 ], [ 15.112897886237809, 55.018374639753596 ], [ 15.108354508884291, 55.01507415123794 ], [ 15.107385426769186, 55.014434899842591 ], [ 15.09616881219676, 55.006262608957478 ], [ 15.09599708515039, 55.00634052478204 ], [ 15.086400580379582, 54.99935700491578 ], [ 15.081036446928227, 54.996160506827216 ], [ 15.07848690213256, 54.99478428051389 ], [ 15.072552614974891, 54.991893281971755 ], [ 15.064963547371537, 54.992851244679258 ], [ 15.053136456955755, 54.994712040310056 ], [ 15.023418885697849, 54.99849764256615 ], [ 14.993193640194912, 55.000594891208443 ], [ 14.990838908962376, 55.000691358215676 ], [ 14.982962056793429, 55.001247482504176 ], [ 14.975447637684276, 55.002711139750701 ], [ 14.933792522852931, 55.012205246455835 ], [ 14.927412852622549, 55.013851928916253 ], [ 14.921316086432105, 55.015820644966659 ], [ 14.89519560496268, 55.025160786206101 ], [ 14.870307837130328, 55.033169532187394 ], [ 14.844240570022359, 55.039835063688251 ], [ 14.817213033745009, 55.045101179122923 ], [ 14.788418406945709, 55.049873909699436 ], [ 14.781022749340417, 55.051334391832143 ], [ 14.77472406561124, 55.053994674409573 ], [ 14.704796611414144, 55.086729396148897 ], [ 14.699757082382771, 55.089300957815148 ], [ 14.695581687935931, 55.092321411092783 ], [ 14.688587261146964, 55.097851924377281 ], [ 14.68456495696438, 55.101376373107712 ], [ 14.687427512273027, 55.10697264880563 ], [ 14.6954641287992, 55.126743668521677 ], [ 14.699566891273269, 55.146904706787907 ], [ 14.701243074289779, 55.162982806741894 ], [ 14.701544289745071, 55.166424569318842 ], [ 14.704097270838416, 55.202468082706787 ], [ 14.703853094351105, 55.219909108717701 ], [ 14.700651350389393, 55.23725188402328 ], [ 14.694518455881107, 55.254332765086261 ], [ 14.685508663458823, 55.270990375778972 ], [ 14.673703684784092, 55.287067143019556 ], [ 14.66033108058225, 55.301226435794874 ] ] ], [ [ [ 17.474054365166577, 57.322170217629342 ], [ 17.477589714130723, 57.322778836256212 ], [ 17.507660443919548, 57.329774464824013 ], [ 17.536338076379678, 57.338327807272073 ], [ 17.563346996627491, 57.348356908340904 ], [ 17.588426987133762, 57.35976561424566 ], [ 17.611335684570737, 57.372444463005053 ], [ 17.631850895632677, 57.386271701027027 ], [ 17.649772750832945, 57.401114417783802 ], [ 17.664925675614917, 57.416829789315592 ], [ 17.67716015862495, 57.433266420234865 ], [ 17.686354297721653, 57.450265772872442 ], [ 17.692415105276712, 57.467663671221217 ], [ 17.723652037655743, 57.589763921300545 ], [ 17.725557456500898, 57.594923695413392 ], [ 17.728576505156759, 57.599930081360661 ], [ 17.761673007912542, 57.6454374452195 ], [ 17.765433289160207, 57.649873899356933 ], [ 17.77006870354202, 57.654066871138738 ], [ 17.860519036150777, 57.726426070115643 ], [ 17.865265506001645, 57.729848823578202 ], [ 17.87205018931812, 57.732079777882795 ], [ 17.910779323387789, 57.743480152417284 ], [ 17.93610971744905, 57.751720800785264 ], [ 17.960007479766496, 57.761115068860661 ], [ 17.982288058907571, 57.771590817796465 ], [ 18.142788013716764, 57.853679312944706 ], [ 18.163958916807506, 57.865484697268009 ], [ 18.183058647667355, 57.87825729330946 ], [ 18.225980446722208, 57.909733320783864 ], [ 18.251196548727219, 57.931208010681502 ], [ 18.273709181649917, 57.953722317868611 ], [ 18.293191405471987, 57.977003548544488 ], [ 18.347300251746056, 58.056053536121823 ], [ 18.350321072260019, 58.059890188437009 ], [ 18.355767694656052, 58.062884523839564 ], [ 18.433826702393258, 58.101918651817407 ], [ 18.440209046612999, 58.104801265265053 ], [ 18.451710151789513, 58.106740564430851 ], [ 18.457434198644066, 58.107531705594482 ], [ 18.487347802637714, 58.113287443647181 ], [ 18.516137732640225, 58.12049180364604 ], [ 18.543553914742613, 58.129082332104822 ], [ 18.567794209337816, 58.137500995842153 ], [ 18.575203412921788, 58.139798451919567 ], [ 18.582579209458675, 58.141583585146144 ], [ 18.612311357339642, 58.149728240888116 ], [ 18.640415556150131, 58.159369800162757 ], [ 18.666621593431191, 58.170415970556078 ], [ 18.690676764887364, 58.182760938824963 ], [ 18.712348276381707, 58.196286350486503 ], [ 18.73142548800255, 58.210862409235908 ], [ 18.747721979073322, 58.22634908731861 ], [ 18.761077413392464, 58.242597436915673 ], [ 18.771359184615179, 58.259450991564321 ], [ 18.778463822561502, 58.2767472456406 ], [ 18.782318142397763, 58.294319198988951 ], [ 18.782880120121927, 58.31199695291135 ], [ 18.780139479617738, 58.329609342941623 ], [ 18.766249322799606, 58.38501424738002 ], [ 18.765542056351812, 58.390010232342583 ], [ 18.765913525532035, 58.3950550055836 ], [ 18.774071617423207, 58.439925731619709 ], [ 18.775535803149502, 58.444943386503546 ], [ 18.77807302625045, 58.449844733313597 ], [ 18.807495232937665, 58.496079165602126 ], [ 18.810329233606591, 58.499928648022831 ], [ 18.814442723219567, 58.503429463072614 ], [ 18.869818114253778, 58.546023041304082 ], [ 18.875349470516937, 58.54982043188248 ], [ 18.882288378804407, 58.552922226509558 ], [ 18.99371787429817, 58.597494029565652 ], [ 19.000156491011172, 58.599828499141012 ], [ 19.007557158997827, 58.60116571930844 ], [ 19.122135865450215, 58.61879319791074 ], [ 19.130052667691231, 58.619796747317388 ], [ 19.138181956117439, 58.620001216011374 ], [ 19.212195221889125, 58.620001774157593 ], [ 19.219961535856047, 58.619815502574212 ], [ 19.22765948594467, 58.619262345161758 ], [ 19.367272428047585, 58.605753197098913 ], [ 19.374898711497742, 58.604820180311513 ], [ 19.382032930483916, 58.603182213923262 ], [ 19.503683566193182, 58.571640362467683 ], [ 19.509848020445009, 58.569867980778426 ], [ 19.515347147252513, 58.567596635166595 ], [ 19.603186957041654, 58.528071421140318 ], [ 19.609659281935787, 58.524826187981631 ], [ 19.615439625761844, 58.521241087708219 ], [ 19.670172164103668, 58.483350586225889 ], [ 19.674671801427678, 58.479904989446077 ], [ 19.677861251789821, 58.476076626003533 ], [ 19.712112189363289, 58.428978656705517 ], [ 19.714630102179989, 58.424942740273295 ], [ 19.716404758775255, 58.420797441803728 ], [ 19.728732019646742, 58.383818386929718 ], [ 19.729686331546027, 58.379979630463886 ], [ 19.730005017862055, 58.376110027022385 ], [ 19.730004225362975, 58.353522293655693 ], [ 19.729742045034012, 58.350009590253016 ], [ 19.728957256969455, 58.346516937758267 ], [ 19.71611227228416, 58.303725614483717 ], [ 19.714705117257285, 58.300039854014329 ], [ 19.712157785882493, 58.296538742678933 ], [ 19.670571771304406, 58.24570007390745 ], [ 19.658360841524967, 58.228339499435897 ], [ 19.6496015806412, 58.210418030531613 ], [ 19.644381991228837, 58.192126274721289 ], [ 19.642752129521991, 58.173658496744345 ], [ 19.644723798615335, 58.155210541472094 ], [ 19.650270655019966, 58.136977752202938 ], [ 19.659328717603756, 58.119152906594252 ], [ 19.671797263881746, 58.101924191784505 ], [ 19.687540095114134, 58.085473239344765 ], [ 19.692438558261117, 58.08144614564057 ], [ 19.699678616669996, 58.074913794818627 ], [ 19.702989187927127, 58.071166497588102 ], [ 19.731796723603889, 58.034127630598235 ], [ 19.734602955770097, 58.029930844611506 ], [ 19.736605501583419, 58.025604466784365 ], [ 19.753482758831357, 57.979194810329595 ], [ 19.754624418095105, 57.974979438792431 ], [ 19.755005403016622, 57.970723368051665 ], [ 19.755000105312078, 57.943947313682081 ], [ 19.754674697041342, 57.940017652720506 ], [ 19.75370240044742, 57.93611649585764 ], [ 19.741224647247648, 57.898676627111662 ], [ 19.739717909002394, 57.895036147020519 ], [ 19.737649355347685, 57.891473255900429 ], [ 19.722614109154748, 57.868914888570018 ], [ 19.719682815122372, 57.865082329650825 ], [ 19.715499611170735, 57.861613503829382 ], [ 19.430480503853957, 57.645728970342304 ], [ 19.412773638481969, 57.630685476649234 ], [ 19.397929009876329, 57.614783536692904 ], [ 19.38608890003924, 57.598179558692244 ], [ 19.377365543050207, 57.58103665143306 ], [ 19.371840166411456, 57.563522997314344 ], [ 19.369562356265067, 57.545810183495021 ], [ 19.370549746283597, 57.528071508397979 ], [ 19.374788026377413, 57.510480280722369 ], [ 19.38371458847632, 57.483825835078484 ], [ 19.384668020225764, 57.479986695051736 ], [ 19.384993776056035, 57.4760263993549 ], [ 19.384993351970259, 57.426570274937212 ], [ 19.383218581306206, 57.413496278270046 ], [ 19.371151936712376, 57.369213450056158 ], [ 19.369646503139155, 57.365057815773973 ], [ 19.366720126631851, 57.361126124071788 ], [ 19.31884304891258, 57.304556060195466 ], [ 19.314556937127367, 57.30014626938199 ], [ 19.309395451836355, 57.296018844863468 ], [ 19.01682128809189, 57.086321688470804 ], [ 19.013207919556667, 57.083662100426899 ], [ 18.669488848359016, 56.823426053908733 ], [ 18.664727664039386, 56.820125826447374 ], [ 18.659425799638367, 56.817083236005622 ], [ 18.593659983290099, 56.782658261726887 ], [ 18.574436810754779, 56.771690407273368 ], [ 18.556976635193795, 56.75987130178958 ], [ 18.547142975581504, 56.751925525617274 ], [ 18.544681016718879, 56.750181448930981 ], [ 18.537625496777764, 56.747547381699746 ], [ 18.448175715144892, 56.71773143476527 ], [ 18.439772435110172, 56.715280904674458 ], [ 18.430911232686224, 56.713383984566413 ], [ 18.306627620658244, 56.691189644128229 ], [ 18.299934934322586, 56.690161342646846 ], [ 18.293051273731255, 56.689774453420625 ], [ 18.159002460465853, 56.685307187698427 ], [ 18.150059429719832, 56.68527613059851 ], [ 18.141327842313302, 56.686322946495487 ], [ 17.993333604468571, 56.708742598216183 ], [ 17.985174631144574, 56.710232772264781 ], [ 17.977349852463927, 56.712188607716513 ], [ 17.923155818690514, 56.727671920236681 ], [ 17.915291847045669, 56.730235368179457 ], [ 17.908003748538466, 56.73326886183284 ], [ 17.846169576363938, 56.762125903553326 ], [ 17.840308472817384, 56.765145025600148 ], [ 17.835647145579621, 56.768740452598969 ], [ 17.774837371450797, 56.820864321985113 ], [ 17.770446411030516, 56.825119189823646 ], [ 17.766930700882874, 56.829613254295126 ], [ 17.752384967094731, 56.851425830174762 ], [ 17.750284132790483, 56.855044250145319 ], [ 17.748751008411258, 56.85874828590655 ], [ 17.736325957659361, 56.896014919133655 ], [ 17.735328992541955, 56.900018200022089 ], [ 17.734995880413308, 56.9040556565472 ], [ 17.734999221378384, 56.939209676852336 ], [ 17.736364355751558, 56.950751014016234 ], [ 17.753648809753763, 57.023393775997739 ], [ 17.756249719364277, 57.041084002921181 ], [ 17.755639281333128, 57.058821536251514 ], [ 17.751818939853344, 57.07643329341677 ], [ 17.721678348097264, 57.173535699979119 ], [ 17.71267432917552, 57.194620180330418 ], [ 17.699046039416043, 57.214952047613252 ], [ 17.694569538196045, 57.220547611858279 ], [ 17.679976483100909, 57.236541900173144 ], [ 17.662507168655665, 57.251662166726824 ], [ 17.642332462297713, 57.265757597399642 ], [ 17.619650888611332, 57.278687432156467 ], [ 17.594686715430786, 57.290322406228952 ], [ 17.56768774814438, 57.300546079463338 ], [ 17.538922853222626, 57.309256038680424 ], [ 17.508679236228812, 57.316364959139605 ], [ 17.477259503541536, 57.321801512665246 ], [ 17.474054365166577, 57.322170217629342 ] ] ] ] } }
]
}
