{
"type": "FeatureCollection",
"name": "n490_380kv_overlap",
"crs": { "type": "name", "properties": { "name": "urn:ogc:def:crs:OGC:1.3:CRS84" } },
"features": [
{ "type": "Feature", "properties": { "area0": "DK2", "area1": "DK2", "bus0": 5512, "bus1": 5515, "length": 23198.353833188397, "circuits": 2.0, "Vbase": 380.0, "ug": false, "uc": 0.0, "lat": [ 55.8166063730202, 55.781207, 55.7642468642259 ], "lon": [ 11.8862374994476, 12.01767, 12.2396997707927 ], "x": "[304918.21684646 312980.17682935 326824.17602973]", "y": "[6190055.57968073 6185755.21809462 6183291.19233954]", "source": "Pypsa 2019-09-04", "info": { }, "line_id": 6818, "bus0_name": "Hovegård", "bus1_name": "Kyndbyværket", "from_node": 41, "to_node": 36, "overlap_delaunay1": true, "overlap_delaunay2": false, "overlap_delaunay3": false, "overlap_delaunay4": false, "overlap_delaunay5": false, "overlap_mst": true, "delaunay_category": "Delaunay1", "category": "MST" }, "geometry": { "type": "LineString", "coordinates": [ [ 11.886237499447599, 55.8166063730202 ], [ 12.01767, 55.781207 ], [ 12.239699770792699, 55.764246864225903 ] ] } },
{ "type": "Feature", "properties": { "area0": "DK2", "area1": "DK2", "bus0": 5512, "bus1": 5517, "length": 21118.788224546799, "circuits": 1.0, "Vbase": 380.0, "ug": false, "uc": 0.0, "lat": [ 55.7958888743653, 55.800509, 55.7643129239576 ], "lon": [ 12.5637929228309, 12.389832, 12.2405549068889 ], "x": "[347276.19705577 336392.79376502 326878.10319745]", "y": "[6186048.925961   6186960.26956468 6183296.40368028]", "source": "Pypsa 2019-09-04", "info": { }, "line_id": 11503, "bus0_name": "Hovegård", "bus1_name": "Glentegård", "from_node": 41, "to_node": 50, "overlap_delaunay1": true, "overlap_delaunay2": false, "overlap_delaunay3": false, "overlap_delaunay4": false, "overlap_delaunay5": false, "overlap_mst": false, "delaunay_category": "Delaunay1", "category": "Delaunay1" }, "geometry": { "type": "LineString", "coordinates": [ [ 12.563792922830901, 55.795888874365303 ], [ 12.389832, 55.800509 ], [ 12.240554906888898, 55.76431292395759 ] ] } },
{ "type": "Feature", "properties": { "area0": "DK2", "area1": "DK2", "bus0": 5521, "bus1": 5527, "length": 6942.52307664194, "circuits": 1.0, "Vbase": 380.0, "ug": false, "uc": 0.0, "lat": [ 55.6490113435241, 55.6705277046684 ], "lon": [ 12.4155038474685, 12.3119741525316 ], "x": "[337372.85735618 330952.83680227]", "y": "[6170045.66126032 6172686.85948527]", "source": "Pypsa 2019-09-04", "info": { }, "line_id": 297, "bus0_name": "Ishøj", "bus1_name": "unknown", "from_node": 45, "to_node": 48, "overlap_delaunay1": true, "overlap_delaunay2": false, "overlap_delaunay3": false, "overlap_delaunay4": false, "overlap_delaunay5": false, "overlap_mst": true, "delaunay_category": "Delaunay1", "category": "MST" }, "geometry": { "type": "LineString", "coordinates": [ [ 12.415503847468502, 55.649011343524094 ], [ 12.311974152531603, 55.670527704668395 ] ] } },
{ "type": "Feature", "properties": { "area0": "DK2", "area1": "DK2", "bus0": 5494, "bus1": 5530, "length": 14720.498549554199, "circuits": 2.0, "Vbase": 380.0, "ug": false, "uc": 0.0, "lat": [ 55.661104360537, 55.5482742618411 ], "lon": [ 11.0895580360302, 11.2113149639698 ], "x": "[254053.89376036 261022.01946485]", "y": "[6175297.04850949 6162324.86528888]", "source": "Pypsa 2019-09-04", "info": { }, "line_id": 324, "bus0_name": "Asnæsværket", "bus1_name": "Herslev", "from_node": 30, "to_node": 32, "overlap_delaunay1": true, "overlap_delaunay2": false, "overlap_delaunay3": false, "overlap_delaunay4": false, "overlap_delaunay5": false, "overlap_mst": true, "delaunay_category": "Delaunay1", "category": "MST" }, "geometry": { "type": "LineString", "coordinates": [ [ 11.089558036030201, 55.661104360536989 ], [ 11.2113149639698, 55.548274261841101 ] ] } },
{ "type": "Feature", "properties": { "area0": "DK2", "area1": "DK2", "bus0": 5525, "bus1": 5530, "length": 48691.862284440896, "circuits": 2.0, "Vbase": 380.0, "ug": false, "uc": 0.0, "lat": [ 55.5479984799933, 55.445433675306 ], "lon": [ 11.2119831926549, 11.9609298073451 ], "x": "[261062.472674  307786.8499646]", "y": "[6162291.89771414 6148560.64766947]", "source": "Pypsa 2019-09-04", "info": { }, "line_id": 395, "bus0_name": "Bjæverskov", "bus1_name": "Herslev", "from_node": 38, "to_node": 32, "overlap_delaunay1": true, "overlap_delaunay2": false, "overlap_delaunay3": false, "overlap_delaunay4": false, "overlap_delaunay5": false, "overlap_mst": true, "delaunay_category": "Delaunay1", "category": "MST" }, "geometry": { "type": "LineString", "coordinates": [ [ 11.2119831926549, 55.547998479993311 ], [ 11.960929807345099, 55.445433675305999 ] ] } },
{ "type": "Feature", "properties": { "area0": "SE4", "area1": "SE4", "bus0": 5572, "bus1": 5573, "length": 17499.298512904599, "circuits": 1.0, "Vbase": 380.0, "ug": false, "uc": 0.0, "lat": [ 55.7369130317422, 55.581699959012 ], "lon": [ 13.1452124035127, 13.1890165964873 ], "x": "[383543.79192543 385842.8917231 ]", "y": "[6178357.42623288 6161013.99775135]", "source": "Pypsa 2019-09-04", "info": { }, "line_id": 2353, "bus0_name": "Arrie", "bus1_name": "Sege", "from_node": 59, "to_node": 58, "overlap_delaunay1": true, "overlap_delaunay2": false, "overlap_delaunay3": false, "overlap_delaunay4": false, "overlap_delaunay5": false, "overlap_mst": true, "delaunay_category": "Delaunay1", "category": "MST" }, "geometry": { "type": "LineString", "coordinates": [ [ 13.1452124035127, 55.736913031742191 ], [ 13.189016596487297, 55.581699959011999 ] ] } },
{ "type": "Feature", "properties": { "area0": "SE4", "area1": "SE4", "bus0": 5570, "bus1": 5573, "length": 14117.750118773798, "circuits": 1.0, "Vbase": 380.0, "ug": false, "uc": 0.0, "lat": [ 55.7863888899839, 55.739482, 55.7371698800799 ], "lon": [ 12.9709365535876, 13.013306, 13.144694220926 ], "x": "[372764.40500894 375271.17735385 383512.02616532]", "y": "[6184169.05343094 6178872.78189721 6178386.87681607]", "source": "Pypsa 2019-09-04", "info": { }, "line_id": 2352, "bus0_name": "Barsebäck", "bus1_name": "Sege", "from_node": 53, "to_node": 58, "overlap_delaunay1": true, "overlap_delaunay2": false, "overlap_delaunay3": false, "overlap_delaunay4": false, "overlap_delaunay5": false, "overlap_mst": true, "delaunay_category": "Delaunay1", "category": "MST" }, "geometry": { "type": "LineString", "coordinates": [ [ 12.970936553587602, 55.786388889983897 ], [ 13.013306, 55.739482 ], [ 13.144694220925999, 55.737169880079897 ] ] } },
{ "type": "Feature", "properties": { "area0": "SE4", "area1": "SE4", "bus0": 5573, "bus1": 5574, "length": 32487.863065476402, "circuits": 1.0, "Vbase": 380.0, "ug": false, "uc": 0.0, "lat": [ 55.8604522508522, 55.792017, 55.7372269354925 ], "lon": [ 13.5802526624535, 13.510437, 13.1455741202045 ], "x": "[411138.02960516 406604.78519374 383567.43469778]", "y": "[6191459.79481584 6183936.13732529 6178391.74698256]", "source": "Pypsa 2019-09-04", "info": { }, "line_id": 2379, "bus0_name": "Sege", "bus1_name": "Hurva", "from_node": 58, "to_node": 62, "overlap_delaunay1": true, "overlap_delaunay2": false, "overlap_delaunay3": false, "overlap_delaunay4": false, "overlap_delaunay5": false, "overlap_mst": true, "delaunay_category": "Delaunay1", "category": "MST" }, "geometry": { "type": "LineString", "coordinates": [ [ 13.5802526624535, 55.860452250852198 ], [ 13.510437, 55.792017 ], [ 13.1455741202045, 55.737226935492494 ] ] } },
{ "type": "Feature", "properties": { "area0": "SE4", "area1": "SE4", "bus0": 5570, "bus1": 5574, "length": 39146.820965863197, "circuits": 1.0, "Vbase": 380.0, "ug": false, "uc": 0.0, "lat": [ 55.8605900804964, 55.827516, 55.7866546693455 ], "lon": [ 13.5800510901084, 13.404694, 12.9711758586109 ], "x": "[411125.72882695 400066.33840935 372780.27500891]", "y": "[6191475.39159492 6188034.02314315 6184198.18656325]", "source": "Pypsa 2019-09-04", "info": { }, "line_id": 2380, "bus0_name": "Barsebäck", "bus1_name": "Hurva", "from_node": 53, "to_node": 62, "overlap_delaunay1": true, "overlap_delaunay2": false, "overlap_delaunay3": false, "overlap_delaunay4": false, "overlap_delaunay5": false, "overlap_mst": false, "delaunay_category": "Delaunay1", "category": "Delaunay1" }, "geometry": { "type": "LineString", "coordinates": [ [ 13.580051090108402, 55.860590080496408 ], [ 13.404694, 55.827516 ], [ 12.971175858610902, 55.786654669345502 ] ] } },
{ "type": "Feature", "properties": { "area0": "DK2", "area1": "DK2", "bus0": 5512, "bus1": 6105, "length": 21765.447807091798, "circuits": 2.0, "Vbase": 380.0, "ug": false, "uc": 0.0, "lat": [ 55.7644419846697, 55.9420510608459 ], "lon": [ 12.240329767495, 12.385525232505 ], "x": "[326864.5545782  336718.12374657]", "y": "[6183311.3238209  6202717.29781188]", "source": "Pypsa 2019-09-04", "info": { }, "line_id": 6821, "bus0_name": "Hovegård", "bus1_name": "Gørløsegård", "from_node": 41, "to_node": 46, "overlap_delaunay1": true, "overlap_delaunay2": false, "overlap_delaunay3": false, "overlap_delaunay4": false, "overlap_delaunay5": false, "overlap_mst": false, "delaunay_category": "Delaunay1", "category": "Delaunay1" }, "geometry": { "type": "LineString", "coordinates": [ [ 12.240329767495002, 55.764441984669695 ], [ 12.385525232505, 55.942051060845898 ] ] } },
{ "type": "Feature", "properties": { "area0": "SE3", "area1": "SE3", "bus0": 6109, "bus1": 6112, "length": 39579.655019530997, "circuits": 1.0, "Vbase": 380.0, "ug": false, "uc": 0.0, "lat": [ 58.3042037692976, 58.038643, 57.9646152190049 ], "lon": [ 12.2992280125499, 12.337646, 12.2445121197593 ], "x": "[341741.88047161 342824.78639525 336992.11870391]", "y": "[6465753.44929783 6436111.42591541 6428094.49938715]", "source": "Pypsa 2019-09-04", "info": { }, "line_id": 2327, "bus0_name": "Skogssäter", "bus1_name": "Kilanda", "from_node": 44, "to_node": 43, "overlap_delaunay1": true, "overlap_delaunay2": false, "overlap_delaunay3": false, "overlap_delaunay4": false, "overlap_delaunay5": false, "overlap_mst": true, "delaunay_category": "Delaunay1", "category": "MST" }, "geometry": { "type": "LineString", "coordinates": [ [ 12.299228012549898, 58.304203769297594 ], [ 12.337646, 58.038643 ], [ 12.244512119759301, 57.964615219004891 ] ] } },
{ "type": "Feature", "properties": { "area0": "SE3", "area1": "SE3", "bus0": 6112, "bus1": 6113, "length": 31574.636164552001, "circuits": 1.0, "Vbase": 380.0, "ug": false, "uc": 0.0, "lat": [ 57.9642172515239, 57.7263540731127 ], "lon": [ 12.2440192707498, 11.9547417292502 ], "x": "[336961.16566921 318662.75817091]", "y": "[6428051.40436637 6402320.99682074]", "source": "Pypsa 2019-09-04", "info": { }, "line_id": 2329, "bus0_name": "Kilanda", "bus1_name": "Hisingen", "from_node": 43, "to_node": 37, "overlap_delaunay1": true, "overlap_delaunay2": false, "overlap_delaunay3": false, "overlap_delaunay4": false, "overlap_delaunay5": false, "overlap_mst": false, "delaunay_category": "Delaunay1", "category": "Delaunay1" }, "geometry": { "type": "LineString", "coordinates": [ [ 12.244019270749799, 57.964217251523905 ], [ 11.954741729250202, 57.726354073112702 ] ] } },
{ "type": "Feature", "properties": { "area0": "SE3", "area1": "SE3", "bus0": 6110, "bus1": 6114, "length": 120166.25550854599, "circuits": 1.0, "Vbase": 380.0, "ug": false, "uc": 0.0, "lat": [ 57.8163934419987, 58.381559, 58.5609064731032 ], "lon": [ 12.4080181262434, 13.609314, 13.878203140697 ], "x": "[346029.28094776 418677.48798492 434733.45116836]", "y": "[6411217.33665331 6472032.07843506 6491705.53488236]", "source": "Pypsa 2019-09-04", "info": { }, "line_id": 2325, "bus0_name": "Timmersdala", "bus1_name": "Stenkullen", "from_node": 65, "to_node": 47, "overlap_delaunay1": true, "overlap_delaunay2": false, "overlap_delaunay3": false, "overlap_delaunay4": false, "overlap_delaunay5": false, "overlap_mst": false, "delaunay_category": "Delaunay1", "category": "Delaunay1" }, "geometry": { "type": "LineString", "coordinates": [ [ 12.408018126243398, 57.816393441998699 ], [ 13.609314, 58.381559 ], [ 13.878203140696998, 58.560906473103188 ] ] } },
{ "type": "Feature", "properties": { "area0": "SE3", "area1": "SE3", "bus0": 6112, "bus1": 6114, "length": 20677.226139552298, "circuits": 1.0, "Vbase": 380.0, "ug": false, "uc": 0.0, "lat": [ 57.9641827865559, 57.86448, 57.8163712792587 ], "lon": [ 12.2443403503878, 12.277222, 12.4073157255794 ], "x": "[336979.99726918 338477.53701508 345987.4742554 ]", "y": "[6428046.79442571 6416873.31547599 6411216.46873534]", "source": "Pypsa 2019-09-04", "info": { }, "line_id": 2330, "bus0_name": "Kilanda", "bus1_name": "Stenkullen", "from_node": 43, "to_node": 47, "overlap_delaunay1": true, "overlap_delaunay2": false, "overlap_delaunay3": false, "overlap_delaunay4": false, "overlap_delaunay5": false, "overlap_mst": true, "delaunay_category": "Delaunay1", "category": "MST" }, "geometry": { "type": "LineString", "coordinates": [ [ 12.244340350387802, 57.964182786555895 ], [ 12.277222, 57.86448 ], [ 12.407315725579398, 57.816371279258696 ] ] } },
{ "type": "Feature", "properties": { "area0": "SE3", "area1": "SE3", "bus0": 6114, "bus1": 6116, "length": 33458.127961649901, "circuits": 1.0, "Vbase": 380.0, "ug": false, "uc": 0.0, "lat": [ 57.5690858465438, 57.8160384984702 ], "lon": [ 12.0879630700551, 12.4074289299449 ], "x": "[325840.78629564 345992.77776424]", "y": "[6384473.59863277 6411179.17906926]", "source": "Pypsa 2019-09-04", "info": { }, "line_id": 2378, "bus0_name": "Stenkullen", "bus1_name": "unknown", "from_node": 47, "to_node": 39, "overlap_delaunay1": true, "overlap_delaunay2": false, "overlap_delaunay3": false, "overlap_delaunay4": false, "overlap_delaunay5": false, "overlap_mst": false, "delaunay_category": "Delaunay1", "category": "Delaunay1" }, "geometry": { "type": "LineString", "coordinates": [ [ 12.0879630700551, 57.5690858465438 ], [ 12.407428929944896, 57.816038498470206 ] ] } },
{ "type": "Feature", "properties": { "area0": "SE3", "area1": "SE3", "bus0": 6116, "bus1": 6117, "length": 28481.418495052403, "circuits": 1.0, "Vbase": 380.0, "ug": false, "uc": 0.0, "lat": [ 57.568868661349, 57.5482803495968 ], "lon": [ 12.088153606005, 12.562420393995 ], "x": "[325851.13999106 354125.33371732]", "y": "[6384448.9445901 6381039.7107583]", "source": "Pypsa 2019-09-04", "info": { }, "line_id": 2333, "bus0_name": "unknown", "bus1_name": "Strömma", "from_node": 39, "to_node": 49, "overlap_delaunay1": true, "overlap_delaunay2": false, "overlap_delaunay3": false, "overlap_delaunay4": false, "overlap_delaunay5": false, "overlap_mst": false, "delaunay_category": "Delaunay1", "category": "Delaunay1" }, "geometry": { "type": "LineString", "coordinates": [ [ 12.088153606005001, 57.568868661348993 ], [ 12.562420393995, 57.548280349596816 ] ] } },
{ "type": "Feature", "properties": { "area0": "SE3", "area1": "SE3", "bus0": 6114, "bus1": 6117, "length": 31194.361998403998, "circuits": 1.0, "Vbase": 380.0, "ug": false, "uc": 0.0, "lat": [ 57.5484901264549, 57.8160075598671 ], "lon": [ 12.5627338029899, 12.40781619701 ], "x": "[354144.92306006 346015.6439873 ]", "y": "[6381062.38170511 6411174.85492902]", "source": "Pypsa 2019-09-04", "info": { }, "line_id": 2332, "bus0_name": "Stenkullen", "bus1_name": "Strömma", "from_node": 47, "to_node": 49, "overlap_delaunay1": true, "overlap_delaunay2": false, "overlap_delaunay3": false, "overlap_delaunay4": false, "overlap_delaunay5": false, "overlap_mst": false, "delaunay_category": "Delaunay1", "category": "Delaunay1" }, "geometry": { "type": "LineString", "coordinates": [ [ 12.562733802989902, 57.548490126454901 ], [ 12.407816197010002, 57.816007559867117 ] ] } },
{ "type": "Feature", "properties": { "area0": "SE3", "area1": "SE3", "bus0": 6117, "bus1": 6118, "length": 31246.668611554902, "circuits": 1.0, "Vbase": 380.0, "ug": false, "uc": 0.0, "lat": [ 57.3289336236371, 57.5480735036973 ], "lon": [ 12.2376748305634, 12.5625871694366 ], "x": "[333704.76272457 354134.48487684]", "y": "[6357377.72569509 6381016.33403487]", "source": "Pypsa 2019-09-04", "info": { }, "line_id": 2342, "bus0_name": "Strömma", "bus1_name": "Ringhals", "from_node": 49, "to_node": 40, "overlap_delaunay1": true, "overlap_delaunay2": false, "overlap_delaunay3": false, "overlap_delaunay4": false, "overlap_delaunay5": false, "overlap_mst": false, "delaunay_category": "Delaunay1", "category": "Delaunay1" }, "geometry": { "type": "LineString", "coordinates": [ [ 12.2376748305634, 57.328933623637084 ], [ 12.562587169436599, 57.548073503697303 ] ] } },
{ "type": "Feature", "properties": { "area0": "SE3", "area1": "SE3", "bus0": 6118, "bus1": 6119, "length": 29619.179201039999, "circuits": 1.0, "Vbase": 380.0, "ug": false, "uc": 0.0, "lat": [ 57.3286180809241, 57.279785, 57.3560573552713 ], "lon": [ 12.2377771709782, 12.384338, 12.6709548329262 ], "x": "[333709.49581569 342321.1746949  359885.53527282]", "y": "[6357342.3659834  6351559.87018184 6359420.17155174]", "source": "Pypsa 2019-09-04", "info": { }, "line_id": 2341, "bus0_name": "Ringhals", "bus1_name": "Horred", "from_node": 40, "to_node": 52, "overlap_delaunay1": true, "overlap_delaunay2": false, "overlap_delaunay3": false, "overlap_delaunay4": false, "overlap_delaunay5": false, "overlap_mst": true, "delaunay_category": "Delaunay1", "category": "MST" }, "geometry": { "type": "LineString", "coordinates": [ [ 12.237777170978202, 57.328618080924102 ], [ 12.384338, 57.279785 ], [ 12.670954832926199, 57.356057355271304 ] ] } },
{ "type": "Feature", "properties": { "area0": "SE3", "area1": "SE3", "bus0": 6112, "bus1": 6119, "length": 80876.347588778197, "circuits": 1.0, "Vbase": 380.0, "ug": false, "uc": 0.0, "lat": [ 57.9643140476444, 57.935996, 57.631434, 57.3564007536336 ], "lon": [ 12.2446661008728, 12.355499, 12.779846, 12.6714489594492 ], "x": "[336999.85750346 343431.0687289  367436.95419289 359916.56336356]", "y": "[6428060.6146673  6424647.34324285 6389847.46986337 6359457.36833563]", "source": "Pypsa 2019-09-04", "info": { }, "line_id": 2328, "bus0_name": "Kilanda", "bus1_name": "Horred", "from_node": 43, "to_node": 52, "overlap_delaunay1": false, "overlap_delaunay2": false, "overlap_delaunay3": true, "overlap_delaunay4": false, "overlap_delaunay5": false, "overlap_mst": false, "delaunay_category": "Delaunay3", "category": "Delaunay3" }, "geometry": { "type": "LineString", "coordinates": [ [ 12.2446661008728, 57.964314047644393 ], [ 12.355499, 57.935996 ], [ 12.779846, 57.631434 ], [ 12.671448959449199, 57.356400753633601 ] ] } },
{ "type": "Feature", "properties": { "area0": "SE3", "area1": "SE3", "bus0": 6119, "bus1": 6120, "length": 48966.237878922002, "circuits": 1.0, "Vbase": 380.0, "ug": false, "uc": 0.0, "lat": [ 57.3562643372169, 57.5385801619599 ], "lon": [ 12.6717634169521, 13.4138995830479 ], "x": "[359934.95675225 405049.08049738]", "y": "[6359441.53992288 6378449.75208156]", "source": "Pypsa 2019-09-04", "info": { }, "line_id": 2337, "bus0_name": "Horred", "bus1_name": "Uddebo", "from_node": 52, "to_node": 60, "overlap_delaunay1": true, "overlap_delaunay2": false, "overlap_delaunay3": false, "overlap_delaunay4": false, "overlap_delaunay5": false, "overlap_mst": true, "delaunay_category": "Delaunay1", "category": "MST" }, "geometry": { "type": "LineString", "coordinates": [ [ 12.671763416952102, 57.356264337216906 ], [ 13.4138995830479, 57.538580161959892 ] ] } },
{ "type": "Feature", "properties": { "area0": "SE3", "area1": "SE3", "bus0": 6120, "bus1": 6121, "length": 50833.562551064198, "circuits": 1.0, "Vbase": 380.0, "ug": false, "uc": 0.0, "lat": [ 57.5387750830844, 57.718724387084 ], "lon": [ 13.4147191519898, 14.1966708480101 ], "x": "[405098.64481154 452144.75597671]", "y": "[6378470.30229219 6397679.20852804]", "source": "Pypsa 2019-09-04", "info": { }, "line_id": 2335, "bus0_name": "Uddebo", "bus1_name": "Tenhult", "from_node": 60, "to_node": 67, "overlap_delaunay1": true, "overlap_delaunay2": false, "overlap_delaunay3": false, "overlap_delaunay4": false, "overlap_delaunay5": false, "overlap_mst": true, "delaunay_category": "Delaunay1", "category": "MST" }, "geometry": { "type": "LineString", "coordinates": [ [ 13.4147191519898, 57.53877508308441 ], [ 14.1966708480101, 57.718724387084002 ] ] } },
{ "type": "Feature", "properties": { "area0": "SE3", "area1": "SE3", "bus0": 6122, "bus1": 6123, "length": 30147.637939514101, "circuits": 1.0, "Vbase": 380.0, "ug": false, "uc": 0.0, "lat": [ 58.7045923795042, 58.623352, 58.4931612490429 ], "lon": [ 16.0356310530249, 15.904083, 16.0960713264992 ], "x": "[560006.72796691 552506.77502229 563892.98531306]", "y": "[6507622.39653355 6498466.96916046 6484138.53268721]", "source": "Pypsa 2019-09-04", "info": { }, "line_id": 2323, "bus0_name": "Glan", "bus1_name": "Kimstad", "from_node": 87, "to_node": 88, "overlap_delaunay1": true, "overlap_delaunay2": false, "overlap_delaunay3": false, "overlap_delaunay4": false, "overlap_delaunay5": false, "overlap_mst": true, "delaunay_category": "Delaunay1", "category": "MST" }, "geometry": { "type": "LineString", "coordinates": [ [ 16.0356310530249, 58.704592379504192 ], [ 15.904083, 58.623352 ], [ 16.096071326499199, 58.493161249042906 ] ] } },
{ "type": "Feature", "properties": { "area0": "SE3", "area1": "SE3", "bus0": 6122, "bus1": 6124, "length": 81101.034732404994, "circuits": 1.0, "Vbase": 380.0, "ug": false, "uc": 0.0, "lat": [ 58.2843830198821, 58.444858, 58.596887, 58.747544, 58.7048639868608 ], "lon": [ 15.1958043722844, 15.552521, 15.533295, 15.849152, 16.0355088703606 ], "x": "[511481.92867529 532252.82582772 530996.17481269 549141.54651593\n 559999.18173054]", "y": "[6460388.80235658 6478371.83641458 6495289.69007036 6512252.768729\n 6507652.527158  ]", "source": "Pypsa 2019-09-04", "info": { }, "line_id": 2322, "bus0_name": "Glan", "bus1_name": "Kolstad", "from_node": 87, "to_node": 78, "overlap_delaunay1": true, "overlap_delaunay2": false, "overlap_delaunay3": false, "overlap_delaunay4": false, "overlap_delaunay5": false, "overlap_mst": false, "delaunay_category": "Delaunay1", "category": "Delaunay1" }, "geometry": { "type": "LineString", "coordinates": [ [ 15.1958043722844, 58.2843830198821 ], [ 15.552521, 58.444858 ], [ 15.533295, 58.596887 ], [ 15.849152, 58.747544 ], [ 16.035508870360605, 58.704863986860808 ] ] } },
{ "type": "Feature", "properties": { "area0": "SE3", "area1": "SE4", "bus0": 6121, "bus1": 6126, "length": 101907.556891104, "circuits": 1.0, "Vbase": 380.0, "ug": false, "uc": 0.0, "lat": [ 57.7185819386707, 56.8101439827546 ], "lon": [ 14.1971366707475, 14.4002763292525 ], "x": "[452172.3169185  463383.00720965]", "y": "[6397663.02183   6296412.7347466]", "source": "Pypsa 2019-09-04", "info": { }, "line_id": 2344, "bus0_name": "Tenhult", "bus1_name": "Alvesta", "from_node": 67, "to_node": 68, "overlap_delaunay1": true, "overlap_delaunay2": false, "overlap_delaunay3": false, "overlap_delaunay4": false, "overlap_delaunay5": false, "overlap_mst": false, "delaunay_category": "Delaunay1", "category": "Delaunay1" }, "geometry": { "type": "LineString", "coordinates": [ [ 14.197136670747501, 57.718581938670717 ], [ 14.400276329252501, 56.810143982754603 ] ] } },
{ "type": "Feature", "properties": { "area0": "SE4", "area1": "SE4", "bus0": 5574, "bus1": 6126, "length": 117953.678351073, "circuits": 1.0, "Vbase": 380.0, "ug": false, "uc": 0.0, "lat": [ 56.8096773966344, 55.886095, 55.860808777109 ], "lon": [ 14.400145954015, 13.649139, 13.58084966626 ], "x": "[463374.59203221 415505.02624662 411176.20676818]", "y": "[6296360.86902461 6194227.11816417 6191498.7035289 ]", "source": "Pypsa 2019-09-04", "info": { }, "line_id": 2351, "bus0_name": "Hurva", "bus1_name": "Alvesta", "from_node": 62, "to_node": 68, "overlap_delaunay1": false, "overlap_delaunay2": true, "overlap_delaunay3": false, "overlap_delaunay4": false, "overlap_delaunay5": false, "overlap_mst": false, "delaunay_category": "Delaunay2", "category": "Delaunay2" }, "geometry": { "type": "LineString", "coordinates": [ [ 14.400145954014997, 56.809677396634399 ], [ 13.649139, 55.886095 ], [ 13.580849666260001, 55.860808777109 ] ] } },
{ "type": "Feature", "properties": { "area0": "SE4", "area1": "SE4", "bus0": 6125, "bus1": 6127, "length": 61460.253358973401, "circuits": 1.0, "Vbase": 380.0, "ug": false, "uc": 0.0, "lat": [ 56.3258333282677, 56.637351, 56.6493852884397 ], "lon": [ 14.749489908274, 15.428925, 15.5424672108861 ], "x": "[484507.95585991 526309.10556205 533262.8125227 ]", "y": "[6242373.10177361 6277100.95585124 6278489.7646352 ]", "source": "Pypsa 2019-09-04", "info": { }, "line_id": 2345, "bus0_name": "Nybro", "bus1_name": "Hemsjö", "from_node": 83, "to_node": 72, "overlap_delaunay1": true, "overlap_delaunay2": false, "overlap_delaunay3": false, "overlap_delaunay4": false, "overlap_delaunay5": false, "overlap_mst": true, "delaunay_category": "Delaunay1", "category": "MST" }, "geometry": { "type": "LineString", "coordinates": [ [ 14.749489908274001, 56.325833328267699 ], [ 15.428925, 56.637351 ], [ 15.542467210886096, 56.649385288439703 ] ] } },
{ "type": "Feature", "properties": { "area0": "SE4", "area1": "SE4", "bus0": 5574, "bus1": 6127, "length": 90909.219529705806, "circuits": 1.0, "Vbase": 380.0, "ug": false, "uc": 0.0, "lat": [ 56.325523233246, 55.85065, 55.86060682686 ], "lon": [ 14.7487923790329, 13.649139, 13.5809079617067 ], "x": "[484464.69343139 415428.03278656 411179.3943763 ]", "y": "[6242338.74450964 6190282.67597187 6191476.15526432]", "source": "Pypsa 2019-09-04", "info": { }, "line_id": 2350, "bus0_name": "Hurva", "bus1_name": "Hemsjö", "from_node": 62, "to_node": 72, "overlap_delaunay1": true, "overlap_delaunay2": false, "overlap_delaunay3": false, "overlap_delaunay4": false, "overlap_delaunay5": false, "overlap_mst": false, "delaunay_category": "Delaunay1", "category": "Delaunay1" }, "geometry": { "type": "LineString", "coordinates": [ [ 14.748792379032899, 56.325523233246003 ], [ 13.649139, 55.85065 ], [ 13.580907961706698, 55.860606826859993 ] ] } },
{ "type": "Feature", "properties": { "area0": "SE4", "area1": "SE4", "bus0": 6126, "bus1": 6127, "length": 57971.842300057098, "circuits": 1.0, "Vbase": 380.0, "ug": false, "uc": 0.0, "lat": [ 56.325906167165, 56.8096727719228 ], "lon": [ 14.7489805367887, 14.4004954632113 ], "x": "[484476.48494668 463395.92726547]", "y": "[6242381.32368038 6296360.16733173]", "source": "Pypsa 2019-09-04", "info": { }, "line_id": 2354, "bus0_name": "Alvesta", "bus1_name": "Hemsjö", "from_node": 68, "to_node": 72, "overlap_delaunay1": true, "overlap_delaunay2": false, "overlap_delaunay3": false, "overlap_delaunay4": false, "overlap_delaunay5": false, "overlap_mst": true, "delaunay_category": "Delaunay1", "category": "MST" }, "geometry": { "type": "LineString", "coordinates": [ [ 14.7489805367887, 56.325906167165002 ], [ 14.400495463211302, 56.809672771922799 ] ] } },
{ "type": "Feature", "properties": { "area0": "SE4", "area1": "SE4", "bus0": 6127, "bus1": 6128, "length": 7675.5104335956303, "circuits": 1.0, "Vbase": 380.0, "ug": false, "uc": 0.0, "lat": [ 56.3254407847793, 56.2603686157482 ], "lon": [ 14.7492933497174, 14.7901966502826 ], "x": "[484495.64121675 487003.14165787]", "y": "[6242329.45483669 6235078.31184306]", "source": "Pypsa 2019-09-04", "info": { }, "line_id": 6525, "bus0_name": "Hemsjö", "bus1_name": "Karlshamm", "from_node": 72, "to_node": 73, "overlap_delaunay1": true, "overlap_delaunay2": false, "overlap_delaunay3": false, "overlap_delaunay4": false, "overlap_delaunay5": false, "overlap_mst": true, "delaunay_category": "Delaunay1", "category": "MST" }, "geometry": { "type": "LineString", "coordinates": [ [ 14.749293349717396, 56.325440784779296 ], [ 14.790196650282599, 56.260368615748199 ] ] } },
{ "type": "Feature", "properties": { "area0": "DK2", "area1": "SE4", "bus0": 6105, "bus1": 6130, "length": 48694.836159786697, "circuits": 2.0, "Vbase": 380.0, "ug": false, "uc": 0.0, "lat": [ 55.9425041771614, 56.095024, 56.1592580502406 ], "lon": [ 12.3859079899755, 12.518921, 12.9840325474546 ], "x": "[336743.92870965 345658.61538987 374795.84244501]", "y": "[6202766.80438627 6219429.79689812 6225634.6274009 ]", "source": "Pypsa 2019-09-04", "info": { }, "line_id": 2348, "bus0_name": "Gørløsegård", "bus1_name": "Söderåsen", "from_node": 46, "to_node": 55, "overlap_delaunay1": true, "overlap_delaunay2": false, "overlap_delaunay3": false, "overlap_delaunay4": false, "overlap_delaunay5": false, "overlap_mst": false, "delaunay_category": "Delaunay1", "category": "Delaunay1" }, "geometry": { "type": "LineString", "coordinates": [ [ 12.3859079899755, 55.942504177161396 ], [ 12.518921, 56.095024 ], [ 12.984032547454602, 56.159258050240588 ] ] } },
{ "type": "Feature", "properties": { "area0": "SE4", "area1": "SE4", "bus0": 5570, "bus1": 6130, "length": 41672.0594538121, "circuits": 1.0, "Vbase": 380.0, "ug": false, "uc": 0.0, "lat": [ 55.7868655500166, 55.908424, 56.063603, 56.1590709838227 ], "lon": [ 12.970734, 12.970734, 13.006439, 12.9845237745719 ], "x": "[372753.25953644 373149.85673143 375879.65117864 374825.73750906]", "y": "[6184222.46241298 6197748.11816757 6214950.2683764  6225612.92005324]", "source": "Pypsa 2019-09-04", "info": { }, "line_id": 2349, "bus0_name": "Barsebäck", "bus1_name": "Söderåsen", "from_node": 53, "to_node": 55, "overlap_delaunay1": true, "overlap_delaunay2": false, "overlap_delaunay3": false, "overlap_delaunay4": false, "overlap_delaunay5": false, "overlap_mst": true, "delaunay_category": "Delaunay1", "category": "MST" }, "geometry": { "type": "LineString", "coordinates": [ [ 12.970734, 55.7868655500166 ], [ 12.970734, 55.908424 ], [ 13.006439, 56.063603 ], [ 12.984523774571899, 56.159070983822708 ] ] } },
{ "type": "Feature", "properties": { "area0": "SE3", "area1": "SE4", "bus0": 6117, "bus1": 6131, "length": 91706.932911059499, "circuits": 1.0, "Vbase": 380.0, "ug": false, "uc": 0.0, "lat": [ 56.7717686999142, 57.355423, 57.5480207115279 ], "lon": [ 12.9911629628332, 12.55188, 12.5628522746172 ], "x": "[377231.39521307 352721.27568574 354150.13488132]", "y": "[6293781.33056945 6359601.12806093 6381009.88950743]", "source": "Pypsa 2019-09-04", "info": { }, "line_id": 2339, "bus0_name": "Strömma", "bus1_name": "Breared", "from_node": 49, "to_node": 56, "overlap_delaunay1": false, "overlap_delaunay2": true, "overlap_delaunay3": false, "overlap_delaunay4": false, "overlap_delaunay5": false, "overlap_mst": false, "delaunay_category": "Delaunay2", "category": "Delaunay2" }, "geometry": { "type": "LineString", "coordinates": [ [ 12.991162962833201, 56.77176869991419 ], [ 12.55188, 57.355423 ], [ 12.562852274617201, 57.548020711527897 ] ] } },
{ "type": "Feature", "properties": { "area0": "SE4", "area1": "SE4", "bus0": 6130, "bus1": 6131, "length": 75742.959837770395, "circuits": 1.0, "Vbase": 380.0, "ug": false, "uc": 0.0, "lat": [ 56.771313447993, 56.420738, 56.1595342131333 ], "lon": [ 12.9915039352593, 13.253632, 12.9846888603185 ], "x": "[377250.74390058 392275.54162189 374837.49533052]", "y": "[6293730.05709564 6254276.11027725 6225664.16583268]", "source": "Pypsa 2019-09-04", "info": { }, "line_id": 2347, "bus0_name": "Söderåsen", "bus1_name": "Breared", "from_node": 55, "to_node": 56, "overlap_delaunay1": true, "overlap_delaunay2": false, "overlap_delaunay3": false, "overlap_delaunay4": false, "overlap_delaunay5": false, "overlap_mst": true, "delaunay_category": "Delaunay1", "category": "MST" }, "geometry": { "type": "LineString", "coordinates": [ [ 12.991503935259297, 56.771313447992988 ], [ 13.253632, 56.420738 ], [ 12.984688860318499, 56.159534213133298 ] ] } },
{ "type": "Feature", "properties": { "area0": "SE3", "area1": "SE3", "bus0": 6121, "bus1": 6132, "length": 34692.009963099103, "circuits": 1.0, "Vbase": 380.0, "ug": false, "uc": 0.0, "lat": [ 57.7190015682137, 57.849136, 57.856443, 57.7988363303928 ], "lon": [ 14.1973710675042, 14.403076, 14.506073, 14.625217663154 ], "x": "[452186.83315903 464568.29865244 470687.77125471 477722.88267197]", "y": "[6397709.57103372 6412070.47049003 6412834.67485874 6406375.99396554]", "source": "Pypsa 2019-09-04", "info": { }, "line_id": 2331, "bus0_name": "Tenhult", "bus1_name": "Barkeryd", "from_node": 67, "to_node": 70, "overlap_delaunay1": true, "overlap_delaunay2": false, "overlap_delaunay3": false, "overlap_delaunay4": false, "overlap_delaunay5": false, "overlap_mst": true, "delaunay_category": "Delaunay1", "category": "MST" }, "geometry": { "type": "LineString", "coordinates": [ [ 14.197371067504198, 57.719001568213706 ], [ 14.403076, 57.849136 ], [ 14.506073, 57.856443 ], [ 14.625217663153999, 57.79883633039281 ] ] } },
{ "type": "Feature", "properties": { "area0": "SE3", "area1": "SE3", "bus0": 6124, "bus1": 6132, "length": 67636.996728654296, "circuits": 1.0, "Vbase": 380.0, "ug": false, "uc": 0.0, "lat": [ 57.7989125794697, 57.860096, 57.989904, 58.2840624760998 ], "lon": [ 14.6254961476729, 14.611816, 14.642029, 15.1951486911047 ], "x": "[477739.48268207 476965.40342108 478834.72244982 511443.58313364]", "y": "[6406384.39107347 6413200.45875042 6427642.20604484 6460353.00212706]", "source": "Pypsa 2019-09-04", "info": { }, "line_id": 2387, "bus0_name": "Kolstad", "bus1_name": "Barkeryd", "from_node": 78, "to_node": 70, "overlap_delaunay1": true, "overlap_delaunay2": false, "overlap_delaunay3": false, "overlap_delaunay4": false, "overlap_delaunay5": false, "overlap_mst": true, "delaunay_category": "Delaunay1", "category": "MST" }, "geometry": { "type": "LineString", "coordinates": [ [ 14.625496147672902, 57.798912579469715 ], [ 14.611816, 57.860096 ], [ 14.642029, 57.989904 ], [ 15.195148691104698, 58.284062476099791 ] ] } },
{ "type": "Feature", "properties": { "area0": "SE4", "area1": "SE4", "bus0": 6130, "bus1": 6134, "length": 107392.95011227901, "circuits": 1.0, "Vbase": 380.0, "ug": false, "uc": 0.0, "lat": [ 56.1593386743051, 56.168494, 56.435167, 56.9372579628116 ], "lon": [ 12.98491250116, 13.18222, 13.458252, 13.067040516866 ], "x": "[374850.74668522 387129.96105984 404932.24760388 382388.29988912]", "y": "[6225642.0015705  6226320.27932912 6255580.1144863  6312064.71509572]", "source": "Pypsa 2019-09-04", "info": { }, "line_id": 2340, "bus0_name": "Söderåsen", "bus1_name": "Häradsbo", "from_node": 55, "to_node": 57, "overlap_delaunay1": false, "overlap_delaunay2": true, "overlap_delaunay3": false, "overlap_delaunay4": false, "overlap_delaunay5": false, "overlap_mst": false, "delaunay_category": "Delaunay2", "category": "Delaunay2" }, "geometry": { "type": "LineString", "coordinates": [ [ 12.984912501159998, 56.15933867430509 ], [ 13.18222, 56.168494 ], [ 13.458252, 56.435167 ], [ 13.067040516865999, 56.9372579628116 ] ] } },
{ "type": "Feature", "properties": { "area0": "SE3", "area1": "SE4", "bus0": 6119, "bus1": 6134, "length": 54089.343709689601, "circuits": 1.0, "Vbase": 380.0, "ug": false, "uc": 0.0, "lat": [ 56.9377079982167, 57.348015, 57.3561139159521 ], "lon": [ 13.0666873541437, 12.742767, 12.6717949429999 ], "x": "[382368.23171357 364175.07473513 359936.27982709]", "y": "[6312115.406646   6358379.53398892 6359424.735635  ]", "source": "Pypsa 2019-09-04", "info": { }, "line_id": 2384, "bus0_name": "Horred", "bus1_name": "Häradsbo", "from_node": 52, "to_node": 57, "overlap_delaunay1": true, "overlap_delaunay2": false, "overlap_delaunay3": false, "overlap_delaunay4": false, "overlap_delaunay5": false, "overlap_mst": true, "delaunay_category": "Delaunay1", "category": "MST" }, "geometry": { "type": "LineString", "coordinates": [ [ 13.066687354143699, 56.937707998216702 ], [ 12.742767, 57.348015 ], [ 12.671794942999901, 57.356113915952101 ] ] } },
{ "type": "Feature", "properties": { "area0": "SE4", "area1": "SE4", "bus0": 6128, "bus1": 6136, "length": 10138.9516354856, "circuits": 1.0, "Vbase": 380.0, "ug": false, "uc": 0.0, "lat": [ 56.2598997142351, 56.1740808123218 ], "lon": [ 14.7904933167656, 14.8451266832344 ], "x": "[487021.36077264 490384.35659748]", "y": "[6235026.0663745  6225465.38119074]", "source": "Pypsa 2019-09-04", "info": { }, "line_id": 2346, "bus0_name": "Karlshamm", "bus1_name": "Stärnö", "from_node": 73, "to_node": 74, "overlap_delaunay1": true, "overlap_delaunay2": false, "overlap_delaunay3": false, "overlap_delaunay4": false, "overlap_delaunay5": false, "overlap_mst": true, "delaunay_category": "Delaunay1", "category": "MST" }, "geometry": { "type": "LineString", "coordinates": [ [ 14.790493316765597, 56.259899714235104 ], [ 14.845126683234398, 56.174080812321797 ] ] } },
{ "type": "Feature", "properties": { "area0": "SE3", "area1": "SE3", "bus0": 6122, "bus1": 6139, "length": 161552.47783513099, "circuits": 1.0, "Vbase": 380.0, "ug": false, "uc": 0.0, "lat": [ 57.4368981789408, 57.495904, 58.412503, 58.535294, 58.7045692127668 ], "lon": [ 16.6603439534393, 16.34079, 16.406708, 16.225433, 16.0361440721556 ], "x": "[599671.59292372 580360.59221617 582187.29060308 571347.7704428\n 560036.49178942]", "y": "[6367238.36735478 6373382.86926266 6475496.39663198 6488959.45262784\n 6507620.2764746 ]", "source": "Pypsa 2019-09-04", "info": { }, "line_id": 2324, "bus0_name": "Glan", "bus1_name": "Oskarshamn", "from_node": 87, "to_node": 90, "overlap_delaunay1": false, "overlap_delaunay2": true, "overlap_delaunay3": false, "overlap_delaunay4": false, "overlap_delaunay5": false, "overlap_mst": false, "delaunay_category": "Delaunay2", "category": "Delaunay2" }, "geometry": { "type": "LineString", "coordinates": [ [ 16.660343953439298, 57.436898178940808 ], [ 16.34079, 57.495904 ], [ 16.406708, 58.412503 ], [ 16.225433, 58.535294 ], [ 16.036144072155601, 58.704569212766792 ] ] } },
{ "type": "Feature", "properties": { "area0": "SE3", "area1": "SE3", "bus0": 6123, "bus1": 6139, "length": 145482.43235545402, "circuits": 1.0, "Vbase": 380.0, "ug": false, "uc": 0.0, "lat": [ 58.492770370797, 58.308767, 57.449383, 57.4368327757624 ], "lon": [ 16.0965561044084, 16.285858, 16.221313, 16.6603201802147 ], "x": "[563921.95293765 575347.85015451 573293.26910774 599670.34380573]", "y": "[6484095.4762668  6463806.45576464 6368069.43178577 6367231.052893  ]", "source": "Pypsa 2019-09-04", "info": { }, "line_id": 2326, "bus0_name": "Kimstad", "bus1_name": "Oskarshamn", "from_node": 88, "to_node": 90, "overlap_delaunay1": true, "overlap_delaunay2": false, "overlap_delaunay3": false, "overlap_delaunay4": false, "overlap_delaunay5": false, "overlap_mst": false, "delaunay_category": "Delaunay1", "category": "Delaunay1" }, "geometry": { "type": "LineString", "coordinates": [ [ 16.0965561044084, 58.49277037079699 ], [ 16.285858, 58.308767 ], [ 16.221313, 57.449383 ], [ 16.660320180214701, 57.436832775762397 ] ] } },
{ "type": "Feature", "properties": { "area0": "SE4", "area1": "SE3", "bus0": 6126, "bus1": 6139, "length": 160174.10450410302, "circuits": 1.0, "Vbase": 380.0, "ug": false, "uc": 0.0, "lat": [ 56.8099109058987, 56.82343, 56.979415, 57.390224, 57.4367598010592 ], "lon": [ 14.4007773753753, 15.011444, 15.486603, 16.325684, 16.6603338198144 ], "x": "[463413.37178304 500698.48779403 529576.27389301 579684.7238608\n 599671.36093176]", "y": "[6296386.52321379 6297731.3102782  6315199.80589694 6361601.78392327\n 6367222.95055483]", "source": "Pypsa 2019-09-04", "info": { }, "line_id": 2336, "bus0_name": "Alvesta", "bus1_name": "Oskarshamn", "from_node": 68, "to_node": 90, "overlap_delaunay1": false, "overlap_delaunay2": true, "overlap_delaunay3": false, "overlap_delaunay4": false, "overlap_delaunay5": false, "overlap_mst": false, "delaunay_category": "Delaunay2", "category": "Delaunay2" }, "geometry": { "type": "LineString", "coordinates": [ [ 14.400777375375302, 56.80991090589869 ], [ 15.011444, 56.82343 ], [ 15.486603, 56.979415 ], [ 16.325684, 57.390224 ], [ 16.660333819814404, 57.43675980105921 ] ] } },
{ "type": "Feature", "properties": { "area0": "SE4", "area1": "SE3", "bus0": 6125, "bus1": 6139, "length": 112223.500465012, "circuits": 1.0, "Vbase": 380.0, "ug": false, "uc": 0.0, "lat": [ 57.4366468691103, 57.357646, 57.084038, 56.724101, 56.6496514103279 ], "lon": [ 16.6604543500245, 16.517944, 16.269379, 15.611572, 15.5431095657002 ], "x": "[599678.90271587 591321.02876639 576935.60468816 537425.91044813\n 533301.96519213]", "y": "[6367210.55758362 6358217.26498833 6327456.18373078 6286841.80813657\n 6278519.69757647]", "source": "Pypsa 2019-09-04", "info": { }, "line_id": 2343, "bus0_name": "Nybro", "bus1_name": "Oskarshamn", "from_node": 83, "to_node": 90, "overlap_delaunay1": true, "overlap_delaunay2": false, "overlap_delaunay3": false, "overlap_delaunay4": false, "overlap_delaunay5": false, "overlap_mst": true, "delaunay_category": "Delaunay1", "category": "MST" }, "geometry": { "type": "LineString", "coordinates": [ [ 16.660454350024498, 57.436646869110305 ], [ 16.517944, 57.357646 ], [ 16.269379, 57.084038 ], [ 15.611572, 56.724101 ], [ 15.543109565700203, 56.649651410327891 ] ] } },
{ "type": "Feature", "properties": { "area0": "SE3", "area1": "SE3", "bus0": 6109, "bus1": 6142, "length": 67113.627871884499, "circuits": 1.0, "Vbase": 380.0, "ug": false, "uc": 0.0, "lat": [ 58.79505894216, 58.3046297234687 ], "lon": [ 11.6292879621831, 12.2989340378169 ], "x": "[305247.34324434 341726.56278966]", "y": "[6522134.08363461 6465801.54197798]", "source": "Pypsa 2019-09-04", "info": { }, "line_id": 1277, "bus0_name": "Skogssäter", "bus1_name": "Loviseholm", "from_node": 44, "to_node": 34, "overlap_delaunay1": true, "overlap_delaunay2": false, "overlap_delaunay3": false, "overlap_delaunay4": false, "overlap_delaunay5": false, "overlap_mst": true, "delaunay_category": "Delaunay1", "category": "MST" }, "geometry": { "type": "LineString", "coordinates": [ [ 11.629287962183097, 58.795058942159997 ], [ 12.298934037816903, 58.304629723468693 ] ] } },
{ "type": "Feature", "properties": { "area0": "FI", "area1": "FI", "bus0": 6307, "bus1": 6308, "length": 73043.345401262311, "circuits": 1.0, "Vbase": 380.0, "ug": false, "uc": 0.0, "lat": [ 60.906376703699, 60.8302133567293 ], "lon": [ 24.9151749663271, 23.5798510336729 ], "x": "[1036424.39771125  965604.00593703]", "y": "[6793067.49657703 6774400.41736464]", "source": "Pypsa 2019-09-04", "info": { }, "line_id": 8800, "bus0_name": "Forssa", "bus1_name": "Hikiä", "from_node": 147, "to_node": 157, "overlap_delaunay1": true, "overlap_delaunay2": false, "overlap_delaunay3": false, "overlap_delaunay4": false, "overlap_delaunay5": false, "overlap_mst": false, "delaunay_category": "Delaunay1", "category": "Delaunay1" }, "geometry": { "type": "LineString", "coordinates": [ [ 24.9151749663271, 60.90637670369901 ], [ 23.579851033672899, 60.830213356729303 ] ] } },
{ "type": "Feature", "properties": { "area0": "FI", "area1": "FI", "bus0": 6308, "bus1": 6309, "length": 37446.658061012102, "circuits": 1.0, "Vbase": 380.0, "ug": false, "uc": 0.0, "lat": [ 60.9061875014294, 60.5757167197948 ], "lon": [ 24.9157004268289, 25.0405065731711 ], "x": "[1036455.86737049 1048810.87672008]", "y": "[6793050.91002149 6757573.83750323]", "source": "Pypsa 2019-09-04", "info": { }, "line_id": 6712, "bus0_name": "Hikiä", "bus1_name": "Nurmijärvi", "from_node": 157, "to_node": 160, "overlap_delaunay1": true, "overlap_delaunay2": false, "overlap_delaunay3": false, "overlap_delaunay4": false, "overlap_delaunay5": false, "overlap_mst": true, "delaunay_category": "Delaunay1", "category": "MST" }, "geometry": { "type": "LineString", "coordinates": [ [ 24.915700426828902, 60.906187501429393 ], [ 25.040506573171097, 60.575716719794798 ] ] } },
{ "type": "Feature", "properties": { "area0": "FI", "area1": "FI", "bus0": 6307, "bus1": 6310, "length": 94473.886329289104, "circuits": 1.0, "Vbase": 380.0, "ug": false, "uc": 0.0, "lat": [ 60.8300361148966, 60.522158, 60.44435, 60.39961, 60.3305219987159 ], "lon": [ 23.5797295099358, 24.230347, 24.624481, 24.822235, 24.9304511812768 ], "x": "[ 965600.02270202 1005576.27832005 1028329.69095116 1039874.9516476\n 1046954.03907186]", "y": "[6774379.92759664 6745131.62658725 6739634.71574074 6736299.68241163\n 6729560.5719241 ]", "source": "Pypsa 2019-09-04", "info": { }, "line_id": 482, "bus0_name": "Forssa", "bus1_name": "Tammisto", "from_node": 147, "to_node": 158, "overlap_delaunay1": false, "overlap_delaunay2": true, "overlap_delaunay3": false, "overlap_delaunay4": false, "overlap_delaunay5": false, "overlap_mst": false, "delaunay_category": "Delaunay2", "category": "Delaunay2" }, "geometry": { "type": "LineString", "coordinates": [ [ 23.579729509935799, 60.830036114896608 ], [ 24.230347, 60.522158 ], [ 24.624481, 60.44435 ], [ 24.822235, 60.39961 ], [ 24.930451181276798, 60.330521998715902 ] ] } },
{ "type": "Feature", "properties": { "area0": "FI", "area1": "FI", "bus0": 6310, "bus1": 6311, "length": 16250.873382396599, "circuits": 1.0, "Vbase": 380.0, "ug": false, "uc": 0.0, "lat": [ 60.33042011161, 60.3785019962777 ], "lon": [ 24.9311473037978, 25.2090806962022 ], "x": "[1046993.89440279 1061387.92341211]", "y": "[6729555.11491718 6737215.63347497]", "source": "Pypsa 2019-09-04", "info": { }, "line_id": 484, "bus0_name": "Tammisto", "bus1_name": "Länsisalmi", "from_node": 158, "to_node": 162, "overlap_delaunay1": true, "overlap_delaunay2": false, "overlap_delaunay3": false, "overlap_delaunay4": false, "overlap_delaunay5": false, "overlap_mst": true, "delaunay_category": "Delaunay1", "category": "MST" }, "geometry": { "type": "LineString", "coordinates": [ [ 24.931147303797804, 60.33042011161001 ], [ 25.209080696202196, 60.378501996277699 ] ] } },
{ "type": "Feature", "properties": { "area0": "FI", "area1": "FI", "bus0": 6310, "bus1": 6313, "length": 22150.590112395199, "circuits": 1.0, "Vbase": 380.0, "ug": false, "uc": 0.0, "lat": [ 60.2059056014448, 60.304505, 60.3302811977198 ], "lon": [ 24.6562787589691, 24.763184, 24.930298216783 ], "x": "[1033963.81784961 1038217.74720435 1046949.70586664]", "y": "[6713529.36537931 6725302.2236261  6729532.68586424]", "source": "Pypsa 2019-09-04", "info": { }, "line_id": 485, "bus0_name": "Tammisto", "bus1_name": "Espoo", "from_node": 158, "to_node": 156, "overlap_delaunay1": true, "overlap_delaunay2": false, "overlap_delaunay3": false, "overlap_delaunay4": false, "overlap_delaunay5": false, "overlap_mst": true, "delaunay_category": "Delaunay1", "category": "MST" }, "geometry": { "type": "LineString", "coordinates": [ [ 24.656278758969098, 60.205905601444798 ], [ 24.763184, 60.304505 ], [ 24.93029821678299, 60.330281197719771 ] ] } },
{ "type": "Feature", "properties": { "area0": "FI", "area1": "FI", "bus0": 6314, "bus1": 6315, "length": 44367.244637747404, "circuits": 1.0, "Vbase": 380.0, "ug": false, "uc": 0.0, "lat": [ 60.4692668271203, 60.445704, 60.527563, 60.442995, 60.4187102541047 ], "lon": [ 25.6602928540973, 25.720367, 26.133728, 26.210632, 26.2940177015145 ], "x": "[1084413.71934623 1088115.31224581 1109099.39191634 1114886.78629607\n 1119894.50444853]", "y": "[6751182.53988625 6749119.78584104 6761930.84602986 6753324.6940102\n 6751433.51189275]", "source": "Pypsa 2019-09-04", "info": { }, "line_id": 480, "bus0_name": "Loviisa", "bus1_name": "Anttila", "from_node": 169, "to_node": 164, "overlap_delaunay1": true, "overlap_delaunay2": false, "overlap_delaunay3": false, "overlap_delaunay4": false, "overlap_delaunay5": false, "overlap_mst": true, "delaunay_category": "Delaunay1", "category": "MST" }, "geometry": { "type": "LineString", "coordinates": [ [ 25.660292854097296, 60.469266827120286 ], [ 25.720367, 60.445704 ], [ 26.133728, 60.527563 ], [ 26.210632, 60.442995 ], [ 26.294017701514502, 60.41871025410471 ] ] } },
{ "type": "Feature", "properties": { "area0": "FI", "area1": "FI", "bus0": 6309, "bus1": 6315, "length": 37620.112879333799, "circuits": 1.0, "Vbase": 380.0, "ug": false, "uc": 0.0, "lat": [ 60.575551045809, 60.593037, 60.4695079444896 ], "lon": [ 25.041023589246, 25.190277, 25.6595488803583 ], "x": "[1048841.80751872 1056652.6598981  1084368.82164978]", "y": "[6757559.86826028 6760752.06166819 6751202.5130244 ]", "source": "Pypsa 2019-09-04", "info": { }, "line_id": 479, "bus0_name": "Nurmijärvi", "bus1_name": "Anttila", "from_node": 160, "to_node": 164, "overlap_delaunay1": true, "overlap_delaunay2": false, "overlap_delaunay3": false, "overlap_delaunay4": false, "overlap_delaunay5": false, "overlap_mst": false, "delaunay_category": "Delaunay1", "category": "Delaunay1" }, "geometry": { "type": "LineString", "coordinates": [ [ 25.041023589245995, 60.575551045808993 ], [ 25.190277, 60.593037 ], [ 25.659548880358294, 60.469507944489607 ] ] } },
{ "type": "Feature", "properties": { "area0": "FI", "area1": "FI", "bus0": 6314, "bus1": 6316, "length": 60538.068593900898, "circuits": 1.0, "Vbase": 380.0, "ug": false, "uc": 0.0, "lat": [ 60.418804152487, 60.595059, 60.8654776498963 ], "lon": [ 26.2942397987651, 26.154327, 26.6209577352299 ], "x": "[1119904.81399832 1108940.73696437 1128889.70737454]", "y": "[6751445.96701873 6769565.67102253 6803794.83342809]", "source": "Pypsa 2019-09-04", "info": { }, "line_id": 477, "bus0_name": "Loviisa", "bus1_name": "Koria", "from_node": 169, "to_node": 170, "overlap_delaunay1": true, "overlap_delaunay2": false, "overlap_delaunay3": false, "overlap_delaunay4": false, "overlap_delaunay5": false, "overlap_mst": true, "delaunay_category": "Delaunay1", "category": "MST" }, "geometry": { "type": "LineString", "coordinates": [ [ 26.294239798765101, 60.418804152486999 ], [ 26.154327, 60.595059 ], [ 26.620957735229904, 60.865477649896285 ] ] } },
{ "type": "Feature", "properties": { "area0": "FI", "area1": "FI", "bus0": 6316, "bus1": 6317, "length": 27970.1004667017, "circuits": 1.0, "Vbase": 380.0, "ug": false, "uc": 0.0, "lat": [ 60.8655324241285, 60.7371270246022 ], "lon": [ 26.6216303458252, 27.0630616541748 ], "x": "[1128924.75473461 1155263.84532273]", "y": "[6803807.35797008 6794015.47917882]", "source": "Pypsa 2019-09-04", "info": { }, "line_id": 487, "bus0_name": "Koria", "bus1_name": "Kymi", "from_node": 170, "to_node": 172, "overlap_delaunay1": true, "overlap_delaunay2": false, "overlap_delaunay3": false, "overlap_delaunay4": false, "overlap_delaunay5": false, "overlap_mst": true, "delaunay_category": "Delaunay1", "category": "MST" }, "geometry": { "type": "LineString", "coordinates": [ [ 26.621630345825196, 60.865532424128489 ], [ 27.06306165417481, 60.737127024602202 ] ] } },
{ "type": "Feature", "properties": { "area0": "FI", "area1": "FI", "bus0": 6311, "bus1": 6317, "length": 109210.301099588, "circuits": 1.0, "Vbase": 380.0, "ug": false, "uc": 0.0, "lat": [ 60.3786561311011, 60.7369347629576 ], "lon": [ 25.2099203156658, 27.0630286843342 ], "x": "[1061431.17337169 1155266.01399548]", "y": "[6737239.84780753 6793993.98564566]", "source": "Pypsa 2019-09-04", "info": { }, "line_id": 486, "bus0_name": "Länsisalmi", "bus1_name": "Kymi", "from_node": 162, "to_node": 172, "overlap_delaunay1": false, "overlap_delaunay2": true, "overlap_delaunay3": false, "overlap_delaunay4": false, "overlap_delaunay5": false, "overlap_mst": false, "delaunay_category": "Delaunay2", "category": "Delaunay2" }, "geometry": { "type": "LineString", "coordinates": [ [ 25.209920315665801, 60.378656131101103 ], [ 27.063028684334199, 60.736934762957603 ] ] } },
{ "type": "Feature", "properties": { "area0": "FI", "area1": "FI", "bus0": 6316, "bus1": 6318, "length": 70736.110495215806, "circuits": 1.0, "Vbase": 380.0, "ug": false, "uc": 0.0, "lat": [ 60.8656715252925, 60.891709, 60.878345, 60.8936903912014 ], "lon": [ 26.6216895892854, 27.041473, 27.616882, 27.9185614201302 ], "x": "[1128925.18438667 1150931.61133712 1182058.99437717 1197882.16812738]", "y": "[6803823.25296147 6810813.70358831 6815233.99229945 6820119.15117307]", "source": "Pypsa 2019-09-04", "info": { }, "line_id": 472, "bus0_name": "Koria", "bus1_name": "Yllikkälä", "from_node": 170, "to_node": 177, "overlap_delaunay1": false, "overlap_delaunay2": true, "overlap_delaunay3": false, "overlap_delaunay4": false, "overlap_delaunay5": false, "overlap_mst": false, "delaunay_category": "Delaunay2", "category": "Delaunay2" }, "geometry": { "type": "LineString", "coordinates": [ [ 26.621689589285403, 60.865671525292498 ], [ 27.041473, 60.891709 ], [ 27.616882, 60.878345 ], [ 27.918561420130196, 60.893690391201396 ] ] } },
{ "type": "Feature", "properties": { "area0": "FI", "area1": "FI", "bus0": 6307, "bus1": 6319, "length": 70337.865446693089, "circuits": 1.0, "Vbase": 380.0, "ug": false, "uc": 0.0, "lat": [ 60.5202381286835, 60.8300809076199 ], "lon": [ 22.4578173984945, 23.5790176015055 ], "x": "[908833.35659105 965560.88923299]", "y": "[6732562.62422354 6774379.81790581]", "source": "Pypsa 2019-09-04", "info": { }, "line_id": 6713, "bus0_name": "Forssa", "bus1_name": "Lieto", "from_node": 147, "to_node": 140, "overlap_delaunay1": true, "overlap_delaunay2": false, "overlap_delaunay3": false, "overlap_delaunay4": false, "overlap_delaunay5": false, "overlap_mst": false, "delaunay_category": "Delaunay1", "category": "Delaunay1" }, "geometry": { "type": "LineString", "coordinates": [ [ 22.457817398494502, 60.520238128683502 ], [ 23.579017601505502, 60.830080907619909 ] ] } },
{ "type": "Feature", "properties": { "area0": "FI", "area1": "FI", "bus0": 6313, "bus1": 6320, "length": 49660.146415658099, "circuits": 1.0, "Vbase": 380.0, "ug": false, "uc": 0.0, "lat": [ 60.0477833329805, 60.205631046796 ], "lon": [ 23.8201519079772, 24.6556480920228 ], "x": "[ 990280.10550848 1033933.59548087]", "y": "[6689526.87374467 6713493.88584236]", "source": "Pypsa 2019-09-04", "info": { }, "line_id": 494, "bus0_name": "Espoo", "bus1_name": "Inkoo", "from_node": 156, "to_node": 148, "overlap_delaunay1": true, "overlap_delaunay2": false, "overlap_delaunay3": false, "overlap_delaunay4": false, "overlap_delaunay5": false, "overlap_mst": false, "delaunay_category": "Delaunay1", "category": "Delaunay1" }, "geometry": { "type": "LineString", "coordinates": [ [ 23.820151907977195, 60.047783332980508 ], [ 24.655648092022801, 60.205631046795993 ] ] } },
{ "type": "Feature", "properties": { "area0": "FI", "area1": "FI", "bus0": 6318, "bus1": 6321, "length": 76108.541228466202, "circuits": 1.0, "Vbase": 380.0, "ug": false, "uc": 0.0, "lat": [ 60.8939286924289, 60.985099, 61.368436, 61.420378, 61.48908434402 ], "lon": [ 27.9189477407931, 27.894287, 27.531738, 27.36557, 27.3053185245813 ], "x": "[1197897.59944389 1194573.16632056 1167008.45562273 1157141.26260216\n 1152518.86083362]", "y": "[6820149.47601883 6829901.74570757 6868225.8581127  6872238.70461159\n 6879184.99442794]", "source": "Pypsa 2019-09-04", "info": { }, "line_id": 518, "bus0_name": "Yllikkälä", "bus1_name": "Visulahti", "from_node": 177, "to_node": 174, "overlap_delaunay1": true, "overlap_delaunay2": false, "overlap_delaunay3": false, "overlap_delaunay4": false, "overlap_delaunay5": false, "overlap_mst": true, "delaunay_category": "Delaunay1", "category": "MST" }, "geometry": { "type": "LineString", "coordinates": [ [ 27.918947740793094, 60.893928692428894 ], [ 27.894287, 60.985099 ], [ 27.531738, 61.368436 ], [ 27.36557, 61.420378 ], [ 27.305318524581278, 61.489084344019986 ] ] } },
{ "type": "Feature", "properties": { "area0": "FI", "area1": "FI", "bus0": 6320, "bus1": 6322, "length": 62777.906601309602, "circuits": 1.0, "Vbase": 380.0, "ug": false, "uc": 0.0, "lat": [ 60.3635085454119, 60.273877, 60.153126, 60.110724, 60.0478313900424 ], "lon": [ 22.9137227454229, 23.161926, 23.35968, 23.637085, 23.8193641430746 ], "x": "[935845.77753964 950705.89728156 963292.42417879 979226.11233284\n 990235.77703279]", "y": "[6718119.59609913 6709861.1222291  6697857.8421353  6695147.72093016\n 6689526.3303534 ]", "source": "Pypsa 2019-09-04", "info": { }, "line_id": 501, "bus0_name": "Inkoo", "bus1_name": "Salo", "from_node": 148, "to_node": 143, "overlap_delaunay1": true, "overlap_delaunay2": false, "overlap_delaunay3": false, "overlap_delaunay4": false, "overlap_delaunay5": false, "overlap_mst": true, "delaunay_category": "Delaunay1", "category": "MST" }, "geometry": { "type": "LineString", "coordinates": [ [ 22.913722745422888, 60.363508545411875 ], [ 23.161926, 60.273877 ], [ 23.35968, 60.153126 ], [ 23.637085, 60.110724 ], [ 23.819364143074598, 60.04783139004239 ] ] } },
{ "type": "Feature", "properties": { "area0": "FI", "area1": "FI", "bus0": 6319, "bus1": 6322, "length": 30667.4437941494, "circuits": 1.0, "Vbase": 380.0, "ug": false, "uc": 0.0, "lat": [ 60.5199904113608, 60.41453, 60.3637422303316 ], "lon": [ 22.4577734678745, 22.718353, 22.9129657424651 ], "x": "[908834.08561544 924453.41058602 935801.09382108]", "y": "[6732534.88193435 6722495.79223394 6718140.47430309]", "source": "Pypsa 2019-09-04", "info": { }, "line_id": 493, "bus0_name": "Lieto", "bus1_name": "Salo", "from_node": 140, "to_node": 143, "overlap_delaunay1": true, "overlap_delaunay2": false, "overlap_delaunay3": false, "overlap_delaunay4": false, "overlap_delaunay5": false, "overlap_mst": true, "delaunay_category": "Delaunay1", "category": "MST" }, "geometry": { "type": "LineString", "coordinates": [ [ 22.457773467874496, 60.519990411360808 ], [ 22.718353, 60.41453 ], [ 22.912965742465101, 60.36374223033161 ] ] } },
{ "type": "Feature", "properties": { "area0": "FI", "area1": "FI", "bus0": 6312, "bus1": 6323, "length": 83872.276622765901, "circuits": 1.0, "Vbase": 380.0, "ug": false, "uc": 0.0, "lat": [ 61.5159752954284, 61.474202, 61.45649, 61.49387, 61.1791493186561 ], "lon": [ 24.0831365453643, 24.017487, 23.904877, 23.551941, 22.8230555649125 ], "x": "[982171.61032136 979347.12018009 973657.53872526 954416.00470224\n 920029.39531967]", "y": "[6853957.04134004 6848849.75629397 6846064.17543769 6847681.26076366\n 6807922.52781692]", "source": "Pypsa 2019-09-04", "info": { }, "line_id": 469, "bus0_name": "Kangasala", "bus1_name": "Huittinen", "from_node": 149, "to_node": 142, "overlap_delaunay1": true, "overlap_delaunay2": false, "overlap_delaunay3": false, "overlap_delaunay4": false, "overlap_delaunay5": false, "overlap_mst": false, "delaunay_category": "Delaunay1", "category": "Delaunay1" }, "geometry": { "type": "LineString", "coordinates": [ [ 24.083136545364297, 61.515975295428397 ], [ 24.017487, 61.474202 ], [ 23.904877, 61.45649 ], [ 23.551941, 61.49387 ], [ 22.823055564912501, 61.179149318656101 ] ] } },
{ "type": "Feature", "properties": { "area0": "FI", "area1": "FI", "bus0": 6307, "bus1": 6323, "length": 56400.299942366699, "circuits": 1.0, "Vbase": 380.0, "ug": false, "uc": 0.0, "lat": [ 61.1788561053615, 60.8303385385943 ], "lon": [ 22.8230477759709, 23.5790822240291 ], "x": "[920032.89026699 965560.62455905]", "y": "[6807889.98129003 6774408.80324756]", "source": "Pypsa 2019-09-04", "info": { }, "line_id": 497, "bus0_name": "Forssa", "bus1_name": "Huittinen", "from_node": 147, "to_node": 142, "overlap_delaunay1": true, "overlap_delaunay2": false, "overlap_delaunay3": false, "overlap_delaunay4": false, "overlap_delaunay5": false, "overlap_mst": true, "delaunay_category": "Delaunay1", "category": "MST" }, "geometry": { "type": "LineString", "coordinates": [ [ 22.823047775970903, 61.178856105361504 ], [ 23.579082224029104, 60.830338538594297 ] ] } },
{ "type": "Feature", "properties": { "area0": "FI", "area1": "FI", "bus0": 6308, "bus1": 6324, "length": 78009.330385412803, "circuits": 1.0, "Vbase": 380.0, "ug": false, "uc": 0.0, "lat": [ 60.9062149912556, 60.3046955277612 ], "lon": [ 24.9153903055769, 24.1866296944231 ], "x": "[1036438.7149903  1006576.10044649]", "y": "[6793051.39829224 6720736.42990372]", "source": "Pypsa 2019-09-04", "info": { }, "line_id": 481, "bus0_name": "Hikiä", "bus1_name": "Kopula", "from_node": 157, "to_node": 150, "overlap_delaunay1": true, "overlap_delaunay2": false, "overlap_delaunay3": false, "overlap_delaunay4": false, "overlap_delaunay5": false, "overlap_mst": false, "delaunay_category": "Delaunay1", "category": "Delaunay1" }, "geometry": { "type": "LineString", "coordinates": [ [ 24.915390305576903, 60.906214991255595 ], [ 24.1866296944231, 60.304695527761197 ] ] } },
{ "type": "Feature", "properties": { "area0": "FI", "area1": "FI", "bus0": 6313, "bus1": 6324, "length": 41085.837622527404, "circuits": 1.0, "Vbase": 380.0, "ug": false, "uc": 0.0, "lat": [ 60.304321387532, 60.261617, 60.175672, 60.2056796290985 ], "lon": [ 24.186148025216, 24.12735, 24.217987, 24.6556238623754 ], "x": "[1006555.47236517 1003986.67340011 1010308.57698668 1033931.46908997]", "y": "[6720691.32131961 6715514.19830011 6706704.36088499 6713499.06033666]", "source": "Pypsa 2019-09-04", "info": { }, "line_id": 507, "bus0_name": "Espoo", "bus1_name": "Kopula", "from_node": 156, "to_node": 150, "overlap_delaunay1": true, "overlap_delaunay2": false, "overlap_delaunay3": false, "overlap_delaunay4": false, "overlap_delaunay5": false, "overlap_mst": true, "delaunay_category": "Delaunay1", "category": "MST" }, "geometry": { "type": "LineString", "coordinates": [ [ 24.186148025216003, 60.304321387531999 ], [ 24.12735, 60.261617 ], [ 24.217987, 60.175672 ], [ 24.6556238623754, 60.205679629098483 ] ] } },
{ "type": "Feature", "properties": { "area0": "FI", "area1": "FI", "bus0": 6312, "bus1": 6328, "length": 26127.8333091194, "circuits": 1.0, "Vbase": 380.0, "ug": false, "uc": 0.0, "lat": [ 61.5159843119361, 61.3383136121806 ], "lon": [ 24.0836964916083, 24.4030895083917 ], "x": "[ 982201.05705702 1001930.3074825 ]", "y": "[6853962.19648826 6836730.50841648]", "source": "Pypsa 2019-09-04", "info": { }, "line_id": 6711, "bus0_name": "Kangasala", "bus1_name": "Lavianvuori", "from_node": 149, "to_node": 152, "overlap_delaunay1": true, "overlap_delaunay2": false, "overlap_delaunay3": false, "overlap_delaunay4": false, "overlap_delaunay5": false, "overlap_mst": true, "delaunay_category": "Delaunay1", "category": "MST" }, "geometry": { "type": "LineString", "coordinates": [ [ 24.083696491608293, 61.51598431193608 ], [ 24.403089508391695, 61.338313612180606 ] ] } },
{ "type": "Feature", "properties": { "area0": "FI", "area1": "FI", "bus0": 6308, "bus1": 6328, "length": 61111.061155241907, "circuits": 1.0, "Vbase": 380.0, "ug": false, "uc": 0.0, "lat": [ 61.3379871612261, 60.993757, 60.9065961590578 ], "lon": [ 24.4036693776608, 25.006256, 24.9158201781973 ], "x": "[1001966.35407912 1039836.30866402 1036455.41382486]", "y": "[6836698.88775506 6803473.06708872 6793097.04875511]", "source": "Pypsa 2019-09-04", "info": { }, "line_id": 475, "bus0_name": "Hikiä", "bus1_name": "Lavianvuori", "from_node": 157, "to_node": 152, "overlap_delaunay1": true, "overlap_delaunay2": false, "overlap_delaunay3": false, "overlap_delaunay4": false, "overlap_delaunay5": false, "overlap_mst": true, "delaunay_category": "Delaunay1", "category": "MST" }, "geometry": { "type": "LineString", "coordinates": [ [ 24.403669377660801, 61.337987161226103 ], [ 25.006256, 60.993757 ], [ 24.915820178197301, 60.906596159057798 ] ] } },
{ "type": "Feature", "properties": { "area0": "FI", "area1": "FI", "bus0": 6323, "bus1": 6329, "length": 51449.043543436703, "circuits": 1.0, "Vbase": 380.0, "ug": false, "uc": 0.0, "lat": [ 61.1791401324909, 61.432201, 61.481887189794 ], "lon": [ 22.8223747965908, 22.167664, 22.1060929596465 ], "x": "[919993.08925325 881847.99406376 877973.53862718]", "y": "[6807917.12482542 6831945.98357427 6837097.70218719]", "source": "Pypsa 2019-09-04", "info": { }, "line_id": 474, "bus0_name": "Huittinen", "bus1_name": "Ulvila", "from_node": 142, "to_node": 139, "overlap_delaunay1": true, "overlap_delaunay2": false, "overlap_delaunay3": false, "overlap_delaunay4": false, "overlap_delaunay5": false, "overlap_mst": true, "delaunay_category": "Delaunay1", "category": "MST" }, "geometry": { "type": "LineString", "coordinates": [ [ 22.8223747965908, 61.1791401324909 ], [ 22.167664, 61.432201 ], [ 22.106092959646499, 61.481887189794001 ] ] } },
{ "type": "Feature", "properties": { "area0": "FI", "area1": "FI", "bus0": 6312, "bus1": 6329, "length": 114128.33897651, "circuits": 1.0, "Vbase": 380.0, "ug": false, "uc": 0.0, "lat": [ 61.5160938881874, 61.493215, 61.535788, 61.360538, 61.4819426161679 ], "lon": [ 24.0829710381434, 23.892517, 23.454437, 22.443695, 22.1062225686416 ], "x": "[982161.02162238 972444.34455197 948649.45958239 897420.24237959\n 877979.73969094]", "y": "[6853968.93164515 6850038.02364581 6851644.77085826 6825650.79072343\n 6837104.60334521]", "source": "Pypsa 2019-09-04", "info": { }, "line_id": 495, "bus0_name": "Kangasala", "bus1_name": "Ulvila", "from_node": 149, "to_node": 139, "overlap_delaunay1": true, "overlap_delaunay2": false, "overlap_delaunay3": false, "overlap_delaunay4": false, "overlap_delaunay5": false, "overlap_mst": false, "delaunay_category": "Delaunay1", "category": "Delaunay1" }, "geometry": { "type": "LineString", "coordinates": [ [ 24.082971038143402, 61.516093888187399 ], [ 23.892517, 61.493215 ], [ 23.454437, 61.535788 ], [ 22.443695, 61.360538 ], [ 22.106222568641599, 61.481942616167906 ] ] } },
{ "type": "Feature", "properties": { "area0": "FI", "area1": "FI", "bus0": 6319, "bus1": 6331, "length": 54012.276522602901, "circuits": 1.0, "Vbase": 380.0, "ug": false, "uc": 0.0, "lat": [ 60.9195753147811, 60.5203119333041 ], "lon": [ 21.8960061265591, 22.457173873441 ], "x": "[873441.39909736 908797.24999246]", "y": "[6773504.66911713 6732566.80008335]", "source": "Pypsa 2019-09-04", "info": { }, "line_id": 483, "bus0_name": "Lieto", "bus1_name": "Rauma", "from_node": 140, "to_node": 137, "overlap_delaunay1": true, "overlap_delaunay2": false, "overlap_delaunay3": false, "overlap_delaunay4": false, "overlap_delaunay5": false, "overlap_mst": true, "delaunay_category": "Delaunay1", "category": "MST" }, "geometry": { "type": "LineString", "coordinates": [ [ 21.896006126559097, 60.919575314781085 ], [ 22.457173873440993, 60.5203119333041 ] ] } },
{ "type": "Feature", "properties": { "area0": "FI", "area1": "FI", "bus0": 6329, "bus1": 6333, "length": 24889.176910533999, "circuits": 1.0, "Vbase": 380.0, "ug": false, "uc": 0.0, "lat": [ 61.4821379429871, 61.5520802076019 ], "lon": [ 22.1054404252027, 21.6613435747973 ], "x": "[877935.88129813 853577.95901129]", "y": "[6837121.72571973 6842384.79249951]", "source": "Pypsa 2019-09-04", "info": { }, "line_id": 471, "bus0_name": "Ulvila", "bus1_name": "Meri-Pori", "from_node": 139, "to_node": 136, "overlap_delaunay1": true, "overlap_delaunay2": false, "overlap_delaunay3": false, "overlap_delaunay4": false, "overlap_delaunay5": false, "overlap_mst": true, "delaunay_category": "Delaunay1", "category": "MST" }, "geometry": { "type": "LineString", "coordinates": [ [ 22.105440425202701, 61.482137942987109 ], [ 21.661343574797296, 61.552080207601897 ] ] } },
{ "type": "Feature", "properties": { "area0": "FI", "area1": "FI", "bus0": 6329, "bus1": 6334, "length": 50133.548605686599, "circuits": 1.0, "Vbase": 380.0, "ug": false, "uc": 0.0, "lat": [ 61.48189088378, 61.281453, 61.1261568497885 ], "lon": [ 22.1056225652112, 21.8367, 21.5389997623785 ], "x": "[877948.54374401 866023.18680057 851854.77853731]", "y": "[6837095.37902905 6813322.10626557 6794449.54803312]", "source": "Pypsa 2019-09-04", "info": { }, "line_id": 473, "bus0_name": "Ulvila", "bus1_name": "Olkiluoto", "from_node": 139, "to_node": 133, "overlap_delaunay1": true, "overlap_delaunay2": false, "overlap_delaunay3": false, "overlap_delaunay4": false, "overlap_delaunay5": false, "overlap_mst": false, "delaunay_category": "Delaunay1", "category": "Delaunay1" }, "geometry": { "type": "LineString", "coordinates": [ [ 22.105622565211199, 61.481890883780004 ], [ 21.8367, 61.281453 ], [ 21.538999762378499, 61.126156849788508 ] ] } },
{ "type": "Feature", "properties": { "area0": "FI", "area1": "FI", "bus0": 6331, "bus1": 6334, "length": 31611.312539062499, "circuits": 1.0, "Vbase": 380.0, "ug": false, "uc": 0.0, "lat": [ 60.9199158715236, 60.971774, 61.044326, 61.1257865215894 ], "lon": [ 21.8954507091728, 21.798248, 21.575775, 21.5387921346552 ], "x": "[873407.40495744 867557.14287288 854745.44955976 851847.75829947]", "y": "[6773539.28497601 6778742.87483658 6785565.5591664  6794407.3235774 ]", "source": "Pypsa 2019-09-04", "info": { }, "line_id": 478, "bus0_name": "Rauma", "bus1_name": "Olkiluoto", "from_node": 137, "to_node": 133, "overlap_delaunay1": true, "overlap_delaunay2": false, "overlap_delaunay3": false, "overlap_delaunay4": false, "overlap_delaunay5": false, "overlap_mst": true, "delaunay_category": "Delaunay1", "category": "MST" }, "geometry": { "type": "LineString", "coordinates": [ [ 21.895450709172803, 60.919915871523607 ], [ 21.798248, 60.971774 ], [ 21.575775, 61.044326 ], [ 21.538792134655203, 61.125786521589397 ] ] } },
{ "type": "Feature", "properties": { "area0": "FI", "area1": "FI", "bus0": 6323, "bus1": 6334, "length": 69426.096007491797, "circuits": 1.0, "Vbase": 380.0, "ug": false, "uc": 0.0, "lat": [ 61.1789642686997, 61.163775, 61.139258, 61.1260244549575 ], "lon": [ 22.8222821640557, 22.657928, 21.761169, 21.5391397617683 ], "x": "[919990.47834721 911393.06837335 863629.14770309 851863.7692641 ]", "y": "[6807897.03747977 6805165.85505737 6797120.9279388  6794435.6068799 ]", "source": "Pypsa 2019-09-04", "info": { }, "line_id": 509, "bus0_name": "Huittinen", "bus1_name": "Olkiluoto", "from_node": 142, "to_node": 133, "overlap_delaunay1": false, "overlap_delaunay2": true, "overlap_delaunay3": false, "overlap_delaunay4": false, "overlap_delaunay5": false, "overlap_mst": false, "delaunay_category": "Delaunay2", "category": "Delaunay2" }, "geometry": { "type": "LineString", "coordinates": [ [ 22.8222821640557, 61.178964268699694 ], [ 22.657928, 61.163775 ], [ 21.761169, 61.139258 ], [ 21.539139761768297, 61.126024454957502 ] ] } },
{ "type": "Feature", "properties": { "area0": "SE3", "area1": "SE3", "bus0": 6353, "bus1": 6354, "length": 16968.462202574501, "circuits": 2.0, "Vbase": 380.0, "ug": false, "uc": 0.0, "lat": [ 59.2214463009852, 59.0951004056494 ], "lon": [ 17.766516511021, 17.932183488979 ], "x": "[657891.78916184 667961.32115371]", "y": "[6567986.57442992 6554330.42850647]", "source": "Pypsa 2019-09-04", "info": { }, "line_id": 2374, "bus0_name": "Kolbotten", "bus1_name": "Hall", "from_node": 110, "to_node": 111, "overlap_delaunay1": true, "overlap_delaunay2": false, "overlap_delaunay3": false, "overlap_delaunay4": false, "overlap_delaunay5": false, "overlap_mst": true, "delaunay_category": "Delaunay1", "category": "MST" }, "geometry": { "type": "LineString", "coordinates": [ [ 17.766516511020999, 59.2214463009852 ], [ 17.932183488978996, 59.095100405649397 ] ] } },
{ "type": "Feature", "properties": { "area0": "SE3", "area1": "SE3", "bus0": 6335, "bus1": 6356, "length": 57071.728600269802, "circuits": 1.0, "Vbase": 380.0, "ug": false, "uc": 0.0, "lat": [ 59.222561895469, 59.340893, 59.512726, 59.7167336545715 ], "lon": [ 17.2182126642849, 17.159271, 17.177124, 17.3294007655053 ], "x": "[626602.99872425 622812.74415508 623201.84107097 631019.95428608]", "y": "[6566940.80922503 6580002.70919053 6599164.07476067 6622165.5453493 ]", "source": "Pypsa 2019-09-04", "info": { }, "line_id": 2308, "bus0_name": "Åker", "bus1_name": "Hamra", "from_node": 103, "to_node": 105, "overlap_delaunay1": true, "overlap_delaunay2": false, "overlap_delaunay3": false, "overlap_delaunay4": false, "overlap_delaunay5": false, "overlap_mst": false, "delaunay_category": "Delaunay1", "category": "Delaunay1" }, "geometry": { "type": "LineString", "coordinates": [ [ 17.218212664284898, 59.222561895469006 ], [ 17.159271, 59.340893 ], [ 17.177124, 59.512726 ], [ 17.329400765505302, 59.716733654571485 ] ] } },
{ "type": "Feature", "properties": { "area0": "SE3", "area1": "SE3", "bus0": 6354, "bus1": 6358, "length": 13030.0879935761, "circuits": 1.0, "Vbase": 380.0, "ug": false, "uc": 0.0, "lat": [ 59.0950524314759, 59.1680438744877 ], "lon": [ 17.9327830708912, 18.1106129291088 ], "x": "[667995.88690215 677798.88865974]", "y": "[6554326.59874424 6562909.89534021]", "source": "Pypsa 2019-09-04", "info": { }, "line_id": 2314, "bus0_name": "Hall", "bus1_name": "Ekudden", "from_node": 111, "to_node": 115, "overlap_delaunay1": true, "overlap_delaunay2": false, "overlap_delaunay3": false, "overlap_delaunay4": false, "overlap_delaunay5": false, "overlap_mst": true, "delaunay_category": "Delaunay1", "category": "MST" }, "geometry": { "type": "LineString", "coordinates": [ [ 17.932783070891201, 59.095052431475892 ], [ 18.1106129291088, 59.168043874487701 ] ] } },
{ "type": "Feature", "properties": { "area0": "SE3", "area1": "SE3", "bus0": 6356, "bus1": 6360, "length": 95083.554569727596, "circuits": 1.0, "Vbase": 380.0, "ug": false, "uc": 0.0, "lat": [ 60.5503091847909, 59.850333, 59.7171447203026 ], "lon": [ 17.0590626426749, 17.190857, 17.3293517369248 ], "x": "[612924.44167327 622737.64700606 631015.59000413]", "y": "[6714467.63767    6636772.8245709  6622211.20739131]", "source": "Pypsa 2019-09-04", "info": { }, "line_id": 2307, "bus0_name": "Hamra", "bus1_name": "Finnböle", "from_node": 105, "to_node": 101, "overlap_delaunay1": true, "overlap_delaunay2": false, "overlap_delaunay3": false, "overlap_delaunay4": false, "overlap_delaunay5": false, "overlap_mst": false, "delaunay_category": "Delaunay1", "category": "Delaunay1" }, "geometry": { "type": "LineString", "coordinates": [ [ 17.059062642674903, 60.550309184790898 ], [ 17.190857, 59.850333 ], [ 17.329351736924796, 59.717144720302599 ] ] } },
{ "type": "Feature", "properties": { "area0": "SE3", "area1": "SE3", "bus0": 6354, "bus1": 6382, "length": 75877.300557061899, "circuits": 1.0, "Vbase": 380.0, "ug": false, "uc": 0.0, "lat": [ 59.0948377469651, 58.950717, 58.9846626639857 ], "lon": [ 17.9320089742261, 17.074127, 16.661209212149 ], "x": "[667952.61324787 619321.43441269 595476.47629307]", "y": "[6554300.75983418 6536414.95847117 6539530.54195407]", "source": "Pypsa 2019-09-04", "info": { }, "line_id": 2317, "bus0_name": "Hall", "bus1_name": "Hedenlunda", "from_node": 111, "to_node": 91, "overlap_delaunay1": true, "overlap_delaunay2": false, "overlap_delaunay3": false, "overlap_delaunay4": false, "overlap_delaunay5": false, "overlap_mst": false, "delaunay_category": "Delaunay1", "category": "Delaunay1" }, "geometry": { "type": "LineString", "coordinates": [ [ 17.9320089742261, 59.094837746965105 ], [ 17.074127, 58.950717 ], [ 16.661209212149, 58.984662663985716 ] ] } },
{ "type": "Feature", "properties": { "area0": "SE3", "area1": "SE3", "bus0": 6346, "bus1": 6363, "length": 73622.008435992495, "circuits": 1.0, "Vbase": 380.0, "ug": false, "uc": 0.0, "lat": [ 59.9609757627741, 59.874466, 59.436696, 59.3172758696207 ], "lon": [ 18.2332378505843, 18.253784, 18.222198, 18.096067782644 ], "x": "[680507.06315205 682127.07062425 682726.7244967  676196.0196386 ]", "y": "[6651475.9114867  6641905.61363818 6593106.02909149 6579477.32656744]", "source": "Pypsa 2019-09-04", "info": { }, "line_id": 2311, "bus0_name": "Tuna", "bus1_name": "Stockholm", "from_node": 118, "to_node": 114, "overlap_delaunay1": false, "overlap_delaunay2": true, "overlap_delaunay3": false, "overlap_delaunay4": false, "overlap_delaunay5": false, "overlap_mst": false, "delaunay_category": "Delaunay2", "category": "Delaunay2" }, "geometry": { "type": "LineString", "coordinates": [ [ 18.233237850584299, 59.960975762774105 ], [ 18.253784, 59.874466 ], [ 18.222198, 59.436696 ], [ 18.096067782644003, 59.317275869620694 ] ] } },
{ "type": "Feature", "properties": { "area0": "SE3", "area1": "SE3", "bus0": 6344, "bus1": 6363, "length": 17542.150748081298, "circuits": 1.0, "Vbase": 380.0, "ug": false, "uc": 0.0, "lat": [ 59.4734607292111, 59.3173013126776 ], "lon": [ 18.1356235829257, 18.0959134170743 ], "x": "[677626.58506379 676187.10715922]", "y": "[6596962.45108396 6579479.74937614]", "source": "Pypsa 2019-09-04", "info": { }, "line_id": 2312, "bus0_name": "Odensala", "bus1_name": "Stockholm", "from_node": 117, "to_node": 114, "overlap_delaunay1": true, "overlap_delaunay2": false, "overlap_delaunay3": false, "overlap_delaunay4": false, "overlap_delaunay5": false, "overlap_mst": true, "delaunay_category": "Delaunay1", "category": "MST" }, "geometry": { "type": "LineString", "coordinates": [ [ 18.1356235829257, 59.473460729211098 ], [ 18.095913417074296, 59.3173013126776 ] ] } },
{ "type": "Feature", "properties": { "area0": "SE3", "area1": "SE3", "bus0": 6346, "bus1": 6364, "length": 52550.024365161902, "circuits": 1.0, "Vbase": 380.0, "ug": false, "uc": 0.0, "lat": [ 59.9614202919459, 60.4299018601752 ], "lon": [ 18.2331332895219, 18.1233737104781 ], "x": "[680498.80975352 671905.6434768 ]", "y": "[6651525.09274295 6703366.72824709]", "source": "Pypsa 2019-09-04", "info": { }, "line_id": 2304, "bus0_name": "Tuna", "bus1_name": "Forsmark", "from_node": 118, "to_node": 116, "overlap_delaunay1": true, "overlap_delaunay2": false, "overlap_delaunay3": false, "overlap_delaunay4": false, "overlap_delaunay5": false, "overlap_mst": true, "delaunay_category": "Delaunay1", "category": "MST" }, "geometry": { "type": "LineString", "coordinates": [ [ 18.233133289521895, 59.961420291945892 ], [ 18.123373710478095, 60.4299018601752 ] ] } },
{ "type": "Feature", "properties": { "area0": "SE3", "area1": "SE3", "bus0": 6344, "bus1": 6364, "length": 108235.26188083, "circuits": 2.0, "Vbase": 380.0, "ug": false, "uc": 0.0, "lat": [ 60.4299402428191, 60.377218, 59.876533, 59.4739133323975 ], "lon": [ 18.1230637190594, 18.047791, 18.16452, 18.1356971769662 ], "x": "[671888.38799489 668019.18649301 677122.1734921  677628.37529038]", "y": "[6703370.19057019 6697308.3975933  6641893.44981214 6597013.01248877]", "source": "Pypsa 2019-09-04", "info": { }, "line_id": 2368, "bus0_name": "Odensala", "bus1_name": "Forsmark", "from_node": 117, "to_node": 116, "overlap_delaunay1": false, "overlap_delaunay2": true, "overlap_delaunay3": false, "overlap_delaunay4": false, "overlap_delaunay5": false, "overlap_mst": false, "delaunay_category": "Delaunay2", "category": "Delaunay2" }, "geometry": { "type": "LineString", "coordinates": [ [ 18.123063719059399, 60.4299402428191 ], [ 18.047791, 60.377218 ], [ 18.16452, 59.876533 ], [ 18.1356971769662, 59.473913332397494 ] ] } },
{ "type": "Feature", "properties": { "area0": "SE3", "area1": "SE3", "bus0": 6337, "bus1": 6364, "length": 65649.530630519905, "circuits": 1.0, "Vbase": 380.0, "ug": false, "uc": 0.0, "lat": [ 60.6245925518612, 60.430799, 60.4301216407231 ], "lon": [ 17.0456635942196, 17.648163, 18.1228729702357 ], "x": "[611932.42035044 645757.18333194 671876.93686433]", "y": "[6722715.48908338 6702320.33264154 6703389.88042021]", "source": "Pypsa 2019-09-04", "info": { }, "line_id": 2302, "bus0_name": "Stackbo", "bus1_name": "Forsmark", "from_node": 99, "to_node": 116, "overlap_delaunay1": false, "overlap_delaunay2": true, "overlap_delaunay3": false, "overlap_delaunay4": false, "overlap_delaunay5": false, "overlap_mst": false, "delaunay_category": "Delaunay2", "category": "Delaunay2" }, "geometry": { "type": "LineString", "coordinates": [ [ 17.045663594219604, 60.624592551861198 ], [ 17.648163, 60.430799 ], [ 18.122872970235701, 60.430121640723087 ] ] } },
{ "type": "Feature", "properties": { "area0": "SE3", "area1": "SE3", "bus0": 6342, "bus1": 6364, "length": 13100.589852346398, "circuits": 1.0, "Vbase": 380.0, "ug": false, "uc": 0.0, "lat": [ 60.4303362292779, 60.493762, 60.5321316551395 ], "lon": [ 18.1232199215411, 18.093109, 18.020629956559 ], "x": "[671894.88932041 669906.62024963 665731.06434669]", "y": "[6703414.66772009 6710395.22505769 6714480.6865513 ]", "source": "Pypsa 2019-09-04", "info": { }, "line_id": 2301, "bus0_name": "Dannebo", "bus1_name": "Forsmark", "from_node": 113, "to_node": 116, "overlap_delaunay1": true, "overlap_delaunay2": false, "overlap_delaunay3": false, "overlap_delaunay4": false, "overlap_delaunay5": false, "overlap_mst": true, "delaunay_category": "Delaunay1", "category": "MST" }, "geometry": { "type": "LineString", "coordinates": [ [ 18.123219921541093, 60.430336229277891 ], [ 18.093109, 60.493762 ], [ 18.020629956558995, 60.532131655139487 ] ] } },
{ "type": "Feature", "properties": { "area0": "SE3", "area1": "SE3", "bus0": 6337, "bus1": 6365, "length": 11389.500314196699, "circuits": 1.0, "Vbase": 380.0, "ug": false, "uc": 0.0, "lat": [ 60.6249291189891, 60.679232, 60.6926164147747 ], "lon": [ 17.0452009701039, 17.023315, 16.9317333233908 ], "x": "[611905.94640191 610522.49689136 605477.07820035]", "y": "[6722752.1753154  6728761.34382906 6730101.07810995]", "source": "Pypsa 2019-09-04", "info": { }, "line_id": 6475, "bus0_name": "Stackbo", "bus1_name": "Ängsberg", "from_node": 99, "to_node": 96, "overlap_delaunay1": true, "overlap_delaunay2": false, "overlap_delaunay3": false, "overlap_delaunay4": false, "overlap_delaunay5": false, "overlap_mst": true, "delaunay_category": "Delaunay1", "category": "MST" }, "geometry": { "type": "LineString", "coordinates": [ [ 17.045200970103899, 60.624929118989101 ], [ 17.023315, 60.679232 ], [ 16.931733323390802, 60.692616414774704 ] ] } },
{ "type": "Feature", "properties": { "area0": "SE3", "area1": "SE3", "bus0": 6337, "bus1": 6366, "length": 8147.0348262006801, "circuits": 1.0, "Vbase": 380.0, "ug": false, "uc": 0.0, "lat": [ 60.6244958207431, 60.601801, 60.5702402805506 ], "lon": [ 17.0453531141136, 17.052155, 16.9728512918898 ], "x": "[611915.77076152 612366.76038022 608130.79717106]", "y": "[6722704.19026817 6720188.92461482 6716541.9356834 ]", "source": "Pypsa 2019-09-04", "info": { }, "line_id": 6474, "bus0_name": "Stackbo", "bus1_name": "Finnböle", "from_node": 99, "to_node": 97, "overlap_delaunay1": true, "overlap_delaunay2": false, "overlap_delaunay3": false, "overlap_delaunay4": false, "overlap_delaunay5": false, "overlap_mst": true, "delaunay_category": "Delaunay1", "category": "MST" }, "geometry": { "type": "LineString", "coordinates": [ [ 17.045353114113599, 60.624495820743086 ], [ 17.052155, 60.601801 ], [ 16.9728512918898, 60.5702402805506 ] ] } },
{ "type": "Feature", "properties": { "area0": "SE3", "area1": "SE3", "bus0": 6356, "bus1": 6366, "length": 105967.874476939, "circuits": 1.0, "Vbase": 380.0, "ug": false, "uc": 0.0, "lat": [ 59.7170600248139, 59.750169, 59.839985, 60.537021, 60.5699602439256 ], "lon": [ 17.3291740804312, 17.218323, 17.017822, 16.892853, 16.9721625120028 ], "x": "[631005.93148157 624649.29671254 613080.93239461 603853.43022519\n 608093.98838922]", "y": "[6622201.42839369 6625673.46625319 6635312.83147666 6712714.26021093\n 6716509.62332652]", "source": "Pypsa 2019-09-04", "info": { }, "line_id": 2306, "bus0_name": "Hamra", "bus1_name": "Finnböle", "from_node": 105, "to_node": 97, "overlap_delaunay1": true, "overlap_delaunay2": false, "overlap_delaunay3": false, "overlap_delaunay4": false, "overlap_delaunay5": false, "overlap_mst": false, "delaunay_category": "Delaunay1", "category": "Delaunay1" }, "geometry": { "type": "LineString", "coordinates": [ [ 17.329174080431198, 59.71706002481389 ], [ 17.218323, 59.750169 ], [ 17.017822, 59.839985 ], [ 16.892853, 60.537021 ], [ 16.9721625120028, 60.5699602439256 ] ] } },
{ "type": "Feature", "properties": { "area0": "SE3", "area1": "SE3", "bus0": 6365, "bus1": 6366, "length": 18821.632407440102, "circuits": 1.0, "Vbase": 380.0, "ug": false, "uc": 0.0, "lat": [ 60.6925435010703, 60.665106, 60.588991, 60.570189203685 ], "lon": [ 16.930953923208, 16.859894, 16.88324, 16.9720920202512 ], "x": "[605434.76823277 601641.94578999 603160.39638725 608089.36100089]", "y": "[6730091.70828285 6726924.63133308 6718485.78420561 6716535.0006008 ]", "source": "Pypsa 2019-09-04", "info": { }, "line_id": 11526, "bus0_name": "Ängsberg", "bus1_name": "Finnböle", "from_node": 96, "to_node": 97, "overlap_delaunay1": true, "overlap_delaunay2": false, "overlap_delaunay3": false, "overlap_delaunay4": false, "overlap_delaunay5": false, "overlap_mst": false, "delaunay_category": "Delaunay1", "category": "Delaunay1" }, "geometry": { "type": "LineString", "coordinates": [ [ 16.930953923207998, 60.69254350107029 ], [ 16.859894, 60.665106 ], [ 16.88324, 60.588991 ], [ 16.972092020251196, 60.570189203684997 ] ] } },
{ "type": "Feature", "properties": { "area0": "SE3", "area1": "SE3", "bus0": 6360, "bus1": 6366, "length": 4693.3699758019393, "circuits": 1.0, "Vbase": 380.0, "ug": false, "uc": 0.0, "lat": [ 60.57001066901, 60.552553 ], "lon": [ 16.9729114902375, 17.050781 ], "x": "[608134.86296049 612462.56484934]", "y": "[6716516.46896482 6714703.27684292]", "source": "Pypsa 2019-09-04", "info": { }, "line_id": 6458, "bus0_name": "Finnböle", "bus1_name": "Finnböle", "from_node": 101, "to_node": 97, "overlap_delaunay1": true, "overlap_delaunay2": false, "overlap_delaunay3": false, "overlap_delaunay4": false, "overlap_delaunay5": false, "overlap_mst": true, "delaunay_category": "Delaunay1", "category": "MST" }, "geometry": { "type": "LineString", "coordinates": [ [ 16.9729114902375, 60.570010669010024 ], [ 17.050781, 60.552553 ] ] } },
{ "type": "Feature", "properties": { "area0": "SE3", "area1": "NO1", "bus0": 6142, "bus1": 6376, "length": 42774.7273449891, "circuits": 1.0, "Vbase": 380.0, "ug": false, "uc": 0.0, "lat": [ 59.1475586296498, 58.98116, 58.864905, 58.795436873457 ], "lon": [ 11.409482773245, 11.552124, 11.532898, 11.6287676065903 ], "x": "[294663.50278072 301859.45095485 300084.06803269 305219.41283803]", "y": "[6562009.10495013 6543065.73340128 6530189.08166125 6522177.64528327]", "source": "Pypsa 2019-09-04", "info": { }, "line_id": 7476, "bus0_name": "Loviseholm", "bus1_name": "Halden", "from_node": 34, "to_node": 33, "overlap_delaunay1": true, "overlap_delaunay2": false, "overlap_delaunay3": false, "overlap_delaunay4": false, "overlap_delaunay5": false, "overlap_mst": true, "delaunay_category": "Delaunay1", "category": "MST" }, "geometry": { "type": "LineString", "coordinates": [ [ 11.409482773244999, 59.147558629649801 ], [ 11.552124, 58.98116 ], [ 11.532898, 58.864905 ], [ 11.6287676065903, 58.795436873457007 ] ] } },
{ "type": "Feature", "properties": { "area0": "NO1", "area1": "NO1", "bus0": 6375, "bus1": 6376, "length": 22927.8041520117, "circuits": 1.0, "Vbase": 380.0, "ug": false, "uc": 0.0, "lat": [ 59.3175872097179, 59.1479587325064 ], "lon": [ 11.1815887854017, 11.4090482145982 ], "x": "[282724.12321037 294641.06451996]", "y": "[6581646.42701082 6562054.95413389]", "source": "Pypsa 2019-09-04", "info": { }, "line_id": 1276, "bus0_name": "Hasle", "bus1_name": "Halden", "from_node": 31, "to_node": 33, "overlap_delaunay1": true, "overlap_delaunay2": false, "overlap_delaunay3": false, "overlap_delaunay4": false, "overlap_delaunay5": false, "overlap_mst": true, "delaunay_category": "Delaunay1", "category": "MST" }, "geometry": { "type": "LineString", "coordinates": [ [ 11.181588785401701, 59.317587209717885 ], [ 11.409048214598201, 59.147958732506403 ] ] } },
{ "type": "Feature", "properties": { "area0": "SE3", "area1": "SE3", "bus0": 6109, "bus1": 6377, "length": 123827.757018403, "circuits": 1.0, "Vbase": 380.0, "ug": false, "uc": 0.0, "lat": [ 58.3046674448593, 58.794536, 59.128749, 59.219529, 59.3371634729592 ], "lon": [ 12.2992942371791, 12.514801, 12.925415, 12.983093, 12.9776106689158 ], "x": "[341747.83074395 356390.74375921 381267.83081506 384873.7986793\n 384958.45192049]", "y": "[6465804.892829   6519838.38789578 6556233.74834968 6566238.26633042\n 6579343.07701501]", "source": "Pypsa 2019-09-04", "info": { }, "line_id": 2320, "bus0_name": "Skogssäter", "bus1_name": "Borgvik", "from_node": 44, "to_node": 54, "overlap_delaunay1": true, "overlap_delaunay2": false, "overlap_delaunay3": false, "overlap_delaunay4": false, "overlap_delaunay5": false, "overlap_mst": false, "delaunay_category": "Delaunay1", "category": "Delaunay1" }, "geometry": { "type": "LineString", "coordinates": [ [ 12.299294237179099, 58.304667444859291 ], [ 12.514801, 58.794536 ], [ 12.925415, 59.128749 ], [ 12.983093, 59.219529 ], [ 12.9776106689158, 59.337163472959197 ] ] } },
{ "type": "Feature", "properties": { "area0": "SE3", "area1": "SE3", "bus0": 6112, "bus1": 6377, "length": 164732.86644161301, "circuits": 1.0, "Vbase": 380.0, "ug": false, "uc": 0.0, "lat": [ 57.9646405552472, 58.177944, 58.749682, 59.3371891620296 ], "lon": [ 12.2441124817647, 12.100067, 12.391205, 12.977395874277 ], "x": "[336968.6001245  329470.74826024 349056.38387448 384946.32285675]", "y": "[6428098.28303782 6452189.57794482 6515118.08997777 6579346.30787891]", "source": "Pypsa 2019-09-04", "info": { }, "line_id": 2321, "bus0_name": "Kilanda", "bus1_name": "Borgvik", "from_node": 43, "to_node": 54, "overlap_delaunay1": false, "overlap_delaunay2": true, "overlap_delaunay3": false, "overlap_delaunay4": false, "overlap_delaunay5": false, "overlap_mst": false, "delaunay_category": "Delaunay2", "category": "Delaunay2" }, "geometry": { "type": "LineString", "coordinates": [ [ 12.244112481764697, 57.964640555247186 ], [ 12.100067, 58.177944 ], [ 12.391205, 58.749682 ], [ 12.977395874277002, 59.337189162029624 ] ] } },
{ "type": "Feature", "properties": { "area0": "NO1", "area1": "SE3", "bus0": 6375, "bus1": 6377, "length": 103028.85223496599, "circuits": 1.0, "Vbase": 380.0, "ug": false, "uc": 0.0, "lat": [ 59.3177647825635, 59.303057, 59.357696, 59.3374037392781 ], "lon": [ 11.1817819924989, 11.767731, 12.204437, 12.9771531095339 ], "x": "[282736.24303939 315979.84712661 341087.68430436 384933.2419369 ]", "y": "[6581665.54917888 6578263.50372518 6583219.25652384 6579370.6147288 ]", "source": "Pypsa 2019-09-04", "info": { }, "line_id": 1275, "bus0_name": "Hasle", "bus1_name": "Borgvik", "from_node": 31, "to_node": 54, "overlap_delaunay1": true, "overlap_delaunay2": false, "overlap_delaunay3": false, "overlap_delaunay4": false, "overlap_delaunay5": false, "overlap_mst": false, "delaunay_category": "Delaunay1", "category": "Delaunay1" }, "geometry": { "type": "LineString", "coordinates": [ [ 11.1817819924989, 59.317764782563493 ], [ 11.767731, 59.303057 ], [ 12.204437, 59.357696 ], [ 12.977153109533901, 59.337403739278088 ] ] } },
{ "type": "Feature", "properties": { "area0": "SE3", "area1": "SE3", "bus0": 6110, "bus1": 6379, "length": 101656.709978325, "circuits": 1.0, "Vbase": 380.0, "ug": false, "uc": 0.0, "lat": [ 58.5612435228818, 58.947175, 59.1736569870769 ], "lon": [ 13.8788156954875, 14.729919, 15.1841570123621 ], "x": "[434769.71433796 484459.48971014 510526.91382698]", "y": "[6491742.46450842 6534201.32633539 6559403.60998062]", "source": "Pypsa 2019-09-04", "info": { }, "line_id": 2318, "bus0_name": "Timmersdala", "bus1_name": "Hallsberg", "from_node": 65, "to_node": 76, "overlap_delaunay1": false, "overlap_delaunay2": true, "overlap_delaunay3": false, "overlap_delaunay4": false, "overlap_delaunay5": false, "overlap_mst": false, "delaunay_category": "Delaunay2", "category": "Delaunay2" }, "geometry": { "type": "LineString", "coordinates": [ [ 13.878815695487502, 58.561243522881789 ], [ 14.729919, 58.947175 ], [ 15.1841570123621, 59.173656987076889 ] ] } },
{ "type": "Feature", "properties": { "area0": "SE3", "area1": "SE3", "bus0": 6123, "bus1": 6379, "length": 101958.229390361, "circuits": 1.0, "Vbase": 380.0, "ug": false, "uc": 0.0, "lat": [ 58.4929198401015, 58.476465, 58.922373, 59.132272, 59.1736642052458 ], "lon": [ 16.0959094898179, 15.968628, 15.272369, 15.275116, 15.184812547674 ], "x": "[563883.99027627 556491.10128411 515683.40727153 515745.35785682\n 510564.38371378]", "y": "[6484111.50215781 6482165.5366481  6531440.18603748 6554813.17883926\n 6559404.51735745]", "source": "Pypsa 2019-09-04", "info": { }, "line_id": 2315, "bus0_name": "Kimstad", "bus1_name": "Hallsberg", "from_node": 88, "to_node": 76, "overlap_delaunay1": false, "overlap_delaunay2": true, "overlap_delaunay3": false, "overlap_delaunay4": false, "overlap_delaunay5": false, "overlap_mst": false, "delaunay_category": "Delaunay2", "category": "Delaunay2" }, "geometry": { "type": "LineString", "coordinates": [ [ 16.095909489817899, 58.492919840101514 ], [ 15.968628, 58.476465 ], [ 15.272369, 58.922373 ], [ 15.275116, 59.132272 ], [ 15.184812547674001, 59.173664205245807 ] ] } },
{ "type": "Feature", "properties": { "area0": "SE3", "area1": "SE3", "bus0": 6379, "bus1": 6381, "length": 34205.707766831605, "circuits": 1.0, "Vbase": 380.0, "ug": false, "uc": 0.0, "lat": [ 59.4658143055557, 59.381485, 59.267986, 59.1740387892556 ], "lon": [ 15.2309544461042, 15.13916, 15.136414, 15.1843659517243 ], "x": "[513089.19182857 507906.44513391 507776.3107246  510538.73986975]", "y": "[6591945.30087198 6582540.10902144 6569900.98883205 6559446.15789712]", "source": "Pypsa 2019-09-04", "info": { }, "line_id": 2310, "bus0_name": "Hallsberg", "bus1_name": "Lindbacka", "from_node": 76, "to_node": 80, "overlap_delaunay1": true, "overlap_delaunay2": false, "overlap_delaunay3": false, "overlap_delaunay4": false, "overlap_delaunay5": false, "overlap_mst": true, "delaunay_category": "Delaunay1", "category": "MST" }, "geometry": { "type": "LineString", "coordinates": [ [ 15.230954446104196, 59.465814305555689 ], [ 15.13916, 59.381485 ], [ 15.136414, 59.267986 ], [ 15.184365951724301, 59.174038789255583 ] ] } },
{ "type": "Feature", "properties": { "area0": "SE3", "area1": "SE3", "bus0": 6122, "bus1": 6382, "length": 47631.514313077692, "circuits": 1.0, "Vbase": 380.0, "ug": false, "uc": 0.0, "lat": [ 58.7049220479748, 58.9845481751918 ], "lon": [ 16.0362570300009, 16.6604289699991 ], "x": "[560042.42931062 595431.95513036]", "y": "[6507659.66126269 6539516.68190515]", "source": "Pypsa 2019-09-04", "info": { }, "line_id": 2305, "bus0_name": "Glan", "bus1_name": "Hedenlunda", "from_node": 87, "to_node": 91, "overlap_delaunay1": true, "overlap_delaunay2": false, "overlap_delaunay3": false, "overlap_delaunay4": false, "overlap_delaunay5": false, "overlap_mst": true, "delaunay_category": "Delaunay1", "category": "MST" }, "geometry": { "type": "LineString", "coordinates": [ [ 16.036257030000897, 58.704922047974783 ], [ 16.660428969999099, 58.984548175191797 ] ] } },
{ "type": "Feature", "properties": { "area0": "SE3", "area1": "SE3", "bus0": 6335, "bus1": 6382, "length": 41440.254655072, "circuits": 1.0, "Vbase": 380.0, "ug": false, "uc": 0.0, "lat": [ 59.2221939088634, 58.9848461066072 ], "lon": [ 17.2179790489521, 16.6611109510479 ], "x": "[626591.0315045  595470.32199326]", "y": "[6566899.40331611 6539550.82397521]", "source": "Pypsa 2019-09-04", "info": { }, "line_id": 2316, "bus0_name": "Åker", "bus1_name": "Hedenlunda", "from_node": 103, "to_node": 91, "overlap_delaunay1": true, "overlap_delaunay2": false, "overlap_delaunay3": false, "overlap_delaunay4": false, "overlap_delaunay5": false, "overlap_mst": true, "delaunay_category": "Delaunay1", "category": "MST" }, "geometry": { "type": "LineString", "coordinates": [ [ 17.217979048952103, 59.22219390886341 ], [ 16.661110951047899, 58.984846106607201 ] ] } },
{ "type": "Feature", "properties": { "area0": "SE3", "area1": "SE3", "bus0": 6379, "bus1": 6383, "length": 149610.174048243, "circuits": 1.0, "Vbase": 380.0, "ug": false, "uc": 0.0, "lat": [ 60.414989243386, 59.270091, 59.1739351231125 ], "lon": [ 15.1885373416555, 14.871368, 15.1840953699887 ], "x": "[510384.18303337 492667.75591673 510523.30473283]", "y": "[6697643.91357357 6570134.50930747 6559434.5716223 ]", "source": "Pypsa 2019-09-04", "info": { }, "line_id": 2313, "bus0_name": "Hallsberg", "bus1_name": "Bäsna", "from_node": 76, "to_node": 77, "overlap_delaunay1": false, "overlap_delaunay2": true, "overlap_delaunay3": false, "overlap_delaunay4": false, "overlap_delaunay5": false, "overlap_mst": false, "delaunay_category": "Delaunay2", "category": "Delaunay2" }, "geometry": { "type": "LineString", "coordinates": [ [ 15.188537341655502, 60.41498924338601 ], [ 14.871368, 59.270091 ], [ 15.1840953699887, 59.1739351231125 ] ] } },
{ "type": "Feature", "properties": { "area0": "SE3", "area1": "SE3", "bus0": 6383, "bus1": 6384, "length": 13985.430967619299, "circuits": 1.0, "Vbase": 380.0, "ug": false, "uc": 0.0, "lat": [ 60.4151925248741, 60.406408479312 ], "lon": [ 15.1890450704791, 15.4422109295209 ], "x": "[510412.0825011  524362.22650715]", "y": "[6697666.63406492 6696755.12691582]", "source": "Pypsa 2019-09-04", "info": { }, "line_id": 2303, "bus0_name": "Bäsna", "bus1_name": "Repbäcken", "from_node": 77, "to_node": 82, "overlap_delaunay1": true, "overlap_delaunay2": false, "overlap_delaunay3": false, "overlap_delaunay4": false, "overlap_delaunay5": false, "overlap_mst": true, "delaunay_category": "Delaunay1", "category": "MST" }, "geometry": { "type": "LineString", "coordinates": [ [ 15.1890450704791, 60.415192524874108 ], [ 15.442210929520899, 60.406408479311985 ] ] } },
{ "type": "Feature", "properties": { "area0": "SE3", "area1": "SE3", "bus0": 6381, "bus1": 6385, "length": 65879.359638036505, "circuits": 1.0, "Vbase": 380.0, "ug": false, "uc": 0.0, "lat": [ 59.4662382115693, 60.0522817070126 ], "lon": [ 15.2312305929483, 15.3876664070517 ], "x": "[513104.6781377  521588.92438919]", "y": "[6591992.56063777 6657296.99272118]", "source": "Pypsa 2019-09-04", "info": { }, "line_id": 2309, "bus0_name": "Lindbacka", "bus1_name": "Morgårdshammar", "from_node": 80, "to_node": 81, "overlap_delaunay1": true, "overlap_delaunay2": false, "overlap_delaunay3": false, "overlap_delaunay4": false, "overlap_delaunay5": false, "overlap_mst": true, "delaunay_category": "Delaunay1", "category": "MST" }, "geometry": { "type": "LineString", "coordinates": [ [ 15.231230592948297, 59.466238211569305 ], [ 15.387666407051698, 60.052281707012618 ] ] } },
{ "type": "Feature", "properties": { "area0": "SE3", "area1": "SE3", "bus0": 6132, "bus1": 6397, "length": 145598.73532292401, "circuits": 1.0, "Vbase": 380.0, "ug": false, "uc": 0.0, "lat": [ 57.7988970671541, 57.867401, 58.201108, 58.565388, 59.0509194751314 ], "lon": [ 14.6257211191694, 14.679108, 14.794464, 15.144653, 15.1254361881652 ], "x": "[477752.84536462 480962.30573087 487919.13126414 508415.13005303\n 507195.9530897 ]", "y": "[6406382.59017062 6413992.80180332 6451118.90771798 6491668.42751043\n 6545728.70783912]", "source": "Pypsa 2019-09-04", "info": { }, "line_id": 2382, "bus0_name": "Barkeryd", "bus1_name": "Östansjö", "from_node": 70, "to_node": 75, "overlap_delaunay1": false, "overlap_delaunay2": true, "overlap_delaunay3": false, "overlap_delaunay4": false, "overlap_delaunay5": false, "overlap_mst": false, "delaunay_category": "Delaunay2", "category": "Delaunay2" }, "geometry": { "type": "LineString", "coordinates": [ [ 14.625721119169398, 57.798897067154087 ], [ 14.679108, 57.867401 ], [ 14.794464, 58.201108 ], [ 15.144653, 58.565388 ], [ 15.1254361881652, 59.050919475131394 ] ] } },
{ "type": "Feature", "properties": { "area0": "SE3", "area1": "SE3", "bus0": 6379, "bus1": 6397, "length": 14026.073294797799, "circuits": 1.0, "Vbase": 380.0, "ug": false, "uc": 0.0, "lat": [ 59.0513734678387, 59.1735943290806 ], "lon": [ 15.125534385719, 15.184371614281 ], "x": "[507201.49143661 510539.20031405]", "y": "[6545779.27111116 6559396.66668431]", "source": "Pypsa 2019-09-04", "info": { }, "line_id": 7183, "bus0_name": "Hallsberg", "bus1_name": "Östansjö", "from_node": 76, "to_node": 75, "overlap_delaunay1": true, "overlap_delaunay2": false, "overlap_delaunay3": false, "overlap_delaunay4": false, "overlap_delaunay5": false, "overlap_mst": true, "delaunay_category": "Delaunay1", "category": "MST" }, "geometry": { "type": "LineString", "coordinates": [ [ 15.125534385718998, 59.051373467838715 ], [ 15.184371614281, 59.173594329080601 ] ] } },
{ "type": "Feature", "properties": { "area0": "NO5", "area1": "NO5", "bus0": 6408, "bus1": 6411, "length": 12269.708680473401, "circuits": 1.0, "Vbase": 380.0, "ug": false, "uc": 0.0, "lat": [ 60.950457446, 60.954444, 60.9969027928208 ], "lon": [ 7.21709022743823, 7.34024000000001, 7.39493454885085 ], "x": "[79086.92181537 85777.70156652 89275.7156884 ]", "y": "[6782317.37319394 6781972.40918871 6786334.0501908 ]", "source": "Pypsa 2019-09-04", "info": { }, "line_id": 1251, "bus0_name": "Aurland 2", "bus1_name": "Aurland 1", "from_node": 10, "to_node": 7, "overlap_delaunay1": true, "overlap_delaunay2": false, "overlap_delaunay3": false, "overlap_delaunay4": false, "overlap_delaunay5": false, "overlap_mst": true, "delaunay_category": "Delaunay1", "category": "MST" }, "geometry": { "type": "LineString", "coordinates": [ [ 7.217090227438231, 60.950457446 ], [ 7.34024, 60.954444 ], [ 7.394934548850848, 60.996902792820798 ] ] } },
{ "type": "Feature", "properties": { "area0": "NO5", "area1": "NO5", "bus0": 6409, "bus1": 6411, "length": 13438.2389158644, "circuits": 1.0, "Vbase": 380.0, "ug": false, "uc": 0.0, "lat": [ 60.9504094030152, 60.9318006166638 ], "lon": [ 7.21708634288786, 7.46202065711213 ], "x": "[79086.07616539 92052.49899046]", "y": "[6782312.07326021 6778696.20005475]", "source": "Pypsa 2019-09-04", "info": { }, "line_id": 1252, "bus0_name": "Aurland 3", "bus1_name": "Aurland 1", "from_node": 12, "to_node": 7, "overlap_delaunay1": true, "overlap_delaunay2": false, "overlap_delaunay3": false, "overlap_delaunay4": false, "overlap_delaunay5": false, "overlap_mst": false, "delaunay_category": "Delaunay1", "category": "Delaunay1" }, "geometry": { "type": "LineString", "coordinates": [ [ 7.21708634288786, 60.9504094030152 ], [ 7.462020657112131, 60.931800616663786 ] ] } },
{ "type": "Feature", "properties": { "area0": "NO5", "area1": "NO5", "bus0": 6411, "bus1": 6421, "length": 51827.0162742951, "circuits": 1.0, "Vbase": 380.0, "ug": false, "uc": 0.0, "lat": [ 60.9502253366961, 60.4851888382015 ], "lon": [ 7.21665305583435, 7.23586094416565 ], "x": "[79060.28229208 73965.63645965]", "y": "[6782294.46265725 6730624.81060008]", "source": "Pypsa 2019-09-04", "info": { }, "line_id": 1256, "bus0_name": "Aurland 1", "bus1_name": "Eidfjord", "from_node": 7, "to_node": 8, "overlap_delaunay1": false, "overlap_delaunay2": true, "overlap_delaunay3": false, "overlap_delaunay4": false, "overlap_delaunay5": false, "overlap_mst": false, "delaunay_category": "Delaunay2", "category": "Delaunay2" }, "geometry": { "type": "LineString", "coordinates": [ [ 7.216653055834348, 60.9502253366961 ], [ 7.235860944165652, 60.485188838201509 ] ] } },
{ "type": "Feature", "properties": { "area0": "NO5", "area1": "NO5", "bus0": 6409, "bus1": 6422, "length": 40898.4296617867, "circuits": 1.0, "Vbase": 380.0, "ug": false, "uc": 0.0, "lat": [ 60.9315885005508, 60.6309551829053 ], "lon": [ 7.46271993053773, 7.89342006946226 ], "x": "[ 92087.50688763 111702.40172965]", "y": "[6778668.3190076  6742708.57982521]", "source": "Pypsa 2019-09-04", "info": { }, "line_id": 1253, "bus0_name": "Aurland 3", "bus1_name": "unknown", "from_node": 12, "to_node": 15, "overlap_delaunay1": true, "overlap_delaunay2": false, "overlap_delaunay3": false, "overlap_delaunay4": false, "overlap_delaunay5": false, "overlap_mst": true, "delaunay_category": "Delaunay1", "category": "MST" }, "geometry": { "type": "LineString", "coordinates": [ [ 7.462719930537732, 60.931588500550809 ], [ 7.893420069462262, 60.630955182905296 ] ] } },
{ "type": "Feature", "properties": { "area0": "NO5", "area1": "NO5", "bus0": 6423, "bus1": 6429, "length": 19254.7132832692, "circuits": 1.0, "Vbase": 380.0, "ug": false, "uc": 0.0, "lat": [ 60.5115364050719, 60.574825, 60.6702804743744 ], "lon": [ 8.08847082984002, 8.018646, 8.08442078957034 ], "x": "[120933.47787591 117862.37985273 122572.95648758]", "y": "[6728319.37825968 6735746.2108318  6745956.3011408 ]", "source": "Pypsa 2019-09-04", "info": { }, "line_id": 1255, "bus0_name": "unknown", "bus1_name": "unknown", "from_node": 16, "to_node": 17, "overlap_delaunay1": true, "overlap_delaunay2": false, "overlap_delaunay3": false, "overlap_delaunay4": false, "overlap_delaunay5": false, "overlap_mst": false, "delaunay_category": "Delaunay1", "category": "Delaunay1" }, "geometry": { "type": "LineString", "coordinates": [ [ 8.08847082984002, 60.511536405071887 ], [ 8.018646, 60.574825 ], [ 8.084420789570339, 60.670280474374408 ] ] } },
{ "type": "Feature", "properties": { "area0": "NO5", "area1": "NO5", "bus0": 6422, "bus1": 6429, "length": 17022.399932913901, "circuits": 1.0, "Vbase": 380.0, "ug": false, "uc": 0.0, "lat": [ 60.6306039937481, 60.5115146383789 ], "lon": [ 7.89395673260897, 8.08840426739102 ], "x": "[111727.4134429  120929.58157875]", "y": "[6742666.44460468 6728317.34733084]", "source": "Pypsa 2019-09-04", "info": { }, "line_id": 1257, "bus0_name": "unknown", "bus1_name": "unknown", "from_node": 15, "to_node": 17, "overlap_delaunay1": true, "overlap_delaunay2": false, "overlap_delaunay3": false, "overlap_delaunay4": false, "overlap_delaunay5": false, "overlap_mst": true, "delaunay_category": "Delaunay1", "category": "MST" }, "geometry": { "type": "LineString", "coordinates": [ [ 7.893956732608971, 60.630603993748103 ], [ 8.088404267391022, 60.511514638378884 ] ] } },
{ "type": "Feature", "properties": { "area0": "NO5", "area1": "NO5", "bus0": 6411, "bus1": 6429, "length": 69370.103499202203, "circuits": 1.0, "Vbase": 380.0, "ug": false, "uc": 0.0, "lat": [ 60.9502720911221, 60.588316, 60.5114472091244 ], "lon": [ 7.21691971590473, 7.79754599999999, 8.08829031358614 ], "x": "[ 79075.27571863 105957.4976511  120922.55800348]", "y": "[6782297.9272109  6738550.54230726 6728310.52341306]", "source": "Pypsa 2019-09-04", "info": { }, "line_id": 1258, "bus0_name": "Aurland 1", "bus1_name": "unknown", "from_node": 7, "to_node": 17, "overlap_delaunay1": false, "overlap_delaunay2": false, "overlap_delaunay3": true, "overlap_delaunay4": false, "overlap_delaunay5": false, "overlap_mst": false, "delaunay_category": "Delaunay3", "category": "Delaunay3" }, "geometry": { "type": "LineString", "coordinates": [ [ 7.216919715904732, 60.950272091122088 ], [ 7.797546, 60.588316 ], [ 8.088290313586139, 60.511447209124398 ] ] } },
{ "type": "Feature", "properties": { "area0": "NO5", "area1": "NO5", "bus0": 6429, "bus1": 6430, "length": 32965.806174498503, "circuits": 1.0, "Vbase": 380.0, "ug": false, "uc": 0.0, "lat": [ 60.5112436495954, 60.424021, 60.3576704158149 ], "lon": [ 8.08908296260334, 8.438873, 8.59646172181892 ], "x": "[120963.53893783 139134.58215835 147064.44598502]", "y": "[6728283.36172309 6716633.99437157 6708413.31540685]", "source": "Pypsa 2019-09-04", "info": { }, "line_id": 1260, "bus0_name": "unknown", "bus1_name": "unknown", "from_node": 17, "to_node": 20, "overlap_delaunay1": true, "overlap_delaunay2": false, "overlap_delaunay3": false, "overlap_delaunay4": false, "overlap_delaunay5": false, "overlap_mst": true, "delaunay_category": "Delaunay1", "category": "MST" }, "geometry": { "type": "LineString", "coordinates": [ [ 8.089082962603342, 60.511243649595386 ], [ 8.438873, 60.424021 ], [ 8.596461721818923, 60.357670415814901 ] ] } },
{ "type": "Feature", "properties": { "area0": "NO5", "area1": "NO5", "bus0": 6421, "bus1": 6430, "length": 78787.919970816001, "circuits": 1.0, "Vbase": 380.0, "ug": false, "uc": 0.0, "lat": [ 60.4848731045391, 60.337823, 60.3575150439847 ], "lon": [ 7.23627388378834, 7.86071800000001, 8.59635522326609 ], "x": "[ 73984.07090164 106376.14370883 147056.90626042]", "y": "[6730587.1327747  6710385.90105788 6708396.63783052]", "source": "Pypsa 2019-09-04", "info": { }, "line_id": 1259, "bus0_name": "Eidfjord", "bus1_name": "unknown", "from_node": 8, "to_node": 20, "overlap_delaunay1": false, "overlap_delaunay2": true, "overlap_delaunay3": false, "overlap_delaunay4": false, "overlap_delaunay5": false, "overlap_mst": false, "delaunay_category": "Delaunay2", "category": "Delaunay2" }, "geometry": { "type": "LineString", "coordinates": [ [ 7.236273883788344, 60.484873104539105 ], [ 7.860718, 60.337823 ], [ 8.596355223266093, 60.357515043984684 ] ] } },
{ "type": "Feature", "properties": { "area0": "NO5", "area1": "NO5", "bus0": 6427, "bus1": 6430, "length": 27629.186866457003, "circuits": 1.0, "Vbase": 380.0, "ug": false, "uc": 0.0, "lat": [ 60.3573813457717, 60.319469, 60.2330948495947 ], "lon": [ 8.59713856499163, 8.684692, 9.02624373417166 ], "x": "[147098.54085755 151509.23391666 169448.95134779]", "y": "[6708377.592855   6703701.87313669 6692349.38561265]", "source": "Pypsa 2019-09-04", "info": { }, "line_id": 1262, "bus0_name": "Nore 1", "bus1_name": "unknown", "from_node": 21, "to_node": 20, "overlap_delaunay1": true, "overlap_delaunay2": false, "overlap_delaunay3": false, "overlap_delaunay4": false, "overlap_delaunay5": false, "overlap_mst": true, "delaunay_category": "Delaunay1", "category": "MST" }, "geometry": { "type": "LineString", "coordinates": [ [ 8.597138564991631, 60.357381345771685 ], [ 8.684692, 60.319469 ], [ 9.026243734171658, 60.233094849594707 ] ] } },
{ "type": "Feature", "properties": { "area0": "NO5", "area1": "NO1", "bus0": 6430, "bus1": 6431, "length": 85475.011221294408, "circuits": 1.0, "Vbase": 380.0, "ug": false, "uc": 0.0, "lat": [ 60.1982397469425, 60.28477, 60.360922, 60.3575381611341 ], "lon": [ 10.0918741245539, 9.049988, 8.73275800000001, 8.59724893502491 ], "x": "[228044.18900451 171279.77854993 154595.40785678 147106.30895626]", "y": "[6683606.08017535 6697969.85468431 6708050.957677   6708394.41000349]", "source": "Pypsa 2019-09-04", "info": { }, "line_id": 1261, "bus0_name": "unknown", "bus1_name": "unknown", "from_node": 20, "to_node": 23, "overlap_delaunay1": false, "overlap_delaunay2": true, "overlap_delaunay3": false, "overlap_delaunay4": false, "overlap_delaunay5": false, "overlap_mst": false, "delaunay_category": "Delaunay2", "category": "Delaunay2" }, "geometry": { "type": "LineString", "coordinates": [ [ 10.0918741245539, 60.198239746942498 ], [ 9.049988, 60.28477 ], [ 8.732758, 60.360922 ], [ 8.597248935024911, 60.357538161134094 ] ] } },
{ "type": "Feature", "properties": { "area0": "NO1", "area1": "NO1", "bus0": 6431, "bus1": 6432, "length": 15400.7420527104, "circuits": 1.0, "Vbase": 380.0, "ug": false, "uc": 0.0, "lat": [ 60.3226688305061, 60.1984029282619 ], "lon": [ 10.2143433601433, 10.0925116398568 ], "x": "[235827.60422893 228080.82096701]", "y": "[6696940.68445501 6683621.59124524]", "source": "Pypsa 2019-09-04", "info": { }, "line_id": 1263, "bus0_name": "unknown", "bus1_name": "unknown", "from_node": 23, "to_node": 24, "overlap_delaunay1": true, "overlap_delaunay2": false, "overlap_delaunay3": false, "overlap_delaunay4": false, "overlap_delaunay5": false, "overlap_mst": true, "delaunay_category": "Delaunay1", "category": "MST" }, "geometry": { "type": "LineString", "coordinates": [ [ 10.2143433601433, 60.322668830506089 ], [ 10.092511639856804, 60.198402928261906 ] ] } },
{ "type": "Feature", "properties": { "area0": "NO5", "area1": "NO1", "bus0": 6429, "bus1": 6432, "length": 134726.89726115801, "circuits": 1.0, "Vbase": 380.0, "ug": false, "uc": 0.0, "lat": [ 60.5115161500286, 60.642896, 60.665106, 60.3229861775047 ], "lon": [ 8.08895999069807, 8.298798, 9.110413, 10.2141597397695 ], "x": "[120960.00148813 133933.21776543 178403.94753245 235820.04667235]", "y": "[6728314.30727057 6741702.27863201 6739914.48767499 6696976.70184312]", "source": "Pypsa 2019-09-04", "info": { }, "line_id": 1254, "bus0_name": "unknown", "bus1_name": "unknown", "from_node": 17, "to_node": 24, "overlap_delaunay1": false, "overlap_delaunay2": true, "overlap_delaunay3": false, "overlap_delaunay4": false, "overlap_delaunay5": false, "overlap_mst": false, "delaunay_category": "Delaunay2", "category": "Delaunay2" }, "geometry": { "type": "LineString", "coordinates": [ [ 8.08895999069807, 60.511516150028591 ], [ 8.298798, 60.642896 ], [ 9.110413, 60.665106 ], [ 10.214159739769501, 60.32298617750471 ] ] } },
{ "type": "Feature", "properties": { "area0": "NO2", "area1": "NO2", "bus0": 6435, "bus1": 6436, "length": 20517.590802584498, "circuits": 1.0, "Vbase": 380.0, "ug": false, "uc": 0.0, "lat": [ 59.4619025351563, 59.5237956052044 ], "lon": [ 6.65126941626761, 6.99237658373237 ], "x": "[27599.60899291 47669.23893153]", "y": "[6621210.26103612 6625688.42546597]", "source": "Pypsa 2019-09-04", "info": { }, "line_id": 1268, "bus0_name": "Saurdal", "bus1_name": "Kvilldal", "from_node": 3, "to_node": 4, "overlap_delaunay1": true, "overlap_delaunay2": false, "overlap_delaunay3": false, "overlap_delaunay4": false, "overlap_delaunay5": false, "overlap_mst": true, "delaunay_category": "Delaunay1", "category": "MST" }, "geometry": { "type": "LineString", "coordinates": [ [ 6.651269416267611, 59.461902535156284 ], [ 6.99237658373237, 59.523795605204398 ] ] } },
{ "type": "Feature", "properties": { "area0": "NO2", "area1": "NO2", "bus0": 6440, "bus1": 6442, "length": 25396.597692880001, "circuits": 1.0, "Vbase": 380.0, "ug": false, "uc": 0.0, "lat": [ 59.6675368648498, 59.612212, 59.506455, 59.4606067900334 ], "lon": [ 6.43230299980538, 6.38030999999999, 6.41738899999999, 6.49126394348313 ], "x": "[18212.67184342 14498.48785591 15055.18717182 18559.72754497]", "y": "[6645565.20212645 6639818.48104493 6627834.7439167  6622218.11901338]", "source": "Pypsa 2019-09-04", "info": { }, "line_id": 1332, "bus0_name": "Sauda", "bus1_name": "Liastølen", "from_node": 1, "to_node": 2, "overlap_delaunay1": true, "overlap_delaunay2": false, "overlap_delaunay3": false, "overlap_delaunay4": false, "overlap_delaunay5": false, "overlap_mst": true, "delaunay_category": "Delaunay1", "category": "MST" }, "geometry": { "type": "LineString", "coordinates": [ [ 6.432302999805379, 59.667536864849808 ], [ 6.38031, 59.612212 ], [ 6.417389, 59.506455 ], [ 6.491263943483133, 59.460606790033395 ] ] } },
{ "type": "Feature", "properties": { "area0": "NO2", "area1": "NO2", "bus0": 6209, "bus1": 6456, "length": 84161.859749544994, "circuits": 1.0, "Vbase": 380.0, "ug": false, "uc": 0.0, "lat": [ 58.2447273924248, 58.9745683071461 ], "lon": [ 8.10230147295435, 7.72762452704564 ], "x": "[95505.6424371  82405.22140749]", "y": "[6476699.18624915 6559977.65269716]", "source": "Pypsa 2019-09-04", "info": { }, "line_id": 1278, "bus0_name": "Kristiansand", "bus1_name": "Hekni", "from_node": 18, "to_node": 13, "overlap_delaunay1": true, "overlap_delaunay2": false, "overlap_delaunay3": false, "overlap_delaunay4": false, "overlap_delaunay5": false, "overlap_mst": true, "delaunay_category": "Delaunay1", "category": "MST" }, "geometry": { "type": "LineString", "coordinates": [ [ 8.102301472954354, 58.244727392424792 ], [ 7.727624527045645, 58.974568307146079 ] ] } },
{ "type": "Feature", "properties": { "area0": "NO1", "area1": "NO1", "bus0": 6431, "bus1": 6466, "length": 40300.385447476496, "circuits": 1.0, "Vbase": 380.0, "ug": false, "uc": 0.0, "lat": [ 59.8870317342016, 60.012717, 60.1979824921745 ], "lon": [ 10.2883842036753, 10.045624, 10.0922603355869 ], "x": "[236449.25419603 223934.88965723 228063.43130004]", "y": "[6648212.06356016 6663175.08414009 6683575.8901421 ]", "source": "Pypsa 2019-09-04", "info": { }, "line_id": 1265, "bus0_name": "unknown", "bus1_name": "Sylling", "from_node": 23, "to_node": 25, "overlap_delaunay1": true, "overlap_delaunay2": false, "overlap_delaunay3": false, "overlap_delaunay4": false, "overlap_delaunay5": false, "overlap_mst": true, "delaunay_category": "Delaunay1", "category": "MST" }, "geometry": { "type": "LineString", "coordinates": [ [ 10.288384203675298, 59.887031734201592 ], [ 10.045624, 60.012717 ], [ 10.092260335586902, 60.197982492174511 ] ] } },
{ "type": "Feature", "properties": { "area0": "NO5", "area1": "NO1", "bus0": 6427, "bus1": 6466, "length": 83632.632725712698, "circuits": 1.0, "Vbase": 380.0, "ug": false, "uc": 0.0, "lat": [ 60.2328578154941, 59.884803, 59.8868674518 ], "lon": [ 9.02699513754383, 9.92477399999999, 10.2882473425997 ], "x": "[169488.0616233  216116.7402793  236440.30504808]", "y": "[6692319.29022103 6649468.76424137 6648194.34410208]", "source": "Pypsa 2019-09-04", "info": { }, "line_id": 1266, "bus0_name": "Nore 1", "bus1_name": "Sylling", "from_node": 21, "to_node": 25, "overlap_delaunay1": true, "overlap_delaunay2": false, "overlap_delaunay3": false, "overlap_delaunay4": false, "overlap_delaunay5": false, "overlap_mst": false, "delaunay_category": "Delaunay1", "category": "Delaunay1" }, "geometry": { "type": "LineString", "coordinates": [ [ 9.02699513754383, 60.2328578154941 ], [ 9.924774, 59.884803 ], [ 10.2882473425997, 59.886867451800015 ] ] } },
{ "type": "Feature", "properties": { "area0": "NO2", "area1": "NO1", "bus0": 6436, "bus1": 6466, "length": 219509.565203712, "circuits": 1.0, "Vbase": 380.0, "ug": false, "uc": 0.0, "lat": [ 59.5240340462335, 59.681608, 59.728023, 59.87033, 59.701014, 59.777139, 59.817209, 59.806851, 59.749477, 59.770918, 59.8866571674775 ], "lon": [ 6.99311328340451, 7.30041499999999, 7.829132, 8.64898700000001, 9.65148899999999, 9.706421, 9.81216400000001, 9.95498699999999, 10.019531, 10.211792, 10.2885545953851 ], "x": "[ 47713.92389763  67057.43929477  97266.52255361 144731.95732749\n 199199.65457739 202961.69685775 209236.57793253 217143.13216376\n 220277.11814869 231235.08341379 236455.80567838]", "y": "[6625709.82227043 6641122.27311971 6642930.9715729  6654026.33762153\n 6630249.84540577 6638461.4359333  6642445.1168709  6640675.06765661\n 6634023.6022243  6635611.06198939 6648169.74105923]", "source": "Pypsa 2019-09-04", "info": { }, "line_id": 1323, "bus0_name": "Kvilldal", "bus1_name": "Sylling", "from_node": 4, "to_node": 25, "overlap_delaunay1": false, "overlap_delaunay2": false, "overlap_delaunay3": true, "overlap_delaunay4": false, "overlap_delaunay5": false, "overlap_mst": false, "delaunay_category": "Delaunay3", "category": "Delaunay3" }, "geometry": { "type": "LineString", "coordinates": [ [ 6.993113283404512, 59.524034046233496 ], [ 7.300415, 59.681608 ], [ 7.829132, 59.728023 ], [ 8.648987, 59.87033 ], [ 9.651489, 59.701014 ], [ 9.706421, 59.777139 ], [ 9.812164, 59.817209 ], [ 9.954987, 59.806851 ], [ 10.019531, 59.749477 ], [ 10.211792, 59.770918 ], [ 10.288554595385099, 59.886657167477502 ] ] } },
{ "type": "Feature", "properties": { "area0": "NO1", "area1": "NO2", "bus0": 6375, "bus1": 6468, "length": 91238.018412888589, "circuits": 1.0, "Vbase": 380.0, "ug": false, "uc": 0.0, "lat": [ 59.2820482416811, 59.356996, 59.3178145995662 ], "lon": [ 9.59425451945954, 10.732269, 11.180893292692 ], "x": "[192189.95215259 257459.68522723 282686.02844608]", "y": "[6583956.35465336 6587581.86446494 6581673.99143802]", "source": "Pypsa 2019-09-04", "info": { }, "line_id": 1274, "bus0_name": "Hasle", "bus1_name": "unknown", "from_node": 31, "to_node": 22, "overlap_delaunay1": true, "overlap_delaunay2": false, "overlap_delaunay3": false, "overlap_delaunay4": false, "overlap_delaunay5": false, "overlap_mst": false, "delaunay_category": "Delaunay1", "category": "Delaunay1" }, "geometry": { "type": "LineString", "coordinates": [ [ 9.594254519459538, 59.282048241681096 ], [ 10.732269, 59.356996 ], [ 11.180893292691998, 59.317814599566205 ] ] } },
{ "type": "Feature", "properties": { "area0": "NO2", "area1": "NO2", "bus0": 6436, "bus1": 6469, "length": 27009.810040109198, "circuits": 1.0, "Vbase": 380.0, "ug": false, "uc": 0.0, "lat": [ 59.5238301413362, 59.479307913975 ], "lon": [ 6.99323902892747, 7.46202197107251 ], "x": "[47718.26464453 73558.4292761 ]", "y": "[6625686.36564021 6617643.4145965 ]", "source": "Pypsa 2019-09-04", "info": { }, "line_id": 1270, "bus0_name": "Kvilldal", "bus1_name": "Holen", "from_node": 4, "to_node": 11, "overlap_delaunay1": true, "overlap_delaunay2": false, "overlap_delaunay3": false, "overlap_delaunay4": false, "overlap_delaunay5": false, "overlap_mst": true, "delaunay_category": "Delaunay1", "category": "MST" }, "geometry": { "type": "LineString", "coordinates": [ [ 6.993239028927476, 59.523830141336184 ], [ 7.462021971072514, 59.479307913974992 ] ] } },
{ "type": "Feature", "properties": { "area0": "NO2", "area1": "NO2", "bus0": 6468, "bus1": 6469, "length": 129971.541153117, "circuits": 1.0, "Vbase": 380.0, "ug": false, "uc": 0.0, "lat": [ 59.2820442881225, 59.363995, 59.362595, 59.4790605484031 ], "lon": [ 9.59336671824181, 8.15185500000001, 7.57095299999999, 7.46265437431837 ], "x": "[192139.43594149 111165.50435247  78250.84237476  73590.97836653]", "y": "[6583960.02237725 6600614.36465261 6604004.14246703 6617611.91782457]", "source": "Pypsa 2019-09-04", "info": { }, "line_id": 1272, "bus0_name": "unknown", "bus1_name": "Holen", "from_node": 22, "to_node": 11, "overlap_delaunay1": true, "overlap_delaunay2": false, "overlap_delaunay3": false, "overlap_delaunay4": false, "overlap_delaunay5": false, "overlap_mst": false, "delaunay_category": "Delaunay1", "category": "Delaunay1" }, "geometry": { "type": "LineString", "coordinates": [ [ 9.593366718241811, 59.282044288122499 ], [ 8.151855, 59.363995 ], [ 7.570953, 59.362595 ], [ 7.462654374318371, 59.479060548403098 ] ] } },
{ "type": "Feature", "properties": { "area0": "NO2", "area1": "NO2", "bus0": 6456, "bus1": 6469, "length": 58148.829764763301, "circuits": 1.0, "Vbase": 380.0, "ug": false, "uc": 0.0, "lat": [ 59.4790466630596, 58.9750136027818 ], "lon": [ 7.46257909393927, 7.72739290606071 ], "x": "[73586.5560466  82397.35696427]", "y": "[6617610.86215947 6560028.4987857 ]", "source": "Pypsa 2019-09-04", "info": { }, "line_id": 1348, "bus0_name": "Hekni", "bus1_name": "Holen", "from_node": 13, "to_node": 11, "overlap_delaunay1": true, "overlap_delaunay2": false, "overlap_delaunay3": false, "overlap_delaunay4": false, "overlap_delaunay5": false, "overlap_mst": true, "delaunay_category": "Delaunay1", "category": "MST" }, "geometry": { "type": "LineString", "coordinates": [ [ 7.46257909393927, 59.479046663059592 ], [ 7.727392906060709, 58.975013602781814 ] ] } },
{ "type": "Feature", "properties": { "area0": "NO1", "area1": "NO1", "bus0": 6466, "bus1": 6476, "length": 45803.867115172499, "circuits": 1.0, "Vbase": 380.0, "ug": false, "uc": 0.0, "lat": [ 59.8867813313442, 59.843435, 59.5804398950651 ], "lon": [ 10.2891083763391, 10.49057, 10.7801169796762 ], "x": "[236487.73179638 247416.25124026 261755.87002214]", "y": "[6648181.33958875 6642576.24743899 6612258.12066691]", "source": "Pypsa 2019-09-04", "info": { }, "line_id": 1269, "bus0_name": "Sylling", "bus1_name": "unknown", "from_node": 25, "to_node": 27, "overlap_delaunay1": true, "overlap_delaunay2": false, "overlap_delaunay3": false, "overlap_delaunay4": false, "overlap_delaunay5": false, "overlap_mst": false, "delaunay_category": "Delaunay1", "category": "Delaunay1" }, "geometry": { "type": "LineString", "coordinates": [ [ 10.289108376339097, 59.886781331344203 ], [ 10.49057, 59.843435 ], [ 10.780116979676198, 59.580439895065098 ] ] } },
{ "type": "Feature", "properties": { "area0": "NO1", "area1": "NO1", "bus0": 6475, "bus1": 6476, "length": 15912.660001780801, "circuits": 1.0, "Vbase": 380.0, "ug": false, "uc": 0.0, "lat": [ 59.5804659615628, 59.7215689799664 ], "lon": [ 10.7804033854969, 10.8242106145031 ], "x": "[261772.20994493 265232.05493696]", "y": "[6612259.99170937 6627796.62103974]", "source": "Pypsa 2019-09-04", "info": { }, "line_id": 1271, "bus0_name": "unknown", "bus1_name": "unknown", "from_node": 28, "to_node": 27, "overlap_delaunay1": true, "overlap_delaunay2": false, "overlap_delaunay3": false, "overlap_delaunay4": false, "overlap_delaunay5": false, "overlap_mst": true, "delaunay_category": "Delaunay1", "category": "MST" }, "geometry": { "type": "LineString", "coordinates": [ [ 10.780403385496902, 59.580465961562801 ], [ 10.8242106145031, 59.721568979966392 ] ] } },
{ "type": "Feature", "properties": { "area0": "NO1", "area1": "NO1", "bus0": 6375, "bus1": 6476, "length": 38168.361327015402, "circuits": 1.0, "Vbase": 380.0, "ug": false, "uc": 0.0, "lat": [ 59.5800986056412, 59.507849, 59.426919, 59.317993232938 ], "lon": [ 10.7806798340166, 10.954742, 11.112671, 11.1811985536482 ], "x": "[261785.20461703 271114.38514181 279516.51015141 282704.52667686]", "y": "[6612218.14478269 6603570.44840309 6594034.76311698 6581692.86569202]", "source": "Pypsa 2019-09-04", "info": { }, "line_id": 1273, "bus0_name": "Hasle", "bus1_name": "unknown", "from_node": 31, "to_node": 27, "overlap_delaunay1": true, "overlap_delaunay2": false, "overlap_delaunay3": false, "overlap_delaunay4": false, "overlap_delaunay5": false, "overlap_mst": true, "delaunay_category": "Delaunay1", "category": "MST" }, "geometry": { "type": "LineString", "coordinates": [ [ 10.780679834016601, 59.580098605641197 ], [ 10.954742, 59.507849 ], [ 11.112671, 59.426919 ], [ 11.181198553648198, 59.317993232938015 ] ] } },
{ "type": "Feature", "properties": { "area0": "NO1", "area1": "NO1", "bus0": 6432, "bus1": 6482, "length": 66256.352645606297, "circuits": 1.0, "Vbase": 380.0, "ug": false, "uc": 0.0, "lat": [ 60.3227682549665, 60.140137, 59.9586631308608 ], "lon": [ 10.2149381598856, 10.943756, 10.8395092415173 ], "x": "[235861.2025705  274804.57998202 267749.92200367]", "y": "[6696949.35267685 6673935.53013915 6654112.01093183]", "source": "Pypsa 2019-09-04", "info": { }, "line_id": 1264, "bus0_name": "unknown", "bus1_name": "Oslo", "from_node": 24, "to_node": 29, "overlap_delaunay1": true, "overlap_delaunay2": false, "overlap_delaunay3": false, "overlap_delaunay4": false, "overlap_delaunay5": false, "overlap_mst": false, "delaunay_category": "Delaunay1", "category": "Delaunay1" }, "geometry": { "type": "LineString", "coordinates": [ [ 10.214938159885598, 60.322768254966483 ], [ 10.943756, 60.140137 ], [ 10.8395092415173, 59.958663130860799 ] ] } },
{ "type": "Feature", "properties": { "area0": "NO1", "area1": "NO1", "bus0": 6475, "bus1": 6482, "length": 26329.193070135498, "circuits": 1.0, "Vbase": 380.0, "ug": false, "uc": 0.0, "lat": [ 59.7220177511098, 59.9582238463851 ], "lon": [ 10.8242943589046, 10.8393716410954 ], "x": "[265239.90593537 267739.17085106]", "y": "[6627846.23560262 6654063.63682387]", "source": "Pypsa 2019-09-04", "info": { }, "line_id": 1267, "bus0_name": "unknown", "bus1_name": "Oslo", "from_node": 28, "to_node": 29, "overlap_delaunay1": true, "overlap_delaunay2": false, "overlap_delaunay3": false, "overlap_delaunay4": false, "overlap_delaunay5": false, "overlap_mst": true, "delaunay_category": "Delaunay1", "category": "MST" }, "geometry": { "type": "LineString", "coordinates": [ [ 10.824294358904602, 59.722017751109817 ], [ 10.839371641095402, 59.958223846385096 ] ] } },
{ "type": "Feature", "properties": { "area0": "NO5", "area1": "NO5", "bus0": 6415, "bus1": 6485, "length": 52288.097719971796, "circuits": 1.0, "Vbase": 380.0, "ug": false, "uc": 0.0, "lat": [ 60.5045937972657, 60.5275522103871 ], "lon": [ 6.15691099773646, 7.10770700226354 ], "x": "[15281.87818101 67522.99681505]", "y": "[6740263.14339347 6736158.46946101]", "source": "Pypsa 2019-09-04", "info": { }, "line_id": 1331, "bus0_name": "Sima", "bus1_name": "Samnanger", "from_node": 6, "to_node": 0, "overlap_delaunay1": true, "overlap_delaunay2": false, "overlap_delaunay3": false, "overlap_delaunay4": false, "overlap_delaunay5": false, "overlap_mst": true, "delaunay_category": "Delaunay1", "category": "MST" }, "geometry": { "type": "LineString", "coordinates": [ [ 6.156910997736459, 60.504593797265692 ], [ 7.107707002263541, 60.527552210387121 ] ] } },
{ "type": "Feature", "properties": { "area0": "FI", "area1": "FI", "bus0": 6518, "bus1": 6519, "length": 107149.79366042199, "circuits": 1.0, "Vbase": 380.0, "ug": false, "uc": 0.0, "lat": [ 63.1551743254999, 64.101413206838 ], "lon": [ 27.5852182193996, 27.2049737806004 ], "x": "[1131043.85342768 1092006.44210324]", "y": "[7065067.28192959 7165334.12031433]", "source": "Pypsa 2019-09-04", "info": { }, "line_id": 460, "bus0_name": "Vuolijoki", "bus1_name": "Alapitkä", "from_node": 173, "to_node": 175, "overlap_delaunay1": true, "overlap_delaunay2": false, "overlap_delaunay3": false, "overlap_delaunay4": false, "overlap_delaunay5": false, "overlap_mst": true, "delaunay_category": "Delaunay1", "category": "MST" }, "geometry": { "type": "LineString", "coordinates": [ [ 27.585218219399604, 63.155174325499907 ], [ 27.204973780600394, 64.101413206837989 ] ] } },
{ "type": "Feature", "properties": { "area0": "FI", "area1": "FI", "bus0": 6312, "bus1": 6521, "length": 171162.85280321699, "circuits": 1.0, "Vbase": 380.0, "ug": false, "uc": 0.0, "lat": [ 62.9762430214251, 62.51929, 62.006706, 61.672283, 61.522695 ], "lon": [ 24.2852534205461, 24.230347, 24.581909, 24.183655, 24.088898 ], "x": "[ 969489.18933874  974026.50266066 1000449.13939462  985023.94000935\n  982371.51045906]", "y": "[7016936.26871325 6966011.15626208 6912002.3979164  6871995.86614579\n 6854743.18529783]", "source": "Pypsa 2019-09-04", "info": { }, "line_id": 466, "bus0_name": "Kangasala", "bus1_name": "Alajärvi", "from_node": 149, "to_node": 151, "overlap_delaunay1": true, "overlap_delaunay2": false, "overlap_delaunay3": false, "overlap_delaunay4": false, "overlap_delaunay5": false, "overlap_mst": false, "delaunay_category": "Delaunay1", "category": "Delaunay1" }, "geometry": { "type": "LineString", "coordinates": [ [ 24.285253420546105, 62.976243021425098 ], [ 24.230347, 62.51929 ], [ 24.581909, 62.006706 ], [ 24.183655, 61.672283 ], [ 24.088898, 61.522695 ] ] } },
{ "type": "Feature", "properties": { "area0": "FI", "area1": "FI", "bus0": 6521, "bus1": 6523, "length": 88119.990732511098, "circuits": 1.0, "Vbase": 380.0, "ug": false, "uc": 0.0, "lat": [ 62.7899802892365, 62.836343, 62.812509, 62.9763821939307 ], "lon": [ 22.6336308046194, 22.920227, 23.197632, 24.2848534910755 ], "x": "[888765.85413121 902672.43723638 917058.6201646  969466.83215897]", "y": "[6985270.31221241 6992173.170072   6991303.32706017 7016948.72468247]", "source": "Pypsa 2019-09-04", "info": { }, "line_id": 463, "bus0_name": "Alajärvi", "bus1_name": "Seinäjoki", "from_node": 151, "to_node": 141, "overlap_delaunay1": true, "overlap_delaunay2": false, "overlap_delaunay3": false, "overlap_delaunay4": false, "overlap_delaunay5": false, "overlap_mst": true, "delaunay_category": "Delaunay1", "category": "MST" }, "geometry": { "type": "LineString", "coordinates": [ [ 22.633630804619401, 62.78998028923651 ], [ 22.920227, 62.836343 ], [ 23.197632, 62.812509 ], [ 24.284853491075495, 62.976382193930689 ] ] } },
{ "type": "Feature", "properties": { "area0": "FI", "area1": "FI", "bus0": 6329, "bus1": 6523, "length": 148281.039078634, "circuits": 1.0, "Vbase": 380.0, "ug": false, "uc": 0.0, "lat": [ 61.4822815352241, 62.7897103618874 ], "lon": [ 22.1059480883917, 22.6331259116083 ], "x": "[877961.06315283 888743.79589566]", "y": "[6837140.60291393 6985237.34050034]", "source": "Pypsa 2019-09-04", "info": { }, "line_id": 470, "bus0_name": "Ulvila", "bus1_name": "Seinäjoki", "from_node": 139, "to_node": 141, "overlap_delaunay1": false, "overlap_delaunay2": true, "overlap_delaunay3": false, "overlap_delaunay4": false, "overlap_delaunay5": false, "overlap_mst": false, "delaunay_category": "Delaunay2", "category": "Delaunay2" }, "geometry": { "type": "LineString", "coordinates": [ [ 22.105948088391695, 61.482281535224089 ], [ 22.6331259116083, 62.789710361887401 ] ] } },
{ "type": "Feature", "properties": { "area0": "FI", "area1": "FI", "bus0": 6521, "bus1": 6524, "length": 115812.99396709401, "circuits": 1.0, "Vbase": 380.0, "ug": false, "uc": 0.0, "lat": [ 62.9763001681762, 62.516121, 62.3407781725848 ], "lon": [ 24.2855915081876, 25.267181, 26.0317032887644 ], "x": "[ 969505.27498697 1027014.81332169 1069324.55274038]", "y": "[7016945.06317903 6973729.63900562 6960905.28149073]", "source": "Pypsa 2019-09-04", "info": { }, "line_id": 464, "bus0_name": "Alajärvi", "bus1_name": "Vihtavuori", "from_node": 151, "to_node": 167, "overlap_delaunay1": true, "overlap_delaunay2": false, "overlap_delaunay3": false, "overlap_delaunay4": false, "overlap_delaunay5": false, "overlap_mst": false, "delaunay_category": "Delaunay1", "category": "Delaunay1" }, "geometry": { "type": "LineString", "coordinates": [ [ 24.285591508187593, 62.976300168176195 ], [ 25.267181, 62.516121 ], [ 26.031703288764405, 62.340778172584798 ] ] } },
{ "type": "Feature", "properties": { "area0": "FI", "area1": "FI", "bus0": 6318, "bus1": 6525, "length": 170168.440131221, "circuits": 1.0, "Vbase": 380.0, "ug": false, "uc": 0.0, "lat": [ 60.8939264784856, 61.003744, 61.392774, 61.44402, 61.487316, 61.537752, 61.643597, 61.692477, 61.795848, 61.851614, 62.176401, 62.264727 ], "lon": [ 27.9190990953772, 27.967072, 27.611389, 27.446594, 27.415009, 27.502899, 27.548218, 27.500153, 27.608643, 27.69928, 27.873688, 27.767944 ], "x": "[1197905.74958852 1198045.11341334 1170684.75084759 1160905.76178859\n 1158322.57954561 1161861.42312053 1161961.54357761 1158400.15562346\n 1161824.63763671 1165321.20211235 1167174.18313723 1159801.98064793]", "y": "[6820150.85645207 6832729.73128203 6871723.18500174 6875662.50361925\n 6880100.91181477 6886541.89685162 6898639.55360038 6903520.97567212\n 6915990.08180809 6923049.02277255 6960522.36759676 6969129.55853144]", "source": "Pypsa 2019-09-04", "info": { }, "line_id": 511, "bus0_name": "Yllikkälä", "bus1_name": "Huutokoski", "from_node": 177, "to_node": 176, "overlap_delaunay1": true, "overlap_delaunay2": false, "overlap_delaunay3": false, "overlap_delaunay4": false, "overlap_delaunay5": false, "overlap_mst": false, "delaunay_category": "Delaunay1", "category": "Delaunay1" }, "geometry": { "type": "LineString", "coordinates": [ [ 27.919099095377202, 60.893926478485604 ], [ 27.967072, 61.003744 ], [ 27.611389, 61.392774 ], [ 27.446594, 61.44402 ], [ 27.415009, 61.487316 ], [ 27.502899, 61.537752 ], [ 27.548218, 61.643597 ], [ 27.500153, 61.692477 ], [ 27.608643, 61.795848 ], [ 27.69928, 61.851614 ], [ 27.873688, 62.176401 ], [ 27.767944, 62.264727 ] ] } },
{ "type": "Feature", "properties": { "area0": "FI", "area1": "FI", "bus0": 6321, "bus1": 6525, "length": 93733.698476567602, "circuits": 1.0, "Vbase": 380.0, "ug": false, "uc": 0.0, "lat": [ 61.489438405507, 61.546913, 61.631202, 61.68401, 61.807528, 61.870396, 62.161654, 62.2619646676032 ], "lon": [ 27.30545033139, 27.417755, 27.458954, 27.408142, 27.531738, 27.631989, 27.79541, 27.7666302966056 ], "x": "[1152518.32674765 1157198.77637835 1157559.32797514 1153776.94011804\n 1157573.02432673 1161420.51338875 1163481.7905022  1159795.58008988]", "y": "[6879225.25963474 6886681.17696871 6896366.19484304 6901656.11345972\n 6916487.64675958 6924420.51018429 6958093.44722514 6968812.73248309]", "source": "Pypsa 2019-09-04", "info": { }, "line_id": 467, "bus0_name": "Visulahti", "bus1_name": "Huutokoski", "from_node": 174, "to_node": 176, "overlap_delaunay1": true, "overlap_delaunay2": false, "overlap_delaunay3": false, "overlap_delaunay4": false, "overlap_delaunay5": false, "overlap_mst": true, "delaunay_category": "Delaunay1", "category": "MST" }, "geometry": { "type": "LineString", "coordinates": [ [ 27.305450331389999, 61.489438405507002 ], [ 27.417755, 61.546913 ], [ 27.458954, 61.631202 ], [ 27.408142, 61.68401 ], [ 27.531738, 61.807528 ], [ 27.631989, 61.870396 ], [ 27.79541, 62.161654 ], [ 27.766630296605594, 62.261964667603202 ] ] } },
{ "type": "Feature", "properties": { "area0": "FI", "area1": "FI", "bus0": 6519, "bus1": 6525, "length": 104020.13233398301, "circuits": 1.0, "Vbase": 380.0, "ug": false, "uc": 0.0, "lat": [ 63.1547795715862, 63.007627, 62.849506, 62.2623700548567 ], "lon": [ 27.5851837869194, 27.500153, 27.379303, 27.766441035603 ], "x": "[1131050.77822867 1130023.09379221 1127384.70742768 1159776.96510085]", "y": "[7065023.59493819 7048023.2705011  7029464.17089589 6968855.30672062]", "source": "Pypsa 2019-09-04", "info": { }, "line_id": 461, "bus0_name": "Alapitkä", "bus1_name": "Huutokoski", "from_node": 175, "to_node": 176, "overlap_delaunay1": true, "overlap_delaunay2": false, "overlap_delaunay3": false, "overlap_delaunay4": false, "overlap_delaunay5": false, "overlap_mst": true, "delaunay_category": "Delaunay1", "category": "MST" }, "geometry": { "type": "LineString", "coordinates": [ [ 27.585183786919405, 63.154779571586204 ], [ 27.500153, 63.007627 ], [ 27.379303, 62.849506 ], [ 27.766441035603002, 62.26237005485671 ] ] } },
{ "type": "Feature", "properties": { "area0": "FI", "area1": "FI", "bus0": 6524, "bus1": 6525, "length": 92333.535736679798, "circuits": 1.0, "Vbase": 380.0, "ug": false, "uc": 0.0, "lat": [ 62.3406056822608, 62.240431, 62.2621630167623 ], "lon": [ 26.0325183616014, 26.548462, 27.7661235317335 ], "x": "[1069369.59922248 1097787.66336079 1159765.2732448 ]", "y": "[6960893.48185084 6954536.19766147 6968829.31206054]", "source": "Pypsa 2019-09-04", "info": { }, "line_id": 465, "bus0_name": "Vihtavuori", "bus1_name": "Huutokoski", "from_node": 167, "to_node": 176, "overlap_delaunay1": true, "overlap_delaunay2": false, "overlap_delaunay3": false, "overlap_delaunay4": false, "overlap_delaunay5": false, "overlap_mst": false, "delaunay_category": "Delaunay1", "category": "Delaunay1" }, "geometry": { "type": "LineString", "coordinates": [ [ 26.032518361601401, 62.340605682260787 ], [ 26.548462, 62.240431 ], [ 27.766123531733488, 62.262163016762287 ] ] } },
{ "type": "Feature", "properties": { "area0": "FI", "area1": "FI", "bus0": 6524, "bus1": 6528, "length": 102347.94584343901, "circuits": 1.0, "Vbase": 380.0, "ug": false, "uc": 0.0, "lat": [ 61.8554151411377, 61.824392, 61.880754, 62.313899, 62.3406696355123 ], "lon": [ 25.1591005498364, 25.307007, 25.383911, 25.302887, 26.0316583143852 ], "x": "[1033062.20227032 1041325.29544492 1044334.37652767 1032432.16094533\n 1069324.31399937]", "y": "[6899902.64608618 6897705.97382718 6904572.76600826 6951703.81663976\n 6960892.92081378]", "source": "Pypsa 2019-09-04", "info": { }, "line_id": 496, "bus0_name": "Vihtavuori", "bus1_name": "Toivila", "from_node": 167, "to_node": 161, "overlap_delaunay1": true, "overlap_delaunay2": false, "overlap_delaunay3": false, "overlap_delaunay4": false, "overlap_delaunay5": false, "overlap_mst": true, "delaunay_category": "Delaunay1", "category": "MST" }, "geometry": { "type": "LineString", "coordinates": [ [ 25.159100549836396, 61.855415141137691 ], [ 25.307007, 61.824392 ], [ 25.383911, 61.880754 ], [ 25.302887, 62.313899 ], [ 26.031658314385204, 62.340669635512292 ] ] } },
{ "type": "Feature", "properties": { "area0": "FI", "area1": "FI", "bus0": 6312, "bus1": 6528, "length": 69804.187802688597, "circuits": 1.0, "Vbase": 380.0, "ug": false, "uc": 0.0, "lat": [ 61.5163164077136, 61.659247, 61.8554083659038 ], "lon": [ 24.0836742107147, 24.309998, 25.1582891276104 ], "x": "[ 982194.71703435  991872.13744422 1033019.99537837]", "y": "[6853998.76869212 6871505.93538129 6899895.21065607]", "source": "Pypsa 2019-09-04", "info": { }, "line_id": 468, "bus0_name": "Kangasala", "bus1_name": "Toivila", "from_node": 149, "to_node": 161, "overlap_delaunay1": true, "overlap_delaunay2": false, "overlap_delaunay3": false, "overlap_delaunay4": false, "overlap_delaunay5": false, "overlap_mst": true, "delaunay_category": "Delaunay1", "category": "MST" }, "geometry": { "type": "LineString", "coordinates": [ [ 24.083674210714697, 61.516316407713589 ], [ 24.309998, 61.659247 ], [ 25.158289127610388, 61.855408365903791 ] ] } },
{ "type": "Feature", "properties": { "area0": "FI", "area1": "FI", "bus0": 6521, "bus1": 6531, "length": 121711.82495389599, "circuits": 1.0, "Vbase": 380.0, "ug": false, "uc": 0.0, "lat": [ 62.9766390083733, 63.059937, 64.0082938277412 ], "lon": [ 24.2851385154484, 24.224854, 24.9649100665767 ], "x": "[969477.03389191 965111.6829207  985741.30104823]", "y": "[7016979.20384947 7025748.57887091 7136039.29358143]", "source": "Pypsa 2019-09-04", "info": { }, "line_id": 462, "bus0_name": "Alajärvi", "bus1_name": "Uusnivala", "from_node": 151, "to_node": 159, "overlap_delaunay1": true, "overlap_delaunay2": false, "overlap_delaunay3": false, "overlap_delaunay4": false, "overlap_delaunay5": false, "overlap_mst": false, "delaunay_category": "Delaunay1", "category": "Delaunay1" }, "geometry": { "type": "LineString", "coordinates": [ [ 24.285138515448399, 62.976639008373297 ], [ 24.224854, 63.059937 ], [ 24.964910066576685, 64.008293827741184 ] ] } },
{ "type": "Feature", "properties": { "area0": "FI", "area1": "FI", "bus0": 6530, "bus1": 6532, "length": 6843.3488804337094, "circuits": 1.0, "Vbase": 380.0, "ug": false, "uc": 0.0, "lat": [ 63.7971884841835, 63.842339749576 ], "lon": [ 23.0482461241441, 23.1423968758559 ], "x": "[895710.22211395 899678.30552262]", "y": "[7099408.16119966 7104996.5275917 ]", "source": "Pypsa 2019-09-04", "info": { }, "line_id": 7018, "bus0_name": "Ventusneva", "bus1_name": "Hirvisuo", "from_node": 146, "to_node": 144, "overlap_delaunay1": true, "overlap_delaunay2": false, "overlap_delaunay3": false, "overlap_delaunay4": false, "overlap_delaunay5": false, "overlap_mst": true, "delaunay_category": "Delaunay1", "category": "MST" }, "geometry": { "type": "LineString", "coordinates": [ [ 23.048246124144097, 63.797188484183486 ], [ 23.142396875855901, 63.842339749575999 ] ] } },
{ "type": "Feature", "properties": { "area0": "FI", "area1": "FI", "bus0": 6532, "bus1": 6533, "length": 109297.17503055901, "circuits": 1.0, "Vbase": 380.0, "ug": false, "uc": 0.0, "lat": [ 63.7968507380286, 63.555892, 63.506925, 63.145051, 63.0301722880981 ], "lon": [ 23.0478385425335, 22.91748, 22.645569, 22.272034, 21.9029876304115 ], "x": "[895695.00909141 892638.20251603 879855.42972674 865934.4761279\n 848794.57417722]", "y": "[7099368.22181397 7071871.75868821 7064801.14715721 7022507.72910331\n 7007709.27137629]", "source": "Pypsa 2019-09-04", "info": { }, "line_id": 502, "bus0_name": "Hirvisuo", "bus1_name": "Tuovila", "from_node": 144, "to_node": 138, "overlap_delaunay1": true, "overlap_delaunay2": false, "overlap_delaunay3": false, "overlap_delaunay4": false, "overlap_delaunay5": false, "overlap_mst": true, "delaunay_category": "Delaunay1", "category": "MST" }, "geometry": { "type": "LineString", "coordinates": [ [ 23.047838542533494, 63.796850738028603 ], [ 22.91748, 63.555892 ], [ 22.645569, 63.506925 ], [ 22.272034, 63.145051 ], [ 21.902987630411491, 63.030172288098093 ] ] } },
{ "type": "Feature", "properties": { "area0": "FI", "area1": "FI", "bus0": 6523, "bus1": 6533, "length": 46238.411497710003, "circuits": 1.0, "Vbase": 380.0, "ug": false, "uc": 0.0, "lat": [ 63.0299263722973, 62.81941, 62.789980635506 ], "lon": [ 21.9029598733621, 22.451935, 22.6327874250994 ], "x": "[848796.11938524 879163.82620199 888723.04688391]", "y": "[7007681.83864554 6987446.93772836 6985265.24902124]", "source": "Pypsa 2019-09-04", "info": { }, "line_id": 506, "bus0_name": "Seinäjoki", "bus1_name": "Tuovila", "from_node": 141, "to_node": 138, "overlap_delaunay1": true, "overlap_delaunay2": false, "overlap_delaunay3": false, "overlap_delaunay4": false, "overlap_delaunay5": false, "overlap_mst": true, "delaunay_category": "Delaunay1", "category": "MST" }, "geometry": { "type": "LineString", "coordinates": [ [ 21.902959873362096, 63.029926372297282 ], [ 22.451935, 62.81941 ], [ 22.632787425099398, 62.789980635506005 ] ] } },
{ "type": "Feature", "properties": { "area0": "SE3", "area1": "SE2", "bus0": 6337, "bus1": 6535, "length": 367105.92046851001, "circuits": 1.0, "Vbase": 380.0, "ug": false, "uc": 0.0, "lat": [ 60.6249297653721, 60.721571, 60.94911, 61.124672, 61.375015, 61.472234, 61.542987, 62.459027, 62.714462, 62.79054, 62.872684, 62.988298, 63.4012480858011 ], "lon": [ 17.0453616506765, 17.078247, 17.089233, 16.78299, 16.616821, 16.678619, 16.572876, 16.542664, 17.015076, 17.021942, 16.87088, 16.894226, 18.2424267131141 ], "x": "[611914.73408039 613373.27065062 613165.39496063 596048.04899014\n 586408.08425553 589431.62761079 583608.60076025 579576.77806881\n 603052.07592521 603137.18180775 595167.44090745 595975.52179685\n 661927.1275783 ]", "y": "[6722752.52083113 6733569.08734762 6758922.96036901 6777982.82656653\n 6805629.64774895 6816539.88379122 6824279.18828037 6926267.89021169\n 6955386.81432077 6963870.83336187 6972787.17416771 6985699.02889948\n 7034394.80129769]", "source": "Pypsa 2019-09-04", "info": { }, "line_id": 2290, "bus0_name": "Stackbo", "bus1_name": "Moliden", "from_node": 99, "to_node": 119, "overlap_delaunay1": false, "overlap_delaunay2": false, "overlap_delaunay3": false, "overlap_delaunay4": false, "overlap_delaunay5": false, "overlap_mst": false, "delaunay_category": "None", "category": "None" }, "geometry": { "type": "LineString", "coordinates": [ [ 17.045361650676501, 60.624929765372094 ], [ 17.078247, 60.721571 ], [ 17.089233, 60.94911 ], [ 16.78299, 61.124672 ], [ 16.616821, 61.375015 ], [ 16.678619, 61.472234 ], [ 16.572876, 61.542987 ], [ 16.542664, 62.459027 ], [ 17.015076, 62.714462 ], [ 17.021942, 62.79054 ], [ 16.87088, 62.872684 ], [ 16.894226, 62.988298 ], [ 18.242426713114099, 63.401248085801086 ] ] } },
{ "type": "Feature", "properties": { "area0": "SE2", "area1": "SE2", "bus0": 6534, "bus1": 6535, "length": 105007.901154969, "circuits": 1.0, "Vbase": 380.0, "ug": false, "uc": 0.0, "lat": [ 63.4014664156159, 63.8962104065253 ], "lon": [ 18.2431789963074, 20.0469210036926 ], "x": "[661963.44121186 747574.58071187]", "y": "[7034421.00708856 7095249.12820261]", "source": "Pypsa 2019-09-04", "info": { }, "line_id": 2285, "bus0_name": "Stornorrfors", "bus1_name": "Moliden", "from_node": 129, "to_node": 119, "overlap_delaunay1": true, "overlap_delaunay2": false, "overlap_delaunay3": false, "overlap_delaunay4": false, "overlap_delaunay5": false, "overlap_mst": true, "delaunay_category": "Delaunay1", "category": "MST" }, "geometry": { "type": "LineString", "coordinates": [ [ 18.243178996307396, 63.401466415615886 ], [ 20.046921003692596, 63.896210406525292 ] ] } },
{ "type": "Feature", "properties": { "area0": "SE3", "area1": "SE2", "bus0": 6383, "bus1": 6544, "length": 374373.01478318102, "circuits": 1.0, "Vbase": 380.0, "ug": false, "uc": 0.0, "lat": [ 60.4154278660357, 60.562679, 60.710824, 61.633812, 62.038274, 62.571841, 62.981437, 63.484863, 63.5489825692608 ], "lon": [ 15.188637812673, 15.214691, 15.441284, 15.718689, 16.480865, 16.465759, 16.43692, 16.857147, 16.9228787976902 ], "x": "[510389.57685748 511771.02114017 524083.75168554 538093.44898491\n 577461.53983577 575324.96766779 572825.39938376 592495.92045986\n 595554.36926773]", "y": "[6697692.78076398 6714097.35441162 6730659.20076921 6833597.76386303\n 6879328.16690468 6938741.70603581 6984334.56993549 7040954.6303171\n 7048193.39225051]", "source": "Pypsa 2019-09-04", "info": { }, "line_id": 2293, "bus0_name": "Bäsna", "bus1_name": "Betåsen", "from_node": 77, "to_node": 95, "overlap_delaunay1": false, "overlap_delaunay2": false, "overlap_delaunay3": false, "overlap_delaunay4": true, "overlap_delaunay5": false, "overlap_mst": false, "delaunay_category": "Delaunay4", "category": "Delaunay4" }, "geometry": { "type": "LineString", "coordinates": [ [ 15.188637812672999, 60.415427866035706 ], [ 15.214691, 60.562679 ], [ 15.441284, 60.710824 ], [ 15.718689, 61.633812 ], [ 16.480865, 62.038274 ], [ 16.465759, 62.571841 ], [ 16.43692, 62.981437 ], [ 16.857147, 63.484863 ], [ 16.922878797690196, 63.548982569260787 ] ] } },
{ "type": "Feature", "properties": { "area0": "SE2", "area1": "SE2", "bus0": 6534, "bus1": 6549, "length": 177355.20209008499, "circuits": 1.0, "Vbase": 380.0, "ug": false, "uc": 0.0, "lat": [ 63.8964029217514, 64.009682, 63.25403, 63.1848355717652 ], "lon": [ 20.0469031807914, 19.537811, 17.40921, 17.1678891989205 ], "x": "[747572.01057685 721734.42106877 620949.82350434 609098.83607599]", "y": "[7095270.46008307 7105991.426288   7016164.30255061 7008025.66309953]", "source": "Pypsa 2019-09-04", "info": { }, "line_id": 2278, "bus0_name": "Stornorrfors", "bus1_name": "Hjälta", "from_node": 129, "to_node": 102, "overlap_delaunay1": false, "overlap_delaunay2": true, "overlap_delaunay3": false, "overlap_delaunay4": false, "overlap_delaunay5": false, "overlap_mst": false, "delaunay_category": "Delaunay2", "category": "Delaunay2" }, "geometry": { "type": "LineString", "coordinates": [ [ 20.046903180791396, 63.896402921751388 ], [ 19.537811, 64.009682 ], [ 17.40921, 63.25403 ], [ 17.167889198920495, 63.184835571765184 ] ] } },
{ "type": "Feature", "properties": { "area0": "SE3", "area1": "SE2", "bus0": 6365, "bus1": 6549, "length": 288686.39016232599, "circuits": 1.0, "Vbase": 380.0, "ug": false, "uc": 0.0, "lat": [ 60.6927662898499, 60.710152, 61.184963, 61.334857, 62.471724, 62.719498, 63.115259, 63.1845335684997 ], "lon": [ 16.930893475661, 16.848907, 16.833801, 16.864014, 16.715698, 17.134552, 17.122192, 17.1673846598158 ], "x": "[605430.73902819 600900.43857446 598596.41522935 599744.2396938\n 588463.55190293 609141.97165494 607055.95180327 609074.5884366 ]", "y": "[6730116.41801558 6731923.52056303 6784772.29064708 6801509.99888396\n 6927907.14574994 6956144.33796818 7000199.77435811 7007991.17070267]", "source": "Pypsa 2019-09-04", "info": { }, "line_id": 2292, "bus0_name": "Ängsberg", "bus1_name": "Hjälta", "from_node": 96, "to_node": 102, "overlap_delaunay1": false, "overlap_delaunay2": true, "overlap_delaunay3": false, "overlap_delaunay4": false, "overlap_delaunay5": false, "overlap_mst": false, "delaunay_category": "Delaunay2", "category": "Delaunay2" }, "geometry": { "type": "LineString", "coordinates": [ [ 16.930893475661001, 60.692766289849899 ], [ 16.848907, 60.710152 ], [ 16.833801, 61.184963 ], [ 16.864014, 61.334857 ], [ 16.715698, 62.471724 ], [ 17.134552, 62.719498 ], [ 17.122192, 63.115259 ], [ 17.167384659815802, 63.18453356849971 ] ] } },
{ "type": "Feature", "properties": { "area0": "SE2", "area1": "SE2", "bus0": 6549, "bus1": 6550, "length": 77400.63920095349, "circuits": 1.0, "Vbase": 380.0, "ug": false, "uc": 0.0, "lat": [ 63.1845637250663, 63.127676, 62.689899, 62.5409930504357 ], "lon": [ 17.1677745830005, 17.259521, 17.267761, 17.0249574538861 ], "x": "[609094.092478   613932.9145622  616067.08839434 604163.89302466]", "y": "[7007995.19198673 7001818.94103753 6953080.74770646 6936083.24489891]", "source": "Pypsa 2019-09-04", "info": { }, "line_id": 2291, "bus0_name": "Hjälta", "bus1_name": "Nysäter", "from_node": 102, "to_node": 98, "overlap_delaunay1": true, "overlap_delaunay2": false, "overlap_delaunay3": false, "overlap_delaunay4": false, "overlap_delaunay5": false, "overlap_mst": true, "delaunay_category": "Delaunay1", "category": "MST" }, "geometry": { "type": "LineString", "coordinates": [ [ 17.167774583000494, 63.184563725066297 ], [ 17.259521, 63.127676 ], [ 17.267761, 62.689899 ], [ 17.024957453886099, 62.540993050435709 ] ] } },
{ "type": "Feature", "properties": { "area0": "SE3", "area1": "SE2", "bus0": 6365, "bus1": 6550, "length": 210578.049437162, "circuits": 1.0, "Vbase": 380.0, "ug": false, "uc": 0.0, "lat": [ 62.5406647667752, 62.432345, 61.278813, 60.993091, 60.727615, 60.6928445062046 ], "lon": [ 17.0244157417296, 16.843414, 16.97937, 16.973877, 16.993103, 16.9315976042513 ], "x": "[604137.18073434 595172.64723251 606104.90103428 606770.78907021\n 608709.03469157 605468.92218245]", "y": "[6936045.81009909 6923702.694721   6795450.97513535 6763626.48830941\n 6734098.08070414 6730126.25738084]", "source": "Pypsa 2019-09-04", "info": { }, "line_id": 11537, "bus0_name": "Ängsberg", "bus1_name": "Nysäter", "from_node": 96, "to_node": 98, "overlap_delaunay1": true, "overlap_delaunay2": false, "overlap_delaunay3": false, "overlap_delaunay4": false, "overlap_delaunay5": false, "overlap_mst": false, "delaunay_category": "Delaunay1", "category": "Delaunay1" }, "geometry": { "type": "LineString", "coordinates": [ [ 17.024415741729598, 62.54066476677518 ], [ 16.843414, 62.432345 ], [ 16.97937, 61.278813 ], [ 16.973877, 60.993091 ], [ 16.993103, 60.727615 ], [ 16.931597604251301, 60.692844506204608 ] ] } },
{ "type": "Feature", "properties": { "area0": "SE2", "area1": "SE2", "bus0": 6550, "bus1": 6554, "length": 24512.817176798999, "circuits": 1.0, "Vbase": 380.0, "ug": false, "uc": 0.0, "lat": [ 62.5407523352072, 62.4603728691761 ], "lon": [ 17.0251063321297, 17.4678446678703 ], "x": "[604172.39063233 627281.84264462]", "y": "[6936056.67672433 6927898.94645603]", "source": "Pypsa 2019-09-04", "info": { }, "line_id": 2298, "bus0_name": "Nysäter", "bus1_name": "Bandsjö", "from_node": 98, "to_node": 106, "overlap_delaunay1": true, "overlap_delaunay2": false, "overlap_delaunay3": false, "overlap_delaunay4": false, "overlap_delaunay5": false, "overlap_mst": true, "delaunay_category": "Delaunay1", "category": "MST" }, "geometry": { "type": "LineString", "coordinates": [ [ 17.025106332129699, 62.540752335207216 ], [ 17.467844667870303, 62.460372869176098 ] ] } },
{ "type": "Feature", "properties": { "area0": "FI", "area1": "FI", "bus0": 6329, "bus1": 6557, "length": 82524.269416625903, "circuits": 1.0, "Vbase": 380.0, "ug": false, "uc": 0.0, "lat": [ 61.4822733274164, 62.1838932487652 ], "lon": [ 22.1057221738789, 21.6047568261212 ], "x": "[877949.18038859 843421.57444524]", "y": "[6837138.37996145 6912200.95063124]", "source": "Pypsa 2019-09-04", "info": { }, "line_id": 513, "bus0_name": "Ulvila", "bus1_name": "Kristinestad", "from_node": 139, "to_node": 134, "overlap_delaunay1": true, "overlap_delaunay2": false, "overlap_delaunay3": false, "overlap_delaunay4": false, "overlap_delaunay5": false, "overlap_mst": false, "delaunay_category": "Delaunay1", "category": "Delaunay1" }, "geometry": { "type": "LineString", "coordinates": [ [ 22.105722173878892, 61.482273327416387 ], [ 21.6047568261212, 62.183893248765202 ] ] } },
{ "type": "Feature", "properties": { "area0": "FI", "area1": "FI", "bus0": 6533, "bus1": 6557, "length": 95829.398973930904, "circuits": 1.0, "Vbase": 380.0, "ug": false, "uc": 0.0, "lat": [ 62.184294019227, 62.642606, 63.029854650403 ], "lon": [ 21.6047196006127, 21.84494, 21.902587677795 ], "x": "[843415.0886578  850462.21360224 848778.22528166]", "y": "[6912245.23224255 6964394.92588399 7007671.85849395]", "source": "Pypsa 2019-09-04", "info": { }, "line_id": 459, "bus0_name": "Tuovila", "bus1_name": "Kristinestad", "from_node": 138, "to_node": 134, "overlap_delaunay1": true, "overlap_delaunay2": false, "overlap_delaunay3": false, "overlap_delaunay4": false, "overlap_delaunay5": false, "overlap_mst": false, "delaunay_category": "Delaunay1", "category": "Delaunay1" }, "geometry": { "type": "LineString", "coordinates": [ [ 21.60471960061269, 62.184294019226996 ], [ 21.84494, 62.642606 ], [ 21.902587677794997, 63.029854650402996 ] ] } },
{ "type": "Feature", "properties": { "area0": "NO3", "area1": "NO3", "bus0": 6609, "bus1": 6617, "length": 39089.795205363596, "circuits": 1.0, "Vbase": 380.0, "ug": false, "uc": 0.0, "lat": [ 62.5263493502315, 62.6797261154976 ], "lon": [ 7.79520216211446, 8.47966983788554 ], "x": "[129721.2341656  166533.45043494]", "y": "[6953512.42349988 6966789.92666414]", "source": "Pypsa 2019-09-04", "info": { }, "line_id": 6562, "bus0_name": "Aura", "bus1_name": "Grytten", "from_node": 19, "to_node": 14, "overlap_delaunay1": true, "overlap_delaunay2": false, "overlap_delaunay3": false, "overlap_delaunay4": false, "overlap_delaunay5": false, "overlap_mst": true, "delaunay_category": "Delaunay1", "category": "MST" }, "geometry": { "type": "LineString", "coordinates": [ [ 7.795202162114461, 62.52634935023152 ], [ 8.479669837885538, 62.679726115497601 ] ] } },
{ "type": "Feature", "properties": { "area0": "SE3", "area1": "SE2", "bus0": 6381, "bus1": 6567, "length": 473307.80855357397, "circuits": 1.0, "Vbase": 380.0, "ug": false, "uc": 0.0, "lat": [ 59.4662115978742, 59.580242, 60.587642, 60.700744, 62.459662, 63.038775, 63.087922, 63.182249, 63.5819809650205 ], "lon": [ 15.2309540947892, 15.106201, 15.367126, 15.25589, 15.393219, 16.005707, 15.927429, 16.022186, 15.8464917664781 ], "x": "[513089.01831279 505998.52247726 520113.1230754  513970.01022856\n 520284.68920533 550872.51265603 546834.10311314 551451.67071665\n 542020.24339684]", "y": "[6591989.5425468  6604669.99256932 6716914.59591121 6729482.81029116\n 6925450.38448473 6990307.3920746  6995723.29352017 7006304.74280964\n 7050712.50458299]", "source": "Pypsa 2019-09-04", "info": { }, "line_id": 2383, "bus0_name": "Lindbacka", "bus1_name": "Storfinnforsen", "from_node": 80, "to_node": 85, "overlap_delaunay1": false, "overlap_delaunay2": false, "overlap_delaunay3": false, "overlap_delaunay4": false, "overlap_delaunay5": true, "overlap_mst": false, "delaunay_category": "Delaunay5", "category": "Delaunay5" }, "geometry": { "type": "LineString", "coordinates": [ [ 15.230954094789201, 59.466211597874199 ], [ 15.106201, 59.580242 ], [ 15.367126, 60.587642 ], [ 15.25589, 60.700744 ], [ 15.393219, 62.459662 ], [ 16.005707, 63.038775 ], [ 15.927429, 63.087922 ], [ 16.022186, 63.182249 ], [ 15.846491766478099, 63.581980965020499 ] ] } },
{ "type": "Feature", "properties": { "area0": "SE2", "area1": "SE2", "bus0": 6567, "bus1": 6568, "length": 21219.769484653101, "circuits": 1.0, "Vbase": 380.0, "ug": false, "uc": 0.0, "lat": [ 63.5821169857367, 63.5247451353235 ], "lon": [ 15.8468311900705, 16.2538458099295 ], "x": "[542036.89118216 562364.81505224]", "y": "[7050727.88284782 7044667.81709013]", "source": "Pypsa 2019-09-04", "info": { }, "line_id": 2282, "bus0_name": "Storfinnforsen", "bus1_name": "Ramsele", "from_node": 85, "to_node": 89, "overlap_delaunay1": true, "overlap_delaunay2": false, "overlap_delaunay3": false, "overlap_delaunay4": false, "overlap_delaunay5": false, "overlap_mst": true, "delaunay_category": "Delaunay1", "category": "MST" }, "geometry": { "type": "LineString", "coordinates": [ [ 15.8468311900705, 63.582116985736704 ], [ 16.253845809929501, 63.524745135323485 ] ] } },
{ "type": "Feature", "properties": { "area0": "SE2", "area1": "SE2", "bus0": 6541, "bus1": 6573, "length": 25075.846333630201, "circuits": 1.0, "Vbase": 380.0, "ug": false, "uc": 0.0, "lat": [ 63.6461904358924, 63.620033, 63.590119, 63.4868890334135 ], "lon": [ 16.790808744797, 16.630554, 16.575623, 16.6633543350256 ], "x": "[588689.45536008 580828.55150523 578188.08638931 582839.86330371]", "y": "[7058831.26957531 7055704.97622317 7052304.26178924 7040914.949127  ]", "source": "Pypsa 2019-09-04", "info": { }, "line_id": 2280, "bus0_name": "Långbjörn", "bus1_name": "Kilforsen", "from_node": 93, "to_node": 92, "overlap_delaunay1": true, "overlap_delaunay2": false, "overlap_delaunay3": false, "overlap_delaunay4": false, "overlap_delaunay5": false, "overlap_mst": false, "delaunay_category": "Delaunay1", "category": "Delaunay1" }, "geometry": { "type": "LineString", "coordinates": [ [ 16.790808744797001, 63.646190435892407 ], [ 16.630554, 63.620033 ], [ 16.575623, 63.590119 ], [ 16.663354335025598, 63.486889033413505 ] ] } },
{ "type": "Feature", "properties": { "area0": "SE2", "area1": "SE2", "bus0": 6544, "bus1": 6573, "length": 14631.0053073746, "circuits": 1.0, "Vbase": 380.0, "ug": false, "uc": 0.0, "lat": [ 63.486796768879, 63.549069437959 ], "lon": [ 16.6639063688023, 16.9226716311977 ], "x": "[582867.61870021 595543.78597383]", "y": "[7040905.38558591 7048202.75901144]", "source": "Pypsa 2019-09-04", "info": { }, "line_id": 2283, "bus0_name": "Betåsen", "bus1_name": "Kilforsen", "from_node": 95, "to_node": 92, "overlap_delaunay1": true, "overlap_delaunay2": false, "overlap_delaunay3": false, "overlap_delaunay4": false, "overlap_delaunay5": false, "overlap_mst": true, "delaunay_category": "Delaunay1", "category": "MST" }, "geometry": { "type": "LineString", "coordinates": [ [ 16.663906368802298, 63.486796768879003 ], [ 16.922671631197705, 63.549069437958984 ] ] } },
{ "type": "Feature", "properties": { "area0": "SE2", "area1": "SE2", "bus0": 6549, "bus1": 6573, "length": 47029.8482707168, "circuits": 1.0, "Vbase": 380.0, "ug": false, "uc": 0.0, "lat": [ 63.1847544617073, 63.200211, 63.4865159350699 ], "lon": [ 17.1670678380367, 16.917572, 16.6636788258976 ], "x": "[609057.81792524 596453.44103236 582857.10135943]", "y": "[7008015.23384172 7009337.32608037 7040873.80717937]", "source": "Pypsa 2019-09-04", "info": { }, "line_id": 2289, "bus0_name": "Hjälta", "bus1_name": "Kilforsen", "from_node": 102, "to_node": 92, "overlap_delaunay1": true, "overlap_delaunay2": false, "overlap_delaunay3": false, "overlap_delaunay4": false, "overlap_delaunay5": false, "overlap_mst": true, "delaunay_category": "Delaunay1", "category": "MST" }, "geometry": { "type": "LineString", "coordinates": [ [ 17.167067838036694, 63.184754461707293 ], [ 16.917572, 63.200211 ], [ 16.663678825897595, 63.486515935069903 ] ] } },
{ "type": "Feature", "properties": { "area0": "SE2", "area1": "SE2", "bus0": 6568, "bus1": 6573, "length": 20768.337835044, "circuits": 1.0, "Vbase": 380.0, "ug": false, "uc": 0.0, "lat": [ 63.524644246923, 63.4867428072548 ], "lon": [ 16.2547113785122, 16.6630736214878 ], "x": "[562408.08363335 582826.30852125]", "y": "[7044657.42087381 7040898.29685   ]", "source": "Pypsa 2019-09-04", "info": { }, "line_id": 2284, "bus0_name": "Ramsele", "bus1_name": "Kilforsen", "from_node": 89, "to_node": 92, "overlap_delaunay1": true, "overlap_delaunay2": false, "overlap_delaunay3": false, "overlap_delaunay4": false, "overlap_delaunay5": false, "overlap_mst": true, "delaunay_category": "Delaunay1", "category": "MST" }, "geometry": { "type": "LineString", "coordinates": [ [ 16.254711378512198, 63.52464424692301 ], [ 16.663073621487801, 63.486742807254792 ] ] } },
{ "type": "Feature", "properties": { "area0": "SE2", "area1": "SE2", "bus0": 6568, "bus1": 6582, "length": 63140.671927778094, "circuits": 1.0, "Vbase": 380.0, "ug": false, "uc": 0.0, "lat": [ 63.234864, 63.273182, 63.399517, 63.521624 ], "lon": [ 15.206451, 15.419312, 16.052399, 16.254272 ], "x": "[510373.15595751 521040.39605678 552575.12546154 562392.82597429]", "y": "[7011774.19803841 7016095.7108656  7030535.24677301 7044320.5090937 ]", "source": "Pypsa 2019-09-04", "info": { }, "line_id": 2286, "bus0_name": "Ramsele", "bus1_name": "Midskog", "from_node": 89, "to_node": 79, "overlap_delaunay1": true, "overlap_delaunay2": false, "overlap_delaunay3": false, "overlap_delaunay4": false, "overlap_delaunay5": false, "overlap_mst": false, "delaunay_category": "Delaunay1", "category": "Delaunay1" }, "geometry": { "type": "LineString", "coordinates": [ [ 15.206451, 63.234864 ], [ 15.419312, 63.273182 ], [ 16.052399, 63.399517 ], [ 16.254272, 63.521624 ] ] } },
{ "type": "Feature", "properties": { "area0": "SE2", "area1": "SE2", "bus0": 6570, "bus1": 6582, "length": 89249.0312804274, "circuits": 1.0, "Vbase": 380.0, "ug": false, "uc": 0.0, "lat": [ 63.3687421786985, 63.342273, 63.2380104133197 ], "lon": [ 13.4586983404704, 14.37973, 15.2060205485937 ], "x": "[422921.06338433 468950.51232417 510350.40239238]", "y": "[7027601.29831894 7023875.4027308  7012124.70312748]", "source": "Pypsa 2019-09-04", "info": { }, "line_id": 2287, "bus0_name": "Järpströmmen", "bus1_name": "Midskog", "from_node": 61, "to_node": 79, "overlap_delaunay1": true, "overlap_delaunay2": false, "overlap_delaunay3": false, "overlap_delaunay4": false, "overlap_delaunay5": false, "overlap_mst": true, "delaunay_category": "Delaunay1", "category": "MST" }, "geometry": { "type": "LineString", "coordinates": [ [ 13.458698340470402, 63.368742178698497 ], [ 14.37973, 63.342273 ], [ 15.206020548593703, 63.238010413319685 ] ] } },
{ "type": "Feature", "properties": { "area0": "SE3", "area1": "SE2", "bus0": 6385, "bus1": 6582, "length": 378201.03084103001, "circuits": 1.0, "Vbase": 380.0, "ug": false, "uc": 0.0, "lat": [ 60.0527021046177, 60.41453, 60.792683, 61.345395, 61.87687, 62.650809, 63.237782597817 ], "lon": [ 15.3879280509169, 15.757141, 16.088104, 16.067505, 15.710449, 15.970001, 15.2066787781172 ], "x": "[521603.22040614 541701.50887757 559232.31281082 557107.14289526\n 537360.94662704 549717.60205881 510383.55329072]", "y": "[6657343.89673503 6697817.52335076 6740186.75295073 6801726.86216703\n 6860667.75491883 6947058.17009724 7012099.4261719 ]", "source": "Pypsa 2019-09-04", "info": { }, "line_id": 2294, "bus0_name": "Morgårdshammar", "bus1_name": "Midskog", "from_node": 81, "to_node": 79, "overlap_delaunay1": false, "overlap_delaunay2": false, "overlap_delaunay3": true, "overlap_delaunay4": false, "overlap_delaunay5": false, "overlap_mst": false, "delaunay_category": "Delaunay3", "category": "Delaunay3" }, "geometry": { "type": "LineString", "coordinates": [ [ 15.3879280509169, 60.052702104617708 ], [ 15.757141, 60.41453 ], [ 16.088104, 60.792683 ], [ 16.067505, 61.345395 ], [ 15.710449, 61.87687 ], [ 15.970001, 62.650809 ], [ 15.206678778117196, 63.237782597817002 ] ] } },
{ "type": "Feature", "properties": { "area0": "SE2", "area1": "SE2", "bus0": 6567, "bus1": 6582, "length": 49905.184986359105, "circuits": 1.0, "Vbase": 380.0, "ug": false, "uc": 0.0, "lat": [ 63.5820253679027, 63.326249, 63.2381144998608 ], "lon": [ 15.8461156778239, 15.36026, 15.2067266899894 ], "x": "[542001.50956669 518044.07373466 510385.84124291]", "y": "[7050717.20493468 7021990.45794065 7012136.41458768]", "source": "Pypsa 2019-09-04", "info": { }, "line_id": 2288, "bus0_name": "Storfinnforsen", "bus1_name": "Midskog", "from_node": 85, "to_node": 79, "overlap_delaunay1": true, "overlap_delaunay2": false, "overlap_delaunay3": false, "overlap_delaunay4": false, "overlap_delaunay5": false, "overlap_mst": true, "delaunay_category": "Delaunay1", "category": "MST" }, "geometry": { "type": "LineString", "coordinates": [ [ 15.846115677823899, 63.582025367902695 ], [ 15.36026, 63.326249 ], [ 15.2067266899894, 63.238114499860806 ] ] } },
{ "type": "Feature", "properties": { "area0": "SE3", "area1": "SE2", "bus0": 6377, "bus1": 6582, "length": 460269.49735548999, "circuits": 1.0, "Vbase": 380.0, "ug": false, "uc": 0.0, "lat": [ 59.3375902387041, 59.713482, 60.566728, 62.628719, 63.115259, 63.2377586670119 ], "lon": [ 12.9778209937938, 13.3992, 13.914185, 15.449524, 15.265503, 15.2065461741498 ], "x": "[384971.85658002 409945.90527274 440476.43555463 523058.09375859\n 513395.32760908 510376.89985967]", "y": "[6579390.22259525 6620589.45769399 6715020.35506134 6944303.59753422\n 6998458.82278656 7012096.7383414 ]", "source": "Pypsa 2019-09-04", "info": { }, "line_id": 2295, "bus0_name": "Borgvik", "bus1_name": "Midskog", "from_node": 54, "to_node": 79, "overlap_delaunay1": false, "overlap_delaunay2": false, "overlap_delaunay3": true, "overlap_delaunay4": false, "overlap_delaunay5": false, "overlap_mst": false, "delaunay_category": "Delaunay3", "category": "Delaunay3" }, "geometry": { "type": "LineString", "coordinates": [ [ 12.977820993793799, 59.337590238704102 ], [ 13.3992, 59.713482 ], [ 13.914185, 60.566728 ], [ 15.449524, 62.628719 ], [ 15.265503, 63.115259 ], [ 15.206546174149798, 63.237758667011896 ] ] } },
{ "type": "Feature", "properties": { "area0": "SE2", "area1": "SE2", "bus0": 6582, "bus1": 6586, "length": 82096.967777234502, "circuits": 1.0, "Vbase": 380.0, "ug": false, "uc": 0.0, "lat": [ 63.2377635061262, 62.5334251727429 ], "lon": [ 15.2063203987895, 14.7341696012105 ], "x": "[510365.55517918 486320.59490633]", "y": "[7012097.24102704 6933634.70501816]", "source": "Pypsa 2019-09-04", "info": { }, "line_id": 2296, "bus0_name": "Midskog", "bus1_name": "Rätan", "from_node": 79, "to_node": 71, "overlap_delaunay1": true, "overlap_delaunay2": false, "overlap_delaunay3": false, "overlap_delaunay4": false, "overlap_delaunay5": false, "overlap_mst": true, "delaunay_category": "Delaunay1", "category": "MST" }, "geometry": { "type": "LineString", "coordinates": [ [ 15.206320398789497, 63.237763506126193 ], [ 14.734169601210496, 62.533425172742909 ] ] } },
{ "type": "Feature", "properties": { "area0": "SE2", "area1": "SE2", "bus0": 6585, "bus1": 6586, "length": 11358.431125306599, "circuits": 1.0, "Vbase": 380.0, "ug": false, "uc": 0.0, "lat": [ 62.5161556205837, 62.5331933992481 ], "lon": [ 14.5161277690417, 14.7335972309583 ], "x": "[475086.05144295 486291.03481628]", "y": "[6931775.8855808 6933609.0047628]", "source": "Pypsa 2019-09-04", "info": { }, "line_id": 2297, "bus0_name": "Rätan", "bus1_name": "Rätan", "from_node": 69, "to_node": 71, "overlap_delaunay1": true, "overlap_delaunay2": false, "overlap_delaunay3": false, "overlap_delaunay4": false, "overlap_delaunay5": false, "overlap_mst": true, "delaunay_category": "Delaunay1", "category": "MST" }, "geometry": { "type": "LineString", "coordinates": [ [ 14.516127769041701, 62.516155620583703 ], [ 14.733597230958299, 62.533193399248105 ] ] } },
{ "type": "Feature", "properties": { "area0": "SE3", "area1": "SE2", "bus0": 6377, "bus1": 6586, "length": 371509.66998978099, "circuits": 1.0, "Vbase": 380.0, "ug": false, "uc": 0.0, "lat": [ 59.3376192060367, 60.556604, 62.5330345361827 ], "lon": [ 12.9776369382124, 13.179474, 14.7338818809946 ], "x": "[384961.48693347 400174.51639972 486305.60977842]", "y": "[6579393.76526339 6714782.80391168 6933591.24560139]", "source": "Pypsa 2019-09-04", "info": { }, "line_id": 2300, "bus0_name": "Borgvik", "bus1_name": "Rätan", "from_node": 54, "to_node": 71, "overlap_delaunay1": false, "overlap_delaunay2": true, "overlap_delaunay3": false, "overlap_delaunay4": false, "overlap_delaunay5": false, "overlap_mst": false, "delaunay_category": "Delaunay2", "category": "Delaunay2" }, "geometry": { "type": "LineString", "coordinates": [ [ 12.977636938212399, 59.337619206036685 ], [ 13.179474, 60.556604 ], [ 14.733881880994597, 62.533034536182697 ] ] } },
{ "type": "Feature", "properties": { "area0": "SE2", "area1": "SE2", "bus0": 6570, "bus1": 6595, "length": 44491.745515044102, "circuits": 1.0, "Vbase": 380.0, "ug": false, "uc": 0.0, "lat": [ 63.3613707226506, 63.3687512783059 ], "lon": [ 12.5688073398895, 13.4578036601106 ], "x": "[378400.41233005 422876.35218105]", "y": "[7028159.63097352 7027603.38832776]", "source": "Pypsa 2019-09-04", "info": { }, "line_id": 6810, "bus0_name": "Järpströmmen", "bus1_name": "Högåsen", "from_node": 61, "to_node": 51, "overlap_delaunay1": true, "overlap_delaunay2": false, "overlap_delaunay3": false, "overlap_delaunay4": false, "overlap_delaunay5": false, "overlap_mst": true, "delaunay_category": "Delaunay1", "category": "MST" }, "geometry": { "type": "LineString", "coordinates": [ [ 12.568807339889499, 63.361370722650598 ], [ 13.457803660110597, 63.368751278305901 ] ] } },
{ "type": "Feature", "properties": { "area0": "NO5", "area1": "NO3", "bus0": 6407, "bus1": 6607, "length": 257640.90035821, "circuits": 1.0, "Vbase": 380.0, "ug": false, "uc": 0.0, "lat": [ 61.2068619583834, 61.253065, 61.280793, 61.642945, 61.747131, 62.428532, 62.477862710769 ], "lon": [ 7.33844017316839, 7.02987699999999, 6.01089500000001, 5.37231400000001, 5.364075, 7.03262300000001, 7.03399124581907 ], "x": "[88975.41373265 73106.67779042 19183.27634399 -8838.96087067\n -7550.85211375 89323.82261942 90072.17846929]", "y": "[6809965.01266608 6817069.10697363 6827241.32834575 6872155.32529231\n 6883734.76339466 6947289.9580555  6952746.52660628]", "source": "Pypsa 2019-09-04", "info": { }, "line_id": 1318, "bus0_name": "Fardal in Sogn", "bus1_name": "Ålesund", "from_node": 9, "to_node": 5, "overlap_delaunay1": true, "overlap_delaunay2": false, "overlap_delaunay3": false, "overlap_delaunay4": false, "overlap_delaunay5": false, "overlap_mst": true, "delaunay_category": "Delaunay1", "category": "MST" }, "geometry": { "type": "LineString", "coordinates": [ [ 7.338440173168388, 61.206861958383413 ], [ 7.029877, 61.253065 ], [ 6.010895, 61.280793 ], [ 5.372314, 61.642945 ], [ 5.364075, 61.747131 ], [ 7.032623, 62.428532 ], [ 7.033991245819069, 62.477862710769003 ] ] } },
{ "type": "Feature", "properties": { "area0": "NO3", "area1": "NO3", "bus0": 6602, "bus1": 6609, "length": 139115.67012162402, "circuits": 1.0, "Vbase": 380.0, "ug": false, "uc": 0.0, "lat": [ 63.2769332188306, 63.325632, 63.085435, 62.6800121989769 ], "lon": [ 10.4571743955897, 9.986572, 8.751984, 8.480202620587 ], "x": "[272219.08476456 249081.25711535 184816.98256803 166563.85404864]", "y": "[7024516.42302522 7031689.27604741 7010453.31545183 6966818.92008834]", "source": "Pypsa 2019-09-04", "info": { }, "line_id": 1293, "bus0_name": "unknown", "bus1_name": "Aura", "from_node": 26, "to_node": 19, "overlap_delaunay1": true, "overlap_delaunay2": false, "overlap_delaunay3": false, "overlap_delaunay4": false, "overlap_delaunay5": false, "overlap_mst": true, "delaunay_category": "Delaunay1", "category": "MST" }, "geometry": { "type": "LineString", "coordinates": [ [ 10.457174395589698, 63.2769332188306 ], [ 9.986572, 63.325632 ], [ 8.751984, 63.085435 ], [ 8.480202620587001, 62.680012198976904 ] ] } },
{ "type": "Feature", "properties": { "area0": "NO3", "area1": "NO3", "bus0": 6607, "bus1": 6617, "length": 39526.878796049503, "circuits": 1.0, "Vbase": 380.0, "ug": false, "uc": 0.0, "lat": [ 62.4780980928918, 62.5262309524377 ], "lon": [ 7.03444016980177, 7.79435683019823 ], "x": "[ 90098.42997169 129676.44931097]", "y": "[6952769.7480717 6953504.1511273]", "source": "Pypsa 2019-09-04", "info": { }, "line_id": 1176, "bus0_name": "Ålesund", "bus1_name": "Grytten", "from_node": 5, "to_node": 14, "overlap_delaunay1": true, "overlap_delaunay2": false, "overlap_delaunay3": false, "overlap_delaunay4": false, "overlap_delaunay5": false, "overlap_mst": true, "delaunay_category": "Delaunay1", "category": "MST" }, "geometry": { "type": "LineString", "coordinates": [ [ 7.034440169801771, 62.478098092891784 ], [ 7.79435683019823, 62.526230952437693 ] ] } },
{ "type": "Feature", "properties": { "area0": "FI", "area1": "FI", "bus0": 6655, "bus1": 6656, "length": 14015.967949324098, "circuits": 1.0, "Vbase": 380.0, "ug": false, "uc": 0.0, "lat": [ 65.8773923778878, 65.7820801376383 ], "lon": [ 24.6118306983119, 24.4119123016881 ], "x": "[936967.74333619 929526.84655121]", "y": "[7339800.69090644 7327891.57522978]", "source": "Pypsa 2019-09-04", "info": { }, "line_id": 489, "bus0_name": "Keminmaa", "bus1_name": "Sellee", "from_node": 155, "to_node": 153, "overlap_delaunay1": true, "overlap_delaunay2": false, "overlap_delaunay3": false, "overlap_delaunay4": false, "overlap_delaunay5": false, "overlap_mst": true, "delaunay_category": "Delaunay1", "category": "MST" }, "geometry": { "type": "LineString", "coordinates": [ [ 24.611830698311898, 65.877392377887801 ], [ 24.411912301688105, 65.782080137638303 ] ] } },
{ "type": "Feature", "properties": { "area0": "FI", "area1": "FI", "bus0": 6521, "bus1": 6662, "length": 236644.33881893801, "circuits": 1.0, "Vbase": 380.0, "ug": false, "uc": 0.0, "lat": [ 62.9766381121307, 63.986804, 64.905492, 64.9716313501053 ], "lon": [ 24.2854239872289, 25.066681, 25.872803, 25.8084291728704 ], "x": "[ 969491.40735505  991048.90416887 1012549.17209818 1008277.9018155 ]", "y": "[7016981.19607149 7134450.05776843 7242144.28506087 7248908.35583927]", "source": "Pypsa 2019-09-04", "info": { }, "line_id": 457, "bus0_name": "Alajärvi", "bus1_name": "Pikkarala", "from_node": 151, "to_node": 166, "overlap_delaunay1": false, "overlap_delaunay2": true, "overlap_delaunay3": false, "overlap_delaunay4": false, "overlap_delaunay5": false, "overlap_mst": false, "delaunay_category": "Delaunay2", "category": "Delaunay2" }, "geometry": { "type": "LineString", "coordinates": [ [ 24.285423987228899, 62.976638112130701 ], [ 25.066681, 63.986804 ], [ 25.872803, 64.905492 ], [ 25.808429172870404, 64.971631350105298 ] ] } },
{ "type": "Feature", "properties": { "area0": "FI", "area1": "FI", "bus0": 6655, "bus1": 6662, "length": 130172.08781416802, "circuits": 1.0, "Vbase": 380.0, "ug": false, "uc": 0.0, "lat": [ 65.8774963397272, 65.829218, 65.603878, 65.323872, 64.9719890451407 ], "lon": [ 24.6125628047341, 25.225983, 25.569305, 25.572052, 25.8081366688441 ], "x": "[ 936999.0416682   965568.98012678  985305.85100756  990670.24618755\n 1008257.43626391]", "y": "[7339817.28134902 7338913.5595182  7316679.27300555 7285843.03426276\n 7248945.399971  ]", "source": "Pypsa 2019-09-04", "info": { }, "line_id": 455, "bus0_name": "Keminmaa", "bus1_name": "Pikkarala", "from_node": 155, "to_node": 166, "overlap_delaunay1": false, "overlap_delaunay2": false, "overlap_delaunay3": false, "overlap_delaunay4": false, "overlap_delaunay5": false, "overlap_mst": false, "delaunay_category": "None", "category": "None" }, "geometry": { "type": "LineString", "coordinates": [ [ 24.612562804734107, 65.877496339727202 ], [ 25.225983, 65.829218 ], [ 25.569305, 65.603878 ], [ 25.572052, 65.323872 ], [ 25.808136668844092, 64.971989045140674 ] ] } },
{ "type": "Feature", "properties": { "area0": "FI", "area1": "FI", "bus0": 6531, "bus1": 6662, "length": 114746.01234404001, "circuits": 1.0, "Vbase": 380.0, "ug": false, "uc": 0.0, "lat": [ 64.008662700268, 64.9716296591696 ], "lon": [ 24.9652149970175, 25.8081000029825 ], "x": "[ 985749.64071508 1008262.57395655]", "y": "[7136082.3449681  7248905.51250544]", "source": "Pypsa 2019-09-04", "info": { }, "line_id": 505, "bus0_name": "Uusnivala", "bus1_name": "Pikkarala", "from_node": 159, "to_node": 166, "overlap_delaunay1": true, "overlap_delaunay2": false, "overlap_delaunay3": false, "overlap_delaunay4": false, "overlap_delaunay5": false, "overlap_mst": false, "delaunay_category": "Delaunay1", "category": "Delaunay1" }, "geometry": { "type": "LineString", "coordinates": [ [ 24.965214997017501, 64.008662700268019 ], [ 25.808100002982492, 64.971629659169579 ] ] } },
{ "type": "Feature", "properties": { "area0": "FI", "area1": "FI", "bus0": 6658, "bus1": 6662, "length": 161595.599961653, "circuits": 1.0, "Vbase": 380.0, "ug": false, "uc": 0.0, "lat": [ 66.3307214313883, 64.9719846414078 ], "lon": [ 27.030331354287, 25.808413645713 ], "x": "[1036238.49167065 1008270.44460565]", "y": "[7408586.65742093 7248947.15056766]", "source": "Pypsa 2019-09-04", "info": { }, "line_id": 508, "bus0_name": "Pirttikoski", "bus1_name": "Pikkarala", "from_node": 171, "to_node": 166, "overlap_delaunay1": false, "overlap_delaunay2": true, "overlap_delaunay3": false, "overlap_delaunay4": false, "overlap_delaunay5": false, "overlap_mst": false, "delaunay_category": "Delaunay2", "category": "Delaunay2" }, "geometry": { "type": "LineString", "coordinates": [ [ 27.030331354286997, 66.330721431388298 ], [ 25.808413645712999, 64.971984641407801 ] ] } },
{ "type": "Feature", "properties": { "area0": "FI", "area1": "FI", "bus0": 6518, "bus1": 6664, "length": 113528.91271232901, "circuits": 1.0, "Vbase": 380.0, "ug": false, "uc": 0.0, "lat": [ 64.1017419428541, 64.358337, 64.9652385533453 ], "lon": [ 27.2045721776754, 26.592407, 26.0597275026629 ], "x": "[1091980.12134836 1057334.66000417 1020125.68343774]", "y": "[7165366.47875248 7188014.18442034 7250256.59012102]", "source": "Pypsa 2019-09-04", "info": { }, "line_id": 458, "bus0_name": "Vuolijoki", "bus1_name": "Pyhänselkä", "from_node": 173, "to_node": 168, "overlap_delaunay1": true, "overlap_delaunay2": false, "overlap_delaunay3": false, "overlap_delaunay4": false, "overlap_delaunay5": false, "overlap_mst": false, "delaunay_category": "Delaunay1", "category": "Delaunay1" }, "geometry": { "type": "LineString", "coordinates": [ [ 27.204572177675402, 64.101741942854105 ], [ 26.592407, 64.358337 ], [ 26.059727502662891, 64.965238553345301 ] ] } },
{ "type": "Feature", "properties": { "area0": "FI", "area1": "FI", "bus0": 6662, "bus1": 6664, "length": 11848.7928774093, "circuits": 1.0, "Vbase": 380.0, "ug": false, "uc": 0.0, "lat": [ 64.9654273564572, 64.9717956462503 ], "lon": [ 26.0591234855657, 25.8087045144343 ], "x": "[1020093.82554884 1008287.61902332]", "y": "[7250272.38811499 7248928.67800115]", "source": "Pypsa 2019-09-04", "info": { }, "line_id": 456, "bus0_name": "Pikkarala", "bus1_name": "Pyhänselkä", "from_node": 166, "to_node": 168, "overlap_delaunay1": true, "overlap_delaunay2": false, "overlap_delaunay3": false, "overlap_delaunay4": false, "overlap_delaunay5": false, "overlap_mst": true, "delaunay_category": "Delaunay1", "category": "MST" }, "geometry": { "type": "LineString", "coordinates": [ [ 26.059123485565696, 64.965427356457184 ], [ 25.8087045144343, 64.9717956462503 ] ] } },
{ "type": "Feature", "properties": { "area0": "FI", "area1": "FI", "bus0": 6664, "bus1": 6665, "length": 109054.560717449, "circuits": 1.0, "Vbase": 380.0, "ug": false, "uc": 0.0, "lat": [ 64.4231817682422, 64.604449, 64.630939, 64.9652379730659 ], "lon": [ 24.5176610043572, 24.889526, 25.773926, 26.0594170178229 ], "x": "[ 957148.47986667  971750.3215123  1013130.99589877 1020111.21107865]", "y": "[7178529.14634812 7201276.80351912 7211093.21008154 7250253.96120368]", "source": "Pypsa 2019-09-04", "info": { }, "line_id": 492, "bus0_name": "Pyhänselkä", "bus1_name": "Jylkkä", "from_node": 168, "to_node": 154, "overlap_delaunay1": false, "overlap_delaunay2": true, "overlap_delaunay3": false, "overlap_delaunay4": false, "overlap_delaunay5": false, "overlap_mst": false, "delaunay_category": "Delaunay2", "category": "Delaunay2" }, "geometry": { "type": "LineString", "coordinates": [ [ 24.517661004357201, 64.423181768242202 ], [ 24.889526, 64.604449 ], [ 25.773926, 64.630939 ], [ 26.059417017822899, 64.965237973065896 ] ] } },
{ "type": "Feature", "properties": { "area0": "FI", "area1": "FI", "bus0": 6532, "bus1": 6665, "length": 104964.869184485, "circuits": 1.0, "Vbase": 380.0, "ug": false, "uc": 0.0, "lat": [ 63.7970026358173, 63.778239, 64.4228904181272 ], "lon": [ 23.0483823781485, 23.252563, 24.5170741122839 ], "x": "[895719.50574634 905986.73739864 957125.32195969]", "y": "[7099388.42395119 7098595.52489225 7178492.72318012]", "source": "Pypsa 2019-09-04", "info": { }, "line_id": 7017, "bus0_name": "Hirvisuo", "bus1_name": "Jylkkä", "from_node": 144, "to_node": 154, "overlap_delaunay1": false, "overlap_delaunay2": true, "overlap_delaunay3": false, "overlap_delaunay4": false, "overlap_delaunay5": false, "overlap_mst": false, "delaunay_category": "Delaunay2", "category": "Delaunay2" }, "geometry": { "type": "LineString", "coordinates": [ [ 23.048382378148499, 63.797002635817286 ], [ 23.252563, 63.778239 ], [ 24.517074112283893, 64.422890418127196 ] ] } },
{ "type": "Feature", "properties": { "area0": "FI", "area1": "FI", "bus0": 6664, "bus1": 6667, "length": 40054.042988215799, "circuits": 1.0, "Vbase": 380.0, "ug": false, "uc": 0.0, "lat": [ 64.965557019101, 65.07676, 65.2795072978691 ], "lon": [ 26.0592714632375, 25.823364, 25.6943903913787 ], "x": "[1020098.20020988 1006967.76837     997143.64346765]", "y": "[7250287.88690005 7260609.82887548 7281916.24812728]", "source": "Pypsa 2019-09-04", "info": { }, "line_id": 8799, "bus0_name": "Pyhänselkä", "bus1_name": "Isokangas", "from_node": 168, "to_node": 165, "overlap_delaunay1": true, "overlap_delaunay2": false, "overlap_delaunay3": false, "overlap_delaunay4": false, "overlap_delaunay5": false, "overlap_mst": false, "delaunay_category": "Delaunay1", "category": "Delaunay1" }, "geometry": { "type": "LineString", "coordinates": [ [ 26.059271463237497, 64.965557019100999 ], [ 25.823364, 65.07676 ], [ 25.69439039137869, 65.279507297869088 ] ] } },
{ "type": "Feature", "properties": { "area0": "FI", "area1": "SE1", "bus0": 6655, "bus1": 6668, "length": 81424.528421233103, "circuits": 1.0, "Vbase": 380.0, "ug": false, "uc": 0.0, "lat": [ 65.9380745721968, 65.938634, 66.004618, 65.9873, 65.8777113031085 ], "lon": [ 23.0731110194199, 23.512115, 23.987274, 24.562683, 24.6120409666595 ], "x": "[866485.99689378 886310.47905477 906705.41827106 932880.61537538\n 936971.79945505]", "y": "[7336635.61637448 7339337.03971453 7349645.32444982 7351594.41650087\n 7339837.37181942]", "source": "Pypsa 2019-09-04", "info": { }, "line_id": 454, "bus0_name": "Keminmaa", "bus1_name": "Djuptjärn", "from_node": 155, "to_node": 145, "overlap_delaunay1": true, "overlap_delaunay2": false, "overlap_delaunay3": false, "overlap_delaunay4": false, "overlap_delaunay5": false, "overlap_mst": false, "delaunay_category": "Delaunay1", "category": "Delaunay1" }, "geometry": { "type": "LineString", "coordinates": [ [ 23.073111019419901, 65.938074572196797 ], [ 23.512115, 65.938634 ], [ 23.987274, 66.004618 ], [ 24.562683, 65.9873 ], [ 24.612040966659492, 65.877711303108498 ] ] } },
{ "type": "Feature", "properties": { "area0": "SE2", "area1": "SE2", "bus0": 6568, "bus1": 6671, "length": 178403.532698909, "circuits": 1.0, "Vbase": 380.0, "ug": false, "uc": 0.0, "lat": [ 63.5248677253377, 63.821894, 64.819154, 64.9965907542769 ], "lon": [ 16.2544534183655, 16.550903, 17.600098, 17.5411084571424 ], "x": "[562394.76616386 576334.81660362 623413.23281989 619820.21236493]", "y": "[7044682.06694003 7078094.80326001 7190834.6457818  7210483.20786434]", "source": "Pypsa 2019-09-04", "info": { }, "line_id": 2276, "bus0_name": "Ramsele", "bus1_name": "Grundfors", "from_node": 89, "to_node": 107, "overlap_delaunay1": false, "overlap_delaunay2": true, "overlap_delaunay3": false, "overlap_delaunay4": false, "overlap_delaunay5": false, "overlap_mst": false, "delaunay_category": "Delaunay2", "category": "Delaunay2" }, "geometry": { "type": "LineString", "coordinates": [ [ 16.254453418365504, 63.5248677253377 ], [ 16.550903, 63.821894 ], [ 17.600098, 64.819154 ], [ 17.541108457142396, 64.99659075427688 ] ] } },
{ "type": "Feature", "properties": { "area0": "SE2", "area1": "SE2", "bus0": 6567, "bus1": 6671, "length": 177718.190991963, "circuits": 1.0, "Vbase": 380.0, "ug": false, "uc": 0.0, "lat": [ 63.5823544448147, 63.991622, 64.996610695236 ], "lon": [ 15.8466070747338, 16.316071, 17.5408383068984 ], "x": "[542025.41639675 564387.67695478 619807.3900919 ]", "y": "[7050754.19303545 7096745.21734939 7210484.91673834]", "source": "Pypsa 2019-09-04", "info": { }, "line_id": 2281, "bus0_name": "Storfinnforsen", "bus1_name": "Grundfors", "from_node": 85, "to_node": 107, "overlap_delaunay1": true, "overlap_delaunay2": false, "overlap_delaunay3": false, "overlap_delaunay4": false, "overlap_delaunay5": false, "overlap_mst": false, "delaunay_category": "Delaunay1", "category": "Delaunay1" }, "geometry": { "type": "LineString", "coordinates": [ [ 15.846607074733798, 63.582354444814705 ], [ 16.316071, 63.991622 ], [ 17.540838306898397, 64.996610695235987 ] ] } },
{ "type": "Feature", "properties": { "area0": "SE1", "area1": "SE1", "bus0": 6668, "bus1": 6673, "length": 66047.549862483196, "circuits": 1.0, "Vbase": 380.0, "ug": false, "uc": 0.0, "lat": [ 65.9380719131633, 65.936394, 65.8264523087194 ], "lon": [ 23.0722133464626, 22.711487, 21.6572325450465 ], "x": "[866445.46559414 850160.9478136  803745.25764866]", "y": "[7336630.06781237 7334380.10533144 7316689.15702692]", "source": "Pypsa 2019-09-04", "info": { }, "line_id": 7477, "bus0_name": "Djuptjärn", "bus1_name": "Svartbyn", "from_node": 145, "to_node": 135, "overlap_delaunay1": true, "overlap_delaunay2": false, "overlap_delaunay3": false, "overlap_delaunay4": false, "overlap_delaunay5": false, "overlap_mst": true, "delaunay_category": "Delaunay1", "category": "MST" }, "geometry": { "type": "LineString", "coordinates": [ [ 23.072213346462597, 65.938071913163299 ], [ 22.711487, 65.936394 ], [ 21.657232545046494, 65.826452308719396 ] ] } },
{ "type": "Feature", "properties": { "area0": "SE1", "area1": "SE2", "bus0": 6672, "bus1": 6674, "length": 74111.570475336601, "circuits": 1.0, "Vbase": 380.0, "ug": false, "uc": 0.0, "lat": [ 65.0325738457805, 64.4403968788318 ], "lon": [ 19.7367350700748, 19.0298969299252 ], "x": "[722932.89453827 693902.34436384]", "y": "[7220445.28530281 7152245.50361901]", "source": "Pypsa 2019-09-04", "info": { }, "line_id": 2275, "bus0_name": "Vagfors", "bus1_name": "Tuggen", "from_node": 125, "to_node": 123, "overlap_delaunay1": true, "overlap_delaunay2": false, "overlap_delaunay3": false, "overlap_delaunay4": false, "overlap_delaunay5": false, "overlap_mst": true, "delaunay_category": "Delaunay1", "category": "MST" }, "geometry": { "type": "LineString", "coordinates": [ [ 19.736735070074804, 65.032573845780504 ], [ 19.029896929925197, 64.440396878831805 ] ] } },
{ "type": "Feature", "properties": { "area0": "SE2", "area1": "SE2", "bus0": 6549, "bus1": 6674, "length": 168024.32424567098, "circuits": 1.0, "Vbase": 380.0, "ug": false, "uc": 0.0, "lat": [ 63.1848818398136, 63.607827, 64.4400570456609 ], "lon": [ 17.1677973646592, 17.95578, 19.0294740480831 ], "x": "[609094.04175005 646557.11367417 693884.42104177]", "y": "[7008030.6600097  7056701.77858457 7152206.39980762]", "source": "Pypsa 2019-09-04", "info": { }, "line_id": 2279, "bus0_name": "Hjälta", "bus1_name": "Tuggen", "from_node": 102, "to_node": 123, "overlap_delaunay1": false, "overlap_delaunay2": true, "overlap_delaunay3": false, "overlap_delaunay4": false, "overlap_delaunay5": false, "overlap_mst": false, "delaunay_category": "Delaunay2", "category": "Delaunay2" }, "geometry": { "type": "LineString", "coordinates": [ [ 17.167797364659204, 63.184881839813606 ], [ 17.95578, 63.607827 ], [ 19.029474048083099, 64.440057045660893 ] ] } },
{ "type": "Feature", "properties": { "area0": "SE2", "area1": "SE2", "bus0": 6669, "bus1": 6676, "length": 11854.970903695101, "circuits": 1.0, "Vbase": 380.0, "ug": false, "uc": 0.0, "lat": [ 65.2990695505849, 65.2210061430528 ], "lon": [ 16.8766768116551, 17.0489690152289 ], "x": "[587496.97728915 595810.26403147]", "y": "[7243087.95075033 7234641.28836511]", "source": "Pypsa 2019-09-04", "info": { }, "line_id": 9503, "bus0_name": "Juktan", "bus1_name": "Blaiken", "from_node": 94, "to_node": 100, "overlap_delaunay1": true, "overlap_delaunay2": false, "overlap_delaunay3": false, "overlap_delaunay4": false, "overlap_delaunay5": false, "overlap_mst": true, "delaunay_category": "Delaunay1", "category": "MST" }, "geometry": { "type": "LineString", "coordinates": [ [ 16.876676811655098, 65.299069550584903 ], [ 17.048969015228899, 65.221006143052804 ] ] } },
{ "type": "Feature", "properties": { "area0": "SE2", "area1": "SE2", "bus0": 6671, "bus1": 6676, "length": 34009.040605300499, "circuits": 1.0, "Vbase": 380.0, "ug": false, "uc": 0.0, "lat": [ 65.22086568154, 64.9969170240842 ], "lon": [ 17.0492785664195, 17.5407421883448 ], "x": "[595825.24308107 619801.48769386]", "y": "[7234626.11031931 7210518.85269867]", "source": "Pypsa 2019-09-04", "info": { }, "line_id": 9504, "bus0_name": "Grundfors", "bus1_name": "Blaiken", "from_node": 107, "to_node": 100, "overlap_delaunay1": true, "overlap_delaunay2": false, "overlap_delaunay3": false, "overlap_delaunay4": false, "overlap_delaunay5": false, "overlap_mst": true, "delaunay_category": "Delaunay1", "category": "MST" }, "geometry": { "type": "LineString", "coordinates": [ [ 17.049278566419495, 65.220865681540005 ], [ 17.540742188344804, 64.996917024084198 ] ] } },
{ "type": "Feature", "properties": { "area0": "SE2", "area1": "SE1", "bus0": 6534, "bus1": 6677, "length": 162309.77436312099, "circuits": 1.0, "Vbase": 380.0, "ug": false, "uc": 0.0, "lat": [ 63.8964997815529, 65.2703213637519 ], "lon": [ 20.0474499271821, 21.1691330728179 ], "x": "[747597.9341514  787610.43461461]", "y": "[7095283.35130684 7252664.05140608]", "source": "Pypsa 2019-09-04", "info": { }, "line_id": 2277, "bus0_name": "Stornorrfors", "bus1_name": "Råbäcken", "from_node": 129, "to_node": 132, "overlap_delaunay1": true, "overlap_delaunay2": false, "overlap_delaunay3": false, "overlap_delaunay4": false, "overlap_delaunay5": false, "overlap_mst": false, "delaunay_category": "Delaunay1", "category": "Delaunay1" }, "geometry": { "type": "LineString", "coordinates": [ [ 20.047449927182097, 63.896499781552897 ], [ 21.1691330728179, 65.270321363751904 ] ] } },
{ "type": "Feature", "properties": { "area0": "SE1", "area1": "SE1", "bus0": 6673, "bus1": 6677, "length": 65908.830663540808, "circuits": 1.0, "Vbase": 380.0, "ug": false, "uc": 0.0, "lat": [ 65.8262346903496, 65.2706740248731 ], "lon": [ 21.6566462643511, 21.1694337356488 ], "x": "[803721.15911551 787620.57196916]", "y": "[7316662.17061086 7252704.58049849]", "source": "Pypsa 2019-09-04", "info": { }, "line_id": 6910, "bus0_name": "Svartbyn", "bus1_name": "Råbäcken", "from_node": 135, "to_node": 132, "overlap_delaunay1": true, "overlap_delaunay2": false, "overlap_delaunay3": false, "overlap_delaunay4": false, "overlap_delaunay5": false, "overlap_mst": true, "delaunay_category": "Delaunay1", "category": "MST" }, "geometry": { "type": "LineString", "coordinates": [ [ 21.656646264351092, 65.82623469034958 ], [ 21.169433735648795, 65.270674024873102 ] ] } },
{ "type": "Feature", "properties": { "area0": "NO4", "area1": "NO4", "bus0": 6724, "bus1": 6725, "length": 41699.383788094499, "circuits": 1.0, "Vbase": 380.0, "ug": false, "uc": 0.0, "lat": [ 68.5170161968537, 68.1589452910749 ], "lon": [ 17.5793696120794, 17.2884893879206 ], "x": "[605393.51612739 594994.9343863 ]", "y": "[7602716.80234675 7562346.70523853]", "source": "Pypsa 2019-09-04", "info": { }, "line_id": 1244, "bus0_name": "Narvik", "bus1_name": "Ofoten", "from_node": 108, "to_node": 104, "overlap_delaunay1": true, "overlap_delaunay2": false, "overlap_delaunay3": false, "overlap_delaunay4": false, "overlap_delaunay5": false, "overlap_mst": true, "delaunay_category": "Delaunay1", "category": "MST" }, "geometry": { "type": "LineString", "coordinates": [ [ 17.5793696120794, 68.517016196853703 ], [ 17.288489387920599, 68.1589452910749 ] ] } },
{ "type": "Feature", "properties": { "area0": "SE1", "area1": "SE1", "bus0": 6726, "bus1": 6728, "length": 96123.017692176087, "circuits": 1.0, "Vbase": 380.0, "ug": false, "uc": 0.0, "lat": [ 67.4927570413985, 67.426473, 67.137964, 67.071714, 66.975394307338 ], "lon": [ 18.3668246888275, 18.987122, 19.883881, 19.90036, 19.8660895403067 ], "x": "[643766.46762032 670700.72470309 711562.59929042 712857.06053012\n 712210.45278499]", "y": "[7490216.71912545 7484410.63557177 7455075.08555513 7447764.68183694\n 7436937.21725776]", "source": "Pypsa 2019-09-04", "info": { }, "line_id": 2263, "bus0_name": "Vietas", "bus1_name": "Porjus", "from_node": 120, "to_node": 127, "overlap_delaunay1": true, "overlap_delaunay2": false, "overlap_delaunay3": false, "overlap_delaunay4": false, "overlap_delaunay5": false, "overlap_mst": false, "delaunay_category": "Delaunay1", "category": "Delaunay1" }, "geometry": { "type": "LineString", "coordinates": [ [ 18.366824688827492, 67.492757041398491 ], [ 18.987122, 67.426473 ], [ 19.883881, 67.137964 ], [ 19.90036, 67.071714 ], [ 19.866089540306699, 66.975394307337993 ] ] } },
{ "type": "Feature", "properties": { "area0": "SE2", "area1": "SE1", "bus0": 6671, "bus1": 6728, "length": 257759.91709286897, "circuits": 1.0, "Vbase": 380.0, "ug": false, "uc": 0.0, "lat": [ 64.9969440536684, 65.554482, 66.265751, 66.554821, 66.788121, 66.956952, 66.9751824932964 ], "lon": [ 17.5412592262466, 18.264771, 19.569397, 19.769897, 19.677887, 19.658661, 19.8655907561305 ], "x": "[619825.73577945 650703.49840131 705081.75172114 711608.4845331\n 705583.3061405  703332.47630845 712190.58240079]", "y": "[7210522.8432919  7274162.9388504  7357023.26444912 7389841.40339096\n 7415479.41152028 7434193.54138916 7436911.96266982]", "source": "Pypsa 2019-09-04", "info": { }, "line_id": 2264, "bus0_name": "Grundfors", "bus1_name": "Porjus", "from_node": 107, "to_node": 127, "overlap_delaunay1": false, "overlap_delaunay2": false, "overlap_delaunay3": false, "overlap_delaunay4": true, "overlap_delaunay5": false, "overlap_mst": false, "delaunay_category": "Delaunay4", "category": "Delaunay4" }, "geometry": { "type": "LineString", "coordinates": [ [ 17.541259226246599, 64.9969440536684 ], [ 18.264771, 65.554482 ], [ 19.569397, 66.265751 ], [ 19.769897, 66.554821 ], [ 19.677887, 66.788121 ], [ 19.658661, 66.956952 ], [ 19.865590756130501, 66.975182493296401 ] ] } },
{ "type": "Feature", "properties": { "area0": "SE1", "area1": "SE1", "bus0": 6728, "bus1": 6729, "length": 14676.428377176, "circuits": 1.0, "Vbase": 380.0, "ug": false, "uc": 0.0, "lat": [ 66.9750453912837, 66.8434435586157 ], "lon": [ 19.8660261678282, 19.8646568321718 ], "x": "[712210.73363844 713296.80126291]", "y": "[7436898.2024772 7422259.7474583]", "source": "Pypsa 2019-09-04", "info": { }, "line_id": 2267, "bus0_name": "Porjus", "bus1_name": "Harsprånget", "from_node": 127, "to_node": 126, "overlap_delaunay1": true, "overlap_delaunay2": false, "overlap_delaunay3": false, "overlap_delaunay4": false, "overlap_delaunay5": false, "overlap_mst": true, "delaunay_category": "Delaunay1", "category": "MST" }, "geometry": { "type": "LineString", "coordinates": [ [ 19.866026167828199, 66.9750453912837 ], [ 19.864656832171804, 66.843443558615704 ] ] } },
{ "type": "Feature", "properties": { "area0": "SE1", "area1": "SE1", "bus0": 6672, "bus1": 6730, "length": 189664.081569756, "circuits": 1.0, "Vbase": 380.0, "ug": false, "uc": 0.0, "lat": [ 65.0329302466116, 66.7294188065274 ], "lon": [ 19.736970287345, 20.037656712655 ], "x": "[722940.97143215 721895.9064681 ]", "y": "[7220485.74853177 7410185.95772941]", "source": "Pypsa 2019-09-04", "info": { }, "line_id": 2272, "bus0_name": "Vagfors", "bus1_name": "Ligga", "from_node": 125, "to_node": 128, "overlap_delaunay1": false, "overlap_delaunay2": true, "overlap_delaunay3": false, "overlap_delaunay4": false, "overlap_delaunay5": false, "overlap_mst": false, "delaunay_category": "Delaunay2", "category": "Delaunay2" }, "geometry": { "type": "LineString", "coordinates": [ [ 19.736970287344995, 65.032930246611599 ], [ 20.037656712654996, 66.729418806527391 ] ] } },
{ "type": "Feature", "properties": { "area0": "SE1", "area1": "SE1", "bus0": 6729, "bus1": 6730, "length": 14748.005927666201, "circuits": 1.0, "Vbase": 380.0, "ug": false, "uc": 0.0, "lat": [ 66.8431160843251, 66.7297466144777 ], "lon": [ 19.8648852586676, 20.0374587413324 ], "x": "[713309.64985763 721884.25066145]", "y": "[7422224.11571656 7410221.69743493]", "source": "Pypsa 2019-09-04", "info": { }, "line_id": 2268, "bus0_name": "Harsprånget", "bus1_name": "Ligga", "from_node": 126, "to_node": 128, "overlap_delaunay1": true, "overlap_delaunay2": false, "overlap_delaunay3": false, "overlap_delaunay4": false, "overlap_delaunay5": false, "overlap_mst": true, "delaunay_category": "Delaunay1", "category": "MST" }, "geometry": { "type": "LineString", "coordinates": [ [ 19.864885258667599, 66.843116084325104 ], [ 20.037458741332397, 66.729746614477691 ] ] } },
{ "type": "Feature", "properties": { "area0": "SE1", "area1": "SE1", "bus0": 6727, "bus1": 6730, "length": 67298.432355387093, "circuits": 1.0, "Vbase": 380.0, "ug": false, "uc": 0.0, "lat": [ 66.7296429489714, 66.759418, 66.849747, 66.9702990027005 ], "lon": [ 20.0372587082534, 19.769897, 19.168396, 18.6400656104281 ], "x": "[721876.38872065 709865.32608698 682761.78627343 658835.12554612]", "y": "[7410209.46005555 7412594.03344274 7420746.84839602 7432714.54193289]", "source": "Pypsa 2019-09-04", "info": { }, "line_id": 2265, "bus0_name": "Seitevare", "bus1_name": "Ligga", "from_node": 121, "to_node": 128, "overlap_delaunay1": true, "overlap_delaunay2": false, "overlap_delaunay3": false, "overlap_delaunay4": false, "overlap_delaunay5": false, "overlap_mst": false, "delaunay_category": "Delaunay1", "category": "Delaunay1" }, "geometry": { "type": "LineString", "coordinates": [ [ 20.0372587082534, 66.729642948971403 ], [ 19.769897, 66.759418 ], [ 19.168396, 66.849747 ], [ 18.640065610428096, 66.9702990027005 ] ] } },
{ "type": "Feature", "properties": { "area0": "SE1", "area1": "SE1", "bus0": 6673, "bus1": 6731, "length": 110564.192810508, "circuits": 1.0, "Vbase": 380.0, "ug": false, "uc": 0.0, "lat": [ 65.8265707575663, 66.638279, 66.669233216611 ], "lon": [ 21.6565989162501, 20.648804, 20.4528397213521 ], "x": "[803715.03497811 749678.23519778 740733.40482853]", "y": "[7316699.23099341 7402368.34956292 7405037.01563903]", "source": "Pypsa 2019-09-04", "info": { }, "line_id": 2270, "bus0_name": "Svartbyn", "bus1_name": "Messaure", "from_node": 135, "to_node": 131, "overlap_delaunay1": false, "overlap_delaunay2": true, "overlap_delaunay3": false, "overlap_delaunay4": false, "overlap_delaunay5": false, "overlap_mst": false, "delaunay_category": "Delaunay2", "category": "Delaunay2" }, "geometry": { "type": "LineString", "coordinates": [ [ 21.6565989162501, 65.826570757566316 ], [ 20.648804, 66.638279 ], [ 20.452839721352102, 66.669233216611005 ] ] } },
{ "type": "Feature", "properties": { "area0": "SE1", "area1": "SE1", "bus0": 6730, "bus1": 6731, "length": 19469.5332154059, "circuits": 1.0, "Vbase": 380.0, "ug": false, "uc": 0.0, "lat": [ 66.7295339762211, 66.6693601729212 ], "lon": [ 20.0381092526347, 20.4520027473653 ], "x": "[721914.7673032  740695.29421372]", "y": "[7410200.37329832 7405047.89184798]", "source": "Pypsa 2019-09-04", "info": { }, "line_id": 2269, "bus0_name": "Ligga", "bus1_name": "Messaure", "from_node": 128, "to_node": 131, "overlap_delaunay1": true, "overlap_delaunay2": false, "overlap_delaunay3": false, "overlap_delaunay4": false, "overlap_delaunay5": false, "overlap_mst": true, "delaunay_category": "Delaunay1", "category": "MST" }, "geometry": { "type": "LineString", "coordinates": [ [ 20.038109252634698, 66.729533976221106 ], [ 20.452002747365292, 66.669360172921188 ] ] } },
{ "type": "Feature", "properties": { "area0": "NO4", "area1": "NO4", "bus0": 6725, "bus1": 6734, "length": 87904.142537607797, "circuits": 1.0, "Vbase": 380.0, "ug": false, "uc": 0.0, "lat": [ 68.1586931621189, 68.008085, 67.5983681491099 ], "lon": [ 17.2879875400408, 16.684113, 15.8507974828999 ], "x": "[594975.1526661  570372.15057214 536182.08937968]", "y": "[7562317.83841354 7544724.77264498 7498335.39773696]", "source": "Pypsa 2019-09-04", "info": { }, "line_id": 1245, "bus0_name": "Ofoten", "bus1_name": "Kobbelv", "from_node": 104, "to_node": 86, "overlap_delaunay1": true, "overlap_delaunay2": false, "overlap_delaunay3": false, "overlap_delaunay4": false, "overlap_delaunay5": false, "overlap_mst": true, "delaunay_category": "Delaunay1", "category": "MST" }, "geometry": { "type": "LineString", "coordinates": [ [ 17.287987540040799, 68.158693162118894 ], [ 16.684113, 68.008085 ], [ 15.850797482899898, 67.598368149109916 ] ] } },
{ "type": "Feature", "properties": { "area0": "NO4", "area1": "NO4", "bus0": 6678, "bus1": 6735, "length": 51303.314112222004, "circuits": 1.0, "Vbase": 380.0, "ug": false, "uc": 0.0, "lat": [ 66.2824889986605, 66.577759, 66.7077072677904 ], "lon": [ 14.1913896106551, 13.823547, 13.8070904402107 ], "x": "[463707.17168117 447818.05848569 447365.07097042]", "y": "[7351632.12417793 7384802.72815585 7399300.03503151]", "source": "Pypsa 2019-09-04", "info": { }, "line_id": 1249, "bus0_name": "Rana", "bus1_name": "Svartisen", "from_node": 66, "to_node": 64, "overlap_delaunay1": true, "overlap_delaunay2": false, "overlap_delaunay3": false, "overlap_delaunay4": false, "overlap_delaunay5": false, "overlap_mst": true, "delaunay_category": "Delaunay1", "category": "MST" }, "geometry": { "type": "LineString", "coordinates": [ [ 14.191389610655101, 66.282488998660497 ], [ 13.823547, 66.577759 ], [ 13.8070904402107, 66.707707267790397 ] ] } },
{ "type": "Feature", "properties": { "area0": "NO4", "area1": "NO4", "bus0": 6734, "bus1": 6736, "length": 34738.025849234597, "circuits": 1.0, "Vbase": 380.0, "ug": false, "uc": 0.0, "lat": [ 67.5980637536535, 67.2886564623159 ], "lon": [ 15.85047364153, 15.7571923584699 ], "x": "[536168.78372036 532622.88701598]", "y": "[7498301.27564671 7463758.16019822]", "source": "Pypsa 2019-09-04", "info": { }, "line_id": 1247, "bus0_name": "Kobbelv", "bus1_name": "Salten", "from_node": 86, "to_node": 84, "overlap_delaunay1": true, "overlap_delaunay2": false, "overlap_delaunay3": false, "overlap_delaunay4": false, "overlap_delaunay5": false, "overlap_mst": true, "delaunay_category": "Delaunay1", "category": "MST" }, "geometry": { "type": "LineString", "coordinates": [ [ 15.850473641529998, 67.598063753653491 ], [ 15.757192358469899, 67.288656462315899 ] ] } },
{ "type": "Feature", "properties": { "area0": "NO4", "area1": "NO4", "bus0": 6735, "bus1": 6736, "length": 112591.826305885, "circuits": 1.0, "Vbase": 380.0, "ug": false, "uc": 0.0, "lat": [ 66.7079900830433, 66.9677, 67.058335, 67.2883284412667 ], "lon": [ 13.8074260797964, 14.688721, 15.479736, 15.7569513932678 ], "x": "[447380.48169301 486409.52020659 520867.35432824 532612.95134308]", "y": "[7399331.27343944 7427813.37270584 7437963.60263083 7463721.46769298]", "source": "Pypsa 2019-09-04", "info": { }, "line_id": 1248, "bus0_name": "Svartisen", "bus1_name": "Salten", "from_node": 64, "to_node": 84, "overlap_delaunay1": true, "overlap_delaunay2": false, "overlap_delaunay3": false, "overlap_delaunay4": false, "overlap_delaunay5": false, "overlap_mst": true, "delaunay_category": "Delaunay1", "category": "MST" }, "geometry": { "type": "LineString", "coordinates": [ [ 13.807426079796402, 66.707990083043299 ], [ 14.688721, 66.9677 ], [ 15.479736, 67.058335 ], [ 15.756951393267801, 67.2883284412667 ] ] } },
{ "type": "Feature", "properties": { "area0": "NO4", "area1": "NO4", "bus0": 6753, "bus1": 6757, "length": 22229.265174322401, "circuits": 1.0, "Vbase": 380.0, "ug": false, "uc": 0.0, "lat": [ 69.1829493103072, 69.038240458451 ], "lon": [ 19.2491120624328, 18.8652069375672 ], "x": "[668411.2071998 654230.2768417]", "y": "[7680602.49929193 7663486.39535979]", "source": "Pypsa 2019-09-04", "info": { }, "line_id": 1243, "bus0_name": "Balsfjord", "bus1_name": "unknown", "from_node": 124, "to_node": 122, "overlap_delaunay1": true, "overlap_delaunay2": false, "overlap_delaunay3": false, "overlap_delaunay4": false, "overlap_delaunay5": false, "overlap_mst": true, "delaunay_category": "Delaunay1", "category": "MST" }, "geometry": { "type": "LineString", "coordinates": [ [ 19.249112062432804, 69.182949310307194 ], [ 18.865206937567194, 69.038240458450986 ] ] } },
{ "type": "Feature", "properties": { "area0": "NO4", "area1": "NO4", "bus0": 6724, "bus1": 6757, "length": 77905.631174976108, "circuits": 1.0, "Vbase": 380.0, "ug": false, "uc": 0.0, "lat": [ 68.5172951993615, 69.0380046281107 ], "lon": [ 17.5797960164047, 18.8646009835953 ], "x": "[605409.62718442 654207.78126435]", "y": "[7602748.61757288 7663458.61997628]", "source": "Pypsa 2019-09-04", "info": { }, "line_id": 1320, "bus0_name": "Narvik", "bus1_name": "unknown", "from_node": 108, "to_node": 122, "overlap_delaunay1": true, "overlap_delaunay2": false, "overlap_delaunay3": false, "overlap_delaunay4": false, "overlap_delaunay5": false, "overlap_mst": true, "delaunay_category": "Delaunay1", "category": "MST" }, "geometry": { "type": "LineString", "coordinates": [ [ 17.579796016404703, 68.517295199361513 ], [ 18.864600983595288, 69.038004628110684 ] ] } },
{ "type": "Feature", "properties": { "area0": "SE2", "area1": "SE1", "bus0": 6544, "bus1": 6764, "length": 395949.32000435295, "circuits": 1.0, "Vbase": 380.0, "ug": false, "uc": 0.0, "lat": [ 63.5492861432516, 64.062591, 64.936344, 64.935762, 64.927616, 65.011286, 66.5048723894137 ], "lon": [ 16.9234182095452, 18.421326, 19.525452, 19.622955, 19.782257, 19.915466, 20.4290144784605 ], "x": "[595580.15169759 666908.77158666 713770.24599966 718374.41437303\n 725956.96125326 731516.25185145 741276.70808983]", "y": "[7048228.01236732 7108472.10920504 7209012.96888511 7209281.5701339\n 7208935.64861113 7218721.27072575 7386680.04932846]", "source": "Pypsa 2019-09-04", "info": { }, "line_id": 2273, "bus0_name": "Betåsen", "bus1_name": "Letsi", "from_node": 95, "to_node": 130, "overlap_delaunay1": false, "overlap_delaunay2": false, "overlap_delaunay3": false, "overlap_delaunay4": true, "overlap_delaunay5": false, "overlap_mst": false, "delaunay_category": "Delaunay4", "category": "Delaunay4" }, "geometry": { "type": "LineString", "coordinates": [ [ 16.923418209545204, 63.549286143251599 ], [ 18.421326, 64.062591 ], [ 19.525452, 64.936344 ], [ 19.622955, 64.935762 ], [ 19.782257, 64.927616 ], [ 19.915466, 65.011286 ], [ 20.429014478460498, 66.504872389413705 ] ] } },
{ "type": "Feature", "properties": { "area0": "SE1", "area1": "SE1", "bus0": 6731, "bus1": 6764, "length": 18306.095845410702, "circuits": 1.0, "Vbase": 380.0, "ug": false, "uc": 0.0, "lat": [ 66.6691221000873, 66.5052270736941 ], "lon": [ 20.4523977726353, 20.4291022273647 ], "x": "[740715.01634216 741277.16435277]", "y": "[7405022.96114655 7386719.80399408]", "source": "Pypsa 2019-09-04", "info": { }, "line_id": 2271, "bus0_name": "Messaure", "bus1_name": "Letsi", "from_node": 131, "to_node": 130, "overlap_delaunay1": true, "overlap_delaunay2": false, "overlap_delaunay3": false, "overlap_delaunay4": false, "overlap_delaunay5": false, "overlap_mst": true, "delaunay_category": "Delaunay1", "category": "MST" }, "geometry": { "type": "LineString", "coordinates": [ [ 20.452397772635297, 66.669122100087307 ], [ 20.429102227364698, 66.505227073694087 ] ] } },
{ "type": "Feature", "properties": { "area0": "SE1", "area1": "SE1", "bus0": 6729, "bus1": 6764, "length": 60857.536222836396, "circuits": 1.0, "Vbase": 380.0, "ug": false, "uc": 0.0, "lat": [ 66.8432251145692, 66.803812, 66.536237, 66.5050999617363 ], "lon": [ 19.8650897984505, 20.273895, 20.166779, 20.4286486684718 ], "x": "[713317.65455347 731580.42315505 729355.41680679 741258.27991554]", "y": "[7422236.94023977 7419315.50115665 7389177.33378961 7386703.92502851]", "source": "Pypsa 2019-09-04", "info": { }, "line_id": 2266, "bus0_name": "Harsprånget", "bus1_name": "Letsi", "from_node": 126, "to_node": 130, "overlap_delaunay1": false, "overlap_delaunay2": true, "overlap_delaunay3": false, "overlap_delaunay4": false, "overlap_delaunay5": false, "overlap_mst": false, "delaunay_category": "Delaunay2", "category": "Delaunay2" }, "geometry": { "type": "LineString", "coordinates": [ [ 19.865089798450501, 66.843225114569194 ], [ 20.273895, 66.803812 ], [ 20.166779, 66.536237 ], [ 20.428648668471794, 66.505099961736292 ] ] } },
{ "type": "Feature", "properties": { "area0": "NO4", "area1": "NO4", "bus0": 6678, "bus1": 6789, "length": 24748.175496380201, "circuits": 1.0, "Vbase": 380.0, "ug": false, "uc": 0.0, "lat": [ 66.1428566012112, 66.2822150244168 ], "lon": [ 13.7634707460119, 14.1912412539881 ], "x": "[444195.20943862 463700.11862888]", "y": "[7336384.14746132 7351601.67321074]", "source": "Pypsa 2019-09-04", "info": { }, "line_id": 1250, "bus0_name": "Rana", "bus1_name": "Røssåga", "from_node": 66, "to_node": 63, "overlap_delaunay1": true, "overlap_delaunay2": false, "overlap_delaunay3": false, "overlap_delaunay4": false, "overlap_delaunay5": false, "overlap_mst": true, "delaunay_category": "Delaunay1", "category": "MST" }, "geometry": { "type": "LineString", "coordinates": [ [ 13.763470746011901, 66.142856601211193 ], [ 14.1912412539881, 66.282215024416786 ] ] } },
{ "type": "Feature", "properties": { "area0": "FI", "area1": "FI", "bus0": 6658, "bus1": 6791, "length": 79327.827717540596, "circuits": 1.0, "Vbase": 380.0, "ug": false, "uc": 0.0, "lat": [ 66.2855324177382, 66.250822, 66.257458, 66.325928, 66.274593, 66.327031, 66.3308797966008 ], "lon": [ 25.4158516400077, 25.528107, 25.885162, 26.074677, 26.695404, 26.861572, 27.0300403456255 ], "x": "[ 965700.11129959  971331.37286616  987058.39309205  994116.23977424\n 1022623.20621886 1028868.65219352 1036222.25789497]", "y": "[7390634.44254368 7387652.67568411 7391127.29175311 7400155.56045406\n 7399574.78424774 7406738.1193082  7408601.53794132]", "source": "Pypsa 2019-09-04", "info": { }, "line_id": 6902, "bus0_name": "Pirttikoski", "bus1_name": "Petäjäskoski", "from_node": 171, "to_node": 163, "overlap_delaunay1": true, "overlap_delaunay2": false, "overlap_delaunay3": false, "overlap_delaunay4": false, "overlap_delaunay5": false, "overlap_mst": true, "delaunay_category": "Delaunay1", "category": "MST" }, "geometry": { "type": "LineString", "coordinates": [ [ 25.415851640007698, 66.285532417738196 ], [ 25.528107, 66.250822 ], [ 25.885162, 66.257458 ], [ 26.074677, 66.325928 ], [ 26.695404, 66.274593 ], [ 26.861572, 66.327031 ], [ 27.030040345625498, 66.330879796600797 ] ] } },
{ "type": "Feature", "properties": { "area0": "SE1", "area1": "FI", "bus0": 6764, "bus1": 6791, "length": 225716.75302672101, "circuits": 1.0, "Vbase": 380.0, "ug": false, "uc": 0.0, "lat": [ 66.2856234748843, 66.245844, 66.5050207208212 ], "lon": [ 25.4150523790743, 24.46106, 20.4295191712457 ], "x": "[965662.95620808 923957.99334702 741297.65490461]", "y": "[7390638.50953453 7379447.68721359 7386698.48418043]", "source": "Pypsa 2019-09-04", "info": { }, "line_id": 452, "bus0_name": "Letsi", "bus1_name": "Petäjäskoski", "from_node": 130, "to_node": 163, "overlap_delaunay1": false, "overlap_delaunay2": true, "overlap_delaunay3": false, "overlap_delaunay4": false, "overlap_delaunay5": false, "overlap_mst": false, "delaunay_category": "Delaunay2", "category": "Delaunay2" }, "geometry": { "type": "LineString", "coordinates": [ [ 25.4150523790743, 66.285623474884304 ], [ 24.46106, 66.245844 ], [ 20.429519171245701, 66.505020720821193 ] ] } },
{ "type": "Feature", "properties": { "area0": "FI", "area1": "FI", "bus0": 6667, "bus1": 6791, "length": 114272.724610879, "circuits": 1.0, "Vbase": 380.0, "ug": false, "uc": 0.0, "lat": [ 65.2798686380545, 65.303224, 65.997916, 66.2854727703575 ], "lon": [ 25.6941591132665, 25.679169, 25.673676, 25.4156497164013 ], "x": "[997126.14489792 995993.78679802 982598.60283658 965692.25756308]", "y": "[7281954.23050282 7284409.06833921 7360901.36898015 7390626.36064766]", "source": "Pypsa 2019-09-04", "info": { }, "line_id": 453, "bus0_name": "Isokangas", "bus1_name": "Petäjäskoski", "from_node": 165, "to_node": 163, "overlap_delaunay1": true, "overlap_delaunay2": false, "overlap_delaunay3": false, "overlap_delaunay4": false, "overlap_delaunay5": false, "overlap_mst": false, "delaunay_category": "Delaunay1", "category": "Delaunay1" }, "geometry": { "type": "LineString", "coordinates": [ [ 25.694159113266505, 65.279868638054495 ], [ 25.679169, 65.303224 ], [ 25.673676, 65.997916 ], [ 25.415649716401301, 66.285472770357501 ] ] } },
{ "type": "Feature", "properties": { "area0": "FI", "area1": "FI", "bus0": 6655, "bus1": 6791, "length": 67715.506382992506, "circuits": 1.0, "Vbase": 380.0, "ug": false, "uc": 0.0, "lat": [ 66.2855780471983, 66.240312, 66.217616, 65.94983, 65.8777036333507 ], "lon": [ 25.4150781287028, 25.118866, 24.800262, 24.67392, 24.6122693518341 ], "x": "[965664.94138159 953332.23708763 939551.0458005  938527.93695307\n 936982.24742527]", "y": "[7390633.69508375 7383461.01119483 7378677.78639119 7348232.44416494\n 7339838.11968109]", "source": "Pypsa 2019-09-04", "info": { }, "line_id": 504, "bus0_name": "Keminmaa", "bus1_name": "Petäjäskoski", "from_node": 155, "to_node": 163, "overlap_delaunay1": true, "overlap_delaunay2": false, "overlap_delaunay3": false, "overlap_delaunay4": false, "overlap_delaunay5": false, "overlap_mst": true, "delaunay_category": "Delaunay1", "category": "MST" }, "geometry": { "type": "LineString", "coordinates": [ [ 25.415078128702792, 66.2855780471983 ], [ 25.118866, 66.240312 ], [ 24.800262, 66.217616 ], [ 24.67392, 65.94983 ], [ 24.612269351834108, 65.877703633350706 ] ] } },
{ "type": "Feature", "properties": { "area0": "SE1", "area1": "SE1", "bus0": 6726, "bus1": 6793, "length": 20582.024935548401, "circuits": 1.0, "Vbase": 380.0, "ug": false, "uc": 0.0, "lat": [ 67.6101587625433, 67.4929117753769 ], "lon": [ 17.9932040493395, 18.3660489506605 ], "x": "[627191.52523944 643732.43368484]", "y": "[7502474.27839398 7490232.14983361]", "source": "Pypsa 2019-09-04", "info": { }, "line_id": 2262, "bus0_name": "Vietas", "bus1_name": "Ritsem", "from_node": 120, "to_node": 112, "overlap_delaunay1": true, "overlap_delaunay2": false, "overlap_delaunay3": false, "overlap_delaunay4": false, "overlap_delaunay5": false, "overlap_mst": true, "delaunay_category": "Delaunay1", "category": "MST" }, "geometry": { "type": "LineString", "coordinates": [ [ 17.993204049339496, 67.610158762543307 ], [ 18.366048950660495, 67.492911775376882 ] ] } },
{ "type": "Feature", "properties": { "area0": "NO4", "area1": "SE1", "bus0": 6725, "bus1": 6793, "length": 68362.815442217994, "circuits": 1.0, "Vbase": 380.0, "ug": false, "uc": 0.0, "lat": [ 68.1586318592244, 67.706841, 67.6104003195373 ], "lon": [ 17.2885341044123, 17.790985, 17.9925808846166 ], "x": "[594998.08540778 618117.9306479  627163.76147317]", "y": "[7562311.84868783 7512842.78622505 7502499.90318657]", "source": "Pypsa 2019-09-04", "info": { }, "line_id": 1246, "bus0_name": "Ofoten", "bus1_name": "Ritsem", "from_node": 104, "to_node": 112, "overlap_delaunay1": true, "overlap_delaunay2": false, "overlap_delaunay3": false, "overlap_delaunay4": false, "overlap_delaunay5": false, "overlap_mst": true, "delaunay_category": "Delaunay1", "category": "MST" }, "geometry": { "type": "LineString", "coordinates": [ [ 17.288534104412303, 68.1586318592244 ], [ 17.790985, 67.706841 ], [ 17.992580884616601, 67.610400319537305 ] ] } },
{ "type": "Feature", "properties": { "area0": "SE2", "area1": "NO3", "bus0": 6595, "bus1": 6816, "length": 57793.713415447302, "circuits": 1.0, "Vbase": 380.0, "ug": false, "uc": 0.0, "lat": [ 63.0358444988689, 63.18163, 63.3612658139433 ], "lon": [ 11.7281002453357, 11.88446, 12.5679727858577 ], "x": "[334526.13133489 343217.02919594 378358.24237472]", "y": "[6993795.63636087 7009631.64462965 7028149.53188237]", "source": "Pypsa 2019-09-04", "info": { }, "line_id": 1327, "bus0_name": "Högåsen", "bus1_name": "Nea", "from_node": 51, "to_node": 35, "overlap_delaunay1": true, "overlap_delaunay2": false, "overlap_delaunay3": false, "overlap_delaunay4": false, "overlap_delaunay5": false, "overlap_mst": true, "delaunay_category": "Delaunay1", "category": "MST" }, "geometry": { "type": "LineString", "coordinates": [ [ 11.728100245335698, 63.035844498868897 ], [ 11.88446, 63.18163 ], [ 12.5679727858577, 63.36126581394327 ] ] } },
{ "type": "Feature", "properties": { "area0": "NO3", "area1": "NO3", "bus0": 6602, "bus1": 6816, "length": 69764.072956209508, "circuits": 1.0, "Vbase": 380.0, "ug": false, "uc": 0.0, "lat": [ 63.0357063153294, 63.061804, 63.22373, 63.2768185449166 ], "lon": [ 11.7274675384392, 11.469727, 10.778961, 10.4580312550914 ], "x": "[334493.3692925  321627.36951218 287945.57761576 272261.08976524]", "y": "[6993781.8846108  6997376.40756301 7017494.96163778 7024500.62491331]", "source": "Pypsa 2019-09-04", "info": { }, "line_id": 1317, "bus0_name": "unknown", "bus1_name": "Nea", "from_node": 26, "to_node": 35, "overlap_delaunay1": true, "overlap_delaunay2": false, "overlap_delaunay3": false, "overlap_delaunay4": false, "overlap_delaunay5": false, "overlap_mst": true, "delaunay_category": "Delaunay1", "category": "MST" }, "geometry": { "type": "LineString", "coordinates": [ [ 11.7274675384392, 63.035706315329406 ], [ 11.469727, 63.061804 ], [ 10.778961, 63.22373 ], [ 10.458031255091402, 63.276818544916594 ] ] } },
{ "type": "Feature", "properties": { "area0": "DK2", "area1": "DK2", "bus0": 5525, "bus1": 7645, "length": 35043.958449853599, "circuits": 2.0, "Vbase": 380.0, "ug": false, "uc": 0.0, "lat": [ 55.4454597069786, 55.47107, 55.693068 ], "lon": [ 11.9617862703143, 12.087708, 12.242889 ], "x": "[307841.12743785 315922.2172723  326709.08241219]", "y": "[6148561.17576277 6151069.15776948 6175364.91468917]", "source": "Pypsa 2019-09-04", "info": { }, "line_id": 325, "bus0_name": "Bjæverskov", "bus1_name": null, "from_node": 38, "to_node": 42, "overlap_delaunay1": true, "overlap_delaunay2": false, "overlap_delaunay3": false, "overlap_delaunay4": false, "overlap_delaunay5": false, "overlap_mst": true, "delaunay_category": "Delaunay1", "category": "MST" }, "geometry": { "type": "LineString", "coordinates": [ [ 11.961786270314301, 55.445459706978596 ], [ 12.087708, 55.47107 ], [ 12.242889, 55.693068 ] ] } },
{ "type": "Feature", "properties": { "area0": "DK2", "area1": "DK2", "bus0": 5521, "bus1": 7645, "length": 4962.4366930116994, "circuits": 1.0, "Vbase": 380.0, "ug": false, "uc": 0.0, "lat": [ 55.693068, 55.6707415493579 ], "lon": [ 12.242889, 12.3111671014987 ], "x": "[326709.08241219 330903.01838348]", "y": "[6175364.91468917 6172712.61659211]", "source": "Pypsa 2019-09-04", "info": { }, "line_id": 7297, "bus0_name": "Ishøj", "bus1_name": null, "from_node": 45, "to_node": 42, "overlap_delaunay1": true, "overlap_delaunay2": false, "overlap_delaunay3": false, "overlap_delaunay4": false, "overlap_delaunay5": false, "overlap_mst": true, "delaunay_category": "Delaunay1", "category": "MST" }, "geometry": { "type": "LineString", "coordinates": [ [ 12.242889, 55.693068 ], [ 12.311167101498699, 55.670741549357885 ] ] } },
{ "type": "Feature", "properties": { "area0": "DK2", "area1": "DK2", "bus0": 5512, "bus1": 7645, "length": 7894.8603233161402, "circuits": 2.0, "Vbase": 380.0, "ug": false, "uc": 0.0, "lat": [ 55.693068, 55.76396084294 ], "lon": [ 12.242889, 12.240152741407 ], "x": "[326709.08241219 326851.3183803 ]", "y": "[6175364.91468917 6183258.24138238]", "source": "Pypsa 2019-09-04", "info": { }, "line_id": 413, "bus0_name": "Hovegård", "bus1_name": null, "from_node": 41, "to_node": 42, "overlap_delaunay1": true, "overlap_delaunay2": false, "overlap_delaunay3": false, "overlap_delaunay4": false, "overlap_delaunay5": false, "overlap_mst": true, "delaunay_category": "Delaunay1", "category": "MST" }, "geometry": { "type": "LineString", "coordinates": [ [ 12.242889, 55.693068 ], [ 12.240152741407, 55.763960842940001 ] ] } },
{ "type": "Feature", "properties": { "area0": "SE3", "area1": "SE3", "bus0": 6353, "bus1": 7817, "length": 15025.241606634099, "circuits": 2.0, "Vbase": 380.0, "ug": false, "uc": 0.0, "lat": [ 59.349996, 59.2218544044636 ], "lon": [ 17.683868, 17.7661267029971 ], "x": "[652599.91272025 657867.66475013]", "y": "[6582100.94728823 6568031.07010315]", "source": "Pypsa 2019-09-04", "info": { }, "line_id": 2410, "bus0_name": "Kolbotten", "bus1_name": null, "from_node": 110, "to_node": 109, "overlap_delaunay1": true, "overlap_delaunay2": false, "overlap_delaunay3": false, "overlap_delaunay4": false, "overlap_delaunay5": false, "overlap_mst": true, "delaunay_category": "Delaunay1", "category": "MST" }, "geometry": { "type": "LineString", "coordinates": [ [ 17.683868, 59.349996 ], [ 17.766126702997099, 59.221854404463606 ] ] } },
{ "type": "Feature", "properties": { "area0": "SE3", "area1": "SE3", "bus0": 6356, "bus1": 7817, "length": 47839.348130118698, "circuits": 2.0, "Vbase": 380.0, "ug": false, "uc": 0.0, "lat": [ 59.7168111729058, 59.670515, 59.442981, 59.386381, 59.349996 ], "lon": [ 17.3299194552702, 17.454529, 17.682495, 17.660522, 17.683868 ], "x": "[631048.81752775 638246.27483665 652104.52987896 651111.04101445\n 652599.91272025]", "y": "[6622175.19916172 6617274.63689793 6592446.90347459 6586097.28868986\n 6582100.94728823]", "source": "Pypsa 2019-09-04", "info": { }, "line_id": 2371, "bus0_name": "Hamra", "bus1_name": null, "from_node": 105, "to_node": 109, "overlap_delaunay1": true, "overlap_delaunay2": false, "overlap_delaunay3": false, "overlap_delaunay4": false, "overlap_delaunay5": false, "overlap_mst": true, "delaunay_category": "Delaunay1", "category": "MST" }, "geometry": { "type": "LineString", "coordinates": [ [ 17.329919455270201, 59.7168111729058 ], [ 17.454529, 59.670515 ], [ 17.682495, 59.442981 ], [ 17.660522, 59.386381 ], [ 17.683868, 59.349996 ] ] } },
{ "type": "Feature", "properties": { "area0": "SE3", "area1": "SE3", "bus0": 6344, "bus1": 7817, "length": 29097.911215083099, "circuits": 2.0, "Vbase": 380.0, "ug": false, "uc": 0.0, "lat": [ 59.349996, 59.4735784308937 ], "lon": [ 17.683868, 18.135287355266 ], "x": "[652599.91272025 677606.92968062]", "y": "[6582100.94728823 6596974.65039169]", "source": "Pypsa 2019-09-04", "info": { }, "line_id": 2372, "bus0_name": "Odensala", "bus1_name": null, "from_node": 117, "to_node": 109, "overlap_delaunay1": true, "overlap_delaunay2": false, "overlap_delaunay3": false, "overlap_delaunay4": false, "overlap_delaunay5": false, "overlap_mst": false, "delaunay_category": "Delaunay1", "category": "Delaunay1" }, "geometry": { "type": "LineString", "coordinates": [ [ 17.683868, 59.349996 ], [ 18.135287355265998, 59.473578430893703 ] ] } },
{ "type": "Feature", "properties": { "area0": "NO5", "area1": "NO5", "bus0": 6415, "bus1": 6421, "length": 8489.612674, "circuits": 1.0, "Vbase": 380.0, "ug": false, "uc": 0.0, "lat": [ 60.5276, 60.485 ], "lon": [ 7.10815, 7.23587 ], "x": [ 67547.6, 73963.2 ], "y": [ 6736160.0, 6730600.0 ], "source": "Entso-E, manual", "info": { }, "line_id": 11603, "bus0_name": "Sima", "bus1_name": "Eidfjord", "from_node": 6, "to_node": 8, "overlap_delaunay1": true, "overlap_delaunay2": false, "overlap_delaunay3": false, "overlap_delaunay4": false, "overlap_delaunay5": false, "overlap_mst": true, "delaunay_category": "Delaunay1", "category": "MST" }, "geometry": { "type": "LineString", "coordinates": [ [ 7.10815, 60.5276 ], [ 7.23587, 60.485 ] ] } }
]
}
