{
"type": "FeatureCollection",
"name": "n490_300kv_overlap",
"crs": { "type": "name", "properties": { "name": "urn:ogc:def:crs:OGC:1.3:CRS84" } },
"features": [
{ "type": "Feature", "properties": { "area0": "NO2", "area1": "NO2", "bus0": 6200, "bus1": 6203, "length": 64387.564874086696, "circuits": 1.0, "Vbase": 300.0, "ug": false, "uc": 0.0, "lat": [ 58.8264731992965, 58.6598661216226 ], "lon": [ 5.75726396123486, 6.82208203876516 ], "x": "[-32604.702931   26277.4049245]", "y": "[6557608.77421858 6531129.68482432]", "source": "Pypsa 2019-09-04", "info": { }, "line_id": 1231, "bus0_name": "unknown", "bus1_name": "Tonstad", "from_node": 10, "to_node": 33, "overlap_delaunay1": false, "overlap_delaunay2": true, "overlap_delaunay3": false, "overlap_delaunay4": false, "overlap_delaunay5": false, "overlap_mst": false, "delaunay_category": "Delaunay2", "category": "Delaunay2" }, "geometry": { "type": "LineString", "coordinates": [ [ 5.757263961234862, 58.826473199296501 ], [ 6.822082038765163, 58.659866121622585 ] ] } },
{ "type": "Feature", "properties": { "area0": "NO2", "area1": "NO2", "bus0": 6202, "bus1": 6203, "length": 26334.482823063798, "circuits": 1.0, "Vbase": 300.0, "ug": false, "uc": 0.0, "lat": [ 58.6599774380415, 58.8412864909961 ], "lon": [ 6.82279656669409, 7.11473443330592 ], "x": "[26320.17885447 45560.58558047]", "y": "[6531136.95676201 6549204.15658626]", "source": "Pypsa 2019-09-04", "info": { }, "line_id": 1230, "bus0_name": "Solhom", "bus1_name": "Tonstad", "from_node": 42, "to_node": 33, "overlap_delaunay1": true, "overlap_delaunay2": false, "overlap_delaunay3": false, "overlap_delaunay4": false, "overlap_delaunay5": false, "overlap_mst": false, "delaunay_category": "Delaunay1", "category": "Delaunay1" }, "geometry": { "type": "LineString", "coordinates": [ [ 6.82279656669409, 58.659977438041516 ], [ 7.114734433305919, 58.84128649099609 ] ] } },
{ "type": "Feature", "properties": { "area0": "NO2", "area1": "NO2", "bus0": 6200, "bus1": 6204, "length": 37788.184618697298, "circuits": 1.0, "Vbase": 300.0, "ug": false, "uc": 0.0, "lat": [ 58.8263254474742, 58.5132824882513 ], "lon": [ 5.75700878189214, 6.00797521810785 ], "x": "[-32621.624006   -22901.06106435]", "y": "[6557594.4619205  6520959.99518157]", "source": "Pypsa 2019-09-04", "info": { }, "line_id": 1236, "bus0_name": "unknown", "bus1_name": "unknown", "from_node": 10, "to_node": 14, "overlap_delaunay1": true, "overlap_delaunay2": false, "overlap_delaunay3": false, "overlap_delaunay4": false, "overlap_delaunay5": false, "overlap_mst": false, "delaunay_category": "Delaunay1", "category": "Delaunay1" }, "geometry": { "type": "LineString", "coordinates": [ [ 5.757008781892138, 58.826325447474197 ], [ 6.007975218107851, 58.513282488251299 ] ] } },
{ "type": "Feature", "properties": { "area0": "NO2", "area1": "NO2", "bus0": 6204, "bus1": 6205, "length": 35444.983573020603, "circuits": 1.0, "Vbase": 300.0, "ug": false, "uc": 0.0, "lat": [ 58.5129636331038, 58.3737407730079 ], "lon": [ 6.00855008288932, 6.55431591711067 ], "x": "[-22872.52171631   6803.98886089]", "y": "[6520920.20015654 6501359.72788304]", "source": "Pypsa 2019-09-04", "info": { }, "line_id": 1309, "bus0_name": "unknown", "bus1_name": "Ana-Sira", "from_node": 14, "to_node": 23, "overlap_delaunay1": true, "overlap_delaunay2": false, "overlap_delaunay3": false, "overlap_delaunay4": false, "overlap_delaunay5": false, "overlap_mst": true, "delaunay_category": "Delaunay1", "category": "MST" }, "geometry": { "type": "LineString", "coordinates": [ [ 6.008550082889321, 58.512963633103809 ], [ 6.554315917110669, 58.373740773007903 ] ] } },
{ "type": "Feature", "properties": { "area0": "NO2", "area1": "NO2", "bus0": 6203, "bus1": 6207, "length": 43448.945265360999, "circuits": 1.0, "Vbase": 300.0, "ug": false, "uc": 0.0, "lat": [ 58.6595729320332, 58.2808485182884 ], "lon": [ 6.82261701526868, 7.00093098473133 ], "x": "[26304.30899693 31573.74988253]", "y": "[6531093.40206256 6487863.5709345 ]", "source": "Pypsa 2019-09-04", "info": { }, "line_id": 1234, "bus0_name": "Tonstad", "bus1_name": "Feda", "from_node": 33, "to_node": 39, "overlap_delaunay1": true, "overlap_delaunay2": false, "overlap_delaunay3": false, "overlap_delaunay4": false, "overlap_delaunay5": false, "overlap_mst": false, "delaunay_category": "Delaunay1", "category": "Delaunay1" }, "geometry": { "type": "LineString", "coordinates": [ [ 6.822617015268682, 58.659572932033193 ], [ 7.000930984731329, 58.280848518288416 ] ] } },
{ "type": "Feature", "properties": { "area0": "NO2", "area1": "NO2", "bus0": 6205, "bus1": 6207, "length": 28076.030222875499, "circuits": 1.0, "Vbase": 300.0, "ug": false, "uc": 0.0, "lat": [ 58.3735512254825, 58.2807070029437 ], "lon": [ 6.55513491032309, 7.00062108967692 ], "x": "[ 6849.00217374 31553.78055604]", "y": "[6501332.70142871 6487850.04710193]", "source": "Pypsa 2019-09-04", "info": { }, "line_id": 1310, "bus0_name": "Ana-Sira", "bus1_name": "Feda", "from_node": 23, "to_node": 39, "overlap_delaunay1": true, "overlap_delaunay2": false, "overlap_delaunay3": false, "overlap_delaunay4": false, "overlap_delaunay5": false, "overlap_mst": true, "delaunay_category": "Delaunay1", "category": "MST" }, "geometry": { "type": "LineString", "coordinates": [ [ 6.555134910323093, 58.373551225482473 ], [ 7.000621089676921, 58.2807070029437 ] ] } },
{ "type": "Feature", "properties": { "area0": "NO2", "area1": "NO2", "bus0": 6206, "bus1": 6207, "length": 23178.472992991403, "circuits": 1.0, "Vbase": 300.0, "ug": false, "uc": 0.0, "lat": [ 58.2804312914682, 58.1136295975759 ], "lon": [ 7.00077074891933, 6.76509925108069 ], "x": "[31558.86552398 15526.55569648]", "y": "[6487818.4402946  6471002.62323782]", "source": "Pypsa 2019-09-04", "info": { }, "line_id": 1311, "bus0_name": "unknown", "bus1_name": "Feda", "from_node": 31, "to_node": 39, "overlap_delaunay1": true, "overlap_delaunay2": false, "overlap_delaunay3": false, "overlap_delaunay4": false, "overlap_delaunay5": false, "overlap_mst": true, "delaunay_category": "Delaunay1", "category": "MST" }, "geometry": { "type": "LineString", "coordinates": [ [ 7.000770748919328, 58.280431291468204 ], [ 6.76509925108069, 58.113629597575908 ] ] } },
{ "type": "Feature", "properties": { "area0": "NO2", "area1": "NO2", "bus0": 6207, "bus1": 6208, "length": 64722.104400940305, "circuits": 1.0, "Vbase": 300.0, "ug": false, "uc": 0.0, "lat": [ 58.2806053671183, 58.2445146477976 ], "lon": [ 7.00148441644001, 8.10197058355999 ], "x": "[31602.84198172 95483.85194991]", "y": "[6487832.75542356 6476677.56854194]", "source": "Pypsa 2019-09-04", "info": { }, "line_id": 1238, "bus0_name": "Feda", "bus1_name": "Kristiansand", "from_node": 39, "to_node": 59, "overlap_delaunay1": true, "overlap_delaunay2": false, "overlap_delaunay3": false, "overlap_delaunay4": false, "overlap_delaunay5": false, "overlap_mst": true, "delaunay_category": "Delaunay1", "category": "MST" }, "geometry": { "type": "LineString", "coordinates": [ [ 7.001484416440015, 58.280605367118284 ], [ 8.101970583559988, 58.244514647797608 ] ] } },
{ "type": "Feature", "properties": { "area0": "NO2", "area1": "NO2", "bus0": 6202, "bus1": 6210, "length": 101017.57510119501, "circuits": 1.0, "Vbase": 300.0, "ug": false, "uc": 0.0, "lat": [ 58.8413977319137, 58.727589, 58.5754827589548 ], "lon": [ 7.11544925663486, 7.849731, 8.78176947881177 ], "x": "[ 45603.12112153  86457.6930809  138685.58668042]", "y": "[6549211.62020989 6531818.80782296 6509539.53331367]", "source": "Pypsa 2019-09-04", "info": { }, "line_id": 1233, "bus0_name": "Solhom", "bus1_name": "unknown", "from_node": 42, "to_node": 66, "overlap_delaunay1": true, "overlap_delaunay2": false, "overlap_delaunay3": false, "overlap_delaunay4": false, "overlap_delaunay5": false, "overlap_mst": false, "delaunay_category": "Delaunay1", "category": "Delaunay1" }, "geometry": { "type": "LineString", "coordinates": [ [ 7.115449256634863, 58.841397731913688 ], [ 7.849731, 58.727589 ], [ 8.781769478811771, 58.575482758954792 ] ] } },
{ "type": "Feature", "properties": { "area0": "NO2", "area1": "NO2", "bus0": 6208, "bus1": 6210, "length": 55146.278572613795, "circuits": 1.0, "Vbase": 300.0, "ug": false, "uc": 0.0, "lat": [ 58.244687218888, 58.465693, 58.5752950491475 ], "lon": [ 8.10268814320029, 8.42376699999999, 8.78181008014175 ], "x": "[ 95527.80967186 116726.21445342 138686.00362904]", "y": "[6476692.40065799 6499338.42309135 6509518.47058531]", "source": "Pypsa 2019-09-04", "info": { }, "line_id": 1237, "bus0_name": "Kristiansand", "bus1_name": "unknown", "from_node": 59, "to_node": 66, "overlap_delaunay1": true, "overlap_delaunay2": false, "overlap_delaunay3": false, "overlap_delaunay4": false, "overlap_delaunay5": false, "overlap_mst": true, "delaunay_category": "Delaunay1", "category": "MST" }, "geometry": { "type": "LineString", "coordinates": [ [ 8.102688143200288, 58.244687218887996 ], [ 8.423767, 58.465693 ], [ 8.781810080141751, 58.575295049147499 ] ] } },
{ "type": "Feature", "properties": { "area0": "NO1", "area1": "NO1", "bus0": 6372, "bus1": 6373, "length": 50579.822381655802, "circuits": 1.0, "Vbase": 300.0, "ug": false, "uc": 0.0, "lat": [ 60.8165984525107, 60.611238, 60.382867417779 ], "lon": [ 11.1609147641178, 11.343384, 11.2885045426371 ], "x": "[291245.77234878 299886.9141119  295451.29254685]", "y": "[6748468.90295667 6725053.18329048 6699814.0294491 ]", "source": "Pypsa 2019-09-04", "info": { }, "line_id": 1339, "bus0_name": "unknown", "bus1_name": "unknown", "from_node": 89, "to_node": 91, "overlap_delaunay1": true, "overlap_delaunay2": false, "overlap_delaunay3": false, "overlap_delaunay4": false, "overlap_delaunay5": false, "overlap_mst": true, "delaunay_category": "Delaunay1", "category": "MST" }, "geometry": { "type": "LineString", "coordinates": [ [ 11.1609147641178, 60.816598452510696 ], [ 11.343384, 60.611238 ], [ 11.288504542637098, 60.382867417779011 ] ] } },
{ "type": "Feature", "properties": { "area0": "NO5", "area1": "NO5", "bus0": 6402, "bus1": 6403, "length": 17848.830484095201, "circuits": 1.0, "Vbase": 300.0, "ug": false, "uc": 0.0, "lat": [ 61.5173626976705, 61.4473955125378 ], "lon": [ 7.7380927332855, 7.4367732667145 ], "x": "[114203.34397546  97340.55214089]", "y": "[6841947.27238002 6836015.44821641]", "source": "Pypsa 2019-09-04", "info": { }, "line_id": 1177, "bus0_name": "Skagen-Fortun", "bus1_name": "Leirdøla", "from_node": 53, "to_node": 51, "overlap_delaunay1": true, "overlap_delaunay2": false, "overlap_delaunay3": false, "overlap_delaunay4": false, "overlap_delaunay5": false, "overlap_mst": true, "delaunay_category": "Delaunay1", "category": "MST" }, "geometry": { "type": "LineString", "coordinates": [ [ 7.738092733285498, 61.517362697670499 ], [ 7.436773266714502, 61.447395512537796 ] ] } },
{ "type": "Feature", "properties": { "area0": "NO5", "area1": "NO5", "bus0": 6403, "bus1": 6404, "length": 13679.6006724332, "circuits": 1.0, "Vbase": 300.0, "ug": false, "uc": 0.0, "lat": [ 61.447454661969, 61.5695932568101 ], "lon": [ 7.43605558726076, 7.41032269920956 ], "x": "[97303.22993603 97523.26072041]", "y": "[6836026.44784978 6849725.97979224]", "source": "Pypsa 2019-09-04", "info": { }, "line_id": 9501, "bus0_name": "Leirdøla", "bus1_name": "Jostedal", "from_node": 51, "to_node": 50, "overlap_delaunay1": true, "overlap_delaunay2": false, "overlap_delaunay3": false, "overlap_delaunay4": false, "overlap_delaunay5": false, "overlap_mst": true, "delaunay_category": "Delaunay1", "category": "MST" }, "geometry": { "type": "LineString", "coordinates": [ [ 7.43605558726076, 61.447454661969005 ], [ 7.410322699209564, 61.569593256810087 ] ] } },
{ "type": "Feature", "properties": { "area0": "NO5", "area1": "NO5", "bus0": 6399, "bus1": 6406, "length": 66943.994739337097, "circuits": 1.0, "Vbase": 300.0, "ug": false, "uc": 0.0, "lat": [ 61.2332355083754, 61.2068074996011 ], "lon": [ 6.09373921509088, 7.33841978490911 ], "x": "[22871.88721017 88973.61178719]", "y": "[6821369.46237135 6809959.10438632]", "source": "Pypsa 2019-09-04", "info": { }, "line_id": 1181, "bus0_name": "Høyanger", "bus1_name": "Fardal in Sogn", "from_node": 15, "to_node": 47, "overlap_delaunay1": false, "overlap_delaunay2": true, "overlap_delaunay3": false, "overlap_delaunay4": false, "overlap_delaunay5": false, "overlap_mst": false, "delaunay_category": "Delaunay2", "category": "Delaunay2" }, "geometry": { "type": "LineString", "coordinates": [ [ 6.09373921509088, 61.233235508375408 ], [ 7.338419784909109, 61.206807499601112 ] ] } },
{ "type": "Feature", "properties": { "area0": "NO5", "area1": "NO5", "bus0": 6406, "bus1": 6410, "length": 29441.393720973399, "circuits": 1.0, "Vbase": 300.0, "ug": false, "uc": 0.0, "lat": [ 61.2065932627487, 61.056292, 60.9506590870515 ], "lon": [ 7.33872843008341, 7.237244, 7.21668598432634 ], "x": "[88987.31692079 81571.99623819 79067.80194966]", "y": "[6809933.41027328 6793918.3738579  6782342.32624017]", "source": "Pypsa 2019-09-04", "info": { }, "line_id": 1185, "bus0_name": "Fardal in Sogn", "bus1_name": "Aurland 1", "from_node": 47, "to_node": 45, "overlap_delaunay1": true, "overlap_delaunay2": false, "overlap_delaunay3": false, "overlap_delaunay4": false, "overlap_delaunay5": false, "overlap_mst": false, "delaunay_category": "Delaunay1", "category": "Delaunay1" }, "geometry": { "type": "LineString", "coordinates": [ [ 7.338728430083409, 61.206593262748697 ], [ 7.237244, 61.056292 ], [ 7.21668598432634, 60.950659087051498 ] ] } },
{ "type": "Feature", "properties": { "area0": "NO5", "area1": "NO5", "bus0": 6400, "bus1": 6413, "length": 41659.009099061703, "circuits": 1.0, "Vbase": 300.0, "ug": false, "uc": 0.0, "lat": [ 60.8370020129654, 61.0435417699967 ], "lon": [ 5.96869710413466, 6.60927589586535 ], "x": "[10106.34174041 47666.0506937 ]", "y": "[6778451.18942655 6796694.26652244]", "source": "Pypsa 2019-09-04", "info": { }, "line_id": 1295, "bus0_name": "Refsdal", "bus1_name": "Steinsland", "from_node": 24, "to_node": 13, "overlap_delaunay1": true, "overlap_delaunay2": false, "overlap_delaunay3": false, "overlap_delaunay4": false, "overlap_delaunay5": false, "overlap_mst": true, "delaunay_category": "Delaunay1", "category": "MST" }, "geometry": { "type": "LineString", "coordinates": [ [ 5.968697104134658, 60.837002012965399 ], [ 6.609275895865353, 61.043541769996693 ] ] } },
{ "type": "Feature", "properties": { "area0": "NO5", "area1": "NO5", "bus0": 6414, "bus1": 6416, "length": 32949.284481953298, "circuits": 1.0, "Vbase": 300.0, "ug": false, "uc": 0.0, "lat": [ 60.4214890542751, 60.6608912664015 ], "lon": [ 5.49479960305889, 5.8472103969411 ], "x": "[-22181.51610621    807.15924737]", "y": "[6736151.56271229 6759884.64895269]", "source": "Pypsa 2019-09-04", "info": { }, "line_id": 1297, "bus0_name": "unknown", "bus1_name": "Dale", "from_node": 6, "to_node": 11, "overlap_delaunay1": true, "overlap_delaunay2": false, "overlap_delaunay3": false, "overlap_delaunay4": false, "overlap_delaunay5": false, "overlap_mst": true, "delaunay_category": "Delaunay1", "category": "MST" }, "geometry": { "type": "LineString", "coordinates": [ [ 5.494799603058893, 60.421489054275099 ], [ 5.847210396941103, 60.660891266401485 ] ] } },
{ "type": "Feature", "properties": { "area0": "NO5", "area1": "NO5", "bus0": 6413, "bus1": 6417, "length": 20467.073647416899, "circuits": 1.0, "Vbase": 300.0, "ug": false, "uc": 0.0, "lat": [ 60.6646385548196, 60.8366765456692 ], "lon": [ 6.10000227484991, 5.96847972515008 ], "x": "[14591.80562451 10089.60361047]", "y": "[6758398.28703549 6778416.80628264]", "source": "Pypsa 2019-09-04", "info": { }, "line_id": 1186, "bus0_name": "Steinsland", "bus1_name": "Evanger", "from_node": 13, "to_node": 16, "overlap_delaunay1": true, "overlap_delaunay2": false, "overlap_delaunay3": false, "overlap_delaunay4": false, "overlap_delaunay5": false, "overlap_mst": true, "delaunay_category": "Delaunay1", "category": "MST" }, "geometry": { "type": "LineString", "coordinates": [ [ 6.10000227484991, 60.664638554819597 ], [ 5.968479725150078, 60.836676545669214 ] ] } },
{ "type": "Feature", "properties": { "area0": "NO5", "area1": "NO5", "bus0": 6416, "bus1": 6417, "length": 13772.982147256002, "circuits": 1.0, "Vbase": 300.0, "ug": false, "uc": 0.0, "lat": [ 60.6610749639711, 60.6644270366508 ], "lon": [ 5.84792095880524, 6.09971104119475 ], "x": "[  848.5938673 14572.7930398]", "y": "[6759899.55346754 6758377.03670833]", "source": "Pypsa 2019-09-04", "info": { }, "line_id": 1347, "bus0_name": "Dale", "bus1_name": "Evanger", "from_node": 11, "to_node": 16, "overlap_delaunay1": true, "overlap_delaunay2": false, "overlap_delaunay3": false, "overlap_delaunay4": false, "overlap_delaunay5": false, "overlap_mst": true, "delaunay_category": "Delaunay1", "category": "MST" }, "geometry": { "type": "LineString", "coordinates": [ [ 5.847920958805238, 60.661074963971117 ], [ 6.099711041194747, 60.664427036650793 ] ] } },
{ "type": "Feature", "properties": { "area0": "NO2", "area1": "NO2", "bus0": 6419, "bus1": 6420, "length": 11346.3924488884, "circuits": 1.0, "Vbase": 300.0, "ug": false, "uc": 0.0, "lat": [ 60.156346482185, 60.0664080564333 ], "lon": [ 6.79758157991471, 6.70186942008528 ], "x": "[45436.92626109 38891.6835978 ]", "y": "[6697118.25957999 6687819.88964048]", "source": "Pypsa 2019-09-04", "info": { }, "line_id": 1196, "bus0_name": "Oksla", "bus1_name": "Tysso", "from_node": 32, "to_node": 28, "overlap_delaunay1": true, "overlap_delaunay2": false, "overlap_delaunay3": false, "overlap_delaunay4": false, "overlap_delaunay5": false, "overlap_mst": true, "delaunay_category": "Delaunay1", "category": "MST" }, "geometry": { "type": "LineString", "coordinates": [ [ 6.797581579914711, 60.156346482185008 ], [ 6.701869420085281, 60.066408056433296 ] ] } },
{ "type": "Feature", "properties": { "area0": "NO5", "area1": "NO5", "bus0": 6412, "bus1": 6424, "length": 29605.802087935699, "circuits": 1.0, "Vbase": 300.0, "ug": false, "uc": 0.0, "lat": [ 60.8738062055991, 61.0448515468265 ], "lon": [ 8.31081514679647, 7.89264485320353 ], "x": "[137210.68280494 116659.32077646]", "y": "[6767262.12958782 6788626.49560684]", "source": "Pypsa 2019-09-04", "info": { }, "line_id": 1300, "bus0_name": "Borgund", "bus1_name": "Heimsil 1", "from_node": 56, "to_node": 60, "overlap_delaunay1": true, "overlap_delaunay2": false, "overlap_delaunay3": false, "overlap_delaunay4": false, "overlap_delaunay5": false, "overlap_mst": true, "delaunay_category": "Delaunay1", "category": "MST" }, "geometry": { "type": "LineString", "coordinates": [ [ 8.310815146796472, 60.873806205599095 ], [ 7.892644853203526, 61.044851546826507 ] ] } },
{ "type": "Feature", "properties": { "area0": "NO5", "area1": "NO5", "bus0": 6424, "bus1": 6425, "length": 22192.543238554601, "circuits": 1.0, "Vbase": 300.0, "ug": false, "uc": 0.0, "lat": [ 60.7987963416491, 60.8735838509349 ], "lon": [ 8.68977008894148, 8.31157291105852 ], "x": "[156913.87133879 137249.15347818]", "y": "[6756893.11662394 6767233.25222695]", "source": "Pypsa 2019-09-04", "info": { }, "line_id": 1187, "bus0_name": "Heimsil 1", "bus1_name": "Heimsil 2", "from_node": 60, "to_node": 63, "overlap_delaunay1": true, "overlap_delaunay2": false, "overlap_delaunay3": false, "overlap_delaunay4": false, "overlap_delaunay5": false, "overlap_mst": true, "delaunay_category": "Delaunay1", "category": "MST" }, "geometry": { "type": "LineString", "coordinates": [ [ 8.689770088941479, 60.798796341649094 ], [ 8.311572911058521, 60.873583850934899 ] ] } },
{ "type": "Feature", "properties": { "area0": "NO5", "area1": "NO5", "bus0": 6425, "bus1": 6426, "length": 23321.759262552598, "circuits": 1.0, "Vbase": 300.0, "ug": false, "uc": 0.0, "lat": [ 60.7984983131272, 60.5919050783892 ], "lon": [ 8.6902577671304, 8.75877823286959 ], "x": "[156937.13605291 158467.18033408]", "y": "[6756857.47383346 6733561.7461782 ]", "source": "Pypsa 2019-09-04", "info": { }, "line_id": 1198, "bus0_name": "Heimsil 2", "bus1_name": "Nes", "from_node": 63, "to_node": 64, "overlap_delaunay1": true, "overlap_delaunay2": false, "overlap_delaunay3": false, "overlap_delaunay4": false, "overlap_delaunay5": false, "overlap_mst": true, "delaunay_category": "Delaunay1", "category": "MST" }, "geometry": { "type": "LineString", "coordinates": [ [ 8.690257767130399, 60.798498313127197 ], [ 8.758778232869592, 60.59190507838921 ] ] } },
{ "type": "Feature", "properties": { "area0": "NO5", "area1": "NO5", "bus0": 6425, "bus1": 6428, "length": 50228.599525194004, "circuits": 1.0, "Vbase": 300.0, "ug": false, "uc": 0.0, "lat": [ 60.511552730034, 60.611238, 60.745069, 60.7986524630529 ], "lon": [ 8.08881930390475, 8.15322899999999, 8.31665, 8.68975715318455 ], "x": "[120952.73311087 125633.22508967 136064.79514009 156911.62754954]", "y": "[6728319.17812527 6739010.62489628 6752942.24737504 6756877.21012418]", "source": "Pypsa 2019-09-04", "info": { }, "line_id": 1189, "bus0_name": "Heimsil 2", "bus1_name": "unknown", "from_node": 63, "to_node": 58, "overlap_delaunay1": true, "overlap_delaunay2": false, "overlap_delaunay3": false, "overlap_delaunay4": false, "overlap_delaunay5": false, "overlap_mst": false, "delaunay_category": "Delaunay1", "category": "Delaunay1" }, "geometry": { "type": "LineString", "coordinates": [ [ 8.088819303904751, 60.511552730033983 ], [ 8.153229, 60.611238 ], [ 8.31665, 60.745069 ], [ 8.68975715318455, 60.79865246305291 ] ] } },
{ "type": "Feature", "properties": { "area0": "NO5", "area1": "NO2", "bus0": 6418, "bus1": 6433, "length": 29419.4923564483, "circuits": 1.0, "Vbase": 300.0, "ug": false, "uc": 0.0, "lat": [ 59.8698517435139, 60.1173568283345 ], "lon": [ 6.11404783940886, 6.29775716059114 ], "x": "[ 3411.44846075 17270.19555012]", "y": "[6670322.73179471 6696358.1604632 ]", "source": "Pypsa 2019-09-04", "info": { }, "line_id": 1195, "bus0_name": "Mauranger", "bus1_name": "Blåfalli", "from_node": 19, "to_node": 17, "overlap_delaunay1": true, "overlap_delaunay2": false, "overlap_delaunay3": false, "overlap_delaunay4": false, "overlap_delaunay5": false, "overlap_mst": false, "delaunay_category": "Delaunay1", "category": "Delaunay1" }, "geometry": { "type": "LineString", "coordinates": [ [ 6.114047839408861, 59.869851743513905 ], [ 6.29775716059114, 60.117356828334515 ] ] } },
{ "type": "Feature", "properties": { "area0": "NO2", "area1": "NO2", "bus0": 6437, "bus1": 6438, "length": 28556.058291012101, "circuits": 1.0, "Vbase": 300.0, "ug": false, "uc": 0.0, "lat": [ 59.923231342566, 59.7682882909418 ], "lon": [ 5.86771689549128, 5.46193410450872 ], "x": "[ -9475.37794056 -34499.59510086]", "y": "[6678109.29301586 6664179.42454468]", "source": "Pypsa 2019-09-04", "info": { }, "line_id": 1216, "bus0_name": "unknown", "bus1_name": "unknown", "from_node": 5, "to_node": 12, "overlap_delaunay1": true, "overlap_delaunay2": false, "overlap_delaunay3": false, "overlap_delaunay4": false, "overlap_delaunay5": false, "overlap_mst": true, "delaunay_category": "Delaunay1", "category": "MST" }, "geometry": { "type": "LineString", "coordinates": [ [ 5.86771689549128, 59.923231342565984 ], [ 5.461934104508725, 59.768288290941783 ] ] } },
{ "type": "Feature", "properties": { "area0": "NO2", "area1": "NO2", "bus0": 6433, "bus1": 6438, "length": 14954.877832075501, "circuits": 2.0, "Vbase": 300.0, "ug": false, "uc": 0.0, "lat": [ 59.8697309204915, 59.923277224584 ], "lon": [ 6.11348090795954, 5.86848409204046 ], "x": "[ 3378.0847546  -9432.05398408]", "y": "[6670313.62438611 6678108.44185746]", "source": "Pypsa 2019-09-04", "info": { }, "line_id": 1239, "bus0_name": "Blåfalli", "bus1_name": "unknown", "from_node": 17, "to_node": 12, "overlap_delaunay1": true, "overlap_delaunay2": false, "overlap_delaunay3": false, "overlap_delaunay4": false, "overlap_delaunay5": false, "overlap_mst": true, "delaunay_category": "Delaunay1", "category": "MST" }, "geometry": { "type": "LineString", "coordinates": [ [ 6.113480907959541, 59.869730920491513 ], [ 5.86848409204046, 59.923277224583984 ] ] } },
{ "type": "Feature", "properties": { "area0": "NO2", "area1": "NO2", "bus0": 6433, "bus1": 6439, "length": 28697.482540496403, "circuits": 1.0, "Vbase": 300.0, "ug": false, "uc": 0.0, "lat": [ 59.8694652994036, 59.6679177653349 ], "lon": [ 6.11417009925142, 6.43221690074858 ], "x": "[ 3412.46902444 18213.33359978]", "y": "[6670279.03422386 6645608.01285325]", "source": "Pypsa 2019-09-04", "info": { }, "line_id": 1207, "bus0_name": "Blåfalli", "bus1_name": "Sauda", "from_node": 17, "to_node": 20, "overlap_delaunay1": true, "overlap_delaunay2": false, "overlap_delaunay3": false, "overlap_delaunay4": false, "overlap_delaunay5": false, "overlap_mst": true, "delaunay_category": "Delaunay1", "category": "MST" }, "geometry": { "type": "LineString", "coordinates": [ [ 6.114170099251421, 59.869465299403586 ], [ 6.432216900748582, 59.667917765334884 ] ] } },
{ "type": "Feature", "properties": { "area0": "NO2", "area1": "NO2", "bus0": 6434, "bus1": 6441, "length": 8983.6288653672909, "circuits": 1.0, "Vbase": 300.0, "ug": false, "uc": 0.0, "lat": [ 59.4618220734692, 59.4604349266924 ], "lon": [ 6.65039960346821, 6.49199539653177 ], "x": "[27549.43568699 18598.51295839]", "y": "[6621207.54706857 6622193.77003543]", "source": "Pypsa 2019-09-04", "info": { }, "line_id": 1212, "bus0_name": "Saurdal", "bus1_name": "Liastølen", "from_node": 25, "to_node": 22, "overlap_delaunay1": true, "overlap_delaunay2": false, "overlap_delaunay3": false, "overlap_delaunay4": false, "overlap_delaunay5": false, "overlap_mst": true, "delaunay_category": "Delaunay1", "category": "MST" }, "geometry": { "type": "LineString", "coordinates": [ [ 6.650399603468214, 59.461822073469193 ], [ 6.491995396531769, 59.460434926692422 ] ] } },
{ "type": "Feature", "properties": { "area0": "NO2", "area1": "NO2", "bus0": 6434, "bus1": 6443, "length": 16401.991474064398, "circuits": 1.0, "Vbase": 300.0, "ug": false, "uc": 0.0, "lat": [ 59.3145002583203, 59.4615987314966 ], "lon": [ 6.66318892120244, 6.65086707879755 ], "x": "[26212.20207543 27572.66795574]", "y": "[6604795.41472296 6621179.47274477]", "source": "Pypsa 2019-09-04", "info": { }, "line_id": 1218, "bus0_name": "Saurdal", "bus1_name": "unknown", "from_node": 25, "to_node": 26, "overlap_delaunay1": true, "overlap_delaunay2": false, "overlap_delaunay3": false, "overlap_delaunay4": false, "overlap_delaunay5": false, "overlap_mst": true, "delaunay_category": "Delaunay1", "category": "MST" }, "geometry": { "type": "LineString", "coordinates": [ [ 6.66318892120244, 59.314500258320308 ], [ 6.650867078797549, 59.461598731496601 ] ] } },
{ "type": "Feature", "properties": { "area0": "NO2", "area1": "NO2", "bus0": 6444, "bus1": 6445, "length": 10246.2092991718, "circuits": 1.0, "Vbase": 300.0, "ug": false, "uc": 0.0, "lat": [ 59.0057222367255, 58.9268242175544 ], "lon": [ 5.62385674112727, 5.71540725887272 ], "x": "[-37455.39321912 -33452.60568984]", "y": "[6578515.48913866 6569048.82074631]", "source": "Pypsa 2019-09-04", "info": { }, "line_id": 1241, "bus0_name": "Stavanger", "bus1_name": "unknown", "from_node": 8, "to_node": 9, "overlap_delaunay1": true, "overlap_delaunay2": false, "overlap_delaunay3": false, "overlap_delaunay4": false, "overlap_delaunay5": false, "overlap_mst": true, "delaunay_category": "Delaunay1", "category": "MST" }, "geometry": { "type": "LineString", "coordinates": [ [ 5.623856741127267, 59.005722236725518 ], [ 5.715407258872718, 58.926824217554419 ] ] } },
{ "type": "Feature", "properties": { "area0": "NO2", "area1": "NO2", "bus0": 6200, "bus1": 6445, "length": 11347.666396781698, "circuits": 1.0, "Vbase": 300.0, "ug": false, "uc": 0.0, "lat": [ 58.8267671293893, 58.9263995252804 ], "lon": [ 5.7567426401522, 5.7157303598478 ], "x": "[-32630.09138902 -33440.6991205 ]", "y": "[6557645.46841217 6568999.23635688]", "source": "Pypsa 2019-09-04", "info": { }, "line_id": 1242, "bus0_name": "unknown", "bus1_name": "unknown", "from_node": 10, "to_node": 9, "overlap_delaunay1": true, "overlap_delaunay2": false, "overlap_delaunay3": false, "overlap_delaunay4": false, "overlap_delaunay5": false, "overlap_mst": true, "delaunay_category": "Delaunay1", "category": "MST" }, "geometry": { "type": "LineString", "coordinates": [ [ 5.756742640152201, 58.826767129389324 ], [ 5.7157303598478, 58.926399525280409 ] ] } },
{ "type": "Feature", "properties": { "area0": "NO2", "area1": "NO2", "bus0": 6446, "bus1": 6447, "length": 13087.684993114599, "circuits": 1.0, "Vbase": 300.0, "ug": false, "uc": 0.0, "lat": [ 59.110423, 59.110423 ], "lon": [ 6.89025015764206, 7.11869184235794 ], "x": "[36305.43856398 49327.17301245]", "y": "[6580581.29497452 6579011.6657564 ]", "source": "Pypsa 2019-09-04", "info": { }, "line_id": 1224, "bus0_name": "Roskrepp", "bus1_name": "Duge", "from_node": 43, "to_node": 35, "overlap_delaunay1": true, "overlap_delaunay2": false, "overlap_delaunay3": false, "overlap_delaunay4": false, "overlap_delaunay5": false, "overlap_mst": true, "delaunay_category": "Delaunay1", "category": "MST" }, "geometry": { "type": "LineString", "coordinates": [ [ 6.890250157642059, 59.110423 ], [ 7.118691842357942, 59.110423 ] ] } },
{ "type": "Feature", "properties": { "area0": "NO2", "area1": "NO2", "bus0": 6443, "bus1": 6448, "length": 28394.588410891, "circuits": 1.0, "Vbase": 300.0, "ug": false, "uc": 0.0, "lat": [ 59.3140530588638, 59.170298, 59.0683192853834 ], "lon": [ 6.66333356561524, 6.74560499999999, 6.69627484891797 ], "x": "[26214.15067847 28888.32666659 24667.00840525]", "y": "[6604744.83873502 6588232.63051063 6577284.56376073]", "source": "Pypsa 2019-09-04", "info": { }, "line_id": 1225, "bus0_name": "unknown", "bus1_name": "Tjodan", "from_node": 26, "to_node": 27, "overlap_delaunay1": true, "overlap_delaunay2": false, "overlap_delaunay3": false, "overlap_delaunay4": false, "overlap_delaunay5": false, "overlap_mst": false, "delaunay_category": "Delaunay1", "category": "Delaunay1" }, "geometry": { "type": "LineString", "coordinates": [ [ 6.66333356561524, 59.314053058863792 ], [ 6.745605, 59.170298 ], [ 6.69627484891797, 59.068319285383417 ] ] } },
{ "type": "Feature", "properties": { "area0": "NO2", "area1": "NO2", "bus0": 6441, "bus1": 6448, "length": 45944.657198752102, "circuits": 1.0, "Vbase": 300.0, "ug": false, "uc": 0.0, "lat": [ 59.4602046253847, 59.393374, 59.17241, 59.0683232453154 ], "lon": [ 6.49150987285215, 6.48056, 6.66320800000001, 6.69609530861177 ], "x": "[18567.85313454 16995.84025858 24230.90951006 24656.82020109]", "y": "[6622171.78893202 6614849.32091049 6589053.42948636 6577286.28490509]", "source": "Pypsa 2019-09-04", "info": { }, "line_id": 1307, "bus0_name": "Liastølen", "bus1_name": "Tjodan", "from_node": 22, "to_node": 27, "overlap_delaunay1": false, "overlap_delaunay2": true, "overlap_delaunay3": false, "overlap_delaunay4": false, "overlap_delaunay5": false, "overlap_mst": false, "delaunay_category": "Delaunay2", "category": "Delaunay2" }, "geometry": { "type": "LineString", "coordinates": [ [ 6.491509872852149, 59.460204625384705 ], [ 6.48056, 59.393374 ], [ 6.663208, 59.17241 ], [ 6.696095308611771, 59.068323245315383 ] ] } },
{ "type": "Feature", "properties": { "area0": "NO2", "area1": "NO2", "bus0": 6447, "bus1": 6448, "length": 12008.819626928602, "circuits": 1.0, "Vbase": 300.0, "ug": false, "uc": 0.0, "lat": [ 59.0681863177054, 59.1103327934251 ], "lon": [ 6.69657992361449, 6.88938807638552 ], "x": "[24682.56920356 36255.08191355]", "y": "[6577267.65254785 6580577.30687432]", "source": "Pypsa 2019-09-04", "info": { }, "line_id": 1343, "bus0_name": "Duge", "bus1_name": "Tjodan", "from_node": 35, "to_node": 27, "overlap_delaunay1": true, "overlap_delaunay2": false, "overlap_delaunay3": false, "overlap_delaunay4": false, "overlap_delaunay5": false, "overlap_mst": true, "delaunay_category": "Delaunay1", "category": "MST" }, "geometry": { "type": "LineString", "coordinates": [ [ 6.696579923614492, 59.068186317705397 ], [ 6.889388076385521, 59.110332793425101 ] ] } },
{ "type": "Feature", "properties": { "area0": "NO2", "area1": "NO2", "bus0": 6202, "bus1": 6449, "length": 17010.1915651811, "circuits": 1.0, "Vbase": 300.0, "ug": false, "uc": 0.0, "lat": [ 58.8416959738303, 58.9943730508965 ], "lon": [ 7.11502930231499, 7.12050569768502 ], "x": "[45582.9086856  47903.64690399]", "y": "[6549247.54133373 6566135.06373732]", "source": "Pypsa 2019-09-04", "info": { }, "line_id": 1229, "bus0_name": "Solhom", "bus1_name": "Kvinen", "from_node": 42, "to_node": 44, "overlap_delaunay1": true, "overlap_delaunay2": false, "overlap_delaunay3": false, "overlap_delaunay4": false, "overlap_delaunay5": false, "overlap_mst": false, "delaunay_category": "Delaunay1", "category": "Delaunay1" }, "geometry": { "type": "LineString", "coordinates": [ [ 7.115029302314993, 58.841695973830284 ], [ 7.120505697685019, 58.994373050896506 ] ] } },
{ "type": "Feature", "properties": { "area0": "NO2", "area1": "NO2", "bus0": 6446, "bus1": 6449, "length": 12850.587416643799, "circuits": 1.0, "Vbase": 300.0, "ug": false, "uc": 0.0, "lat": [ 58.9948352299301, 59.110192546734 ], "lon": [ 7.12051126344277, 7.11914373655724 ], "x": "[47910.04280372 49349.90099672]", "y": "[6566186.25964372 6578983.05952039]", "source": "Pypsa 2019-09-04", "info": { }, "line_id": 1308, "bus0_name": "Roskrepp", "bus1_name": "Kvinen", "from_node": 43, "to_node": 44, "overlap_delaunay1": true, "overlap_delaunay2": false, "overlap_delaunay3": false, "overlap_delaunay4": false, "overlap_delaunay5": false, "overlap_mst": true, "delaunay_category": "Delaunay1", "category": "MST" }, "geometry": { "type": "LineString", "coordinates": [ [ 7.12051126344277, 58.994835229930075 ], [ 7.119143736557239, 59.110192546733998 ] ] } },
{ "type": "Feature", "properties": { "area0": "NO2", "area1": "NO2", "bus0": 6420, "bus1": 6450, "length": 21834.901420016999, "circuits": 1.0, "Vbase": 300.0, "ug": false, "uc": 0.0, "lat": [ 60.0659893300708, 59.8712419786385 ], "lon": [ 6.70171005339301, 6.74555494660696 ], "x": "[38876.99632766 38595.00771187]", "y": "[6687774.61939055 6665893.31518689]", "source": "Pypsa 2019-09-04", "info": { }, "line_id": 1299, "bus0_name": "Tysso", "bus1_name": "Røldal", "from_node": 28, "to_node": 29, "overlap_delaunay1": true, "overlap_delaunay2": false, "overlap_delaunay3": false, "overlap_delaunay4": false, "overlap_delaunay5": false, "overlap_mst": true, "delaunay_category": "Delaunay1", "category": "MST" }, "geometry": { "type": "LineString", "coordinates": [ [ 6.701710053393011, 60.065989330070799 ], [ 6.745554946606961, 59.871241978638508 ] ] } },
{ "type": "Feature", "properties": { "area0": "NO2", "area1": "NO2", "bus0": 6450, "bus1": 6451, "length": 12952.418892916399, "circuits": 1.0, "Vbase": 300.0, "ug": false, "uc": 0.0, "lat": [ 59.8379798033546, 59.8709552599669 ], "lon": [ 6.96765041216666, 6.74603358783334 ], "x": "[50518.46350136 38617.68437777]", "y": "[6660675.88624268 6665858.20498472]", "source": "Pypsa 2019-09-04", "info": { }, "line_id": 1197, "bus0_name": "Røldal", "bus1_name": "Novle", "from_node": 29, "to_node": 38, "overlap_delaunay1": true, "overlap_delaunay2": false, "overlap_delaunay3": false, "overlap_delaunay4": false, "overlap_delaunay5": false, "overlap_mst": true, "delaunay_category": "Delaunay1", "category": "MST" }, "geometry": { "type": "LineString", "coordinates": [ [ 6.967650412166663, 59.837979803354607 ], [ 6.746033587833343, 59.870955259966898 ] ] } },
{ "type": "Feature", "properties": { "area0": "NO2", "area1": "NO2", "bus0": 6450, "bus1": 6454, "length": 19924.320239521698, "circuits": 1.0, "Vbase": 300.0, "ug": false, "uc": 0.0, "lat": [ 59.8708182440846, 59.7109137217524 ], "lon": [ 6.74580497696974, 6.90470702303024 ], "x": "[38603.04519921 45277.40949206]", "y": "[6665844.62310107 6647025.53555393]", "source": "Pypsa 2019-09-04", "info": { }, "line_id": 1205, "bus0_name": "Røldal", "bus1_name": "Ulla-Førre", "from_node": 29, "to_node": 37, "overlap_delaunay1": true, "overlap_delaunay2": false, "overlap_delaunay3": false, "overlap_delaunay4": false, "overlap_delaunay5": false, "overlap_mst": false, "delaunay_category": "Delaunay1", "category": "Delaunay1" }, "geometry": { "type": "LineString", "coordinates": [ [ 6.745804976969741, 59.870818244084603 ], [ 6.904707023030241, 59.710913721752391 ] ] } },
{ "type": "Feature", "properties": { "area0": "NO2", "area1": "NO2", "bus0": 6439, "bus1": 6454, "length": 26984.094966669301, "circuits": 1.0, "Vbase": 300.0, "ug": false, "uc": 0.0, "lat": [ 59.6677811689025, 59.7106718825487 ], "lon": [ 6.43293632360848, 6.90446567639151 ], "x": "[18251.67186526 45260.60599151]", "y": "[6645587.64422633 6647000.3963306 ]", "source": "Pypsa 2019-09-04", "info": { }, "line_id": 1206, "bus0_name": "Sauda", "bus1_name": "Ulla-Førre", "from_node": 20, "to_node": 37, "overlap_delaunay1": true, "overlap_delaunay2": false, "overlap_delaunay3": false, "overlap_delaunay4": false, "overlap_delaunay5": false, "overlap_mst": true, "delaunay_category": "Delaunay1", "category": "MST" }, "geometry": { "type": "LineString", "coordinates": [ [ 6.432936323608482, 59.667781168902486 ], [ 6.904465676391511, 59.710671882548695 ] ] } },
{ "type": "Feature", "properties": { "area0": "NO2", "area1": "NO2", "bus0": 6210, "bus1": 6455, "length": 80141.236618782001, "circuits": 1.0, "Vbase": 300.0, "ug": false, "uc": 0.0, "lat": [ 58.575599970686, 59.1518111172184 ], "lon": [ 8.78246363315491, 9.61414236684507 ], "x": "[138727.0582381  192148.61923758]", "y": "[6509548.80565036 6569392.66453819]", "source": "Pypsa 2019-09-04", "info": { }, "line_id": 1232, "bus0_name": "unknown", "bus1_name": "Skien", "from_node": 66, "to_node": 72, "overlap_delaunay1": true, "overlap_delaunay2": false, "overlap_delaunay3": false, "overlap_delaunay4": false, "overlap_delaunay5": false, "overlap_mst": false, "delaunay_category": "Delaunay1", "category": "Delaunay1" }, "geometry": { "type": "LineString", "coordinates": [ [ 8.78246363315491, 58.575599970686 ], [ 9.614142366845069, 59.151811117218394 ] ] } },
{ "type": "Feature", "properties": { "area0": "NO2", "area1": "NO2", "bus0": 6457, "bus1": 6458, "length": 16672.983246586598, "circuits": 1.0, "Vbase": 300.0, "ug": false, "uc": 0.0, "lat": [ 59.7803734155791, 59.6325755709147 ], "lon": [ 7.77289726207673, 7.81944873792328 ], "x": "[94752.65933371 95572.6094876 ]", "y": "[6649081.54848694 6632401.8771646 ]", "source": "Pypsa 2019-09-04", "info": { }, "line_id": 1208, "bus0_name": "Songa", "bus1_name": "Vinje", "from_node": 54, "to_node": 55, "overlap_delaunay1": true, "overlap_delaunay2": false, "overlap_delaunay3": false, "overlap_delaunay4": false, "overlap_delaunay5": false, "overlap_mst": true, "delaunay_category": "Delaunay1", "category": "MST" }, "geometry": { "type": "LineString", "coordinates": [ [ 7.772897262076731, 59.780373415579106 ], [ 7.81944873792328, 59.632575570914717 ] ] } },
{ "type": "Feature", "properties": { "area0": "NO2", "area1": "NO2", "bus0": 6458, "bus1": 6459, "length": 19963.495641706901, "circuits": 1.0, "Vbase": 300.0, "ug": false, "uc": 0.0, "lat": [ 59.6321318201663, 59.4578603232103 ], "lon": [ 7.81962311049742, 7.90181288950257 ], "x": "[95577.05452525 98119.11896656]", "y": "[6632351.58647365 6612518.54664947]", "source": "Pypsa 2019-09-04", "info": { }, "line_id": 1213, "bus0_name": "Vinje", "bus1_name": "Tokke", "from_node": 55, "to_node": 57, "overlap_delaunay1": true, "overlap_delaunay2": false, "overlap_delaunay3": false, "overlap_delaunay4": false, "overlap_delaunay5": false, "overlap_mst": true, "delaunay_category": "Delaunay1", "category": "MST" }, "geometry": { "type": "LineString", "coordinates": [ [ 7.819623110497421, 59.632131820166272 ], [ 7.90181288950257, 59.457860323210312 ] ] } },
{ "type": "Feature", "properties": { "area0": "NO2", "area1": "NO2", "bus0": 6443, "bus1": 6459, "length": 72133.736038378804, "circuits": 1.0, "Vbase": 300.0, "ug": false, "uc": 0.0, "lat": [ 59.3143226827975, 59.4575885309959 ], "lon": [ 6.66364498175256, 7.90148001824744 ], "x": "[26235.55255507 98097.08563958]", "y": "[6604772.48673141 6612490.40949885]", "source": "Pypsa 2019-09-04", "info": { }, "line_id": 1217, "bus0_name": "unknown", "bus1_name": "Tokke", "from_node": 26, "to_node": 57, "overlap_delaunay1": false, "overlap_delaunay2": true, "overlap_delaunay3": false, "overlap_delaunay4": false, "overlap_delaunay5": false, "overlap_mst": false, "delaunay_category": "Delaunay2", "category": "Delaunay2" }, "geometry": { "type": "LineString", "coordinates": [ [ 6.663644981752562, 59.314322682797503 ], [ 7.90148001824744, 59.457588530995899 ] ] } },
{ "type": "Feature", "properties": { "area0": "NO2", "area1": "NO2", "bus0": 6457, "bus1": 6461, "length": 44545.112607422103, "circuits": 1.0, "Vbase": 300.0, "ug": false, "uc": 0.0, "lat": [ 59.7806702293777, 59.9122790637129 ], "lon": [ 7.7732493702334, 8.52359462976662 ], "x": "[ 94775.95863713 138189.74085567]", "y": "[6649112.31464391 6659363.65653905]", "source": "Pypsa 2019-09-04", "info": { }, "line_id": 1201, "bus0_name": "Songa", "bus1_name": "Vemork", "from_node": 54, "to_node": 62, "overlap_delaunay1": true, "overlap_delaunay2": false, "overlap_delaunay3": false, "overlap_delaunay4": false, "overlap_delaunay5": false, "overlap_mst": true, "delaunay_category": "Delaunay1", "category": "MST" }, "geometry": { "type": "LineString", "coordinates": [ [ 7.773249370233398, 59.780670229377698 ], [ 8.523594629766622, 59.912279063712916 ] ] } },
{ "type": "Feature", "properties": { "area0": "NO2", "area1": "NO2", "bus0": 6461, "bus1": 6462, "length": 13174.98512657, "circuits": 1.0, "Vbase": 300.0, "ug": false, "uc": 0.0, "lat": [ 59.9123621276481, 59.9171628736744 ], "lon": [ 8.52446436440129, 8.75977563559872 ], "x": "[138239.13137814 151408.90572547]", "y": "[6659368.11550732 6658636.32476446]", "source": "Pypsa 2019-09-04", "info": { }, "line_id": 1314, "bus0_name": "Vemork", "bus1_name": "Såheim", "from_node": 62, "to_node": 65, "overlap_delaunay1": true, "overlap_delaunay2": false, "overlap_delaunay3": false, "overlap_delaunay4": false, "overlap_delaunay5": false, "overlap_mst": true, "delaunay_category": "Delaunay1", "category": "MST" }, "geometry": { "type": "LineString", "coordinates": [ [ 8.52446436440129, 59.912362127648102 ], [ 8.75977563559872, 59.917162873674414 ] ] } },
{ "type": "Feature", "properties": { "area0": "NO2", "area1": "NO1", "bus0": 6462, "bus1": 6464, "length": 68741.864121185397, "circuits": 1.0, "Vbase": 300.0, "ug": false, "uc": 0.0, "lat": [ 59.917100968569, 59.7218634490028 ], "lon": [ 8.76064712169114, 9.92297687830887 ], "x": "[151456.84202511 214625.69011077]", "y": "[6658624.85424856 6631366.09946776]", "source": "Pypsa 2019-09-04", "info": { }, "line_id": 1210, "bus0_name": "Såheim", "bus1_name": "unknown", "from_node": 65, "to_node": 74, "overlap_delaunay1": true, "overlap_delaunay2": false, "overlap_delaunay3": false, "overlap_delaunay4": false, "overlap_delaunay5": false, "overlap_mst": false, "delaunay_category": "Delaunay1", "category": "Delaunay1" }, "geometry": { "type": "LineString", "coordinates": [ [ 8.760647121691139, 59.917100968569024 ], [ 9.922976878308871, 59.721863449002797 ] ] } },
{ "type": "Feature", "properties": { "area0": "NO2", "area1": "NO1", "bus0": 6459, "bus1": 6464, "length": 118958.35273678199, "circuits": 1.0, "Vbase": 300.0, "ug": false, "uc": 0.0, "lat": [ 59.4576891216169, 59.679529, 59.7216282358253 ], "lon": [ 7.90235418907488, 9.84374999999999, 9.92309216756228 ], "x": "[ 98147.65262264 209811.73618929 214630.15624824]", "y": "[6612496.27454428 6627004.91959778 6631339.45955334]", "source": "Pypsa 2019-09-04", "info": { }, "line_id": 1211, "bus0_name": "Tokke", "bus1_name": "unknown", "from_node": 57, "to_node": 74, "overlap_delaunay1": false, "overlap_delaunay2": true, "overlap_delaunay3": false, "overlap_delaunay4": false, "overlap_delaunay5": false, "overlap_mst": false, "delaunay_category": "Delaunay2", "category": "Delaunay2" }, "geometry": { "type": "LineString", "coordinates": [ [ 7.902354189074881, 59.457689121616909 ], [ 9.84375, 59.679529 ], [ 9.923092167562279, 59.721628235825321 ] ] } },
{ "type": "Feature", "properties": { "area0": "NO1", "area1": "NO1", "bus0": 6464, "bus1": 6465, "length": 28779.703999474903, "circuits": 1.0, "Vbase": 300.0, "ug": false, "uc": 0.0, "lat": [ 59.7219946492008, 59.810994, 59.8867631544941 ], "lon": [ 9.92359728775512, 10.009918, 10.2883029888718 ], "x": "[214661.63636826 220253.80005062 236442.58748815]", "y": "[6631378.01009441 6640902.16354382 6648182.52681537]", "source": "Pypsa 2019-09-04", "info": { }, "line_id": 1209, "bus0_name": "unknown", "bus1_name": "Sylling", "from_node": 74, "to_node": 78, "overlap_delaunay1": true, "overlap_delaunay2": false, "overlap_delaunay3": false, "overlap_delaunay4": false, "overlap_delaunay5": false, "overlap_mst": true, "delaunay_category": "Delaunay1", "category": "MST" }, "geometry": { "type": "LineString", "coordinates": [ [ 9.923597287755122, 59.721994649200788 ], [ 10.009918, 59.810994 ], [ 10.288302988871802, 59.886763154494083 ] ] } },
{ "type": "Feature", "properties": { "area0": "NO2", "area1": "NO2", "bus0": 6455, "bus1": 6467, "length": 14481.250545222199, "circuits": 1.0, "Vbase": 300.0, "ug": false, "uc": 0.0, "lat": [ 59.1522234857565, 59.2817913814701 ], "lon": [ 9.6143738709588, 9.59384712904119 ], "x": "[192165.54201787 192164.46578503]", "y": "[6569437.41707425 6583929.69747215]", "source": "Pypsa 2019-09-04", "info": { }, "line_id": 1313, "bus0_name": "Skien", "bus1_name": "unknown", "from_node": 72, "to_node": 71, "overlap_delaunay1": true, "overlap_delaunay2": false, "overlap_delaunay3": false, "overlap_delaunay4": false, "overlap_delaunay5": false, "overlap_mst": true, "delaunay_category": "Delaunay1", "category": "MST" }, "geometry": { "type": "LineString", "coordinates": [ [ 9.614373870958799, 59.152223485756522 ], [ 9.593847129041192, 59.2817913814701 ] ] } },
{ "type": "Feature", "properties": { "area0": "NO2", "area1": "NO2", "bus0": 6463, "bus1": 6467, "length": 49948.455513071502, "circuits": 1.0, "Vbase": 300.0, "ug": false, "uc": 0.0, "lat": [ 59.3835725955086, 59.366094, 59.302356, 59.2822350086918 ], "lon": [ 10.3775130478765, 9.692688, 9.607544, 9.593956821438 ], "x": "[237524.31629203 198533.32370557 193128.74024426 192174.71341566]", "y": "[6591883.79531264 6592844.89091042 6586151.53361424 6583978.48487343]", "source": "Pypsa 2019-09-04", "info": { }, "line_id": 1315, "bus0_name": "unknown", "bus1_name": "unknown", "from_node": 79, "to_node": 71, "overlap_delaunay1": true, "overlap_delaunay2": false, "overlap_delaunay3": false, "overlap_delaunay4": false, "overlap_delaunay5": false, "overlap_mst": false, "delaunay_category": "Delaunay1", "category": "Delaunay1" }, "geometry": { "type": "LineString", "coordinates": [ [ 10.377513047876501, 59.383572595508596 ], [ 9.692688, 59.366094 ], [ 9.607544, 59.302356 ], [ 9.593956821438001, 59.282235008691806 ] ] } },
{ "type": "Feature", "properties": { "area0": "NO1", "area1": "NO1", "bus0": 6372, "bus1": 6470, "length": 56603.653653472102, "circuits": 1.0, "Vbase": 300.0, "ug": false, "uc": 0.0, "lat": [ 61.1768654981612, 60.816954251828 ], "lon": [ 10.4222226325861, 11.1604193674139 ], "x": "[253925.20470204 291221.17516869]", "y": "[6791106.91128533 6748510.06275951]", "source": "Pypsa 2019-09-04", "info": { }, "line_id": 1200, "bus0_name": "unknown", "bus1_name": "unknown", "from_node": 89, "to_node": 80, "overlap_delaunay1": true, "overlap_delaunay2": false, "overlap_delaunay3": false, "overlap_delaunay4": false, "overlap_delaunay5": false, "overlap_mst": false, "delaunay_category": "Delaunay1", "category": "Delaunay1" }, "geometry": { "type": "LineString", "coordinates": [ [ 10.4222226325861, 61.176865498161192 ], [ 11.160419367413899, 60.816954251828001 ] ] } },
{ "type": "Feature", "properties": { "area0": "NO1", "area1": "NO1", "bus0": 6470, "bus1": 6471, "length": 41198.580153258103, "circuits": 1.0, "Vbase": 300.0, "ug": false, "uc": 0.0, "lat": [ 61.1768062030107, 60.96511, 60.8190140568934 ], "lon": [ 10.4219848684332, 10.500183, 10.6044063376245 ], "x": "[253911.97592926 256489.30165866 261032.30607367]", "y": "[6791101.2134044  6767268.00163897 6750637.52662713]", "source": "Pypsa 2019-09-04", "info": { }, "line_id": 1340, "bus0_name": "unknown", "bus1_name": "unknown", "from_node": 80, "to_node": 84, "overlap_delaunay1": true, "overlap_delaunay2": false, "overlap_delaunay3": false, "overlap_delaunay4": false, "overlap_delaunay5": false, "overlap_mst": true, "delaunay_category": "Delaunay1", "category": "MST" }, "geometry": { "type": "LineString", "coordinates": [ [ 10.421984868433197, 61.176806203010699 ], [ 10.500183, 60.96511 ], [ 10.604406337624502, 60.819014056893394 ] ] } },
{ "type": "Feature", "properties": { "area0": "NO1", "area1": "NO1", "bus0": 6470, "bus1": 6472, "length": 66598.409504486204, "circuits": 1.0, "Vbase": 300.0, "ug": false, "uc": 0.0, "lat": [ 61.177126011671, 61.4734399958453 ], "lon": [ 10.4215178022063, 9.34151319779371 ], "x": "[253889.39277088 198788.45498591]", "y": "[6791138.53449207 6828606.59049739]", "source": "Pypsa 2019-09-04", "info": { }, "line_id": 1184, "bus0_name": "unknown", "bus1_name": "Øvre Vinstra", "from_node": 80, "to_node": 70, "overlap_delaunay1": true, "overlap_delaunay2": false, "overlap_delaunay3": false, "overlap_delaunay4": false, "overlap_delaunay5": false, "overlap_mst": false, "delaunay_category": "Delaunay1", "category": "Delaunay1" }, "geometry": { "type": "LineString", "coordinates": [ [ 10.421517802206298, 61.177126011671 ], [ 9.341513197793706, 61.473439995845297 ] ] } },
{ "type": "Feature", "properties": { "area0": "NO1", "area1": "NO1", "bus0": 6473, "bus1": 6474, "length": 18829.009026913202, "circuits": 1.0, "Vbase": 300.0, "ug": false, "uc": 0.0, "lat": [ 61.5254574445884, 61.576996, 61.5822129391189 ], "lon": [ 10.134556663921, 10.015411, 9.8222236615291 ], "x": "[241376.29291825 235491.06238361 225300.7475719 ]", "y": "[6830978.46507212 6837186.70642328 6838567.02399113]", "source": "Pypsa 2019-09-04", "info": { }, "line_id": 1183, "bus0_name": "Harpefossen", "bus1_name": "Nedre Vinstra", "from_node": 77, "to_node": 73, "overlap_delaunay1": true, "overlap_delaunay2": false, "overlap_delaunay3": false, "overlap_delaunay4": false, "overlap_delaunay5": false, "overlap_mst": true, "delaunay_category": "Delaunay1", "category": "MST" }, "geometry": { "type": "LineString", "coordinates": [ [ 10.134556663921, 61.52545744458839 ], [ 10.015411, 61.576996 ], [ 9.822223661529101, 61.582212939118897 ] ] } },
{ "type": "Feature", "properties": { "area0": "NO1", "area1": "NO1", "bus0": 6470, "bus1": 6474, "length": 55343.374401216905, "circuits": 1.0, "Vbase": 300.0, "ug": false, "uc": 0.0, "lat": [ 61.5820510720919, 61.1771951957957 ], "lon": [ 9.82203627222881, 10.4216467277712 ], "x": "[225289.38691264 253896.85481475]", "y": "[6838549.82447093 6791145.74188964]", "source": "Pypsa 2019-09-04", "info": { }, "line_id": 1319, "bus0_name": "unknown", "bus1_name": "Nedre Vinstra", "from_node": 80, "to_node": 73, "overlap_delaunay1": false, "overlap_delaunay2": true, "overlap_delaunay3": false, "overlap_delaunay4": false, "overlap_delaunay5": false, "overlap_mst": false, "delaunay_category": "Delaunay2", "category": "Delaunay2" }, "geometry": { "type": "LineString", "coordinates": [ [ 9.822036272228809, 61.582051072091893 ], [ 10.421646727771199, 61.177195195795676 ] ] } },
{ "type": "Feature", "properties": { "area0": "NO1", "area1": "NO1", "bus0": 6374, "bus1": 6477, "length": 31946.686305925097, "circuits": 1.0, "Vbase": 300.0, "ug": false, "uc": 0.0, "lat": [ 59.5098224111853, 59.459035, 59.3179476400378 ], "lon": [ 10.7711050212942, 10.938263, 11.1810402633066 ], "x": "[260746.93866941 269850.61354562 282695.23497307]", "y": "[6604436.96920599 6598198.08908498 6581688.31074924]", "source": "Pypsa 2019-09-04", "info": { }, "line_id": 1223, "bus0_name": "Hasle", "bus1_name": "unknown", "from_node": 90, "to_node": 85, "overlap_delaunay1": true, "overlap_delaunay2": false, "overlap_delaunay3": false, "overlap_delaunay4": false, "overlap_delaunay5": false, "overlap_mst": true, "delaunay_category": "Delaunay1", "category": "MST" }, "geometry": { "type": "LineString", "coordinates": [ [ 10.771105021294202, 59.509822411185297 ], [ 10.938263, 59.459035 ], [ 11.181040263306601, 59.317947640037772 ] ] } },
{ "type": "Feature", "properties": { "area0": "NO1", "area1": "NO2", "bus0": 6464, "bus1": 6479, "length": 21776.1382164389, "circuits": 1.0, "Vbase": 300.0, "ug": false, "uc": 0.0, "lat": [ 59.7215984401969, 59.5540025298414 ], "lon": [ 9.92363101899302, 10.122297981007 ], "x": "[214660.15158855 224441.68288437]", "y": "[6631333.82715757 6611864.43995825]", "source": "Pypsa 2019-09-04", "info": { }, "line_id": 1222, "bus0_name": "unknown", "bus1_name": "unknown", "from_node": 74, "to_node": 76, "overlap_delaunay1": true, "overlap_delaunay2": false, "overlap_delaunay3": false, "overlap_delaunay4": false, "overlap_delaunay5": false, "overlap_mst": true, "delaunay_category": "Delaunay1", "category": "MST" }, "geometry": { "type": "LineString", "coordinates": [ [ 9.923631018993021, 59.721598440196921 ], [ 10.122297981006996, 59.554002529841412 ] ] } },
{ "type": "Feature", "properties": { "area0": "NO2", "area1": "NO2", "bus0": 6463, "bus1": 6479, "length": 23809.611960460399, "circuits": 1.0, "Vbase": 300.0, "ug": false, "uc": 0.0, "lat": [ 59.5536277481185, 59.3837651612086 ], "lon": [ 10.1227991613566, 10.3776888386434 ], "x": "[224466.89812627 237535.77734308]", "y": "[6611820.6974666  6591904.51142396]", "source": "Pypsa 2019-09-04", "info": { }, "line_id": 1324, "bus0_name": "unknown", "bus1_name": "unknown", "from_node": 79, "to_node": 76, "overlap_delaunay1": true, "overlap_delaunay2": false, "overlap_delaunay3": false, "overlap_delaunay4": false, "overlap_delaunay5": false, "overlap_mst": true, "delaunay_category": "Delaunay1", "category": "MST" }, "geometry": { "type": "LineString", "coordinates": [ [ 10.122799161356602, 59.553627748118494 ], [ 10.377688838643397, 59.383765161208601 ] ] } },
{ "type": "Feature", "properties": { "area0": "NO1", "area1": "NO1", "bus0": 6464, "bus1": 6480, "length": 31280.2093740239, "circuits": 1.0, "Vbase": 300.0, "ug": false, "uc": 0.0, "lat": [ 59.7217464908596, 59.694777, 59.6206616625043 ], "lon": [ 9.92384072822864, 10.184326, 10.4338793474006 ], "x": "[214673.18632588 229079.27962776 242535.66251336]", "y": "[6631349.37954044 6627258.29380604 6618024.00634109]", "source": "Pypsa 2019-09-04", "info": { }, "line_id": 1220, "bus0_name": "unknown", "bus1_name": "unknown", "from_node": 74, "to_node": 81, "overlap_delaunay1": true, "overlap_delaunay2": false, "overlap_delaunay3": false, "overlap_delaunay4": false, "overlap_delaunay5": false, "overlap_mst": false, "delaunay_category": "Delaunay1", "category": "Delaunay1" }, "geometry": { "type": "LineString", "coordinates": [ [ 9.923840728228642, 59.721746490859609 ], [ 10.184326, 59.694777 ], [ 10.4338793474006, 59.620661662504297 ] ] } },
{ "type": "Feature", "properties": { "area0": "NO1", "area1": "NO1", "bus0": 6477, "bus1": 6480, "length": 22612.002328414703, "circuits": 1.0, "Vbase": 300.0, "ug": false, "uc": 0.0, "lat": [ 59.6204234943183, 59.5100629117147 ], "lon": [ 10.4346413064998, 10.7703446935002 ], "x": "[242576.75742538 260705.66505428]", "y": "[6617994.56805957 6604466.45444634]", "source": "Pypsa 2019-09-04", "info": { }, "line_id": 1326, "bus0_name": "unknown", "bus1_name": "unknown", "from_node": 85, "to_node": 81, "overlap_delaunay1": true, "overlap_delaunay2": false, "overlap_delaunay3": false, "overlap_delaunay4": false, "overlap_delaunay5": false, "overlap_mst": true, "delaunay_category": "Delaunay1", "category": "MST" }, "geometry": { "type": "LineString", "coordinates": [ [ 10.434641306499802, 59.62042349431831 ], [ 10.770344693500199, 59.510062911714691 ] ] } },
{ "type": "Feature", "properties": { "area0": "NO1", "area1": "NO1", "bus0": 6471, "bus1": 6481, "length": 98583.602502861002, "circuits": 1.0, "Vbase": 300.0, "ug": false, "uc": 0.0, "lat": [ 60.8185929231344, 60.520806, 60.385362, 59.9586655834956 ], "lon": [ 10.6046346512177, 10.717163, 10.627899, 10.8392789088131 ], "x": "[261041.56261344 264990.89915291 259095.78503552 267737.0926722 ]", "y": "[6750589.86047453 6717066.03074112 6702325.84312071 6654113.09268764]", "source": "Pypsa 2019-09-04", "info": { }, "line_id": 1193, "bus0_name": "unknown", "bus1_name": "Oslo", "from_node": 84, "to_node": 86, "overlap_delaunay1": false, "overlap_delaunay2": true, "overlap_delaunay3": false, "overlap_delaunay4": false, "overlap_delaunay5": false, "overlap_mst": false, "delaunay_category": "Delaunay2", "category": "Delaunay2" }, "geometry": { "type": "LineString", "coordinates": [ [ 10.604634651217701, 60.81859292313441 ], [ 10.717163, 60.520806 ], [ 10.627899, 60.385362 ], [ 10.839278908813101, 59.958665583495595 ] ] } },
{ "type": "Feature", "properties": { "area0": "NO1", "area1": "NO1", "bus0": 6470, "bus1": 6481, "length": 139295.225946764, "circuits": 1.0, "Vbase": 300.0, "ug": false, "uc": 0.0, "lat": [ 59.9586690148575, 60.187281, 60.50323, 60.834204, 61.143235, 61.1768493921434 ], "lon": [ 10.8393080146868, 10.758362, 10.614166, 10.49469, 10.366974, 10.4216300745922 ], "x": "[267738.7400476  264858.45327875 259214.36423961 255190.14473525\n 250693.35765926 253893.26294496]", "y": "[6654113.37209705 6679825.63481608 6715483.96947226 6752731.55175141\n 6787576.81253451 6791107.35234337]", "source": "Pypsa 2019-09-04", "info": { }, "line_id": 1194, "bus0_name": "unknown", "bus1_name": "Oslo", "from_node": 80, "to_node": 86, "overlap_delaunay1": false, "overlap_delaunay2": false, "overlap_delaunay3": true, "overlap_delaunay4": false, "overlap_delaunay5": false, "overlap_mst": false, "delaunay_category": "Delaunay3", "category": "Delaunay3" }, "geometry": { "type": "LineString", "coordinates": [ [ 10.839308014686802, 59.95866901485752 ], [ 10.758362, 60.187281 ], [ 10.614166, 60.50323 ], [ 10.49469, 60.834204 ], [ 10.366974, 61.143235 ], [ 10.421630074592198, 61.176849392143403 ] ] } },
{ "type": "Feature", "properties": { "area0": "NO5", "area1": "NO1", "bus0": 6425, "bus1": 6481, "length": 153532.176845176, "circuits": 1.0, "Vbase": 300.0, "ug": false, "uc": 0.0, "lat": [ 60.7985474278479, 60.629428, 60.083338, 59.95864822685 ], "lon": [ 8.69047458064077, 8.982697, 10.714417, 10.8391860238644 ], "x": "[156949.42547383 171079.3300521  261673.36217357 267731.79056644]", "y": "[6756861.79147691 6736584.93703796 6668423.28416395 6654111.48851781]", "source": "Pypsa 2019-09-04", "info": { }, "line_id": 1199, "bus0_name": "Heimsil 2", "bus1_name": "Oslo", "from_node": 63, "to_node": 86, "overlap_delaunay1": false, "overlap_delaunay2": false, "overlap_delaunay3": true, "overlap_delaunay4": false, "overlap_delaunay5": false, "overlap_mst": false, "delaunay_category": "Delaunay3", "category": "Delaunay3" }, "geometry": { "type": "LineString", "coordinates": [ [ 8.690474580640767, 60.7985474278479 ], [ 8.982697, 60.629428 ], [ 10.714417, 60.083338 ], [ 10.839186023864398, 59.958648226850002 ] ] } },
{ "type": "Feature", "properties": { "area0": "NO1", "area1": "NO1", "bus0": 6477, "bus1": 6481, "length": 58050.211668080003, "circuits": 1.0, "Vbase": 300.0, "ug": false, "uc": 0.0, "lat": [ 59.5100662755138, 59.57746, 59.875844, 59.9582665003214 ], "lon": [ 10.771093389152, 10.968475, 10.958862, 10.8396488420771 ], "x": "[260748.00922094 272361.1816584  273843.77793171 267754.93030448]", "y": "[6604464.13173894 6611265.74988144 6644487.01632395 6654067.40724651]", "source": "Pypsa 2019-09-04", "info": { }, "line_id": 1219, "bus0_name": "unknown", "bus1_name": "Oslo", "from_node": 85, "to_node": 86, "overlap_delaunay1": true, "overlap_delaunay2": false, "overlap_delaunay3": false, "overlap_delaunay4": false, "overlap_delaunay5": false, "overlap_mst": false, "delaunay_category": "Delaunay1", "category": "Delaunay1" }, "geometry": { "type": "LineString", "coordinates": [ [ 10.771093389152002, 59.510066275513772 ], [ 10.968475, 59.57746 ], [ 10.958862, 59.875844 ], [ 10.8396488420771, 59.9582665003214 ] ] } },
{ "type": "Feature", "properties": { "area0": "NO1", "area1": "NO1", "bus0": 6465, "bus1": 6481, "length": 31765.671607629301, "circuits": 2.0, "Vbase": 300.0, "ug": false, "uc": 0.0, "lat": [ 59.9583917746906, 59.8869263466268 ], "lon": [ 10.8389529603539, 10.2891290396462 ], "x": "[267716.99542117 236490.03562669]", "y": "[6654083.7844494  6648197.37986922]", "source": "Pypsa 2019-09-04", "info": { }, "line_id": 1240, "bus0_name": "Sylling", "bus1_name": "Oslo", "from_node": 78, "to_node": 86, "overlap_delaunay1": true, "overlap_delaunay2": false, "overlap_delaunay3": false, "overlap_delaunay4": false, "overlap_delaunay5": false, "overlap_mst": true, "delaunay_category": "Delaunay1", "category": "MST" }, "geometry": { "type": "LineString", "coordinates": [ [ 10.838952960353902, 59.958391774690604 ], [ 10.289129039646202, 59.886926346626794 ] ] } },
{ "type": "Feature", "properties": { "area0": "NO5", "area1": "NO1", "bus0": 6426, "bus1": 6481, "length": 137370.26547454501, "circuits": 1.0, "Vbase": 300.0, "ug": false, "uc": 0.0, "lat": [ 60.5916922065765, 60.593711, 60.065526, 59.9586152142113 ], "lon": [ 8.75929831388194, 8.97445699999999, 10.648499, 10.8390883900414 ], "x": "[158493.32999878 170264.95735009 257880.46943242 267726.1139337 ]", "y": "[6733535.40439331 6732659.61650665 6666682.16587633 6654108.15977064]", "source": "Pypsa 2019-09-04", "info": { }, "line_id": 1301, "bus0_name": "Nes", "bus1_name": "Oslo", "from_node": 64, "to_node": 86, "overlap_delaunay1": false, "overlap_delaunay2": true, "overlap_delaunay3": false, "overlap_delaunay4": false, "overlap_delaunay5": false, "overlap_mst": false, "delaunay_category": "Delaunay2", "category": "Delaunay2" }, "geometry": { "type": "LineString", "coordinates": [ [ 8.759298313881942, 60.591692206576489 ], [ 8.974457, 60.593711 ], [ 10.648499, 60.065526 ], [ 10.8390883900414, 59.958615214211306 ] ] } },
{ "type": "Feature", "properties": { "area0": "NO1", "area1": "NO1", "bus0": 6373, "bus1": 6481, "length": 53383.952311046698, "circuits": 1.0, "Vbase": 300.0, "ug": false, "uc": 0.0, "lat": [ 60.382452531336, 59.9586460078152 ], "lon": [ 11.2882437311845, 10.8395942688154 ], "x": "[295434.32576868 267754.54437166]", "y": "[6699768.68148713 6654109.80787913]", "source": "Pypsa 2019-09-04", "info": { }, "line_id": 1338, "bus0_name": "unknown", "bus1_name": "Oslo", "from_node": 91, "to_node": 86, "overlap_delaunay1": true, "overlap_delaunay2": false, "overlap_delaunay3": false, "overlap_delaunay4": false, "overlap_delaunay5": false, "overlap_mst": true, "delaunay_category": "Delaunay1", "category": "MST" }, "geometry": { "type": "LineString", "coordinates": [ [ 11.288243731184497, 60.382452531335993 ], [ 10.839594268815398, 59.958646007815183 ] ] } },
{ "type": "Feature", "properties": { "area0": "NO2", "area1": "NO2", "bus0": 6439, "bus1": 6483, "length": 11285.974209818402, "circuits": 1.0, "Vbase": 300.0, "ug": false, "uc": 0.0, "lat": [ 59.6675219492121, 59.5693336934671 ], "lon": [ 6.43260496515693, 6.48182403484306 ], "x": "[18229.37468236 19581.84339738]", "y": "[6645561.35039569 6634328.99473345]", "source": "Pypsa 2019-09-04", "info": { }, "line_id": 1226, "bus0_name": "Sauda", "bus1_name": "unknown", "from_node": 20, "to_node": 21, "overlap_delaunay1": true, "overlap_delaunay2": false, "overlap_delaunay3": false, "overlap_delaunay4": false, "overlap_delaunay5": false, "overlap_mst": true, "delaunay_category": "Delaunay1", "category": "MST" }, "geometry": { "type": "LineString", "coordinates": [ [ 6.432604965156933, 59.667521949212087 ], [ 6.48182403484306, 59.569333693467108 ] ] } },
{ "type": "Feature", "properties": { "area0": "NO2", "area1": "NO2", "bus0": 6441, "bus1": 6483, "length": 12069.348893196699, "circuits": 1.0, "Vbase": 300.0, "ug": false, "uc": 0.0, "lat": [ 59.4606582269524, 59.5688875025075 ], "lon": [ 6.49152693407138, 6.4819540659286 ], "x": "[18575.28855639 19582.76844791]", "y": "[6622221.90564757 6634278.63281604]", "source": "Pypsa 2019-09-04", "info": { }, "line_id": 1329, "bus0_name": "Liastølen", "bus1_name": "unknown", "from_node": 22, "to_node": 21, "overlap_delaunay1": true, "overlap_delaunay2": false, "overlap_delaunay3": false, "overlap_delaunay4": false, "overlap_delaunay5": false, "overlap_mst": true, "delaunay_category": "Delaunay1", "category": "MST" }, "geometry": { "type": "LineString", "coordinates": [ [ 6.491526934071381, 59.460658226952397 ], [ 6.481954065928601, 59.568887502507501 ] ] } },
{ "type": "Feature", "properties": { "area0": "NO5", "area1": "NO5", "bus0": 6417, "bus1": 6484, "length": 19169.1927952031, "circuits": 1.0, "Vbase": 300.0, "ug": false, "uc": 0.0, "lat": [ 60.6642137677243, 60.540398, 60.5047463155431 ], "lon": [ 6.10014197635748, 6.090546, 6.1561635808706 ], "x": "[14592.9747897  12200.23569618 15243.36584713]", "y": "[6758350.23828948 6744718.21611851 6740285.55016833]", "source": "Pypsa 2019-09-04", "info": { }, "line_id": 1188, "bus0_name": "Evanger", "bus1_name": "Samnanger", "from_node": 16, "to_node": 18, "overlap_delaunay1": true, "overlap_delaunay2": false, "overlap_delaunay3": false, "overlap_delaunay4": false, "overlap_delaunay5": false, "overlap_mst": true, "delaunay_category": "Delaunay1", "category": "MST" }, "geometry": { "type": "LineString", "coordinates": [ [ 6.10014197635748, 60.664213767724299 ], [ 6.090546, 60.540398 ], [ 6.156163580870603, 60.504746315543088 ] ] } },
{ "type": "Feature", "properties": { "area0": "NO5", "area1": "NO5", "bus0": 6418, "bus1": 6484, "length": 43774.070930110502, "circuits": 1.0, "Vbase": 300.0, "ug": false, "uc": 0.0, "lat": [ 60.1177858596078, 60.5043657284188 ], "lon": [ 6.2978331181315, 6.15654388186852 ], "x": "[17280.69651524 15258.42013284]", "y": "[6696405.10463381 6740240.61288504]", "source": "Pypsa 2019-09-04", "info": { }, "line_id": 1298, "bus0_name": "Mauranger", "bus1_name": "Samnanger", "from_node": 19, "to_node": 18, "overlap_delaunay1": true, "overlap_delaunay2": false, "overlap_delaunay3": false, "overlap_delaunay4": false, "overlap_delaunay5": false, "overlap_mst": true, "delaunay_category": "Delaunay1", "category": "MST" }, "geometry": { "type": "LineString", "coordinates": [ [ 6.2978331181315, 60.1177858596078 ], [ 6.156543881868521, 60.504365728418797 ] ] } },
{ "type": "Feature", "properties": { "area0": "NO2", "area1": "NO2", "bus0": 6439, "bus1": 6486, "length": 67056.731603651904, "circuits": 1.0, "Vbase": 300.0, "ug": false, "uc": 0.0, "lat": [ 59.3173018311181, 59.422728, 59.617075, 59.6676658488745 ], "lon": [ 5.56874210159824, 5.590668, 6.148224, 6.4320730326411 ], "x": "[-35684.77889085 -32781.77118409   1549.40918094  18201.64548536]", "y": "[6613431.95457229 6624918.00079772 6642082.85400823 6645581.16208178]", "source": "Pypsa 2019-09-04", "info": { }, "line_id": 1306, "bus0_name": "Sauda", "bus1_name": "Karstø", "from_node": 20, "to_node": 7, "overlap_delaunay1": false, "overlap_delaunay2": true, "overlap_delaunay3": false, "overlap_delaunay4": false, "overlap_delaunay5": false, "overlap_mst": false, "delaunay_category": "Delaunay2", "category": "Delaunay2" }, "geometry": { "type": "LineString", "coordinates": [ [ 5.568742101598239, 59.317301831118101 ], [ 5.590668, 59.422728 ], [ 6.148224, 59.617075 ], [ 6.432073032641099, 59.667665848874506 ] ] } },
{ "type": "Feature", "properties": { "area0": "NO5", "area1": "NO5", "bus0": 6400, "bus1": 6487, "length": 15568.644895097099, "circuits": 1.0, "Vbase": 300.0, "ug": false, "uc": 0.0, "lat": [ 61.0437535412826, 61.1026886292059 ], "lon": [ 6.61005577710907, 6.87154222289094 ], "x": "[47710.95842158 62571.91237437]", "y": "[6796712.31434428 6801457.6025759 ]", "source": "Pypsa 2019-09-04", "info": { }, "line_id": 1294, "bus0_name": "Refsdal", "bus1_name": "Hove", "from_node": 24, "to_node": 34, "overlap_delaunay1": true, "overlap_delaunay2": false, "overlap_delaunay3": false, "overlap_delaunay4": false, "overlap_delaunay5": false, "overlap_mst": true, "delaunay_category": "Delaunay1", "category": "MST" }, "geometry": { "type": "LineString", "coordinates": [ [ 6.610055777109074, 61.043753541282598 ], [ 6.871542222890945, 61.102688629205886 ] ] } },
{ "type": "Feature", "properties": { "area0": "NO5", "area1": "NO5", "bus0": 6406, "bus1": 6487, "length": 27635.785131493099, "circuits": 1.0, "Vbase": 300.0, "ug": false, "uc": 0.0, "lat": [ 61.1028707092287, 61.2067075890102 ], "lon": [ 6.87235450857591, 7.33846049142409 ], "x": "[62617.98931062 88974.48289777]", "y": "[6801472.32826469 6809947.77257228]", "source": "Pypsa 2019-09-04", "info": { }, "line_id": 6488, "bus0_name": "Fardal in Sogn", "bus1_name": "Hove", "from_node": 47, "to_node": 34, "overlap_delaunay1": true, "overlap_delaunay2": false, "overlap_delaunay3": false, "overlap_delaunay4": false, "overlap_delaunay5": false, "overlap_mst": true, "delaunay_category": "Delaunay1", "category": "MST" }, "geometry": { "type": "LineString", "coordinates": [ [ 6.872354508575911, 61.102870709228682 ], [ 7.338460491424094, 61.206707589010193 ] ] } },
{ "type": "Feature", "properties": { "area0": "NO5", "area1": "NO5", "bus0": 6484, "bus1": 6490, "length": 42985.491775854302, "circuits": 1.0, "Vbase": 300.0, "ug": false, "uc": 0.0, "lat": [ 60.3473675863945, 60.355489, 60.5044825591235 ], "lon": [ 5.44966206859898, 5.56732200000001, 6.1560661987335 ], "x": "[-25848.09326227 -19270.48342134  15234.09639814]", "y": "[6728315.83744473 6728277.16439811 6740257.07571447]", "source": "Pypsa 2019-09-04", "info": { }, "line_id": 1190, "bus0_name": "Samnanger", "bus1_name": "Bergen", "from_node": 18, "to_node": 4, "overlap_delaunay1": true, "overlap_delaunay2": false, "overlap_delaunay3": false, "overlap_delaunay4": false, "overlap_delaunay5": false, "overlap_mst": false, "delaunay_category": "Delaunay1", "category": "Delaunay1" }, "geometry": { "type": "LineString", "coordinates": [ [ 5.449662068598981, 60.347367586394498 ], [ 5.567322, 60.355489 ], [ 6.156066198733502, 60.504482559123488 ] ] } },
{ "type": "Feature", "properties": { "area0": "NO5", "area1": "NO5", "bus0": 6414, "bus1": 6490, "length": 8563.3793767810894, "circuits": 1.0, "Vbase": 300.0, "ug": false, "uc": 0.0, "lat": [ 60.347548658575, 60.4210988202387 ], "lon": [ 5.44934852146189, 5.49440747853811 ], "x": "[-25862.34690621 -22209.23918633]", "y": "[6728338.3717858 6736111.5322083]", "source": "Pypsa 2019-09-04", "info": { }, "line_id": 1191, "bus0_name": "unknown", "bus1_name": "Bergen", "from_node": 6, "to_node": 4, "overlap_delaunay1": true, "overlap_delaunay2": false, "overlap_delaunay3": false, "overlap_delaunay4": false, "overlap_delaunay5": false, "overlap_mst": true, "delaunay_category": "Delaunay1", "category": "MST" }, "geometry": { "type": "LineString", "coordinates": [ [ 5.449348521461896, 60.347548658574986 ], [ 5.494407478538114, 60.421098820238704 ] ] } },
{ "type": "Feature", "properties": { "area0": "NO5", "area1": "NO5", "bus0": 6489, "bus1": 6490, "length": 15987.3264811558, "circuits": 1.0, "Vbase": 300.0, "ug": false, "uc": 0.0, "lat": [ 60.3475049452022, 60.4563736165114 ], "lon": [ 5.44892803336274, 5.25999596663728 ], "x": "[-25886.09481711 -34441.13186579]", "y": "[6728336.90729099 6741900.29196669]", "source": "Pypsa 2019-09-04", "info": { }, "line_id": 1192, "bus0_name": "unknown", "bus1_name": "Bergen", "from_node": 1, "to_node": 4, "overlap_delaunay1": true, "overlap_delaunay2": false, "overlap_delaunay3": false, "overlap_delaunay4": false, "overlap_delaunay5": false, "overlap_mst": false, "delaunay_category": "Delaunay1", "category": "Delaunay1" }, "geometry": { "type": "LineString", "coordinates": [ [ 5.448928033362743, 60.347504945202203 ], [ 5.259995966637279, 60.456373616511407 ] ] } },
{ "type": "Feature", "properties": { "area0": "NO2", "area1": "NO2", "bus0": 6437, "bus1": 6491, "length": 30560.773358184801, "circuits": 1.0, "Vbase": 300.0, "ug": false, "uc": 0.0, "lat": [ 59.7679278130243, 59.60457, 59.4955276139223 ], "lon": [ 5.46153837997944, 5.43273900000001, 5.39984764240094 ], "x": "[-34527.45628172 -38762.58535441 -42364.59438021]", "y": "[6664142.76218546 6646310.21266633 6634519.60030648]", "source": "Pypsa 2019-09-04", "info": { }, "line_id": 1305, "bus0_name": "unknown", "bus1_name": "unknown", "from_node": 5, "to_node": 3, "overlap_delaunay1": true, "overlap_delaunay2": false, "overlap_delaunay3": false, "overlap_delaunay4": false, "overlap_delaunay5": false, "overlap_mst": true, "delaunay_category": "Delaunay1", "category": "MST" }, "geometry": { "type": "LineString", "coordinates": [ [ 5.461538379979437, 59.767927813024293 ], [ 5.432739, 59.60457 ], [ 5.399847642400939, 59.495527613922306 ] ] } },
{ "type": "Feature", "properties": { "area0": "NO2", "area1": "NO2", "bus0": 6486, "bus1": 6492, "length": 27715.857999317999, "circuits": 1.0, "Vbase": 300.0, "ug": false, "uc": 0.0, "lat": [ 59.2260219102303, 59.367494, 59.3172767271476 ], "lon": [ 5.26275334249346, 5.51651, 5.56848636133305 ], "x": "[-54473.27977508 -37840.51737141 -35699.63751572]", "y": "[6605850.65877558 6619407.13827865 6613431.24345771]", "source": "Pypsa 2019-09-04", "info": { }, "line_id": 1214, "bus0_name": "Karstø", "bus1_name": "unknown", "from_node": 7, "to_node": 2, "overlap_delaunay1": true, "overlap_delaunay2": false, "overlap_delaunay3": false, "overlap_delaunay4": false, "overlap_delaunay5": false, "overlap_mst": true, "delaunay_category": "Delaunay1", "category": "MST" }, "geometry": { "type": "LineString", "coordinates": [ [ 5.262753342493458, 59.226021910230322 ], [ 5.51651, 59.367494 ], [ 5.568486361333052, 59.317276727147615 ] ] } },
{ "type": "Feature", "properties": { "area0": "NO2", "area1": "NO2", "bus0": 6439, "bus1": 6492, "length": 90490.90256432131, "circuits": 1.0, "Vbase": 300.0, "ug": false, "uc": 0.0, "lat": [ 59.6677590042909, 59.680222, 59.482056, 59.408054, 59.307263, 59.2260614260166 ], "lon": [ 6.43204935368545, 6.12350499999999, 5.53848299999999, 5.50826999999999, 5.33523599999999, 5.26263712238745 ], "x": "[ 18201.66046092   1105.08720926 -34781.60468333 -37660.16764161\n -49049.72497309 -54479.22261255]", "y": "[6645591.6512459  6649259.851717   6631901.53560827 6623960.51604581\n 6614231.61484518 6605855.99960897]", "source": "Pypsa 2019-09-04", "info": { }, "line_id": 1215, "bus0_name": "Sauda", "bus1_name": "unknown", "from_node": 20, "to_node": 2, "overlap_delaunay1": false, "overlap_delaunay2": true, "overlap_delaunay3": false, "overlap_delaunay4": false, "overlap_delaunay5": false, "overlap_mst": false, "delaunay_category": "Delaunay2", "category": "Delaunay2" }, "geometry": { "type": "LineString", "coordinates": [ [ 6.432049353685446, 59.667759004290893 ], [ 6.123505, 59.680222 ], [ 5.538483, 59.482056 ], [ 5.50827, 59.408054 ], [ 5.335236, 59.307263 ], [ 5.26263712238745, 59.226061426016599 ] ] } },
{ "type": "Feature", "properties": { "area0": "NO2", "area1": "NO2", "bus0": 6491, "bus1": 6492, "length": 31443.393213572203, "circuits": 1.0, "Vbase": 300.0, "ug": false, "uc": 0.0, "lat": [ 59.4950804203257, 59.440188, 59.301655, 59.2260826037402 ], "lon": [ 5.39968564151103, 5.37643399999999, 5.26107799999999, 5.26244684580098 ], "x": "[-42380.91193859 -44575.07433784 -53334.43480991 -54489.66177709]", "y": "[6634471.47157826 6628591.71665073 6614227.9805749  6605859.93152981]", "source": "Pypsa 2019-09-04", "info": { }, "line_id": 1304, "bus0_name": "unknown", "bus1_name": "unknown", "from_node": 3, "to_node": 2, "overlap_delaunay1": true, "overlap_delaunay2": false, "overlap_delaunay3": false, "overlap_delaunay4": false, "overlap_delaunay5": false, "overlap_mst": false, "delaunay_category": "Delaunay1", "category": "Delaunay1" }, "geometry": { "type": "LineString", "coordinates": [ [ 5.399685641511031, 59.495080420325692 ], [ 5.376434, 59.440188 ], [ 5.261078, 59.301655 ], [ 5.262446845800979, 59.226082603740203 ] ] } },
{ "type": "Feature", "properties": { "area0": "NO5", "area1": "NO5", "bus0": 6489, "bus1": 6493, "length": 30956.761479867699, "circuits": 1.0, "Vbase": 300.0, "ug": false, "uc": 0.0, "lat": [ 60.456736631042, 60.703237856938 ], "lon": [ 5.25949903489562, 4.99898496510438 ], "x": "[-34462.26904169 -44498.33031221]", "y": "[6741944.47106549 6771332.91055949]", "source": "Pypsa 2019-09-04", "info": { }, "line_id": 1296, "bus0_name": "unknown", "bus1_name": "unknown", "from_node": 1, "to_node": 0, "overlap_delaunay1": true, "overlap_delaunay2": false, "overlap_delaunay3": false, "overlap_delaunay4": false, "overlap_delaunay5": false, "overlap_mst": true, "delaunay_category": "Delaunay1", "category": "MST" }, "geometry": { "type": "LineString", "coordinates": [ [ 5.259499034895623, 60.456736631041998 ], [ 4.998984965104381, 60.70323785693801 ] ] } },
{ "type": "Feature", "properties": { "area0": "NO3", "area1": "NO3", "bus0": 6559, "bus1": 6560, "length": 25639.2366001431, "circuits": 1.0, "Vbase": 300.0, "ug": false, "uc": 0.0, "lat": [ 63.979469495752, 63.951246, 63.7796426966659 ], "lon": [ 11.4783430752882, 11.578217, 11.4725900216729 ], "x": "[327688.52106056 332402.85053746 326176.26779962]", "y": "[7099487.2232063  7096079.44933675 7077261.76986957]", "source": "Pypsa 2019-09-04", "info": { }, "line_id": 1289, "bus0_name": "unknown", "bus1_name": "unknown", "from_node": 93, "to_node": 92, "overlap_delaunay1": true, "overlap_delaunay2": false, "overlap_delaunay3": false, "overlap_delaunay4": false, "overlap_delaunay5": false, "overlap_mst": true, "delaunay_category": "Delaunay1", "category": "MST" }, "geometry": { "type": "LineString", "coordinates": [ [ 11.478343075288201, 63.979469495752006 ], [ 11.578217, 63.951246 ], [ 11.472590021672898, 63.779642696665924 ] ] } },
{ "type": "Feature", "properties": { "area0": "NO1", "area1": "NO1", "bus0": 6470, "bus1": 6562, "length": 82612.759856937497, "circuits": 1.0, "Vbase": 300.0, "ug": false, "uc": 0.0, "lat": [ 61.1772109351942, 61.8371700962372 ], "lon": [ 10.4221094043951, 11.1289465956049 ], "x": "[253921.81974131 296249.48171302]", "y": "[6791145.74928566 6862112.3792135 ]", "source": "Pypsa 2019-09-04", "info": { }, "line_id": 1182, "bus0_name": "unknown", "bus1_name": "Rendalen", "from_node": 80, "to_node": 88, "overlap_delaunay1": true, "overlap_delaunay2": false, "overlap_delaunay3": false, "overlap_delaunay4": false, "overlap_delaunay5": false, "overlap_mst": false, "delaunay_category": "Delaunay1", "category": "Delaunay1" }, "geometry": { "type": "LineString", "coordinates": [ [ 10.422109404395101, 61.177210935194218 ], [ 11.128946595604901, 61.837170096237202 ] ] } },
{ "type": "Feature", "properties": { "area0": "NO3", "area1": "NO3", "bus0": 6560, "bus1": 6599, "length": 42360.417254709202, "circuits": 1.0, "Vbase": 300.0, "ug": false, "uc": 0.0, "lat": [ 63.7792842667966, 63.4574296446683 ], "lon": [ 11.4722350100571, 11.0181519899429 ], "x": "[326156.58070432 301567.60280825]", "y": "[7077222.84318001 7042728.25514289]", "source": "Pypsa 2019-09-04", "info": { }, "line_id": 1290, "bus0_name": "unknown", "bus1_name": "unknown", "from_node": 92, "to_node": 87, "overlap_delaunay1": true, "overlap_delaunay2": false, "overlap_delaunay3": false, "overlap_delaunay4": false, "overlap_delaunay5": false, "overlap_mst": true, "delaunay_category": "Delaunay1", "category": "MST" }, "geometry": { "type": "LineString", "coordinates": [ [ 11.472235010057098, 63.779284266796587 ], [ 11.018151989942901, 63.457429644668288 ] ] } },
{ "type": "Feature", "properties": { "area0": "NO3", "area1": "NO3", "bus0": 6599, "bus1": 6600, "length": 29662.113492755401, "circuits": 1.0, "Vbase": 300.0, "ug": false, "uc": 0.0, "lat": [ 63.4013872743893, 63.423488, 63.4571907093831 ], "lon": [ 10.4402013779148, 10.813293, 11.0174939283141 ], "x": "[272355.57909749 291122.04256207 301533.18482982]", "y": "[7038417.56433341 7039603.86826973 7042703.71094939]", "source": "Pypsa 2019-09-04", "info": { }, "line_id": 1291, "bus0_name": "unknown", "bus1_name": "unknown", "from_node": 87, "to_node": 82, "overlap_delaunay1": true, "overlap_delaunay2": false, "overlap_delaunay3": false, "overlap_delaunay4": false, "overlap_delaunay5": false, "overlap_mst": true, "delaunay_category": "Delaunay1", "category": "MST" }, "geometry": { "type": "LineString", "coordinates": [ [ 10.4402013779148, 63.401387274389293 ], [ 10.813293, 63.423488 ], [ 11.017493928314099, 63.457190709383084 ] ] } },
{ "type": "Feature", "properties": { "area0": "NO3", "area1": "NO3", "bus0": 6560, "bus1": 6601, "length": 84842.698575108603, "circuits": 1.0, "Vbase": 300.0, "ug": false, "uc": 0.0, "lat": [ 63.779267150403, 63.703506, 63.409354, 63.2769667913878 ], "lon": [ 11.4726336570695, 11.538391, 11.15387, 10.4580241866236 ], "x": "[326176.104986   328956.65929819 308003.11890333 272261.90560148]", "y": "[7077219.85255482 7068609.87886571 7036965.1355497  7024517.13691458]", "source": "Pypsa 2019-09-04", "info": { }, "line_id": 1173, "bus0_name": "unknown", "bus1_name": "unknown", "from_node": 92, "to_node": 83, "overlap_delaunay1": false, "overlap_delaunay2": true, "overlap_delaunay3": false, "overlap_delaunay4": false, "overlap_delaunay5": false, "overlap_mst": false, "delaunay_category": "Delaunay2", "category": "Delaunay2" }, "geometry": { "type": "LineString", "coordinates": [ [ 11.472633657069499, 63.779267150403001 ], [ 11.538391, 63.703506 ], [ 11.15387, 63.409354 ], [ 10.458024186623598, 63.2769667913878 ] ] } },
{ "type": "Feature", "properties": { "area0": "NO3", "area1": "NO3", "bus0": 6600, "bus1": 6601, "length": 13858.6766774345, "circuits": 1.0, "Vbase": 300.0, "ug": false, "uc": 0.0, "lat": [ 63.2770887040084, 63.4011611611364 ], "lon": [ 10.4575822753626, 10.4397867246374 ], "x": "[272240.73765716 272333.11070684]", "y": "[7024532.26543426 7038393.89232488]", "source": "Pypsa 2019-09-04", "info": { }, "line_id": 1174, "bus0_name": "unknown", "bus1_name": "unknown", "from_node": 82, "to_node": 83, "overlap_delaunay1": true, "overlap_delaunay2": false, "overlap_delaunay3": false, "overlap_delaunay4": false, "overlap_delaunay5": false, "overlap_mst": true, "delaunay_category": "Delaunay1", "category": "MST" }, "geometry": { "type": "LineString", "coordinates": [ [ 10.457582275362599, 63.277088704008392 ], [ 10.439786724637404, 63.4011611611364 ] ] } },
{ "type": "Feature", "properties": { "area0": "NO3", "area1": "NO3", "bus0": 6601, "bus1": 6604, "length": 28295.874701792596, "circuits": 1.0, "Vbase": 300.0, "ug": false, "uc": 0.0, "lat": [ 63.2719119610727, 63.268241, 63.23672, 63.2768450273625 ], "lon": [ 9.93345548452976, 9.979706, 10.04837, 10.4571728802973 ], "x": "[245953.95778806 248237.46675597 251404.62188641 272218.31283212]", "y": "[7025926.84621545 7025336.24290126 7021564.05246917 7024506.62040915]", "source": "Pypsa 2019-09-04", "info": { }, "line_id": 1292, "bus0_name": "unknown", "bus1_name": "Trondheim", "from_node": 83, "to_node": 75, "overlap_delaunay1": true, "overlap_delaunay2": false, "overlap_delaunay3": false, "overlap_delaunay4": false, "overlap_delaunay5": false, "overlap_mst": true, "delaunay_category": "Delaunay1", "category": "MST" }, "geometry": { "type": "LineString", "coordinates": [ [ 9.933455484529759, 63.271911961072703 ], [ 9.979706, 63.268241 ], [ 10.04837, 63.23672 ], [ 10.4571728802973, 63.276845027362491 ] ] } },
{ "type": "Feature", "properties": { "area0": "NO3", "area1": "NO3", "bus0": 6604, "bus1": 6608, "length": 103554.26832666199, "circuits": 1.0, "Vbase": 300.0, "ug": false, "uc": 0.0, "lat": [ 62.6799952696754, 63.021959, 63.202068, 63.2717982207385 ], "lon": [ 8.48028947595439, 8.897552, 9.79156500000001, 9.93271247746952 ], "x": "[166568.0940664  191471.76503967 238219.01803986 245915.75869045]", "y": "[6966816.59115918 7002697.80678609 7018734.3116326  7025917.14843941]", "source": "Pypsa 2019-09-04", "info": { }, "line_id": 1175, "bus0_name": "Trondheim", "bus1_name": "Aura", "from_node": 75, "to_node": 61, "overlap_delaunay1": true, "overlap_delaunay2": false, "overlap_delaunay3": false, "overlap_delaunay4": false, "overlap_delaunay5": false, "overlap_mst": true, "delaunay_category": "Delaunay1", "category": "MST" }, "geometry": { "type": "LineString", "coordinates": [ [ 8.48028947595439, 62.679995269675388 ], [ 8.897552, 63.021959 ], [ 9.791565, 63.202068 ], [ 9.93271247746952, 63.271798220738503 ] ] } },
{ "type": "Feature", "properties": { "area0": "NO1", "area1": "NO3", "bus0": 6472, "bus1": 6610, "length": 48199.023282678398, "circuits": 1.0, "Vbase": 300.0, "ug": false, "uc": 0.0, "lat": [ 61.4737493854326, 61.8857303116309 ], "lon": [ 9.34098909482856, 9.06385690517144 ], "x": "[198763.59804998 188227.9252406 ]", "y": "[6828643.38694208 6875713.94028209]", "source": "Pypsa 2019-09-04", "info": { }, "line_id": 1341, "bus0_name": "Øvre Vinstra", "bus1_name": "unknown", "from_node": 70, "to_node": 69, "overlap_delaunay1": true, "overlap_delaunay2": false, "overlap_delaunay3": false, "overlap_delaunay4": false, "overlap_delaunay5": false, "overlap_mst": true, "delaunay_category": "Delaunay1", "category": "MST" }, "geometry": { "type": "LineString", "coordinates": [ [ 9.340989094828558, 61.473749385432598 ], [ 9.063856905171438, 61.885730311630901 ] ] } },
{ "type": "Feature", "properties": { "area0": "NO3", "area1": "NO3", "bus0": 6608, "bus1": 6610, "length": 93475.106910836999, "circuits": 1.0, "Vbase": 300.0, "ug": false, "uc": 0.0, "lat": [ 61.8861304294624, 62.6796217603448 ], "lon": [ 9.06357629708208, 8.48021670291793 ], "x": "[188217.29259841 166560.17219532]", "y": "[6875759.72859176 6966775.51115917]", "source": "Pypsa 2019-09-04", "info": { }, "line_id": 6798, "bus0_name": "Aura", "bus1_name": "unknown", "from_node": 61, "to_node": 69, "overlap_delaunay1": true, "overlap_delaunay2": false, "overlap_delaunay3": false, "overlap_delaunay4": false, "overlap_delaunay5": false, "overlap_mst": true, "delaunay_category": "Delaunay1", "category": "MST" }, "geometry": { "type": "LineString", "coordinates": [ [ 9.063576297082077, 61.886130429462384 ], [ 8.480216702917932, 62.679621760344801 ] ] } },
{ "type": "Feature", "properties": { "area0": "NO4", "area1": "NO4", "bus0": 6679, "bus1": 6681, "length": 133606.046219571, "circuits": 1.0, "Vbase": 300.0, "ug": false, "uc": 0.0, "lat": [ 64.7121538049621, 64.899085, 65.840840797509 ], "lon": [ 12.8007518054283, 13.21106, 13.2893214989242 ], "x": "[395192.48704599 415330.24472587 421882.31692084]", "y": "[7178194.34424278 7198405.00192442 7303234.03446589]", "source": "Pypsa 2019-09-04", "info": { }, "line_id": 1168, "bus0_name": "unknown", "bus1_name": "Tunnsjødal", "from_node": 98, "to_node": 96, "overlap_delaunay1": false, "overlap_delaunay2": true, "overlap_delaunay3": false, "overlap_delaunay4": false, "overlap_delaunay5": false, "overlap_mst": false, "delaunay_category": "Delaunay2", "category": "Delaunay2" }, "geometry": { "type": "LineString", "coordinates": [ [ 12.800751805428302, 64.712153804962099 ], [ 13.21106, 64.899085 ], [ 13.289321498924201, 65.840840797508989 ] ] } },
{ "type": "Feature", "properties": { "area0": "NO3", "area1": "NO4", "bus0": 6560, "bus1": 6681, "length": 126521.63822592801, "circuits": 1.0, "Vbase": 300.0, "ug": false, "uc": 0.0, "lat": [ 63.7796062904629, 63.930131, 64.094408, 64.163319, 64.372002, 64.7118430273195 ], "lon": [ 11.4727520877278, 11.745758, 12.22229, 12.33902, 12.406311, 12.800246571604 ], "x": "[326184.02386751 340483.29335943 364627.55937393 370634.75340146\n 374853.10691038 395167.21479033]", "y": "[7077257.27654895 7093299.18511392 7110486.88012681 7117917.88744172\n 7141022.96962071 7178160.56213003]", "source": "Pypsa 2019-09-04", "info": { }, "line_id": 1171, "bus0_name": "unknown", "bus1_name": "Tunnsjødal", "from_node": 92, "to_node": 96, "overlap_delaunay1": true, "overlap_delaunay2": false, "overlap_delaunay3": false, "overlap_delaunay4": false, "overlap_delaunay5": false, "overlap_mst": false, "delaunay_category": "Delaunay1", "category": "Delaunay1" }, "geometry": { "type": "LineString", "coordinates": [ [ 11.4727520877278, 63.77960629046288 ], [ 11.745758, 63.930131 ], [ 12.22229, 64.094408 ], [ 12.33902, 64.163319 ], [ 12.406311, 64.372002 ], [ 12.800246571603997, 64.711843027319489 ] ] } },
{ "type": "Feature", "properties": { "area0": "NO4", "area1": "NO3", "bus0": 6681, "bus1": 6682, "length": 63379.659299775303, "circuits": 1.0, "Vbase": 300.0, "ug": false, "uc": 0.0, "lat": [ 64.7119272477945, 64.4539365784261 ], "lon": [ 12.8000477098401, 11.6211872901599 ], "x": "[395158.06652671 337480.45031201]", "y": "[7178170.27263348 7151924.40595946]", "source": "Pypsa 2019-09-04", "info": { }, "line_id": 1172, "bus0_name": "Tunnsjødal", "bus1_name": "unknown", "from_node": 96, "to_node": 94, "overlap_delaunay1": true, "overlap_delaunay2": false, "overlap_delaunay3": false, "overlap_delaunay4": false, "overlap_delaunay5": false, "overlap_mst": true, "delaunay_category": "Delaunay1", "category": "MST" }, "geometry": { "type": "LineString", "coordinates": [ [ 12.800047709840101, 64.711927247794506 ], [ 11.621187290159902, 64.453936578426081 ] ] } },
{ "type": "Feature", "properties": { "area0": "NO3", "area1": "NO3", "bus0": 6559, "bus1": 6682, "length": 53281.6677376925, "circuits": 1.0, "Vbase": 300.0, "ug": false, "uc": 0.0, "lat": [ 63.9797705313635, 64.4536577724636 ], "lon": [ 11.4780240828036, 11.6207309171964 ], "x": "[327674.77834655 337456.86149937]", "y": "[7099521.59188702 7151894.53838942]", "source": "Pypsa 2019-09-04", "info": { }, "line_id": 1288, "bus0_name": "unknown", "bus1_name": "unknown", "from_node": 93, "to_node": 94, "overlap_delaunay1": true, "overlap_delaunay2": false, "overlap_delaunay3": false, "overlap_delaunay4": false, "overlap_delaunay5": false, "overlap_mst": true, "delaunay_category": "Delaunay1", "category": "MST" }, "geometry": { "type": "LineString", "coordinates": [ [ 11.478024082803598, 63.979770531363499 ], [ 11.620730917196399, 64.4536577724636 ] ] } },
{ "type": "Feature", "properties": { "area0": "NO4", "area1": "NO4", "bus0": 6679, "bus1": 6788, "length": 39896.214859548098, "circuits": 1.0, "Vbase": 300.0, "ug": false, "uc": 0.0, "lat": [ 65.8411786295917, 66.142590186949 ], "lon": [ 13.2895783846357, 13.7628816153643 ], "x": "[421895.07086053 444168.0382442 ]", "y": "[7303271.35867397 7336354.98119878]", "source": "Pypsa 2019-09-04", "info": { }, "line_id": 1287, "bus0_name": "unknown", "bus1_name": "Røssåga", "from_node": 98, "to_node": 99, "overlap_delaunay1": true, "overlap_delaunay2": false, "overlap_delaunay3": false, "overlap_delaunay4": false, "overlap_delaunay5": false, "overlap_mst": true, "delaunay_category": "Delaunay1", "category": "MST" }, "geometry": { "type": "LineString", "coordinates": [ [ 13.289578384635698, 65.841178629591695 ], [ 13.762881615364298, 66.142590186948993 ] ] } },
{ "type": "Feature", "properties": { "area0": "NO5", "area1": "NO5", "bus0": 6401, "bus1": 7283, "length": 8638.1581612874597, "circuits": 1.0, "Vbase": 300.0, "ug": false, "uc": 0.0, "lat": [ 61.2925758263129, 61.259009 ], "lon": [ 7.43871384017273, 7.29354899999999 ], "x": "[95443.75722474 87260.58695304]", "y": "[6818839.64387469 6816029.05059365]", "source": "Pypsa 2019-09-04", "info": { }, "line_id": 1179, "bus0_name": "Årøy", "bus1_name": null, "from_node": 52, "to_node": 46, "overlap_delaunay1": true, "overlap_delaunay2": false, "overlap_delaunay3": false, "overlap_delaunay4": false, "overlap_delaunay5": false, "overlap_mst": true, "delaunay_category": "Delaunay1", "category": "MST" }, "geometry": { "type": "LineString", "coordinates": [ [ 7.438713840172731, 61.292575826312898 ], [ 7.293549, 61.259009 ] ] } },
{ "type": "Feature", "properties": { "area0": "NO5", "area1": "NO5", "bus0": 6403, "bus1": 7283, "length": 25458.997605926801, "circuits": 1.0, "Vbase": 300.0, "ug": false, "uc": 0.0, "lat": [ 61.4471778051346, 61.392116, 61.2590132902709 ], "lon": [ 7.43600599270037, 7.274323, 7.29354838162644 ], "x": "[97297.01797051 87990.3174147  87260.61036665]", "y": "[6835996.06198577 6830904.60648698 6816029.53006106]", "source": "Pypsa 2019-09-04", "info": { }, "line_id": 9664, "bus0_name": "Leirdøla", "bus1_name": null, "from_node": 51, "to_node": 46, "overlap_delaunay1": true, "overlap_delaunay2": false, "overlap_delaunay3": false, "overlap_delaunay4": false, "overlap_delaunay5": false, "overlap_mst": false, "delaunay_category": "Delaunay1", "category": "Delaunay1" }, "geometry": { "type": "LineString", "coordinates": [ [ 7.436005992700371, 61.447177805134594 ], [ 7.274323, 61.392116 ], [ 7.29354838162644, 61.259013290270893 ] ] } },
{ "type": "Feature", "properties": { "area0": "NO5", "area1": "NO5", "bus0": 6406, "bus1": 7283, "length": 6282.0864456034706, "circuits": 1.0, "Vbase": 300.0, "ug": false, "uc": 0.0, "lat": [ 61.2590050153543, 61.2069975626066 ], "lon": [ 7.29355246145681, 7.3386939271593 ], "x": "[87260.71932979 88990.75522822]", "y": "[6816028.5869954  6809978.44484809]", "source": "Pypsa 2019-09-04", "info": { }, "line_id": 9665, "bus0_name": "Fardal in Sogn", "bus1_name": null, "from_node": 47, "to_node": 46, "overlap_delaunay1": true, "overlap_delaunay2": false, "overlap_delaunay3": false, "overlap_delaunay4": false, "overlap_delaunay5": false, "overlap_mst": true, "delaunay_category": "Delaunay1", "category": "MST" }, "geometry": { "type": "LineString", "coordinates": [ [ 7.29355246145681, 61.259005015354298 ], [ 7.338693927159299, 61.206997562606603 ] ] } },
{ "type": "Feature", "properties": { "area0": "NO2", "area1": "NO2", "bus0": 6460, "bus1": 7718, "length": 11477.460110028702, "circuits": 1.0, "Vbase": 300.0, "ug": false, "uc": 0.0, "lat": [ 59.422956030426, 59.525961 ], "lon": [ 8.87146908677323, 8.87558000000001 ], "x": "[152550.08858874 153839.98687641]", "y": "[6603171.40633695 6614588.56314321]", "source": "Pypsa 2019-09-04", "info": { }, "line_id": 1221, "bus0_name": "Sundsbarm", "bus1_name": null, "from_node": 67, "to_node": 68, "overlap_delaunay1": true, "overlap_delaunay2": false, "overlap_delaunay3": false, "overlap_delaunay4": false, "overlap_delaunay5": false, "overlap_mst": true, "delaunay_category": "Delaunay1", "category": "MST" }, "geometry": { "type": "LineString", "coordinates": [ [ 8.871469086773232, 59.422956030426 ], [ 8.87558, 59.525961 ] ] } },
{ "type": "Feature", "properties": { "area0": "NO2", "area1": "NO2", "bus0": 6459, "bus1": 7718, "length": 56012.483020229403, "circuits": 1.0, "Vbase": 300.0, "ug": false, "uc": 0.0, "lat": [ 59.525961, 59.447868, 59.4576020079595 ], "lon": [ 8.87558000000001, 8.018646, 7.9023589880762 ], "x": "[153839.98687641 104600.88616181  98146.88722149]", "y": "[6614588.56314321 6610708.01926531 6612486.58083782]", "source": "Pypsa 2019-09-04", "info": { }, "line_id": 1316, "bus0_name": "Tokke", "bus1_name": null, "from_node": 57, "to_node": 68, "overlap_delaunay1": true, "overlap_delaunay2": false, "overlap_delaunay3": false, "overlap_delaunay4": false, "overlap_delaunay5": false, "overlap_mst": false, "delaunay_category": "Delaunay1", "category": "Delaunay1" }, "geometry": { "type": "LineString", "coordinates": [ [ 8.87558, 59.525961 ], [ 8.018646, 59.447868 ], [ 7.902358988076198, 59.457602007959494 ] ] } },
{ "type": "Feature", "properties": { "area0": "NO2", "area1": "NO2", "bus0": 6467, "bus1": 7718, "length": 54484.849966095899, "circuits": 1.0, "Vbase": 300.0, "ug": false, "uc": 0.0, "lat": [ 59.2821916233179, 59.548937, 59.525961 ], "lon": [ 9.59351817828669, 9.13925200000001, 8.87558000000001 ], "x": "[192149.38001718 168942.90974538 153839.98687641]", "y": "[6583975.69320766 6615794.66358065 6614588.56314321]", "source": "Pypsa 2019-09-04", "info": { }, "line_id": 1346, "bus0_name": "unknown", "bus1_name": null, "from_node": 71, "to_node": 68, "overlap_delaunay1": true, "overlap_delaunay2": false, "overlap_delaunay3": false, "overlap_delaunay4": false, "overlap_delaunay5": false, "overlap_mst": false, "delaunay_category": "Delaunay1", "category": "Delaunay1" }, "geometry": { "type": "LineString", "coordinates": [ [ 9.59351817828669, 59.282191623317892 ], [ 9.139252, 59.548937 ], [ 8.87558, 59.525961 ] ] } },
{ "type": "Feature", "properties": { "area0": "NO2", "area1": "NO2", "bus0": 6452, "bus1": 7865, "length": 5763.4494648501595, "circuits": 1.0, "Vbase": 300.0, "ug": false, "uc": 0.0, "lat": [ 59.7776060953802, 59.725947 ], "lon": [ 7.08071183358623, 7.08618200000001 ], "x": "[56020.39817603 55638.54148959]", "y": "[6653220.39214742 6647457.94642249]", "source": "Pypsa 2019-09-04", "info": { }, "line_id": 1204, "bus0_name": "Kvanndal", "bus1_name": null, "from_node": 40, "to_node": 41, "overlap_delaunay1": true, "overlap_delaunay2": false, "overlap_delaunay3": false, "overlap_delaunay4": false, "overlap_delaunay5": false, "overlap_mst": true, "delaunay_category": "Delaunay1", "category": "MST" }, "geometry": { "type": "LineString", "coordinates": [ [ 7.080711833586231, 59.7776060953802 ], [ 7.086182, 59.725947 ] ] } },
{ "type": "Feature", "properties": { "area0": "NO2", "area1": "NO2", "bus0": 6454, "bus1": 7865, "length": 10316.025093989001, "circuits": 1.0, "Vbase": 300.0, "ug": false, "uc": 0.0, "lat": [ 59.710749147592, 59.725947 ], "lon": [ 6.90534890354665, 7.08618200000001 ], "x": "[45311.10585162 55638.54148959]", "y": "[6647002.88510652 6647457.94642249]", "source": "Pypsa 2019-09-04", "info": { }, "line_id": 1344, "bus0_name": "Ulla-Førre", "bus1_name": null, "from_node": 37, "to_node": 41, "overlap_delaunay1": true, "overlap_delaunay2": false, "overlap_delaunay3": false, "overlap_delaunay4": false, "overlap_delaunay5": false, "overlap_mst": true, "delaunay_category": "Delaunay1", "category": "MST" }, "geometry": { "type": "LineString", "coordinates": [ [ 6.905348903546652, 59.710749147591997 ], [ 7.086182, 59.725947 ] ] } },
{ "type": "Feature", "properties": { "area0": "NO2", "area1": "NO2", "bus0": 6203, "bus1": 7899, "length": 24620.3803494602, "circuits": 1.0, "Vbase": 300.0, "ug": false, "uc": 0.0, "lat": [ 58.878393, 58.6600290714886 ], "lon": [ 6.756592, 6.82244083840907 ], "x": "[25495.6511489  26300.33993803]", "y": "[6555810.47145302 6531145.19986791]", "source": "Pypsa 2019-09-04", "info": { }, "line_id": 1227, "bus0_name": "Tonstad", "bus1_name": null, "from_node": 33, "to_node": 30, "overlap_delaunay1": true, "overlap_delaunay2": false, "overlap_delaunay3": false, "overlap_delaunay4": false, "overlap_delaunay5": false, "overlap_mst": true, "delaunay_category": "Delaunay1", "category": "MST" }, "geometry": { "type": "LineString", "coordinates": [ [ 6.756592, 58.878393 ], [ 6.822440838409068, 58.660029071488609 ] ] } },
{ "type": "Feature", "properties": { "area0": "NO2", "area1": "NO2", "bus0": 6201, "bus1": 7899, "length": 8099.0108691113901, "circuits": 1.0, "Vbase": 300.0, "ug": false, "uc": 0.0, "lat": [ 58.878393, 58.8974912212327 ], "lon": [ 6.756592, 6.89211658288688 ], "x": "[25495.6511489  33530.07933096]", "y": "[6555810.47145302 6556970.60913841]", "source": "Pypsa 2019-09-04", "info": { }, "line_id": 1228, "bus0_name": "Tjørhom", "bus1_name": null, "from_node": 36, "to_node": 30, "overlap_delaunay1": true, "overlap_delaunay2": false, "overlap_delaunay3": false, "overlap_delaunay4": false, "overlap_delaunay5": false, "overlap_mst": true, "delaunay_category": "Delaunay1", "category": "MST" }, "geometry": { "type": "LineString", "coordinates": [ [ 6.756592, 58.878393 ], [ 6.892116582886883, 58.897491221232684 ] ] } },
{ "type": "Feature", "properties": { "area0": "NO2", "area1": "NO2", "bus0": 6448, "bus1": 7899, "length": 21390.167736270701, "circuits": 1.0, "Vbase": 300.0, "ug": false, "uc": 0.0, "lat": [ 59.067868797603, 58.878393 ], "lon": [ 6.69623956883818, 6.756592 ], "x": "[24658.74686671 25495.6511489 ]", "y": "[6577234.90375304 6555810.47145302]", "source": "Pypsa 2019-09-04", "info": { }, "line_id": 1342, "bus0_name": "Tjodan", "bus1_name": null, "from_node": 27, "to_node": 30, "overlap_delaunay1": true, "overlap_delaunay2": false, "overlap_delaunay3": false, "overlap_delaunay4": false, "overlap_delaunay5": false, "overlap_mst": false, "delaunay_category": "Delaunay1", "category": "Delaunay1" }, "geometry": { "type": "LineString", "coordinates": [ [ 6.696239568838181, 59.067868797602998 ], [ 6.756592, 58.878393 ] ] } },
{ "type": "Feature", "properties": { "area0": "NO2", "area1": "NO2", "bus0": 7865, "bus1": 8029, "length": 16089.512922751799, "circuits": 1.0, "Vbase": 300.0, "ug": false, "uc": 0.0, "lat": [ 59.725947, 59.747402 ], "lon": [ 7.08618200000001, 7.36908 ], "x": "[55638.54148959 71751.04120284]", "y": "[6647457.94642249 6647969.87854129]", "source": "Pypsa 2019-09-04", "info": { }, "line_id": 1202, "bus0_name": null, "bus1_name": null, "from_node": 41, "to_node": 49, "overlap_delaunay1": true, "overlap_delaunay2": false, "overlap_delaunay3": false, "overlap_delaunay4": false, "overlap_delaunay5": false, "overlap_mst": false, "delaunay_category": "Delaunay1", "category": "Delaunay1" }, "geometry": { "type": "LineString", "coordinates": [ [ 7.086182, 59.725947 ], [ 7.36908, 59.747402 ] ] } },
{ "type": "Feature", "properties": { "area0": "NO2", "area1": "NO2", "bus0": 6453, "bus1": 8029, "length": 6643.8606542452299, "circuits": 1.0, "Vbase": 300.0, "ug": false, "uc": 0.0, "lat": [ 59.8052506337882, 59.747402 ], "lon": [ 7.34034854947762, 7.36908 ], "x": "[70888.70989037 71751.04120284]", "y": "[6654569.9538082  6647969.87854129]", "source": "Pypsa 2019-09-04", "info": { }, "line_id": 1203, "bus0_name": "Kjela", "bus1_name": null, "from_node": 48, "to_node": 49, "overlap_delaunay1": true, "overlap_delaunay2": false, "overlap_delaunay3": false, "overlap_delaunay4": false, "overlap_delaunay5": false, "overlap_mst": true, "delaunay_category": "Delaunay1", "category": "MST" }, "geometry": { "type": "LineString", "coordinates": [ [ 7.340348549477619, 59.805250633788184 ], [ 7.36908, 59.747402 ] ] } },
{ "type": "Feature", "properties": { "area0": "NO2", "area1": "NO2", "bus0": 6457, "bus1": 8029, "length": 22963.549505370898, "circuits": 1.0, "Vbase": 300.0, "ug": false, "uc": 0.0, "lat": [ 59.747402, 59.7805596750188 ], "lon": [ 7.36908, 7.77238495065667 ], "x": "[71751.04120284 94726.27228627]", "y": "[6647969.87854129 6649105.34881238]", "source": "Pypsa 2019-09-04", "info": { }, "line_id": 1345, "bus0_name": "Songa", "bus1_name": null, "from_node": 54, "to_node": 49, "overlap_delaunay1": true, "overlap_delaunay2": false, "overlap_delaunay3": false, "overlap_delaunay4": false, "overlap_delaunay5": false, "overlap_mst": true, "delaunay_category": "Delaunay1", "category": "MST" }, "geometry": { "type": "LineString", "coordinates": [ [ 7.36908, 59.747402 ], [ 7.772384950656668, 59.780559675018807 ] ] } },
{ "type": "Feature", "properties": { "area0": "NO4", "area1": "NO4", "bus0": 6680, "bus1": 8059, "length": 35965.747583707402, "circuits": 1.0, "Vbase": 300.0, "ug": false, "uc": 0.0, "lat": [ 65.2024523972266, 64.914228 ], "lon": [ 12.7567006100803, 13.099823 ], "x": "[395032.18149114 410117.33270308]", "y": "[7232883.55858483 7200245.54818774]", "source": "Pypsa 2019-09-04", "info": { }, "line_id": 1170, "bus0_name": "Kolsvik", "bus1_name": null, "from_node": 95, "to_node": 97, "overlap_delaunay1": true, "overlap_delaunay2": false, "overlap_delaunay3": false, "overlap_delaunay4": false, "overlap_delaunay5": false, "overlap_mst": true, "delaunay_category": "Delaunay1", "category": "MST" }, "geometry": { "type": "LineString", "coordinates": [ [ 12.756700610080298, 65.202452397226594 ], [ 13.099823, 64.914228 ] ] } },
{ "type": "Feature", "properties": { "area0": "NO4", "area1": "NO4", "bus0": 6788, "bus1": 8059, "length": 144897.23001475399, "circuits": 1.0, "Vbase": 300.0, "ug": false, "uc": 0.0, "lat": [ 66.1425622784358, 66.0799, 65.7199, 64.942742, 64.914228 ], "lon": [ 13.7630992744311, 13.754883, 13.200073, 13.142395, 13.099823 ], "x": "[444177.79889544 443668.24945486 417421.48056599 412223.94972472\n 410117.33270308]", "y": "[7336351.67689812 7329375.51376607 7289872.36354167 7203362.46032959\n 7200245.54818774]", "source": "Pypsa 2019-09-04", "info": { }, "line_id": 1169, "bus0_name": "Røssåga", "bus1_name": null, "from_node": 99, "to_node": 97, "overlap_delaunay1": true, "overlap_delaunay2": false, "overlap_delaunay3": false, "overlap_delaunay4": false, "overlap_delaunay5": false, "overlap_mst": false, "delaunay_category": "Delaunay1", "category": "Delaunay1" }, "geometry": { "type": "LineString", "coordinates": [ [ 13.763099274431099, 66.14256227843579 ], [ 13.754883, 66.0799 ], [ 13.200073, 65.7199 ], [ 13.142395, 64.942742 ], [ 13.099823, 64.914228 ] ] } },
{ "type": "Feature", "properties": { "area0": "NO4", "area1": "NO4", "bus0": 6681, "bus1": 8059, "length": 26634.339113458198, "circuits": 1.0, "Vbase": 300.0, "ug": false, "uc": 0.0, "lat": [ 64.914228, 64.7121759620743 ], "lon": [ 13.099823, 12.8006848876499 ], "x": "[410117.33270308 395189.3847058 ]", "y": "[7200245.54818774 7178196.92305727]", "source": "Pypsa 2019-09-04", "info": { }, "line_id": 1333, "bus0_name": "Tunnsjødal", "bus1_name": null, "from_node": 96, "to_node": 97, "overlap_delaunay1": true, "overlap_delaunay2": false, "overlap_delaunay3": false, "overlap_delaunay4": false, "overlap_delaunay5": false, "overlap_mst": true, "delaunay_category": "Delaunay1", "category": "MST" }, "geometry": { "type": "LineString", "coordinates": [ [ 13.099823, 64.914228 ], [ 12.800684887649901, 64.712175962074298 ] ] } }
]
}
