{
"type": "FeatureCollection",
"name": "n490_220kv_overlap",
"crs": { "type": "name", "properties": { "name": "urn:ogc:def:crs:OGC:1.3:CRS84" } },
"features": [
{ "type": "Feature", "properties": { "area0": "SE3", "area1": "SE3", "bus0": 6362, "bus1": 6370, "length": 47036.025006627497, "circuits": 1.0, "Vbase": 220.0, "ug": false, "uc": 0.0, "lat": [ 59.7305705690159, 59.317299163261 ], "lon": [ 17.9256597036664, 18.0957642963336 ], "x": "[664476.42182156 676178.63584782]", "y": "[6625034.02660438 6579479.11564357]", "source": "Pypsa 2019-09-04", "info": { }, "line_id": 6531, "bus0_name": "Stockholm", "bus1_name": "Plenninge", "from_node": 102, "to_node": 101, "overlap_delaunay1": true, "overlap_delaunay2": false, "overlap_delaunay3": false, "overlap_delaunay4": false, "overlap_delaunay5": false, "overlap_mst": false, "delaunay_category": "Delaunay1", "category": "Delaunay1" }, "geometry": { "type": "LineString", "coordinates": [ [ 17.925659703666398, 59.730570569015917 ], [ 18.095764296333595, 59.317299163260998 ] ] } },
{ "type": "Feature", "properties": { "area0": "SE2", "area1": "SE3", "bus0": 6339, "bus1": 6340, "length": 52746.481675470401, "circuits": 1.0, "Vbase": 220.0, "ug": false, "uc": 0.0, "lat": [ 60.7002913728809, 61.09747, 61.1721715009122 ], "lon": [ 17.1798800404134, 17.19635, 17.1662238000065 ], "x": "[618994.8839797  618411.80841253 616512.49970252]", "y": "[6731379.60512154 6775631.31863975 6783894.75899219]", "source": "Pypsa 2019-09-04", "info": { }, "line_id": 2238, "bus0_name": "Söderala", "bus1_name": "Valbo", "from_node": 87, "to_node": 89, "overlap_delaunay1": true, "overlap_delaunay2": false, "overlap_delaunay3": false, "overlap_delaunay4": false, "overlap_delaunay5": false, "overlap_mst": false, "delaunay_category": "Delaunay1", "category": "Delaunay1" }, "geometry": { "type": "LineString", "coordinates": [ [ 17.179880040413401, 60.700291372880898 ], [ 17.19635, 61.09747 ], [ 17.166223800006495, 61.172171500912206 ] ] } },
{ "type": "Feature", "properties": { "area0": "SE3", "area1": "SE3", "bus0": 6336, "bus1": 6340, "length": 11116.345799177199, "circuits": 1.0, "Vbase": 220.0, "ug": false, "uc": 0.0, "lat": [ 60.6999072908988, 60.6248780941546 ], "lon": [ 17.1795765036704, 17.0455824963296 ], "x": "[618979.73804438 611926.99435342]", "y": "[6731336.29252981 6722747.14369056]", "source": "Pypsa 2019-09-04", "info": { }, "line_id": 2239, "bus0_name": "Stackbo", "bus1_name": "Valbo", "from_node": 83, "to_node": 89, "overlap_delaunay1": true, "overlap_delaunay2": false, "overlap_delaunay3": false, "overlap_delaunay4": false, "overlap_delaunay5": false, "overlap_mst": true, "delaunay_category": "Delaunay1", "category": "MST" }, "geometry": { "type": "LineString", "coordinates": [ [ 17.179576503670397, 60.6999072908988 ], [ 17.045582496329601, 60.624878094154603 ] ] } },
{ "type": "Feature", "properties": { "area0": "SE3", "area1": "SE3", "bus0": 6340, "bus1": 6341, "length": 32412.080421105002, "circuits": 1.0, "Vbase": 220.0, "ug": false, "uc": 0.0, "lat": [ 60.4127142895053, 60.699855641415 ], "lon": [ 17.2745563915128, 17.1799426084872 ], "x": "[625269.09878082 618999.90901376]", "y": "[6699538.37637959 6731331.2052021 ]", "source": "Pypsa 2019-09-04", "info": { }, "line_id": 2240, "bus0_name": "Valbo", "bus1_name": "Untra", "from_node": 89, "to_node": 92, "overlap_delaunay1": true, "overlap_delaunay2": false, "overlap_delaunay3": false, "overlap_delaunay4": false, "overlap_delaunay5": false, "overlap_mst": false, "delaunay_category": "Delaunay1", "category": "Delaunay1" }, "geometry": { "type": "LineString", "coordinates": [ [ 17.274556391512803, 60.412714289505296 ], [ 17.179942608487199, 60.699855641414999 ] ] } },
{ "type": "Feature", "properties": { "area0": "SE3", "area1": "SE3", "bus0": 6345, "bus1": 6347, "length": 24944.044029687597, "circuits": 1.0, "Vbase": 220.0, "ug": false, "uc": 0.0, "lat": [ 60.0715829829687, 59.9613083850085 ], "lon": [ 18.6228100239018, 18.2335739760982 ], "x": "[701567.76516163 680524.00833456]", "y": "[6664908.80648764 6651513.84245473]", "source": "Pypsa 2019-09-04", "info": { }, "line_id": 2247, "bus0_name": "Tuna", "bus1_name": "Gråska", "from_node": 105, "to_node": 108, "overlap_delaunay1": true, "overlap_delaunay2": false, "overlap_delaunay3": false, "overlap_delaunay4": false, "overlap_delaunay5": false, "overlap_mst": true, "delaunay_category": "Delaunay1", "category": "MST" }, "geometry": { "type": "LineString", "coordinates": [ [ 18.622810023901803, 60.071582982968707 ], [ 18.233573976098196, 59.961308385008486 ] ] } },
{ "type": "Feature", "properties": { "area0": "SE3", "area1": "SE3", "bus0": 6347, "bus1": 6348, "length": 25995.468195088102, "circuits": 1.0, "Vbase": 220.0, "ug": false, "uc": 0.0, "lat": [ 59.8381416122054, 60.0714689722013 ], "lon": [ 18.6218273203909, 18.6231976796091 ], "x": "[702936.16984878 701590.01538199]", "y": "[6638934.07558952 6664897.30475858]", "source": "Pypsa 2019-09-04", "info": { }, "line_id": 2250, "bus0_name": "Gråska", "bus1_name": "Malsta", "from_node": 108, "to_node": 107, "overlap_delaunay1": true, "overlap_delaunay2": false, "overlap_delaunay3": false, "overlap_delaunay4": false, "overlap_delaunay5": false, "overlap_mst": false, "delaunay_category": "Delaunay1", "category": "Delaunay1" }, "geometry": { "type": "LineString", "coordinates": [ [ 18.621827320390896, 59.838141612205398 ], [ 18.623197679609099, 60.071468972201302 ] ] } },
{ "type": "Feature", "properties": { "area0": "SE3", "area1": "SE3", "bus0": 6345, "bus1": 6348, "length": 25675.109647412999, "circuits": 1.0, "Vbase": 220.0, "ug": false, "uc": 0.0, "lat": [ 59.9610780679394, 59.8380363776133 ], "lon": [ 18.2335637824702, 18.6214472175298 ], "x": "[680524.69303105 702915.52687735]", "y": "[6651488.1852868  6638921.20300513]", "source": "Pypsa 2019-09-04", "info": { }, "line_id": 2411, "bus0_name": "Tuna", "bus1_name": "Malsta", "from_node": 105, "to_node": 107, "overlap_delaunay1": true, "overlap_delaunay2": false, "overlap_delaunay3": false, "overlap_delaunay4": false, "overlap_delaunay5": false, "overlap_mst": true, "delaunay_category": "Delaunay1", "category": "MST" }, "geometry": { "type": "LineString", "coordinates": [ [ 18.233563782470199, 59.961078067939397 ], [ 18.621447217529798, 59.8380363776133 ] ] } },
{ "type": "Feature", "properties": { "area0": "SE3", "area1": "SE3", "bus0": 6341, "bus1": 6349, "length": 70223.214798281508, "circuits": 1.0, "Vbase": 220.0, "ug": false, "uc": 0.0, "lat": [ 60.4124596359222, 60.398254, 60.318789, 59.977693, 59.9304396132231 ], "lon": [ 17.2750699039085, 17.447662, 17.685242, 17.806091, 17.7486457746407 ], "x": "[625298.35183808 634859.69699921 648305.59904481 656591.35008528\n 653605.48748049]", "y": "[6699511.00255319 6698270.35528077 6689934.97410002 6652248.00280735\n 6646853.96004099]", "source": "Pypsa 2019-09-04", "info": { }, "line_id": 2241, "bus0_name": "Untra", "bus1_name": "Bredåker", "from_node": 92, "to_node": 98, "overlap_delaunay1": true, "overlap_delaunay2": false, "overlap_delaunay3": false, "overlap_delaunay4": false, "overlap_delaunay5": false, "overlap_mst": true, "delaunay_category": "Delaunay1", "category": "MST" }, "geometry": { "type": "LineString", "coordinates": [ [ 17.275069903908499, 60.412459635922204 ], [ 17.447662, 60.398254 ], [ 17.685242, 60.318789 ], [ 17.806091, 59.977693 ], [ 17.7486457746407, 59.930439613223101 ] ] } },
{ "type": "Feature", "properties": { "area0": "SE3", "area1": "SE3", "bus0": 6345, "bus1": 6349, "length": 27263.061405503799, "circuits": 1.0, "Vbase": 220.0, "ug": false, "uc": 0.0, "lat": [ 59.9302763338456, 59.9611696925696 ], "lon": [ 17.7488565880991, 18.2327414119009 ], "x": "[653618.01922708 680478.30719444]", "y": "[6646836.27592239 6651496.13717105]", "source": "Pypsa 2019-09-04", "info": { }, "line_id": 6534, "bus0_name": "Tuna", "bus1_name": "Bredåker", "from_node": 105, "to_node": 98, "overlap_delaunay1": true, "overlap_delaunay2": false, "overlap_delaunay3": false, "overlap_delaunay4": false, "overlap_delaunay5": false, "overlap_mst": true, "delaunay_category": "Delaunay1", "category": "MST" }, "geometry": { "type": "LineString", "coordinates": [ [ 17.748856588099098, 59.930276333845597 ], [ 18.232741411900893, 59.961169692569591 ] ] } },
{ "type": "Feature", "properties": { "area0": "SE3", "area1": "SE3", "bus0": 6347, "bus1": 6350, "length": 11141.166829833201, "circuits": 1.0, "Vbase": 220.0, "ug": false, "uc": 0.0, "lat": [ 60.06485525063, 60.0716777525307 ], "lon": [ 18.8232538523724, 18.6236451476276 ], "x": "[712755.39883396 701613.62036544]", "y": "[6664788.85225772 6664921.89845381]", "source": "Pypsa 2019-09-04", "info": { }, "line_id": 2246, "bus0_name": "Gråska", "bus1_name": "Hallstavik", "from_node": 108, "to_node": 109, "overlap_delaunay1": true, "overlap_delaunay2": false, "overlap_delaunay3": false, "overlap_delaunay4": false, "overlap_delaunay5": false, "overlap_mst": true, "delaunay_category": "Delaunay1", "category": "MST" }, "geometry": { "type": "LineString", "coordinates": [ [ 18.8232538523724, 60.064855250630004 ], [ 18.623645147627599, 60.071677752530682 ] ] } },
{ "type": "Feature", "properties": { "area0": "SE3", "area1": "SE3", "bus0": 6357, "bus1": 6359, "length": 9323.7121093084588, "circuits": 1.0, "Vbase": 220.0, "ug": false, "uc": 0.0, "lat": [ 59.1679586867388, 59.0845558713523 ], "lon": [ 18.1109994344998, 18.1246575655003 ], "x": "[677821.41292401 679036.56691776]", "y": "[6562901.4465142  6553657.35044456]", "source": "Pypsa 2019-09-04", "info": { }, "line_id": 2259, "bus0_name": "Ekudden", "bus1_name": "Solberga", "from_node": 103, "to_node": 104, "overlap_delaunay1": true, "overlap_delaunay2": false, "overlap_delaunay3": false, "overlap_delaunay4": false, "overlap_delaunay5": false, "overlap_mst": true, "delaunay_category": "Delaunay1", "category": "MST" }, "geometry": { "type": "LineString", "coordinates": [ [ 18.110999434499796, 59.167958686738793 ], [ 18.1246575655003, 59.084555871352315 ] ] } },
{ "type": "Feature", "properties": { "area0": "SE3", "area1": "SE3", "bus0": 6352, "bus1": 6362, "length": 26265.734381924598, "circuits": 1.0, "Vbase": 220.0, "ug": false, "uc": 0.0, "lat": [ 59.3168721857908, 59.223042, 59.198439, 59.2215718166335 ], "lon": [ 18.0956513424239, 18.001099, 17.918701, 17.7666944676934 ], "x": "[676174.42056701 671266.37384378 666685.98028921 657901.36184105]", "y": "[6579431.30354552 6568743.33654755 6565796.57398498 6568000.96490163]", "source": "Pypsa 2019-09-04", "info": { }, "line_id": 2257, "bus0_name": "Kolbotten", "bus1_name": "Stockholm", "from_node": 99, "to_node": 102, "overlap_delaunay1": true, "overlap_delaunay2": false, "overlap_delaunay3": false, "overlap_delaunay4": false, "overlap_delaunay5": false, "overlap_mst": false, "delaunay_category": "Delaunay1", "category": "Delaunay1" }, "geometry": { "type": "LineString", "coordinates": [ [ 18.095651342423899, 59.3168721857908 ], [ 18.001099, 59.223042 ], [ 17.918701, 59.198439 ], [ 17.766694467693402, 59.221571816633507 ] ] } },
{ "type": "Feature", "properties": { "area0": "SE3", "area1": "SE3", "bus0": 6351, "bus1": 6362, "length": 26115.85440118, "circuits": 1.0, "Vbase": 220.0, "ug": false, "uc": 0.0, "lat": [ 59.4804718966512, 59.347895, 59.3171694247794 ], "lon": [ 18.4045951380213, 18.229065, 18.0962639346196 ], "x": "[692814.94382358 683595.74133292 676207.72838907]", "y": "[6598492.03033946 6583243.83963211 6579466.00062979]", "source": "Pypsa 2019-09-04", "info": { }, "line_id": 2256, "bus0_name": "Vallentuna", "bus1_name": "Stockholm", "from_node": 106, "to_node": 102, "overlap_delaunay1": true, "overlap_delaunay2": false, "overlap_delaunay3": false, "overlap_delaunay4": false, "overlap_delaunay5": false, "overlap_mst": true, "delaunay_category": "Delaunay1", "category": "MST" }, "geometry": { "type": "LineString", "coordinates": [ [ 18.4045951380213, 59.48047189665121 ], [ 18.229065, 59.347895 ], [ 18.0962639346196, 59.317169424779387 ] ] } },
{ "type": "Feature", "properties": { "area0": "SE3", "area1": "SE3", "bus0": 6355, "bus1": 6362, "length": 63744.031104864196, "circuits": 1.0, "Vbase": 220.0, "ug": false, "uc": 0.0, "lat": [ 59.3172479119479, 59.717638, 59.7169485921224 ], "lon": [ 18.09556429204, 17.416077, 17.3300074560504 ], "x": "[676167.52425117 635890.10094972 631053.22839481]", "y": "[6579472.88334375 6622440.60484521 6622190.67021155]", "source": "Pypsa 2019-09-04", "info": { }, "line_id": 2369, "bus0_name": "Hamra", "bus1_name": "Stockholm", "from_node": 94, "to_node": 102, "overlap_delaunay1": false, "overlap_delaunay2": true, "overlap_delaunay3": false, "overlap_delaunay4": false, "overlap_delaunay5": false, "overlap_mst": false, "delaunay_category": "Delaunay2", "category": "Delaunay2" }, "geometry": { "type": "LineString", "coordinates": [ [ 18.095564292039995, 59.317247911947888 ], [ 17.416077, 59.717638 ], [ 17.330007456050396, 59.716948592122385 ] ] } },
{ "type": "Feature", "properties": { "area0": "SE3", "area1": "SE3", "bus0": 6357, "bus1": 6362, "length": 17758.1465998155, "circuits": 2.0, "Vbase": 220.0, "ug": false, "uc": 0.0, "lat": [ 59.1684128117719, 59.275003, 59.3168859465314 ], "lon": [ 18.1110489598927, 18.152161, 18.096109166243 ], "x": "[677821.88402861 679609.46799581 676200.39206065]", "y": "[6562952.11157182 6574923.18301632 6579434.04616897]", "source": "Pypsa 2019-09-04", "info": { }, "line_id": 2373, "bus0_name": "Ekudden", "bus1_name": "Stockholm", "from_node": 103, "to_node": 102, "overlap_delaunay1": true, "overlap_delaunay2": false, "overlap_delaunay3": false, "overlap_delaunay4": false, "overlap_delaunay5": false, "overlap_mst": true, "delaunay_category": "Delaunay1", "category": "MST" }, "geometry": { "type": "LineString", "coordinates": [ [ 18.111048959892695, 59.168412811771894 ], [ 18.152161, 59.275003 ], [ 18.096109166243, 59.316885946531407 ] ] } },
{ "type": "Feature", "properties": { "area0": "SE3", "area1": "SE3", "bus0": 6349, "bus1": 6370, "length": 24503.320848987401, "circuits": 1.0, "Vbase": 220.0, "ug": false, "uc": 0.0, "lat": [ 59.9300625075679, 59.866883, 59.7310057302415 ], "lon": [ 17.7486665078192, 17.83493, 17.9254259430041 ], "x": "[653608.38961365 658728.51699959 664461.14826247]", "y": "[6646812.03527656 6639983.63201175 6625081.87665515]", "source": "Pypsa 2019-09-04", "info": { }, "line_id": 2249, "bus0_name": "Bredåker", "bus1_name": "Plenninge", "from_node": 98, "to_node": 101, "overlap_delaunay1": true, "overlap_delaunay2": false, "overlap_delaunay3": false, "overlap_delaunay4": false, "overlap_delaunay5": false, "overlap_mst": false, "delaunay_category": "Delaunay1", "category": "Delaunay1" }, "geometry": { "type": "LineString", "coordinates": [ [ 17.748666507819198, 59.930062507567882 ], [ 17.83493, 59.866883 ], [ 17.9254259430041, 59.73100573024152 ] ] } },
{ "type": "Feature", "properties": { "area0": "SE3", "area1": "SE3", "bus0": 6370, "bus1": 6371, "length": 7697.6735695084299, "circuits": 1.0, "Vbase": 220.0, "ug": false, "uc": 0.0, "lat": [ 59.7197510276523, 59.7307559842386 ], "lon": [ 17.7900541203528, 17.9251258796472 ], "x": "[656906.58842653 664445.51317434]", "y": "[6623501.27692473 6625053.33782024]", "source": "Pypsa 2019-09-04", "info": { }, "line_id": 2248, "bus0_name": "Plenninge", "bus1_name": "Boländerna", "from_node": 101, "to_node": 100, "overlap_delaunay1": true, "overlap_delaunay2": false, "overlap_delaunay3": false, "overlap_delaunay4": false, "overlap_delaunay5": false, "overlap_mst": true, "delaunay_category": "Delaunay1", "category": "MST" }, "geometry": { "type": "LineString", "coordinates": [ [ 17.790054120352799, 59.719751027652286 ], [ 17.925125879647201, 59.730755984238598 ] ] } },
{ "type": "Feature", "properties": { "area0": "SE3", "area1": "SE3", "bus0": 6111, "bus1": 6378, "length": 93217.927012576198, "circuits": 1.0, "Vbase": 220.0, "ug": false, "uc": 0.0, "lat": [ 58.5985383472869, 58.788844, 59.167483, 59.1737977997078 ], "lon": [ 14.1120837201578, 14.238281, 15.037537, 15.1840335327029 ], "x": "[448395.56026841 455970.4482986  502146.10507601 510519.81215773]", "y": "[6495691.73784824 6516790.38364347 6558702.19094461 6559419.27045645]", "source": "Pypsa 2019-09-04", "info": { }, "line_id": 2260, "bus0_name": "Moholm", "bus1_name": "Hallsberg", "from_node": 14, "to_node": 28, "overlap_delaunay1": true, "overlap_delaunay2": false, "overlap_delaunay3": false, "overlap_delaunay4": false, "overlap_delaunay5": false, "overlap_mst": true, "delaunay_category": "Delaunay1", "category": "MST" }, "geometry": { "type": "LineString", "coordinates": [ [ 14.112083720157798, 58.59853834728689 ], [ 14.238281, 58.788844 ], [ 15.037537, 59.167483 ], [ 15.1840335327029, 59.173797799707799 ] ] } },
{ "type": "Feature", "properties": { "area0": "SE3", "area1": "SE3", "bus0": 6378, "bus1": 6380, "length": 32754.106002584504, "circuits": 1.0, "Vbase": 220.0, "ug": false, "uc": 0.0, "lat": [ 59.4657854393132, 59.243415, 59.1740393311174 ], "lon": [ 15.2311583229486, 15.218811, 15.1845885623913 ], "x": "[513100.7575552  512482.34194972 510551.464569  ]", "y": "[6591942.12651485 6567177.41075086 6559446.25341802]", "source": "Pypsa 2019-09-04", "info": { }, "line_id": 2375, "bus0_name": "Hallsberg", "bus1_name": "Lindbacka", "from_node": 28, "to_node": 30, "overlap_delaunay1": true, "overlap_delaunay2": false, "overlap_delaunay3": false, "overlap_delaunay4": false, "overlap_delaunay5": false, "overlap_mst": true, "delaunay_category": "Delaunay1", "category": "MST" }, "geometry": { "type": "LineString", "coordinates": [ [ 15.231158322948598, 59.465785439313187 ], [ 15.218811, 59.243415 ], [ 15.184588562391298, 59.174039331117385 ] ] } },
{ "type": "Feature", "properties": { "area0": "SE3", "area1": "SE3", "bus0": 6341, "bus1": 6387, "length": 42064.035832624802, "circuits": 1.0, "Vbase": 220.0, "ug": false, "uc": 0.0, "lat": [ 60.4124809176915, 60.3867350942501 ], "lon": [ 17.2741818509062, 16.5128971490938 ], "x": "[625249.37410053 583394.10344484]", "y": "[6699511.68292707 6695439.54558059]", "source": "Pypsa 2019-09-04", "info": { }, "line_id": 2242, "bus0_name": "Untra", "bus1_name": "Horndal", "from_node": 92, "to_node": 63, "overlap_delaunay1": true, "overlap_delaunay2": false, "overlap_delaunay3": false, "overlap_delaunay4": false, "overlap_delaunay5": false, "overlap_mst": false, "delaunay_category": "Delaunay1", "category": "Delaunay1" }, "geometry": { "type": "LineString", "coordinates": [ [ 17.274181850906196, 60.412480917691475 ], [ 16.512897149093799, 60.386735094250099 ] ] } },
{ "type": "Feature", "properties": { "area0": "SE3", "area1": "SE3", "bus0": 6338, "bus1": 6387, "length": 66766.823324103301, "circuits": 1.0, "Vbase": 220.0, "ug": false, "uc": 0.0, "lat": [ 60.3865099136882, 59.8167317528877 ], "lon": [ 16.5125893143264, 16.8844746856736 ], "x": "[583377.71259015 605683.02609261]", "y": "[6695414.081196   6632503.85406529]", "source": "Pypsa 2019-09-04", "info": { }, "line_id": 2252, "bus0_name": "Starfors", "bus1_name": "Horndal", "from_node": 74, "to_node": 63, "overlap_delaunay1": true, "overlap_delaunay2": false, "overlap_delaunay3": false, "overlap_delaunay4": false, "overlap_delaunay5": false, "overlap_mst": false, "delaunay_category": "Delaunay1", "category": "Delaunay1" }, "geometry": { "type": "LineString", "coordinates": [ [ 16.512589314326402, 60.386509913688208 ], [ 16.884474685673595, 59.816731752887677 ] ] } },
{ "type": "Feature", "properties": { "area0": "SE3", "area1": "SE3", "bus0": 6355, "bus1": 6388, "length": 37573.446822948601, "circuits": 1.0, "Vbase": 220.0, "ug": false, "uc": 0.0, "lat": [ 59.7168925297358, 59.6386525929959 ], "lon": [ 17.3291234552863, 16.6804285447137 ], "x": "[631003.73968628 594744.01843941]", "y": "[6622182.68324269 6612368.82260278]", "source": "Pypsa 2019-09-04", "info": { }, "line_id": 2253, "bus0_name": "Hamra", "bus1_name": "Finnslätten", "from_node": 94, "to_node": 65, "overlap_delaunay1": true, "overlap_delaunay2": false, "overlap_delaunay3": false, "overlap_delaunay4": false, "overlap_delaunay5": false, "overlap_mst": false, "delaunay_category": "Delaunay1", "category": "Delaunay1" }, "geometry": { "type": "LineString", "coordinates": [ [ 17.329123455286297, 59.716892529735787 ], [ 16.680428544713696, 59.638652592995903 ] ] } },
{ "type": "Feature", "properties": { "area0": "SE3", "area1": "SE3", "bus0": 6387, "bus1": 6388, "length": 84055.859261301899, "circuits": 1.0, "Vbase": 220.0, "ug": false, "uc": 0.0, "lat": [ 60.3865000973778, 60.300423, 59.6388239578025 ], "lon": [ 16.5124089526414, 16.495972, 16.6799313453368 ], "x": "[583367.79687391 582679.38539787 594715.50700149]", "y": "[6695412.7599125  6685807.0340807  6612387.19263652]", "source": "Pypsa 2019-09-04", "info": { }, "line_id": 2254, "bus0_name": "Horndal", "bus1_name": "Finnslätten", "from_node": 63, "to_node": 65, "overlap_delaunay1": false, "overlap_delaunay2": true, "overlap_delaunay3": false, "overlap_delaunay4": false, "overlap_delaunay5": false, "overlap_mst": false, "delaunay_category": "Delaunay2", "category": "Delaunay2" }, "geometry": { "type": "LineString", "coordinates": [ [ 16.512408952641405, 60.386500097377798 ], [ 16.495972, 60.300423 ], [ 16.679931345336801, 59.638823957802501 ] ] } },
{ "type": "Feature", "properties": { "area0": "SE3", "area1": "SE3", "bus0": 6380, "bus1": 6390, "length": 48280.7627762091, "circuits": 1.0, "Vbase": 220.0, "ug": false, "uc": 0.0, "lat": [ 59.4966066003878, 59.380086, 59.461826, 59.4659652447905 ], "lon": [ 15.9709633522934, 15.441284, 15.269623, 15.2316095946412 ], "x": "[554977.44991117 525072.69685106 515282.49965187 513126.26332155]", "y": "[6595752.95348563 6582459.14838885 6591509.41704882 6591962.23828412]", "source": "Pypsa 2019-09-04", "info": { }, "line_id": 2258, "bus0_name": "Lindbacka", "bus1_name": "Himmeta", "from_node": 30, "to_node": 45, "overlap_delaunay1": true, "overlap_delaunay2": false, "overlap_delaunay3": false, "overlap_delaunay4": false, "overlap_delaunay5": false, "overlap_mst": true, "delaunay_category": "Delaunay1", "category": "MST" }, "geometry": { "type": "LineString", "coordinates": [ [ 15.970963352293401, 59.496606600387786 ], [ 15.441284, 59.380086 ], [ 15.269623, 59.461826 ], [ 15.231609594641199, 59.465965244790489 ] ] } },
{ "type": "Feature", "properties": { "area0": "SE3", "area1": "SE2", "bus0": 6387, "bus1": 6392, "length": 60031.143866197199, "circuits": 1.0, "Vbase": 220.0, "ug": false, "uc": 0.0, "lat": [ 60.3869394762799, 60.9222081421305 ], "lon": [ 16.5125017769702, 16.6373702230298 ], "x": "[583371.78984523 588768.65335553]", "y": "[6695461.80413427 6755231.22702617]", "source": "Pypsa 2019-09-04", "info": { }, "line_id": 2243, "bus0_name": "Horndal", "bus1_name": "Ockelbo", "from_node": 63, "to_node": 64, "overlap_delaunay1": true, "overlap_delaunay2": false, "overlap_delaunay3": false, "overlap_delaunay4": false, "overlap_delaunay5": false, "overlap_mst": false, "delaunay_category": "Delaunay1", "category": "Delaunay1" }, "geometry": { "type": "LineString", "coordinates": [ [ 16.512501776970197, 60.386939476279899 ], [ 16.637370223029802, 60.922208142130508 ] ] } },
{ "type": "Feature", "properties": { "area0": "SE2", "area1": "SE2", "bus0": 6391, "bus1": 6392, "length": 54988.252271252801, "circuits": 1.0, "Vbase": 220.0, "ug": false, "uc": 0.0, "lat": [ 60.9226383412372, 61.4076829309326 ], "lon": [ 16.6373385685206, 16.4493624314794 ], "x": "[588765.74067572 577378.83952968]", "y": "[6755279.09081401 6809057.70944955]", "source": "Pypsa 2019-09-04", "info": { }, "line_id": 2412, "bus0_name": "Dönje", "bus1_name": "Ockelbo", "from_node": 61, "to_node": 64, "overlap_delaunay1": true, "overlap_delaunay2": false, "overlap_delaunay3": false, "overlap_delaunay4": false, "overlap_delaunay5": false, "overlap_mst": false, "delaunay_category": "Delaunay1", "category": "Delaunay1" }, "geometry": { "type": "LineString", "coordinates": [ [ 16.637338568520605, 60.92263834123721 ], [ 16.4493624314794, 61.407682930932609 ] ] } },
{ "type": "Feature", "properties": { "area0": "FI", "area1": "FI", "bus0": 6520, "bus1": 6522, "length": 91417.342356748806, "circuits": 1.0, "Vbase": 220.0, "ug": false, "uc": 0.0, "lat": [ 62.7898663135967, 62.740891, 62.917734, 62.976285535336 ], "lon": [ 22.6336457996144, 23.101501, 24.185028, 24.2850037342665 ], "x": "[888768.12088394 913191.28668124 965379.05246237 969475.94561871]", "y": "[6985257.77036975 6982750.21703173 7009736.61521508 7016939.13955168]", "source": "Pypsa 2019-09-04", "info": { }, "line_id": 448, "bus0_name": "Alajärvi", "bus1_name": "Seinäjoki", "from_node": 113, "to_node": 110, "overlap_delaunay1": true, "overlap_delaunay2": false, "overlap_delaunay3": false, "overlap_delaunay4": false, "overlap_delaunay5": false, "overlap_mst": true, "delaunay_category": "Delaunay1", "category": "MST" }, "geometry": { "type": "LineString", "coordinates": [ [ 22.633645799614399, 62.789866313596704 ], [ 23.101501, 62.740891 ], [ 24.185028, 62.917734 ], [ 24.285003734266507, 62.976285535335997 ] ] } },
{ "type": "Feature", "properties": { "area0": "FI", "area1": "FI", "bus0": 6520, "bus1": 6526, "length": 93320.385735803997, "circuits": 1.0, "Vbase": 220.0, "ug": false, "uc": 0.0, "lat": [ 62.9762525662315, 62.6691, 62.2616968360483 ], "lon": [ 24.2854144073915, 24.500885, 25.1803909367128 ], "x": "[ 969497.1332917   985387.09317335 1027056.66268328]", "y": "[7016938.50327692 6984590.55559711 6944934.16916777]", "source": "Pypsa 2019-09-04", "info": { }, "line_id": 450, "bus0_name": "Alajärvi", "bus1_name": "Petäjävesi", "from_node": 113, "to_node": 117, "overlap_delaunay1": true, "overlap_delaunay2": false, "overlap_delaunay3": false, "overlap_delaunay4": false, "overlap_delaunay5": false, "overlap_mst": true, "delaunay_category": "Delaunay1", "category": "MST" }, "geometry": { "type": "LineString", "coordinates": [ [ 24.285414407391499, 62.976252566231494 ], [ 24.500885, 62.6691 ], [ 25.180390936712801, 62.261696836048294 ] ] } },
{ "type": "Feature", "properties": { "area0": "FI", "area1": "FI", "bus0": 6517, "bus1": 6526, "length": 203566.12876883103, "circuits": 1.0, "Vbase": 220.0, "ug": false, "uc": 0.0, "lat": [ 62.261733366023, 62.324744, 62.414545, 62.688009, 62.936485, 63.430246, 63.947628, 63.981986, 64.045601196123 ], "lon": [ 25.1807776248329, 25.21637, 25.188904, 25.276794, 25.113373, 25.168304, 25.385284, 25.42511, 25.3333384626988 ], "x": "[1027075.92001949 1027797.51725682 1024808.65944308 1024451.30142514\n 1011810.63964513 1005850.0205031  1007197.3529772  1008502.59888408\n 1002906.55928913]", "y": "[6944941.36474641 6952188.77269933 6961877.43760875 6992779.36297717\n 7018885.18144969 7073821.85114766 7132631.70879103 7136739.68586066\n 7143025.118197  ]", "source": "Pypsa 2019-09-04", "info": { }, "line_id": 446, "bus0_name": "Haapavesi", "bus1_name": "Petäjävesi", "from_node": 119, "to_node": 117, "overlap_delaunay1": true, "overlap_delaunay2": false, "overlap_delaunay3": false, "overlap_delaunay4": false, "overlap_delaunay5": false, "overlap_mst": false, "delaunay_category": "Delaunay1", "category": "Delaunay1" }, "geometry": { "type": "LineString", "coordinates": [ [ 25.180777624832903, 62.261733366023016 ], [ 25.21637, 62.324744 ], [ 25.188904, 62.414545 ], [ 25.276794, 62.688009 ], [ 25.113373, 62.936485 ], [ 25.168304, 63.430246 ], [ 25.385284, 63.947628 ], [ 25.42511, 63.981986 ], [ 25.333338462698809, 64.045601196123002 ] ] } },
{ "type": "Feature", "properties": { "area0": "FI", "area1": "FI", "bus0": 6526, "bus1": 6527, "length": 42625.498259366301, "circuits": 1.0, "Vbase": 220.0, "ug": false, "uc": 0.0, "lat": [ 62.2613247350479, 61.8803168827261 ], "lon": [ 25.1807030491602, 25.2520359508398 ], "x": "[1027079.25287567 1037470.97380688]", "y": "[6944895.64239656 6903421.22729084]", "source": "Pypsa 2019-09-04", "info": { }, "line_id": 451, "bus0_name": "Petäjävesi", "bus1_name": "Jämsä", "from_node": 117, "to_node": 118, "overlap_delaunay1": true, "overlap_delaunay2": false, "overlap_delaunay3": false, "overlap_delaunay4": false, "overlap_delaunay5": false, "overlap_mst": true, "delaunay_category": "Delaunay1", "category": "MST" }, "geometry": { "type": "LineString", "coordinates": [ [ 25.180703049160197, 62.261324735047907 ], [ 25.252035950839804, 61.880316882726106 ] ] } },
{ "type": "Feature", "properties": { "area0": "FI", "area1": "FI", "bus0": 6522, "bus1": 6529, "length": 120028.03193250099, "circuits": 1.0, "Vbase": 220.0, "ug": false, "uc": 0.0, "lat": [ 63.8422918156008, 62.7901123759943 ], "lon": [ 23.1426047577704, 22.6333042422296 ], "x": "[899689.14899967 888747.53571875]", "y": "[7104992.524461   6985282.97669633]", "source": "Pypsa 2019-09-04", "info": { }, "line_id": 449, "bus0_name": "Seinäjoki", "bus1_name": "Ventusneva", "from_node": 110, "to_node": 112, "overlap_delaunay1": true, "overlap_delaunay2": false, "overlap_delaunay3": false, "overlap_delaunay4": false, "overlap_delaunay5": false, "overlap_mst": false, "delaunay_category": "Delaunay1", "category": "Delaunay1" }, "geometry": { "type": "LineString", "coordinates": [ [ 23.1426047577704, 63.842291815600802 ], [ 22.633304242229595, 62.790112375994298 ] ] } },
{ "type": "Feature", "properties": { "area0": "SE2", "area1": "SE2", "bus0": 6537, "bus1": 6538, "length": 8535.8321742200715, "circuits": 1.0, "Vbase": 220.0, "ug": false, "uc": 0.0, "lat": [ 63.9220879226701, 63.8457086126039 ], "lon": [ 17.1688523917794, 17.1565566082205 ], "x": "[606362.97462016 606047.80212567]", "y": "[7090140.72295669 7081612.94823719]", "source": "Pypsa 2019-09-04", "info": { }, "line_id": 6909, "bus0_name": "Hällby", "bus1_name": "Gulsele", "from_node": 88, "to_node": 86, "overlap_delaunay1": true, "overlap_delaunay2": false, "overlap_delaunay3": false, "overlap_delaunay4": false, "overlap_delaunay5": false, "overlap_mst": true, "delaunay_category": "Delaunay1", "category": "MST" }, "geometry": { "type": "LineString", "coordinates": [ [ 17.168852391779392, 63.922087922670087 ], [ 17.156556608220502, 63.8457086126039 ] ] } },
{ "type": "Feature", "properties": { "area0": "SE2", "area1": "SE2", "bus0": 6538, "bus1": 6542, "length": 50974.071141048204, "circuits": 1.0, "Vbase": 220.0, "ug": false, "uc": 0.0, "lat": [ 63.8454429649174, 63.81341, 63.780059, 63.5774094914974 ], "lon": [ 17.1569445995731, 17.351532, 17.350159, 16.7572511892767 ], "x": "[606067.87623327 615765.05811638 615834.26510478 587238.41149054]", "y": "[7081584.00461884 7078354.39567906 7074637.52518707 7051123.2992851 ]", "source": "Pypsa 2019-09-04", "info": { }, "line_id": 2212, "bus0_name": "Gulsele", "bus1_name": "Lasele", "from_node": 86, "to_node": 69, "overlap_delaunay1": false, "overlap_delaunay2": false, "overlap_delaunay3": true, "overlap_delaunay4": false, "overlap_delaunay5": false, "overlap_mst": false, "delaunay_category": "Delaunay3", "category": "Delaunay3" }, "geometry": { "type": "LineString", "coordinates": [ [ 17.156944599573105, 63.84544296491741 ], [ 17.351532, 63.81341 ], [ 17.350159, 63.780059 ], [ 16.757251189276698, 63.577409491497384 ] ] } },
{ "type": "Feature", "properties": { "area0": "SE2", "area1": "SE2", "bus0": 6542, "bus1": 6543, "length": 8788.1194462079693, "circuits": 1.0, "Vbase": 220.0, "ug": false, "uc": 0.0, "lat": [ 63.5492349188533, 63.5772171509492 ], "lon": [ 16.922646188884, 16.757315811116 ], "x": "[595541.96795827 587242.20770473]", "y": "[7048221.15359005 7051101.9617278 ]", "source": "Pypsa 2019-09-04", "info": { }, "line_id": 2218, "bus0_name": "Lasele", "bus1_name": "Betåsen", "from_node": 69, "to_node": 77, "overlap_delaunay1": true, "overlap_delaunay2": false, "overlap_delaunay3": false, "overlap_delaunay4": false, "overlap_delaunay5": false, "overlap_mst": true, "delaunay_category": "Delaunay1", "category": "MST" }, "geometry": { "type": "LineString", "coordinates": [ [ 16.922646188883999, 63.549234918853308 ], [ 16.757315811115998, 63.577217150949188 ] ] } },
{ "type": "Feature", "properties": { "area0": "SE2", "area1": "SE2", "bus0": 6339, "bus1": 6551, "length": 142065.54694714901, "circuits": 1.0, "Vbase": 220.0, "ug": false, "uc": 0.0, "lat": [ 61.1725985491777, 61.234566, 61.743231, 61.923442, 62.4378583620399 ], "lon": [ 17.1661806008588, 17.178497, 17.005463, 17.057648, 16.9931291388529 ], "x": "[616508.60110875 616940.86070089 605911.71999536 608031.42370485\n 602881.55289986]", "y": "[6783942.23162706 6790863.9919632  6847209.28263012 6867363.39299121\n 6924546.15569745]", "source": "Pypsa 2019-09-04", "info": { }, "line_id": 2237, "bus0_name": "Söderala", "bus1_name": "Hällsjö", "from_node": 87, "to_node": 80, "overlap_delaunay1": false, "overlap_delaunay2": true, "overlap_delaunay3": false, "overlap_delaunay4": false, "overlap_delaunay5": false, "overlap_mst": false, "delaunay_category": "Delaunay2", "category": "Delaunay2" }, "geometry": { "type": "LineString", "coordinates": [ [ 17.166180600858802, 61.172598549177692 ], [ 17.178497, 61.234566 ], [ 17.005463, 61.743231 ], [ 17.057648, 61.923442 ], [ 16.9931291388529, 62.43785836203989 ] ] } },
{ "type": "Feature", "properties": { "area0": "SE2", "area1": "SE2", "bus0": 6551, "bus1": 6555, "length": 21324.109152357501, "circuits": 1.0, "Vbase": 220.0, "ug": false, "uc": 0.0, "lat": [ 62.4379721975975, 62.3522510685989 ], "lon": [ 16.9935026385737, 17.3621183614263 ], "x": "[602900.43660135 622270.84942557]", "y": "[6924559.42821916 6915655.35375698]", "source": "Pypsa 2019-09-04", "info": { }, "line_id": 2364, "bus0_name": "Hällsjö", "bus1_name": "Vaple", "from_node": 80, "to_node": 95, "overlap_delaunay1": true, "overlap_delaunay2": false, "overlap_delaunay3": false, "overlap_delaunay4": false, "overlap_delaunay5": false, "overlap_mst": true, "delaunay_category": "Delaunay1", "category": "MST" }, "geometry": { "type": "LineString", "coordinates": [ [ 16.993502638573698, 62.437972197597496 ], [ 17.362118361426301, 62.352251068598889 ] ] } },
{ "type": "Feature", "properties": { "area0": "SE2", "area1": "SE2", "bus0": 6537, "bus1": 6558, "length": 12835.333405781101, "circuits": 1.0, "Vbase": 220.0, "ug": false, "uc": 0.0, "lat": [ 63.9224061395004, 63.9939091725731 ], "lon": [ 17.1685337731025, 16.9632412268975 ], "x": "[606346.14828792 596035.72344919]", "y": "[7090175.63544582 7097814.38464108]", "source": "Pypsa 2019-09-04", "info": { }, "line_id": 2357, "bus0_name": "Hällby", "bus1_name": "Trattberget", "from_node": 88, "to_node": 78, "overlap_delaunay1": true, "overlap_delaunay2": false, "overlap_delaunay3": false, "overlap_delaunay4": false, "overlap_delaunay5": false, "overlap_mst": true, "delaunay_category": "Delaunay1", "category": "MST" }, "geometry": { "type": "LineString", "coordinates": [ [ 17.168533773102499, 63.922406139500389 ], [ 16.963241226897498, 63.993909172573083 ] ] } },
{ "type": "Feature", "properties": { "area0": "SE2", "area1": "SE2", "bus0": 6569, "bus1": 6571, "length": 14395.3026366675, "circuits": 1.0, "Vbase": 220.0, "ug": false, "uc": 0.0, "lat": [ 63.3685539264188, 63.321933, 63.3120899844632 ], "lon": [ 13.4582460989722, 13.456879, 13.6390821019931 ], "x": "[422897.94595038 422704.54882446 431806.79453387]", "y": "[7027580.87122517 7022389.02029856 7021085.78698637]", "source": "Pypsa 2019-09-04", "info": { }, "line_id": 2221, "bus0_name": "Järpströmmen", "bus1_name": "Mörsil", "from_node": 2, "to_node": 5, "overlap_delaunay1": true, "overlap_delaunay2": false, "overlap_delaunay3": false, "overlap_delaunay4": false, "overlap_delaunay5": false, "overlap_mst": true, "delaunay_category": "Delaunay1", "category": "MST" }, "geometry": { "type": "LineString", "coordinates": [ [ 13.458246098972198, 63.368553926418784 ], [ 13.456879, 63.321933 ], [ 13.639082101993102, 63.312089984463192 ] ] } },
{ "type": "Feature", "properties": { "area0": "SE2", "area1": "SE2", "bus0": 6571, "bus1": 6572, "length": 9214.6522565425494, "circuits": 1.0, "Vbase": 220.0, "ug": false, "uc": 0.0, "lat": [ 63.3118734153734, 63.2325831159094 ], "lon": [ 13.6393996898627, 13.5874673101372 ], "x": "[431822.19452946 429025.70722692]", "y": "[7021061.32277177 7012284.55650439]", "source": "Pypsa 2019-09-04", "info": { }, "line_id": 2187, "bus0_name": "Mörsil", "bus1_name": "Sällsjö", "from_node": 5, "to_node": 4, "overlap_delaunay1": true, "overlap_delaunay2": false, "overlap_delaunay3": false, "overlap_delaunay4": false, "overlap_delaunay5": false, "overlap_mst": true, "delaunay_category": "Delaunay1", "category": "MST" }, "geometry": { "type": "LineString", "coordinates": [ [ 13.639399689862699, 63.311873415373398 ], [ 13.587467310137196, 63.232583115909385 ] ] } },
{ "type": "Feature", "properties": { "area0": "SE2", "area1": "SE2", "bus0": 6548, "bus1": 6574, "length": 36365.439676565999, "circuits": 1.0, "Vbase": 220.0, "ug": false, "uc": 0.0, "lat": [ 63.2575485044688, 63.149393, 62.9928146931633 ], "lon": [ 17.0822153984906, 16.99585, 16.6830392445046 ], "x": "[604525.59373367 600565.89884883 585263.98710243]", "y": "[7015981.45969594 7003797.26874292 6985904.4962575 ]", "source": "Pypsa 2019-09-04", "info": { }, "line_id": 2227, "bus0_name": "Hjälta", "bus1_name": "Stadsforsen", "from_node": 84, "to_node": 66, "overlap_delaunay1": false, "overlap_delaunay2": true, "overlap_delaunay3": false, "overlap_delaunay4": false, "overlap_delaunay5": false, "overlap_mst": false, "delaunay_category": "Delaunay2", "category": "Delaunay2" }, "geometry": { "type": "LineString", "coordinates": [ [ 17.082215398490593, 63.257548504468794 ], [ 16.99585, 63.149393 ], [ 16.683039244504599, 62.992814693163304 ] ] } },
{ "type": "Feature", "properties": { "area0": "SE2", "area1": "SE2", "bus0": 6551, "bus1": 6574, "length": 69638.839085050189, "circuits": 1.0, "Vbase": 220.0, "ug": false, "uc": 0.0, "lat": [ 62.9924746817277, 62.8683, 62.46728, 62.4381515874659 ], "lon": [ 16.6825734958369, 16.574249, 16.855774, 16.9926961823528 ], "x": "[585241.38712858 580092.86296318 595698.87600451 602858.20238807]", "y": "[6985866.0053105  6971895.04315689 6927611.83869712 6924578.12284527]", "source": "Pypsa 2019-09-04", "info": { }, "line_id": 2231, "bus0_name": "Hällsjö", "bus1_name": "Stadsforsen", "from_node": 80, "to_node": 66, "overlap_delaunay1": false, "overlap_delaunay2": false, "overlap_delaunay3": true, "overlap_delaunay4": false, "overlap_delaunay5": false, "overlap_mst": false, "delaunay_category": "Delaunay3", "category": "Delaunay3" }, "geometry": { "type": "LineString", "coordinates": [ [ 16.682573495836898, 62.9924746817277 ], [ 16.574249, 62.8683 ], [ 16.855774, 62.46728 ], [ 16.992696182352802, 62.438151587465896 ] ] } },
{ "type": "Feature", "properties": { "area0": "SE2", "area1": "SE2", "bus0": 6552, "bus1": 6574, "length": 12403.6373930352, "circuits": 1.0, "Vbase": 220.0, "ug": false, "uc": 0.0, "lat": [ 62.9924628332919, 62.8822769267445 ], "lon": [ 16.6828015713019, 16.7170094286981 ], "x": "[585252.9743252  587313.31436105]", "y": "[6985864.98789878 6973637.55104566]", "source": "Pypsa 2019-09-04", "info": { }, "line_id": 2232, "bus0_name": "Hölleforsen", "bus1_name": "Stadsforsen", "from_node": 67, "to_node": 66, "overlap_delaunay1": true, "overlap_delaunay2": false, "overlap_delaunay3": false, "overlap_delaunay4": false, "overlap_delaunay5": false, "overlap_mst": true, "delaunay_category": "Delaunay1", "category": "MST" }, "geometry": { "type": "LineString", "coordinates": [ [ 16.682801571301901, 62.99246283329191 ], [ 16.717009428698095, 62.882276926744488 ] ] } },
{ "type": "Feature", "properties": { "area0": "SE2", "area1": "SE2", "bus0": 6576, "bus1": 6579, "length": 9960.5059158015411, "circuits": 1.0, "Vbase": 220.0, "ug": false, "uc": 0.0, "lat": [ 63.0937104113774, 63.1795771642752 ], "lon": [ 16.1115736286489, 16.1662583713511 ], "x": "[556121.40715483 558708.39575682]", "y": "[6996515.70907206 7006130.68820655]", "source": "Pypsa 2019-09-04", "info": { }, "line_id": 7181, "bus0_name": "Gammalänge", "bus1_name": "Krångede", "from_node": 49, "to_node": 47, "overlap_delaunay1": true, "overlap_delaunay2": false, "overlap_delaunay3": false, "overlap_delaunay4": false, "overlap_delaunay5": false, "overlap_mst": true, "delaunay_category": "Delaunay1", "category": "MST" }, "geometry": { "type": "LineString", "coordinates": [ [ 16.111573628648902, 63.093710411377401 ], [ 16.166258371351098, 63.179577164275202 ] ] } },
{ "type": "Feature", "properties": { "area0": "SE2", "area1": "SE2", "bus0": 6563, "bus1": 6583, "length": 69704.046753118004, "circuits": 1.0, "Vbase": 220.0, "ug": false, "uc": 0.0, "lat": [ 62.7358052401034, 62.571895058204 ], "lon": [ 13.9027664910988, 12.5907635089012 ], "x": "[443922.64355335 376203.42641643]", "y": "[6956631.28107411 6940203.15074062]", "source": "Pypsa 2019-09-04", "info": { }, "line_id": 2359, "bus0_name": "Långå", "bus1_name": "Trångfors", "from_node": 0, "to_node": 11, "overlap_delaunay1": true, "overlap_delaunay2": false, "overlap_delaunay3": false, "overlap_delaunay4": false, "overlap_delaunay5": false, "overlap_mst": true, "delaunay_category": "Delaunay1", "category": "MST" }, "geometry": { "type": "LineString", "coordinates": [ [ 13.902766491098799, 62.735805240103389 ], [ 12.590763508901201, 62.571895058203985 ] ] } },
{ "type": "Feature", "properties": { "area0": "SE2", "area1": "SE2", "bus0": 6583, "bus1": 6584, "length": 39801.539964338001, "circuits": 1.0, "Vbase": 220.0, "ug": false, "uc": 0.0, "lat": [ 62.5162479387901, 62.7357329974375 ], "lon": [ 14.515333482398, 13.903550517602 ], "x": "[475045.23240468 443962.57378623]", "y": "[6931786.47713584 6956622.55127174]", "source": "Pypsa 2019-09-04", "info": { }, "line_id": 2234, "bus0_name": "Trångfors", "bus1_name": "Rätan", "from_node": 11, "to_node": 20, "overlap_delaunay1": true, "overlap_delaunay2": false, "overlap_delaunay3": false, "overlap_delaunay4": false, "overlap_delaunay5": false, "overlap_mst": true, "delaunay_category": "Delaunay1", "category": "MST" }, "geometry": { "type": "LineString", "coordinates": [ [ 14.515333482398002, 62.516247938790102 ], [ 13.903550517602001, 62.735732997437502 ] ] } },
{ "type": "Feature", "properties": { "area0": "SE2", "area1": "SE2", "bus0": 6584, "bus1": 6587, "length": 52855.601498085802, "circuits": 1.0, "Vbase": 220.0, "ug": false, "uc": 0.0, "lat": [ 62.5159191079612, 62.391006, 62.0719327938925 ], "lon": [ 14.5155882909974, 14.455261, 14.1670441302589 ], "x": "[475058.07716932 471834.61906954 456475.78809177]", "y": "[6931749.7446306  6917858.49171987 6882473.10934319]", "source": "Pypsa 2019-09-04", "info": { }, "line_id": 2235, "bus0_name": "Rätan", "bus1_name": "Sveg", "from_node": 20, "to_node": 16, "overlap_delaunay1": true, "overlap_delaunay2": false, "overlap_delaunay3": false, "overlap_delaunay4": false, "overlap_delaunay5": false, "overlap_mst": false, "delaunay_category": "Delaunay1", "category": "Delaunay1" }, "geometry": { "type": "LineString", "coordinates": [ [ 14.5155882909974, 62.515919107961203 ], [ 14.455261, 62.391006 ], [ 14.167044130258898, 62.071932793892493 ] ] } },
{ "type": "Feature", "properties": { "area0": "SE2", "area1": "SE2", "bus0": 6584, "bus1": 6588, "length": 27726.476302690098, "circuits": 1.0, "Vbase": 220.0, "ug": false, "uc": 0.0, "lat": [ 62.4133587176268, 62.5160355767515 ], "lon": [ 15.0055430955147, 14.5160939044853 ], "x": "[500286.39115394 475084.20761899]", "y": "[6920230.11833622 6931762.52491413]", "source": "Pypsa 2019-09-04", "info": { }, "line_id": 2360, "bus0_name": "Rätan", "bus1_name": "Turinge", "from_node": 20, "to_node": 27, "overlap_delaunay1": true, "overlap_delaunay2": false, "overlap_delaunay3": false, "overlap_delaunay4": false, "overlap_delaunay5": false, "overlap_mst": true, "delaunay_category": "Delaunay1", "category": "MST" }, "geometry": { "type": "LineString", "coordinates": [ [ 15.0055430955147, 62.413358717626792 ], [ 14.516093904485297, 62.516035576751484 ] ] } },
{ "type": "Feature", "properties": { "area0": "SE2", "area1": "SE2", "bus0": 6588, "bus1": 6589, "length": 34602.699264360497, "circuits": 1.0, "Vbase": 220.0, "ug": false, "uc": 0.0, "lat": [ 62.4410631119977, 62.351521, 62.4132111819001 ], "lon": [ 15.5440561394079, 15.431671, 15.0063776145694 ], "x": "[528083.1392045  522348.70644857 500329.50927493]", "y": "[6923434.80023446 6913415.51527548 6920213.6856975 ]", "source": "Pypsa 2019-09-04", "info": { }, "line_id": 2361, "bus0_name": "Turinge", "bus1_name": "Järnvägsforsen", "from_node": 27, "to_node": 34, "overlap_delaunay1": true, "overlap_delaunay2": false, "overlap_delaunay3": false, "overlap_delaunay4": false, "overlap_delaunay5": false, "overlap_mst": true, "delaunay_category": "Delaunay1", "category": "MST" }, "geometry": { "type": "LineString", "coordinates": [ [ 15.544056139407898, 62.4410631119977 ], [ 15.431671, 62.351521 ], [ 15.006377614569397, 62.413211181900103 ] ] } },
{ "type": "Feature", "properties": { "area0": "SE2", "area1": "SE2", "bus0": 6589, "bus1": 6590, "length": 29840.066600681497, "circuits": 1.0, "Vbase": 220.0, "ug": false, "uc": 0.0, "lat": [ 62.5172918955621, 62.429167, 62.4412101240255 ], "lon": [ 16.0739754712311, 15.711823, 15.5447233718356 ], "x": "[555294.00692078 536757.31601612 528117.44183053]", "y": "[6932268.9122942  6922193.67678246 6923451.468261  ]", "source": "Pypsa 2019-09-04", "info": { }, "line_id": 2362, "bus0_name": "Järnvägsforsen", "bus1_name": "Ånge", "from_node": 34, "to_node": 46, "overlap_delaunay1": true, "overlap_delaunay2": false, "overlap_delaunay3": false, "overlap_delaunay4": false, "overlap_delaunay5": false, "overlap_mst": true, "delaunay_category": "Delaunay1", "category": "MST" }, "geometry": { "type": "LineString", "coordinates": [ [ 16.073975471231101, 62.51729189556211 ], [ 15.711823, 62.429167 ], [ 15.544723371835596, 62.441210124025474 ] ] } },
{ "type": "Feature", "properties": { "area0": "SE2", "area1": "SE2", "bus0": 6574, "bus1": 6591, "length": 60247.4915605196, "circuits": 1.0, "Vbase": 220.0, "ug": false, "uc": 0.0, "lat": [ 62.9925154347228, 62.925236, 62.65144, 62.4992096392923 ], "lon": [ 16.6824330436592, 16.544037, 16.300964, 16.3297641950062 ], "x": "[585234.1540445  578403.80892163 566678.29137578 568503.62948394]", "y": "[6985870.35855147 6978200.01656304 6947427.07907283 6930499.78072464]", "source": "Pypsa 2019-09-04", "info": { }, "line_id": 2230, "bus0_name": "Stadsforsen", "bus1_name": "Torpshammar", "from_node": 66, "to_node": 55, "overlap_delaunay1": false, "overlap_delaunay2": true, "overlap_delaunay3": false, "overlap_delaunay4": false, "overlap_delaunay5": false, "overlap_mst": false, "delaunay_category": "Delaunay2", "category": "Delaunay2" }, "geometry": { "type": "LineString", "coordinates": [ [ 16.682433043659195, 62.99251543472279 ], [ 16.544037, 62.925236 ], [ 16.300964, 62.65144 ], [ 16.329764195006199, 62.499209639292303 ] ] } },
{ "type": "Feature", "properties": { "area0": "SE2", "area1": "SE2", "bus0": 6590, "bus1": 6592, "length": 71559.0183582303, "circuits": 1.0, "Vbase": 220.0, "ug": false, "uc": 0.0, "lat": [ 61.8841981855005, 62.5171841331076 ], "lon": [ 15.843733042336, 16.074295957664 ], "x": "[544359.19869673 555310.7058762 ]", "y": "[6861567.90042537 6932257.18219989]", "source": "Pypsa 2019-09-04", "info": { }, "line_id": 2236, "bus0_name": "Ånge", "bus1_name": "Laforsen", "from_node": 46, "to_node": 43, "overlap_delaunay1": false, "overlap_delaunay2": true, "overlap_delaunay3": false, "overlap_delaunay4": false, "overlap_delaunay5": false, "overlap_mst": false, "delaunay_category": "Delaunay2", "category": "Delaunay2" }, "geometry": { "type": "LineString", "coordinates": [ [ 15.843733042336002, 61.884198185500495 ], [ 16.074295957664003, 62.517184133107605 ] ] } },
{ "type": "Feature", "properties": { "area0": "SE2", "area1": "SE2", "bus0": 6391, "bus1": 6593, "length": 41120.636822355897, "circuits": 1.0, "Vbase": 220.0, "ug": false, "uc": 0.0, "lat": [ 61.4081053283437, 61.7716151372658 ], "lon": [ 16.4492030995258, 16.3161479004742 ], "x": "[577369.28906997 569448.35278465]", "y": "[6809104.56374486 6849441.1040413 ]", "source": "Pypsa 2019-09-04", "info": { }, "line_id": 2367, "bus0_name": "Dönje", "bus1_name": "Ljusdal", "from_node": 61, "to_node": 54, "overlap_delaunay1": true, "overlap_delaunay2": false, "overlap_delaunay3": false, "overlap_delaunay4": false, "overlap_delaunay5": false, "overlap_mst": true, "delaunay_category": "Delaunay1", "category": "MST" }, "geometry": { "type": "LineString", "coordinates": [ [ 16.4492030995258, 61.408105328343709 ], [ 16.316147900474199, 61.771615137265783 ] ] } },
{ "type": "Feature", "properties": { "area0": "SE2", "area1": "SE2", "bus0": 6593, "bus1": 6596, "length": 131234.83212205302, "circuits": 1.0, "Vbase": 220.0, "ug": false, "uc": 0.0, "lat": [ 61.7718416632842, 61.780916, 61.926674, 62.462836, 62.8336300978012 ], "lon": [ 16.3156255204565, 16.086731, 15.978241, 16.167755, 16.1608928159154 ], "x": "[569420.28082604 557326.42568313 551359.318314   560231.58196783\n 559134.21611925]", "y": "[6849465.77694032 6850253.42436416 6866398.47351876 6926286.56129293\n 6967585.99750012]", "source": "Pypsa 2019-09-04", "info": { }, "line_id": 2226, "bus0_name": "Ljusdal", "bus1_name": "Bräcke", "from_node": 54, "to_node": 48, "overlap_delaunay1": false, "overlap_delaunay2": false, "overlap_delaunay3": true, "overlap_delaunay4": false, "overlap_delaunay5": false, "overlap_mst": false, "delaunay_category": "Delaunay3", "category": "Delaunay3" }, "geometry": { "type": "LineString", "coordinates": [ [ 16.3156255204565, 61.771841663284199 ], [ 16.086731, 61.780916 ], [ 15.978241, 61.926674 ], [ 16.167755, 62.462836 ], [ 16.160892815915393, 62.833630097801191 ] ] } },
{ "type": "Feature", "properties": { "area0": "SE2", "area1": "SE2", "bus0": 6579, "bus1": 6596, "length": 29128.872526872499, "circuits": 1.0, "Vbase": 220.0, "ug": false, "uc": 0.0, "lat": [ 62.8340395260539, 63.018221, 63.0933184809656 ], "lon": [ 16.1608768511466, 16.149902, 16.1115510001149 ], "x": "[559132.58066768 558206.87021312 556121.0202407 ]", "y": "[6967631.5935978  6988139.88831372 6996472.02583498]", "source": "Pypsa 2019-09-04", "info": { }, "line_id": 7180, "bus0_name": "Krångede", "bus1_name": "Bräcke", "from_node": 47, "to_node": 48, "overlap_delaunay1": true, "overlap_delaunay2": false, "overlap_delaunay3": false, "overlap_delaunay4": false, "overlap_delaunay5": false, "overlap_mst": false, "delaunay_category": "Delaunay1", "category": "Delaunay1" }, "geometry": { "type": "LineString", "coordinates": [ [ 16.1608768511466, 62.834039526053886 ], [ 16.149902, 63.018221 ], [ 16.111551000114897, 63.093318480965586 ] ] } },
{ "type": "Feature", "properties": { "area0": "SE2", "area1": "SE2", "bus0": 6596, "bus1": 6597, "length": 6916.2833239431002, "circuits": 1.0, "Vbase": 220.0, "ug": false, "uc": 0.0, "lat": [ 62.8337897444983, 62.8200832766661 ], "lon": [ 16.1613260406382, 16.2936609593618 ], "x": "[559155.96144701 565926.91715157]", "y": "[6967604.18021348 6966205.8027476 ]", "source": "Pypsa 2019-09-04", "info": { }, "line_id": 7182, "bus0_name": "Bräcke", "bus1_name": "Mörttjärnberget", "from_node": 48, "to_node": 53, "overlap_delaunay1": true, "overlap_delaunay2": false, "overlap_delaunay3": false, "overlap_delaunay4": false, "overlap_delaunay5": false, "overlap_mst": true, "delaunay_category": "Delaunay1", "category": "MST" }, "geometry": { "type": "LineString", "coordinates": [ [ 16.161326040638201, 62.83378974449829 ], [ 16.293660959361802, 62.820083276666089 ] ] } },
{ "type": "Feature", "properties": { "area0": "SE2", "area1": "SE2", "bus0": 6587, "bus1": 6598, "length": 12725.724926987399, "circuits": 1.0, "Vbase": 220.0, "ug": false, "uc": 0.0, "lat": [ 62.1416401956335, 62.0718670992753 ], "lon": [ 13.9735897936428, 14.1665162063572 ], "x": "[446490.77639085 456448.10965713]", "y": "[6890382.92745358 6882466.14570511]", "source": "Pypsa 2019-09-04", "info": { }, "line_id": 2225, "bus0_name": "Sveg", "bus1_name": "Nordiåsen", "from_node": 16, "to_node": 12, "overlap_delaunay1": true, "overlap_delaunay2": false, "overlap_delaunay3": false, "overlap_delaunay4": false, "overlap_delaunay5": false, "overlap_mst": true, "delaunay_category": "Delaunay1", "category": "MST" }, "geometry": { "type": "LineString", "coordinates": [ [ 13.9735897936428, 62.141640195633485 ], [ 14.166516206357198, 62.071867099275302 ] ] } },
{ "type": "Feature", "properties": { "area0": "FI", "area1": "FI", "bus0": 6651, "bus1": 6657, "length": 12806.36465546, "circuits": 1.0, "Vbase": 220.0, "ug": false, "uc": 0.0, "lat": [ 66.3787342919532, 66.3309648506683 ], "lon": [ 26.7699691829359, 27.0300798170642 ], "x": "[1023739.87106878 1036222.17690516]", "y": "[7411643.31308022 7408611.21583583]", "source": "Pypsa 2019-09-04", "info": { }, "line_id": 514, "bus0_name": "Vanttauskoski", "bus1_name": "Pirttikoski", "from_node": 127, "to_node": 130, "overlap_delaunay1": true, "overlap_delaunay2": false, "overlap_delaunay3": false, "overlap_delaunay4": false, "overlap_delaunay5": false, "overlap_mst": true, "delaunay_category": "Delaunay1", "category": "MST" }, "geometry": { "type": "LineString", "coordinates": [ [ 26.769969182935899, 66.378734291953194 ], [ 27.030079817064198, 66.330964850668295 ] ] } },
{ "type": "Feature", "properties": { "area0": "FI", "area1": "FI", "bus0": 6652, "bus1": 6657, "length": 21123.5955880601, "circuits": 1.0, "Vbase": 220.0, "ug": false, "uc": 0.0, "lat": [ 66.3310029258077, 66.450128610591 ], "lon": [ 27.0308344010957, 27.3981815989043 ], "x": "[1036254.65530983 1049823.42454185]", "y": "[7408621.89465807 7424899.65206981]", "source": "Pypsa 2019-09-04", "info": { }, "line_id": 438, "bus0_name": "Seitakorva", "bus1_name": "Pirttikoski", "from_node": 134, "to_node": 130, "overlap_delaunay1": true, "overlap_delaunay2": false, "overlap_delaunay3": false, "overlap_delaunay4": false, "overlap_delaunay5": false, "overlap_mst": true, "delaunay_category": "Delaunay1", "category": "MST" }, "geometry": { "type": "LineString", "coordinates": [ [ 27.030834401095692, 66.331002925807709 ], [ 27.398181598904287, 66.45012861059098 ] ] } },
{ "type": "Feature", "properties": { "area0": "FI", "area1": "FI", "bus0": 6647, "bus1": 6659, "length": 84162.171646639108, "circuits": 1.0, "Vbase": 220.0, "ug": false, "uc": 0.0, "lat": [ 64.5814080737305, 64.500595, 64.607393, 64.5562944145934 ], "lon": [ 28.4500466565903, 27.898407, 26.880798, 26.8438514919599 ], "x": "[1140401.82597393 1116260.68916569 1065877.30894497 1065197.60730438]", "y": "[7230124.06037948 7215772.61312492 7217963.43670823 7212015.68255667]", "source": "Pypsa 2019-09-04", "info": { }, "line_id": 444, "bus0_name": "Seitenoikea", "bus1_name": "Nuojua", "from_node": 136, "to_node": 129, "overlap_delaunay1": true, "overlap_delaunay2": false, "overlap_delaunay3": false, "overlap_delaunay4": false, "overlap_delaunay5": false, "overlap_mst": true, "delaunay_category": "Delaunay1", "category": "MST" }, "geometry": { "type": "LineString", "coordinates": [ [ 28.450046656590295, 64.581408073730486 ], [ 27.898407, 64.500595 ], [ 26.880798, 64.607393 ], [ 26.843851491959899, 64.556294414593381 ] ] } },
{ "type": "Feature", "properties": { "area0": "FI", "area1": "FI", "bus0": 6526, "bus1": 6659, "length": 290196.06643436302, "circuits": 1.0, "Vbase": 220.0, "ug": false, "uc": 0.0, "lat": [ 62.2617377419937, 62.425353, 62.690529, 62.945855, 63.443756, 63.781273, 63.847933, 63.984997, 64.5559687250362 ], "lon": [ 25.1805917594388, 25.122986, 25.219116, 25.047455, 25.10376, 25.258942, 25.54184, 25.647583, 26.8434179156379 ], "x": "[1027066.27891375 1021245.06448186 1021481.6747397  1008331.85902159\n 1002421.72820638 1004050.57874705 1016627.01878472 1019220.92529235\n 1065183.88520371]", "y": "[6944940.32764657 6962534.8770621  6992587.62934152 7019394.77467147\n 7074802.85635737 7113275.13054348 7122898.55763899 7138872.52659647\n 7211975.99910589]", "source": "Pypsa 2019-09-04", "info": { }, "line_id": 447, "bus0_name": "Petäjävesi", "bus1_name": "Nuojua", "from_node": 117, "to_node": 129, "overlap_delaunay1": false, "overlap_delaunay2": true, "overlap_delaunay3": false, "overlap_delaunay4": false, "overlap_delaunay5": false, "overlap_mst": false, "delaunay_category": "Delaunay2", "category": "Delaunay2" }, "geometry": { "type": "LineString", "coordinates": [ [ 25.180591759438798, 62.261737741993684 ], [ 25.122986, 62.425353 ], [ 25.219116, 62.690529 ], [ 25.047455, 62.945855 ], [ 25.10376, 63.443756 ], [ 25.258942, 63.781273 ], [ 25.54184, 63.847933 ], [ 25.647583, 63.984997 ], [ 26.843417915637893, 64.55596872503618 ] ] } },
{ "type": "Feature", "properties": { "area0": "FI", "area1": "FI", "bus0": 6517, "bus1": 6661, "length": 92828.619369681706, "circuits": 1.0, "Vbase": 220.0, "ug": false, "uc": 0.0, "lat": [ 64.0458189299681, 64.063792, 64.7780436513771 ], "lon": [ 25.3335301145509, 25.482788, 26.1157148794965 ], "x": "[1002911.88586841 1009795.89097797 1026403.2471076 ]", "y": "[7143050.65441819 7146224.00391629 7230111.33570733]", "source": "Pypsa 2019-09-04", "info": { }, "line_id": 445, "bus0_name": "Haapavesi", "bus1_name": "Pyhäkoski", "from_node": 119, "to_node": 124, "overlap_delaunay1": true, "overlap_delaunay2": false, "overlap_delaunay3": false, "overlap_delaunay4": false, "overlap_delaunay5": false, "overlap_mst": true, "delaunay_category": "Delaunay1", "category": "MST" }, "geometry": { "type": "LineString", "coordinates": [ [ 25.3335301145509, 64.045818929968092 ], [ 25.482788, 64.063792 ], [ 26.115714879496501, 64.778043651377104 ] ] } },
{ "type": "Feature", "properties": { "area0": "FI", "area1": "FI", "bus0": 6661, "bus1": 6663, "length": 20998.0024295943, "circuits": 1.0, "Vbase": 220.0, "ug": false, "uc": 0.0, "lat": [ 64.7784110179866, 64.9652282927719 ], "lon": [ 26.1158183436795, 26.0596266563205 ], "x": "[1026400.91784892 1020121.17917417]", "y": "[7230152.64566154 7250254.62725906]", "source": "Pypsa 2019-09-04", "info": { }, "line_id": 442, "bus0_name": "Pyhäkoski", "bus1_name": "Pyhänselkä", "from_node": 124, "to_node": 122, "overlap_delaunay1": true, "overlap_delaunay2": false, "overlap_delaunay3": false, "overlap_delaunay4": false, "overlap_delaunay5": false, "overlap_mst": true, "delaunay_category": "Delaunay1", "category": "MST" }, "geometry": { "type": "LineString", "coordinates": [ [ 26.115818343679493, 64.778411017986585 ], [ 26.059626656320489, 64.965228292771883 ] ] } },
{ "type": "Feature", "properties": { "area0": "SE2", "area1": "SE2", "bus0": 6686, "bus1": 6687, "length": 17571.946886174399, "circuits": 1.0, "Vbase": 220.0, "ug": false, "uc": 0.0, "lat": [ 64.6539517392502, 64.7160444342868 ], "lon": [ 13.8074802733119, 14.1458587266881 ], "x": "[443040.91103908 459295.44269275]", "y": "[7170424.81711824 7177083.25071091]", "source": "Pypsa 2019-09-04", "info": { }, "line_id": 2391, "bus0_name": "Blåsjön", "bus1_name": "Linnvasselv", "from_node": 15, "to_node": 9, "overlap_delaunay1": true, "overlap_delaunay2": false, "overlap_delaunay3": false, "overlap_delaunay4": false, "overlap_delaunay5": false, "overlap_mst": false, "delaunay_category": "Delaunay1", "category": "Delaunay1" }, "geometry": { "type": "LineString", "coordinates": [ [ 13.807480273311898, 64.653951739250189 ], [ 14.145858726688099, 64.716044434286786 ] ] } },
{ "type": "Feature", "properties": { "area0": "FI", "area1": "FI", "bus0": 6719, "bus1": 6720, "length": 47365.818994916903, "circuits": 1.0, "Vbase": 220.0, "ug": false, "uc": 0.0, "lat": [ 67.2376786743344, 67.6022725843257 ], "lon": [ 27.3873136655957, 26.8206033344044 ], "x": "[1031906.66621178 1000087.69945244]", "y": "[7511166.80937117 7546436.19438919]", "source": "Pypsa 2019-09-04", "info": { }, "line_id": 436, "bus0_name": "Vajukoski", "bus1_name": "Kokkosniva", "from_node": 128, "to_node": 133, "overlap_delaunay1": true, "overlap_delaunay2": false, "overlap_delaunay3": false, "overlap_delaunay4": false, "overlap_delaunay5": false, "overlap_mst": true, "delaunay_category": "Delaunay1", "category": "MST" }, "geometry": { "type": "LineString", "coordinates": [ [ 27.387313665595688, 67.23767867433439 ], [ 26.820603334404399, 67.602272584325704 ] ] } },
{ "type": "Feature", "properties": { "area0": "FI", "area1": "FI", "bus0": 6657, "bus1": 6720, "length": 102475.169767079, "circuits": 1.0, "Vbase": 220.0, "ug": false, "uc": 0.0, "lat": [ 66.331054207361, 66.372755, 67.2373586010312 ], "lon": [ 27.0306699882281, 27.077179, 27.387480388336 ], "x": "[1036246.3020268  1037401.05843719 1031920.85333553]", "y": "[7408626.10879482 7413605.1092584  7511133.15011008]", "source": "Pypsa 2019-09-04", "info": { }, "line_id": 437, "bus0_name": "Pirttikoski", "bus1_name": "Kokkosniva", "from_node": 130, "to_node": 133, "overlap_delaunay1": false, "overlap_delaunay2": true, "overlap_delaunay3": false, "overlap_delaunay4": false, "overlap_delaunay5": false, "overlap_mst": false, "delaunay_category": "Delaunay2", "category": "Delaunay2" }, "geometry": { "type": "LineString", "coordinates": [ [ 27.030669988228105, 66.331054207361007 ], [ 27.077179, 66.372755 ], [ 27.387480388335998, 67.237358601031204 ] ] } },
{ "type": "Feature", "properties": { "area0": "FI", "area1": "FI", "bus0": 6719, "bus1": 6721, "length": 121613.43772786301, "circuits": 1.0, "Vbase": 220.0, "ug": false, "uc": 0.0, "lat": [ 67.6025819074453, 68.6454003148047 ], "lon": [ 26.8205044232277, 27.6744305767723 ], "x": "[1000076.98623042 1011960.98072297]", "y": "[7546469.35372273 7667834.93675842]", "source": "Pypsa 2019-09-04", "info": { }, "line_id": 435, "bus0_name": "Vajukoski", "bus1_name": "Ivalo", "from_node": 128, "to_node": 135, "overlap_delaunay1": true, "overlap_delaunay2": false, "overlap_delaunay3": false, "overlap_delaunay4": false, "overlap_delaunay5": false, "overlap_mst": true, "delaunay_category": "Delaunay1", "category": "MST" }, "geometry": { "type": "LineString", "coordinates": [ [ 26.820504423227703, 67.602581907445298 ], [ 27.674430576772288, 68.645400314804704 ] ] } },
{ "type": "Feature", "properties": { "area0": "FI", "area1": "FI", "bus0": 6653, "bus1": 6722, "length": 127078.106912929, "circuits": 1.0, "Vbase": 220.0, "ug": false, "uc": 0.0, "lat": [ 66.4135708672576, 66.453532, 67.070644, 67.187532, 67.464398, 67.4979220113273 ], "lon": [ 25.7172885976058, 25.606384, 25.256195, 25.120239, 25.151825, 25.0861754529402 ], "x": "[976626.70866312 970977.83298552 944233.38465818 936268.45766084\n 932576.91815935 929192.85851937]", "y": "[7407019.89842256 7410577.81510709 7476001.55310137 7487922.00036494\n 7518667.9964832  7521906.54343809]", "source": "Pypsa 2019-09-04", "info": { }, "line_id": 6903, "bus0_name": "Valajaskoski", "bus1_name": "Isoniemi", "from_node": 121, "to_node": 116, "overlap_delaunay1": true, "overlap_delaunay2": false, "overlap_delaunay3": false, "overlap_delaunay4": false, "overlap_delaunay5": false, "overlap_mst": false, "delaunay_category": "Delaunay1", "category": "Delaunay1" }, "geometry": { "type": "LineString", "coordinates": [ [ 25.717288597605798, 66.413570867257604 ], [ 25.606384, 66.453532 ], [ 25.256195, 67.070644 ], [ 25.120239, 67.187532 ], [ 25.151825, 67.464398 ], [ 25.086175452940203, 67.497922011327304 ] ] } },
{ "type": "Feature", "properties": { "area0": "FI", "area1": "FI", "bus0": 6719, "bus1": 6723, "length": 30701.229342308197, "circuits": 1.0, "Vbase": 220.0, "ug": false, "uc": 0.0, "lat": [ 67.6024151043753, 67.5961428966601 ], "lon": [ 26.8199258493237, 26.0984701506763 ], "x": "[1000056.30225678  969942.6376533 ]", "y": "[7546446.35244831 7540089.08670534]", "source": "Pypsa 2019-09-04", "info": { }, "line_id": 7016, "bus0_name": "Vajukoski", "bus1_name": "Kuolajärvi", "from_node": 128, "to_node": 123, "overlap_delaunay1": true, "overlap_delaunay2": false, "overlap_delaunay3": false, "overlap_delaunay4": false, "overlap_delaunay5": false, "overlap_mst": true, "delaunay_category": "Delaunay1", "category": "MST" }, "geometry": { "type": "LineString", "coordinates": [ [ 26.819925849323702, 67.602415104375297 ], [ 26.098470150676295, 67.596142896660083 ] ] } },
{ "type": "Feature", "properties": { "area0": "FI", "area1": "FI", "bus0": 6722, "bus1": 6723, "length": 46055.119052670001, "circuits": 1.0, "Vbase": 220.0, "ug": false, "uc": 0.0, "lat": [ 67.5961332526975, 67.587763, 67.49815285883 ], "lon": [ 26.097574327562, 25.445709, 25.0862827557183 ], "x": "[969905.23864515 942686.67922187 929193.20804089]", "y": "[7540081.2086843  7534344.01945748 7521932.74076477]", "source": "Pypsa 2019-09-04", "info": { }, "line_id": 503, "bus0_name": "Isoniemi", "bus1_name": "Kuolajärvi", "from_node": 116, "to_node": 123, "overlap_delaunay1": true, "overlap_delaunay2": false, "overlap_delaunay3": false, "overlap_delaunay4": false, "overlap_delaunay5": false, "overlap_mst": true, "delaunay_category": "Delaunay1", "category": "MST" }, "geometry": { "type": "LineString", "coordinates": [ [ 26.097574327562011, 67.596133252697499 ], [ 25.445709, 67.587763 ], [ 25.086282755718294, 67.498152858829982 ] ] } },
{ "type": "Feature", "properties": { "area0": "FI", "area1": "FI", "bus0": 6653, "bus1": 6790, "length": 20372.328623587899, "circuits": 1.0, "Vbase": 220.0, "ug": false, "uc": 0.0, "lat": [ 66.2857548028589, 66.377158, 66.4132753931599 ], "lon": [ 25.4158450670868, 25.698395, 25.717527906193 ], "x": "[965695.69464773 976487.46951752 976642.91061489]", "y": "[7390658.90321757 7402864.94086806 7406989.1877629 ]", "source": "Pypsa 2019-09-04", "info": { }, "line_id": 6949, "bus0_name": "Valajaskoski", "bus1_name": "Petäjäskoski", "from_node": 121, "to_node": 120, "overlap_delaunay1": true, "overlap_delaunay2": false, "overlap_delaunay3": false, "overlap_delaunay4": false, "overlap_delaunay5": false, "overlap_mst": true, "delaunay_category": "Delaunay1", "category": "MST" }, "geometry": { "type": "LineString", "coordinates": [ [ 25.415845067086789, 66.285754802858904 ], [ 25.698395, 66.377158 ], [ 25.717527906192998, 66.413275393159907 ] ] } },
{ "type": "Feature", "properties": { "area0": "FI", "area1": "FI", "bus0": 6790, "bus1": 6827, "length": 23032.351493025097, "circuits": 1.0, "Vbase": 220.0, "ug": false, "uc": 0.0, "lat": [ 66.1406827778099, 66.209308, 66.2855361698003 ], "lon": [ 25.0696269783232, 25.154572, 25.4151347036051 ], "x": "[952927.18389948 955480.89519101 965668.22854414]", "y": "[7372115.17375505 7380301.86200093 7390629.50211254]", "source": "Pypsa 2019-09-04", "info": { }, "line_id": 439, "bus0_name": "Petäjäskoski", "bus1_name": "Ossauskoski", "from_node": 120, "to_node": 115, "overlap_delaunay1": true, "overlap_delaunay2": false, "overlap_delaunay3": false, "overlap_delaunay4": false, "overlap_delaunay5": false, "overlap_mst": true, "delaunay_category": "Delaunay1", "category": "MST" }, "geometry": { "type": "LineString", "coordinates": [ [ 25.069626978323186, 66.140682777809886 ], [ 25.154572, 66.209308 ], [ 25.415134703605091, 66.285536169800281 ] ] } },
{ "type": "Feature", "properties": { "area0": "SE1", "area1": "FI", "bus0": 6666, "bus1": 6827, "length": 99579.999090238911, "circuits": 1.0, "Vbase": 220.0, "ug": false, "uc": 0.0, "lat": [ 66.1406067956309, 66.178821, 65.962699, 65.8371460336802 ], "lon": [ 25.0690335308936, 24.893646, 24.038086, 23.1005528419899 ], "x": "[952902.03877762 944394.26470694 909665.20644941 869177.86916019]", "y": "[7372102.48831203 7375057.96606859 7345343.32201115 7325622.09768332]", "source": "Pypsa 2019-09-04", "info": { }, "line_id": 440, "bus0_name": "Kalix", "bus1_name": "Ossauskoski", "from_node": 111, "to_node": 115, "overlap_delaunay1": true, "overlap_delaunay2": false, "overlap_delaunay3": false, "overlap_delaunay4": false, "overlap_delaunay5": false, "overlap_mst": false, "delaunay_category": "Delaunay1", "category": "Delaunay1" }, "geometry": { "type": "LineString", "coordinates": [ [ 25.069033530893602, 66.140606795630902 ], [ 24.893646, 66.178821 ], [ 24.038086, 65.962699 ], [ 23.100552841989895, 65.837146033680199 ] ] } },
{ "type": "Feature", "properties": { "area0": "FI", "area1": "FI", "bus0": 6654, "bus1": 6827, "length": 24387.718214830296, "circuits": 1.0, "Vbase": 220.0, "ug": false, "uc": 0.0, "lat": [ 66.1403624409897, 66.065419, 65.9952190981813 ], "lon": [ 25.0696418705864, 25.171051, 24.8926535790064 ], "x": "[952933.5873453  958818.17956909 947579.82361237]", "y": "[7372079.94867592 7364554.70187751 7354791.86701199]", "source": "Pypsa 2019-09-04", "info": { }, "line_id": 441, "bus0_name": "Taivalkoski", "bus1_name": "Ossauskoski", "from_node": 114, "to_node": 115, "overlap_delaunay1": true, "overlap_delaunay2": false, "overlap_delaunay3": false, "overlap_delaunay4": false, "overlap_delaunay5": false, "overlap_mst": true, "delaunay_category": "Delaunay1", "category": "MST" }, "geometry": { "type": "LineString", "coordinates": [ [ 25.069641870586398, 66.140362440989705 ], [ 25.171051, 66.065419 ], [ 24.892653579006389, 65.995219098181281 ] ] } },
{ "type": "Feature", "properties": { "area0": "FI", "area1": "FI", "bus0": 6744, "bus1": 6838, "length": 8151.0608589767198, "circuits": 1.0, "Vbase": 220.0, "ug": false, "uc": 0.0, "lat": [ 69.817839, 69.8627064228881 ], "lon": [ 27.239227, 27.0720387969377 ], "x": "[968523.13638455 961209.16952266]", "y": "[7792750.59321766 7796389.86249531]", "source": "Pypsa 2019-09-04", "info": { }, "line_id": 517, "bus0_name": "Utsjoki", "bus1_name": null, "from_node": 131, "to_node": 132, "overlap_delaunay1": true, "overlap_delaunay2": false, "overlap_delaunay3": false, "overlap_delaunay4": false, "overlap_delaunay5": false, "overlap_mst": true, "delaunay_category": "Delaunay1", "category": "MST" }, "geometry": { "type": "LineString", "coordinates": [ [ 27.239227, 69.817839 ], [ 27.072038796937694, 69.862706422888095 ] ] } },
{ "type": "Feature", "properties": { "area0": "NO4", "area1": "FI", "bus0": 6739, "bus1": 6838, "length": 63854.108190164006, "circuits": 1.0, "Vbase": 220.0, "ug": false, "uc": 0.0, "lat": [ 70.1631203814606, 69.817840862951 ], "lon": [ 28.5723363216347, 27.2392341335673 ], "x": "[1010309.13007206  968523.36469858]", "y": "[7841248.06586987 7792750.85228315]", "source": "Pypsa 2019-09-04", "info": { }, "line_id": 9585, "bus0_name": "Varangerbotn", "bus1_name": null, "from_node": 137, "to_node": 132, "overlap_delaunay1": true, "overlap_delaunay2": false, "overlap_delaunay3": false, "overlap_delaunay4": false, "overlap_delaunay5": false, "overlap_mst": true, "delaunay_category": "Delaunay1", "category": "MST" }, "geometry": { "type": "LineString", "coordinates": [ [ 28.572336321634697, 70.163120381460587 ], [ 27.23923413356729, 69.817840862950987 ] ] } },
{ "type": "Feature", "properties": { "area0": "FI", "area1": "FI", "bus0": 6721, "bus1": 6838, "length": 139667.35917932901, "circuits": 1.0, "Vbase": 220.0, "ug": false, "uc": 0.0, "lat": [ 69.8178359223044, 68.926318, 68.6456835567127 ], "lon": [ 27.2392263659191, 27.059326, 27.6742832400447 ], "x": "[ 968523.181055    981259.44041825 1011948.60663669]", "y": "[7792750.25112034 7693626.13604222 7667864.71527462]", "source": "Pypsa 2019-09-04", "info": { }, "line_id": 9586, "bus0_name": "Ivalo", "bus1_name": null, "from_node": 135, "to_node": 132, "overlap_delaunay1": true, "overlap_delaunay2": false, "overlap_delaunay3": false, "overlap_delaunay4": false, "overlap_delaunay5": false, "overlap_mst": true, "delaunay_category": "Delaunay1", "category": "MST" }, "geometry": { "type": "LineString", "coordinates": [ [ 27.239226365919091, 69.817835922304383 ], [ 27.059326, 68.926318 ], [ 27.674283240044698, 68.645683556712697 ] ] } },
{ "type": "Feature", "properties": { "area0": "SE3", "area1": "SE3", "bus0": 6386, "bus1": 6861, "length": 6580.3946102652999, "circuits": 1.0, "Vbase": 220.0, "ug": false, "uc": 0.0, "lat": [ 60.3704284572777, 60.370429, 60.396798213958 ], "lon": [ 16.2844468470981, 16.284485, 16.1777679527475 ], "x": "[570838.00684978 570840.10964696 564902.55954811]", "y": "[6693356.36099979 6693356.46244371 6696183.060215  ]", "source": "Pypsa 2019-09-04", "info": { }, "line_id": 2245, "bus0_name": "Hofors", "bus1_name": null, "from_node": 50, "to_node": 52, "overlap_delaunay1": true, "overlap_delaunay2": false, "overlap_delaunay3": false, "overlap_delaunay4": false, "overlap_delaunay5": false, "overlap_mst": true, "delaunay_category": "Delaunay1", "category": "MST" }, "geometry": { "type": "LineString", "coordinates": [ [ 16.284446847098103, 60.370428457277711 ], [ 16.284485, 60.370429 ], [ 16.177767952747502, 60.396798213957993 ] ] } },
{ "type": "Feature", "properties": { "area0": "SE3", "area1": "SE3", "bus0": 6388, "bus1": 6861, "length": 87258.710006474401, "circuits": 1.0, "Vbase": 220.0, "ug": false, "uc": 0.0, "lat": [ 59.6387698372306, 59.764003, 60.094295, 60.180453, 60.3704240286415 ], "lon": [ 16.6796978285953, 16.461639, 16.299591, 16.295471, 16.2844471048369 ], "x": "[594702.49550341 582102.39557176 572278.67650357 571861.40056193\n 570838.0306748 ]", "y": "[6612380.83384018 6626034.05572071 6662623.30065254 6672212.98733529\n 6693355.86810523]", "source": "Pypsa 2019-09-04", "info": { }, "line_id": 11540, "bus0_name": "Finnslätten", "bus1_name": null, "from_node": 65, "to_node": 52, "overlap_delaunay1": false, "overlap_delaunay2": true, "overlap_delaunay3": false, "overlap_delaunay4": false, "overlap_delaunay5": false, "overlap_mst": false, "delaunay_category": "Delaunay2", "category": "Delaunay2" }, "geometry": { "type": "LineString", "coordinates": [ [ 16.679697828595302, 59.638769837230612 ], [ 16.461639, 59.764003 ], [ 16.299591, 60.094295 ], [ 16.295471, 60.180453 ], [ 16.284447104836897, 60.370424028641501 ] ] } },
{ "type": "Feature", "properties": { "area0": "SE2", "area1": "SE3", "bus0": 6592, "bus1": 6861, "length": 171924.966186215, "circuits": 1.0, "Vbase": 220.0, "ug": false, "uc": 0.0, "lat": [ 60.3704328859132, 61.322997, 61.8837896781993 ], "lon": [ 16.2844465893594, 16.22818, 15.8437965583973 ], "x": "[570837.98302478 565748.85958917 544363.12902436]", "y": "[6693356.85389428 6799383.37344171 6861522.43919417]", "source": "Pypsa 2019-09-04", "info": { }, "line_id": 9716, "bus0_name": "Laforsen", "bus1_name": null, "from_node": 43, "to_node": 52, "overlap_delaunay1": false, "overlap_delaunay2": false, "overlap_delaunay3": true, "overlap_delaunay4": false, "overlap_delaunay5": false, "overlap_mst": false, "delaunay_category": "Delaunay3", "category": "Delaunay3" }, "geometry": { "type": "LineString", "coordinates": [ [ 16.284446589359398, 60.370432885913189 ], [ 16.22818, 61.322997 ], [ 15.843796558397299, 61.883789678199307 ] ] } },
{ "type": "Feature", "properties": { "area0": "SE2", "area1": "SE2", "bus0": 6683, "bus1": 7289, "length": 14328.374006055001, "circuits": 1.0, "Vbase": 220.0, "ug": false, "uc": 0.0, "lat": [ 65.6244309990418, 65.722158, 65.7216297367133 ], "lon": [ 14.7659133174363, 14.966125, 14.9656439718479 ], "x": "[489219.61744463 498445.82163641 498423.71997748]", "y": "[7278069.15053066 7288941.97059911 7288883.10301398]", "source": "Pypsa 2019-09-04", "info": { }, "line_id": 2201, "bus0_name": "Gejmån", "bus1_name": null, "from_node": 22, "to_node": 26, "overlap_delaunay1": true, "overlap_delaunay2": false, "overlap_delaunay3": false, "overlap_delaunay4": false, "overlap_delaunay5": false, "overlap_mst": true, "delaunay_category": "Delaunay1", "category": "MST" }, "geometry": { "type": "LineString", "coordinates": [ [ 14.765913317436301, 65.624430999041792 ], [ 14.966125, 65.722158 ], [ 14.965643971847896, 65.721629736713297 ] ] } },
{ "type": "Feature", "properties": { "area0": "SE2", "area1": "SE2", "bus0": 6792, "bus1": 7289, "length": 49532.957351341298, "circuits": 1.0, "Vbase": 220.0, "ug": false, "uc": 0.0, "lat": [ 65.7216284452329, 65.697867, 65.512963, 65.4856632782527 ], "lon": [ 14.9656523612071, 15.119934, 15.489349, 15.811633145577 ], "x": "[498424.10480881 505507.71160887 522632.43398814 537576.80041249]", "y": "[7288882.95885684 7286239.36499798 7265713.21523032 7262824.719534  ]", "source": "Pypsa 2019-09-04", "info": { }, "line_id": 9662, "bus0_name": "Ajaure", "bus1_name": null, "from_node": 42, "to_node": 26, "overlap_delaunay1": true, "overlap_delaunay2": false, "overlap_delaunay3": false, "overlap_delaunay4": false, "overlap_delaunay5": false, "overlap_mst": true, "delaunay_category": "Delaunay1", "category": "MST" }, "geometry": { "type": "LineString", "coordinates": [ [ 14.9656523612071, 65.721628445232881 ], [ 15.119934, 65.697867 ], [ 15.489349, 65.512963 ], [ 15.811633145577, 65.485663278252702 ] ] } },
{ "type": "Feature", "properties": { "area0": "NO4", "area1": "SE2", "bus0": 6787, "bus1": 7289, "length": 76007.9809592737, "circuits": 1.0, "Vbase": 220.0, "ug": false, "uc": 0.0, "lat": [ 66.1425907525999, 65.829781, 65.7216310281936 ], "lon": [ 13.7633670010961, 14.261627, 14.9656355824888 ], "x": "[444189.94297543 466265.18677373 498423.3351462 ]", "y": "[7336354.61173133 7301135.48186427 7288883.24717117]", "source": "Pypsa 2019-09-04", "info": { }, "line_id": 9661, "bus0_name": "Røssåga", "bus1_name": null, "from_node": 7, "to_node": 26, "overlap_delaunay1": true, "overlap_delaunay2": false, "overlap_delaunay3": false, "overlap_delaunay4": false, "overlap_delaunay5": false, "overlap_mst": true, "delaunay_category": "Delaunay1", "category": "MST" }, "geometry": { "type": "LineString", "coordinates": [ [ 13.7633670010961, 66.142590752599901 ], [ 14.261627, 65.829781 ], [ 14.965635582488799, 65.721631028193599 ] ] } },
{ "type": "Feature", "properties": { "area0": "SE2", "area1": "SE2", "bus0": 6574, "bus1": 7490, "length": 12020.164711953301, "circuits": 1.0, "Vbase": 220.0, "ug": false, "uc": 0.0, "lat": [ 63.0984986561238, 62.9928636895846 ], "lon": [ 16.7306337328821, 16.6828292045295 ], "x": "[587357.69006381 585253.20526605]", "y": "[6997740.41049828 6985909.67540824]", "source": "Pypsa 2019-09-04", "info": { }, "line_id": 9713, "bus0_name": "Stadsforsen", "bus1_name": null, "from_node": 66, "to_node": 68, "overlap_delaunay1": true, "overlap_delaunay2": false, "overlap_delaunay3": false, "overlap_delaunay4": false, "overlap_delaunay5": false, "overlap_mst": true, "delaunay_category": "Delaunay1", "category": "MST" }, "geometry": { "type": "LineString", "coordinates": [ [ 16.730633732882097, 63.098498656123809 ], [ 16.682829204529501, 62.99286368958461 ] ] } },
{ "type": "Feature", "properties": { "area0": "SE2", "area1": "SE2", "bus0": 6556, "bus1": 7490, "length": 10363.784236681, "circuits": 1.0, "Vbase": 220.0, "ug": false, "uc": 0.0, "lat": [ 63.1641326235105, 63.098487, 63.0985026354481 ], "lon": [ 16.8760553968808, 16.730804, 16.7306355369727 ], "x": "[594483.08437285 587366.31812921 587357.76916971]", "y": "[7005257.03504842 6997739.34368905 6997740.85620306]", "source": "Pypsa 2019-09-04", "info": { }, "line_id": 6532, "bus0_name": "Forsse", "bus1_name": null, "from_node": 72, "to_node": 68, "overlap_delaunay1": true, "overlap_delaunay2": false, "overlap_delaunay3": false, "overlap_delaunay4": false, "overlap_delaunay5": false, "overlap_mst": true, "delaunay_category": "Delaunay1", "category": "MST" }, "geometry": { "type": "LineString", "coordinates": [ [ 16.876055396880798, 63.16413262351049 ], [ 16.730804, 63.098487 ], [ 16.730635536972695, 63.098502635448085 ] ] } },
{ "type": "Feature", "properties": { "area0": "SE2", "area1": "SE2", "bus0": 6547, "bus1": 7490, "length": 41609.5388141816, "circuits": 1.0, "Vbase": 220.0, "ug": false, "uc": 0.0, "lat": [ 63.342808399396, 63.258973, 63.0985066147718 ], "lon": [ 17.2302711834147, 16.803589, 16.7306373410632 ], "x": "[611625.34491559 590537.26469715 587357.84827558]", "y": "[7025726.81282881 7015716.49607186 6997741.30190776]", "source": "Pypsa 2019-09-04", "info": { }, "line_id": 9712, "bus0_name": "Forsmo", "bus1_name": null, "from_node": 90, "to_node": 68, "overlap_delaunay1": false, "overlap_delaunay2": false, "overlap_delaunay3": true, "overlap_delaunay4": false, "overlap_delaunay5": false, "overlap_mst": false, "delaunay_category": "Delaunay3", "category": "Delaunay3" }, "geometry": { "type": "LineString", "coordinates": [ [ 17.230271183414697, 63.342808399395977 ], [ 16.803589, 63.258973 ], [ 16.730637341063201, 63.098506614771793 ] ] } },
{ "type": "Feature", "properties": { "area0": "SE2", "area1": "SE2", "bus0": 6553, "bus1": 7666, "length": 7100.2444262193412, "circuits": 1.0, "Vbase": 220.0, "ug": false, "uc": 0.0, "lat": [ 62.710685, 62.722016, 62.7576994890548 ], "lon": [ 16.792603, 16.829681, 16.8829866229871 ], "x": "[591688.67307459 593548.95097451 596157.67986669]", "y": "[6954630.08587367 6955945.41210857 6959998.26171505]", "source": "Pypsa 2019-09-04", "info": { }, "line_id": 2233, "bus0_name": "Järkvissle", "bus1_name": null, "from_node": 73, "to_node": 71, "overlap_delaunay1": true, "overlap_delaunay2": false, "overlap_delaunay3": false, "overlap_delaunay4": false, "overlap_delaunay5": false, "overlap_mst": true, "delaunay_category": "Delaunay1", "category": "MST" }, "geometry": { "type": "LineString", "coordinates": [ [ 16.792603, 62.710685 ], [ 16.829681, 62.722016 ], [ 16.882986622987101, 62.757699489054801 ] ] } },
{ "type": "Feature", "properties": { "area0": "SE2", "area1": "SE2", "bus0": 6551, "bus1": 7666, "length": 32062.4481271568, "circuits": 1.0, "Vbase": 220.0, "ug": false, "uc": 0.0, "lat": [ 62.710685, 62.4382609938477 ], "lon": [ 16.792603, 16.9929595132625 ], "x": "[591688.67307459 602871.41588773]", "y": "[6954630.08587367 6924590.72657135]", "source": "Pypsa 2019-09-04", "info": { }, "line_id": 2366, "bus0_name": "Hällsjö", "bus1_name": null, "from_node": 80, "to_node": 71, "overlap_delaunay1": true, "overlap_delaunay2": false, "overlap_delaunay3": false, "overlap_delaunay4": false, "overlap_delaunay5": false, "overlap_mst": true, "delaunay_category": "Delaunay1", "category": "MST" }, "geometry": { "type": "LineString", "coordinates": [ [ 16.792603, 62.710685 ], [ 16.992959513262502, 62.438260993847706 ] ] } },
{ "type": "Feature", "properties": { "area0": "SE2", "area1": "SE2", "bus0": 6552, "bus1": 7666, "length": 19464.933440315999, "circuits": 1.0, "Vbase": 220.0, "ug": false, "uc": 0.0, "lat": [ 62.8818743432812, 62.710685 ], "lon": [ 16.7171606863176, 16.792603 ], "x": "[587322.2013087  591688.67307459]", "y": "[6973592.91409799 6954630.08587367]", "source": "Pypsa 2019-09-04", "info": { }, "line_id": 2406, "bus0_name": "Hölleforsen", "bus1_name": null, "from_node": 67, "to_node": 71, "overlap_delaunay1": true, "overlap_delaunay2": false, "overlap_delaunay3": false, "overlap_delaunay4": false, "overlap_delaunay5": false, "overlap_mst": false, "delaunay_category": "Delaunay1", "category": "Delaunay1" }, "geometry": { "type": "LineString", "coordinates": [ [ 16.717160686317602, 62.881874343281197 ], [ 16.792603, 62.710685 ] ] } },
{ "type": "Feature", "properties": { "area0": "SE2", "area1": "SE2", "bus0": 6540, "bus1": 7701, "length": 118716.427133544, "circuits": 1.0, "Vbase": 220.0, "ug": false, "uc": 0.0, "lat": [ 63.6464288701684, 64.0728, 64.236836, 64.434892, 64.529548 ], "lon": [ 16.7909966858087, 16.203461, 15.80246, 15.549774, 15.622559 ], "x": "[588698.01706898 558708.02531896 538916.71179142 526471.65982325\n 529872.74540622]", "y": "[7058858.09051917 7105681.04145604 7123651.3244205  7145591.4024784\n 7156171.83540784]", "source": "Pypsa 2019-09-04", "info": { }, "line_id": 2203, "bus0_name": "Långbjörn", "bus1_name": null, "from_node": 70, "to_node": 36, "overlap_delaunay1": false, "overlap_delaunay2": false, "overlap_delaunay3": true, "overlap_delaunay4": false, "overlap_delaunay5": false, "overlap_mst": false, "delaunay_category": "Delaunay3", "category": "Delaunay3" }, "geometry": { "type": "LineString", "coordinates": [ [ 16.7909966858087, 63.646428870168386 ], [ 16.203461, 64.0728 ], [ 15.80246, 64.236836 ], [ 15.549774, 64.434892 ], [ 15.622559, 64.529548 ] ] } },
{ "type": "Feature", "properties": { "area0": "SE2", "area1": "SE2", "bus0": 6688, "bus1": 7701, "length": 8514.4539125814299, "circuits": 1.0, "Vbase": 220.0, "ug": false, "uc": 0.0, "lat": [ 64.5495695636977, 64.529548 ], "lon": [ 15.4513285053081, 15.622559 ], "x": "[521640.71443176 529872.74540622]", "y": "[7158333.4999541  7156171.83540784]", "source": "Pypsa 2019-09-04", "info": { }, "line_id": 2207, "bus0_name": "Korsselbränna", "bus1_name": null, "from_node": 31, "to_node": 36, "overlap_delaunay1": true, "overlap_delaunay2": false, "overlap_delaunay3": false, "overlap_delaunay4": false, "overlap_delaunay5": false, "overlap_mst": true, "delaunay_category": "Delaunay1", "category": "MST" }, "geometry": { "type": "LineString", "coordinates": [ [ 15.451328505308096, 64.549569563697688 ], [ 15.622559, 64.529548 ] ] } },
{ "type": "Feature", "properties": { "area0": "SE2", "area1": "SE2", "bus0": 6690, "bus1": 7714, "length": 11086.578653639199, "circuits": 1.0, "Vbase": 220.0, "ug": false, "uc": 0.0, "lat": [ 64.4864980612954, 64.536044 ], "lon": [ 14.18099063405, 14.381104 ], "x": "[460639.27434355 470310.07474535]", "y": "[7151481.69574075 7156894.00998927]", "source": "Pypsa 2019-09-04", "info": { }, "line_id": 2208, "bus0_name": "Gäddede", "bus1_name": null, "from_node": 17, "to_node": 19, "overlap_delaunay1": true, "overlap_delaunay2": false, "overlap_delaunay3": false, "overlap_delaunay4": false, "overlap_delaunay5": false, "overlap_mst": false, "delaunay_category": "Delaunay1", "category": "Delaunay1" }, "geometry": { "type": "LineString", "coordinates": [ [ 14.18099063405, 64.486498061295407 ], [ 14.381104, 64.536044 ] ] } },
{ "type": "Feature", "properties": { "area0": "SE2", "area1": "SE2", "bus0": 6546, "bus1": 7751, "length": 8123.8976055551293, "circuits": 1.0, "Vbase": 220.0, "ug": false, "uc": 0.0, "lat": [ 63.4135426613894, 63.372448 ], "lon": [ 17.1218215801049, 16.98761 ], "x": "[605938.0093139  599380.80611971]", "y": "[7033420.73350229 7028628.54742447]", "source": "Pypsa 2019-09-04", "info": { }, "line_id": 2219, "bus0_name": "Moforsen", "bus1_name": null, "from_node": 85, "to_node": 79, "overlap_delaunay1": true, "overlap_delaunay2": false, "overlap_delaunay3": false, "overlap_delaunay4": false, "overlap_delaunay5": false, "overlap_mst": true, "delaunay_category": "Delaunay1", "category": "MST" }, "geometry": { "type": "LineString", "coordinates": [ [ 17.121821580104896, 63.4135426613894 ], [ 16.98761, 63.372448 ] ] } },
{ "type": "Feature", "properties": { "area0": "SE2", "area1": "SE2", "bus0": 6547, "bus1": 7751, "length": 14099.96338795, "circuits": 1.0, "Vbase": 220.0, "ug": false, "uc": 0.0, "lat": [ 63.372448, 63.342273, 63.342887648737 ], "lon": [ 16.98761, 17.026062, 17.2302331389984 ], "x": "[599380.80611971 601409.20952482 611623.13416738]", "y": "[7028628.54742447 7025327.83181126 7025735.57273792]", "source": "Pypsa 2019-09-04", "info": { }, "line_id": 2220, "bus0_name": "Forsmo", "bus1_name": null, "from_node": 90, "to_node": 79, "overlap_delaunay1": true, "overlap_delaunay2": false, "overlap_delaunay3": false, "overlap_delaunay4": false, "overlap_delaunay5": false, "overlap_mst": false, "delaunay_category": "Delaunay1", "category": "Delaunay1" }, "geometry": { "type": "LineString", "coordinates": [ [ 16.98761, 63.372448 ], [ 17.026062, 63.342273 ], [ 17.230233138998393, 63.342887648736969 ] ] } },
{ "type": "Feature", "properties": { "area0": "SE2", "area1": "SE2", "bus0": 6536, "bus1": 7758, "length": 9170.1419568282708, "circuits": 1.0, "Vbase": 220.0, "ug": false, "uc": 0.0, "lat": [ 64.18299498434, 64.154341 ], "lon": [ 17.4486162680667, 17.271881 ], "x": "[618960.76859964 610491.33158228]", "y": "[7119694.79952549 7116184.8151879 ]", "source": "Pypsa 2019-09-04", "info": { }, "line_id": 2210, "bus0_name": "Åsele", "bus1_name": null, "from_node": 96, "to_node": 91, "overlap_delaunay1": true, "overlap_delaunay2": false, "overlap_delaunay3": false, "overlap_delaunay4": false, "overlap_delaunay5": false, "overlap_mst": true, "delaunay_category": "Delaunay1", "category": "MST" }, "geometry": { "type": "LineString", "coordinates": [ [ 17.448616268066697, 64.182994984339999 ], [ 17.271881, 64.154341 ] ] } },
{ "type": "Feature", "properties": { "area0": "SE2", "area1": "SE2", "bus0": 6537, "bus1": 7758, "length": 26332.2604920987, "circuits": 1.0, "Vbase": 220.0, "ug": false, "uc": 0.0, "lat": [ 64.154341, 63.9224777369428 ], "lon": [ 17.271881, 17.1689696326551 ], "x": "[610491.33158228 606367.24554181]", "y": "[7116184.8151879  7090184.33699891]", "source": "Pypsa 2019-09-04", "info": { }, "line_id": 2211, "bus0_name": "Hällby", "bus1_name": null, "from_node": 88, "to_node": 91, "overlap_delaunay1": true, "overlap_delaunay2": false, "overlap_delaunay3": false, "overlap_delaunay4": false, "overlap_delaunay5": false, "overlap_mst": false, "delaunay_category": "Delaunay1", "category": "Delaunay1" }, "geometry": { "type": "LineString", "coordinates": [ [ 17.271881, 64.154341 ], [ 17.168969632655095, 63.922477736942803 ] ] } },
{ "type": "Feature", "properties": { "area0": "SE2", "area1": "SE2", "bus0": 6675, "bus1": 7758, "length": 12375.846210771899, "circuits": 1.0, "Vbase": 220.0, "ug": false, "uc": 0.0, "lat": [ 64.2640878457243, 64.154341 ], "lon": [ 17.3102656591837, 17.271881 ], "x": "[611913.49988761 610491.33158228]", "y": "[7128475.57884096 7116184.8151879 ]", "source": "Pypsa 2019-09-04", "info": { }, "line_id": 2396, "bus0_name": "Stenkullafors", "bus1_name": null, "from_node": 93, "to_node": 91, "overlap_delaunay1": true, "overlap_delaunay2": false, "overlap_delaunay3": false, "overlap_delaunay4": false, "overlap_delaunay5": false, "overlap_mst": false, "delaunay_category": "Delaunay1", "category": "Delaunay1" }, "geometry": { "type": "LineString", "coordinates": [ [ 17.310265659183699, 64.264087845724305 ], [ 17.271881, 64.154341 ] ] } },
{ "type": "Feature", "properties": { "area0": "SE2", "area1": "SE2", "bus0": 6686, "bus1": 7779, "length": 14186.291218147, "circuits": 1.0, "Vbase": 220.0, "ug": false, "uc": 0.0, "lat": [ 64.7159408423743, 64.596791 ], "lon": [ 14.1464280431194, 14.250641 ], "x": "[459322.41698284 464131.61622249]", "y": "[7177071.34125553 7163730.84957879]", "source": "Pypsa 2019-09-04", "info": { }, "line_id": 2204, "bus0_name": "Blåsjön", "bus1_name": null, "from_node": 15, "to_node": 18, "overlap_delaunay1": true, "overlap_delaunay2": false, "overlap_delaunay3": false, "overlap_delaunay4": false, "overlap_delaunay5": false, "overlap_mst": true, "delaunay_category": "Delaunay1", "category": "MST" }, "geometry": { "type": "LineString", "coordinates": [ [ 14.146428043119402, 64.715940842374295 ], [ 14.250641, 64.596791 ] ] } },
{ "type": "Feature", "properties": { "area0": "SE2", "area1": "SE2", "bus0": 6689, "bus1": 7779, "length": 9256.6878881107914, "circuits": 1.0, "Vbase": 220.0, "ug": false, "uc": 0.0, "lat": [ 64.5709168947061, 64.596791 ], "lon": [ 14.0670447955666, 14.250641 ], "x": "[455301.74141201 464131.61622249]", "y": "[7160964.17948192 7163730.84957879]", "source": "Pypsa 2019-09-04", "info": { }, "line_id": 2206, "bus0_name": "Junsterforsen", "bus1_name": null, "from_node": 13, "to_node": 18, "overlap_delaunay1": true, "overlap_delaunay2": false, "overlap_delaunay3": false, "overlap_delaunay4": false, "overlap_delaunay5": false, "overlap_mst": true, "delaunay_category": "Delaunay1", "category": "MST" }, "geometry": { "type": "LineString", "coordinates": [ [ 14.0670447955666, 64.570916894706102 ], [ 14.250641, 64.596791 ] ] } },
{ "type": "Feature", "properties": { "area0": "SE2", "area1": "SE2", "bus0": 7714, "bus1": 7779, "length": 9218.5386660290205, "circuits": 1.0, "Vbase": 220.0, "ug": false, "uc": 0.0, "lat": [ 64.596791, 64.536044 ], "lon": [ 14.250641, 14.381104 ], "x": "[464131.61622249 470310.07474535]", "y": "[7163730.84957879 7156894.00998927]", "source": "Pypsa 2019-09-04", "info": { }, "line_id": 2392, "bus0_name": null, "bus1_name": null, "from_node": 19, "to_node": 18, "overlap_delaunay1": true, "overlap_delaunay2": false, "overlap_delaunay3": false, "overlap_delaunay4": false, "overlap_delaunay5": false, "overlap_mst": true, "delaunay_category": "Delaunay1", "category": "MST" }, "geometry": { "type": "LineString", "coordinates": [ [ 14.250641, 64.596791 ], [ 14.381104, 64.536044 ] ] } },
{ "type": "Feature", "properties": { "area0": "SE2", "area1": "SE2", "bus0": 6685, "bus1": 7814, "length": 30135.224281159, "circuits": 1.0, "Vbase": 220.0, "ug": false, "uc": 0.0, "lat": [ 64.9669698116672, 64.754218, 64.700279 ], "lon": [ 15.783254824156, 15.80658, 15.761261 ], "x": "[536980.54456899 538383.93726756 536299.58011786]", "y": "[7205002.47058286 7181307.49603208 7175269.97116187]", "source": "Pypsa 2019-09-04", "info": { }, "line_id": 2389, "bus0_name": "Stalon", "bus1_name": null, "from_node": 40, "to_node": 39, "overlap_delaunay1": true, "overlap_delaunay2": false, "overlap_delaunay3": false, "overlap_delaunay4": false, "overlap_delaunay5": false, "overlap_mst": false, "delaunay_category": "Delaunay1", "category": "Delaunay1" }, "geometry": { "type": "LineString", "coordinates": [ [ 15.783254824155996, 64.966969811667184 ], [ 15.80658, 64.754218 ], [ 15.761261, 64.700279 ] ] } },
{ "type": "Feature", "properties": { "area0": "SE2", "area1": "SE2", "bus0": 7701, "bus1": 7814, "length": 20158.3008072581, "circuits": 1.0, "Vbase": 220.0, "ug": false, "uc": 0.0, "lat": [ 64.700279, 64.529548 ], "lon": [ 15.761261, 15.622559 ], "x": "[536299.58011786 529872.74540622]", "y": "[7175269.97116187 7156171.83540784]", "source": "Pypsa 2019-09-04", "info": { }, "line_id": 2390, "bus0_name": null, "bus1_name": null, "from_node": 36, "to_node": 39, "overlap_delaunay1": true, "overlap_delaunay2": false, "overlap_delaunay3": false, "overlap_delaunay4": false, "overlap_delaunay5": false, "overlap_mst": true, "delaunay_category": "Delaunay1", "category": "MST" }, "geometry": { "type": "LineString", "coordinates": [ [ 15.761261, 64.700279 ], [ 15.622559, 64.529548 ] ] } },
{ "type": "Feature", "properties": { "area0": "SE2", "area1": "SE2", "bus0": 6692, "bus1": 7814, "length": 7787.0891530720492, "circuits": 1.0, "Vbase": 220.0, "ug": false, "uc": 0.0, "lat": [ 64.710226743554, 64.700279 ], "lon": [ 15.9228661264147, 15.761261 ], "x": "[543988.94596054 536299.58011786]", "y": "[7176480.88340177 7175269.97116187]", "source": "Pypsa 2019-09-04", "info": { }, "line_id": 2385, "bus0_name": "Storbäck", "bus1_name": null, "from_node": 44, "to_node": 39, "overlap_delaunay1": true, "overlap_delaunay2": false, "overlap_delaunay3": false, "overlap_delaunay4": false, "overlap_delaunay5": false, "overlap_mst": true, "delaunay_category": "Delaunay1", "category": "MST" }, "geometry": { "type": "LineString", "coordinates": [ [ 15.9228661264147, 64.710226743554003 ], [ 15.761261, 64.700279 ] ] } },
{ "type": "Feature", "properties": { "area0": "SE2", "area1": "SE2", "bus0": 6538, "bus1": 7820, "length": 21593.575785998, "circuits": 1.0, "Vbase": 220.0, "ug": false, "uc": 0.0, "lat": [ 63.8454683772081, 63.83098, 63.713846 ], "lon": [ 17.15608791213, 17.010956, 16.894226 ], "x": "[606025.66508879 598941.51732531 593586.67194379]", "y": "[7081585.41157185 7079738.57981969 7066515.08495914]", "source": "Pypsa 2019-09-04", "info": { }, "line_id": 2213, "bus0_name": "Gulsele", "bus1_name": null, "from_node": 86, "to_node": 75, "overlap_delaunay1": true, "overlap_delaunay2": false, "overlap_delaunay3": false, "overlap_delaunay4": false, "overlap_delaunay5": false, "overlap_mst": false, "delaunay_category": "Delaunay1", "category": "Delaunay1" }, "geometry": { "type": "LineString", "coordinates": [ [ 17.156087912130001, 63.8454683772081 ], [ 17.010956, 63.83098 ], [ 16.894226, 63.713846 ] ] } },
{ "type": "Feature", "properties": { "area0": "SE2", "area1": "SE2", "bus0": 6539, "bus1": 7820, "length": 8672.1124400229201, "circuits": 1.0, "Vbase": 220.0, "ug": false, "uc": 0.0, "lat": [ 63.7374300100515, 63.705331, 63.713846 ], "lon": [ 17.040821567684, 16.951904, 16.894226 ], "x": "[600743.68289493 596464.64838652 593586.67194379]", "y": "[7069365.02997144 7065652.37534314 7066515.08495914]", "source": "Pypsa 2019-09-04", "info": { }, "line_id": 2214, "bus0_name": "Degerforsen", "bus1_name": null, "from_node": 81, "to_node": 75, "overlap_delaunay1": true, "overlap_delaunay2": false, "overlap_delaunay3": false, "overlap_delaunay4": false, "overlap_delaunay5": false, "overlap_mst": true, "delaunay_category": "Delaunay1", "category": "MST" }, "geometry": { "type": "LineString", "coordinates": [ [ 17.040821567683999, 63.737430010051504 ], [ 16.951904, 63.705331 ], [ 16.894226, 63.713846 ] ] } },
{ "type": "Feature", "properties": { "area0": "SE2", "area1": "SE2", "bus0": 6540, "bus1": 7820, "length": 9074.2334361682097, "circuits": 1.0, "Vbase": 220.0, "ug": false, "uc": 0.0, "lat": [ 63.713846, 63.6464241267975 ], "lon": [ 16.894226, 16.7914803405453 ], "x": "[593586.67194379 588721.97985464]", "y": "[7066515.08495914 7058858.23322994]", "source": "Pypsa 2019-09-04", "info": { }, "line_id": 2395, "bus0_name": "Långbjörn", "bus1_name": null, "from_node": 70, "to_node": 75, "overlap_delaunay1": true, "overlap_delaunay2": false, "overlap_delaunay3": false, "overlap_delaunay4": false, "overlap_delaunay5": false, "overlap_mst": true, "delaunay_category": "Delaunay1", "category": "MST" }, "geometry": { "type": "LineString", "coordinates": [ [ 16.894226, 63.713846 ], [ 16.791480340545299, 63.646424126797484 ] ] } },
{ "type": "Feature", "properties": { "area0": "FI", "area1": "FI", "bus0": 6661, "bus1": 7846, "length": 18607.976427189798, "circuits": 1.0, "Vbase": 220.0, "ug": false, "uc": 0.0, "lat": [ 64.709668, 64.764759, 64.7781916954979 ], "lon": [ 26.455078, 26.312256, 26.1163171532561 ], "x": "[1043716.60139478 1035897.86356247 1026428.64025403]", "y": "[7225465.74376024 7230304.86730756 7230132.66364646]", "source": "Pypsa 2019-09-04", "info": { }, "line_id": 515, "bus0_name": "Pyhäkoski", "bus1_name": null, "from_node": 124, "to_node": 125, "overlap_delaunay1": true, "overlap_delaunay2": false, "overlap_delaunay3": false, "overlap_delaunay4": false, "overlap_delaunay5": false, "overlap_mst": true, "delaunay_category": "Delaunay1", "category": "MST" }, "geometry": { "type": "LineString", "coordinates": [ [ 26.455078, 64.709668 ], [ 26.312256, 64.764759 ], [ 26.116317153256105, 64.778191695497895 ] ] } },
{ "type": "Feature", "properties": { "area0": "FI", "area1": "FI", "bus0": 6659, "bus1": 7846, "length": 25247.1193768923, "circuits": 1.0, "Vbase": 220.0, "ug": false, "uc": 0.0, "lat": [ 64.5562414129241, 64.709668 ], "lon": [ 26.8433898650087, 26.455078 ], "x": "[1065176.88265604 1043716.60139478]", "y": "[7212005.72289856 7225465.74376024]", "source": "Pypsa 2019-09-04", "info": { }, "line_id": 516, "bus0_name": "Nuojua", "bus1_name": null, "from_node": 129, "to_node": 125, "overlap_delaunay1": true, "overlap_delaunay2": false, "overlap_delaunay3": false, "overlap_delaunay4": false, "overlap_delaunay5": false, "overlap_mst": true, "delaunay_category": "Delaunay1", "category": "MST" }, "geometry": { "type": "LineString", "coordinates": [ [ 26.843389865008703, 64.556241412924095 ], [ 26.455078, 64.709668 ] ] } },
{ "type": "Feature", "properties": { "area0": "FI", "area1": "FI", "bus0": 6660, "bus1": 7846, "length": 6296.2209685152393, "circuits": 1.0, "Vbase": 220.0, "ug": false, "uc": 0.0, "lat": [ 64.7593213644407, 64.709668 ], "lon": [ 26.5180372462869, 26.455078 ], "x": "[1045672.52832966 1043716.60139478]", "y": "[7231471.8745473  7225465.74376024]", "source": "Pypsa 2019-09-04", "info": { }, "line_id": 443, "bus0_name": "Utanen", "bus1_name": null, "from_node": 126, "to_node": 125, "overlap_delaunay1": true, "overlap_delaunay2": false, "overlap_delaunay3": false, "overlap_delaunay4": false, "overlap_delaunay5": false, "overlap_mst": true, "delaunay_category": "Delaunay1", "category": "MST" }, "geometry": { "type": "LineString", "coordinates": [ [ 26.518037246286905, 64.759321364440694 ], [ 26.455078, 64.709668 ] ] } },
{ "type": "Feature", "properties": { "area0": "SE2", "area1": "SE2", "bus0": 6574, "bus1": 7860, "length": 21855.5355975083, "circuits": 1.0, "Vbase": 220.0, "ug": false, "uc": 0.0, "lat": [ 63.064292, 62.9927383959858 ], "lon": [ 16.280365, 16.6823215890182 ], "x": "[564707.9161587  585227.85868499]", "y": "[6993397.0782126  6985895.04619303]", "source": "Pypsa 2019-09-04", "info": { }, "line_id": 2229, "bus0_name": "Stadsforsen", "bus1_name": null, "from_node": 66, "to_node": 51, "overlap_delaunay1": true, "overlap_delaunay2": false, "overlap_delaunay3": false, "overlap_delaunay4": false, "overlap_delaunay5": false, "overlap_mst": false, "delaunay_category": "Delaunay1", "category": "Delaunay1" }, "geometry": { "type": "LineString", "coordinates": [ [ 16.280365, 63.064292 ], [ 16.682321589018201, 62.992738395985789 ] ] } },
{ "type": "Feature", "properties": { "area0": "SE2", "area1": "SE2", "bus0": 6579, "bus1": 7860, "length": 9114.0422751490496, "circuits": 1.0, "Vbase": 220.0, "ug": false, "uc": 0.0, "lat": [ 63.0934436163723, 63.064292 ], "lon": [ 16.1118685877412, 16.280365 ], "x": "[556136.81243531 564707.9161587 ]", "y": "[6996486.24414609 6993397.0782126 ]", "source": "Pypsa 2019-09-04", "info": { }, "line_id": 2397, "bus0_name": "Krångede", "bus1_name": null, "from_node": 47, "to_node": 51, "overlap_delaunay1": true, "overlap_delaunay2": false, "overlap_delaunay3": false, "overlap_delaunay4": false, "overlap_delaunay5": false, "overlap_mst": true, "delaunay_category": "Delaunay1", "category": "MST" }, "geometry": { "type": "LineString", "coordinates": [ [ 16.111868587741199, 63.093443616372298 ], [ 16.280365, 63.064292 ] ] } },
{ "type": "Feature", "properties": { "area0": "SE2", "area1": "SE2", "bus0": 6577, "bus1": 7860, "length": 14945.415982603101, "circuits": 1.0, "Vbase": 220.0, "ug": false, "uc": 0.0, "lat": [ 63.064292, 63.128917, 63.135124, 63.1734513189935 ], "lon": [ 16.280365, 16.288605, 16.289978, 16.400859845522 ], "x": "[564707.9161587  564979.89677128 565035.2356068  570531.63727188]", "y": "[6993397.0782126  7000604.75433143 7001297.61929911 7005684.38514187]", "source": "Pypsa 2019-09-04", "info": { }, "line_id": 11533, "bus0_name": "Svarthålsforsen", "bus1_name": null, "from_node": 59, "to_node": 51, "overlap_delaunay1": true, "overlap_delaunay2": false, "overlap_delaunay3": false, "overlap_delaunay4": false, "overlap_delaunay5": false, "overlap_mst": false, "delaunay_category": "Delaunay1", "category": "Delaunay1" }, "geometry": { "type": "LineString", "coordinates": [ [ 16.280365, 63.064292 ], [ 16.288605, 63.128917 ], [ 16.289978, 63.135124 ], [ 16.400859845522, 63.173451318993486 ] ] } },
{ "type": "Feature", "properties": { "area0": "SE2", "area1": "SE2", "bus0": 6569, "bus1": 7868, "length": 23080.6720311137, "circuits": 1.0, "Vbase": 220.0, "ug": false, "uc": 0.0, "lat": [ 63.3689361556998, 63.555892 ], "lon": [ 13.4584441342741, 13.657379 ], "x": "[422908.87246004 433292.89056964]", "y": "[7027623.21287484 7048227.36399784]", "source": "Pypsa 2019-09-04", "info": { }, "line_id": 2215, "bus0_name": "Järpströmmen", "bus1_name": null, "from_node": 2, "to_node": 6, "overlap_delaunay1": true, "overlap_delaunay2": false, "overlap_delaunay3": false, "overlap_delaunay4": false, "overlap_delaunay5": false, "overlap_mst": true, "delaunay_category": "Delaunay1", "category": "MST" }, "geometry": { "type": "LineString", "coordinates": [ [ 13.458444134274101, 63.368936155699799 ], [ 13.657379, 63.555892 ] ] } },
{ "type": "Feature", "properties": { "area0": "SE2", "area1": "SE2", "bus0": 6566, "bus1": 7868, "length": 36599.159694414302, "circuits": 1.0, "Vbase": 220.0, "ug": false, "uc": 0.0, "lat": [ 63.7526233343464, 63.555892 ], "lon": [ 13.0658490436986, 13.657379 ], "x": "[404572.04017718 433292.89056964]", "y": "[7070893.58647604 7048227.36399784]", "source": "Pypsa 2019-09-04", "info": { }, "line_id": 2217, "bus0_name": "Juveln", "bus1_name": null, "from_node": 1, "to_node": 6, "overlap_delaunay1": true, "overlap_delaunay2": false, "overlap_delaunay3": false, "overlap_delaunay4": false, "overlap_delaunay5": false, "overlap_mst": false, "delaunay_category": "Delaunay1", "category": "Delaunay1" }, "geometry": { "type": "LineString", "coordinates": [ [ 13.0658490436986, 63.752623334346403 ], [ 13.657379, 63.555892 ] ] } },
{ "type": "Feature", "properties": { "area0": "SE2", "area1": "SE2", "bus0": 6565, "bus1": 7921, "length": 16349.501204953798, "circuits": 1.0, "Vbase": 220.0, "ug": false, "uc": 0.0, "lat": [ 63.7557216765486, 63.713238 ], "lon": [ 13.494385784675, 13.811188 ], "x": "[425720.12008382 441260.0125289 ]", "y": "[7070669.4447555  7065606.51958907]", "source": "Pypsa 2019-09-04", "info": { }, "line_id": 2216, "bus0_name": "Olden", "bus1_name": null, "from_node": 3, "to_node": 10, "overlap_delaunay1": true, "overlap_delaunay2": false, "overlap_delaunay3": false, "overlap_delaunay4": false, "overlap_delaunay5": false, "overlap_mst": true, "delaunay_category": "Delaunay1", "category": "MST" }, "geometry": { "type": "LineString", "coordinates": [ [ 13.494385784675, 63.755721676548603 ], [ 13.811188, 63.713238 ] ] } },
{ "type": "Feature", "properties": { "area0": "SE2", "area1": "SE2", "bus0": 6564, "bus1": 7921, "length": 25648.934961209703, "circuits": 1.0, "Vbase": 220.0, "ug": false, "uc": 0.0, "lat": [ 63.713238, 63.9426062249488 ], "lon": [ 13.811188, 13.7700242785592 ], "x": "[441260.0125289  439718.69348808]", "y": "[7065606.51958907 7091199.93776053]", "source": "Pypsa 2019-09-04", "info": { }, "line_id": 2402, "bus0_name": "Stensjön", "bus1_name": null, "from_node": 8, "to_node": 10, "overlap_delaunay1": true, "overlap_delaunay2": false, "overlap_delaunay3": false, "overlap_delaunay4": false, "overlap_delaunay5": false, "overlap_mst": false, "delaunay_category": "Delaunay1", "category": "Delaunay1" }, "geometry": { "type": "LineString", "coordinates": [ [ 13.811188, 63.713238 ], [ 13.770024278559198, 63.942606224948783 ] ] } },
{ "type": "Feature", "properties": { "area0": "SE2", "area1": "SE2", "bus0": 7868, "bus1": 7921, "length": 19125.0453079293, "circuits": 1.0, "Vbase": 220.0, "ug": false, "uc": 0.0, "lat": [ 63.555892, 63.713238 ], "lon": [ 13.657379, 13.811188 ], "x": "[433292.89056964 441260.0125289 ]", "y": "[7048227.36399784 7065606.51958907]", "source": "Pypsa 2019-09-04", "info": { }, "line_id": 2403, "bus0_name": null, "bus1_name": null, "from_node": 6, "to_node": 10, "overlap_delaunay1": true, "overlap_delaunay2": false, "overlap_delaunay3": false, "overlap_delaunay4": false, "overlap_delaunay5": false, "overlap_mst": true, "delaunay_category": "Delaunay1", "category": "MST" }, "geometry": { "type": "LineString", "coordinates": [ [ 13.657379, 63.555892 ], [ 13.811188, 63.713238 ] ] } },
{ "type": "Feature", "properties": { "area0": "SE2", "area1": "SE2", "bus0": 6540, "bus1": 7932, "length": 72418.614429497102, "circuits": 1.0, "Vbase": 220.0, "ug": false, "uc": 0.0, "lat": [ 64.064393, 63.92651, 63.6463776924577 ], "lon": [ 15.674744, 15.939789, 16.7908701802874 ], "x": "[532926.75170413 546086.54071868 588691.91292026]", "y": "[7104364.04110264 7089164.52192181 7058852.21411201]", "source": "Pypsa 2019-09-04", "info": { }, "line_id": 2205, "bus0_name": "Långbjörn", "bus1_name": null, "from_node": 70, "to_node": 37, "overlap_delaunay1": false, "overlap_delaunay2": true, "overlap_delaunay3": false, "overlap_delaunay4": false, "overlap_delaunay5": false, "overlap_mst": false, "delaunay_category": "Delaunay2", "category": "Delaunay2" }, "geometry": { "type": "LineString", "coordinates": [ [ 15.674744, 64.064393 ], [ 15.939789, 63.92651 ], [ 16.790870180287399, 63.646377692457705 ] ] } },
{ "type": "Feature", "properties": { "area0": "SE2", "area1": "SE2", "bus0": 6594, "bus1": 7932, "length": 7612.986119216609, "circuits": 1.0, "Vbase": 220.0, "ug": false, "uc": 0.0, "lat": [ 64.002043619094, 64.063792, 64.064393 ], "lon": [ 15.6199558937992, 15.667877, 15.674744 ], "x": "[530320.80867347 532592.36125141 532926.75170413]", "y": "[7097389.33106355 7104293.54134801 7104364.04110264]", "source": "Pypsa 2019-09-04", "info": { }, "line_id": 2386, "bus0_name": "Havsnäs", "bus1_name": null, "from_node": 35, "to_node": 37, "overlap_delaunay1": true, "overlap_delaunay2": false, "overlap_delaunay3": false, "overlap_delaunay4": false, "overlap_delaunay5": false, "overlap_mst": true, "delaunay_category": "Delaunay1", "category": "MST" }, "geometry": { "type": "LineString", "coordinates": [ [ 15.619955893799196, 64.002043619093996 ], [ 15.667877, 64.063792 ], [ 15.674744, 64.064393 ] ] } },
{ "type": "Feature", "properties": { "area0": "SE3", "area1": "SE3", "bus0": 6390, "bus1": 7945, "length": 23495.622095624101, "circuits": 1.0, "Vbase": 220.0, "ug": false, "uc": 0.0, "lat": [ 59.559375, 59.496764464054 ], "lon": [ 16.368256, 15.9718017901903 ], "x": "[577327.13104511 555024.66445095]", "y": "[6603137.53316804 6595771.22532238]", "source": "Pypsa 2019-09-04", "info": { }, "line_id": 2255, "bus0_name": "Himmeta", "bus1_name": null, "from_node": 45, "to_node": 57, "overlap_delaunay1": true, "overlap_delaunay2": false, "overlap_delaunay3": false, "overlap_delaunay4": false, "overlap_delaunay5": false, "overlap_mst": true, "delaunay_category": "Delaunay1", "category": "MST" }, "geometry": { "type": "LineString", "coordinates": [ [ 16.368256, 59.559375 ], [ 15.971801790190298, 59.496764464053989 ] ] } },
{ "type": "Feature", "properties": { "area0": "SE3", "area1": "SE3", "bus0": 6389, "bus1": 7945, "length": 6924.0407407308994, "circuits": 1.0, "Vbase": 220.0, "ug": false, "uc": 0.0, "lat": [ 59.5024813357269, 59.559375 ], "lon": [ 16.4175137783732, 16.368256 ], "x": "[580245.77555199 577327.13104511]", "y": "[6596861.16471237 6603137.53316804]", "source": "Pypsa 2019-09-04", "info": { }, "line_id": 2261, "bus0_name": "Arosverket", "bus1_name": null, "from_node": 60, "to_node": 57, "overlap_delaunay1": true, "overlap_delaunay2": false, "overlap_delaunay3": false, "overlap_delaunay4": false, "overlap_delaunay5": false, "overlap_mst": true, "delaunay_category": "Delaunay1", "category": "MST" }, "geometry": { "type": "LineString", "coordinates": [ [ 16.417513778373198, 59.502481335726898 ], [ 16.368256, 59.559375 ] ] } },
{ "type": "Feature", "properties": { "area0": "SE3", "area1": "SE3", "bus0": 6388, "bus1": 7945, "length": 20616.0731154491, "circuits": 1.0, "Vbase": 220.0, "ug": false, "uc": 0.0, "lat": [ 59.6384093316697, 59.599706, 59.559375 ], "lon": [ 16.679750497691, 16.630554, 16.368256 ], "x": "[594706.48024773 592038.91268393 577327.13104511]", "y": "[6612340.77093936 6607962.42379237 6603137.53316804]", "source": "Pypsa 2019-09-04", "info": { }, "line_id": 2409, "bus0_name": "Finnslätten", "bus1_name": null, "from_node": 65, "to_node": 57, "overlap_delaunay1": true, "overlap_delaunay2": false, "overlap_delaunay3": false, "overlap_delaunay4": false, "overlap_delaunay5": false, "overlap_mst": true, "delaunay_category": "Delaunay1", "category": "MST" }, "geometry": { "type": "LineString", "coordinates": [ [ 16.679750497691, 59.638409331669706 ], [ 16.630554, 59.599706 ], [ 16.368256, 59.559375 ] ] } },
{ "type": "Feature", "properties": { "area0": "SE2", "area1": "SE2", "bus0": 6684, "bus1": 7947, "length": 8660.5465360159997, "circuits": 1.0, "Vbase": 220.0, "ug": false, "uc": 0.0, "lat": [ 65.3861342772557, 65.321005 ], "lon": [ 16.4888607457544, 16.387482 ], "x": "[569189.51946189 564638.69388353]", "y": "[7252306.93817268 7244941.93419192]", "source": "Pypsa 2019-09-04", "info": { }, "line_id": 2202, "bus0_name": "Gardikfors", "bus1_name": null, "from_node": 62, "to_node": 58, "overlap_delaunay1": true, "overlap_delaunay2": false, "overlap_delaunay3": false, "overlap_delaunay4": false, "overlap_delaunay5": false, "overlap_mst": true, "delaunay_category": "Delaunay1", "category": "MST" }, "geometry": { "type": "LineString", "coordinates": [ [ 16.488860745754401, 65.386134277255707 ], [ 16.387482, 65.321005 ] ] } },
{ "type": "Feature", "properties": { "area0": "SE2", "area1": "SE2", "bus0": 6670, "bus1": 7947, "length": 66528.211865334, "circuits": 1.0, "Vbase": 220.0, "ug": false, "uc": 0.0, "lat": [ 64.9968298238897, 65.042594, 65.249808, 65.321005 ], "lon": [ 17.5406160853172, 17.160645, 16.528931, 16.387482 ], "x": "[619795.93472327 601711.01189298 571419.76589917 564638.69388353]", "y": "[7210508.90154284 7214940.59255479 7237161.10567189 7244941.93419192]", "source": "Pypsa 2019-09-04", "info": { }, "line_id": 2355, "bus0_name": "Grundfors", "bus1_name": null, "from_node": 97, "to_node": 58, "overlap_delaunay1": true, "overlap_delaunay2": false, "overlap_delaunay3": false, "overlap_delaunay4": false, "overlap_delaunay5": false, "overlap_mst": true, "delaunay_category": "Delaunay1", "category": "MST" }, "geometry": { "type": "LineString", "coordinates": [ [ 17.5406160853172, 64.996829823889698 ], [ 17.160645, 65.042594 ], [ 16.528931, 65.249808 ], [ 16.387482, 65.321005 ] ] } },
{ "type": "Feature", "properties": { "area0": "SE2", "area1": "SE2", "bus0": 6792, "bus1": 7947, "length": 32784.3822934407, "circuits": 1.0, "Vbase": 220.0, "ug": false, "uc": 0.0, "lat": [ 65.4855342556461, 65.374849, 65.321005 ], "lon": [ 15.8124616551872, 16.280365, 16.387482 ], "x": "[537615.34240363 559527.11071974 564638.69388353]", "y": "[7262810.83488446 7250836.4690778  7244941.93419192]", "source": "Pypsa 2019-09-04", "info": { }, "line_id": 2388, "bus0_name": "Ajaure", "bus1_name": null, "from_node": 42, "to_node": 58, "overlap_delaunay1": true, "overlap_delaunay2": false, "overlap_delaunay3": false, "overlap_delaunay4": false, "overlap_delaunay5": false, "overlap_mst": true, "delaunay_category": "Delaunay1", "category": "MST" }, "geometry": { "type": "LineString", "coordinates": [ [ 15.812461655187198, 65.485534255646101 ], [ 16.280365, 65.374849 ], [ 16.387482, 65.321005 ] ] } },
{ "type": "Feature", "properties": { "area0": "SE2", "area1": "SE2", "bus0": 6691, "bus1": 7966, "length": 6736.4138047385495, "circuits": 1.0, "Vbase": 220.0, "ug": false, "uc": 0.0, "lat": [ 64.3504746159718, 64.308372 ], "lon": [ 14.9589374263021, 14.859009 ], "x": "[498016.73520744 493179.93021832]", "y": "[7136070.10173276 7131385.19874779]", "source": "Pypsa 2019-09-04", "info": { }, "line_id": 2209, "bus0_name": "Bågede", "bus1_name": null, "from_node": 25, "to_node": 24, "overlap_delaunay1": true, "overlap_delaunay2": false, "overlap_delaunay3": false, "overlap_delaunay4": false, "overlap_delaunay5": false, "overlap_mst": true, "delaunay_category": "Delaunay1", "category": "MST" }, "geometry": { "type": "LineString", "coordinates": [ [ 14.958937426302104, 64.350474615971805 ], [ 14.859009, 64.308372 ] ] } },
{ "type": "Feature", "properties": { "area0": "SE2", "area1": "SE2", "bus0": 7714, "bus1": 7966, "length": 34280.096300879399, "circuits": 1.0, "Vbase": 220.0, "ug": false, "uc": 0.0, "lat": [ 64.536044, 64.377347, 64.308372 ], "lon": [ 14.381104, 14.706573, 14.859009 ], "x": "[470310.07474535 485841.75140275 493179.93021832]", "y": "[7156894.00998927 7139096.76439945 7131385.19874779]", "source": "Pypsa 2019-09-04", "info": { }, "line_id": 2393, "bus0_name": null, "bus1_name": null, "from_node": 19, "to_node": 24, "overlap_delaunay1": true, "overlap_delaunay2": false, "overlap_delaunay3": false, "overlap_delaunay4": false, "overlap_delaunay5": false, "overlap_mst": true, "delaunay_category": "Delaunay1", "category": "MST" }, "geometry": { "type": "LineString", "coordinates": [ [ 14.381104, 64.536044 ], [ 14.706573, 64.377347 ], [ 14.859009, 64.308372 ] ] } },
{ "type": "Feature", "properties": { "area0": "SE2", "area1": "SE2", "bus0": 7932, "bus1": 7966, "length": 50054.938536908201, "circuits": 1.0, "Vbase": 220.0, "ug": false, "uc": 0.0, "lat": [ 64.064393, 64.224298, 64.224298, 64.282164, 64.308372 ], "lon": [ 15.674744, 15.36438, 15.36438, 14.916687, 14.859009 ], "x": "[532926.75170413 517679.53738016 517679.53738016 495966.12403918\n 493179.93021832]", "y": "[7104364.04110264 7122059.31897104 7122059.31897104 7128459.73046903\n 7131385.19874779]", "source": "Pypsa 2019-09-04", "info": { }, "line_id": 2394, "bus0_name": null, "bus1_name": null, "from_node": 37, "to_node": 24, "overlap_delaunay1": true, "overlap_delaunay2": false, "overlap_delaunay3": false, "overlap_delaunay4": false, "overlap_delaunay5": false, "overlap_mst": false, "delaunay_category": "Delaunay1", "category": "Delaunay1" }, "geometry": { "type": "LineString", "coordinates": [ [ 15.674744, 64.064393 ], [ 15.36438, 64.224298 ], [ 15.36438, 64.224298 ], [ 14.916687, 64.282164 ], [ 14.859009, 64.308372 ] ] } },
{ "type": "Feature", "properties": { "area0": "SE2", "area1": "SE2", "bus0": 6578, "bus1": 7982, "length": 6059.8188576226212, "circuits": 1.0, "Vbase": 220.0, "ug": false, "uc": 0.0, "lat": [ 63.1378084976631, 63.19216 ], "lon": [ 15.490733183261, 15.493469 ], "x": "[524739.46373524 524830.84304208]", "y": "[7001038.09964207 7007094.85087388]", "source": "Pypsa 2019-09-04", "info": { }, "line_id": 2224, "bus0_name": "Näverede", "bus1_name": null, "from_node": 32, "to_node": 33, "overlap_delaunay1": true, "overlap_delaunay2": false, "overlap_delaunay3": false, "overlap_delaunay4": false, "overlap_delaunay5": false, "overlap_mst": true, "delaunay_category": "Delaunay1", "category": "MST" }, "geometry": { "type": "LineString", "coordinates": [ [ 15.490733183260998, 63.137808497663109 ], [ 15.493469, 63.19216 ] ] } },
{ "type": "Feature", "properties": { "area0": "SE2", "area1": "SE2", "bus0": 6579, "bus1": 7972, "length": 19547.2006156977, "circuits": 1.0, "Vbase": 220.0, "ug": false, "uc": 0.0, "lat": [ 63.152495, 63.0935841144846 ], "lon": [ 15.746155, 16.1110285506524 ], "x": "[537596.74352675 556094.13249011]", "y": "[7002798.37150704 6996501.1627986 ]", "source": "Pypsa 2019-09-04", "info": { }, "line_id": 2399, "bus0_name": "Krångede", "bus1_name": null, "from_node": 47, "to_node": 38, "overlap_delaunay1": true, "overlap_delaunay2": false, "overlap_delaunay3": false, "overlap_delaunay4": false, "overlap_delaunay5": false, "overlap_mst": true, "delaunay_category": "Delaunay1", "category": "MST" }, "geometry": { "type": "LineString", "coordinates": [ [ 15.746155, 63.152495 ], [ 16.111028550652399, 63.093584114484607 ] ] } },
{ "type": "Feature", "properties": { "area0": "SE2", "area1": "SE2", "bus0": 6575, "bus1": 7972, "length": 11146.546094688701, "circuits": 1.0, "Vbase": 220.0, "ug": false, "uc": 0.0, "lat": [ 63.2488909714544, 63.152495 ], "lon": [ 15.8050871814399, 15.746155 ], "x": "[540431.35644735 537596.74352675]", "y": "[7013574.07172985 7002798.37150704]", "source": "Pypsa 2019-09-04", "info": { }, "line_id": 6523, "bus0_name": "Stugun", "bus1_name": null, "from_node": 41, "to_node": 38, "overlap_delaunay1": true, "overlap_delaunay2": false, "overlap_delaunay3": false, "overlap_delaunay4": false, "overlap_delaunay5": false, "overlap_mst": true, "delaunay_category": "Delaunay1", "category": "MST" }, "geometry": { "type": "LineString", "coordinates": [ [ 15.805087181439898, 63.248890971454379 ], [ 15.746155, 63.152495 ] ] } },
{ "type": "Feature", "properties": { "area0": "SE2", "area1": "SE2", "bus0": 7972, "bus1": 7982, "length": 13474.746170951101, "circuits": 1.0, "Vbase": 220.0, "ug": false, "uc": 0.0, "lat": [ 63.19216, 63.152495 ], "lon": [ 15.493469, 15.746155 ], "x": "[524830.84304208 537596.74352675]", "y": "[7007094.85087388 7002798.37150704]", "source": "Pypsa 2019-09-04", "info": { }, "line_id": 2358, "bus0_name": null, "bus1_name": null, "from_node": 38, "to_node": 33, "overlap_delaunay1": true, "overlap_delaunay2": false, "overlap_delaunay3": false, "overlap_delaunay4": false, "overlap_delaunay5": false, "overlap_mst": false, "delaunay_category": "Delaunay1", "category": "Delaunay1" }, "geometry": { "type": "LineString", "coordinates": [ [ 15.493469, 63.19216 ], [ 15.746155, 63.152495 ] ] } },
{ "type": "Feature", "properties": { "area0": "SE2", "area1": "SE2", "bus0": 6581, "bus1": 7982, "length": 15290.305835270201, "circuits": 1.0, "Vbase": 220.0, "ug": false, "uc": 0.0, "lat": [ 63.237888750956, 63.19216 ], "lon": [ 15.2068728043823, 15.493469 ], "x": "[510393.26302517 524830.84304208]", "y": "[7012111.28520908 7007094.85087388]", "source": "Pypsa 2019-09-04", "info": { }, "line_id": 2400, "bus0_name": "Midskog", "bus1_name": null, "from_node": 29, "to_node": 33, "overlap_delaunay1": true, "overlap_delaunay2": false, "overlap_delaunay3": false, "overlap_delaunay4": false, "overlap_delaunay5": false, "overlap_mst": true, "delaunay_category": "Delaunay1", "category": "MST" }, "geometry": { "type": "LineString", "coordinates": [ [ 15.2068728043823, 63.237888750955989 ], [ 15.493469, 63.19216 ] ] } },
{ "type": "Feature", "properties": { "area0": "SE2", "area1": "SE2", "bus0": 6591, "bus1": 8006, "length": 11235.4455621942, "circuits": 1.0, "Vbase": 220.0, "ug": false, "uc": 0.0, "lat": [ 62.4987969791617, 62.398006 ], "lon": [ 16.3298114592335, 16.333923 ], "x": "[568507.01057028 568950.58415692]", "y": "[6930453.86387302 6919231.0249357 ]", "source": "Pypsa 2019-09-04", "info": { }, "line_id": 2363, "bus0_name": "Torpshammar", "bus1_name": null, "from_node": 55, "to_node": 56, "overlap_delaunay1": true, "overlap_delaunay2": false, "overlap_delaunay3": false, "overlap_delaunay4": false, "overlap_delaunay5": false, "overlap_mst": true, "delaunay_category": "Delaunay1", "category": "MST" }, "geometry": { "type": "LineString", "coordinates": [ [ 16.3298114592335, 62.498796979161689 ], [ 16.333923, 62.398006 ] ] } },
{ "type": "Feature", "properties": { "area0": "SE2", "area1": "SE2", "bus0": 6555, "bus1": 8006, "length": 53462.587711327404, "circuits": 1.0, "Vbase": 220.0, "ug": false, "uc": 0.0, "lat": [ 62.352173792317, 62.364901, 62.398006 ], "lon": [ 17.3620721942711, 17.002716, 16.333923 ], "x": "[622268.77485464 603628.08726034 568950.58415692]", "y": "[6915646.66153345 6916436.29229942 6919231.0249357 ]", "source": "Pypsa 2019-09-04", "info": { }, "line_id": 2365, "bus0_name": "Vaple", "bus1_name": null, "from_node": 95, "to_node": 56, "overlap_delaunay1": false, "overlap_delaunay2": true, "overlap_delaunay3": false, "overlap_delaunay4": false, "overlap_delaunay5": false, "overlap_mst": false, "delaunay_category": "Delaunay2", "category": "Delaunay2" }, "geometry": { "type": "LineString", "coordinates": [ [ 17.3620721942711, 62.352173792317004 ], [ 17.002716, 62.364901 ], [ 16.333923, 62.398006 ] ] } },
{ "type": "Feature", "properties": { "area0": "SE2", "area1": "SE2", "bus0": 6590, "bus1": 8006, "length": 32084.411835008999, "circuits": 1.0, "Vbase": 220.0, "ug": false, "uc": 0.0, "lat": [ 62.398006, 62.417724, 62.5172061170157 ], "lon": [ 16.333923, 15.959015, 16.0741601286764 ], "x": "[568950.58415692 549540.20702237 555303.67238197]", "y": "[6919231.0249357  6921083.92500713 6932259.51484185]", "source": "Pypsa 2019-09-04", "info": { }, "line_id": 2407, "bus0_name": "Ånge", "bus1_name": null, "from_node": 46, "to_node": 56, "overlap_delaunay1": true, "overlap_delaunay2": false, "overlap_delaunay3": false, "overlap_delaunay4": false, "overlap_delaunay5": false, "overlap_mst": false, "delaunay_category": "Delaunay1", "category": "Delaunay1" }, "geometry": { "type": "LineString", "coordinates": [ [ 16.333923, 62.398006 ], [ 15.959015, 62.417724 ], [ 16.074160128676397, 62.517206117015697 ] ] } },
{ "type": "Feature", "properties": { "area0": "SE2", "area1": "SE2", "bus0": 6580, "bus1": 8014, "length": 10687.2848320189, "circuits": 1.0, "Vbase": 220.0, "ug": false, "uc": 0.0, "lat": [ 63.3482383322942, 63.255266 ], "lon": [ 14.7888617859747, 14.736786 ], "x": "[489432.91925047 486784.11573782]", "y": "[7024407.27259398 7014057.83116261]", "source": "Pypsa 2019-09-04", "info": { }, "line_id": 2222, "bus0_name": "Kattstrupeforsen", "bus1_name": null, "from_node": 23, "to_node": 21, "overlap_delaunay1": true, "overlap_delaunay2": false, "overlap_delaunay3": false, "overlap_delaunay4": false, "overlap_delaunay5": false, "overlap_mst": true, "delaunay_category": "Delaunay1", "category": "MST" }, "geometry": { "type": "LineString", "coordinates": [ [ 14.788861785974699, 63.348238332294194 ], [ 14.736786, 63.255266 ] ] } },
{ "type": "Feature", "properties": { "area0": "SE2", "area1": "SE2", "bus0": 6571, "bus1": 8014, "length": 55400.766696997904, "circuits": 1.0, "Vbase": 220.0, "ug": false, "uc": 0.0, "lat": [ 63.3120430325652, 63.255266 ], "lon": [ 13.6399701210386, 14.736786 ], "x": "[431851.17566987 486784.11573782]", "y": "[7021079.61230745 7014057.83116261]", "source": "Pypsa 2019-09-04", "info": { }, "line_id": 2223, "bus0_name": "Mörsil", "bus1_name": null, "from_node": 5, "to_node": 21, "overlap_delaunay1": true, "overlap_delaunay2": false, "overlap_delaunay3": false, "overlap_delaunay4": false, "overlap_delaunay5": false, "overlap_mst": true, "delaunay_category": "Delaunay1", "category": "MST" }, "geometry": { "type": "LineString", "coordinates": [ [ 13.6399701210386, 63.312043032565192 ], [ 14.736786, 63.255266 ] ] } },
{ "type": "Feature", "properties": { "area0": "SE2", "area1": "SE2", "bus0": 6581, "bus1": 8014, "length": 23654.491589555299, "circuits": 1.0, "Vbase": 220.0, "ug": false, "uc": 0.0, "lat": [ 63.255266, 63.2379724266716 ], "lon": [ 14.736786, 15.2060054353764 ], "x": "[486784.11573782 510349.65669922]", "y": "[7014057.83116261 7012120.46820176]", "source": "Pypsa 2019-09-04", "info": { }, "line_id": 2401, "bus0_name": "Midskog", "bus1_name": null, "from_node": 29, "to_node": 21, "overlap_delaunay1": true, "overlap_delaunay2": false, "overlap_delaunay3": false, "overlap_delaunay4": false, "overlap_delaunay5": false, "overlap_mst": true, "delaunay_category": "Delaunay1", "category": "MST" }, "geometry": { "type": "LineString", "coordinates": [ [ 14.736786, 63.255266 ], [ 15.206005435376396, 63.237972426671583 ] ] } },
{ "type": "Feature", "properties": { "area0": "SE2", "area1": "SE2", "bus0": 6542, "bus1": 8021, "length": 17760.079704677599, "circuits": 1.0, "Vbase": 220.0, "ug": false, "uc": 0.0, "lat": [ 63.5771082502486, 63.433317 ], "lon": [ 16.7570895169557, 16.910706 ], "x": "[587231.30868519 595334.21645221]", "y": "[7051089.52219215 7035291.56585942]", "source": "Pypsa 2019-09-04", "info": { }, "line_id": 2404, "bus0_name": "Lasele", "bus1_name": null, "from_node": 69, "to_node": 76, "overlap_delaunay1": true, "overlap_delaunay2": false, "overlap_delaunay3": false, "overlap_delaunay4": false, "overlap_delaunay5": false, "overlap_mst": false, "delaunay_category": "Delaunay1", "category": "Delaunay1" }, "geometry": { "type": "LineString", "coordinates": [ [ 16.757089516955698, 63.577108250248607 ], [ 16.910706, 63.433317 ] ] } },
{ "type": "Feature", "properties": { "area0": "SE2", "area1": "SE2", "bus0": 7751, "bus1": 8021, "length": 7797.7704049639506, "circuits": 1.0, "Vbase": 220.0, "ug": false, "uc": 0.0, "lat": [ 63.433317, 63.372448 ], "lon": [ 16.910706, 16.98761 ], "x": "[595334.21645221 599380.80611971]", "y": "[7035291.56585942 7028628.54742447]", "source": "Pypsa 2019-09-04", "info": { }, "line_id": 2405, "bus0_name": null, "bus1_name": null, "from_node": 79, "to_node": 76, "overlap_delaunay1": true, "overlap_delaunay2": false, "overlap_delaunay3": false, "overlap_delaunay4": false, "overlap_delaunay5": false, "overlap_mst": true, "delaunay_category": "Delaunay1", "category": "MST" }, "geometry": { "type": "LineString", "coordinates": [ [ 16.910706, 63.433317 ], [ 16.98761, 63.372448 ] ] } },
{ "type": "Feature", "properties": { "area0": "SE2", "area1": "SE2", "bus0": 6545, "bus1": 8021, "length": 8585.35303598262, "circuits": 1.0, "Vbase": 220.0, "ug": false, "uc": 0.0, "lat": [ 63.4822830193546, 63.433317 ], "lon": [ 17.0435701556359, 16.910706 ], "x": "[601787.71260576 595334.21645221]", "y": "[7040950.12196766 7035291.56585942]", "source": "Pypsa 2019-09-04", "info": { }, "line_id": 6658, "bus0_name": "Nämforsen", "bus1_name": null, "from_node": 82, "to_node": 76, "overlap_delaunay1": true, "overlap_delaunay2": false, "overlap_delaunay3": false, "overlap_delaunay4": false, "overlap_delaunay5": false, "overlap_mst": false, "delaunay_category": "Delaunay1", "category": "Delaunay1" }, "geometry": { "type": "LineString", "coordinates": [ [ 17.043570155635905, 63.482283019354597 ], [ 16.910706, 63.433317 ] ] } }
]
}
