{
"type": "FeatureCollection",
"name": "n490_380kv_delaunay5_removed_length",
"crs": { "type": "name", "properties": { "name": "urn:ogc:def:crs:OGC:1.3:CRS84" } },
"features": [
{ "type": "Feature", "properties": { "voltage_kv": 380.0, "from_node": 0, "to_node": 71, "length_km": 509.02435119524841, "delaunay_k": 5, "edge_set": "Delaunay5" }, "geometry": { "type": "LineString", "coordinates": [ [ 6.156464, 60.504583 ], [ 14.734039, 62.533228 ] ] } },
{ "type": "Feature", "properties": { "voltage_kv": 380.0, "from_node": 0, "to_node": 79, "length_km": 564.68289535169436, "delaunay_k": 5, "edge_set": "Delaunay5" }, "geometry": { "type": "LineString", "coordinates": [ [ 6.156464, 60.504583 ], [ 15.206451, 63.237956 ] ] } },
{ "type": "Feature", "properties": { "voltage_kv": 380.0, "from_node": 0, "to_node": 81, "length_km": 512.96159704154672, "delaunay_k": 5, "edge_set": "Delaunay5" }, "geometry": { "type": "LineString", "coordinates": [ [ 6.156464, 60.504583 ], [ 15.387726, 60.052503 ] ] } },
{ "type": "Feature", "properties": { "voltage_kv": 380.0, "from_node": 0, "to_node": 82, "length_km": 510.86692496796627, "delaunay_k": 5, "edge_set": "Delaunay5" }, "geometry": { "type": "LineString", "coordinates": [ [ 6.156464, 60.504583 ], [ 15.442657, 60.406393 ] ] } },
{ "type": "Feature", "properties": { "voltage_kv": 380.0, "from_node": 0, "to_node": 84, "length_km": 889.21457296774213, "delaunay_k": 5, "edge_set": "Delaunay5" }, "geometry": { "type": "LineString", "coordinates": [ [ 6.156464, 60.504583 ], [ 15.757141, 67.288485 ] ] } },
{ "type": "Feature", "properties": { "voltage_kv": 380.0, "from_node": 0, "to_node": 85, "length_km": 611.32079883937456, "delaunay_k": 5, "edge_set": "Delaunay5" }, "geometry": { "type": "LineString", "coordinates": [ [ 6.156464, 60.504583 ], [ 15.846405, 63.582177 ] ] } },
{ "type": "Feature", "properties": { "voltage_kv": 380.0, "from_node": 0, "to_node": 86, "length_km": 919.56848806100868, "delaunay_k": 5, "edge_set": "Delaunay5" }, "geometry": { "type": "LineString", "coordinates": [ [ 6.156464, 60.504583 ], [ 15.850525, 67.598233 ] ] } },
{ "type": "Feature", "properties": { "voltage_kv": 380.0, "from_node": 0, "to_node": 96, "length_km": 590.26409001977663, "delaunay_k": 5, "edge_set": "Delaunay5" }, "geometry": { "type": "LineString", "coordinates": [ [ 6.156464, 60.504583 ], [ 16.931305, 60.692679 ] ] } },
{ "type": "Feature", "properties": { "voltage_kv": 380.0, "from_node": 0, "to_node": 100, "length_km": 762.47804568847482, "delaunay_k": 5, "edge_set": "Delaunay5" }, "geometry": { "type": "LineString", "coordinates": [ [ 6.156464, 60.504583 ], [ 17.049408, 65.221045 ] ] } },
{ "type": "Feature", "properties": { "voltage_kv": 380.0, "from_node": 0, "to_node": 108, "length_km": 1044.9490092774854, "delaunay_k": 5, "edge_set": "Delaunay5" }, "geometry": { "type": "LineString", "coordinates": [ [ 6.156464, 60.504583 ], [ 17.579498, 68.517173 ] ] } },
{ "type": "Feature", "properties": { "voltage_kv": 380.0, "from_node": 0, "to_node": 121, "length_km": 945.37082420483068, "delaunay_k": 5, "edge_set": "Delaunay5" }, "geometry": { "type": "LineString", "coordinates": [ [ 6.156464, 60.504583 ], [ 18.639679, 66.970387 ] ] } },
{ "type": "Feature", "properties": { "voltage_kv": 380.0, "from_node": 0, "to_node": 130, "length_km": 972.31093658391273, "delaunay_k": 5, "edge_set": "Delaunay5" }, "geometry": { "type": "LineString", "coordinates": [ [ 6.156464, 60.504583 ], [ 20.429077, 66.505049 ] ] } },
{ "type": "Feature", "properties": { "voltage_kv": 380.0, "from_node": 1, "to_node": 61, "length_km": 556.23503358884568, "delaunay_k": 5, "edge_set": "Delaunay5" }, "geometry": { "type": "LineString", "coordinates": [ [ 6.432495, 59.667741 ], [ 13.458252, 63.368755 ] ] } },
{ "type": "Feature", "properties": { "voltage_kv": 380.0, "from_node": 1, "to_node": 64, "length_km": 866.96986545762354, "delaunay_k": 5, "edge_set": "Delaunay5" }, "geometry": { "type": "LineString", "coordinates": [ [ 6.432495, 59.667741 ], [ 13.807068, 66.707884 ] ] } },
{ "type": "Feature", "properties": { "voltage_kv": 380.0, "from_node": 1, "to_node": 66, "length_km": 834.50317737776811, "delaunay_k": 5, "edge_set": "Delaunay5" }, "geometry": { "type": "LineString", "coordinates": [ [ 6.432495, 59.667741 ], [ 14.191589, 66.282328 ] ] } },
{ "type": "Feature", "properties": { "voltage_kv": 380.0, "from_node": 1, "to_node": 69, "length_km": 538.88175347906758, "delaunay_k": 5, "edge_set": "Delaunay5" }, "geometry": { "type": "LineString", "coordinates": [ [ 6.432495, 59.667741 ], [ 14.515686, 62.516121 ] ] } },
{ "type": "Feature", "properties": { "voltage_kv": 380.0, "from_node": 1, "to_node": 77, "length_km": 494.77713622544428, "delaunay_k": 5, "edge_set": "Delaunay5" }, "geometry": { "type": "LineString", "coordinates": [ [ 6.432495, 59.667741 ], [ 15.188599, 60.415208 ] ] } },
{ "type": "Feature", "properties": { "voltage_kv": 380.0, "from_node": 1, "to_node": 94, "length_km": 825.18456317595894, "delaunay_k": 5, "edge_set": "Delaunay5" }, "geometry": { "type": "LineString", "coordinates": [ [ 6.432495, 59.667741 ], [ 16.876373, 65.299207 ] ] } },
{ "type": "Feature", "properties": { "voltage_kv": 380.0, "from_node": 2, "to_node": 61, "length_km": 572.29013893612932, "delaunay_k": 5, "edge_set": "Delaunay5" }, "geometry": { "type": "LineString", "coordinates": [ [ 6.491547, 59.460431 ], [ 13.458252, 63.368755 ] ] } },
{ "type": "Feature", "properties": { "voltage_kv": 380.0, "from_node": 2, "to_node": 64, "length_km": 887.19395667260869, "delaunay_k": 5, "edge_set": "Delaunay5" }, "geometry": { "type": "LineString", "coordinates": [ [ 6.491547, 59.460431 ], [ 13.807068, 66.707884 ] ] } },
{ "type": "Feature", "properties": { "voltage_kv": 380.0, "from_node": 2, "to_node": 66, "length_km": 854.18588789733076, "delaunay_k": 5, "edge_set": "Delaunay5" }, "geometry": { "type": "LineString", "coordinates": [ [ 6.491547, 59.460431 ], [ 14.191589, 66.282328 ] ] } },
{ "type": "Feature", "properties": { "voltage_kv": 380.0, "from_node": 2, "to_node": 69, "length_km": 551.36287894581403, "delaunay_k": 5, "edge_set": "Delaunay5" }, "geometry": { "type": "LineString", "coordinates": [ [ 6.491547, 59.460431 ], [ 14.515686, 62.516121 ] ] } },
{ "type": "Feature", "properties": { "voltage_kv": 380.0, "from_node": 2, "to_node": 75, "length_km": 494.43180734053874, "delaunay_k": 5, "edge_set": "Delaunay5" }, "geometry": { "type": "LineString", "coordinates": [ [ 6.491547, 59.460431 ], [ 15.125427, 59.05115 ] ] } },
{ "type": "Feature", "properties": { "voltage_kv": 380.0, "from_node": 2, "to_node": 76, "length_km": 495.83086732576595, "delaunay_k": 5, "edge_set": "Delaunay5" }, "geometry": { "type": "LineString", "coordinates": [ [ 6.491547, 59.460431 ], [ 15.184479, 59.173817 ] ] } },
{ "type": "Feature", "properties": { "voltage_kv": 380.0, "from_node": 2, "to_node": 77, "length_km": 497.43818901324704, "delaunay_k": 5, "edge_set": "Delaunay5" }, "geometry": { "type": "LineString", "coordinates": [ [ 6.491547, 59.460431 ], [ 15.188599, 60.415208 ] ] } },
{ "type": "Feature", "properties": { "voltage_kv": 380.0, "from_node": 2, "to_node": 80, "length_km": 495.32395248875571, "delaunay_k": 5, "edge_set": "Delaunay5" }, "geometry": { "type": "LineString", "coordinates": [ [ 6.491547, 59.460431 ], [ 15.231171, 59.466013 ] ] } },
{ "type": "Feature", "properties": { "voltage_kv": 380.0, "from_node": 2, "to_node": 81, "length_km": 504.12380883686723, "delaunay_k": 5, "edge_set": "Delaunay5" }, "geometry": { "type": "LineString", "coordinates": [ [ 6.491547, 59.460431 ], [ 15.387726, 60.052503 ] ] } },
{ "type": "Feature", "properties": { "voltage_kv": 380.0, "from_node": 2, "to_node": 94, "length_km": 842.03701251801499, "delaunay_k": 5, "edge_set": "Delaunay5" }, "geometry": { "type": "LineString", "coordinates": [ [ 6.491547, 59.460431 ], [ 16.876373, 65.299207 ] ] } },
{ "type": "Feature", "properties": { "voltage_kv": 380.0, "from_node": 3, "to_node": 35, "length_km": 482.39817297654298, "delaunay_k": 5, "edge_set": "Delaunay5" }, "geometry": { "type": "LineString", "coordinates": [ [ 6.650848, 59.461826 ], [ 11.727905, 63.035662 ] ] } },
{ "type": "Feature", "properties": { "voltage_kv": 380.0, "from_node": 3, "to_node": 51, "length_km": 536.98021691536894, "delaunay_k": 5, "edge_set": "Delaunay5" }, "geometry": { "type": "LineString", "coordinates": [ [ 6.650848, 59.461826 ], [ 12.568359, 63.361367 ] ] } },
{ "type": "Feature", "properties": { "voltage_kv": 380.0, "from_node": 3, "to_node": 63, "length_km": 827.32097302184377, "delaunay_k": 5, "edge_set": "Delaunay5" }, "geometry": { "type": "LineString", "coordinates": [ [ 6.650848, 59.461826 ], [ 13.763123, 66.142743 ] ] } },
{ "type": "Feature", "properties": { "voltage_kv": 380.0, "from_node": 3, "to_node": 69, "length_km": 544.51579420834753, "delaunay_k": 5, "edge_set": "Delaunay5" }, "geometry": { "type": "LineString", "coordinates": [ [ 6.650848, 59.461826 ], [ 14.515686, 62.516121 ] ] } },
{ "type": "Feature", "properties": { "voltage_kv": 380.0, "from_node": 3, "to_node": 75, "length_km": 485.39889884625768, "delaunay_k": 5, "edge_set": "Delaunay5" }, "geometry": { "type": "LineString", "coordinates": [ [ 6.650848, 59.461826 ], [ 15.125427, 59.05115 ] ] } },
{ "type": "Feature", "properties": { "voltage_kv": 380.0, "from_node": 3, "to_node": 76, "length_km": 486.78974089303171, "delaunay_k": 5, "edge_set": "Delaunay5" }, "geometry": { "type": "LineString", "coordinates": [ [ 6.650848, 59.461826 ], [ 15.184479, 59.173817 ] ] } },
{ "type": "Feature", "properties": { "voltage_kv": 380.0, "from_node": 3, "to_node": 77, "length_km": 488.71026374344166, "delaunay_k": 5, "edge_set": "Delaunay5" }, "geometry": { "type": "LineString", "coordinates": [ [ 6.650848, 59.461826 ], [ 15.188599, 60.415208 ] ] } },
{ "type": "Feature", "properties": { "voltage_kv": 380.0, "from_node": 3, "to_node": 80, "length_km": 486.2923020541798, "delaunay_k": 5, "edge_set": "Delaunay5" }, "geometry": { "type": "LineString", "coordinates": [ [ 6.650848, 59.461826 ], [ 15.231171, 59.466013 ] ] } },
{ "type": "Feature", "properties": { "voltage_kv": 380.0, "from_node": 3, "to_node": 81, "length_km": 495.22922747473092, "delaunay_k": 5, "edge_set": "Delaunay5" }, "geometry": { "type": "LineString", "coordinates": [ [ 6.650848, 59.461826 ], [ 15.387726, 60.052503 ] ] } },
{ "type": "Feature", "properties": { "voltage_kv": 380.0, "from_node": 4, "to_node": 51, "length_km": 520.62448258123379, "delaunay_k": 5, "edge_set": "Delaunay5" }, "geometry": { "type": "LineString", "coordinates": [ [ 6.992798, 59.523872 ], [ 12.568359, 63.361367 ] ] } },
{ "type": "Feature", "properties": { "voltage_kv": 380.0, "from_node": 4, "to_node": 61, "length_km": 549.59995430491711, "delaunay_k": 5, "edge_set": "Delaunay5" }, "geometry": { "type": "LineString", "coordinates": [ [ 6.992798, 59.523872 ], [ 13.458252, 63.368755 ] ] } },
{ "type": "Feature", "properties": { "voltage_kv": 380.0, "from_node": 4, "to_node": 63, "length_km": 813.50053927657439, "delaunay_k": 5, "edge_set": "Delaunay5" }, "geometry": { "type": "LineString", "coordinates": [ [ 6.992798, 59.523872 ], [ 13.763123, 66.142743 ] ] } },
{ "type": "Feature", "properties": { "voltage_kv": 380.0, "from_node": 4, "to_node": 71, "length_km": 535.77179811858934, "delaunay_k": 5, "edge_set": "Delaunay5" }, "geometry": { "type": "LineString", "coordinates": [ [ 6.992798, 59.523872 ], [ 14.734039, 62.533228 ] ] } },
{ "type": "Feature", "properties": { "voltage_kv": 380.0, "from_node": 4, "to_node": 79, "length_km": 602.69837514302424, "delaunay_k": 5, "edge_set": "Delaunay5" }, "geometry": { "type": "LineString", "coordinates": [ [ 6.992798, 59.523872 ], [ 15.206451, 63.237956 ] ] } },
{ "type": "Feature", "properties": { "voltage_kv": 380.0, "from_node": 4, "to_node": 81, "length_km": 474.87458822283912, "delaunay_k": 5, "edge_set": "Delaunay5" }, "geometry": { "type": "LineString", "coordinates": [ [ 6.992798, 59.523872 ], [ 15.387726, 60.052503 ] ] } },
{ "type": "Feature", "properties": { "voltage_kv": 380.0, "from_node": 4, "to_node": 82, "length_km": 481.88364810371166, "delaunay_k": 5, "edge_set": "Delaunay5" }, "geometry": { "type": "LineString", "coordinates": [ [ 6.992798, 59.523872 ], [ 15.442657, 60.406393 ] ] } },
{ "type": "Feature", "properties": { "voltage_kv": 380.0, "from_node": 4, "to_node": 96, "length_km": 567.47241913807113, "delaunay_k": 5, "edge_set": "Delaunay5" }, "geometry": { "type": "LineString", "coordinates": [ [ 6.992798, 59.523872 ], [ 16.931305, 60.692679 ] ] } },
{ "type": "Feature", "properties": { "voltage_kv": 380.0, "from_node": 5, "to_node": 34, "length_km": 481.09559520560646, "delaunay_k": 5, "edge_set": "Delaunay5" }, "geometry": { "type": "LineString", "coordinates": [ [ 7.033997, 62.47807 ], [ 11.629028, 58.795248 ] ] } },
{ "type": "Feature", "properties": { "voltage_kv": 380.0, "from_node": 5, "to_node": 44, "length_km": 547.90638794234155, "delaunay_k": 5, "edge_set": "Delaunay5" }, "geometry": { "type": "LineString", "coordinates": [ [ 7.033997, 62.47807 ], [ 12.299194, 58.304438 ] ] } },
{ "type": "Feature", "properties": { "voltage_kv": 380.0, "from_node": 5, "to_node": 65, "length_km": 575.49535356615502, "delaunay_k": 5, "edge_set": "Delaunay5" }, "geometry": { "type": "LineString", "coordinates": [ [ 7.033997, 62.47807 ], [ 13.878479, 58.56109 ] ] } },
{ "type": "Feature", "properties": { "voltage_kv": 380.0, "from_node": 5, "to_node": 75, "length_km": 582.75381250180965, "delaunay_k": 5, "edge_set": "Delaunay5" }, "geometry": { "type": "LineString", "coordinates": [ [ 7.033997, 62.47807 ], [ 15.125427, 59.05115 ] ] } },
{ "type": "Feature", "properties": { "voltage_kv": 380.0, "from_node": 5, "to_node": 76, "length_km": 575.73906553295888, "delaunay_k": 5, "edge_set": "Delaunay5" }, "geometry": { "type": "LineString", "coordinates": [ [ 7.033997, 62.47807 ], [ 15.184479, 59.173817 ] ] } },
{ "type": "Feature", "properties": { "voltage_kv": 380.0, "from_node": 5, "to_node": 80, "length_km": 555.96112130361405, "delaunay_k": 5, "edge_set": "Delaunay5" }, "geometry": { "type": "LineString", "coordinates": [ [ 7.033997, 62.47807 ], [ 15.231171, 59.466013 ] ] } },
{ "type": "Feature", "properties": { "voltage_kv": 380.0, "from_node": 5, "to_node": 89, "length_km": 481.18263549098532, "delaunay_k": 5, "edge_set": "Delaunay5" }, "geometry": { "type": "LineString", "coordinates": [ [ 7.033997, 62.47807 ], [ 16.254272, 63.524685 ] ] } },
{ "type": "Feature", "properties": { "voltage_kv": 380.0, "from_node": 5, "to_node": 93, "length_km": 509.83808963657702, "delaunay_k": 5, "edge_set": "Delaunay5" }, "geometry": { "type": "LineString", "coordinates": [ [ 7.033997, 62.47807 ], [ 16.791229, 63.646259 ] ] } },
{ "type": "Feature", "properties": { "voltage_kv": 380.0, "from_node": 5, "to_node": 97, "length_km": 569.45639979447162, "delaunay_k": 5, "edge_set": "Delaunay5" }, "geometry": { "type": "LineString", "coordinates": [ [ 7.033997, 62.47807 ], [ 16.972504, 60.570102 ] ] } },
{ "type": "Feature", "properties": { "voltage_kv": 380.0, "from_node": 5, "to_node": 98, "length_km": 514.41696985809926, "delaunay_k": 5, "edge_set": "Delaunay5" }, "geometry": { "type": "LineString", "coordinates": [ [ 7.033997, 62.47807 ], [ 17.024689, 62.540828 ] ] } },
{ "type": "Feature", "properties": { "voltage_kv": 380.0, "from_node": 5, "to_node": 99, "length_km": 570.39042778793282, "delaunay_k": 5, "edge_set": "Delaunay5" }, "geometry": { "type": "LineString", "coordinates": [ [ 7.033997, 62.47807 ], [ 17.045288, 60.624713 ] ] } },
{ "type": "Feature", "properties": { "voltage_kv": 380.0, "from_node": 5, "to_node": 102, "length_km": 522.01070616381776, "delaunay_k": 5, "edge_set": "Delaunay5" }, "geometry": { "type": "LineString", "coordinates": [ [ 7.033997, 62.47807 ], [ 17.167511, 63.184727 ] ] } },
{ "type": "Feature", "properties": { "voltage_kv": 380.0, "from_node": 5, "to_node": 104, "length_km": 791.57260389298642, "delaunay_k": 5, "edge_set": "Delaunay5" }, "geometry": { "type": "LineString", "coordinates": [ [ 7.033997, 62.47807 ], [ 17.288361, 68.158786 ] ] } },
{ "type": "Feature", "properties": { "voltage_kv": 380.0, "from_node": 5, "to_node": 105, "length_km": 634.11248967947472, "delaunay_k": 5, "edge_set": "Delaunay5" }, "geometry": { "type": "LineString", "coordinates": [ [ 7.033997, 62.47807 ], [ 17.329559, 59.716945 ] ] } },
{ "type": "Feature", "properties": { "voltage_kv": 380.0, "from_node": 5, "to_node": 106, "length_km": 537.90691906697509, "delaunay_k": 5, "edge_set": "Delaunay5" }, "geometry": { "type": "LineString", "coordinates": [ [ 7.033997, 62.47807 ], [ 17.468262, 62.460297 ] ] } },
{ "type": "Feature", "properties": { "voltage_kv": 380.0, "from_node": 5, "to_node": 107, "length_km": 589.19905377431189, "delaunay_k": 5, "edge_set": "Delaunay5" }, "geometry": { "type": "LineString", "coordinates": [ [ 7.033997, 62.47807 ], [ 17.541046, 64.996778 ] ] } },
{ "type": "Feature", "properties": { "voltage_kv": 380.0, "from_node": 5, "to_node": 112, "length_km": 768.6539324315097, "delaunay_k": 5, "edge_set": "Delaunay5" }, "geometry": { "type": "LineString", "coordinates": [ [ 7.033997, 62.47807 ], [ 17.992859, 67.610267 ] ] } },
{ "type": "Feature", "properties": { "voltage_kv": 380.0, "from_node": 5, "to_node": 113, "length_km": 623.19329268442993, "delaunay_k": 5, "edge_set": "Delaunay5" }, "geometry": { "type": "LineString", "coordinates": [ [ 7.033997, 62.47807 ], [ 18.020325, 60.532293 ] ] } },
{ "type": "Feature", "properties": { "voltage_kv": 380.0, "from_node": 5, "to_node": 120, "length_km": 771.76028341359961, "delaunay_k": 5, "edge_set": "Delaunay5" }, "geometry": { "type": "LineString", "coordinates": [ [ 7.033997, 62.47807 ], [ 18.366394, 67.492803 ] ] } },
{ "type": "Feature", "properties": { "voltage_kv": 380.0, "from_node": 5, "to_node": 122, "length_km": 907.55203597405421, "delaunay_k": 5, "edge_set": "Delaunay5" }, "geometry": { "type": "LineString", "coordinates": [ [ 7.033997, 62.47807 ], [ 18.864899, 69.038124 ] ] } },
{ "type": "Feature", "properties": { "voltage_kv": 380.0, "from_node": 5, "to_node": 125, "length_km": 687.40950321972889, "delaunay_k": 5, "edge_set": "Delaunay5" }, "geometry": { "type": "LineString", "coordinates": [ [ 7.033997, 62.47807 ], [ 19.736938, 65.032742 ] ] } },
{ "type": "Feature", "properties": { "voltage_kv": 380.0, "from_node": 5, "to_node": 126, "length_km": 780.51630539932842, "delaunay_k": 5, "edge_set": "Delaunay5" }, "geometry": { "type": "LineString", "coordinates": [ [ 7.033997, 62.47807 ], [ 19.864655, 66.843267 ] ] } },
{ "type": "Feature", "properties": { "voltage_kv": 380.0, "from_node": 5, "to_node": 127, "length_km": 788.57432631168706, "delaunay_k": 5, "edge_set": "Delaunay5" }, "geometry": { "type": "LineString", "coordinates": [ [ 7.033997, 62.47807 ], [ 19.866028, 66.975221 ] ] } },
{ "type": "Feature", "properties": { "voltage_kv": 380.0, "from_node": 5, "to_node": 128, "length_km": 780.29781303054983, "delaunay_k": 5, "edge_set": "Delaunay5" }, "geometry": { "type": "LineString", "coordinates": [ [ 7.033997, 62.47807 ], [ 20.037689, 66.729595 ] ] } },
{ "type": "Feature", "properties": { "voltage_kv": 380.0, "from_node": 5, "to_node": 131, "length_km": 792.69535254442508, "delaunay_k": 5, "edge_set": "Delaunay5" }, "geometry": { "type": "LineString", "coordinates": [ [ 7.033997, 62.47807 ], [ 20.452423, 66.669299 ] ] } },
{ "type": "Feature", "properties": { "voltage_kv": 380.0, "from_node": 5, "to_node": 135, "length_km": 801.50691471747939, "delaunay_k": 5, "edge_set": "Delaunay5" }, "geometry": { "type": "LineString", "coordinates": [ [ 7.033997, 62.47807 ], [ 21.656799, 65.826407 ] ] } },
{ "type": "Feature", "properties": { "voltage_kv": 380.0, "from_node": 5, "to_node": 145, "length_km": 866.67613844627624, "delaunay_k": 5, "edge_set": "Delaunay5" }, "geometry": { "type": "LineString", "coordinates": [ [ 7.033997, 62.47807 ], [ 23.072662, 65.938074 ] ] } },
{ "type": "Feature", "properties": { "voltage_kv": 380.0, "from_node": 6, "to_node": 64, "length_km": 764.00022588579031, "delaunay_k": 5, "edge_set": "Delaunay5" }, "geometry": { "type": "LineString", "coordinates": [ [ 7.108154, 60.527563 ], [ 13.807068, 66.707884 ] ] } },
{ "type": "Feature", "properties": { "voltage_kv": 380.0, "from_node": 6, "to_node": 66, "length_km": 731.74752259395905, "delaunay_k": 5, "edge_set": "Delaunay5" }, "geometry": { "type": "LineString", "coordinates": [ [ 7.108154, 60.527563 ], [ 14.191589, 66.282328 ] ] } },
{ "type": "Feature", "properties": { "voltage_kv": 380.0, "from_node": 6, "to_node": 79, "length_km": 521.695911632459, "delaunay_k": 5, "edge_set": "Delaunay5" }, "geometry": { "type": "LineString", "coordinates": [ [ 7.108154, 60.527563 ], [ 15.206451, 63.237956 ] ] } },
{ "type": "Feature", "properties": { "voltage_kv": 380.0, "from_node": 6, "to_node": 94, "length_km": 726.18211572042321, "delaunay_k": 5, "edge_set": "Delaunay5" }, "geometry": { "type": "LineString", "coordinates": [ [ 7.108154, 60.527563 ], [ 16.876373, 65.299207 ] ] } },
{ "type": "Feature", "properties": { "voltage_kv": 380.0, "from_node": 6, "to_node": 96, "length_km": 537.99161912415343, "delaunay_k": 5, "edge_set": "Delaunay5" }, "geometry": { "type": "LineString", "coordinates": [ [ 7.108154, 60.527563 ], [ 16.931305, 60.692679 ] ] } },
{ "type": "Feature", "properties": { "voltage_kv": 380.0, "from_node": 7, "to_node": 64, "length_km": 718.37222617024156, "delaunay_k": 5, "edge_set": "Delaunay5" }, "geometry": { "type": "LineString", "coordinates": [ [ 7.216644, 60.950443 ], [ 13.807068, 66.707884 ] ] } },
{ "type": "Feature", "properties": { "voltage_kv": 380.0, "from_node": 7, "to_node": 66, "length_km": 686.90234480610422, "delaunay_k": 5, "edge_set": "Delaunay5" }, "geometry": { "type": "LineString", "coordinates": [ [ 7.216644, 60.950443 ], [ 14.191589, 66.282328 ] ] } },
{ "type": "Feature", "properties": { "voltage_kv": 380.0, "from_node": 7, "to_node": 79, "length_km": 488.64964815563422, "delaunay_k": 5, "edge_set": "Delaunay5" }, "geometry": { "type": "LineString", "coordinates": [ [ 7.216644, 60.950443 ], [ 15.206451, 63.237956 ] ] } },
{ "type": "Feature", "properties": { "voltage_kv": 380.0, "from_node": 7, "to_node": 85, "length_km": 535.11177125581719, "delaunay_k": 5, "edge_set": "Delaunay5" }, "geometry": { "type": "LineString", "coordinates": [ [ 7.216644, 60.950443 ], [ 15.846405, 63.582177 ] ] } },
{ "type": "Feature", "properties": { "voltage_kv": 380.0, "from_node": 7, "to_node": 94, "length_km": 686.18687663835385, "delaunay_k": 5, "edge_set": "Delaunay5" }, "geometry": { "type": "LineString", "coordinates": [ [ 7.216644, 60.950443 ], [ 16.876373, 65.299207 ] ] } },
{ "type": "Feature", "properties": { "voltage_kv": 380.0, "from_node": 7, "to_node": 96, "length_km": 529.04045473355268, "delaunay_k": 5, "edge_set": "Delaunay5" }, "geometry": { "type": "LineString", "coordinates": [ [ 7.216644, 60.950443 ], [ 16.931305, 60.692679 ] ] } },
{ "type": "Feature", "properties": { "voltage_kv": 380.0, "from_node": 8, "to_node": 64, "length_km": 765.68913922870456, "delaunay_k": 5, "edge_set": "Delaunay5" }, "geometry": { "type": "LineString", "coordinates": [ [ 7.23587, 60.484968 ], [ 13.807068, 66.707884 ] ] } },
{ "type": "Feature", "properties": { "voltage_kv": 380.0, "from_node": 8, "to_node": 66, "length_km": 733.00563023102575, "delaunay_k": 5, "edge_set": "Delaunay5" }, "geometry": { "type": "LineString", "coordinates": [ [ 7.23587, 60.484968 ], [ 14.191589, 66.282328 ] ] } },
{ "type": "Feature", "properties": { "voltage_kv": 380.0, "from_node": 8, "to_node": 79, "length_km": 519.2612838645191, "delaunay_k": 5, "edge_set": "Delaunay5" }, "geometry": { "type": "LineString", "coordinates": [ [ 7.23587, 60.484968 ], [ 15.206451, 63.237956 ] ] } },
{ "type": "Feature", "properties": { "voltage_kv": 380.0, "from_node": 8, "to_node": 94, "length_km": 725.5275879430335, "delaunay_k": 5, "edge_set": "Delaunay5" }, "geometry": { "type": "LineString", "coordinates": [ [ 7.23587, 60.484968 ], [ 16.876373, 65.299207 ] ] } },
{ "type": "Feature", "properties": { "voltage_kv": 380.0, "from_node": 8, "to_node": 96, "length_km": 531.54987422189561, "delaunay_k": 5, "edge_set": "Delaunay5" }, "geometry": { "type": "LineString", "coordinates": [ [ 7.23587, 60.484968 ], [ 16.931305, 60.692679 ] ] } },
{ "type": "Feature", "properties": { "voltage_kv": 380.0, "from_node": 9, "to_node": 75, "length_km": 494.62308239881247, "delaunay_k": 5, "edge_set": "Delaunay5" }, "geometry": { "type": "LineString", "coordinates": [ [ 7.338867, 61.206798 ], [ 15.125427, 59.05115 ] ] } },
{ "type": "Feature", "properties": { "voltage_kv": 380.0, "from_node": 9, "to_node": 76, "length_km": 490.34126422066936, "delaunay_k": 5, "edge_set": "Delaunay5" }, "geometry": { "type": "LineString", "coordinates": [ [ 7.338867, 61.206798 ], [ 15.184479, 59.173817 ] ] } },
{ "type": "Feature", "properties": { "voltage_kv": 380.0, "from_node": 9, "to_node": 80, "length_km": 476.81414523787419, "delaunay_k": 5, "edge_set": "Delaunay5" }, "geometry": { "type": "LineString", "coordinates": [ [ 7.338867, 61.206798 ], [ 15.231171, 59.466013 ] ] } },
{ "type": "Feature", "properties": { "voltage_kv": 380.0, "from_node": 9, "to_node": 84, "length_km": 790.03430245943537, "delaunay_k": 5, "edge_set": "Delaunay5" }, "geometry": { "type": "LineString", "coordinates": [ [ 7.338867, 61.206798 ], [ 15.757141, 67.288485 ] ] } },
{ "type": "Feature", "properties": { "voltage_kv": 380.0, "from_node": 9, "to_node": 86, "length_km": 820.81119774744195, "delaunay_k": 5, "edge_set": "Delaunay5" }, "geometry": { "type": "LineString", "coordinates": [ [ 7.338867, 61.206798 ], [ 15.850525, 67.598233 ] ] } },
{ "type": "Feature", "properties": { "voltage_kv": 380.0, "from_node": 9, "to_node": 89, "length_km": 528.39111542097328, "delaunay_k": 5, "edge_set": "Delaunay5" }, "geometry": { "type": "LineString", "coordinates": [ [ 7.338867, 61.206798 ], [ 16.254272, 63.524685 ] ] } },
{ "type": "Feature", "properties": { "voltage_kv": 380.0, "from_node": 9, "to_node": 93, "length_km": 558.30816237444196, "delaunay_k": 5, "edge_set": "Delaunay5" }, "geometry": { "type": "LineString", "coordinates": [ [ 7.338867, 61.206798 ], [ 16.791229, 63.646259 ] ] } },
{ "type": "Feature", "properties": { "voltage_kv": 380.0, "from_node": 9, "to_node": 97, "length_km": 527.53922316873684, "delaunay_k": 5, "edge_set": "Delaunay5" }, "geometry": { "type": "LineString", "coordinates": [ [ 7.338867, 61.206798 ], [ 16.972504, 60.570102 ] ] } },
{ "type": "Feature", "properties": { "voltage_kv": 380.0, "from_node": 9, "to_node": 98, "length_km": 530.43304062648417, "delaunay_k": 5, "edge_set": "Delaunay5" }, "geometry": { "type": "LineString", "coordinates": [ [ 7.338867, 61.206798 ], [ 17.024689, 62.540828 ] ] } },
{ "type": "Feature", "properties": { "voltage_kv": 380.0, "from_node": 9, "to_node": 99, "length_km": 530.22813506421289, "delaunay_k": 5, "edge_set": "Delaunay5" }, "geometry": { "type": "LineString", "coordinates": [ [ 7.338867, 61.206798 ], [ 17.045288, 60.624713 ] ] } },
{ "type": "Feature", "properties": { "voltage_kv": 380.0, "from_node": 9, "to_node": 100, "length_km": 661.29969723320517, "delaunay_k": 5, "edge_set": "Delaunay5" }, "geometry": { "type": "LineString", "coordinates": [ [ 7.338867, 61.206798 ], [ 17.049408, 65.221045 ] ] } },
{ "type": "Feature", "properties": { "voltage_kv": 380.0, "from_node": 9, "to_node": 102, "length_km": 556.59351982387534, "delaunay_k": 5, "edge_set": "Delaunay5" }, "geometry": { "type": "LineString", "coordinates": [ [ 7.338867, 61.206798 ], [ 17.167511, 63.184727 ] ] } },
{ "type": "Feature", "properties": { "voltage_kv": 380.0, "from_node": 9, "to_node": 105, "length_km": 573.76072881290065, "delaunay_k": 5, "edge_set": "Delaunay5" }, "geometry": { "type": "LineString", "coordinates": [ [ 7.338867, 61.206798 ], [ 17.329559, 59.716945 ] ] } },
{ "type": "Feature", "properties": { "voltage_kv": 380.0, "from_node": 9, "to_node": 106, "length_km": 551.17582803852883, "delaunay_k": 5, "edge_set": "Delaunay5" }, "geometry": { "type": "LineString", "coordinates": [ [ 7.338867, 61.206798 ], [ 17.468262, 62.460297 ] ] } },
{ "type": "Feature", "properties": { "voltage_kv": 380.0, "from_node": 9, "to_node": 107, "length_km": 665.08099314705726, "delaunay_k": 5, "edge_set": "Delaunay5" }, "geometry": { "type": "LineString", "coordinates": [ [ 7.338867, 61.206798 ], [ 17.541046, 64.996778 ] ] } },
{ "type": "Feature", "properties": { "voltage_kv": 380.0, "from_node": 9, "to_node": 108, "length_km": 946.20721606705843, "delaunay_k": 5, "edge_set": "Delaunay5" }, "geometry": { "type": "LineString", "coordinates": [ [ 7.338867, 61.206798 ], [ 17.579498, 68.517173 ] ] } },
{ "type": "Feature", "properties": { "voltage_kv": 380.0, "from_node": 9, "to_node": 113, "length_km": 584.73851064271139, "delaunay_k": 5, "edge_set": "Delaunay5" }, "geometry": { "type": "LineString", "coordinates": [ [ 7.338867, 61.206798 ], [ 18.020325, 60.532293 ] ] } },
{ "type": "Feature", "properties": { "voltage_kv": 380.0, "from_node": 9, "to_node": 121, "length_km": 844.29034647248898, "delaunay_k": 5, "edge_set": "Delaunay5" }, "geometry": { "type": "LineString", "coordinates": [ [ 7.338867, 61.206798 ], [ 18.639679, 66.970387 ] ] } },
{ "type": "Feature", "properties": { "voltage_kv": 380.0, "from_node": 9, "to_node": 130, "length_km": 871.02731254344792, "delaunay_k": 5, "edge_set": "Delaunay5" }, "geometry": { "type": "LineString", "coordinates": [ [ 7.338867, 61.206798 ], [ 20.429077, 66.505049 ] ] } },
{ "type": "Feature", "properties": { "voltage_kv": 380.0, "from_node": 10, "to_node": 64, "length_km": 709.7166126060938, "delaunay_k": 5, "edge_set": "Delaunay5" }, "geometry": { "type": "LineString", "coordinates": [ [ 7.395172, 60.997087 ], [ 13.807068, 66.707884 ] ] } },
{ "type": "Feature", "properties": { "voltage_kv": 380.0, "from_node": 10, "to_node": 66, "length_km": 677.88004582794201, "delaunay_k": 5, "edge_set": "Delaunay5" }, "geometry": { "type": "LineString", "coordinates": [ [ 7.395172, 60.997087 ], [ 14.191589, 66.282328 ] ] } },
{ "type": "Feature", "properties": { "voltage_kv": 380.0, "from_node": 10, "to_node": 79, "length_km": 477.74043486295068, "delaunay_k": 5, "edge_set": "Delaunay5" }, "geometry": { "type": "LineString", "coordinates": [ [ 7.395172, 60.997087 ], [ 15.206451, 63.237956 ] ] } },
{ "type": "Feature", "properties": { "voltage_kv": 380.0, "from_node": 10, "to_node": 85, "length_km": 524.25563488577529, "delaunay_k": 5, "edge_set": "Delaunay5" }, "geometry": { "type": "LineString", "coordinates": [ [ 7.395172, 60.997087 ], [ 15.846405, 63.582177 ] ] } },
{ "type": "Feature", "properties": { "voltage_kv": 380.0, "from_node": 10, "to_node": 94, "length_km": 675.92581728307016, "delaunay_k": 5, "edge_set": "Delaunay5" }, "geometry": { "type": "LineString", "coordinates": [ [ 7.395172, 60.997087 ], [ 16.876373, 65.299207 ] ] } },
{ "type": "Feature", "properties": { "voltage_kv": 380.0, "from_node": 10, "to_node": 96, "length_km": 519.29654577247379, "delaunay_k": 5, "edge_set": "Delaunay5" }, "geometry": { "type": "LineString", "coordinates": [ [ 7.395172, 60.997087 ], [ 16.931305, 60.692679 ] ] } },
{ "type": "Feature", "properties": { "voltage_kv": 380.0, "from_node": 11, "to_node": 63, "length_km": 808.41114486396566, "delaunay_k": 5, "edge_set": "Delaunay5" }, "geometry": { "type": "LineString", "coordinates": [ [ 7.462463, 59.479266 ], [ 13.763123, 66.142743 ] ] } },
{ "type": "Feature", "properties": { "voltage_kv": 380.0, "from_node": 11, "to_node": 85, "length_km": 637.92359515894464, "delaunay_k": 5, "edge_set": "Delaunay5" }, "geometry": { "type": "LineString", "coordinates": [ [ 7.462463, 59.479266 ], [ 15.846405, 63.582177 ] ] } },
{ "type": "Feature", "properties": { "voltage_kv": 380.0, "from_node": 11, "to_node": 87, "length_km": 498.72605263705253, "delaunay_k": 5, "edge_set": "Delaunay5" }, "geometry": { "type": "LineString", "coordinates": [ [ 7.462463, 59.479266 ], [ 16.035919, 58.70477 ] ] } },
{ "type": "Feature", "properties": { "voltage_kv": 380.0, "from_node": 11, "to_node": 89, "length_km": 649.04637415042396, "delaunay_k": 5, "edge_set": "Delaunay5" }, "geometry": { "type": "LineString", "coordinates": [ [ 7.462463, 59.479266 ], [ 16.254272, 63.524685 ] ] } },
{ "type": "Feature", "properties": { "voltage_kv": 380.0, "from_node": 11, "to_node": 91, "length_km": 527.7324159297616, "delaunay_k": 5, "edge_set": "Delaunay5" }, "geometry": { "type": "LineString", "coordinates": [ [ 7.462463, 59.479266 ], [ 16.660767, 58.984699 ] ] } },
{ "type": "Feature", "properties": { "voltage_kv": 380.0, "from_node": 11, "to_node": 94, "length_km": 809.5250499963928, "delaunay_k": 5, "edge_set": "Delaunay5" }, "geometry": { "type": "LineString", "coordinates": [ [ 7.462463, 59.479266 ], [ 16.876373, 65.299207 ] ] } },
{ "type": "Feature", "properties": { "voltage_kv": 380.0, "from_node": 11, "to_node": 97, "length_km": 543.66259347251332, "delaunay_k": 5, "edge_set": "Delaunay5" }, "geometry": { "type": "LineString", "coordinates": [ [ 7.462463, 59.479266 ], [ 16.972504, 60.570102 ] ] } },
{ "type": "Feature", "properties": { "voltage_kv": 380.0, "from_node": 11, "to_node": 98, "length_km": 618.84133221205036, "delaunay_k": 5, "edge_set": "Delaunay5" }, "geometry": { "type": "LineString", "coordinates": [ [ 7.462463, 59.479266 ], [ 17.024689, 62.540828 ] ] } },
{ "type": "Feature", "properties": { "voltage_kv": 380.0, "from_node": 11, "to_node": 99, "length_km": 548.55884471111551, "delaunay_k": 5, "edge_set": "Delaunay5" }, "geometry": { "type": "LineString", "coordinates": [ [ 7.462463, 59.479266 ], [ 17.045288, 60.624713 ] ] } },
{ "type": "Feature", "properties": { "voltage_kv": 380.0, "from_node": 11, "to_node": 102, "length_km": 662.74560903366921, "delaunay_k": 5, "edge_set": "Delaunay5" }, "geometry": { "type": "LineString", "coordinates": [ [ 7.462463, 59.479266 ], [ 17.167511, 63.184727 ] ] } },
{ "type": "Feature", "properties": { "voltage_kv": 380.0, "from_node": 11, "to_node": 103, "length_km": 555.44644819455846, "delaunay_k": 5, "edge_set": "Delaunay5" }, "geometry": { "type": "LineString", "coordinates": [ [ 7.462463, 59.479266 ], [ 17.218323, 59.22234 ] ] } },
{ "type": "Feature", "properties": { "voltage_kv": 380.0, "from_node": 11, "to_node": 105, "length_km": 557.56547200368072, "delaunay_k": 5, "edge_set": "Delaunay5" }, "geometry": { "type": "LineString", "coordinates": [ [ 7.462463, 59.479266 ], [ 17.329559, 59.716945 ] ] } },
{ "type": "Feature", "properties": { "voltage_kv": 380.0, "from_node": 11, "to_node": 106, "length_km": 634.80682869946543, "delaunay_k": 5, "edge_set": "Delaunay5" }, "geometry": { "type": "LineString", "coordinates": [ [ 7.462463, 59.479266 ], [ 17.468262, 62.460297 ] ] } },
{ "type": "Feature", "properties": { "voltage_kv": 380.0, "from_node": 11, "to_node": 113, "length_km": 600.15658813765276, "delaunay_k": 5, "edge_set": "Delaunay5" }, "geometry": { "type": "LineString", "coordinates": [ [ 7.462463, 59.479266 ], [ 18.020325, 60.532293 ] ] } },
{ "type": "Feature", "properties": { "voltage_kv": 380.0, "from_node": 12, "to_node": 64, "length_km": 714.95915880752784, "delaunay_k": 5, "edge_set": "Delaunay5" }, "geometry": { "type": "LineString", "coordinates": [ [ 7.462463, 60.931767 ], [ 13.807068, 66.707884 ] ] } },
{ "type": "Feature", "properties": { "voltage_kv": 380.0, "from_node": 12, "to_node": 66, "length_km": 682.76530166017551, "delaunay_k": 5, "edge_set": "Delaunay5" }, "geometry": { "type": "LineString", "coordinates": [ [ 7.462463, 60.931767 ], [ 14.191589, 66.282328 ] ] } },
{ "type": "Feature", "properties": { "voltage_kv": 380.0, "from_node": 12, "to_node": 75, "length_km": 475.97176377097367, "delaunay_k": 5, "edge_set": "Delaunay5" }, "geometry": { "type": "LineString", "coordinates": [ [ 7.462463, 60.931767 ], [ 15.125427, 59.05115 ] ] } },
{ "type": "Feature", "properties": { "voltage_kv": 380.0, "from_node": 12, "to_node": 85, "length_km": 525.77958116315779, "delaunay_k": 5, "edge_set": "Delaunay5" }, "geometry": { "type": "LineString", "coordinates": [ [ 7.462463, 60.931767 ], [ 15.846405, 63.582177 ] ] } },
{ "type": "Feature", "properties": { "voltage_kv": 380.0, "from_node": 12, "to_node": 89, "length_km": 540.32401091537974, "delaunay_k": 5, "edge_set": "Delaunay5" }, "geometry": { "type": "LineString", "coordinates": [ [ 7.462463, 60.931767 ], [ 16.254272, 63.524685 ] ] } },
{ "type": "Feature", "properties": { "voltage_kv": 380.0, "from_node": 12, "to_node": 94, "length_km": 679.09785357855708, "delaunay_k": 5, "edge_set": "Delaunay5" }, "geometry": { "type": "LineString", "coordinates": [ [ 7.462463, 60.931767 ], [ 16.876373, 65.299207 ] ] } },
{ "type": "Feature", "properties": { "voltage_kv": 380.0, "from_node": 12, "to_node": 97, "length_km": 519.85311811416068, "delaunay_k": 5, "edge_set": "Delaunay5" }, "geometry": { "type": "LineString", "coordinates": [ [ 7.462463, 60.931767 ], [ 16.972504, 60.570102 ] ] } },
{ "type": "Feature", "properties": { "voltage_kv": 380.0, "from_node": 12, "to_node": 98, "length_km": 535.78475180222711, "delaunay_k": 5, "edge_set": "Delaunay5" }, "geometry": { "type": "LineString", "coordinates": [ [ 7.462463, 60.931767 ], [ 17.024689, 62.540828 ] ] } },
{ "type": "Feature", "properties": { "voltage_kv": 380.0, "from_node": 12, "to_node": 99, "length_km": 522.93019301523611, "delaunay_k": 5, "edge_set": "Delaunay5" }, "geometry": { "type": "LineString", "coordinates": [ [ 7.462463, 60.931767 ], [ 17.045288, 60.624713 ] ] } },
{ "type": "Feature", "properties": { "voltage_kv": 380.0, "from_node": 12, "to_node": 102, "length_km": 565.66134155907014, "delaunay_k": 5, "edge_set": "Delaunay5" }, "geometry": { "type": "LineString", "coordinates": [ [ 7.462463, 60.931767 ], [ 17.167511, 63.184727 ] ] } },
{ "type": "Feature", "properties": { "voltage_kv": 380.0, "from_node": 12, "to_node": 105, "length_km": 561.34475636160505, "delaunay_k": 5, "edge_set": "Delaunay5" }, "geometry": { "type": "LineString", "coordinates": [ [ 7.462463, 60.931767 ], [ 17.329559, 59.716945 ] ] } },
{ "type": "Feature", "properties": { "voltage_kv": 380.0, "from_node": 12, "to_node": 106, "length_km": 555.74097844586095, "delaunay_k": 5, "edge_set": "Delaunay5" }, "geometry": { "type": "LineString", "coordinates": [ [ 7.462463, 60.931767 ], [ 17.468262, 62.460297 ] ] } },
{ "type": "Feature", "properties": { "voltage_kv": 380.0, "from_node": 12, "to_node": 113, "length_km": 577.39573654266565, "delaunay_k": 5, "edge_set": "Delaunay5" }, "geometry": { "type": "LineString", "coordinates": [ [ 7.462463, 60.931767 ], [ 18.020325, 60.532293 ] ] } },
{ "type": "Feature", "properties": { "voltage_kv": 380.0, "from_node": 13, "to_node": 51, "length_km": 553.62845104348571, "delaunay_k": 5, "edge_set": "Delaunay5" }, "geometry": { "type": "LineString", "coordinates": [ [ 7.727509, 58.974791 ], [ 12.568359, 63.361367 ] ] } },
{ "type": "Feature", "properties": { "voltage_kv": 380.0, "from_node": 13, "to_node": 61, "length_km": 578.24399469115792, "delaunay_k": 5, "edge_set": "Delaunay5" }, "geometry": { "type": "LineString", "coordinates": [ [ 7.727509, 58.974791 ], [ 13.458252, 63.368755 ] ] } },
{ "type": "Feature", "properties": { "voltage_kv": 380.0, "from_node": 13, "to_node": 63, "length_km": 856.27915972760138, "delaunay_k": 5, "edge_set": "Delaunay5" }, "geometry": { "type": "LineString", "coordinates": [ [ 7.727509, 58.974791 ], [ 13.763123, 66.142743 ] ] } },
{ "type": "Feature", "properties": { "voltage_kv": 380.0, "from_node": 13, "to_node": 71, "length_km": 550.11031602441733, "delaunay_k": 5, "edge_set": "Delaunay5" }, "geometry": { "type": "LineString", "coordinates": [ [ 7.727509, 58.974791 ], [ 14.734039, 62.533228 ] ] } },
{ "type": "Feature", "properties": { "voltage_kv": 380.0, "from_node": 13, "to_node": 79, "length_km": 622.47198692838242, "delaunay_k": 5, "edge_set": "Delaunay5" }, "geometry": { "type": "LineString", "coordinates": [ [ 7.727509, 58.974791 ], [ 15.206451, 63.237956 ] ] } },
{ "type": "Feature", "properties": { "voltage_kv": 380.0, "from_node": 13, "to_node": 87, "length_km": 480.4980908084039, "delaunay_k": 5, "edge_set": "Delaunay5" }, "geometry": { "type": "LineString", "coordinates": [ [ 7.727509, 58.974791 ], [ 16.035919, 58.70477 ] ] } },
{ "type": "Feature", "properties": { "voltage_kv": 380.0, "from_node": 13, "to_node": 91, "length_km": 513.51960194779701, "delaunay_k": 5, "edge_set": "Delaunay5" }, "geometry": { "type": "LineString", "coordinates": [ [ 7.727509, 58.974791 ], [ 16.660767, 58.984699 ] ] } },
{ "type": "Feature", "properties": { "voltage_kv": 380.0, "from_node": 13, "to_node": 96, "length_km": 550.08775622179121, "delaunay_k": 5, "edge_set": "Delaunay5" }, "geometry": { "type": "LineString", "coordinates": [ [ 7.727509, 58.974791 ], [ 16.931305, 60.692679 ] ] } },
{ "type": "Feature", "properties": { "voltage_kv": 380.0, "from_node": 13, "to_node": 97, "length_km": 548.59206037103081, "delaunay_k": 5, "edge_set": "Delaunay5" }, "geometry": { "type": "LineString", "coordinates": [ [ 7.727509, 58.974791 ], [ 16.972504, 60.570102 ] ] } },
{ "type": "Feature", "properties": { "voltage_kv": 380.0, "from_node": 13, "to_node": 103, "length_km": 544.3606599695828, "delaunay_k": 5, "edge_set": "Delaunay5" }, "geometry": { "type": "LineString", "coordinates": [ [ 7.727509, 58.974791 ], [ 17.218323, 59.22234 ] ] } },
{ "type": "Feature", "properties": { "voltage_kv": 380.0, "from_node": 13, "to_node": 105, "length_km": 552.25236128660617, "delaunay_k": 5, "edge_set": "Delaunay5" }, "geometry": { "type": "LineString", "coordinates": [ [ 7.727509, 58.974791 ], [ 17.329559, 59.716945 ] ] } },
{ "type": "Feature", "properties": { "voltage_kv": 380.0, "from_node": 14, "to_node": 44, "length_km": 531.61629072336393, "delaunay_k": 5, "edge_set": "Delaunay5" }, "geometry": { "type": "LineString", "coordinates": [ [ 7.7948, 62.526259 ], [ 12.299194, 58.304438 ] ] } },
{ "type": "Feature", "properties": { "voltage_kv": 380.0, "from_node": 14, "to_node": 65, "length_km": 553.35357211613552, "delaunay_k": 5, "edge_set": "Delaunay5" }, "geometry": { "type": "LineString", "coordinates": [ [ 7.7948, 62.526259 ], [ 13.878479, 58.56109 ] ] } },
{ "type": "Feature", "properties": { "voltage_kv": 380.0, "from_node": 14, "to_node": 75, "length_km": 555.67847624674573, "delaunay_k": 5, "edge_set": "Delaunay5" }, "geometry": { "type": "LineString", "coordinates": [ [ 7.7948, 62.526259 ], [ 15.125427, 59.05115 ] ] } },
{ "type": "Feature", "properties": { "voltage_kv": 380.0, "from_node": 14, "to_node": 76, "length_km": 548.05504839458797, "delaunay_k": 5, "edge_set": "Delaunay5" }, "geometry": { "type": "LineString", "coordinates": [ [ 7.7948, 62.526259 ], [ 15.184479, 59.173817 ] ] } },
{ "type": "Feature", "properties": { "voltage_kv": 380.0, "from_node": 14, "to_node": 80, "length_km": 526.99757601245426, "delaunay_k": 5, "edge_set": "Delaunay5" }, "geometry": { "type": "LineString", "coordinates": [ [ 7.7948, 62.526259 ], [ 15.231171, 59.466013 ] ] } },
{ "type": "Feature", "properties": { "voltage_kv": 380.0, "from_node": 14, "to_node": 84, "length_km": 650.16355228984503, "delaunay_k": 5, "edge_set": "Delaunay5" }, "geometry": { "type": "LineString", "coordinates": [ [ 7.7948, 62.526259 ], [ 15.757141, 67.288485 ] ] } },
{ "type": "Feature", "properties": { "voltage_kv": 380.0, "from_node": 14, "to_node": 86, "length_km": 679.7635097461839, "delaunay_k": 5, "edge_set": "Delaunay5" }, "geometry": { "type": "LineString", "coordinates": [ [ 7.7948, 62.526259 ], [ 15.850525, 67.598233 ] ] } },
{ "type": "Feature", "properties": { "voltage_kv": 380.0, "from_node": 14, "to_node": 97, "length_km": 534.0278271941213, "delaunay_k": 5, "edge_set": "Delaunay5" }, "geometry": { "type": "LineString", "coordinates": [ [ 7.7948, 62.526259 ], [ 16.972504, 60.570102 ] ] } },
{ "type": "Feature", "properties": { "voltage_kv": 380.0, "from_node": 14, "to_node": 98, "length_km": 474.88017774408542, "delaunay_k": 5, "edge_set": "Delaunay5" }, "geometry": { "type": "LineString", "coordinates": [ [ 7.7948, 62.526259 ], [ 17.024689, 62.540828 ] ] } },
{ "type": "Feature", "properties": { "voltage_kv": 380.0, "from_node": 14, "to_node": 99, "length_km": 534.73310110606735, "delaunay_k": 5, "edge_set": "Delaunay5" }, "geometry": { "type": "LineString", "coordinates": [ [ 7.7948, 62.526259 ], [ 17.045288, 60.624713 ] ] } },
{ "type": "Feature", "properties": { "voltage_kv": 380.0, "from_node": 14, "to_node": 100, "length_km": 544.45134123100604, "delaunay_k": 5, "edge_set": "Delaunay5" }, "geometry": { "type": "LineString", "coordinates": [ [ 7.7948, 62.526259 ], [ 17.049408, 65.221045 ] ] } },
{ "type": "Feature", "properties": { "voltage_kv": 380.0, "from_node": 14, "to_node": 102, "length_km": 482.58220230072288, "delaunay_k": 5, "edge_set": "Delaunay5" }, "geometry": { "type": "LineString", "coordinates": [ [ 7.7948, 62.526259 ], [ 17.167511, 63.184727 ] ] } },
{ "type": "Feature", "properties": { "voltage_kv": 380.0, "from_node": 14, "to_node": 105, "length_km": 601.11189831798617, "delaunay_k": 5, "edge_set": "Delaunay5" }, "geometry": { "type": "LineString", "coordinates": [ [ 7.7948, 62.526259 ], [ 17.329559, 59.716945 ] ] } },
{ "type": "Feature", "properties": { "voltage_kv": 380.0, "from_node": 14, "to_node": 106, "length_km": 498.40412468487978, "delaunay_k": 5, "edge_set": "Delaunay5" }, "geometry": { "type": "LineString", "coordinates": [ [ 7.7948, 62.526259 ], [ 17.468262, 62.460297 ] ] } },
{ "type": "Feature", "properties": { "voltage_kv": 380.0, "from_node": 14, "to_node": 107, "length_km": 553.54201621226582, "delaunay_k": 5, "edge_set": "Delaunay5" }, "geometry": { "type": "LineString", "coordinates": [ [ 7.7948, 62.526259 ], [ 17.541046, 64.996778 ] ] } },
{ "type": "Feature", "properties": { "voltage_kv": 380.0, "from_node": 14, "to_node": 108, "length_km": 804.99160151597891, "delaunay_k": 5, "edge_set": "Delaunay5" }, "geometry": { "type": "LineString", "coordinates": [ [ 7.7948, 62.526259 ], [ 17.579498, 68.517173 ] ] } },
{ "type": "Feature", "properties": { "voltage_kv": 380.0, "from_node": 14, "to_node": 113, "length_km": 587.12062061705194, "delaunay_k": 5, "edge_set": "Delaunay5" }, "geometry": { "type": "LineString", "coordinates": [ [ 7.7948, 62.526259 ], [ 18.020325, 60.532293 ] ] } },
{ "type": "Feature", "properties": { "voltage_kv": 380.0, "from_node": 14, "to_node": 121, "length_km": 714.08691634331899, "delaunay_k": 5, "edge_set": "Delaunay5" }, "geometry": { "type": "LineString", "coordinates": [ [ 7.7948, 62.526259 ], [ 18.639679, 66.970387 ] ] } },
{ "type": "Feature", "properties": { "voltage_kv": 380.0, "from_node": 14, "to_node": 130, "length_km": 749.81436373435372, "delaunay_k": 5, "edge_set": "Delaunay5" }, "geometry": { "type": "LineString", "coordinates": [ [ 7.7948, 62.526259 ], [ 20.429077, 66.505049 ] ] } },
{ "type": "Feature", "properties": { "voltage_kv": 380.0, "from_node": 15, "to_node": 64, "length_km": 737.30158077019496, "delaunay_k": 5, "edge_set": "Delaunay5" }, "geometry": { "type": "LineString", "coordinates": [ [ 7.893677, 60.630775 ], [ 13.807068, 66.707884 ] ] } },
{ "type": "Feature", "properties": { "voltage_kv": 380.0, "from_node": 15, "to_node": 66, "length_km": 703.2341993292481, "delaunay_k": 5, "edge_set": "Delaunay5" }, "geometry": { "type": "LineString", "coordinates": [ [ 7.893677, 60.630775 ], [ 14.191589, 66.282328 ] ] } },
{ "type": "Feature", "properties": { "voltage_kv": 380.0, "from_node": 15, "to_node": 85, "length_km": 529.21439969877395, "delaunay_k": 5, "edge_set": "Delaunay5" }, "geometry": { "type": "LineString", "coordinates": [ [ 7.893677, 60.630775 ], [ 15.846405, 63.582177 ] ] } },
{ "type": "Feature", "properties": { "voltage_kv": 380.0, "from_node": 15, "to_node": 89, "length_km": 542.52933151031823, "delaunay_k": 5, "edge_set": "Delaunay5" }, "geometry": { "type": "LineString", "coordinates": [ [ 7.893677, 60.630775 ], [ 16.254272, 63.524685 ] ] } },
{ "type": "Feature", "properties": { "voltage_kv": 380.0, "from_node": 15, "to_node": 94, "length_km": 690.56720798129118, "delaunay_k": 5, "edge_set": "Delaunay5" }, "geometry": { "type": "LineString", "coordinates": [ [ 7.893677, 60.630775 ], [ 16.876373, 65.299207 ] ] } },
{ "type": "Feature", "properties": { "voltage_kv": 380.0, "from_node": 15, "to_node": 97, "length_km": 497.19289107388772, "delaunay_k": 5, "edge_set": "Delaunay5" }, "geometry": { "type": "LineString", "coordinates": [ [ 7.893677, 60.630775 ], [ 16.972504, 60.570102 ] ] } },
{ "type": "Feature", "properties": { "voltage_kv": 380.0, "from_node": 15, "to_node": 98, "length_km": 529.14131175500529, "delaunay_k": 5, "edge_set": "Delaunay5" }, "geometry": { "type": "LineString", "coordinates": [ [ 7.893677, 60.630775 ], [ 17.024689, 62.540828 ] ] } },
{ "type": "Feature", "properties": { "voltage_kv": 380.0, "from_node": 15, "to_node": 99, "length_km": 500.7064043118412, "delaunay_k": 5, "edge_set": "Delaunay5" }, "geometry": { "type": "LineString", "coordinates": [ [ 7.893677, 60.630775 ], [ 17.045288, 60.624713 ] ] } },
{ "type": "Feature", "properties": { "voltage_kv": 380.0, "from_node": 15, "to_node": 102, "length_km": 563.81706958265954, "delaunay_k": 5, "edge_set": "Delaunay5" }, "geometry": { "type": "LineString", "coordinates": [ [ 7.893677, 60.630775 ], [ 17.167511, 63.184727 ] ] } },
{ "type": "Feature", "properties": { "voltage_kv": 380.0, "from_node": 15, "to_node": 105, "length_km": 533.25972123270299, "delaunay_k": 5, "edge_set": "Delaunay5" }, "geometry": { "type": "LineString", "coordinates": [ [ 7.893677, 60.630775 ], [ 17.329559, 59.716945 ] ] } },
{ "type": "Feature", "properties": { "voltage_kv": 380.0, "from_node": 15, "to_node": 106, "length_km": 547.97449432571909, "delaunay_k": 5, "edge_set": "Delaunay5" }, "geometry": { "type": "LineString", "coordinates": [ [ 7.893677, 60.630775 ], [ 17.468262, 62.460297 ] ] } },
{ "type": "Feature", "properties": { "voltage_kv": 380.0, "from_node": 15, "to_node": 113, "length_km": 554.91347062153636, "delaunay_k": 5, "edge_set": "Delaunay5" }, "geometry": { "type": "LineString", "coordinates": [ [ 7.893677, 60.630775 ], [ 18.020325, 60.532293 ] ] } },
{ "type": "Feature", "properties": { "voltage_kv": 380.0, "from_node": 16, "to_node": 67, "length_km": 479.44788537450557, "delaunay_k": 5, "edge_set": "Delaunay5" }, "geometry": { "type": "LineString", "coordinates": [ [ 8.084564, 60.670488 ], [ 14.197083, 57.718819 ] ] } },
{ "type": "Feature", "properties": { "voltage_kv": 380.0, "from_node": 16, "to_node": 70, "length_km": 491.3727161205141, "delaunay_k": 5, "edge_set": "Delaunay5" }, "geometry": { "type": "LineString", "coordinates": [ [ 8.084564, 60.670488 ], [ 14.625549, 57.798676 ] ] } },
{ "type": "Feature", "properties": { "voltage_kv": 380.0, "from_node": 16, "to_node": 78, "length_km": 482.49941021612983, "delaunay_k": 5, "edge_set": "Delaunay5" }, "geometry": { "type": "LineString", "coordinates": [ [ 8.084564, 60.670488 ], [ 15.195465, 58.28423 ] ] } },
{ "type": "Feature", "properties": { "voltage_kv": 380.0, "from_node": 16, "to_node": 84, "length_km": 826.63362285113601, "delaunay_k": 5, "edge_set": "Delaunay5" }, "geometry": { "type": "LineString", "coordinates": [ [ 8.084564, 60.670488 ], [ 15.757141, 67.288485 ] ] } },
{ "type": "Feature", "properties": { "voltage_kv": 380.0, "from_node": 16, "to_node": 86, "length_km": 858.54181504341841, "delaunay_k": 5, "edge_set": "Delaunay5" }, "geometry": { "type": "LineString", "coordinates": [ [ 8.084564, 60.670488 ], [ 15.850525, 67.598233 ] ] } },
{ "type": "Feature", "properties": { "voltage_kv": 380.0, "from_node": 16, "to_node": 87, "length_km": 498.22325425397082, "delaunay_k": 5, "edge_set": "Delaunay5" }, "geometry": { "type": "LineString", "coordinates": [ [ 8.084564, 60.670488 ], [ 16.035919, 58.70477 ] ] } },
{ "type": "Feature", "properties": { "voltage_kv": 380.0, "from_node": 16, "to_node": 91, "length_km": 516.08498792303385, "delaunay_k": 5, "edge_set": "Delaunay5" }, "geometry": { "type": "LineString", "coordinates": [ [ 8.084564, 60.670488 ], [ 16.660767, 58.984699 ] ] } },
{ "type": "Feature", "properties": { "voltage_kv": 380.0, "from_node": 16, "to_node": 92, "length_km": 546.72525764013687, "delaunay_k": 5, "edge_set": "Delaunay5" }, "geometry": { "type": "LineString", "coordinates": [ [ 8.084564, 60.670488 ], [ 16.663513, 63.486702 ] ] } },
{ "type": "Feature", "properties": { "voltage_kv": 380.0, "from_node": 16, "to_node": 93, "length_km": 561.47832451173986, "delaunay_k": 5, "edge_set": "Delaunay5" }, "geometry": { "type": "LineString", "coordinates": [ [ 8.084564, 60.670488 ], [ 16.791229, 63.646259 ] ] } },
{ "type": "Feature", "properties": { "voltage_kv": 380.0, "from_node": 16, "to_node": 95, "length_km": 561.39857505276348, "delaunay_k": 5, "edge_set": "Delaunay5" }, "geometry": { "type": "LineString", "coordinates": [ [ 8.084564, 60.670488 ], [ 16.923065, 63.549164 ] ] } },
{ "type": "Feature", "properties": { "voltage_kv": 380.0, "from_node": 16, "to_node": 100, "length_km": 680.37449908580265, "delaunay_k": 5, "edge_set": "Delaunay5" }, "geometry": { "type": "LineString", "coordinates": [ [ 8.084564, 60.670488 ], [ 17.049408, 65.221045 ] ] } },
{ "type": "Feature", "properties": { "voltage_kv": 380.0, "from_node": 16, "to_node": 101, "length_km": 491.47205012455476, "delaunay_k": 5, "edge_set": "Delaunay5" }, "geometry": { "type": "LineString", "coordinates": [ [ 8.084564, 60.670488 ], [ 17.059021, 60.550528 ] ] } },
{ "type": "Feature", "properties": { "voltage_kv": 380.0, "from_node": 16, "to_node": 103, "length_km": 535.05104307158558, "delaunay_k": 5, "edge_set": "Delaunay5" }, "geometry": { "type": "LineString", "coordinates": [ [ 8.084564, 60.670488 ], [ 17.218323, 59.22234 ] ] } },
{ "type": "Feature", "properties": { "voltage_kv": 380.0, "from_node": 16, "to_node": 107, "length_km": 680.60760029488472, "delaunay_k": 5, "edge_set": "Delaunay5" }, "geometry": { "type": "LineString", "coordinates": [ [ 8.084564, 60.670488 ], [ 17.541046, 64.996778 ] ] } },
{ "type": "Feature", "properties": { "voltage_kv": 380.0, "from_node": 16, "to_node": 108, "length_km": 983.58211922148632, "delaunay_k": 5, "edge_set": "Delaunay5" }, "geometry": { "type": "LineString", "coordinates": [ [ 8.084564, 60.670488 ], [ 17.579498, 68.517173 ] ] } },
{ "type": "Feature", "properties": { "voltage_kv": 380.0, "from_node": 16, "to_node": 109, "length_km": 554.97695049549156, "delaunay_k": 5, "edge_set": "Delaunay5" }, "geometry": { "type": "LineString", "coordinates": [ [ 8.084564, 60.670488 ], [ 17.683868, 59.349996 ] ] } },
{ "type": "Feature", "properties": { "voltage_kv": 380.0, "from_node": 16, "to_node": 116, "length_km": 551.18701622403103, "delaunay_k": 5, "edge_set": "Delaunay5" }, "geometry": { "type": "LineString", "coordinates": [ [ 8.084564, 60.670488 ], [ 18.123322, 60.430121 ] ] } },
{ "type": "Feature", "properties": { "voltage_kv": 380.0, "from_node": 16, "to_node": 117, "length_km": 574.94057059678096, "delaunay_k": 5, "edge_set": "Delaunay5" }, "geometry": { "type": "LineString", "coordinates": [ [ 8.084564, 60.670488 ], [ 18.135681, 59.473686 ] ] } },
{ "type": "Feature", "properties": { "voltage_kv": 380.0, "from_node": 16, "to_node": 118, "length_km": 566.10481590736345, "delaunay_k": 5, "edge_set": "Delaunay5" }, "geometry": { "type": "LineString", "coordinates": [ [ 8.084564, 60.670488 ], [ 18.233185, 59.961198 ] ] } },
{ "type": "Feature", "properties": { "voltage_kv": 380.0, "from_node": 16, "to_node": 119, "length_km": 611.84360573695642, "delaunay_k": 5, "edge_set": "Delaunay5" }, "geometry": { "type": "LineString", "coordinates": [ [ 8.084564, 60.670488 ], [ 18.242798, 63.401361 ] ] } },
{ "type": "Feature", "properties": { "voltage_kv": 380.0, "from_node": 16, "to_node": 121, "length_km": 871.54511433771825, "delaunay_k": 5, "edge_set": "Delaunay5" }, "geometry": { "type": "LineString", "coordinates": [ [ 8.084564, 60.670488 ], [ 18.639679, 66.970387 ] ] } },
{ "type": "Feature", "properties": { "voltage_kv": 380.0, "from_node": 16, "to_node": 130, "length_km": 891.0899724501329, "delaunay_k": 5, "edge_set": "Delaunay5" }, "geometry": { "type": "LineString", "coordinates": [ [ 8.084564, 60.670488 ], [ 20.429077, 66.505049 ] ] } },
{ "type": "Feature", "properties": { "voltage_kv": 380.0, "from_node": 17, "to_node": 64, "length_km": 746.07425724070902, "delaunay_k": 5, "edge_set": "Delaunay5" }, "geometry": { "type": "LineString", "coordinates": [ [ 8.088684, 60.511343 ], [ 13.807068, 66.707884 ] ] } },
{ "type": "Feature", "properties": { "voltage_kv": 380.0, "from_node": 17, "to_node": 66, "length_km": 711.2497939445102, "delaunay_k": 5, "edge_set": "Delaunay5" }, "geometry": { "type": "LineString", "coordinates": [ [ 8.088684, 60.511343 ], [ 14.191589, 66.282328 ] ] } },
{ "type": "Feature", "properties": { "voltage_kv": 380.0, "from_node": 17, "to_node": 85, "length_km": 530.37347159601018, "delaunay_k": 5, "edge_set": "Delaunay5" }, "geometry": { "type": "LineString", "coordinates": [ [ 8.088684, 60.511343 ], [ 15.846405, 63.582177 ] ] } },
{ "type": "Feature", "properties": { "voltage_kv": 380.0, "from_node": 17, "to_node": 89, "length_km": 543.15386937370488, "delaunay_k": 5, "edge_set": "Delaunay5" }, "geometry": { "type": "LineString", "coordinates": [ [ 8.088684, 60.511343 ], [ 16.254272, 63.524685 ] ] } },
{ "type": "Feature", "properties": { "voltage_kv": 380.0, "from_node": 17, "to_node": 94, "length_km": 694.85126333622929, "delaunay_k": 5, "edge_set": "Delaunay5" }, "geometry": { "type": "LineString", "coordinates": [ [ 8.088684, 60.511343 ], [ 16.876373, 65.299207 ] ] } },
{ "type": "Feature", "properties": { "voltage_kv": 380.0, "from_node": 17, "to_node": 97, "length_km": 487.42648977324859, "delaunay_k": 5, "edge_set": "Delaunay5" }, "geometry": { "type": "LineString", "coordinates": [ [ 8.088684, 60.511343 ], [ 16.972504, 60.570102 ] ] } },
{ "type": "Feature", "properties": { "voltage_kv": 380.0, "from_node": 17, "to_node": 98, "length_km": 526.08968317178983, "delaunay_k": 5, "edge_set": "Delaunay5" }, "geometry": { "type": "LineString", "coordinates": [ [ 8.088684, 60.511343 ], [ 17.024689, 62.540828 ] ] } },
{ "type": "Feature", "properties": { "voltage_kv": 380.0, "from_node": 17, "to_node": 99, "length_km": 491.12029133105568, "delaunay_k": 5, "edge_set": "Delaunay5" }, "geometry": { "type": "LineString", "coordinates": [ [ 8.088684, 60.511343 ], [ 17.045288, 60.624713 ] ] } },
{ "type": "Feature", "properties": { "voltage_kv": 380.0, "from_node": 17, "to_node": 102, "length_km": 562.71808158735018, "delaunay_k": 5, "edge_set": "Delaunay5" }, "geometry": { "type": "LineString", "coordinates": [ [ 8.088684, 60.511343 ], [ 17.167511, 63.184727 ] ] } },
{ "type": "Feature", "properties": { "voltage_kv": 380.0, "from_node": 17, "to_node": 105, "length_km": 521.16249504500422, "delaunay_k": 5, "edge_set": "Delaunay5" }, "geometry": { "type": "LineString", "coordinates": [ [ 8.088684, 60.511343 ], [ 17.329559, 59.716945 ] ] } },
{ "type": "Feature", "properties": { "voltage_kv": 380.0, "from_node": 17, "to_node": 106, "length_km": 544.42038072143509, "delaunay_k": 5, "edge_set": "Delaunay5" }, "geometry": { "type": "LineString", "coordinates": [ [ 8.088684, 60.511343 ], [ 17.468262, 62.460297 ] ] } },
{ "type": "Feature", "properties": { "voltage_kv": 380.0, "from_node": 17, "to_node": 113, "length_km": 545.15181752656508, "delaunay_k": 5, "edge_set": "Delaunay5" }, "geometry": { "type": "LineString", "coordinates": [ [ 8.088684, 60.511343 ], [ 18.020325, 60.532293 ] ] } },
{ "type": "Feature", "properties": { "voltage_kv": 380.0, "from_node": 18, "to_node": 51, "length_km": 619.54493397785643, "delaunay_k": 5, "edge_set": "Delaunay5" }, "geometry": { "type": "LineString", "coordinates": [ [ 8.102417, 58.2445 ], [ 12.568359, 63.361367 ] ] } },
{ "type": "Feature", "properties": { "voltage_kv": 380.0, "from_node": 18, "to_node": 61, "length_km": 640.6690865497327, "delaunay_k": 5, "edge_set": "Delaunay5" }, "geometry": { "type": "LineString", "coordinates": [ [ 8.102417, 58.2445 ], [ 13.458252, 63.368755 ] ] } },
{ "type": "Feature", "properties": { "voltage_kv": 380.0, "from_node": 18, "to_node": 63, "length_km": 927.4736055393754, "delaunay_k": 5, "edge_set": "Delaunay5" }, "geometry": { "type": "LineString", "coordinates": [ [ 8.102417, 58.2445 ], [ 13.763123, 66.142743 ] ] } },
{ "type": "Feature", "properties": { "voltage_kv": 380.0, "from_node": 18, "to_node": 71, "length_km": 601.17653004379645, "delaunay_k": 5, "edge_set": "Delaunay5" }, "geometry": { "type": "LineString", "coordinates": [ [ 8.102417, 58.2445 ], [ 14.734039, 62.533228 ] ] } },
{ "type": "Feature", "properties": { "voltage_kv": 380.0, "from_node": 18, "to_node": 79, "length_km": 677.29265158354929, "delaunay_k": 5, "edge_set": "Delaunay5" }, "geometry": { "type": "LineString", "coordinates": [ [ 8.102417, 58.2445 ], [ 15.206451, 63.237956 ] ] } },
{ "type": "Feature", "properties": { "voltage_kv": 380.0, "from_node": 18, "to_node": 82, "length_km": 482.02788326227358, "delaunay_k": 5, "edge_set": "Delaunay5" }, "geometry": { "type": "LineString", "coordinates": [ [ 8.102417, 58.2445 ], [ 15.442657, 60.406393 ] ] } },
{ "type": "Feature", "properties": { "voltage_kv": 380.0, "from_node": 18, "to_node": 91, "length_km": 503.95464798729017, "delaunay_k": 5, "edge_set": "Delaunay5" }, "geometry": { "type": "LineString", "coordinates": [ [ 8.102417, 58.2445 ], [ 16.660767, 58.984699 ] ] } },
{ "type": "Feature", "properties": { "voltage_kv": 380.0, "from_node": 18, "to_node": 96, "length_km": 569.53948483363104, "delaunay_k": 5, "edge_set": "Delaunay5" }, "geometry": { "type": "LineString", "coordinates": [ [ 8.102417, 58.2445 ], [ 16.931305, 60.692679 ] ] } },
{ "type": "Feature", "properties": { "voltage_kv": 380.0, "from_node": 18, "to_node": 97, "length_km": 566.03735352172646, "delaunay_k": 5, "edge_set": "Delaunay5" }, "geometry": { "type": "LineString", "coordinates": [ [ 8.102417, 58.2445 ], [ 16.972504, 60.570102 ] ] } },
{ "type": "Feature", "properties": { "voltage_kv": 380.0, "from_node": 18, "to_node": 103, "length_km": 538.83734097075308, "delaunay_k": 5, "edge_set": "Delaunay5" }, "geometry": { "type": "LineString", "coordinates": [ [ 8.102417, 58.2445 ], [ 17.218323, 59.22234 ] ] } },
{ "type": "Feature", "properties": { "voltage_kv": 380.0, "from_node": 18, "to_node": 105, "length_km": 555.06802823676105, "delaunay_k": 5, "edge_set": "Delaunay5" }, "geometry": { "type": "LineString", "coordinates": [ [ 8.102417, 58.2445 ], [ 17.329559, 59.716945 ] ] } },
{ "type": "Feature", "properties": { "voltage_kv": 380.0, "from_node": 19, "to_node": 37, "length_km": 584.41758084765524, "delaunay_k": 5, "edge_set": "Delaunay5" }, "geometry": { "type": "LineString", "coordinates": [ [ 8.480072, 62.679816 ], [ 11.954498, 57.726153 ] ] } },
{ "type": "Feature", "properties": { "voltage_kv": 380.0, "from_node": 19, "to_node": 43, "length_km": 564.86069160504701, "delaunay_k": 5, "edge_set": "Delaunay5" }, "geometry": { "type": "LineString", "coordinates": [ [ 8.480072, 62.679816 ], [ 12.244263, 57.964417 ] ] } },
{ "type": "Feature", "properties": { "voltage_kv": 380.0, "from_node": 19, "to_node": 47, "length_km": 583.68992282202919, "delaunay_k": 5, "edge_set": "Delaunay5" }, "geometry": { "type": "LineString", "coordinates": [ [ 8.480072, 62.679816 ], [ 12.407684, 57.816235 ] ] } },
{ "type": "Feature", "properties": { "voltage_kv": 380.0, "from_node": 19, "to_node": 60, "length_km": 634.76029011487651, "delaunay_k": 5, "edge_set": "Delaunay5" }, "geometry": { "type": "LineString", "coordinates": [ [ 8.480072, 62.679816 ], [ 13.414307, 57.53868 ] ] } },
{ "type": "Feature", "properties": { "voltage_kv": 380.0, "from_node": 19, "to_node": 67, "length_km": 636.74600764341369, "delaunay_k": 5, "edge_set": "Delaunay5" }, "geometry": { "type": "LineString", "coordinates": [ [ 8.480072, 62.679816 ], [ 14.197083, 57.718819 ] ] } },
{ "type": "Feature", "properties": { "voltage_kv": 380.0, "from_node": 19, "to_node": 70, "length_km": 641.06892261641178, "delaunay_k": 5, "edge_set": "Delaunay5" }, "geometry": { "type": "LineString", "coordinates": [ [ 8.480072, 62.679816 ], [ 14.625549, 57.798676 ] ] } },
{ "type": "Feature", "properties": { "voltage_kv": 380.0, "from_node": 19, "to_node": 78, "length_km": 612.80179207190611, "delaunay_k": 5, "edge_set": "Delaunay5" }, "geometry": { "type": "LineString", "coordinates": [ [ 8.480072, 62.679816 ], [ 15.195465, 58.28423 ] ] } },
{ "type": "Feature", "properties": { "voltage_kv": 380.0, "from_node": 19, "to_node": 87, "length_km": 604.83311775817674, "delaunay_k": 5, "edge_set": "Delaunay5" }, "geometry": { "type": "LineString", "coordinates": [ [ 8.480072, 62.679816 ], [ 16.035919, 58.70477 ] ] } },
{ "type": "Feature", "properties": { "voltage_kv": 380.0, "from_node": 19, "to_node": 91, "length_km": 605.60035761337247, "delaunay_k": 5, "edge_set": "Delaunay5" }, "geometry": { "type": "LineString", "coordinates": [ [ 8.480072, 62.679816 ], [ 16.660767, 58.984699 ] ] } },
{ "type": "Feature", "properties": { "voltage_kv": 380.0, "from_node": 19, "to_node": 101, "length_km": 512.92301305505725, "delaunay_k": 5, "edge_set": "Delaunay5" }, "geometry": { "type": "LineString", "coordinates": [ [ 8.480072, 62.679816 ], [ 17.059021, 60.550528 ] ] } },
{ "type": "Feature", "properties": { "voltage_kv": 380.0, "from_node": 19, "to_node": 103, "length_km": 609.80364105508033, "delaunay_k": 5, "edge_set": "Delaunay5" }, "geometry": { "type": "LineString", "coordinates": [ [ 8.480072, 62.679816 ], [ 17.218323, 59.22234 ] ] } },
{ "type": "Feature", "properties": { "voltage_kv": 380.0, "from_node": 19, "to_node": 104, "length_km": 733.80279535125521, "delaunay_k": 5, "edge_set": "Delaunay5" }, "geometry": { "type": "LineString", "coordinates": [ [ 8.480072, 62.679816 ], [ 17.288361, 68.158786 ] ] } },
{ "type": "Feature", "properties": { "voltage_kv": 380.0, "from_node": 19, "to_node": 109, "length_km": 620.15684046122442, "delaunay_k": 5, "edge_set": "Delaunay5" }, "geometry": { "type": "LineString", "coordinates": [ [ 8.480072, 62.679816 ], [ 17.683868, 59.349996 ] ] } },
{ "type": "Feature", "properties": { "voltage_kv": 380.0, "from_node": 19, "to_node": 112, "length_km": 706.70979656148234, "delaunay_k": 5, "edge_set": "Delaunay5" }, "geometry": { "type": "LineString", "coordinates": [ [ 8.480072, 62.679816 ], [ 17.992859, 67.610267 ] ] } },
{ "type": "Feature", "properties": { "voltage_kv": 380.0, "from_node": 19, "to_node": 116, "length_km": 570.16264407093036, "delaunay_k": 5, "edge_set": "Delaunay5" }, "geometry": { "type": "LineString", "coordinates": [ [ 8.480072, 62.679816 ], [ 18.123322, 60.430121 ] ] } },
{ "type": "Feature", "properties": { "voltage_kv": 380.0, "from_node": 19, "to_node": 117, "length_km": 631.17331628032707, "delaunay_k": 5, "edge_set": "Delaunay5" }, "geometry": { "type": "LineString", "coordinates": [ [ 8.480072, 62.679816 ], [ 18.135681, 59.473686 ] ] } },
{ "type": "Feature", "properties": { "voltage_kv": 380.0, "from_node": 19, "to_node": 118, "length_km": 603.27571080100995, "delaunay_k": 5, "edge_set": "Delaunay5" }, "geometry": { "type": "LineString", "coordinates": [ [ 8.480072, 62.679816 ], [ 18.233185, 59.961198 ] ] } },
{ "type": "Feature", "properties": { "voltage_kv": 380.0, "from_node": 19, "to_node": 119, "length_km": 500.20019252476317, "delaunay_k": 5, "edge_set": "Delaunay5" }, "geometry": { "type": "LineString", "coordinates": [ [ 8.480072, 62.679816 ], [ 18.242798, 63.401361 ] ] } },
{ "type": "Feature", "properties": { "voltage_kv": 380.0, "from_node": 19, "to_node": 120, "length_km": 708.53861166470847, "delaunay_k": 5, "edge_set": "Delaunay5" }, "geometry": { "type": "LineString", "coordinates": [ [ 8.480072, 62.679816 ], [ 18.366394, 67.492803 ] ] } },
{ "type": "Feature", "properties": { "voltage_kv": 380.0, "from_node": 19, "to_node": 122, "length_km": 850.68655391976836, "delaunay_k": 5, "edge_set": "Delaunay5" }, "geometry": { "type": "LineString", "coordinates": [ [ 8.480072, 62.679816 ], [ 18.864899, 69.038124 ] ] } },
{ "type": "Feature", "properties": { "voltage_kv": 380.0, "from_node": 19, "to_node": 123, "length_km": 559.26447434466309, "delaunay_k": 5, "edge_set": "Delaunay5" }, "geometry": { "type": "LineString", "coordinates": [ [ 8.480072, 62.679816 ], [ 19.029694, 64.440225 ] ] } },
{ "type": "Feature", "properties": { "voltage_kv": 380.0, "from_node": 19, "to_node": 125, "length_km": 611.81685564713416, "delaunay_k": 5, "edge_set": "Delaunay5" }, "geometry": { "type": "LineString", "coordinates": [ [ 8.480072, 62.679816 ], [ 19.736938, 65.032742 ] ] } },
{ "type": "Feature", "properties": { "voltage_kv": 380.0, "from_node": 19, "to_node": 126, "length_km": 711.93825505574671, "delaunay_k": 5, "edge_set": "Delaunay5" }, "geometry": { "type": "LineString", "coordinates": [ [ 8.480072, 62.679816 ], [ 19.864655, 66.843267 ] ] } },
{ "type": "Feature", "properties": { "voltage_kv": 380.0, "from_node": 19, "to_node": 127, "length_km": 720.59642409105686, "delaunay_k": 5, "edge_set": "Delaunay5" }, "geometry": { "type": "LineString", "coordinates": [ [ 8.480072, 62.679816 ], [ 19.866028, 66.975221 ] ] } },
{ "type": "Feature", "properties": { "voltage_kv": 380.0, "from_node": 19, "to_node": 128, "length_km": 711.00821907276281, "delaunay_k": 5, "edge_set": "Delaunay5" }, "geometry": { "type": "LineString", "coordinates": [ [ 8.480072, 62.679816 ], [ 20.037689, 66.729595 ] ] } },
{ "type": "Feature", "properties": { "voltage_kv": 380.0, "from_node": 19, "to_node": 131, "length_km": 722.70017648288967, "delaunay_k": 5, "edge_set": "Delaunay5" }, "geometry": { "type": "LineString", "coordinates": [ [ 8.480072, 62.679816 ], [ 20.452423, 66.669299 ] ] } },
{ "type": "Feature", "properties": { "voltage_kv": 380.0, "from_node": 19, "to_node": 135, "length_km": 727.42601675433116, "delaunay_k": 5, "edge_set": "Delaunay5" }, "geometry": { "type": "LineString", "coordinates": [ [ 8.480072, 62.679816 ], [ 21.656799, 65.826407 ] ] } },
{ "type": "Feature", "properties": { "voltage_kv": 380.0, "from_node": 19, "to_node": 145, "length_km": 792.27278286314004, "delaunay_k": 5, "edge_set": "Delaunay5" }, "geometry": { "type": "LineString", "coordinates": [ [ 8.480072, 62.679816 ], [ 23.072662, 65.938074 ] ] } },
{ "type": "Feature", "properties": { "voltage_kv": 380.0, "from_node": 20, "to_node": 64, "length_km": 753.26875961983717, "delaunay_k": 5, "edge_set": "Delaunay5" }, "geometry": { "type": "LineString", "coordinates": [ [ 8.596802, 60.357527 ], [ 13.807068, 66.707884 ] ] } },
{ "type": "Feature", "properties": { "voltage_kv": 380.0, "from_node": 20, "to_node": 66, "length_km": 716.87184137075803, "delaunay_k": 5, "edge_set": "Delaunay5" }, "geometry": { "type": "LineString", "coordinates": [ [ 8.596802, 60.357527 ], [ 14.191589, 66.282328 ] ] } },
{ "type": "Feature", "properties": { "voltage_kv": 380.0, "from_node": 20, "to_node": 91, "length_km": 479.25090199353758, "delaunay_k": 5, "edge_set": "Delaunay5" }, "geometry": { "type": "LineString", "coordinates": [ [ 8.596802, 60.357527 ], [ 16.660767, 58.984699 ] ] } },
{ "type": "Feature", "properties": { "voltage_kv": 380.0, "from_node": 20, "to_node": 92, "length_km": 548.24517440648128, "delaunay_k": 5, "edge_set": "Delaunay5" }, "geometry": { "type": "LineString", "coordinates": [ [ 8.596802, 60.357527 ], [ 16.663513, 63.486702 ] ] } },
{ "type": "Feature", "properties": { "voltage_kv": 380.0, "from_node": 20, "to_node": 93, "length_km": 563.90265400278702, "delaunay_k": 5, "edge_set": "Delaunay5" }, "geometry": { "type": "LineString", "coordinates": [ [ 8.596802, 60.357527 ], [ 16.791229, 63.646259 ] ] } },
{ "type": "Feature", "properties": { "voltage_kv": 380.0, "from_node": 20, "to_node": 95, "length_km": 562.81597348009336, "delaunay_k": 5, "edge_set": "Delaunay5" }, "geometry": { "type": "LineString", "coordinates": [ [ 8.596802, 60.357527 ], [ 16.923065, 63.549164 ] ] } },
{ "type": "Feature", "properties": { "voltage_kv": 380.0, "from_node": 20, "to_node": 100, "length_km": 691.75532033010973, "delaunay_k": 5, "edge_set": "Delaunay5" }, "geometry": { "type": "LineString", "coordinates": [ [ 8.596802, 60.357527 ], [ 17.049408, 65.221045 ] ] } },
{ "type": "Feature", "properties": { "voltage_kv": 380.0, "from_node": 20, "to_node": 103, "length_km": 500.1461019587428, "delaunay_k": 5, "edge_set": "Delaunay5" }, "geometry": { "type": "LineString", "coordinates": [ [ 8.596802, 60.357527 ], [ 17.218323, 59.22234 ] ] } },
{ "type": "Feature", "properties": { "voltage_kv": 380.0, "from_node": 20, "to_node": 107, "length_km": 689.82115713990538, "delaunay_k": 5, "edge_set": "Delaunay5" }, "geometry": { "type": "LineString", "coordinates": [ [ 8.596802, 60.357527 ], [ 17.541046, 64.996778 ] ] } },
{ "type": "Feature", "properties": { "voltage_kv": 380.0, "from_node": 20, "to_node": 109, "length_km": 521.27906021034664, "delaunay_k": 5, "edge_set": "Delaunay5" }, "geometry": { "type": "LineString", "coordinates": [ [ 8.596802, 60.357527 ], [ 17.683868, 59.349996 ] ] } },
{ "type": "Feature", "properties": { "voltage_kv": 380.0, "from_node": 20, "to_node": 116, "length_km": 525.08574522010133, "delaunay_k": 5, "edge_set": "Delaunay5" }, "geometry": { "type": "LineString", "coordinates": [ [ 8.596802, 60.357527 ], [ 18.123322, 60.430121 ] ] } },
{ "type": "Feature", "properties": { "voltage_kv": 380.0, "from_node": 20, "to_node": 117, "length_km": 542.38366412292032, "delaunay_k": 5, "edge_set": "Delaunay5" }, "geometry": { "type": "LineString", "coordinates": [ [ 8.596802, 60.357527 ], [ 18.135681, 59.473686 ] ] } },
{ "type": "Feature", "properties": { "voltage_kv": 380.0, "from_node": 20, "to_node": 118, "length_km": 536.70959033947338, "delaunay_k": 5, "edge_set": "Delaunay5" }, "geometry": { "type": "LineString", "coordinates": [ [ 8.596802, 60.357527 ], [ 18.233185, 59.961198 ] ] } },
{ "type": "Feature", "properties": { "voltage_kv": 380.0, "from_node": 20, "to_node": 119, "length_km": 609.63952745183053, "delaunay_k": 5, "edge_set": "Delaunay5" }, "geometry": { "type": "LineString", "coordinates": [ [ 8.596802, 60.357527 ], [ 18.242798, 63.401361 ] ] } },
{ "type": "Feature", "properties": { "voltage_kv": 380.0, "from_node": 20, "to_node": 121, "length_km": 887.16050989096959, "delaunay_k": 5, "edge_set": "Delaunay5" }, "geometry": { "type": "LineString", "coordinates": [ [ 8.596802, 60.357527 ], [ 18.639679, 66.970387 ] ] } },
{ "type": "Feature", "properties": { "voltage_kv": 380.0, "from_node": 20, "to_node": 130, "length_km": 902.22629550925762, "delaunay_k": 5, "edge_set": "Delaunay5" }, "geometry": { "type": "LineString", "coordinates": [ [ 8.596802, 60.357527 ], [ 20.429077, 66.505049 ] ] } },
{ "type": "Feature", "properties": { "voltage_kv": 380.0, "from_node": 21, "to_node": 64, "length_km": 759.58952086236138, "delaunay_k": 5, "edge_set": "Delaunay5" }, "geometry": { "type": "LineString", "coordinates": [ [ 9.026642, 60.232994 ], [ 13.807068, 66.707884 ] ] } },
{ "type": "Feature", "properties": { "voltage_kv": 380.0, "from_node": 21, "to_node": 66, "length_km": 721.94105081947919, "delaunay_k": 5, "edge_set": "Delaunay5" }, "geometry": { "type": "LineString", "coordinates": [ [ 9.026642, 60.232994 ], [ 14.191589, 66.282328 ] ] } },
{ "type": "Feature", "properties": { "voltage_kv": 380.0, "from_node": 21, "to_node": 92, "length_km": 540.85805626980971, "delaunay_k": 5, "edge_set": "Delaunay5" }, "geometry": { "type": "LineString", "coordinates": [ [ 9.026642, 60.232994 ], [ 16.663513, 63.486702 ] ] } },
{ "type": "Feature", "properties": { "voltage_kv": 380.0, "from_node": 21, "to_node": 93, "length_km": 557.00681117312058, "delaunay_k": 5, "edge_set": "Delaunay5" }, "geometry": { "type": "LineString", "coordinates": [ [ 9.026642, 60.232994 ], [ 16.791229, 63.646259 ] ] } },
{ "type": "Feature", "properties": { "voltage_kv": 380.0, "from_node": 21, "to_node": 95, "length_km": 555.32274311295771, "delaunay_k": 5, "edge_set": "Delaunay5" }, "geometry": { "type": "LineString", "coordinates": [ [ 9.026642, 60.232994 ], [ 16.923065, 63.549164 ] ] } },
{ "type": "Feature", "properties": { "voltage_kv": 380.0, "from_node": 21, "to_node": 100, "length_km": 690.03116631595992, "delaunay_k": 5, "edge_set": "Delaunay5" }, "geometry": { "type": "LineString", "coordinates": [ [ 9.026642, 60.232994 ], [ 17.049408, 65.221045 ] ] } },
{ "type": "Feature", "properties": { "voltage_kv": 380.0, "from_node": 21, "to_node": 103, "length_km": 474.23259249497642, "delaunay_k": 5, "edge_set": "Delaunay5" }, "geometry": { "type": "LineString", "coordinates": [ [ 9.026642, 60.232994 ], [ 17.218323, 59.22234 ] ] } },
{ "type": "Feature", "properties": { "voltage_kv": 380.0, "from_node": 21, "to_node": 107, "length_km": 686.74582023031917, "delaunay_k": 5, "edge_set": "Delaunay5" }, "geometry": { "type": "LineString", "coordinates": [ [ 9.026642, 60.232994 ], [ 17.541046, 64.996778 ] ] } },
{ "type": "Feature", "properties": { "voltage_kv": 380.0, "from_node": 21, "to_node": 109, "length_km": 495.78706059511228, "delaunay_k": 5, "edge_set": "Delaunay5" }, "geometry": { "type": "LineString", "coordinates": [ [ 9.026642, 60.232994 ], [ 17.683868, 59.349996 ] ] } },
{ "type": "Feature", "properties": { "voltage_kv": 380.0, "from_node": 21, "to_node": 116, "length_km": 502.81312022512583, "delaunay_k": 5, "edge_set": "Delaunay5" }, "geometry": { "type": "LineString", "coordinates": [ [ 9.026642, 60.232994 ], [ 18.123322, 60.430121 ] ] } },
{ "type": "Feature", "properties": { "voltage_kv": 380.0, "from_node": 21, "to_node": 117, "length_km": 517.30946630078472, "delaunay_k": 5, "edge_set": "Delaunay5" }, "geometry": { "type": "LineString", "coordinates": [ [ 9.026642, 60.232994 ], [ 18.135681, 59.473686 ] ] } },
{ "type": "Feature", "properties": { "voltage_kv": 380.0, "from_node": 21, "to_node": 118, "length_km": 512.94188014612803, "delaunay_k": 5, "edge_set": "Delaunay5" }, "geometry": { "type": "LineString", "coordinates": [ [ 9.026642, 60.232994 ], [ 18.233185, 59.961198 ] ] } },
{ "type": "Feature", "properties": { "voltage_kv": 380.0, "from_node": 21, "to_node": 119, "length_km": 599.8887987261129, "delaunay_k": 5, "edge_set": "Delaunay5" }, "geometry": { "type": "LineString", "coordinates": [ [ 9.026642, 60.232994 ], [ 18.242798, 63.401361 ] ] } },
{ "type": "Feature", "properties": { "voltage_kv": 380.0, "from_node": 21, "to_node": 121, "length_km": 887.83248479349186, "delaunay_k": 5, "edge_set": "Delaunay5" }, "geometry": { "type": "LineString", "coordinates": [ [ 9.026642, 60.232994 ], [ 18.639679, 66.970387 ] ] } },
{ "type": "Feature", "properties": { "voltage_kv": 380.0, "from_node": 21, "to_node": 130, "length_km": 900.01817415915434, "delaunay_k": 5, "edge_set": "Delaunay5" }, "geometry": { "type": "LineString", "coordinates": [ [ 9.026642, 60.232994 ], [ 20.429077, 66.505049 ] ] } },
{ "type": "Feature", "properties": { "voltage_kv": 380.0, "from_node": 22, "to_node": 63, "length_km": 793.48460753577615, "delaunay_k": 5, "edge_set": "Delaunay5" }, "geometry": { "type": "LineString", "coordinates": [ [ 9.593811, 59.282019 ], [ 13.763123, 66.142743 ] ] } },
{ "type": "Feature", "properties": { "voltage_kv": 380.0, "from_node": 22, "to_node": 85, "length_km": 583.46288962226913, "delaunay_k": 5, "edge_set": "Delaunay5" }, "geometry": { "type": "LineString", "coordinates": [ [ 9.593811, 59.282019 ], [ 15.846405, 63.582177 ] ] } },
{ "type": "Feature", "properties": { "voltage_kv": 380.0, "from_node": 22, "to_node": 89, "length_km": 591.18753187016023, "delaunay_k": 5, "edge_set": "Delaunay5" }, "geometry": { "type": "LineString", "coordinates": [ [ 9.593811, 59.282019 ], [ 16.254272, 63.524685 ] ] } },
{ "type": "Feature", "properties": { "voltage_kv": 380.0, "from_node": 22, "to_node": 94, "length_km": 768.84066635973818, "delaunay_k": 5, "edge_set": "Delaunay5" }, "geometry": { "type": "LineString", "coordinates": [ [ 9.593811, 59.282019 ], [ 16.876373, 65.299207 ] ] } },
{ "type": "Feature", "properties": { "voltage_kv": 380.0, "from_node": 22, "to_node": 98, "length_km": 542.15954340657504, "delaunay_k": 5, "edge_set": "Delaunay5" }, "geometry": { "type": "LineString", "coordinates": [ [ 9.593811, 59.282019 ], [ 17.024689, 62.540828 ] ] } },
{ "type": "Feature", "properties": { "voltage_kv": 380.0, "from_node": 22, "to_node": 102, "length_km": 594.90771136492856, "delaunay_k": 5, "edge_set": "Delaunay5" }, "geometry": { "type": "LineString", "coordinates": [ [ 9.593811, 59.282019 ], [ 17.167511, 63.184727 ] ] } },
{ "type": "Feature", "properties": { "voltage_kv": 380.0, "from_node": 22, "to_node": 106, "length_km": 554.89383071221721, "delaunay_k": 5, "edge_set": "Delaunay5" }, "geometry": { "type": "LineString", "coordinates": [ [ 9.593811, 59.282019 ], [ 17.468262, 62.460297 ] ] } },
{ "type": "Feature", "properties": { "voltage_kv": 380.0, "from_node": 22, "to_node": 111, "length_km": 477.01616991726598, "delaunay_k": 5, "edge_set": "Delaunay5" }, "geometry": { "type": "LineString", "coordinates": [ [ 9.593811, 59.282019 ], [ 17.932434, 59.094909 ] ] } },
{ "type": "Feature", "properties": { "voltage_kv": 380.0, "from_node": 22, "to_node": 113, "length_km": 491.4883054611733, "delaunay_k": 5, "edge_set": "Delaunay5" }, "geometry": { "type": "LineString", "coordinates": [ [ 9.593811, 59.282019 ], [ 18.020325, 60.532293 ] ] } },
{ "type": "Feature", "properties": { "voltage_kv": 380.0, "from_node": 22, "to_node": 116, "length_km": 494.6667967626725, "delaunay_k": 5, "edge_set": "Delaunay5" }, "geometry": { "type": "LineString", "coordinates": [ [ 9.593811, 59.282019 ], [ 18.123322, 60.430121 ] ] } },
{ "type": "Feature", "properties": { "voltage_kv": 380.0, "from_node": 22, "to_node": 117, "length_km": 485.93465820932096, "delaunay_k": 5, "edge_set": "Delaunay5" }, "geometry": { "type": "LineString", "coordinates": [ [ 9.593811, 59.282019 ], [ 18.135681, 59.473686 ] ] } },
{ "type": "Feature", "properties": { "voltage_kv": 380.0, "from_node": 22, "to_node": 118, "length_km": 493.28713765314802, "delaunay_k": 5, "edge_set": "Delaunay5" }, "geometry": { "type": "LineString", "coordinates": [ [ 9.593811, 59.282019 ], [ 18.233185, 59.961198 ] ] } },
{ "type": "Feature", "properties": { "voltage_kv": 380.0, "from_node": 23, "to_node": 64, "length_km": 748.61596672340977, "delaunay_k": 5, "edge_set": "Delaunay5" }, "geometry": { "type": "LineString", "coordinates": [ [ 10.092316, 60.198203 ], [ 13.807068, 66.707884 ] ] } },
{ "type": "Feature", "properties": { "voltage_kv": 380.0, "from_node": 23, "to_node": 66, "length_km": 708.43648238422657, "delaunay_k": 5, "edge_set": "Delaunay5" }, "geometry": { "type": "LineString", "coordinates": [ [ 10.092316, 60.198203 ], [ 14.191589, 66.282328 ] ] } },
{ "type": "Feature", "properties": { "voltage_kv": 380.0, "from_node": 23, "to_node": 83, "length_km": 507.40028204011065, "delaunay_k": 5, "edge_set": "Delaunay5" }, "geometry": { "type": "LineString", "coordinates": [ [ 10.092316, 60.198203 ], [ 15.542908, 56.649432 ] ] } },
{ "type": "Feature", "properties": { "voltage_kv": 380.0, "from_node": 23, "to_node": 90, "length_km": 488.31203622918053, "delaunay_k": 5, "edge_set": "Delaunay5" }, "geometry": { "type": "LineString", "coordinates": [ [ 10.092316, 60.198203 ], [ 16.660767, 57.43682 ] ] } },
{ "type": "Feature", "properties": { "voltage_kv": 380.0, "from_node": 23, "to_node": 92, "length_km": 503.7187662536939, "delaunay_k": 5, "edge_set": "Delaunay5" }, "geometry": { "type": "LineString", "coordinates": [ [ 10.092316, 60.198203 ], [ 16.663513, 63.486702 ] ] } },
{ "type": "Feature", "properties": { "voltage_kv": 380.0, "from_node": 23, "to_node": 93, "length_km": 520.6649339194912, "delaunay_k": 5, "edge_set": "Delaunay5" }, "geometry": { "type": "LineString", "coordinates": [ [ 10.092316, 60.198203 ], [ 16.791229, 63.646259 ] ] } },
{ "type": "Feature", "properties": { "voltage_kv": 380.0, "from_node": 23, "to_node": 95, "length_km": 517.90665183009344, "delaunay_k": 5, "edge_set": "Delaunay5" }, "geometry": { "type": "LineString", "coordinates": [ [ 10.092316, 60.198203 ], [ 16.923065, 63.549164 ] ] } },
{ "type": "Feature", "properties": { "voltage_kv": 380.0, "from_node": 23, "to_node": 100, "length_km": 662.7687414887663, "delaunay_k": 5, "edge_set": "Delaunay5" }, "geometry": { "type": "LineString", "coordinates": [ [ 10.092316, 60.198203 ], [ 17.049408, 65.221045 ] ] } },
{ "type": "Feature", "properties": { "voltage_kv": 380.0, "from_node": 23, "to_node": 107, "length_km": 656.8852212028961, "delaunay_k": 5, "edge_set": "Delaunay5" }, "geometry": { "type": "LineString", "coordinates": [ [ 10.092316, 60.198203 ], [ 17.541046, 64.996778 ] ] } },
{ "type": "Feature", "properties": { "voltage_kv": 380.0, "from_node": 23, "to_node": 119, "length_km": 558.28512702593821, "delaunay_k": 5, "edge_set": "Delaunay5" }, "geometry": { "type": "LineString", "coordinates": [ [ 10.092316, 60.198203 ], [ 18.242798, 63.401361 ] ] } },
{ "type": "Feature", "properties": { "voltage_kv": 380.0, "from_node": 23, "to_node": 121, "length_km": 864.58951699016677, "delaunay_k": 5, "edge_set": "Delaunay5" }, "geometry": { "type": "LineString", "coordinates": [ [ 10.092316, 60.198203 ], [ 18.639679, 66.970387 ] ] } },
{ "type": "Feature", "properties": { "voltage_kv": 380.0, "from_node": 23, "to_node": 130, "length_km": 871.09710564106899, "delaunay_k": 5, "edge_set": "Delaunay5" }, "geometry": { "type": "LineString", "coordinates": [ [ 10.092316, 60.198203 ], [ 20.429077, 66.505049 ] ] } },
{ "type": "Feature", "properties": { "voltage_kv": 380.0, "from_node": 24, "to_node": 83, "length_km": 513.60559759536045, "delaunay_k": 5, "edge_set": "Delaunay5" }, "geometry": { "type": "LineString", "coordinates": [ [ 10.214539, 60.322868 ], [ 15.542908, 56.649432 ] ] } },
{ "type": "Feature", "properties": { "voltage_kv": 380.0, "from_node": 24, "to_node": 84, "length_km": 822.42942217585494, "delaunay_k": 5, "edge_set": "Delaunay5" }, "geometry": { "type": "LineString", "coordinates": [ [ 10.214539, 60.322868 ], [ 15.757141, 67.288485 ] ] } },
{ "type": "Feature", "properties": { "voltage_kv": 380.0, "from_node": 24, "to_node": 86, "length_km": 856.0228336253025, "delaunay_k": 5, "edge_set": "Delaunay5" }, "geometry": { "type": "LineString", "coordinates": [ [ 10.214539, 60.322868 ], [ 15.850525, 67.598233 ] ] } },
{ "type": "Feature", "properties": { "voltage_kv": 380.0, "from_node": 24, "to_node": 90, "length_km": 491.30261364859035, "delaunay_k": 5, "edge_set": "Delaunay5" }, "geometry": { "type": "LineString", "coordinates": [ [ 10.214539, 60.322868 ], [ 16.660767, 57.43682 ] ] } },
{ "type": "Feature", "properties": { "voltage_kv": 380.0, "from_node": 24, "to_node": 108, "length_km": 978.66215672753003, "delaunay_k": 5, "edge_set": "Delaunay5" }, "geometry": { "type": "LineString", "coordinates": [ [ 10.214539, 60.322868 ], [ 17.579498, 68.517173 ] ] } },
{ "type": "Feature", "properties": { "voltage_kv": 380.0, "from_node": 24, "to_node": 112, "length_km": 895.96882014036635, "delaunay_k": 5, "edge_set": "Delaunay5" }, "geometry": { "type": "LineString", "coordinates": [ [ 10.214539, 60.322868 ], [ 17.992859, 67.610267 ] ] } },
{ "type": "Feature", "properties": { "voltage_kv": 380.0, "from_node": 24, "to_node": 120, "length_km": 892.4395948835255, "delaunay_k": 5, "edge_set": "Delaunay5" }, "geometry": { "type": "LineString", "coordinates": [ [ 10.214539, 60.322868 ], [ 18.366394, 67.492803 ] ] } },
{ "type": "Feature", "properties": { "voltage_kv": 380.0, "from_node": 24, "to_node": 123, "length_km": 646.24398543191649, "delaunay_k": 5, "edge_set": "Delaunay5" }, "geometry": { "type": "LineString", "coordinates": [ [ 10.214539, 60.322868 ], [ 19.029694, 64.440225 ] ] } },
{ "type": "Feature", "properties": { "voltage_kv": 380.0, "from_node": 24, "to_node": 125, "length_km": 715.58073781828909, "delaunay_k": 5, "edge_set": "Delaunay5" }, "geometry": { "type": "LineString", "coordinates": [ [ 10.214539, 60.322868 ], [ 19.736938, 65.032742 ] ] } },
{ "type": "Feature", "properties": { "voltage_kv": 380.0, "from_node": 24, "to_node": 126, "length_km": 868.90277940060469, "delaunay_k": 5, "edge_set": "Delaunay5" }, "geometry": { "type": "LineString", "coordinates": [ [ 10.214539, 60.322868 ], [ 19.864655, 66.843267 ] ] } },
{ "type": "Feature", "properties": { "voltage_kv": 380.0, "from_node": 24, "to_node": 127, "length_km": 880.61295172202369, "delaunay_k": 5, "edge_set": "Delaunay5" }, "geometry": { "type": "LineString", "coordinates": [ [ 10.214539, 60.322868 ], [ 19.866028, 66.975221 ] ] } },
{ "type": "Feature", "properties": { "voltage_kv": 380.0, "from_node": 24, "to_node": 128, "length_km": 863.70289431256356, "delaunay_k": 5, "edge_set": "Delaunay5" }, "geometry": { "type": "LineString", "coordinates": [ [ 10.214539, 60.322868 ], [ 20.037689, 66.729595 ] ] } },
{ "type": "Feature", "properties": { "voltage_kv": 380.0, "from_node": 24, "to_node": 129, "length_km": 649.00147146488575, "delaunay_k": 5, "edge_set": "Delaunay5" }, "geometry": { "type": "LineString", "coordinates": [ [ 10.214539, 60.322868 ], [ 20.047302, 63.896314 ] ] } },
{ "type": "Feature", "properties": { "voltage_kv": 380.0, "from_node": 24, "to_node": 131, "length_km": 870.27044559475735, "delaunay_k": 5, "edge_set": "Delaunay5" }, "geometry": { "type": "LineString", "coordinates": [ [ 10.214539, 60.322868 ], [ 20.452423, 66.669299 ] ] } },
{ "type": "Feature", "properties": { "voltage_kv": 380.0, "from_node": 24, "to_node": 135, "length_km": 841.3015542599212, "delaunay_k": 5, "edge_set": "Delaunay5" }, "geometry": { "type": "LineString", "coordinates": [ [ 10.214539, 60.322868 ], [ 21.656799, 65.826407 ] ] } },
{ "type": "Feature", "properties": { "voltage_kv": 380.0, "from_node": 24, "to_node": 145, "length_km": 899.16606244196714, "delaunay_k": 5, "edge_set": "Delaunay5" }, "geometry": { "type": "LineString", "coordinates": [ [ 10.214539, 60.322868 ], [ 23.072662, 65.938074 ] ] } },
{ "type": "Feature", "properties": { "voltage_kv": 380.0, "from_node": 25, "to_node": 63, "length_km": 718.90558371166833, "delaunay_k": 5, "edge_set": "Delaunay5" }, "geometry": { "type": "LineString", "coordinates": [ [ 10.288696, 59.88687 ], [ 13.763123, 66.142743 ] ] } },
{ "type": "Feature", "properties": { "voltage_kv": 380.0, "from_node": 25, "to_node": 83, "length_km": 474.29202239024175, "delaunay_k": 5, "edge_set": "Delaunay5" }, "geometry": { "type": "LineString", "coordinates": [ [ 10.288696, 59.88687 ], [ 15.542908, 56.649432 ] ] } },
{ "type": "Feature", "properties": { "voltage_kv": 380.0, "from_node": 25, "to_node": 85, "length_km": 505.53771940408615, "delaunay_k": 5, "edge_set": "Delaunay5" }, "geometry": { "type": "LineString", "coordinates": [ [ 10.288696, 59.88687 ], [ 15.846405, 63.582177 ] ] } },
{ "type": "Feature", "properties": { "voltage_kv": 380.0, "from_node": 25, "to_node": 89, "length_km": 513.42991349618831, "delaunay_k": 5, "edge_set": "Delaunay5" }, "geometry": { "type": "LineString", "coordinates": [ [ 10.288696, 59.88687 ], [ 16.254272, 63.524685 ] ] } },
{ "type": "Feature", "properties": { "voltage_kv": 380.0, "from_node": 25, "to_node": 94, "length_km": 691.0319538028898, "delaunay_k": 5, "edge_set": "Delaunay5" }, "geometry": { "type": "LineString", "coordinates": [ [ 10.288696, 59.88687 ], [ 16.876373, 65.299207 ] ] } },
{ "type": "Feature", "properties": { "voltage_kv": 380.0, "from_node": 25, "to_node": 102, "length_km": 518.24287855526813, "delaunay_k": 5, "edge_set": "Delaunay5" }, "geometry": { "type": "LineString", "coordinates": [ [ 10.288696, 59.88687 ], [ 17.167511, 63.184727 ] ] } },
{ "type": "Feature", "properties": { "voltage_kv": 380.0, "from_node": 25, "to_node": 119, "length_km": 574.97755732619964, "delaunay_k": 5, "edge_set": "Delaunay5" }, "geometry": { "type": "LineString", "coordinates": [ [ 10.288696, 59.88687 ], [ 18.242798, 63.401361 ] ] } },
{ "type": "Feature", "properties": { "voltage_kv": 380.0, "from_node": 26, "to_node": 34, "length_km": 503.36742823328484, "delaunay_k": 5, "edge_set": "Delaunay5" }, "geometry": { "type": "LineString", "coordinates": [ [ 10.457611, 63.276888 ], [ 11.629028, 58.795248 ] ] } },
{ "type": "Feature", "properties": { "voltage_kv": 380.0, "from_node": 26, "to_node": 44, "length_km": 563.0111434260358, "delaunay_k": 5, "edge_set": "Delaunay5" }, "geometry": { "type": "LineString", "coordinates": [ [ 10.457611, 63.276888 ], [ 12.299194, 58.304438 ] ] } },
{ "type": "Feature", "properties": { "voltage_kv": 380.0, "from_node": 26, "to_node": 65, "length_km": 557.1224402853029, "delaunay_k": 5, "edge_set": "Delaunay5" }, "geometry": { "type": "LineString", "coordinates": [ [ 10.457611, 63.276888 ], [ 13.878479, 58.56109 ] ] } },
{ "type": "Feature", "properties": { "voltage_kv": 380.0, "from_node": 26, "to_node": 75, "length_km": 533.49676987574946, "delaunay_k": 5, "edge_set": "Delaunay5" }, "geometry": { "type": "LineString", "coordinates": [ [ 10.457611, 63.276888 ], [ 15.125427, 59.05115 ] ] } },
{ "type": "Feature", "properties": { "voltage_kv": 380.0, "from_node": 26, "to_node": 76, "length_km": 522.78116908472214, "delaunay_k": 5, "edge_set": "Delaunay5" }, "geometry": { "type": "LineString", "coordinates": [ [ 10.457611, 63.276888 ], [ 15.184479, 59.173817 ] ] } },
{ "type": "Feature", "properties": { "voltage_kv": 380.0, "from_node": 26, "to_node": 80, "length_km": 495.26904535040279, "delaunay_k": 5, "edge_set": "Delaunay5" }, "geometry": { "type": "LineString", "coordinates": [ [ 10.457611, 63.276888 ], [ 15.231171, 59.466013 ] ] } },
{ "type": "Feature", "properties": { "voltage_kv": 380.0, "from_node": 26, "to_node": 105, "length_km": 539.42148154517452, "delaunay_k": 5, "edge_set": "Delaunay5" }, "geometry": { "type": "LineString", "coordinates": [ [ 10.457611, 63.276888 ], [ 17.329559, 59.716945 ] ] } },
{ "type": "Feature", "properties": { "voltage_kv": 380.0, "from_node": 26, "to_node": 113, "length_km": 501.29467923415388, "delaunay_k": 5, "edge_set": "Delaunay5" }, "geometry": { "type": "LineString", "coordinates": [ [ 10.457611, 63.276888 ], [ 18.020325, 60.532293 ] ] } },
{ "type": "Feature", "properties": { "voltage_kv": 380.0, "from_node": 26, "to_node": 124, "length_km": 766.89665377520532, "delaunay_k": 5, "edge_set": "Delaunay5" }, "geometry": { "type": "LineString", "coordinates": [ [ 10.457611, 63.276888 ], [ 19.24942, 69.183065 ] ] } },
{ "type": "Feature", "properties": { "voltage_kv": 380.0, "from_node": 26, "to_node": 129, "length_km": 480.9994585839371, "delaunay_k": 5, "edge_set": "Delaunay5" }, "geometry": { "type": "LineString", "coordinates": [ [ 10.457611, 63.276888 ], [ 20.047302, 63.896314 ] ] } },
{ "type": "Feature", "properties": { "voltage_kv": 380.0, "from_node": 26, "to_node": 132, "length_km": 564.14008429358762, "delaunay_k": 5, "edge_set": "Delaunay5" }, "geometry": { "type": "LineString", "coordinates": [ [ 10.457611, 63.276888 ], [ 21.169281, 65.270498 ] ] } },
{ "type": "Feature", "properties": { "voltage_kv": 380.0, "from_node": 26, "to_node": 153, "length_km": 724.77211196336884, "delaunay_k": 5, "edge_set": "Delaunay5" }, "geometry": { "type": "LineString", "coordinates": [ [ 10.457611, 63.276888 ], [ 24.411621, 65.781941 ] ] } },
{ "type": "Feature", "properties": { "voltage_kv": 380.0, "from_node": 26, "to_node": 155, "length_km": 736.61679134882263, "delaunay_k": 5, "edge_set": "Delaunay5" }, "geometry": { "type": "LineString", "coordinates": [ [ 10.457611, 63.276888 ], [ 24.612122, 65.877531 ] ] } },
{ "type": "Feature", "properties": { "voltage_kv": 380.0, "from_node": 26, "to_node": 163, "length_km": 785.14845974107971, "delaunay_k": 5, "edge_set": "Delaunay5" }, "geometry": { "type": "LineString", "coordinates": [ [ 10.457611, 63.276888 ], [ 25.415497, 66.285642 ] ] } },
{ "type": "Feature", "properties": { "voltage_kv": 380.0, "from_node": 27, "to_node": 106, "length_km": 483.25989402622156, "delaunay_k": 5, "edge_set": "Delaunay5" }, "geometry": { "type": "LineString", "coordinates": [ [ 10.780334, 59.580242 ], [ 17.468262, 62.460297 ] ] } },
{ "type": "Feature", "properties": { "voltage_kv": 380.0, "from_node": 28, "to_node": 63, "length_km": 730.91048388746708, "delaunay_k": 5, "edge_set": "Delaunay5" }, "geometry": { "type": "LineString", "coordinates": [ [ 10.82428, 59.721792 ], [ 13.763123, 66.142743 ] ] } },
{ "type": "Feature", "properties": { "voltage_kv": 380.0, "from_node": 28, "to_node": 85, "length_km": 505.63395974032323, "delaunay_k": 5, "edge_set": "Delaunay5" }, "geometry": { "type": "LineString", "coordinates": [ [ 10.82428, 59.721792 ], [ 15.846405, 63.582177 ] ] } },
{ "type": "Feature", "properties": { "voltage_kv": 380.0, "from_node": 28, "to_node": 89, "length_km": 512.14051337097294, "delaunay_k": 5, "edge_set": "Delaunay5" }, "geometry": { "type": "LineString", "coordinates": [ [ 10.82428, 59.721792 ], [ 16.254272, 63.524685 ] ] } },
{ "type": "Feature", "properties": { "voltage_kv": 380.0, "from_node": 28, "to_node": 94, "length_km": 694.89515006541023, "delaunay_k": 5, "edge_set": "Delaunay5" }, "geometry": { "type": "LineString", "coordinates": [ [ 10.82428, 59.721792 ], [ 16.876373, 65.299207 ] ] } },
{ "type": "Feature", "properties": { "voltage_kv": 380.0, "from_node": 28, "to_node": 102, "length_km": 512.90261121538504, "delaunay_k": 5, "edge_set": "Delaunay5" }, "geometry": { "type": "LineString", "coordinates": [ [ 10.82428, 59.721792 ], [ 17.167511, 63.184727 ] ] } },
{ "type": "Feature", "properties": { "voltage_kv": 380.0, "from_node": 28, "to_node": 119, "length_km": 568.44598345728502, "delaunay_k": 5, "edge_set": "Delaunay5" }, "geometry": { "type": "LineString", "coordinates": [ [ 10.82428, 59.721792 ], [ 18.242798, 63.401361 ] ] } },
{ "type": "Feature", "properties": { "voltage_kv": 380.0, "from_node": 29, "to_node": 64, "length_km": 766.69936922386137, "delaunay_k": 5, "edge_set": "Delaunay5" }, "geometry": { "type": "LineString", "coordinates": [ [ 10.839386, 59.958448 ], [ 13.807068, 66.707884 ] ] } },
{ "type": "Feature", "properties": { "voltage_kv": 380.0, "from_node": 29, "to_node": 66, "length_km": 724.68007894742823, "delaunay_k": 5, "edge_set": "Delaunay5" }, "geometry": { "type": "LineString", "coordinates": [ [ 10.839386, 59.958448 ], [ 14.191589, 66.282328 ] ] } },
{ "type": "Feature", "properties": { "voltage_kv": 380.0, "from_node": 29, "to_node": 74, "length_km": 483.19645059312586, "delaunay_k": 5, "edge_set": "Delaunay5" }, "geometry": { "type": "LineString", "coordinates": [ [ 10.839386, 59.958448 ], [ 14.845276, 56.173846 ] ] } },
{ "type": "Feature", "properties": { "voltage_kv": 380.0, "from_node": 29, "to_node": 92, "length_km": 499.15978951129563, "delaunay_k": 5, "edge_set": "Delaunay5" }, "geometry": { "type": "LineString", "coordinates": [ [ 10.839386, 59.958448 ], [ 16.663513, 63.486702 ] ] } },
{ "type": "Feature", "properties": { "voltage_kv": 380.0, "from_node": 29, "to_node": 93, "length_km": 516.83436540730122, "delaunay_k": 5, "edge_set": "Delaunay5" }, "geometry": { "type": "LineString", "coordinates": [ [ 10.839386, 59.958448 ], [ 16.791229, 63.646259 ] ] } },
{ "type": "Feature", "properties": { "voltage_kv": 380.0, "from_node": 29, "to_node": 95, "length_km": 512.9135513524908, "delaunay_k": 5, "edge_set": "Delaunay5" }, "geometry": { "type": "LineString", "coordinates": [ [ 10.839386, 59.958448 ], [ 16.923065, 63.549164 ] ] } },
{ "type": "Feature", "properties": { "voltage_kv": 380.0, "from_node": 29, "to_node": 100, "length_km": 667.18901388747156, "delaunay_k": 5, "edge_set": "Delaunay5" }, "geometry": { "type": "LineString", "coordinates": [ [ 10.839386, 59.958448 ], [ 17.049408, 65.221045 ] ] } },
{ "type": "Feature", "properties": { "voltage_kv": 380.0, "from_node": 29, "to_node": 107, "length_km": 658.82059398599461, "delaunay_k": 5, "edge_set": "Delaunay5" }, "geometry": { "type": "LineString", "coordinates": [ [ 10.839386, 59.958448 ], [ 17.541046, 64.996778 ] ] } },
{ "type": "Feature", "properties": { "voltage_kv": 380.0, "from_node": 29, "to_node": 121, "length_km": 871.86780580377547, "delaunay_k": 5, "edge_set": "Delaunay5" }, "geometry": { "type": "LineString", "coordinates": [ [ 10.839386, 59.958448 ], [ 18.639679, 66.970387 ] ] } },
{ "type": "Feature", "properties": { "voltage_kv": 380.0, "from_node": 29, "to_node": 123, "length_km": 656.03691275801589, "delaunay_k": 5, "edge_set": "Delaunay5" }, "geometry": { "type": "LineString", "coordinates": [ [ 10.839386, 59.958448 ], [ 19.029694, 64.440225 ] ] } },
{ "type": "Feature", "properties": { "voltage_kv": 380.0, "from_node": 29, "to_node": 129, "length_km": 652.40759889452215, "delaunay_k": 5, "edge_set": "Delaunay5" }, "geometry": { "type": "LineString", "coordinates": [ [ 10.839386, 59.958448 ], [ 20.047302, 63.896314 ] ] } },
{ "type": "Feature", "properties": { "voltage_kv": 380.0, "from_node": 29, "to_node": 130, "length_km": 873.03069063005125, "delaunay_k": 5, "edge_set": "Delaunay5" }, "geometry": { "type": "LineString", "coordinates": [ [ 10.839386, 59.958448 ], [ 20.429077, 66.505049 ] ] } },
{ "type": "Feature", "properties": { "voltage_kv": 380.0, "from_node": 31, "to_node": 63, "length_km": 771.93605140012392, "delaunay_k": 5, "edge_set": "Delaunay5" }, "geometry": { "type": "LineString", "coordinates": [ [ 11.181335, 59.317776 ], [ 13.763123, 66.142743 ] ] } },
{ "type": "Feature", "properties": { "voltage_kv": 380.0, "from_node": 31, "to_node": 85, "length_km": 536.20627952416237, "delaunay_k": 5, "edge_set": "Delaunay5" }, "geometry": { "type": "LineString", "coordinates": [ [ 11.181335, 59.317776 ], [ 15.846405, 63.582177 ] ] } },
{ "type": "Feature", "properties": { "voltage_kv": 380.0, "from_node": 31, "to_node": 89, "length_km": 541.17419345110602, "delaunay_k": 5, "edge_set": "Delaunay5" }, "geometry": { "type": "LineString", "coordinates": [ [ 11.181335, 59.317776 ], [ 16.254272, 63.524685 ] ] } },
{ "type": "Feature", "properties": { "voltage_kv": 380.0, "from_node": 31, "to_node": 94, "length_km": 728.65691893334201, "delaunay_k": 5, "edge_set": "Delaunay5" }, "geometry": { "type": "LineString", "coordinates": [ [ 11.181335, 59.317776 ], [ 16.876373, 65.299207 ] ] } },
{ "type": "Feature", "properties": { "voltage_kv": 380.0, "from_node": 31, "to_node": 102, "length_km": 537.2498041098487, "delaunay_k": 5, "edge_set": "Delaunay5" }, "geometry": { "type": "LineString", "coordinates": [ [ 11.181335, 59.317776 ], [ 17.167511, 63.184727 ] ] } },
{ "type": "Feature", "properties": { "voltage_kv": 380.0, "from_node": 31, "to_node": 119, "length_km": 591.01685456092093, "delaunay_k": 5, "edge_set": "Delaunay5" }, "geometry": { "type": "LineString", "coordinates": [ [ 11.181335, 59.317776 ], [ 18.242798, 63.401361 ] ] } },
{ "type": "Feature", "properties": { "voltage_kv": 380.0, "from_node": 33, "to_node": 51, "length_km": 473.62856441829354, "delaunay_k": 5, "edge_set": "Delaunay5" }, "geometry": { "type": "LineString", "coordinates": [ [ 11.409302, 59.147769 ], [ 12.568359, 63.361367 ] ] } },
{ "type": "Feature", "properties": { "voltage_kv": 380.0, "from_node": 33, "to_node": 63, "length_km": 788.82233376328952, "delaunay_k": 5, "edge_set": "Delaunay5" }, "geometry": { "type": "LineString", "coordinates": [ [ 11.409302, 59.147769 ], [ 13.763123, 66.142743 ] ] } },
{ "type": "Feature", "properties": { "voltage_kv": 380.0, "from_node": 33, "to_node": 85, "length_km": 547.9976079692201, "delaunay_k": 5, "edge_set": "Delaunay5" }, "geometry": { "type": "LineString", "coordinates": [ [ 11.409302, 59.147769 ], [ 15.846405, 63.582177 ] ] } },
{ "type": "Feature", "properties": { "voltage_kv": 380.0, "from_node": 33, "to_node": 89, "length_km": 552.20423390277824, "delaunay_k": 5, "edge_set": "Delaunay5" }, "geometry": { "type": "LineString", "coordinates": [ [ 11.409302, 59.147769 ], [ 16.254272, 63.524685 ] ] } },
{ "type": "Feature", "properties": { "voltage_kv": 380.0, "from_node": 33, "to_node": 94, "length_km": 741.76626423794369, "delaunay_k": 5, "edge_set": "Delaunay5" }, "geometry": { "type": "LineString", "coordinates": [ [ 11.409302, 59.147769 ], [ 16.876373, 65.299207 ] ] } },
{ "type": "Feature", "properties": { "voltage_kv": 380.0, "from_node": 33, "to_node": 102, "length_km": 546.02399888800517, "delaunay_k": 5, "edge_set": "Delaunay5" }, "geometry": { "type": "LineString", "coordinates": [ [ 11.409302, 59.147769 ], [ 17.167511, 63.184727 ] ] } },
{ "type": "Feature", "properties": { "voltage_kv": 380.0, "from_node": 33, "to_node": 119, "length_km": 598.81997677469224, "delaunay_k": 5, "edge_set": "Delaunay5" }, "geometry": { "type": "LineString", "coordinates": [ [ 11.409302, 59.147769 ], [ 18.242798, 63.401361 ] ] } },
{ "type": "Feature", "properties": { "voltage_kv": 380.0, "from_node": 34, "to_node": 51, "length_km": 511.32295258064727, "delaunay_k": 5, "edge_set": "Delaunay5" }, "geometry": { "type": "LineString", "coordinates": [ [ 11.629028, 58.795248 ], [ 12.568359, 63.361367 ] ] } },
{ "type": "Feature", "properties": { "voltage_kv": 380.0, "from_node": 34, "to_node": 63, "length_km": 826.19608766813872, "delaunay_k": 5, "edge_set": "Delaunay5" }, "geometry": { "type": "LineString", "coordinates": [ [ 11.629028, 58.795248 ], [ 13.763123, 66.142743 ] ] } },
{ "type": "Feature", "properties": { "voltage_kv": 380.0, "from_node": 34, "to_node": 85, "length_km": 579.48141470681935, "delaunay_k": 5, "edge_set": "Delaunay5" }, "geometry": { "type": "LineString", "coordinates": [ [ 11.629028, 58.795248 ], [ 15.846405, 63.582177 ] ] } },
{ "type": "Feature", "properties": { "voltage_kv": 380.0, "from_node": 34, "to_node": 89, "length_km": 582.67861797766614, "delaunay_k": 5, "edge_set": "Delaunay5" }, "geometry": { "type": "LineString", "coordinates": [ [ 11.629028, 58.795248 ], [ 16.254272, 63.524685 ] ] } },
{ "type": "Feature", "properties": { "voltage_kv": 380.0, "from_node": 34, "to_node": 94, "length_km": 774.68159339419549, "delaunay_k": 5, "edge_set": "Delaunay5" }, "geometry": { "type": "LineString", "coordinates": [ [ 11.629028, 58.795248 ], [ 16.876373, 65.299207 ] ] } },
{ "type": "Feature", "properties": { "voltage_kv": 380.0, "from_node": 34, "to_node": 102, "length_km": 573.42736082638055, "delaunay_k": 5, "edge_set": "Delaunay5" }, "geometry": { "type": "LineString", "coordinates": [ [ 11.629028, 58.795248 ], [ 17.167511, 63.184727 ] ] } },
{ "type": "Feature", "properties": { "voltage_kv": 380.0, "from_node": 34, "to_node": 119, "length_km": 624.70919832126572, "delaunay_k": 5, "edge_set": "Delaunay5" }, "geometry": { "type": "LineString", "coordinates": [ [ 11.629028, 58.795248 ], [ 18.242798, 63.401361 ] ] } },
{ "type": "Feature", "properties": { "voltage_kv": 380.0, "from_node": 35, "to_node": 37, "length_km": 591.71791464367186, "delaunay_k": 5, "edge_set": "Delaunay5" }, "geometry": { "type": "LineString", "coordinates": [ [ 11.727905, 63.035662 ], [ 11.954498, 57.726153 ] ] } },
{ "type": "Feature", "properties": { "voltage_kv": 380.0, "from_node": 35, "to_node": 43, "length_km": 565.76158099254235, "delaunay_k": 5, "edge_set": "Delaunay5" }, "geometry": { "type": "LineString", "coordinates": [ [ 11.727905, 63.035662 ], [ 12.244263, 57.964417 ] ] } },
{ "type": "Feature", "properties": { "voltage_kv": 380.0, "from_node": 35, "to_node": 47, "length_km": 582.7575186482045, "delaunay_k": 5, "edge_set": "Delaunay5" }, "geometry": { "type": "LineString", "coordinates": [ [ 11.727905, 63.035662 ], [ 12.407684, 57.816235 ] ] } },
{ "type": "Feature", "properties": { "voltage_kv": 380.0, "from_node": 35, "to_node": 60, "length_km": 619.51569459861071, "delaunay_k": 5, "edge_set": "Delaunay5" }, "geometry": { "type": "LineString", "coordinates": [ [ 11.727905, 63.035662 ], [ 13.414307, 57.53868 ] ] } },
{ "type": "Feature", "properties": { "voltage_kv": 380.0, "from_node": 35, "to_node": 67, "length_km": 607.82393149673817, "delaunay_k": 5, "edge_set": "Delaunay5" }, "geometry": { "type": "LineString", "coordinates": [ [ 11.727905, 63.035662 ], [ 14.197083, 57.718819 ] ] } },
{ "type": "Feature", "properties": { "voltage_kv": 380.0, "from_node": 35, "to_node": 70, "length_km": 604.90221960193253, "delaunay_k": 5, "edge_set": "Delaunay5" }, "geometry": { "type": "LineString", "coordinates": [ [ 11.727905, 63.035662 ], [ 14.625549, 57.798676 ] ] } },
{ "type": "Feature", "properties": { "voltage_kv": 380.0, "from_node": 35, "to_node": 78, "length_km": 562.28875760814185, "delaunay_k": 5, "edge_set": "Delaunay5" }, "geometry": { "type": "LineString", "coordinates": [ [ 11.727905, 63.035662 ], [ 15.195465, 58.28423 ] ] } },
{ "type": "Feature", "properties": { "voltage_kv": 380.0, "from_node": 35, "to_node": 87, "length_km": 536.24104211999315, "delaunay_k": 5, "edge_set": "Delaunay5" }, "geometry": { "type": "LineString", "coordinates": [ [ 11.727905, 63.035662 ], [ 16.035919, 58.70477 ] ] } },
{ "type": "Feature", "properties": { "voltage_kv": 380.0, "from_node": 35, "to_node": 91, "length_km": 524.24018181254507, "delaunay_k": 5, "edge_set": "Delaunay5" }, "geometry": { "type": "LineString", "coordinates": [ [ 11.727905, 63.035662 ], [ 16.660767, 58.984699 ] ] } },
{ "type": "Feature", "properties": { "voltage_kv": 380.0, "from_node": 35, "to_node": 103, "length_km": 517.65069609308171, "delaunay_k": 5, "edge_set": "Delaunay5" }, "geometry": { "type": "LineString", "coordinates": [ [ 11.727905, 63.035662 ], [ 17.218323, 59.22234 ] ] } },
{ "type": "Feature", "properties": { "voltage_kv": 380.0, "from_node": 35, "to_node": 104, "length_km": 625.75261881416327, "delaunay_k": 5, "edge_set": "Delaunay5" }, "geometry": { "type": "LineString", "coordinates": [ [ 11.727905, 63.035662 ], [ 17.288361, 68.158786 ] ] } },
{ "type": "Feature", "properties": { "voltage_kv": 380.0, "from_node": 35, "to_node": 109, "length_km": 520.69806951185137, "delaunay_k": 5, "edge_set": "Delaunay5" }, "geometry": { "type": "LineString", "coordinates": [ [ 11.727905, 63.035662 ], [ 17.683868, 59.349996 ] ] } },
{ "type": "Feature", "properties": { "voltage_kv": 380.0, "from_node": 35, "to_node": 117, "length_km": 525.05293874273275, "delaunay_k": 5, "edge_set": "Delaunay5" }, "geometry": { "type": "LineString", "coordinates": [ [ 11.727905, 63.035662 ], [ 18.135681, 59.473686 ] ] } },
{ "type": "Feature", "properties": { "voltage_kv": 380.0, "from_node": 35, "to_node": 118, "length_km": 487.13449781420837, "delaunay_k": 5, "edge_set": "Delaunay5" }, "geometry": { "type": "LineString", "coordinates": [ [ 11.727905, 63.035662 ], [ 18.233185, 59.961198 ] ] } },
{ "type": "Feature", "properties": { "voltage_kv": 380.0, "from_node": 35, "to_node": 122, "length_km": 742.61389088999545, "delaunay_k": 5, "edge_set": "Delaunay5" }, "geometry": { "type": "LineString", "coordinates": [ [ 11.727905, 63.035662 ], [ 18.864899, 69.038124 ] ] } },
{ "type": "Feature", "properties": { "voltage_kv": 380.0, "from_node": 35, "to_node": 124, "length_km": 764.25769435353254, "delaunay_k": 5, "edge_set": "Delaunay5" }, "geometry": { "type": "LineString", "coordinates": [ [ 11.727905, 63.035662 ], [ 19.24942, 69.183065 ] ] } },
{ "type": "Feature", "properties": { "voltage_kv": 380.0, "from_node": 35, "to_node": 132, "length_km": 522.40495353873462, "delaunay_k": 5, "edge_set": "Delaunay5" }, "geometry": { "type": "LineString", "coordinates": [ [ 11.727905, 63.035662 ], [ 21.169281, 65.270498 ] ] } },
{ "type": "Feature", "properties": { "voltage_kv": 380.0, "from_node": 35, "to_node": 153, "length_km": 683.29582212679588, "delaunay_k": 5, "edge_set": "Delaunay5" }, "geometry": { "type": "LineString", "coordinates": [ [ 11.727905, 63.035662 ], [ 24.411621, 65.781941 ] ] } },
{ "type": "Feature", "properties": { "voltage_kv": 380.0, "from_node": 35, "to_node": 155, "length_km": 695.70851532955703, "delaunay_k": 5, "edge_set": "Delaunay5" }, "geometry": { "type": "LineString", "coordinates": [ [ 11.727905, 63.035662 ], [ 24.612122, 65.877531 ] ] } },
{ "type": "Feature", "properties": { "voltage_kv": 380.0, "from_node": 35, "to_node": 163, "length_km": 746.61021519241638, "delaunay_k": 5, "edge_set": "Delaunay5" }, "geometry": { "type": "LineString", "coordinates": [ [ 11.727905, 63.035662 ], [ 25.415497, 66.285642 ] ] } },
{ "type": "Feature", "properties": { "voltage_kv": 380.0, "from_node": 37, "to_node": 61, "length_km": 634.10007561670568, "delaunay_k": 5, "edge_set": "Delaunay5" }, "geometry": { "type": "LineString", "coordinates": [ [ 11.954498, 57.726153 ], [ 13.458252, 63.368755 ] ] } },
{ "type": "Feature", "properties": { "voltage_kv": 380.0, "from_node": 37, "to_node": 79, "length_km": 639.55031243377891, "delaunay_k": 5, "edge_set": "Delaunay5" }, "geometry": { "type": "LineString", "coordinates": [ [ 11.954498, 57.726153 ], [ 15.206451, 63.237956 ] ] } },
{ "type": "Feature", "properties": { "voltage_kv": 380.0, "from_node": 37, "to_node": 98, "length_km": 605.75415935830665, "delaunay_k": 5, "edge_set": "Delaunay5" }, "geometry": { "type": "LineString", "coordinates": [ [ 11.954498, 57.726153 ], [ 17.024689, 62.540828 ] ] } },
{ "type": "Feature", "properties": { "voltage_kv": 380.0, "from_node": 37, "to_node": 106, "length_km": 609.98919187396905, "delaunay_k": 5, "edge_set": "Delaunay5" }, "geometry": { "type": "LineString", "coordinates": [ [ 11.954498, 57.726153 ], [ 17.468262, 62.460297 ] ] } },
{ "type": "Feature", "properties": { "voltage_kv": 380.0, "from_node": 39, "to_node": 69, "length_km": 567.53658224439562, "delaunay_k": 5, "edge_set": "Delaunay5" }, "geometry": { "type": "LineString", "coordinates": [ [ 12.087708, 57.568888 ], [ 14.515686, 62.516121 ] ] } },
{ "type": "Feature", "properties": { "voltage_kv": 380.0, "from_node": 39, "to_node": 71, "length_km": 572.38366263532805, "delaunay_k": 5, "edge_set": "Delaunay5" }, "geometry": { "type": "LineString", "coordinates": [ [ 12.087708, 57.568888 ], [ 14.734039, 62.533228 ] ] } },
{ "type": "Feature", "properties": { "voltage_kv": 380.0, "from_node": 43, "to_node": 61, "length_km": 605.84134000095719, "delaunay_k": 5, "edge_set": "Delaunay5" }, "geometry": { "type": "LineString", "coordinates": [ [ 12.244263, 57.964417 ], [ 13.458252, 63.368755 ] ] } },
{ "type": "Feature", "properties": { "voltage_kv": 380.0, "from_node": 43, "to_node": 79, "length_km": 609.55711218576778, "delaunay_k": 5, "edge_set": "Delaunay5" }, "geometry": { "type": "LineString", "coordinates": [ [ 12.244263, 57.964417 ], [ 15.206451, 63.237956 ] ] } },
{ "type": "Feature", "properties": { "voltage_kv": 380.0, "from_node": 43, "to_node": 98, "length_km": 574.39964171267729, "delaunay_k": 5, "edge_set": "Delaunay5" }, "geometry": { "type": "LineString", "coordinates": [ [ 12.244263, 57.964417 ], [ 17.024689, 62.540828 ] ] } },
{ "type": "Feature", "properties": { "voltage_kv": 380.0, "from_node": 43, "to_node": 106, "length_km": 578.49080381564886, "delaunay_k": 5, "edge_set": "Delaunay5" }, "geometry": { "type": "LineString", "coordinates": [ [ 12.244263, 57.964417 ], [ 17.468262, 62.460297 ] ] } },
{ "type": "Feature", "properties": { "voltage_kv": 380.0, "from_node": 44, "to_node": 51, "length_km": 563.69077691738914, "delaunay_k": 5, "edge_set": "Delaunay5" }, "geometry": { "type": "LineString", "coordinates": [ [ 12.299194, 58.304438 ], [ 12.568359, 63.361367 ] ] } },
{ "type": "Feature", "properties": { "voltage_kv": 380.0, "from_node": 44, "to_node": 63, "length_km": 876.90087119732152, "delaunay_k": 5, "edge_set": "Delaunay5" }, "geometry": { "type": "LineString", "coordinates": [ [ 12.299194, 58.304438 ], [ 13.763123, 66.142743 ] ] } },
{ "type": "Feature", "properties": { "voltage_kv": 380.0, "from_node": 44, "to_node": 85, "length_km": 618.65963314402291, "delaunay_k": 5, "edge_set": "Delaunay5" }, "geometry": { "type": "LineString", "coordinates": [ [ 12.299194, 58.304438 ], [ 15.846405, 63.582177 ] ] } },
{ "type": "Feature", "properties": { "voltage_kv": 380.0, "from_node": 44, "to_node": 89, "length_km": 619.90810170408383, "delaunay_k": 5, "edge_set": "Delaunay5" }, "geometry": { "type": "LineString", "coordinates": [ [ 12.299194, 58.304438 ], [ 16.254272, 63.524685 ] ] } },
{ "type": "Feature", "properties": { "voltage_kv": 380.0, "from_node": 44, "to_node": 94, "length_km": 815.79681927372962, "delaunay_k": 5, "edge_set": "Delaunay5" }, "geometry": { "type": "LineString", "coordinates": [ [ 12.299194, 58.304438 ], [ 16.876373, 65.299207 ] ] } },
{ "type": "Feature", "properties": { "voltage_kv": 380.0, "from_node": 44, "to_node": 102, "length_km": 605.01776134509794, "delaunay_k": 5, "edge_set": "Delaunay5" }, "geometry": { "type": "LineString", "coordinates": [ [ 12.299194, 58.304438 ], [ 17.167511, 63.184727 ] ] } },
{ "type": "Feature", "properties": { "voltage_kv": 380.0, "from_node": 44, "to_node": 119, "length_km": 653.16541326828667, "delaunay_k": 5, "edge_set": "Delaunay5" }, "geometry": { "type": "LineString", "coordinates": [ [ 12.299194, 58.304438 ], [ 18.242798, 63.401361 ] ] } },
{ "type": "Feature", "properties": { "voltage_kv": 380.0, "from_node": 47, "to_node": 61, "length_km": 621.38487109032189, "delaunay_k": 5, "edge_set": "Delaunay5" }, "geometry": { "type": "LineString", "coordinates": [ [ 12.407684, 57.816235 ], [ 13.458252, 63.368755 ] ] } },
{ "type": "Feature", "properties": { "voltage_kv": 380.0, "from_node": 47, "to_node": 79, "length_km": 623.32888343385264, "delaunay_k": 5, "edge_set": "Delaunay5" }, "geometry": { "type": "LineString", "coordinates": [ [ 12.407684, 57.816235 ], [ 15.206451, 63.237956 ] ] } },
{ "type": "Feature", "properties": { "voltage_kv": 380.0, "from_node": 47, "to_node": 98, "length_km": 585.36585728536386, "delaunay_k": 5, "edge_set": "Delaunay5" }, "geometry": { "type": "LineString", "coordinates": [ [ 12.407684, 57.816235 ], [ 17.024689, 62.540828 ] ] } },
{ "type": "Feature", "properties": { "voltage_kv": 380.0, "from_node": 47, "to_node": 106, "length_km": 588.79233141726638, "delaunay_k": 5, "edge_set": "Delaunay5" }, "geometry": { "type": "LineString", "coordinates": [ [ 12.407684, 57.816235 ], [ 17.468262, 62.460297 ] ] } },
{ "type": "Feature", "properties": { "voltage_kv": 380.0, "from_node": 49, "to_node": 69, "length_km": 564.12691627374022, "delaunay_k": 5, "edge_set": "Delaunay5" }, "geometry": { "type": "LineString", "coordinates": [ [ 12.562866, 57.548261 ], [ 14.515686, 62.516121 ] ] } },
{ "type": "Feature", "properties": { "voltage_kv": 380.0, "from_node": 49, "to_node": 71, "length_km": 568.45368414455072, "delaunay_k": 5, "edge_set": "Delaunay5" }, "geometry": { "type": "LineString", "coordinates": [ [ 12.562866, 57.548261 ], [ 14.734039, 62.533228 ] ] } },
{ "type": "Feature", "properties": { "voltage_kv": 380.0, "from_node": 51, "to_node": 65, "length_km": 539.62677473634096, "delaunay_k": 5, "edge_set": "Delaunay5" }, "geometry": { "type": "LineString", "coordinates": [ [ 12.568359, 63.361367 ], [ 13.878479, 58.56109 ] ] } },
{ "type": "Feature", "properties": { "voltage_kv": 380.0, "from_node": 51, "to_node": 75, "length_km": 499.61729852669345, "delaunay_k": 5, "edge_set": "Delaunay5" }, "geometry": { "type": "LineString", "coordinates": [ [ 12.568359, 63.361367 ], [ 15.125427, 59.05115 ] ] } },
{ "type": "Feature", "properties": { "voltage_kv": 380.0, "from_node": 51, "to_node": 76, "length_km": 487.31975110287817, "delaunay_k": 5, "edge_set": "Delaunay5" }, "geometry": { "type": "LineString", "coordinates": [ [ 12.568359, 63.361367 ], [ 15.184479, 59.173817 ] ] } },
{ "type": "Feature", "properties": { "voltage_kv": 380.0, "from_node": 51, "to_node": 105, "length_km": 478.60405018923689, "delaunay_k": 5, "edge_set": "Delaunay5" }, "geometry": { "type": "LineString", "coordinates": [ [ 12.568359, 63.361367 ], [ 17.329559, 59.716945 ] ] } },
{ "type": "Feature", "properties": { "voltage_kv": 380.0, "from_node": 51, "to_node": 124, "length_km": 714.60171185616116, "delaunay_k": 5, "edge_set": "Delaunay5" }, "geometry": { "type": "LineString", "coordinates": [ [ 12.568359, 63.361367 ], [ 19.24942, 69.183065 ] ] } },
{ "type": "Feature", "properties": { "voltage_kv": 380.0, "from_node": 51, "to_node": 153, "length_km": 628.25629499875595, "delaunay_k": 5, "edge_set": "Delaunay5" }, "geometry": { "type": "LineString", "coordinates": [ [ 12.568359, 63.361367 ], [ 24.411621, 65.781941 ] ] } },
{ "type": "Feature", "properties": { "voltage_kv": 380.0, "from_node": 51, "to_node": 155, "length_km": 640.58101499246254, "delaunay_k": 5, "edge_set": "Delaunay5" }, "geometry": { "type": "LineString", "coordinates": [ [ 12.568359, 63.361367 ], [ 24.612122, 65.877531 ] ] } },
{ "type": "Feature", "properties": { "voltage_kv": 380.0, "from_node": 51, "to_node": 163, "length_km": 691.18398639532666, "delaunay_k": 5, "edge_set": "Delaunay5" }, "geometry": { "type": "LineString", "coordinates": [ [ 12.568359, 63.361367 ], [ 25.415497, 66.285642 ] ] } },
{ "type": "Feature", "properties": { "voltage_kv": 380.0, "from_node": 52, "to_node": 69, "length_km": 584.10439313145343, "delaunay_k": 5, "edge_set": "Delaunay5" }, "geometry": { "type": "LineString", "coordinates": [ [ 12.671356, 57.356164 ], [ 14.515686, 62.516121 ] ] } },
{ "type": "Feature", "properties": { "voltage_kv": 380.0, "from_node": 52, "to_node": 71, "length_km": 588.24291422947817, "delaunay_k": 5, "edge_set": "Delaunay5" }, "geometry": { "type": "LineString", "coordinates": [ [ 12.671356, 57.356164 ], [ 14.734039, 62.533228 ] ] } },
{ "type": "Feature", "properties": { "voltage_kv": 380.0, "from_node": 54, "to_node": 64, "length_km": 822.68903271310694, "delaunay_k": 5, "edge_set": "Delaunay5" }, "geometry": { "type": "LineString", "coordinates": [ [ 12.9776, 59.337392 ], [ 13.807068, 66.707884 ] ] } },
{ "type": "Feature", "properties": { "voltage_kv": 380.0, "from_node": 54, "to_node": 66, "length_km": 776.627987647591, "delaunay_k": 5, "edge_set": "Delaunay5" }, "geometry": { "type": "LineString", "coordinates": [ [ 12.9776, 59.337392 ], [ 14.191589, 66.282328 ] ] } },
{ "type": "Feature", "properties": { "voltage_kv": 380.0, "from_node": 54, "to_node": 92, "length_km": 502.56046419160617, "delaunay_k": 5, "edge_set": "Delaunay5" }, "geometry": { "type": "LineString", "coordinates": [ [ 12.9776, 59.337392 ], [ 16.663513, 63.486702 ] ] } },
{ "type": "Feature", "properties": { "voltage_kv": 380.0, "from_node": 54, "to_node": 93, "length_km": 521.38689818567775, "delaunay_k": 5, "edge_set": "Delaunay5" }, "geometry": { "type": "LineString", "coordinates": [ [ 12.9776, 59.337392 ], [ 16.791229, 63.646259 ] ] } },
{ "type": "Feature", "properties": { "voltage_kv": 380.0, "from_node": 54, "to_node": 95, "length_km": 514.3978455884394, "delaunay_k": 5, "edge_set": "Delaunay5" }, "geometry": { "type": "LineString", "coordinates": [ [ 12.9776, 59.337392 ], [ 16.923065, 63.549164 ] ] } },
{ "type": "Feature", "properties": { "voltage_kv": 380.0, "from_node": 54, "to_node": 100, "length_km": 688.9193270566077, "delaunay_k": 5, "edge_set": "Delaunay5" }, "geometry": { "type": "LineString", "coordinates": [ [ 12.9776, 59.337392 ], [ 17.049408, 65.221045 ] ] } },
{ "type": "Feature", "properties": { "voltage_kv": 380.0, "from_node": 54, "to_node": 107, "length_km": 673.99147020239923, "delaunay_k": 5, "edge_set": "Delaunay5" }, "geometry": { "type": "LineString", "coordinates": [ [ 12.9776, 59.337392 ], [ 17.541046, 64.996778 ] ] } },
{ "type": "Feature", "properties": { "voltage_kv": 380.0, "from_node": 54, "to_node": 121, "length_km": 897.03048247291406, "delaunay_k": 5, "edge_set": "Delaunay5" }, "geometry": { "type": "LineString", "coordinates": [ [ 12.9776, 59.337392 ], [ 18.639679, 66.970387 ] ] } },
{ "type": "Feature", "properties": { "voltage_kv": 380.0, "from_node": 54, "to_node": 123, "length_km": 651.52328628057808, "delaunay_k": 5, "edge_set": "Delaunay5" }, "geometry": { "type": "LineString", "coordinates": [ [ 12.9776, 59.337392 ], [ 19.029694, 64.440225 ] ] } },
{ "type": "Feature", "properties": { "voltage_kv": 380.0, "from_node": 54, "to_node": 129, "length_km": 631.33245435119727, "delaunay_k": 5, "edge_set": "Delaunay5" }, "geometry": { "type": "LineString", "coordinates": [ [ 12.9776, 59.337392 ], [ 20.047302, 63.896314 ] ] } },
{ "type": "Feature", "properties": { "voltage_kv": 380.0, "from_node": 54, "to_node": 130, "length_km": 883.42979612221882, "delaunay_k": 5, "edge_set": "Delaunay5" }, "geometry": { "type": "LineString", "coordinates": [ [ 12.9776, 59.337392 ], [ 20.429077, 66.505049 ] ] } },
{ "type": "Feature", "properties": { "voltage_kv": 380.0, "from_node": 55, "to_node": 77, "length_km": 491.43765707477974, "delaunay_k": 5, "edge_set": "Delaunay5" }, "geometry": { "type": "LineString", "coordinates": [ [ 12.984467, 56.159318 ], [ 15.188599, 60.415208 ] ] } },
{ "type": "Feature", "properties": { "voltage_kv": 380.0, "from_node": 57, "to_node": 69, "length_km": 626.92983140921694, "delaunay_k": 5, "edge_set": "Delaunay5" }, "geometry": { "type": "LineString", "coordinates": [ [ 13.066864, 56.937483 ], [ 14.515686, 62.516121 ] ] } },
{ "type": "Feature", "properties": { "voltage_kv": 380.0, "from_node": 57, "to_node": 71, "length_km": 630.52728409659267, "delaunay_k": 5, "edge_set": "Delaunay5" }, "geometry": { "type": "LineString", "coordinates": [ [ 13.066864, 56.937483 ], [ 14.734039, 62.533228 ] ] } },
{ "type": "Feature", "properties": { "voltage_kv": 380.0, "from_node": 57, "to_node": 96, "length_km": 474.25198652474143, "delaunay_k": 5, "edge_set": "Delaunay5" }, "geometry": { "type": "LineString", "coordinates": [ [ 13.066864, 56.937483 ], [ 16.931305, 60.692679 ] ] } },
{ "type": "Feature", "properties": { "voltage_kv": 380.0, "from_node": 59, "to_node": 111, "length_km": 484.60102921612201, "delaunay_k": 5, "edge_set": "Delaunay5" }, "geometry": { "type": "LineString", "coordinates": [ [ 13.189087, 55.58145 ], [ 17.932434, 59.094909 ] ] } },
{ "type": "Feature", "properties": { "voltage_kv": 380.0, "from_node": 60, "to_node": 61, "length_km": 649.70138556412257, "delaunay_k": 5, "edge_set": "Delaunay5" }, "geometry": { "type": "LineString", "coordinates": [ [ 13.414307, 57.53868 ], [ 13.458252, 63.368755 ] ] } },
{ "type": "Feature", "properties": { "voltage_kv": 380.0, "from_node": 60, "to_node": 79, "length_km": 642.79493415967829, "delaunay_k": 5, "edge_set": "Delaunay5" }, "geometry": { "type": "LineString", "coordinates": [ [ 13.414307, 57.53868 ], [ 15.206451, 63.237956 ] ] } },
{ "type": "Feature", "properties": { "voltage_kv": 380.0, "from_node": 60, "to_node": 98, "length_km": 592.62991579669097, "delaunay_k": 5, "edge_set": "Delaunay5" }, "geometry": { "type": "LineString", "coordinates": [ [ 13.414307, 57.53868 ], [ 17.024689, 62.540828 ] ] } },
{ "type": "Feature", "properties": { "voltage_kv": 380.0, "from_node": 60, "to_node": 106, "length_km": 593.2614261169748, "delaunay_k": 5, "edge_set": "Delaunay5" }, "geometry": { "type": "LineString", "coordinates": [ [ 13.414307, 57.53868 ], [ 17.468262, 62.460297 ] ] } },
{ "type": "Feature", "properties": { "voltage_kv": 380.0, "from_node": 61, "to_node": 67, "length_km": 630.97305610498699, "delaunay_k": 5, "edge_set": "Delaunay5" }, "geometry": { "type": "LineString", "coordinates": [ [ 13.458252, 63.368755 ], [ 14.197083, 57.718819 ] ] } },
{ "type": "Feature", "properties": { "voltage_kv": 380.0, "from_node": 61, "to_node": 70, "length_km": 624.07682770006738, "delaunay_k": 5, "edge_set": "Delaunay5" }, "geometry": { "type": "LineString", "coordinates": [ [ 13.458252, 63.368755 ], [ 14.625549, 57.798676 ] ] } },
{ "type": "Feature", "properties": { "voltage_kv": 380.0, "from_node": 61, "to_node": 78, "length_km": 574.5315965051401, "delaunay_k": 5, "edge_set": "Delaunay5" }, "geometry": { "type": "LineString", "coordinates": [ [ 13.458252, 63.368755 ], [ 15.195465, 58.28423 ] ] } },
{ "type": "Feature", "properties": { "voltage_kv": 380.0, "from_node": 61, "to_node": 87, "length_km": 538.20106740591086, "delaunay_k": 5, "edge_set": "Delaunay5" }, "geometry": { "type": "LineString", "coordinates": [ [ 13.458252, 63.368755 ], [ 16.035919, 58.70477 ] ] } },
{ "type": "Feature", "properties": { "voltage_kv": 380.0, "from_node": 61, "to_node": 91, "length_km": 518.16233723545122, "delaunay_k": 5, "edge_set": "Delaunay5" }, "geometry": { "type": "LineString", "coordinates": [ [ 13.458252, 63.368755 ], [ 16.660767, 58.984699 ] ] } },
{ "type": "Feature", "properties": { "voltage_kv": 380.0, "from_node": 61, "to_node": 103, "length_km": 504.22913511510649, "delaunay_k": 5, "edge_set": "Delaunay5" }, "geometry": { "type": "LineString", "coordinates": [ [ 13.458252, 63.368755 ], [ 17.218323, 59.22234 ] ] } },
{ "type": "Feature", "properties": { "voltage_kv": 380.0, "from_node": 61, "to_node": 109, "length_km": 501.77384464266709, "delaunay_k": 5, "edge_set": "Delaunay5" }, "geometry": { "type": "LineString", "coordinates": [ [ 13.458252, 63.368755 ], [ 17.683868, 59.349996 ] ] } },
{ "type": "Feature", "properties": { "voltage_kv": 380.0, "from_node": 61, "to_node": 117, "length_km": 500.8858422386412, "delaunay_k": 5, "edge_set": "Delaunay5" }, "geometry": { "type": "LineString", "coordinates": [ [ 13.458252, 63.368755 ], [ 18.135681, 59.473686 ] ] } },
{ "type": "Feature", "properties": { "voltage_kv": 380.0, "from_node": 61, "to_node": 165, "length_km": 629.09543525471793, "delaunay_k": 5, "edge_set": "Delaunay5" }, "geometry": { "type": "LineString", "coordinates": [ [ 13.458252, 63.368755 ], [ 25.694275, 65.279688 ] ] } },
{ "type": "Feature", "properties": { "voltage_kv": 380.0, "from_node": 61, "to_node": 171, "length_km": 723.29021877989032, "delaunay_k": 5, "edge_set": "Delaunay5" }, "geometry": { "type": "LineString", "coordinates": [ [ 13.458252, 63.368755 ], [ 27.030487, 66.33089 ] ] } },
{ "type": "Feature", "properties": { "voltage_kv": 380.0, "from_node": 63, "to_node": 65, "length_km": 845.18096893904271, "delaunay_k": 5, "edge_set": "Delaunay5" }, "geometry": { "type": "LineString", "coordinates": [ [ 13.763123, 66.142743 ], [ 13.878479, 58.56109 ] ] } },
{ "type": "Feature", "properties": { "voltage_kv": 380.0, "from_node": 63, "to_node": 75, "length_km": 793.71231608526875, "delaunay_k": 5, "edge_set": "Delaunay5" }, "geometry": { "type": "LineString", "coordinates": [ [ 13.763123, 66.142743 ], [ 15.125427, 59.05115 ] ] } },
{ "type": "Feature", "properties": { "voltage_kv": 380.0, "from_node": 63, "to_node": 76, "length_km": 780.36219958319145, "delaunay_k": 5, "edge_set": "Delaunay5" }, "geometry": { "type": "LineString", "coordinates": [ [ 13.763123, 66.142743 ], [ 15.184479, 59.173817 ] ] } },
{ "type": "Feature", "properties": { "voltage_kv": 380.0, "from_node": 63, "to_node": 80, "length_km": 748.14818662905316, "delaunay_k": 5, "edge_set": "Delaunay5" }, "geometry": { "type": "LineString", "coordinates": [ [ 13.763123, 66.142743 ], [ 15.231171, 59.466013 ] ] } },
{ "type": "Feature", "properties": { "voltage_kv": 380.0, "from_node": 63, "to_node": 97, "length_km": 641.76976039019394, "delaunay_k": 5, "edge_set": "Delaunay5" }, "geometry": { "type": "LineString", "coordinates": [ [ 13.763123, 66.142743 ], [ 16.972504, 60.570102 ] ] } },
{ "type": "Feature", "properties": { "voltage_kv": 380.0, "from_node": 63, "to_node": 99, "length_km": 636.76694332156126, "delaunay_k": 5, "edge_set": "Delaunay5" }, "geometry": { "type": "LineString", "coordinates": [ [ 13.763123, 66.142743 ], [ 17.045288, 60.624713 ] ] } },
{ "type": "Feature", "properties": { "voltage_kv": 380.0, "from_node": 63, "to_node": 105, "length_km": 738.97726132736864, "delaunay_k": 5, "edge_set": "Delaunay5" }, "geometry": { "type": "LineString", "coordinates": [ [ 13.763123, 66.142743 ], [ 17.329559, 59.716945 ] ] } },
{ "type": "Feature", "properties": { "voltage_kv": 380.0, "from_node": 63, "to_node": 113, "length_km": 660.87440070359628, "delaunay_k": 5, "edge_set": "Delaunay5" }, "geometry": { "type": "LineString", "coordinates": [ [ 13.763123, 66.142743 ], [ 18.020325, 60.532293 ] ] } },
{ "type": "Feature", "properties": { "voltage_kv": 380.0, "from_node": 63, "to_node": 165, "length_km": 556.55281019198878, "delaunay_k": 5, "edge_set": "Delaunay5" }, "geometry": { "type": "LineString", "coordinates": [ [ 13.763123, 66.142743 ], [ 25.694275, 65.279688 ] ] } },
{ "type": "Feature", "properties": { "voltage_kv": 380.0, "from_node": 63, "to_node": 171, "length_km": 597.46492583311669, "delaunay_k": 5, "edge_set": "Delaunay5" }, "geometry": { "type": "LineString", "coordinates": [ [ 13.763123, 66.142743 ], [ 27.030487, 66.33089 ] ] } },
{ "type": "Feature", "properties": { "voltage_kv": 380.0, "from_node": 64, "to_node": 81, "length_km": 746.26913710500287, "delaunay_k": 5, "edge_set": "Delaunay5" }, "geometry": { "type": "LineString", "coordinates": [ [ 13.807068, 66.707884 ], [ 15.387726, 60.052503 ] ] } },
{ "type": "Feature", "properties": { "voltage_kv": 380.0, "from_node": 64, "to_node": 82, "length_km": 707.31441125938397, "delaunay_k": 5, "edge_set": "Delaunay5" }, "geometry": { "type": "LineString", "coordinates": [ [ 13.807068, 66.707884 ], [ 15.442657, 60.406393 ] ] } },
{ "type": "Feature", "properties": { "voltage_kv": 380.0, "from_node": 64, "to_node": 96, "length_km": 688.28184189971182, "delaunay_k": 5, "edge_set": "Delaunay5" }, "geometry": { "type": "LineString", "coordinates": [ [ 13.807068, 66.707884 ], [ 16.931305, 60.692679 ] ] } },
{ "type": "Feature", "properties": { "voltage_kv": 380.0, "from_node": 64, "to_node": 106, "length_km": 505.08656305354668, "delaunay_k": 5, "edge_set": "Delaunay5" }, "geometry": { "type": "LineString", "coordinates": [ [ 13.807068, 66.707884 ], [ 17.468262, 62.460297 ] ] } },
{ "type": "Feature", "properties": { "voltage_kv": 380.0, "from_node": 64, "to_node": 153, "length_km": 488.14893892233346, "delaunay_k": 5, "edge_set": "Delaunay5" }, "geometry": { "type": "LineString", "coordinates": [ [ 13.807068, 66.707884 ], [ 24.411621, 65.781941 ] ] } },
{ "type": "Feature", "properties": { "voltage_kv": 380.0, "from_node": 64, "to_node": 155, "length_km": 493.96342144737565, "delaunay_k": 5, "edge_set": "Delaunay5" }, "geometry": { "type": "LineString", "coordinates": [ [ 13.807068, 66.707884 ], [ 24.612122, 65.877531 ] ] } },
{ "type": "Feature", "properties": { "voltage_kv": 380.0, "from_node": 64, "to_node": 165, "length_km": 563.09348933843455, "delaunay_k": 5, "edge_set": "Delaunay5" }, "geometry": { "type": "LineString", "coordinates": [ [ 13.807068, 66.707884 ], [ 25.694275, 65.279688 ] ] } },
{ "type": "Feature", "properties": { "voltage_kv": 380.0, "from_node": 64, "to_node": 168, "length_km": 592.84018924715815, "delaunay_k": 5, "edge_set": "Delaunay5" }, "geometry": { "type": "LineString", "coordinates": [ [ 13.807068, 66.707884 ], [ 26.05957, 64.965416 ] ] } },
{ "type": "Feature", "properties": { "voltage_kv": 380.0, "from_node": 64, "to_node": 173, "length_km": 687.07933584291652, "delaunay_k": 5, "edge_set": "Delaunay5" }, "geometry": { "type": "LineString", "coordinates": [ [ 13.807068, 66.707884 ], [ 27.204895, 64.101606 ] ] } },
{ "type": "Feature", "properties": { "voltage_kv": 380.0, "from_node": 64, "to_node": 175, "length_km": 762.56789655546663, "delaunay_k": 5, "edge_set": "Delaunay5" }, "geometry": { "type": "LineString", "coordinates": [ [ 13.807068, 66.707884 ], [ 27.585297, 63.154975 ] ] } },
{ "type": "Feature", "properties": { "voltage_kv": 380.0, "from_node": 64, "to_node": 176, "length_km": 834.15216792724311, "delaunay_k": 5, "edge_set": "Delaunay5" }, "geometry": { "type": "LineString", "coordinates": [ [ 13.807068, 66.707884 ], [ 27.766571, 62.262171 ] ] } },
{ "type": "Feature", "properties": { "voltage_kv": 380.0, "from_node": 65, "to_node": 85, "length_km": 569.67918997299648, "delaunay_k": 5, "edge_set": "Delaunay5" }, "geometry": { "type": "LineString", "coordinates": [ [ 13.878479, 58.56109 ], [ 15.846405, 63.582177 ] ] } },
{ "type": "Feature", "properties": { "voltage_kv": 380.0, "from_node": 65, "to_node": 89, "length_km": 567.97481309846478, "delaunay_k": 5, "edge_set": "Delaunay5" }, "geometry": { "type": "LineString", "coordinates": [ [ 13.878479, 58.56109 ], [ 16.254272, 63.524685 ] ] } },
{ "type": "Feature", "properties": { "voltage_kv": 380.0, "from_node": 65, "to_node": 94, "length_km": 767.4381620800666, "delaunay_k": 5, "edge_set": "Delaunay5" }, "geometry": { "type": "LineString", "coordinates": [ [ 13.878479, 58.56109 ], [ 16.876373, 65.299207 ] ] } },
{ "type": "Feature", "properties": { "voltage_kv": 380.0, "from_node": 65, "to_node": 102, "length_km": 545.46818878377508, "delaunay_k": 5, "edge_set": "Delaunay5" }, "geometry": { "type": "LineString", "coordinates": [ [ 13.878479, 58.56109 ], [ 17.167511, 63.184727 ] ] } },
{ "type": "Feature", "properties": { "voltage_kv": 380.0, "from_node": 65, "to_node": 119, "length_km": 588.97889155314442, "delaunay_k": 5, "edge_set": "Delaunay5" }, "geometry": { "type": "LineString", "coordinates": [ [ 13.878479, 58.56109 ], [ 18.242798, 63.401361 ] ] } },
{ "type": "Feature", "properties": { "voltage_kv": 380.0, "from_node": 66, "to_node": 81, "length_km": 697.25931677925246, "delaunay_k": 5, "edge_set": "Delaunay5" }, "geometry": { "type": "LineString", "coordinates": [ [ 14.191589, 66.282328 ], [ 15.387726, 60.052503 ] ] } },
{ "type": "Feature", "properties": { "voltage_kv": 380.0, "from_node": 66, "to_node": 82, "length_km": 658.19328664666739, "delaunay_k": 5, "edge_set": "Delaunay5" }, "geometry": { "type": "LineString", "coordinates": [ [ 14.191589, 66.282328 ], [ 15.442657, 60.406393 ] ] } },
{ "type": "Feature", "properties": { "voltage_kv": 380.0, "from_node": 66, "to_node": 96, "length_km": 638.09307619472168, "delaunay_k": 5, "edge_set": "Delaunay5" }, "geometry": { "type": "LineString", "coordinates": [ [ 14.191589, 66.282328 ], [ 16.931305, 60.692679 ] ] } },
{ "type": "Feature", "properties": { "voltage_kv": 380.0, "from_node": 66, "to_node": 154, "length_km": 523.76816233896022, "delaunay_k": 5, "edge_set": "Delaunay5" }, "geometry": { "type": "LineString", "coordinates": [ [ 14.191589, 66.282328 ], [ 24.517365, 64.423037 ] ] } },
{ "type": "Feature", "properties": { "voltage_kv": 380.0, "from_node": 66, "to_node": 166, "length_km": 555.1093586378779, "delaunay_k": 5, "edge_set": "Delaunay5" }, "geometry": { "type": "LineString", "coordinates": [ [ 14.191589, 66.282328 ], [ 25.808258, 64.971807 ] ] } },
{ "type": "Feature", "properties": { "voltage_kv": 380.0, "from_node": 66, "to_node": 168, "length_km": 566.54691498532577, "delaunay_k": 5, "edge_set": "Delaunay5" }, "geometry": { "type": "LineString", "coordinates": [ [ 14.191589, 66.282328 ], [ 26.05957, 64.965416 ] ] } },
{ "type": "Feature", "properties": { "voltage_kv": 380.0, "from_node": 66, "to_node": 173, "length_km": 656.58261714879757, "delaunay_k": 5, "edge_set": "Delaunay5" }, "geometry": { "type": "LineString", "coordinates": [ [ 14.191589, 66.282328 ], [ 27.204895, 64.101606 ] ] } },
{ "type": "Feature", "properties": { "voltage_kv": 380.0, "from_node": 66, "to_node": 175, "length_km": 727.76412390772362, "delaunay_k": 5, "edge_set": "Delaunay5" }, "geometry": { "type": "LineString", "coordinates": [ [ 14.191589, 66.282328 ], [ 27.585297, 63.154975 ] ] } },
{ "type": "Feature", "properties": { "voltage_kv": 380.0, "from_node": 66, "to_node": 176, "length_km": 796.10179866918668, "delaunay_k": 5, "edge_set": "Delaunay5" }, "geometry": { "type": "LineString", "coordinates": [ [ 14.191589, 66.282328 ], [ 27.766571, 62.262171 ] ] } },
{ "type": "Feature", "properties": { "voltage_kv": 380.0, "from_node": 67, "to_node": 79, "length_km": 617.68250021917595, "delaunay_k": 5, "edge_set": "Delaunay5" }, "geometry": { "type": "LineString", "coordinates": [ [ 14.197083, 57.718819 ], [ 15.206451, 63.237956 ] ] } },
{ "type": "Feature", "properties": { "voltage_kv": 380.0, "from_node": 67, "to_node": 98, "length_km": 560.00554887449334, "delaunay_k": 5, "edge_set": "Delaunay5" }, "geometry": { "type": "LineString", "coordinates": [ [ 14.197083, 57.718819 ], [ 17.024689, 62.540828 ] ] } },
{ "type": "Feature", "properties": { "voltage_kv": 380.0, "from_node": 67, "to_node": 106, "length_km": 558.99932304084518, "delaunay_k": 5, "edge_set": "Delaunay5" }, "geometry": { "type": "LineString", "coordinates": [ [ 14.197083, 57.718819 ], [ 17.468262, 62.460297 ] ] } },
{ "type": "Feature", "properties": { "voltage_kv": 380.0, "from_node": 68, "to_node": 69, "length_km": 635.98936113535922, "delaunay_k": 5, "edge_set": "Delaunay5" }, "geometry": { "type": "LineString", "coordinates": [ [ 14.40033, 56.809901 ], [ 14.515686, 62.516121 ] ] } },
{ "type": "Feature", "properties": { "voltage_kv": 380.0, "from_node": 68, "to_node": 71, "length_km": 638.15426290611026, "delaunay_k": 5, "edge_set": "Delaunay5" }, "geometry": { "type": "LineString", "coordinates": [ [ 14.40033, 56.809901 ], [ 14.734039, 62.533228 ] ] } },
{ "type": "Feature", "properties": { "voltage_kv": 380.0, "from_node": 69, "to_node": 83, "length_km": 656.5001536547976, "delaunay_k": 5, "edge_set": "Delaunay5" }, "geometry": { "type": "LineString", "coordinates": [ [ 14.515686, 62.516121 ], [ 15.542908, 56.649432 ] ] } },
{ "type": "Feature", "properties": { "voltage_kv": 380.0, "from_node": 69, "to_node": 90, "length_km": 578.78586559288522, "delaunay_k": 5, "edge_set": "Delaunay5" }, "geometry": { "type": "LineString", "coordinates": [ [ 14.515686, 62.516121 ], [ 16.660767, 57.43682 ] ] } },
{ "type": "Feature", "properties": { "voltage_kv": 380.0, "from_node": 69, "to_node": 104, "length_km": 642.44196168726091, "delaunay_k": 5, "edge_set": "Delaunay5" }, "geometry": { "type": "LineString", "coordinates": [ [ 14.515686, 62.516121 ], [ 17.288361, 68.158786 ] ] } },
{ "type": "Feature", "properties": { "voltage_kv": 380.0, "from_node": 69, "to_node": 122, "length_km": 754.07332534312218, "delaunay_k": 5, "edge_set": "Delaunay5" }, "geometry": { "type": "LineString", "coordinates": [ [ 14.515686, 62.516121 ], [ 18.864899, 69.038124 ] ] } },
{ "type": "Feature", "properties": { "voltage_kv": 380.0, "from_node": 69, "to_node": 124, "length_km": 774.20340043302622, "delaunay_k": 5, "edge_set": "Delaunay5" }, "geometry": { "type": "LineString", "coordinates": [ [ 14.515686, 62.516121 ], [ 19.24942, 69.183065 ] ] } },
{ "type": "Feature", "properties": { "voltage_kv": 380.0, "from_node": 69, "to_node": 153, "length_km": 603.84724066601279, "delaunay_k": 5, "edge_set": "Delaunay5" }, "geometry": { "type": "LineString", "coordinates": [ [ 14.515686, 62.516121 ], [ 24.411621, 65.781941 ] ] } },
{ "type": "Feature", "properties": { "voltage_kv": 380.0, "from_node": 69, "to_node": 155, "length_km": 617.36399685168362, "delaunay_k": 5, "edge_set": "Delaunay5" }, "geometry": { "type": "LineString", "coordinates": [ [ 14.515686, 62.516121 ], [ 24.612122, 65.877531 ] ] } },
{ "type": "Feature", "properties": { "voltage_kv": 380.0, "from_node": 69, "to_node": 163, "length_km": 672.91889150350767, "delaunay_k": 5, "edge_set": "Delaunay5" }, "geometry": { "type": "LineString", "coordinates": [ [ 14.515686, 62.516121 ], [ 25.415497, 66.285642 ] ] } },
{ "type": "Feature", "properties": { "voltage_kv": 380.0, "from_node": 70, "to_node": 79, "length_km": 607.17196034164056, "delaunay_k": 5, "edge_set": "Delaunay5" }, "geometry": { "type": "LineString", "coordinates": [ [ 14.625549, 57.798676 ], [ 15.206451, 63.237956 ] ] } },
{ "type": "Feature", "properties": { "voltage_kv": 380.0, "from_node": 70, "to_node": 98, "length_km": 545.18980623793118, "delaunay_k": 5, "edge_set": "Delaunay5" }, "geometry": { "type": "LineString", "coordinates": [ [ 14.625549, 57.798676 ], [ 17.024689, 62.540828 ] ] } },
{ "type": "Feature", "properties": { "voltage_kv": 380.0, "from_node": 70, "to_node": 106, "length_km": 543.19329108747945, "delaunay_k": 5, "edge_set": "Delaunay5" }, "geometry": { "type": "LineString", "coordinates": [ [ 14.625549, 57.798676 ], [ 17.468262, 62.460297 ] ] } },
{ "type": "Feature", "properties": { "voltage_kv": 380.0, "from_node": 71, "to_node": 83, "length_km": 657.45212074899268, "delaunay_k": 5, "edge_set": "Delaunay5" }, "geometry": { "type": "LineString", "coordinates": [ [ 14.734039, 62.533228 ], [ 15.542908, 56.649432 ] ] } },
{ "type": "Feature", "properties": { "voltage_kv": 380.0, "from_node": 71, "to_node": 84, "length_km": 532.58026335962938, "delaunay_k": 5, "edge_set": "Delaunay5" }, "geometry": { "type": "LineString", "coordinates": [ [ 14.734039, 62.533228 ], [ 15.757141, 67.288485 ] ] } },
{ "type": "Feature", "properties": { "voltage_kv": 380.0, "from_node": 71, "to_node": 86, "length_km": 567.36931115749007, "delaunay_k": 5, "edge_set": "Delaunay5" }, "geometry": { "type": "LineString", "coordinates": [ [ 14.734039, 62.533228 ], [ 15.850525, 67.598233 ] ] } },
{ "type": "Feature", "properties": { "voltage_kv": 380.0, "from_node": 71, "to_node": 90, "length_km": 578.28518273891041, "delaunay_k": 5, "edge_set": "Delaunay5" }, "geometry": { "type": "LineString", "coordinates": [ [ 14.734039, 62.533228 ], [ 16.660767, 57.43682 ] ] } },
{ "type": "Feature", "properties": { "voltage_kv": 380.0, "from_node": 71, "to_node": 108, "length_km": 680.27843711402102, "delaunay_k": 5, "edge_set": "Delaunay5" }, "geometry": { "type": "LineString", "coordinates": [ [ 14.734039, 62.533228 ], [ 17.579498, 68.517173 ] ] } },
{ "type": "Feature", "properties": { "voltage_kv": 380.0, "from_node": 71, "to_node": 112, "length_km": 586.64358697224748, "delaunay_k": 5, "edge_set": "Delaunay5" }, "geometry": { "type": "LineString", "coordinates": [ [ 14.734039, 62.533228 ], [ 17.992859, 67.610267 ] ] } },
{ "type": "Feature", "properties": { "voltage_kv": 380.0, "from_node": 71, "to_node": 120, "length_km": 579.0480317611416, "delaunay_k": 5, "edge_set": "Delaunay5" }, "geometry": { "type": "LineString", "coordinates": [ [ 14.734039, 62.533228 ], [ 18.366394, 67.492803 ] ] } },
{ "type": "Feature", "properties": { "voltage_kv": 380.0, "from_node": 71, "to_node": 126, "length_km": 539.42256960259249, "delaunay_k": 5, "edge_set": "Delaunay5" }, "geometry": { "type": "LineString", "coordinates": [ [ 14.734039, 62.533228 ], [ 19.864655, 66.843267 ] ] } },
{ "type": "Feature", "properties": { "voltage_kv": 380.0, "from_node": 71, "to_node": 127, "length_km": 552.33431088354143, "delaunay_k": 5, "edge_set": "Delaunay5" }, "geometry": { "type": "LineString", "coordinates": [ [ 14.734039, 62.533228 ], [ 19.866028, 66.975221 ] ] } },
{ "type": "Feature", "properties": { "voltage_kv": 380.0, "from_node": 71, "to_node": 128, "length_km": 532.28852870905314, "delaunay_k": 5, "edge_set": "Delaunay5" }, "geometry": { "type": "LineString", "coordinates": [ [ 14.734039, 62.533228 ], [ 20.037689, 66.729595 ] ] } },
{ "type": "Feature", "properties": { "voltage_kv": 380.0, "from_node": 71, "to_node": 131, "length_km": 536.36858700657228, "delaunay_k": 5, "edge_set": "Delaunay5" }, "geometry": { "type": "LineString", "coordinates": [ [ 14.734039, 62.533228 ], [ 20.452423, 66.669299 ] ] } },
{ "type": "Feature", "properties": { "voltage_kv": 380.0, "from_node": 71, "to_node": 135, "length_km": 498.19224968436578, "delaunay_k": 5, "edge_set": "Delaunay5" }, "geometry": { "type": "LineString", "coordinates": [ [ 14.734039, 62.533228 ], [ 21.656799, 65.826407 ] ] } },
{ "type": "Feature", "properties": { "voltage_kv": 380.0, "from_node": 71, "to_node": 145, "length_km": 554.87958448426286, "delaunay_k": 5, "edge_set": "Delaunay5" }, "geometry": { "type": "LineString", "coordinates": [ [ 14.734039, 62.533228 ], [ 23.072662, 65.938074 ] ] } },
{ "type": "Feature", "properties": { "voltage_kv": 380.0, "from_node": 75, "to_node": 85, "length_km": 506.68662234985374, "delaunay_k": 5, "edge_set": "Delaunay5" }, "geometry": { "type": "LineString", "coordinates": [ [ 15.125427, 59.05115 ], [ 15.846405, 63.582177 ] ] } },
{ "type": "Feature", "properties": { "voltage_kv": 380.0, "from_node": 75, "to_node": 89, "length_km": 502.47862093561446, "delaunay_k": 5, "edge_set": "Delaunay5" }, "geometry": { "type": "LineString", "coordinates": [ [ 15.125427, 59.05115 ], [ 16.254272, 63.524685 ] ] } },
{ "type": "Feature", "properties": { "voltage_kv": 380.0, "from_node": 75, "to_node": 94, "length_km": 702.7104545961547, "delaunay_k": 5, "edge_set": "Delaunay5" }, "geometry": { "type": "LineString", "coordinates": [ [ 15.125427, 59.05115 ], [ 16.876373, 65.299207 ] ] } },
{ "type": "Feature", "properties": { "voltage_kv": 380.0, "from_node": 75, "to_node": 102, "length_km": 473.90696029605505, "delaunay_k": 5, "edge_set": "Delaunay5" }, "geometry": { "type": "LineString", "coordinates": [ [ 15.125427, 59.05115 ], [ 17.167511, 63.184727 ] ] } },
{ "type": "Feature", "properties": { "voltage_kv": 380.0, "from_node": 75, "to_node": 119, "length_km": 513.23304481020091, "delaunay_k": 5, "edge_set": "Delaunay5" }, "geometry": { "type": "LineString", "coordinates": [ [ 15.125427, 59.05115 ], [ 18.242798, 63.401361 ] ] } },
{ "type": "Feature", "properties": { "voltage_kv": 380.0, "from_node": 76, "to_node": 85, "length_km": 492.81647210430987, "delaunay_k": 5, "edge_set": "Delaunay5" }, "geometry": { "type": "LineString", "coordinates": [ [ 15.184479, 59.173817 ], [ 15.846405, 63.582177 ] ] } },
{ "type": "Feature", "properties": { "voltage_kv": 380.0, "from_node": 76, "to_node": 89, "length_km": 488.51780099925026, "delaunay_k": 5, "edge_set": "Delaunay5" }, "geometry": { "type": "LineString", "coordinates": [ [ 15.184479, 59.173817 ], [ 16.254272, 63.524685 ] ] } },
{ "type": "Feature", "properties": { "voltage_kv": 380.0, "from_node": 76, "to_node": 94, "length_km": 688.74122495818347, "delaunay_k": 5, "edge_set": "Delaunay5" }, "geometry": { "type": "LineString", "coordinates": [ [ 15.184479, 59.173817 ], [ 16.876373, 65.299207 ] ] } },
{ "type": "Feature", "properties": { "voltage_kv": 380.0, "from_node": 76, "to_node": 119, "length_km": 499.17800789358319, "delaunay_k": 5, "edge_set": "Delaunay5" }, "geometry": { "type": "LineString", "coordinates": [ [ 15.184479, 59.173817 ], [ 18.242798, 63.401361 ] ] } },
{ "type": "Feature", "properties": { "voltage_kv": 380.0, "from_node": 77, "to_node": 84, "length_km": 767.0865959246247, "delaunay_k": 5, "edge_set": "Delaunay5" }, "geometry": { "type": "LineString", "coordinates": [ [ 15.188599, 60.415208 ], [ 15.757141, 67.288485 ] ] } },
{ "type": "Feature", "properties": { "voltage_kv": 380.0, "from_node": 77, "to_node": 86, "length_km": 801.79361138582237, "delaunay_k": 5, "edge_set": "Delaunay5" }, "geometry": { "type": "LineString", "coordinates": [ [ 15.188599, 60.415208 ], [ 15.850525, 67.598233 ] ] } },
{ "type": "Feature", "properties": { "voltage_kv": 380.0, "from_node": 77, "to_node": 108, "length_km": 910.98120042513028, "delaunay_k": 5, "edge_set": "Delaunay5" }, "geometry": { "type": "LineString", "coordinates": [ [ 15.188599, 60.415208 ], [ 17.579498, 68.517173 ] ] } },
{ "type": "Feature", "properties": { "voltage_kv": 380.0, "from_node": 77, "to_node": 112, "length_km": 814.14031879527295, "delaunay_k": 5, "edge_set": "Delaunay5" }, "geometry": { "type": "LineString", "coordinates": [ [ 15.188599, 60.415208 ], [ 17.992859, 67.610267 ] ] } },
{ "type": "Feature", "properties": { "voltage_kv": 380.0, "from_node": 77, "to_node": 120, "length_km": 804.60721972924, "delaunay_k": 5, "edge_set": "Delaunay5" }, "geometry": { "type": "LineString", "coordinates": [ [ 15.188599, 60.415208 ], [ 18.366394, 67.492803 ] ] } },
{ "type": "Feature", "properties": { "voltage_kv": 380.0, "from_node": 77, "to_node": 125, "length_km": 565.1254294420886, "delaunay_k": 5, "edge_set": "Delaunay5" }, "geometry": { "type": "LineString", "coordinates": [ [ 15.188599, 60.415208 ], [ 19.736938, 65.032742 ] ] } },
{ "type": "Feature", "properties": { "voltage_kv": 380.0, "from_node": 77, "to_node": 126, "length_km": 753.42460533958126, "delaunay_k": 5, "edge_set": "Delaunay5" }, "geometry": { "type": "LineString", "coordinates": [ [ 15.188599, 60.415208 ], [ 19.864655, 66.843267 ] ] } },
{ "type": "Feature", "properties": { "voltage_kv": 380.0, "from_node": 77, "to_node": 127, "length_km": 767.29477410250468, "delaunay_k": 5, "edge_set": "Delaunay5" }, "geometry": { "type": "LineString", "coordinates": [ [ 15.188599, 60.415208 ], [ 19.866028, 66.975221 ] ] } },
{ "type": "Feature", "properties": { "voltage_kv": 380.0, "from_node": 77, "to_node": 128, "length_km": 744.24771100775388, "delaunay_k": 5, "edge_set": "Delaunay5" }, "geometry": { "type": "LineString", "coordinates": [ [ 15.188599, 60.415208 ], [ 20.037689, 66.729595 ] ] } },
{ "type": "Feature", "properties": { "voltage_kv": 380.0, "from_node": 77, "to_node": 131, "length_km": 744.94118722417227, "delaunay_k": 5, "edge_set": "Delaunay5" }, "geometry": { "type": "LineString", "coordinates": [ [ 15.188599, 60.415208 ], [ 20.452423, 66.669299 ] ] } },
{ "type": "Feature", "properties": { "voltage_kv": 380.0, "from_node": 77, "to_node": 132, "length_km": 621.33456121443953, "delaunay_k": 5, "edge_set": "Delaunay5" }, "geometry": { "type": "LineString", "coordinates": [ [ 15.188599, 60.415208 ], [ 21.169281, 65.270498 ] ] } },
{ "type": "Feature", "properties": { "voltage_kv": 380.0, "from_node": 77, "to_node": 135, "length_km": 686.04292682610082, "delaunay_k": 5, "edge_set": "Delaunay5" }, "geometry": { "type": "LineString", "coordinates": [ [ 15.188599, 60.415208 ], [ 21.656799, 65.826407 ] ] } },
{ "type": "Feature", "properties": { "voltage_kv": 380.0, "from_node": 77, "to_node": 145, "length_km": 732.69268297340557, "delaunay_k": 5, "edge_set": "Delaunay5" }, "geometry": { "type": "LineString", "coordinates": [ [ 15.188599, 60.415208 ], [ 23.072662, 65.938074 ] ] } },
{ "type": "Feature", "properties": { "voltage_kv": 380.0, "from_node": 78, "to_node": 79, "length_km": 552.27603215696445, "delaunay_k": 5, "edge_set": "Delaunay5" }, "geometry": { "type": "LineString", "coordinates": [ [ 15.195465, 58.28423 ], [ 15.206451, 63.237956 ] ] } },
{ "type": "Feature", "properties": { "voltage_kv": 380.0, "from_node": 78, "to_node": 98, "length_km": 485.2185610602416, "delaunay_k": 5, "edge_set": "Delaunay5" }, "geometry": { "type": "LineString", "coordinates": [ [ 15.195465, 58.28423 ], [ 17.024689, 62.540828 ] ] } },
{ "type": "Feature", "properties": { "voltage_kv": 380.0, "from_node": 78, "to_node": 106, "length_km": 482.26157958959078, "delaunay_k": 5, "edge_set": "Delaunay5" }, "geometry": { "type": "LineString", "coordinates": [ [ 15.195465, 58.28423 ], [ 17.468262, 62.460297 ] ] } },
{ "type": "Feature", "properties": { "voltage_kv": 380.0, "from_node": 79, "to_node": 87, "length_km": 507.45694954643534, "delaunay_k": 5, "edge_set": "Delaunay5" }, "geometry": { "type": "LineString", "coordinates": [ [ 15.206451, 63.237956 ], [ 16.035919, 58.70477 ] ] } },
{ "type": "Feature", "properties": { "voltage_kv": 380.0, "from_node": 79, "to_node": 91, "length_km": 480.73636208563732, "delaunay_k": 5, "edge_set": "Delaunay5" }, "geometry": { "type": "LineString", "coordinates": [ [ 15.206451, 63.237956 ], [ 16.660767, 58.984699 ] ] } },
{ "type": "Feature", "properties": { "voltage_kv": 380.0, "from_node": 79, "to_node": 104, "length_km": 557.21966627879431, "delaunay_k": 5, "edge_set": "Delaunay5" }, "geometry": { "type": "LineString", "coordinates": [ [ 15.206451, 63.237956 ], [ 17.288361, 68.158786 ] ] } },
{ "type": "Feature", "properties": { "voltage_kv": 380.0, "from_node": 79, "to_node": 122, "length_km": 667.76261301089642, "delaunay_k": 5, "edge_set": "Delaunay5" }, "geometry": { "type": "LineString", "coordinates": [ [ 15.206451, 63.237956 ], [ 18.864899, 69.038124 ] ] } },
{ "type": "Feature", "properties": { "voltage_kv": 380.0, "from_node": 79, "to_node": 124, "length_km": 687.67908108352412, "delaunay_k": 5, "edge_set": "Delaunay5" }, "geometry": { "type": "LineString", "coordinates": [ [ 15.206451, 63.237956 ], [ 19.24942, 69.183065 ] ] } },
{ "type": "Feature", "properties": { "voltage_kv": 380.0, "from_node": 79, "to_node": 153, "length_km": 525.67205070183581, "delaunay_k": 5, "edge_set": "Delaunay5" }, "geometry": { "type": "LineString", "coordinates": [ [ 15.206451, 63.237956 ], [ 24.411621, 65.781941 ] ] } },
{ "type": "Feature", "properties": { "voltage_kv": 380.0, "from_node": 79, "to_node": 155, "length_km": 538.87186152162428, "delaunay_k": 5, "edge_set": "Delaunay5" }, "geometry": { "type": "LineString", "coordinates": [ [ 15.206451, 63.237956 ], [ 24.612122, 65.877531 ] ] } },
{ "type": "Feature", "properties": { "voltage_kv": 380.0, "from_node": 79, "to_node": 163, "length_km": 593.15579343045931, "delaunay_k": 5, "edge_set": "Delaunay5" }, "geometry": { "type": "LineString", "coordinates": [ [ 15.206451, 63.237956 ], [ 25.415497, 66.285642 ] ] } },
{ "type": "Feature", "properties": { "voltage_kv": 380.0, "from_node": 80, "to_node": 94, "length_km": 656.07974435751089, "delaunay_k": 5, "edge_set": "Delaunay5" }, "geometry": { "type": "LineString", "coordinates": [ [ 15.231171, 59.466013 ], [ 16.876373, 65.299207 ] ] } },
{ "type": "Feature", "properties": { "voltage_kv": 380.0, "from_node": 81, "to_node": 100, "length_km": 582.72605336047434, "delaunay_k": 5, "edge_set": "Delaunay5" }, "geometry": { "type": "LineString", "coordinates": [ [ 15.387726, 60.052503 ], [ 17.049408, 65.221045 ] ] } },
{ "type": "Feature", "properties": { "voltage_kv": 380.0, "from_node": 81, "to_node": 107, "length_km": 562.49327472027915, "delaunay_k": 5, "edge_set": "Delaunay5" }, "geometry": { "type": "LineString", "coordinates": [ [ 15.387726, 60.052503 ], [ 17.541046, 64.996778 ] ] } },
{ "type": "Feature", "properties": { "voltage_kv": 380.0, "from_node": 81, "to_node": 121, "length_km": 788.40575627741589, "delaunay_k": 5, "edge_set": "Delaunay5" }, "geometry": { "type": "LineString", "coordinates": [ [ 15.387726, 60.052503 ], [ 18.639679, 66.970387 ] ] } },
{ "type": "Feature", "properties": { "voltage_kv": 380.0, "from_node": 81, "to_node": 123, "length_km": 524.74862325968388, "delaunay_k": 5, "edge_set": "Delaunay5" }, "geometry": { "type": "LineString", "coordinates": [ [ 15.387726, 60.052503 ], [ 19.029694, 64.440225 ] ] } },
{ "type": "Feature", "properties": { "voltage_kv": 380.0, "from_node": 81, "to_node": 129, "length_km": 493.55039958367109, "delaunay_k": 5, "edge_set": "Delaunay5" }, "geometry": { "type": "LineString", "coordinates": [ [ 15.387726, 60.052503 ], [ 20.047302, 63.896314 ] ] } },
{ "type": "Feature", "properties": { "voltage_kv": 380.0, "from_node": 81, "to_node": 130, "length_km": 762.81204716000582, "delaunay_k": 5, "edge_set": "Delaunay5" }, "geometry": { "type": "LineString", "coordinates": [ [ 15.387726, 60.052503 ], [ 20.429077, 66.505049 ] ] } },
{ "type": "Feature", "properties": { "voltage_kv": 380.0, "from_node": 82, "to_node": 100, "length_km": 543.22051683920722, "delaunay_k": 5, "edge_set": "Delaunay5" }, "geometry": { "type": "LineString", "coordinates": [ [ 15.442657, 60.406393 ], [ 17.049408, 65.221045 ] ] } },
{ "type": "Feature", "properties": { "voltage_kv": 380.0, "from_node": 82, "to_node": 107, "length_km": 523.15033653710373, "delaunay_k": 5, "edge_set": "Delaunay5" }, "geometry": { "type": "LineString", "coordinates": [ [ 15.442657, 60.406393 ], [ 17.541046, 64.996778 ] ] } },
{ "type": "Feature", "properties": { "voltage_kv": 380.0, "from_node": 82, "to_node": 121, "length_km": 749.05339474239952, "delaunay_k": 5, "edge_set": "Delaunay5" }, "geometry": { "type": "LineString", "coordinates": [ [ 15.442657, 60.406393 ], [ 18.639679, 66.970387 ] ] } },
{ "type": "Feature", "properties": { "voltage_kv": 380.0, "from_node": 82, "to_node": 125, "length_km": 560.87128891747568, "delaunay_k": 5, "edge_set": "Delaunay5" }, "geometry": { "type": "LineString", "coordinates": [ [ 15.442657, 60.406393 ], [ 19.736938, 65.032742 ] ] } },
{ "type": "Feature", "properties": { "voltage_kv": 380.0, "from_node": 82, "to_node": 130, "length_km": 724.24689155686576, "delaunay_k": 5, "edge_set": "Delaunay5" }, "geometry": { "type": "LineString", "coordinates": [ [ 15.442657, 60.406393 ], [ 20.429077, 66.505049 ] ] } },
{ "type": "Feature", "properties": { "voltage_kv": 380.0, "from_node": 82, "to_node": 132, "length_km": 616.04569925805595, "delaunay_k": 5, "edge_set": "Delaunay5" }, "geometry": { "type": "LineString", "coordinates": [ [ 15.442657, 60.406393 ], [ 21.169281, 65.270498 ] ] } },
{ "type": "Feature", "properties": { "voltage_kv": 380.0, "from_node": 84, "to_node": 98, "length_km": 533.07413719160604, "delaunay_k": 5, "edge_set": "Delaunay5" }, "geometry": { "type": "LineString", "coordinates": [ [ 15.757141, 67.288485 ], [ 17.024689, 62.540828 ] ] } },
{ "type": "Feature", "properties": { "voltage_kv": 380.0, "from_node": 84, "to_node": 154, "length_km": 512.34151227189102, "delaunay_k": 5, "edge_set": "Delaunay5" }, "geometry": { "type": "LineString", "coordinates": [ [ 15.757141, 67.288485 ], [ 24.517365, 64.423037 ] ] } },
{ "type": "Feature", "properties": { "voltage_kv": 380.0, "from_node": 84, "to_node": 166, "length_km": 522.86726871044743, "delaunay_k": 5, "edge_set": "Delaunay5" }, "geometry": { "type": "LineString", "coordinates": [ [ 15.757141, 67.288485 ], [ 25.808258, 64.971807 ] ] } },
{ "type": "Feature", "properties": { "voltage_kv": 380.0, "from_node": 84, "to_node": 168, "length_km": 533.17700925224108, "delaunay_k": 5, "edge_set": "Delaunay5" }, "geometry": { "type": "LineString", "coordinates": [ [ 15.757141, 67.288485 ], [ 26.05957, 64.965416 ] ] } },
{ "type": "Feature", "properties": { "voltage_kv": 380.0, "from_node": 84, "to_node": 173, "length_km": 635.28599238668437, "delaunay_k": 5, "edge_set": "Delaunay5" }, "geometry": { "type": "LineString", "coordinates": [ [ 15.757141, 67.288485 ], [ 27.204895, 64.101606 ] ] } },
{ "type": "Feature", "properties": { "voltage_kv": 380.0, "from_node": 84, "to_node": 175, "length_km": 720.64585632823946, "delaunay_k": 5, "edge_set": "Delaunay5" }, "geometry": { "type": "LineString", "coordinates": [ [ 15.757141, 67.288485 ], [ 27.585297, 63.154975 ] ] } },
{ "type": "Feature", "properties": { "voltage_kv": 380.0, "from_node": 84, "to_node": 176, "length_km": 800.74069019243245, "delaunay_k": 5, "edge_set": "Delaunay5" }, "geometry": { "type": "LineString", "coordinates": [ [ 15.757141, 67.288485 ], [ 27.766571, 62.262171 ] ] } },
{ "type": "Feature", "properties": { "voltage_kv": 380.0, "from_node": 85, "to_node": 165, "length_km": 511.46747205417904, "delaunay_k": 5, "edge_set": "Delaunay5" }, "geometry": { "type": "LineString", "coordinates": [ [ 15.846405, 63.582177 ], [ 25.694275, 65.279688 ] ] } },
{ "type": "Feature", "properties": { "voltage_kv": 380.0, "from_node": 85, "to_node": 171, "length_km": 611.39358810729527, "delaunay_k": 5, "edge_set": "Delaunay5" }, "geometry": { "type": "LineString", "coordinates": [ [ 15.846405, 63.582177 ], [ 27.030487, 66.33089 ] ] } },
{ "type": "Feature", "properties": { "voltage_kv": 380.0, "from_node": 86, "to_node": 98, "length_km": 566.961255046828, "delaunay_k": 5, "edge_set": "Delaunay5" }, "geometry": { "type": "LineString", "coordinates": [ [ 15.850525, 67.598233 ], [ 17.024689, 62.540828 ] ] } },
{ "type": "Feature", "properties": { "voltage_kv": 380.0, "from_node": 86, "to_node": 102, "length_km": 496.23181363379365, "delaunay_k": 5, "edge_set": "Delaunay5" }, "geometry": { "type": "LineString", "coordinates": [ [ 15.850525, 67.598233 ], [ 17.167511, 63.184727 ] ] } },
{ "type": "Feature", "properties": { "voltage_kv": 380.0, "from_node": 86, "to_node": 165, "length_km": 510.1469208897488, "delaunay_k": 5, "edge_set": "Delaunay5" }, "geometry": { "type": "LineString", "coordinates": [ [ 15.850525, 67.598233 ], [ 25.694275, 65.279688 ] ] } },
{ "type": "Feature", "properties": { "voltage_kv": 380.0, "from_node": 86, "to_node": 168, "length_km": 544.82519996188103, "delaunay_k": 5, "edge_set": "Delaunay5" }, "geometry": { "type": "LineString", "coordinates": [ [ 15.850525, 67.598233 ], [ 26.05957, 64.965416 ] ] } },
{ "type": "Feature", "properties": { "voltage_kv": 380.0, "from_node": 86, "to_node": 173, "length_km": 649.25622215373539, "delaunay_k": 5, "edge_set": "Delaunay5" }, "geometry": { "type": "LineString", "coordinates": [ [ 15.850525, 67.598233 ], [ 27.204895, 64.101606 ] ] } },
{ "type": "Feature", "properties": { "voltage_kv": 380.0, "from_node": 86, "to_node": 175, "length_km": 737.54233808382298, "delaunay_k": 5, "edge_set": "Delaunay5" }, "geometry": { "type": "LineString", "coordinates": [ [ 15.850525, 67.598233 ], [ 27.585297, 63.154975 ] ] } },
{ "type": "Feature", "properties": { "voltage_kv": 380.0, "from_node": 86, "to_node": 176, "length_km": 819.94374574177459, "delaunay_k": 5, "edge_set": "Delaunay5" }, "geometry": { "type": "LineString", "coordinates": [ [ 15.850525, 67.598233 ], [ 27.766571, 62.262171 ] ] } },
{ "type": "Feature", "properties": { "voltage_kv": 380.0, "from_node": 89, "to_node": 104, "length_km": 519.25157801918101, "delaunay_k": 5, "edge_set": "Delaunay5" }, "geometry": { "type": "LineString", "coordinates": [ [ 16.254272, 63.524685 ], [ 17.288361, 68.158786 ] ] } },
{ "type": "Feature", "properties": { "voltage_kv": 380.0, "from_node": 89, "to_node": 108, "length_km": 560.33826920649346, "delaunay_k": 5, "edge_set": "Delaunay5" }, "geometry": { "type": "LineString", "coordinates": [ [ 16.254272, 63.524685 ], [ 17.579498, 68.517173 ] ] } },
{ "type": "Feature", "properties": { "voltage_kv": 380.0, "from_node": 89, "to_node": 122, "length_km": 626.32259923335164, "delaunay_k": 5, "edge_set": "Delaunay5" }, "geometry": { "type": "LineString", "coordinates": [ [ 16.254272, 63.524685 ], [ 18.864899, 69.038124 ] ] } },
{ "type": "Feature", "properties": { "voltage_kv": 380.0, "from_node": 89, "to_node": 124, "length_km": 645.50656092708459, "delaunay_k": 5, "edge_set": "Delaunay5" }, "geometry": { "type": "LineString", "coordinates": [ [ 16.254272, 63.524685 ], [ 19.24942, 69.183065 ] ] } },
{ "type": "Feature", "properties": { "voltage_kv": 380.0, "from_node": 89, "to_node": 155, "length_km": 477.77934763175779, "delaunay_k": 5, "edge_set": "Delaunay5" }, "geometry": { "type": "LineString", "coordinates": [ [ 16.254272, 63.524685 ], [ 24.612122, 65.877531 ] ] } },
{ "type": "Feature", "properties": { "voltage_kv": 380.0, "from_node": 89, "to_node": 163, "length_km": 532.36589965829592, "delaunay_k": 5, "edge_set": "Delaunay5" }, "geometry": { "type": "LineString", "coordinates": [ [ 16.254272, 63.524685 ], [ 25.415497, 66.285642 ] ] } },
{ "type": "Feature", "properties": { "voltage_kv": 380.0, "from_node": 93, "to_node": 104, "length_km": 504.09750169057634, "delaunay_k": 5, "edge_set": "Delaunay5" }, "geometry": { "type": "LineString", "coordinates": [ [ 16.791229, 63.646259 ], [ 17.288361, 68.158786 ] ] } },
{ "type": "Feature", "properties": { "voltage_kv": 380.0, "from_node": 93, "to_node": 108, "length_km": 544.77300960381308, "delaunay_k": 5, "edge_set": "Delaunay5" }, "geometry": { "type": "LineString", "coordinates": [ [ 16.791229, 63.646259 ], [ 17.579498, 68.517173 ] ] } },
{ "type": "Feature", "properties": { "voltage_kv": 380.0, "from_node": 93, "to_node": 122, "length_km": 608.91747591072772, "delaunay_k": 5, "edge_set": "Delaunay5" }, "geometry": { "type": "LineString", "coordinates": [ [ 16.791229, 63.646259 ], [ 18.864899, 69.038124 ] ] } },
{ "type": "Feature", "properties": { "voltage_kv": 380.0, "from_node": 93, "to_node": 124, "length_km": 627.6492703258823, "delaunay_k": 5, "edge_set": "Delaunay5" }, "geometry": { "type": "LineString", "coordinates": [ [ 16.791229, 63.646259 ], [ 19.24942, 69.183065 ] ] } },
{ "type": "Feature", "properties": { "voltage_kv": 380.0, "from_node": 93, "to_node": 163, "length_km": 503.16743551713915, "delaunay_k": 5, "edge_set": "Delaunay5" }, "geometry": { "type": "LineString", "coordinates": [ [ 16.791229, 63.646259 ], [ 25.415497, 66.285642 ] ] } },
{ "type": "Feature", "properties": { "voltage_kv": 380.0, "from_node": 94, "to_node": 97, "length_km": 527.65883679828835, "delaunay_k": 5, "edge_set": "Delaunay5" }, "geometry": { "type": "LineString", "coordinates": [ [ 16.876373, 65.299207 ], [ 16.972504, 60.570102 ] ] } },
{ "type": "Feature", "properties": { "voltage_kv": 380.0, "from_node": 94, "to_node": 99, "length_km": 521.62191563074919, "delaunay_k": 5, "edge_set": "Delaunay5" }, "geometry": { "type": "LineString", "coordinates": [ [ 16.876373, 65.299207 ], [ 17.045288, 60.624713 ] ] } },
{ "type": "Feature", "properties": { "voltage_kv": 380.0, "from_node": 94, "to_node": 105, "length_km": 623.28565500478805, "delaunay_k": 5, "edge_set": "Delaunay5" }, "geometry": { "type": "LineString", "coordinates": [ [ 16.876373, 65.299207 ], [ 17.329559, 59.716945 ] ] } },
{ "type": "Feature", "properties": { "voltage_kv": 380.0, "from_node": 94, "to_node": 113, "length_km": 535.12274688468369, "delaunay_k": 5, "edge_set": "Delaunay5" }, "geometry": { "type": "LineString", "coordinates": [ [ 16.876373, 65.299207 ], [ 18.020325, 60.532293 ] ] } },
{ "type": "Feature", "properties": { "voltage_kv": 380.0, "from_node": 94, "to_node": 173, "length_km": 511.61052530875833, "delaunay_k": 5, "edge_set": "Delaunay5" }, "geometry": { "type": "LineString", "coordinates": [ [ 16.876373, 65.299207 ], [ 27.204895, 64.101606 ] ] } },
{ "type": "Feature", "properties": { "voltage_kv": 380.0, "from_node": 94, "to_node": 175, "length_km": 573.33944782919059, "delaunay_k": 5, "edge_set": "Delaunay5" }, "geometry": { "type": "LineString", "coordinates": [ [ 16.876373, 65.299207 ], [ 27.585297, 63.154975 ] ] } },
{ "type": "Feature", "properties": { "voltage_kv": 380.0, "from_node": 94, "to_node": 176, "length_km": 636.19698678079237, "delaunay_k": 5, "edge_set": "Delaunay5" }, "geometry": { "type": "LineString", "coordinates": [ [ 16.876373, 65.299207 ], [ 27.766571, 62.262171 ] ] } },
{ "type": "Feature", "properties": { "voltage_kv": 380.0, "from_node": 95, "to_node": 163, "length_km": 505.2116322316312, "delaunay_k": 5, "edge_set": "Delaunay5" }, "geometry": { "type": "LineString", "coordinates": [ [ 16.923065, 63.549164 ], [ 25.415497, 66.285642 ] ] } },
{ "type": "Feature", "properties": { "voltage_kv": 380.0, "from_node": 96, "to_node": 121, "length_km": 705.62104402803163, "delaunay_k": 5, "edge_set": "Delaunay5" }, "geometry": { "type": "LineString", "coordinates": [ [ 16.931305, 60.692679 ], [ 18.639679, 66.970387 ] ] } },
{ "type": "Feature", "properties": { "voltage_kv": 380.0, "from_node": 96, "to_node": 130, "length_km": 671.55398361680955, "delaunay_k": 5, "edge_set": "Delaunay5" }, "geometry": { "type": "LineString", "coordinates": [ [ 16.931305, 60.692679 ], [ 20.429077, 66.505049 ] ] } },
{ "type": "Feature", "properties": { "voltage_kv": 380.0, "from_node": 96, "to_node": 135, "length_km": 620.25365564411129, "delaunay_k": 5, "edge_set": "Delaunay5" }, "geometry": { "type": "LineString", "coordinates": [ [ 16.931305, 60.692679 ], [ 21.656799, 65.826407 ] ] } },
{ "type": "Feature", "properties": { "voltage_kv": 380.0, "from_node": 96, "to_node": 145, "length_km": 661.53646125526109, "delaunay_k": 5, "edge_set": "Delaunay5" }, "geometry": { "type": "LineString", "coordinates": [ [ 16.931305, 60.692679 ], [ 23.072662, 65.938074 ] ] } },
{ "type": "Feature", "properties": { "voltage_kv": 380.0, "from_node": 97, "to_node": 100, "length_km": 518.94317932816023, "delaunay_k": 5, "edge_set": "Delaunay5" }, "geometry": { "type": "LineString", "coordinates": [ [ 16.972504, 60.570102 ], [ 17.049408, 65.221045 ] ] } },
{ "type": "Feature", "properties": { "voltage_kv": 380.0, "from_node": 97, "to_node": 107, "length_km": 494.79138852309478, "delaunay_k": 5, "edge_set": "Delaunay5" }, "geometry": { "type": "LineString", "coordinates": [ [ 16.972504, 60.570102 ], [ 17.541046, 64.996778 ] ] } },
{ "type": "Feature", "properties": { "voltage_kv": 380.0, "from_node": 97, "to_node": 125, "length_km": 517.67986153388756, "delaunay_k": 5, "edge_set": "Delaunay5" }, "geometry": { "type": "LineString", "coordinates": [ [ 16.972504, 60.570102 ], [ 19.736938, 65.032742 ] ] } },
{ "type": "Feature", "properties": { "voltage_kv": 380.0, "from_node": 97, "to_node": 132, "length_km": 566.38686456599544, "delaunay_k": 5, "edge_set": "Delaunay5" }, "geometry": { "type": "LineString", "coordinates": [ [ 16.972504, 60.570102 ], [ 21.169281, 65.270498 ] ] } },
{ "type": "Feature", "properties": { "voltage_kv": 380.0, "from_node": 98, "to_node": 108, "length_km": 667.47134511590559, "delaunay_k": 5, "edge_set": "Delaunay5" }, "geometry": { "type": "LineString", "coordinates": [ [ 17.024689, 62.540828 ], [ 17.579498, 68.517173 ] ] } },
{ "type": "Feature", "properties": { "voltage_kv": 380.0, "from_node": 98, "to_node": 112, "length_km": 567.60590794424843, "delaunay_k": 5, "edge_set": "Delaunay5" }, "geometry": { "type": "LineString", "coordinates": [ [ 17.024689, 62.540828 ], [ 17.992859, 67.610267 ] ] } },
{ "type": "Feature", "properties": { "voltage_kv": 380.0, "from_node": 98, "to_node": 120, "length_km": 556.29225680100365, "delaunay_k": 5, "edge_set": "Delaunay5" }, "geometry": { "type": "LineString", "coordinates": [ [ 17.024689, 62.540828 ], [ 18.366394, 67.492803 ] ] } },
{ "type": "Feature", "properties": { "voltage_kv": 380.0, "from_node": 98, "to_node": 126, "length_km": 499.00520422280812, "delaunay_k": 5, "edge_set": "Delaunay5" }, "geometry": { "type": "LineString", "coordinates": [ [ 17.024689, 62.540828 ], [ 19.864655, 66.843267 ] ] } },
{ "type": "Feature", "properties": { "voltage_kv": 380.0, "from_node": 98, "to_node": 127, "length_km": 513.12323273363472, "delaunay_k": 5, "edge_set": "Delaunay5" }, "geometry": { "type": "LineString", "coordinates": [ [ 17.024689, 62.540828 ], [ 19.866028, 66.975221 ] ] } },
{ "type": "Feature", "properties": { "voltage_kv": 380.0, "from_node": 98, "to_node": 128, "length_km": 489.26677797938942, "delaunay_k": 5, "edge_set": "Delaunay5" }, "geometry": { "type": "LineString", "coordinates": [ [ 17.024689, 62.540828 ], [ 20.037689, 66.729595 ] ] } },
{ "type": "Feature", "properties": { "voltage_kv": 380.0, "from_node": 98, "to_node": 131, "length_km": 489.20108942215654, "delaunay_k": 5, "edge_set": "Delaunay5" }, "geometry": { "type": "LineString", "coordinates": [ [ 17.024689, 62.540828 ], [ 20.452423, 66.669299 ] ] } },
{ "type": "Feature", "properties": { "voltage_kv": 380.0, "from_node": 98, "to_node": 145, "length_km": 479.6818314545103, "delaunay_k": 5, "edge_set": "Delaunay5" }, "geometry": { "type": "LineString", "coordinates": [ [ 17.024689, 62.540828 ], [ 23.072662, 65.938074 ] ] } },
{ "type": "Feature", "properties": { "voltage_kv": 380.0, "from_node": 99, "to_node": 100, "length_km": 512.84381015652411, "delaunay_k": 5, "edge_set": "Delaunay5" }, "geometry": { "type": "LineString", "coordinates": [ [ 17.045288, 60.624713 ], [ 17.049408, 65.221045 ] ] } },
{ "type": "Feature", "properties": { "voltage_kv": 380.0, "from_node": 99, "to_node": 107, "length_km": 488.50966299870095, "delaunay_k": 5, "edge_set": "Delaunay5" }, "geometry": { "type": "LineString", "coordinates": [ [ 17.045288, 60.624713 ], [ 17.541046, 64.996778 ] ] } },
{ "type": "Feature", "properties": { "voltage_kv": 380.0, "from_node": 99, "to_node": 125, "length_km": 510.78664826985579, "delaunay_k": 5, "edge_set": "Delaunay5" }, "geometry": { "type": "LineString", "coordinates": [ [ 17.045288, 60.624713 ], [ 19.736938, 65.032742 ] ] } },
{ "type": "Feature", "properties": { "voltage_kv": 380.0, "from_node": 99, "to_node": 132, "length_km": 559.29351887572773, "delaunay_k": 5, "edge_set": "Delaunay5" }, "geometry": { "type": "LineString", "coordinates": [ [ 17.045288, 60.624713 ], [ 21.169281, 65.270498 ] ] } },
{ "type": "Feature", "properties": { "voltage_kv": 380.0, "from_node": 100, "to_node": 113, "length_km": 525.57921435399192, "delaunay_k": 5, "edge_set": "Delaunay5" }, "geometry": { "type": "LineString", "coordinates": [ [ 17.049408, 65.221045 ], [ 18.020325, 60.532293 ] ] } },
{ "type": "Feature", "properties": { "voltage_kv": 380.0, "from_node": 100, "to_node": 173, "length_km": 502.11079454055073, "delaunay_k": 5, "edge_set": "Delaunay5" }, "geometry": { "type": "LineString", "coordinates": [ [ 17.049408, 65.221045 ], [ 27.204895, 64.101606 ] ] } },
{ "type": "Feature", "properties": { "voltage_kv": 380.0, "from_node": 100, "to_node": 175, "length_km": 562.78653509880235, "delaunay_k": 5, "edge_set": "Delaunay5" }, "geometry": { "type": "LineString", "coordinates": [ [ 17.049408, 65.221045 ], [ 27.585297, 63.154975 ] ] } },
{ "type": "Feature", "properties": { "voltage_kv": 380.0, "from_node": 100, "to_node": 176, "length_km": 625.012317290282, "delaunay_k": 5, "edge_set": "Delaunay5" }, "geometry": { "type": "LineString", "coordinates": [ [ 17.049408, 65.221045 ], [ 27.766571, 62.262171 ] ] } },
{ "type": "Feature", "properties": { "voltage_kv": 380.0, "from_node": 102, "to_node": 108, "length_km": 595.44443030952095, "delaunay_k": 5, "edge_set": "Delaunay5" }, "geometry": { "type": "LineString", "coordinates": [ [ 17.167511, 63.184727 ], [ 17.579498, 68.517173 ] ] } },
{ "type": "Feature", "properties": { "voltage_kv": 380.0, "from_node": 102, "to_node": 112, "length_km": 495.42736173234698, "delaunay_k": 5, "edge_set": "Delaunay5" }, "geometry": { "type": "LineString", "coordinates": [ [ 17.167511, 63.184727 ], [ 17.992859, 67.610267 ] ] } },
{ "type": "Feature", "properties": { "voltage_kv": 380.0, "from_node": 102, "to_node": 120, "length_km": 484.0794141901838, "delaunay_k": 5, "edge_set": "Delaunay5" }, "geometry": { "type": "LineString", "coordinates": [ [ 17.167511, 63.184727 ], [ 18.366394, 67.492803 ] ] } },
{ "type": "Feature", "properties": { "voltage_kv": 380.0, "from_node": 102, "to_node": 163, "length_km": 524.0815883517073, "delaunay_k": 5, "edge_set": "Delaunay5" }, "geometry": { "type": "LineString", "coordinates": [ [ 17.167511, 63.184727 ], [ 25.415497, 66.285642 ] ] } },
{ "type": "Feature", "properties": { "voltage_kv": 380.0, "from_node": 104, "to_node": 129, "length_km": 492.07968936079379, "delaunay_k": 5, "edge_set": "Delaunay5" }, "geometry": { "type": "LineString", "coordinates": [ [ 17.288361, 68.158786 ], [ 20.047302, 63.896314 ] ] } },
{ "type": "Feature", "properties": { "voltage_kv": 380.0, "from_node": 104, "to_node": 165, "length_km": 491.18076457347604, "delaunay_k": 5, "edge_set": "Delaunay5" }, "geometry": { "type": "LineString", "coordinates": [ [ 17.288361, 68.158786 ], [ 25.694275, 65.279688 ] ] } },
{ "type": "Feature", "properties": { "voltage_kv": 380.0, "from_node": 104, "to_node": 168, "length_km": 528.39676911359675, "delaunay_k": 5, "edge_set": "Delaunay5" }, "geometry": { "type": "LineString", "coordinates": [ [ 17.288361, 68.158786 ], [ 26.05957, 64.965416 ] ] } },
{ "type": "Feature", "properties": { "voltage_kv": 380.0, "from_node": 104, "to_node": 173, "length_km": 637.45234721568204, "delaunay_k": 5, "edge_set": "Delaunay5" }, "geometry": { "type": "LineString", "coordinates": [ [ 17.288361, 68.158786 ], [ 27.204895, 64.101606 ] ] } },
{ "type": "Feature", "properties": { "voltage_kv": 380.0, "from_node": 104, "to_node": 175, "length_km": 732.86145986631323, "delaunay_k": 5, "edge_set": "Delaunay5" }, "geometry": { "type": "LineString", "coordinates": [ [ 17.288361, 68.158786 ], [ 27.585297, 63.154975 ] ] } },
{ "type": "Feature", "properties": { "voltage_kv": 380.0, "from_node": 104, "to_node": 176, "length_km": 821.23607146853976, "delaunay_k": 5, "edge_set": "Delaunay5" }, "geometry": { "type": "LineString", "coordinates": [ [ 17.288361, 68.158786 ], [ 27.766571, 62.262171 ] ] } },
{ "type": "Feature", "properties": { "voltage_kv": 380.0, "from_node": 105, "to_node": 123, "length_km": 534.61814467172803, "delaunay_k": 5, "edge_set": "Delaunay5" }, "geometry": { "type": "LineString", "coordinates": [ [ 17.329559, 59.716945 ], [ 19.029694, 64.440225 ] ] } },
{ "type": "Feature", "properties": { "voltage_kv": 380.0, "from_node": 105, "to_node": 129, "length_km": 488.08069699144932, "delaunay_k": 5, "edge_set": "Delaunay5" }, "geometry": { "type": "LineString", "coordinates": [ [ 17.329559, 59.716945 ], [ 20.047302, 63.896314 ] ] } },
{ "type": "Feature", "properties": { "voltage_kv": 380.0, "from_node": 106, "to_node": 121, "length_km": 506.52187779646346, "delaunay_k": 5, "edge_set": "Delaunay5" }, "geometry": { "type": "LineString", "coordinates": [ [ 17.468262, 62.460297 ], [ 18.639679, 66.970387 ] ] } },
{ "type": "Feature", "properties": { "voltage_kv": 380.0, "from_node": 106, "to_node": 128, "length_km": 492.25731928323046, "delaunay_k": 5, "edge_set": "Delaunay5" }, "geometry": { "type": "LineString", "coordinates": [ [ 17.468262, 62.460297 ], [ 20.037689, 66.729595 ] ] } },
{ "type": "Feature", "properties": { "voltage_kv": 380.0, "from_node": 106, "to_node": 131, "length_km": 491.21728997421042, "delaunay_k": 5, "edge_set": "Delaunay5" }, "geometry": { "type": "LineString", "coordinates": [ [ 17.468262, 62.460297 ], [ 20.452423, 66.669299 ] ] } },
{ "type": "Feature", "properties": { "voltage_kv": 380.0, "from_node": 106, "to_node": 153, "length_km": 502.31978859119351, "delaunay_k": 5, "edge_set": "Delaunay5" }, "geometry": { "type": "LineString", "coordinates": [ [ 17.468262, 62.460297 ], [ 24.411621, 65.781941 ] ] } },
{ "type": "Feature", "properties": { "voltage_kv": 380.0, "from_node": 106, "to_node": 155, "length_km": 516.38358221479405, "delaunay_k": 5, "edge_set": "Delaunay5" }, "geometry": { "type": "LineString", "coordinates": [ [ 17.468262, 62.460297 ], [ 24.612122, 65.877531 ] ] } },
{ "type": "Feature", "properties": { "voltage_kv": 380.0, "from_node": 106, "to_node": 163, "length_km": 574.44880656628925, "delaunay_k": 5, "edge_set": "Delaunay5" }, "geometry": { "type": "LineString", "coordinates": [ [ 17.468262, 62.460297 ], [ 25.415497, 66.285642 ] ] } },
{ "type": "Feature", "properties": { "voltage_kv": 380.0, "from_node": 107, "to_node": 113, "length_km": 498.87329274041048, "delaunay_k": 5, "edge_set": "Delaunay5" }, "geometry": { "type": "LineString", "coordinates": [ [ 17.541046, 64.996778 ], [ 18.020325, 60.532293 ] ] } },
{ "type": "Feature", "properties": { "voltage_kv": 380.0, "from_node": 108, "to_node": 129, "length_km": 527.79103345868805, "delaunay_k": 5, "edge_set": "Delaunay5" }, "geometry": { "type": "LineString", "coordinates": [ [ 17.579498, 68.517173 ], [ 20.047302, 63.896314 ] ] } },
{ "type": "Feature", "properties": { "voltage_kv": 380.0, "from_node": 108, "to_node": 151, "length_km": 691.05742648174601, "delaunay_k": 5, "edge_set": "Delaunay5" }, "geometry": { "type": "LineString", "coordinates": [ [ 17.579498, 68.517173 ], [ 24.285278, 62.976446 ] ] } },
{ "type": "Feature", "properties": { "voltage_kv": 380.0, "from_node": 108, "to_node": 154, "length_km": 552.10962680888713, "delaunay_k": 5, "edge_set": "Delaunay5" }, "geometry": { "type": "LineString", "coordinates": [ [ 17.579498, 68.517173 ], [ 24.517365, 64.423037 ] ] } },
{ "type": "Feature", "properties": { "voltage_kv": 380.0, "from_node": 108, "to_node": 159, "length_km": 603.20999350077534, "delaunay_k": 5, "edge_set": "Delaunay5" }, "geometry": { "type": "LineString", "coordinates": [ [ 17.579498, 68.517173 ], [ 24.965057, 64.008479 ] ] } },
{ "type": "Feature", "properties": { "voltage_kv": 380.0, "from_node": 108, "to_node": 166, "length_km": 537.22073886237399, "delaunay_k": 5, "edge_set": "Delaunay5" }, "geometry": { "type": "LineString", "coordinates": [ [ 17.579498, 68.517173 ], [ 25.808258, 64.971807 ] ] } },
{ "type": "Feature", "properties": { "voltage_kv": 380.0, "from_node": 108, "to_node": 167, "length_km": 793.69948540257951, "delaunay_k": 5, "edge_set": "Delaunay5" }, "geometry": { "type": "LineString", "coordinates": [ [ 17.579498, 68.517173 ], [ 26.032104, 62.340686 ] ] } },
{ "type": "Feature", "properties": { "voltage_kv": 380.0, "from_node": 108, "to_node": 174, "length_km": 909.28329890122325, "delaunay_k": 5, "edge_set": "Delaunay5" }, "geometry": { "type": "LineString", "coordinates": [ [ 17.579498, 68.517173 ], [ 27.305145, 61.489282 ] ] } },
{ "type": "Feature", "properties": { "voltage_kv": 380.0, "from_node": 108, "to_node": 177, "length_km": 984.09462711423441, "delaunay_k": 5, "edge_set": "Delaunay5" }, "geometry": { "type": "LineString", "coordinates": [ [ 17.579498, 68.517173 ], [ 27.919006, 60.893713 ] ] } },
{ "type": "Feature", "properties": { "voltage_kv": 380.0, "from_node": 112, "to_node": 173, "length_km": 575.49060614421671, "delaunay_k": 5, "edge_set": "Delaunay5" }, "geometry": { "type": "LineString", "coordinates": [ [ 17.992859, 67.610267 ], [ 27.204895, 64.101606 ] ] } },
{ "type": "Feature", "properties": { "voltage_kv": 380.0, "from_node": 112, "to_node": 175, "length_km": 668.8391471789248, "delaunay_k": 5, "edge_set": "Delaunay5" }, "geometry": { "type": "LineString", "coordinates": [ [ 17.992859, 67.610267 ], [ 27.585297, 63.154975 ] ] } },
{ "type": "Feature", "properties": { "voltage_kv": 380.0, "from_node": 112, "to_node": 176, "length_km": 755.81955770081265, "delaunay_k": 5, "edge_set": "Delaunay5" }, "geometry": { "type": "LineString", "coordinates": [ [ 17.992859, 67.610267 ], [ 27.766571, 62.262171 ] ] } },
{ "type": "Feature", "properties": { "voltage_kv": 380.0, "from_node": 113, "to_node": 125, "length_km": 510.07422171255303, "delaunay_k": 5, "edge_set": "Delaunay5" }, "geometry": { "type": "LineString", "coordinates": [ [ 18.020325, 60.532293 ], [ 19.736938, 65.032742 ] ] } },
{ "type": "Feature", "properties": { "voltage_kv": 380.0, "from_node": 113, "to_node": 132, "length_km": 552.8490071693135, "delaunay_k": 5, "edge_set": "Delaunay5" }, "geometry": { "type": "LineString", "coordinates": [ [ 18.020325, 60.532293 ], [ 21.169281, 65.270498 ] ] } },
{ "type": "Feature", "properties": { "voltage_kv": 380.0, "from_node": 119, "to_node": 124, "length_km": 647.15086280817934, "delaunay_k": 5, "edge_set": "Delaunay5" }, "geometry": { "type": "LineString", "coordinates": [ [ 18.242798, 63.401361 ], [ 19.24942, 69.183065 ] ] } },
{ "type": "Feature", "properties": { "voltage_kv": 380.0, "from_node": 119, "to_node": 171, "length_km": 530.44931192445961, "delaunay_k": 5, "edge_set": "Delaunay5" }, "geometry": { "type": "LineString", "coordinates": [ [ 18.242798, 63.401361 ], [ 27.030487, 66.33089 ] ] } },
{ "type": "Feature", "properties": { "voltage_kv": 380.0, "from_node": 120, "to_node": 151, "length_km": 575.71776821171761, "delaunay_k": 5, "edge_set": "Delaunay5" }, "geometry": { "type": "LineString", "coordinates": [ [ 18.366394, 67.492803 ], [ 24.285278, 62.976446 ] ] } },
{ "type": "Feature", "properties": { "voltage_kv": 380.0, "from_node": 120, "to_node": 159, "length_km": 493.34600452550114, "delaunay_k": 5, "edge_set": "Delaunay5" }, "geometry": { "type": "LineString", "coordinates": [ [ 18.366394, 67.492803 ], [ 24.965057, 64.008479 ] ] } },
{ "type": "Feature", "properties": { "voltage_kv": 380.0, "from_node": 120, "to_node": 167, "length_km": 680.77110512512786, "delaunay_k": 5, "edge_set": "Delaunay5" }, "geometry": { "type": "LineString", "coordinates": [ [ 18.366394, 67.492803 ], [ 26.032104, 62.340686 ] ] } },
{ "type": "Feature", "properties": { "voltage_kv": 380.0, "from_node": 120, "to_node": 174, "length_km": 797.10483430169882, "delaunay_k": 5, "edge_set": "Delaunay5" }, "geometry": { "type": "LineString", "coordinates": [ [ 18.366394, 67.492803 ], [ 27.305145, 61.489282 ] ] } },
{ "type": "Feature", "properties": { "voltage_kv": 380.0, "from_node": 120, "to_node": 177, "length_km": 871.86192056971902, "delaunay_k": 5, "edge_set": "Delaunay5" }, "geometry": { "type": "LineString", "coordinates": [ [ 18.366394, 67.492803 ], [ 27.919006, 60.893713 ] ] } },
{ "type": "Feature", "properties": { "voltage_kv": 380.0, "from_node": 121, "to_node": 151, "length_km": 520.11366758839608, "delaunay_k": 5, "edge_set": "Delaunay5" }, "geometry": { "type": "LineString", "coordinates": [ [ 18.639679, 66.970387 ], [ 24.285278, 62.976446 ] ] } },
{ "type": "Feature", "properties": { "voltage_kv": 380.0, "from_node": 121, "to_node": 167, "length_km": 626.89754387379105, "delaunay_k": 5, "edge_set": "Delaunay5" }, "geometry": { "type": "LineString", "coordinates": [ [ 18.639679, 66.970387 ], [ 26.032104, 62.340686 ] ] } },
{ "type": "Feature", "properties": { "voltage_kv": 380.0, "from_node": 121, "to_node": 174, "length_km": 743.6081519115628, "delaunay_k": 5, "edge_set": "Delaunay5" }, "geometry": { "type": "LineString", "coordinates": [ [ 18.639679, 66.970387 ], [ 27.305145, 61.489282 ] ] } },
{ "type": "Feature", "properties": { "voltage_kv": 380.0, "from_node": 121, "to_node": 177, "length_km": 818.23372239954597, "delaunay_k": 5, "edge_set": "Delaunay5" }, "geometry": { "type": "LineString", "coordinates": [ [ 18.639679, 66.970387 ], [ 27.919006, 60.893713 ] ] } },
{ "type": "Feature", "properties": { "voltage_kv": 380.0, "from_node": 122, "to_node": 123, "length_km": 513.51360799819383, "delaunay_k": 5, "edge_set": "Delaunay5" }, "geometry": { "type": "LineString", "coordinates": [ [ 18.864899, 69.038124 ], [ 19.029694, 64.440225 ] ] } },
{ "type": "Feature", "properties": { "voltage_kv": 380.0, "from_node": 122, "to_node": 129, "length_km": 576.72297171439345, "delaunay_k": 5, "edge_set": "Delaunay5" }, "geometry": { "type": "LineString", "coordinates": [ [ 18.864899, 69.038124 ], [ 20.047302, 63.896314 ] ] } },
{ "type": "Feature", "properties": { "voltage_kv": 380.0, "from_node": 122, "to_node": 141, "length_km": 718.96569367890049, "delaunay_k": 5, "edge_set": "Delaunay5" }, "geometry": { "type": "LineString", "coordinates": [ [ 18.864899, 69.038124 ], [ 22.633209, 62.789912 ] ] } },
{ "type": "Feature", "properties": { "voltage_kv": 380.0, "from_node": 122, "to_node": 144, "length_km": 614.73404422291833, "delaunay_k": 5, "edge_set": "Delaunay5" }, "geometry": { "type": "LineString", "coordinates": [ [ 18.864899, 69.038124 ], [ 23.047943, 63.797043 ] ] } },
{ "type": "Feature", "properties": { "voltage_kv": 380.0, "from_node": 122, "to_node": 146, "length_km": 611.16082840902504, "delaunay_k": 5, "edge_set": "Delaunay5" }, "geometry": { "type": "LineString", "coordinates": [ [ 18.864899, 69.038124 ], [ 23.1427, 63.842485 ] ] } },
{ "type": "Feature", "properties": { "voltage_kv": 380.0, "from_node": 122, "to_node": 149, "length_km": 875.26773538558393, "delaunay_k": 5, "edge_set": "Delaunay5" }, "geometry": { "type": "LineString", "coordinates": [ [ 18.864899, 69.038124 ], [ 24.083405, 61.516146 ] ] } },
{ "type": "Feature", "properties": { "voltage_kv": 380.0, "from_node": 122, "to_node": 161, "length_km": 854.26301722597441, "delaunay_k": 5, "edge_set": "Delaunay5" }, "geometry": { "type": "LineString", "coordinates": [ [ 18.864899, 69.038124 ], [ 25.158691, 61.855501 ] ] } },
{ "type": "Feature", "properties": { "voltage_kv": 380.0, "from_node": 122, "to_node": 169, "length_km": 1026.6005409052989, "delaunay_k": 5, "edge_set": "Delaunay5" }, "geometry": { "type": "LineString", "coordinates": [ [ 18.864899, 69.038124 ], [ 26.294403, 60.418598 ] ] } },
{ "type": "Feature", "properties": { "voltage_kv": 380.0, "from_node": 122, "to_node": 170, "length_km": 984.43328352136359, "delaunay_k": 5, "edge_set": "Delaunay5" }, "geometry": { "type": "LineString", "coordinates": [ [ 18.864899, 69.038124 ], [ 26.621246, 60.865644 ] ] } },
{ "type": "Feature", "properties": { "voltage_kv": 380.0, "from_node": 122, "to_node": 172, "length_km": 1006.0584383962909, "delaunay_k": 5, "edge_set": "Delaunay5" }, "geometry": { "type": "LineString", "coordinates": [ [ 18.864899, 69.038124 ], [ 27.063446, 60.737015 ] ] } },
{ "type": "Feature", "properties": { "voltage_kv": 380.0, "from_node": 123, "to_node": 124, "length_km": 529.76885039194315, "delaunay_k": 5, "edge_set": "Delaunay5" }, "geometry": { "type": "LineString", "coordinates": [ [ 19.029694, 64.440225 ], [ 19.24942, 69.183065 ] ] } },
{ "type": "Feature", "properties": { "voltage_kv": 380.0, "from_node": 124, "to_node": 134, "length_km": 789.50952778112458, "delaunay_k": 5, "edge_set": "Delaunay5" }, "geometry": { "type": "LineString", "coordinates": [ [ 19.24942, 69.183065 ], [ 21.604614, 62.184091 ] ] } },
{ "type": "Feature", "properties": { "voltage_kv": 380.0, "from_node": 124, "to_node": 138, "length_km": 697.93230700105892, "delaunay_k": 5, "edge_set": "Delaunay5" }, "geometry": { "type": "LineString", "coordinates": [ [ 19.24942, 69.183065 ], [ 21.902618, 63.030057 ] ] } },
{ "type": "Feature", "properties": { "voltage_kv": 380.0, "from_node": 124, "to_node": 139, "length_km": 870.81319064696072, "delaunay_k": 5, "edge_set": "Delaunay5" }, "geometry": { "type": "LineString", "coordinates": [ [ 19.24942, 69.183065 ], [ 22.105865, 61.482071 ] ] } },
{ "type": "Feature", "properties": { "voltage_kv": 380.0, "from_node": 124, "to_node": 142, "length_km": 910.09959861611685, "delaunay_k": 5, "edge_set": "Delaunay5" }, "geometry": { "type": "LineString", "coordinates": [ [ 19.24942, 69.183065 ], [ 22.822723, 61.179005 ] ] } },
{ "type": "Feature", "properties": { "voltage_kv": 380.0, "from_node": 124, "to_node": 147, "length_km": 955.74539455735544, "delaunay_k": 5, "edge_set": "Delaunay5" }, "geometry": { "type": "LineString", "coordinates": [ [ 19.24942, 69.183065 ], [ 23.579407, 60.830188 ] ] } },
{ "type": "Feature", "properties": { "voltage_kv": 380.0, "from_node": 124, "to_node": 148, "length_km": 1044.3751799825181, "delaunay_k": 5, "edge_set": "Delaunay5" }, "geometry": { "type": "LineString", "coordinates": [ [ 19.24942, 69.183065 ], [ 23.819733, 60.047704 ] ] } },
{ "type": "Feature", "properties": { "voltage_kv": 380.0, "from_node": 124, "to_node": 152, "length_km": 909.41685475658039, "delaunay_k": 5, "edge_set": "Delaunay5" }, "geometry": { "type": "LineString", "coordinates": [ [ 19.24942, 69.183065 ], [ 24.403381, 61.338151 ] ] } },
{ "type": "Feature", "properties": { "voltage_kv": 380.0, "from_node": 124, "to_node": 156, "length_km": 1036.2867565929678, "delaunay_k": 5, "edge_set": "Delaunay5" }, "geometry": { "type": "LineString", "coordinates": [ [ 19.24942, 69.183065 ], [ 24.656067, 60.20571 ] ] } },
{ "type": "Feature", "properties": { "voltage_kv": 380.0, "from_node": 124, "to_node": 157, "length_km": 963.0252507849118, "delaunay_k": 5, "edge_set": "Delaunay5" }, "geometry": { "type": "LineString", "coordinates": [ [ 19.24942, 69.183065 ], [ 24.915619, 60.906402 ] ] } },
{ "type": "Feature", "properties": { "voltage_kv": 380.0, "from_node": 124, "to_node": 162, "length_km": 1024.3969638423, "delaunay_k": 5, "edge_set": "Delaunay5" }, "geometry": { "type": "LineString", "coordinates": [ [ 19.24942, 69.183065 ], [ 25.209503, 60.378575 ] ] } },
{ "type": "Feature", "properties": { "voltage_kv": 380.0, "from_node": 124, "to_node": 164, "length_km": 1020.7256740017584, "delaunay_k": 5, "edge_set": "Delaunay5" }, "geometry": { "type": "LineString", "coordinates": [ [ 19.24942, 69.183065 ], [ 25.659943, 60.469404 ] ] } },
{ "type": "Feature", "properties": { "voltage_kv": 380.0, "from_node": 125, "to_node": 176, "length_km": 505.53210037191081, "delaunay_k": 5, "edge_set": "Delaunay5" }, "geometry": { "type": "LineString", "coordinates": [ [ 19.736938, 65.032742 ], [ 27.766571, 62.262171 ] ] } },
{ "type": "Feature", "properties": { "voltage_kv": 380.0, "from_node": 126, "to_node": 151, "length_km": 480.53530124285521, "delaunay_k": 5, "edge_set": "Delaunay5" }, "geometry": { "type": "LineString", "coordinates": [ [ 19.864655, 66.843267 ], [ 24.285278, 62.976446 ] ] } },
{ "type": "Feature", "properties": { "voltage_kv": 380.0, "from_node": 126, "to_node": 167, "length_km": 584.20070581746779, "delaunay_k": 5, "edge_set": "Delaunay5" }, "geometry": { "type": "LineString", "coordinates": [ [ 19.864655, 66.843267 ], [ 26.032104, 62.340686 ] ] } },
{ "type": "Feature", "properties": { "voltage_kv": 380.0, "from_node": 126, "to_node": 174, "length_km": 700.30465345299638, "delaunay_k": 5, "edge_set": "Delaunay5" }, "geometry": { "type": "LineString", "coordinates": [ [ 19.864655, 66.843267 ], [ 27.305145, 61.489282 ] ] } },
{ "type": "Feature", "properties": { "voltage_kv": 380.0, "from_node": 126, "to_node": 177, "length_km": 775.09457250144771, "delaunay_k": 5, "edge_set": "Delaunay5" }, "geometry": { "type": "LineString", "coordinates": [ [ 19.864655, 66.843267 ], [ 27.919006, 60.893713 ] ] } },
{ "type": "Feature", "properties": { "voltage_kv": 380.0, "from_node": 127, "to_node": 141, "length_km": 485.93353650610385, "delaunay_k": 5, "edge_set": "Delaunay5" }, "geometry": { "type": "LineString", "coordinates": [ [ 19.866028, 66.975221 ], [ 22.633209, 62.789912 ] ] } },
{ "type": "Feature", "properties": { "voltage_kv": 380.0, "from_node": 127, "to_node": 149, "length_km": 643.91236504731239, "delaunay_k": 5, "edge_set": "Delaunay5" }, "geometry": { "type": "LineString", "coordinates": [ [ 19.866028, 66.975221 ], [ 24.083405, 61.516146 ] ] } },
{ "type": "Feature", "properties": { "voltage_kv": 380.0, "from_node": 127, "to_node": 161, "length_km": 627.05926210118719, "delaunay_k": 5, "edge_set": "Delaunay5" }, "geometry": { "type": "LineString", "coordinates": [ [ 19.866028, 66.975221 ], [ 25.158691, 61.855501 ] ] } },
{ "type": "Feature", "properties": { "voltage_kv": 380.0, "from_node": 127, "to_node": 169, "length_km": 799.71219164420438, "delaunay_k": 5, "edge_set": "Delaunay5" }, "geometry": { "type": "LineString", "coordinates": [ [ 19.866028, 66.975221 ], [ 26.294403, 60.418598 ] ] } },
{ "type": "Feature", "properties": { "voltage_kv": 380.0, "from_node": 127, "to_node": 170, "length_km": 759.95219630360486, "delaunay_k": 5, "edge_set": "Delaunay5" }, "geometry": { "type": "LineString", "coordinates": [ [ 19.866028, 66.975221 ], [ 26.621246, 60.865644 ] ] } },
{ "type": "Feature", "properties": { "voltage_kv": 380.0, "from_node": 127, "to_node": 172, "length_km": 782.94072735733482, "delaunay_k": 5, "edge_set": "Delaunay5" }, "geometry": { "type": "LineString", "coordinates": [ [ 19.866028, 66.975221 ], [ 27.063446, 60.737015 ] ] } },
{ "type": "Feature", "properties": { "voltage_kv": 380.0, "from_node": 128, "to_node": 167, "length_km": 569.39713570058609, "delaunay_k": 5, "edge_set": "Delaunay5" }, "geometry": { "type": "LineString", "coordinates": [ [ 20.037689, 66.729595 ], [ 26.032104, 62.340686 ] ] } },
{ "type": "Feature", "properties": { "voltage_kv": 380.0, "from_node": 128, "to_node": 174, "length_km": 685.51731212976858, "delaunay_k": 5, "edge_set": "Delaunay5" }, "geometry": { "type": "LineString", "coordinates": [ [ 20.037689, 66.729595 ], [ 27.305145, 61.489282 ] ] } },
{ "type": "Feature", "properties": { "voltage_kv": 380.0, "from_node": 128, "to_node": 177, "length_km": 760.30499927082815, "delaunay_k": 5, "edge_set": "Delaunay5" }, "geometry": { "type": "LineString", "coordinates": [ [ 20.037689, 66.729595 ], [ 27.919006, 60.893713 ] ] } },
{ "type": "Feature", "properties": { "voltage_kv": 380.0, "from_node": 130, "to_node": 167, "length_km": 538.89723855887507, "delaunay_k": 5, "edge_set": "Delaunay5" }, "geometry": { "type": "LineString", "coordinates": [ [ 20.429077, 66.505049 ], [ 26.032104, 62.340686 ] ] } },
{ "type": "Feature", "properties": { "voltage_kv": 380.0, "from_node": 130, "to_node": 174, "length_km": 655.0021611300175, "delaunay_k": 5, "edge_set": "Delaunay5" }, "geometry": { "type": "LineString", "coordinates": [ [ 20.429077, 66.505049 ], [ 27.305145, 61.489282 ] ] } },
{ "type": "Feature", "properties": { "voltage_kv": 380.0, "from_node": 130, "to_node": 177, "length_km": 729.79072974292285, "delaunay_k": 5, "edge_set": "Delaunay5" }, "geometry": { "type": "LineString", "coordinates": [ [ 20.429077, 66.505049 ], [ 27.919006, 60.893713 ] ] } },
{ "type": "Feature", "properties": { "voltage_kv": 380.0, "from_node": 131, "to_node": 149, "length_km": 603.08697092038904, "delaunay_k": 5, "edge_set": "Delaunay5" }, "geometry": { "type": "LineString", "coordinates": [ [ 20.452423, 66.669299 ], [ 24.083405, 61.516146 ] ] } },
{ "type": "Feature", "properties": { "voltage_kv": 380.0, "from_node": 131, "to_node": 161, "length_km": 585.07300307499042, "delaunay_k": 5, "edge_set": "Delaunay5" }, "geometry": { "type": "LineString", "coordinates": [ [ 20.452423, 66.669299 ], [ 25.158691, 61.855501 ] ] } },
{ "type": "Feature", "properties": { "voltage_kv": 380.0, "from_node": 131, "to_node": 169, "length_km": 757.73258393592982, "delaunay_k": 5, "edge_set": "Delaunay5" }, "geometry": { "type": "LineString", "coordinates": [ [ 20.452423, 66.669299 ], [ 26.294403, 60.418598 ] ] } },
{ "type": "Feature", "properties": { "voltage_kv": 380.0, "from_node": 131, "to_node": 170, "length_km": 717.6217523951326, "delaunay_k": 5, "edge_set": "Delaunay5" }, "geometry": { "type": "LineString", "coordinates": [ [ 20.452423, 66.669299 ], [ 26.621246, 60.865644 ] ] } },
{ "type": "Feature", "properties": { "voltage_kv": 380.0, "from_node": 131, "to_node": 172, "length_km": 740.47664575587282, "delaunay_k": 5, "edge_set": "Delaunay5" }, "geometry": { "type": "LineString", "coordinates": [ [ 20.452423, 66.669299 ], [ 27.063446, 60.737015 ] ] } },
{ "type": "Feature", "properties": { "voltage_kv": 380.0, "from_node": 132, "to_node": 174, "length_km": 523.66941737916022, "delaunay_k": 5, "edge_set": "Delaunay5" }, "geometry": { "type": "LineString", "coordinates": [ [ 21.169281, 65.270498 ], [ 27.305145, 61.489282 ] ] } },
{ "type": "Feature", "properties": { "voltage_kv": 380.0, "from_node": 132, "to_node": 177, "length_km": 598.01648817867522, "delaunay_k": 5, "edge_set": "Delaunay5" }, "geometry": { "type": "LineString", "coordinates": [ [ 21.169281, 65.270498 ], [ 27.919006, 60.893713 ] ] } },
{ "type": "Feature", "properties": { "voltage_kv": 380.0, "from_node": 133, "to_node": 166, "length_km": 481.98940978320269, "delaunay_k": 5, "edge_set": "Delaunay5" }, "geometry": { "type": "LineString", "coordinates": [ [ 21.538696, 61.125998 ], [ 25.808258, 64.971807 ] ] } },
{ "type": "Feature", "properties": { "voltage_kv": 380.0, "from_node": 133, "to_node": 168, "length_km": 487.26654817716724, "delaunay_k": 5, "edge_set": "Delaunay5" }, "geometry": { "type": "LineString", "coordinates": [ [ 21.538696, 61.125998 ], [ 26.05957, 64.965416 ] ] } },
{ "type": "Feature", "properties": { "voltage_kv": 380.0, "from_node": 133, "to_node": 171, "length_km": 643.02397121561228, "delaunay_k": 5, "edge_set": "Delaunay5" }, "geometry": { "type": "LineString", "coordinates": [ [ 21.538696, 61.125998 ], [ 27.030487, 66.33089 ] ] } },
{ "type": "Feature", "properties": { "voltage_kv": 380.0, "from_node": 134, "to_node": 163, "length_km": 495.05285063374606, "delaunay_k": 5, "edge_set": "Delaunay5" }, "geometry": { "type": "LineString", "coordinates": [ [ 21.604614, 62.184091 ], [ 25.415497, 66.285642 ] ] } },
{ "type": "Feature", "properties": { "voltage_kv": 380.0, "from_node": 135, "to_node": 174, "length_km": 561.13537054068831, "delaunay_k": 5, "edge_set": "Delaunay5" }, "geometry": { "type": "LineString", "coordinates": [ [ 21.656799, 65.826407 ], [ 27.305145, 61.489282 ] ] } },
{ "type": "Feature", "properties": { "voltage_kv": 380.0, "from_node": 135, "to_node": 177, "length_km": 635.9364663947606, "delaunay_k": 5, "edge_set": "Delaunay5" }, "geometry": { "type": "LineString", "coordinates": [ [ 21.656799, 65.826407 ], [ 27.919006, 60.893713 ] ] } },
{ "type": "Feature", "properties": { "voltage_kv": 380.0, "from_node": 136, "to_node": 171, "length_km": 596.58398873973169, "delaunay_k": 5, "edge_set": "Delaunay5" }, "geometry": { "type": "LineString", "coordinates": [ [ 21.660919, 61.552147 ], [ 27.030487, 66.33089 ] ] } },
{ "type": "Feature", "properties": { "voltage_kv": 380.0, "from_node": 137, "to_node": 166, "length_km": 495.550036301879, "delaunay_k": 5, "edge_set": "Delaunay5" }, "geometry": { "type": "LineString", "coordinates": [ [ 21.895752, 60.919755 ], [ 25.808258, 64.971807 ] ] } },
{ "type": "Feature", "properties": { "voltage_kv": 380.0, "from_node": 137, "to_node": 168, "length_km": 500.22827664651015, "delaunay_k": 5, "edge_set": "Delaunay5" }, "geometry": { "type": "LineString", "coordinates": [ [ 21.895752, 60.919755 ], [ 26.05957, 64.965416 ] ] } },
{ "type": "Feature", "properties": { "voltage_kv": 380.0, "from_node": 137, "to_node": 171, "length_km": 657.46190967325253, "delaunay_k": 5, "edge_set": "Delaunay5" }, "geometry": { "type": "LineString", "coordinates": [ [ 21.895752, 60.919755 ], [ 27.030487, 66.33089 ] ] } },
{ "type": "Feature", "properties": { "voltage_kv": 380.0, "from_node": 139, "to_node": 163, "length_km": 561.91906194848013, "delaunay_k": 5, "edge_set": "Delaunay5" }, "geometry": { "type": "LineString", "coordinates": [ [ 22.105865, 61.482071 ], [ 25.415497, 66.285642 ] ] } },
{ "type": "Feature", "properties": { "voltage_kv": 380.0, "from_node": 140, "to_node": 166, "length_km": 527.40437810209835, "delaunay_k": 5, "edge_set": "Delaunay5" }, "geometry": { "type": "LineString", "coordinates": [ [ 22.457428, 60.52013 ], [ 25.808258, 64.971807 ] ] } },
{ "type": "Feature", "properties": { "voltage_kv": 380.0, "from_node": 140, "to_node": 168, "length_km": 531.115954881025, "delaunay_k": 5, "edge_set": "Delaunay5" }, "geometry": { "type": "LineString", "coordinates": [ [ 22.457428, 60.52013 ], [ 26.05957, 64.965416 ] ] } },
{ "type": "Feature", "properties": { "voltage_kv": 380.0, "from_node": 140, "to_node": 171, "length_km": 689.96206342792766, "delaunay_k": 5, "edge_set": "Delaunay5" }, "geometry": { "type": "LineString", "coordinates": [ [ 22.457428, 60.52013 ], [ 27.030487, 66.33089 ] ] } },
{ "type": "Feature", "properties": { "voltage_kv": 380.0, "from_node": 142, "to_node": 163, "length_km": 586.13699579113938, "delaunay_k": 5, "edge_set": "Delaunay5" }, "geometry": { "type": "LineString", "coordinates": [ [ 22.822723, 61.179005 ], [ 25.415497, 66.285642 ] ] } },
{ "type": "Feature", "properties": { "voltage_kv": 380.0, "from_node": 142, "to_node": 165, "length_km": 481.64349690100926, "delaunay_k": 5, "edge_set": "Delaunay5" }, "geometry": { "type": "LineString", "coordinates": [ [ 22.822723, 61.179005 ], [ 25.694275, 65.279688 ] ] } },
{ "type": "Feature", "properties": { "voltage_kv": 380.0, "from_node": 143, "to_node": 166, "length_km": 537.31778771472239, "delaunay_k": 5, "edge_set": "Delaunay5" }, "geometry": { "type": "LineString", "coordinates": [ [ 22.913361, 60.363639 ], [ 25.808258, 64.971807 ] ] } },
{ "type": "Feature", "properties": { "voltage_kv": 380.0, "from_node": 143, "to_node": 168, "length_km": 540.40306610419145, "delaunay_k": 5, "edge_set": "Delaunay5" }, "geometry": { "type": "LineString", "coordinates": [ [ 22.913361, 60.363639 ], [ 26.05957, 64.965416 ] ] } },
{ "type": "Feature", "properties": { "voltage_kv": 380.0, "from_node": 143, "to_node": 171, "length_km": 699.81446281490048, "delaunay_k": 5, "edge_set": "Delaunay5" }, "geometry": { "type": "LineString", "coordinates": [ [ 22.913361, 60.363639 ], [ 27.030487, 66.33089 ] ] } },
{ "type": "Feature", "properties": { "voltage_kv": 380.0, "from_node": 143, "to_node": 173, "length_km": 475.23318179262998, "delaunay_k": 5, "edge_set": "Delaunay5" }, "geometry": { "type": "LineString", "coordinates": [ [ 22.913361, 60.363639 ], [ 27.204895, 64.101606 ] ] } },
{ "type": "Feature", "properties": { "voltage_kv": 380.0, "from_node": 145, "to_node": 149, "length_km": 497.66677890410762, "delaunay_k": 5, "edge_set": "Delaunay5" }, "geometry": { "type": "LineString", "coordinates": [ [ 23.072662, 65.938074 ], [ 24.083405, 61.516146 ] ] } },
{ "type": "Feature", "properties": { "voltage_kv": 380.0, "from_node": 145, "to_node": 169, "length_km": 639.68180908149191, "delaunay_k": 5, "edge_set": "Delaunay5" }, "geometry": { "type": "LineString", "coordinates": [ [ 23.072662, 65.938074 ], [ 26.294403, 60.418598 ] ] } },
{ "type": "Feature", "properties": { "voltage_kv": 380.0, "from_node": 145, "to_node": 170, "length_km": 595.75063556325358, "delaunay_k": 5, "edge_set": "Delaunay5" }, "geometry": { "type": "LineString", "coordinates": [ [ 23.072662, 65.938074 ], [ 26.621246, 60.865644 ] ] } },
{ "type": "Feature", "properties": { "voltage_kv": 380.0, "from_node": 145, "to_node": 172, "length_km": 616.61616551389648, "delaunay_k": 5, "edge_set": "Delaunay5" }, "geometry": { "type": "LineString", "coordinates": [ [ 23.072662, 65.938074 ], [ 27.063446, 60.737015 ] ] } },
{ "type": "Feature", "properties": { "voltage_kv": 380.0, "from_node": 147, "to_node": 163, "length_km": 618.02100386750772, "delaunay_k": 5, "edge_set": "Delaunay5" }, "geometry": { "type": "LineString", "coordinates": [ [ 23.579407, 60.830188 ], [ 25.415497, 66.285642 ] ] } },
{ "type": "Feature", "properties": { "voltage_kv": 380.0, "from_node": 147, "to_node": 165, "length_km": 510.04334118955518, "delaunay_k": 5, "edge_set": "Delaunay5" }, "geometry": { "type": "LineString", "coordinates": [ [ 23.579407, 60.830188 ], [ 25.694275, 65.279688 ] ] } },
{ "type": "Feature", "properties": { "voltage_kv": 380.0, "from_node": 148, "to_node": 163, "length_km": 703.64422493267398, "delaunay_k": 5, "edge_set": "Delaunay5" }, "geometry": { "type": "LineString", "coordinates": [ [ 23.819733, 60.047704 ], [ 25.415497, 66.285642 ] ] } },
{ "type": "Feature", "properties": { "voltage_kv": 380.0, "from_node": 148, "to_node": 165, "length_km": 594.29225881442756, "delaunay_k": 5, "edge_set": "Delaunay5" }, "geometry": { "type": "LineString", "coordinates": [ [ 23.819733, 60.047704 ], [ 25.694275, 65.279688 ] ] } },
{ "type": "Feature", "properties": { "voltage_kv": 380.0, "from_node": 148, "to_node": 168, "length_km": 563.32803703927175, "delaunay_k": 5, "edge_set": "Delaunay5" }, "geometry": { "type": "LineString", "coordinates": [ [ 23.819733, 60.047704 ], [ 26.05957, 64.965416 ] ] } },
{ "type": "Feature", "properties": { "voltage_kv": 380.0, "from_node": 148, "to_node": 173, "length_km": 488.23180580746049, "delaunay_k": 5, "edge_set": "Delaunay5" }, "geometry": { "type": "LineString", "coordinates": [ [ 23.819733, 60.047704 ], [ 27.204895, 64.101606 ] ] } },
{ "type": "Feature", "properties": { "voltage_kv": 380.0, "from_node": 149, "to_node": 155, "length_km": 489.32308432175506, "delaunay_k": 5, "edge_set": "Delaunay5" }, "geometry": { "type": "LineString", "coordinates": [ [ 24.083405, 61.516146 ], [ 24.612122, 65.877531 ] ] } },
{ "type": "Feature", "properties": { "voltage_kv": 380.0, "from_node": 150, "to_node": 166, "length_km": 529.88270107515643, "delaunay_k": 5, "edge_set": "Delaunay5" }, "geometry": { "type": "LineString", "coordinates": [ [ 24.186401, 60.304505 ], [ 25.808258, 64.971807 ] ] } },
{ "type": "Feature", "properties": { "voltage_kv": 380.0, "from_node": 150, "to_node": 168, "length_km": 531.42013782967535, "delaunay_k": 5, "edge_set": "Delaunay5" }, "geometry": { "type": "LineString", "coordinates": [ [ 24.186401, 60.304505 ], [ 26.05957, 64.965416 ] ] } },
{ "type": "Feature", "properties": { "voltage_kv": 380.0, "from_node": 150, "to_node": 171, "length_km": 690.69289412809871, "delaunay_k": 5, "edge_set": "Delaunay5" }, "geometry": { "type": "LineString", "coordinates": [ [ 24.186401, 60.304505 ], [ 27.030487, 66.33089 ] ] } },
{ "type": "Feature", "properties": { "voltage_kv": 380.0, "from_node": 152, "to_node": 163, "length_km": 556.7404372457388, "delaunay_k": 5, "edge_set": "Delaunay5" }, "geometry": { "type": "LineString", "coordinates": [ [ 24.403381, 61.338151 ], [ 25.415497, 66.285642 ] ] } },
{ "type": "Feature", "properties": { "voltage_kv": 380.0, "from_node": 153, "to_node": 174, "length_km": 502.63029062784057, "delaunay_k": 5, "edge_set": "Delaunay5" }, "geometry": { "type": "LineString", "coordinates": [ [ 24.411621, 65.781941 ], [ 27.305145, 61.489282 ] ] } },
{ "type": "Feature", "properties": { "voltage_kv": 380.0, "from_node": 153, "to_node": 177, "length_km": 576.23305917594575, "delaunay_k": 5, "edge_set": "Delaunay5" }, "geometry": { "type": "LineString", "coordinates": [ [ 24.411621, 65.781941 ], [ 27.919006, 60.893713 ] ] } },
{ "type": "Feature", "properties": { "voltage_kv": 380.0, "from_node": 155, "to_node": 169, "length_km": 618.15043276819335, "delaunay_k": 5, "edge_set": "Delaunay5" }, "geometry": { "type": "LineString", "coordinates": [ [ 24.612122, 65.877531 ], [ 26.294403, 60.418598 ] ] } },
{ "type": "Feature", "properties": { "voltage_kv": 380.0, "from_node": 155, "to_node": 170, "length_km": 571.14648143603756, "delaunay_k": 5, "edge_set": "Delaunay5" }, "geometry": { "type": "LineString", "coordinates": [ [ 24.612122, 65.877531 ], [ 26.621246, 60.865644 ] ] } },
{ "type": "Feature", "properties": { "voltage_kv": 380.0, "from_node": 155, "to_node": 172, "length_km": 589.76820227797714, "delaunay_k": 5, "edge_set": "Delaunay5" }, "geometry": { "type": "LineString", "coordinates": [ [ 24.612122, 65.877531 ], [ 27.063446, 60.737015 ] ] } },
{ "type": "Feature", "properties": { "voltage_kv": 380.0, "from_node": 156, "to_node": 163, "length_km": 682.65458833629054, "delaunay_k": 5, "edge_set": "Delaunay5" }, "geometry": { "type": "LineString", "coordinates": [ [ 24.656067, 60.20571 ], [ 25.415497, 66.285642 ] ] } },
{ "type": "Feature", "properties": { "voltage_kv": 380.0, "from_node": 156, "to_node": 165, "length_km": 571.43374198821596, "delaunay_k": 5, "edge_set": "Delaunay5" }, "geometry": { "type": "LineString", "coordinates": [ [ 24.656067, 60.20571 ], [ 25.694275, 65.279688 ] ] } },
{ "type": "Feature", "properties": { "voltage_kv": 380.0, "from_node": 156, "to_node": 168, "length_km": 538.69230732042615, "delaunay_k": 5, "edge_set": "Delaunay5" }, "geometry": { "type": "LineString", "coordinates": [ [ 24.656067, 60.20571 ], [ 26.05957, 64.965416 ] ] } },
{ "type": "Feature", "properties": { "voltage_kv": 380.0, "from_node": 157, "to_node": 163, "length_km": 603.56739252912439, "delaunay_k": 5, "edge_set": "Delaunay5" }, "geometry": { "type": "LineString", "coordinates": [ [ 24.915619, 60.906402 ], [ 25.415497, 66.285642 ] ] } },
{ "type": "Feature", "properties": { "voltage_kv": 380.0, "from_node": 157, "to_node": 165, "length_km": 491.98381475693895, "delaunay_k": 5, "edge_set": "Delaunay5" }, "geometry": { "type": "LineString", "coordinates": [ [ 24.915619, 60.906402 ], [ 25.694275, 65.279688 ] ] } },
{ "type": "Feature", "properties": { "voltage_kv": 380.0, "from_node": 158, "to_node": 171, "length_km": 681.33882799030141, "delaunay_k": 5, "edge_set": "Delaunay5" }, "geometry": { "type": "LineString", "coordinates": [ [ 24.930725, 60.330347 ], [ 27.030487, 66.33089 ] ] } },
{ "type": "Feature", "properties": { "voltage_kv": 380.0, "from_node": 160, "to_node": 166, "length_km": 494.64211887184712, "delaunay_k": 5, "edge_set": "Delaunay5" }, "geometry": { "type": "LineString", "coordinates": [ [ 25.040588, 60.5755 ], [ 25.808258, 64.971807 ] ] } },
{ "type": "Feature", "properties": { "voltage_kv": 380.0, "from_node": 160, "to_node": 168, "length_km": 495.16975087555562, "delaunay_k": 5, "edge_set": "Delaunay5" }, "geometry": { "type": "LineString", "coordinates": [ [ 25.040588, 60.5755 ], [ 26.05957, 64.965416 ] ] } },
{ "type": "Feature", "properties": { "voltage_kv": 380.0, "from_node": 160, "to_node": 171, "length_km": 653.27152374638638, "delaunay_k": 5, "edge_set": "Delaunay5" }, "geometry": { "type": "LineString", "coordinates": [ [ 25.040588, 60.5755 ], [ 27.030487, 66.33089 ] ] } },
{ "type": "Feature", "properties": { "voltage_kv": 380.0, "from_node": 162, "to_node": 163, "length_km": 662.44739737638417, "delaunay_k": 5, "edge_set": "Delaunay5" }, "geometry": { "type": "LineString", "coordinates": [ [ 25.209503, 60.378575 ], [ 25.415497, 66.285642 ] ] } },
{ "type": "Feature", "properties": { "voltage_kv": 380.0, "from_node": 162, "to_node": 165, "length_km": 550.26154902391488, "delaunay_k": 5, "edge_set": "Delaunay5" }, "geometry": { "type": "LineString", "coordinates": [ [ 25.209503, 60.378575 ], [ 25.694275, 65.279688 ] ] } },
{ "type": "Feature", "properties": { "voltage_kv": 380.0, "from_node": 162, "to_node": 168, "length_km": 516.40641469222805, "delaunay_k": 5, "edge_set": "Delaunay5" }, "geometry": { "type": "LineString", "coordinates": [ [ 25.209503, 60.378575 ], [ 26.05957, 64.965416 ] ] } },
{ "type": "Feature", "properties": { "voltage_kv": 380.0, "from_node": 163, "to_node": 164, "length_km": 652.42934352367331, "delaunay_k": 5, "edge_set": "Delaunay5" }, "geometry": { "type": "LineString", "coordinates": [ [ 25.415497, 66.285642 ], [ 25.659943, 60.469404 ] ] } },
{ "type": "Feature", "properties": { "voltage_kv": 380.0, "from_node": 164, "to_node": 165, "length_km": 539.63077628746089, "delaunay_k": 5, "edge_set": "Delaunay5" }, "geometry": { "type": "LineString", "coordinates": [ [ 25.659943, 60.469404 ], [ 25.694275, 65.279688 ] ] } },
{ "type": "Feature", "properties": { "voltage_kv": 380.0, "from_node": 164, "to_node": 166, "length_km": 505.1928611837111, "delaunay_k": 5, "edge_set": "Delaunay5" }, "geometry": { "type": "LineString", "coordinates": [ [ 25.659943, 60.469404 ], [ 25.808258, 64.971807 ] ] } },
{ "type": "Feature", "properties": { "voltage_kv": 380.0, "from_node": 164, "to_node": 168, "length_km": 504.88746195256959, "delaunay_k": 5, "edge_set": "Delaunay5" }, "geometry": { "type": "LineString", "coordinates": [ [ 25.659943, 60.469404 ], [ 26.05957, 64.965416 ] ] } },
{ "type": "Feature", "properties": { "voltage_kv": 380.0, "from_node": 166, "to_node": 169, "length_km": 511.6128115110543, "delaunay_k": 5, "edge_set": "Delaunay5" }, "geometry": { "type": "LineString", "coordinates": [ [ 25.808258, 64.971807 ], [ 26.294403, 60.418598 ] ] } },
{ "type": "Feature", "properties": { "voltage_kv": 380.0, "from_node": 166, "to_node": 172, "length_km": 479.74267507014338, "delaunay_k": 5, "edge_set": "Delaunay5" }, "geometry": { "type": "LineString", "coordinates": [ [ 25.808258, 64.971807 ], [ 27.063446, 60.737015 ] ] } }
]
}
