{
"type": "FeatureCollection",
"name": "n490_delaunay5_removed_length",
"crs": { "type": "name", "properties": { "name": "urn:ogc:def:crs:OGC:1.3:CRS84" } },
"features": [
{ "type": "Feature", "properties": { "from_node": 29, "to_node": 104, "length_km": 484.60102921612201, "delaunay_k": 5, "edge_set": "Delaunay5" }, "geometry": { "type": "LineString", "coordinates": [ [ 13.189087, 55.58145 ], [ 17.932434, 59.094909 ] ] } },
{ "type": "Feature", "properties": { "from_node": 59, "to_node": 186, "length_km": 480.80041849934798, "delaunay_k": 5, "edge_set": "Delaunay5" }, "geometry": { "type": "LineString", "coordinates": [ [ 12.984467, 56.159318 ], [ 11.288452, 60.382648 ] ] } },
{ "type": "Feature", "properties": { "from_node": 59, "to_node": 191, "length_km": 491.43765707477974, "delaunay_k": 5, "edge_set": "Delaunay5" }, "geometry": { "type": "LineString", "coordinates": [ [ 12.984467, 56.159318 ], [ 15.188599, 60.415208 ] ] } },
{ "type": "Feature", "properties": { "from_node": 60, "to_node": 166, "length_km": 483.19645059312586, "delaunay_k": 5, "edge_set": "Delaunay5" }, "geometry": { "type": "LineString", "coordinates": [ [ 14.845276, 56.173846 ], [ 10.839386, 59.958448 ] ] } },
{ "type": "Feature", "properties": { "from_node": 60, "to_node": 186, "length_km": 513.06457417979175, "delaunay_k": 5, "edge_set": "Delaunay5" }, "geometry": { "type": "LineString", "coordinates": [ [ 14.845276, 56.173846 ], [ 11.288452, 60.382648 ] ] } },
{ "type": "Feature", "properties": { "from_node": 61, "to_node": 186, "length_km": 502.87878760786793, "delaunay_k": 5, "edge_set": "Delaunay5" }, "geometry": { "type": "LineString", "coordinates": [ [ 14.790344, 56.260134 ], [ 11.288452, 60.382648 ] ] } },
{ "type": "Feature", "properties": { "from_node": 62, "to_node": 186, "length_km": 495.15736363349566, "delaunay_k": 5, "edge_set": "Delaunay5" }, "geometry": { "type": "LineString", "coordinates": [ [ 14.749146, 56.325675 ], [ 11.288452, 60.382648 ] ] } },
{ "type": "Feature", "properties": { "from_node": 63, "to_node": 161, "length_km": 474.29202239024175, "delaunay_k": 5, "edge_set": "Delaunay5" }, "geometry": { "type": "LineString", "coordinates": [ [ 15.542908, 56.649432 ], [ 10.288696, 59.88687 ] ] } },
{ "type": "Feature", "properties": { "from_node": 63, "to_node": 175, "length_km": 507.40028204011065, "delaunay_k": 5, "edge_set": "Delaunay5" }, "geometry": { "type": "LineString", "coordinates": [ [ 15.542908, 56.649432 ], [ 10.092316, 60.198203 ] ] } },
{ "type": "Feature", "properties": { "from_node": 63, "to_node": 179, "length_km": 513.60559759536045, "delaunay_k": 5, "edge_set": "Delaunay5" }, "geometry": { "type": "LineString", "coordinates": [ [ 15.542908, 56.649432 ], [ 10.214539, 60.322868 ] ] } },
{ "type": "Feature", "properties": { "from_node": 63, "to_node": 217, "length_km": 528.93920318313985, "delaunay_k": 5, "edge_set": "Delaunay5" }, "geometry": { "type": "LineString", "coordinates": [ [ 15.542908, 56.649432 ], [ 11.160736, 60.816799 ] ] } },
{ "type": "Feature", "properties": { "from_node": 63, "to_node": 218, "length_km": 545.23342473670232, "delaunay_k": 5, "edge_set": "Delaunay5" }, "geometry": { "type": "LineString", "coordinates": [ [ 15.542908, 56.649432 ], [ 10.604553, 60.818808 ] ] } },
{ "type": "Feature", "properties": { "from_node": 63, "to_node": 226, "length_km": 480.59253262955559, "delaunay_k": 5, "edge_set": "Delaunay5" }, "geometry": { "type": "LineString", "coordinates": [ [ 15.542908, 56.649432 ], [ 16.637421, 60.922424 ] ] } },
{ "type": "Feature", "properties": { "from_node": 63, "to_node": 242, "length_km": 533.07552059084776, "delaunay_k": 5, "edge_set": "Delaunay5" }, "geometry": { "type": "LineString", "coordinates": [ [ 15.542908, 56.649432 ], [ 16.44928, 61.407894 ] ] } },
{ "type": "Feature", "properties": { "from_node": 63, "to_node": 259, "length_km": 583.82480617369163, "delaunay_k": 5, "edge_set": "Delaunay5" }, "geometry": { "type": "LineString", "coordinates": [ [ 15.542908, 56.649432 ], [ 15.843658, 61.88399 ] ] } },
{ "type": "Feature", "properties": { "from_node": 63, "to_node": 261, "length_km": 609.38659339921264, "delaunay_k": 5, "edge_set": "Delaunay5" }, "geometry": { "type": "LineString", "coordinates": [ [ 15.542908, 56.649432 ], [ 14.16687, 62.071739 ] ] } },
{ "type": "Feature", "properties": { "from_node": 65, "to_node": 217, "length_km": 483.93202454399375, "delaunay_k": 5, "edge_set": "Delaunay5" }, "geometry": { "type": "LineString", "coordinates": [ [ 14.40033, 56.809901 ], [ 11.160736, 60.816799 ] ] } },
{ "type": "Feature", "properties": { "from_node": 65, "to_node": 218, "length_km": 497.38660014110889, "delaunay_k": 5, "edge_set": "Delaunay5" }, "geometry": { "type": "LineString", "coordinates": [ [ 14.40033, 56.809901 ], [ 10.604553, 60.818808 ] ] } },
{ "type": "Feature", "properties": { "from_node": 65, "to_node": 226, "length_km": 476.21134015161101, "delaunay_k": 5, "edge_set": "Delaunay5" }, "geometry": { "type": "LineString", "coordinates": [ [ 14.40033, 56.809901 ], [ 16.637421, 60.922424 ] ] } },
{ "type": "Feature", "properties": { "from_node": 65, "to_node": 242, "length_km": 525.76758517715973, "delaunay_k": 5, "edge_set": "Delaunay5" }, "geometry": { "type": "LineString", "coordinates": [ [ 14.40033, 56.809901 ], [ 16.44928, 61.407894 ] ] } },
{ "type": "Feature", "properties": { "from_node": 65, "to_node": 259, "length_km": 571.47901078267216, "delaunay_k": 5, "edge_set": "Delaunay5" }, "geometry": { "type": "LineString", "coordinates": [ [ 14.40033, 56.809901 ], [ 15.843658, 61.88399 ] ] } },
{ "type": "Feature", "properties": { "from_node": 65, "to_node": 261, "length_km": 586.5401139046603, "delaunay_k": 5, "edge_set": "Delaunay5" }, "geometry": { "type": "LineString", "coordinates": [ [ 14.40033, 56.809901 ], [ 14.16687, 62.071739 ] ] } },
{ "type": "Feature", "properties": { "from_node": 66, "to_node": 226, "length_km": 489.29706690022601, "delaunay_k": 5, "edge_set": "Delaunay5" }, "geometry": { "type": "LineString", "coordinates": [ [ 13.066864, 56.937483 ], [ 16.637421, 60.922424 ] ] } },
{ "type": "Feature", "properties": { "from_node": 66, "to_node": 242, "length_km": 534.32292319612668, "delaunay_k": 5, "edge_set": "Delaunay5" }, "geometry": { "type": "LineString", "coordinates": [ [ 13.066864, 56.937483 ], [ 16.44928, 61.407894 ] ] } },
{ "type": "Feature", "properties": { "from_node": 66, "to_node": 259, "length_km": 573.26022448646131, "delaunay_k": 5, "edge_set": "Delaunay5" }, "geometry": { "type": "LineString", "coordinates": [ [ 13.066864, 56.937483 ], [ 15.843658, 61.88399 ] ] } },
{ "type": "Feature", "properties": { "from_node": 66, "to_node": 261, "length_km": 575.45511085383282, "delaunay_k": 5, "edge_set": "Delaunay5" }, "geometry": { "type": "LineString", "coordinates": [ [ 13.066864, 56.937483 ], [ 14.16687, 62.071739 ] ] } },
{ "type": "Feature", "properties": { "from_node": 68, "to_node": 242, "length_km": 499.86156834787357, "delaunay_k": 5, "edge_set": "Delaunay5" }, "geometry": { "type": "LineString", "coordinates": [ [ 12.671356, 57.356164 ], [ 16.44928, 61.407894 ] ] } },
{ "type": "Feature", "properties": { "from_node": 68, "to_node": 259, "length_km": 535.28429464893657, "delaunay_k": 5, "edge_set": "Delaunay5" }, "geometry": { "type": "LineString", "coordinates": [ [ 12.671356, 57.356164 ], [ 15.843658, 61.88399 ] ] } },
{ "type": "Feature", "properties": { "from_node": 68, "to_node": 261, "length_km": 532.1044112159276, "delaunay_k": 5, "edge_set": "Delaunay5" }, "geometry": { "type": "LineString", "coordinates": [ [ 12.671356, 57.356164 ], [ 14.16687, 62.071739 ] ] } },
{ "type": "Feature", "properties": { "from_node": 69, "to_node": 175, "length_km": 488.31203622918053, "delaunay_k": 5, "edge_set": "Delaunay5" }, "geometry": { "type": "LineString", "coordinates": [ [ 16.660767, 57.43682 ], [ 10.092316, 60.198203 ] ] } },
{ "type": "Feature", "properties": { "from_node": 69, "to_node": 179, "length_km": 491.30261364859035, "delaunay_k": 5, "edge_set": "Delaunay5" }, "geometry": { "type": "LineString", "coordinates": [ [ 16.660767, 57.43682 ], [ 10.214539, 60.322868 ] ] } },
{ "type": "Feature", "properties": { "from_node": 69, "to_node": 217, "length_km": 490.75154987948042, "delaunay_k": 5, "edge_set": "Delaunay5" }, "geometry": { "type": "LineString", "coordinates": [ [ 16.660767, 57.43682 ], [ 11.160736, 60.816799 ] ] } },
{ "type": "Feature", "properties": { "from_node": 69, "to_node": 218, "length_km": 511.8501922658287, "delaunay_k": 5, "edge_set": "Delaunay5" }, "geometry": { "type": "LineString", "coordinates": [ [ 16.660767, 57.43682 ], [ 10.604553, 60.818808 ] ] } },
{ "type": "Feature", "properties": { "from_node": 69, "to_node": 259, "length_km": 498.05298281968874, "delaunay_k": 5, "edge_set": "Delaunay5" }, "geometry": { "type": "LineString", "coordinates": [ [ 16.660767, 57.43682 ], [ 15.843658, 61.88399 ] ] } },
{ "type": "Feature", "properties": { "from_node": 69, "to_node": 261, "length_km": 535.34031899287925, "delaunay_k": 5, "edge_set": "Delaunay5" }, "geometry": { "type": "LineString", "coordinates": [ [ 16.660767, 57.43682 ], [ 14.16687, 62.071739 ] ] } },
{ "type": "Feature", "properties": { "from_node": 70, "to_node": 255, "length_km": 499.2917291137897, "delaunay_k": 5, "edge_set": "Delaunay5" }, "geometry": { "type": "LineString", "coordinates": [ [ 13.414307, 57.53868 ], [ 16.316071, 61.771824 ] ] } },
{ "type": "Feature", "properties": { "from_node": 70, "to_node": 256, "length_km": 495.85091711697999, "delaunay_k": 5, "edge_set": "Delaunay5" }, "geometry": { "type": "LineString", "coordinates": [ [ 13.414307, 57.53868 ], [ 11.12915, 61.837358 ] ] } },
{ "type": "Feature", "properties": { "from_node": 70, "to_node": 262, "length_km": 513.8922194080908, "delaunay_k": 5, "edge_set": "Delaunay5" }, "geometry": { "type": "LineString", "coordinates": [ [ 13.414307, 57.53868 ], [ 13.973236, 62.141768 ] ] } },
{ "type": "Feature", "properties": { "from_node": 70, "to_node": 268, "length_km": 565.5375324008171, "delaunay_k": 5, "edge_set": "Delaunay5" }, "geometry": { "type": "LineString", "coordinates": [ [ 13.414307, 57.53868 ], [ 16.333923, 62.398006 ] ] } },
{ "type": "Feature", "properties": { "from_node": 70, "to_node": 269, "length_km": 550.44239275720918, "delaunay_k": 5, "edge_set": "Delaunay5" }, "geometry": { "type": "LineString", "coordinates": [ [ 13.414307, 57.53868 ], [ 15.005951, 62.413273 ] ] } },
{ "type": "Feature", "properties": { "from_node": 70, "to_node": 271, "length_km": 559.12601294701744, "delaunay_k": 5, "edge_set": "Delaunay5" }, "geometry": { "type": "LineString", "coordinates": [ [ 13.414307, 57.53868 ], [ 15.544281, 62.441242 ] ] } },
{ "type": "Feature", "properties": { "from_node": 70, "to_node": 275, "length_km": 558.06619435853634, "delaunay_k": 5, "edge_set": "Delaunay5" }, "geometry": { "type": "LineString", "coordinates": [ [ 13.414307, 57.53868 ], [ 14.515686, 62.516121 ] ] } },
{ "type": "Feature", "properties": { "from_node": 71, "to_node": 242, "length_km": 483.11776684516934, "delaunay_k": 5, "edge_set": "Delaunay5" }, "geometry": { "type": "LineString", "coordinates": [ [ 12.562866, 57.548261 ], [ 16.44928, 61.407894 ] ] } },
{ "type": "Feature", "properties": { "from_node": 71, "to_node": 259, "length_km": 517.12815342763463, "delaunay_k": 5, "edge_set": "Delaunay5" }, "geometry": { "type": "LineString", "coordinates": [ [ 12.562866, 57.548261 ], [ 15.843658, 61.88399 ] ] } },
{ "type": "Feature", "properties": { "from_node": 71, "to_node": 261, "length_km": 511.97546617451815, "delaunay_k": 5, "edge_set": "Delaunay5" }, "geometry": { "type": "LineString", "coordinates": [ [ 12.562866, 57.548261 ], [ 14.16687, 62.071739 ] ] } },
{ "type": "Feature", "properties": { "from_node": 72, "to_node": 242, "length_km": 493.88164756590879, "delaunay_k": 5, "edge_set": "Delaunay5" }, "geometry": { "type": "LineString", "coordinates": [ [ 12.087708, 57.568888 ], [ 16.44928, 61.407894 ] ] } },
{ "type": "Feature", "properties": { "from_node": 72, "to_node": 259, "length_km": 525.07086126073943, "delaunay_k": 5, "edge_set": "Delaunay5" }, "geometry": { "type": "LineString", "coordinates": [ [ 12.087708, 57.568888 ], [ 15.843658, 61.88399 ] ] } },
{ "type": "Feature", "properties": { "from_node": 72, "to_node": 261, "length_km": 515.041753423822, "delaunay_k": 5, "edge_set": "Delaunay5" }, "geometry": { "type": "LineString", "coordinates": [ [ 12.087708, 57.568888 ], [ 14.16687, 62.071739 ] ] } },
{ "type": "Feature", "properties": { "from_node": 73, "to_node": 256, "length_km": 490.06113917268215, "delaunay_k": 5, "edge_set": "Delaunay5" }, "geometry": { "type": "LineString", "coordinates": [ [ 14.197083, 57.718819 ], [ 11.12915, 61.837358 ] ] } },
{ "type": "Feature", "properties": { "from_node": 73, "to_node": 262, "length_km": 493.07247063128119, "delaunay_k": 5, "edge_set": "Delaunay5" }, "geometry": { "type": "LineString", "coordinates": [ [ 14.197083, 57.718819 ], [ 13.973236, 62.141768 ] ] } },
{ "type": "Feature", "properties": { "from_node": 73, "to_node": 268, "length_km": 534.97512635589646, "delaunay_k": 5, "edge_set": "Delaunay5" }, "geometry": { "type": "LineString", "coordinates": [ [ 14.197083, 57.718819 ], [ 16.333923, 62.398006 ] ] } },
{ "type": "Feature", "properties": { "from_node": 73, "to_node": 269, "length_km": 525.16466063925077, "delaunay_k": 5, "edge_set": "Delaunay5" }, "geometry": { "type": "LineString", "coordinates": [ [ 14.197083, 57.718819 ], [ 15.005951, 62.413273 ] ] } },
{ "type": "Feature", "properties": { "from_node": 73, "to_node": 271, "length_km": 531.68132105814084, "delaunay_k": 5, "edge_set": "Delaunay5" }, "geometry": { "type": "LineString", "coordinates": [ [ 14.197083, 57.718819 ], [ 15.544281, 62.441242 ] ] } },
{ "type": "Feature", "properties": { "from_node": 73, "to_node": 275, "length_km": 534.96806695734119, "delaunay_k": 5, "edge_set": "Delaunay5" }, "geometry": { "type": "LineString", "coordinates": [ [ 14.197083, 57.718819 ], [ 14.515686, 62.516121 ] ] } },
{ "type": "Feature", "properties": { "from_node": 74, "to_node": 234, "length_km": 484.4705269412471, "delaunay_k": 5, "edge_set": "Delaunay5" }, "geometry": { "type": "LineString", "coordinates": [ [ 11.954498, 57.726153 ], [ 17.166138, 61.172384 ] ] } },
{ "type": "Feature", "properties": { "from_node": 74, "to_node": 255, "length_km": 513.02068511569519, "delaunay_k": 5, "edge_set": "Delaunay5" }, "geometry": { "type": "LineString", "coordinates": [ [ 11.954498, 57.726153 ], [ 16.316071, 61.771824 ] ] } },
{ "type": "Feature", "properties": { "from_node": 74, "to_node": 262, "length_km": 504.7234973369807, "delaunay_k": 5, "edge_set": "Delaunay5" }, "geometry": { "type": "LineString", "coordinates": [ [ 11.954498, 57.726153 ], [ 13.973236, 62.141768 ] ] } },
{ "type": "Feature", "properties": { "from_node": 74, "to_node": 268, "length_km": 574.70292689315056, "delaunay_k": 5, "edge_set": "Delaunay5" }, "geometry": { "type": "LineString", "coordinates": [ [ 11.954498, 57.726153 ], [ 16.333923, 62.398006 ] ] } },
{ "type": "Feature", "properties": { "from_node": 74, "to_node": 269, "length_km": 549.10704542408121, "delaunay_k": 5, "edge_set": "Delaunay5" }, "geometry": { "type": "LineString", "coordinates": [ [ 11.954498, 57.726153 ], [ 15.005951, 62.413273 ] ] } },
{ "type": "Feature", "properties": { "from_node": 74, "to_node": 271, "length_km": 561.96337412146886, "delaunay_k": 5, "edge_set": "Delaunay5" }, "geometry": { "type": "LineString", "coordinates": [ [ 11.954498, 57.726153 ], [ 15.544281, 62.441242 ] ] } },
{ "type": "Feature", "properties": { "from_node": 74, "to_node": 275, "length_km": 552.31151417454339, "delaunay_k": 5, "edge_set": "Delaunay5" }, "geometry": { "type": "LineString", "coordinates": [ [ 11.954498, 57.726153 ], [ 14.515686, 62.516121 ] ] } },
{ "type": "Feature", "properties": { "from_node": 75, "to_node": 216, "length_km": 475.17641508947514, "delaunay_k": 5, "edge_set": "Delaunay5" }, "geometry": { "type": "LineString", "coordinates": [ [ 14.625549, 57.798676 ], [ 8.690186, 60.798714 ] ] } },
{ "type": "Feature", "properties": { "from_node": 75, "to_node": 256, "length_km": 490.75753749768387, "delaunay_k": 5, "edge_set": "Delaunay5" }, "geometry": { "type": "LineString", "coordinates": [ [ 14.625549, 57.798676 ], [ 11.12915, 61.837358 ] ] } },
{ "type": "Feature", "properties": { "from_node": 75, "to_node": 262, "length_km": 485.40633977923505, "delaunay_k": 5, "edge_set": "Delaunay5" }, "geometry": { "type": "LineString", "coordinates": [ [ 14.625549, 57.798676 ], [ 13.973236, 62.141768 ] ] } },
{ "type": "Feature", "properties": { "from_node": 75, "to_node": 268, "length_km": 521.45941812055366, "delaunay_k": 5, "edge_set": "Delaunay5" }, "geometry": { "type": "LineString", "coordinates": [ [ 14.625549, 57.798676 ], [ 16.333923, 62.398006 ] ] } },
{ "type": "Feature", "properties": { "from_node": 75, "to_node": 269, "length_km": 514.80360786350138, "delaunay_k": 5, "edge_set": "Delaunay5" }, "geometry": { "type": "LineString", "coordinates": [ [ 14.625549, 57.798676 ], [ 15.005951, 62.413273 ] ] } },
{ "type": "Feature", "properties": { "from_node": 75, "to_node": 271, "length_km": 520.02808108731972, "delaunay_k": 5, "edge_set": "Delaunay5" }, "geometry": { "type": "LineString", "coordinates": [ [ 14.625549, 57.798676 ], [ 15.544281, 62.441242 ] ] } },
{ "type": "Feature", "properties": { "from_node": 75, "to_node": 275, "length_km": 525.8431322022534, "delaunay_k": 5, "edge_set": "Delaunay5" }, "geometry": { "type": "LineString", "coordinates": [ [ 14.625549, 57.798676 ], [ 14.515686, 62.516121 ] ] } },
{ "type": "Feature", "properties": { "from_node": 76, "to_node": 255, "length_km": 492.28099670607384, "delaunay_k": 5, "edge_set": "Delaunay5" }, "geometry": { "type": "LineString", "coordinates": [ [ 12.407684, 57.816235 ], [ 16.316071, 61.771824 ] ] } },
{ "type": "Feature", "properties": { "from_node": 76, "to_node": 262, "length_km": 489.80948708670974, "delaunay_k": 5, "edge_set": "Delaunay5" }, "geometry": { "type": "LineString", "coordinates": [ [ 12.407684, 57.816235 ], [ 13.973236, 62.141768 ] ] } },
{ "type": "Feature", "properties": { "from_node": 76, "to_node": 268, "length_km": 555.18165837144409, "delaunay_k": 5, "edge_set": "Delaunay5" }, "geometry": { "type": "LineString", "coordinates": [ [ 12.407684, 57.816235 ], [ 16.333923, 62.398006 ] ] } },
{ "type": "Feature", "properties": { "from_node": 76, "to_node": 269, "length_km": 532.17289374968254, "delaunay_k": 5, "edge_set": "Delaunay5" }, "geometry": { "type": "LineString", "coordinates": [ [ 12.407684, 57.816235 ], [ 15.005951, 62.413273 ] ] } },
{ "type": "Feature", "properties": { "from_node": 76, "to_node": 271, "length_km": 543.97764299979212, "delaunay_k": 5, "edge_set": "Delaunay5" }, "geometry": { "type": "LineString", "coordinates": [ [ 12.407684, 57.816235 ], [ 15.544281, 62.441242 ] ] } },
{ "type": "Feature", "properties": { "from_node": 76, "to_node": 275, "length_km": 536.57910337068677, "delaunay_k": 5, "edge_set": "Delaunay5" }, "geometry": { "type": "LineString", "coordinates": [ [ 12.407684, 57.816235 ], [ 14.515686, 62.516121 ] ] } },
{ "type": "Feature", "properties": { "from_node": 77, "to_node": 255, "length_km": 481.58865254617496, "delaunay_k": 5, "edge_set": "Delaunay5" }, "geometry": { "type": "LineString", "coordinates": [ [ 12.244263, 57.964417 ], [ 16.316071, 61.771824 ] ] } },
{ "type": "Feature", "properties": { "from_node": 77, "to_node": 262, "length_km": 475.29125807418461, "delaunay_k": 5, "edge_set": "Delaunay5" }, "geometry": { "type": "LineString", "coordinates": [ [ 12.244263, 57.964417 ], [ 13.973236, 62.141768 ] ] } },
{ "type": "Feature", "properties": { "from_node": 77, "to_node": 268, "length_km": 543.54797673731071, "delaunay_k": 5, "edge_set": "Delaunay5" }, "geometry": { "type": "LineString", "coordinates": [ [ 12.244263, 57.964417 ], [ 16.333923, 62.398006 ] ] } },
{ "type": "Feature", "properties": { "from_node": 77, "to_node": 269, "length_km": 518.80315535711634, "delaunay_k": 5, "edge_set": "Delaunay5" }, "geometry": { "type": "LineString", "coordinates": [ [ 12.244263, 57.964417 ], [ 15.005951, 62.413273 ] ] } },
{ "type": "Feature", "properties": { "from_node": 77, "to_node": 271, "length_km": 531.27308715416541, "delaunay_k": 5, "edge_set": "Delaunay5" }, "geometry": { "type": "LineString", "coordinates": [ [ 12.244263, 57.964417 ], [ 15.544281, 62.441242 ] ] } },
{ "type": "Feature", "properties": { "from_node": 77, "to_node": 275, "length_km": 522.514004214171, "delaunay_k": 5, "edge_set": "Delaunay5" }, "geometry": { "type": "LineString", "coordinates": [ [ 12.244263, 57.964417 ], [ 14.515686, 62.516121 ] ] } },
{ "type": "Feature", "properties": { "from_node": 82, "to_node": 267, "length_km": 530.60775595070061, "delaunay_k": 5, "edge_set": "Delaunay5" }, "geometry": { "type": "LineString", "coordinates": [ [ 12.299194, 58.304438 ], [ 17.362518, 62.352158 ] ] } },
{ "type": "Feature", "properties": { "from_node": 82, "to_node": 270, "length_km": 528.30507527288455, "delaunay_k": 5, "edge_set": "Delaunay5" }, "geometry": { "type": "LineString", "coordinates": [ [ 12.299194, 58.304438 ], [ 16.993103, 62.438065 ] ] } },
{ "type": "Feature", "properties": { "from_node": 82, "to_node": 274, "length_km": 517.42492107686871, "delaunay_k": 5, "edge_set": "Delaunay5" }, "geometry": { "type": "LineString", "coordinates": [ [ 12.299194, 58.304438 ], [ 16.329803, 62.499004 ] ] } },
{ "type": "Feature", "properties": { "from_node": 82, "to_node": 276, "length_km": 513.39650635770988, "delaunay_k": 5, "edge_set": "Delaunay5" }, "geometry": { "type": "LineString", "coordinates": [ [ 12.299194, 58.304438 ], [ 16.074371, 62.517388 ] ] } },
{ "type": "Feature", "properties": { "from_node": 82, "to_node": 278, "length_km": 489.89590288943901, "delaunay_k": 5, "edge_set": "Delaunay5" }, "geometry": { "type": "LineString", "coordinates": [ [ 12.299194, 58.304438 ], [ 14.734039, 62.533228 ] ] } },
{ "type": "Feature", "properties": { "from_node": 82, "to_node": 280, "length_km": 475.76587517108743, "delaunay_k": 5, "edge_set": "Delaunay5" }, "geometry": { "type": "LineString", "coordinates": [ [ 12.299194, 58.304438 ], [ 12.590332, 62.571841 ] ] } },
{ "type": "Feature", "properties": { "from_node": 82, "to_node": 281, "length_km": 494.56065744791596, "delaunay_k": 5, "edge_set": "Delaunay5" }, "geometry": { "type": "LineString", "coordinates": [ [ 12.299194, 58.304438 ], [ 10.266724, 62.628719 ] ] } },
{ "type": "Feature", "properties": { "from_node": 82, "to_node": 285, "length_km": 501.57112974322092, "delaunay_k": 5, "edge_set": "Delaunay5" }, "geometry": { "type": "LineString", "coordinates": [ [ 12.299194, 58.304438 ], [ 13.903198, 62.735859 ] ] } },
{ "type": "Feature", "properties": { "from_node": 82, "to_node": 290, "length_km": 547.24867649450528, "delaunay_k": 5, "edge_set": "Delaunay5" }, "geometry": { "type": "LineString", "coordinates": [ [ 12.299194, 58.304438 ], [ 16.160889, 62.833835 ] ] } },
{ "type": "Feature", "properties": { "from_node": 82, "to_node": 300, "length_km": 565.97371055346616, "delaunay_k": 5, "edge_set": "Delaunay5" }, "geometry": { "type": "LineString", "coordinates": [ [ 12.299194, 58.304438 ], [ 15.490723, 63.137606 ] ] } },
{ "type": "Feature", "properties": { "from_node": 86, "to_node": 281, "length_km": 494.40297420406824, "delaunay_k": 5, "edge_set": "Delaunay5" }, "geometry": { "type": "LineString", "coordinates": [ [ 13.878479, 58.56109 ], [ 10.266724, 62.628719 ] ] } },
{ "type": "Feature", "properties": { "from_node": 86, "to_node": 290, "length_km": 492.3041678681563, "delaunay_k": 5, "edge_set": "Delaunay5" }, "geometry": { "type": "LineString", "coordinates": [ [ 13.878479, 58.56109 ], [ 16.160889, 62.833835 ] ] } },
{ "type": "Feature", "properties": { "from_node": 86, "to_node": 300, "length_km": 517.59037122731206, "delaunay_k": 5, "edge_set": "Delaunay5" }, "geometry": { "type": "LineString", "coordinates": [ [ 13.878479, 58.56109 ], [ 15.490723, 63.137606 ] ] } },
{ "type": "Feature", "properties": { "from_node": 87, "to_node": 156, "length_km": 483.03310729180691, "delaunay_k": 5, "edge_set": "Delaunay5" }, "geometry": { "type": "LineString", "coordinates": [ [ 8.782196, 58.575413 ], [ 16.884613, 59.816518 ] ] } },
{ "type": "Feature", "properties": { "from_node": 87, "to_node": 226, "length_km": 512.88967216085575, "delaunay_k": 5, "edge_set": "Delaunay5" }, "geometry": { "type": "LineString", "coordinates": [ [ 8.782196, 58.575413 ], [ 16.637421, 60.922424 ] ] } },
{ "type": "Feature", "properties": { "from_node": 87, "to_node": 242, "length_km": 531.28790787971263, "delaunay_k": 5, "edge_set": "Delaunay5" }, "geometry": { "type": "LineString", "coordinates": [ [ 8.782196, 58.575413 ], [ 16.44928, 61.407894 ] ] } },
{ "type": "Feature", "properties": { "from_node": 87, "to_node": 259, "length_km": 537.14555527571088, "delaunay_k": 5, "edge_set": "Delaunay5" }, "geometry": { "type": "LineString", "coordinates": [ [ 8.782196, 58.575413 ], [ 15.843658, 61.88399 ] ] } },
{ "type": "Feature", "properties": { "from_node": 87, "to_node": 261, "length_km": 489.88540904133043, "delaunay_k": 5, "edge_set": "Delaunay5" }, "geometry": { "type": "LineString", "coordinates": [ [ 8.782196, 58.575413 ], [ 14.16687, 62.071739 ] ] } },
{ "type": "Feature", "properties": { "from_node": 88, "to_node": 281, "length_km": 495.83628286136877, "delaunay_k": 5, "edge_set": "Delaunay5" }, "geometry": { "type": "LineString", "coordinates": [ [ 14.111938, 58.598318 ], [ 10.266724, 62.628719 ] ] } },
{ "type": "Feature", "properties": { "from_node": 88, "to_node": 290, "length_km": 485.20579385258532, "delaunay_k": 5, "edge_set": "Delaunay5" }, "geometry": { "type": "LineString", "coordinates": [ [ 14.111938, 58.598318 ], [ 16.160889, 62.833835 ] ] } },
{ "type": "Feature", "properties": { "from_node": 88, "to_node": 300, "length_km": 511.50738890796049, "delaunay_k": 5, "edge_set": "Delaunay5" }, "geometry": { "type": "LineString", "coordinates": [ [ 14.111938, 58.598318 ], [ 15.490723, 63.137606 ] ] } },
{ "type": "Feature", "properties": { "from_node": 90, "to_node": 216, "length_km": 474.0262021311533, "delaunay_k": 5, "edge_set": "Delaunay5" }, "geometry": { "type": "LineString", "coordinates": [ [ 16.035919, 58.70477 ], [ 8.690186, 60.798714 ] ] } },
{ "type": "Feature", "properties": { "from_node": 91, "to_node": 267, "length_km": 505.69253631712837, "delaunay_k": 5, "edge_set": "Delaunay5" }, "geometry": { "type": "LineString", "coordinates": [ [ 11.629028, 58.795248 ], [ 17.362518, 62.352158 ] ] } },
{ "type": "Feature", "properties": { "from_node": 91, "to_node": 270, "length_km": 500.86225333584201, "delaunay_k": 5, "edge_set": "Delaunay5" }, "geometry": { "type": "LineString", "coordinates": [ [ 11.629028, 58.795248 ], [ 16.993103, 62.438065 ] ] } },
{ "type": "Feature", "properties": { "from_node": 91, "to_node": 274, "length_km": 486.12027349135809, "delaunay_k": 5, "edge_set": "Delaunay5" }, "geometry": { "type": "LineString", "coordinates": [ [ 11.629028, 58.795248 ], [ 16.329803, 62.499004 ] ] } },
{ "type": "Feature", "properties": { "from_node": 91, "to_node": 276, "length_km": 480.6198862650615, "delaunay_k": 5, "edge_set": "Delaunay5" }, "geometry": { "type": "LineString", "coordinates": [ [ 11.629028, 58.795248 ], [ 16.074371, 62.517388 ] ] } },
{ "type": "Feature", "properties": { "from_node": 91, "to_node": 290, "length_km": 513.0154744578283, "delaunay_k": 5, "edge_set": "Delaunay5" }, "geometry": { "type": "LineString", "coordinates": [ [ 11.629028, 58.795248 ], [ 16.160889, 62.833835 ] ] } },
{ "type": "Feature", "properties": { "from_node": 91, "to_node": 300, "length_km": 527.01881725132614, "delaunay_k": 5, "edge_set": "Delaunay5" }, "geometry": { "type": "LineString", "coordinates": [ [ 11.629028, 58.795248 ], [ 15.490723, 63.137606 ] ] } },
{ "type": "Feature", "properties": { "from_node": 98, "to_node": 206, "length_km": 478.26282824729617, "delaunay_k": 5, "edge_set": "Delaunay5" }, "geometry": { "type": "LineString", "coordinates": [ [ 16.660767, 58.984699 ], [ 8.75885, 60.591688 ] ] } },
{ "type": "Feature", "properties": { "from_node": 98, "to_node": 216, "length_km": 489.57686381993221, "delaunay_k": 5, "edge_set": "Delaunay5" }, "geometry": { "type": "LineString", "coordinates": [ [ 16.660767, 58.984699 ], [ 8.690186, 60.798714 ] ] } },
{ "type": "Feature", "properties": { "from_node": 101, "to_node": 281, "length_km": 478.03906936090169, "delaunay_k": 5, "edge_set": "Delaunay5" }, "geometry": { "type": "LineString", "coordinates": [ [ 15.125427, 59.05115 ], [ 10.266724, 62.628719 ] ] } },
{ "type": "Feature", "properties": { "from_node": 104, "to_node": 108, "length_km": 476.33195212544445, "delaunay_k": 5, "edge_set": "Delaunay5" }, "geometry": { "type": "LineString", "coordinates": [ [ 17.932434, 59.094909 ], [ 9.61441, 59.151995 ] ] } },
{ "type": "Feature", "properties": { "from_node": 107, "to_node": 267, "length_km": 482.39632116710283, "delaunay_k": 5, "edge_set": "Delaunay5" }, "geometry": { "type": "LineString", "coordinates": [ [ 11.409302, 59.147769 ], [ 17.362518, 62.352158 ] ] } },
{ "type": "Feature", "properties": { "from_node": 107, "to_node": 270, "length_km": 476.15443059120946, "delaunay_k": 5, "edge_set": "Delaunay5" }, "geometry": { "type": "LineString", "coordinates": [ [ 11.409302, 59.147769 ], [ 16.993103, 62.438065 ] ] } },
{ "type": "Feature", "properties": { "from_node": 107, "to_node": 290, "length_km": 484.44511043189465, "delaunay_k": 5, "edge_set": "Delaunay5" }, "geometry": { "type": "LineString", "coordinates": [ [ 11.409302, 59.147769 ], [ 16.160889, 62.833835 ] ] } },
{ "type": "Feature", "properties": { "from_node": 107, "to_node": 300, "length_km": 495.84298932996688, "delaunay_k": 5, "edge_set": "Delaunay5" }, "geometry": { "type": "LineString", "coordinates": [ [ 11.409302, 59.147769 ], [ 15.490723, 63.137606 ] ] } },
{ "type": "Feature", "properties": { "from_node": 108, "to_node": 234, "length_km": 475.68135163991315, "delaunay_k": 5, "edge_set": "Delaunay5" }, "geometry": { "type": "LineString", "coordinates": [ [ 9.61441, 59.151995 ], [ 17.166138, 61.172384 ] ] } },
{ "type": "Feature", "properties": { "from_node": 108, "to_node": 268, "length_km": 514.29333559868758, "delaunay_k": 5, "edge_set": "Delaunay5" }, "geometry": { "type": "LineString", "coordinates": [ [ 9.61441, 59.151995 ], [ 16.333923, 62.398006 ] ] } },
{ "type": "Feature", "properties": { "from_node": 108, "to_node": 271, "length_km": 488.1486849196026, "delaunay_k": 5, "edge_set": "Delaunay5" }, "geometry": { "type": "LineString", "coordinates": [ [ 9.61441, 59.151995 ], [ 15.544281, 62.441242 ] ] } },
{ "type": "Feature", "properties": { "from_node": 113, "to_node": 313, "length_km": 515.90579409050338, "delaunay_k": 5, "edge_set": "Delaunay5" }, "geometry": { "type": "LineString", "coordinates": [ [ 5.262451, 59.225853 ], [ 9.933014, 63.271947 ] ] } },
{ "type": "Feature", "properties": { "from_node": 113, "to_node": 360, "length_km": 671.60681924924006, "delaunay_k": 5, "edge_set": "Delaunay5" }, "geometry": { "type": "LineString", "coordinates": [ [ 5.262451, 59.225853 ], [ 11.620789, 64.453849 ] ] } },
{ "type": "Feature", "properties": { "from_node": 116, "to_node": 313, "length_km": 498.96995333164949, "delaunay_k": 5, "edge_set": "Delaunay5" }, "geometry": { "type": "LineString", "coordinates": [ [ 5.568695, 59.317075 ], [ 9.933014, 63.271947 ] ] } },
{ "type": "Feature", "properties": { "from_node": 116, "to_node": 360, "length_km": 654.62657487677461, "delaunay_k": 5, "edge_set": "Delaunay5" }, "geometry": { "type": "LineString", "coordinates": [ [ 5.568695, 59.317075 ], [ 11.620789, 64.453849 ] ] } },
{ "type": "Feature", "properties": { "from_node": 118, "to_node": 267, "length_km": 476.60510746610487, "delaunay_k": 5, "edge_set": "Delaunay5" }, "geometry": { "type": "LineString", "coordinates": [ [ 11.181335, 59.317776 ], [ 17.362518, 62.352158 ] ] } },
{ "type": "Feature", "properties": { "from_node": 118, "to_node": 290, "length_km": 474.95508758797473, "delaunay_k": 5, "edge_set": "Delaunay5" }, "geometry": { "type": "LineString", "coordinates": [ [ 11.181335, 59.317776 ], [ 16.160889, 62.833835 ] ] } },
{ "type": "Feature", "properties": { "from_node": 118, "to_node": 300, "length_km": 484.37723980137264, "delaunay_k": 5, "edge_set": "Delaunay5" }, "geometry": { "type": "LineString", "coordinates": [ [ 11.181335, 59.317776 ], [ 15.490723, 63.137606 ] ] } },
{ "type": "Feature", "properties": { "from_node": 130, "to_node": 314, "length_km": 500.59570953869496, "delaunay_k": 5, "edge_set": "Delaunay5" }, "geometry": { "type": "LineString", "coordinates": [ [ 5.39978, 59.495303 ], [ 10.457611, 63.276888 ] ] } },
{ "type": "Feature", "properties": { "from_node": 130, "to_node": 321, "length_km": 511.54084201148436, "delaunay_k": 5, "edge_set": "Delaunay5" }, "geometry": { "type": "LineString", "coordinates": [ [ 5.39978, 59.495303 ], [ 10.439758, 63.401361 ] ] } },
{ "type": "Feature", "properties": { "from_node": 130, "to_node": 337, "length_km": 624.23763178507761, "delaunay_k": 5, "edge_set": "Delaunay5" }, "geometry": { "type": "LineString", "coordinates": [ [ 5.39978, 59.495303 ], [ 13.065491, 63.752742 ] ] } },
{ "type": "Feature", "properties": { "from_node": 130, "to_node": 346, "length_km": 593.76695831205041, "delaunay_k": 5, "edge_set": "Delaunay5" }, "geometry": { "type": "LineString", "coordinates": [ [ 5.39978, 59.495303 ], [ 11.477966, 63.979576 ] ] } },
{ "type": "Feature", "properties": { "from_node": 130, "to_node": 373, "length_km": 697.40072536093396, "delaunay_k": 5, "edge_set": "Delaunay5" }, "geometry": { "type": "LineString", "coordinates": [ [ 5.39978, 59.495303 ], [ 12.800446, 64.712014 ] ] } },
{ "type": "Feature", "properties": { "from_node": 130, "to_node": 383, "length_km": 740.70783081122704, "delaunay_k": 5, "edge_set": "Delaunay5" }, "geometry": { "type": "LineString", "coordinates": [ [ 5.39978, 59.495303 ], [ 12.7565, 65.20262 ] ] } },
{ "type": "Feature", "properties": { "from_node": 130, "to_node": 396, "length_km": 813.59774507256714, "delaunay_k": 5, "edge_set": "Delaunay5" }, "geometry": { "type": "LineString", "coordinates": [ [ 5.39978, 59.495303 ], [ 13.289337, 65.841024 ] ] } },
{ "type": "Feature", "properties": { "from_node": 130, "to_node": 410, "length_km": 907.66832781630819, "delaunay_k": 5, "edge_set": "Delaunay5" }, "geometry": { "type": "LineString", "coordinates": [ [ 5.39978, 59.495303 ], [ 13.807068, 66.707884 ] ] } },
{ "type": "Feature", "properties": { "from_node": 137, "to_node": 281, "length_km": 474.44173325484456, "delaunay_k": 5, "edge_set": "Delaunay5" }, "geometry": { "type": "LineString", "coordinates": [ [ 16.368256, 59.559375 ], [ 10.266724, 62.628719 ] ] } },
{ "type": "Feature", "properties": { "from_node": 138, "to_node": 360, "length_km": 607.01610626711863, "delaunay_k": 5, "edge_set": "Delaunay5" }, "geometry": { "type": "LineString", "coordinates": [ [ 6.481934, 59.569114 ], [ 11.620789, 64.453849 ] ] } },
{ "type": "Feature", "properties": { "from_node": 143, "to_node": 360, "length_km": 598.15925957064792, "delaunay_k": 5, "edge_set": "Delaunay5" }, "geometry": { "type": "LineString", "coordinates": [ [ 6.432495, 59.667741 ], [ 11.620789, 64.453849 ] ] } },
{ "type": "Feature", "properties": { "from_node": 152, "to_node": 321, "length_km": 483.49894387486654, "delaunay_k": 5, "edge_set": "Delaunay5" }, "geometry": { "type": "LineString", "coordinates": [ [ 5.461578, 59.768152 ], [ 10.439758, 63.401361 ] ] } },
{ "type": "Feature", "properties": { "from_node": 152, "to_node": 337, "length_km": 598.12950481925884, "delaunay_k": 5, "edge_set": "Delaunay5" }, "geometry": { "type": "LineString", "coordinates": [ [ 5.461578, 59.768152 ], [ 13.065491, 63.752742 ] ] } },
{ "type": "Feature", "properties": { "from_node": 152, "to_node": 346, "length_km": 565.83265547862743, "delaunay_k": 5, "edge_set": "Delaunay5" }, "geometry": { "type": "LineString", "coordinates": [ [ 5.461578, 59.768152 ], [ 11.477966, 63.979576 ] ] } },
{ "type": "Feature", "properties": { "from_node": 152, "to_node": 373, "length_km": 669.5141466194101, "delaunay_k": 5, "edge_set": "Delaunay5" }, "geometry": { "type": "LineString", "coordinates": [ [ 5.461578, 59.768152 ], [ 12.800446, 64.712014 ] ] } },
{ "type": "Feature", "properties": { "from_node": 152, "to_node": 383, "length_km": 712.24392244027013, "delaunay_k": 5, "edge_set": "Delaunay5" }, "geometry": { "type": "LineString", "coordinates": [ [ 5.461578, 59.768152 ], [ 12.7565, 65.20262 ] ] } },
{ "type": "Feature", "properties": { "from_node": 152, "to_node": 396, "length_km": 784.8522864725594, "delaunay_k": 5, "edge_set": "Delaunay5" }, "geometry": { "type": "LineString", "coordinates": [ [ 5.461578, 59.768152 ], [ 13.289337, 65.841024 ] ] } },
{ "type": "Feature", "properties": { "from_node": 152, "to_node": 410, "length_km": 878.53329426906475, "delaunay_k": 5, "edge_set": "Delaunay5" }, "geometry": { "type": "LineString", "coordinates": [ [ 5.461578, 59.768152 ], [ 13.807068, 66.707884 ] ] } },
{ "type": "Feature", "properties": { "from_node": 156, "to_node": 281, "length_km": 473.70975454248315, "delaunay_k": 5, "edge_set": "Delaunay5" }, "geometry": { "type": "LineString", "coordinates": [ [ 16.884613, 59.816518 ], [ 10.266724, 62.628719 ] ] } },
{ "type": "Feature", "properties": { "from_node": 159, "to_node": 360, "length_km": 585.71502101005888, "delaunay_k": 5, "edge_set": "Delaunay5" }, "geometry": { "type": "LineString", "coordinates": [ [ 6.113892, 59.869641 ], [ 11.620789, 64.453849 ] ] } },
{ "type": "Feature", "properties": { "from_node": 164, "to_node": 360, "length_km": 586.78795537012843, "delaunay_k": 5, "edge_set": "Delaunay5" }, "geometry": { "type": "LineString", "coordinates": [ [ 5.868073, 59.923367 ], [ 11.620789, 64.453849 ] ] } },
{ "type": "Feature", "properties": { "from_node": 168, "to_node": 371, "length_km": 540.34684908015868, "delaunay_k": 5, "edge_set": "Delaunay5" }, "geometry": { "type": "LineString", "coordinates": [ [ 23.819733, 60.047704 ], [ 26.455078, 64.709668 ] ] } },
{ "type": "Feature", "properties": { "from_node": 168, "to_node": 376, "length_km": 543.5492118706029, "delaunay_k": 5, "edge_set": "Delaunay5" }, "geometry": { "type": "LineString", "coordinates": [ [ 23.819733, 60.047704 ], [ 26.115875, 64.778222 ] ] } },
{ "type": "Feature", "properties": { "from_node": 168, "to_node": 378, "length_km": 563.32803703927175, "delaunay_k": 5, "edge_set": "Delaunay5" }, "geometry": { "type": "LineString", "coordinates": [ [ 23.819733, 60.047704 ], [ 26.05957, 64.965416 ] ] } },
{ "type": "Feature", "properties": { "from_node": 168, "to_node": 386, "length_km": 594.29225881442756, "delaunay_k": 5, "edge_set": "Delaunay5" }, "geometry": { "type": "LineString", "coordinates": [ [ 23.819733, 60.047704 ], [ 25.694275, 65.279688 ] ] } },
{ "type": "Feature", "properties": { "from_node": 168, "to_node": 403, "length_km": 703.64422493267398, "delaunay_k": 5, "edge_set": "Delaunay5" }, "geometry": { "type": "LineString", "coordinates": [ [ 23.819733, 60.047704 ], [ 25.415497, 66.285642 ] ] } },
{ "type": "Feature", "properties": { "from_node": 168, "to_node": 405, "length_km": 725.13929712229412, "delaunay_k": 5, "edge_set": "Delaunay5" }, "geometry": { "type": "LineString", "coordinates": [ [ 23.819733, 60.047704 ], [ 26.769562, 66.378809 ] ] } },
{ "type": "Feature", "properties": { "from_node": 168, "to_node": 415, "length_km": 825.20581752595706, "delaunay_k": 5, "edge_set": "Delaunay5" }, "geometry": { "type": "LineString", "coordinates": [ [ 23.819733, 60.047704 ], [ 27.387543, 67.23753 ] ] } },
{ "type": "Feature", "properties": { "from_node": 176, "to_node": 371, "length_km": 513.75042199021686, "delaunay_k": 5, "edge_set": "Delaunay5" }, "geometry": { "type": "LineString", "coordinates": [ [ 24.656067, 60.20571 ], [ 26.455078, 64.709668 ] ] } },
{ "type": "Feature", "properties": { "from_node": 176, "to_node": 376, "length_km": 518.37319525404359, "delaunay_k": 5, "edge_set": "Delaunay5" }, "geometry": { "type": "LineString", "coordinates": [ [ 24.656067, 60.20571 ], [ 26.115875, 64.778222 ] ] } },
{ "type": "Feature", "properties": { "from_node": 176, "to_node": 378, "length_km": 538.69230732042615, "delaunay_k": 5, "edge_set": "Delaunay5" }, "geometry": { "type": "LineString", "coordinates": [ [ 24.656067, 60.20571 ], [ 26.05957, 64.965416 ] ] } },
{ "type": "Feature", "properties": { "from_node": 176, "to_node": 386, "length_km": 571.43374198821596, "delaunay_k": 5, "edge_set": "Delaunay5" }, "geometry": { "type": "LineString", "coordinates": [ [ 24.656067, 60.20571 ], [ 25.694275, 65.279688 ] ] } },
{ "type": "Feature", "properties": { "from_node": 176, "to_node": 403, "length_km": 682.65458833629054, "delaunay_k": 5, "edge_set": "Delaunay5" }, "geometry": { "type": "LineString", "coordinates": [ [ 24.656067, 60.20571 ], [ 25.415497, 66.285642 ] ] } },
{ "type": "Feature", "properties": { "from_node": 176, "to_node": 405, "length_km": 700.43460791634482, "delaunay_k": 5, "edge_set": "Delaunay5" }, "geometry": { "type": "LineString", "coordinates": [ [ 24.656067, 60.20571 ], [ 26.769562, 66.378809 ] ] } },
{ "type": "Feature", "properties": { "from_node": 176, "to_node": 415, "length_km": 800.15575790275204, "delaunay_k": 5, "edge_set": "Delaunay5" }, "geometry": { "type": "LineString", "coordinates": [ [ 24.656067, 60.20571 ], [ 27.387543, 67.23753 ] ] } },
{ "type": "Feature", "properties": { "from_node": 178, "to_node": 365, "length_km": 496.40050979748941, "delaunay_k": 5, "edge_set": "Delaunay5" }, "geometry": { "type": "LineString", "coordinates": [ [ 24.186401, 60.304505 ], [ 26.843719, 64.556111 ] ] } },
{ "type": "Feature", "properties": { "from_node": 178, "to_node": 375, "length_km": 513.93798559415586, "delaunay_k": 5, "edge_set": "Delaunay5" }, "geometry": { "type": "LineString", "coordinates": [ [ 24.186401, 60.304505 ], [ 26.51825, 64.759489 ] ] } },
{ "type": "Feature", "properties": { "from_node": 178, "to_node": 404, "length_km": 690.69289412809871, "delaunay_k": 5, "edge_set": "Delaunay5" }, "geometry": { "type": "LineString", "coordinates": [ [ 24.186401, 60.304505 ], [ 27.030487, 66.33089 ] ] } },
{ "type": "Feature", "properties": { "from_node": 178, "to_node": 407, "length_km": 707.75773179348607, "delaunay_k": 5, "edge_set": "Delaunay5" }, "geometry": { "type": "LineString", "coordinates": [ [ 24.186401, 60.304505 ], [ 27.398529, 66.450241 ] ] } },
{ "type": "Feature", "properties": { "from_node": 180, "to_node": 365, "length_km": 484.43290616951651, "delaunay_k": 5, "edge_set": "Delaunay5" }, "geometry": { "type": "LineString", "coordinates": [ [ 24.930725, 60.330347 ], [ 26.843719, 64.556111 ] ] } },
{ "type": "Feature", "properties": { "from_node": 180, "to_node": 375, "length_km": 503.62629663538917, "delaunay_k": 5, "edge_set": "Delaunay5" }, "geometry": { "type": "LineString", "coordinates": [ [ 24.930725, 60.330347 ], [ 26.51825, 64.759489 ] ] } },
{ "type": "Feature", "properties": { "from_node": 180, "to_node": 404, "length_km": 681.33882799030141, "delaunay_k": 5, "edge_set": "Delaunay5" }, "geometry": { "type": "LineString", "coordinates": [ [ 24.930725, 60.330347 ], [ 27.030487, 66.33089 ] ] } },
{ "type": "Feature", "properties": { "from_node": 180, "to_node": 407, "length_km": 697.63517332794299, "delaunay_k": 5, "edge_set": "Delaunay5" }, "geometry": { "type": "LineString", "coordinates": [ [ 24.930725, 60.330347 ], [ 27.398529, 66.450241 ] ] } },
{ "type": "Feature", "properties": { "from_node": 181, "to_node": 360, "length_km": 557.64426921200857, "delaunay_k": 5, "edge_set": "Delaunay5" }, "geometry": { "type": "LineString", "coordinates": [ [ 5.449219, 60.347337 ], [ 11.620789, 64.453849 ] ] } },
{ "type": "Feature", "properties": { "from_node": 183, "to_node": 352, "length_km": 475.23318179262998, "delaunay_k": 5, "edge_set": "Delaunay5" }, "geometry": { "type": "LineString", "coordinates": [ [ 22.913361, 60.363639 ], [ 27.204895, 64.101606 ] ] } },
{ "type": "Feature", "properties": { "from_node": 183, "to_node": 365, "length_km": 512.12768033620489, "delaunay_k": 5, "edge_set": "Delaunay5" }, "geometry": { "type": "LineString", "coordinates": [ [ 22.913361, 60.363639 ], [ 26.843719, 64.556111 ] ] } },
{ "type": "Feature", "properties": { "from_node": 183, "to_node": 375, "length_km": 526.60155511767618, "delaunay_k": 5, "edge_set": "Delaunay5" }, "geometry": { "type": "LineString", "coordinates": [ [ 22.913361, 60.363639 ], [ 26.51825, 64.759489 ] ] } },
{ "type": "Feature", "properties": { "from_node": 183, "to_node": 404, "length_km": 699.81446281490048, "delaunay_k": 5, "edge_set": "Delaunay5" }, "geometry": { "type": "LineString", "coordinates": [ [ 22.913361, 60.363639 ], [ 27.030487, 66.33089 ] ] } },
{ "type": "Feature", "properties": { "from_node": 183, "to_node": 407, "length_km": 718.0650304682348, "delaunay_k": 5, "edge_set": "Delaunay5" }, "geometry": { "type": "LineString", "coordinates": [ [ 22.913361, 60.363639 ], [ 27.398529, 66.450241 ] ] } },
{ "type": "Feature", "properties": { "from_node": 185, "to_node": 371, "length_km": 490.20419634653803, "delaunay_k": 5, "edge_set": "Delaunay5" }, "geometry": { "type": "LineString", "coordinates": [ [ 25.209503, 60.378575 ], [ 26.455078, 64.709668 ] ] } },
{ "type": "Feature", "properties": { "from_node": 185, "to_node": 376, "length_km": 495.79007144780019, "delaunay_k": 5, "edge_set": "Delaunay5" }, "geometry": { "type": "LineString", "coordinates": [ [ 25.209503, 60.378575 ], [ 26.115875, 64.778222 ] ] } },
{ "type": "Feature", "properties": { "from_node": 185, "to_node": 378, "length_km": 516.40641469222805, "delaunay_k": 5, "edge_set": "Delaunay5" }, "geometry": { "type": "LineString", "coordinates": [ [ 25.209503, 60.378575 ], [ 26.05957, 64.965416 ] ] } },
{ "type": "Feature", "properties": { "from_node": 185, "to_node": 386, "length_km": 550.26154902391488, "delaunay_k": 5, "edge_set": "Delaunay5" }, "geometry": { "type": "LineString", "coordinates": [ [ 25.209503, 60.378575 ], [ 25.694275, 65.279688 ] ] } },
{ "type": "Feature", "properties": { "from_node": 185, "to_node": 403, "length_km": 662.44739737638417, "delaunay_k": 5, "edge_set": "Delaunay5" }, "geometry": { "type": "LineString", "coordinates": [ [ 25.209503, 60.378575 ], [ 25.415497, 66.285642 ] ] } },
{ "type": "Feature", "properties": { "from_node": 185, "to_node": 405, "length_km": 677.65289995872195, "delaunay_k": 5, "edge_set": "Delaunay5" }, "geometry": { "type": "LineString", "coordinates": [ [ 25.209503, 60.378575 ], [ 26.769562, 66.378809 ] ] } },
{ "type": "Feature", "properties": { "from_node": 185, "to_node": 415, "length_km": 776.95978961701314, "delaunay_k": 5, "edge_set": "Delaunay5" }, "geometry": { "type": "LineString", "coordinates": [ [ 25.209503, 60.378575 ], [ 27.387543, 67.23753 ] ] } },
{ "type": "Feature", "properties": { "from_node": 192, "to_node": 380, "length_km": 511.6128115110543, "delaunay_k": 5, "edge_set": "Delaunay5" }, "geometry": { "type": "LineString", "coordinates": [ [ 26.294403, 60.418598 ], [ 25.808258, 64.971807 ] ] } },
{ "type": "Feature", "properties": { "from_node": 192, "to_node": 397, "length_km": 618.15043276819335, "delaunay_k": 5, "edge_set": "Delaunay5" }, "geometry": { "type": "LineString", "coordinates": [ [ 26.294403, 60.418598 ], [ 24.612122, 65.877531 ] ] } },
{ "type": "Feature", "properties": { "from_node": 192, "to_node": 399, "length_km": 629.50825705498687, "delaunay_k": 5, "edge_set": "Delaunay5" }, "geometry": { "type": "LineString", "coordinates": [ [ 26.294403, 60.418598 ], [ 24.892273, 65.995123 ] ] } },
{ "type": "Feature", "properties": { "from_node": 192, "to_node": 400, "length_km": 644.81561559889428, "delaunay_k": 5, "edge_set": "Delaunay5" }, "geometry": { "type": "LineString", "coordinates": [ [ 26.294403, 60.418598 ], [ 25.069427, 66.140521 ] ] } },
{ "type": "Feature", "properties": { "from_node": 192, "to_node": 406, "length_km": 673.24253536097171, "delaunay_k": 5, "edge_set": "Delaunay5" }, "geometry": { "type": "LineString", "coordinates": [ [ 26.294403, 60.418598 ], [ 25.717621, 66.413451 ] ] } },
{ "type": "Feature", "properties": { "from_node": 192, "to_node": 418, "length_km": 796.21272889581189, "delaunay_k": 5, "edge_set": "Delaunay5" }, "geometry": { "type": "LineString", "coordinates": [ [ 26.294403, 60.418598 ], [ 25.085907, 67.498059 ] ] } },
{ "type": "Feature", "properties": { "from_node": 192, "to_node": 419, "length_km": 805.34585300746483, "delaunay_k": 5, "edge_set": "Delaunay5" }, "geometry": { "type": "LineString", "coordinates": [ [ 26.294403, 60.418598 ], [ 26.098022, 67.596139 ] ] } },
{ "type": "Feature", "properties": { "from_node": 192, "to_node": 421, "length_km": 806.60751510710463, "delaunay_k": 5, "edge_set": "Delaunay5" }, "geometry": { "type": "LineString", "coordinates": [ [ 26.294403, 60.418598 ], [ 26.820374, 67.602419 ] ] } },
{ "type": "Feature", "properties": { "from_node": 192, "to_node": 425, "length_km": 925.71324889196217, "delaunay_k": 5, "edge_set": "Delaunay5" }, "geometry": { "type": "LineString", "coordinates": [ [ 26.294403, 60.418598 ], [ 27.674561, 68.645556 ] ] } },
{ "type": "Feature", "properties": { "from_node": 193, "to_node": 360, "length_km": 549.33489822025865, "delaunay_k": 5, "edge_set": "Delaunay5" }, "geometry": { "type": "LineString", "coordinates": [ [ 5.494537, 60.42131 ], [ 11.620789, 64.453849 ] ] } },
{ "type": "Feature", "properties": { "from_node": 195, "to_node": 337, "length_km": 548.24728238028092, "delaunay_k": 5, "edge_set": "Delaunay5" }, "geometry": { "type": "LineString", "coordinates": [ [ 5.259705, 60.456541 ], [ 13.065491, 63.752742 ] ] } },
{ "type": "Feature", "properties": { "from_node": 195, "to_node": 346, "length_km": 508.50194362743599, "delaunay_k": 5, "edge_set": "Delaunay5" }, "geometry": { "type": "LineString", "coordinates": [ [ 5.259705, 60.456541 ], [ 11.477966, 63.979576 ] ] } },
{ "type": "Feature", "properties": { "from_node": 195, "to_node": 373, "length_km": 611.89142191471331, "delaunay_k": 5, "edge_set": "Delaunay5" }, "geometry": { "type": "LineString", "coordinates": [ [ 5.259705, 60.456541 ], [ 12.800446, 64.712014 ] ] } },
{ "type": "Feature", "properties": { "from_node": 195, "to_node": 383, "length_km": 651.88623263913905, "delaunay_k": 5, "edge_set": "Delaunay5" }, "geometry": { "type": "LineString", "coordinates": [ [ 5.259705, 60.456541 ], [ 12.7565, 65.20262 ] ] } },
{ "type": "Feature", "properties": { "from_node": 195, "to_node": 396, "length_km": 722.9924422139967, "delaunay_k": 5, "edge_set": "Delaunay5" }, "geometry": { "type": "LineString", "coordinates": [ [ 5.259705, 60.456541 ], [ 13.289337, 65.841024 ] ] } },
{ "type": "Feature", "properties": { "from_node": 195, "to_node": 410, "length_km": 814.62335945718235, "delaunay_k": 5, "edge_set": "Delaunay5" }, "geometry": { "type": "LineString", "coordinates": [ [ 5.259705, 60.456541 ], [ 13.807068, 66.707884 ] ] } },
{ "type": "Feature", "properties": { "from_node": 196, "to_node": 371, "length_km": 477.6373812298047, "delaunay_k": 5, "edge_set": "Delaunay5" }, "geometry": { "type": "LineString", "coordinates": [ [ 25.659943, 60.469404 ], [ 26.455078, 64.709668 ] ] } },
{ "type": "Feature", "properties": { "from_node": 196, "to_node": 376, "length_km": 484.06238024112963, "delaunay_k": 5, "edge_set": "Delaunay5" }, "geometry": { "type": "LineString", "coordinates": [ [ 25.659943, 60.469404 ], [ 26.115875, 64.778222 ] ] } },
{ "type": "Feature", "properties": { "from_node": 196, "to_node": 378, "length_km": 504.88746195256959, "delaunay_k": 5, "edge_set": "Delaunay5" }, "geometry": { "type": "LineString", "coordinates": [ [ 25.659943, 60.469404 ], [ 26.05957, 64.965416 ] ] } },
{ "type": "Feature", "properties": { "from_node": 196, "to_node": 386, "length_km": 539.63077628746089, "delaunay_k": 5, "edge_set": "Delaunay5" }, "geometry": { "type": "LineString", "coordinates": [ [ 25.659943, 60.469404 ], [ 25.694275, 65.279688 ] ] } },
{ "type": "Feature", "properties": { "from_node": 196, "to_node": 403, "length_km": 652.42934352367331, "delaunay_k": 5, "edge_set": "Delaunay5" }, "geometry": { "type": "LineString", "coordinates": [ [ 25.659943, 60.469404 ], [ 25.415497, 66.285642 ] ] } },
{ "type": "Feature", "properties": { "from_node": 196, "to_node": 405, "length_km": 665.40494377106506, "delaunay_k": 5, "edge_set": "Delaunay5" }, "geometry": { "type": "LineString", "coordinates": [ [ 25.659943, 60.469404 ], [ 26.769562, 66.378809 ] ] } },
{ "type": "Feature", "properties": { "from_node": 196, "to_node": 415, "length_km": 764.23385478691489, "delaunay_k": 5, "edge_set": "Delaunay5" }, "geometry": { "type": "LineString", "coordinates": [ [ 25.659943, 60.469404 ], [ 27.387543, 67.23753 ] ] } },
{ "type": "Feature", "properties": { "from_node": 198, "to_node": 360, "length_km": 522.40172542265361, "delaunay_k": 5, "edge_set": "Delaunay5" }, "geometry": { "type": "LineString", "coordinates": [ [ 6.156464, 60.504583 ], [ 11.620789, 64.453849 ] ] } },
{ "type": "Feature", "properties": { "from_node": 200, "to_node": 367, "length_km": 550.61823964074188, "delaunay_k": 5, "edge_set": "Delaunay5" }, "geometry": { "type": "LineString", "coordinates": [ [ 22.457428, 60.52013 ], [ 28.45047, 64.58147 ] ] } },
{ "type": "Feature", "properties": { "from_node": 201, "to_node": 360, "length_km": 495.41796003986167, "delaunay_k": 5, "edge_set": "Delaunay5" }, "geometry": { "type": "LineString", "coordinates": [ [ 7.108154, 60.527563 ], [ 11.620789, 64.453849 ] ] } },
{ "type": "Feature", "properties": { "from_node": 205, "to_node": 375, "length_km": 475.5296041824904, "delaunay_k": 5, "edge_set": "Delaunay5" }, "geometry": { "type": "LineString", "coordinates": [ [ 25.040588, 60.5755 ], [ 26.51825, 64.759489 ] ] } },
{ "type": "Feature", "properties": { "from_node": 205, "to_node": 404, "length_km": 653.27152374638638, "delaunay_k": 5, "edge_set": "Delaunay5" }, "geometry": { "type": "LineString", "coordinates": [ [ 25.040588, 60.5755 ], [ 27.030487, 66.33089 ] ] } },
{ "type": "Feature", "properties": { "from_node": 205, "to_node": 407, "length_km": 669.52510017642078, "delaunay_k": 5, "edge_set": "Delaunay5" }, "geometry": { "type": "LineString", "coordinates": [ [ 25.040588, 60.5755 ], [ 27.398529, 66.450241 ] ] } },
{ "type": "Feature", "properties": { "from_node": 209, "to_node": 337, "length_km": 509.34722983720451, "delaunay_k": 5, "edge_set": "Delaunay5" }, "geometry": { "type": "LineString", "coordinates": [ [ 5.847473, 60.661069 ], [ 13.065491, 63.752742 ] ] } },
{ "type": "Feature", "properties": { "from_node": 209, "to_node": 373, "length_km": 574.5362118205029, "delaunay_k": 5, "edge_set": "Delaunay5" }, "geometry": { "type": "LineString", "coordinates": [ [ 5.847473, 60.661069 ], [ 12.800446, 64.712014 ] ] } },
{ "type": "Feature", "properties": { "from_node": 209, "to_node": 383, "length_km": 615.37767938074239, "delaunay_k": 5, "edge_set": "Delaunay5" }, "geometry": { "type": "LineString", "coordinates": [ [ 5.847473, 60.661069 ], [ 12.7565, 65.20262 ] ] } },
{ "type": "Feature", "properties": { "from_node": 209, "to_node": 396, "length_km": 687.05289245726135, "delaunay_k": 5, "edge_set": "Delaunay5" }, "geometry": { "type": "LineString", "coordinates": [ [ 5.847473, 60.661069 ], [ 13.289337, 65.841024 ] ] } },
{ "type": "Feature", "properties": { "from_node": 209, "to_node": 410, "length_km": 779.55361280959255, "delaunay_k": 5, "edge_set": "Delaunay5" }, "geometry": { "type": "LineString", "coordinates": [ [ 5.847473, 60.661069 ], [ 13.807068, 66.707884 ] ] } },
{ "type": "Feature", "properties": { "from_node": 210, "to_node": 360, "length_km": 508.69195353820407, "delaunay_k": 5, "edge_set": "Delaunay5" }, "geometry": { "type": "LineString", "coordinates": [ [ 6.100159, 60.664433 ], [ 11.620789, 64.453849 ] ] } },
{ "type": "Feature", "properties": { "from_node": 214, "to_node": 318, "length_km": 494.39376054896479, "delaunay_k": 5, "edge_set": "Delaunay5" }, "geometry": { "type": "LineString", "coordinates": [ [ 4.998779, 60.703432 ], [ 12.568359, 63.361367 ] ] } },
{ "type": "Feature", "properties": { "from_node": 214, "to_node": 319, "length_km": 532.70798270285036, "delaunay_k": 5, "edge_set": "Delaunay5" }, "geometry": { "type": "LineString", "coordinates": [ [ 4.998779, 60.703432 ], [ 13.458252, 63.368755 ] ] } },
{ "type": "Feature", "properties": { "from_node": 214, "to_node": 330, "length_km": 551.89372681203452, "delaunay_k": 5, "edge_set": "Delaunay5" }, "geometry": { "type": "LineString", "coordinates": [ [ 4.998779, 60.703432 ], [ 13.657379, 63.555892 ] ] } },
{ "type": "Feature", "properties": { "from_node": 214, "to_node": 338, "length_km": 557.05059281782258, "delaunay_k": 5, "edge_set": "Delaunay5" }, "geometry": { "type": "LineString", "coordinates": [ [ 4.998779, 60.703432 ], [ 13.493958, 63.755779 ] ] } },
{ "type": "Feature", "properties": { "from_node": 214, "to_node": 339, "length_km": 480.18468642482821, "delaunay_k": 5, "edge_set": "Delaunay5" }, "geometry": { "type": "LineString", "coordinates": [ [ 4.998779, 60.703432 ], [ 11.472473, 63.779452 ] ] } },
{ "type": "Feature", "properties": { "from_node": 214, "to_node": 345, "length_km": 579.9968483896547, "delaunay_k": 5, "edge_set": "Delaunay5" }, "geometry": { "type": "LineString", "coordinates": [ [ 4.998779, 60.703432 ], [ 13.769989, 63.942802 ] ] } },
{ "type": "Feature", "properties": { "from_node": 214, "to_node": 369, "length_km": 629.66643721380706, "delaunay_k": 5, "edge_set": "Delaunay5" }, "geometry": { "type": "LineString", "coordinates": [ [ 4.998779, 60.703432 ], [ 13.807068, 64.653876 ] ] } },
{ "type": "Feature", "properties": { "from_node": 214, "to_node": 377, "length_km": 624.6009783465571, "delaunay_k": 5, "edge_set": "Delaunay5" }, "geometry": { "type": "LineString", "coordinates": [ [ 4.998779, 60.703432 ], [ 13.099823, 64.914228 ] ] } },
{ "type": "Feature", "properties": { "from_node": 214, "to_node": 391, "length_km": 735.58635701732942, "delaunay_k": 5, "edge_set": "Delaunay5" }, "geometry": { "type": "LineString", "coordinates": [ [ 4.998779, 60.703432 ], [ 14.765625, 65.62429 ] ] } },
{ "type": "Feature", "properties": { "from_node": 214, "to_node": 401, "length_km": 746.610897020371, "delaunay_k": 5, "edge_set": "Delaunay5" }, "geometry": { "type": "LineString", "coordinates": [ [ 4.998779, 60.703432 ], [ 13.763123, 66.142743 ] ] } },
{ "type": "Feature", "properties": { "from_node": 214, "to_node": 402, "length_km": 770.95395499330255, "delaunay_k": 5, "edge_set": "Delaunay5" }, "geometry": { "type": "LineString", "coordinates": [ [ 4.998779, 60.703432 ], [ 14.191589, 66.282328 ] ] } },
{ "type": "Feature", "properties": { "from_node": 214, "to_node": 416, "length_km": 901.03566448784295, "delaunay_k": 5, "edge_set": "Delaunay5" }, "geometry": { "type": "LineString", "coordinates": [ [ 4.998779, 60.703432 ], [ 15.757141, 67.288485 ] ] } },
{ "type": "Feature", "properties": { "from_node": 214, "to_node": 420, "length_km": 930.07019933216066, "delaunay_k": 5, "edge_set": "Delaunay5" }, "geometry": { "type": "LineString", "coordinates": [ [ 4.998779, 60.703432 ], [ 15.850525, 67.598233 ] ] } },
{ "type": "Feature", "properties": { "from_node": 214, "to_node": 432, "length_km": 1189.6957515052954, "delaunay_k": 5, "edge_set": "Delaunay5" }, "geometry": { "type": "LineString", "coordinates": [ [ 4.998779, 60.703432 ], [ 19.158783, 69.620772 ] ] } },
{ "type": "Feature", "properties": { "from_node": 215, "to_node": 380, "length_km": 479.74267507014338, "delaunay_k": 5, "edge_set": "Delaunay5" }, "geometry": { "type": "LineString", "coordinates": [ [ 27.063446, 60.737015 ], [ 25.808258, 64.971807 ] ] } },
{ "type": "Feature", "properties": { "from_node": 215, "to_node": 397, "length_km": 589.76820227797714, "delaunay_k": 5, "edge_set": "Delaunay5" }, "geometry": { "type": "LineString", "coordinates": [ [ 27.063446, 60.737015 ], [ 24.612122, 65.877531 ] ] } },
{ "type": "Feature", "properties": { "from_node": 215, "to_node": 399, "length_km": 599.96785105594211, "delaunay_k": 5, "edge_set": "Delaunay5" }, "geometry": { "type": "LineString", "coordinates": [ [ 27.063446, 60.737015 ], [ 24.892273, 65.995123 ] ] } },
{ "type": "Feature", "properties": { "from_node": 215, "to_node": 400, "length_km": 614.49484945697907, "delaunay_k": 5, "edge_set": "Delaunay5" }, "geometry": { "type": "LineString", "coordinates": [ [ 27.063446, 60.737015 ], [ 25.069427, 66.140521 ] ] } },
{ "type": "Feature", "properties": { "from_node": 215, "to_node": 406, "length_km": 640.61786777623229, "delaunay_k": 5, "edge_set": "Delaunay5" }, "geometry": { "type": "LineString", "coordinates": [ [ 27.063446, 60.737015 ], [ 25.717621, 66.413451 ] ] } },
{ "type": "Feature", "properties": { "from_node": 215, "to_node": 418, "length_km": 764.62716190296032, "delaunay_k": 5, "edge_set": "Delaunay5" }, "geometry": { "type": "LineString", "coordinates": [ [ 27.063446, 60.737015 ], [ 25.085907, 67.498059 ] ] } },
{ "type": "Feature", "properties": { "from_node": 215, "to_node": 419, "length_km": 771.24412666554679, "delaunay_k": 5, "edge_set": "Delaunay5" }, "geometry": { "type": "LineString", "coordinates": [ [ 27.063446, 60.737015 ], [ 26.098022, 67.596139 ] ] } },
{ "type": "Feature", "properties": { "from_node": 215, "to_node": 421, "length_km": 770.81263865750418, "delaunay_k": 5, "edge_set": "Delaunay5" }, "geometry": { "type": "LineString", "coordinates": [ [ 27.063446, 60.737015 ], [ 26.820374, 67.602419 ] ] } },
{ "type": "Feature", "properties": { "from_node": 215, "to_node": 425, "length_km": 888.39979831350752, "delaunay_k": 5, "edge_set": "Delaunay5" }, "geometry": { "type": "LineString", "coordinates": [ [ 27.063446, 60.737015 ], [ 27.674561, 68.645556 ] ] } },
{ "type": "Feature", "properties": { "from_node": 219, "to_node": 367, "length_km": 489.75646974108957, "delaunay_k": 5, "edge_set": "Delaunay5" }, "geometry": { "type": "LineString", "coordinates": [ [ 23.579407, 60.830188 ], [ 28.45047, 64.58147 ] ] } },
{ "type": "Feature", "properties": { "from_node": 220, "to_node": 337, "length_km": 490.80354242941422, "delaunay_k": 5, "edge_set": "Delaunay5" }, "geometry": { "type": "LineString", "coordinates": [ [ 5.968323, 60.836881 ], [ 13.065491, 63.752742 ] ] } },
{ "type": "Feature", "properties": { "from_node": 220, "to_node": 373, "length_km": 554.75213771934523, "delaunay_k": 5, "edge_set": "Delaunay5" }, "geometry": { "type": "LineString", "coordinates": [ [ 5.968323, 60.836881 ], [ 12.800446, 64.712014 ] ] } },
{ "type": "Feature", "properties": { "from_node": 220, "to_node": 383, "length_km": 595.2529474582185, "delaunay_k": 5, "edge_set": "Delaunay5" }, "geometry": { "type": "LineString", "coordinates": [ [ 5.968323, 60.836881 ], [ 12.7565, 65.20262 ] ] } },
{ "type": "Feature", "properties": { "from_node": 220, "to_node": 396, "length_km": 666.76566375287985, "delaunay_k": 5, "edge_set": "Delaunay5" }, "geometry": { "type": "LineString", "coordinates": [ [ 5.968323, 60.836881 ], [ 13.289337, 65.841024 ] ] } },
{ "type": "Feature", "properties": { "from_node": 220, "to_node": 410, "length_km": 759.08583708934384, "delaunay_k": 5, "edge_set": "Delaunay5" }, "geometry": { "type": "LineString", "coordinates": [ [ 5.968323, 60.836881 ], [ 13.807068, 66.707884 ] ] } },
{ "type": "Feature", "properties": { "from_node": 221, "to_node": 386, "length_km": 497.60872341277036, "delaunay_k": 5, "edge_set": "Delaunay5" }, "geometry": { "type": "LineString", "coordinates": [ [ 26.621246, 60.865644 ], [ 25.694275, 65.279688 ] ] } },
{ "type": "Feature", "properties": { "from_node": 221, "to_node": 403, "length_km": 611.07313906645993, "delaunay_k": 5, "edge_set": "Delaunay5" }, "geometry": { "type": "LineString", "coordinates": [ [ 26.621246, 60.865644 ], [ 25.415497, 66.285642 ] ] } },
{ "type": "Feature", "properties": { "from_node": 221, "to_node": 405, "length_km": 618.9293091534413, "delaunay_k": 5, "edge_set": "Delaunay5" }, "geometry": { "type": "LineString", "coordinates": [ [ 26.621246, 60.865644 ], [ 26.769562, 66.378809 ] ] } },
{ "type": "Feature", "properties": { "from_node": 221, "to_node": 415, "length_km": 716.31719241714325, "delaunay_k": 5, "edge_set": "Delaunay5" }, "geometry": { "type": "LineString", "coordinates": [ [ 26.621246, 60.865644 ], [ 27.387543, 67.23753 ] ] } },
{ "type": "Feature", "properties": { "from_node": 223, "to_node": 393, "length_km": 576.23305917594575, "delaunay_k": 5, "edge_set": "Delaunay5" }, "geometry": { "type": "LineString", "coordinates": [ [ 27.919006, 60.893713 ], [ 24.411621, 65.781941 ] ] } },
{ "type": "Feature", "properties": { "from_node": 223, "to_node": 398, "length_km": 615.66356133379395, "delaunay_k": 5, "edge_set": "Delaunay5" }, "geometry": { "type": "LineString", "coordinates": [ [ 27.919006, 60.893713 ], [ 23.072662, 65.938074 ] ] } },
{ "type": "Feature", "properties": { "from_node": 223, "to_node": 409, "length_km": 744.54488980162728, "delaunay_k": 5, "edge_set": "Delaunay5" }, "geometry": { "type": "LineString", "coordinates": [ [ 27.919006, 60.893713 ], [ 20.452423, 66.669299 ] ] } },
{ "type": "Feature", "properties": { "from_node": 223, "to_node": 414, "length_km": 787.28410159552152, "delaunay_k": 5, "edge_set": "Delaunay5" }, "geometry": { "type": "LineString", "coordinates": [ [ 27.919006, 60.893713 ], [ 19.866028, 66.975221 ] ] } },
{ "type": "Feature", "properties": { "from_node": 223, "to_node": 428, "length_km": 999.6763111314483, "delaunay_k": 5, "edge_set": "Delaunay5" }, "geometry": { "type": "LineString", "coordinates": [ [ 27.919006, 60.893713 ], [ 20.376892, 69.243986 ] ] } },
{ "type": "Feature", "properties": { "from_node": 223, "to_node": 429, "length_km": 1008.8390815499486, "delaunay_k": 5, "edge_set": "Delaunay5" }, "geometry": { "type": "LineString", "coordinates": [ [ 27.919006, 60.893713 ], [ 21.041565, 69.431516 ] ] } },
{ "type": "Feature", "properties": { "from_node": 223, "to_node": 430, "length_km": 963.46810902193261, "delaunay_k": 5, "edge_set": "Delaunay5" }, "geometry": { "type": "LineString", "coordinates": [ [ 27.919006, 60.893713 ], [ 29.549103, 69.440681 ] ] } },
{ "type": "Feature", "properties": { "from_node": 223, "to_node": 433, "length_km": 1002.3137254694207, "delaunay_k": 5, "edge_set": "Delaunay5" }, "geometry": { "type": "LineString", "coordinates": [ [ 27.919006, 60.893713 ], [ 23.990021, 69.68142 ] ] } },
{ "type": "Feature", "properties": { "from_node": 223, "to_node": 436, "length_km": 1002.4824830245044, "delaunay_k": 5, "edge_set": "Delaunay5" }, "geometry": { "type": "LineString", "coordinates": [ [ 27.919006, 60.893713 ], [ 27.239227, 69.817839 ] ] } },
{ "type": "Feature", "properties": { "from_node": 224, "to_node": 404, "length_km": 617.48338007771099, "delaunay_k": 5, "edge_set": "Delaunay5" }, "geometry": { "type": "LineString", "coordinates": [ [ 24.915619, 60.906402 ], [ 27.030487, 66.33089 ] ] } },
{ "type": "Feature", "properties": { "from_node": 224, "to_node": 407, "length_km": 633.9987598773123, "delaunay_k": 5, "edge_set": "Delaunay5" }, "geometry": { "type": "LineString", "coordinates": [ [ 24.915619, 60.906402 ], [ 27.398529, 66.450241 ] ] } },
{ "type": "Feature", "properties": { "from_node": 226, "to_node": 249, "length_km": 482.48210989386132, "delaunay_k": 5, "edge_set": "Delaunay5" }, "geometry": { "type": "LineString", "coordinates": [ [ 16.637421, 60.922424 ], [ 7.738495, 61.517456 ] ] } },
{ "type": "Feature", "properties": { "from_node": 230, "to_node": 373, "length_km": 515.77877095941528, "delaunay_k": 5, "edge_set": "Delaunay5" }, "geometry": { "type": "LineString", "coordinates": [ [ 6.60965, 61.043662 ], [ 12.800446, 64.712014 ] ] } },
{ "type": "Feature", "properties": { "from_node": 230, "to_node": 383, "length_km": 557.33857674152614, "delaunay_k": 5, "edge_set": "Delaunay5" }, "geometry": { "type": "LineString", "coordinates": [ [ 6.60965, 61.043662 ], [ 12.7565, 65.20262 ] ] } },
{ "type": "Feature", "properties": { "from_node": 230, "to_node": 396, "length_km": 629.52411565081331, "delaunay_k": 5, "edge_set": "Delaunay5" }, "geometry": { "type": "LineString", "coordinates": [ [ 6.60965, 61.043662 ], [ 13.289337, 65.841024 ] ] } },
{ "type": "Feature", "properties": { "from_node": 230, "to_node": 410, "length_km": 722.86277706633916, "delaunay_k": 5, "edge_set": "Delaunay5" }, "geometry": { "type": "LineString", "coordinates": [ [ 6.60965, 61.043662 ], [ 13.807068, 66.707884 ] ] } },
{ "type": "Feature", "properties": { "from_node": 231, "to_node": 373, "length_km": 478.73073990874536, "delaunay_k": 5, "edge_set": "Delaunay5" }, "geometry": { "type": "LineString", "coordinates": [ [ 7.892303, 61.044991 ], [ 12.800446, 64.712014 ] ] } },
{ "type": "Feature", "properties": { "from_node": 231, "to_node": 383, "length_km": 524.11678065566389, "delaunay_k": 5, "edge_set": "Delaunay5" }, "geometry": { "type": "LineString", "coordinates": [ [ 7.892303, 61.044991 ], [ 12.7565, 65.20262 ] ] } },
{ "type": "Feature", "properties": { "from_node": 231, "to_node": 396, "length_km": 598.18569534214078, "delaunay_k": 5, "edge_set": "Delaunay5" }, "geometry": { "type": "LineString", "coordinates": [ [ 7.892303, 61.044991 ], [ 13.289337, 65.841024 ] ] } },
{ "type": "Feature", "properties": { "from_node": 231, "to_node": 410, "length_km": 694.35280301437831, "delaunay_k": 5, "edge_set": "Delaunay5" }, "geometry": { "type": "LineString", "coordinates": [ [ 7.892303, 61.044991 ], [ 13.807068, 66.707884 ] ] } },
{ "type": "Feature", "properties": { "from_node": 232, "to_node": 373, "length_km": 502.30599693927559, "delaunay_k": 5, "edge_set": "Delaunay5" }, "geometry": { "type": "LineString", "coordinates": [ [ 6.871948, 61.10278 ], [ 12.800446, 64.712014 ] ] } },
{ "type": "Feature", "properties": { "from_node": 232, "to_node": 383, "length_km": 544.42348909148723, "delaunay_k": 5, "edge_set": "Delaunay5" }, "geometry": { "type": "LineString", "coordinates": [ [ 6.871948, 61.10278 ], [ 12.7565, 65.20262 ] ] } },
{ "type": "Feature", "properties": { "from_node": 232, "to_node": 396, "length_km": 616.9326083227096, "delaunay_k": 5, "edge_set": "Delaunay5" }, "geometry": { "type": "LineString", "coordinates": [ [ 6.871948, 61.10278 ], [ 13.289337, 65.841024 ] ] } },
{ "type": "Feature", "properties": { "from_node": 232, "to_node": 410, "length_km": 710.75262064473191, "delaunay_k": 5, "edge_set": "Delaunay5" }, "geometry": { "type": "LineString", "coordinates": [ [ 6.871948, 61.10278 ], [ 13.807068, 66.707884 ] ] } },
{ "type": "Feature", "properties": { "from_node": 236, "to_node": 367, "length_km": 477.82717147722798, "delaunay_k": 5, "edge_set": "Delaunay5" }, "geometry": { "type": "LineString", "coordinates": [ [ 22.822723, 61.179005 ], [ 28.45047, 64.58147 ] ] } },
{ "type": "Feature", "properties": { "from_node": 237, "to_node": 373, "length_km": 478.71699612288648, "delaunay_k": 5, "edge_set": "Delaunay5" }, "geometry": { "type": "LineString", "coordinates": [ [ 7.338867, 61.206798 ], [ 12.800446, 64.712014 ] ] } },
{ "type": "Feature", "properties": { "from_node": 237, "to_node": 383, "length_km": 521.86246758593256, "delaunay_k": 5, "edge_set": "Delaunay5" }, "geometry": { "type": "LineString", "coordinates": [ [ 7.338867, 61.206798 ], [ 12.7565, 65.20262 ] ] } },
{ "type": "Feature", "properties": { "from_node": 237, "to_node": 396, "length_km": 594.93290216785454, "delaunay_k": 5, "edge_set": "Delaunay5" }, "geometry": { "type": "LineString", "coordinates": [ [ 7.338867, 61.206798 ], [ 13.289337, 65.841024 ] ] } },
{ "type": "Feature", "properties": { "from_node": 237, "to_node": 410, "length_km": 689.59775734488755, "delaunay_k": 5, "edge_set": "Delaunay5" }, "geometry": { "type": "LineString", "coordinates": [ [ 7.338867, 61.206798 ], [ 13.807068, 66.707884 ] ] } },
{ "type": "Feature", "properties": { "from_node": 238, "to_node": 345, "length_km": 496.38047893742515, "delaunay_k": 5, "edge_set": "Delaunay5" }, "geometry": { "type": "LineString", "coordinates": [ [ 6.093292, 61.233245 ], [ 13.769989, 63.942802 ] ] } },
{ "type": "Feature", "properties": { "from_node": 238, "to_node": 369, "length_km": 546.01641590277416, "delaunay_k": 5, "edge_set": "Delaunay5" }, "geometry": { "type": "LineString", "coordinates": [ [ 6.093292, 61.233245 ], [ 13.807068, 64.653876 ] ] } },
{ "type": "Feature", "properties": { "from_node": 238, "to_node": 377, "length_km": 541.51629469385887, "delaunay_k": 5, "edge_set": "Delaunay5" }, "geometry": { "type": "LineString", "coordinates": [ [ 6.093292, 61.233245 ], [ 13.099823, 64.914228 ] ] } },
{ "type": "Feature", "properties": { "from_node": 238, "to_node": 391, "length_km": 652.52396140058181, "delaunay_k": 5, "edge_set": "Delaunay5" }, "geometry": { "type": "LineString", "coordinates": [ [ 6.093292, 61.233245 ], [ 14.765625, 65.62429 ] ] } },
{ "type": "Feature", "properties": { "from_node": 238, "to_node": 401, "length_km": 665.12189622782068, "delaunay_k": 5, "edge_set": "Delaunay5" }, "geometry": { "type": "LineString", "coordinates": [ [ 6.093292, 61.233245 ], [ 13.763123, 66.142743 ] ] } },
{ "type": "Feature", "properties": { "from_node": 238, "to_node": 402, "length_km": 689.33109512347221, "delaunay_k": 5, "edge_set": "Delaunay5" }, "geometry": { "type": "LineString", "coordinates": [ [ 6.093292, 61.233245 ], [ 14.191589, 66.282328 ] ] } },
{ "type": "Feature", "properties": { "from_node": 238, "to_node": 416, "length_km": 819.88649474568501, "delaunay_k": 5, "edge_set": "Delaunay5" }, "geometry": { "type": "LineString", "coordinates": [ [ 6.093292, 61.233245 ], [ 15.757141, 67.288485 ] ] } },
{ "type": "Feature", "properties": { "from_node": 238, "to_node": 420, "length_km": 849.3864312179536, "delaunay_k": 5, "edge_set": "Delaunay5" }, "geometry": { "type": "LineString", "coordinates": [ [ 6.093292, 61.233245 ], [ 15.850525, 67.598233 ] ] } },
{ "type": "Feature", "properties": { "from_node": 238, "to_node": 432, "length_km": 1109.9187462656496, "delaunay_k": 5, "edge_set": "Delaunay5" }, "geometry": { "type": "LineString", "coordinates": [ [ 6.093292, 61.233245 ], [ 19.158783, 69.620772 ] ] } },
{ "type": "Feature", "properties": { "from_node": 239, "to_node": 369, "length_km": 502.02282470180535, "delaunay_k": 5, "edge_set": "Delaunay5" }, "geometry": { "type": "LineString", "coordinates": [ [ 7.293549, 61.259009 ], [ 13.807068, 64.653876 ] ] } },
{ "type": "Feature", "properties": { "from_node": 239, "to_node": 377, "length_km": 501.68976478531835, "delaunay_k": 5, "edge_set": "Delaunay5" }, "geometry": { "type": "LineString", "coordinates": [ [ 7.293549, 61.259009 ], [ 13.099823, 64.914228 ] ] } },
{ "type": "Feature", "properties": { "from_node": 239, "to_node": 391, "length_km": 612.29922376097443, "delaunay_k": 5, "edge_set": "Delaunay5" }, "geometry": { "type": "LineString", "coordinates": [ [ 7.293549, 61.259009 ], [ 14.765625, 65.62429 ] ] } },
{ "type": "Feature", "properties": { "from_node": 239, "to_node": 401, "length_km": 630.82874334843086, "delaunay_k": 5, "edge_set": "Delaunay5" }, "geometry": { "type": "LineString", "coordinates": [ [ 7.293549, 61.259009 ], [ 13.763123, 66.142743 ] ] } },
{ "type": "Feature", "properties": { "from_node": 239, "to_node": 402, "length_km": 654.51351469352426, "delaunay_k": 5, "edge_set": "Delaunay5" }, "geometry": { "type": "LineString", "coordinates": [ [ 7.293549, 61.259009 ], [ 14.191589, 66.282328 ] ] } },
{ "type": "Feature", "properties": { "from_node": 239, "to_node": 416, "length_km": 785.99589695211944, "delaunay_k": 5, "edge_set": "Delaunay5" }, "geometry": { "type": "LineString", "coordinates": [ [ 7.293549, 61.259009 ], [ 15.757141, 67.288485 ] ] } },
{ "type": "Feature", "properties": { "from_node": 239, "to_node": 420, "length_km": 816.6751253240169, "delaunay_k": 5, "edge_set": "Delaunay5" }, "geometry": { "type": "LineString", "coordinates": [ [ 7.293549, 61.259009 ], [ 15.850525, 67.598233 ] ] } },
{ "type": "Feature", "properties": { "from_node": 239, "to_node": 432, "length_km": 1078.8176772165066, "delaunay_k": 5, "edge_set": "Delaunay5" }, "geometry": { "type": "LineString", "coordinates": [ [ 7.293549, 61.259009 ], [ 19.158783, 69.620772 ] ] } },
{ "type": "Feature", "properties": { "from_node": 240, "to_node": 383, "length_km": 510.87811800774932, "delaunay_k": 5, "edge_set": "Delaunay5" }, "geometry": { "type": "LineString", "coordinates": [ [ 7.439117, 61.292669 ], [ 12.7565, 65.20262 ] ] } },
{ "type": "Feature", "properties": { "from_node": 240, "to_node": 396, "length_km": 583.95590022202407, "delaunay_k": 5, "edge_set": "Delaunay5" }, "geometry": { "type": "LineString", "coordinates": [ [ 7.439117, 61.292669 ], [ 13.289337, 65.841024 ] ] } },
{ "type": "Feature", "properties": { "from_node": 240, "to_node": 410, "length_km": 678.65261804175282, "delaunay_k": 5, "edge_set": "Delaunay5" }, "geometry": { "type": "LineString", "coordinates": [ [ 7.439117, 61.292669 ], [ 13.807068, 66.707884 ] ] } },
{ "type": "Feature", "properties": { "from_node": 243, "to_node": 369, "length_km": 480.86696157080843, "delaunay_k": 5, "edge_set": "Delaunay5" }, "geometry": { "type": "LineString", "coordinates": [ [ 7.436371, 61.447302 ], [ 13.807068, 64.653876 ] ] } },
{ "type": "Feature", "properties": { "from_node": 243, "to_node": 377, "length_km": 479.97097626162287, "delaunay_k": 5, "edge_set": "Delaunay5" }, "geometry": { "type": "LineString", "coordinates": [ [ 7.436371, 61.447302 ], [ 13.099823, 64.914228 ] ] } },
{ "type": "Feature", "properties": { "from_node": 243, "to_node": 391, "length_km": 590.66874898869685, "delaunay_k": 5, "edge_set": "Delaunay5" }, "geometry": { "type": "LineString", "coordinates": [ [ 7.436371, 61.447302 ], [ 14.765625, 65.62429 ] ] } },
{ "type": "Feature", "properties": { "from_node": 243, "to_node": 401, "length_km": 608.69255817851786, "delaunay_k": 5, "edge_set": "Delaunay5" }, "geometry": { "type": "LineString", "coordinates": [ [ 7.436371, 61.447302 ], [ 13.763123, 66.142743 ] ] } },
{ "type": "Feature", "properties": { "from_node": 243, "to_node": 402, "length_km": 632.41371538036151, "delaunay_k": 5, "edge_set": "Delaunay5" }, "geometry": { "type": "LineString", "coordinates": [ [ 7.436371, 61.447302 ], [ 14.191589, 66.282328 ] ] } },
{ "type": "Feature", "properties": { "from_node": 243, "to_node": 416, "length_km": 763.86086138844132, "delaunay_k": 5, "edge_set": "Delaunay5" }, "geometry": { "type": "LineString", "coordinates": [ [ 7.436371, 61.447302 ], [ 15.757141, 67.288485 ] ] } },
{ "type": "Feature", "properties": { "from_node": 243, "to_node": 420, "length_km": 794.48152420197061, "delaunay_k": 5, "edge_set": "Delaunay5" }, "geometry": { "type": "LineString", "coordinates": [ [ 7.436371, 61.447302 ], [ 15.850525, 67.598233 ] ] } },
{ "type": "Feature", "properties": { "from_node": 243, "to_node": 432, "length_km": 1056.5735510561028, "delaunay_k": 5, "edge_set": "Delaunay5" }, "geometry": { "type": "LineString", "coordinates": [ [ 7.436371, 61.447302 ], [ 19.158783, 69.620772 ] ] } },
{ "type": "Feature", "properties": { "from_node": 244, "to_node": 396, "length_km": 524.43544068418009, "delaunay_k": 5, "edge_set": "Delaunay5" }, "geometry": { "type": "LineString", "coordinates": [ [ 9.341125, 61.473546 ], [ 13.289337, 65.841024 ] ] } },
{ "type": "Feature", "properties": { "from_node": 244, "to_node": 410, "length_km": 622.49732140824187, "delaunay_k": 5, "edge_set": "Delaunay5" }, "geometry": { "type": "LineString", "coordinates": [ [ 9.341125, 61.473546 ], [ 13.807068, 66.707884 ] ] } },
{ "type": "Feature", "properties": { "from_node": 245, "to_node": 367, "length_km": 474.06525813389607, "delaunay_k": 5, "edge_set": "Delaunay5" }, "geometry": { "type": "LineString", "coordinates": [ [ 22.105865, 61.482071 ], [ 28.45047, 64.58147 ] ] } },
{ "type": "Feature", "properties": { "from_node": 246, "to_node": 397, "length_km": 510.17538466210544, "delaunay_k": 5, "edge_set": "Delaunay5" }, "geometry": { "type": "LineString", "coordinates": [ [ 27.305145, 61.489282 ], [ 24.612122, 65.877531 ] ] } },
{ "type": "Feature", "properties": { "from_node": 246, "to_node": 399, "length_km": 519.52220988496936, "delaunay_k": 5, "edge_set": "Delaunay5" }, "geometry": { "type": "LineString", "coordinates": [ [ 27.305145, 61.489282 ], [ 24.892273, 65.995123 ] ] } },
{ "type": "Feature", "properties": { "from_node": 246, "to_node": 400, "length_km": 533.48243055668217, "delaunay_k": 5, "edge_set": "Delaunay5" }, "geometry": { "type": "LineString", "coordinates": [ [ 27.305145, 61.489282 ], [ 25.069427, 66.140521 ] ] } },
{ "type": "Feature", "properties": { "from_node": 246, "to_node": 406, "length_km": 558.14500303888394, "delaunay_k": 5, "edge_set": "Delaunay5" }, "geometry": { "type": "LineString", "coordinates": [ [ 27.305145, 61.489282 ], [ 25.717621, 66.413451 ] ] } },
{ "type": "Feature", "properties": { "from_node": 246, "to_node": 418, "length_km": 682.52108177883576, "delaunay_k": 5, "edge_set": "Delaunay5" }, "geometry": { "type": "LineString", "coordinates": [ [ 27.305145, 61.489282 ], [ 25.085907, 67.498059 ] ] } },
{ "type": "Feature", "properties": { "from_node": 246, "to_node": 419, "length_km": 687.8162958353721, "delaunay_k": 5, "edge_set": "Delaunay5" }, "geometry": { "type": "LineString", "coordinates": [ [ 27.305145, 61.489282 ], [ 26.098022, 67.596139 ] ] } },
{ "type": "Feature", "properties": { "from_node": 246, "to_node": 421, "length_km": 686.65003309498229, "delaunay_k": 5, "edge_set": "Delaunay5" }, "geometry": { "type": "LineString", "coordinates": [ [ 27.305145, 61.489282 ], [ 26.820374, 67.602419 ] ] } },
{ "type": "Feature", "properties": { "from_node": 246, "to_node": 425, "length_km": 803.63331765182966, "delaunay_k": 5, "edge_set": "Delaunay5" }, "geometry": { "type": "LineString", "coordinates": [ [ 27.305145, 61.489282 ], [ 27.674561, 68.645556 ] ] } },
{ "type": "Feature", "properties": { "from_node": 247, "to_node": 317, "length_km": 510.47008477480261, "delaunay_k": 5, "edge_set": "Delaunay5" }, "geometry": { "type": "LineString", "coordinates": [ [ 5.748596, 61.49256 ], [ 14.788971, 63.348433 ] ] } },
{ "type": "Feature", "properties": { "from_node": 247, "to_node": 334, "length_km": 482.05501838881213, "delaunay_k": 5, "edge_set": "Delaunay5" }, "geometry": { "type": "LineString", "coordinates": [ [ 5.748596, 61.49256 ], [ 13.811188, 63.713238 ] ] } },
{ "type": "Feature", "properties": { "from_node": 247, "to_node": 348, "length_km": 576.15836800062107, "delaunay_k": 5, "edge_set": "Delaunay5" }, "geometry": { "type": "LineString", "coordinates": [ [ 5.748596, 61.49256 ], [ 15.619812, 64.001858 ] ] } },
{ "type": "Feature", "properties": { "from_node": 247, "to_node": 356, "length_km": 558.88482008267226, "delaunay_k": 5, "edge_set": "Delaunay5" }, "geometry": { "type": "LineString", "coordinates": [ [ 5.748596, 61.49256 ], [ 14.859009, 64.308372 ] ] } },
{ "type": "Feature", "properties": { "from_node": 247, "to_node": 361, "length_km": 541.68789425802652, "delaunay_k": 5, "edge_set": "Delaunay5" }, "geometry": { "type": "LineString", "coordinates": [ [ 5.748596, 61.49256 ], [ 14.180603, 64.486402 ] ] } },
{ "type": "Feature", "properties": { "from_node": 247, "to_node": 366, "length_km": 542.5672840140644, "delaunay_k": 5, "edge_set": "Delaunay5" }, "geometry": { "type": "LineString", "coordinates": [ [ 5.748596, 61.49256 ], [ 14.06662, 64.570857 ] ] } },
{ "type": "Feature", "properties": { "from_node": 247, "to_node": 374, "length_km": 555.16041546248198, "delaunay_k": 5, "edge_set": "Delaunay5" }, "geometry": { "type": "LineString", "coordinates": [ [ 5.748596, 61.49256 ], [ 14.146271, 64.71612 ] ] } },
{ "type": "Feature", "properties": { "from_node": 247, "to_node": 379, "length_km": 634.99458218616087, "delaunay_k": 5, "edge_set": "Delaunay5" }, "geometry": { "type": "LineString", "coordinates": [ [ 5.748596, 61.49256 ], [ 15.783234, 64.967159 ] ] } },
{ "type": "Feature", "properties": { "from_node": 247, "to_node": 390, "length_km": 669.27302727940639, "delaunay_k": 5, "edge_set": "Delaunay5" }, "geometry": { "type": "LineString", "coordinates": [ [ 5.748596, 61.49256 ], [ 15.812073, 65.485626 ] ] } },
{ "type": "Feature", "properties": { "from_node": 247, "to_node": 392, "length_km": 655.74946034237576, "delaunay_k": 5, "edge_set": "Delaunay5" }, "geometry": { "type": "LineString", "coordinates": [ [ 5.748596, 61.49256 ], [ 14.965643971847902, 65.721629736713297 ] ] } },
{ "type": "Feature", "properties": { "from_node": 247, "to_node": 413, "length_km": 871.41924599658546, "delaunay_k": 5, "edge_set": "Delaunay5" }, "geometry": { "type": "LineString", "coordinates": [ [ 5.748596, 61.49256 ], [ 18.639679, 66.970387 ] ] } },
{ "type": "Feature", "properties": { "from_node": 247, "to_node": 422, "length_km": 897.17019551220494, "delaunay_k": 5, "edge_set": "Delaunay5" }, "geometry": { "type": "LineString", "coordinates": [ [ 5.748596, 61.49256 ], [ 17.992859, 67.610267 ] ] } },
{ "type": "Feature", "properties": { "from_node": 247, "to_node": 423, "length_km": 920.52532348283478, "delaunay_k": 5, "edge_set": "Delaunay5" }, "geometry": { "type": "LineString", "coordinates": [ [ 5.748596, 61.49256 ], [ 17.288361, 68.158786 ] ] } },
{ "type": "Feature", "properties": { "from_node": 247, "to_node": 424, "length_km": 958.48045936779329, "delaunay_k": 5, "edge_set": "Delaunay5" }, "geometry": { "type": "LineString", "coordinates": [ [ 5.748596, 61.49256 ], [ 17.579498, 68.517173 ] ] } },
{ "type": "Feature", "properties": { "from_node": 247, "to_node": 426, "length_km": 1036.4965138171817, "delaunay_k": 5, "edge_set": "Delaunay5" }, "geometry": { "type": "LineString", "coordinates": [ [ 5.748596, 61.49256 ], [ 18.864899, 69.038124 ] ] } },
{ "type": "Feature", "properties": { "from_node": 247, "to_node": 427, "length_km": 1058.7839561981355, "delaunay_k": 5, "edge_set": "Delaunay5" }, "geometry": { "type": "LineString", "coordinates": [ [ 5.748596, 61.49256 ], [ 19.24942, 69.183065 ] ] } },
{ "type": "Feature", "properties": { "from_node": 247, "to_node": 431, "length_km": 1104.8861265788541, "delaunay_k": 5, "edge_set": "Delaunay5" }, "geometry": { "type": "LineString", "coordinates": [ [ 5.748596, 61.49256 ], [ 19.820709, 69.558512 ] ] } },
{ "type": "Feature", "properties": { "from_node": 247, "to_node": 435, "length_km": 1180.8754074255291, "delaunay_k": 5, "edge_set": "Delaunay5" }, "geometry": { "type": "LineString", "coordinates": [ [ 5.748596, 61.49256 ], [ 22.138824, 69.713346 ] ] } },
{ "type": "Feature", "properties": { "from_node": 247, "to_node": 442, "length_km": 1299.8707012798973, "delaunay_k": 5, "edge_set": "Delaunay5" }, "geometry": { "type": "LineString", "coordinates": [ [ 5.748596, 61.49256 ], [ 24.613495, 70.363091 ] ] } },
{ "type": "Feature", "properties": { "from_node": 248, "to_node": 404, "length_km": 558.93753197129968, "delaunay_k": 5, "edge_set": "Delaunay5" }, "geometry": { "type": "LineString", "coordinates": [ [ 24.083405, 61.516146 ], [ 27.030487, 66.33089 ] ] } },
{ "type": "Feature", "properties": { "from_node": 248, "to_node": 407, "length_km": 576.67715701179873, "delaunay_k": 5, "edge_set": "Delaunay5" }, "geometry": { "type": "LineString", "coordinates": [ [ 24.083405, 61.516146 ], [ 27.398529, 66.450241 ] ] } },
{ "type": "Feature", "properties": { "from_node": 249, "to_node": 391, "length_km": 575.09240055023849, "delaunay_k": 5, "edge_set": "Delaunay5" }, "geometry": { "type": "LineString", "coordinates": [ [ 7.738495, 61.517456 ], [ 14.765625, 65.62429 ] ] } },
{ "type": "Feature", "properties": { "from_node": 249, "to_node": 401, "length_km": 594.29125774736167, "delaunay_k": 5, "edge_set": "Delaunay5" }, "geometry": { "type": "LineString", "coordinates": [ [ 7.738495, 61.517456 ], [ 13.763123, 66.142743 ] ] } },
{ "type": "Feature", "properties": { "from_node": 249, "to_node": 402, "length_km": 617.88481095915563, "delaunay_k": 5, "edge_set": "Delaunay5" }, "geometry": { "type": "LineString", "coordinates": [ [ 7.738495, 61.517456 ], [ 14.191589, 66.282328 ] ] } },
{ "type": "Feature", "properties": { "from_node": 249, "to_node": 416, "length_km": 749.44153024894263, "delaunay_k": 5, "edge_set": "Delaunay5" }, "geometry": { "type": "LineString", "coordinates": [ [ 7.738495, 61.517456 ], [ 15.757141, 67.288485 ] ] } },
{ "type": "Feature", "properties": { "from_node": 249, "to_node": 420, "length_km": 780.28964078995205, "delaunay_k": 5, "edge_set": "Delaunay5" }, "geometry": { "type": "LineString", "coordinates": [ [ 7.738495, 61.517456 ], [ 15.850525, 67.598233 ] ] } },
{ "type": "Feature", "properties": { "from_node": 249, "to_node": 432, "length_km": 1042.6100385928598, "delaunay_k": 5, "edge_set": "Delaunay5" }, "geometry": { "type": "LineString", "coordinates": [ [ 7.738495, 61.517456 ], [ 19.158783, 69.620772 ] ] } },
{ "type": "Feature", "properties": { "from_node": 251, "to_node": 367, "length_km": 483.79468845053572, "delaunay_k": 5, "edge_set": "Delaunay5" }, "geometry": { "type": "LineString", "coordinates": [ [ 21.660919, 61.552147 ], [ 28.45047, 64.58147 ] ] } },
{ "type": "Feature", "properties": { "from_node": 252, "to_node": 348, "length_km": 498.60521242860841, "delaunay_k": 5, "edge_set": "Delaunay5" }, "geometry": { "type": "LineString", "coordinates": [ [ 7.410278, 61.569805 ], [ 15.619812, 64.001858 ] ] } },
{ "type": "Feature", "properties": { "from_node": 252, "to_node": 356, "length_km": 485.60013203917583, "delaunay_k": 5, "edge_set": "Delaunay5" }, "geometry": { "type": "LineString", "coordinates": [ [ 7.410278, 61.569805 ], [ 14.859009, 64.308372 ] ] } },
{ "type": "Feature", "properties": { "from_node": 252, "to_node": 366, "length_km": 474.07802695932492, "delaunay_k": 5, "edge_set": "Delaunay5" }, "geometry": { "type": "LineString", "coordinates": [ [ 7.410278, 61.569805 ], [ 14.06662, 64.570857 ] ] } },
{ "type": "Feature", "properties": { "from_node": 252, "to_node": 374, "length_km": 487.80479645610615, "delaunay_k": 5, "edge_set": "Delaunay5" }, "geometry": { "type": "LineString", "coordinates": [ [ 7.410278, 61.569805 ], [ 14.146271, 64.71612 ] ] } },
{ "type": "Feature", "properties": { "from_node": 252, "to_node": 379, "length_km": 565.09024651382856, "delaunay_k": 5, "edge_set": "Delaunay5" }, "geometry": { "type": "LineString", "coordinates": [ [ 7.410278, 61.569805 ], [ 15.783234, 64.967159 ] ] } },
{ "type": "Feature", "properties": { "from_node": 252, "to_node": 390, "length_km": 603.55248625544834, "delaunay_k": 5, "edge_set": "Delaunay5" }, "geometry": { "type": "LineString", "coordinates": [ [ 7.410278, 61.569805 ], [ 15.812073, 65.485626 ] ] } },
{ "type": "Feature", "properties": { "from_node": 252, "to_node": 392, "length_km": 594.542906371046, "delaunay_k": 5, "edge_set": "Delaunay5" }, "geometry": { "type": "LineString", "coordinates": [ [ 7.410278, 61.569805 ], [ 14.965643971847902, 65.721629736713297 ] ] } },
{ "type": "Feature", "properties": { "from_node": 252, "to_node": 413, "length_km": 809.44620225328913, "delaunay_k": 5, "edge_set": "Delaunay5" }, "geometry": { "type": "LineString", "coordinates": [ [ 7.410278, 61.569805 ], [ 18.639679, 66.970387 ] ] } },
{ "type": "Feature", "properties": { "from_node": 252, "to_node": 422, "length_km": 840.71993535057868, "delaunay_k": 5, "edge_set": "Delaunay5" }, "geometry": { "type": "LineString", "coordinates": [ [ 7.410278, 61.569805 ], [ 17.992859, 67.610267 ] ] } },
{ "type": "Feature", "properties": { "from_node": 252, "to_node": 423, "length_km": 869.11626383565374, "delaunay_k": 5, "edge_set": "Delaunay5" }, "geometry": { "type": "LineString", "coordinates": [ [ 7.410278, 61.569805 ], [ 17.288361, 68.158786 ] ] } },
{ "type": "Feature", "properties": { "from_node": 252, "to_node": 424, "length_km": 908.34183132426824, "delaunay_k": 5, "edge_set": "Delaunay5" }, "geometry": { "type": "LineString", "coordinates": [ [ 7.410278, 61.569805 ], [ 17.579498, 68.517173 ] ] } },
{ "type": "Feature", "properties": { "from_node": 252, "to_node": 426, "length_km": 986.11700909716808, "delaunay_k": 5, "edge_set": "Delaunay5" }, "geometry": { "type": "LineString", "coordinates": [ [ 7.410278, 61.569805 ], [ 18.864899, 69.038124 ] ] } },
{ "type": "Feature", "properties": { "from_node": 252, "to_node": 427, "length_km": 1008.3193034767781, "delaunay_k": 5, "edge_set": "Delaunay5" }, "geometry": { "type": "LineString", "coordinates": [ [ 7.410278, 61.569805 ], [ 19.24942, 69.183065 ] ] } },
{ "type": "Feature", "properties": { "from_node": 252, "to_node": 431, "length_km": 1055.1305120015727, "delaunay_k": 5, "edge_set": "Delaunay5" }, "geometry": { "type": "LineString", "coordinates": [ [ 7.410278, 61.569805 ], [ 19.820709, 69.558512 ] ] } },
{ "type": "Feature", "properties": { "from_node": 252, "to_node": 435, "length_km": 1127.6126219679695, "delaunay_k": 5, "edge_set": "Delaunay5" }, "geometry": { "type": "LineString", "coordinates": [ [ 7.410278, 61.569805 ], [ 22.138824, 69.713346 ] ] } },
{ "type": "Feature", "properties": { "from_node": 252, "to_node": 442, "length_km": 1245.9471526653358, "delaunay_k": 5, "edge_set": "Delaunay5" }, "geometry": { "type": "LineString", "coordinates": [ [ 7.410278, 61.569805 ], [ 24.613495, 70.363091 ] ] } },
{ "type": "Feature", "properties": { "from_node": 253, "to_node": 396, "length_km": 504.57215106960467, "delaunay_k": 5, "edge_set": "Delaunay5" }, "geometry": { "type": "LineString", "coordinates": [ [ 9.821777, 61.582225 ], [ 13.289337, 65.841024 ] ] } },
{ "type": "Feature", "properties": { "from_node": 253, "to_node": 410, "length_km": 603.16784724560659, "delaunay_k": 5, "edge_set": "Delaunay5" }, "geometry": { "type": "LineString", "coordinates": [ [ 9.821777, 61.582225 ], [ 13.807068, 66.707884 ] ] } },
{ "type": "Feature", "properties": { "from_node": 254, "to_node": 317, "length_km": 524.00828711316944, "delaunay_k": 5, "edge_set": "Delaunay5" }, "geometry": { "type": "LineString", "coordinates": [ [ 5.218506, 61.732826 ], [ 14.788971, 63.348433 ] ] } },
{ "type": "Feature", "properties": { "from_node": 254, "to_node": 334, "length_km": 491.47697157333164, "delaunay_k": 5, "edge_set": "Delaunay5" }, "geometry": { "type": "LineString", "coordinates": [ [ 5.218506, 61.732826 ], [ 13.811188, 63.713238 ] ] } },
{ "type": "Feature", "properties": { "from_node": 254, "to_node": 348, "length_km": 586.04262078051534, "delaunay_k": 5, "edge_set": "Delaunay5" }, "geometry": { "type": "LineString", "coordinates": [ [ 5.218506, 61.732826 ], [ 15.619812, 64.001858 ] ] } },
{ "type": "Feature", "properties": { "from_node": 254, "to_node": 356, "length_km": 565.66317384733975, "delaunay_k": 5, "edge_set": "Delaunay5" }, "geometry": { "type": "LineString", "coordinates": [ [ 5.218506, 61.732826 ], [ 14.859009, 64.308372 ] ] } },
{ "type": "Feature", "properties": { "from_node": 254, "to_node": 361, "length_km": 546.12983066642801, "delaunay_k": 5, "edge_set": "Delaunay5" }, "geometry": { "type": "LineString", "coordinates": [ [ 5.218506, 61.732826 ], [ 14.180603, 64.486402 ] ] } },
{ "type": "Feature", "properties": { "from_node": 254, "to_node": 366, "length_km": 546.2359977547377, "delaunay_k": 5, "edge_set": "Delaunay5" }, "geometry": { "type": "LineString", "coordinates": [ [ 5.218506, 61.732826 ], [ 14.06662, 64.570857 ] ] } },
{ "type": "Feature", "properties": { "from_node": 254, "to_node": 374, "length_km": 558.03288396357641, "delaunay_k": 5, "edge_set": "Delaunay5" }, "geometry": { "type": "LineString", "coordinates": [ [ 5.218506, 61.732826 ], [ 14.146271, 64.71612 ] ] } },
{ "type": "Feature", "properties": { "from_node": 254, "to_node": 379, "length_km": 639.07545524815282, "delaunay_k": 5, "edge_set": "Delaunay5" }, "geometry": { "type": "LineString", "coordinates": [ [ 5.218506, 61.732826 ], [ 15.783234, 64.967159 ] ] } },
{ "type": "Feature", "properties": { "from_node": 254, "to_node": 390, "length_km": 670.52745836339625, "delaunay_k": 5, "edge_set": "Delaunay5" }, "geometry": { "type": "LineString", "coordinates": [ [ 5.218506, 61.732826 ], [ 15.812073, 65.485626 ] ] } },
{ "type": "Feature", "properties": { "from_node": 254, "to_node": 392, "length_km": 654.38096949540693, "delaunay_k": 5, "edge_set": "Delaunay5" }, "geometry": { "type": "LineString", "coordinates": [ [ 5.218506, 61.732826 ], [ 14.965643971847902, 65.721629736713297 ] ] } },
{ "type": "Feature", "properties": { "from_node": 254, "to_node": 413, "length_km": 869.71985655089418, "delaunay_k": 5, "edge_set": "Delaunay5" }, "geometry": { "type": "LineString", "coordinates": [ [ 5.218506, 61.732826 ], [ 18.639679, 66.970387 ] ] } },
{ "type": "Feature", "properties": { "from_node": 254, "to_node": 422, "length_km": 892.27553006983101, "delaunay_k": 5, "edge_set": "Delaunay5" }, "geometry": { "type": "LineString", "coordinates": [ [ 5.218506, 61.732826 ], [ 17.992859, 67.610267 ] ] } },
{ "type": "Feature", "properties": { "from_node": 254, "to_node": 423, "length_km": 912.90329260090869, "delaunay_k": 5, "edge_set": "Delaunay5" }, "geometry": { "type": "LineString", "coordinates": [ [ 5.218506, 61.732826 ], [ 17.288361, 68.158786 ] ] } },
{ "type": "Feature", "properties": { "from_node": 254, "to_node": 424, "length_km": 950.11782401382311, "delaunay_k": 5, "edge_set": "Delaunay5" }, "geometry": { "type": "LineString", "coordinates": [ [ 5.218506, 61.732826 ], [ 17.579498, 68.517173 ] ] } },
{ "type": "Feature", "properties": { "from_node": 254, "to_node": 426, "length_km": 1028.0862347335776, "delaunay_k": 5, "edge_set": "Delaunay5" }, "geometry": { "type": "LineString", "coordinates": [ [ 5.218506, 61.732826 ], [ 18.864899, 69.038124 ] ] } },
{ "type": "Feature", "properties": { "from_node": 254, "to_node": 427, "length_km": 1050.3731456463493, "delaunay_k": 5, "edge_set": "Delaunay5" }, "geometry": { "type": "LineString", "coordinates": [ [ 5.218506, 61.732826 ], [ 19.24942, 69.183065 ] ] } },
{ "type": "Feature", "properties": { "from_node": 254, "to_node": 431, "length_km": 1096.0312489875739, "delaunay_k": 5, "edge_set": "Delaunay5" }, "geometry": { "type": "LineString", "coordinates": [ [ 5.218506, 61.732826 ], [ 19.820709, 69.558512 ] ] } },
{ "type": "Feature", "properties": { "from_node": 254, "to_node": 435, "length_km": 1173.7027790898449, "delaunay_k": 5, "edge_set": "Delaunay5" }, "geometry": { "type": "LineString", "coordinates": [ [ 5.218506, 61.732826 ], [ 22.138824, 69.713346 ] ] } },
{ "type": "Feature", "properties": { "from_node": 254, "to_node": 442, "length_km": 1292.882835223402, "delaunay_k": 5, "edge_set": "Delaunay5" }, "geometry": { "type": "LineString", "coordinates": [ [ 5.218506, 61.732826 ], [ 24.613495, 70.363091 ] ] } },
{ "type": "Feature", "properties": { "from_node": 256, "to_node": 410, "length_km": 558.16096513840046, "delaunay_k": 5, "edge_set": "Delaunay5" }, "geometry": { "type": "LineString", "coordinates": [ [ 11.12915, 61.837358 ], [ 13.807068, 66.707884 ] ] } },
{ "type": "Feature", "properties": { "from_node": 257, "to_node": 404, "length_km": 510.28826473375858, "delaunay_k": 5, "edge_set": "Delaunay5" }, "geometry": { "type": "LineString", "coordinates": [ [ 25.158691, 61.855501 ], [ 27.030487, 66.33089 ] ] } },
{ "type": "Feature", "properties": { "from_node": 257, "to_node": 407, "length_km": 526.91737817865715, "delaunay_k": 5, "edge_set": "Delaunay5" }, "geometry": { "type": "LineString", "coordinates": [ [ 25.158691, 61.855501 ], [ 27.398529, 66.450241 ] ] } },
{ "type": "Feature", "properties": { "from_node": 258, "to_node": 403, "length_km": 493.97176446018437, "delaunay_k": 5, "edge_set": "Delaunay5" }, "geometry": { "type": "LineString", "coordinates": [ [ 25.252075, 61.880107 ], [ 25.415497, 66.285642 ] ] } },
{ "type": "Feature", "properties": { "from_node": 258, "to_node": 405, "length_km": 510.00537923288539, "delaunay_k": 5, "edge_set": "Delaunay5" }, "geometry": { "type": "LineString", "coordinates": [ [ 25.252075, 61.880107 ], [ 26.769562, 66.378809 ] ] } },
{ "type": "Feature", "properties": { "from_node": 258, "to_node": 415, "length_km": 609.63520297851369, "delaunay_k": 5, "edge_set": "Delaunay5" }, "geometry": { "type": "LineString", "coordinates": [ [ 25.252075, 61.880107 ], [ 27.387543, 67.23753 ] ] } },
{ "type": "Feature", "properties": { "from_node": 260, "to_node": 391, "length_km": 502.48317190340197, "delaunay_k": 5, "edge_set": "Delaunay5" }, "geometry": { "type": "LineString", "coordinates": [ [ 9.063721, 61.885931 ], [ 14.765625, 65.62429 ] ] } },
{ "type": "Feature", "properties": { "from_node": 260, "to_node": 401, "length_km": 526.9596479356419, "delaunay_k": 5, "edge_set": "Delaunay5" }, "geometry": { "type": "LineString", "coordinates": [ [ 9.063721, 61.885931 ], [ 13.763123, 66.142743 ] ] } },
{ "type": "Feature", "properties": { "from_node": 260, "to_node": 402, "length_km": 549.87983293656657, "delaunay_k": 5, "edge_set": "Delaunay5" }, "geometry": { "type": "LineString", "coordinates": [ [ 9.063721, 61.885931 ], [ 14.191589, 66.282328 ] ] } },
{ "type": "Feature", "properties": { "from_node": 260, "to_node": 416, "length_km": 681.54661422722927, "delaunay_k": 5, "edge_set": "Delaunay5" }, "geometry": { "type": "LineString", "coordinates": [ [ 9.063721, 61.885931 ], [ 15.757141, 67.288485 ] ] } },
{ "type": "Feature", "properties": { "from_node": 260, "to_node": 420, "length_km": 713.3346891965947, "delaunay_k": 5, "edge_set": "Delaunay5" }, "geometry": { "type": "LineString", "coordinates": [ [ 9.063721, 61.885931 ], [ 15.850525, 67.598233 ] ] } },
{ "type": "Feature", "properties": { "from_node": 260, "to_node": 432, "length_km": 976.19809520882666, "delaunay_k": 5, "edge_set": "Delaunay5" }, "geometry": { "type": "LineString", "coordinates": [ [ 9.063721, 61.885931 ], [ 19.158783, 69.620772 ] ] } },
{ "type": "Feature", "properties": { "from_node": 262, "to_node": 410, "length_km": 509.20960949273541, "delaunay_k": 5, "edge_set": "Delaunay5" }, "geometry": { "type": "LineString", "coordinates": [ [ 13.973236, 62.141768 ], [ 13.807068, 66.707884 ] ] } },
{ "type": "Feature", "properties": { "from_node": 263, "to_node": 404, "length_km": 533.94997242260024, "delaunay_k": 5, "edge_set": "Delaunay5" }, "geometry": { "type": "LineString", "coordinates": [ [ 21.604614, 62.184091 ], [ 27.030487, 66.33089 ] ] } },
{ "type": "Feature", "properties": { "from_node": 263, "to_node": 407, "length_km": 554.18134824276228, "delaunay_k": 5, "edge_set": "Delaunay5" }, "geometry": { "type": "LineString", "coordinates": [ [ 21.604614, 62.184091 ], [ 27.398529, 66.450241 ] ] } },
{ "type": "Feature", "properties": { "from_node": 264, "to_node": 415, "length_km": 567.95903132431965, "delaunay_k": 5, "edge_set": "Delaunay5" }, "geometry": { "type": "LineString", "coordinates": [ [ 25.180664, 62.261532 ], [ 27.387543, 67.23753 ] ] } },
{ "type": "Feature", "properties": { "from_node": 265, "to_node": 409, "length_km": 606.55080879810714, "delaunay_k": 5, "edge_set": "Delaunay5" }, "geometry": { "type": "LineString", "coordinates": [ [ 27.766571, 62.262171 ], [ 20.452423, 66.669299 ] ] } },
{ "type": "Feature", "properties": { "from_node": 265, "to_node": 414, "length_km": 649.3573426214457, "delaunay_k": 5, "edge_set": "Delaunay5" }, "geometry": { "type": "LineString", "coordinates": [ [ 27.766571, 62.262171 ], [ 19.866028, 66.975221 ] ] } },
{ "type": "Feature", "properties": { "from_node": 265, "to_node": 428, "length_km": 851.59535350310114, "delaunay_k": 5, "edge_set": "Delaunay5" }, "geometry": { "type": "LineString", "coordinates": [ [ 27.766571, 62.262171 ], [ 20.376892, 69.243986 ] ] } },
{ "type": "Feature", "properties": { "from_node": 265, "to_node": 429, "length_km": 859.34965032622461, "delaunay_k": 5, "edge_set": "Delaunay5" }, "geometry": { "type": "LineString", "coordinates": [ [ 27.766571, 62.262171 ], [ 21.041565, 69.431516 ] ] } },
{ "type": "Feature", "properties": { "from_node": 265, "to_node": 430, "length_km": 810.45878944853996, "delaunay_k": 5, "edge_set": "Delaunay5" }, "geometry": { "type": "LineString", "coordinates": [ [ 27.766571, 62.262171 ], [ 29.549103, 69.440681 ] ] } },
{ "type": "Feature", "properties": { "from_node": 265, "to_node": 433, "length_km": 849.25679860978357, "delaunay_k": 5, "edge_set": "Delaunay5" }, "geometry": { "type": "LineString", "coordinates": [ [ 27.766571, 62.262171 ], [ 23.990021, 69.68142 ] ] } },
{ "type": "Feature", "properties": { "from_node": 265, "to_node": 436, "length_km": 848.372807784423, "delaunay_k": 5, "edge_set": "Delaunay5" }, "geometry": { "type": "LineString", "coordinates": [ [ 27.766571, 62.262171 ], [ 27.239227, 69.817839 ] ] } },
{ "type": "Feature", "properties": { "from_node": 266, "to_node": 418, "length_km": 579.93075479601362, "delaunay_k": 5, "edge_set": "Delaunay5" }, "geometry": { "type": "LineString", "coordinates": [ [ 26.032104, 62.340686 ], [ 25.085907, 67.498059 ] ] } },
{ "type": "Feature", "properties": { "from_node": 266, "to_node": 419, "length_km": 589.39316845172948, "delaunay_k": 5, "edge_set": "Delaunay5" }, "geometry": { "type": "LineString", "coordinates": [ [ 26.032104, 62.340686 ], [ 26.098022, 67.596139 ] ] } },
{ "type": "Feature", "properties": { "from_node": 266, "to_node": 421, "length_km": 591.40999321372567, "delaunay_k": 5, "edge_set": "Delaunay5" }, "geometry": { "type": "LineString", "coordinates": [ [ 26.032104, 62.340686 ], [ 26.820374, 67.602419 ] ] } },
{ "type": "Feature", "properties": { "from_node": 266, "to_node": 425, "length_km": 711.38793181917345, "delaunay_k": 5, "edge_set": "Delaunay5" }, "geometry": { "type": "LineString", "coordinates": [ [ 26.032104, 62.340686 ], [ 27.674561, 68.645556 ] ] } },
{ "type": "Feature", "properties": { "from_node": 267, "to_node": 408, "length_km": 486.61438971062552, "delaunay_k": 5, "edge_set": "Delaunay5" }, "geometry": { "type": "LineString", "coordinates": [ [ 17.362518, 62.352158 ], [ 20.429077, 66.505049 ] ] } },
{ "type": "Feature", "properties": { "from_node": 270, "to_node": 408, "length_km": 483.14722217058096, "delaunay_k": 5, "edge_set": "Delaunay5" }, "geometry": { "type": "LineString", "coordinates": [ [ 16.993103, 62.438065 ], [ 20.429077, 66.505049 ] ] } },
{ "type": "Feature", "properties": { "from_node": 272, "to_node": 398, "length_km": 474.45191505019238, "delaunay_k": 5, "edge_set": "Delaunay5" }, "geometry": { "type": "LineString", "coordinates": [ [ 17.468262, 62.460297 ], [ 23.072662, 65.938074 ] ] } },
{ "type": "Feature", "properties": { "from_node": 272, "to_node": 409, "length_km": 491.21728997421042, "delaunay_k": 5, "edge_set": "Delaunay5" }, "geometry": { "type": "LineString", "coordinates": [ [ 17.468262, 62.460297 ], [ 20.452423, 66.669299 ] ] } },
{ "type": "Feature", "properties": { "from_node": 272, "to_node": 411, "length_km": 492.25731928323046, "delaunay_k": 5, "edge_set": "Delaunay5" }, "geometry": { "type": "LineString", "coordinates": [ [ 17.468262, 62.460297 ], [ 20.037689, 66.729595 ] ] } },
{ "type": "Feature", "properties": { "from_node": 272, "to_node": 413, "length_km": 506.52187779646346, "delaunay_k": 5, "edge_set": "Delaunay5" }, "geometry": { "type": "LineString", "coordinates": [ [ 17.468262, 62.460297 ], [ 18.639679, 66.970387 ] ] } },
{ "type": "Feature", "properties": { "from_node": 273, "to_node": 333, "length_km": 509.83808963657702, "delaunay_k": 5, "edge_set": "Delaunay5" }, "geometry": { "type": "LineString", "coordinates": [ [ 7.033997, 62.47807 ], [ 16.791229, 63.646259 ] ] } },
{ "type": "Feature", "properties": { "from_node": 273, "to_node": 335, "length_km": 516.25182444717427, "delaunay_k": 5, "edge_set": "Delaunay5" }, "geometry": { "type": "LineString", "coordinates": [ [ 7.033997, 62.47807 ], [ 16.894226, 63.713846 ] ] } },
{ "type": "Feature", "properties": { "from_node": 273, "to_node": 347, "length_km": 526.38199495791071, "delaunay_k": 5, "edge_set": "Delaunay5" }, "geometry": { "type": "LineString", "coordinates": [ [ 7.033997, 62.47807 ], [ 16.962891, 63.994031 ] ] } },
{ "type": "Feature", "properties": { "from_node": 273, "to_node": 364, "length_km": 477.97477878869466, "delaunay_k": 5, "edge_set": "Delaunay5" }, "geometry": { "type": "LineString", "coordinates": [ [ 7.033997, 62.47807 ], [ 15.450897, 64.54962 ] ] } },
{ "type": "Feature", "properties": { "from_node": 273, "to_node": 370, "length_km": 498.60404717222093, "delaunay_k": 5, "edge_set": "Delaunay5" }, "geometry": { "type": "LineString", "coordinates": [ [ 7.033997, 62.47807 ], [ 15.761261, 64.700279 ] ] } },
{ "type": "Feature", "properties": { "from_node": 273, "to_node": 372, "length_km": 506.05990462167364, "delaunay_k": 5, "edge_set": "Delaunay5" }, "geometry": { "type": "LineString", "coordinates": [ [ 7.033997, 62.47807 ], [ 15.923309, 64.710254 ] ] } },
{ "type": "Feature", "properties": { "from_node": 273, "to_node": 384, "length_km": 579.05596509597638, "delaunay_k": 5, "edge_set": "Delaunay5" }, "geometry": { "type": "LineString", "coordinates": [ [ 7.033997, 62.47807 ], [ 17.049408, 65.221045 ] ] } },
{ "type": "Feature", "properties": { "from_node": 273, "to_node": 387, "length_km": 575.98342621095105, "delaunay_k": 5, "edge_set": "Delaunay5" }, "geometry": { "type": "LineString", "coordinates": [ [ 7.033997, 62.47807 ], [ 16.876373, 65.299207 ] ] } },
{ "type": "Feature", "properties": { "from_node": 273, "to_node": 388, "length_km": 557.3066376212181, "delaunay_k": 5, "edge_set": "Delaunay5" }, "geometry": { "type": "LineString", "coordinates": [ [ 7.033997, 62.47807 ], [ 16.387482, 65.321005 ] ] } },
{ "type": "Feature", "properties": { "from_node": 273, "to_node": 389, "length_km": 565.08073583691964, "delaunay_k": 5, "edge_set": "Delaunay5" }, "geometry": { "type": "LineString", "coordinates": [ [ 7.033997, 62.47807 ], [ 16.489105, 65.386291 ] ] } },
{ "type": "Feature", "properties": { "from_node": 273, "to_node": 408, "length_km": 782.83879309677889, "delaunay_k": 5, "edge_set": "Delaunay5" }, "geometry": { "type": "LineString", "coordinates": [ [ 7.033997, 62.47807 ], [ 20.429077, 66.505049 ] ] } },
{ "type": "Feature", "properties": { "from_node": 273, "to_node": 411, "length_km": 780.29781303054983, "delaunay_k": 5, "edge_set": "Delaunay5" }, "geometry": { "type": "LineString", "coordinates": [ [ 7.033997, 62.47807 ], [ 20.037689, 66.729595 ] ] } },
{ "type": "Feature", "properties": { "from_node": 273, "to_node": 412, "length_km": 780.51630539932842, "delaunay_k": 5, "edge_set": "Delaunay5" }, "geometry": { "type": "LineString", "coordinates": [ [ 7.033997, 62.47807 ], [ 19.864655, 66.843267 ] ] } },
{ "type": "Feature", "properties": { "from_node": 273, "to_node": 414, "length_km": 788.57432631168706, "delaunay_k": 5, "edge_set": "Delaunay5" }, "geometry": { "type": "LineString", "coordinates": [ [ 7.033997, 62.47807 ], [ 19.866028, 66.975221 ] ] } },
{ "type": "Feature", "properties": { "from_node": 273, "to_node": 417, "length_km": 771.76028341359961, "delaunay_k": 5, "edge_set": "Delaunay5" }, "geometry": { "type": "LineString", "coordinates": [ [ 7.033997, 62.47807 ], [ 18.366394, 67.492803 ] ] } },
{ "type": "Feature", "properties": { "from_node": 273, "to_node": 428, "length_km": 965.76002872269919, "delaunay_k": 5, "edge_set": "Delaunay5" }, "geometry": { "type": "LineString", "coordinates": [ [ 7.033997, 62.47807 ], [ 20.376892, 69.243986 ] ] } },
{ "type": "Feature", "properties": { "from_node": 273, "to_node": 429, "length_km": 999.1648215762973, "delaunay_k": 5, "edge_set": "Delaunay5" }, "geometry": { "type": "LineString", "coordinates": [ [ 7.033997, 62.47807 ], [ 21.041565, 69.431516 ] ] } },
{ "type": "Feature", "properties": { "from_node": 273, "to_node": 433, "length_km": 1104.4638683790456, "delaunay_k": 5, "edge_set": "Delaunay5" }, "geometry": { "type": "LineString", "coordinates": [ [ 7.033997, 62.47807 ], [ 23.990021, 69.68142 ] ] } },
{ "type": "Feature", "properties": { "from_node": 273, "to_node": 438, "length_km": 1105.1351708689062, "delaunay_k": 5, "edge_set": "Delaunay5" }, "geometry": { "type": "LineString", "coordinates": [ [ 7.033997, 62.47807 ], [ 23.410492, 69.935012 ] ] } },
{ "type": "Feature", "properties": { "from_node": 273, "to_node": 439, "length_km": 1159.1866824981469, "delaunay_k": 5, "edge_set": "Delaunay5" }, "geometry": { "type": "LineString", "coordinates": [ [ 7.033997, 62.47807 ], [ 25.157318, 69.959498 ] ] } },
{ "type": "Feature", "properties": { "from_node": 273, "to_node": 441, "length_km": 1223.5173709689791, "delaunay_k": 5, "edge_set": "Delaunay5" }, "geometry": { "type": "LineString", "coordinates": [ [ 7.033997, 62.47807 ], [ 26.545715, 70.286801 ] ] } },
{ "type": "Feature", "properties": { "from_node": 277, "to_node": 379, "length_km": 478.71114243813355, "delaunay_k": 5, "edge_set": "Delaunay5" }, "geometry": { "type": "LineString", "coordinates": [ [ 7.7948, 62.526259 ], [ 15.783234, 64.967159 ] ] } },
{ "type": "Feature", "properties": { "from_node": 277, "to_node": 390, "length_km": 511.94284872834749, "delaunay_k": 5, "edge_set": "Delaunay5" }, "geometry": { "type": "LineString", "coordinates": [ [ 7.7948, 62.526259 ], [ 15.812073, 65.485626 ] ] } },
{ "type": "Feature", "properties": { "from_node": 277, "to_node": 392, "length_km": 498.41800582632573, "delaunay_k": 5, "edge_set": "Delaunay5" }, "geometry": { "type": "LineString", "coordinates": [ [ 7.7948, 62.526259 ], [ 14.965643971847902, 65.721629736713297 ] ] } },
{ "type": "Feature", "properties": { "from_node": 277, "to_node": 413, "length_km": 714.08691634331899, "delaunay_k": 5, "edge_set": "Delaunay5" }, "geometry": { "type": "LineString", "coordinates": [ [ 7.7948, 62.526259 ], [ 18.639679, 66.970387 ] ] } },
{ "type": "Feature", "properties": { "from_node": 277, "to_node": 422, "length_km": 741.01983328864048, "delaunay_k": 5, "edge_set": "Delaunay5" }, "geometry": { "type": "LineString", "coordinates": [ [ 7.7948, 62.526259 ], [ 17.992859, 67.610267 ] ] } },
{ "type": "Feature", "properties": { "from_node": 277, "to_node": 423, "length_km": 766.38345380250462, "delaunay_k": 5, "edge_set": "Delaunay5" }, "geometry": { "type": "LineString", "coordinates": [ [ 7.7948, 62.526259 ], [ 17.288361, 68.158786 ] ] } },
{ "type": "Feature", "properties": { "from_node": 277, "to_node": 424, "length_km": 804.99160151597891, "delaunay_k": 5, "edge_set": "Delaunay5" }, "geometry": { "type": "LineString", "coordinates": [ [ 7.7948, 62.526259 ], [ 17.579498, 68.517173 ] ] } },
{ "type": "Feature", "properties": { "from_node": 277, "to_node": 426, "length_km": 882.9415473158424, "delaunay_k": 5, "edge_set": "Delaunay5" }, "geometry": { "type": "LineString", "coordinates": [ [ 7.7948, 62.526259 ], [ 18.864899, 69.038124 ] ] } },
{ "type": "Feature", "properties": { "from_node": 277, "to_node": 427, "length_km": 905.20059466481484, "delaunay_k": 5, "edge_set": "Delaunay5" }, "geometry": { "type": "LineString", "coordinates": [ [ 7.7948, 62.526259 ], [ 19.24942, 69.183065 ] ] } },
{ "type": "Feature", "properties": { "from_node": 277, "to_node": 431, "length_km": 951.69243939896671, "delaunay_k": 5, "edge_set": "Delaunay5" }, "geometry": { "type": "LineString", "coordinates": [ [ 7.7948, 62.526259 ], [ 19.820709, 69.558512 ] ] } },
{ "type": "Feature", "properties": { "from_node": 277, "to_node": 435, "length_km": 1026.0651746073329, "delaunay_k": 5, "edge_set": "Delaunay5" }, "geometry": { "type": "LineString", "coordinates": [ [ 7.7948, 62.526259 ], [ 22.138824, 69.713346 ] ] } },
{ "type": "Feature", "properties": { "from_node": 277, "to_node": 442, "length_km": 1144.8360885481763, "delaunay_k": 5, "edge_set": "Delaunay5" }, "geometry": { "type": "LineString", "coordinates": [ [ 7.7948, 62.526259 ], [ 24.613495, 70.363091 ] ] } },
{ "type": "Feature", "properties": { "from_node": 280, "to_node": 416, "length_km": 546.72866165398182, "delaunay_k": 5, "edge_set": "Delaunay5" }, "geometry": { "type": "LineString", "coordinates": [ [ 12.590332, 62.571841 ], [ 15.757141, 67.288485 ] ] } },
{ "type": "Feature", "properties": { "from_node": 280, "to_node": 420, "length_km": 580.93663817588458, "delaunay_k": 5, "edge_set": "Delaunay5" }, "geometry": { "type": "LineString", "coordinates": [ [ 12.590332, 62.571841 ], [ 15.850525, 67.598233 ] ] } },
{ "type": "Feature", "properties": { "from_node": 280, "to_node": 432, "length_km": 839.57017095294941, "delaunay_k": 5, "edge_set": "Delaunay5" }, "geometry": { "type": "LineString", "coordinates": [ [ 12.590332, 62.571841 ], [ 19.158783, 69.620772 ] ] } },
{ "type": "Feature", "properties": { "from_node": 281, "to_node": 416, "length_km": 580.25561060226482, "delaunay_k": 5, "edge_set": "Delaunay5" }, "geometry": { "type": "LineString", "coordinates": [ [ 10.266724, 62.628719 ], [ 15.757141, 67.288485 ] ] } },
{ "type": "Feature", "properties": { "from_node": 281, "to_node": 420, "length_km": 612.53702181305778, "delaunay_k": 5, "edge_set": "Delaunay5" }, "geometry": { "type": "LineString", "coordinates": [ [ 10.266724, 62.628719 ], [ 15.850525, 67.598233 ] ] } },
{ "type": "Feature", "properties": { "from_node": 281, "to_node": 432, "length_km": 875.36878208710596, "delaunay_k": 5, "edge_set": "Delaunay5" }, "geometry": { "type": "LineString", "coordinates": [ [ 10.266724, 62.628719 ], [ 19.158783, 69.620772 ] ] } },
{ "type": "Feature", "properties": { "from_node": 282, "to_node": 390, "length_km": 474.72503330179882, "delaunay_k": 5, "edge_set": "Delaunay5" }, "geometry": { "type": "LineString", "coordinates": [ [ 8.480072, 62.679816 ], [ 15.812073, 65.485626 ] ] } },
{ "type": "Feature", "properties": { "from_node": 282, "to_node": 413, "length_km": 678.05412956371345, "delaunay_k": 5, "edge_set": "Delaunay5" }, "geometry": { "type": "LineString", "coordinates": [ [ 8.480072, 62.679816 ], [ 18.639679, 66.970387 ] ] } },
{ "type": "Feature", "properties": { "from_node": 282, "to_node": 422, "length_km": 706.70979656148234, "delaunay_k": 5, "edge_set": "Delaunay5" }, "geometry": { "type": "LineString", "coordinates": [ [ 8.480072, 62.679816 ], [ 17.992859, 67.610267 ] ] } },
{ "type": "Feature", "properties": { "from_node": 282, "to_node": 423, "length_km": 733.80279535125521, "delaunay_k": 5, "edge_set": "Delaunay5" }, "geometry": { "type": "LineString", "coordinates": [ [ 8.480072, 62.679816 ], [ 17.288361, 68.158786 ] ] } },
{ "type": "Feature", "properties": { "from_node": 282, "to_node": 424, "length_km": 772.85161946607252, "delaunay_k": 5, "edge_set": "Delaunay5" }, "geometry": { "type": "LineString", "coordinates": [ [ 8.480072, 62.679816 ], [ 17.579498, 68.517173 ] ] } },
{ "type": "Feature", "properties": { "from_node": 282, "to_node": 426, "length_km": 850.68655391976836, "delaunay_k": 5, "edge_set": "Delaunay5" }, "geometry": { "type": "LineString", "coordinates": [ [ 8.480072, 62.679816 ], [ 18.864899, 69.038124 ] ] } },
{ "type": "Feature", "properties": { "from_node": 282, "to_node": 427, "length_km": 872.90844951383167, "delaunay_k": 5, "edge_set": "Delaunay5" }, "geometry": { "type": "LineString", "coordinates": [ [ 8.480072, 62.679816 ], [ 19.24942, 69.183065 ] ] } },
{ "type": "Feature", "properties": { "from_node": 282, "to_node": 431, "length_km": 919.6350460110657, "delaunay_k": 5, "edge_set": "Delaunay5" }, "geometry": { "type": "LineString", "coordinates": [ [ 8.480072, 62.679816 ], [ 19.820709, 69.558512 ] ] } },
{ "type": "Feature", "properties": { "from_node": 282, "to_node": 435, "length_km": 992.79342986084328, "delaunay_k": 5, "edge_set": "Delaunay5" }, "geometry": { "type": "LineString", "coordinates": [ [ 8.480072, 62.679816 ], [ 22.138824, 69.713346 ] ] } },
{ "type": "Feature", "properties": { "from_node": 282, "to_node": 442, "length_km": 1111.3376032957106, "delaunay_k": 5, "edge_set": "Delaunay5" }, "geometry": { "type": "LineString", "coordinates": [ [ 8.480072, 62.679816 ], [ 24.613495, 70.363091 ] ] } },
{ "type": "Feature", "properties": { "from_node": 283, "to_node": 416, "length_km": 577.93869982616138, "delaunay_k": 5, "edge_set": "Delaunay5" }, "geometry": { "type": "LineString", "coordinates": [ [ 10.122528, 62.681707 ], [ 15.757141, 67.288485 ] ] } },
{ "type": "Feature", "properties": { "from_node": 283, "to_node": 420, "length_km": 610.01676044092312, "delaunay_k": 5, "edge_set": "Delaunay5" }, "geometry": { "type": "LineString", "coordinates": [ [ 10.122528, 62.681707 ], [ 15.850525, 67.598233 ] ] } },
{ "type": "Feature", "properties": { "from_node": 283, "to_node": 432, "length_km": 872.89199116774728, "delaunay_k": 5, "edge_set": "Delaunay5" }, "geometry": { "type": "LineString", "coordinates": [ [ 10.122528, 62.681707 ], [ 19.158783, 69.620772 ] ] } },
{ "type": "Feature", "properties": { "from_node": 287, "to_node": 416, "length_km": 573.79012891226773, "delaunay_k": 5, "edge_set": "Delaunay5" }, "geometry": { "type": "LineString", "coordinates": [ [ 9.930267, 62.764783 ], [ 15.757141, 67.288485 ] ] } },
{ "type": "Feature", "properties": { "from_node": 287, "to_node": 420, "length_km": 605.56906790005178, "delaunay_k": 5, "edge_set": "Delaunay5" }, "geometry": { "type": "LineString", "coordinates": [ [ 9.930267, 62.764783 ], [ 15.850525, 67.598233 ] ] } },
{ "type": "Feature", "properties": { "from_node": 287, "to_node": 432, "length_km": 868.43616540530934, "delaunay_k": 5, "edge_set": "Delaunay5" }, "geometry": { "type": "LineString", "coordinates": [ [ 9.930267, 62.764783 ], [ 19.158783, 69.620772 ] ] } },
{ "type": "Feature", "properties": { "from_node": 288, "to_node": 415, "length_km": 546.49977173315506, "delaunay_k": 5, "edge_set": "Delaunay5" }, "geometry": { "type": "LineString", "coordinates": [ [ 22.633209, 62.789912 ], [ 27.387543, 67.23753 ] ] } },
{ "type": "Feature", "properties": { "from_node": 292, "to_node": 418, "length_km": 507.90274933811105, "delaunay_k": 5, "edge_set": "Delaunay5" }, "geometry": { "type": "LineString", "coordinates": [ [ 24.285278, 62.976446 ], [ 25.085907, 67.498059 ] ] } },
{ "type": "Feature", "properties": { "from_node": 292, "to_node": 419, "length_km": 524.54442695900354, "delaunay_k": 5, "edge_set": "Delaunay5" }, "geometry": { "type": "LineString", "coordinates": [ [ 24.285278, 62.976446 ], [ 26.098022, 67.596139 ] ] } },
{ "type": "Feature", "properties": { "from_node": 292, "to_node": 421, "length_km": 531.84232448380988, "delaunay_k": 5, "edge_set": "Delaunay5" }, "geometry": { "type": "LineString", "coordinates": [ [ 24.285278, 62.976446 ], [ 26.820374, 67.602419 ] ] } },
{ "type": "Feature", "properties": { "from_node": 292, "to_node": 425, "length_km": 654.06130463627164, "delaunay_k": 5, "edge_set": "Delaunay5" }, "geometry": { "type": "LineString", "coordinates": [ [ 24.285278, 62.976446 ], [ 27.674561, 68.645556 ] ] } },
{ "type": "Feature", "properties": { "from_node": 295, "to_node": 416, "length_km": 510.25612152510621, "delaunay_k": 5, "edge_set": "Delaunay5" }, "geometry": { "type": "LineString", "coordinates": [ [ 11.727905, 63.035662 ], [ 15.757141, 67.288485 ] ] } },
{ "type": "Feature", "properties": { "from_node": 295, "to_node": 420, "length_km": 543.61385329438428, "delaunay_k": 5, "edge_set": "Delaunay5" }, "geometry": { "type": "LineString", "coordinates": [ [ 11.727905, 63.035662 ], [ 15.850525, 67.598233 ] ] } },
{ "type": "Feature", "properties": { "from_node": 295, "to_node": 432, "length_km": 805.30638288220291, "delaunay_k": 5, "edge_set": "Delaunay5" }, "geometry": { "type": "LineString", "coordinates": [ [ 11.727905, 63.035662 ], [ 19.158783, 69.620772 ] ] } },
{ "type": "Feature", "properties": { "from_node": 296, "to_node": 413, "length_km": 608.8911093897309, "delaunay_k": 5, "edge_set": "Delaunay5" }, "geometry": { "type": "LineString", "coordinates": [ [ 9.602051, 63.058071 ], [ 18.639679, 66.970387 ] ] } },
{ "type": "Feature", "properties": { "from_node": 296, "to_node": 422, "length_km": 639.66857602428297, "delaunay_k": 5, "edge_set": "Delaunay5" }, "geometry": { "type": "LineString", "coordinates": [ [ 9.602051, 63.058071 ], [ 17.992859, 67.610267 ] ] } },
{ "type": "Feature", "properties": { "from_node": 296, "to_node": 423, "length_km": 669.13754265232899, "delaunay_k": 5, "edge_set": "Delaunay5" }, "geometry": { "type": "LineString", "coordinates": [ [ 9.602051, 63.058071 ], [ 17.288361, 68.158786 ] ] } },
{ "type": "Feature", "properties": { "from_node": 296, "to_node": 424, "length_km": 708.7687652637851, "delaunay_k": 5, "edge_set": "Delaunay5" }, "geometry": { "type": "LineString", "coordinates": [ [ 9.602051, 63.058071 ], [ 17.579498, 68.517173 ] ] } },
{ "type": "Feature", "properties": { "from_node": 296, "to_node": 426, "length_km": 786.33783771805417, "delaunay_k": 5, "edge_set": "Delaunay5" }, "geometry": { "type": "LineString", "coordinates": [ [ 9.602051, 63.058071 ], [ 18.864899, 69.038124 ] ] } },
{ "type": "Feature", "properties": { "from_node": 296, "to_node": 427, "length_km": 808.48205029795724, "delaunay_k": 5, "edge_set": "Delaunay5" }, "geometry": { "type": "LineString", "coordinates": [ [ 9.602051, 63.058071 ], [ 19.24942, 69.183065 ] ] } },
{ "type": "Feature", "properties": { "from_node": 296, "to_node": 431, "length_km": 855.4952816076102, "delaunay_k": 5, "edge_set": "Delaunay5" }, "geometry": { "type": "LineString", "coordinates": [ [ 9.602051, 63.058071 ], [ 19.820709, 69.558512 ] ] } },
{ "type": "Feature", "properties": { "from_node": 296, "to_node": 435, "length_km": 926.90562622074424, "delaunay_k": 5, "edge_set": "Delaunay5" }, "geometry": { "type": "LineString", "coordinates": [ [ 9.602051, 63.058071 ], [ 22.138824, 69.713346 ] ] } },
{ "type": "Feature", "properties": { "from_node": 296, "to_node": 442, "length_km": 1045.0798745776976, "delaunay_k": 5, "edge_set": "Delaunay5" }, "geometry": { "type": "LineString", "coordinates": [ [ 9.602051, 63.058071 ], [ 24.613495, 70.363091 ] ] } },
{ "type": "Feature", "properties": { "from_node": 302, "to_node": 409, "length_km": 519.00825949227499, "delaunay_k": 5, "edge_set": "Delaunay5" }, "geometry": { "type": "LineString", "coordinates": [ [ 27.585297, 63.154975 ], [ 20.452423, 66.669299 ] ] } },
{ "type": "Feature", "properties": { "from_node": 302, "to_node": 414, "length_km": 561.53545918234624, "delaunay_k": 5, "edge_set": "Delaunay5" }, "geometry": { "type": "LineString", "coordinates": [ [ 27.585297, 63.154975 ], [ 19.866028, 66.975221 ] ] } },
{ "type": "Feature", "properties": { "from_node": 302, "to_node": 428, "length_km": 754.80400366401136, "delaunay_k": 5, "edge_set": "Delaunay5" }, "geometry": { "type": "LineString", "coordinates": [ [ 27.585297, 63.154975 ], [ 20.376892, 69.243986 ] ] } },
{ "type": "Feature", "properties": { "from_node": 302, "to_node": 429, "length_km": 761.49481835802828, "delaunay_k": 5, "edge_set": "Delaunay5" }, "geometry": { "type": "LineString", "coordinates": [ [ 27.585297, 63.154975 ], [ 21.041565, 69.431516 ] ] } },
{ "type": "Feature", "properties": { "from_node": 302, "to_node": 430, "length_km": 711.36616888581625, "delaunay_k": 5, "edge_set": "Delaunay5" }, "geometry": { "type": "LineString", "coordinates": [ [ 27.585297, 63.154975 ], [ 29.549103, 69.440681 ] ] } },
{ "type": "Feature", "properties": { "from_node": 302, "to_node": 433, "length_km": 748.92121726197047, "delaunay_k": 5, "edge_set": "Delaunay5" }, "geometry": { "type": "LineString", "coordinates": [ [ 27.585297, 63.154975 ], [ 23.990021, 69.68142 ] ] } },
{ "type": "Feature", "properties": { "from_node": 302, "to_node": 436, "length_km": 747.79596940476051, "delaunay_k": 5, "edge_set": "Delaunay5" }, "geometry": { "type": "LineString", "coordinates": [ [ 27.585297, 63.154975 ], [ 27.239227, 69.817839 ] ] } },
{ "type": "Feature", "properties": { "from_node": 308, "to_node": 420, "length_km": 498.06977918668724, "delaunay_k": 5, "edge_set": "Delaunay5" }, "geometry": { "type": "LineString", "coordinates": [ [ 13.587341, 63.23239 ], [ 15.850525, 67.598233 ] ] } },
{ "type": "Feature", "properties": { "from_node": 308, "to_node": 432, "length_km": 754.26038444325275, "delaunay_k": 5, "edge_set": "Delaunay5" }, "geometry": { "type": "LineString", "coordinates": [ [ 13.587341, 63.23239 ], [ 19.158783, 69.620772 ] ] } },
{ "type": "Feature", "properties": { "from_node": 313, "to_node": 408, "length_km": 613.24404108846227, "delaunay_k": 5, "edge_set": "Delaunay5" }, "geometry": { "type": "LineString", "coordinates": [ [ 9.933014, 63.271947 ], [ 20.429077, 66.505049 ] ] } },
{ "type": "Feature", "properties": { "from_node": 313, "to_node": 411, "length_km": 612.14364782743144, "delaunay_k": 5, "edge_set": "Delaunay5" }, "geometry": { "type": "LineString", "coordinates": [ [ 9.933014, 63.271947 ], [ 20.037689, 66.729595 ] ] } },
{ "type": "Feature", "properties": { "from_node": 313, "to_node": 412, "length_km": 613.18047650000642, "delaunay_k": 5, "edge_set": "Delaunay5" }, "geometry": { "type": "LineString", "coordinates": [ [ 9.933014, 63.271947 ], [ 19.864655, 66.843267 ] ] } },
{ "type": "Feature", "properties": { "from_node": 313, "to_node": 414, "length_km": 621.95942817004868, "delaunay_k": 5, "edge_set": "Delaunay5" }, "geometry": { "type": "LineString", "coordinates": [ [ 9.933014, 63.271947 ], [ 19.866028, 66.975221 ] ] } },
{ "type": "Feature", "properties": { "from_node": 313, "to_node": 417, "length_km": 611.72205022609228, "delaunay_k": 5, "edge_set": "Delaunay5" }, "geometry": { "type": "LineString", "coordinates": [ [ 9.933014, 63.271947 ], [ 18.366394, 67.492803 ] ] } },
{ "type": "Feature", "properties": { "from_node": 313, "to_node": 428, "length_km": 812.78028880719194, "delaunay_k": 5, "edge_set": "Delaunay5" }, "geometry": { "type": "LineString", "coordinates": [ [ 9.933014, 63.271947 ], [ 20.376892, 69.243986 ] ] } },
{ "type": "Feature", "properties": { "from_node": 313, "to_node": 429, "length_km": 845.76954792454501, "delaunay_k": 5, "edge_set": "Delaunay5" }, "geometry": { "type": "LineString", "coordinates": [ [ 9.933014, 63.271947 ], [ 21.041565, 69.431516 ] ] } },
{ "type": "Feature", "properties": { "from_node": 313, "to_node": 433, "length_km": 946.65073815250059, "delaunay_k": 5, "edge_set": "Delaunay5" }, "geometry": { "type": "LineString", "coordinates": [ [ 9.933014, 63.271947 ], [ 23.990021, 69.68142 ] ] } },
{ "type": "Feature", "properties": { "from_node": 313, "to_node": 438, "length_km": 949.83677214885518, "delaunay_k": 5, "edge_set": "Delaunay5" }, "geometry": { "type": "LineString", "coordinates": [ [ 9.933014, 63.271947 ], [ 23.410492, 69.935012 ] ] } },
{ "type": "Feature", "properties": { "from_node": 313, "to_node": 439, "length_km": 1001.0771646295807, "delaunay_k": 5, "edge_set": "Delaunay5" }, "geometry": { "type": "LineString", "coordinates": [ [ 9.933014, 63.271947 ], [ 25.157318, 69.959498 ] ] } },
{ "type": "Feature", "properties": { "from_node": 313, "to_node": 441, "length_km": 1065.1882891578778, "delaunay_k": 5, "edge_set": "Delaunay5" }, "geometry": { "type": "LineString", "coordinates": [ [ 9.933014, 63.271947 ], [ 26.545715, 70.286801 ] ] } },
{ "type": "Feature", "properties": { "from_node": 314, "to_node": 413, "length_km": 562.55171995346734, "delaunay_k": 5, "edge_set": "Delaunay5" }, "geometry": { "type": "LineString", "coordinates": [ [ 10.457611, 63.276888 ], [ 18.639679, 66.970387 ] ] } },
{ "type": "Feature", "properties": { "from_node": 314, "to_node": 422, "length_km": 595.66635919658529, "delaunay_k": 5, "edge_set": "Delaunay5" }, "geometry": { "type": "LineString", "coordinates": [ [ 10.457611, 63.276888 ], [ 17.992859, 67.610267 ] ] } },
{ "type": "Feature", "properties": { "from_node": 314, "to_node": 423, "length_km": 627.51858406879853, "delaunay_k": 5, "edge_set": "Delaunay5" }, "geometry": { "type": "LineString", "coordinates": [ [ 10.457611, 63.276888 ], [ 17.288361, 68.158786 ] ] } },
{ "type": "Feature", "properties": { "from_node": 314, "to_node": 424, "length_km": 667.65484846030063, "delaunay_k": 5, "edge_set": "Delaunay5" }, "geometry": { "type": "LineString", "coordinates": [ [ 10.457611, 63.276888 ], [ 17.579498, 68.517173 ] ] } },
{ "type": "Feature", "properties": { "from_node": 314, "to_node": 426, "length_km": 744.85453561768588, "delaunay_k": 5, "edge_set": "Delaunay5" }, "geometry": { "type": "LineString", "coordinates": [ [ 10.457611, 63.276888 ], [ 18.864899, 69.038124 ] ] } },
{ "type": "Feature", "properties": { "from_node": 314, "to_node": 427, "length_km": 766.89665377520532, "delaunay_k": 5, "edge_set": "Delaunay5" }, "geometry": { "type": "LineString", "coordinates": [ [ 10.457611, 63.276888 ], [ 19.24942, 69.183065 ] ] } },
{ "type": "Feature", "properties": { "from_node": 314, "to_node": 431, "length_km": 814.13049916762122, "delaunay_k": 5, "edge_set": "Delaunay5" }, "geometry": { "type": "LineString", "coordinates": [ [ 10.457611, 63.276888 ], [ 19.820709, 69.558512 ] ] } },
{ "type": "Feature", "properties": { "from_node": 314, "to_node": 435, "length_km": 883.79259378084271, "delaunay_k": 5, "edge_set": "Delaunay5" }, "geometry": { "type": "LineString", "coordinates": [ [ 10.457611, 63.276888 ], [ 22.138824, 69.713346 ] ] } },
{ "type": "Feature", "properties": { "from_node": 314, "to_node": 442, "length_km": 1001.5314682639769, "delaunay_k": 5, "edge_set": "Delaunay5" }, "geometry": { "type": "LineString", "coordinates": [ [ 10.457611, 63.276888 ], [ 24.613495, 70.363091 ] ] } },
{ "type": "Feature", "properties": { "from_node": 315, "to_node": 420, "length_km": 488.84907740614466, "delaunay_k": 5, "edge_set": "Delaunay5" }, "geometry": { "type": "LineString", "coordinates": [ [ 13.639526, 63.312066 ], [ 15.850525, 67.598233 ] ] } },
{ "type": "Feature", "properties": { "from_node": 315, "to_node": 432, "length_km": 744.99939602438053, "delaunay_k": 5, "edge_set": "Delaunay5" }, "geometry": { "type": "LineString", "coordinates": [ [ 13.639526, 63.312066 ], [ 19.158783, 69.620772 ] ] } },
{ "type": "Feature", "properties": { "from_node": 317, "to_node": 420, "length_km": 476.57837343206063, "delaunay_k": 5, "edge_set": "Delaunay5" }, "geometry": { "type": "LineString", "coordinates": [ [ 14.788971, 63.348433 ], [ 15.850525, 67.598233 ] ] } },
{ "type": "Feature", "properties": { "from_node": 317, "to_node": 432, "length_km": 726.10406885435282, "delaunay_k": 5, "edge_set": "Delaunay5" }, "geometry": { "type": "LineString", "coordinates": [ [ 14.788971, 63.348433 ], [ 19.158783, 69.620772 ] ] } },
{ "type": "Feature", "properties": { "from_node": 318, "to_node": 413, "length_km": 492.67011566734703, "delaunay_k": 5, "edge_set": "Delaunay5" }, "geometry": { "type": "LineString", "coordinates": [ [ 12.568359, 63.361367 ], [ 18.639679, 66.970387 ] ] } },
{ "type": "Feature", "properties": { "from_node": 318, "to_node": 422, "length_km": 536.02450623000198, "delaunay_k": 5, "edge_set": "Delaunay5" }, "geometry": { "type": "LineString", "coordinates": [ [ 12.568359, 63.361367 ], [ 17.992859, 67.610267 ] ] } },
{ "type": "Feature", "properties": { "from_node": 318, "to_node": 423, "length_km": 576.81382010401694, "delaunay_k": 5, "edge_set": "Delaunay5" }, "geometry": { "type": "LineString", "coordinates": [ [ 12.568359, 63.361367 ], [ 17.288361, 68.158786 ] ] } },
{ "type": "Feature", "properties": { "from_node": 318, "to_node": 424, "length_km": 618.23177933848854, "delaunay_k": 5, "edge_set": "Delaunay5" }, "geometry": { "type": "LineString", "coordinates": [ [ 12.568359, 63.361367 ], [ 17.579498, 68.517173 ] ] } },
{ "type": "Feature", "properties": { "from_node": 318, "to_node": 426, "length_km": 693.15807458583947, "delaunay_k": 5, "edge_set": "Delaunay5" }, "geometry": { "type": "LineString", "coordinates": [ [ 12.568359, 63.361367 ], [ 18.864899, 69.038124 ] ] } },
{ "type": "Feature", "properties": { "from_node": 318, "to_node": 427, "length_km": 714.60171185616116, "delaunay_k": 5, "edge_set": "Delaunay5" }, "geometry": { "type": "LineString", "coordinates": [ [ 12.568359, 63.361367 ], [ 19.24942, 69.183065 ] ] } },
{ "type": "Feature", "properties": { "from_node": 318, "to_node": 431, "length_km": 762.19246540619349, "delaunay_k": 5, "edge_set": "Delaunay5" }, "geometry": { "type": "LineString", "coordinates": [ [ 12.568359, 63.361367 ], [ 19.820709, 69.558512 ] ] } },
{ "type": "Feature", "properties": { "from_node": 318, "to_node": 435, "length_km": 824.828880395179, "delaunay_k": 5, "edge_set": "Delaunay5" }, "geometry": { "type": "LineString", "coordinates": [ [ 12.568359, 63.361367 ], [ 22.138824, 69.713346 ] ] } },
{ "type": "Feature", "properties": { "from_node": 318, "to_node": 442, "length_km": 940.20484139945449, "delaunay_k": 5, "edge_set": "Delaunay5" }, "geometry": { "type": "LineString", "coordinates": [ [ 12.568359, 63.361367 ], [ 24.613495, 70.363091 ] ] } },
{ "type": "Feature", "properties": { "from_node": 319, "to_node": 422, "length_km": 517.39805075873528, "delaunay_k": 5, "edge_set": "Delaunay5" }, "geometry": { "type": "LineString", "coordinates": [ [ 13.458252, 63.368755 ], [ 17.992859, 67.610267 ] ] } },
{ "type": "Feature", "properties": { "from_node": 319, "to_node": 423, "length_km": 562.17520512335034, "delaunay_k": 5, "edge_set": "Delaunay5" }, "geometry": { "type": "LineString", "coordinates": [ [ 13.458252, 63.368755 ], [ 17.288361, 68.158786 ] ] } },
{ "type": "Feature", "properties": { "from_node": 319, "to_node": 424, "length_km": 603.87312388971054, "delaunay_k": 5, "edge_set": "Delaunay5" }, "geometry": { "type": "LineString", "coordinates": [ [ 13.458252, 63.368755 ], [ 17.579498, 68.517173 ] ] } },
{ "type": "Feature", "properties": { "from_node": 319, "to_node": 426, "length_km": 677.23571742924412, "delaunay_k": 5, "edge_set": "Delaunay5" }, "geometry": { "type": "LineString", "coordinates": [ [ 13.458252, 63.368755 ], [ 18.864899, 69.038124 ] ] } },
{ "type": "Feature", "properties": { "from_node": 319, "to_node": 427, "length_km": 698.27803172673373, "delaunay_k": 5, "edge_set": "Delaunay5" }, "geometry": { "type": "LineString", "coordinates": [ [ 13.458252, 63.368755 ], [ 19.24942, 69.183065 ] ] } },
{ "type": "Feature", "properties": { "from_node": 319, "to_node": 431, "length_km": 745.79561964522031, "delaunay_k": 5, "edge_set": "Delaunay5" }, "geometry": { "type": "LineString", "coordinates": [ [ 13.458252, 63.368755 ], [ 19.820709, 69.558512 ] ] } },
{ "type": "Feature", "properties": { "from_node": 319, "to_node": 435, "length_km": 804.86392504204366, "delaunay_k": 5, "edge_set": "Delaunay5" }, "geometry": { "type": "LineString", "coordinates": [ [ 13.458252, 63.368755 ], [ 22.138824, 69.713346 ] ] } },
{ "type": "Feature", "properties": { "from_node": 319, "to_node": 442, "length_km": 918.75535170602029, "delaunay_k": 5, "edge_set": "Delaunay5" }, "geometry": { "type": "LineString", "coordinates": [ [ 13.458252, 63.368755 ], [ 24.613495, 70.363091 ] ] } },
{ "type": "Feature", "properties": { "from_node": 321, "to_node": 408, "length_km": 584.59121795024816, "delaunay_k": 5, "edge_set": "Delaunay5" }, "geometry": { "type": "LineString", "coordinates": [ [ 10.439758, 63.401361 ], [ 20.429077, 66.505049 ] ] } },
{ "type": "Feature", "properties": { "from_node": 321, "to_node": 411, "length_km": 583.81376403616605, "delaunay_k": 5, "edge_set": "Delaunay5" }, "geometry": { "type": "LineString", "coordinates": [ [ 10.439758, 63.401361 ], [ 20.037689, 66.729595 ] ] } },
{ "type": "Feature", "properties": { "from_node": 321, "to_node": 412, "length_km": 585.033449647098, "delaunay_k": 5, "edge_set": "Delaunay5" }, "geometry": { "type": "LineString", "coordinates": [ [ 10.439758, 63.401361 ], [ 19.864655, 66.843267 ] ] } },
{ "type": "Feature", "properties": { "from_node": 321, "to_node": 414, "length_km": 593.9692257328561, "delaunay_k": 5, "edge_set": "Delaunay5" }, "geometry": { "type": "LineString", "coordinates": [ [ 10.439758, 63.401361 ], [ 19.866028, 66.975221 ] ] } },
{ "type": "Feature", "properties": { "from_node": 321, "to_node": 417, "length_km": 585.2051373486355, "delaunay_k": 5, "edge_set": "Delaunay5" }, "geometry": { "type": "LineString", "coordinates": [ [ 10.439758, 63.401361 ], [ 18.366394, 67.492803 ] ] } },
{ "type": "Feature", "properties": { "from_node": 321, "to_node": 428, "length_km": 787.55833287640951, "delaunay_k": 5, "edge_set": "Delaunay5" }, "geometry": { "type": "LineString", "coordinates": [ [ 10.439758, 63.401361 ], [ 20.376892, 69.243986 ] ] } },
{ "type": "Feature", "properties": { "from_node": 321, "to_node": 429, "length_km": 820.43095615658842, "delaunay_k": 5, "edge_set": "Delaunay5" }, "geometry": { "type": "LineString", "coordinates": [ [ 10.439758, 63.401361 ], [ 21.041565, 69.431516 ] ] } },
{ "type": "Feature", "properties": { "from_node": 321, "to_node": 433, "length_km": 920.33994804940676, "delaunay_k": 5, "edge_set": "Delaunay5" }, "geometry": { "type": "LineString", "coordinates": [ [ 10.439758, 63.401361 ], [ 23.990021, 69.68142 ] ] } },
{ "type": "Feature", "properties": { "from_node": 321, "to_node": 438, "length_km": 924.0322707093876, "delaunay_k": 5, "edge_set": "Delaunay5" }, "geometry": { "type": "LineString", "coordinates": [ [ 10.439758, 63.401361 ], [ 23.410492, 69.935012 ] ] } },
{ "type": "Feature", "properties": { "from_node": 321, "to_node": 439, "length_km": 974.67886085574276, "delaunay_k": 5, "edge_set": "Delaunay5" }, "geometry": { "type": "LineString", "coordinates": [ [ 10.439758, 63.401361 ], [ 25.157318, 69.959498 ] ] } },
{ "type": "Feature", "properties": { "from_node": 321, "to_node": 441, "length_km": 1038.7176594670934, "delaunay_k": 5, "edge_set": "Delaunay5" }, "geometry": { "type": "LineString", "coordinates": [ [ 10.439758, 63.401361 ], [ 26.545715, 70.286801 ] ] } },
{ "type": "Feature", "properties": { "from_node": 322, "to_node": 418, "length_km": 557.04761757273741, "delaunay_k": 5, "edge_set": "Delaunay5" }, "geometry": { "type": "LineString", "coordinates": [ [ 18.242798, 63.401361 ], [ 25.085907, 67.498059 ] ] } },
{ "type": "Feature", "properties": { "from_node": 325, "to_node": 413, "length_km": 529.26576918525677, "delaunay_k": 5, "edge_set": "Delaunay5" }, "geometry": { "type": "LineString", "coordinates": [ [ 11.017914, 63.45726 ], [ 18.639679, 66.970387 ] ] } },
{ "type": "Feature", "properties": { "from_node": 325, "to_node": 422, "length_km": 563.73848038473034, "delaunay_k": 5, "edge_set": "Delaunay5" }, "geometry": { "type": "LineString", "coordinates": [ [ 11.017914, 63.45726 ], [ 17.992859, 67.610267 ] ] } },
{ "type": "Feature", "properties": { "from_node": 325, "to_node": 423, "length_km": 597.05995956152185, "delaunay_k": 5, "edge_set": "Delaunay5" }, "geometry": { "type": "LineString", "coordinates": [ [ 11.017914, 63.45726 ], [ 17.288361, 68.158786 ] ] } },
{ "type": "Feature", "properties": { "from_node": 325, "to_node": 424, "length_km": 637.48390929171467, "delaunay_k": 5, "edge_set": "Delaunay5" }, "geometry": { "type": "LineString", "coordinates": [ [ 11.017914, 63.45726 ], [ 17.579498, 68.517173 ] ] } },
{ "type": "Feature", "properties": { "from_node": 325, "to_node": 426, "length_km": 714.39290648069539, "delaunay_k": 5, "edge_set": "Delaunay5" }, "geometry": { "type": "LineString", "coordinates": [ [ 11.017914, 63.45726 ], [ 18.864899, 69.038124 ] ] } },
{ "type": "Feature", "properties": { "from_node": 325, "to_node": 427, "length_km": 736.35748749355912, "delaunay_k": 5, "edge_set": "Delaunay5" }, "geometry": { "type": "LineString", "coordinates": [ [ 11.017914, 63.45726 ], [ 19.24942, 69.183065 ] ] } },
{ "type": "Feature", "properties": { "from_node": 325, "to_node": 431, "length_km": 783.70236530757029, "delaunay_k": 5, "edge_set": "Delaunay5" }, "geometry": { "type": "LineString", "coordinates": [ [ 11.017914, 63.45726 ], [ 19.820709, 69.558512 ] ] } },
{ "type": "Feature", "properties": { "from_node": 325, "to_node": 435, "length_km": 852.26405866532616, "delaunay_k": 5, "edge_set": "Delaunay5" }, "geometry": { "type": "LineString", "coordinates": [ [ 11.017914, 63.45726 ], [ 22.138824, 69.713346 ] ] } },
{ "type": "Feature", "properties": { "from_node": 325, "to_node": 442, "length_km": 969.71026392345448, "delaunay_k": 5, "edge_set": "Delaunay5" }, "geometry": { "type": "LineString", "coordinates": [ [ 11.017914, 63.45726 ], [ 24.613495, 70.363091 ] ] } },
{ "type": "Feature", "properties": { "from_node": 330, "to_node": 422, "length_km": 494.33716001783824, "delaunay_k": 5, "edge_set": "Delaunay5" }, "geometry": { "type": "LineString", "coordinates": [ [ 13.657379, 63.555892 ], [ 17.992859, 67.610267 ] ] } },
{ "type": "Feature", "properties": { "from_node": 330, "to_node": 423, "length_km": 539.36315614331227, "delaunay_k": 5, "edge_set": "Delaunay5" }, "geometry": { "type": "LineString", "coordinates": [ [ 13.657379, 63.555892 ], [ 17.288361, 68.158786 ] ] } },
{ "type": "Feature", "properties": { "from_node": 330, "to_node": 424, "length_km": 581.07606136985748, "delaunay_k": 5, "edge_set": "Delaunay5" }, "geometry": { "type": "LineString", "coordinates": [ [ 13.657379, 63.555892 ], [ 17.579498, 68.517173 ] ] } },
{ "type": "Feature", "properties": { "from_node": 330, "to_node": 426, "length_km": 654.29883432735483, "delaunay_k": 5, "edge_set": "Delaunay5" }, "geometry": { "type": "LineString", "coordinates": [ [ 13.657379, 63.555892 ], [ 18.864899, 69.038124 ] ] } },
{ "type": "Feature", "properties": { "from_node": 330, "to_node": 427, "length_km": 675.31192509314383, "delaunay_k": 5, "edge_set": "Delaunay5" }, "geometry": { "type": "LineString", "coordinates": [ [ 13.657379, 63.555892 ], [ 19.24942, 69.183065 ] ] } },
{ "type": "Feature", "properties": { "from_node": 330, "to_node": 431, "length_km": 722.81992258728269, "delaunay_k": 5, "edge_set": "Delaunay5" }, "geometry": { "type": "LineString", "coordinates": [ [ 13.657379, 63.555892 ], [ 19.820709, 69.558512 ] ] } },
{ "type": "Feature", "properties": { "from_node": 330, "to_node": 435, "length_km": 781.75953667379224, "delaunay_k": 5, "edge_set": "Delaunay5" }, "geometry": { "type": "LineString", "coordinates": [ [ 13.657379, 63.555892 ], [ 22.138824, 69.713346 ] ] } },
{ "type": "Feature", "properties": { "from_node": 330, "to_node": 442, "length_km": 895.65728159645903, "delaunay_k": 5, "edge_set": "Delaunay5" }, "geometry": { "type": "LineString", "coordinates": [ [ 13.657379, 63.555892 ], [ 24.613495, 70.363091 ] ] } },
{ "type": "Feature", "properties": { "from_node": 334, "to_node": 432, "length_km": 699.7231420307653, "delaunay_k": 5, "edge_set": "Delaunay5" }, "geometry": { "type": "LineString", "coordinates": [ [ 13.811188, 63.713238 ], [ 19.158783, 69.620772 ] ] } },
{ "type": "Feature", "properties": { "from_node": 337, "to_node": 414, "length_km": 478.61393898824082, "delaunay_k": 5, "edge_set": "Delaunay5" }, "geometry": { "type": "LineString", "coordinates": [ [ 13.065491, 63.752742 ], [ 19.866028, 66.975221 ] ] } },
{ "type": "Feature", "properties": { "from_node": 337, "to_node": 417, "length_km": 483.1486818752258, "delaunay_k": 5, "edge_set": "Delaunay5" }, "geometry": { "type": "LineString", "coordinates": [ [ 13.065491, 63.752742 ], [ 18.366394, 67.492803 ] ] } },
{ "type": "Feature", "properties": { "from_node": 337, "to_node": 428, "length_km": 692.8781345581674, "delaunay_k": 5, "edge_set": "Delaunay5" }, "geometry": { "type": "LineString", "coordinates": [ [ 13.065491, 63.752742 ], [ 20.376892, 69.243986 ] ] } },
{ "type": "Feature", "properties": { "from_node": 337, "to_node": 429, "length_km": 724.60085281679028, "delaunay_k": 5, "edge_set": "Delaunay5" }, "geometry": { "type": "LineString", "coordinates": [ [ 13.065491, 63.752742 ], [ 21.041565, 69.431516 ] ] } },
{ "type": "Feature", "properties": { "from_node": 337, "to_node": 433, "length_km": 816.6492267784954, "delaunay_k": 5, "edge_set": "Delaunay5" }, "geometry": { "type": "LineString", "coordinates": [ [ 13.065491, 63.752742 ], [ 23.990021, 69.68142 ] ] } },
{ "type": "Feature", "properties": { "from_node": 337, "to_node": 438, "length_km": 824.05220991969441, "delaunay_k": 5, "edge_set": "Delaunay5" }, "geometry": { "type": "LineString", "coordinates": [ [ 13.065491, 63.752742 ], [ 23.410492, 69.935012 ] ] } },
{ "type": "Feature", "properties": { "from_node": 337, "to_node": 439, "length_km": 870.03586223388561, "delaunay_k": 5, "edge_set": "Delaunay5" }, "geometry": { "type": "LineString", "coordinates": [ [ 13.065491, 63.752742 ], [ 25.157318, 69.959498 ] ] } },
{ "type": "Feature", "properties": { "from_node": 337, "to_node": 441, "length_km": 933.23375269995427, "delaunay_k": 5, "edge_set": "Delaunay5" }, "geometry": { "type": "LineString", "coordinates": [ [ 13.065491, 63.752742 ], [ 26.545715, 70.286801 ] ] } },
{ "type": "Feature", "properties": { "from_node": 338, "to_node": 422, "length_km": 476.9087642566036, "delaunay_k": 5, "edge_set": "Delaunay5" }, "geometry": { "type": "LineString", "coordinates": [ [ 13.493958, 63.755779 ], [ 17.992859, 67.610267 ] ] } },
{ "type": "Feature", "properties": { "from_node": 338, "to_node": 423, "length_km": 520.38988424969602, "delaunay_k": 5, "edge_set": "Delaunay5" }, "geometry": { "type": "LineString", "coordinates": [ [ 13.493958, 63.755779 ], [ 17.288361, 68.158786 ] ] } },
{ "type": "Feature", "properties": { "from_node": 338, "to_node": 424, "length_km": 562.03326509234057, "delaunay_k": 5, "edge_set": "Delaunay5" }, "geometry": { "type": "LineString", "coordinates": [ [ 13.493958, 63.755779 ], [ 17.579498, 68.517173 ] ] } },
{ "type": "Feature", "properties": { "from_node": 338, "to_node": 426, "length_km": 635.87947428093605, "delaunay_k": 5, "edge_set": "Delaunay5" }, "geometry": { "type": "LineString", "coordinates": [ [ 13.493958, 63.755779 ], [ 18.864899, 69.038124 ] ] } },
{ "type": "Feature", "properties": { "from_node": 338, "to_node": 427, "length_km": 657.05760449699778, "delaunay_k": 5, "edge_set": "Delaunay5" }, "geometry": { "type": "LineString", "coordinates": [ [ 13.493958, 63.755779 ], [ 19.24942, 69.183065 ] ] } },
{ "type": "Feature", "properties": { "from_node": 338, "to_node": 431, "length_km": 704.61581650109883, "delaunay_k": 5, "edge_set": "Delaunay5" }, "geometry": { "type": "LineString", "coordinates": [ [ 13.493958, 63.755779 ], [ 19.820709, 69.558512 ] ] } },
{ "type": "Feature", "properties": { "from_node": 338, "to_node": 435, "length_km": 765.06187298511725, "delaunay_k": 5, "edge_set": "Delaunay5" }, "geometry": { "type": "LineString", "coordinates": [ [ 13.493958, 63.755779 ], [ 22.138824, 69.713346 ] ] } },
{ "type": "Feature", "properties": { "from_node": 338, "to_node": 442, "length_km": 879.66745019826419, "delaunay_k": 5, "edge_set": "Delaunay5" }, "geometry": { "type": "LineString", "coordinates": [ [ 13.493958, 63.755779 ], [ 24.613495, 70.363091 ] ] } },
{ "type": "Feature", "properties": { "from_node": 339, "to_node": 413, "length_km": 487.20051474542328, "delaunay_k": 5, "edge_set": "Delaunay5" }, "geometry": { "type": "LineString", "coordinates": [ [ 11.472473, 63.779452 ], [ 18.639679, 66.970387 ] ] } },
{ "type": "Feature", "properties": { "from_node": 339, "to_node": 422, "length_km": 521.33374431866866, "delaunay_k": 5, "edge_set": "Delaunay5" }, "geometry": { "type": "LineString", "coordinates": [ [ 11.472473, 63.779452 ], [ 17.992859, 67.610267 ] ] } },
{ "type": "Feature", "properties": { "from_node": 339, "to_node": 423, "length_km": 554.91227404097606, "delaunay_k": 5, "edge_set": "Delaunay5" }, "geometry": { "type": "LineString", "coordinates": [ [ 11.472473, 63.779452 ], [ 17.288361, 68.158786 ] ] } },
{ "type": "Feature", "properties": { "from_node": 339, "to_node": 424, "length_km": 595.42360941396726, "delaunay_k": 5, "edge_set": "Delaunay5" }, "geometry": { "type": "LineString", "coordinates": [ [ 11.472473, 63.779452 ], [ 17.579498, 68.517173 ] ] } },
{ "type": "Feature", "properties": { "from_node": 339, "to_node": 426, "length_km": 672.23084896179182, "delaunay_k": 5, "edge_set": "Delaunay5" }, "geometry": { "type": "LineString", "coordinates": [ [ 11.472473, 63.779452 ], [ 18.864899, 69.038124 ] ] } },
{ "type": "Feature", "properties": { "from_node": 339, "to_node": 427, "length_km": 694.1711479838425, "delaunay_k": 5, "edge_set": "Delaunay5" }, "geometry": { "type": "LineString", "coordinates": [ [ 11.472473, 63.779452 ], [ 19.24942, 69.183065 ] ] } },
{ "type": "Feature", "properties": { "from_node": 339, "to_node": 431, "length_km": 741.54420228130823, "delaunay_k": 5, "edge_set": "Delaunay5" }, "geometry": { "type": "LineString", "coordinates": [ [ 11.472473, 63.779452 ], [ 19.820709, 69.558512 ] ] } },
{ "type": "Feature", "properties": { "from_node": 339, "to_node": 435, "length_km": 809.87930421096655, "delaunay_k": 5, "edge_set": "Delaunay5" }, "geometry": { "type": "LineString", "coordinates": [ [ 11.472473, 63.779452 ], [ 22.138824, 69.713346 ] ] } },
{ "type": "Feature", "properties": { "from_node": 339, "to_node": 442, "length_km": 927.30639597013567, "delaunay_k": 5, "edge_set": "Delaunay5" }, "geometry": { "type": "LineString", "coordinates": [ [ 11.472473, 63.779452 ], [ 24.613495, 70.363091 ] ] } },
{ "type": "Feature", "properties": { "from_node": 341, "to_node": 425, "length_km": 575.38892367797223, "delaunay_k": 5, "edge_set": "Delaunay5" }, "geometry": { "type": "LineString", "coordinates": [ [ 23.1427, 63.842485 ], [ 27.674561, 68.645556 ] ] } },
{ "type": "Feature", "properties": { "from_node": 341, "to_node": 428, "length_km": 616.29053674720649, "delaunay_k": 5, "edge_set": "Delaunay5" }, "geometry": { "type": "LineString", "coordinates": [ [ 23.1427, 63.842485 ], [ 20.376892, 69.243986 ] ] } },
{ "type": "Feature", "properties": { "from_node": 341, "to_node": 429, "length_km": 631.88414897565167, "delaunay_k": 5, "edge_set": "Delaunay5" }, "geometry": { "type": "LineString", "coordinates": [ [ 23.1427, 63.842485 ], [ 21.041565, 69.431516 ] ] } },
{ "type": "Feature", "properties": { "from_node": 341, "to_node": 433, "length_km": 654.48795155191715, "delaunay_k": 5, "edge_set": "Delaunay5" }, "geometry": { "type": "LineString", "coordinates": [ [ 23.1427, 63.842485 ], [ 23.990021, 69.68142 ] ] } },
{ "type": "Feature", "properties": { "from_node": 343, "to_node": 419, "length_km": 498.38976320026961, "delaunay_k": 5, "edge_set": "Delaunay5" }, "geometry": { "type": "LineString", "coordinates": [ [ 20.047302, 63.896314 ], [ 26.098022, 67.596139 ] ] } },
{ "type": "Feature", "properties": { "from_node": 343, "to_node": 423, "length_km": 492.07968936079379, "delaunay_k": 5, "edge_set": "Delaunay5" }, "geometry": { "type": "LineString", "coordinates": [ [ 20.047302, 63.896314 ], [ 17.288361, 68.158786 ] ] } },
{ "type": "Feature", "properties": { "from_node": 343, "to_node": 424, "length_km": 527.79103345868805, "delaunay_k": 5, "edge_set": "Delaunay5" }, "geometry": { "type": "LineString", "coordinates": [ [ 20.047302, 63.896314 ], [ 17.579498, 68.517173 ] ] } },
{ "type": "Feature", "properties": { "from_node": 343, "to_node": 425, "length_km": 632.08673850831929, "delaunay_k": 5, "edge_set": "Delaunay5" }, "geometry": { "type": "LineString", "coordinates": [ [ 20.047302, 63.896314 ], [ 27.674561, 68.645556 ] ] } },
{ "type": "Feature", "properties": { "from_node": 343, "to_node": 426, "length_km": 576.72297171439345, "delaunay_k": 5, "edge_set": "Delaunay5" }, "geometry": { "type": "LineString", "coordinates": [ [ 20.047302, 63.896314 ], [ 18.864899, 69.038124 ] ] } },
{ "type": "Feature", "properties": { "from_node": 343, "to_node": 428, "length_km": 597.65867314010131, "delaunay_k": 5, "edge_set": "Delaunay5" }, "geometry": { "type": "LineString", "coordinates": [ [ 20.047302, 63.896314 ], [ 20.376892, 69.243986 ] ] } },
{ "type": "Feature", "properties": { "from_node": 343, "to_node": 429, "length_km": 620.05354915327962, "delaunay_k": 5, "edge_set": "Delaunay5" }, "geometry": { "type": "LineString", "coordinates": [ [ 20.047302, 63.896314 ], [ 21.041565, 69.431516 ] ] } },
{ "type": "Feature", "properties": { "from_node": 343, "to_node": 433, "length_km": 669.44596712341252, "delaunay_k": 5, "edge_set": "Delaunay5" }, "geometry": { "type": "LineString", "coordinates": [ [ 20.047302, 63.896314 ], [ 23.990021, 69.68142 ] ] } },
{ "type": "Feature", "properties": { "from_node": 345, "to_node": 423, "length_km": 496.43804367646175, "delaunay_k": 5, "edge_set": "Delaunay5" }, "geometry": { "type": "LineString", "coordinates": [ [ 13.769989, 63.942802 ], [ 17.288361, 68.158786 ] ] } },
{ "type": "Feature", "properties": { "from_node": 345, "to_node": 424, "length_km": 538.11968611756743, "delaunay_k": 5, "edge_set": "Delaunay5" }, "geometry": { "type": "LineString", "coordinates": [ [ 13.769989, 63.942802 ], [ 17.579498, 68.517173 ] ] } },
{ "type": "Feature", "properties": { "from_node": 345, "to_node": 426, "length_km": 611.6882050358987, "delaunay_k": 5, "edge_set": "Delaunay5" }, "geometry": { "type": "LineString", "coordinates": [ [ 13.769989, 63.942802 ], [ 18.864899, 69.038124 ] ] } },
{ "type": "Feature", "properties": { "from_node": 345, "to_node": 427, "length_km": 632.80296907843444, "delaunay_k": 5, "edge_set": "Delaunay5" }, "geometry": { "type": "LineString", "coordinates": [ [ 13.769989, 63.942802 ], [ 19.24942, 69.183065 ] ] } },
{ "type": "Feature", "properties": { "from_node": 345, "to_node": 431, "length_km": 680.34498137448384, "delaunay_k": 5, "edge_set": "Delaunay5" }, "geometry": { "type": "LineString", "coordinates": [ [ 13.769989, 63.942802 ], [ 19.820709, 69.558512 ] ] } },
{ "type": "Feature", "properties": { "from_node": 345, "to_node": 435, "length_km": 740.37584698118155, "delaunay_k": 5, "edge_set": "Delaunay5" }, "geometry": { "type": "LineString", "coordinates": [ [ 13.769989, 63.942802 ], [ 22.138824, 69.713346 ] ] } },
{ "type": "Feature", "properties": { "from_node": 345, "to_node": 442, "length_km": 854.87339982600861, "delaunay_k": 5, "edge_set": "Delaunay5" }, "geometry": { "type": "LineString", "coordinates": [ [ 13.769989, 63.942802 ], [ 24.613495, 70.363091 ] ] } },
{ "type": "Feature", "properties": { "from_node": 346, "to_node": 408, "length_km": 503.99498495776146, "delaunay_k": 5, "edge_set": "Delaunay5" }, "geometry": { "type": "LineString", "coordinates": [ [ 11.477966, 63.979576 ], [ 20.429077, 66.505049 ] ] } },
{ "type": "Feature", "properties": { "from_node": 346, "to_node": 411, "length_km": 502.3767408028113, "delaunay_k": 5, "edge_set": "Delaunay5" }, "geometry": { "type": "LineString", "coordinates": [ [ 11.477966, 63.979576 ], [ 20.037689, 66.729595 ] ] } },
{ "type": "Feature", "properties": { "from_node": 346, "to_node": 412, "length_km": 503.28151807338793, "delaunay_k": 5, "edge_set": "Delaunay5" }, "geometry": { "type": "LineString", "coordinates": [ [ 11.477966, 63.979576 ], [ 19.864655, 66.843267 ] ] } },
{ "type": "Feature", "properties": { "from_node": 346, "to_node": 414, "length_km": 512.01109109988738, "delaunay_k": 5, "edge_set": "Delaunay5" }, "geometry": { "type": "LineString", "coordinates": [ [ 11.477966, 63.979576 ], [ 19.866028, 66.975221 ] ] } },
{ "type": "Feature", "properties": { "from_node": 346, "to_node": 417, "length_km": 502.90378033912788, "delaunay_k": 5, "edge_set": "Delaunay5" }, "geometry": { "type": "LineString", "coordinates": [ [ 11.477966, 63.979576 ], [ 18.366394, 67.492803 ] ] } },
{ "type": "Feature", "properties": { "from_node": 346, "to_node": 428, "length_km": 706.0937225037726, "delaunay_k": 5, "edge_set": "Delaunay5" }, "geometry": { "type": "LineString", "coordinates": [ [ 11.477966, 63.979576 ], [ 20.376892, 69.243986 ] ] } },
{ "type": "Feature", "properties": { "from_node": 346, "to_node": 429, "length_km": 738.8539266957298, "delaunay_k": 5, "edge_set": "Delaunay5" }, "geometry": { "type": "LineString", "coordinates": [ [ 11.477966, 63.979576 ], [ 21.041565, 69.431516 ] ] } },
{ "type": "Feature", "properties": { "from_node": 346, "to_node": 433, "length_km": 838.09770511060583, "delaunay_k": 5, "edge_set": "Delaunay5" }, "geometry": { "type": "LineString", "coordinates": [ [ 11.477966, 63.979576 ], [ 23.990021, 69.68142 ] ] } },
{ "type": "Feature", "properties": { "from_node": 346, "to_node": 438, "length_km": 842.07688618877978, "delaunay_k": 5, "edge_set": "Delaunay5" }, "geometry": { "type": "LineString", "coordinates": [ [ 11.477966, 63.979576 ], [ 23.410492, 69.935012 ] ] } },
{ "type": "Feature", "properties": { "from_node": 346, "to_node": 439, "length_km": 892.39670473238812, "delaunay_k": 5, "edge_set": "Delaunay5" }, "geometry": { "type": "LineString", "coordinates": [ [ 11.477966, 63.979576 ], [ 25.157318, 69.959498 ] ] } },
{ "type": "Feature", "properties": { "from_node": 346, "to_node": 441, "length_km": 956.40579821610959, "delaunay_k": 5, "edge_set": "Delaunay5" }, "geometry": { "type": "LineString", "coordinates": [ [ 11.477966, 63.979576 ], [ 26.545715, 70.286801 ] ] } },
{ "type": "Feature", "properties": { "from_node": 348, "to_node": 432, "length_km": 645.90340703856225, "delaunay_k": 5, "edge_set": "Delaunay5" }, "geometry": { "type": "LineString", "coordinates": [ [ 15.619812, 64.001858 ], [ 19.158783, 69.620772 ] ] } },
{ "type": "Feature", "properties": { "from_node": 349, "to_node": 425, "length_km": 533.88092255766344, "delaunay_k": 5, "edge_set": "Delaunay5" }, "geometry": { "type": "LineString", "coordinates": [ [ 24.965057, 64.008479 ], [ 27.674561, 68.645556 ] ] } },
{ "type": "Feature", "properties": { "from_node": 349, "to_node": 428, "length_km": 619.81999665709134, "delaunay_k": 5, "edge_set": "Delaunay5" }, "geometry": { "type": "LineString", "coordinates": [ [ 24.965057, 64.008479 ], [ 20.376892, 69.243986 ] ] } },
{ "type": "Feature", "properties": { "from_node": 349, "to_node": 429, "length_km": 630.89190313544361, "delaunay_k": 5, "edge_set": "Delaunay5" }, "geometry": { "type": "LineString", "coordinates": [ [ 24.965057, 64.008479 ], [ 21.041565, 69.431516 ] ] } },
{ "type": "Feature", "properties": { "from_node": 349, "to_node": 433, "length_km": 636.67101003444679, "delaunay_k": 5, "edge_set": "Delaunay5" }, "geometry": { "type": "LineString", "coordinates": [ [ 24.965057, 64.008479 ], [ 23.990021, 69.68142 ] ] } },
{ "type": "Feature", "properties": { "from_node": 350, "to_node": 425, "length_km": 526.32896098837762, "delaunay_k": 5, "edge_set": "Delaunay5" }, "geometry": { "type": "LineString", "coordinates": [ [ 25.333099, 64.045767 ], [ 27.674561, 68.645556 ] ] } },
{ "type": "Feature", "properties": { "from_node": 350, "to_node": 428, "length_km": 621.43350304945261, "delaunay_k": 5, "edge_set": "Delaunay5" }, "geometry": { "type": "LineString", "coordinates": [ [ 25.333099, 64.045767 ], [ 20.376892, 69.243986 ] ] } },
{ "type": "Feature", "properties": { "from_node": 350, "to_node": 429, "length_km": 631.56224432629392, "delaunay_k": 5, "edge_set": "Delaunay5" }, "geometry": { "type": "LineString", "coordinates": [ [ 25.333099, 64.045767 ], [ 21.041565, 69.431516 ] ] } },
{ "type": "Feature", "properties": { "from_node": 350, "to_node": 433, "length_km": 633.87232542181493, "delaunay_k": 5, "edge_set": "Delaunay5" }, "geometry": { "type": "LineString", "coordinates": [ [ 25.333099, 64.045767 ], [ 23.990021, 69.68142 ] ] } },
{ "type": "Feature", "properties": { "from_node": 352, "to_node": 428, "length_km": 649.79442813549929, "delaunay_k": 5, "edge_set": "Delaunay5" }, "geometry": { "type": "LineString", "coordinates": [ [ 27.204895, 64.101606 ], [ 20.376892, 69.243986 ] ] } },
{ "type": "Feature", "properties": { "from_node": 352, "to_node": 429, "length_km": 655.41341392693846, "delaunay_k": 5, "edge_set": "Delaunay5" }, "geometry": { "type": "LineString", "coordinates": [ [ 27.204895, 64.101606 ], [ 21.041565, 69.431516 ] ] } },
{ "type": "Feature", "properties": { "from_node": 352, "to_node": 430, "length_km": 608.20480381741049, "delaunay_k": 5, "edge_set": "Delaunay5" }, "geometry": { "type": "LineString", "coordinates": [ [ 27.204895, 64.101606 ], [ 29.549103, 69.440681 ] ] } },
{ "type": "Feature", "properties": { "from_node": 352, "to_node": 433, "length_km": 640.92732468605436, "delaunay_k": 5, "edge_set": "Delaunay5" }, "geometry": { "type": "LineString", "coordinates": [ [ 27.204895, 64.101606 ], [ 23.990021, 69.68142 ] ] } },
{ "type": "Feature", "properties": { "from_node": 352, "to_node": 436, "length_km": 641.20066625423942, "delaunay_k": 5, "edge_set": "Delaunay5" }, "geometry": { "type": "LineString", "coordinates": [ [ 27.204895, 64.101606 ], [ 27.239227, 69.817839 ] ] } },
{ "type": "Feature", "properties": { "from_node": 354, "to_node": 418, "length_km": 508.88115527085267, "delaunay_k": 5, "edge_set": "Delaunay5" }, "geometry": { "type": "LineString", "coordinates": [ [ 17.449036, 64.183063 ], [ 25.085907, 67.498059 ] ] } },
{ "type": "Feature", "properties": { "from_node": 355, "to_node": 418, "length_km": 506.33763517081167, "delaunay_k": 5, "edge_set": "Delaunay5" }, "geometry": { "type": "LineString", "coordinates": [ [ 17.310333, 64.26428 ], [ 25.085907, 67.498059 ] ] } },
{ "type": "Feature", "properties": { "from_node": 356, "to_node": 432, "length_km": 621.58156024470554, "delaunay_k": 5, "edge_set": "Delaunay5" }, "geometry": { "type": "LineString", "coordinates": [ [ 14.859009, 64.308372 ], [ 19.158783, 69.620772 ] ] } },
{ "type": "Feature", "properties": { "from_node": 358, "to_node": 426, "length_km": 572.90813708595783, "delaunay_k": 5, "edge_set": "Delaunay5" }, "geometry": { "type": "LineString", "coordinates": [ [ 24.517365, 64.423037 ], [ 18.864899, 69.038124 ] ] } },
{ "type": "Feature", "properties": { "from_node": 358, "to_node": 427, "length_km": 580.33625523173669, "delaunay_k": 5, "edge_set": "Delaunay5" }, "geometry": { "type": "LineString", "coordinates": [ [ 24.517365, 64.423037 ], [ 19.24942, 69.183065 ] ] } },
{ "type": "Feature", "properties": { "from_node": 358, "to_node": 430, "length_km": 604.13272924665523, "delaunay_k": 5, "edge_set": "Delaunay5" }, "geometry": { "type": "LineString", "coordinates": [ [ 24.517365, 64.423037 ], [ 29.549103, 69.440681 ] ] } },
{ "type": "Feature", "properties": { "from_node": 358, "to_node": 431, "length_km": 609.64473099295867, "delaunay_k": 5, "edge_set": "Delaunay5" }, "geometry": { "type": "LineString", "coordinates": [ [ 24.517365, 64.423037 ], [ 19.820709, 69.558512 ] ] } },
{ "type": "Feature", "properties": { "from_node": 358, "to_node": 435, "length_km": 600.93131429921414, "delaunay_k": 5, "edge_set": "Delaunay5" }, "geometry": { "type": "LineString", "coordinates": [ [ 24.517365, 64.423037 ], [ 22.138824, 69.713346 ] ] } },
{ "type": "Feature", "properties": { "from_node": 358, "to_node": 436, "length_km": 615.8758054009038, "delaunay_k": 5, "edge_set": "Delaunay5" }, "geometry": { "type": "LineString", "coordinates": [ [ 24.517365, 64.423037 ], [ 27.239227, 69.817839 ] ] } },
{ "type": "Feature", "properties": { "from_node": 358, "to_node": 438, "length_km": 618.83789868189012, "delaunay_k": 5, "edge_set": "Delaunay5" }, "geometry": { "type": "LineString", "coordinates": [ [ 24.517365, 64.423037 ], [ 23.410492, 69.935012 ] ] } },
{ "type": "Feature", "properties": { "from_node": 358, "to_node": 439, "length_km": 620.61367001836686, "delaunay_k": 5, "edge_set": "Delaunay5" }, "geometry": { "type": "LineString", "coordinates": [ [ 24.517365, 64.423037 ], [ 25.157318, 69.959498 ] ] } },
{ "type": "Feature", "properties": { "from_node": 359, "to_node": 419, "length_km": 477.04282953427065, "delaunay_k": 5, "edge_set": "Delaunay5" }, "geometry": { "type": "LineString", "coordinates": [ [ 19.029694, 64.440225 ], [ 26.098022, 67.596139 ] ] } },
{ "type": "Feature", "properties": { "from_node": 359, "to_node": 425, "length_km": 607.11399135524334, "delaunay_k": 5, "edge_set": "Delaunay5" }, "geometry": { "type": "LineString", "coordinates": [ [ 19.029694, 64.440225 ], [ 27.674561, 68.645556 ] ] } },
{ "type": "Feature", "properties": { "from_node": 359, "to_node": 426, "length_km": 513.51360799819383, "delaunay_k": 5, "edge_set": "Delaunay5" }, "geometry": { "type": "LineString", "coordinates": [ [ 19.029694, 64.440225 ], [ 18.864899, 69.038124 ] ] } },
{ "type": "Feature", "properties": { "from_node": 359, "to_node": 428, "length_km": 539.81319522523188, "delaunay_k": 5, "edge_set": "Delaunay5" }, "geometry": { "type": "LineString", "coordinates": [ [ 19.029694, 64.440225 ], [ 20.376892, 69.243986 ] ] } },
{ "type": "Feature", "properties": { "from_node": 359, "to_node": 429, "length_km": 564.44352942733906, "delaunay_k": 5, "edge_set": "Delaunay5" }, "geometry": { "type": "LineString", "coordinates": [ [ 19.029694, 64.440225 ], [ 21.041565, 69.431516 ] ] } },
{ "type": "Feature", "properties": { "from_node": 359, "to_node": 433, "length_km": 624.02221459130271, "delaunay_k": 5, "edge_set": "Delaunay5" }, "geometry": { "type": "LineString", "coordinates": [ [ 19.029694, 64.440225 ], [ 23.990021, 69.68142 ] ] } },
{ "type": "Feature", "properties": { "from_node": 360, "to_node": 394, "length_km": 495.04526792510029, "delaunay_k": 5, "edge_set": "Delaunay5" }, "geometry": { "type": "LineString", "coordinates": [ [ 11.620789, 64.453849 ], [ 21.656799, 65.826407 ] ] } },
{ "type": "Feature", "properties": { "from_node": 360, "to_node": 398, "length_km": 560.99154927480129, "delaunay_k": 5, "edge_set": "Delaunay5" }, "geometry": { "type": "LineString", "coordinates": [ [ 11.620789, 64.453849 ], [ 23.072662, 65.938074 ] ] } },
{ "type": "Feature", "properties": { "from_node": 360, "to_node": 409, "length_km": 476.5497725501055, "delaunay_k": 5, "edge_set": "Delaunay5" }, "geometry": { "type": "LineString", "coordinates": [ [ 11.620789, 64.453849 ], [ 20.452423, 66.669299 ] ] } },
{ "type": "Feature", "properties": { "from_node": 360, "to_node": 418, "length_km": 698.75860898669987, "delaunay_k": 5, "edge_set": "Delaunay5" }, "geometry": { "type": "LineString", "coordinates": [ [ 11.620789, 64.453849 ], [ 25.085907, 67.498059 ] ] } },
{ "type": "Feature", "properties": { "from_node": 360, "to_node": 425, "length_km": 850.37271711172627, "delaunay_k": 5, "edge_set": "Delaunay5" }, "geometry": { "type": "LineString", "coordinates": [ [ 11.620789, 64.453849 ], [ 27.674561, 68.645556 ] ] } },
{ "type": "Feature", "properties": { "from_node": 360, "to_node": 436, "length_km": 900.52448210595855, "delaunay_k": 5, "edge_set": "Delaunay5" }, "geometry": { "type": "LineString", "coordinates": [ [ 11.620789, 64.453849 ], [ 27.239227, 69.817839 ] ] } },
{ "type": "Feature", "properties": { "from_node": 360, "to_node": 437, "length_km": 897.99776405027308, "delaunay_k": 5, "edge_set": "Delaunay5" }, "geometry": { "type": "LineString", "coordinates": [ [ 11.620789, 64.453849 ], [ 27.071686, 69.862801 ] ] } },
{ "type": "Feature", "properties": { "from_node": 360, "to_node": 440, "length_km": 964.565246276219, "delaunay_k": 5, "edge_set": "Delaunay5" }, "geometry": { "type": "LineString", "coordinates": [ [ 11.620789, 64.453849 ], [ 28.572693, 70.163212 ] ] } },
{ "type": "Feature", "properties": { "from_node": 361, "to_node": 432, "length_km": 612.13000895971288, "delaunay_k": 5, "edge_set": "Delaunay5" }, "geometry": { "type": "LineString", "coordinates": [ [ 14.180603, 64.486402 ], [ 19.158783, 69.620772 ] ] } },
{ "type": "Feature", "properties": { "from_node": 362, "to_node": 400, "length_km": 475.80268932633749, "delaunay_k": 5, "edge_set": "Delaunay5" }, "geometry": { "type": "LineString", "coordinates": [ [ 15.622559, 64.529548 ], [ 25.069427, 66.140521 ] ] } },
{ "type": "Feature", "properties": { "from_node": 362, "to_node": 418, "length_km": 542.39478363705291, "delaunay_k": 5, "edge_set": "Delaunay5" }, "geometry": { "type": "LineString", "coordinates": [ [ 15.622559, 64.529548 ], [ 25.085907, 67.498059 ] ] } },
{ "type": "Feature", "properties": { "from_node": 363, "to_node": 432, "length_km": 603.87369147754316, "delaunay_k": 5, "edge_set": "Delaunay5" }, "geometry": { "type": "LineString", "coordinates": [ [ 14.381104, 64.536044 ], [ 19.158783, 69.620772 ] ] } },
{ "type": "Feature", "properties": { "from_node": 364, "to_node": 400, "length_km": 482.2043031636702, "delaunay_k": 5, "edge_set": "Delaunay5" }, "geometry": { "type": "LineString", "coordinates": [ [ 15.450897, 64.54962 ], [ 25.069427, 66.140521 ] ] } },
{ "type": "Feature", "properties": { "from_node": 364, "to_node": 418, "length_km": 547.0619252223006, "delaunay_k": 5, "edge_set": "Delaunay5" }, "geometry": { "type": "LineString", "coordinates": [ [ 15.450897, 64.54962 ], [ 25.085907, 67.498059 ] ] } },
{ "type": "Feature", "properties": { "from_node": 364, "to_node": 426, "length_km": 522.80601683926056, "delaunay_k": 5, "edge_set": "Delaunay5" }, "geometry": { "type": "LineString", "coordinates": [ [ 15.450897, 64.54962 ], [ 18.864899, 69.038124 ] ] } },
{ "type": "Feature", "properties": { "from_node": 364, "to_node": 428, "length_km": 566.3721046884134, "delaunay_k": 5, "edge_set": "Delaunay5" }, "geometry": { "type": "LineString", "coordinates": [ [ 15.450897, 64.54962 ], [ 20.376892, 69.243986 ] ] } },
{ "type": "Feature", "properties": { "from_node": 364, "to_node": 432, "length_km": 588.2673810252661, "delaunay_k": 5, "edge_set": "Delaunay5" }, "geometry": { "type": "LineString", "coordinates": [ [ 15.450897, 64.54962 ], [ 19.158783, 69.620772 ] ] } },
{ "type": "Feature", "properties": { "from_node": 365, "to_node": 428, "length_km": 596.14829909119499, "delaunay_k": 5, "edge_set": "Delaunay5" }, "geometry": { "type": "LineString", "coordinates": [ [ 26.843719, 64.556111 ], [ 20.376892, 69.243986 ] ] } },
{ "type": "Feature", "properties": { "from_node": 365, "to_node": 429, "length_km": 601.53070052697478, "delaunay_k": 5, "edge_set": "Delaunay5" }, "geometry": { "type": "LineString", "coordinates": [ [ 26.843719, 64.556111 ], [ 21.041565, 69.431516 ] ] } },
{ "type": "Feature", "properties": { "from_node": 365, "to_node": 430, "length_km": 560.80560705794278, "delaunay_k": 5, "edge_set": "Delaunay5" }, "geometry": { "type": "LineString", "coordinates": [ [ 26.843719, 64.556111 ], [ 29.549103, 69.440681 ] ] } },
{ "type": "Feature", "properties": { "from_node": 365, "to_node": 433, "length_km": 587.439683770903, "delaunay_k": 5, "edge_set": "Delaunay5" }, "geometry": { "type": "LineString", "coordinates": [ [ 26.843719, 64.556111 ], [ 23.990021, 69.68142 ] ] } },
{ "type": "Feature", "properties": { "from_node": 365, "to_node": 436, "length_km": 590.3311128673073, "delaunay_k": 5, "edge_set": "Delaunay5" }, "geometry": { "type": "LineString", "coordinates": [ [ 26.843719, 64.556111 ], [ 27.239227, 69.817839 ] ] } },
{ "type": "Feature", "properties": { "from_node": 366, "to_node": 432, "length_km": 604.96485959360348, "delaunay_k": 5, "edge_set": "Delaunay5" }, "geometry": { "type": "LineString", "coordinates": [ [ 14.06662, 64.570857 ], [ 19.158783, 69.620772 ] ] } },
{ "type": "Feature", "properties": { "from_node": 367, "to_node": 413, "length_km": 523.72537605029731, "delaunay_k": 5, "edge_set": "Delaunay5" }, "geometry": { "type": "LineString", "coordinates": [ [ 28.45047, 64.58147 ], [ 18.639679, 66.970387 ] ] } },
{ "type": "Feature", "properties": { "from_node": 367, "to_node": 417, "length_km": 561.96035077436363, "delaunay_k": 5, "edge_set": "Delaunay5" }, "geometry": { "type": "LineString", "coordinates": [ [ 28.45047, 64.58147 ], [ 18.366394, 67.492803 ] ] } },
{ "type": "Feature", "properties": { "from_node": 367, "to_node": 426, "length_km": 652.78258068048819, "delaunay_k": 5, "edge_set": "Delaunay5" }, "geometry": { "type": "LineString", "coordinates": [ [ 28.45047, 64.58147 ], [ 18.864899, 69.038124 ] ] } },
{ "type": "Feature", "properties": { "from_node": 367, "to_node": 427, "length_km": 653.98154693445315, "delaunay_k": 5, "edge_set": "Delaunay5" }, "geometry": { "type": "LineString", "coordinates": [ [ 28.45047, 64.58147 ], [ 19.24942, 69.183065 ] ] } },
{ "type": "Feature", "properties": { "from_node": 367, "to_node": 431, "length_km": 671.54910091467025, "delaunay_k": 5, "edge_set": "Delaunay5" }, "geometry": { "type": "LineString", "coordinates": [ [ 28.45047, 64.58147 ], [ 19.820709, 69.558512 ] ] } },
{ "type": "Feature", "properties": { "from_node": 367, "to_node": 434, "length_km": 577.54576113641099, "delaunay_k": 5, "edge_set": "Delaunay5" }, "geometry": { "type": "LineString", "coordinates": [ [ 28.45047, 64.58147 ], [ 30.120392, 69.682374 ] ] } },
{ "type": "Feature", "properties": { "from_node": 367, "to_node": 435, "length_km": 636.66539278065363, "delaunay_k": 5, "edge_set": "Delaunay5" }, "geometry": { "type": "LineString", "coordinates": [ [ 28.45047, 64.58147 ], [ 22.138824, 69.713346 ] ] } },
{ "type": "Feature", "properties": { "from_node": 367, "to_node": 437, "length_km": 595.6202475091676, "delaunay_k": 5, "edge_set": "Delaunay5" }, "geometry": { "type": "LineString", "coordinates": [ [ 28.45047, 64.58147 ], [ 27.071686, 69.862801 ] ] } },
{ "type": "Feature", "properties": { "from_node": 367, "to_node": 438, "length_km": 638.17024552106625, "delaunay_k": 5, "edge_set": "Delaunay5" }, "geometry": { "type": "LineString", "coordinates": [ [ 28.45047, 64.58147 ], [ 23.410492, 69.935012 ] ] } },
{ "type": "Feature", "properties": { "from_node": 367, "to_node": 439, "length_km": 619.59591976141826, "delaunay_k": 5, "edge_set": "Delaunay5" }, "geometry": { "type": "LineString", "coordinates": [ [ 28.45047, 64.58147 ], [ 25.157318, 69.959498 ] ] } },
{ "type": "Feature", "properties": { "from_node": 367, "to_node": 440, "length_km": 626.6204834330556, "delaunay_k": 5, "edge_set": "Delaunay5" }, "geometry": { "type": "LineString", "coordinates": [ [ 28.45047, 64.58147 ], [ 28.572693, 70.163212 ] ] } },
{ "type": "Feature", "properties": { "from_node": 368, "to_node": 432, "length_km": 599.38894906351481, "delaunay_k": 5, "edge_set": "Delaunay5" }, "geometry": { "type": "LineString", "coordinates": [ [ 14.250641, 64.596791 ], [ 19.158783, 69.620772 ] ] } },
{ "type": "Feature", "properties": { "from_node": 369, "to_node": 426, "length_km": 536.87135739067014, "delaunay_k": 5, "edge_set": "Delaunay5" }, "geometry": { "type": "LineString", "coordinates": [ [ 13.807068, 64.653876 ], [ 18.864899, 69.038124 ] ] } },
{ "type": "Feature", "properties": { "from_node": 369, "to_node": 427, "length_km": 558.29114991038466, "delaunay_k": 5, "edge_set": "Delaunay5" }, "geometry": { "type": "LineString", "coordinates": [ [ 13.807068, 64.653876 ], [ 19.24942, 69.183065 ] ] } },
{ "type": "Feature", "properties": { "from_node": 369, "to_node": 431, "length_km": 605.88190907122134, "delaunay_k": 5, "edge_set": "Delaunay5" }, "geometry": { "type": "LineString", "coordinates": [ [ 13.807068, 64.653876 ], [ 19.820709, 69.558512 ] ] } },
{ "type": "Feature", "properties": { "from_node": 369, "to_node": 435, "length_km": 669.05727950480173, "delaunay_k": 5, "edge_set": "Delaunay5" }, "geometry": { "type": "LineString", "coordinates": [ [ 13.807068, 64.653876 ], [ 22.138824, 69.713346 ] ] } },
{ "type": "Feature", "properties": { "from_node": 369, "to_node": 442, "length_km": 785.0104585131179, "delaunay_k": 5, "edge_set": "Delaunay5" }, "geometry": { "type": "LineString", "coordinates": [ [ 13.807068, 64.653876 ], [ 24.613495, 70.363091 ] ] } },
{ "type": "Feature", "properties": { "from_node": 370, "to_node": 418, "length_km": 524.82187205935156, "delaunay_k": 5, "edge_set": "Delaunay5" }, "geometry": { "type": "LineString", "coordinates": [ [ 15.761261, 64.700279 ], [ 25.085907, 67.498059 ] ] } },
{ "type": "Feature", "properties": { "from_node": 370, "to_node": 426, "length_km": 502.79244624497164, "delaunay_k": 5, "edge_set": "Delaunay5" }, "geometry": { "type": "LineString", "coordinates": [ [ 15.761261, 64.700279 ], [ 18.864899, 69.038124 ] ] } },
{ "type": "Feature", "properties": { "from_node": 370, "to_node": 428, "length_km": 545.5324131935929, "delaunay_k": 5, "edge_set": "Delaunay5" }, "geometry": { "type": "LineString", "coordinates": [ [ 15.761261, 64.700279 ], [ 20.376892, 69.243986 ] ] } },
{ "type": "Feature", "properties": { "from_node": 370, "to_node": 432, "length_km": 568.41447382309309, "delaunay_k": 5, "edge_set": "Delaunay5" }, "geometry": { "type": "LineString", "coordinates": [ [ 15.761261, 64.700279 ], [ 19.158783, 69.620772 ] ] } },
{ "type": "Feature", "properties": { "from_node": 371, "to_node": 428, "length_km": 572.55809818038699, "delaunay_k": 5, "edge_set": "Delaunay5" }, "geometry": { "type": "LineString", "coordinates": [ [ 26.455078, 64.709668 ], [ 20.376892, 69.243986 ] ] } },
{ "type": "Feature", "properties": { "from_node": 371, "to_node": 429, "length_km": 578.51346261267054, "delaunay_k": 5, "edge_set": "Delaunay5" }, "geometry": { "type": "LineString", "coordinates": [ [ 26.455078, 64.709668 ], [ 21.041565, 69.431516 ] ] } },
{ "type": "Feature", "properties": { "from_node": 371, "to_node": 433, "length_km": 567.06665405870694, "delaunay_k": 5, "edge_set": "Delaunay5" }, "geometry": { "type": "LineString", "coordinates": [ [ 26.455078, 64.709668 ], [ 23.990021, 69.68142 ] ] } },
{ "type": "Feature", "properties": { "from_node": 372, "to_node": 403, "length_km": 473.79323127311528, "delaunay_k": 5, "edge_set": "Delaunay5" }, "geometry": { "type": "LineString", "coordinates": [ [ 15.923309, 64.710254 ], [ 25.415497, 66.285642 ] ] } },
{ "type": "Feature", "properties": { "from_node": 372, "to_node": 406, "length_km": 491.11080784955101, "delaunay_k": 5, "edge_set": "Delaunay5" }, "geometry": { "type": "LineString", "coordinates": [ [ 15.923309, 64.710254 ], [ 25.717621, 66.413451 ] ] } },
{ "type": "Feature", "properties": { "from_node": 372, "to_node": 419, "length_km": 560.9929332021776, "delaunay_k": 5, "edge_set": "Delaunay5" }, "geometry": { "type": "LineString", "coordinates": [ [ 15.923309, 64.710254 ], [ 26.098022, 67.596139 ] ] } },
{ "type": "Feature", "properties": { "from_node": 372, "to_node": 425, "length_km": 679.76221021216134, "delaunay_k": 5, "edge_set": "Delaunay5" }, "geometry": { "type": "LineString", "coordinates": [ [ 15.923309, 64.710254 ], [ 27.674561, 68.645556 ] ] } },
{ "type": "Feature", "properties": { "from_node": 372, "to_node": 426, "length_km": 499.85839187132183, "delaunay_k": 5, "edge_set": "Delaunay5" }, "geometry": { "type": "LineString", "coordinates": [ [ 15.923309, 64.710254 ], [ 18.864899, 69.038124 ] ] } },
{ "type": "Feature", "properties": { "from_node": 372, "to_node": 428, "length_km": 541.93907474097819, "delaunay_k": 5, "edge_set": "Delaunay5" }, "geometry": { "type": "LineString", "coordinates": [ [ 15.923309, 64.710254 ], [ 20.376892, 69.243986 ] ] } },
{ "type": "Feature", "properties": { "from_node": 372, "to_node": 429, "length_km": 571.83833098030664, "delaunay_k": 5, "edge_set": "Delaunay5" }, "geometry": { "type": "LineString", "coordinates": [ [ 15.923309, 64.710254 ], [ 21.041565, 69.431516 ] ] } },
{ "type": "Feature", "properties": { "from_node": 372, "to_node": 432, "length_km": 565.5817815898622, "delaunay_k": 5, "edge_set": "Delaunay5" }, "geometry": { "type": "LineString", "coordinates": [ [ 15.923309, 64.710254 ], [ 19.158783, 69.620772 ] ] } },
{ "type": "Feature", "properties": { "from_node": 372, "to_node": 433, "length_km": 655.00384920215981, "delaunay_k": 5, "edge_set": "Delaunay5" }, "geometry": { "type": "LineString", "coordinates": [ [ 15.923309, 64.710254 ], [ 23.990021, 69.68142 ] ] } },
{ "type": "Feature", "properties": { "from_node": 373, "to_node": 428, "length_km": 603.48272799026097, "delaunay_k": 5, "edge_set": "Delaunay5" }, "geometry": { "type": "LineString", "coordinates": [ [ 12.800446, 64.712014 ], [ 20.376892, 69.243986 ] ] } },
{ "type": "Feature", "properties": { "from_node": 373, "to_node": 429, "length_km": 636.07828251576029, "delaunay_k": 5, "edge_set": "Delaunay5" }, "geometry": { "type": "LineString", "coordinates": [ [ 12.800446, 64.712014 ], [ 21.041565, 69.431516 ] ] } },
{ "type": "Feature", "properties": { "from_node": 373, "to_node": 433, "length_km": 734.50595778746515, "delaunay_k": 5, "edge_set": "Delaunay5" }, "geometry": { "type": "LineString", "coordinates": [ [ 12.800446, 64.712014 ], [ 23.990021, 69.68142 ] ] } },
{ "type": "Feature", "properties": { "from_node": 373, "to_node": 438, "length_km": 738.79907181519536, "delaunay_k": 5, "edge_set": "Delaunay5" }, "geometry": { "type": "LineString", "coordinates": [ [ 12.800446, 64.712014 ], [ 23.410492, 69.935012 ] ] } },
{ "type": "Feature", "properties": { "from_node": 373, "to_node": 439, "length_km": 788.76773032540166, "delaunay_k": 5, "edge_set": "Delaunay5" }, "geometry": { "type": "LineString", "coordinates": [ [ 12.800446, 64.712014 ], [ 25.157318, 69.959498 ] ] } },
{ "type": "Feature", "properties": { "from_node": 373, "to_node": 441, "length_km": 852.75234408380197, "delaunay_k": 5, "edge_set": "Delaunay5" }, "geometry": { "type": "LineString", "coordinates": [ [ 12.800446, 64.712014 ], [ 26.545715, 70.286801 ] ] } },
{ "type": "Feature", "properties": { "from_node": 374, "to_node": 393, "length_km": 494.5623654567666, "delaunay_k": 5, "edge_set": "Delaunay5" }, "geometry": { "type": "LineString", "coordinates": [ [ 14.146271, 64.71612 ], [ 24.411621, 65.781941 ] ] } },
{ "type": "Feature", "properties": { "from_node": 374, "to_node": 397, "length_km": 505.42054969250836, "delaunay_k": 5, "edge_set": "Delaunay5" }, "geometry": { "type": "LineString", "coordinates": [ [ 14.146271, 64.71612 ], [ 24.612122, 65.877531 ] ] } },
{ "type": "Feature", "properties": { "from_node": 374, "to_node": 399, "length_km": 520.40896471192752, "delaunay_k": 5, "edge_set": "Delaunay5" }, "geometry": { "type": "LineString", "coordinates": [ [ 14.146271, 64.71612 ], [ 24.892273, 65.995123 ] ] } },
{ "type": "Feature", "properties": { "from_node": 374, "to_node": 400, "length_km": 531.58216916759216, "delaunay_k": 5, "edge_set": "Delaunay5" }, "geometry": { "type": "LineString", "coordinates": [ [ 14.146271, 64.71612 ], [ 25.069427, 66.140521 ] ] } },
{ "type": "Feature", "properties": { "from_node": 374, "to_node": 418, "length_km": 583.69982814453306, "delaunay_k": 5, "edge_set": "Delaunay5" }, "geometry": { "type": "LineString", "coordinates": [ [ 14.146271, 64.71612 ], [ 25.085907, 67.498059 ] ] } },
{ "type": "Feature", "properties": { "from_node": 374, "to_node": 426, "length_km": 524.47139804190795, "delaunay_k": 5, "edge_set": "Delaunay5" }, "geometry": { "type": "LineString", "coordinates": [ [ 14.146271, 64.71612 ], [ 18.864899, 69.038124 ] ] } },
{ "type": "Feature", "properties": { "from_node": 374, "to_node": 427, "length_km": 545.74367984755656, "delaunay_k": 5, "edge_set": "Delaunay5" }, "geometry": { "type": "LineString", "coordinates": [ [ 14.146271, 64.71612 ], [ 19.24942, 69.183065 ] ] } },
{ "type": "Feature", "properties": { "from_node": 374, "to_node": 428, "length_km": 573.36482230047829, "delaunay_k": 5, "edge_set": "Delaunay5" }, "geometry": { "type": "LineString", "coordinates": [ [ 14.146271, 64.71612 ], [ 20.376892, 69.243986 ] ] } },
{ "type": "Feature", "properties": { "from_node": 374, "to_node": 431, "length_km": 593.32221697998648, "delaunay_k": 5, "edge_set": "Delaunay5" }, "geometry": { "type": "LineString", "coordinates": [ [ 14.146271, 64.71612 ], [ 19.820709, 69.558512 ] ] } },
{ "type": "Feature", "properties": { "from_node": 374, "to_node": 435, "length_km": 655.25198071160378, "delaunay_k": 5, "edge_set": "Delaunay5" }, "geometry": { "type": "LineString", "coordinates": [ [ 14.146271, 64.71612 ], [ 22.138824, 69.713346 ] ] } },
{ "type": "Feature", "properties": { "from_node": 374, "to_node": 442, "length_km": 770.77833292757032, "delaunay_k": 5, "edge_set": "Delaunay5" }, "geometry": { "type": "LineString", "coordinates": [ [ 14.146271, 64.71612 ], [ 24.613495, 70.363091 ] ] } },
{ "type": "Feature", "properties": { "from_node": 375, "to_node": 417, "length_km": 479.03007002969417, "delaunay_k": 5, "edge_set": "Delaunay5" }, "geometry": { "type": "LineString", "coordinates": [ [ 26.51825, 64.759489 ], [ 18.366394, 67.492803 ] ] } },
{ "type": "Feature", "properties": { "from_node": 375, "to_node": 426, "length_km": 584.19385976557032, "delaunay_k": 5, "edge_set": "Delaunay5" }, "geometry": { "type": "LineString", "coordinates": [ [ 26.51825, 64.759489 ], [ 18.864899, 69.038124 ] ] } },
{ "type": "Feature", "properties": { "from_node": 375, "to_node": 427, "length_km": 587.79373530845692, "delaunay_k": 5, "edge_set": "Delaunay5" }, "geometry": { "type": "LineString", "coordinates": [ [ 26.51825, 64.759489 ], [ 19.24942, 69.183065 ] ] } },
{ "type": "Feature", "properties": { "from_node": 375, "to_node": 430, "length_km": 541.59280161775598, "delaunay_k": 5, "edge_set": "Delaunay5" }, "geometry": { "type": "LineString", "coordinates": [ [ 26.51825, 64.759489 ], [ 29.549103, 69.440681 ] ] } },
{ "type": "Feature", "properties": { "from_node": 375, "to_node": 431, "length_km": 610.19054279425313, "delaunay_k": 5, "edge_set": "Delaunay5" }, "geometry": { "type": "LineString", "coordinates": [ [ 26.51825, 64.759489 ], [ 19.820709, 69.558512 ] ] } },
{ "type": "Feature", "properties": { "from_node": 375, "to_node": 435, "length_km": 585.97266220827953, "delaunay_k": 5, "edge_set": "Delaunay5" }, "geometry": { "type": "LineString", "coordinates": [ [ 26.51825, 64.759489 ], [ 22.138824, 69.713346 ] ] } },
{ "type": "Feature", "properties": { "from_node": 375, "to_node": 436, "length_km": 568.0336471202537, "delaunay_k": 5, "edge_set": "Delaunay5" }, "geometry": { "type": "LineString", "coordinates": [ [ 26.51825, 64.759489 ], [ 27.239227, 69.817839 ] ] } },
{ "type": "Feature", "properties": { "from_node": 375, "to_node": 438, "length_km": 594.84808354079939, "delaunay_k": 5, "edge_set": "Delaunay5" }, "geometry": { "type": "LineString", "coordinates": [ [ 26.51825, 64.759489 ], [ 23.410492, 69.935012 ] ] } },
{ "type": "Feature", "properties": { "from_node": 375, "to_node": 439, "length_km": 585.63272392634519, "delaunay_k": 5, "edge_set": "Delaunay5" }, "geometry": { "type": "LineString", "coordinates": [ [ 26.51825, 64.759489 ], [ 25.157318, 69.959498 ] ] } },
{ "type": "Feature", "properties": { "from_node": 376, "to_node": 428, "length_km": 558.78449780937547, "delaunay_k": 5, "edge_set": "Delaunay5" }, "geometry": { "type": "LineString", "coordinates": [ [ 26.115875, 64.778222 ], [ 20.376892, 69.243986 ] ] } },
{ "type": "Feature", "properties": { "from_node": 376, "to_node": 429, "length_km": 565.43290747642959, "delaunay_k": 5, "edge_set": "Delaunay5" }, "geometry": { "type": "LineString", "coordinates": [ [ 26.115875, 64.778222 ], [ 21.041565, 69.431516 ] ] } },
{ "type": "Feature", "properties": { "from_node": 376, "to_node": 433, "length_km": 556.82768399236556, "delaunay_k": 5, "edge_set": "Delaunay5" }, "geometry": { "type": "LineString", "coordinates": [ [ 26.115875, 64.778222 ], [ 23.990021, 69.68142 ] ] } },
{ "type": "Feature", "properties": { "from_node": 377, "to_node": 398, "length_km": 476.92768410429755, "delaunay_k": 5, "edge_set": "Delaunay5" }, "geometry": { "type": "LineString", "coordinates": [ [ 13.099823, 64.914228 ], [ 23.072662, 65.938074 ] ] } },
{ "type": "Feature", "properties": { "from_node": 377, "to_node": 418, "length_km": 611.5124784294353, "delaunay_k": 5, "edge_set": "Delaunay5" }, "geometry": { "type": "LineString", "coordinates": [ [ 13.099823, 64.914228 ], [ 25.085907, 67.498059 ] ] } },
{ "type": "Feature", "properties": { "from_node": 377, "to_node": 426, "length_km": 524.04566409127779, "delaunay_k": 5, "edge_set": "Delaunay5" }, "geometry": { "type": "LineString", "coordinates": [ [ 13.099823, 64.914228 ], [ 18.864899, 69.038124 ] ] } },
{ "type": "Feature", "properties": { "from_node": 377, "to_node": 427, "length_km": 545.88450785174621, "delaunay_k": 5, "edge_set": "Delaunay5" }, "geometry": { "type": "LineString", "coordinates": [ [ 13.099823, 64.914228 ], [ 19.24942, 69.183065 ] ] } },
{ "type": "Feature", "properties": { "from_node": 377, "to_node": 428, "length_km": 576.84958507369993, "delaunay_k": 5, "edge_set": "Delaunay5" }, "geometry": { "type": "LineString", "coordinates": [ [ 13.099823, 64.914228 ], [ 20.376892, 69.243986 ] ] } },
{ "type": "Feature", "properties": { "from_node": 377, "to_node": 431, "length_km": 593.34877411237676, "delaunay_k": 5, "edge_set": "Delaunay5" }, "geometry": { "type": "LineString", "coordinates": [ [ 13.099823, 64.914228 ], [ 19.820709, 69.558512 ] ] } },
{ "type": "Feature", "properties": { "from_node": 377, "to_node": 435, "length_km": 660.93698771761581, "delaunay_k": 5, "edge_set": "Delaunay5" }, "geometry": { "type": "LineString", "coordinates": [ [ 13.099823, 64.914228 ], [ 22.138824, 69.713346 ] ] } },
{ "type": "Feature", "properties": { "from_node": 377, "to_node": 442, "length_km": 778.36793520622689, "delaunay_k": 5, "edge_set": "Delaunay5" }, "geometry": { "type": "LineString", "coordinates": [ [ 13.099823, 64.914228 ], [ 24.613495, 70.363091 ] ] } },
{ "type": "Feature", "properties": { "from_node": 378, "to_node": 426, "length_km": 553.04780161332519, "delaunay_k": 5, "edge_set": "Delaunay5" }, "geometry": { "type": "LineString", "coordinates": [ [ 26.05957, 64.965416 ], [ 18.864899, 69.038124 ] ] } },
{ "type": "Feature", "properties": { "from_node": 378, "to_node": 427, "length_km": 556.9214130295278, "delaunay_k": 5, "edge_set": "Delaunay5" }, "geometry": { "type": "LineString", "coordinates": [ [ 26.05957, 64.965416 ], [ 19.24942, 69.183065 ] ] } },
{ "type": "Feature", "properties": { "from_node": 378, "to_node": 430, "length_km": 524.34347511642318, "delaunay_k": 5, "edge_set": "Delaunay5" }, "geometry": { "type": "LineString", "coordinates": [ [ 26.05957, 64.965416 ], [ 29.549103, 69.440681 ] ] } },
{ "type": "Feature", "properties": { "from_node": 378, "to_node": 431, "length_km": 579.94915154361831, "delaunay_k": 5, "edge_set": "Delaunay5" }, "geometry": { "type": "LineString", "coordinates": [ [ 26.05957, 64.965416 ], [ 19.820709, 69.558512 ] ] } },
{ "type": "Feature", "properties": { "from_node": 378, "to_node": 435, "length_km": 557.58525510163713, "delaunay_k": 5, "edge_set": "Delaunay5" }, "geometry": { "type": "LineString", "coordinates": [ [ 26.05957, 64.965416 ], [ 22.138824, 69.713346 ] ] } },
{ "type": "Feature", "properties": { "from_node": 378, "to_node": 436, "length_km": 546.33075591557679, "delaunay_k": 5, "edge_set": "Delaunay5" }, "geometry": { "type": "LineString", "coordinates": [ [ 26.05957, 64.965416 ], [ 27.239227, 69.817839 ] ] } },
{ "type": "Feature", "properties": { "from_node": 378, "to_node": 438, "length_km": 567.93433288383915, "delaunay_k": 5, "edge_set": "Delaunay5" }, "geometry": { "type": "LineString", "coordinates": [ [ 26.05957, 64.965416 ], [ 23.410492, 69.935012 ] ] } },
{ "type": "Feature", "properties": { "from_node": 378, "to_node": 439, "length_km": 560.85438291789512, "delaunay_k": 5, "edge_set": "Delaunay5" }, "geometry": { "type": "LineString", "coordinates": [ [ 26.05957, 64.965416 ], [ 25.157318, 69.959498 ] ] } },
{ "type": "Feature", "properties": { "from_node": 379, "to_node": 406, "length_km": 484.71245498652644, "delaunay_k": 5, "edge_set": "Delaunay5" }, "geometry": { "type": "LineString", "coordinates": [ [ 15.783234, 64.967159 ], [ 25.717621, 66.413451 ] ] } },
{ "type": "Feature", "properties": { "from_node": 379, "to_node": 419, "length_km": 548.40686629460242, "delaunay_k": 5, "edge_set": "Delaunay5" }, "geometry": { "type": "LineString", "coordinates": [ [ 15.783234, 64.967159 ], [ 26.098022, 67.596139 ] ] } },
{ "type": "Feature", "properties": { "from_node": 379, "to_node": 425, "length_km": 664.36498454277796, "delaunay_k": 5, "edge_set": "Delaunay5" }, "geometry": { "type": "LineString", "coordinates": [ [ 15.783234, 64.967159 ], [ 27.674561, 68.645556 ] ] } },
{ "type": "Feature", "properties": { "from_node": 379, "to_node": 427, "length_km": 493.97317634505146, "delaunay_k": 5, "edge_set": "Delaunay5" }, "geometry": { "type": "LineString", "coordinates": [ [ 15.783234, 64.967159 ], [ 19.24942, 69.183065 ] ] } },
{ "type": "Feature", "properties": { "from_node": 379, "to_node": 429, "length_km": 547.53998148930305, "delaunay_k": 5, "edge_set": "Delaunay5" }, "geometry": { "type": "LineString", "coordinates": [ [ 15.783234, 64.967159 ], [ 21.041565, 69.431516 ] ] } },
{ "type": "Feature", "properties": { "from_node": 379, "to_node": 431, "length_km": 541.09112431287156, "delaunay_k": 5, "edge_set": "Delaunay5" }, "geometry": { "type": "LineString", "coordinates": [ [ 15.783234, 64.967159 ], [ 19.820709, 69.558512 ] ] } },
{ "type": "Feature", "properties": { "from_node": 379, "to_node": 433, "length_km": 633.23389963929765, "delaunay_k": 5, "edge_set": "Delaunay5" }, "geometry": { "type": "LineString", "coordinates": [ [ 15.783234, 64.967159 ], [ 23.990021, 69.68142 ] ] } },
{ "type": "Feature", "properties": { "from_node": 379, "to_node": 435, "length_km": 595.77897351736817, "delaunay_k": 5, "edge_set": "Delaunay5" }, "geometry": { "type": "LineString", "coordinates": [ [ 15.783234, 64.967159 ], [ 22.138824, 69.713346 ] ] } },
{ "type": "Feature", "properties": { "from_node": 379, "to_node": 442, "length_km": 708.48930149464684, "delaunay_k": 5, "edge_set": "Delaunay5" }, "geometry": { "type": "LineString", "coordinates": [ [ 15.783234, 64.967159 ], [ 24.613495, 70.363091 ] ] } },
{ "type": "Feature", "properties": { "from_node": 380, "to_node": 426, "length_km": 546.26350126694695, "delaunay_k": 5, "edge_set": "Delaunay5" }, "geometry": { "type": "LineString", "coordinates": [ [ 25.808258, 64.971807 ], [ 18.864899, 69.038124 ] ] } },
{ "type": "Feature", "properties": { "from_node": 380, "to_node": 427, "length_km": 550.5336549717407, "delaunay_k": 5, "edge_set": "Delaunay5" }, "geometry": { "type": "LineString", "coordinates": [ [ 25.808258, 64.971807 ], [ 19.24942, 69.183065 ] ] } },
{ "type": "Feature", "properties": { "from_node": 380, "to_node": 430, "length_km": 526.84202899932598, "delaunay_k": 5, "edge_set": "Delaunay5" }, "geometry": { "type": "LineString", "coordinates": [ [ 25.808258, 64.971807 ], [ 29.549103, 69.440681 ] ] } },
{ "type": "Feature", "properties": { "from_node": 380, "to_node": 431, "length_km": 574.31917843826159, "delaunay_k": 5, "edge_set": "Delaunay5" }, "geometry": { "type": "LineString", "coordinates": [ [ 25.808258, 64.971807 ], [ 19.820709, 69.558512 ] ] } },
{ "type": "Feature", "properties": { "from_node": 380, "to_node": 435, "length_km": 553.68416753643476, "delaunay_k": 5, "edge_set": "Delaunay5" }, "geometry": { "type": "LineString", "coordinates": [ [ 25.808258, 64.971807 ], [ 22.138824, 69.713346 ] ] } },
{ "type": "Feature", "properties": { "from_node": 380, "to_node": 436, "length_km": 546.6703958903372, "delaunay_k": 5, "edge_set": "Delaunay5" }, "geometry": { "type": "LineString", "coordinates": [ [ 25.808258, 64.971807 ], [ 27.239227, 69.817839 ] ] } },
{ "type": "Feature", "properties": { "from_node": 380, "to_node": 438, "length_km": 565.13602643200988, "delaunay_k": 5, "edge_set": "Delaunay5" }, "geometry": { "type": "LineString", "coordinates": [ [ 25.808258, 64.971807 ], [ 23.410492, 69.935012 ] ] } },
{ "type": "Feature", "properties": { "from_node": 380, "to_node": 439, "length_km": 559.45262338344651, "delaunay_k": 5, "edge_set": "Delaunay5" }, "geometry": { "type": "LineString", "coordinates": [ [ 25.808258, 64.971807 ], [ 25.157318, 69.959498 ] ] } },
{ "type": "Feature", "properties": { "from_node": 381, "to_node": 419, "length_km": 481.74816040659874, "delaunay_k": 5, "edge_set": "Delaunay5" }, "geometry": { "type": "LineString", "coordinates": [ [ 17.541046, 64.996778 ], [ 26.098022, 67.596139 ] ] } },
{ "type": "Feature", "properties": { "from_node": 381, "to_node": 425, "length_km": 603.61816410256006, "delaunay_k": 5, "edge_set": "Delaunay5" }, "geometry": { "type": "LineString", "coordinates": [ [ 17.541046, 64.996778 ], [ 27.674561, 68.645556 ] ] } },
{ "type": "Feature", "properties": { "from_node": 381, "to_node": 428, "length_km": 489.90501125211227, "delaunay_k": 5, "edge_set": "Delaunay5" }, "geometry": { "type": "LineString", "coordinates": [ [ 17.541046, 64.996778 ], [ 20.376892, 69.243986 ] ] } },
{ "type": "Feature", "properties": { "from_node": 381, "to_node": 429, "length_km": 517.74201598306115, "delaunay_k": 5, "edge_set": "Delaunay5" }, "geometry": { "type": "LineString", "coordinates": [ [ 17.541046, 64.996778 ], [ 21.041565, 69.431516 ] ] } },
{ "type": "Feature", "properties": { "from_node": 381, "to_node": 433, "length_km": 591.9415421928079, "delaunay_k": 5, "edge_set": "Delaunay5" }, "geometry": { "type": "LineString", "coordinates": [ [ 17.541046, 64.996778 ], [ 23.990021, 69.68142 ] ] } },
{ "type": "Feature", "properties": { "from_node": 382, "to_node": 430, "length_km": 650.03667303433247, "delaunay_k": 5, "edge_set": "Delaunay5" }, "geometry": { "type": "LineString", "coordinates": [ [ 19.736938, 65.032742 ], [ 29.549103, 69.440681 ] ] } },
{ "type": "Feature", "properties": { "from_node": 382, "to_node": 431, "length_km": 505.57443685090141, "delaunay_k": 5, "edge_set": "Delaunay5" }, "geometry": { "type": "LineString", "coordinates": [ [ 19.736938, 65.032742 ], [ 19.820709, 69.558512 ] ] } },
{ "type": "Feature", "properties": { "from_node": 382, "to_node": 432, "length_km": 513.06090593808688, "delaunay_k": 5, "edge_set": "Delaunay5" }, "geometry": { "type": "LineString", "coordinates": [ [ 19.736938, 65.032742 ], [ 19.158783, 69.620772 ] ] } },
{ "type": "Feature", "properties": { "from_node": 382, "to_node": 435, "length_km": 533.08675524458067, "delaunay_k": 5, "edge_set": "Delaunay5" }, "geometry": { "type": "LineString", "coordinates": [ [ 19.736938, 65.032742 ], [ 22.138824, 69.713346 ] ] } },
{ "type": "Feature", "properties": { "from_node": 382, "to_node": 436, "length_km": 624.00488145022496, "delaunay_k": 5, "edge_set": "Delaunay5" }, "geometry": { "type": "LineString", "coordinates": [ [ 19.736938, 65.032742 ], [ 27.239227, 69.817839 ] ] } },
{ "type": "Feature", "properties": { "from_node": 382, "to_node": 438, "length_km": 569.88421433748579, "delaunay_k": 5, "edge_set": "Delaunay5" }, "geometry": { "type": "LineString", "coordinates": [ [ 19.736938, 65.032742 ], [ 23.410492, 69.935012 ] ] } },
{ "type": "Feature", "properties": { "from_node": 382, "to_node": 439, "length_km": 597.31464768056833, "delaunay_k": 5, "edge_set": "Delaunay5" }, "geometry": { "type": "LineString", "coordinates": [ [ 19.736938, 65.032742 ], [ 25.157318, 69.959498 ] ] } },
{ "type": "Feature", "properties": { "from_node": 383, "to_node": 398, "length_km": 483.3441839945225, "delaunay_k": 5, "edge_set": "Delaunay5" }, "geometry": { "type": "LineString", "coordinates": [ [ 12.7565, 65.20262 ], [ 23.072662, 65.938074 ] ] } },
{ "type": "Feature", "properties": { "from_node": 383, "to_node": 418, "length_km": 608.1634324259237, "delaunay_k": 5, "edge_set": "Delaunay5" }, "geometry": { "type": "LineString", "coordinates": [ [ 12.7565, 65.20262 ], [ 25.085907, 67.498059 ] ] } },
{ "type": "Feature", "properties": { "from_node": 383, "to_node": 428, "length_km": 557.73395949139046, "delaunay_k": 5, "edge_set": "Delaunay5" }, "geometry": { "type": "LineString", "coordinates": [ [ 12.7565, 65.20262 ], [ 20.376892, 69.243986 ] ] } },
{ "type": "Feature", "properties": { "from_node": 383, "to_node": 429, "length_km": 590.69598645871929, "delaunay_k": 5, "edge_set": "Delaunay5" }, "geometry": { "type": "LineString", "coordinates": [ [ 12.7565, 65.20262 ], [ 21.041565, 69.431516 ] ] } },
{ "type": "Feature", "properties": { "from_node": 383, "to_node": 433, "length_km": 692.27830185447431, "delaunay_k": 5, "edge_set": "Delaunay5" }, "geometry": { "type": "LineString", "coordinates": [ [ 12.7565, 65.20262 ], [ 23.990021, 69.68142 ] ] } },
{ "type": "Feature", "properties": { "from_node": 383, "to_node": 438, "length_km": 694.87206913157866, "delaunay_k": 5, "edge_set": "Delaunay5" }, "geometry": { "type": "LineString", "coordinates": [ [ 12.7565, 65.20262 ], [ 23.410492, 69.935012 ] ] } },
{ "type": "Feature", "properties": { "from_node": 383, "to_node": 439, "length_km": 746.83965271706188, "delaunay_k": 5, "edge_set": "Delaunay5" }, "geometry": { "type": "LineString", "coordinates": [ [ 12.7565, 65.20262 ], [ 25.157318, 69.959498 ] ] } },
{ "type": "Feature", "properties": { "from_node": 383, "to_node": 441, "length_km": 811.0651633386052, "delaunay_k": 5, "edge_set": "Delaunay5" }, "geometry": { "type": "LineString", "coordinates": [ [ 12.7565, 65.20262 ], [ 26.545715, 70.286801 ] ] } },
{ "type": "Feature", "properties": { "from_node": 384, "to_node": 404, "length_km": 474.48581661402056, "delaunay_k": 5, "edge_set": "Delaunay5" }, "geometry": { "type": "LineString", "coordinates": [ [ 17.049408, 65.221045 ], [ 27.030487, 66.33089 ] ] } },
{ "type": "Feature", "properties": { "from_node": 384, "to_node": 415, "length_km": 517.38566878986353, "delaunay_k": 5, "edge_set": "Delaunay5" }, "geometry": { "type": "LineString", "coordinates": [ [ 17.049408, 65.221045 ], [ 27.387543, 67.23753 ] ] } },
{ "type": "Feature", "properties": { "from_node": 384, "to_node": 421, "length_km": 511.49799266610557, "delaunay_k": 5, "edge_set": "Delaunay5" }, "geometry": { "type": "LineString", "coordinates": [ [ 17.049408, 65.221045 ], [ 26.820374, 67.602419 ] ] } },
{ "type": "Feature", "properties": { "from_node": 384, "to_node": 430, "length_km": 714.50393118096645, "delaunay_k": 5, "edge_set": "Delaunay5" }, "geometry": { "type": "LineString", "coordinates": [ [ 17.049408, 65.221045 ], [ 29.549103, 69.440681 ] ] } },
{ "type": "Feature", "properties": { "from_node": 384, "to_node": 431, "length_km": 498.579285809417, "delaunay_k": 5, "edge_set": "Delaunay5" }, "geometry": { "type": "LineString", "coordinates": [ [ 17.049408, 65.221045 ], [ 19.820709, 69.558512 ] ] } },
{ "type": "Feature", "properties": { "from_node": 384, "to_node": 432, "length_km": 499.38082881007318, "delaunay_k": 5, "edge_set": "Delaunay5" }, "geometry": { "type": "LineString", "coordinates": [ [ 17.049408, 65.221045 ], [ 19.158783, 69.620772 ] ] } },
{ "type": "Feature", "properties": { "from_node": 384, "to_node": 435, "length_km": 546.65014660730617, "delaunay_k": 5, "edge_set": "Delaunay5" }, "geometry": { "type": "LineString", "coordinates": [ [ 17.049408, 65.221045 ], [ 22.138824, 69.713346 ] ] } },
{ "type": "Feature", "properties": { "from_node": 384, "to_node": 436, "length_km": 672.2810201807099, "delaunay_k": 5, "edge_set": "Delaunay5" }, "geometry": { "type": "LineString", "coordinates": [ [ 17.049408, 65.221045 ], [ 27.239227, 69.817839 ] ] } },
{ "type": "Feature", "properties": { "from_node": 384, "to_node": 438, "length_km": 591.70148380537705, "delaunay_k": 5, "edge_set": "Delaunay5" }, "geometry": { "type": "LineString", "coordinates": [ [ 17.049408, 65.221045 ], [ 23.410492, 69.935012 ] ] } },
{ "type": "Feature", "properties": { "from_node": 384, "to_node": 439, "length_km": 631.28570499053353, "delaunay_k": 5, "edge_set": "Delaunay5" }, "geometry": { "type": "LineString", "coordinates": [ [ 17.049408, 65.221045 ], [ 25.157318, 69.959498 ] ] } },
{ "type": "Feature", "properties": { "from_node": 385, "to_node": 430, "length_km": 589.67169447522167, "delaunay_k": 5, "edge_set": "Delaunay5" }, "geometry": { "type": "LineString", "coordinates": [ [ 21.169281, 65.270498 ], [ 29.549103, 69.440681 ] ] } },
{ "type": "Feature", "properties": { "from_node": 385, "to_node": 431, "length_km": 482.61479772039917, "delaunay_k": 5, "edge_set": "Delaunay5" }, "geometry": { "type": "LineString", "coordinates": [ [ 21.169281, 65.270498 ], [ 19.820709, 69.558512 ] ] } },
{ "type": "Feature", "properties": { "from_node": 385, "to_node": 435, "length_km": 498.38989896200803, "delaunay_k": 5, "edge_set": "Delaunay5" }, "geometry": { "type": "LineString", "coordinates": [ [ 21.169281, 65.270498 ], [ 22.138824, 69.713346 ] ] } },
{ "type": "Feature", "properties": { "from_node": 385, "to_node": 436, "length_km": 570.77114400740459, "delaunay_k": 5, "edge_set": "Delaunay5" }, "geometry": { "type": "LineString", "coordinates": [ [ 21.169281, 65.270498 ], [ 27.239227, 69.817839 ] ] } },
{ "type": "Feature", "properties": { "from_node": 385, "to_node": 438, "length_km": 530.17956424074407, "delaunay_k": 5, "edge_set": "Delaunay5" }, "geometry": { "type": "LineString", "coordinates": [ [ 21.169281, 65.270498 ], [ 23.410492, 69.935012 ] ] } },
{ "type": "Feature", "properties": { "from_node": 385, "to_node": 439, "length_km": 551.11933275711976, "delaunay_k": 5, "edge_set": "Delaunay5" }, "geometry": { "type": "LineString", "coordinates": [ [ 21.169281, 65.270498 ], [ 25.157318, 69.959498 ] ] } },
{ "type": "Feature", "properties": { "from_node": 386, "to_node": 392, "length_km": 499.6502236640452, "delaunay_k": 5, "edge_set": "Delaunay5" }, "geometry": { "type": "LineString", "coordinates": [ [ 25.694275, 65.279688 ], [ 14.965643971847902, 65.721629736713297 ] ] } },
{ "type": "Feature", "properties": { "from_node": 386, "to_node": 416, "length_km": 499.72817248488684, "delaunay_k": 5, "edge_set": "Delaunay5" }, "geometry": { "type": "LineString", "coordinates": [ [ 25.694275, 65.279688 ], [ 15.757141, 67.288485 ] ] } },
{ "type": "Feature", "properties": { "from_node": 386, "to_node": 424, "length_km": 507.29992499921548, "delaunay_k": 5, "edge_set": "Delaunay5" }, "geometry": { "type": "LineString", "coordinates": [ [ 25.694275, 65.279688 ], [ 17.579498, 68.517173 ] ] } },
{ "type": "Feature", "properties": { "from_node": 386, "to_node": 432, "length_km": 560.19533989749391, "delaunay_k": 5, "edge_set": "Delaunay5" }, "geometry": { "type": "LineString", "coordinates": [ [ 25.694275, 65.279688 ], [ 19.158783, 69.620772 ] ] } },
{ "type": "Feature", "properties": { "from_node": 386, "to_node": 434, "length_km": 529.00622809183244, "delaunay_k": 5, "edge_set": "Delaunay5" }, "geometry": { "type": "LineString", "coordinates": [ [ 25.694275, 65.279688 ], [ 30.120392, 69.682374 ] ] } },
{ "type": "Feature", "properties": { "from_node": 386, "to_node": 437, "length_km": 517.0093010970993, "delaunay_k": 5, "edge_set": "Delaunay5" }, "geometry": { "type": "LineString", "coordinates": [ [ 25.694275, 65.279688 ], [ 27.071686, 69.862801 ] ] } },
{ "type": "Feature", "properties": { "from_node": 386, "to_node": 440, "length_km": 560.92172179325928, "delaunay_k": 5, "edge_set": "Delaunay5" }, "geometry": { "type": "LineString", "coordinates": [ [ 25.694275, 65.279688 ], [ 28.572693, 70.163212 ] ] } },
{ "type": "Feature", "properties": { "from_node": 386, "to_node": 441, "length_km": 562.2212545505098, "delaunay_k": 5, "edge_set": "Delaunay5" }, "geometry": { "type": "LineString", "coordinates": [ [ 25.694275, 65.279688 ], [ 26.545715, 70.286801 ] ] } },
{ "type": "Feature", "properties": { "from_node": 386, "to_node": 442, "length_km": 571.14470898400157, "delaunay_k": 5, "edge_set": "Delaunay5" }, "geometry": { "type": "LineString", "coordinates": [ [ 25.694275, 65.279688 ], [ 24.613495, 70.363091 ] ] } },
{ "type": "Feature", "properties": { "from_node": 387, "to_node": 404, "length_km": 479.26884660396217, "delaunay_k": 5, "edge_set": "Delaunay5" }, "geometry": { "type": "LineString", "coordinates": [ [ 16.876373, 65.299207 ], [ 27.030487, 66.33089 ] ] } },
{ "type": "Feature", "properties": { "from_node": 387, "to_node": 415, "length_km": 520.03280692632836, "delaunay_k": 5, "edge_set": "Delaunay5" }, "geometry": { "type": "LineString", "coordinates": [ [ 16.876373, 65.299207 ], [ 27.387543, 67.23753 ] ] } },
{ "type": "Feature", "properties": { "from_node": 387, "to_node": 421, "length_km": 513.07242614469283, "delaunay_k": 5, "edge_set": "Delaunay5" }, "geometry": { "type": "LineString", "coordinates": [ [ 16.876373, 65.299207 ], [ 26.820374, 67.602419 ] ] } },
{ "type": "Feature", "properties": { "from_node": 387, "to_node": 430, "length_km": 713.72405357182402, "delaunay_k": 5, "edge_set": "Delaunay5" }, "geometry": { "type": "LineString", "coordinates": [ [ 16.876373, 65.299207 ], [ 29.549103, 69.440681 ] ] } },
{ "type": "Feature", "properties": { "from_node": 387, "to_node": 435, "length_km": 541.50453008781403, "delaunay_k": 5, "edge_set": "Delaunay5" }, "geometry": { "type": "LineString", "coordinates": [ [ 16.876373, 65.299207 ], [ 22.138824, 69.713346 ] ] } },
{ "type": "Feature", "properties": { "from_node": 387, "to_node": 436, "length_km": 669.96921742764459, "delaunay_k": 5, "edge_set": "Delaunay5" }, "geometry": { "type": "LineString", "coordinates": [ [ 16.876373, 65.299207 ], [ 27.239227, 69.817839 ] ] } },
{ "type": "Feature", "properties": { "from_node": 387, "to_node": 438, "length_km": 587.15237942617716, "delaunay_k": 5, "edge_set": "Delaunay5" }, "geometry": { "type": "LineString", "coordinates": [ [ 16.876373, 65.299207 ], [ 23.410492, 69.935012 ] ] } },
{ "type": "Feature", "properties": { "from_node": 387, "to_node": 439, "length_km": 627.72520157058113, "delaunay_k": 5, "edge_set": "Delaunay5" }, "geometry": { "type": "LineString", "coordinates": [ [ 16.876373, 65.299207 ], [ 25.157318, 69.959498 ] ] } },
{ "type": "Feature", "properties": { "from_node": 387, "to_node": 442, "length_km": 652.14861635804891, "delaunay_k": 5, "edge_set": "Delaunay5" }, "geometry": { "type": "LineString", "coordinates": [ [ 16.876373, 65.299207 ], [ 24.613495, 70.363091 ] ] } },
{ "type": "Feature", "properties": { "from_node": 388, "to_node": 419, "length_km": 502.25829237490603, "delaunay_k": 5, "edge_set": "Delaunay5" }, "geometry": { "type": "LineString", "coordinates": [ [ 16.387482, 65.321005 ], [ 26.098022, 67.596139 ] ] } },
{ "type": "Feature", "properties": { "from_node": 388, "to_node": 425, "length_km": 616.70988913302813, "delaunay_k": 5, "edge_set": "Delaunay5" }, "geometry": { "type": "LineString", "coordinates": [ [ 16.387482, 65.321005 ], [ 27.674561, 68.645556 ] ] } },
{ "type": "Feature", "properties": { "from_node": 388, "to_node": 429, "length_km": 500.37110774871365, "delaunay_k": 5, "edge_set": "Delaunay5" }, "geometry": { "type": "LineString", "coordinates": [ [ 16.387482, 65.321005 ], [ 21.041565, 69.431516 ] ] } },
{ "type": "Feature", "properties": { "from_node": 388, "to_node": 431, "length_km": 495.25388006945076, "delaunay_k": 5, "edge_set": "Delaunay5" }, "geometry": { "type": "LineString", "coordinates": [ [ 16.387482, 65.321005 ], [ 19.820709, 69.558512 ] ] } },
{ "type": "Feature", "properties": { "from_node": 388, "to_node": 432, "length_km": 494.3012283933723, "delaunay_k": 5, "edge_set": "Delaunay5" }, "geometry": { "type": "LineString", "coordinates": [ [ 16.387482, 65.321005 ], [ 19.158783, 69.620772 ] ] } },
{ "type": "Feature", "properties": { "from_node": 388, "to_node": 433, "length_km": 584.85394415112205, "delaunay_k": 5, "edge_set": "Delaunay5" }, "geometry": { "type": "LineString", "coordinates": [ [ 16.387482, 65.321005 ], [ 23.990021, 69.68142 ] ] } },
{ "type": "Feature", "properties": { "from_node": 389, "to_node": 404, "length_km": 493.46700876517758, "delaunay_k": 5, "edge_set": "Delaunay5" }, "geometry": { "type": "LineString", "coordinates": [ [ 16.489105, 65.386291 ], [ 27.030487, 66.33089 ] ] } },
{ "type": "Feature", "properties": { "from_node": 389, "to_node": 405, "length_km": 482.57261046742468, "delaunay_k": 5, "edge_set": "Delaunay5" }, "geometry": { "type": "LineString", "coordinates": [ [ 16.489105, 65.386291 ], [ 26.769562, 66.378809 ] ] } },
{ "type": "Feature", "properties": { "from_node": 389, "to_node": 415, "length_km": 531.20951887115507, "delaunay_k": 5, "edge_set": "Delaunay5" }, "geometry": { "type": "LineString", "coordinates": [ [ 16.489105, 65.386291 ], [ 27.387543, 67.23753 ] ] } },
{ "type": "Feature", "properties": { "from_node": 389, "to_node": 421, "length_km": 522.65624448699725, "delaunay_k": 5, "edge_set": "Delaunay5" }, "geometry": { "type": "LineString", "coordinates": [ [ 16.489105, 65.386291 ], [ 26.820374, 67.602419 ] ] } },
{ "type": "Feature", "properties": { "from_node": 389, "to_node": 430, "length_km": 719.41210875288891, "delaunay_k": 5, "edge_set": "Delaunay5" }, "geometry": { "type": "LineString", "coordinates": [ [ 16.489105, 65.386291 ], [ 29.549103, 69.440681 ] ] } },
{ "type": "Feature", "properties": { "from_node": 389, "to_node": 435, "length_km": 539.58354910317325, "delaunay_k": 5, "edge_set": "Delaunay5" }, "geometry": { "type": "LineString", "coordinates": [ [ 16.489105, 65.386291 ], [ 22.138824, 69.713346 ] ] } },
{ "type": "Feature", "properties": { "from_node": 389, "to_node": 436, "length_km": 673.09189788462277, "delaunay_k": 5, "edge_set": "Delaunay5" }, "geometry": { "type": "LineString", "coordinates": [ [ 16.489105, 65.386291 ], [ 27.239227, 69.817839 ] ] } },
{ "type": "Feature", "properties": { "from_node": 389, "to_node": 438, "length_km": 586.31450056362564, "delaunay_k": 5, "edge_set": "Delaunay5" }, "geometry": { "type": "LineString", "coordinates": [ [ 16.489105, 65.386291 ], [ 23.410492, 69.935012 ] ] } },
{ "type": "Feature", "properties": { "from_node": 389, "to_node": 439, "length_km": 628.66957732958269, "delaunay_k": 5, "edge_set": "Delaunay5" }, "geometry": { "type": "LineString", "coordinates": [ [ 16.489105, 65.386291 ], [ 25.157318, 69.959498 ] ] } },
{ "type": "Feature", "properties": { "from_node": 389, "to_node": 442, "length_km": 651.69515558899241, "delaunay_k": 5, "edge_set": "Delaunay5" }, "geometry": { "type": "LineString", "coordinates": [ [ 16.489105, 65.386291 ], [ 24.613495, 70.363091 ] ] } },
{ "type": "Feature", "properties": { "from_node": 390, "to_node": 404, "length_km": 520.50867190336044, "delaunay_k": 5, "edge_set": "Delaunay5" }, "geometry": { "type": "LineString", "coordinates": [ [ 15.812073, 65.485626 ], [ 27.030487, 66.33089 ] ] } },
{ "type": "Feature", "properties": { "from_node": 390, "to_node": 405, "length_km": 509.35000865403651, "delaunay_k": 5, "edge_set": "Delaunay5" }, "geometry": { "type": "LineString", "coordinates": [ [ 15.812073, 65.485626 ], [ 26.769562, 66.378809 ] ] } },
{ "type": "Feature", "properties": { "from_node": 390, "to_node": 415, "length_km": 554.22091902600528, "delaunay_k": 5, "edge_set": "Delaunay5" }, "geometry": { "type": "LineString", "coordinates": [ [ 15.812073, 65.485626 ], [ 27.387543, 67.23753 ] ] } },
{ "type": "Feature", "properties": { "from_node": 390, "to_node": 421, "length_km": 543.4895081780943, "delaunay_k": 5, "edge_set": "Delaunay5" }, "geometry": { "type": "LineString", "coordinates": [ [ 15.812073, 65.485626 ], [ 26.820374, 67.602419 ] ] } },
{ "type": "Feature", "properties": { "from_node": 390, "to_node": 430, "length_km": 734.27248774255304, "delaunay_k": 5, "edge_set": "Delaunay5" }, "geometry": { "type": "LineString", "coordinates": [ [ 15.812073, 65.485626 ], [ 29.549103, 69.440681 ] ] } },
{ "type": "Feature", "properties": { "from_node": 390, "to_node": 435, "length_km": 542.98698818653031, "delaunay_k": 5, "edge_set": "Delaunay5" }, "geometry": { "type": "LineString", "coordinates": [ [ 15.812073, 65.485626 ], [ 22.138824, 69.713346 ] ] } },
{ "type": "Feature", "properties": { "from_node": 390, "to_node": 436, "length_km": 684.13972242621765, "delaunay_k": 5, "edge_set": "Delaunay5" }, "geometry": { "type": "LineString", "coordinates": [ [ 15.812073, 65.485626 ], [ 27.239227, 69.817839 ] ] } },
{ "type": "Feature", "properties": { "from_node": 390, "to_node": 438, "length_km": 591.33446538028932, "delaunay_k": 5, "edge_set": "Delaunay5" }, "geometry": { "type": "LineString", "coordinates": [ [ 15.812073, 65.485626 ], [ 23.410492, 69.935012 ] ] } },
{ "type": "Feature", "properties": { "from_node": 390, "to_node": 439, "length_km": 636.41941418618512, "delaunay_k": 5, "edge_set": "Delaunay5" }, "geometry": { "type": "LineString", "coordinates": [ [ 15.812073, 65.485626 ], [ 25.157318, 69.959498 ] ] } },
{ "type": "Feature", "properties": { "from_node": 390, "to_node": 442, "length_km": 657.18099015697328, "delaunay_k": 5, "edge_set": "Delaunay5" }, "geometry": { "type": "LineString", "coordinates": [ [ 15.812073, 65.485626 ], [ 24.613495, 70.363091 ] ] } },
{ "type": "Feature", "properties": { "from_node": 391, "to_node": 400, "length_km": 473.93406468796098, "delaunay_k": 5, "edge_set": "Delaunay5" }, "geometry": { "type": "LineString", "coordinates": [ [ 14.765625, 65.62429 ], [ 25.069427, 66.140521 ] ] } },
{ "type": "Feature", "properties": { "from_node": 391, "to_node": 403, "length_km": 490.41373734062552, "delaunay_k": 5, "edge_set": "Delaunay5" }, "geometry": { "type": "LineString", "coordinates": [ [ 14.765625, 65.62429 ], [ 25.415497, 66.285642 ] ] } },
{ "type": "Feature", "properties": { "from_node": 391, "to_node": 406, "length_km": 505.05562510788468, "delaunay_k": 5, "edge_set": "Delaunay5" }, "geometry": { "type": "LineString", "coordinates": [ [ 14.765625, 65.62429 ], [ 25.717621, 66.413451 ] ] } },
{ "type": "Feature", "properties": { "from_node": 391, "to_node": 419, "length_km": 548.3831875803204, "delaunay_k": 5, "edge_set": "Delaunay5" }, "geometry": { "type": "LineString", "coordinates": [ [ 14.765625, 65.62429 ], [ 26.098022, 67.596139 ] ] } },
{ "type": "Feature", "properties": { "from_node": 391, "to_node": 425, "length_km": 653.16896015698831, "delaunay_k": 5, "edge_set": "Delaunay5" }, "geometry": { "type": "LineString", "coordinates": [ [ 14.765625, 65.62429 ], [ 27.674561, 68.645556 ] ] } },
{ "type": "Feature", "properties": { "from_node": 391, "to_node": 429, "length_km": 501.94198203418802, "delaunay_k": 5, "edge_set": "Delaunay5" }, "geometry": { "type": "LineString", "coordinates": [ [ 14.765625, 65.62429 ], [ 21.041565, 69.431516 ] ] } },
{ "type": "Feature", "properties": { "from_node": 391, "to_node": 433, "length_km": 597.97891060719007, "delaunay_k": 5, "edge_set": "Delaunay5" }, "geometry": { "type": "LineString", "coordinates": [ [ 14.765625, 65.62429 ], [ 23.990021, 69.68142 ] ] } },
{ "type": "Feature", "properties": { "from_node": 391, "to_node": 438, "length_km": 603.22481060450332, "delaunay_k": 5, "edge_set": "Delaunay5" }, "geometry": { "type": "LineString", "coordinates": [ [ 14.765625, 65.62429 ], [ 23.410492, 69.935012 ] ] } },
{ "type": "Feature", "properties": { "from_node": 391, "to_node": 439, "length_km": 652.08478427728664, "delaunay_k": 5, "edge_set": "Delaunay5" }, "geometry": { "type": "LineString", "coordinates": [ [ 14.765625, 65.62429 ], [ 25.157318, 69.959498 ] ] } },
{ "type": "Feature", "properties": { "from_node": 391, "to_node": 441, "length_km": 715.95397404894334, "delaunay_k": 5, "edge_set": "Delaunay5" }, "geometry": { "type": "LineString", "coordinates": [ [ 14.765625, 65.62429 ], [ 26.545715, 70.286801 ] ] } },
{ "type": "Feature", "properties": { "from_node": 392, "to_node": 404, "length_km": 551.984568414009, "delaunay_k": 5, "edge_set": "Delaunay5" }, "geometry": { "type": "LineString", "coordinates": [ [ 14.965643971847902, 65.721629736713297 ], [ 27.030487, 66.33089 ] ] } },
{ "type": "Feature", "properties": { "from_node": 392, "to_node": 405, "length_km": 540.418124583279, "delaunay_k": 5, "edge_set": "Delaunay5" }, "geometry": { "type": "LineString", "coordinates": [ [ 14.965643971847902, 65.721629736713297 ], [ 26.769562, 66.378809 ] ] } },
{ "type": "Feature", "properties": { "from_node": 392, "to_node": 415, "length_km": 578.96953572504037, "delaunay_k": 5, "edge_set": "Delaunay5" }, "geometry": { "type": "LineString", "coordinates": [ [ 14.965643971847902, 65.721629736713297 ], [ 27.387543, 67.23753 ] ] } },
{ "type": "Feature", "properties": { "from_node": 392, "to_node": 421, "length_km": 564.86664198194342, "delaunay_k": 5, "edge_set": "Delaunay5" }, "geometry": { "type": "LineString", "coordinates": [ [ 14.965643971847902, 65.721629736713297 ], [ 26.820374, 67.602419 ] ] } },
{ "type": "Feature", "properties": { "from_node": 392, "to_node": 430, "length_km": 745.79246154554846, "delaunay_k": 5, "edge_set": "Delaunay5" }, "geometry": { "type": "LineString", "coordinates": [ [ 14.965643971847902, 65.721629736713297 ], [ 29.549103, 69.440681 ] ] } },
{ "type": "Feature", "properties": { "from_node": 392, "to_node": 436, "length_km": 690.18038681061705, "delaunay_k": 5, "edge_set": "Delaunay5" }, "geometry": { "type": "LineString", "coordinates": [ [ 14.965643971847902, 65.721629736713297 ], [ 27.239227, 69.817839 ] ] } },
{ "type": "Feature", "properties": { "from_node": 392, "to_node": 438, "length_km": 589.10265012774164, "delaunay_k": 5, "edge_set": "Delaunay5" }, "geometry": { "type": "LineString", "coordinates": [ [ 14.965643971847902, 65.721629736713297 ], [ 23.410492, 69.935012 ] ] } },
{ "type": "Feature", "properties": { "from_node": 392, "to_node": 439, "length_km": 637.8707995448483, "delaunay_k": 5, "edge_set": "Delaunay5" }, "geometry": { "type": "LineString", "coordinates": [ [ 14.965643971847902, 65.721629736713297 ], [ 25.157318, 69.959498 ] ] } },
{ "type": "Feature", "properties": { "from_node": 392, "to_node": 441, "length_km": 701.73269219241536, "delaunay_k": 5, "edge_set": "Delaunay5" }, "geometry": { "type": "LineString", "coordinates": [ [ 14.965643971847902, 65.721629736713297 ], [ 26.545715, 70.286801 ] ] } },
{ "type": "Feature", "properties": { "from_node": 393, "to_node": 401, "length_km": 486.1437365867107, "delaunay_k": 5, "edge_set": "Delaunay5" }, "geometry": { "type": "LineString", "coordinates": [ [ 24.411621, 65.781941 ], [ 13.763123, 66.142743 ] ] } },
{ "type": "Feature", "properties": { "from_node": 393, "to_node": 410, "length_km": 488.14893892233346, "delaunay_k": 5, "edge_set": "Delaunay5" }, "geometry": { "type": "LineString", "coordinates": [ [ 24.411621, 65.781941 ], [ 13.807068, 66.707884 ] ] } },
{ "type": "Feature", "properties": { "from_node": 393, "to_node": 432, "length_km": 483.36751240315408, "delaunay_k": 5, "edge_set": "Delaunay5" }, "geometry": { "type": "LineString", "coordinates": [ [ 24.411621, 65.781941 ], [ 19.158783, 69.620772 ] ] } },
{ "type": "Feature", "properties": { "from_node": 393, "to_node": 434, "length_km": 499.74038226414319, "delaunay_k": 5, "edge_set": "Delaunay5" }, "geometry": { "type": "LineString", "coordinates": [ [ 24.411621, 65.781941 ], [ 30.120392, 69.682374 ] ] } },
{ "type": "Feature", "properties": { "from_node": 393, "to_node": 440, "length_km": 520.96641787776309, "delaunay_k": 5, "edge_set": "Delaunay5" }, "geometry": { "type": "LineString", "coordinates": [ [ 24.411621, 65.781941 ], [ 28.572693, 70.163212 ] ] } },
{ "type": "Feature", "properties": { "from_node": 393, "to_node": 441, "length_km": 512.34094403124516, "delaunay_k": 5, "edge_set": "Delaunay5" }, "geometry": { "type": "LineString", "coordinates": [ [ 24.411621, 65.781941 ], [ 26.545715, 70.286801 ] ] } },
{ "type": "Feature", "properties": { "from_node": 393, "to_node": 442, "length_km": 512.90826176816847, "delaunay_k": 5, "edge_set": "Delaunay5" }, "geometry": { "type": "LineString", "coordinates": [ [ 24.411621, 65.781941 ], [ 24.613495, 70.363091 ] ] } },
{ "type": "Feature", "properties": { "from_node": 394, "to_node": 434, "length_km": 560.84986886620538, "delaunay_k": 5, "edge_set": "Delaunay5" }, "geometry": { "type": "LineString", "coordinates": [ [ 21.656799, 65.826407 ], [ 30.120392, 69.682374 ] ] } },
{ "type": "Feature", "properties": { "from_node": 394, "to_node": 437, "length_km": 505.96848757407901, "delaunay_k": 5, "edge_set": "Delaunay5" }, "geometry": { "type": "LineString", "coordinates": [ [ 21.656799, 65.826407 ], [ 27.071686, 69.862801 ] ] } },
{ "type": "Feature", "properties": { "from_node": 394, "to_node": 440, "length_km": 565.02769036086818, "delaunay_k": 5, "edge_set": "Delaunay5" }, "geometry": { "type": "LineString", "coordinates": [ [ 21.656799, 65.826407 ], [ 28.572693, 70.163212 ] ] } },
{ "type": "Feature", "properties": { "from_node": 394, "to_node": 441, "length_km": 539.06817085370949, "delaunay_k": 5, "edge_set": "Delaunay5" }, "geometry": { "type": "LineString", "coordinates": [ [ 21.656799, 65.826407 ], [ 26.545715, 70.286801 ] ] } },
{ "type": "Feature", "properties": { "from_node": 394, "to_node": 442, "length_km": 522.11864864278186, "delaunay_k": 5, "edge_set": "Delaunay5" }, "geometry": { "type": "LineString", "coordinates": [ [ 21.656799, 65.826407 ], [ 24.613495, 70.363091 ] ] } },
{ "type": "Feature", "properties": { "from_node": 395, "to_node": 434, "length_km": 523.31014752979797, "delaunay_k": 5, "edge_set": "Delaunay5" }, "geometry": { "type": "LineString", "coordinates": [ [ 23.100128, 65.837089 ], [ 30.120392, 69.682374 ] ] } },
{ "type": "Feature", "properties": { "from_node": 395, "to_node": 437, "length_km": 480.77070809543176, "delaunay_k": 5, "edge_set": "Delaunay5" }, "geometry": { "type": "LineString", "coordinates": [ [ 23.100128, 65.837089 ], [ 27.071686, 69.862801 ] ] } },
{ "type": "Feature", "properties": { "from_node": 395, "to_node": 440, "length_km": 535.85480778094097, "delaunay_k": 5, "edge_set": "Delaunay5" }, "geometry": { "type": "LineString", "coordinates": [ [ 23.100128, 65.837089 ], [ 28.572693, 70.163212 ] ] } },
{ "type": "Feature", "properties": { "from_node": 395, "to_node": 441, "length_km": 518.42574241404327, "delaunay_k": 5, "edge_set": "Delaunay5" }, "geometry": { "type": "LineString", "coordinates": [ [ 23.100128, 65.837089 ], [ 26.545715, 70.286801 ] ] } },
{ "type": "Feature", "properties": { "from_node": 395, "to_node": 442, "length_km": 510.35619822214636, "delaunay_k": 5, "edge_set": "Delaunay5" }, "geometry": { "type": "LineString", "coordinates": [ [ 23.100128, 65.837089 ], [ 24.613495, 70.363091 ] ] } },
{ "type": "Feature", "properties": { "from_node": 396, "to_node": 418, "length_km": 553.19437815960998, "delaunay_k": 5, "edge_set": "Delaunay5" }, "geometry": { "type": "LineString", "coordinates": [ [ 13.289337, 65.841024 ], [ 25.085907, 67.498059 ] ] } },
{ "type": "Feature", "properties": { "from_node": 396, "to_node": 425, "length_km": 694.68643071176734, "delaunay_k": 5, "edge_set": "Delaunay5" }, "geometry": { "type": "LineString", "coordinates": [ [ 13.289337, 65.841024 ], [ 27.674561, 68.645556 ] ] } },
{ "type": "Feature", "properties": { "from_node": 396, "to_node": 436, "length_km": 734.79778587521082, "delaunay_k": 5, "edge_set": "Delaunay5" }, "geometry": { "type": "LineString", "coordinates": [ [ 13.289337, 65.841024 ], [ 27.239227, 69.817839 ] ] } },
{ "type": "Feature", "properties": { "from_node": 396, "to_node": 437, "length_km": 731.79531116449959, "delaunay_k": 5, "edge_set": "Delaunay5" }, "geometry": { "type": "LineString", "coordinates": [ [ 13.289337, 65.841024 ], [ 27.071686, 69.862801 ] ] } },
{ "type": "Feature", "properties": { "from_node": 396, "to_node": 440, "length_km": 798.4752557565796, "delaunay_k": 5, "edge_set": "Delaunay5" }, "geometry": { "type": "LineString", "coordinates": [ [ 13.289337, 65.841024 ], [ 28.572693, 70.163212 ] ] } },
{ "type": "Feature", "properties": { "from_node": 397, "to_node": 401, "length_km": 493.56076389989113, "delaunay_k": 5, "edge_set": "Delaunay5" }, "geometry": { "type": "LineString", "coordinates": [ [ 24.612122, 65.877531 ], [ 13.763123, 66.142743 ] ] } },
{ "type": "Feature", "properties": { "from_node": 397, "to_node": 402, "length_km": 474.14688675885975, "delaunay_k": 5, "edge_set": "Delaunay5" }, "geometry": { "type": "LineString", "coordinates": [ [ 24.612122, 65.877531 ], [ 14.191589, 66.282328 ] ] } },
{ "type": "Feature", "properties": { "from_node": 397, "to_node": 410, "length_km": 493.96342144737565, "delaunay_k": 5, "edge_set": "Delaunay5" }, "geometry": { "type": "LineString", "coordinates": [ [ 24.612122, 65.877531 ], [ 13.807068, 66.707884 ] ] } },
{ "type": "Feature", "properties": { "from_node": 397, "to_node": 432, "length_km": 477.74816195855271, "delaunay_k": 5, "edge_set": "Delaunay5" }, "geometry": { "type": "LineString", "coordinates": [ [ 24.612122, 65.877531 ], [ 19.158783, 69.620772 ] ] } },
{ "type": "Feature", "properties": { "from_node": 397, "to_node": 434, "length_km": 486.07711004373738, "delaunay_k": 5, "edge_set": "Delaunay5" }, "geometry": { "type": "LineString", "coordinates": [ [ 24.612122, 65.877531 ], [ 30.120392, 69.682374 ] ] } },
{ "type": "Feature", "properties": { "from_node": 397, "to_node": 440, "length_km": 508.01071435972705, "delaunay_k": 5, "edge_set": "Delaunay5" }, "geometry": { "type": "LineString", "coordinates": [ [ 24.612122, 65.877531 ], [ 28.572693, 70.163212 ] ] } },
{ "type": "Feature", "properties": { "from_node": 397, "to_node": 441, "length_km": 500.38761540355517, "delaunay_k": 5, "edge_set": "Delaunay5" }, "geometry": { "type": "LineString", "coordinates": [ [ 24.612122, 65.877531 ], [ 26.545715, 70.286801 ] ] } },
{ "type": "Feature", "properties": { "from_node": 397, "to_node": 442, "length_km": 502.16490599865597, "delaunay_k": 5, "edge_set": "Delaunay5" }, "geometry": { "type": "LineString", "coordinates": [ [ 24.612122, 65.877531 ], [ 24.613495, 70.363091 ] ] } },
{ "type": "Feature", "properties": { "from_node": 399, "to_node": 401, "length_km": 504.49598182787793, "delaunay_k": 5, "edge_set": "Delaunay5" }, "geometry": { "type": "LineString", "coordinates": [ [ 24.892273, 65.995123 ], [ 13.763123, 66.142743 ] ] } },
{ "type": "Feature", "properties": { "from_node": 399, "to_node": 402, "length_km": 484.6203981472537, "delaunay_k": 5, "edge_set": "Delaunay5" }, "geometry": { "type": "LineString", "coordinates": [ [ 24.892273, 65.995123 ], [ 14.191589, 66.282328 ] ] } },
{ "type": "Feature", "properties": { "from_node": 399, "to_node": 410, "length_km": 502.94805341073538, "delaunay_k": 5, "edge_set": "Delaunay5" }, "geometry": { "type": "LineString", "coordinates": [ [ 24.892273, 65.995123 ], [ 13.807068, 66.707884 ] ] } },
{ "type": "Feature", "properties": { "from_node": 399, "to_node": 440, "length_km": 491.71304920172201, "delaunay_k": 5, "edge_set": "Delaunay5" }, "geometry": { "type": "LineString", "coordinates": [ [ 24.892273, 65.995123 ], [ 28.572693, 70.163212 ] ] } },
{ "type": "Feature", "properties": { "from_node": 399, "to_node": 441, "length_km": 485.61679702576356, "delaunay_k": 5, "edge_set": "Delaunay5" }, "geometry": { "type": "LineString", "coordinates": [ [ 24.892273, 65.995123 ], [ 26.545715, 70.286801 ] ] } },
{ "type": "Feature", "properties": { "from_node": 399, "to_node": 442, "length_km": 489.17341319079856, "delaunay_k": 5, "edge_set": "Delaunay5" }, "geometry": { "type": "LineString", "coordinates": [ [ 24.892273, 65.995123 ], [ 24.613495, 70.363091 ] ] } },
{ "type": "Feature", "properties": { "from_node": 400, "to_node": 401, "length_km": 510.7813289095609, "delaunay_k": 5, "edge_set": "Delaunay5" }, "geometry": { "type": "LineString", "coordinates": [ [ 25.069427, 66.140521 ], [ 13.763123, 66.142743 ] ] } },
{ "type": "Feature", "properties": { "from_node": 400, "to_node": 402, "length_km": 490.40694041059169, "delaunay_k": 5, "edge_set": "Delaunay5" }, "geometry": { "type": "LineString", "coordinates": [ [ 25.069427, 66.140521 ], [ 14.191589, 66.282328 ] ] } },
{ "type": "Feature", "properties": { "from_node": 400, "to_node": 410, "length_km": 507.0669180006459, "delaunay_k": 5, "edge_set": "Delaunay5" }, "geometry": { "type": "LineString", "coordinates": [ [ 25.069427, 66.140521 ], [ 13.807068, 66.707884 ] ] } },
{ "type": "Feature", "properties": { "from_node": 401, "to_node": 403, "length_km": 525.1385303370497, "delaunay_k": 5, "edge_set": "Delaunay5" }, "geometry": { "type": "LineString", "coordinates": [ [ 13.763123, 66.142743 ], [ 25.415497, 66.285642 ] ] } },
{ "type": "Feature", "properties": { "from_node": 401, "to_node": 406, "length_km": 537.97729209983208, "delaunay_k": 5, "edge_set": "Delaunay5" }, "geometry": { "type": "LineString", "coordinates": [ [ 13.763123, 66.142743 ], [ 25.717621, 66.413451 ] ] } },
{ "type": "Feature", "properties": { "from_node": 401, "to_node": 419, "length_km": 564.68950452826982, "delaunay_k": 5, "edge_set": "Delaunay5" }, "geometry": { "type": "LineString", "coordinates": [ [ 13.763123, 66.142743 ], [ 26.098022, 67.596139 ] ] } },
{ "type": "Feature", "properties": { "from_node": 401, "to_node": 425, "length_km": 658.48673229347776, "delaunay_k": 5, "edge_set": "Delaunay5" }, "geometry": { "type": "LineString", "coordinates": [ [ 13.763123, 66.142743 ], [ 27.674561, 68.645556 ] ] } },
{ "type": "Feature", "properties": { "from_node": 401, "to_node": 436, "length_km": 696.13612267927715, "delaunay_k": 5, "edge_set": "Delaunay5" }, "geometry": { "type": "LineString", "coordinates": [ [ 13.763123, 66.142743 ], [ 27.239227, 69.817839 ] ] } },
{ "type": "Feature", "properties": { "from_node": 401, "to_node": 437, "length_km": 693.02880625615387, "delaunay_k": 5, "edge_set": "Delaunay5" }, "geometry": { "type": "LineString", "coordinates": [ [ 13.763123, 66.142743 ], [ 27.071686, 69.862801 ] ] } },
{ "type": "Feature", "properties": { "from_node": 401, "to_node": 440, "length_km": 759.70277003373667, "delaunay_k": 5, "edge_set": "Delaunay5" }, "geometry": { "type": "LineString", "coordinates": [ [ 13.763123, 66.142743 ], [ 28.572693, 70.163212 ] ] } },
{ "type": "Feature", "properties": { "from_node": 402, "to_node": 403, "length_km": 504.28626738370622, "delaunay_k": 5, "edge_set": "Delaunay5" }, "geometry": { "type": "LineString", "coordinates": [ [ 14.191589, 66.282328 ], [ 25.415497, 66.285642 ] ] } },
{ "type": "Feature", "properties": { "from_node": 402, "to_node": 406, "length_km": 516.74342459911122, "delaunay_k": 5, "edge_set": "Delaunay5" }, "geometry": { "type": "LineString", "coordinates": [ [ 14.191589, 66.282328 ], [ 25.717621, 66.413451 ] ] } },
{ "type": "Feature", "properties": { "from_node": 402, "to_node": 419, "length_km": 540.99610578570093, "delaunay_k": 5, "edge_set": "Delaunay5" }, "geometry": { "type": "LineString", "coordinates": [ [ 14.191589, 66.282328 ], [ 26.098022, 67.596139 ] ] } },
{ "type": "Feature", "properties": { "from_node": 402, "to_node": 425, "length_km": 633.9225380584819, "delaunay_k": 5, "edge_set": "Delaunay5" }, "geometry": { "type": "LineString", "coordinates": [ [ 14.191589, 66.282328 ], [ 27.674561, 68.645556 ] ] } },
{ "type": "Feature", "properties": { "from_node": 402, "to_node": 436, "length_km": 671.38150036980323, "delaunay_k": 5, "edge_set": "Delaunay5" }, "geometry": { "type": "LineString", "coordinates": [ [ 14.191589, 66.282328 ], [ 27.239227, 69.817839 ] ] } },
{ "type": "Feature", "properties": { "from_node": 402, "to_node": 437, "length_km": 668.29106820812603, "delaunay_k": 5, "edge_set": "Delaunay5" }, "geometry": { "type": "LineString", "coordinates": [ [ 14.191589, 66.282328 ], [ 27.071686, 69.862801 ] ] } },
{ "type": "Feature", "properties": { "from_node": 402, "to_node": 440, "length_km": 734.96693986418563, "delaunay_k": 5, "edge_set": "Delaunay5" }, "geometry": { "type": "LineString", "coordinates": [ [ 14.191589, 66.282328 ], [ 28.572693, 70.163212 ] ] } },
{ "type": "Feature", "properties": { "from_node": 403, "to_node": 410, "length_km": 519.196871429064, "delaunay_k": 5, "edge_set": "Delaunay5" }, "geometry": { "type": "LineString", "coordinates": [ [ 25.415497, 66.285642 ], [ 13.807068, 66.707884 ] ] } },
{ "type": "Feature", "properties": { "from_node": 404, "to_node": 416, "length_km": 507.56267328059346, "delaunay_k": 5, "edge_set": "Delaunay5" }, "geometry": { "type": "LineString", "coordinates": [ [ 27.030487, 66.33089 ], [ 15.757141, 67.288485 ] ] } },
{ "type": "Feature", "properties": { "from_node": 404, "to_node": 432, "length_km": 494.06286515364917, "delaunay_k": 5, "edge_set": "Delaunay5" }, "geometry": { "type": "LineString", "coordinates": [ [ 27.030487, 66.33089 ], [ 19.158783, 69.620772 ] ] } },
{ "type": "Feature", "properties": { "from_node": 405, "to_node": 416, "length_km": 494.75119501621185, "delaunay_k": 5, "edge_set": "Delaunay5" }, "geometry": { "type": "LineString", "coordinates": [ [ 26.769562, 66.378809 ], [ 15.757141, 67.288485 ] ] } },
{ "type": "Feature", "properties": { "from_node": 405, "to_node": 432, "length_km": 482.57024574702064, "delaunay_k": 5, "edge_set": "Delaunay5" }, "geometry": { "type": "LineString", "coordinates": [ [ 26.769562, 66.378809 ], [ 19.158783, 69.620772 ] ] } },
{ "type": "Feature", "properties": { "from_node": 406, "to_node": 410, "length_km": 530.16708684931098, "delaunay_k": 5, "edge_set": "Delaunay5" }, "geometry": { "type": "LineString", "coordinates": [ [ 25.717621, 66.413451 ], [ 13.807068, 66.707884 ] ] } },
{ "type": "Feature", "properties": { "from_node": 407, "to_node": 432, "length_km": 494.2612393487031, "delaunay_k": 5, "edge_set": "Delaunay5" }, "geometry": { "type": "LineString", "coordinates": [ [ 27.398529, 66.450241 ], [ 19.158783, 69.620772 ] ] } },
{ "type": "Feature", "properties": { "from_node": 408, "to_node": 434, "length_km": 538.21527362240477, "delaunay_k": 5, "edge_set": "Delaunay5" }, "geometry": { "type": "LineString", "coordinates": [ [ 20.429077, 66.505049 ], [ 30.120392, 69.682374 ] ] } },
{ "type": "Feature", "properties": { "from_node": 408, "to_node": 440, "length_km": 529.29248529035533, "delaunay_k": 5, "edge_set": "Delaunay5" }, "geometry": { "type": "LineString", "coordinates": [ [ 20.429077, 66.505049 ], [ 28.572693, 70.163212 ] ] } },
{ "type": "Feature", "properties": { "from_node": 408, "to_node": 441, "length_km": 491.98431776829887, "delaunay_k": 5, "edge_set": "Delaunay5" }, "geometry": { "type": "LineString", "coordinates": [ [ 20.429077, 66.505049 ], [ 26.545715, 70.286801 ] ] } },
{ "type": "Feature", "properties": { "from_node": 410, "to_node": 415, "length_km": 596.13472257484807, "delaunay_k": 5, "edge_set": "Delaunay5" }, "geometry": { "type": "LineString", "coordinates": [ [ 13.807068, 66.707884 ], [ 27.387543, 67.23753 ] ] } },
{ "type": "Feature", "properties": { "from_node": 410, "to_node": 419, "length_km": 542.0063373119159, "delaunay_k": 5, "edge_set": "Delaunay5" }, "geometry": { "type": "LineString", "coordinates": [ [ 13.807068, 66.707884 ], [ 26.098022, 67.596139 ] ] } },
{ "type": "Feature", "properties": { "from_node": 410, "to_node": 421, "length_km": 572.85613487333819, "delaunay_k": 5, "edge_set": "Delaunay5" }, "geometry": { "type": "LineString", "coordinates": [ [ 13.807068, 66.707884 ], [ 26.820374, 67.602419 ] ] } },
{ "type": "Feature", "properties": { "from_node": 410, "to_node": 430, "length_km": 722.59973859713773, "delaunay_k": 5, "edge_set": "Delaunay5" }, "geometry": { "type": "LineString", "coordinates": [ [ 13.807068, 66.707884 ], [ 29.549103, 69.440681 ] ] } },
{ "type": "Feature", "properties": { "from_node": 410, "to_node": 434, "length_km": 752.22533826354299, "delaunay_k": 5, "edge_set": "Delaunay5" }, "geometry": { "type": "LineString", "coordinates": [ [ 13.807068, 66.707884 ], [ 30.120392, 69.682374 ] ] } },
{ "type": "Feature", "properties": { "from_node": 411, "to_node": 434, "length_km": 533.05768450541098, "delaunay_k": 5, "edge_set": "Delaunay5" }, "geometry": { "type": "LineString", "coordinates": [ [ 20.037689, 66.729595 ], [ 30.120392, 69.682374 ] ] } },
{ "type": "Feature", "properties": { "from_node": 411, "to_node": 440, "length_km": 519.68574656415262, "delaunay_k": 5, "edge_set": "Delaunay5" }, "geometry": { "type": "LineString", "coordinates": [ [ 20.037689, 66.729595 ], [ 28.572693, 70.163212 ] ] } },
{ "type": "Feature", "properties": { "from_node": 411, "to_node": 441, "length_km": 478.59145392112151, "delaunay_k": 5, "edge_set": "Delaunay5" }, "geometry": { "type": "LineString", "coordinates": [ [ 20.037689, 66.729595 ], [ 26.545715, 70.286801 ] ] } },
{ "type": "Feature", "properties": { "from_node": 412, "to_node": 434, "length_km": 530.15561268345107, "delaunay_k": 5, "edge_set": "Delaunay5" }, "geometry": { "type": "LineString", "coordinates": [ [ 19.864655, 66.843267 ], [ 30.120392, 69.682374 ] ] } },
{ "type": "Feature", "properties": { "from_node": 412, "to_node": 440, "length_km": 514.6309019857996, "delaunay_k": 5, "edge_set": "Delaunay5" }, "geometry": { "type": "LineString", "coordinates": [ [ 19.864655, 66.843267 ], [ 28.572693, 70.163212 ] ] } },
{ "type": "Feature", "properties": { "from_node": 413, "to_node": 434, "length_km": 562.39127679088494, "delaunay_k": 5, "edge_set": "Delaunay5" }, "geometry": { "type": "LineString", "coordinates": [ [ 18.639679, 66.970387 ], [ 30.120392, 69.682374 ] ] } },
{ "type": "Feature", "properties": { "from_node": 413, "to_node": 437, "length_km": 473.81183537124389, "delaunay_k": 5, "edge_set": "Delaunay5" }, "geometry": { "type": "LineString", "coordinates": [ [ 18.639679, 66.970387 ], [ 27.071686, 69.862801 ] ] } },
{ "type": "Feature", "properties": { "from_node": 413, "to_node": 440, "length_km": 539.94987229793173, "delaunay_k": 5, "edge_set": "Delaunay5" }, "geometry": { "type": "LineString", "coordinates": [ [ 18.639679, 66.970387 ], [ 28.572693, 70.163212 ] ] } },
{ "type": "Feature", "properties": { "from_node": 413, "to_node": 441, "length_km": 490.67292208620717, "delaunay_k": 5, "edge_set": "Delaunay5" }, "geometry": { "type": "LineString", "coordinates": [ [ 18.639679, 66.970387 ], [ 26.545715, 70.286801 ] ] } },
{ "type": "Feature", "properties": { "from_node": 415, "to_node": 416, "length_km": 502.44459862481392, "delaunay_k": 5, "edge_set": "Delaunay5" }, "geometry": { "type": "LineString", "coordinates": [ [ 27.387543, 67.23753 ], [ 15.757141, 67.288485 ] ] } },
{ "type": "Feature", "properties": { "from_node": 415, "to_node": 420, "length_km": 496.80349522186901, "delaunay_k": 5, "edge_set": "Delaunay5" }, "geometry": { "type": "LineString", "coordinates": [ [ 27.387543, 67.23753 ], [ 15.850525, 67.598233 ] ] } },
{ "type": "Feature", "properties": { "from_node": 416, "to_node": 421, "length_km": 475.5315798484325, "delaunay_k": 5, "edge_set": "Delaunay5" }, "geometry": { "type": "LineString", "coordinates": [ [ 15.757141, 67.288485 ], [ 26.820374, 67.602419 ] ] } },
{ "type": "Feature", "properties": { "from_node": 416, "to_node": 430, "length_km": 616.35777967606521, "delaunay_k": 5, "edge_set": "Delaunay5" }, "geometry": { "type": "LineString", "coordinates": [ [ 15.757141, 67.288485 ], [ 29.549103, 69.440681 ] ] } },
{ "type": "Feature", "properties": { "from_node": 416, "to_node": 436, "length_km": 546.99062932267816, "delaunay_k": 5, "edge_set": "Delaunay5" }, "geometry": { "type": "LineString", "coordinates": [ [ 15.757141, 67.288485 ], [ 27.239227, 69.817839 ] ] } },
{ "type": "Feature", "properties": { "from_node": 416, "to_node": 437, "length_km": 543.37372288281847, "delaunay_k": 5, "edge_set": "Delaunay5" }, "geometry": { "type": "LineString", "coordinates": [ [ 15.757141, 67.288485 ], [ 27.071686, 69.862801 ] ] } },
{ "type": "Feature", "properties": { "from_node": 416, "to_node": 440, "length_km": 609.85963922970552, "delaunay_k": 5, "edge_set": "Delaunay5" }, "geometry": { "type": "LineString", "coordinates": [ [ 15.757141, 67.288485 ], [ 28.572693, 70.163212 ] ] } },
{ "type": "Feature", "properties": { "from_node": 417, "to_node": 434, "length_km": 538.36759726303842, "delaunay_k": 5, "edge_set": "Delaunay5" }, "geometry": { "type": "LineString", "coordinates": [ [ 18.366394, 67.492803 ], [ 30.120392, 69.682374 ] ] } },
{ "type": "Feature", "properties": { "from_node": 417, "to_node": 440, "length_km": 508.47474956508125, "delaunay_k": 5, "edge_set": "Delaunay5" }, "geometry": { "type": "LineString", "coordinates": [ [ 18.366394, 67.492803 ], [ 28.572693, 70.163212 ] ] } },
{ "type": "Feature", "properties": { "from_node": 420, "to_node": 430, "length_km": 596.63388673082864, "delaunay_k": 5, "edge_set": "Delaunay5" }, "geometry": { "type": "LineString", "coordinates": [ [ 15.850525, 67.598233 ], [ 29.549103, 69.440681 ] ] } },
{ "type": "Feature", "properties": { "from_node": 420, "to_node": 434, "length_km": 625.0419603698424, "delaunay_k": 5, "edge_set": "Delaunay5" }, "geometry": { "type": "LineString", "coordinates": [ [ 15.850525, 67.598233 ], [ 30.120392, 69.682374 ] ] } },
{ "type": "Feature", "properties": { "from_node": 422, "to_node": 430, "length_km": 515.18148724982268, "delaunay_k": 5, "edge_set": "Delaunay5" }, "geometry": { "type": "LineString", "coordinates": [ [ 17.992859, 67.610267 ], [ 29.549103, 69.440681 ] ] } },
{ "type": "Feature", "properties": { "from_node": 422, "to_node": 440, "length_km": 512.35409378244515, "delaunay_k": 5, "edge_set": "Delaunay5" }, "geometry": { "type": "LineString", "coordinates": [ [ 17.992859, 67.610267 ], [ 28.572693, 70.163212 ] ] } },
{ "type": "Feature", "properties": { "from_node": 423, "to_node": 440, "length_km": 501.16108506512137, "delaunay_k": 5, "edge_set": "Delaunay5" }, "geometry": { "type": "LineString", "coordinates": [ [ 17.288361, 68.158786 ], [ 28.572693, 70.163212 ] ] } },
{ "type": "Feature", "properties": { "from_node": 424, "to_node": 430, "length_km": 490.94779645241954, "delaunay_k": 5, "edge_set": "Delaunay5" }, "geometry": { "type": "LineString", "coordinates": [ [ 17.579498, 68.517173 ], [ 29.549103, 69.440681 ] ] } },
{ "type": "Feature", "properties": { "from_node": 424, "to_node": 434, "length_km": 516.7159501083529, "delaunay_k": 5, "edge_set": "Delaunay5" }, "geometry": { "type": "LineString", "coordinates": [ [ 17.579498, 68.517173 ], [ 30.120392, 69.682374 ] ] } }
]
}
