{
"type": "FeatureCollection",
"name": "n490_220kv_delaunay1",
"crs": { "type": "name", "properties": { "name": "urn:ogc:def:crs:OGC:1.3:CRS84" } },
"features": [
{ "type": "Feature", "properties": { "voltage_kv": 220.0, "from_node": 0, "to_node": 1, "length_km": 133.79768643096139, "edge_source": "delaunay", "edge_set": "Delaunay1" }, "geometry": { "type": "LineString", "coordinates": [ [ 12.590332, 62.571841 ], [ 13.065491, 63.752742 ] ] } },
{ "type": "Feature", "properties": { "voltage_kv": 220.0, "from_node": 0, "to_node": 2, "length_km": 99.144289345676967, "edge_source": "delaunay", "edge_set": "Delaunay1" }, "geometry": { "type": "LineString", "coordinates": [ [ 12.590332, 62.571841 ], [ 13.458252, 63.368755 ] ] } },
{ "type": "Feature", "properties": { "voltage_kv": 220.0, "from_node": 0, "to_node": 4, "length_km": 89.394937735980875, "edge_source": "delaunay", "edge_set": "Delaunay1" }, "geometry": { "type": "LineString", "coordinates": [ [ 12.590332, 62.571841 ], [ 13.587341, 63.23239 ] ] } },
{ "type": "Feature", "properties": { "voltage_kv": 220.0, "from_node": 0, "to_node": 11, "length_km": 69.75906632757993, "edge_source": "delaunay", "edge_set": "Delaunay1" }, "geometry": { "type": "LineString", "coordinates": [ [ 12.590332, 62.571841 ], [ 13.903198, 62.735859 ] ] } },
{ "type": "Feature", "properties": { "voltage_kv": 220.0, "from_node": 0, "to_node": 12, "length_km": 86.18297278649716, "edge_source": "delaunay", "edge_set": "Delaunay1" }, "geometry": { "type": "LineString", "coordinates": [ [ 12.590332, 62.571841 ], [ 13.973236, 62.141768 ] ] } },
{ "type": "Feature", "properties": { "voltage_kv": 220.0, "from_node": 1, "to_node": 2, "length_km": 47.049459257527843, "edge_source": "delaunay", "edge_set": "Delaunay1" }, "geometry": { "type": "LineString", "coordinates": [ [ 13.065491, 63.752742 ], [ 13.458252, 63.368755 ] ] } },
{ "type": "Feature", "properties": { "voltage_kv": 220.0, "from_node": 1, "to_node": 3, "length_km": 21.154829568874955, "edge_source": "delaunay", "edge_set": "Delaunay1" }, "geometry": { "type": "LineString", "coordinates": [ [ 13.065491, 63.752742 ], [ 13.493958, 63.755779 ] ] } },
{ "type": "Feature", "properties": { "voltage_kv": 220.0, "from_node": 1, "to_node": 6, "length_km": 36.626138690389716, "edge_source": "delaunay", "edge_set": "Delaunay1" }, "geometry": { "type": "LineString", "coordinates": [ [ 13.065491, 63.752742 ], [ 13.657379, 63.555892 ] ] } },
{ "type": "Feature", "properties": { "voltage_kv": 220.0, "from_node": 1, "to_node": 7, "length_km": 268.52749092871261, "edge_source": "delaunay", "edge_set": "Delaunay1" }, "geometry": { "type": "LineString", "coordinates": [ [ 13.065491, 63.752742 ], [ 13.763123, 66.142743 ] ] } },
{ "type": "Feature", "properties": { "voltage_kv": 220.0, "from_node": 1, "to_node": 8, "length_km": 40.62776508068854, "edge_source": "delaunay", "edge_set": "Delaunay1" }, "geometry": { "type": "LineString", "coordinates": [ [ 13.065491, 63.752742 ], [ 13.769989, 63.942802 ] ] } },
{ "type": "Feature", "properties": { "voltage_kv": 220.0, "from_node": 1, "to_node": 9, "length_km": 106.73500614324557, "edge_source": "delaunay", "edge_set": "Delaunay1" }, "geometry": { "type": "LineString", "coordinates": [ [ 13.065491, 63.752742 ], [ 13.807068, 64.653876 ] ] } },
{ "type": "Feature", "properties": { "voltage_kv": 220.0, "from_node": 2, "to_node": 4, "length_km": 16.523962312103624, "edge_source": "delaunay", "edge_set": "Delaunay1" }, "geometry": { "type": "LineString", "coordinates": [ [ 13.458252, 63.368755 ], [ 13.587341, 63.23239 ] ] } },
{ "type": "Feature", "properties": { "voltage_kv": 220.0, "from_node": 2, "to_node": 5, "length_km": 11.062921927887, "edge_source": "delaunay", "edge_set": "Delaunay1" }, "geometry": { "type": "LineString", "coordinates": [ [ 13.458252, 63.368755 ], [ 13.639526, 63.312066 ] ] } },
{ "type": "Feature", "properties": { "voltage_kv": 220.0, "from_node": 2, "to_node": 6, "length_km": 23.10674064511625, "edge_source": "delaunay", "edge_set": "Delaunay1" }, "geometry": { "type": "LineString", "coordinates": [ [ 13.458252, 63.368755 ], [ 13.657379, 63.555892 ] ] } },
{ "type": "Feature", "properties": { "voltage_kv": 220.0, "from_node": 3, "to_node": 6, "length_km": 23.710385208411321, "edge_source": "delaunay", "edge_set": "Delaunay1" }, "geometry": { "type": "LineString", "coordinates": [ [ 13.493958, 63.755779 ], [ 13.657379, 63.555892 ] ] } },
{ "type": "Feature", "properties": { "voltage_kv": 220.0, "from_node": 3, "to_node": 8, "length_km": 24.884900929257725, "edge_source": "delaunay", "edge_set": "Delaunay1" }, "geometry": { "type": "LineString", "coordinates": [ [ 13.493958, 63.755779 ], [ 13.769989, 63.942802 ] ] } },
{ "type": "Feature", "properties": { "voltage_kv": 220.0, "from_node": 3, "to_node": 10, "length_km": 16.374355347117845, "edge_source": "delaunay", "edge_set": "Delaunay1" }, "geometry": { "type": "LineString", "coordinates": [ [ 13.493958, 63.755779 ], [ 13.811188, 63.713238 ] ] } },
{ "type": "Feature", "properties": { "voltage_kv": 220.0, "from_node": 4, "to_node": 5, "length_km": 9.2610518102499366, "edge_source": "delaunay", "edge_set": "Delaunay1" }, "geometry": { "type": "LineString", "coordinates": [ [ 13.587341, 63.23239 ], [ 13.639526, 63.312066 ] ] } },
{ "type": "Feature", "properties": { "voltage_kv": 220.0, "from_node": 4, "to_node": 11, "length_km": 57.625326441688223, "edge_source": "delaunay", "edge_set": "Delaunay1" }, "geometry": { "type": "LineString", "coordinates": [ [ 13.587341, 63.23239 ], [ 13.903198, 62.735859 ] ] } },
{ "type": "Feature", "properties": { "voltage_kv": 220.0, "from_node": 4, "to_node": 21, "length_km": 57.829881455332973, "edge_source": "delaunay", "edge_set": "Delaunay1" }, "geometry": { "type": "LineString", "coordinates": [ [ 13.587341, 63.23239 ], [ 14.736786, 63.255266 ] ] } },
{ "type": "Feature", "properties": { "voltage_kv": 220.0, "from_node": 5, "to_node": 6, "length_km": 27.198241738277929, "edge_source": "delaunay", "edge_set": "Delaunay1" }, "geometry": { "type": "LineString", "coordinates": [ [ 13.639526, 63.312066 ], [ 13.657379, 63.555892 ] ] } },
{ "type": "Feature", "properties": { "voltage_kv": 220.0, "from_node": 5, "to_node": 21, "length_km": 55.437869800479746, "edge_source": "delaunay", "edge_set": "Delaunay1" }, "geometry": { "type": "LineString", "coordinates": [ [ 13.639526, 63.312066 ], [ 14.736786, 63.255266 ] ] } },
{ "type": "Feature", "properties": { "voltage_kv": 220.0, "from_node": 5, "to_node": 23, "length_km": 57.743911465795975, "edge_source": "delaunay", "edge_set": "Delaunay1" }, "geometry": { "type": "LineString", "coordinates": [ [ 13.639526, 63.312066 ], [ 14.788971, 63.348433 ] ] } },
{ "type": "Feature", "properties": { "voltage_kv": 220.0, "from_node": 6, "to_node": 10, "length_km": 19.128550565085607, "edge_source": "delaunay", "edge_set": "Delaunay1" }, "geometry": { "type": "LineString", "coordinates": [ [ 13.657379, 63.555892 ], [ 13.811188, 63.713238 ] ] } },
{ "type": "Feature", "properties": { "voltage_kv": 220.0, "from_node": 6, "to_node": 23, "length_km": 61.020546083007105, "edge_source": "delaunay", "edge_set": "Delaunay1" }, "geometry": { "type": "LineString", "coordinates": [ [ 13.657379, 63.555892 ], [ 14.788971, 63.348433 ] ] } },
{ "type": "Feature", "properties": { "voltage_kv": 220.0, "from_node": 7, "to_node": 9, "length_km": 166.04700081445154, "edge_source": "delaunay", "edge_set": "Delaunay1" }, "geometry": { "type": "LineString", "coordinates": [ [ 13.763123, 66.142743 ], [ 13.807068, 64.653876 ] ] } },
{ "type": "Feature", "properties": { "voltage_kv": 220.0, "from_node": 7, "to_node": 22, "length_km": 73.72347863684638, "edge_source": "delaunay", "edge_set": "Delaunay1" }, "geometry": { "type": "LineString", "coordinates": [ [ 13.763123, 66.142743 ], [ 14.765625, 65.62429 ] ] } },
{ "type": "Feature", "properties": { "voltage_kv": 220.0, "from_node": 7, "to_node": 26, "length_km": 72.140362737681883, "edge_source": "delaunay", "edge_set": "Delaunay1" }, "geometry": { "type": "LineString", "coordinates": [ [ 13.763123, 66.142743 ], [ 14.965643971847902, 65.721629736713297 ] ] } },
{ "type": "Feature", "properties": { "voltage_kv": 220.0, "from_node": 8, "to_node": 9, "length_km": 79.306702326602348, "edge_source": "delaunay", "edge_set": "Delaunay1" }, "geometry": { "type": "LineString", "coordinates": [ [ 13.769989, 63.942802 ], [ 13.807068, 64.653876 ] ] } },
{ "type": "Feature", "properties": { "voltage_kv": 220.0, "from_node": 8, "to_node": 10, "length_km": 25.67568135484365, "edge_source": "delaunay", "edge_set": "Delaunay1" }, "geometry": { "type": "LineString", "coordinates": [ [ 13.769989, 63.942802 ], [ 13.811188, 63.713238 ] ] } },
{ "type": "Feature", "properties": { "voltage_kv": 220.0, "from_node": 8, "to_node": 17, "length_km": 63.809579423714744, "edge_source": "delaunay", "edge_set": "Delaunay1" }, "geometry": { "type": "LineString", "coordinates": [ [ 13.769989, 63.942802 ], [ 14.180603, 64.486402 ] ] } },
{ "type": "Feature", "properties": { "voltage_kv": 220.0, "from_node": 8, "to_node": 24, "length_km": 66.91185534796611, "edge_source": "delaunay", "edge_set": "Delaunay1" }, "geometry": { "type": "LineString", "coordinates": [ [ 13.769989, 63.942802 ], [ 14.859009, 64.308372 ] ] } },
{ "type": "Feature", "properties": { "voltage_kv": 220.0, "from_node": 8, "to_node": 35, "length_km": 90.872082595104587, "edge_source": "delaunay", "edge_set": "Delaunay1" }, "geometry": { "type": "LineString", "coordinates": [ [ 13.769989, 63.942802 ], [ 15.619812, 64.001858 ] ] } },
{ "type": "Feature", "properties": { "voltage_kv": 220.0, "from_node": 9, "to_node": 13, "length_km": 15.49379099816856, "edge_source": "delaunay", "edge_set": "Delaunay1" }, "geometry": { "type": "LineString", "coordinates": [ [ 13.807068, 64.653876 ], [ 14.06662, 64.570857 ] ] } },
{ "type": "Feature", "properties": { "voltage_kv": 220.0, "from_node": 9, "to_node": 15, "length_km": 17.618375946718757, "edge_source": "delaunay", "edge_set": "Delaunay1" }, "geometry": { "type": "LineString", "coordinates": [ [ 13.807068, 64.653876 ], [ 14.146271, 64.71612 ] ] } },
{ "type": "Feature", "properties": { "voltage_kv": 220.0, "from_node": 9, "to_node": 17, "length_km": 25.873735968720872, "edge_source": "delaunay", "edge_set": "Delaunay1" }, "geometry": { "type": "LineString", "coordinates": [ [ 13.807068, 64.653876 ], [ 14.180603, 64.486402 ] ] } },
{ "type": "Feature", "properties": { "voltage_kv": 220.0, "from_node": 9, "to_node": 22, "length_km": 117.20075498647893, "edge_source": "delaunay", "edge_set": "Delaunay1" }, "geometry": { "type": "LineString", "coordinates": [ [ 13.807068, 64.653876 ], [ 14.765625, 65.62429 ] ] } },
{ "type": "Feature", "properties": { "voltage_kv": 220.0, "from_node": 10, "to_node": 23, "length_km": 63.419943802195014, "edge_source": "delaunay", "edge_set": "Delaunay1" }, "geometry": { "type": "LineString", "coordinates": [ [ 13.811188, 63.713238 ], [ 14.788971, 63.348433 ] ] } },
{ "type": "Feature", "properties": { "voltage_kv": 220.0, "from_node": 10, "to_node": 35, "length_km": 94.619158955004906, "edge_source": "delaunay", "edge_set": "Delaunay1" }, "geometry": { "type": "LineString", "coordinates": [ [ 13.811188, 63.713238 ], [ 15.619812, 64.001858 ] ] } },
{ "type": "Feature", "properties": { "voltage_kv": 220.0, "from_node": 11, "to_node": 12, "length_km": 66.327136521178019, "edge_source": "delaunay", "edge_set": "Delaunay1" }, "geometry": { "type": "LineString", "coordinates": [ [ 13.903198, 62.735859 ], [ 13.973236, 62.141768 ] ] } },
{ "type": "Feature", "properties": { "voltage_kv": 220.0, "from_node": 11, "to_node": 20, "length_km": 39.858523533338179, "edge_source": "delaunay", "edge_set": "Delaunay1" }, "geometry": { "type": "LineString", "coordinates": [ [ 13.903198, 62.735859 ], [ 14.515686, 62.516121 ] ] } },
{ "type": "Feature", "properties": { "voltage_kv": 220.0, "from_node": 11, "to_node": 21, "length_km": 71.689000454153501, "edge_source": "delaunay", "edge_set": "Delaunay1" }, "geometry": { "type": "LineString", "coordinates": [ [ 13.903198, 62.735859 ], [ 14.736786, 63.255266 ] ] } },
{ "type": "Feature", "properties": { "voltage_kv": 220.0, "from_node": 12, "to_node": 16, "length_km": 12.775732504882999, "edge_source": "delaunay", "edge_set": "Delaunay1" }, "geometry": { "type": "LineString", "coordinates": [ [ 13.973236, 62.141768 ], [ 14.16687, 62.071739 ] ] } },
{ "type": "Feature", "properties": { "voltage_kv": 220.0, "from_node": 12, "to_node": 20, "length_km": 50.325867088989469, "edge_source": "delaunay", "edge_set": "Delaunay1" }, "geometry": { "type": "LineString", "coordinates": [ [ 13.973236, 62.141768 ], [ 14.515686, 62.516121 ] ] } },
{ "type": "Feature", "properties": { "voltage_kv": 220.0, "from_node": 13, "to_node": 15, "length_km": 16.640289161366987, "edge_source": "delaunay", "edge_set": "Delaunay1" }, "geometry": { "type": "LineString", "coordinates": [ [ 14.06662, 64.570857 ], [ 14.146271, 64.71612 ] ] } },
{ "type": "Feature", "properties": { "voltage_kv": 220.0, "from_node": 13, "to_node": 17, "length_km": 10.892498280230264, "edge_source": "delaunay", "edge_set": "Delaunay1" }, "geometry": { "type": "LineString", "coordinates": [ [ 14.06662, 64.570857 ], [ 14.180603, 64.486402 ] ] } },
{ "type": "Feature", "properties": { "voltage_kv": 220.0, "from_node": 13, "to_node": 18, "length_km": 9.2802915006443012, "edge_source": "delaunay", "edge_set": "Delaunay1" }, "geometry": { "type": "LineString", "coordinates": [ [ 14.06662, 64.570857 ], [ 14.250641, 64.596791 ] ] } },
{ "type": "Feature", "properties": { "voltage_kv": 220.0, "from_node": 14, "to_node": 28, "length_km": 89.116917351003309, "edge_source": "delaunay", "edge_set": "Delaunay1" }, "geometry": { "type": "LineString", "coordinates": [ [ 14.111938, 58.598318 ], [ 15.184479, 59.173817 ] ] } },
{ "type": "Feature", "properties": { "voltage_kv": 220.0, "from_node": 14, "to_node": 30, "length_km": 116.12394309955756, "edge_source": "delaunay", "edge_set": "Delaunay1" }, "geometry": { "type": "LineString", "coordinates": [ [ 14.111938, 58.598318 ], [ 15.231171, 59.466013 ] ] } },
{ "type": "Feature", "properties": { "voltage_kv": 220.0, "from_node": 14, "to_node": 104, "length_km": 238.1327948229451, "edge_source": "delaunay", "edge_set": "Delaunay1" }, "geometry": { "type": "LineString", "coordinates": [ [ 14.111938, 58.598318 ], [ 18.124695, 59.084327 ] ] } },
{ "type": "Feature", "properties": { "voltage_kv": 220.0, "from_node": 15, "to_node": 18, "length_km": 14.211027269813188, "edge_source": "delaunay", "edge_set": "Delaunay1" }, "geometry": { "type": "LineString", "coordinates": [ [ 14.146271, 64.71612 ], [ 14.250641, 64.596791 ] ] } },
{ "type": "Feature", "properties": { "voltage_kv": 220.0, "from_node": 15, "to_node": 19, "length_km": 23.010756294142134, "edge_source": "delaunay", "edge_set": "Delaunay1" }, "geometry": { "type": "LineString", "coordinates": [ [ 14.146271, 64.71612 ], [ 14.381104, 64.536044 ] ] } },
{ "type": "Feature", "properties": { "voltage_kv": 220.0, "from_node": 15, "to_node": 22, "length_km": 105.36382197752047, "edge_source": "delaunay", "edge_set": "Delaunay1" }, "geometry": { "type": "LineString", "coordinates": [ [ 14.146271, 64.71612 ], [ 14.765625, 65.62429 ] ] } },
{ "type": "Feature", "properties": { "voltage_kv": 220.0, "from_node": 15, "to_node": 31, "length_km": 65.114246969101686, "edge_source": "delaunay", "edge_set": "Delaunay1" }, "geometry": { "type": "LineString", "coordinates": [ [ 14.146271, 64.71612 ], [ 15.450897, 64.54962 ] ] } },
{ "type": "Feature", "properties": { "voltage_kv": 220.0, "from_node": 15, "to_node": 40, "length_km": 82.598194924376457, "edge_source": "delaunay", "edge_set": "Delaunay1" }, "geometry": { "type": "LineString", "coordinates": [ [ 14.146271, 64.71612 ], [ 15.783234, 64.967159 ] ] } },
{ "type": "Feature", "properties": { "voltage_kv": 220.0, "from_node": 16, "to_node": 20, "length_km": 52.746800825330496, "edge_source": "delaunay", "edge_set": "Delaunay1" }, "geometry": { "type": "LineString", "coordinates": [ [ 14.16687, 62.071739 ], [ 14.515686, 62.516121 ] ] } },
{ "type": "Feature", "properties": { "voltage_kv": 220.0, "from_node": 16, "to_node": 27, "length_km": 57.910212341393787, "edge_source": "delaunay", "edge_set": "Delaunay1" }, "geometry": { "type": "LineString", "coordinates": [ [ 14.16687, 62.071739 ], [ 15.005951, 62.413273 ] ] } },
{ "type": "Feature", "properties": { "voltage_kv": 220.0, "from_node": 16, "to_node": 43, "length_km": 90.419959318043809, "edge_source": "delaunay", "edge_set": "Delaunay1" }, "geometry": { "type": "LineString", "coordinates": [ [ 14.16687, 62.071739 ], [ 15.843658, 61.88399 ] ] } },
{ "type": "Feature", "properties": { "voltage_kv": 220.0, "from_node": 16, "to_node": 50, "length_km": 215.71546933516609, "edge_source": "delaunay", "edge_set": "Delaunay1" }, "geometry": { "type": "LineString", "coordinates": [ [ 14.16687, 62.071739 ], [ 16.177368, 60.396897 ] ] } },
{ "type": "Feature", "properties": { "voltage_kv": 220.0, "from_node": 16, "to_node": 61, "length_km": 141.56288679208765, "edge_source": "delaunay", "edge_set": "Delaunay1" }, "geometry": { "type": "LineString", "coordinates": [ [ 14.16687, 62.071739 ], [ 16.44928, 61.407894 ] ] } },
{ "type": "Feature", "properties": { "voltage_kv": 220.0, "from_node": 17, "to_node": 18, "length_km": 12.760493812264913, "edge_source": "delaunay", "edge_set": "Delaunay1" }, "geometry": { "type": "LineString", "coordinates": [ [ 14.180603, 64.486402 ], [ 14.250641, 64.596791 ] ] } },
{ "type": "Feature", "properties": { "voltage_kv": 220.0, "from_node": 17, "to_node": 19, "length_km": 11.110915352964291, "edge_source": "delaunay", "edge_set": "Delaunay1" }, "geometry": { "type": "LineString", "coordinates": [ [ 14.180603, 64.486402 ], [ 14.381104, 64.536044 ] ] } },
{ "type": "Feature", "properties": { "voltage_kv": 220.0, "from_node": 17, "to_node": 24, "length_km": 38.283110943972929, "edge_source": "delaunay", "edge_set": "Delaunay1" }, "geometry": { "type": "LineString", "coordinates": [ [ 14.180603, 64.486402 ], [ 14.859009, 64.308372 ] ] } },
{ "type": "Feature", "properties": { "voltage_kv": 220.0, "from_node": 18, "to_node": 19, "length_km": 9.2209418098795854, "edge_source": "delaunay", "edge_set": "Delaunay1" }, "geometry": { "type": "LineString", "coordinates": [ [ 14.250641, 64.596791 ], [ 14.381104, 64.536044 ] ] } },
{ "type": "Feature", "properties": { "voltage_kv": 220.0, "from_node": 19, "to_node": 24, "length_km": 34.284214527058303, "edge_source": "delaunay", "edge_set": "Delaunay1" }, "geometry": { "type": "LineString", "coordinates": [ [ 14.381104, 64.536044 ], [ 14.859009, 64.308372 ] ] } },
{ "type": "Feature", "properties": { "voltage_kv": 220.0, "from_node": 19, "to_node": 25, "length_km": 34.688173475695265, "edge_source": "delaunay", "edge_set": "Delaunay1" }, "geometry": { "type": "LineString", "coordinates": [ [ 14.381104, 64.536044 ], [ 14.959259, 64.35061 ] ] } },
{ "type": "Feature", "properties": { "voltage_kv": 220.0, "from_node": 19, "to_node": 31, "length_km": 51.369924709096388, "edge_source": "delaunay", "edge_set": "Delaunay1" }, "geometry": { "type": "LineString", "coordinates": [ [ 14.381104, 64.536044 ], [ 15.450897, 64.54962 ] ] } },
{ "type": "Feature", "properties": { "voltage_kv": 220.0, "from_node": 20, "to_node": 21, "length_km": 83.178578269128394, "edge_source": "delaunay", "edge_set": "Delaunay1" }, "geometry": { "type": "LineString", "coordinates": [ [ 14.515686, 62.516121 ], [ 14.736786, 63.255266 ] ] } },
{ "type": "Feature", "properties": { "voltage_kv": 220.0, "from_node": 20, "to_node": 27, "length_km": 27.783675859471707, "edge_source": "delaunay", "edge_set": "Delaunay1" }, "geometry": { "type": "LineString", "coordinates": [ [ 14.515686, 62.516121 ], [ 15.005951, 62.413273 ] ] } },
{ "type": "Feature", "properties": { "voltage_kv": 220.0, "from_node": 20, "to_node": 32, "length_km": 85.29081096098426, "edge_source": "delaunay", "edge_set": "Delaunay1" }, "geometry": { "type": "LineString", "coordinates": [ [ 14.515686, 62.516121 ], [ 15.490723, 63.137606 ] ] } },
{ "type": "Feature", "properties": { "voltage_kv": 220.0, "from_node": 21, "to_node": 23, "length_km": 10.713663439402183, "edge_source": "delaunay", "edge_set": "Delaunay1" }, "geometry": { "type": "LineString", "coordinates": [ [ 14.736786, 63.255266 ], [ 14.788971, 63.348433 ] ] } },
{ "type": "Feature", "properties": { "voltage_kv": 220.0, "from_node": 21, "to_node": 29, "length_km": 23.686939704419597, "edge_source": "delaunay", "edge_set": "Delaunay1" }, "geometry": { "type": "LineString", "coordinates": [ [ 14.736786, 63.255266 ], [ 15.206451, 63.237956 ] ] } },
{ "type": "Feature", "properties": { "voltage_kv": 220.0, "from_node": 21, "to_node": 32, "length_km": 40.167658506550552, "edge_source": "delaunay", "edge_set": "Delaunay1" }, "geometry": { "type": "LineString", "coordinates": [ [ 14.736786, 63.255266 ], [ 15.490723, 63.137606 ] ] } },
{ "type": "Feature", "properties": { "voltage_kv": 220.0, "from_node": 22, "to_node": 26, "length_km": 14.231603858840066, "edge_source": "delaunay", "edge_set": "Delaunay1" }, "geometry": { "type": "LineString", "coordinates": [ [ 14.765625, 65.62429 ], [ 14.965643971847902, 65.721629736713297 ] ] } },
{ "type": "Feature", "properties": { "voltage_kv": 220.0, "from_node": 22, "to_node": 40, "length_km": 87.33959214842065, "edge_source": "delaunay", "edge_set": "Delaunay1" }, "geometry": { "type": "LineString", "coordinates": [ [ 14.765625, 65.62429 ], [ 15.783234, 64.967159 ] ] } },
{ "type": "Feature", "properties": { "voltage_kv": 220.0, "from_node": 22, "to_node": 42, "length_km": 50.773320646529591, "edge_source": "delaunay", "edge_set": "Delaunay1" }, "geometry": { "type": "LineString", "coordinates": [ [ 14.765625, 65.62429 ], [ 15.812073, 65.485626 ] ] } },
{ "type": "Feature", "properties": { "voltage_kv": 220.0, "from_node": 23, "to_node": 29, "length_km": 24.304972661258795, "edge_source": "delaunay", "edge_set": "Delaunay1" }, "geometry": { "type": "LineString", "coordinates": [ [ 14.788971, 63.348433 ], [ 15.206451, 63.237956 ] ] } },
{ "type": "Feature", "properties": { "voltage_kv": 220.0, "from_node": 23, "to_node": 35, "length_km": 83.684012889350441, "edge_source": "delaunay", "edge_set": "Delaunay1" }, "geometry": { "type": "LineString", "coordinates": [ [ 14.788971, 63.348433 ], [ 15.619812, 64.001858 ] ] } },
{ "type": "Feature", "properties": { "voltage_kv": 220.0, "from_node": 24, "to_node": 25, "length_km": 6.7606245170173818, "edge_source": "delaunay", "edge_set": "Delaunay1" }, "geometry": { "type": "LineString", "coordinates": [ [ 14.859009, 64.308372 ], [ 14.959259, 64.35061 ] ] } },
{ "type": "Feature", "properties": { "voltage_kv": 220.0, "from_node": 24, "to_node": 35, "length_km": 50.402349909813985, "edge_source": "delaunay", "edge_set": "Delaunay1" }, "geometry": { "type": "LineString", "coordinates": [ [ 14.859009, 64.308372 ], [ 15.619812, 64.001858 ] ] } },
{ "type": "Feature", "properties": { "voltage_kv": 220.0, "from_node": 24, "to_node": 37, "length_km": 48.103203264817104, "edge_source": "delaunay", "edge_set": "Delaunay1" }, "geometry": { "type": "LineString", "coordinates": [ [ 14.859009, 64.308372 ], [ 15.674744, 64.064393 ] ] } },
{ "type": "Feature", "properties": { "voltage_kv": 220.0, "from_node": 25, "to_node": 31, "length_km": 32.455658477089791, "edge_source": "delaunay", "edge_set": "Delaunay1" }, "geometry": { "type": "LineString", "coordinates": [ [ 14.959259, 64.35061 ], [ 15.450897, 64.54962 ] ] } },
{ "type": "Feature", "properties": { "voltage_kv": 220.0, "from_node": 25, "to_node": 36, "length_km": 37.679050133060926, "edge_source": "delaunay", "edge_set": "Delaunay1" }, "geometry": { "type": "LineString", "coordinates": [ [ 14.959259, 64.35061 ], [ 15.622559, 64.529548 ] ] } },
{ "type": "Feature", "properties": { "voltage_kv": 220.0, "from_node": 25, "to_node": 37, "length_km": 47.198698023200649, "edge_source": "delaunay", "edge_set": "Delaunay1" }, "geometry": { "type": "LineString", "coordinates": [ [ 14.959259, 64.35061 ], [ 15.674744, 64.064393 ] ] } },
{ "type": "Feature", "properties": { "voltage_kv": 220.0, "from_node": 26, "to_node": 42, "length_km": 47.09042618857719, "edge_source": "delaunay", "edge_set": "Delaunay1" }, "geometry": { "type": "LineString", "coordinates": [ [ 14.965643971847902, 65.721629736713297 ], [ 15.812073, 65.485626 ] ] } },
{ "type": "Feature", "properties": { "voltage_kv": 220.0, "from_node": 26, "to_node": 62, "length_km": 79.73291637438885, "edge_source": "delaunay", "edge_set": "Delaunay1" }, "geometry": { "type": "LineString", "coordinates": [ [ 14.965643971847902, 65.721629736713297 ], [ 16.489105, 65.386291 ] ] } },
{ "type": "Feature", "properties": { "voltage_kv": 220.0, "from_node": 27, "to_node": 32, "length_km": 84.484018410410016, "edge_source": "delaunay", "edge_set": "Delaunay1" }, "geometry": { "type": "LineString", "coordinates": [ [ 15.005951, 62.413273 ], [ 15.490723, 63.137606 ] ] } },
{ "type": "Feature", "properties": { "voltage_kv": 220.0, "from_node": 27, "to_node": 34, "length_km": 28.000387908571181, "edge_source": "delaunay", "edge_set": "Delaunay1" }, "geometry": { "type": "LineString", "coordinates": [ [ 15.005951, 62.413273 ], [ 15.544281, 62.441242 ] ] } },
{ "type": "Feature", "properties": { "voltage_kv": 220.0, "from_node": 27, "to_node": 43, "length_km": 73.440446781638613, "edge_source": "delaunay", "edge_set": "Delaunay1" }, "geometry": { "type": "LineString", "coordinates": [ [ 15.005951, 62.413273 ], [ 15.843658, 61.88399 ] ] } },
{ "type": "Feature", "properties": { "voltage_kv": 220.0, "from_node": 28, "to_node": 30, "length_km": 32.67915148750761, "edge_source": "delaunay", "edge_set": "Delaunay1" }, "geometry": { "type": "LineString", "coordinates": [ [ 15.184479, 59.173817 ], [ 15.231171, 59.466013 ] ] } },
{ "type": "Feature", "properties": { "voltage_kv": 220.0, "from_node": 28, "to_node": 45, "length_km": 57.483674776533924, "edge_source": "delaunay", "edge_set": "Delaunay1" }, "geometry": { "type": "LineString", "coordinates": [ [ 15.184479, 59.173817 ], [ 15.971375, 59.496697 ] ] } },
{ "type": "Feature", "properties": { "voltage_kv": 220.0, "from_node": 28, "to_node": 60, "length_km": 79.211441482260142, "edge_source": "delaunay", "edge_set": "Delaunay1" }, "geometry": { "type": "LineString", "coordinates": [ [ 15.184479, 59.173817 ], [ 16.417694, 59.502273 ] ] } },
{ "type": "Feature", "properties": { "voltage_kv": 220.0, "from_node": 28, "to_node": 99, "length_km": 147.78591616988317, "edge_source": "delaunay", "edge_set": "Delaunay1" }, "geometry": { "type": "LineString", "coordinates": [ [ 15.184479, 59.173817 ], [ 17.766266, 59.221637 ] ] } },
{ "type": "Feature", "properties": { "voltage_kv": 220.0, "from_node": 28, "to_node": 104, "length_km": 168.83758384736637, "edge_source": "delaunay", "edge_set": "Delaunay1" }, "geometry": { "type": "LineString", "coordinates": [ [ 15.184479, 59.173817 ], [ 18.124695, 59.084327 ] ] } },
{ "type": "Feature", "properties": { "voltage_kv": 220.0, "from_node": 29, "to_node": 32, "length_km": 18.173970382834089, "edge_source": "delaunay", "edge_set": "Delaunay1" }, "geometry": { "type": "LineString", "coordinates": [ [ 15.206451, 63.237956 ], [ 15.490723, 63.137606 ] ] } },
{ "type": "Feature", "properties": { "voltage_kv": 220.0, "from_node": 29, "to_node": 33, "length_km": 15.320635801756943, "edge_source": "delaunay", "edge_set": "Delaunay1" }, "geometry": { "type": "LineString", "coordinates": [ [ 15.206451, 63.237956 ], [ 15.493469, 63.19216 ] ] } },
{ "type": "Feature", "properties": { "voltage_kv": 220.0, "from_node": 29, "to_node": 35, "length_km": 87.630721199992976, "edge_source": "delaunay", "edge_set": "Delaunay1" }, "geometry": { "type": "LineString", "coordinates": [ [ 15.206451, 63.237956 ], [ 15.619812, 64.001858 ] ] } },
{ "type": "Feature", "properties": { "voltage_kv": 220.0, "from_node": 29, "to_node": 41, "length_km": 30.129653205759084, "edge_source": "delaunay", "edge_set": "Delaunay1" }, "geometry": { "type": "LineString", "coordinates": [ [ 15.206451, 63.237956 ], [ 15.805206, 63.249085 ] ] } },
{ "type": "Feature", "properties": { "voltage_kv": 220.0, "from_node": 30, "to_node": 45, "length_km": 42.117824685724294, "edge_source": "delaunay", "edge_set": "Delaunay1" }, "geometry": { "type": "LineString", "coordinates": [ [ 15.231171, 59.466013 ], [ 15.971375, 59.496697 ] ] } },
{ "type": "Feature", "properties": { "voltage_kv": 220.0, "from_node": 30, "to_node": 50, "length_km": 116.51031049641529, "edge_source": "delaunay", "edge_set": "Delaunay1" }, "geometry": { "type": "LineString", "coordinates": [ [ 15.231171, 59.466013 ], [ 16.177368, 60.396897 ] ] } },
{ "type": "Feature", "properties": { "voltage_kv": 220.0, "from_node": 31, "to_node": 36, "length_km": 8.5402552516853643, "edge_source": "delaunay", "edge_set": "Delaunay1" }, "geometry": { "type": "LineString", "coordinates": [ [ 15.450897, 64.54962 ], [ 15.622559, 64.529548 ] ] } },
{ "type": "Feature", "properties": { "voltage_kv": 220.0, "from_node": 31, "to_node": 39, "length_km": 22.429148863714527, "edge_source": "delaunay", "edge_set": "Delaunay1" }, "geometry": { "type": "LineString", "coordinates": [ [ 15.450897, 64.54962 ], [ 15.761261, 64.700279 ] ] } },
{ "type": "Feature", "properties": { "voltage_kv": 220.0, "from_node": 31, "to_node": 40, "length_km": 49.191019730280971, "edge_source": "delaunay", "edge_set": "Delaunay1" }, "geometry": { "type": "LineString", "coordinates": [ [ 15.450897, 64.54962 ], [ 15.783234, 64.967159 ] ] } },
{ "type": "Feature", "properties": { "voltage_kv": 220.0, "from_node": 32, "to_node": 33, "length_km": 6.0857414706669513, "edge_source": "delaunay", "edge_set": "Delaunay1" }, "geometry": { "type": "LineString", "coordinates": [ [ 15.490723, 63.137606 ], [ 15.493469, 63.19216 ] ] } },
{ "type": "Feature", "properties": { "voltage_kv": 220.0, "from_node": 32, "to_node": 34, "length_km": 77.708014939995977, "edge_source": "delaunay", "edge_set": "Delaunay1" }, "geometry": { "type": "LineString", "coordinates": [ [ 15.490723, 63.137606 ], [ 15.544281, 62.441242 ] ] } },
{ "type": "Feature", "properties": { "voltage_kv": 220.0, "from_node": 32, "to_node": 38, "length_km": 12.993261474887369, "edge_source": "delaunay", "edge_set": "Delaunay1" }, "geometry": { "type": "LineString", "coordinates": [ [ 15.490723, 63.137606 ], [ 15.746155, 63.152495 ] ] } },
{ "type": "Feature", "properties": { "voltage_kv": 220.0, "from_node": 32, "to_node": 48, "length_km": 47.997042412199804, "edge_source": "delaunay", "edge_set": "Delaunay1" }, "geometry": { "type": "LineString", "coordinates": [ [ 15.490723, 63.137606 ], [ 16.160889, 62.833835 ] ] } },
{ "type": "Feature", "properties": { "voltage_kv": 220.0, "from_node": 33, "to_node": 38, "length_km": 13.482610226576623, "edge_source": "delaunay", "edge_set": "Delaunay1" }, "geometry": { "type": "LineString", "coordinates": [ [ 15.493469, 63.19216 ], [ 15.746155, 63.152495 ] ] } },
{ "type": "Feature", "properties": { "voltage_kv": 220.0, "from_node": 33, "to_node": 41, "length_km": 16.92259429034732, "edge_source": "delaunay", "edge_set": "Delaunay1" }, "geometry": { "type": "LineString", "coordinates": [ [ 15.493469, 63.19216 ], [ 15.805206, 63.249085 ] ] } },
{ "type": "Feature", "properties": { "voltage_kv": 220.0, "from_node": 34, "to_node": 43, "length_km": 64.076028264921405, "edge_source": "delaunay", "edge_set": "Delaunay1" }, "geometry": { "type": "LineString", "coordinates": [ [ 15.544281, 62.441242 ], [ 15.843658, 61.88399 ] ] } },
{ "type": "Feature", "properties": { "voltage_kv": 220.0, "from_node": 34, "to_node": 46, "length_km": 28.644402249356105, "edge_source": "delaunay", "edge_set": "Delaunay1" }, "geometry": { "type": "LineString", "coordinates": [ [ 15.544281, 62.441242 ], [ 16.074371, 62.517388 ] ] } },
{ "type": "Feature", "properties": { "voltage_kv": 220.0, "from_node": 34, "to_node": 48, "length_km": 54.028723218819046, "edge_source": "delaunay", "edge_set": "Delaunay1" }, "geometry": { "type": "LineString", "coordinates": [ [ 15.544281, 62.441242 ], [ 16.160889, 62.833835 ] ] } },
{ "type": "Feature", "properties": { "voltage_kv": 220.0, "from_node": 34, "to_node": 56, "length_km": 41.118062535052978, "edge_source": "delaunay", "edge_set": "Delaunay1" }, "geometry": { "type": "LineString", "coordinates": [ [ 15.544281, 62.441242 ], [ 16.333923, 62.398006 ] ] } },
{ "type": "Feature", "properties": { "voltage_kv": 220.0, "from_node": 35, "to_node": 37, "length_km": 7.474522377604619, "edge_source": "delaunay", "edge_set": "Delaunay1" }, "geometry": { "type": "LineString", "coordinates": [ [ 15.619812, 64.001858 ], [ 15.674744, 64.064393 ] ] } },
{ "type": "Feature", "properties": { "voltage_kv": 220.0, "from_node": 35, "to_node": 41, "length_km": 84.464521549015629, "edge_source": "delaunay", "edge_set": "Delaunay1" }, "geometry": { "type": "LineString", "coordinates": [ [ 15.619812, 64.001858 ], [ 15.805206, 63.249085 ] ] } },
{ "type": "Feature", "properties": { "voltage_kv": 220.0, "from_node": 35, "to_node": 69, "length_km": 73.416014595474223, "edge_source": "delaunay", "edge_set": "Delaunay1" }, "geometry": { "type": "LineString", "coordinates": [ [ 15.619812, 64.001858 ], [ 16.756897, 63.577288 ] ] } },
{ "type": "Feature", "properties": { "voltage_kv": 220.0, "from_node": 35, "to_node": 70, "length_km": 70.036619135677881, "edge_source": "delaunay", "edge_set": "Delaunay1" }, "geometry": { "type": "LineString", "coordinates": [ [ 15.619812, 64.001858 ], [ 16.791229, 63.646259 ] ] } },
{ "type": "Feature", "properties": { "voltage_kv": 220.0, "from_node": 35, "to_node": 75, "length_km": 70.470794167371523, "edge_source": "delaunay", "edge_set": "Delaunay1" }, "geometry": { "type": "LineString", "coordinates": [ [ 15.619812, 64.001858 ], [ 16.894226, 63.713846 ] ] } },
{ "type": "Feature", "properties": { "voltage_kv": 220.0, "from_node": 35, "to_node": 78, "length_km": 65.777087278136349, "edge_source": "delaunay", "edge_set": "Delaunay1" }, "geometry": { "type": "LineString", "coordinates": [ [ 15.619812, 64.001858 ], [ 16.962891, 63.994031 ] ] } },
{ "type": "Feature", "properties": { "voltage_kv": 220.0, "from_node": 36, "to_node": 37, "length_km": 51.946238947768059, "edge_source": "delaunay", "edge_set": "Delaunay1" }, "geometry": { "type": "LineString", "coordinates": [ [ 15.622559, 64.529548 ], [ 15.674744, 64.064393 ] ] } },
{ "type": "Feature", "properties": { "voltage_kv": 220.0, "from_node": 36, "to_node": 39, "length_km": 20.169275307360234, "edge_source": "delaunay", "edge_set": "Delaunay1" }, "geometry": { "type": "LineString", "coordinates": [ [ 15.622559, 64.529548 ], [ 15.761261, 64.700279 ] ] } },
{ "type": "Feature", "properties": { "voltage_kv": 220.0, "from_node": 36, "to_node": 44, "length_km": 24.771295161199816, "edge_source": "delaunay", "edge_set": "Delaunay1" }, "geometry": { "type": "LineString", "coordinates": [ [ 15.622559, 64.529548 ], [ 15.923309, 64.710254 ] ] } },
{ "type": "Feature", "properties": { "voltage_kv": 220.0, "from_node": 36, "to_node": 93, "length_km": 86.68065125280701, "edge_source": "delaunay", "edge_set": "Delaunay1" }, "geometry": { "type": "LineString", "coordinates": [ [ 15.622559, 64.529548 ], [ 17.310333, 64.26428 ] ] } },
{ "type": "Feature", "properties": { "voltage_kv": 220.0, "from_node": 37, "to_node": 78, "length_km": 63.498238398584185, "edge_source": "delaunay", "edge_set": "Delaunay1" }, "geometry": { "type": "LineString", "coordinates": [ [ 15.674744, 64.064393 ], [ 16.962891, 63.994031 ] ] } },
{ "type": "Feature", "properties": { "voltage_kv": 220.0, "from_node": 37, "to_node": 93, "length_km": 82.686000923762634, "edge_source": "delaunay", "edge_set": "Delaunay1" }, "geometry": { "type": "LineString", "coordinates": [ [ 15.674744, 64.064393 ], [ 17.310333, 64.26428 ] ] } },
{ "type": "Feature", "properties": { "voltage_kv": 220.0, "from_node": 38, "to_node": 41, "length_km": 11.175958781015256, "edge_source": "delaunay", "edge_set": "Delaunay1" }, "geometry": { "type": "LineString", "coordinates": [ [ 15.746155, 63.152495 ], [ 15.805206, 63.249085 ] ] } },
{ "type": "Feature", "properties": { "voltage_kv": 220.0, "from_node": 38, "to_node": 47, "length_km": 19.582946224510039, "edge_source": "delaunay", "edge_set": "Delaunay1" }, "geometry": { "type": "LineString", "coordinates": [ [ 15.746155, 63.152495 ], [ 16.11145, 63.093516 ] ] } },
{ "type": "Feature", "properties": { "voltage_kv": 220.0, "from_node": 38, "to_node": 48, "length_km": 41.300604877659929, "edge_source": "delaunay", "edge_set": "Delaunay1" }, "geometry": { "type": "LineString", "coordinates": [ [ 15.746155, 63.152495 ], [ 16.160889, 62.833835 ] ] } },
{ "type": "Feature", "properties": { "voltage_kv": 220.0, "from_node": 38, "to_node": 49, "length_km": 21.404611136849955, "edge_source": "delaunay", "edge_set": "Delaunay1" }, "geometry": { "type": "LineString", "coordinates": [ [ 15.746155, 63.152495 ], [ 16.166382, 63.179771 ] ] } },
{ "type": "Feature", "properties": { "voltage_kv": 220.0, "from_node": 39, "to_node": 40, "length_km": 29.789287210625346, "edge_source": "delaunay", "edge_set": "Delaunay1" }, "geometry": { "type": "LineString", "coordinates": [ [ 15.761261, 64.700279 ], [ 15.783234, 64.967159 ] ] } },
{ "type": "Feature", "properties": { "voltage_kv": 220.0, "from_node": 39, "to_node": 44, "length_km": 7.8129401263292877, "edge_source": "delaunay", "edge_set": "Delaunay1" }, "geometry": { "type": "LineString", "coordinates": [ [ 15.761261, 64.700279 ], [ 15.923309, 64.710254 ] ] } },
{ "type": "Feature", "properties": { "voltage_kv": 220.0, "from_node": 40, "to_node": 42, "length_km": 57.854271695159689, "edge_source": "delaunay", "edge_set": "Delaunay1" }, "geometry": { "type": "LineString", "coordinates": [ [ 15.783234, 64.967159 ], [ 15.812073, 65.485626 ] ] } },
{ "type": "Feature", "properties": { "voltage_kv": 220.0, "from_node": 40, "to_node": 44, "length_km": 29.420660293169931, "edge_source": "delaunay", "edge_set": "Delaunay1" }, "geometry": { "type": "LineString", "coordinates": [ [ 15.783234, 64.967159 ], [ 15.923309, 64.710254 ] ] } },
{ "type": "Feature", "properties": { "voltage_kv": 220.0, "from_node": 40, "to_node": 58, "length_km": 48.61260809817874, "edge_source": "delaunay", "edge_set": "Delaunay1" }, "geometry": { "type": "LineString", "coordinates": [ [ 15.783234, 64.967159 ], [ 16.387482, 65.321005 ] ] } },
{ "type": "Feature", "properties": { "voltage_kv": 220.0, "from_node": 40, "to_node": 97, "length_km": 83.110513709508353, "edge_source": "delaunay", "edge_set": "Delaunay1" }, "geometry": { "type": "LineString", "coordinates": [ [ 15.783234, 64.967159 ], [ 17.541046, 64.996778 ] ] } },
{ "type": "Feature", "properties": { "voltage_kv": 220.0, "from_node": 41, "to_node": 49, "length_km": 19.755508195115056, "edge_source": "delaunay", "edge_set": "Delaunay1" }, "geometry": { "type": "LineString", "coordinates": [ [ 15.805206, 63.249085 ], [ 16.166382, 63.179771 ] ] } },
{ "type": "Feature", "properties": { "voltage_kv": 220.0, "from_node": 41, "to_node": 69, "length_km": 60.033419692879825, "edge_source": "delaunay", "edge_set": "Delaunay1" }, "geometry": { "type": "LineString", "coordinates": [ [ 15.805206, 63.249085 ], [ 16.756897, 63.577288 ] ] } },
{ "type": "Feature", "properties": { "voltage_kv": 220.0, "from_node": 42, "to_node": 58, "length_km": 32.449325477198435, "edge_source": "delaunay", "edge_set": "Delaunay1" }, "geometry": { "type": "LineString", "coordinates": [ [ 15.812073, 65.485626 ], [ 16.387482, 65.321005 ] ] } },
{ "type": "Feature", "properties": { "voltage_kv": 220.0, "from_node": 42, "to_node": 62, "length_km": 33.333600122869967, "edge_source": "delaunay", "edge_set": "Delaunay1" }, "geometry": { "type": "LineString", "coordinates": [ [ 15.812073, 65.485626 ], [ 16.489105, 65.386291 ] ] } },
{ "type": "Feature", "properties": { "voltage_kv": 220.0, "from_node": 43, "to_node": 54, "length_km": 27.876993451189605, "edge_source": "delaunay", "edge_set": "Delaunay1" }, "geometry": { "type": "LineString", "coordinates": [ [ 15.843658, 61.88399 ], [ 16.316071, 61.771824 ] ] } },
{ "type": "Feature", "properties": { "voltage_kv": 220.0, "from_node": 43, "to_node": 56, "length_km": 62.781390218342139, "edge_source": "delaunay", "edge_set": "Delaunay1" }, "geometry": { "type": "LineString", "coordinates": [ [ 15.843658, 61.88399 ], [ 16.333923, 62.398006 ] ] } },
{ "type": "Feature", "properties": { "voltage_kv": 220.0, "from_node": 43, "to_node": 61, "length_km": 62.061338704075304, "edge_source": "delaunay", "edge_set": "Delaunay1" }, "geometry": { "type": "LineString", "coordinates": [ [ 15.843658, 61.88399 ], [ 16.44928, 61.407894 ] ] } },
{ "type": "Feature", "properties": { "voltage_kv": 220.0, "from_node": 44, "to_node": 93, "length_km": 83.244376685759832, "edge_source": "delaunay", "edge_set": "Delaunay1" }, "geometry": { "type": "LineString", "coordinates": [ [ 15.923309, 64.710254 ], [ 17.310333, 64.26428 ] ] } },
{ "type": "Feature", "properties": { "voltage_kv": 220.0, "from_node": 44, "to_node": 97, "length_km": 83.184070902829333, "edge_source": "delaunay", "edge_set": "Delaunay1" }, "geometry": { "type": "LineString", "coordinates": [ [ 15.923309, 64.710254 ], [ 17.541046, 64.996778 ] ] } },
{ "type": "Feature", "properties": { "voltage_kv": 220.0, "from_node": 45, "to_node": 50, "length_km": 101.03929955276486, "edge_source": "delaunay", "edge_set": "Delaunay1" }, "geometry": { "type": "LineString", "coordinates": [ [ 15.971375, 59.496697 ], [ 16.177368, 60.396897 ] ] } },
{ "type": "Feature", "properties": { "voltage_kv": 220.0, "from_node": 45, "to_node": 52, "length_km": 98.992922870633578, "edge_source": "delaunay", "edge_set": "Delaunay1" }, "geometry": { "type": "LineString", "coordinates": [ [ 15.971375, 59.496697 ], [ 16.284446847098103, 60.370428457277711 ] ] } },
{ "type": "Feature", "properties": { "voltage_kv": 220.0, "from_node": 45, "to_node": 57, "length_km": 23.542897574779282, "edge_source": "delaunay", "edge_set": "Delaunay1" }, "geometry": { "type": "LineString", "coordinates": [ [ 15.971375, 59.496697 ], [ 16.368256, 59.559375 ] ] } },
{ "type": "Feature", "properties": { "voltage_kv": 220.0, "from_node": 45, "to_node": 60, "length_km": 25.311295511992423, "edge_source": "delaunay", "edge_set": "Delaunay1" }, "geometry": { "type": "LineString", "coordinates": [ [ 15.971375, 59.496697 ], [ 16.417694, 59.502273 ] ] } },
{ "type": "Feature", "properties": { "voltage_kv": 220.0, "from_node": 46, "to_node": 48, "length_km": 35.574140178079901, "edge_source": "delaunay", "edge_set": "Delaunay1" }, "geometry": { "type": "LineString", "coordinates": [ [ 16.074371, 62.517388 ], [ 16.160889, 62.833835 ] ] } },
{ "type": "Feature", "properties": { "voltage_kv": 220.0, "from_node": 46, "to_node": 53, "length_km": 35.589354288908588, "edge_source": "delaunay", "edge_set": "Delaunay1" }, "geometry": { "type": "LineString", "coordinates": [ [ 16.074371, 62.517388 ], [ 16.294098, 62.820038 ] ] } },
{ "type": "Feature", "properties": { "voltage_kv": 220.0, "from_node": 46, "to_node": 55, "length_km": 13.329702196855635, "edge_source": "delaunay", "edge_set": "Delaunay1" }, "geometry": { "type": "LineString", "coordinates": [ [ 16.074371, 62.517388 ], [ 16.329803, 62.499004 ] ] } },
{ "type": "Feature", "properties": { "voltage_kv": 220.0, "from_node": 46, "to_node": 56, "length_km": 18.895473268580275, "edge_source": "delaunay", "edge_set": "Delaunay1" }, "geometry": { "type": "LineString", "coordinates": [ [ 16.074371, 62.517388 ], [ 16.333923, 62.398006 ] ] } },
{ "type": "Feature", "properties": { "voltage_kv": 220.0, "from_node": 47, "to_node": 48, "length_km": 29.074312395343501, "edge_source": "delaunay", "edge_set": "Delaunay1" }, "geometry": { "type": "LineString", "coordinates": [ [ 16.11145, 63.093516 ], [ 16.160889, 62.833835 ] ] } },
{ "type": "Feature", "properties": { "voltage_kv": 220.0, "from_node": 47, "to_node": 49, "length_km": 10.012869953166687, "edge_source": "delaunay", "edge_set": "Delaunay1" }, "geometry": { "type": "LineString", "coordinates": [ [ 16.11145, 63.093516 ], [ 16.166382, 63.179771 ] ] } },
{ "type": "Feature", "properties": { "voltage_kv": 220.0, "from_node": 47, "to_node": 51, "length_km": 9.1435489922621969, "edge_source": "delaunay", "edge_set": "Delaunay1" }, "geometry": { "type": "LineString", "coordinates": [ [ 16.11145, 63.093516 ], [ 16.280365, 63.064292 ] ] } },
{ "type": "Feature", "properties": { "voltage_kv": 220.0, "from_node": 48, "to_node": 51, "length_km": 26.413397335541458, "edge_source": "delaunay", "edge_set": "Delaunay1" }, "geometry": { "type": "LineString", "coordinates": [ [ 16.160889, 62.833835 ], [ 16.280365, 63.064292 ] ] } },
{ "type": "Feature", "properties": { "voltage_kv": 220.0, "from_node": 48, "to_node": 53, "length_km": 6.9673643140299228, "edge_source": "delaunay", "edge_set": "Delaunay1" }, "geometry": { "type": "LineString", "coordinates": [ [ 16.160889, 62.833835 ], [ 16.294098, 62.820038 ] ] } },
{ "type": "Feature", "properties": { "voltage_kv": 220.0, "from_node": 49, "to_node": 51, "length_km": 14.109026220312312, "edge_source": "delaunay", "edge_set": "Delaunay1" }, "geometry": { "type": "LineString", "coordinates": [ [ 16.166382, 63.179771 ], [ 16.280365, 63.064292 ] ] } },
{ "type": "Feature", "properties": { "voltage_kv": 220.0, "from_node": 49, "to_node": 59, "length_km": 11.857002792305133, "edge_source": "delaunay", "edge_set": "Delaunay1" }, "geometry": { "type": "LineString", "coordinates": [ [ 16.166382, 63.179771 ], [ 16.401215, 63.173574 ] ] } },
{ "type": "Feature", "properties": { "voltage_kv": 220.0, "from_node": 49, "to_node": 69, "length_km": 53.294541857146676, "edge_source": "delaunay", "edge_set": "Delaunay1" }, "geometry": { "type": "LineString", "coordinates": [ [ 16.166382, 63.179771 ], [ 16.756897, 63.577288 ] ] } },
{ "type": "Feature", "properties": { "voltage_kv": 220.0, "from_node": 50, "to_node": 52, "length_km": 6.6070750847800568, "edge_source": "delaunay", "edge_set": "Delaunay1" }, "geometry": { "type": "LineString", "coordinates": [ [ 16.177368, 60.396897 ], [ 16.284446847098103, 60.370428457277711 ] ] } },
{ "type": "Feature", "properties": { "voltage_kv": 220.0, "from_node": 50, "to_node": 61, "length_km": 113.71831305669151, "edge_source": "delaunay", "edge_set": "Delaunay1" }, "geometry": { "type": "LineString", "coordinates": [ [ 16.177368, 60.396897 ], [ 16.44928, 61.407894 ] ] } },
{ "type": "Feature", "properties": { "voltage_kv": 220.0, "from_node": 50, "to_node": 63, "length_km": 18.528441856433734, "edge_source": "delaunay", "edge_set": "Delaunay1" }, "geometry": { "type": "LineString", "coordinates": [ [ 16.177368, 60.396897 ], [ 16.512451, 60.38672 ] ] } },
{ "type": "Feature", "properties": { "voltage_kv": 220.0, "from_node": 50, "to_node": 64, "length_km": 63.792439309383376, "edge_source": "delaunay", "edge_set": "Delaunay1" }, "geometry": { "type": "LineString", "coordinates": [ [ 16.177368, 60.396897 ], [ 16.637421, 60.922424 ] ] } },
{ "type": "Feature", "properties": { "voltage_kv": 220.0, "from_node": 51, "to_node": 53, "length_km": 27.255117794123773, "edge_source": "delaunay", "edge_set": "Delaunay1" }, "geometry": { "type": "LineString", "coordinates": [ [ 16.280365, 63.064292 ], [ 16.294098, 62.820038 ] ] } },
{ "type": "Feature", "properties": { "voltage_kv": 220.0, "from_node": 51, "to_node": 59, "length_km": 13.633313609265148, "edge_source": "delaunay", "edge_set": "Delaunay1" }, "geometry": { "type": "LineString", "coordinates": [ [ 16.280365, 63.064292 ], [ 16.401215, 63.173574 ] ] } },
{ "type": "Feature", "properties": { "voltage_kv": 220.0, "from_node": 51, "to_node": 66, "length_km": 21.896759469560696, "edge_source": "delaunay", "edge_set": "Delaunay1" }, "geometry": { "type": "LineString", "coordinates": [ [ 16.280365, 63.064292 ], [ 16.682739, 62.992664 ] ] } },
{ "type": "Feature", "properties": { "voltage_kv": 220.0, "from_node": 51, "to_node": 68, "length_km": 23.089813407272825, "edge_source": "delaunay", "edge_set": "Delaunay1" }, "geometry": { "type": "LineString", "coordinates": [ [ 16.280365, 63.064292 ], [ 16.730635536972599, 63.098502635448106 ] ] } },
{ "type": "Feature", "properties": { "voltage_kv": 220.0, "from_node": 52, "to_node": 57, "length_km": 90.56962922389431, "edge_source": "delaunay", "edge_set": "Delaunay1" }, "geometry": { "type": "LineString", "coordinates": [ [ 16.284446847098103, 60.370428457277711 ], [ 16.368256, 59.559375 ] ] } },
{ "type": "Feature", "properties": { "voltage_kv": 220.0, "from_node": 52, "to_node": 63, "length_km": 12.719646103265932, "edge_source": "delaunay", "edge_set": "Delaunay1" }, "geometry": { "type": "LineString", "coordinates": [ [ 16.284446847098103, 60.370428457277711 ], [ 16.512451, 60.38672 ] ] } },
{ "type": "Feature", "properties": { "voltage_kv": 220.0, "from_node": 52, "to_node": 74, "length_km": 70.243344936036792, "edge_source": "delaunay", "edge_set": "Delaunay1" }, "geometry": { "type": "LineString", "coordinates": [ [ 16.284446847098103, 60.370428457277711 ], [ 16.884613, 59.816518 ] ] } },
{ "type": "Feature", "properties": { "voltage_kv": 220.0, "from_node": 53, "to_node": 55, "length_km": 35.857079150837905, "edge_source": "delaunay", "edge_set": "Delaunay1" }, "geometry": { "type": "LineString", "coordinates": [ [ 16.294098, 62.820038 ], [ 16.329803, 62.499004 ] ] } },
{ "type": "Feature", "properties": { "voltage_kv": 220.0, "from_node": 53, "to_node": 66, "length_km": 27.601298836542565, "edge_source": "delaunay", "edge_set": "Delaunay1" }, "geometry": { "type": "LineString", "coordinates": [ [ 16.294098, 62.820038 ], [ 16.682739, 62.992664 ] ] } },
{ "type": "Feature", "properties": { "voltage_kv": 220.0, "from_node": 53, "to_node": 67, "length_km": 22.644414494515814, "edge_source": "delaunay", "edge_set": "Delaunay1" }, "geometry": { "type": "LineString", "coordinates": [ [ 16.294098, 62.820038 ], [ 16.717072, 62.882075 ] ] } },
{ "type": "Feature", "properties": { "voltage_kv": 220.0, "from_node": 53, "to_node": 71, "length_km": 28.254693380060822, "edge_source": "delaunay", "edge_set": "Delaunay1" }, "geometry": { "type": "LineString", "coordinates": [ [ 16.294098, 62.820038 ], [ 16.792603, 62.710685 ] ] } },
{ "type": "Feature", "properties": { "voltage_kv": 220.0, "from_node": 54, "to_node": 56, "length_km": 69.851416626105603, "edge_source": "delaunay", "edge_set": "Delaunay1" }, "geometry": { "type": "LineString", "coordinates": [ [ 16.316071, 61.771824 ], [ 16.333923, 62.398006 ] ] } },
{ "type": "Feature", "properties": { "voltage_kv": 220.0, "from_node": 54, "to_node": 61, "length_km": 41.205011887181065, "edge_source": "delaunay", "edge_set": "Delaunay1" }, "geometry": { "type": "LineString", "coordinates": [ [ 16.316071, 61.771824 ], [ 16.44928, 61.407894 ] ] } },
{ "type": "Feature", "properties": { "voltage_kv": 220.0, "from_node": 54, "to_node": 80, "length_km": 82.31539578056119, "edge_source": "delaunay", "edge_set": "Delaunay1" }, "geometry": { "type": "LineString", "coordinates": [ [ 16.316071, 61.771824 ], [ 16.993103, 62.438065 ] ] } },
{ "type": "Feature", "properties": { "voltage_kv": 220.0, "from_node": 54, "to_node": 87, "length_km": 80.799411850106139, "edge_source": "delaunay", "edge_set": "Delaunay1" }, "geometry": { "type": "LineString", "coordinates": [ [ 16.316071, 61.771824 ], [ 17.166138, 61.172384 ] ] } },
{ "type": "Feature", "properties": { "voltage_kv": 220.0, "from_node": 54, "to_node": 95, "length_km": 84.804370346325015, "edge_source": "delaunay", "edge_set": "Delaunay1" }, "geometry": { "type": "LineString", "coordinates": [ [ 16.316071, 61.771824 ], [ 17.362518, 62.352158 ] ] } },
{ "type": "Feature", "properties": { "voltage_kv": 220.0, "from_node": 55, "to_node": 56, "length_km": 11.267857415681428, "edge_source": "delaunay", "edge_set": "Delaunay1" }, "geometry": { "type": "LineString", "coordinates": [ [ 16.329803, 62.499004 ], [ 16.333923, 62.398006 ] ] } },
{ "type": "Feature", "properties": { "voltage_kv": 220.0, "from_node": 55, "to_node": 71, "length_km": 33.519232974315265, "edge_source": "delaunay", "edge_set": "Delaunay1" }, "geometry": { "type": "LineString", "coordinates": [ [ 16.329803, 62.499004 ], [ 16.792603, 62.710685 ] ] } },
{ "type": "Feature", "properties": { "voltage_kv": 220.0, "from_node": 55, "to_node": 80, "length_km": 34.920975324136052, "edge_source": "delaunay", "edge_set": "Delaunay1" }, "geometry": { "type": "LineString", "coordinates": [ [ 16.329803, 62.499004 ], [ 16.993103, 62.438065 ] ] } },
{ "type": "Feature", "properties": { "voltage_kv": 220.0, "from_node": 56, "to_node": 80, "length_km": 34.389302960529015, "edge_source": "delaunay", "edge_set": "Delaunay1" }, "geometry": { "type": "LineString", "coordinates": [ [ 16.333923, 62.398006 ], [ 16.993103, 62.438065 ] ] } },
{ "type": "Feature", "properties": { "voltage_kv": 220.0, "from_node": 57, "to_node": 60, "length_km": 6.9564834557477244, "edge_source": "delaunay", "edge_set": "Delaunay1" }, "geometry": { "type": "LineString", "coordinates": [ [ 16.368256, 59.559375 ], [ 16.417694, 59.502273 ] ] } },
{ "type": "Feature", "properties": { "voltage_kv": 220.0, "from_node": 57, "to_node": 65, "length_km": 19.714580179708058, "edge_source": "delaunay", "edge_set": "Delaunay1" }, "geometry": { "type": "LineString", "coordinates": [ [ 16.368256, 59.559375 ], [ 16.679993, 59.6386 ] ] } },
{ "type": "Feature", "properties": { "voltage_kv": 220.0, "from_node": 57, "to_node": 74, "length_km": 40.868139841382984, "edge_source": "delaunay", "edge_set": "Delaunay1" }, "geometry": { "type": "LineString", "coordinates": [ [ 16.368256, 59.559375 ], [ 16.884613, 59.816518 ] ] } },
{ "type": "Feature", "properties": { "voltage_kv": 220.0, "from_node": 58, "to_node": 62, "length_km": 8.6874922212287409, "edge_source": "delaunay", "edge_set": "Delaunay1" }, "geometry": { "type": "LineString", "coordinates": [ [ 16.387482, 65.321005 ], [ 16.489105, 65.386291 ] ] } },
{ "type": "Feature", "properties": { "voltage_kv": 220.0, "from_node": 58, "to_node": 97, "length_km": 65.118400598196914, "edge_source": "delaunay", "edge_set": "Delaunay1" }, "geometry": { "type": "LineString", "coordinates": [ [ 16.387482, 65.321005 ], [ 17.541046, 64.996778 ] ] } },
{ "type": "Feature", "properties": { "voltage_kv": 220.0, "from_node": 59, "to_node": 68, "length_km": 18.619194332155395, "edge_source": "delaunay", "edge_set": "Delaunay1" }, "geometry": { "type": "LineString", "coordinates": [ [ 16.401215, 63.173574 ], [ 16.730635536972599, 63.098502635448106 ] ] } },
{ "type": "Feature", "properties": { "voltage_kv": 220.0, "from_node": 59, "to_node": 69, "length_km": 48.431653811056563, "edge_source": "delaunay", "edge_set": "Delaunay1" }, "geometry": { "type": "LineString", "coordinates": [ [ 16.401215, 63.173574 ], [ 16.756897, 63.577288 ] ] } },
{ "type": "Feature", "properties": { "voltage_kv": 220.0, "from_node": 59, "to_node": 72, "length_km": 23.982028301588851, "edge_source": "delaunay", "edge_set": "Delaunay1" }, "geometry": { "type": "LineString", "coordinates": [ [ 16.401215, 63.173574 ], [ 16.876373, 63.164276 ] ] } },
{ "type": "Feature", "properties": { "voltage_kv": 220.0, "from_node": 59, "to_node": 76, "length_km": 38.647523919785613, "edge_source": "delaunay", "edge_set": "Delaunay1" }, "geometry": { "type": "LineString", "coordinates": [ [ 16.401215, 63.173574 ], [ 16.910706, 63.433317 ] ] } },
{ "type": "Feature", "properties": { "voltage_kv": 220.0, "from_node": 59, "to_node": 79, "length_km": 36.88279867561851, "edge_source": "delaunay", "edge_set": "Delaunay1" }, "geometry": { "type": "LineString", "coordinates": [ [ 16.401215, 63.173574 ], [ 16.98761, 63.372448 ] ] } },
{ "type": "Feature", "properties": { "voltage_kv": 220.0, "from_node": 60, "to_node": 65, "length_km": 21.246919575040597, "edge_source": "delaunay", "edge_set": "Delaunay1" }, "geometry": { "type": "LineString", "coordinates": [ [ 16.417694, 59.502273 ], [ 16.679993, 59.6386 ] ] } },
{ "type": "Feature", "properties": { "voltage_kv": 220.0, "from_node": 60, "to_node": 99, "length_km": 82.930692274791227, "edge_source": "delaunay", "edge_set": "Delaunay1" }, "geometry": { "type": "LineString", "coordinates": [ [ 16.417694, 59.502273 ], [ 17.766266, 59.221637 ] ] } },
{ "type": "Feature", "properties": { "voltage_kv": 220.0, "from_node": 61, "to_node": 64, "length_km": 55.09032489186977, "edge_source": "delaunay", "edge_set": "Delaunay1" }, "geometry": { "type": "LineString", "coordinates": [ [ 16.44928, 61.407894 ], [ 16.637421, 60.922424 ] ] } },
{ "type": "Feature", "properties": { "voltage_kv": 220.0, "from_node": 61, "to_node": 87, "length_km": 46.588068931573609, "edge_source": "delaunay", "edge_set": "Delaunay1" }, "geometry": { "type": "LineString", "coordinates": [ [ 16.44928, 61.407894 ], [ 17.166138, 61.172384 ] ] } },
{ "type": "Feature", "properties": { "voltage_kv": 220.0, "from_node": 62, "to_node": 97, "length_km": 65.734744992144286, "edge_source": "delaunay", "edge_set": "Delaunay1" }, "geometry": { "type": "LineString", "coordinates": [ [ 16.489105, 65.386291 ], [ 17.541046, 64.996778 ] ] } },
{ "type": "Feature", "properties": { "voltage_kv": 220.0, "from_node": 63, "to_node": 64, "length_km": 60.141340904762096, "edge_source": "delaunay", "edge_set": "Delaunay1" }, "geometry": { "type": "LineString", "coordinates": [ [ 16.512451, 60.38672 ], [ 16.637421, 60.922424 ] ] } },
{ "type": "Feature", "properties": { "voltage_kv": 220.0, "from_node": 63, "to_node": 74, "length_km": 66.890526015593963, "edge_source": "delaunay", "edge_set": "Delaunay1" }, "geometry": { "type": "LineString", "coordinates": [ [ 16.512451, 60.38672 ], [ 16.884613, 59.816518 ] ] } },
{ "type": "Feature", "properties": { "voltage_kv": 220.0, "from_node": 63, "to_node": 83, "length_km": 39.544794260962718, "edge_source": "delaunay", "edge_set": "Delaunay1" }, "geometry": { "type": "LineString", "coordinates": [ [ 16.512451, 60.38672 ], [ 17.045288, 60.624713 ] ] } },
{ "type": "Feature", "properties": { "voltage_kv": 220.0, "from_node": 63, "to_node": 92, "length_km": 42.162526077821518, "edge_source": "delaunay", "edge_set": "Delaunay1" }, "geometry": { "type": "LineString", "coordinates": [ [ 16.512451, 60.38672 ], [ 17.274628, 60.412496 ] ] } },
{ "type": "Feature", "properties": { "voltage_kv": 220.0, "from_node": 64, "to_node": 83, "length_km": 39.974400041297777, "edge_source": "delaunay", "edge_set": "Delaunay1" }, "geometry": { "type": "LineString", "coordinates": [ [ 16.637421, 60.922424 ], [ 17.045288, 60.624713 ] ] } },
{ "type": "Feature", "properties": { "voltage_kv": 220.0, "from_node": 64, "to_node": 87, "length_km": 39.941274877722165, "edge_source": "delaunay", "edge_set": "Delaunay1" }, "geometry": { "type": "LineString", "coordinates": [ [ 16.637421, 60.922424 ], [ 17.166138, 61.172384 ] ] } },
{ "type": "Feature", "properties": { "voltage_kv": 220.0, "from_node": 64, "to_node": 89, "length_km": 38.586618995422981, "edge_source": "delaunay", "edge_set": "Delaunay1" }, "geometry": { "type": "LineString", "coordinates": [ [ 16.637421, 60.922424 ], [ 17.179871, 60.700072 ] ] } },
{ "type": "Feature", "properties": { "voltage_kv": 220.0, "from_node": 65, "to_node": 74, "length_km": 22.94843116125714, "edge_source": "delaunay", "edge_set": "Delaunay1" }, "geometry": { "type": "LineString", "coordinates": [ [ 16.679993, 59.6386 ], [ 16.884613, 59.816518 ] ] } },
{ "type": "Feature", "properties": { "voltage_kv": 220.0, "from_node": 65, "to_node": 94, "length_km": 37.671613318807985, "edge_source": "delaunay", "edge_set": "Delaunay1" }, "geometry": { "type": "LineString", "coordinates": [ [ 16.679993, 59.6386 ], [ 17.329559, 59.716945 ] ] } },
{ "type": "Feature", "properties": { "voltage_kv": 220.0, "from_node": 65, "to_node": 99, "length_km": 77.299206317398841, "edge_source": "delaunay", "edge_set": "Delaunay1" }, "geometry": { "type": "LineString", "coordinates": [ [ 16.679993, 59.6386 ], [ 17.766266, 59.221637 ] ] } },
{ "type": "Feature", "properties": { "voltage_kv": 220.0, "from_node": 66, "to_node": 67, "length_km": 12.460504049623307, "edge_source": "delaunay", "edge_set": "Delaunay1" }, "geometry": { "type": "LineString", "coordinates": [ [ 16.682739, 62.992664 ], [ 16.717072, 62.882075 ] ] } },
{ "type": "Feature", "properties": { "voltage_kv": 220.0, "from_node": 66, "to_node": 68, "length_km": 12.054401313360605, "edge_source": "delaunay", "edge_set": "Delaunay1" }, "geometry": { "type": "LineString", "coordinates": [ [ 16.682739, 62.992664 ], [ 16.730635536972599, 63.098502635448106 ] ] } },
{ "type": "Feature", "properties": { "voltage_kv": 220.0, "from_node": 66, "to_node": 72, "length_km": 21.506315077662762, "edge_source": "delaunay", "edge_set": "Delaunay1" }, "geometry": { "type": "LineString", "coordinates": [ [ 16.682739, 62.992664 ], [ 16.876373, 63.164276 ] ] } },
{ "type": "Feature", "properties": { "voltage_kv": 220.0, "from_node": 67, "to_node": 71, "length_km": 19.506278982321206, "edge_source": "delaunay", "edge_set": "Delaunay1" }, "geometry": { "type": "LineString", "coordinates": [ [ 16.717072, 62.882075 ], [ 16.792603, 62.710685 ] ] } },
{ "type": "Feature", "properties": { "voltage_kv": 220.0, "from_node": 67, "to_node": 72, "length_km": 32.503217548812295, "edge_source": "delaunay", "edge_set": "Delaunay1" }, "geometry": { "type": "LineString", "coordinates": [ [ 16.717072, 62.882075 ], [ 16.876373, 63.164276 ] ] } },
{ "type": "Feature", "properties": { "voltage_kv": 220.0, "from_node": 67, "to_node": 73, "length_km": 16.246093014655209, "edge_source": "delaunay", "edge_set": "Delaunay1" }, "geometry": { "type": "LineString", "coordinates": [ [ 16.717072, 62.882075 ], [ 16.88324, 62.757869 ] ] } },
{ "type": "Feature", "properties": { "voltage_kv": 220.0, "from_node": 68, "to_node": 72, "length_km": 10.392319800993631, "edge_source": "delaunay", "edge_set": "Delaunay1" }, "geometry": { "type": "LineString", "coordinates": [ [ 16.730635536972599, 63.098502635448106 ], [ 16.876373, 63.164276 ] ] } },
{ "type": "Feature", "properties": { "voltage_kv": 220.0, "from_node": 69, "to_node": 70, "length_km": 7.8818102871451927, "edge_source": "delaunay", "edge_set": "Delaunay1" }, "geometry": { "type": "LineString", "coordinates": [ [ 16.756897, 63.577288 ], [ 16.791229, 63.646259 ] ] } },
{ "type": "Feature", "properties": { "voltage_kv": 220.0, "from_node": 69, "to_node": 76, "length_km": 17.79885335261363, "edge_source": "delaunay", "edge_set": "Delaunay1" }, "geometry": { "type": "LineString", "coordinates": [ [ 16.756897, 63.577288 ], [ 16.910706, 63.433317 ] ] } },
{ "type": "Feature", "properties": { "voltage_kv": 220.0, "from_node": 69, "to_node": 77, "length_km": 8.8408590791388306, "edge_source": "delaunay", "edge_set": "Delaunay1" }, "geometry": { "type": "LineString", "coordinates": [ [ 16.756897, 63.577288 ], [ 16.923065, 63.549164 ] ] } },
{ "type": "Feature", "properties": { "voltage_kv": 220.0, "from_node": 70, "to_node": 75, "length_km": 9.1048573485156137, "edge_source": "delaunay", "edge_set": "Delaunay1" }, "geometry": { "type": "LineString", "coordinates": [ [ 16.791229, 63.646259 ], [ 16.894226, 63.713846 ] ] } },
{ "type": "Feature", "properties": { "voltage_kv": 220.0, "from_node": 70, "to_node": 77, "length_km": 12.659392443386151, "edge_source": "delaunay", "edge_set": "Delaunay1" }, "geometry": { "type": "LineString", "coordinates": [ [ 16.791229, 63.646259 ], [ 16.923065, 63.549164 ] ] } },
{ "type": "Feature", "properties": { "voltage_kv": 220.0, "from_node": 71, "to_node": 73, "length_km": 7.016603870185798, "edge_source": "delaunay", "edge_set": "Delaunay1" }, "geometry": { "type": "LineString", "coordinates": [ [ 16.792603, 62.710685 ], [ 16.88324, 62.757869 ] ] } },
{ "type": "Feature", "properties": { "voltage_kv": 220.0, "from_node": 71, "to_node": 80, "length_km": 32.118067220928175, "edge_source": "delaunay", "edge_set": "Delaunay1" }, "geometry": { "type": "LineString", "coordinates": [ [ 16.792603, 62.710685 ], [ 16.993103, 62.438065 ] ] } },
{ "type": "Feature", "properties": { "voltage_kv": 220.0, "from_node": 72, "to_node": 73, "length_km": 45.344437670287512, "edge_source": "delaunay", "edge_set": "Delaunay1" }, "geometry": { "type": "LineString", "coordinates": [ [ 16.876373, 63.164276 ], [ 16.88324, 62.757869 ] ] } },
{ "type": "Feature", "properties": { "voltage_kv": 220.0, "from_node": 72, "to_node": 79, "length_km": 23.890120765994464, "edge_source": "delaunay", "edge_set": "Delaunay1" }, "geometry": { "type": "LineString", "coordinates": [ [ 16.876373, 63.164276 ], [ 16.98761, 63.372448 ] ] } },
{ "type": "Feature", "properties": { "voltage_kv": 220.0, "from_node": 72, "to_node": 84, "length_km": 14.708873835008827, "edge_source": "delaunay", "edge_set": "Delaunay1" }, "geometry": { "type": "LineString", "coordinates": [ [ 16.876373, 63.164276 ], [ 17.082367, 63.257738 ] ] } },
{ "type": "Feature", "properties": { "voltage_kv": 220.0, "from_node": 73, "to_node": 80, "length_km": 36.124958327118648, "edge_source": "delaunay", "edge_set": "Delaunay1" }, "geometry": { "type": "LineString", "coordinates": [ [ 16.88324, 62.757869 ], [ 16.993103, 62.438065 ] ] } },
{ "type": "Feature", "properties": { "voltage_kv": 220.0, "from_node": 73, "to_node": 84, "length_km": 56.679599450130496, "edge_source": "delaunay", "edge_set": "Delaunay1" }, "geometry": { "type": "LineString", "coordinates": [ [ 16.88324, 62.757869 ], [ 17.082367, 63.257738 ] ] } },
{ "type": "Feature", "properties": { "voltage_kv": 220.0, "from_node": 73, "to_node": 90, "length_km": 67.604769108913871, "edge_source": "delaunay", "edge_set": "Delaunay1" }, "geometry": { "type": "LineString", "coordinates": [ [ 16.88324, 62.757869 ], [ 17.230682, 63.342889 ] ] } },
{ "type": "Feature", "properties": { "voltage_kv": 220.0, "from_node": 73, "to_node": 95, "length_km": 51.559630654088643, "edge_source": "delaunay", "edge_set": "Delaunay1" }, "geometry": { "type": "LineString", "coordinates": [ [ 16.88324, 62.757869 ], [ 17.362518, 62.352158 ] ] } },
{ "type": "Feature", "properties": { "voltage_kv": 220.0, "from_node": 74, "to_node": 92, "length_km": 69.940595160827399, "edge_source": "delaunay", "edge_set": "Delaunay1" }, "geometry": { "type": "LineString", "coordinates": [ [ 16.884613, 59.816518 ], [ 17.274628, 60.412496 ] ] } },
{ "type": "Feature", "properties": { "voltage_kv": 220.0, "from_node": 74, "to_node": 94, "length_km": 27.388702008808579, "edge_source": "delaunay", "edge_set": "Delaunay1" }, "geometry": { "type": "LineString", "coordinates": [ [ 16.884613, 59.816518 ], [ 17.329559, 59.716945 ] ] } },
{ "type": "Feature", "properties": { "voltage_kv": 220.0, "from_node": 74, "to_node": 98, "length_km": 50.08498574289338, "edge_source": "delaunay", "edge_set": "Delaunay1" }, "geometry": { "type": "LineString", "coordinates": [ [ 16.884613, 59.816518 ], [ 17.748413, 59.930248 ] ] } },
{ "type": "Feature", "properties": { "voltage_kv": 220.0, "from_node": 75, "to_node": 77, "length_km": 18.430423071767571, "edge_source": "delaunay", "edge_set": "Delaunay1" }, "geometry": { "type": "LineString", "coordinates": [ [ 16.894226, 63.713846 ], [ 16.923065, 63.549164 ] ] } },
{ "type": "Feature", "properties": { "voltage_kv": 220.0, "from_node": 75, "to_node": 78, "length_km": 31.445258397374189, "edge_source": "delaunay", "edge_set": "Delaunay1" }, "geometry": { "type": "LineString", "coordinates": [ [ 16.894226, 63.713846 ], [ 16.962891, 63.994031 ] ] } },
{ "type": "Feature", "properties": { "voltage_kv": 220.0, "from_node": 75, "to_node": 81, "length_km": 7.7340277299812792, "edge_source": "delaunay", "edge_set": "Delaunay1" }, "geometry": { "type": "LineString", "coordinates": [ [ 16.894226, 63.713846 ], [ 17.041168, 63.737555 ] ] } },
{ "type": "Feature", "properties": { "voltage_kv": 220.0, "from_node": 75, "to_node": 86, "length_km": 19.583264778861668, "edge_source": "delaunay", "edge_set": "Delaunay1" }, "geometry": { "type": "LineString", "coordinates": [ [ 16.894226, 63.713846 ], [ 17.156525, 63.845512 ] ] } },
{ "type": "Feature", "properties": { "voltage_kv": 220.0, "from_node": 76, "to_node": 77, "length_km": 12.940488097306536, "edge_source": "delaunay", "edge_set": "Delaunay1" }, "geometry": { "type": "LineString", "coordinates": [ [ 16.910706, 63.433317 ], [ 16.923065, 63.549164 ] ] } },
{ "type": "Feature", "properties": { "voltage_kv": 220.0, "from_node": 76, "to_node": 79, "length_km": 7.8053946840304187, "edge_source": "delaunay", "edge_set": "Delaunay1" }, "geometry": { "type": "LineString", "coordinates": [ [ 16.910706, 63.433317 ], [ 16.98761, 63.372448 ] ] } },
{ "type": "Feature", "properties": { "voltage_kv": 220.0, "from_node": 76, "to_node": 82, "length_km": 8.6160839929662068, "edge_source": "delaunay", "edge_set": "Delaunay1" }, "geometry": { "type": "LineString", "coordinates": [ [ 16.910706, 63.433317 ], [ 17.043915, 63.48241 ] ] } },
{ "type": "Feature", "properties": { "voltage_kv": 220.0, "from_node": 76, "to_node": 85, "length_km": 10.796830321902521, "edge_source": "delaunay", "edge_set": "Delaunay1" }, "geometry": { "type": "LineString", "coordinates": [ [ 16.910706, 63.433317 ], [ 17.122192, 63.413656 ] ] } },
{ "type": "Feature", "properties": { "voltage_kv": 220.0, "from_node": 77, "to_node": 81, "length_km": 21.821742713009957, "edge_source": "delaunay", "edge_set": "Delaunay1" }, "geometry": { "type": "LineString", "coordinates": [ [ 16.923065, 63.549164 ], [ 17.041168, 63.737555 ] ] } },
{ "type": "Feature", "properties": { "voltage_kv": 220.0, "from_node": 77, "to_node": 82, "length_km": 9.5778679200980985, "edge_source": "delaunay", "edge_set": "Delaunay1" }, "geometry": { "type": "LineString", "coordinates": [ [ 16.923065, 63.549164 ], [ 17.043915, 63.48241 ] ] } },
{ "type": "Feature", "properties": { "voltage_kv": 220.0, "from_node": 78, "to_node": 86, "length_km": 19.107947790530677, "edge_source": "delaunay", "edge_set": "Delaunay1" }, "geometry": { "type": "LineString", "coordinates": [ [ 16.962891, 63.994031 ], [ 17.156525, 63.845512 ] ] } },
{ "type": "Feature", "properties": { "voltage_kv": 220.0, "from_node": 78, "to_node": 88, "length_km": 12.891741265745658, "edge_source": "delaunay", "edge_set": "Delaunay1" }, "geometry": { "type": "LineString", "coordinates": [ [ 16.962891, 63.994031 ], [ 17.168884, 63.922284 ] ] } },
{ "type": "Feature", "properties": { "voltage_kv": 220.0, "from_node": 78, "to_node": 91, "length_km": 23.406018944893788, "edge_source": "delaunay", "edge_set": "Delaunay1" }, "geometry": { "type": "LineString", "coordinates": [ [ 16.962891, 63.994031 ], [ 17.271881, 64.154341 ] ] } },
{ "type": "Feature", "properties": { "voltage_kv": 220.0, "from_node": 78, "to_node": 93, "length_km": 34.588655062904564, "edge_source": "delaunay", "edge_set": "Delaunay1" }, "geometry": { "type": "LineString", "coordinates": [ [ 16.962891, 63.994031 ], [ 17.310333, 64.26428 ] ] } },
{ "type": "Feature", "properties": { "voltage_kv": 220.0, "from_node": 79, "to_node": 84, "length_km": 13.653868836843927, "edge_source": "delaunay", "edge_set": "Delaunay1" }, "geometry": { "type": "LineString", "coordinates": [ [ 16.98761, 63.372448 ], [ 17.082367, 63.257738 ] ] } },
{ "type": "Feature", "properties": { "voltage_kv": 220.0, "from_node": 79, "to_node": 85, "length_km": 8.1545727564814161, "edge_source": "delaunay", "edge_set": "Delaunay1" }, "geometry": { "type": "LineString", "coordinates": [ [ 16.98761, 63.372448 ], [ 17.122192, 63.413656 ] ] } },
{ "type": "Feature", "properties": { "voltage_kv": 220.0, "from_node": 79, "to_node": 90, "length_km": 12.61753292329418, "edge_source": "delaunay", "edge_set": "Delaunay1" }, "geometry": { "type": "LineString", "coordinates": [ [ 16.98761, 63.372448 ], [ 17.230682, 63.342889 ] ] } },
{ "type": "Feature", "properties": { "voltage_kv": 220.0, "from_node": 80, "to_node": 95, "length_km": 21.394569802610349, "edge_source": "delaunay", "edge_set": "Delaunay1" }, "geometry": { "type": "LineString", "coordinates": [ [ 16.993103, 62.438065 ], [ 17.362518, 62.352158 ] ] } },
{ "type": "Feature", "properties": { "voltage_kv": 220.0, "from_node": 81, "to_node": 82, "length_km": 28.469981038839656, "edge_source": "delaunay", "edge_set": "Delaunay1" }, "geometry": { "type": "LineString", "coordinates": [ [ 17.041168, 63.737555 ], [ 17.043915, 63.48241 ] ] } },
{ "type": "Feature", "properties": { "voltage_kv": 220.0, "from_node": 81, "to_node": 85, "length_km": 36.36562784902884, "edge_source": "delaunay", "edge_set": "Delaunay1" }, "geometry": { "type": "LineString", "coordinates": [ [ 17.041168, 63.737555 ], [ 17.122192, 63.413656 ] ] } },
{ "type": "Feature", "properties": { "voltage_kv": 220.0, "from_node": 81, "to_node": 86, "length_km": 13.323662394566554, "edge_source": "delaunay", "edge_set": "Delaunay1" }, "geometry": { "type": "LineString", "coordinates": [ [ 17.041168, 63.737555 ], [ 17.156525, 63.845512 ] ] } },
{ "type": "Feature", "properties": { "voltage_kv": 220.0, "from_node": 82, "to_node": 85, "length_km": 8.6104934123251038, "edge_source": "delaunay", "edge_set": "Delaunay1" }, "geometry": { "type": "LineString", "coordinates": [ [ 17.043915, 63.48241 ], [ 17.122192, 63.413656 ] ] } },
{ "type": "Feature", "properties": { "voltage_kv": 220.0, "from_node": 83, "to_node": 89, "length_km": 11.179039703832764, "edge_source": "delaunay", "edge_set": "Delaunay1" }, "geometry": { "type": "LineString", "coordinates": [ [ 17.045288, 60.624713 ], [ 17.179871, 60.700072 ] ] } },
{ "type": "Feature", "properties": { "voltage_kv": 220.0, "from_node": 83, "to_node": 92, "length_km": 26.82532383465886, "edge_source": "delaunay", "edge_set": "Delaunay1" }, "geometry": { "type": "LineString", "coordinates": [ [ 17.045288, 60.624713 ], [ 17.274628, 60.412496 ] ] } },
{ "type": "Feature", "properties": { "voltage_kv": 220.0, "from_node": 84, "to_node": 90, "length_km": 12.071580358937437, "edge_source": "delaunay", "edge_set": "Delaunay1" }, "geometry": { "type": "LineString", "coordinates": [ [ 17.082367, 63.257738 ], [ 17.230682, 63.342889 ] ] } },
{ "type": "Feature", "properties": { "voltage_kv": 220.0, "from_node": 85, "to_node": 86, "length_km": 48.219258652059175, "edge_source": "delaunay", "edge_set": "Delaunay1" }, "geometry": { "type": "LineString", "coordinates": [ [ 17.122192, 63.413656 ], [ 17.156525, 63.845512 ] ] } },
{ "type": "Feature", "properties": { "voltage_kv": 220.0, "from_node": 85, "to_node": 90, "length_km": 9.584493073533336, "edge_source": "delaunay", "edge_set": "Delaunay1" }, "geometry": { "type": "LineString", "coordinates": [ [ 17.122192, 63.413656 ], [ 17.230682, 63.342889 ] ] } },
{ "type": "Feature", "properties": { "voltage_kv": 220.0, "from_node": 86, "to_node": 88, "length_km": 8.5884477360611324, "edge_source": "delaunay", "edge_set": "Delaunay1" }, "geometry": { "type": "LineString", "coordinates": [ [ 17.156525, 63.845512 ], [ 17.168884, 63.922284 ] ] } },
{ "type": "Feature", "properties": { "voltage_kv": 220.0, "from_node": 86, "to_node": 90, "length_km": 56.207625883567914, "edge_source": "delaunay", "edge_set": "Delaunay1" }, "geometry": { "type": "LineString", "coordinates": [ [ 17.156525, 63.845512 ], [ 17.230682, 63.342889 ] ] } },
{ "type": "Feature", "properties": { "voltage_kv": 220.0, "from_node": 86, "to_node": 96, "length_km": 40.299392871568237, "edge_source": "delaunay", "edge_set": "Delaunay1" }, "geometry": { "type": "LineString", "coordinates": [ [ 17.156525, 63.845512 ], [ 17.449036, 64.183063 ] ] } },
{ "type": "Feature", "properties": { "voltage_kv": 220.0, "from_node": 87, "to_node": 89, "length_km": 52.699495309688274, "edge_source": "delaunay", "edge_set": "Delaunay1" }, "geometry": { "type": "LineString", "coordinates": [ [ 17.166138, 61.172384 ], [ 17.179871, 60.700072 ] ] } },
{ "type": "Feature", "properties": { "voltage_kv": 220.0, "from_node": 88, "to_node": 91, "length_km": 26.381304638999133, "edge_source": "delaunay", "edge_set": "Delaunay1" }, "geometry": { "type": "LineString", "coordinates": [ [ 17.168884, 63.922284 ], [ 17.271881, 64.154341 ] ] } },
{ "type": "Feature", "properties": { "voltage_kv": 220.0, "from_node": 88, "to_node": 96, "length_km": 32.163951437604709, "edge_source": "delaunay", "edge_set": "Delaunay1" }, "geometry": { "type": "LineString", "coordinates": [ [ 17.168884, 63.922284 ], [ 17.449036, 64.183063 ] ] } },
{ "type": "Feature", "properties": { "voltage_kv": 220.0, "from_node": 89, "to_node": 92, "length_km": 32.503225521859335, "edge_source": "delaunay", "edge_set": "Delaunay1" }, "geometry": { "type": "LineString", "coordinates": [ [ 17.179871, 60.700072 ], [ 17.274628, 60.412496 ] ] } },
{ "type": "Feature", "properties": { "voltage_kv": 220.0, "from_node": 89, "to_node": 108, "length_km": 106.17689317890911, "edge_source": "delaunay", "edge_set": "Delaunay1" }, "geometry": { "type": "LineString", "coordinates": [ [ 17.179871, 60.700072 ], [ 18.623199, 60.071693 ] ] } },
{ "type": "Feature", "properties": { "voltage_kv": 220.0, "from_node": 89, "to_node": 109, "length_km": 115.20777552739693, "edge_source": "delaunay", "edge_set": "Delaunay1" }, "geometry": { "type": "LineString", "coordinates": [ [ 17.179871, 60.700072 ], [ 18.8237, 60.06484 ] ] } },
{ "type": "Feature", "properties": { "voltage_kv": 220.0, "from_node": 90, "to_node": 95, "length_km": 110.75663030517373, "edge_source": "delaunay", "edge_set": "Delaunay1" }, "geometry": { "type": "LineString", "coordinates": [ [ 17.230682, 63.342889 ], [ 17.362518, 62.352158 ] ] } },
{ "type": "Feature", "properties": { "voltage_kv": 220.0, "from_node": 90, "to_node": 96, "length_km": 94.377467117855645, "edge_source": "delaunay", "edge_set": "Delaunay1" }, "geometry": { "type": "LineString", "coordinates": [ [ 17.230682, 63.342889 ], [ 17.449036, 64.183063 ] ] } },
{ "type": "Feature", "properties": { "voltage_kv": 220.0, "from_node": 91, "to_node": 93, "length_km": 12.410381721320503, "edge_source": "delaunay", "edge_set": "Delaunay1" }, "geometry": { "type": "LineString", "coordinates": [ [ 17.271881, 64.154341 ], [ 17.310333, 64.26428 ] ] } },
{ "type": "Feature", "properties": { "voltage_kv": 220.0, "from_node": 91, "to_node": 96, "length_km": 9.2016985448072859, "edge_source": "delaunay", "edge_set": "Delaunay1" }, "geometry": { "type": "LineString", "coordinates": [ [ 17.271881, 64.154341 ], [ 17.449036, 64.183063 ] ] } },
{ "type": "Feature", "properties": { "voltage_kv": 220.0, "from_node": 92, "to_node": 98, "length_km": 59.908246807916044, "edge_source": "delaunay", "edge_set": "Delaunay1" }, "geometry": { "type": "LineString", "coordinates": [ [ 17.274628, 60.412496 ], [ 17.748413, 59.930248 ] ] } },
{ "type": "Feature", "properties": { "voltage_kv": 220.0, "from_node": 92, "to_node": 105, "length_km": 73.305109168646041, "edge_source": "delaunay", "edge_set": "Delaunay1" }, "geometry": { "type": "LineString", "coordinates": [ [ 17.274628, 60.412496 ], [ 18.233185, 59.961198 ] ] } },
{ "type": "Feature", "properties": { "voltage_kv": 220.0, "from_node": 92, "to_node": 108, "length_km": 83.934213252225476, "edge_source": "delaunay", "edge_set": "Delaunay1" }, "geometry": { "type": "LineString", "coordinates": [ [ 17.274628, 60.412496 ], [ 18.623199, 60.071693 ] ] } },
{ "type": "Feature", "properties": { "voltage_kv": 220.0, "from_node": 93, "to_node": 96, "length_km": 11.295048079565339, "edge_source": "delaunay", "edge_set": "Delaunay1" }, "geometry": { "type": "LineString", "coordinates": [ [ 17.310333, 64.26428 ], [ 17.449036, 64.183063 ] ] } },
{ "type": "Feature", "properties": { "voltage_kv": 220.0, "from_node": 93, "to_node": 97, "length_km": 82.492579478685244, "edge_source": "delaunay", "edge_set": "Delaunay1" }, "geometry": { "type": "LineString", "coordinates": [ [ 17.310333, 64.26428 ], [ 17.541046, 64.996778 ] ] } },
{ "type": "Feature", "properties": { "voltage_kv": 220.0, "from_node": 94, "to_node": 98, "length_km": 33.46865697609875, "edge_source": "delaunay", "edge_set": "Delaunay1" }, "geometry": { "type": "LineString", "coordinates": [ [ 17.329559, 59.716945 ], [ 17.748413, 59.930248 ] ] } },
{ "type": "Feature", "properties": { "voltage_kv": 220.0, "from_node": 94, "to_node": 99, "length_km": 60.571215019133483, "edge_source": "delaunay", "edge_set": "Delaunay1" }, "geometry": { "type": "LineString", "coordinates": [ [ 17.329559, 59.716945 ], [ 17.766266, 59.221637 ] ] } },
{ "type": "Feature", "properties": { "voltage_kv": 220.0, "from_node": 94, "to_node": 100, "length_km": 25.930028454818608, "edge_source": "delaunay", "edge_set": "Delaunay1" }, "geometry": { "type": "LineString", "coordinates": [ [ 17.329559, 59.716945 ], [ 17.789612, 59.719715 ] ] } },
{ "type": "Feature", "properties": { "voltage_kv": 220.0, "from_node": 96, "to_node": 97, "length_km": 90.923078557823786, "edge_source": "delaunay", "edge_set": "Delaunay1" }, "geometry": { "type": "LineString", "coordinates": [ [ 17.449036, 64.183063 ], [ 17.541046, 64.996778 ] ] } },
{ "type": "Feature", "properties": { "voltage_kv": 220.0, "from_node": 97, "to_node": 111, "length_km": 275.11933372118222, "edge_source": "delaunay", "edge_set": "Delaunay1" }, "geometry": { "type": "LineString", "coordinates": [ [ 17.541046, 64.996778 ], [ 23.100128, 65.837089 ] ] } },
{ "type": "Feature", "properties": { "voltage_kv": 220.0, "from_node": 98, "to_node": 100, "length_km": 23.606929136671418, "edge_source": "delaunay", "edge_set": "Delaunay1" }, "geometry": { "type": "LineString", "coordinates": [ [ 17.748413, 59.930248 ], [ 17.789612, 59.719715 ] ] } },
{ "type": "Feature", "properties": { "voltage_kv": 220.0, "from_node": 98, "to_node": 101, "length_km": 24.381474087100685, "edge_source": "delaunay", "edge_set": "Delaunay1" }, "geometry": { "type": "LineString", "coordinates": [ [ 17.748413, 59.930248 ], [ 17.925568, 59.730792 ] ] } },
{ "type": "Feature", "properties": { "voltage_kv": 220.0, "from_node": 98, "to_node": 105, "length_km": 27.359836361465764, "edge_source": "delaunay", "edge_set": "Delaunay1" }, "geometry": { "type": "LineString", "coordinates": [ [ 17.748413, 59.930248 ], [ 18.233185, 59.961198 ] ] } },
{ "type": "Feature", "properties": { "voltage_kv": 220.0, "from_node": 99, "to_node": 100, "length_km": 55.594970027037142, "edge_source": "delaunay", "edge_set": "Delaunay1" }, "geometry": { "type": "LineString", "coordinates": [ [ 17.766266, 59.221637 ], [ 17.789612, 59.719715 ] ] } },
{ "type": "Feature", "properties": { "voltage_kv": 220.0, "from_node": 99, "to_node": 102, "length_km": 21.631565058111192, "edge_source": "delaunay", "edge_set": "Delaunay1" }, "geometry": { "type": "LineString", "coordinates": [ [ 17.766266, 59.221637 ], [ 18.095856, 59.317075 ] ] } },
{ "type": "Feature", "properties": { "voltage_kv": 220.0, "from_node": 99, "to_node": 103, "length_km": 20.615874910436936, "edge_source": "delaunay", "edge_set": "Delaunay1" }, "geometry": { "type": "LineString", "coordinates": [ [ 17.766266, 59.221637 ], [ 18.110962, 59.168187 ] ] } },
{ "type": "Feature", "properties": { "voltage_kv": 220.0, "from_node": 99, "to_node": 104, "length_km": 25.630466871040174, "edge_source": "delaunay", "edge_set": "Delaunay1" }, "geometry": { "type": "LineString", "coordinates": [ [ 17.766266, 59.221637 ], [ 18.124695, 59.084327 ] ] } },
{ "type": "Feature", "properties": { "voltage_kv": 220.0, "from_node": 100, "to_node": 101, "length_km": 7.7609838591934928, "edge_source": "delaunay", "edge_set": "Delaunay1" }, "geometry": { "type": "LineString", "coordinates": [ [ 17.789612, 59.719715 ], [ 17.925568, 59.730792 ] ] } },
{ "type": "Feature", "properties": { "voltage_kv": 220.0, "from_node": 100, "to_node": 102, "length_km": 48.172481368782698, "edge_source": "delaunay", "edge_set": "Delaunay1" }, "geometry": { "type": "LineString", "coordinates": [ [ 17.789612, 59.719715 ], [ 18.095856, 59.317075 ] ] } },
{ "type": "Feature", "properties": { "voltage_kv": 220.0, "from_node": 101, "to_node": 102, "length_km": 47.169948102832571, "edge_source": "delaunay", "edge_set": "Delaunay1" }, "geometry": { "type": "LineString", "coordinates": [ [ 17.925568, 59.730792 ], [ 18.095856, 59.317075 ] ] } },
{ "type": "Feature", "properties": { "voltage_kv": 220.0, "from_node": 101, "to_node": 105, "length_km": 30.978748819090779, "edge_source": "delaunay", "edge_set": "Delaunay1" }, "geometry": { "type": "LineString", "coordinates": [ [ 17.925568, 59.730792 ], [ 18.233185, 59.961198 ] ] } },
{ "type": "Feature", "properties": { "voltage_kv": 220.0, "from_node": 101, "to_node": 106, "length_km": 38.914937024178371, "edge_source": "delaunay", "edge_set": "Delaunay1" }, "geometry": { "type": "LineString", "coordinates": [ [ 17.925568, 59.730792 ], [ 18.404846, 59.480661 ] ] } },
{ "type": "Feature", "properties": { "voltage_kv": 220.0, "from_node": 101, "to_node": 107, "length_km": 40.961030063200013, "edge_source": "delaunay", "edge_set": "Delaunay1" }, "geometry": { "type": "LineString", "coordinates": [ [ 17.925568, 59.730792 ], [ 18.621826, 59.837916 ] ] } },
{ "type": "Feature", "properties": { "voltage_kv": 220.0, "from_node": 102, "to_node": 103, "length_km": 16.639071276532547, "edge_source": "delaunay", "edge_set": "Delaunay1" }, "geometry": { "type": "LineString", "coordinates": [ [ 18.095856, 59.317075 ], [ 18.110962, 59.168187 ] ] } },
{ "type": "Feature", "properties": { "voltage_kv": 220.0, "from_node": 102, "to_node": 106, "length_km": 25.351037691671316, "edge_source": "delaunay", "edge_set": "Delaunay1" }, "geometry": { "type": "LineString", "coordinates": [ [ 18.095856, 59.317075 ], [ 18.404846, 59.480661 ] ] } },
{ "type": "Feature", "properties": { "voltage_kv": 220.0, "from_node": 103, "to_node": 104, "length_km": 9.3923194000047641, "edge_source": "delaunay", "edge_set": "Delaunay1" }, "geometry": { "type": "LineString", "coordinates": [ [ 18.110962, 59.168187 ], [ 18.124695, 59.084327 ] ] } },
{ "type": "Feature", "properties": { "voltage_kv": 220.0, "from_node": 103, "to_node": 106, "length_km": 38.696386173260734, "edge_source": "delaunay", "edge_set": "Delaunay1" }, "geometry": { "type": "LineString", "coordinates": [ [ 18.110962, 59.168187 ], [ 18.404846, 59.480661 ] ] } },
{ "type": "Feature", "properties": { "voltage_kv": 220.0, "from_node": 104, "to_node": 106, "length_km": 47.041464225920407, "edge_source": "delaunay", "edge_set": "Delaunay1" }, "geometry": { "type": "LineString", "coordinates": [ [ 18.124695, 59.084327 ], [ 18.404846, 59.480661 ] ] } },
{ "type": "Feature", "properties": { "voltage_kv": 220.0, "from_node": 105, "to_node": 107, "length_km": 25.775375852559378, "edge_source": "delaunay", "edge_set": "Delaunay1" }, "geometry": { "type": "LineString", "coordinates": [ [ 18.233185, 59.961198 ], [ 18.621826, 59.837916 ] ] } },
{ "type": "Feature", "properties": { "voltage_kv": 220.0, "from_node": 105, "to_node": 108, "length_km": 25.042248793625603, "edge_source": "delaunay", "edge_set": "Delaunay1" }, "geometry": { "type": "LineString", "coordinates": [ [ 18.233185, 59.961198 ], [ 18.623199, 60.071693 ] ] } },
{ "type": "Feature", "properties": { "voltage_kv": 220.0, "from_node": 106, "to_node": 107, "length_km": 41.721877209083985, "edge_source": "delaunay", "edge_set": "Delaunay1" }, "geometry": { "type": "LineString", "coordinates": [ [ 18.404846, 59.480661 ], [ 18.621826, 59.837916 ] ] } },
{ "type": "Feature", "properties": { "voltage_kv": 220.0, "from_node": 106, "to_node": 109, "length_km": 69.348712425113945, "edge_source": "delaunay", "edge_set": "Delaunay1" }, "geometry": { "type": "LineString", "coordinates": [ [ 18.404846, 59.480661 ], [ 18.8237, 60.06484 ] ] } },
{ "type": "Feature", "properties": { "voltage_kv": 220.0, "from_node": 107, "to_node": 108, "length_km": 26.098911941004076, "edge_source": "delaunay", "edge_set": "Delaunay1" }, "geometry": { "type": "LineString", "coordinates": [ [ 18.621826, 59.837916 ], [ 18.623199, 60.071693 ] ] } },
{ "type": "Feature", "properties": { "voltage_kv": 220.0, "from_node": 107, "to_node": 109, "length_km": 27.742878417230628, "edge_source": "delaunay", "edge_set": "Delaunay1" }, "geometry": { "type": "LineString", "coordinates": [ [ 18.621826, 59.837916 ], [ 18.8237, 60.06484 ] ] } },
{ "type": "Feature", "properties": { "voltage_kv": 220.0, "from_node": 108, "to_node": 109, "length_km": 11.214365869469066, "edge_source": "delaunay", "edge_set": "Delaunay1" }, "geometry": { "type": "LineString", "coordinates": [ [ 18.623199, 60.071693 ], [ 18.8237, 60.06484 ] ] } },
{ "type": "Feature", "properties": { "voltage_kv": 220.0, "from_node": 110, "to_node": 112, "length_km": 120.56483846662992, "edge_source": "delaunay", "edge_set": "Delaunay1" }, "geometry": { "type": "LineString", "coordinates": [ [ 22.633209, 62.789912 ], [ 23.1427, 63.842485 ] ] } },
{ "type": "Feature", "properties": { "voltage_kv": 220.0, "from_node": 110, "to_node": 113, "length_km": 86.982743705796167, "edge_source": "delaunay", "edge_set": "Delaunay1" }, "geometry": { "type": "LineString", "coordinates": [ [ 22.633209, 62.789912 ], [ 24.285278, 62.976446 ] ] } },
{ "type": "Feature", "properties": { "voltage_kv": 220.0, "from_node": 110, "to_node": 117, "length_km": 144.51579928607234, "edge_source": "delaunay", "edge_set": "Delaunay1" }, "geometry": { "type": "LineString", "coordinates": [ [ 22.633209, 62.789912 ], [ 25.180664, 62.261532 ] ] } },
{ "type": "Feature", "properties": { "voltage_kv": 220.0, "from_node": 110, "to_node": 118, "length_km": 170.2796362335184, "edge_source": "delaunay", "edge_set": "Delaunay1" }, "geometry": { "type": "LineString", "coordinates": [ [ 22.633209, 62.789912 ], [ 25.252075, 61.880107 ] ] } },
{ "type": "Feature", "properties": { "voltage_kv": 220.0, "from_node": 111, "to_node": 114, "length_km": 83.85488725540344, "edge_source": "delaunay", "edge_set": "Delaunay1" }, "geometry": { "type": "LineString", "coordinates": [ [ 23.100128, 65.837089 ], [ 24.892273, 65.995123 ] ] } },
{ "type": "Feature", "properties": { "voltage_kv": 220.0, "from_node": 111, "to_node": 115, "length_km": 96.025501495545484, "edge_source": "delaunay", "edge_set": "Delaunay1" }, "geometry": { "type": "LineString", "coordinates": [ [ 23.100128, 65.837089 ], [ 25.069427, 66.140521 ] ] } },
{ "type": "Feature", "properties": { "voltage_kv": 220.0, "from_node": 111, "to_node": 116, "length_km": 205.74837440993883, "edge_source": "delaunay", "edge_set": "Delaunay1" }, "geometry": { "type": "LineString", "coordinates": [ [ 23.100128, 65.837089 ], [ 25.085907, 67.498059 ] ] } },
{ "type": "Feature", "properties": { "voltage_kv": 220.0, "from_node": 112, "to_node": 113, "length_km": 112.67208931119349, "edge_source": "delaunay", "edge_set": "Delaunay1" }, "geometry": { "type": "LineString", "coordinates": [ [ 23.1427, 63.842485 ], [ 24.285278, 62.976446 ] ] } },
{ "type": "Feature", "properties": { "voltage_kv": 220.0, "from_node": 112, "to_node": 119, "length_km": 110.28901850979094, "edge_source": "delaunay", "edge_set": "Delaunay1" }, "geometry": { "type": "LineString", "coordinates": [ [ 23.1427, 63.842485 ], [ 25.333099, 64.045767 ] ] } },
{ "type": "Feature", "properties": { "voltage_kv": 220.0, "from_node": 112, "to_node": 122, "length_km": 189.20688920339651, "edge_source": "delaunay", "edge_set": "Delaunay1" }, "geometry": { "type": "LineString", "coordinates": [ [ 23.1427, 63.842485 ], [ 26.05957, 64.965416 ] ] } },
{ "type": "Feature", "properties": { "voltage_kv": 220.0, "from_node": 113, "to_node": 117, "length_km": 92.5159660996827, "edge_source": "delaunay", "edge_set": "Delaunay1" }, "geometry": { "type": "LineString", "coordinates": [ [ 24.285278, 62.976446 ], [ 25.180664, 62.261532 ] ] } },
{ "type": "Feature", "properties": { "voltage_kv": 220.0, "from_node": 113, "to_node": 119, "length_km": 130.81987912840117, "edge_source": "delaunay", "edge_set": "Delaunay1" }, "geometry": { "type": "LineString", "coordinates": [ [ 24.285278, 62.976446 ], [ 25.333099, 64.045767 ] ] } },
{ "type": "Feature", "properties": { "voltage_kv": 220.0, "from_node": 114, "to_node": 115, "length_km": 18.17319528818285, "edge_source": "delaunay", "edge_set": "Delaunay1" }, "geometry": { "type": "LineString", "coordinates": [ [ 24.892273, 65.995123 ], [ 25.069427, 66.140521 ] ] } },
{ "type": "Feature", "properties": { "voltage_kv": 220.0, "from_node": 114, "to_node": 120, "length_km": 40.285141903337681, "edge_source": "delaunay", "edge_set": "Delaunay1" }, "geometry": { "type": "LineString", "coordinates": [ [ 24.892273, 65.995123 ], [ 25.415497, 66.285642 ] ] } },
{ "type": "Feature", "properties": { "voltage_kv": 220.0, "from_node": 114, "to_node": 122, "length_km": 127.56817415526223, "edge_source": "delaunay", "edge_set": "Delaunay1" }, "geometry": { "type": "LineString", "coordinates": [ [ 24.892273, 65.995123 ], [ 26.05957, 64.965416 ] ] } },
{ "type": "Feature", "properties": { "voltage_kv": 220.0, "from_node": 114, "to_node": 130, "length_km": 104.01618805010317, "edge_source": "delaunay", "edge_set": "Delaunay1" }, "geometry": { "type": "LineString", "coordinates": [ [ 24.892273, 65.995123 ], [ 27.030487, 66.33089 ] ] } },
{ "type": "Feature", "properties": { "voltage_kv": 220.0, "from_node": 115, "to_node": 116, "length_km": 152.06399185929646, "edge_source": "delaunay", "edge_set": "Delaunay1" }, "geometry": { "type": "LineString", "coordinates": [ [ 25.069427, 66.140521 ], [ 25.085907, 67.498059 ] ] } },
{ "type": "Feature", "properties": { "voltage_kv": 220.0, "from_node": 115, "to_node": 120, "length_km": 22.57184402240906, "edge_source": "delaunay", "edge_set": "Delaunay1" }, "geometry": { "type": "LineString", "coordinates": [ [ 25.069427, 66.140521 ], [ 25.415497, 66.285642 ] ] } },
{ "type": "Feature", "properties": { "voltage_kv": 220.0, "from_node": 116, "to_node": 120, "length_km": 136.59173804604086, "edge_source": "delaunay", "edge_set": "Delaunay1" }, "geometry": { "type": "LineString", "coordinates": [ [ 25.085907, 67.498059 ], [ 25.415497, 66.285642 ] ] } },
{ "type": "Feature", "properties": { "voltage_kv": 220.0, "from_node": 116, "to_node": 121, "length_km": 124.63504068679848, "edge_source": "delaunay", "edge_set": "Delaunay1" }, "geometry": { "type": "LineString", "coordinates": [ [ 25.085907, 67.498059 ], [ 25.717621, 66.413451 ] ] } },
{ "type": "Feature", "properties": { "voltage_kv": 220.0, "from_node": 116, "to_node": 123, "length_km": 44.717950583846921, "edge_source": "delaunay", "edge_set": "Delaunay1" }, "geometry": { "type": "LineString", "coordinates": [ [ 25.085907, 67.498059 ], [ 26.098022, 67.596139 ] ] } },
{ "type": "Feature", "properties": { "voltage_kv": 220.0, "from_node": 116, "to_node": 131, "length_km": 276.96586876672455, "edge_source": "delaunay", "edge_set": "Delaunay1" }, "geometry": { "type": "LineString", "coordinates": [ [ 25.085907, 67.498059 ], [ 27.071686, 69.862801 ] ] } },
{ "type": "Feature", "properties": { "voltage_kv": 220.0, "from_node": 116, "to_node": 135, "length_km": 168.18452608992703, "edge_source": "delaunay", "edge_set": "Delaunay1" }, "geometry": { "type": "LineString", "coordinates": [ [ 25.085907, 67.498059 ], [ 27.674561, 68.645556 ] ] } },
{ "type": "Feature", "properties": { "voltage_kv": 220.0, "from_node": 117, "to_node": 118, "length_km": 42.945915431752269, "edge_source": "delaunay", "edge_set": "Delaunay1" }, "geometry": { "type": "LineString", "coordinates": [ [ 25.180664, 62.261532 ], [ 25.252075, 61.880107 ] ] } },
{ "type": "Feature", "properties": { "voltage_kv": 220.0, "from_node": 117, "to_node": 119, "length_km": 200.21882136588727, "edge_source": "delaunay", "edge_set": "Delaunay1" }, "geometry": { "type": "LineString", "coordinates": [ [ 25.180664, 62.261532 ], [ 25.333099, 64.045767 ] ] } },
{ "type": "Feature", "properties": { "voltage_kv": 220.0, "from_node": 119, "to_node": 122, "length_km": 108.92957963773385, "edge_source": "delaunay", "edge_set": "Delaunay1" }, "geometry": { "type": "LineString", "coordinates": [ [ 25.333099, 64.045767 ], [ 26.05957, 64.965416 ] ] } },
{ "type": "Feature", "properties": { "voltage_kv": 220.0, "from_node": 119, "to_node": 124, "length_km": 90.479168971804157, "edge_source": "delaunay", "edge_set": "Delaunay1" }, "geometry": { "type": "LineString", "coordinates": [ [ 25.333099, 64.045767 ], [ 26.115875, 64.778222 ] ] } },
{ "type": "Feature", "properties": { "voltage_kv": 220.0, "from_node": 119, "to_node": 125, "length_km": 92.258898618589015, "edge_source": "delaunay", "edge_set": "Delaunay1" }, "geometry": { "type": "LineString", "coordinates": [ [ 25.333099, 64.045767 ], [ 26.455078, 64.709668 ] ] } },
{ "type": "Feature", "properties": { "voltage_kv": 220.0, "from_node": 119, "to_node": 129, "length_km": 93.217267914041415, "edge_source": "delaunay", "edge_set": "Delaunay1" }, "geometry": { "type": "LineString", "coordinates": [ [ 25.333099, 64.045767 ], [ 26.843719, 64.556111 ] ] } },
{ "type": "Feature", "properties": { "voltage_kv": 220.0, "from_node": 119, "to_node": 136, "length_km": 163.31208815041134, "edge_source": "delaunay", "edge_set": "Delaunay1" }, "geometry": { "type": "LineString", "coordinates": [ [ 25.333099, 64.045767 ], [ 28.45047, 64.58147 ] ] } },
{ "type": "Feature", "properties": { "voltage_kv": 220.0, "from_node": 120, "to_node": 121, "length_km": 19.748404721078209, "edge_source": "delaunay", "edge_set": "Delaunay1" }, "geometry": { "type": "LineString", "coordinates": [ [ 25.415497, 66.285642 ], [ 25.717621, 66.413451 ] ] } },
{ "type": "Feature", "properties": { "voltage_kv": 220.0, "from_node": 120, "to_node": 127, "length_km": 61.888246786865928, "edge_source": "delaunay", "edge_set": "Delaunay1" }, "geometry": { "type": "LineString", "coordinates": [ [ 25.415497, 66.285642 ], [ 26.769562, 66.378809 ] ] } },
{ "type": "Feature", "properties": { "voltage_kv": 220.0, "from_node": 120, "to_node": 130, "length_km": 73.008111641940914, "edge_source": "delaunay", "edge_set": "Delaunay1" }, "geometry": { "type": "LineString", "coordinates": [ [ 25.415497, 66.285642 ], [ 27.030487, 66.33089 ] ] } },
{ "type": "Feature", "properties": { "voltage_kv": 220.0, "from_node": 121, "to_node": 123, "length_km": 133.58448787772889, "edge_source": "delaunay", "edge_set": "Delaunay1" }, "geometry": { "type": "LineString", "coordinates": [ [ 25.717621, 66.413451 ], [ 26.098022, 67.596139 ] ] } },
{ "type": "Feature", "properties": { "voltage_kv": 220.0, "from_node": 121, "to_node": 127, "length_km": 47.432871907650139, "edge_source": "delaunay", "edge_set": "Delaunay1" }, "geometry": { "type": "LineString", "coordinates": [ [ 25.717621, 66.413451 ], [ 26.769562, 66.378809 ] ] } },
{ "type": "Feature", "properties": { "voltage_kv": 220.0, "from_node": 121, "to_node": 133, "length_km": 118.2191571129587, "edge_source": "delaunay", "edge_set": "Delaunay1" }, "geometry": { "type": "LineString", "coordinates": [ [ 25.717621, 66.413451 ], [ 27.387543, 67.23753 ] ] } },
{ "type": "Feature", "properties": { "voltage_kv": 220.0, "from_node": 122, "to_node": 124, "length_km": 21.165192725802036, "edge_source": "delaunay", "edge_set": "Delaunay1" }, "geometry": { "type": "LineString", "coordinates": [ [ 26.05957, 64.965416 ], [ 26.115875, 64.778222 ] ] } },
{ "type": "Feature", "properties": { "voltage_kv": 220.0, "from_node": 122, "to_node": 126, "length_km": 31.818049175088703, "edge_source": "delaunay", "edge_set": "Delaunay1" }, "geometry": { "type": "LineString", "coordinates": [ [ 26.05957, 64.965416 ], [ 26.51825, 64.759489 ] ] } },
{ "type": "Feature", "properties": { "voltage_kv": 220.0, "from_node": 122, "to_node": 130, "length_km": 159.61253037372828, "edge_source": "delaunay", "edge_set": "Delaunay1" }, "geometry": { "type": "LineString", "coordinates": [ [ 26.05957, 64.965416 ], [ 27.030487, 66.33089 ] ] } },
{ "type": "Feature", "properties": { "voltage_kv": 220.0, "from_node": 123, "to_node": 128, "length_km": 30.893367210048652, "edge_source": "delaunay", "edge_set": "Delaunay1" }, "geometry": { "type": "LineString", "coordinates": [ [ 26.098022, 67.596139 ], [ 26.820374, 67.602419 ] ] } },
{ "type": "Feature", "properties": { "voltage_kv": 220.0, "from_node": 123, "to_node": 133, "length_km": 68.592667115032114, "edge_source": "delaunay", "edge_set": "Delaunay1" }, "geometry": { "type": "LineString", "coordinates": [ [ 26.098022, 67.596139 ], [ 27.387543, 67.23753 ] ] } },
{ "type": "Feature", "properties": { "voltage_kv": 220.0, "from_node": 123, "to_node": 135, "length_km": 134.84050895547492, "edge_source": "delaunay", "edge_set": "Delaunay1" }, "geometry": { "type": "LineString", "coordinates": [ [ 26.098022, 67.596139 ], [ 27.674561, 68.645556 ] ] } },
{ "type": "Feature", "properties": { "voltage_kv": 220.0, "from_node": 124, "to_node": 125, "length_km": 17.981719085460398, "edge_source": "delaunay", "edge_set": "Delaunay1" }, "geometry": { "type": "LineString", "coordinates": [ [ 26.115875, 64.778222 ], [ 26.455078, 64.709668 ] ] } },
{ "type": "Feature", "properties": { "voltage_kv": 220.0, "from_node": 124, "to_node": 126, "length_km": 19.378382941464626, "edge_source": "delaunay", "edge_set": "Delaunay1" }, "geometry": { "type": "LineString", "coordinates": [ [ 26.115875, 64.778222 ], [ 26.51825, 64.759489 ] ] } },
{ "type": "Feature", "properties": { "voltage_kv": 220.0, "from_node": 125, "to_node": 126, "length_km": 6.3573900147252767, "edge_source": "delaunay", "edge_set": "Delaunay1" }, "geometry": { "type": "LineString", "coordinates": [ [ 26.455078, 64.709668 ], [ 26.51825, 64.759489 ] ] } },
{ "type": "Feature", "properties": { "voltage_kv": 220.0, "from_node": 125, "to_node": 129, "length_km": 25.432870694282165, "edge_source": "delaunay", "edge_set": "Delaunay1" }, "geometry": { "type": "LineString", "coordinates": [ [ 26.455078, 64.709668 ], [ 26.843719, 64.556111 ] ] } },
{ "type": "Feature", "properties": { "voltage_kv": 220.0, "from_node": 126, "to_node": 129, "length_km": 27.673199056822774, "edge_source": "delaunay", "edge_set": "Delaunay1" }, "geometry": { "type": "LineString", "coordinates": [ [ 26.51825, 64.759489 ], [ 26.843719, 64.556111 ] ] } },
{ "type": "Feature", "properties": { "voltage_kv": 220.0, "from_node": 126, "to_node": 130, "length_km": 177.89115174576887, "edge_source": "delaunay", "edge_set": "Delaunay1" }, "geometry": { "type": "LineString", "coordinates": [ [ 26.51825, 64.759489 ], [ 27.030487, 66.33089 ] ] } },
{ "type": "Feature", "properties": { "voltage_kv": 220.0, "from_node": 126, "to_node": 136, "length_km": 95.061161910078013, "edge_source": "delaunay", "edge_set": "Delaunay1" }, "geometry": { "type": "LineString", "coordinates": [ [ 26.51825, 64.759489 ], [ 28.45047, 64.58147 ] ] } },
{ "type": "Feature", "properties": { "voltage_kv": 220.0, "from_node": 127, "to_node": 130, "length_km": 12.921932072769129, "edge_source": "delaunay", "edge_set": "Delaunay1" }, "geometry": { "type": "LineString", "coordinates": [ [ 26.769562, 66.378809 ], [ 27.030487, 66.33089 ] ] } },
{ "type": "Feature", "properties": { "voltage_kv": 220.0, "from_node": 127, "to_node": 133, "length_km": 100.11780828453624, "edge_source": "delaunay", "edge_set": "Delaunay1" }, "geometry": { "type": "LineString", "coordinates": [ [ 26.769562, 66.378809 ], [ 27.387543, 67.23753 ] ] } },
{ "type": "Feature", "properties": { "voltage_kv": 220.0, "from_node": 127, "to_node": 134, "length_km": 29.375796017209002, "edge_source": "delaunay", "edge_set": "Delaunay1" }, "geometry": { "type": "LineString", "coordinates": [ [ 26.769562, 66.378809 ], [ 27.398529, 66.450241 ] ] } },
{ "type": "Feature", "properties": { "voltage_kv": 220.0, "from_node": 128, "to_node": 133, "length_km": 47.665931070721555, "edge_source": "delaunay", "edge_set": "Delaunay1" }, "geometry": { "type": "LineString", "coordinates": [ [ 26.820374, 67.602419 ], [ 27.387543, 67.23753 ] ] } },
{ "type": "Feature", "properties": { "voltage_kv": 220.0, "from_node": 128, "to_node": 135, "length_km": 122.29305164502748, "edge_source": "delaunay", "edge_set": "Delaunay1" }, "geometry": { "type": "LineString", "coordinates": [ [ 26.820374, 67.602419 ], [ 27.674561, 68.645556 ] ] } },
{ "type": "Feature", "properties": { "voltage_kv": 220.0, "from_node": 129, "to_node": 136, "length_km": 77.638994082613024, "edge_source": "delaunay", "edge_set": "Delaunay1" }, "geometry": { "type": "LineString", "coordinates": [ [ 26.843719, 64.556111 ], [ 28.45047, 64.58147 ] ] } },
{ "type": "Feature", "properties": { "voltage_kv": 220.0, "from_node": 130, "to_node": 134, "length_km": 21.292477341486133, "edge_source": "delaunay", "edge_set": "Delaunay1" }, "geometry": { "type": "LineString", "coordinates": [ [ 27.030487, 66.33089 ], [ 27.398529, 66.450241 ] ] } },
{ "type": "Feature", "properties": { "voltage_kv": 220.0, "from_node": 130, "to_node": 136, "length_km": 207.30525358363084, "edge_source": "delaunay", "edge_set": "Delaunay1" }, "geometry": { "type": "LineString", "coordinates": [ [ 27.030487, 66.33089 ], [ 28.45047, 64.58147 ] ] } },
{ "type": "Feature", "properties": { "voltage_kv": 220.0, "from_node": 131, "to_node": 132, "length_km": 8.2047420191219231, "edge_source": "delaunay", "edge_set": "Delaunay1" }, "geometry": { "type": "LineString", "coordinates": [ [ 27.071686, 69.862801 ], [ 27.239227, 69.817839 ] ] } },
{ "type": "Feature", "properties": { "voltage_kv": 220.0, "from_node": 131, "to_node": 135, "length_km": 138.53196551347867, "edge_source": "delaunay", "edge_set": "Delaunay1" }, "geometry": { "type": "LineString", "coordinates": [ [ 27.071686, 69.862801 ], [ 27.674561, 68.645556 ] ] } },
{ "type": "Feature", "properties": { "voltage_kv": 220.0, "from_node": 131, "to_node": 137, "length_km": 66.679953031346159, "edge_source": "delaunay", "edge_set": "Delaunay1" }, "geometry": { "type": "LineString", "coordinates": [ [ 27.071686, 69.862801 ], [ 28.572693, 70.163212 ] ] } },
{ "type": "Feature", "properties": { "voltage_kv": 220.0, "from_node": 132, "to_node": 135, "length_km": 132.54894218986101, "edge_source": "delaunay", "edge_set": "Delaunay1" }, "geometry": { "type": "LineString", "coordinates": [ [ 27.239227, 69.817839 ], [ 27.674561, 68.645556 ] ] } },
{ "type": "Feature", "properties": { "voltage_kv": 220.0, "from_node": 132, "to_node": 137, "length_km": 64.179225161889391, "edge_source": "delaunay", "edge_set": "Delaunay1" }, "geometry": { "type": "LineString", "coordinates": [ [ 27.239227, 69.817839 ], [ 28.572693, 70.163212 ] ] } },
{ "type": "Feature", "properties": { "voltage_kv": 220.0, "from_node": 133, "to_node": 134, "length_km": 88.326429539416338, "edge_source": "delaunay", "edge_set": "Delaunay1" }, "geometry": { "type": "LineString", "coordinates": [ [ 27.387543, 67.23753 ], [ 27.398529, 66.450241 ] ] } },
{ "type": "Feature", "properties": { "voltage_kv": 220.0, "from_node": 133, "to_node": 135, "length_km": 158.37954412891662, "edge_source": "delaunay", "edge_set": "Delaunay1" }, "geometry": { "type": "LineString", "coordinates": [ [ 27.387543, 67.23753 ], [ 27.674561, 68.645556 ] ] } },
{ "type": "Feature", "properties": { "voltage_kv": 220.0, "from_node": 134, "to_node": 136, "length_km": 215.49583400635467, "edge_source": "delaunay", "edge_set": "Delaunay1" }, "geometry": { "type": "LineString", "coordinates": [ [ 27.398529, 66.450241 ], [ 28.45047, 64.58147 ] ] } },
{ "type": "Feature", "properties": { "voltage_kv": 220.0, "from_node": 135, "to_node": 137, "length_km": 173.83445134980619, "edge_source": "delaunay", "edge_set": "Delaunay1" }, "geometry": { "type": "LineString", "coordinates": [ [ 27.674561, 68.645556 ], [ 28.572693, 70.163212 ] ] } }
]
}
