{
"type": "FeatureCollection",
"name": "n490_380kv_delaunay2",
"crs": { "type": "name", "properties": { "name": "urn:ogc:def:crs:OGC:1.3:CRS84" } },
"features": [
{ "type": "Feature", "properties": { "voltage_kv": 380.0, "from_node": 0, "to_node": 3, "length_km": 119.51839939149014, "delaunay_k": 2, "edge_set": "Delaunay2" }, "geometry": { "type": "LineString", "coordinates": [ [ 6.156464, 60.504583 ], [ 6.650848, 59.461826 ] ] } },
{ "type": "Feature", "properties": { "voltage_kv": 380.0, "from_node": 0, "to_node": 4, "length_km": 118.90392529448144, "delaunay_k": 2, "edge_set": "Delaunay2" }, "geometry": { "type": "LineString", "coordinates": [ [ 6.156464, 60.504583 ], [ 6.992798, 59.523872 ] ] } },
{ "type": "Feature", "properties": { "voltage_kv": 380.0, "from_node": 0, "to_node": 10, "length_km": 87.093513654350261, "delaunay_k": 2, "edge_set": "Delaunay2" }, "geometry": { "type": "LineString", "coordinates": [ [ 6.156464, 60.504583 ], [ 7.395172, 60.997087 ] ] } },
{ "type": "Feature", "properties": { "voltage_kv": 380.0, "from_node": 0, "to_node": 11, "length_km": 135.60758560430588, "delaunay_k": 2, "edge_set": "Delaunay2" }, "geometry": { "type": "LineString", "coordinates": [ [ 6.156464, 60.504583 ], [ 7.462463, 59.479266 ] ] } },
{ "type": "Feature", "properties": { "voltage_kv": 380.0, "from_node": 0, "to_node": 12, "length_km": 85.781380591155852, "delaunay_k": 2, "edge_set": "Delaunay2" }, "geometry": { "type": "LineString", "coordinates": [ [ 6.156464, 60.504583 ], [ 7.462463, 60.931767 ] ] } },
{ "type": "Feature", "properties": { "voltage_kv": 380.0, "from_node": 0, "to_node": 13, "length_km": 192.10052226351053, "delaunay_k": 2, "edge_set": "Delaunay2" }, "geometry": { "type": "LineString", "coordinates": [ [ 6.156464, 60.504583 ], [ 7.727509, 58.974791 ] ] } },
{ "type": "Feature", "properties": { "voltage_kv": 380.0, "from_node": 0, "to_node": 14, "length_km": 241.72365942322551, "delaunay_k": 2, "edge_set": "Delaunay2" }, "geometry": { "type": "LineString", "coordinates": [ [ 6.156464, 60.504583 ], [ 7.7948, 62.526259 ] ] } },
{ "type": "Feature", "properties": { "voltage_kv": 380.0, "from_node": 0, "to_node": 15, "length_km": 96.36649723345954, "delaunay_k": 2, "edge_set": "Delaunay2" }, "geometry": { "type": "LineString", "coordinates": [ [ 6.156464, 60.504583 ], [ 7.893677, 60.630775 ] ] } },
{ "type": "Feature", "properties": { "voltage_kv": 380.0, "from_node": 0, "to_node": 16, "length_km": 107.34619185232778, "delaunay_k": 2, "edge_set": "Delaunay2" }, "geometry": { "type": "LineString", "coordinates": [ [ 6.156464, 60.504583 ], [ 8.084564, 60.670488 ] ] } },
{ "type": "Feature", "properties": { "voltage_kv": 380.0, "from_node": 0, "to_node": 17, "length_km": 106.2301238463666, "delaunay_k": 2, "edge_set": "Delaunay2" }, "geometry": { "type": "LineString", "coordinates": [ [ 6.156464, 60.504583 ], [ 8.088684, 60.511343 ] ] } },
{ "type": "Feature", "properties": { "voltage_kv": 380.0, "from_node": 0, "to_node": 18, "length_km": 275.17061059050525, "delaunay_k": 2, "edge_set": "Delaunay2" }, "geometry": { "type": "LineString", "coordinates": [ [ 6.156464, 60.504583 ], [ 8.102417, 58.2445 ] ] } },
{ "type": "Feature", "properties": { "voltage_kv": 380.0, "from_node": 0, "to_node": 19, "length_km": 272.11519530949374, "delaunay_k": 2, "edge_set": "Delaunay2" }, "geometry": { "type": "LineString", "coordinates": [ [ 6.156464, 60.504583 ], [ 8.480072, 62.679816 ] ] } },
{ "type": "Feature", "properties": { "voltage_kv": 380.0, "from_node": 0, "to_node": 26, "length_km": 382.87206160340105, "delaunay_k": 2, "edge_set": "Delaunay2" }, "geometry": { "type": "LineString", "coordinates": [ [ 6.156464, 60.504583 ], [ 10.457611, 63.276888 ] ] } },
{ "type": "Feature", "properties": { "voltage_kv": 380.0, "from_node": 1, "to_node": 5, "length_km": 315.06970745662176, "delaunay_k": 2, "edge_set": "Delaunay2" }, "geometry": { "type": "LineString", "coordinates": [ [ 6.432495, 59.667741 ], [ 7.033997, 62.47807 ] ] } },
{ "type": "Feature", "properties": { "voltage_kv": 380.0, "from_node": 1, "to_node": 6, "length_km": 102.98733233476067, "delaunay_k": 2, "edge_set": "Delaunay2" }, "geometry": { "type": "LineString", "coordinates": [ [ 6.432495, 59.667741 ], [ 7.108154, 60.527563 ] ] } },
{ "type": "Feature", "properties": { "voltage_kv": 380.0, "from_node": 1, "to_node": 7, "length_km": 149.45554973684537, "delaunay_k": 2, "edge_set": "Delaunay2" }, "geometry": { "type": "LineString", "coordinates": [ [ 6.432495, 59.667741 ], [ 7.216644, 60.950443 ] ] } },
{ "type": "Feature", "properties": { "voltage_kv": 380.0, "from_node": 1, "to_node": 9, "length_km": 178.72324829152657, "delaunay_k": 2, "edge_set": "Delaunay2" }, "geometry": { "type": "LineString", "coordinates": [ [ 6.432495, 59.667741 ], [ 7.338867, 61.206798 ] ] } },
{ "type": "Feature", "properties": { "voltage_kv": 380.0, "from_node": 1, "to_node": 11, "length_km": 61.927219382560345, "delaunay_k": 2, "edge_set": "Delaunay2" }, "geometry": { "type": "LineString", "coordinates": [ [ 6.432495, 59.667741 ], [ 7.462463, 59.479266 ] ] } },
{ "type": "Feature", "properties": { "voltage_kv": 380.0, "from_node": 1, "to_node": 13, "length_km": 106.82579574904651, "delaunay_k": 2, "edge_set": "Delaunay2" }, "geometry": { "type": "LineString", "coordinates": [ [ 6.432495, 59.667741 ], [ 7.727509, 58.974791 ] ] } },
{ "type": "Feature", "properties": { "voltage_kv": 380.0, "from_node": 1, "to_node": 15, "length_km": 134.62067937615419, "delaunay_k": 2, "edge_set": "Delaunay2" }, "geometry": { "type": "LineString", "coordinates": [ [ 6.432495, 59.667741 ], [ 7.893677, 60.630775 ] ] } },
{ "type": "Feature", "properties": { "voltage_kv": 380.0, "from_node": 1, "to_node": 17, "length_km": 131.71395014204114, "delaunay_k": 2, "edge_set": "Delaunay2" }, "geometry": { "type": "LineString", "coordinates": [ [ 6.432495, 59.667741 ], [ 8.088684, 60.511343 ] ] } },
{ "type": "Feature", "properties": { "voltage_kv": 380.0, "from_node": 1, "to_node": 18, "length_km": 185.50428250986684, "delaunay_k": 2, "edge_set": "Delaunay2" }, "geometry": { "type": "LineString", "coordinates": [ [ 6.432495, 59.667741 ], [ 8.102417, 58.2445 ] ] } },
{ "type": "Feature", "properties": { "voltage_kv": 380.0, "from_node": 2, "to_node": 4, "length_km": 29.287712372008986, "delaunay_k": 2, "edge_set": "Delaunay2" }, "geometry": { "type": "LineString", "coordinates": [ [ 6.491547, 59.460431 ], [ 6.992798, 59.523872 ] ] } },
{ "type": "Feature", "properties": { "voltage_kv": 380.0, "from_node": 2, "to_node": 5, "length_km": 337.78304535492691, "delaunay_k": 2, "edge_set": "Delaunay2" }, "geometry": { "type": "LineString", "coordinates": [ [ 6.491547, 59.460431 ], [ 7.033997, 62.47807 ] ] } },
{ "type": "Feature", "properties": { "voltage_kv": 380.0, "from_node": 2, "to_node": 6, "length_km": 123.86727503339415, "delaunay_k": 2, "edge_set": "Delaunay2" }, "geometry": { "type": "LineString", "coordinates": [ [ 6.491547, 59.460431 ], [ 7.108154, 60.527563 ] ] } },
{ "type": "Feature", "properties": { "voltage_kv": 380.0, "from_node": 2, "to_node": 7, "length_km": 170.93751649048656, "delaunay_k": 2, "edge_set": "Delaunay2" }, "geometry": { "type": "LineString", "coordinates": [ [ 6.491547, 59.460431 ], [ 7.216644, 60.950443 ] ] } },
{ "type": "Feature", "properties": { "voltage_kv": 380.0, "from_node": 2, "to_node": 8, "length_km": 121.56941001654232, "delaunay_k": 2, "edge_set": "Delaunay2" }, "geometry": { "type": "LineString", "coordinates": [ [ 6.491547, 59.460431 ], [ 7.23587, 60.484968 ] ] } },
{ "type": "Feature", "properties": { "voltage_kv": 380.0, "from_node": 2, "to_node": 9, "length_km": 200.26878145869114, "delaunay_k": 2, "edge_set": "Delaunay2" }, "geometry": { "type": "LineString", "coordinates": [ [ 6.491547, 59.460431 ], [ 7.338867, 61.206798 ] ] } },
{ "type": "Feature", "properties": { "voltage_kv": 380.0, "from_node": 2, "to_node": 11, "length_km": 55.122164453132662, "delaunay_k": 2, "edge_set": "Delaunay2" }, "geometry": { "type": "LineString", "coordinates": [ [ 6.491547, 59.460431 ], [ 7.462463, 59.479266 ] ] } },
{ "type": "Feature", "properties": { "voltage_kv": 380.0, "from_node": 2, "to_node": 22, "length_km": 177.56155144276642, "delaunay_k": 2, "edge_set": "Delaunay2" }, "geometry": { "type": "LineString", "coordinates": [ [ 6.491547, 59.460431 ], [ 9.593811, 59.282019 ] ] } },
{ "type": "Feature", "properties": { "voltage_kv": 380.0, "from_node": 3, "to_node": 8, "length_km": 118.66553150870371, "delaunay_k": 2, "edge_set": "Delaunay2" }, "geometry": { "type": "LineString", "coordinates": [ [ 6.650848, 59.461826 ], [ 7.23587, 60.484968 ] ] } },
{ "type": "Feature", "properties": { "voltage_kv": 380.0, "from_node": 3, "to_node": 11, "length_km": 46.083592379876464, "delaunay_k": 2, "edge_set": "Delaunay2" }, "geometry": { "type": "LineString", "coordinates": [ [ 6.650848, 59.461826 ], [ 7.462463, 59.479266 ] ] } },
{ "type": "Feature", "properties": { "voltage_kv": 380.0, "from_node": 3, "to_node": 18, "length_km": 159.49028338138544, "delaunay_k": 2, "edge_set": "Delaunay2" }, "geometry": { "type": "LineString", "coordinates": [ [ 6.650848, 59.461826 ], [ 8.102417, 58.2445 ] ] } },
{ "type": "Feature", "properties": { "voltage_kv": 380.0, "from_node": 3, "to_node": 22, "length_km": 168.5737338362226, "delaunay_k": 2, "edge_set": "Delaunay2" }, "geometry": { "type": "LineString", "coordinates": [ [ 6.650848, 59.461826 ], [ 9.593811, 59.282019 ] ] } },
{ "type": "Feature", "properties": { "voltage_kv": 380.0, "from_node": 4, "to_node": 6, "length_km": 112.08662138650843, "delaunay_k": 2, "edge_set": "Delaunay2" }, "geometry": { "type": "LineString", "coordinates": [ [ 6.992798, 59.523872 ], [ 7.108154, 60.527563 ] ] } },
{ "type": "Feature", "properties": { "voltage_kv": 380.0, "from_node": 4, "to_node": 15, "length_km": 133.20534459166794, "delaunay_k": 2, "edge_set": "Delaunay2" }, "geometry": { "type": "LineString", "coordinates": [ [ 6.992798, 59.523872 ], [ 7.893677, 60.630775 ] ] } },
{ "type": "Feature", "properties": { "voltage_kv": 380.0, "from_node": 4, "to_node": 17, "length_km": 125.91893078892775, "delaunay_k": 2, "edge_set": "Delaunay2" }, "geometry": { "type": "LineString", "coordinates": [ [ 6.992798, 59.523872 ], [ 8.088684, 60.511343 ] ] } },
{ "type": "Feature", "properties": { "voltage_kv": 380.0, "from_node": 4, "to_node": 18, "length_km": 156.30550282759307, "delaunay_k": 2, "edge_set": "Delaunay2" }, "geometry": { "type": "LineString", "coordinates": [ [ 6.992798, 59.523872 ], [ 8.102417, 58.2445 ] ] } },
{ "type": "Feature", "properties": { "voltage_kv": 380.0, "from_node": 4, "to_node": 20, "length_km": 129.15297381245256, "delaunay_k": 2, "edge_set": "Delaunay2" }, "geometry": { "type": "LineString", "coordinates": [ [ 6.992798, 59.523872 ], [ 8.596802, 60.357527 ] ] } },
{ "type": "Feature", "properties": { "voltage_kv": 380.0, "from_node": 4, "to_node": 21, "length_km": 138.67247500517317, "delaunay_k": 2, "edge_set": "Delaunay2" }, "geometry": { "type": "LineString", "coordinates": [ [ 6.992798, 59.523872 ], [ 9.026642, 60.232994 ] ] } },
{ "type": "Feature", "properties": { "voltage_kv": 380.0, "from_node": 4, "to_node": 22, "length_km": 150.22783968477074, "delaunay_k": 2, "edge_set": "Delaunay2" }, "geometry": { "type": "LineString", "coordinates": [ [ 6.992798, 59.523872 ], [ 9.593811, 59.282019 ] ] } },
{ "type": "Feature", "properties": { "voltage_kv": 380.0, "from_node": 5, "to_node": 6, "length_km": 217.53172033555975, "delaunay_k": 2, "edge_set": "Delaunay2" }, "geometry": { "type": "LineString", "coordinates": [ [ 7.033997, 62.47807 ], [ 7.108154, 60.527563 ] ] } },
{ "type": "Feature", "properties": { "voltage_kv": 380.0, "from_node": 5, "to_node": 7, "length_km": 170.6166484841591, "delaunay_k": 2, "edge_set": "Delaunay2" }, "geometry": { "type": "LineString", "coordinates": [ [ 7.033997, 62.47807 ], [ 7.216644, 60.950443 ] ] } },
{ "type": "Feature", "properties": { "voltage_kv": 380.0, "from_node": 5, "to_node": 8, "length_km": 222.50092688637974, "delaunay_k": 2, "edge_set": "Delaunay2" }, "geometry": { "type": "LineString", "coordinates": [ [ 7.033997, 62.47807 ], [ 7.23587, 60.484968 ] ] } },
{ "type": "Feature", "properties": { "voltage_kv": 380.0, "from_node": 5, "to_node": 10, "length_km": 166.23784088849567, "delaunay_k": 2, "edge_set": "Delaunay2" }, "geometry": { "type": "LineString", "coordinates": [ [ 7.033997, 62.47807 ], [ 7.395172, 60.997087 ] ] } },
{ "type": "Feature", "properties": { "voltage_kv": 380.0, "from_node": 5, "to_node": 12, "length_km": 173.90339879173467, "delaunay_k": 2, "edge_set": "Delaunay2" }, "geometry": { "type": "LineString", "coordinates": [ [ 7.033997, 62.47807 ], [ 7.462463, 60.931767 ] ] } },
{ "type": "Feature", "properties": { "voltage_kv": 380.0, "from_node": 5, "to_node": 16, "length_km": 209.11908633125518, "delaunay_k": 2, "edge_set": "Delaunay2" }, "geometry": { "type": "LineString", "coordinates": [ [ 7.033997, 62.47807 ], [ 8.084564, 60.670488 ] ] } },
{ "type": "Feature", "properties": { "voltage_kv": 380.0, "from_node": 5, "to_node": 24, "length_km": 294.2049309236391, "delaunay_k": 2, "edge_set": "Delaunay2" }, "geometry": { "type": "LineString", "coordinates": [ [ 7.033997, 62.47807 ], [ 10.214539, 60.322868 ] ] } },
{ "type": "Feature", "properties": { "voltage_kv": 380.0, "from_node": 5, "to_node": 35, "length_km": 247.73466482494149, "delaunay_k": 2, "edge_set": "Delaunay2" }, "geometry": { "type": "LineString", "coordinates": [ [ 7.033997, 62.47807 ], [ 11.727905, 63.035662 ] ] } },
{ "type": "Feature", "properties": { "voltage_kv": 380.0, "from_node": 5, "to_node": 51, "length_km": 297.88183059376041, "delaunay_k": 2, "edge_set": "Delaunay2" }, "geometry": { "type": "LineString", "coordinates": [ [ 7.033997, 62.47807 ], [ 12.568359, 63.361367 ] ] } },
{ "type": "Feature", "properties": { "voltage_kv": 380.0, "from_node": 6, "to_node": 9, "length_km": 76.762690411239703, "delaunay_k": 2, "edge_set": "Delaunay2" }, "geometry": { "type": "LineString", "coordinates": [ [ 7.108154, 60.527563 ], [ 7.338867, 61.206798 ] ] } },
{ "type": "Feature", "properties": { "voltage_kv": 380.0, "from_node": 6, "to_node": 10, "length_km": 54.639042883206479, "delaunay_k": 2, "edge_set": "Delaunay2" }, "geometry": { "type": "LineString", "coordinates": [ [ 7.108154, 60.527563 ], [ 7.395172, 60.997087 ] ] } },
{ "type": "Feature", "properties": { "voltage_kv": 380.0, "from_node": 6, "to_node": 11, "length_km": 118.52753401009141, "delaunay_k": 2, "edge_set": "Delaunay2" }, "geometry": { "type": "LineString", "coordinates": [ [ 7.108154, 60.527563 ], [ 7.462463, 59.479266 ] ] } },
{ "type": "Feature", "properties": { "voltage_kv": 380.0, "from_node": 6, "to_node": 16, "length_km": 55.843894751852353, "delaunay_k": 2, "edge_set": "Delaunay2" }, "geometry": { "type": "LineString", "coordinates": [ [ 7.108154, 60.527563 ], [ 8.084564, 60.670488 ] ] } },
{ "type": "Feature", "properties": { "voltage_kv": 380.0, "from_node": 6, "to_node": 17, "length_km": 53.911231259857061, "delaunay_k": 2, "edge_set": "Delaunay2" }, "geometry": { "type": "LineString", "coordinates": [ [ 7.108154, 60.527563 ], [ 8.088684, 60.511343 ] ] } },
{ "type": "Feature", "properties": { "voltage_kv": 380.0, "from_node": 7, "to_node": 8, "length_km": 51.907687032118446, "delaunay_k": 2, "edge_set": "Delaunay2" }, "geometry": { "type": "LineString", "coordinates": [ [ 7.216644, 60.950443 ], [ 7.23587, 60.484968 ] ] } },
{ "type": "Feature", "properties": { "voltage_kv": 380.0, "from_node": 7, "to_node": 14, "length_km": 178.33686916640292, "delaunay_k": 2, "edge_set": "Delaunay2" }, "geometry": { "type": "LineString", "coordinates": [ [ 7.216644, 60.950443 ], [ 7.7948, 62.526259 ] ] } },
{ "type": "Feature", "properties": { "voltage_kv": 380.0, "from_node": 7, "to_node": 15, "length_km": 51.293762614701862, "delaunay_k": 2, "edge_set": "Delaunay2" }, "geometry": { "type": "LineString", "coordinates": [ [ 7.216644, 60.950443 ], [ 7.893677, 60.630775 ] ] } },
{ "type": "Feature", "properties": { "voltage_kv": 380.0, "from_node": 7, "to_node": 16, "length_km": 56.637645133275299, "delaunay_k": 2, "edge_set": "Delaunay2" }, "geometry": { "type": "LineString", "coordinates": [ [ 7.216644, 60.950443 ], [ 8.084564, 60.670488 ] ] } },
{ "type": "Feature", "properties": { "voltage_kv": 380.0, "from_node": 7, "to_node": 19, "length_km": 203.98577516644377, "delaunay_k": 2, "edge_set": "Delaunay2" }, "geometry": { "type": "LineString", "coordinates": [ [ 7.216644, 60.950443 ], [ 8.480072, 62.679816 ] ] } },
{ "type": "Feature", "properties": { "voltage_kv": 380.0, "from_node": 8, "to_node": 9, "length_km": 80.673307988802009, "delaunay_k": 2, "edge_set": "Delaunay2" }, "geometry": { "type": "LineString", "coordinates": [ [ 7.23587, 60.484968 ], [ 7.338867, 61.206798 ] ] } },
{ "type": "Feature", "properties": { "voltage_kv": 380.0, "from_node": 8, "to_node": 12, "length_km": 51.328216086697346, "delaunay_k": 2, "edge_set": "Delaunay2" }, "geometry": { "type": "LineString", "coordinates": [ [ 7.23587, 60.484968 ], [ 7.462463, 60.931767 ] ] } },
{ "type": "Feature", "properties": { "voltage_kv": 380.0, "from_node": 8, "to_node": 13, "length_km": 170.59940786341843, "delaunay_k": 2, "edge_set": "Delaunay2" }, "geometry": { "type": "LineString", "coordinates": [ [ 7.23587, 60.484968 ], [ 7.727509, 58.974791 ] ] } },
{ "type": "Feature", "properties": { "voltage_kv": 380.0, "from_node": 8, "to_node": 16, "length_km": 50.93889784850321, "delaunay_k": 2, "edge_set": "Delaunay2" }, "geometry": { "type": "LineString", "coordinates": [ [ 7.23587, 60.484968 ], [ 8.084564, 60.670488 ] ] } },
{ "type": "Feature", "properties": { "voltage_kv": 380.0, "from_node": 8, "to_node": 20, "length_km": 76.337287545612156, "delaunay_k": 2, "edge_set": "Delaunay2" }, "geometry": { "type": "LineString", "coordinates": [ [ 7.23587, 60.484968 ], [ 8.596802, 60.357527 ] ] } },
{ "type": "Feature", "properties": { "voltage_kv": 380.0, "from_node": 8, "to_node": 21, "length_km": 102.78677569967537, "delaunay_k": 2, "edge_set": "Delaunay2" }, "geometry": { "type": "LineString", "coordinates": [ [ 7.23587, 60.484968 ], [ 9.026642, 60.232994 ] ] } },
{ "type": "Feature", "properties": { "voltage_kv": 380.0, "from_node": 8, "to_node": 22, "length_km": 188.17735015274062, "delaunay_k": 2, "edge_set": "Delaunay2" }, "geometry": { "type": "LineString", "coordinates": [ [ 7.23587, 60.484968 ], [ 9.593811, 59.282019 ] ] } },
{ "type": "Feature", "properties": { "voltage_kv": 380.0, "from_node": 9, "to_node": 15, "length_km": 70.925166009922336, "delaunay_k": 2, "edge_set": "Delaunay2" }, "geometry": { "type": "LineString", "coordinates": [ [ 7.338867, 61.206798 ], [ 7.893677, 60.630775 ] ] } },
{ "type": "Feature", "properties": { "voltage_kv": 380.0, "from_node": 9, "to_node": 17, "length_km": 87.593720400398198, "delaunay_k": 2, "edge_set": "Delaunay2" }, "geometry": { "type": "LineString", "coordinates": [ [ 7.338867, 61.206798 ], [ 8.088684, 60.511343 ] ] } },
{ "type": "Feature", "properties": { "voltage_kv": 380.0, "from_node": 9, "to_node": 20, "length_km": 116.8819972056771, "delaunay_k": 2, "edge_set": "Delaunay2" }, "geometry": { "type": "LineString", "coordinates": [ [ 7.338867, 61.206798 ], [ 8.596802, 60.357527 ] ] } },
{ "type": "Feature", "properties": { "voltage_kv": 380.0, "from_node": 9, "to_node": 24, "length_km": 185.14351743792187, "delaunay_k": 2, "edge_set": "Delaunay2" }, "geometry": { "type": "LineString", "coordinates": [ [ 7.338867, 61.206798 ], [ 10.214539, 60.322868 ] ] } },
{ "type": "Feature", "properties": { "voltage_kv": 380.0, "from_node": 9, "to_node": 26, "length_km": 281.97285220571018, "delaunay_k": 2, "edge_set": "Delaunay2" }, "geometry": { "type": "LineString", "coordinates": [ [ 7.338867, 61.206798 ], [ 10.457611, 63.276888 ] ] } },
{ "type": "Feature", "properties": { "voltage_kv": 380.0, "from_node": 9, "to_node": 35, "length_km": 306.55207221957414, "delaunay_k": 2, "edge_set": "Delaunay2" }, "geometry": { "type": "LineString", "coordinates": [ [ 7.338867, 61.206798 ], [ 11.727905, 63.035662 ] ] } },
{ "type": "Feature", "properties": { "voltage_kv": 380.0, "from_node": 10, "to_node": 14, "length_km": 171.79636085333132, "delaunay_k": 2, "edge_set": "Delaunay2" }, "geometry": { "type": "LineString", "coordinates": [ [ 7.395172, 60.997087 ], [ 7.7948, 62.526259 ] ] } },
{ "type": "Feature", "properties": { "voltage_kv": 380.0, "from_node": 10, "to_node": 15, "length_km": 49.034684090553057, "delaunay_k": 2, "edge_set": "Delaunay2" }, "geometry": { "type": "LineString", "coordinates": [ [ 7.395172, 60.997087 ], [ 7.893677, 60.630775 ] ] } },
{ "type": "Feature", "properties": { "voltage_kv": 380.0, "from_node": 10, "to_node": 16, "length_km": 52.276265908863394, "delaunay_k": 2, "edge_set": "Delaunay2" }, "geometry": { "type": "LineString", "coordinates": [ [ 7.395172, 60.997087 ], [ 8.084564, 60.670488 ] ] } },
{ "type": "Feature", "properties": { "voltage_kv": 380.0, "from_node": 10, "to_node": 19, "length_km": 196.11372503424795, "delaunay_k": 2, "edge_set": "Delaunay2" }, "geometry": { "type": "LineString", "coordinates": [ [ 7.395172, 60.997087 ], [ 8.480072, 62.679816 ] ] } },
{ "type": "Feature", "properties": { "voltage_kv": 380.0, "from_node": 11, "to_node": 15, "length_km": 130.5884266797641, "delaunay_k": 2, "edge_set": "Delaunay2" }, "geometry": { "type": "LineString", "coordinates": [ [ 7.462463, 59.479266 ], [ 7.893677, 60.630775 ] ] } },
{ "type": "Feature", "properties": { "voltage_kv": 380.0, "from_node": 11, "to_node": 16, "length_km": 137.22766058664493, "delaunay_k": 2, "edge_set": "Delaunay2" }, "geometry": { "type": "LineString", "coordinates": [ [ 7.462463, 59.479266 ], [ 8.084564, 60.670488 ] ] } },
{ "type": "Feature", "properties": { "voltage_kv": 380.0, "from_node": 11, "to_node": 18, "length_km": 142.48622351310325, "delaunay_k": 2, "edge_set": "Delaunay2" }, "geometry": { "type": "LineString", "coordinates": [ [ 7.462463, 59.479266 ], [ 8.102417, 58.2445 ] ] } },
{ "type": "Feature", "properties": { "voltage_kv": 380.0, "from_node": 11, "to_node": 23, "length_km": 167.83829842023709, "delaunay_k": 2, "edge_set": "Delaunay2" }, "geometry": { "type": "LineString", "coordinates": [ [ 7.462463, 59.479266 ], [ 10.092316, 60.198203 ] ] } },
{ "type": "Feature", "properties": { "voltage_kv": 380.0, "from_node": 11, "to_node": 24, "length_km": 180.46223267709448, "delaunay_k": 2, "edge_set": "Delaunay2" }, "geometry": { "type": "LineString", "coordinates": [ [ 7.462463, 59.479266 ], [ 10.214539, 60.322868 ] ] } },
{ "type": "Feature", "properties": { "voltage_kv": 380.0, "from_node": 11, "to_node": 25, "length_km": 165.58796305278395, "delaunay_k": 2, "edge_set": "Delaunay2" }, "geometry": { "type": "LineString", "coordinates": [ [ 7.462463, 59.479266 ], [ 10.288696, 59.88687 ] ] } },
{ "type": "Feature", "properties": { "voltage_kv": 380.0, "from_node": 11, "to_node": 27, "length_km": 188.11844545846876, "delaunay_k": 2, "edge_set": "Delaunay2" }, "geometry": { "type": "LineString", "coordinates": [ [ 7.462463, 59.479266 ], [ 10.780334, 59.580242 ] ] } },
{ "type": "Feature", "properties": { "voltage_kv": 380.0, "from_node": 11, "to_node": 31, "length_km": 212.04846112310423, "delaunay_k": 2, "edge_set": "Delaunay2" }, "geometry": { "type": "LineString", "coordinates": [ [ 7.462463, 59.479266 ], [ 11.181335, 59.317776 ] ] } },
{ "type": "Feature", "properties": { "voltage_kv": 380.0, "from_node": 11, "to_node": 33, "length_km": 227.80241144422843, "delaunay_k": 2, "edge_set": "Delaunay2" }, "geometry": { "type": "LineString", "coordinates": [ [ 7.462463, 59.479266 ], [ 11.409302, 59.147769 ] ] } },
{ "type": "Feature", "properties": { "voltage_kv": 380.0, "from_node": 12, "to_node": 14, "length_km": 178.6416733664328, "delaunay_k": 2, "edge_set": "Delaunay2" }, "geometry": { "type": "LineString", "coordinates": [ [ 7.462463, 60.931767 ], [ 7.7948, 62.526259 ] ] } },
{ "type": "Feature", "properties": { "voltage_kv": 380.0, "from_node": 12, "to_node": 17, "length_km": 58.015281095349913, "delaunay_k": 2, "edge_set": "Delaunay2" }, "geometry": { "type": "LineString", "coordinates": [ [ 7.462463, 60.931767 ], [ 8.088684, 60.511343 ] ] } },
{ "type": "Feature", "properties": { "voltage_kv": 380.0, "from_node": 12, "to_node": 19, "length_km": 202.13469004050768, "delaunay_k": 2, "edge_set": "Delaunay2" }, "geometry": { "type": "LineString", "coordinates": [ [ 7.462463, 60.931767 ], [ 8.480072, 62.679816 ] ] } },
{ "type": "Feature", "properties": { "voltage_kv": 380.0, "from_node": 12, "to_node": 20, "length_km": 89.170525211838211, "delaunay_k": 2, "edge_set": "Delaunay2" }, "geometry": { "type": "LineString", "coordinates": [ [ 7.462463, 60.931767 ], [ 8.596802, 60.357527 ] ] } },
{ "type": "Feature", "properties": { "voltage_kv": 380.0, "from_node": 12, "to_node": 24, "length_km": 165.2460246030721, "delaunay_k": 2, "edge_set": "Delaunay2" }, "geometry": { "type": "LineString", "coordinates": [ [ 7.462463, 60.931767 ], [ 10.214539, 60.322868 ] ] } },
{ "type": "Feature", "properties": { "voltage_kv": 380.0, "from_node": 13, "to_node": 17, "length_km": 172.46229835920849, "delaunay_k": 2, "edge_set": "Delaunay2" }, "geometry": { "type": "LineString", "coordinates": [ [ 7.727509, 58.974791 ], [ 8.088684, 60.511343 ] ] } },
{ "type": "Feature", "properties": { "voltage_kv": 380.0, "from_node": 13, "to_node": 20, "length_km": 161.70993874098596, "delaunay_k": 2, "edge_set": "Delaunay2" }, "geometry": { "type": "LineString", "coordinates": [ [ 7.727509, 58.974791 ], [ 8.596802, 60.357527 ] ] } },
{ "type": "Feature", "properties": { "voltage_kv": 380.0, "from_node": 13, "to_node": 21, "length_km": 158.25378454765809, "delaunay_k": 2, "edge_set": "Delaunay2" }, "geometry": { "type": "LineString", "coordinates": [ [ 7.727509, 58.974791 ], [ 9.026642, 60.232994 ] ] } },
{ "type": "Feature", "properties": { "voltage_kv": 380.0, "from_node": 13, "to_node": 25, "length_km": 177.37658960732281, "delaunay_k": 2, "edge_set": "Delaunay2" }, "geometry": { "type": "LineString", "coordinates": [ [ 7.727509, 58.974791 ], [ 10.288696, 59.88687 ] ] } },
{ "type": "Feature", "properties": { "voltage_kv": 380.0, "from_node": 13, "to_node": 27, "length_km": 186.67708550957795, "delaunay_k": 2, "edge_set": "Delaunay2" }, "geometry": { "type": "LineString", "coordinates": [ [ 7.727509, 58.974791 ], [ 10.780334, 59.580242 ] ] } },
{ "type": "Feature", "properties": { "voltage_kv": 380.0, "from_node": 13, "to_node": 31, "length_km": 201.33870634240529, "delaunay_k": 2, "edge_set": "Delaunay2" }, "geometry": { "type": "LineString", "coordinates": [ [ 7.727509, 58.974791 ], [ 11.181335, 59.317776 ] ] } },
{ "type": "Feature", "properties": { "voltage_kv": 380.0, "from_node": 14, "to_node": 16, "length_km": 207.45801339888931, "delaunay_k": 2, "edge_set": "Delaunay2" }, "geometry": { "type": "LineString", "coordinates": [ [ 7.7948, 62.526259 ], [ 8.084564, 60.670488 ] ] } },
{ "type": "Feature", "properties": { "voltage_kv": 380.0, "from_node": 14, "to_node": 24, "length_km": 277.45356155587871, "delaunay_k": 2, "edge_set": "Delaunay2" }, "geometry": { "type": "LineString", "coordinates": [ [ 7.7948, 62.526259 ], [ 10.214539, 60.322868 ] ] } },
{ "type": "Feature", "properties": { "voltage_kv": 380.0, "from_node": 14, "to_node": 26, "length_km": 159.16166349970769, "delaunay_k": 2, "edge_set": "Delaunay2" }, "geometry": { "type": "LineString", "coordinates": [ [ 7.7948, 62.526259 ], [ 10.457611, 63.276888 ] ] } },
{ "type": "Feature", "properties": { "voltage_kv": 380.0, "from_node": 14, "to_node": 35, "length_km": 208.65456232311536, "delaunay_k": 2, "edge_set": "Delaunay2" }, "geometry": { "type": "LineString", "coordinates": [ [ 7.7948, 62.526259 ], [ 11.727905, 63.035662 ] ] } },
{ "type": "Feature", "properties": { "voltage_kv": 380.0, "from_node": 15, "to_node": 19, "length_km": 230.52610688696774, "delaunay_k": 2, "edge_set": "Delaunay2" }, "geometry": { "type": "LineString", "coordinates": [ [ 7.893677, 60.630775 ], [ 8.480072, 62.679816 ] ] } },
{ "type": "Feature", "properties": { "voltage_kv": 380.0, "from_node": 15, "to_node": 20, "length_km": 49.216336208413416, "delaunay_k": 2, "edge_set": "Delaunay2" }, "geometry": { "type": "LineString", "coordinates": [ [ 7.893677, 60.630775 ], [ 8.596802, 60.357527 ] ] } },
{ "type": "Feature", "properties": { "voltage_kv": 380.0, "from_node": 15, "to_node": 24, "length_km": 132.1860177495461, "delaunay_k": 2, "edge_set": "Delaunay2" }, "geometry": { "type": "LineString", "coordinates": [ [ 7.893677, 60.630775 ], [ 10.214539, 60.322868 ] ] } },
{ "type": "Feature", "properties": { "voltage_kv": 380.0, "from_node": 16, "to_node": 21, "length_km": 71.184654605697048, "delaunay_k": 2, "edge_set": "Delaunay2" }, "geometry": { "type": "LineString", "coordinates": [ [ 8.084564, 60.670488 ], [ 9.026642, 60.232994 ] ] } },
{ "type": "Feature", "properties": { "voltage_kv": 380.0, "from_node": 16, "to_node": 23, "length_km": 122.46248736256874, "delaunay_k": 2, "edge_set": "Delaunay2" }, "geometry": { "type": "LineString", "coordinates": [ [ 8.084564, 60.670488 ], [ 10.092316, 60.198203 ] ] } },
{ "type": "Feature", "properties": { "voltage_kv": 380.0, "from_node": 16, "to_node": 26, "length_km": 316.01004987380986, "delaunay_k": 2, "edge_set": "Delaunay2" }, "geometry": { "type": "LineString", "coordinates": [ [ 8.084564, 60.670488 ], [ 10.457611, 63.276888 ] ] } },
{ "type": "Feature", "properties": { "voltage_kv": 380.0, "from_node": 16, "to_node": 29, "length_km": 171.69440658434758, "delaunay_k": 2, "edge_set": "Delaunay2" }, "geometry": { "type": "LineString", "coordinates": [ [ 8.084564, 60.670488 ], [ 10.839386, 59.958448 ] ] } },
{ "type": "Feature", "properties": { "voltage_kv": 380.0, "from_node": 16, "to_node": 35, "length_km": 325.92549165944837, "delaunay_k": 2, "edge_set": "Delaunay2" }, "geometry": { "type": "LineString", "coordinates": [ [ 8.084564, 60.670488 ], [ 11.727905, 63.035662 ] ] } },
{ "type": "Feature", "properties": { "voltage_kv": 380.0, "from_node": 16, "to_node": 69, "length_km": 398.41011404677511, "delaunay_k": 2, "edge_set": "Delaunay2" }, "geometry": { "type": "LineString", "coordinates": [ [ 8.084564, 60.670488 ], [ 14.515686, 62.516121 ] ] } },
{ "type": "Feature", "properties": { "voltage_kv": 380.0, "from_node": 16, "to_node": 77, "length_km": 390.80162805898556, "delaunay_k": 2, "edge_set": "Delaunay2" }, "geometry": { "type": "LineString", "coordinates": [ [ 8.084564, 60.670488 ], [ 15.188599, 60.415208 ] ] } },
{ "type": "Feature", "properties": { "voltage_kv": 380.0, "from_node": 17, "to_node": 19, "length_km": 242.62122037366854, "delaunay_k": 2, "edge_set": "Delaunay2" }, "geometry": { "type": "LineString", "coordinates": [ [ 8.088684, 60.511343 ], [ 8.480072, 62.679816 ] ] } },
{ "type": "Feature", "properties": { "voltage_kv": 380.0, "from_node": 17, "to_node": 21, "length_km": 60.347335870977659, "delaunay_k": 2, "edge_set": "Delaunay2" }, "geometry": { "type": "LineString", "coordinates": [ [ 8.088684, 60.511343 ], [ 9.026642, 60.232994 ] ] } },
{ "type": "Feature", "properties": { "voltage_kv": 380.0, "from_node": 17, "to_node": 22, "length_km": 160.82654791475483, "delaunay_k": 2, "edge_set": "Delaunay2" }, "geometry": { "type": "LineString", "coordinates": [ [ 8.088684, 60.511343 ], [ 9.593811, 59.282019 ] ] } },
{ "type": "Feature", "properties": { "voltage_kv": 380.0, "from_node": 17, "to_node": 24, "length_km": 119.01127353160163, "delaunay_k": 2, "edge_set": "Delaunay2" }, "geometry": { "type": "LineString", "coordinates": [ [ 8.088684, 60.511343 ], [ 10.214539, 60.322868 ] ] } },
{ "type": "Feature", "properties": { "voltage_kv": 380.0, "from_node": 18, "to_node": 21, "length_km": 227.77648734077297, "delaunay_k": 2, "edge_set": "Delaunay2" }, "geometry": { "type": "LineString", "coordinates": [ [ 8.102417, 58.2445 ], [ 9.026642, 60.232994 ] ] } },
{ "type": "Feature", "properties": { "voltage_kv": 380.0, "from_node": 18, "to_node": 25, "length_km": 221.83465864843262, "delaunay_k": 2, "edge_set": "Delaunay2" }, "geometry": { "type": "LineString", "coordinates": [ [ 8.102417, 58.2445 ], [ 10.288696, 59.88687 ] ] } },
{ "type": "Feature", "properties": { "voltage_kv": 380.0, "from_node": 18, "to_node": 27, "length_km": 214.36533601074424, "delaunay_k": 2, "edge_set": "Delaunay2" }, "geometry": { "type": "LineString", "coordinates": [ [ 8.102417, 58.2445 ], [ 10.780334, 59.580242 ] ] } },
{ "type": "Feature", "properties": { "voltage_kv": 380.0, "from_node": 19, "to_node": 20, "length_km": 258.93498879236483, "delaunay_k": 2, "edge_set": "Delaunay2" }, "geometry": { "type": "LineString", "coordinates": [ [ 8.480072, 62.679816 ], [ 8.596802, 60.357527 ] ] } },
{ "type": "Feature", "properties": { "voltage_kv": 380.0, "from_node": 19, "to_node": 21, "length_km": 274.27982371829842, "delaunay_k": 2, "edge_set": "Delaunay2" }, "geometry": { "type": "LineString", "coordinates": [ [ 8.480072, 62.679816 ], [ 9.026642, 60.232994 ] ] } },
{ "type": "Feature", "properties": { "voltage_kv": 380.0, "from_node": 19, "to_node": 23, "length_km": 289.63426771517237, "delaunay_k": 2, "edge_set": "Delaunay2" }, "geometry": { "type": "LineString", "coordinates": [ [ 8.480072, 62.679816 ], [ 10.092316, 60.198203 ] ] } },
{ "type": "Feature", "properties": { "voltage_kv": 380.0, "from_node": 19, "to_node": 29, "length_km": 328.51476955237496, "delaunay_k": 2, "edge_set": "Delaunay2" }, "geometry": { "type": "LineString", "coordinates": [ [ 8.480072, 62.679816 ], [ 10.839386, 59.958448 ] ] } },
{ "type": "Feature", "properties": { "voltage_kv": 380.0, "from_node": 19, "to_node": 51, "length_km": 220.48571661436688, "delaunay_k": 2, "edge_set": "Delaunay2" }, "geometry": { "type": "LineString", "coordinates": [ [ 8.480072, 62.679816 ], [ 12.568359, 63.361367 ] ] } },
{ "type": "Feature", "properties": { "voltage_kv": 380.0, "from_node": 19, "to_node": 61, "length_km": 263.42830882612458, "delaunay_k": 2, "edge_set": "Delaunay2" }, "geometry": { "type": "LineString", "coordinates": [ [ 8.480072, 62.679816 ], [ 13.458252, 63.368755 ] ] } },
{ "type": "Feature", "properties": { "voltage_kv": 380.0, "from_node": 19, "to_node": 63, "length_km": 462.20319124590537, "delaunay_k": 2, "edge_set": "Delaunay2" }, "geometry": { "type": "LineString", "coordinates": [ [ 8.480072, 62.679816 ], [ 13.763123, 66.142743 ] ] } },
{ "type": "Feature", "properties": { "voltage_kv": 380.0, "from_node": 19, "to_node": 69, "length_km": 310.49485967706454, "delaunay_k": 2, "edge_set": "Delaunay2" }, "geometry": { "type": "LineString", "coordinates": [ [ 8.480072, 62.679816 ], [ 14.515686, 62.516121 ] ] } },
{ "type": "Feature", "properties": { "voltage_kv": 380.0, "from_node": 19, "to_node": 77, "length_km": 436.68532090938407, "delaunay_k": 2, "edge_set": "Delaunay2" }, "geometry": { "type": "LineString", "coordinates": [ [ 8.480072, 62.679816 ], [ 15.188599, 60.415208 ] ] } },
{ "type": "Feature", "properties": { "voltage_kv": 380.0, "from_node": 20, "to_node": 22, "length_km": 132.25672448288958, "delaunay_k": 2, "edge_set": "Delaunay2" }, "geometry": { "type": "LineString", "coordinates": [ [ 8.596802, 60.357527 ], [ 9.593811, 59.282019 ] ] } },
{ "type": "Feature", "properties": { "voltage_kv": 380.0, "from_node": 20, "to_node": 23, "length_km": 84.642796634540417, "delaunay_k": 2, "edge_set": "Delaunay2" }, "geometry": { "type": "LineString", "coordinates": [ [ 8.596802, 60.357527 ], [ 10.092316, 60.198203 ] ] } },
{ "type": "Feature", "properties": { "voltage_kv": 380.0, "from_node": 20, "to_node": 25, "length_km": 107.69993837875649, "delaunay_k": 2, "edge_set": "Delaunay2" }, "geometry": { "type": "LineString", "coordinates": [ [ 8.596802, 60.357527 ], [ 10.288696, 59.88687 ] ] } },
{ "type": "Feature", "properties": { "voltage_kv": 380.0, "from_node": 20, "to_node": 29, "length_km": 132.2456150218479, "delaunay_k": 2, "edge_set": "Delaunay2" }, "geometry": { "type": "LineString", "coordinates": [ [ 8.596802, 60.357527 ], [ 10.839386, 59.958448 ] ] } },
{ "type": "Feature", "properties": { "voltage_kv": 380.0, "from_node": 20, "to_node": 35, "length_km": 341.30095846857063, "delaunay_k": 2, "edge_set": "Delaunay2" }, "geometry": { "type": "LineString", "coordinates": [ [ 8.596802, 60.357527 ], [ 11.727905, 63.035662 ] ] } },
{ "type": "Feature", "properties": { "voltage_kv": 380.0, "from_node": 20, "to_node": 69, "length_km": 396.80820410092792, "delaunay_k": 2, "edge_set": "Delaunay2" }, "geometry": { "type": "LineString", "coordinates": [ [ 8.596802, 60.357527 ], [ 14.515686, 62.516121 ] ] } },
{ "type": "Feature", "properties": { "voltage_kv": 380.0, "from_node": 20, "to_node": 77, "length_km": 363.48580813977213, "delaunay_k": 2, "edge_set": "Delaunay2" }, "geometry": { "type": "LineString", "coordinates": [ [ 8.596802, 60.357527 ], [ 15.188599, 60.415208 ] ] } },
{ "type": "Feature", "properties": { "voltage_kv": 380.0, "from_node": 21, "to_node": 27, "length_km": 122.14592146254515, "delaunay_k": 2, "edge_set": "Delaunay2" }, "geometry": { "type": "LineString", "coordinates": [ [ 9.026642, 60.232994 ], [ 10.780334, 59.580242 ] ] } },
{ "type": "Feature", "properties": { "voltage_kv": 380.0, "from_node": 21, "to_node": 28, "length_km": 115.4135343561599, "delaunay_k": 2, "edge_set": "Delaunay2" }, "geometry": { "type": "LineString", "coordinates": [ [ 9.026642, 60.232994 ], [ 10.82428, 59.721792 ] ] } },
{ "type": "Feature", "properties": { "voltage_kv": 380.0, "from_node": 21, "to_node": 29, "length_km": 105.40037565739549, "delaunay_k": 2, "edge_set": "Delaunay2" }, "geometry": { "type": "LineString", "coordinates": [ [ 9.026642, 60.232994 ], [ 10.839386, 59.958448 ] ] } },
{ "type": "Feature", "properties": { "voltage_kv": 380.0, "from_node": 21, "to_node": 31, "length_km": 158.26552712494544, "delaunay_k": 2, "edge_set": "Delaunay2" }, "geometry": { "type": "LineString", "coordinates": [ [ 9.026642, 60.232994 ], [ 11.181335, 59.317776 ] ] } },
{ "type": "Feature", "properties": { "voltage_kv": 380.0, "from_node": 21, "to_node": 33, "length_km": 180.61604126514246, "delaunay_k": 2, "edge_set": "Delaunay2" }, "geometry": { "type": "LineString", "coordinates": [ [ 9.026642, 60.232994 ], [ 11.409302, 59.147769 ] ] } },
{ "type": "Feature", "properties": { "voltage_kv": 380.0, "from_node": 21, "to_node": 35, "length_km": 343.55547653611228, "delaunay_k": 2, "edge_set": "Delaunay2" }, "geometry": { "type": "LineString", "coordinates": [ [ 9.026642, 60.232994 ], [ 11.727905, 63.035662 ] ] } },
{ "type": "Feature", "properties": { "voltage_kv": 380.0, "from_node": 21, "to_node": 69, "length_km": 388.22858216549503, "delaunay_k": 2, "edge_set": "Delaunay2" }, "geometry": { "type": "LineString", "coordinates": [ [ 9.026642, 60.232994 ], [ 14.515686, 62.516121 ] ] } },
{ "type": "Feature", "properties": { "voltage_kv": 380.0, "from_node": 21, "to_node": 77, "length_km": 340.99847547271247, "delaunay_k": 2, "edge_set": "Delaunay2" }, "geometry": { "type": "LineString", "coordinates": [ [ 9.026642, 60.232994 ], [ 15.188599, 60.415208 ] ] } },
{ "type": "Feature", "properties": { "voltage_kv": 380.0, "from_node": 22, "to_node": 23, "length_km": 105.85881196847559, "delaunay_k": 2, "edge_set": "Delaunay2" }, "geometry": { "type": "LineString", "coordinates": [ [ 9.593811, 59.282019 ], [ 10.092316, 60.198203 ] ] } },
{ "type": "Feature", "properties": { "voltage_kv": 380.0, "from_node": 22, "to_node": 24, "length_km": 121.09019435852879, "delaunay_k": 2, "edge_set": "Delaunay2" }, "geometry": { "type": "LineString", "coordinates": [ [ 9.593811, 59.282019 ], [ 10.214539, 60.322868 ] ] } },
{ "type": "Feature", "properties": { "voltage_kv": 380.0, "from_node": 22, "to_node": 28, "length_km": 85.190264100412747, "delaunay_k": 2, "edge_set": "Delaunay2" }, "geometry": { "type": "LineString", "coordinates": [ [ 9.593811, 59.282019 ], [ 10.82428, 59.721792 ] ] } },
{ "type": "Feature", "properties": { "voltage_kv": 380.0, "from_node": 22, "to_node": 29, "length_km": 103.05920444626861, "delaunay_k": 2, "edge_set": "Delaunay2" }, "geometry": { "type": "LineString", "coordinates": [ [ 9.593811, 59.282019 ], [ 10.839386, 59.958448 ] ] } },
{ "type": "Feature", "properties": { "voltage_kv": 380.0, "from_node": 22, "to_node": 54, "length_km": 192.82133145317025, "delaunay_k": 2, "edge_set": "Delaunay2" }, "geometry": { "type": "LineString", "coordinates": [ [ 9.593811, 59.282019 ], [ 12.9776, 59.337392 ] ] } },
{ "type": "Feature", "properties": { "voltage_kv": 380.0, "from_node": 23, "to_node": 27, "length_km": 78.892391084073196, "delaunay_k": 2, "edge_set": "Delaunay2" }, "geometry": { "type": "LineString", "coordinates": [ [ 10.092316, 60.198203 ], [ 10.780334, 59.580242 ] ] } },
{ "type": "Feature", "properties": { "voltage_kv": 380.0, "from_node": 23, "to_node": 28, "length_km": 67.005021608921155, "delaunay_k": 2, "edge_set": "Delaunay2" }, "geometry": { "type": "LineString", "coordinates": [ [ 10.092316, 60.198203 ], [ 10.82428, 59.721792 ] ] } },
{ "type": "Feature", "properties": { "voltage_kv": 380.0, "from_node": 23, "to_node": 35, "length_km": 327.87462252590723, "delaunay_k": 2, "edge_set": "Delaunay2" }, "geometry": { "type": "LineString", "coordinates": [ [ 10.092316, 60.198203 ], [ 11.727905, 63.035662 ] ] } },
{ "type": "Feature", "properties": { "voltage_kv": 380.0, "from_node": 23, "to_node": 54, "length_km": 188.34899486400028, "delaunay_k": 2, "edge_set": "Delaunay2" }, "geometry": { "type": "LineString", "coordinates": [ [ 10.092316, 60.198203 ], [ 12.9776, 59.337392 ] ] } },
{ "type": "Feature", "properties": { "voltage_kv": 380.0, "from_node": 23, "to_node": 69, "length_km": 350.19234789071714, "delaunay_k": 2, "edge_set": "Delaunay2" }, "geometry": { "type": "LineString", "coordinates": [ [ 10.092316, 60.198203 ], [ 14.515686, 62.516121 ] ] } },
{ "type": "Feature", "properties": { "voltage_kv": 380.0, "from_node": 23, "to_node": 77, "length_km": 282.74338895179005, "delaunay_k": 2, "edge_set": "Delaunay2" }, "geometry": { "type": "LineString", "coordinates": [ [ 10.092316, 60.198203 ], [ 15.188599, 60.415208 ] ] } },
{ "type": "Feature", "properties": { "voltage_kv": 380.0, "from_node": 24, "to_node": 25, "length_km": 48.753464695493463, "delaunay_k": 2, "edge_set": "Delaunay2" }, "geometry": { "type": "LineString", "coordinates": [ [ 10.214539, 60.322868 ], [ 10.288696, 59.88687 ] ] } },
{ "type": "Feature", "properties": { "voltage_kv": 380.0, "from_node": 24, "to_node": 26, "length_km": 329.46406876359589, "delaunay_k": 2, "edge_set": "Delaunay2" }, "geometry": { "type": "LineString", "coordinates": [ [ 10.214539, 60.322868 ], [ 10.457611, 63.276888 ] ] } },
{ "type": "Feature", "properties": { "voltage_kv": 380.0, "from_node": 24, "to_node": 28, "length_km": 75.106025029936035, "delaunay_k": 2, "edge_set": "Delaunay2" }, "geometry": { "type": "LineString", "coordinates": [ [ 10.214539, 60.322868 ], [ 10.82428, 59.721792 ] ] } },
{ "type": "Feature", "properties": { "voltage_kv": 380.0, "from_node": 24, "to_node": 51, "length_km": 360.54803481250821, "delaunay_k": 2, "edge_set": "Delaunay2" }, "geometry": { "type": "LineString", "coordinates": [ [ 10.214539, 60.322868 ], [ 12.568359, 63.361367 ] ] } },
{ "type": "Feature", "properties": { "voltage_kv": 380.0, "from_node": 24, "to_node": 54, "length_km": 189.90131972255787, "delaunay_k": 2, "edge_set": "Delaunay2" }, "geometry": { "type": "LineString", "coordinates": [ [ 10.214539, 60.322868 ], [ 12.9776, 59.337392 ] ] } },
{ "type": "Feature", "properties": { "voltage_kv": 380.0, "from_node": 24, "to_node": 61, "length_km": 379.90629869419001, "delaunay_k": 2, "edge_set": "Delaunay2" }, "geometry": { "type": "LineString", "coordinates": [ [ 10.214539, 60.322868 ], [ 13.458252, 63.368755 ] ] } },
{ "type": "Feature", "properties": { "voltage_kv": 380.0, "from_node": 24, "to_node": 71, "length_km": 344.65797104800112, "delaunay_k": 2, "edge_set": "Delaunay2" }, "geometry": { "type": "LineString", "coordinates": [ [ 10.214539, 60.322868 ], [ 14.734039, 62.533228 ] ] } },
{ "type": "Feature", "properties": { "voltage_kv": 380.0, "from_node": 24, "to_node": 79, "length_km": 418.06782348380779, "delaunay_k": 2, "edge_set": "Delaunay2" }, "geometry": { "type": "LineString", "coordinates": [ [ 10.214539, 60.322868 ], [ 15.206451, 63.237956 ] ] } },
{ "type": "Feature", "properties": { "voltage_kv": 380.0, "from_node": 24, "to_node": 81, "length_km": 288.57858901617914, "delaunay_k": 2, "edge_set": "Delaunay2" }, "geometry": { "type": "LineString", "coordinates": [ [ 10.214539, 60.322868 ], [ 15.387726, 60.052503 ] ] } },
{ "type": "Feature", "properties": { "voltage_kv": 380.0, "from_node": 24, "to_node": 82, "length_km": 288.63797200243721, "delaunay_k": 2, "edge_set": "Delaunay2" }, "geometry": { "type": "LineString", "coordinates": [ [ 10.214539, 60.322868 ], [ 15.442657, 60.406393 ] ] } },
{ "type": "Feature", "properties": { "voltage_kv": 380.0, "from_node": 24, "to_node": 96, "length_km": 371.28724111581698, "delaunay_k": 2, "edge_set": "Delaunay2" }, "geometry": { "type": "LineString", "coordinates": [ [ 10.214539, 60.322868 ], [ 16.931305, 60.692679 ] ] } },
{ "type": "Feature", "properties": { "voltage_kv": 380.0, "from_node": 25, "to_node": 31, "length_km": 80.996099839877274, "delaunay_k": 2, "edge_set": "Delaunay2" }, "geometry": { "type": "LineString", "coordinates": [ [ 10.288696, 59.88687 ], [ 11.181335, 59.317776 ] ] } },
{ "type": "Feature", "properties": { "voltage_kv": 380.0, "from_node": 25, "to_node": 33, "length_km": 103.94167429018736, "delaunay_k": 2, "edge_set": "Delaunay2" }, "geometry": { "type": "LineString", "coordinates": [ [ 10.288696, 59.88687 ], [ 11.409302, 59.147769 ] ] } },
{ "type": "Feature", "properties": { "voltage_kv": 380.0, "from_node": 25, "to_node": 54, "length_km": 163.66290343320142, "delaunay_k": 2, "edge_set": "Delaunay2" }, "geometry": { "type": "LineString", "coordinates": [ [ 10.288696, 59.88687 ], [ 12.9776, 59.337392 ] ] } },
{ "type": "Feature", "properties": { "voltage_kv": 380.0, "from_node": 25, "to_node": 77, "length_km": 278.43321227714932, "delaunay_k": 2, "edge_set": "Delaunay2" }, "geometry": { "type": "LineString", "coordinates": [ [ 10.288696, 59.88687 ], [ 15.188599, 60.415208 ] ] } },
{ "type": "Feature", "properties": { "voltage_kv": 380.0, "from_node": 26, "to_node": 61, "length_km": 150.71017839329869, "delaunay_k": 2, "edge_set": "Delaunay2" }, "geometry": { "type": "LineString", "coordinates": [ [ 10.457611, 63.276888 ], [ 13.458252, 63.368755 ] ] } },
{ "type": "Feature", "properties": { "voltage_kv": 380.0, "from_node": 26, "to_node": 64, "length_km": 413.7749272360968, "delaunay_k": 2, "edge_set": "Delaunay2" }, "geometry": { "type": "LineString", "coordinates": [ [ 10.457611, 63.276888 ], [ 13.807068, 66.707884 ] ] } },
{ "type": "Feature", "properties": { "voltage_kv": 380.0, "from_node": 26, "to_node": 66, "length_km": 379.10403858418096, "delaunay_k": 2, "edge_set": "Delaunay2" }, "geometry": { "type": "LineString", "coordinates": [ [ 10.457611, 63.276888 ], [ 14.191589, 66.282328 ] ] } },
{ "type": "Feature", "properties": { "voltage_kv": 380.0, "from_node": 26, "to_node": 69, "length_km": 223.07633051911236, "delaunay_k": 2, "edge_set": "Delaunay2" }, "geometry": { "type": "LineString", "coordinates": [ [ 10.457611, 63.276888 ], [ 14.515686, 62.516121 ] ] } },
{ "type": "Feature", "properties": { "voltage_kv": 380.0, "from_node": 26, "to_node": 94, "length_km": 383.79949224256728, "delaunay_k": 2, "edge_set": "Delaunay2" }, "geometry": { "type": "LineString", "coordinates": [ [ 10.457611, 63.276888 ], [ 16.876373, 65.299207 ] ] } },
{ "type": "Feature", "properties": { "voltage_kv": 380.0, "from_node": 27, "to_node": 29, "length_km": 42.266400555008957, "delaunay_k": 2, "edge_set": "Delaunay2" }, "geometry": { "type": "LineString", "coordinates": [ [ 10.780334, 59.580242 ], [ 10.839386, 59.958448 ] ] } },
{ "type": "Feature", "properties": { "voltage_kv": 380.0, "from_node": 27, "to_node": 33, "length_km": 60.003878662038034, "delaunay_k": 2, "edge_set": "Delaunay2" }, "geometry": { "type": "LineString", "coordinates": [ [ 10.780334, 59.580242 ], [ 11.409302, 59.147769 ] ] } },
{ "type": "Feature", "properties": { "voltage_kv": 380.0, "from_node": 27, "to_node": 54, "length_km": 127.50560284444555, "delaunay_k": 2, "edge_set": "Delaunay2" }, "geometry": { "type": "LineString", "coordinates": [ [ 10.780334, 59.580242 ], [ 12.9776, 59.337392 ] ] } },
{ "type": "Feature", "properties": { "voltage_kv": 380.0, "from_node": 28, "to_node": 33, "length_km": 72.052065636856952, "delaunay_k": 2, "edge_set": "Delaunay2" }, "geometry": { "type": "LineString", "coordinates": [ [ 10.82428, 59.721792 ], [ 11.409302, 59.147769 ] ] } },
{ "type": "Feature", "properties": { "voltage_kv": 380.0, "from_node": 28, "to_node": 34, "length_km": 112.96361123382198, "delaunay_k": 2, "edge_set": "Delaunay2" }, "geometry": { "type": "LineString", "coordinates": [ [ 10.82428, 59.721792 ], [ 11.629028, 58.795248 ] ] } },
{ "type": "Feature", "properties": { "voltage_kv": 380.0, "from_node": 28, "to_node": 44, "length_km": 179.18204623001725, "delaunay_k": 2, "edge_set": "Delaunay2" }, "geometry": { "type": "LineString", "coordinates": [ [ 10.82428, 59.721792 ], [ 12.299194, 58.304438 ] ] } },
{ "type": "Feature", "properties": { "voltage_kv": 380.0, "from_node": 28, "to_node": 65, "length_km": 217.42426377670617, "delaunay_k": 2, "edge_set": "Delaunay2" }, "geometry": { "type": "LineString", "coordinates": [ [ 10.82428, 59.721792 ], [ 13.878479, 58.56109 ] ] } },
{ "type": "Feature", "properties": { "voltage_kv": 380.0, "from_node": 28, "to_node": 75, "length_km": 255.58929931134963, "delaunay_k": 2, "edge_set": "Delaunay2" }, "geometry": { "type": "LineString", "coordinates": [ [ 10.82428, 59.721792 ], [ 15.125427, 59.05115 ] ] } },
{ "type": "Feature", "properties": { "voltage_kv": 380.0, "from_node": 28, "to_node": 76, "length_km": 254.75945926969206, "delaunay_k": 2, "edge_set": "Delaunay2" }, "geometry": { "type": "LineString", "coordinates": [ [ 10.82428, 59.721792 ], [ 15.184479, 59.173817 ] ] } },
{ "type": "Feature", "properties": { "voltage_kv": 380.0, "from_node": 28, "to_node": 77, "length_km": 254.99700258576252, "delaunay_k": 2, "edge_set": "Delaunay2" }, "geometry": { "type": "LineString", "coordinates": [ [ 10.82428, 59.721792 ], [ 15.188599, 60.415208 ] ] } },
{ "type": "Feature", "properties": { "voltage_kv": 380.0, "from_node": 28, "to_node": 80, "length_km": 250.53705369215089, "delaunay_k": 2, "edge_set": "Delaunay2" }, "geometry": { "type": "LineString", "coordinates": [ [ 10.82428, 59.721792 ], [ 15.231171, 59.466013 ] ] } },
{ "type": "Feature", "properties": { "voltage_kv": 380.0, "from_node": 28, "to_node": 81, "length_km": 258.14666632658185, "delaunay_k": 2, "edge_set": "Delaunay2" }, "geometry": { "type": "LineString", "coordinates": [ [ 10.82428, 59.721792 ], [ 15.387726, 60.052503 ] ] } },
{ "type": "Feature", "properties": { "voltage_kv": 380.0, "from_node": 29, "to_node": 31, "length_km": 73.93566485014432, "delaunay_k": 2, "edge_set": "Delaunay2" }, "geometry": { "type": "LineString", "coordinates": [ [ 10.839386, 59.958448 ], [ 11.181335, 59.317776 ] ] } },
{ "type": "Feature", "properties": { "voltage_kv": 380.0, "from_node": 29, "to_node": 33, "length_km": 95.891674520893744, "delaunay_k": 2, "edge_set": "Delaunay2" }, "geometry": { "type": "LineString", "coordinates": [ [ 10.839386, 59.958448 ], [ 11.409302, 59.147769 ] ] } },
{ "type": "Feature", "properties": { "voltage_kv": 380.0, "from_node": 29, "to_node": 34, "length_km": 137.13549138945831, "delaunay_k": 2, "edge_set": "Delaunay2" }, "geometry": { "type": "LineString", "coordinates": [ [ 10.839386, 59.958448 ], [ 11.629028, 58.795248 ] ] } },
{ "type": "Feature", "properties": { "voltage_kv": 380.0, "from_node": 29, "to_node": 35, "length_km": 346.16009391776322, "delaunay_k": 2, "edge_set": "Delaunay2" }, "geometry": { "type": "LineString", "coordinates": [ [ 10.839386, 59.958448 ], [ 11.727905, 63.035662 ] ] } },
{ "type": "Feature", "properties": { "voltage_kv": 380.0, "from_node": 29, "to_node": 44, "length_km": 202.31542853751802, "delaunay_k": 2, "edge_set": "Delaunay2" }, "geometry": { "type": "LineString", "coordinates": [ [ 10.839386, 59.958448 ], [ 12.299194, 58.304438 ] ] } },
{ "type": "Feature", "properties": { "voltage_kv": 380.0, "from_node": 29, "to_node": 65, "length_km": 232.96673122322582, "delaunay_k": 2, "edge_set": "Delaunay2" }, "geometry": { "type": "LineString", "coordinates": [ [ 10.839386, 59.958448 ], [ 13.878479, 58.56109 ] ] } },
{ "type": "Feature", "properties": { "voltage_kv": 380.0, "from_node": 29, "to_node": 69, "length_km": 346.62958101967104, "delaunay_k": 2, "edge_set": "Delaunay2" }, "geometry": { "type": "LineString", "coordinates": [ [ 10.839386, 59.958448 ], [ 14.515686, 62.516121 ] ] } },
{ "type": "Feature", "properties": { "voltage_kv": 380.0, "from_node": 29, "to_node": 71, "length_km": 354.93506379630821, "delaunay_k": 2, "edge_set": "Delaunay2" }, "geometry": { "type": "LineString", "coordinates": [ [ 10.839386, 59.958448 ], [ 14.734039, 62.533228 ] ] } },
{ "type": "Feature", "properties": { "voltage_kv": 380.0, "from_node": 29, "to_node": 75, "length_km": 262.91680917092475, "delaunay_k": 2, "edge_set": "Delaunay2" }, "geometry": { "type": "LineString", "coordinates": [ [ 10.839386, 59.958448 ], [ 15.125427, 59.05115 ] ] } },
{ "type": "Feature", "properties": { "voltage_kv": 380.0, "from_node": 29, "to_node": 76, "length_km": 260.70378610169178, "delaunay_k": 2, "edge_set": "Delaunay2" }, "geometry": { "type": "LineString", "coordinates": [ [ 10.839386, 59.958448 ], [ 15.184479, 59.173817 ] ] } },
{ "type": "Feature", "properties": { "voltage_kv": 380.0, "from_node": 29, "to_node": 80, "length_km": 253.19753892459045, "delaunay_k": 2, "edge_set": "Delaunay2" }, "geometry": { "type": "LineString", "coordinates": [ [ 10.839386, 59.958448 ], [ 15.231171, 59.466013 ] ] } },
{ "type": "Feature", "properties": { "voltage_kv": 380.0, "from_node": 29, "to_node": 81, "length_km": 253.97112430902087, "delaunay_k": 2, "edge_set": "Delaunay2" }, "geometry": { "type": "LineString", "coordinates": [ [ 10.839386, 59.958448 ], [ 15.387726, 60.052503 ] ] } },
{ "type": "Feature", "properties": { "voltage_kv": 380.0, "from_node": 29, "to_node": 82, "length_km": 260.27072616952324, "delaunay_k": 2, "edge_set": "Delaunay2" }, "geometry": { "type": "LineString", "coordinates": [ [ 10.839386, 59.958448 ], [ 15.442657, 60.406393 ] ] } },
{ "type": "Feature", "properties": { "voltage_kv": 380.0, "from_node": 29, "to_node": 96, "length_km": 346.36821750415317, "delaunay_k": 2, "edge_set": "Delaunay2" }, "geometry": { "type": "LineString", "coordinates": [ [ 10.839386, 59.958448 ], [ 16.931305, 60.692679 ] ] } },
{ "type": "Feature", "properties": { "voltage_kv": 380.0, "from_node": 30, "to_node": 38, "length_km": 60.05721022652672, "delaunay_k": 2, "edge_set": "Delaunay2" }, "geometry": { "type": "LineString", "coordinates": [ [ 11.089325, 55.66132 ], [ 11.961365, 55.445374 ] ] } },
{ "type": "Feature", "properties": { "voltage_kv": 380.0, "from_node": 30, "to_node": 41, "length_km": 73.236260734534014, "delaunay_k": 2, "edge_set": "Delaunay2" }, "geometry": { "type": "LineString", "coordinates": [ [ 11.089325, 55.66132 ], [ 12.240143, 55.764213 ] ] } },
{ "type": "Feature", "properties": { "voltage_kv": 380.0, "from_node": 30, "to_node": 42, "length_km": 72.659285257728499, "delaunay_k": 2, "edge_set": "Delaunay2" }, "geometry": { "type": "LineString", "coordinates": [ [ 11.089325, 55.66132 ], [ 12.242889, 55.693068 ] ] } },
{ "type": "Feature", "properties": { "voltage_kv": 380.0, "from_node": 30, "to_node": 46, "length_km": 87.109325960592926, "delaunay_k": 2, "edge_set": "Delaunay2" }, "geometry": { "type": "LineString", "coordinates": [ [ 11.089325, 55.66132 ], [ 12.385712, 55.942279 ] ] } },
{ "type": "Feature", "properties": { "voltage_kv": 380.0, "from_node": 31, "to_node": 34, "length_km": 63.624407810902831, "delaunay_k": 2, "edge_set": "Delaunay2" }, "geometry": { "type": "LineString", "coordinates": [ [ 11.181335, 59.317776 ], [ 11.629028, 58.795248 ] ] } },
{ "type": "Feature", "properties": { "voltage_kv": 380.0, "from_node": 31, "to_node": 44, "length_km": 130.05436322827396, "delaunay_k": 2, "edge_set": "Delaunay2" }, "geometry": { "type": "LineString", "coordinates": [ [ 11.181335, 59.317776 ], [ 12.299194, 58.304438 ] ] } },
{ "type": "Feature", "properties": { "voltage_kv": 380.0, "from_node": 31, "to_node": 65, "length_km": 176.69057517052124, "delaunay_k": 2, "edge_set": "Delaunay2" }, "geometry": { "type": "LineString", "coordinates": [ [ 11.181335, 59.317776 ], [ 13.878479, 58.56109 ] ] } },
{ "type": "Feature", "properties": { "voltage_kv": 380.0, "from_node": 31, "to_node": 75, "length_km": 227.43219199149092, "delaunay_k": 2, "edge_set": "Delaunay2" }, "geometry": { "type": "LineString", "coordinates": [ [ 11.181335, 59.317776 ], [ 15.125427, 59.05115 ] ] } },
{ "type": "Feature", "properties": { "voltage_kv": 380.0, "from_node": 31, "to_node": 76, "length_km": 229.01329881252224, "delaunay_k": 2, "edge_set": "Delaunay2" }, "geometry": { "type": "LineString", "coordinates": [ [ 11.181335, 59.317776 ], [ 15.184479, 59.173817 ] ] } },
{ "type": "Feature", "properties": { "voltage_kv": 380.0, "from_node": 31, "to_node": 77, "length_km": 255.62715256321385, "delaunay_k": 2, "edge_set": "Delaunay2" }, "geometry": { "type": "LineString", "coordinates": [ [ 11.181335, 59.317776 ], [ 15.188599, 60.415208 ] ] } },
{ "type": "Feature", "properties": { "voltage_kv": 380.0, "from_node": 31, "to_node": 80, "length_km": 230.71742753697333, "delaunay_k": 2, "edge_set": "Delaunay2" }, "geometry": { "type": "LineString", "coordinates": [ [ 11.181335, 59.317776 ], [ 15.231171, 59.466013 ] ] } },
{ "type": "Feature", "properties": { "voltage_kv": 380.0, "from_node": 31, "to_node": 81, "length_km": 250.68367580135907, "delaunay_k": 2, "edge_set": "Delaunay2" }, "geometry": { "type": "LineString", "coordinates": [ [ 11.181335, 59.317776 ], [ 15.387726, 60.052503 ] ] } },
{ "type": "Feature", "properties": { "voltage_kv": 380.0, "from_node": 32, "to_node": 41, "length_km": 69.073950789371978, "delaunay_k": 2, "edge_set": "Delaunay2" }, "geometry": { "type": "LineString", "coordinates": [ [ 11.211548, 55.548058 ], [ 12.240143, 55.764213 ] ] } },
{ "type": "Feature", "properties": { "voltage_kv": 380.0, "from_node": 32, "to_node": 42, "length_km": 66.953473452778411, "delaunay_k": 2, "edge_set": "Delaunay2" }, "geometry": { "type": "LineString", "coordinates": [ [ 11.211548, 55.548058 ], [ 12.242889, 55.693068 ] ] } },
{ "type": "Feature", "properties": { "voltage_kv": 380.0, "from_node": 32, "to_node": 45, "length_km": 70.653893264069211, "delaunay_k": 2, "edge_set": "Delaunay2" }, "geometry": { "type": "LineString", "coordinates": [ [ 11.211548, 55.548058 ], [ 12.311554, 55.670615 ] ] } },
{ "type": "Feature", "properties": { "voltage_kv": 380.0, "from_node": 32, "to_node": 46, "length_km": 85.814886359144438, "delaunay_k": 2, "edge_set": "Delaunay2" }, "geometry": { "type": "LineString", "coordinates": [ [ 11.211548, 55.548058 ], [ 12.385712, 55.942279 ] ] } },
{ "type": "Feature", "properties": { "voltage_kv": 380.0, "from_node": 32, "to_node": 48, "length_km": 76.748429588727547, "delaunay_k": 2, "edge_set": "Delaunay2" }, "geometry": { "type": "LineString", "coordinates": [ [ 11.211548, 55.548058 ], [ 12.415924, 55.648924 ] ] } },
{ "type": "Feature", "properties": { "voltage_kv": 380.0, "from_node": 32, "to_node": 59, "length_km": 124.82593093041405, "delaunay_k": 2, "edge_set": "Delaunay2" }, "geometry": { "type": "LineString", "coordinates": [ [ 11.211548, 55.548058 ], [ 13.189087, 55.58145 ] ] } },
{ "type": "Feature", "properties": { "voltage_kv": 380.0, "from_node": 33, "to_node": 37, "length_km": 161.51826790670805, "delaunay_k": 2, "edge_set": "Delaunay2" }, "geometry": { "type": "LineString", "coordinates": [ [ 11.409302, 59.147769 ], [ 11.954498, 57.726153 ] ] } },
{ "type": "Feature", "properties": { "voltage_kv": 380.0, "from_node": 33, "to_node": 44, "length_km": 107.15497879742966, "delaunay_k": 2, "edge_set": "Delaunay2" }, "geometry": { "type": "LineString", "coordinates": [ [ 11.409302, 59.147769 ], [ 12.299194, 58.304438 ] ] } },
{ "type": "Feature", "properties": { "voltage_kv": 380.0, "from_node": 33, "to_node": 65, "length_km": 156.78799184662515, "delaunay_k": 2, "edge_set": "Delaunay2" }, "geometry": { "type": "LineString", "coordinates": [ [ 11.409302, 59.147769 ], [ 13.878479, 58.56109 ] ] } },
{ "type": "Feature", "properties": { "voltage_kv": 380.0, "from_node": 33, "to_node": 75, "length_km": 213.25746669398586, "delaunay_k": 2, "edge_set": "Delaunay2" }, "geometry": { "type": "LineString", "coordinates": [ [ 11.409302, 59.147769 ], [ 15.125427, 59.05115 ] ] } },
{ "type": "Feature", "properties": { "voltage_kv": 380.0, "from_node": 33, "to_node": 76, "length_km": 216.0034517953128, "delaunay_k": 2, "edge_set": "Delaunay2" }, "geometry": { "type": "LineString", "coordinates": [ [ 11.409302, 59.147769 ], [ 15.184479, 59.173817 ] ] } },
{ "type": "Feature", "properties": { "voltage_kv": 380.0, "from_node": 33, "to_node": 77, "length_km": 254.93933660641773, "delaunay_k": 2, "edge_set": "Delaunay2" }, "geometry": { "type": "LineString", "coordinates": [ [ 11.409302, 59.147769 ], [ 15.188599, 60.415208 ] ] } },
{ "type": "Feature", "properties": { "voltage_kv": 380.0, "from_node": 33, "to_node": 80, "length_km": 220.58800843501112, "delaunay_k": 2, "edge_set": "Delaunay2" }, "geometry": { "type": "LineString", "coordinates": [ [ 11.409302, 59.147769 ], [ 15.231171, 59.466013 ] ] } },
{ "type": "Feature", "properties": { "voltage_kv": 380.0, "from_node": 33, "to_node": 81, "length_km": 246.24615585161064, "delaunay_k": 2, "edge_set": "Delaunay2" }, "geometry": { "type": "LineString", "coordinates": [ [ 11.409302, 59.147769 ], [ 15.387726, 60.052503 ] ] } },
{ "type": "Feature", "properties": { "voltage_kv": 380.0, "from_node": 34, "to_node": 39, "length_km": 139.23496830472303, "delaunay_k": 2, "edge_set": "Delaunay2" }, "geometry": { "type": "LineString", "coordinates": [ [ 11.629028, 58.795248 ], [ 12.087708, 57.568888 ] ] } },
{ "type": "Feature", "properties": { "voltage_kv": 380.0, "from_node": 34, "to_node": 43, "length_km": 99.296585087328296, "delaunay_k": 2, "edge_set": "Delaunay2" }, "geometry": { "type": "LineString", "coordinates": [ [ 11.629028, 58.795248 ], [ 12.244263, 57.964417 ] ] } },
{ "type": "Feature", "properties": { "voltage_kv": 380.0, "from_node": 34, "to_node": 47, "length_km": 118.2171000550734, "delaunay_k": 2, "edge_set": "Delaunay2" }, "geometry": { "type": "LineString", "coordinates": [ [ 11.629028, 58.795248 ], [ 12.407684, 57.816235 ] ] } },
{ "type": "Feature", "properties": { "voltage_kv": 380.0, "from_node": 34, "to_node": 65, "length_km": 133.08131219227786, "delaunay_k": 2, "edge_set": "Delaunay2" }, "geometry": { "type": "LineString", "coordinates": [ [ 11.629028, 58.795248 ], [ 13.878479, 58.56109 ] ] } },
{ "type": "Feature", "properties": { "voltage_kv": 380.0, "from_node": 34, "to_node": 75, "length_km": 203.43174697887915, "delaunay_k": 2, "edge_set": "Delaunay2" }, "geometry": { "type": "LineString", "coordinates": [ [ 11.629028, 58.795248 ], [ 15.125427, 59.05115 ] ] } },
{ "type": "Feature", "properties": { "voltage_kv": 380.0, "from_node": 34, "to_node": 76, "length_km": 208.76622931849985, "delaunay_k": 2, "edge_set": "Delaunay2" }, "geometry": { "type": "LineString", "coordinates": [ [ 11.629028, 58.795248 ], [ 15.184479, 59.173817 ] ] } },
{ "type": "Feature", "properties": { "voltage_kv": 380.0, "from_node": 34, "to_node": 77, "length_km": 270.11180904084205, "delaunay_k": 2, "edge_set": "Delaunay2" }, "geometry": { "type": "LineString", "coordinates": [ [ 11.629028, 58.795248 ], [ 15.188599, 60.415208 ] ] } },
{ "type": "Feature", "properties": { "voltage_kv": 380.0, "from_node": 34, "to_node": 80, "length_km": 219.3833616755758, "delaunay_k": 2, "edge_set": "Delaunay2" }, "geometry": { "type": "LineString", "coordinates": [ [ 11.629028, 58.795248 ], [ 15.231171, 59.466013 ] ] } },
{ "type": "Feature", "properties": { "voltage_kv": 380.0, "from_node": 34, "to_node": 81, "length_km": 255.236107470359, "delaunay_k": 2, "edge_set": "Delaunay2" }, "geometry": { "type": "LineString", "coordinates": [ [ 11.629028, 58.795248 ], [ 15.387726, 60.052503 ] ] } },
{ "type": "Feature", "properties": { "voltage_kv": 380.0, "from_node": 35, "to_node": 63, "length_km": 359.82952386008958, "delaunay_k": 2, "edge_set": "Delaunay2" }, "geometry": { "type": "LineString", "coordinates": [ [ 11.727905, 63.035662 ], [ 13.763123, 66.142743 ] ] } },
{ "type": "Feature", "properties": { "voltage_kv": 380.0, "from_node": 35, "to_node": 71, "length_km": 163.35620892124717, "delaunay_k": 2, "edge_set": "Delaunay2" }, "geometry": { "type": "LineString", "coordinates": [ [ 11.727905, 63.035662 ], [ 14.734039, 62.533228 ] ] } },
{ "type": "Feature", "properties": { "voltage_kv": 380.0, "from_node": 35, "to_node": 77, "length_km": 344.5740684813548, "delaunay_k": 2, "edge_set": "Delaunay2" }, "geometry": { "type": "LineString", "coordinates": [ [ 11.727905, 63.035662 ], [ 15.188599, 60.415208 ] ] } },
{ "type": "Feature", "properties": { "voltage_kv": 380.0, "from_node": 35, "to_node": 79, "length_km": 176.89511407362539, "delaunay_k": 2, "edge_set": "Delaunay2" }, "geometry": { "type": "LineString", "coordinates": [ [ 11.727905, 63.035662 ], [ 15.206451, 63.237956 ] ] } },
{ "type": "Feature", "properties": { "voltage_kv": 380.0, "from_node": 35, "to_node": 85, "length_km": 215.29305033717017, "delaunay_k": 2, "edge_set": "Delaunay2" }, "geometry": { "type": "LineString", "coordinates": [ [ 11.727905, 63.035662 ], [ 15.846405, 63.582177 ] ] } },
{ "type": "Feature", "properties": { "voltage_kv": 380.0, "from_node": 35, "to_node": 94, "length_km": 355.40570076137919, "delaunay_k": 2, "edge_set": "Delaunay2" }, "geometry": { "type": "LineString", "coordinates": [ [ 11.727905, 63.035662 ], [ 16.876373, 65.299207 ] ] } },
{ "type": "Feature", "properties": { "voltage_kv": 380.0, "from_node": 36, "to_node": 45, "length_km": 31.297765166546561, "delaunay_k": 2, "edge_set": "Delaunay2" }, "geometry": { "type": "LineString", "coordinates": [ [ 11.885834, 55.816715 ], [ 12.311554, 55.670615 ] ] } },
{ "type": "Feature", "properties": { "voltage_kv": 380.0, "from_node": 36, "to_node": 48, "length_km": 38.18506073748803, "delaunay_k": 2, "edge_set": "Delaunay2" }, "geometry": { "type": "LineString", "coordinates": [ [ 11.885834, 55.816715 ], [ 12.415924, 55.648924 ] ] } },
{ "type": "Feature", "properties": { "voltage_kv": 380.0, "from_node": 36, "to_node": 50, "length_km": 42.604211654632422, "delaunay_k": 2, "edge_set": "Delaunay2" }, "geometry": { "type": "LineString", "coordinates": [ [ 11.885834, 55.816715 ], [ 12.56424, 55.795877 ] ] } },
{ "type": "Feature", "properties": { "voltage_kv": 380.0, "from_node": 36, "to_node": 55, "length_km": 78.46880674384856, "delaunay_k": 2, "edge_set": "Delaunay2" }, "geometry": { "type": "LineString", "coordinates": [ [ 11.885834, 55.816715 ], [ 12.984467, 56.159318 ] ] } },
{ "type": "Feature", "properties": { "voltage_kv": 380.0, "from_node": 36, "to_node": 59, "length_km": 86.03472922944816, "delaunay_k": 2, "edge_set": "Delaunay2" }, "geometry": { "type": "LineString", "coordinates": [ [ 11.885834, 55.816715 ], [ 13.189087, 55.58145 ] ] } },
{ "type": "Feature", "properties": { "voltage_kv": 380.0, "from_node": 37, "to_node": 40, "length_km": 47.394640908094985, "delaunay_k": 2, "edge_set": "Delaunay2" }, "geometry": { "type": "LineString", "coordinates": [ [ 11.954498, 57.726153 ], [ 12.237396, 57.328745 ] ] } },
{ "type": "Feature", "properties": { "voltage_kv": 380.0, "from_node": 37, "to_node": 49, "length_km": 41.389445616901455, "delaunay_k": 2, "edge_set": "Delaunay2" }, "geometry": { "type": "LineString", "coordinates": [ [ 11.954498, 57.726153 ], [ 12.562866, 57.548261 ] ] } },
{ "type": "Feature", "properties": { "voltage_kv": 380.0, "from_node": 37, "to_node": 54, "length_km": 189.11459608842418, "delaunay_k": 2, "edge_set": "Delaunay2" }, "geometry": { "type": "LineString", "coordinates": [ [ 11.954498, 57.726153 ], [ 12.9776, 59.337392 ] ] } },
{ "type": "Feature", "properties": { "voltage_kv": 380.0, "from_node": 37, "to_node": 60, "length_km": 89.676880787089104, "delaunay_k": 2, "edge_set": "Delaunay2" }, "geometry": { "type": "LineString", "coordinates": [ [ 11.954498, 57.726153 ], [ 13.414307, 57.53868 ] ] } },
{ "type": "Feature", "properties": { "voltage_kv": 380.0, "from_node": 37, "to_node": 65, "length_km": 146.59792783685111, "delaunay_k": 2, "edge_set": "Delaunay2" }, "geometry": { "type": "LineString", "coordinates": [ [ 11.954498, 57.726153 ], [ 13.878479, 58.56109 ] ] } },
{ "type": "Feature", "properties": { "voltage_kv": 380.0, "from_node": 38, "to_node": 41, "length_km": 39.609826882169443, "delaunay_k": 2, "edge_set": "Delaunay2" }, "geometry": { "type": "LineString", "coordinates": [ [ 11.961365, 55.445374 ], [ 12.240143, 55.764213 ] ] } },
{ "type": "Feature", "properties": { "voltage_kv": 380.0, "from_node": 38, "to_node": 46, "length_km": 61.42539128929365, "delaunay_k": 2, "edge_set": "Delaunay2" }, "geometry": { "type": "LineString", "coordinates": [ [ 11.961365, 55.445374 ], [ 12.385712, 55.942279 ] ] } },
{ "type": "Feature", "properties": { "voltage_kv": 380.0, "from_node": 38, "to_node": 50, "length_km": 54.458797381225914, "delaunay_k": 2, "edge_set": "Delaunay2" }, "geometry": { "type": "LineString", "coordinates": [ [ 11.961365, 55.445374 ], [ 12.56424, 55.795877 ] ] } },
{ "type": "Feature", "properties": { "voltage_kv": 380.0, "from_node": 38, "to_node": 53, "length_km": 74.088096333085758, "delaunay_k": 2, "edge_set": "Delaunay2" }, "geometry": { "type": "LineString", "coordinates": [ [ 11.961365, 55.445374 ], [ 12.970734, 55.786613 ] ] } },
{ "type": "Feature", "properties": { "voltage_kv": 380.0, "from_node": 38, "to_node": 58, "length_km": 81.405857064461259, "delaunay_k": 2, "edge_set": "Delaunay2" }, "geometry": { "type": "LineString", "coordinates": [ [ 11.961365, 55.445374 ], [ 13.145142, 55.737162 ] ] } },
{ "type": "Feature", "properties": { "voltage_kv": 380.0, "from_node": 38, "to_node": 62, "length_km": 111.93109137670405, "delaunay_k": 2, "edge_set": "Delaunay2" }, "geometry": { "type": "LineString", "coordinates": [ [ 11.961365, 55.445374 ], [ 13.580475, 55.86067 ] ] } },
{ "type": "Feature", "properties": { "voltage_kv": 380.0, "from_node": 38, "to_node": 74, "length_km": 198.20486975581611, "delaunay_k": 2, "edge_set": "Delaunay2" }, "geometry": { "type": "LineString", "coordinates": [ [ 11.961365, 55.445374 ], [ 14.845276, 56.173846 ] ] } },
{ "type": "Feature", "properties": { "voltage_kv": 380.0, "from_node": 39, "to_node": 43, "length_km": 45.027791800216526, "delaunay_k": 2, "edge_set": "Delaunay2" }, "geometry": { "type": "LineString", "coordinates": [ [ 12.087708, 57.568888 ], [ 12.244263, 57.964417 ] ] } },
{ "type": "Feature", "properties": { "voltage_kv": 380.0, "from_node": 39, "to_node": 44, "length_km": 82.878553513920593, "delaunay_k": 2, "edge_set": "Delaunay2" }, "geometry": { "type": "LineString", "coordinates": [ [ 12.087708, 57.568888 ], [ 12.299194, 58.304438 ] ] } },
{ "type": "Feature", "properties": { "voltage_kv": 380.0, "from_node": 39, "to_node": 52, "length_km": 42.289755010722857, "delaunay_k": 2, "edge_set": "Delaunay2" }, "geometry": { "type": "LineString", "coordinates": [ [ 12.087708, 57.568888 ], [ 12.671356, 57.356164 ] ] } },
{ "type": "Feature", "properties": { "voltage_kv": 380.0, "from_node": 39, "to_node": 56, "length_km": 104.27834672463696, "delaunay_k": 2, "edge_set": "Delaunay2" }, "geometry": { "type": "LineString", "coordinates": [ [ 12.087708, 57.568888 ], [ 12.991333, 56.771541 ] ] } },
{ "type": "Feature", "properties": { "voltage_kv": 380.0, "from_node": 39, "to_node": 57, "length_km": 91.860124402619221, "delaunay_k": 2, "edge_set": "Delaunay2" }, "geometry": { "type": "LineString", "coordinates": [ [ 12.087708, 57.568888 ], [ 13.066864, 56.937483 ] ] } },
{ "type": "Feature", "properties": { "voltage_kv": 380.0, "from_node": 39, "to_node": 60, "length_km": 79.497255663216706, "delaunay_k": 2, "edge_set": "Delaunay2" }, "geometry": { "type": "LineString", "coordinates": [ [ 12.087708, 57.568888 ], [ 13.414307, 57.53868 ] ] } },
{ "type": "Feature", "properties": { "voltage_kv": 380.0, "from_node": 39, "to_node": 65, "length_km": 152.93313171332954, "delaunay_k": 2, "edge_set": "Delaunay2" }, "geometry": { "type": "LineString", "coordinates": [ [ 12.087708, 57.568888 ], [ 13.878479, 58.56109 ] ] } },
{ "type": "Feature", "properties": { "voltage_kv": 380.0, "from_node": 40, "to_node": 47, "length_km": 55.242470484076321, "delaunay_k": 2, "edge_set": "Delaunay2" }, "geometry": { "type": "LineString", "coordinates": [ [ 12.237396, 57.328745 ], [ 12.407684, 57.816235 ] ] } },
{ "type": "Feature", "properties": { "voltage_kv": 380.0, "from_node": 40, "to_node": 60, "length_km": 74.462653577050673, "delaunay_k": 2, "edge_set": "Delaunay2" }, "geometry": { "type": "LineString", "coordinates": [ [ 12.237396, 57.328745 ], [ 13.414307, 57.53868 ] ] } },
{ "type": "Feature", "properties": { "voltage_kv": 380.0, "from_node": 40, "to_node": 68, "length_km": 143.38221538390667, "delaunay_k": 2, "edge_set": "Delaunay2" }, "geometry": { "type": "LineString", "coordinates": [ [ 12.237396, 57.328745 ], [ 14.40033, 56.809901 ] ] } },
{ "type": "Feature", "properties": { "voltage_kv": 380.0, "from_node": 41, "to_node": 48, "length_km": 16.938225018010307, "delaunay_k": 2, "edge_set": "Delaunay2" }, "geometry": { "type": "LineString", "coordinates": [ [ 12.240143, 55.764213 ], [ 12.415924, 55.648924 ] ] } },
{ "type": "Feature", "properties": { "voltage_kv": 380.0, "from_node": 41, "to_node": 53, "length_km": 45.919268611827242, "delaunay_k": 2, "edge_set": "Delaunay2" }, "geometry": { "type": "LineString", "coordinates": [ [ 12.240143, 55.764213 ], [ 12.970734, 55.786613 ] ] } },
{ "type": "Feature", "properties": { "voltage_kv": 380.0, "from_node": 41, "to_node": 55, "length_km": 64.006776810463847, "delaunay_k": 2, "edge_set": "Delaunay2" }, "geometry": { "type": "LineString", "coordinates": [ [ 12.240143, 55.764213 ], [ 12.984467, 56.159318 ] ] } },
{ "type": "Feature", "properties": { "voltage_kv": 380.0, "from_node": 41, "to_node": 56, "length_km": 121.44527588997661, "delaunay_k": 2, "edge_set": "Delaunay2" }, "geometry": { "type": "LineString", "coordinates": [ [ 12.240143, 55.764213 ], [ 12.991333, 56.771541 ] ] } },
{ "type": "Feature", "properties": { "voltage_kv": 380.0, "from_node": 42, "to_node": 46, "length_km": 29.157042991537718, "delaunay_k": 2, "edge_set": "Delaunay2" }, "geometry": { "type": "LineString", "coordinates": [ [ 12.242889, 55.693068 ], [ 12.385712, 55.942279 ] ] } },
{ "type": "Feature", "properties": { "voltage_kv": 380.0, "from_node": 42, "to_node": 48, "length_km": 11.946247244384558, "delaunay_k": 2, "edge_set": "Delaunay2" }, "geometry": { "type": "LineString", "coordinates": [ [ 12.242889, 55.693068 ], [ 12.415924, 55.648924 ] ] } },
{ "type": "Feature", "properties": { "voltage_kv": 380.0, "from_node": 42, "to_node": 50, "length_km": 23.203564386728925, "delaunay_k": 2, "edge_set": "Delaunay2" }, "geometry": { "type": "LineString", "coordinates": [ [ 12.242889, 55.693068 ], [ 12.56424, 55.795877 ] ] } },
{ "type": "Feature", "properties": { "voltage_kv": 380.0, "from_node": 42, "to_node": 59, "length_km": 60.875659520443058, "delaunay_k": 2, "edge_set": "Delaunay2" }, "geometry": { "type": "LineString", "coordinates": [ [ 12.242889, 55.693068 ], [ 13.189087, 55.58145 ] ] } },
{ "type": "Feature", "properties": { "voltage_kv": 380.0, "from_node": 43, "to_node": 49, "length_km": 50.082485140666662, "delaunay_k": 2, "edge_set": "Delaunay2" }, "geometry": { "type": "LineString", "coordinates": [ [ 12.244263, 57.964417 ], [ 12.562866, 57.548261 ] ] } },
{ "type": "Feature", "properties": { "voltage_kv": 380.0, "from_node": 43, "to_node": 54, "length_km": 158.75955208952641, "delaunay_k": 2, "edge_set": "Delaunay2" }, "geometry": { "type": "LineString", "coordinates": [ [ 12.244263, 57.964417 ], [ 12.9776, 59.337392 ] ] } },
{ "type": "Feature", "properties": { "voltage_kv": 380.0, "from_node": 43, "to_node": 60, "length_km": 84.279128413021269, "delaunay_k": 2, "edge_set": "Delaunay2" }, "geometry": { "type": "LineString", "coordinates": [ [ 12.244263, 57.964417 ], [ 13.414307, 57.53868 ] ] } },
{ "type": "Feature", "properties": { "voltage_kv": 380.0, "from_node": 43, "to_node": 65, "length_km": 116.71114491778766, "delaunay_k": 2, "edge_set": "Delaunay2" }, "geometry": { "type": "LineString", "coordinates": [ [ 12.244263, 57.964417 ], [ 13.878479, 58.56109 ] ] } },
{ "type": "Feature", "properties": { "voltage_kv": 380.0, "from_node": 44, "to_node": 49, "length_km": 85.662176415137424, "delaunay_k": 2, "edge_set": "Delaunay2" }, "geometry": { "type": "LineString", "coordinates": [ [ 12.299194, 58.304438 ], [ 12.562866, 57.548261 ] ] } },
{ "type": "Feature", "properties": { "voltage_kv": 380.0, "from_node": 44, "to_node": 60, "length_km": 107.90283553765495, "delaunay_k": 2, "edge_set": "Delaunay2" }, "geometry": { "type": "LineString", "coordinates": [ [ 12.299194, 58.304438 ], [ 13.414307, 57.53868 ] ] } },
{ "type": "Feature", "properties": { "voltage_kv": 380.0, "from_node": 44, "to_node": 67, "length_km": 129.79028545163541, "delaunay_k": 2, "edge_set": "Delaunay2" }, "geometry": { "type": "LineString", "coordinates": [ [ 12.299194, 58.304438 ], [ 14.197083, 57.718819 ] ] } },
{ "type": "Feature", "properties": { "voltage_kv": 380.0, "from_node": 44, "to_node": 70, "length_km": 148.4913890943736, "delaunay_k": 2, "edge_set": "Delaunay2" }, "geometry": { "type": "LineString", "coordinates": [ [ 12.299194, 58.304438 ], [ 14.625549, 57.798676 ] ] } },
{ "type": "Feature", "properties": { "voltage_kv": 380.0, "from_node": 44, "to_node": 75, "length_km": 183.87405377033915, "delaunay_k": 2, "edge_set": "Delaunay2" }, "geometry": { "type": "LineString", "coordinates": [ [ 12.299194, 58.304438 ], [ 15.125427, 59.05115 ] ] } },
{ "type": "Feature", "properties": { "voltage_kv": 380.0, "from_node": 44, "to_node": 76, "length_km": 193.1495722447479, "delaunay_k": 2, "edge_set": "Delaunay2" }, "geometry": { "type": "LineString", "coordinates": [ [ 12.299194, 58.304438 ], [ 15.184479, 59.173817 ] ] } },
{ "type": "Feature", "properties": { "voltage_kv": 380.0, "from_node": 44, "to_node": 77, "length_km": 286.89089701595901, "delaunay_k": 2, "edge_set": "Delaunay2" }, "geometry": { "type": "LineString", "coordinates": [ [ 12.299194, 58.304438 ], [ 15.188599, 60.415208 ] ] } },
{ "type": "Feature", "properties": { "voltage_kv": 380.0, "from_node": 44, "to_node": 78, "length_km": 169.9076787645995, "delaunay_k": 2, "edge_set": "Delaunay2" }, "geometry": { "type": "LineString", "coordinates": [ [ 12.299194, 58.304438 ], [ 15.195465, 58.28423 ] ] } },
{ "type": "Feature", "properties": { "voltage_kv": 380.0, "from_node": 44, "to_node": 80, "length_km": 212.93278813119181, "delaunay_k": 2, "edge_set": "Delaunay2" }, "geometry": { "type": "LineString", "coordinates": [ [ 12.299194, 58.304438 ], [ 15.231171, 59.466013 ] ] } },
{ "type": "Feature", "properties": { "voltage_kv": 380.0, "from_node": 44, "to_node": 81, "length_km": 262.90101610348438, "delaunay_k": 2, "edge_set": "Delaunay2" }, "geometry": { "type": "LineString", "coordinates": [ [ 12.299194, 58.304438 ], [ 15.387726, 60.052503 ] ] } },
{ "type": "Feature", "properties": { "voltage_kv": 380.0, "from_node": 45, "to_node": 46, "length_km": 30.603743398206429, "delaunay_k": 2, "edge_set": "Delaunay2" }, "geometry": { "type": "LineString", "coordinates": [ [ 12.311554, 55.670615 ], [ 12.385712, 55.942279 ] ] } },
{ "type": "Feature", "properties": { "voltage_kv": 380.0, "from_node": 45, "to_node": 53, "length_km": 43.386617086637301, "delaunay_k": 2, "edge_set": "Delaunay2" }, "geometry": { "type": "LineString", "coordinates": [ [ 12.311554, 55.670615 ], [ 12.970734, 55.786613 ] ] } },
{ "type": "Feature", "properties": { "voltage_kv": 380.0, "from_node": 45, "to_node": 55, "length_km": 68.78932412268928, "delaunay_k": 2, "edge_set": "Delaunay2" }, "geometry": { "type": "LineString", "coordinates": [ [ 12.311554, 55.670615 ], [ 12.984467, 56.159318 ] ] } },
{ "type": "Feature", "properties": { "voltage_kv": 380.0, "from_node": 45, "to_node": 59, "length_km": 56.16934399391544, "delaunay_k": 2, "edge_set": "Delaunay2" }, "geometry": { "type": "LineString", "coordinates": [ [ 12.311554, 55.670615 ], [ 13.189087, 55.58145 ] ] } },
{ "type": "Feature", "properties": { "voltage_kv": 380.0, "from_node": 46, "to_node": 48, "length_km": 32.71860070430656, "delaunay_k": 2, "edge_set": "Delaunay2" }, "geometry": { "type": "LineString", "coordinates": [ [ 12.385712, 55.942279 ], [ 12.415924, 55.648924 ] ] } },
{ "type": "Feature", "properties": { "voltage_kv": 380.0, "from_node": 46, "to_node": 53, "length_km": 40.52611655656009, "delaunay_k": 2, "edge_set": "Delaunay2" }, "geometry": { "type": "LineString", "coordinates": [ [ 12.385712, 55.942279 ], [ 12.970734, 55.786613 ] ] } },
{ "type": "Feature", "properties": { "voltage_kv": 380.0, "from_node": 46, "to_node": 57, "length_km": 118.52370070853789, "delaunay_k": 2, "edge_set": "Delaunay2" }, "geometry": { "type": "LineString", "coordinates": [ [ 12.385712, 55.942279 ], [ 13.066864, 56.937483 ] ] } },
{ "type": "Feature", "properties": { "voltage_kv": 380.0, "from_node": 46, "to_node": 62, "length_km": 75.294526694595973, "delaunay_k": 2, "edge_set": "Delaunay2" }, "geometry": { "type": "LineString", "coordinates": [ [ 12.385712, 55.942279 ], [ 13.580475, 55.86067 ] ] } },
{ "type": "Feature", "properties": { "voltage_kv": 380.0, "from_node": 46, "to_node": 68, "length_km": 157.59020571447732, "delaunay_k": 2, "edge_set": "Delaunay2" }, "geometry": { "type": "LineString", "coordinates": [ [ 12.385712, 55.942279 ], [ 14.40033, 56.809901 ] ] } },
{ "type": "Feature", "properties": { "voltage_kv": 380.0, "from_node": 46, "to_node": 72, "length_km": 153.05780583349124, "delaunay_k": 2, "edge_set": "Delaunay2" }, "geometry": { "type": "LineString", "coordinates": [ [ 12.385712, 55.942279 ], [ 14.749146, 56.325675 ] ] } },
{ "type": "Feature", "properties": { "voltage_kv": 380.0, "from_node": 47, "to_node": 52, "length_km": 53.614326752108383, "delaunay_k": 2, "edge_set": "Delaunay2" }, "geometry": { "type": "LineString", "coordinates": [ [ 12.407684, 57.816235 ], [ 12.671356, 57.356164 ] ] } },
{ "type": "Feature", "properties": { "voltage_kv": 380.0, "from_node": 47, "to_node": 54, "length_km": 172.66510972745763, "delaunay_k": 2, "edge_set": "Delaunay2" }, "geometry": { "type": "LineString", "coordinates": [ [ 12.407684, 57.816235 ], [ 12.9776, 59.337392 ] ] } },
{ "type": "Feature", "properties": { "voltage_kv": 380.0, "from_node": 47, "to_node": 57, "length_km": 105.60146272309524, "delaunay_k": 2, "edge_set": "Delaunay2" }, "geometry": { "type": "LineString", "coordinates": [ [ 12.407684, 57.816235 ], [ 13.066864, 56.937483 ] ] } },
{ "type": "Feature", "properties": { "voltage_kv": 380.0, "from_node": 47, "to_node": 67, "length_km": 107.06562884465831, "delaunay_k": 2, "edge_set": "Delaunay2" }, "geometry": { "type": "LineString", "coordinates": [ [ 12.407684, 57.816235 ], [ 14.197083, 57.718819 ] ] } },
{ "type": "Feature", "properties": { "voltage_kv": 380.0, "from_node": 47, "to_node": 68, "length_km": 164.27581307096594, "delaunay_k": 2, "edge_set": "Delaunay2" }, "geometry": { "type": "LineString", "coordinates": [ [ 12.407684, 57.816235 ], [ 14.40033, 56.809901 ] ] } },
{ "type": "Feature", "properties": { "voltage_kv": 380.0, "from_node": 47, "to_node": 70, "length_km": 131.89157256674559, "delaunay_k": 2, "edge_set": "Delaunay2" }, "geometry": { "type": "LineString", "coordinates": [ [ 12.407684, 57.816235 ], [ 14.625549, 57.798676 ] ] } },
{ "type": "Feature", "properties": { "voltage_kv": 380.0, "from_node": 47, "to_node": 75, "length_km": 210.08936845943327, "delaunay_k": 2, "edge_set": "Delaunay2" }, "geometry": { "type": "LineString", "coordinates": [ [ 12.407684, 57.816235 ], [ 15.125427, 59.05115 ] ] } },
{ "type": "Feature", "properties": { "voltage_kv": 380.0, "from_node": 47, "to_node": 78, "length_km": 172.71012014729874, "delaunay_k": 2, "edge_set": "Delaunay2" }, "geometry": { "type": "LineString", "coordinates": [ [ 12.407684, 57.816235 ], [ 15.195465, 58.28423 ] ] } },
{ "type": "Feature", "properties": { "voltage_kv": 380.0, "from_node": 48, "to_node": 55, "length_km": 67.042818307063811, "delaunay_k": 2, "edge_set": "Delaunay2" }, "geometry": { "type": "LineString", "coordinates": [ [ 12.415924, 55.648924 ], [ 12.984467, 56.159318 ] ] } },
{ "type": "Feature", "properties": { "voltage_kv": 380.0, "from_node": 48, "to_node": 58, "length_km": 46.903464403777186, "delaunay_k": 2, "edge_set": "Delaunay2" }, "geometry": { "type": "LineString", "coordinates": [ [ 12.415924, 55.648924 ], [ 13.145142, 55.737162 ] ] } },
{ "type": "Feature", "properties": { "voltage_kv": 380.0, "from_node": 48, "to_node": 62, "length_km": 76.835947294712042, "delaunay_k": 2, "edge_set": "Delaunay2" }, "geometry": { "type": "LineString", "coordinates": [ [ 12.415924, 55.648924 ], [ 13.580475, 55.86067 ] ] } },
{ "type": "Feature", "properties": { "voltage_kv": 380.0, "from_node": 48, "to_node": 74, "length_km": 162.81049664319104, "delaunay_k": 2, "edge_set": "Delaunay2" }, "geometry": { "type": "LineString", "coordinates": [ [ 12.415924, 55.648924 ], [ 14.845276, 56.173846 ] ] } },
{ "type": "Feature", "properties": { "voltage_kv": 380.0, "from_node": 49, "to_node": 56, "length_km": 90.30875625113994, "delaunay_k": 2, "edge_set": "Delaunay2" }, "geometry": { "type": "LineString", "coordinates": [ [ 12.562866, 57.548261 ], [ 12.991333, 56.771541 ] ] } },
{ "type": "Feature", "properties": { "voltage_kv": 380.0, "from_node": 49, "to_node": 57, "length_km": 74.522694992169789, "delaunay_k": 2, "edge_set": "Delaunay2" }, "geometry": { "type": "LineString", "coordinates": [ [ 12.562866, 57.548261 ], [ 13.066864, 56.937483 ] ] } },
{ "type": "Feature", "properties": { "voltage_kv": 380.0, "from_node": 49, "to_node": 65, "length_km": 136.98170406300429, "delaunay_k": 2, "edge_set": "Delaunay2" }, "geometry": { "type": "LineString", "coordinates": [ [ 12.562866, 57.548261 ], [ 13.878479, 58.56109 ] ] } },
{ "type": "Feature", "properties": { "voltage_kv": 380.0, "from_node": 49, "to_node": 67, "length_km": 99.469669506605825, "delaunay_k": 2, "edge_set": "Delaunay2" }, "geometry": { "type": "LineString", "coordinates": [ [ 12.562866, 57.548261 ], [ 14.197083, 57.718819 ] ] } },
{ "type": "Feature", "properties": { "voltage_kv": 380.0, "from_node": 49, "to_node": 68, "length_km": 138.26679136907038, "delaunay_k": 2, "edge_set": "Delaunay2" }, "geometry": { "type": "LineString", "coordinates": [ [ 12.562866, 57.548261 ], [ 14.40033, 56.809901 ] ] } },
{ "type": "Feature", "properties": { "voltage_kv": 380.0, "from_node": 50, "to_node": 56, "length_km": 111.82272486758346, "delaunay_k": 2, "edge_set": "Delaunay2" }, "geometry": { "type": "LineString", "coordinates": [ [ 12.56424, 55.795877 ], [ 12.991333, 56.771541 ] ] } },
{ "type": "Feature", "properties": { "voltage_kv": 380.0, "from_node": 50, "to_node": 58, "length_km": 37.048112898946343, "delaunay_k": 2, "edge_set": "Delaunay2" }, "geometry": { "type": "LineString", "coordinates": [ [ 12.56424, 55.795877 ], [ 13.145142, 55.737162 ] ] } },
{ "type": "Feature", "properties": { "voltage_kv": 380.0, "from_node": 50, "to_node": 59, "length_km": 45.987502538155319, "delaunay_k": 2, "edge_set": "Delaunay2" }, "geometry": { "type": "LineString", "coordinates": [ [ 12.56424, 55.795877 ], [ 13.189087, 55.58145 ] ] } },
{ "type": "Feature", "properties": { "voltage_kv": 380.0, "from_node": 50, "to_node": 62, "length_km": 64.103529240110149, "delaunay_k": 2, "edge_set": "Delaunay2" }, "geometry": { "type": "LineString", "coordinates": [ [ 12.56424, 55.795877 ], [ 13.580475, 55.86067 ] ] } },
{ "type": "Feature", "properties": { "voltage_kv": 380.0, "from_node": 50, "to_node": 68, "length_km": 160.23769495122303, "delaunay_k": 2, "edge_set": "Delaunay2" }, "geometry": { "type": "LineString", "coordinates": [ [ 12.56424, 55.795877 ], [ 14.40033, 56.809901 ] ] } },
{ "type": "Feature", "properties": { "voltage_kv": 380.0, "from_node": 50, "to_node": 72, "length_km": 148.37526672821099, "delaunay_k": 2, "edge_set": "Delaunay2" }, "geometry": { "type": "LineString", "coordinates": [ [ 12.56424, 55.795877 ], [ 14.749146, 56.325675 ] ] } },
{ "type": "Feature", "properties": { "voltage_kv": 380.0, "from_node": 51, "to_node": 64, "length_km": 377.66844925636383, "delaunay_k": 2, "edge_set": "Delaunay2" }, "geometry": { "type": "LineString", "coordinates": [ [ 12.568359, 63.361367 ], [ 13.807068, 66.707884 ] ] } },
{ "type": "Feature", "properties": { "voltage_kv": 380.0, "from_node": 51, "to_node": 66, "length_km": 334.66946265962144, "delaunay_k": 2, "edge_set": "Delaunay2" }, "geometry": { "type": "LineString", "coordinates": [ [ 12.568359, 63.361367 ], [ 14.191589, 66.282328 ] ] } },
{ "type": "Feature", "properties": { "voltage_kv": 380.0, "from_node": 51, "to_node": 69, "length_km": 136.59193172206025, "delaunay_k": 2, "edge_set": "Delaunay2" }, "geometry": { "type": "LineString", "coordinates": [ [ 12.568359, 63.361367 ], [ 14.515686, 62.516121 ] ] } },
{ "type": "Feature", "properties": { "voltage_kv": 380.0, "from_node": 51, "to_node": 79, "length_km": 133.04157056746888, "delaunay_k": 2, "edge_set": "Delaunay2" }, "geometry": { "type": "LineString", "coordinates": [ [ 12.568359, 63.361367 ], [ 15.206451, 63.237956 ] ] } },
{ "type": "Feature", "properties": { "voltage_kv": 380.0, "from_node": 51, "to_node": 85, "length_km": 165.2933004438483, "delaunay_k": 2, "edge_set": "Delaunay2" }, "geometry": { "type": "LineString", "coordinates": [ [ 12.568359, 63.361367 ], [ 15.846405, 63.582177 ] ] } },
{ "type": "Feature", "properties": { "voltage_kv": 380.0, "from_node": 51, "to_node": 94, "length_km": 300.08977463627718, "delaunay_k": 2, "edge_set": "Delaunay2" }, "geometry": { "type": "LineString", "coordinates": [ [ 12.568359, 63.361367 ], [ 16.876373, 65.299207 ] ] } },
{ "type": "Feature", "properties": { "voltage_kv": 380.0, "from_node": 52, "to_node": 56, "length_km": 67.944103652765605, "delaunay_k": 2, "edge_set": "Delaunay2" }, "geometry": { "type": "LineString", "coordinates": [ [ 12.671356, 57.356164 ], [ 12.991333, 56.771541 ] ] } },
{ "type": "Feature", "properties": { "voltage_kv": 380.0, "from_node": 52, "to_node": 65, "length_km": 152.0630828471601, "delaunay_k": 2, "edge_set": "Delaunay2" }, "geometry": { "type": "LineString", "coordinates": [ [ 12.671356, 57.356164 ], [ 13.878479, 58.56109 ] ] } },
{ "type": "Feature", "properties": { "voltage_kv": 380.0, "from_node": 52, "to_node": 67, "length_km": 99.92685789069121, "delaunay_k": 2, "edge_set": "Delaunay2" }, "geometry": { "type": "LineString", "coordinates": [ [ 12.671356, 57.356164 ], [ 14.197083, 57.718819 ] ] } },
{ "type": "Feature", "properties": { "voltage_kv": 380.0, "from_node": 52, "to_node": 68, "length_km": 121.23437889271807, "delaunay_k": 2, "edge_set": "Delaunay2" }, "geometry": { "type": "LineString", "coordinates": [ [ 12.671356, 57.356164 ], [ 14.40033, 56.809901 ] ] } },
{ "type": "Feature", "properties": { "voltage_kv": 380.0, "from_node": 53, "to_node": 56, "length_km": 109.69120572649277, "delaunay_k": 2, "edge_set": "Delaunay2" }, "geometry": { "type": "LineString", "coordinates": [ [ 12.970734, 55.786613 ], [ 12.991333, 56.771541 ] ] } },
{ "type": "Feature", "properties": { "voltage_kv": 380.0, "from_node": 53, "to_node": 68, "length_km": 144.31128816959895, "delaunay_k": 2, "edge_set": "Delaunay2" }, "geometry": { "type": "LineString", "coordinates": [ [ 12.970734, 55.786613 ], [ 14.40033, 56.809901 ] ] } },
{ "type": "Feature", "properties": { "voltage_kv": 380.0, "from_node": 53, "to_node": 72, "length_km": 126.04737951717252, "delaunay_k": 2, "edge_set": "Delaunay2" }, "geometry": { "type": "LineString", "coordinates": [ [ 12.970734, 55.786613 ], [ 14.749146, 56.325675 ] ] } },
{ "type": "Feature", "properties": { "voltage_kv": 380.0, "from_node": 53, "to_node": 73, "length_km": 125.14971932537361, "delaunay_k": 2, "edge_set": "Delaunay2" }, "geometry": { "type": "LineString", "coordinates": [ [ 12.970734, 55.786613 ], [ 14.790344, 56.260134 ] ] } },
{ "type": "Feature", "properties": { "voltage_kv": 380.0, "from_node": 53, "to_node": 74, "length_km": 124.74541027764511, "delaunay_k": 2, "edge_set": "Delaunay2" }, "geometry": { "type": "LineString", "coordinates": [ [ 12.970734, 55.786613 ], [ 14.845276, 56.173846 ] ] } },
{ "type": "Feature", "properties": { "voltage_kv": 380.0, "from_node": 54, "to_node": 60, "length_km": 201.99784511261586, "delaunay_k": 2, "edge_set": "Delaunay2" }, "geometry": { "type": "LineString", "coordinates": [ [ 12.9776, 59.337392 ], [ 13.414307, 57.53868 ] ] } },
{ "type": "Feature", "properties": { "voltage_kv": 380.0, "from_node": 54, "to_node": 67, "length_km": 193.81827113883384, "delaunay_k": 2, "edge_set": "Delaunay2" }, "geometry": { "type": "LineString", "coordinates": [ [ 12.9776, 59.337392 ], [ 14.197083, 57.718819 ] ] } },
{ "type": "Feature", "properties": { "voltage_kv": 380.0, "from_node": 54, "to_node": 69, "length_km": 363.94079856829461, "delaunay_k": 2, "edge_set": "Delaunay2" }, "geometry": { "type": "LineString", "coordinates": [ [ 12.9776, 59.337392 ], [ 14.515686, 62.516121 ] ] } },
{ "type": "Feature", "properties": { "voltage_kv": 380.0, "from_node": 54, "to_node": 70, "length_km": 196.44004838907782, "delaunay_k": 2, "edge_set": "Delaunay2" }, "geometry": { "type": "LineString", "coordinates": [ [ 12.9776, 59.337392 ], [ 14.625549, 57.798676 ] ] } },
{ "type": "Feature", "properties": { "voltage_kv": 380.0, "from_node": 54, "to_node": 71, "length_km": 368.67150655543338, "delaunay_k": 2, "edge_set": "Delaunay2" }, "geometry": { "type": "LineString", "coordinates": [ [ 12.9776, 59.337392 ], [ 14.734039, 62.533228 ] ] } },
{ "type": "Feature", "properties": { "voltage_kv": 380.0, "from_node": 54, "to_node": 78, "length_km": 173.79676329270256, "delaunay_k": 2, "edge_set": "Delaunay2" }, "geometry": { "type": "LineString", "coordinates": [ [ 12.9776, 59.337392 ], [ 15.195465, 58.28423 ] ] } },
{ "type": "Feature", "properties": { "voltage_kv": 380.0, "from_node": 54, "to_node": 82, "length_km": 182.38942867875357, "delaunay_k": 2, "edge_set": "Delaunay2" }, "geometry": { "type": "LineString", "coordinates": [ [ 12.9776, 59.337392 ], [ 15.442657, 60.406393 ] ] } },
{ "type": "Feature", "properties": { "voltage_kv": 380.0, "from_node": 54, "to_node": 87, "length_km": 189.34262275525228, "delaunay_k": 2, "edge_set": "Delaunay2" }, "geometry": { "type": "LineString", "coordinates": [ [ 12.9776, 59.337392 ], [ 16.035919, 58.70477 ] ] } },
{ "type": "Feature", "properties": { "voltage_kv": 380.0, "from_node": 54, "to_node": 91, "length_km": 214.42186689889385, "delaunay_k": 2, "edge_set": "Delaunay2" }, "geometry": { "type": "LineString", "coordinates": [ [ 12.9776, 59.337392 ], [ 16.660767, 58.984699 ] ] } },
{ "type": "Feature", "properties": { "voltage_kv": 380.0, "from_node": 54, "to_node": 96, "length_km": 267.33553867460239, "delaunay_k": 2, "edge_set": "Delaunay2" }, "geometry": { "type": "LineString", "coordinates": [ [ 12.9776, 59.337392 ], [ 16.931305, 60.692679 ] ] } },
{ "type": "Feature", "properties": { "voltage_kv": 380.0, "from_node": 54, "to_node": 97, "length_km": 262.17193173195994, "delaunay_k": 2, "edge_set": "Delaunay2" }, "geometry": { "type": "LineString", "coordinates": [ [ 12.9776, 59.337392 ], [ 16.972504, 60.570102 ] ] } },
{ "type": "Feature", "properties": { "voltage_kv": 380.0, "from_node": 54, "to_node": 103, "length_km": 242.20897527012107, "delaunay_k": 2, "edge_set": "Delaunay2" }, "geometry": { "type": "LineString", "coordinates": [ [ 12.9776, 59.337392 ], [ 17.218323, 59.22234 ] ] } },
{ "type": "Feature", "properties": { "voltage_kv": 380.0, "from_node": 54, "to_node": 105, "length_km": 250.01234156619924, "delaunay_k": 2, "edge_set": "Delaunay2" }, "geometry": { "type": "LineString", "coordinates": [ [ 12.9776, 59.337392 ], [ 17.329559, 59.716945 ] ] } },
{ "type": "Feature", "properties": { "voltage_kv": 380.0, "from_node": 55, "to_node": 57, "length_km": 86.810511067359712, "delaunay_k": 2, "edge_set": "Delaunay2" }, "geometry": { "type": "LineString", "coordinates": [ [ 12.984467, 56.159318 ], [ 13.066864, 56.937483 ] ] } },
{ "type": "Feature", "properties": { "voltage_kv": 380.0, "from_node": 55, "to_node": 58, "length_km": 48.070576988271029, "delaunay_k": 2, "edge_set": "Delaunay2" }, "geometry": { "type": "LineString", "coordinates": [ [ 12.984467, 56.159318 ], [ 13.145142, 55.737162 ] ] } },
{ "type": "Feature", "properties": { "voltage_kv": 380.0, "from_node": 55, "to_node": 59, "length_km": 65.61258773473962, "delaunay_k": 2, "edge_set": "Delaunay2" }, "geometry": { "type": "LineString", "coordinates": [ [ 12.984467, 56.159318 ], [ 13.189087, 55.58145 ] ] } },
{ "type": "Feature", "properties": { "voltage_kv": 380.0, "from_node": 55, "to_node": 60, "length_km": 155.85051049675457, "delaunay_k": 2, "edge_set": "Delaunay2" }, "geometry": { "type": "LineString", "coordinates": [ [ 12.984467, 56.159318 ], [ 13.414307, 57.53868 ] ] } },
{ "type": "Feature", "properties": { "voltage_kv": 380.0, "from_node": 55, "to_node": 67, "length_km": 188.7386256624317, "delaunay_k": 2, "edge_set": "Delaunay2" }, "geometry": { "type": "LineString", "coordinates": [ [ 12.984467, 56.159318 ], [ 14.197083, 57.718819 ] ] } },
{ "type": "Feature", "properties": { "voltage_kv": 380.0, "from_node": 55, "to_node": 70, "length_km": 208.09750519124748, "delaunay_k": 2, "edge_set": "Delaunay2" }, "geometry": { "type": "LineString", "coordinates": [ [ 12.984467, 56.159318 ], [ 14.625549, 57.798676 ] ] } },
{ "type": "Feature", "properties": { "voltage_kv": 380.0, "from_node": 55, "to_node": 73, "length_km": 112.65775255236333, "delaunay_k": 2, "edge_set": "Delaunay2" }, "geometry": { "type": "LineString", "coordinates": [ [ 12.984467, 56.159318 ], [ 14.790344, 56.260134 ] ] } },
{ "type": "Feature", "properties": { "voltage_kv": 380.0, "from_node": 55, "to_node": 74, "length_km": 115.64842858850766, "delaunay_k": 2, "edge_set": "Delaunay2" }, "geometry": { "type": "LineString", "coordinates": [ [ 12.984467, 56.159318 ], [ 14.845276, 56.173846 ] ] } },
{ "type": "Feature", "properties": { "voltage_kv": 380.0, "from_node": 55, "to_node": 83, "length_km": 167.18014750228886, "delaunay_k": 2, "edge_set": "Delaunay2" }, "geometry": { "type": "LineString", "coordinates": [ [ 12.984467, 56.159318 ], [ 15.542908, 56.649432 ] ] } },
{ "type": "Feature", "properties": { "voltage_kv": 380.0, "from_node": 56, "to_node": 60, "length_km": 89.197728271283154, "delaunay_k": 2, "edge_set": "Delaunay2" }, "geometry": { "type": "LineString", "coordinates": [ [ 12.991333, 56.771541 ], [ 13.414307, 57.53868 ] ] } },
{ "type": "Feature", "properties": { "voltage_kv": 380.0, "from_node": 56, "to_node": 62, "length_km": 107.79644690340903, "delaunay_k": 2, "edge_set": "Delaunay2" }, "geometry": { "type": "LineString", "coordinates": [ [ 12.991333, 56.771541 ], [ 13.580475, 55.86067 ] ] } },
{ "type": "Feature", "properties": { "voltage_kv": 380.0, "from_node": 56, "to_node": 67, "length_km": 128.19710936622749, "delaunay_k": 2, "edge_set": "Delaunay2" }, "geometry": { "type": "LineString", "coordinates": [ [ 12.991333, 56.771541 ], [ 14.197083, 57.718819 ] ] } },
{ "type": "Feature", "properties": { "voltage_kv": 380.0, "from_node": 56, "to_node": 70, "length_km": 151.0229917564933, "delaunay_k": 2, "edge_set": "Delaunay2" }, "geometry": { "type": "LineString", "coordinates": [ [ 12.991333, 56.771541 ], [ 14.625549, 57.798676 ] ] } },
{ "type": "Feature", "properties": { "voltage_kv": 380.0, "from_node": 56, "to_node": 72, "length_km": 119.00461858570216, "delaunay_k": 2, "edge_set": "Delaunay2" }, "geometry": { "type": "LineString", "coordinates": [ [ 12.991333, 56.771541 ], [ 14.749146, 56.325675 ] ] } },
{ "type": "Feature", "properties": { "voltage_kv": 380.0, "from_node": 56, "to_node": 83, "length_km": 156.91630888686731, "delaunay_k": 2, "edge_set": "Delaunay2" }, "geometry": { "type": "LineString", "coordinates": [ [ 12.991333, 56.771541 ], [ 15.542908, 56.649432 ] ] } },
{ "type": "Feature", "properties": { "voltage_kv": 380.0, "from_node": 57, "to_node": 65, "length_km": 187.20871587437867, "delaunay_k": 2, "edge_set": "Delaunay2" }, "geometry": { "type": "LineString", "coordinates": [ [ 13.066864, 56.937483 ], [ 13.878479, 58.56109 ] ] } },
{ "type": "Feature", "properties": { "voltage_kv": 380.0, "from_node": 57, "to_node": 67, "length_km": 110.5067773772378, "delaunay_k": 2, "edge_set": "Delaunay2" }, "geometry": { "type": "LineString", "coordinates": [ [ 13.066864, 56.937483 ], [ 14.197083, 57.718819 ] ] } },
{ "type": "Feature", "properties": { "voltage_kv": 380.0, "from_node": 57, "to_node": 70, "length_km": 134.17683372989779, "delaunay_k": 2, "edge_set": "Delaunay2" }, "geometry": { "type": "LineString", "coordinates": [ [ 13.066864, 56.937483 ], [ 14.625549, 57.798676 ] ] } },
{ "type": "Feature", "properties": { "voltage_kv": 380.0, "from_node": 57, "to_node": 72, "length_km": 123.7312058057361, "delaunay_k": 2, "edge_set": "Delaunay2" }, "geometry": { "type": "LineString", "coordinates": [ [ 13.066864, 56.937483 ], [ 14.749146, 56.325675 ] ] } },
{ "type": "Feature", "properties": { "voltage_kv": 380.0, "from_node": 57, "to_node": 83, "length_km": 154.72897182559873, "delaunay_k": 2, "edge_set": "Delaunay2" }, "geometry": { "type": "LineString", "coordinates": [ [ 13.066864, 56.937483 ], [ 15.542908, 56.649432 ] ] } },
{ "type": "Feature", "properties": { "voltage_kv": 380.0, "from_node": 58, "to_node": 72, "length_km": 119.59058733219408, "delaunay_k": 2, "edge_set": "Delaunay2" }, "geometry": { "type": "LineString", "coordinates": [ [ 13.145142, 55.737162 ], [ 14.749146, 56.325675 ] ] } },
{ "type": "Feature", "properties": { "voltage_kv": 380.0, "from_node": 58, "to_node": 73, "length_km": 118.05441658881423, "delaunay_k": 2, "edge_set": "Delaunay2" }, "geometry": { "type": "LineString", "coordinates": [ [ 13.145142, 55.737162 ], [ 14.790344, 56.260134 ] ] } },
{ "type": "Feature", "properties": { "voltage_kv": 380.0, "from_node": 58, "to_node": 74, "length_km": 116.83693374850485, "delaunay_k": 2, "edge_set": "Delaunay2" }, "geometry": { "type": "LineString", "coordinates": [ [ 13.145142, 55.737162 ], [ 14.845276, 56.173846 ] ] } },
{ "type": "Feature", "properties": { "voltage_kv": 380.0, "from_node": 59, "to_node": 72, "length_km": 127.95879141421038, "delaunay_k": 2, "edge_set": "Delaunay2" }, "geometry": { "type": "LineString", "coordinates": [ [ 13.189087, 55.58145 ], [ 14.749146, 56.325675 ] ] } },
{ "type": "Feature", "properties": { "voltage_kv": 380.0, "from_node": 59, "to_node": 73, "length_km": 125.46811783988827, "delaunay_k": 2, "edge_set": "Delaunay2" }, "geometry": { "type": "LineString", "coordinates": [ [ 13.189087, 55.58145 ], [ 14.790344, 56.260134 ] ] } },
{ "type": "Feature", "properties": { "voltage_kv": 380.0, "from_node": 59, "to_node": 83, "length_km": 188.69673782335175, "delaunay_k": 2, "edge_set": "Delaunay2" }, "geometry": { "type": "LineString", "coordinates": [ [ 13.189087, 55.58145 ], [ 15.542908, 56.649432 ] ] } },
{ "type": "Feature", "properties": { "voltage_kv": 380.0, "from_node": 60, "to_node": 70, "length_km": 77.893078707504557, "delaunay_k": 2, "edge_set": "Delaunay2" }, "geometry": { "type": "LineString", "coordinates": [ [ 13.414307, 57.53868 ], [ 14.625549, 57.798676 ] ] } },
{ "type": "Feature", "properties": { "voltage_kv": 380.0, "from_node": 60, "to_node": 72, "length_km": 157.69214231734685, "delaunay_k": 2, "edge_set": "Delaunay2" }, "geometry": { "type": "LineString", "coordinates": [ [ 13.414307, 57.53868 ], [ 14.749146, 56.325675 ] ] } },
{ "type": "Feature", "properties": { "voltage_kv": 380.0, "from_node": 60, "to_node": 75, "length_km": 196.14662122066539, "delaunay_k": 2, "edge_set": "Delaunay2" }, "geometry": { "type": "LineString", "coordinates": [ [ 13.414307, 57.53868 ], [ 15.125427, 59.05115 ] ] } },
{ "type": "Feature", "properties": { "voltage_kv": 380.0, "from_node": 60, "to_node": 78, "length_km": 134.37143974359526, "delaunay_k": 2, "edge_set": "Delaunay2" }, "geometry": { "type": "LineString", "coordinates": [ [ 13.414307, 57.53868 ], [ 15.195465, 58.28423 ] ] } },
{ "type": "Feature", "properties": { "voltage_kv": 380.0, "from_node": 60, "to_node": 83, "length_km": 162.71904181232651, "delaunay_k": 2, "edge_set": "Delaunay2" }, "geometry": { "type": "LineString", "coordinates": [ [ 13.414307, 57.53868 ], [ 15.542908, 56.649432 ] ] } },
{ "type": "Feature", "properties": { "voltage_kv": 380.0, "from_node": 61, "to_node": 64, "length_km": 372.70683951047073, "delaunay_k": 2, "edge_set": "Delaunay2" }, "geometry": { "type": "LineString", "coordinates": [ [ 13.458252, 63.368755 ], [ 13.807068, 66.707884 ] ] } },
{ "type": "Feature", "properties": { "voltage_kv": 380.0, "from_node": 61, "to_node": 66, "length_km": 326.74725856317849, "delaunay_k": 2, "edge_set": "Delaunay2" }, "geometry": { "type": "LineString", "coordinates": [ [ 13.458252, 63.368755 ], [ 14.191589, 66.282328 ] ] } },
{ "type": "Feature", "properties": { "voltage_kv": 380.0, "from_node": 61, "to_node": 71, "length_km": 113.4541576219906, "delaunay_k": 2, "edge_set": "Delaunay2" }, "geometry": { "type": "LineString", "coordinates": [ [ 13.458252, 63.368755 ], [ 14.734039, 62.533228 ] ] } },
{ "type": "Feature", "properties": { "voltage_kv": 380.0, "from_node": 61, "to_node": 77, "length_km": 341.58092485228752, "delaunay_k": 2, "edge_set": "Delaunay2" }, "geometry": { "type": "LineString", "coordinates": [ [ 13.458252, 63.368755 ], [ 15.188599, 60.415208 ] ] } },
{ "type": "Feature", "properties": { "voltage_kv": 380.0, "from_node": 61, "to_node": 89, "length_km": 140.63729835517259, "delaunay_k": 2, "edge_set": "Delaunay2" }, "geometry": { "type": "LineString", "coordinates": [ [ 13.458252, 63.368755 ], [ 16.254272, 63.524685 ] ] } },
{ "type": "Feature", "properties": { "voltage_kv": 380.0, "from_node": 61, "to_node": 93, "length_km": 168.87044106290324, "delaunay_k": 2, "edge_set": "Delaunay2" }, "geometry": { "type": "LineString", "coordinates": [ [ 13.458252, 63.368755 ], [ 16.791229, 63.646259 ] ] } },
{ "type": "Feature", "properties": { "voltage_kv": 380.0, "from_node": 61, "to_node": 98, "length_km": 203.23838267745657, "delaunay_k": 2, "edge_set": "Delaunay2" }, "geometry": { "type": "LineString", "coordinates": [ [ 13.458252, 63.368755 ], [ 17.024689, 62.540828 ] ] } },
{ "type": "Feature", "properties": { "voltage_kv": 380.0, "from_node": 61, "to_node": 100, "length_km": 269.98824173880331, "delaunay_k": 2, "edge_set": "Delaunay2" }, "geometry": { "type": "LineString", "coordinates": [ [ 13.458252, 63.368755 ], [ 17.049408, 65.221045 ] ] } },
{ "type": "Feature", "properties": { "voltage_kv": 380.0, "from_node": 61, "to_node": 102, "length_km": 187.37762227887964, "delaunay_k": 2, "edge_set": "Delaunay2" }, "geometry": { "type": "LineString", "coordinates": [ [ 13.458252, 63.368755 ], [ 17.167511, 63.184727 ] ] } },
{ "type": "Feature", "properties": { "voltage_kv": 380.0, "from_node": 61, "to_node": 107, "length_km": 268.99404026787192, "delaunay_k": 2, "edge_set": "Delaunay2" }, "geometry": { "type": "LineString", "coordinates": [ [ 13.458252, 63.368755 ], [ 17.541046, 64.996778 ] ] } },
{ "type": "Feature", "properties": { "voltage_kv": 380.0, "from_node": 61, "to_node": 121, "length_km": 469.24474038851389, "delaunay_k": 2, "edge_set": "Delaunay2" }, "geometry": { "type": "LineString", "coordinates": [ [ 13.458252, 63.368755 ], [ 18.639679, 66.970387 ] ] } },
{ "type": "Feature", "properties": { "voltage_kv": 380.0, "from_node": 62, "to_node": 68, "length_km": 117.26818575087879, "delaunay_k": 2, "edge_set": "Delaunay2" }, "geometry": { "type": "LineString", "coordinates": [ [ 13.580475, 55.86067 ], [ 14.40033, 56.809901 ] ] } },
{ "type": "Feature", "properties": { "voltage_kv": 380.0, "from_node": 62, "to_node": 83, "length_km": 150.09542919967288, "delaunay_k": 2, "edge_set": "Delaunay2" }, "geometry": { "type": "LineString", "coordinates": [ [ 13.580475, 55.86067 ], [ 15.542908, 56.649432 ] ] } },
{ "type": "Feature", "properties": { "voltage_kv": 380.0, "from_node": 63, "to_node": 69, "length_km": 406.02891535463436, "delaunay_k": 2, "edge_set": "Delaunay2" }, "geometry": { "type": "LineString", "coordinates": [ [ 13.763123, 66.142743 ], [ 14.515686, 62.516121 ] ] } },
{ "type": "Feature", "properties": { "voltage_kv": 380.0, "from_node": 63, "to_node": 79, "length_km": 331.16908110003919, "delaunay_k": 2, "edge_set": "Delaunay2" }, "geometry": { "type": "LineString", "coordinates": [ [ 13.763123, 66.142743 ], [ 15.206451, 63.237956 ] ] } },
{ "type": "Feature", "properties": { "voltage_kv": 380.0, "from_node": 63, "to_node": 84, "length_km": 155.16832266929492, "delaunay_k": 2, "edge_set": "Delaunay2" }, "geometry": { "type": "LineString", "coordinates": [ [ 13.763123, 66.142743 ], [ 15.757141, 67.288485 ] ] } },
{ "type": "Feature", "properties": { "voltage_kv": 380.0, "from_node": 63, "to_node": 85, "length_km": 302.15641089912936, "delaunay_k": 2, "edge_set": "Delaunay2" }, "geometry": { "type": "LineString", "coordinates": [ [ 13.763123, 66.142743 ], [ 15.846405, 63.582177 ] ] } },
{ "type": "Feature", "properties": { "voltage_kv": 380.0, "from_node": 63, "to_node": 86, "length_km": 186.37952575033114, "delaunay_k": 2, "edge_set": "Delaunay2" }, "geometry": { "type": "LineString", "coordinates": [ [ 13.763123, 66.142743 ], [ 15.850525, 67.598233 ] ] } },
{ "type": "Feature", "properties": { "voltage_kv": 380.0, "from_node": 63, "to_node": 100, "length_km": 182.76348682392748, "delaunay_k": 2, "edge_set": "Delaunay2" }, "geometry": { "type": "LineString", "coordinates": [ [ 13.763123, 66.142743 ], [ 17.049408, 65.221045 ] ] } },
{ "type": "Feature", "properties": { "voltage_kv": 380.0, "from_node": 63, "to_node": 108, "length_km": 311.60369194174564, "delaunay_k": 2, "edge_set": "Delaunay2" }, "geometry": { "type": "LineString", "coordinates": [ [ 13.763123, 66.142743 ], [ 17.579498, 68.517173 ] ] } },
{ "type": "Feature", "properties": { "voltage_kv": 380.0, "from_node": 63, "to_node": 121, "length_km": 235.49353288573874, "delaunay_k": 2, "edge_set": "Delaunay2" }, "geometry": { "type": "LineString", "coordinates": [ [ 13.763123, 66.142743 ], [ 18.639679, 66.970387 ] ] } },
{ "type": "Feature", "properties": { "voltage_kv": 380.0, "from_node": 63, "to_node": 130, "length_km": 301.66636133047393, "delaunay_k": 2, "edge_set": "Delaunay2" }, "geometry": { "type": "LineString", "coordinates": [ [ 13.763123, 66.142743 ], [ 20.429077, 66.505049 ] ] } },
{ "type": "Feature", "properties": { "voltage_kv": 380.0, "from_node": 64, "to_node": 94, "length_km": 210.02224619738681, "delaunay_k": 2, "edge_set": "Delaunay2" }, "geometry": { "type": "LineString", "coordinates": [ [ 13.807068, 66.707884 ], [ 16.876373, 65.299207 ] ] } },
{ "type": "Feature", "properties": { "voltage_kv": 380.0, "from_node": 64, "to_node": 104, "length_km": 220.09511614077334, "delaunay_k": 2, "edge_set": "Delaunay2" }, "geometry": { "type": "LineString", "coordinates": [ [ 13.807068, 66.707884 ], [ 17.288361, 68.158786 ] ] } },
{ "type": "Feature", "properties": { "voltage_kv": 380.0, "from_node": 64, "to_node": 112, "length_km": 207.48408912105859, "delaunay_k": 2, "edge_set": "Delaunay2" }, "geometry": { "type": "LineString", "coordinates": [ [ 13.807068, 66.707884 ], [ 17.992859, 67.610267 ] ] } },
{ "type": "Feature", "properties": { "voltage_kv": 380.0, "from_node": 64, "to_node": 120, "length_km": 216.59512588914572, "delaunay_k": 2, "edge_set": "Delaunay2" }, "geometry": { "type": "LineString", "coordinates": [ [ 13.807068, 66.707884 ], [ 18.366394, 67.492803 ] ] } },
{ "type": "Feature", "properties": { "voltage_kv": 380.0, "from_node": 64, "to_node": 121, "length_km": 214.27586013498404, "delaunay_k": 2, "edge_set": "Delaunay2" }, "geometry": { "type": "LineString", "coordinates": [ [ 13.807068, 66.707884 ], [ 18.639679, 66.970387 ] ] } },
{ "type": "Feature", "properties": { "voltage_kv": 380.0, "from_node": 64, "to_node": 122, "length_km": 335.80518639842364, "delaunay_k": 2, "edge_set": "Delaunay2" }, "geometry": { "type": "LineString", "coordinates": [ [ 13.807068, 66.707884 ], [ 18.864899, 69.038124 ] ] } },
{ "type": "Feature", "properties": { "voltage_kv": 380.0, "from_node": 65, "to_node": 68, "length_km": 197.5713251757104, "delaunay_k": 2, "edge_set": "Delaunay2" }, "geometry": { "type": "LineString", "coordinates": [ [ 13.878479, 58.56109 ], [ 14.40033, 56.809901 ] ] } },
{ "type": "Feature", "properties": { "voltage_kv": 380.0, "from_node": 65, "to_node": 76, "length_km": 101.70836387626116, "delaunay_k": 2, "edge_set": "Delaunay2" }, "geometry": { "type": "LineString", "coordinates": [ [ 13.878479, 58.56109 ], [ 15.184479, 59.173817 ] ] } },
{ "type": "Feature", "properties": { "voltage_kv": 380.0, "from_node": 65, "to_node": 77, "length_km": 219.56883429763027, "delaunay_k": 2, "edge_set": "Delaunay2" }, "geometry": { "type": "LineString", "coordinates": [ [ 13.878479, 58.56109 ], [ 15.188599, 60.415208 ] ] } },
{ "type": "Feature", "properties": { "voltage_kv": 380.0, "from_node": 65, "to_node": 80, "length_km": 127.33412345878371, "delaunay_k": 2, "edge_set": "Delaunay2" }, "geometry": { "type": "LineString", "coordinates": [ [ 13.878479, 58.56109 ], [ 15.231171, 59.466013 ] ] } },
{ "type": "Feature", "properties": { "voltage_kv": 380.0, "from_node": 65, "to_node": 81, "length_km": 187.14155003309745, "delaunay_k": 2, "edge_set": "Delaunay2" }, "geometry": { "type": "LineString", "coordinates": [ [ 13.878479, 58.56109 ], [ 15.387726, 60.052503 ] ] } },
{ "type": "Feature", "properties": { "voltage_kv": 380.0, "from_node": 65, "to_node": 83, "length_km": 235.11465414323396, "delaunay_k": 2, "edge_set": "Delaunay2" }, "geometry": { "type": "LineString", "coordinates": [ [ 13.878479, 58.56109 ], [ 15.542908, 56.649432 ] ] } },
{ "type": "Feature", "properties": { "voltage_kv": 380.0, "from_node": 65, "to_node": 87, "length_km": 126.4011014819451, "delaunay_k": 2, "edge_set": "Delaunay2" }, "geometry": { "type": "LineString", "coordinates": [ [ 13.878479, 58.56109 ], [ 16.035919, 58.70477 ] ] } },
{ "type": "Feature", "properties": { "voltage_kv": 380.0, "from_node": 65, "to_node": 88, "length_km": 129.50872303539447, "delaunay_k": 2, "edge_set": "Delaunay2" }, "geometry": { "type": "LineString", "coordinates": [ [ 13.878479, 58.56109 ], [ 16.096344, 58.492976 ] ] } },
{ "type": "Feature", "properties": { "voltage_kv": 380.0, "from_node": 65, "to_node": 90, "length_km": 206.88031040261882, "delaunay_k": 2, "edge_set": "Delaunay2" }, "geometry": { "type": "LineString", "coordinates": [ [ 13.878479, 58.56109 ], [ 16.660767, 57.43682 ] ] } },
{ "type": "Feature", "properties": { "voltage_kv": 380.0, "from_node": 66, "to_node": 85, "length_km": 311.14815646611129, "delaunay_k": 2, "edge_set": "Delaunay2" }, "geometry": { "type": "LineString", "coordinates": [ [ 14.191589, 66.282328 ], [ 15.846405, 63.582177 ] ] } },
{ "type": "Feature", "properties": { "voltage_kv": 380.0, "from_node": 66, "to_node": 86, "length_km": 163.74108550295142, "delaunay_k": 2, "edge_set": "Delaunay2" }, "geometry": { "type": "LineString", "coordinates": [ [ 14.191589, 66.282328 ], [ 15.850525, 67.598233 ] ] } },
{ "type": "Feature", "properties": { "voltage_kv": 380.0, "from_node": 66, "to_node": 100, "length_km": 176.60889775650421, "delaunay_k": 2, "edge_set": "Delaunay2" }, "geometry": { "type": "LineString", "coordinates": [ [ 14.191589, 66.282328 ], [ 17.049408, 65.221045 ] ] } },
{ "type": "Feature", "properties": { "voltage_kv": 380.0, "from_node": 66, "to_node": 108, "length_km": 288.57481968918654, "delaunay_k": 2, "edge_set": "Delaunay2" }, "geometry": { "type": "LineString", "coordinates": [ [ 14.191589, 66.282328 ], [ 17.579498, 68.517173 ] ] } },
{ "type": "Feature", "properties": { "voltage_kv": 380.0, "from_node": 66, "to_node": 112, "length_km": 222.6448209511903, "delaunay_k": 2, "edge_set": "Delaunay2" }, "geometry": { "type": "LineString", "coordinates": [ [ 14.191589, 66.282328 ], [ 17.992859, 67.610267 ] ] } },
{ "type": "Feature", "properties": { "voltage_kv": 380.0, "from_node": 66, "to_node": 120, "length_km": 227.4201970669271, "delaunay_k": 2, "edge_set": "Delaunay2" }, "geometry": { "type": "LineString", "coordinates": [ [ 14.191589, 66.282328 ], [ 18.366394, 67.492803 ] ] } },
{ "type": "Feature", "properties": { "voltage_kv": 380.0, "from_node": 66, "to_node": 126, "length_km": 259.66438972316388, "delaunay_k": 2, "edge_set": "Delaunay2" }, "geometry": { "type": "LineString", "coordinates": [ [ 14.191589, 66.282328 ], [ 19.864655, 66.843267 ] ] } },
{ "type": "Feature", "properties": { "voltage_kv": 380.0, "from_node": 66, "to_node": 127, "length_km": 263.01130299467161, "delaunay_k": 2, "edge_set": "Delaunay2" }, "geometry": { "type": "LineString", "coordinates": [ [ 14.191589, 66.282328 ], [ 19.866028, 66.975221 ] ] } },
{ "type": "Feature", "properties": { "voltage_kv": 380.0, "from_node": 66, "to_node": 128, "length_km": 265.03751564981513, "delaunay_k": 2, "edge_set": "Delaunay2" }, "geometry": { "type": "LineString", "coordinates": [ [ 14.191589, 66.282328 ], [ 20.037689, 66.729595 ] ] } },
{ "type": "Feature", "properties": { "voltage_kv": 380.0, "from_node": 66, "to_node": 130, "length_km": 280.09228989717775, "delaunay_k": 2, "edge_set": "Delaunay2" }, "geometry": { "type": "LineString", "coordinates": [ [ 14.191589, 66.282328 ], [ 20.429077, 66.505049 ] ] } },
{ "type": "Feature", "properties": { "voltage_kv": 380.0, "from_node": 67, "to_node": 72, "length_km": 158.79484066689707, "delaunay_k": 2, "edge_set": "Delaunay2" }, "geometry": { "type": "LineString", "coordinates": [ [ 14.197083, 57.718819 ], [ 14.749146, 56.325675 ] ] } },
{ "type": "Feature", "properties": { "voltage_kv": 380.0, "from_node": 67, "to_node": 75, "length_km": 158.09647209763759, "delaunay_k": 2, "edge_set": "Delaunay2" }, "geometry": { "type": "LineString", "coordinates": [ [ 14.197083, 57.718819 ], [ 15.125427, 59.05115 ] ] } },
{ "type": "Feature", "properties": { "voltage_kv": 380.0, "from_node": 67, "to_node": 78, "length_km": 86.359620494700707, "delaunay_k": 2, "edge_set": "Delaunay2" }, "geometry": { "type": "LineString", "coordinates": [ [ 14.197083, 57.718819 ], [ 15.195465, 58.28423 ] ] } },
{ "type": "Feature", "properties": { "voltage_kv": 380.0, "from_node": 67, "to_node": 83, "length_km": 144.32084324162071, "delaunay_k": 2, "edge_set": "Delaunay2" }, "geometry": { "type": "LineString", "coordinates": [ [ 14.197083, 57.718819 ], [ 15.542908, 56.649432 ] ] } },
{ "type": "Feature", "properties": { "voltage_kv": 380.0, "from_node": 67, "to_node": 90, "length_km": 150.81184189855119, "delaunay_k": 2, "edge_set": "Delaunay2" }, "geometry": { "type": "LineString", "coordinates": [ [ 14.197083, 57.718819 ], [ 16.660767, 57.43682 ] ] } },
{ "type": "Feature", "properties": { "voltage_kv": 380.0, "from_node": 68, "to_node": 73, "length_km": 65.78587951632403, "delaunay_k": 2, "edge_set": "Delaunay2" }, "geometry": { "type": "LineString", "coordinates": [ [ 14.40033, 56.809901 ], [ 14.790344, 56.260134 ] ] } },
{ "type": "Feature", "properties": { "voltage_kv": 380.0, "from_node": 68, "to_node": 74, "length_km": 75.98236208139771, "delaunay_k": 2, "edge_set": "Delaunay2" }, "geometry": { "type": "LineString", "coordinates": [ [ 14.40033, 56.809901 ], [ 14.845276, 56.173846 ] ] } },
{ "type": "Feature", "properties": { "voltage_kv": 380.0, "from_node": 68, "to_node": 78, "length_km": 171.04810866040583, "delaunay_k": 2, "edge_set": "Delaunay2" }, "geometry": { "type": "LineString", "coordinates": [ [ 14.40033, 56.809901 ], [ 15.195465, 58.28423 ] ] } },
{ "type": "Feature", "properties": { "voltage_kv": 380.0, "from_node": 68, "to_node": 90, "length_km": 153.80492081760238, "delaunay_k": 2, "edge_set": "Delaunay2" }, "geometry": { "type": "LineString", "coordinates": [ [ 14.40033, 56.809901 ], [ 16.660767, 57.43682 ] ] } },
{ "type": "Feature", "properties": { "voltage_kv": 380.0, "from_node": 69, "to_node": 81, "length_km": 278.61166876307055, "delaunay_k": 2, "edge_set": "Delaunay2" }, "geometry": { "type": "LineString", "coordinates": [ [ 14.515686, 62.516121 ], [ 15.387726, 60.052503 ] ] } },
{ "type": "Feature", "properties": { "voltage_kv": 380.0, "from_node": 69, "to_node": 82, "length_km": 240.35024170160384, "delaunay_k": 2, "edge_set": "Delaunay2" }, "geometry": { "type": "LineString", "coordinates": [ [ 14.515686, 62.516121 ], [ 15.442657, 60.406393 ] ] } },
{ "type": "Feature", "properties": { "voltage_kv": 380.0, "from_node": 69, "to_node": 85, "length_km": 136.62757533220784, "delaunay_k": 2, "edge_set": "Delaunay2" }, "geometry": { "type": "LineString", "coordinates": [ [ 14.515686, 62.516121 ], [ 15.846405, 63.582177 ] ] } },
{ "type": "Feature", "properties": { "voltage_kv": 380.0, "from_node": 69, "to_node": 89, "length_km": 142.85212592749264, "delaunay_k": 2, "edge_set": "Delaunay2" }, "geometry": { "type": "LineString", "coordinates": [ [ 14.515686, 62.516121 ], [ 16.254272, 63.524685 ] ] } },
{ "type": "Feature", "properties": { "voltage_kv": 380.0, "from_node": 69, "to_node": 94, "length_km": 331.31789983069928, "delaunay_k": 2, "edge_set": "Delaunay2" }, "geometry": { "type": "LineString", "coordinates": [ [ 14.515686, 62.516121 ], [ 16.876373, 65.299207 ] ] } },
{ "type": "Feature", "properties": { "voltage_kv": 380.0, "from_node": 69, "to_node": 96, "length_km": 240.40405343313049, "delaunay_k": 2, "edge_set": "Delaunay2" }, "geometry": { "type": "LineString", "coordinates": [ [ 14.515686, 62.516121 ], [ 16.931305, 60.692679 ] ] } },
{ "type": "Feature", "properties": { "voltage_kv": 380.0, "from_node": 69, "to_node": 98, "length_km": 129.2921234676343, "delaunay_k": 2, "edge_set": "Delaunay2" }, "geometry": { "type": "LineString", "coordinates": [ [ 14.515686, 62.516121 ], [ 17.024689, 62.540828 ] ] } },
{ "type": "Feature", "properties": { "voltage_kv": 380.0, "from_node": 69, "to_node": 102, "length_km": 154.34459738482502, "delaunay_k": 2, "edge_set": "Delaunay2" }, "geometry": { "type": "LineString", "coordinates": [ [ 14.515686, 62.516121 ], [ 17.167511, 63.184727 ] ] } },
{ "type": "Feature", "properties": { "voltage_kv": 380.0, "from_node": 70, "to_node": 72, "length_km": 164.29178420065509, "delaunay_k": 2, "edge_set": "Delaunay2" }, "geometry": { "type": "LineString", "coordinates": [ [ 14.625549, 57.798676 ], [ 14.749146, 56.325675 ] ] } },
{ "type": "Feature", "properties": { "voltage_kv": 380.0, "from_node": 70, "to_node": 73, "length_km": 171.71535975343124, "delaunay_k": 2, "edge_set": "Delaunay2" }, "geometry": { "type": "LineString", "coordinates": [ [ 14.625549, 57.798676 ], [ 14.790344, 56.260134 ] ] } },
{ "type": "Feature", "properties": { "voltage_kv": 380.0, "from_node": 70, "to_node": 74, "length_km": 181.53049492464768, "delaunay_k": 2, "edge_set": "Delaunay2" }, "geometry": { "type": "LineString", "coordinates": [ [ 14.625549, 57.798676 ], [ 14.845276, 56.173846 ] ] } },
{ "type": "Feature", "properties": { "voltage_kv": 380.0, "from_node": 70, "to_node": 75, "length_km": 142.60734443470517, "delaunay_k": 2, "edge_set": "Delaunay2" }, "geometry": { "type": "LineString", "coordinates": [ [ 14.625549, 57.798676 ], [ 15.125427, 59.05115 ] ] } },
{ "type": "Feature", "properties": { "voltage_kv": 380.0, "from_node": 70, "to_node": 87, "length_km": 130.63496733147124, "delaunay_k": 2, "edge_set": "Delaunay2" }, "geometry": { "type": "LineString", "coordinates": [ [ 14.625549, 57.798676 ], [ 16.035919, 58.70477 ] ] } },
{ "type": "Feature", "properties": { "voltage_kv": 380.0, "from_node": 70, "to_node": 88, "length_km": 116.19334582855073, "delaunay_k": 2, "edge_set": "Delaunay2" }, "geometry": { "type": "LineString", "coordinates": [ [ 14.625549, 57.798676 ], [ 16.096344, 58.492976 ] ] } },
{ "type": "Feature", "properties": { "voltage_kv": 380.0, "from_node": 71, "to_node": 81, "length_km": 278.78678655288871, "delaunay_k": 2, "edge_set": "Delaunay2" }, "geometry": { "type": "LineString", "coordinates": [ [ 14.734039, 62.533228 ], [ 15.387726, 60.052503 ] ] } },
{ "type": "Feature", "properties": { "voltage_kv": 380.0, "from_node": 71, "to_node": 82, "length_km": 240.11739501278336, "delaunay_k": 2, "edge_set": "Delaunay2" }, "geometry": { "type": "LineString", "coordinates": [ [ 14.734039, 62.533228 ], [ 15.442657, 60.406393 ] ] } },
{ "type": "Feature", "properties": { "voltage_kv": 380.0, "from_node": 71, "to_node": 85, "length_km": 129.80887125029207, "delaunay_k": 2, "edge_set": "Delaunay2" }, "geometry": { "type": "LineString", "coordinates": [ [ 14.734039, 62.533228 ], [ 15.846405, 63.582177 ] ] } },
{ "type": "Feature", "properties": { "voltage_kv": 380.0, "from_node": 71, "to_node": 89, "length_km": 134.73333036340736, "delaunay_k": 2, "edge_set": "Delaunay2" }, "geometry": { "type": "LineString", "coordinates": [ [ 14.734039, 62.533228 ], [ 16.254272, 63.524685 ] ] } },
{ "type": "Feature", "properties": { "voltage_kv": 380.0, "from_node": 71, "to_node": 97, "length_km": 249.19657352360178, "delaunay_k": 2, "edge_set": "Delaunay2" }, "geometry": { "type": "LineString", "coordinates": [ [ 14.734039, 62.533228 ], [ 16.972504, 60.570102 ] ] } },
{ "type": "Feature", "properties": { "voltage_kv": 380.0, "from_node": 71, "to_node": 99, "length_km": 245.72670748835318, "delaunay_k": 2, "edge_set": "Delaunay2" }, "geometry": { "type": "LineString", "coordinates": [ [ 14.734039, 62.533228 ], [ 17.045288, 60.624713 ] ] } },
{ "type": "Feature", "properties": { "voltage_kv": 380.0, "from_node": 71, "to_node": 102, "length_km": 143.7030711085809, "delaunay_k": 2, "edge_set": "Delaunay2" }, "geometry": { "type": "LineString", "coordinates": [ [ 14.734039, 62.533228 ], [ 17.167511, 63.184727 ] ] } },
{ "type": "Feature", "properties": { "voltage_kv": 380.0, "from_node": 71, "to_node": 106, "length_km": 141.26314327507586, "delaunay_k": 2, "edge_set": "Delaunay2" }, "geometry": { "type": "LineString", "coordinates": [ [ 14.734039, 62.533228 ], [ 17.468262, 62.460297 ] ] } },
{ "type": "Feature", "properties": { "voltage_kv": 380.0, "from_node": 72, "to_node": 74, "length_km": 17.93551783422242, "delaunay_k": 2, "edge_set": "Delaunay2" }, "geometry": { "type": "LineString", "coordinates": [ [ 14.749146, 56.325675 ], [ 14.845276, 56.173846 ] ] } },
{ "type": "Feature", "properties": { "voltage_kv": 380.0, "from_node": 72, "to_node": 90, "length_km": 170.11720596115052, "delaunay_k": 2, "edge_set": "Delaunay2" }, "geometry": { "type": "LineString", "coordinates": [ [ 14.749146, 56.325675 ], [ 16.660767, 57.43682 ] ] } },
{ "type": "Feature", "properties": { "voltage_kv": 380.0, "from_node": 73, "to_node": 90, "length_km": 173.91213022477183, "delaunay_k": 2, "edge_set": "Delaunay2" }, "geometry": { "type": "LineString", "coordinates": [ [ 14.790344, 56.260134 ], [ 16.660767, 57.43682 ] ] } },
{ "type": "Feature", "properties": { "voltage_kv": 380.0, "from_node": 74, "to_node": 90, "length_km": 179.25939582459122, "delaunay_k": 2, "edge_set": "Delaunay2" }, "geometry": { "type": "LineString", "coordinates": [ [ 14.845276, 56.173846 ], [ 16.660767, 57.43682 ] ] } },
{ "type": "Feature", "properties": { "voltage_kv": 380.0, "from_node": 75, "to_node": 77, "length_km": 152.09628976159743, "delaunay_k": 2, "edge_set": "Delaunay2" }, "geometry": { "type": "LineString", "coordinates": [ [ 15.125427, 59.05115 ], [ 15.188599, 60.415208 ] ] } },
{ "type": "Feature", "properties": { "voltage_kv": 380.0, "from_node": 75, "to_node": 80, "length_km": 46.635655766621923, "delaunay_k": 2, "edge_set": "Delaunay2" }, "geometry": { "type": "LineString", "coordinates": [ [ 15.125427, 59.05115 ], [ 15.231171, 59.466013 ] ] } },
{ "type": "Feature", "properties": { "voltage_kv": 380.0, "from_node": 75, "to_node": 81, "length_km": 112.6064056719063, "delaunay_k": 2, "edge_set": "Delaunay2" }, "geometry": { "type": "LineString", "coordinates": [ [ 15.125427, 59.05115 ], [ 15.387726, 60.052503 ] ] } },
{ "type": "Feature", "properties": { "voltage_kv": 380.0, "from_node": 75, "to_node": 88, "length_km": 83.85496692357242, "delaunay_k": 2, "edge_set": "Delaunay2" }, "geometry": { "type": "LineString", "coordinates": [ [ 15.125427, 59.05115 ], [ 16.096344, 58.492976 ] ] } },
{ "type": "Feature", "properties": { "voltage_kv": 380.0, "from_node": 75, "to_node": 90, "length_km": 201.32080628555161, "delaunay_k": 2, "edge_set": "Delaunay2" }, "geometry": { "type": "LineString", "coordinates": [ [ 15.125427, 59.05115 ], [ 16.660767, 57.43682 ] ] } },
{ "type": "Feature", "properties": { "voltage_kv": 380.0, "from_node": 75, "to_node": 91, "length_km": 88.582847305783318, "delaunay_k": 2, "edge_set": "Delaunay2" }, "geometry": { "type": "LineString", "coordinates": [ [ 15.125427, 59.05115 ], [ 16.660767, 58.984699 ] ] } },
{ "type": "Feature", "properties": { "voltage_kv": 380.0, "from_node": 76, "to_node": 77, "length_km": 138.38322554108356, "delaunay_k": 2, "edge_set": "Delaunay2" }, "geometry": { "type": "LineString", "coordinates": [ [ 15.184479, 59.173817 ], [ 15.188599, 60.415208 ] ] } },
{ "type": "Feature", "properties": { "voltage_kv": 380.0, "from_node": 76, "to_node": 78, "length_km": 99.155516931998449, "delaunay_k": 2, "edge_set": "Delaunay2" }, "geometry": { "type": "LineString", "coordinates": [ [ 15.184479, 59.173817 ], [ 15.195465, 58.28423 ] ] } },
{ "type": "Feature", "properties": { "voltage_kv": 380.0, "from_node": 76, "to_node": 81, "length_km": 98.622009209455115, "delaunay_k": 2, "edge_set": "Delaunay2" }, "geometry": { "type": "LineString", "coordinates": [ [ 15.184479, 59.173817 ], [ 15.387726, 60.052503 ] ] } },
{ "type": "Feature", "properties": { "voltage_kv": 380.0, "from_node": 76, "to_node": 88, "length_km": 92.401562558449385, "delaunay_k": 2, "edge_set": "Delaunay2" }, "geometry": { "type": "LineString", "coordinates": [ [ 15.184479, 59.173817 ], [ 16.096344, 58.492976 ] ] } },
{ "type": "Feature", "properties": { "voltage_kv": 380.0, "from_node": 76, "to_node": 103, "length_km": 116.45847297496076, "delaunay_k": 2, "edge_set": "Delaunay2" }, "geometry": { "type": "LineString", "coordinates": [ [ 15.184479, 59.173817 ], [ 17.218323, 59.22234 ] ] } },
{ "type": "Feature", "properties": { "voltage_kv": 380.0, "from_node": 76, "to_node": 105, "length_km": 136.02992925768453, "delaunay_k": 2, "edge_set": "Delaunay2" }, "geometry": { "type": "LineString", "coordinates": [ [ 15.184479, 59.173817 ], [ 17.329559, 59.716945 ] ] } },
{ "type": "Feature", "properties": { "voltage_kv": 380.0, "from_node": 76, "to_node": 111, "length_km": 157.73727399837173, "delaunay_k": 2, "edge_set": "Delaunay2" }, "geometry": { "type": "LineString", "coordinates": [ [ 15.184479, 59.173817 ], [ 17.932434, 59.094909 ] ] } },
{ "type": "Feature", "properties": { "voltage_kv": 380.0, "from_node": 77, "to_node": 79, "length_km": 314.73957309401356, "delaunay_k": 2, "edge_set": "Delaunay2" }, "geometry": { "type": "LineString", "coordinates": [ [ 15.188599, 60.415208 ], [ 15.206451, 63.237956 ] ] } },
{ "type": "Feature", "properties": { "voltage_kv": 380.0, "from_node": 77, "to_node": 80, "length_km": 105.84009090634201, "delaunay_k": 2, "edge_set": "Delaunay2" }, "geometry": { "type": "LineString", "coordinates": [ [ 15.188599, 60.415208 ], [ 15.231171, 59.466013 ] ] } },
{ "type": "Feature", "properties": { "voltage_kv": 380.0, "from_node": 77, "to_node": 97, "length_km": 99.647477041424622, "delaunay_k": 2, "edge_set": "Delaunay2" }, "geometry": { "type": "LineString", "coordinates": [ [ 15.188599, 60.415208 ], [ 16.972504, 60.570102 ] ] } },
{ "type": "Feature", "properties": { "voltage_kv": 380.0, "from_node": 77, "to_node": 98, "length_km": 256.4678287022769, "delaunay_k": 2, "edge_set": "Delaunay2" }, "geometry": { "type": "LineString", "coordinates": [ [ 15.188599, 60.415208 ], [ 17.024689, 62.540828 ] ] } },
{ "type": "Feature", "properties": { "voltage_kv": 380.0, "from_node": 77, "to_node": 99, "length_km": 104.69796232449416, "delaunay_k": 2, "edge_set": "Delaunay2" }, "geometry": { "type": "LineString", "coordinates": [ [ 15.188599, 60.415208 ], [ 17.045288, 60.624713 ] ] } },
{ "type": "Feature", "properties": { "voltage_kv": 380.0, "from_node": 77, "to_node": 105, "length_km": 142.4890138821095, "delaunay_k": 2, "edge_set": "Delaunay2" }, "geometry": { "type": "LineString", "coordinates": [ [ 15.188599, 60.415208 ], [ 17.329559, 59.716945 ] ] } },
{ "type": "Feature", "properties": { "voltage_kv": 380.0, "from_node": 77, "to_node": 106, "length_km": 258.52180604555593, "delaunay_k": 2, "edge_set": "Delaunay2" }, "geometry": { "type": "LineString", "coordinates": [ [ 15.188599, 60.415208 ], [ 17.468262, 62.460297 ] ] } },
{ "type": "Feature", "properties": { "voltage_kv": 380.0, "from_node": 77, "to_node": 113, "length_km": 156.44575551581215, "delaunay_k": 2, "edge_set": "Delaunay2" }, "geometry": { "type": "LineString", "coordinates": [ [ 15.188599, 60.415208 ], [ 18.020325, 60.532293 ] ] } },
{ "type": "Feature", "properties": { "voltage_kv": 380.0, "from_node": 78, "to_node": 83, "length_km": 183.38870913770836, "delaunay_k": 2, "edge_set": "Delaunay2" }, "geometry": { "type": "LineString", "coordinates": [ [ 15.195465, 58.28423 ], [ 15.542908, 56.649432 ] ] } },
{ "type": "Feature", "properties": { "voltage_kv": 380.0, "from_node": 78, "to_node": 91, "length_km": 115.56002317872068, "delaunay_k": 2, "edge_set": "Delaunay2" }, "geometry": { "type": "LineString", "coordinates": [ [ 15.195465, 58.28423 ], [ 16.660767, 58.984699 ] ] } },
{ "type": "Feature", "properties": { "voltage_kv": 380.0, "from_node": 78, "to_node": 111, "length_km": 182.80306805165387, "delaunay_k": 2, "edge_set": "Delaunay2" }, "geometry": { "type": "LineString", "coordinates": [ [ 15.195465, 58.28423 ], [ 17.932434, 59.094909 ] ] } },
{ "type": "Feature", "properties": { "voltage_kv": 380.0, "from_node": 79, "to_node": 92, "length_km": 78.060443346443421, "delaunay_k": 2, "edge_set": "Delaunay2" }, "geometry": { "type": "LineString", "coordinates": [ [ 15.206451, 63.237956 ], [ 16.663513, 63.486702 ] ] } },
{ "type": "Feature", "properties": { "voltage_kv": 380.0, "from_node": 79, "to_node": 93, "length_km": 91.307536012312227, "delaunay_k": 2, "edge_set": "Delaunay2" }, "geometry": { "type": "LineString", "coordinates": [ [ 15.206451, 63.237956 ], [ 16.791229, 63.646259 ] ] } },
{ "type": "Feature", "properties": { "voltage_kv": 380.0, "from_node": 79, "to_node": 94, "length_km": 243.76120998565423, "delaunay_k": 2, "edge_set": "Delaunay2" }, "geometry": { "type": "LineString", "coordinates": [ [ 15.206451, 63.237956 ], [ 16.876373, 65.299207 ] ] } },
{ "type": "Feature", "properties": { "voltage_kv": 380.0, "from_node": 79, "to_node": 95, "length_km": 92.62048135829842, "delaunay_k": 2, "edge_set": "Delaunay2" }, "geometry": { "type": "LineString", "coordinates": [ [ 15.206451, 63.237956 ], [ 16.923065, 63.549164 ] ] } },
{ "type": "Feature", "properties": { "voltage_kv": 380.0, "from_node": 79, "to_node": 96, "length_km": 297.9488659203468, "delaunay_k": 2, "edge_set": "Delaunay2" }, "geometry": { "type": "LineString", "coordinates": [ [ 15.206451, 63.237956 ], [ 16.931305, 60.692679 ] ] } },
{ "type": "Feature", "properties": { "voltage_kv": 380.0, "from_node": 79, "to_node": 100, "length_km": 238.61844325519351, "delaunay_k": 2, "edge_set": "Delaunay2" }, "geometry": { "type": "LineString", "coordinates": [ [ 15.206451, 63.237956 ], [ 17.049408, 65.221045 ] ] } },
{ "type": "Feature", "properties": { "voltage_kv": 380.0, "from_node": 79, "to_node": 106, "length_km": 144.27521877301893, "delaunay_k": 2, "edge_set": "Delaunay2" }, "geometry": { "type": "LineString", "coordinates": [ [ 15.206451, 63.237956 ], [ 17.468262, 62.460297 ] ] } },
{ "type": "Feature", "properties": { "voltage_kv": 380.0, "from_node": 79, "to_node": 107, "length_km": 226.81784611310491, "delaunay_k": 2, "edge_set": "Delaunay2" }, "geometry": { "type": "LineString", "coordinates": [ [ 15.206451, 63.237956 ], [ 17.541046, 64.996778 ] ] } },
{ "type": "Feature", "properties": { "voltage_kv": 380.0, "from_node": 79, "to_node": 119, "length_km": 153.38915941636131, "delaunay_k": 2, "edge_set": "Delaunay2" }, "geometry": { "type": "LineString", "coordinates": [ [ 15.206451, 63.237956 ], [ 18.242798, 63.401361 ] ] } },
{ "type": "Feature", "properties": { "voltage_kv": 380.0, "from_node": 80, "to_node": 82, "length_km": 105.49989142349281, "delaunay_k": 2, "edge_set": "Delaunay2" }, "geometry": { "type": "LineString", "coordinates": [ [ 15.231171, 59.466013 ], [ 15.442657, 60.406393 ] ] } },
{ "type": "Feature", "properties": { "voltage_kv": 380.0, "from_node": 80, "to_node": 87, "length_km": 96.611118663922625, "delaunay_k": 2, "edge_set": "Delaunay2" }, "geometry": { "type": "LineString", "coordinates": [ [ 15.231171, 59.466013 ], [ 16.035919, 58.70477 ] ] } },
{ "type": "Feature", "properties": { "voltage_kv": 380.0, "from_node": 80, "to_node": 88, "length_km": 119.35617317330698, "delaunay_k": 2, "edge_set": "Delaunay2" }, "geometry": { "type": "LineString", "coordinates": [ [ 15.231171, 59.466013 ], [ 16.096344, 58.492976 ] ] } },
{ "type": "Feature", "properties": { "voltage_kv": 380.0, "from_node": 80, "to_node": 97, "length_km": 156.85115546810536, "delaunay_k": 2, "edge_set": "Delaunay2" }, "geometry": { "type": "LineString", "coordinates": [ [ 15.231171, 59.466013 ], [ 16.972504, 60.570102 ] ] } },
{ "type": "Feature", "properties": { "voltage_kv": 380.0, "from_node": 80, "to_node": 101, "length_km": 158.23518833961498, "delaunay_k": 2, "edge_set": "Delaunay2" }, "geometry": { "type": "LineString", "coordinates": [ [ 15.231171, 59.466013 ], [ 17.059021, 60.550528 ] ] } },
{ "type": "Feature", "properties": { "voltage_kv": 380.0, "from_node": 80, "to_node": 109, "length_km": 140.03865647105317, "delaunay_k": 2, "edge_set": "Delaunay2" }, "geometry": { "type": "LineString", "coordinates": [ [ 15.231171, 59.466013 ], [ 17.683868, 59.349996 ] ] } },
{ "type": "Feature", "properties": { "voltage_kv": 380.0, "from_node": 80, "to_node": 110, "length_km": 146.94808160968864, "delaunay_k": 2, "edge_set": "Delaunay2" }, "geometry": { "type": "LineString", "coordinates": [ [ 15.231171, 59.466013 ], [ 17.766266, 59.221637 ] ] } },
{ "type": "Feature", "properties": { "voltage_kv": 380.0, "from_node": 80, "to_node": 111, "length_km": 159.61339482988245, "delaunay_k": 2, "edge_set": "Delaunay2" }, "geometry": { "type": "LineString", "coordinates": [ [ 15.231171, 59.466013 ], [ 17.932434, 59.094909 ] ] } },
{ "type": "Feature", "properties": { "voltage_kv": 380.0, "from_node": 80, "to_node": 116, "length_km": 194.26172159933768, "delaunay_k": 2, "edge_set": "Delaunay2" }, "geometry": { "type": "LineString", "coordinates": [ [ 15.231171, 59.466013 ], [ 18.123322, 60.430121 ] ] } },
{ "type": "Feature", "properties": { "voltage_kv": 380.0, "from_node": 80, "to_node": 117, "length_km": 164.83943177318213, "delaunay_k": 2, "edge_set": "Delaunay2" }, "geometry": { "type": "LineString", "coordinates": [ [ 15.231171, 59.466013 ], [ 18.135681, 59.473686 ] ] } },
{ "type": "Feature", "properties": { "voltage_kv": 380.0, "from_node": 80, "to_node": 118, "length_km": 177.92570004886804, "delaunay_k": 2, "edge_set": "Delaunay2" }, "geometry": { "type": "LineString", "coordinates": [ [ 15.231171, 59.466013 ], [ 18.233185, 59.961198 ] ] } },
{ "type": "Feature", "properties": { "voltage_kv": 380.0, "from_node": 81, "to_node": 91, "length_km": 139.20173651137898, "delaunay_k": 2, "edge_set": "Delaunay2" }, "geometry": { "type": "LineString", "coordinates": [ [ 15.387726, 60.052503 ], [ 16.660767, 58.984699 ] ] } },
{ "type": "Feature", "properties": { "voltage_kv": 380.0, "from_node": 81, "to_node": 96, "length_km": 111.17940251263202, "delaunay_k": 2, "edge_set": "Delaunay2" }, "geometry": { "type": "LineString", "coordinates": [ [ 15.387726, 60.052503 ], [ 16.931305, 60.692679 ] ] } },
{ "type": "Feature", "properties": { "voltage_kv": 380.0, "from_node": 81, "to_node": 99, "length_km": 111.65425632567045, "delaunay_k": 2, "edge_set": "Delaunay2" }, "geometry": { "type": "LineString", "coordinates": [ [ 15.387726, 60.052503 ], [ 17.045288, 60.624713 ] ] } },
{ "type": "Feature", "properties": { "voltage_kv": 380.0, "from_node": 81, "to_node": 101, "length_km": 107.8822322862495, "delaunay_k": 2, "edge_set": "Delaunay2" }, "geometry": { "type": "LineString", "coordinates": [ [ 15.387726, 60.052503 ], [ 17.059021, 60.550528 ] ] } },
{ "type": "Feature", "properties": { "voltage_kv": 380.0, "from_node": 81, "to_node": 103, "length_km": 138.75340763805369, "delaunay_k": 2, "edge_set": "Delaunay2" }, "geometry": { "type": "LineString", "coordinates": [ [ 15.387726, 60.052503 ], [ 17.218323, 59.22234 ] ] } },
{ "type": "Feature", "properties": { "voltage_kv": 380.0, "from_node": 81, "to_node": 109, "length_km": 151.27534041197077, "delaunay_k": 2, "edge_set": "Delaunay2" }, "geometry": { "type": "LineString", "coordinates": [ [ 15.387726, 60.052503 ], [ 17.683868, 59.349996 ] ] } },
{ "type": "Feature", "properties": { "voltage_kv": 380.0, "from_node": 81, "to_node": 116, "length_km": 157.43151381987553, "delaunay_k": 2, "edge_set": "Delaunay2" }, "geometry": { "type": "LineString", "coordinates": [ [ 15.387726, 60.052503 ], [ 18.123322, 60.430121 ] ] } },
{ "type": "Feature", "properties": { "voltage_kv": 380.0, "from_node": 81, "to_node": 117, "length_km": 167.53591034557465, "delaunay_k": 2, "edge_set": "Delaunay2" }, "geometry": { "type": "LineString", "coordinates": [ [ 15.387726, 60.052503 ], [ 18.135681, 59.473686 ] ] } },
{ "type": "Feature", "properties": { "voltage_kv": 380.0, "from_node": 81, "to_node": 118, "length_km": 159.24560892849766, "delaunay_k": 2, "edge_set": "Delaunay2" }, "geometry": { "type": "LineString", "coordinates": [ [ 15.387726, 60.052503 ], [ 18.233185, 59.961198 ] ] } },
{ "type": "Feature", "properties": { "voltage_kv": 380.0, "from_node": 82, "to_node": 98, "length_km": 252.55340663273179, "delaunay_k": 2, "edge_set": "Delaunay2" }, "geometry": { "type": "LineString", "coordinates": [ [ 15.442657, 60.406393 ], [ 17.024689, 62.540828 ] ] } },
{ "type": "Feature", "properties": { "voltage_kv": 380.0, "from_node": 82, "to_node": 99, "length_km": 91.411533004168234, "delaunay_k": 2, "edge_set": "Delaunay2" }, "geometry": { "type": "LineString", "coordinates": [ [ 15.442657, 60.406393 ], [ 17.045288, 60.624713 ] ] } },
{ "type": "Feature", "properties": { "voltage_kv": 380.0, "from_node": 82, "to_node": 101, "length_km": 90.407160464668962, "delaunay_k": 2, "edge_set": "Delaunay2" }, "geometry": { "type": "LineString", "coordinates": [ [ 15.442657, 60.406393 ], [ 17.059021, 60.550528 ] ] } },
{ "type": "Feature", "properties": { "voltage_kv": 380.0, "from_node": 82, "to_node": 105, "length_km": 130.2949460246121, "delaunay_k": 2, "edge_set": "Delaunay2" }, "geometry": { "type": "LineString", "coordinates": [ [ 15.442657, 60.406393 ], [ 17.329559, 59.716945 ] ] } },
{ "type": "Feature", "properties": { "voltage_kv": 380.0, "from_node": 82, "to_node": 106, "length_km": 253.32981206952547, "delaunay_k": 2, "edge_set": "Delaunay2" }, "geometry": { "type": "LineString", "coordinates": [ [ 15.442657, 60.406393 ], [ 17.468262, 62.460297 ] ] } },
{ "type": "Feature", "properties": { "voltage_kv": 380.0, "from_node": 82, "to_node": 113, "length_km": 142.63333589618671, "delaunay_k": 2, "edge_set": "Delaunay2" }, "geometry": { "type": "LineString", "coordinates": [ [ 15.442657, 60.406393 ], [ 18.020325, 60.532293 ] ] } },
{ "type": "Feature", "properties": { "voltage_kv": 380.0, "from_node": 83, "to_node": 88, "length_km": 208.15371794917661, "delaunay_k": 2, "edge_set": "Delaunay2" }, "geometry": { "type": "LineString", "coordinates": [ [ 15.542908, 56.649432 ], [ 16.096344, 58.492976 ] ] } },
{ "type": "Feature", "properties": { "voltage_kv": 380.0, "from_node": 84, "to_node": 94, "length_km": 227.5789399869501, "delaunay_k": 2, "edge_set": "Delaunay2" }, "geometry": { "type": "LineString", "coordinates": [ [ 15.757141, 67.288485 ], [ 16.876373, 65.299207 ] ] } },
{ "type": "Feature", "properties": { "voltage_kv": 380.0, "from_node": 84, "to_node": 104, "length_km": 116.77189568907076, "delaunay_k": 2, "edge_set": "Delaunay2" }, "geometry": { "type": "LineString", "coordinates": [ [ 15.757141, 67.288485 ], [ 17.288361, 68.158786 ] ] } },
{ "type": "Feature", "properties": { "voltage_kv": 380.0, "from_node": 84, "to_node": 108, "length_km": 157.04632057649516, "delaunay_k": 2, "edge_set": "Delaunay2" }, "geometry": { "type": "LineString", "coordinates": [ [ 15.757141, 67.288485 ], [ 17.579498, 68.517173 ] ] } },
{ "type": "Feature", "properties": { "voltage_kv": 380.0, "from_node": 84, "to_node": 120, "length_km": 114.35906195879461, "delaunay_k": 2, "edge_set": "Delaunay2" }, "geometry": { "type": "LineString", "coordinates": [ [ 15.757141, 67.288485 ], [ 18.366394, 67.492803 ] ] } },
{ "type": "Feature", "properties": { "voltage_kv": 380.0, "from_node": 84, "to_node": 126, "length_km": 185.60504479387714, "delaunay_k": 2, "edge_set": "Delaunay2" }, "geometry": { "type": "LineString", "coordinates": [ [ 15.757141, 67.288485 ], [ 19.864655, 66.843267 ] ] } },
{ "type": "Feature", "properties": { "voltage_kv": 380.0, "from_node": 84, "to_node": 127, "length_km": 181.79772272680978, "delaunay_k": 2, "edge_set": "Delaunay2" }, "geometry": { "type": "LineString", "coordinates": [ [ 15.757141, 67.288485 ], [ 19.866028, 66.975221 ] ] } },
{ "type": "Feature", "properties": { "voltage_kv": 380.0, "from_node": 84, "to_node": 128, "length_km": 196.94032061270116, "delaunay_k": 2, "edge_set": "Delaunay2" }, "geometry": { "type": "LineString", "coordinates": [ [ 15.757141, 67.288485 ], [ 20.037689, 66.729595 ] ] } },
{ "type": "Feature", "properties": { "voltage_kv": 380.0, "from_node": 84, "to_node": 130, "length_km": 222.70642791050363, "delaunay_k": 2, "edge_set": "Delaunay2" }, "geometry": { "type": "LineString", "coordinates": [ [ 15.757141, 67.288485 ], [ 20.429077, 66.505049 ] ] } },
{ "type": "Feature", "properties": { "voltage_kv": 380.0, "from_node": 85, "to_node": 92, "length_km": 42.047746665695257, "delaunay_k": 2, "edge_set": "Delaunay2" }, "geometry": { "type": "LineString", "coordinates": [ [ 15.846405, 63.582177 ], [ 16.663513, 63.486702 ] ] } },
{ "type": "Feature", "properties": { "voltage_kv": 380.0, "from_node": 85, "to_node": 95, "length_km": 53.667056653832589, "delaunay_k": 2, "edge_set": "Delaunay2" }, "geometry": { "type": "LineString", "coordinates": [ [ 15.846405, 63.582177 ], [ 16.923065, 63.549164 ] ] } },
{ "type": "Feature", "properties": { "voltage_kv": 380.0, "from_node": 85, "to_node": 98, "length_km": 130.57441682219971, "delaunay_k": 2, "edge_set": "Delaunay2" }, "geometry": { "type": "LineString", "coordinates": [ [ 15.846405, 63.582177 ], [ 17.024689, 62.540828 ] ] } },
{ "type": "Feature", "properties": { "voltage_kv": 380.0, "from_node": 85, "to_node": 102, "length_km": 79.608485019338104, "delaunay_k": 2, "edge_set": "Delaunay2" }, "geometry": { "type": "LineString", "coordinates": [ [ 15.846405, 63.582177 ], [ 17.167511, 63.184727 ] ] } },
{ "type": "Feature", "properties": { "voltage_kv": 380.0, "from_node": 85, "to_node": 119, "length_km": 121.19027575517454, "delaunay_k": 2, "edge_set": "Delaunay2" }, "geometry": { "type": "LineString", "coordinates": [ [ 15.846405, 63.582177 ], [ 18.242798, 63.401361 ] ] } },
{ "type": "Feature", "properties": { "voltage_kv": 380.0, "from_node": 85, "to_node": 121, "length_km": 399.9217258831311, "delaunay_k": 2, "edge_set": "Delaunay2" }, "geometry": { "type": "LineString", "coordinates": [ [ 15.846405, 63.582177 ], [ 18.639679, 66.970387 ] ] } },
{ "type": "Feature", "properties": { "voltage_kv": 380.0, "from_node": 85, "to_node": 123, "length_km": 182.90944044034694, "delaunay_k": 2, "edge_set": "Delaunay2" }, "geometry": { "type": "LineString", "coordinates": [ [ 15.846405, 63.582177 ], [ 19.029694, 64.440225 ] ] } },
{ "type": "Feature", "properties": { "voltage_kv": 380.0, "from_node": 85, "to_node": 125, "length_km": 248.41736646325523, "delaunay_k": 2, "edge_set": "Delaunay2" }, "geometry": { "type": "LineString", "coordinates": [ [ 15.846405, 63.582177 ], [ 19.736938, 65.032742 ] ] } },
{ "type": "Feature", "properties": { "voltage_kv": 380.0, "from_node": 85, "to_node": 130, "length_km": 391.14713416180007, "delaunay_k": 2, "edge_set": "Delaunay2" }, "geometry": { "type": "LineString", "coordinates": [ [ 15.846405, 63.582177 ], [ 20.429077, 66.505049 ] ] } },
{ "type": "Feature", "properties": { "voltage_kv": 380.0, "from_node": 86, "to_node": 120, "length_km": 107.99536564416735, "delaunay_k": 2, "edge_set": "Delaunay2" }, "geometry": { "type": "LineString", "coordinates": [ [ 15.850525, 67.598233 ], [ 18.366394, 67.492803 ] ] } },
{ "type": "Feature", "properties": { "voltage_kv": 380.0, "from_node": 86, "to_node": 121, "length_km": 139.23947736279732, "delaunay_k": 2, "edge_set": "Delaunay2" }, "geometry": { "type": "LineString", "coordinates": [ [ 15.850525, 67.598233 ], [ 18.639679, 66.970387 ] ] } },
{ "type": "Feature", "properties": { "voltage_kv": 380.0, "from_node": 86, "to_node": 122, "length_km": 203.2154591304465, "delaunay_k": 2, "edge_set": "Delaunay2" }, "geometry": { "type": "LineString", "coordinates": [ [ 15.850525, 67.598233 ], [ 18.864899, 69.038124 ] ] } },
{ "type": "Feature", "properties": { "voltage_kv": 380.0, "from_node": 87, "to_node": 90, "length_km": 146.116073869677, "delaunay_k": 2, "edge_set": "Delaunay2" }, "geometry": { "type": "LineString", "coordinates": [ [ 16.035919, 58.70477 ], [ 16.660767, 57.43682 ] ] } },
{ "type": "Feature", "properties": { "voltage_kv": 380.0, "from_node": 87, "to_node": 103, "length_km": 89.275951214648643, "delaunay_k": 2, "edge_set": "Delaunay2" }, "geometry": { "type": "LineString", "coordinates": [ [ 16.035919, 58.70477 ], [ 17.218323, 59.22234 ] ] } },
{ "type": "Feature", "properties": { "voltage_kv": 380.0, "from_node": 87, "to_node": 111, "length_km": 117.7914824035082, "delaunay_k": 2, "edge_set": "Delaunay2" }, "geometry": { "type": "LineString", "coordinates": [ [ 16.035919, 58.70477 ], [ 17.932434, 59.094909 ] ] } },
{ "type": "Feature", "properties": { "voltage_kv": 380.0, "from_node": 88, "to_node": 103, "length_km": 104.01172347015708, "delaunay_k": 2, "edge_set": "Delaunay2" }, "geometry": { "type": "LineString", "coordinates": [ [ 16.096344, 58.492976 ], [ 17.218323, 59.22234 ] ] } },
{ "type": "Feature", "properties": { "voltage_kv": 380.0, "from_node": 88, "to_node": 110, "length_km": 126.15925092583265, "delaunay_k": 2, "edge_set": "Delaunay2" }, "geometry": { "type": "LineString", "coordinates": [ [ 16.096344, 58.492976 ], [ 17.766266, 59.221637 ] ] } },
{ "type": "Feature", "properties": { "voltage_kv": 380.0, "from_node": 88, "to_node": 115, "length_km": 138.73430693491667, "delaunay_k": 2, "edge_set": "Delaunay2" }, "geometry": { "type": "LineString", "coordinates": [ [ 16.096344, 58.492976 ], [ 18.110962, 59.168187 ] ] } },
{ "type": "Feature", "properties": { "voltage_kv": 380.0, "from_node": 89, "to_node": 94, "length_km": 200.24585681917472, "delaunay_k": 2, "edge_set": "Delaunay2" }, "geometry": { "type": "LineString", "coordinates": [ [ 16.254272, 63.524685 ], [ 16.876373, 65.299207 ] ] } },
{ "type": "Feature", "properties": { "voltage_kv": 380.0, "from_node": 89, "to_node": 95, "length_km": 33.40566966995425, "delaunay_k": 2, "edge_set": "Delaunay2" }, "geometry": { "type": "LineString", "coordinates": [ [ 16.254272, 63.524685 ], [ 16.923065, 63.549164 ] ] } },
{ "type": "Feature", "properties": { "voltage_kv": 380.0, "from_node": 89, "to_node": 98, "length_km": 116.49256826980229, "delaunay_k": 2, "edge_set": "Delaunay2" }, "geometry": { "type": "LineString", "coordinates": [ [ 16.254272, 63.524685 ], [ 17.024689, 62.540828 ] ] } },
{ "type": "Feature", "properties": { "voltage_kv": 380.0, "from_node": 89, "to_node": 100, "length_km": 193.12576809811162, "delaunay_k": 2, "edge_set": "Delaunay2" }, "geometry": { "type": "LineString", "coordinates": [ [ 16.254272, 63.524685 ], [ 17.049408, 65.221045 ] ] } },
{ "type": "Feature", "properties": { "voltage_kv": 380.0, "from_node": 89, "to_node": 106, "length_km": 133.77192201221959, "delaunay_k": 2, "edge_set": "Delaunay2" }, "geometry": { "type": "LineString", "coordinates": [ [ 16.254272, 63.524685 ], [ 17.468262, 62.460297 ] ] } },
{ "type": "Feature", "properties": { "voltage_kv": 380.0, "from_node": 89, "to_node": 107, "length_km": 175.71464816251168, "delaunay_k": 2, "edge_set": "Delaunay2" }, "geometry": { "type": "LineString", "coordinates": [ [ 16.254272, 63.524685 ], [ 17.541046, 64.996778 ] ] } },
{ "type": "Feature", "properties": { "voltage_kv": 380.0, "from_node": 89, "to_node": 119, "length_km": 100.21814276985981, "delaunay_k": 2, "edge_set": "Delaunay2" }, "geometry": { "type": "LineString", "coordinates": [ [ 16.254272, 63.524685 ], [ 18.242798, 63.401361 ] ] } },
{ "type": "Feature", "properties": { "voltage_kv": 380.0, "from_node": 89, "to_node": 123, "length_km": 170.12776192114015, "delaunay_k": 2, "edge_set": "Delaunay2" }, "geometry": { "type": "LineString", "coordinates": [ [ 16.254272, 63.524685 ], [ 19.029694, 64.440225 ] ] } },
{ "type": "Feature", "properties": { "voltage_kv": 380.0, "from_node": 90, "to_node": 91, "length_km": 172.61494825280275, "delaunay_k": 2, "edge_set": "Delaunay2" }, "geometry": { "type": "LineString", "coordinates": [ [ 16.660767, 57.43682 ], [ 16.660767, 58.984699 ] ] } },
{ "type": "Feature", "properties": { "voltage_kv": 380.0, "from_node": 91, "to_node": 105, "length_km": 90.124488044523332, "delaunay_k": 2, "edge_set": "Delaunay2" }, "geometry": { "type": "LineString", "coordinates": [ [ 16.660767, 58.984699 ], [ 17.329559, 59.716945 ] ] } },
{ "type": "Feature", "properties": { "voltage_kv": 380.0, "from_node": 91, "to_node": 109, "length_km": 71.373287217581989, "delaunay_k": 2, "edge_set": "Delaunay2" }, "geometry": { "type": "LineString", "coordinates": [ [ 16.660767, 58.984699 ], [ 17.683868, 59.349996 ] ] } },
{ "type": "Feature", "properties": { "voltage_kv": 380.0, "from_node": 91, "to_node": 110, "length_km": 68.723082976651426, "delaunay_k": 2, "edge_set": "Delaunay2" }, "geometry": { "type": "LineString", "coordinates": [ [ 16.660767, 58.984699 ], [ 17.766266, 59.221637 ] ] } },
{ "type": "Feature", "properties": { "voltage_kv": 380.0, "from_node": 91, "to_node": 115, "length_km": 85.766973999415242, "delaunay_k": 2, "edge_set": "Delaunay2" }, "geometry": { "type": "LineString", "coordinates": [ [ 16.660767, 58.984699 ], [ 18.110962, 59.168187 ] ] } },
{ "type": "Feature", "properties": { "voltage_kv": 380.0, "from_node": 92, "to_node": 98, "length_km": 107.10741698295847, "delaunay_k": 2, "edge_set": "Delaunay2" }, "geometry": { "type": "LineString", "coordinates": [ [ 16.663513, 63.486702 ], [ 17.024689, 62.540828 ] ] } },
{ "type": "Feature", "properties": { "voltage_kv": 380.0, "from_node": 92, "to_node": 106, "length_km": 121.59286885345914, "delaunay_k": 2, "edge_set": "Delaunay2" }, "geometry": { "type": "LineString", "coordinates": [ [ 16.663513, 63.486702 ], [ 17.468262, 62.460297 ] ] } },
{ "type": "Feature", "properties": { "voltage_kv": 380.0, "from_node": 92, "to_node": 107, "length_km": 173.80717084872643, "delaunay_k": 2, "edge_set": "Delaunay2" }, "geometry": { "type": "LineString", "coordinates": [ [ 16.663513, 63.486702 ], [ 17.541046, 64.996778 ] ] } },
{ "type": "Feature", "properties": { "voltage_kv": 380.0, "from_node": 92, "to_node": 119, "length_km": 79.471125068518518, "delaunay_k": 2, "edge_set": "Delaunay2" }, "geometry": { "type": "LineString", "coordinates": [ [ 16.663513, 63.486702 ], [ 18.242798, 63.401361 ] ] } },
{ "type": "Feature", "properties": { "voltage_kv": 380.0, "from_node": 92, "to_node": 123, "length_km": 157.46702612171981, "delaunay_k": 2, "edge_set": "Delaunay2" }, "geometry": { "type": "LineString", "coordinates": [ [ 16.663513, 63.486702 ], [ 19.029694, 64.440225 ] ] } },
{ "type": "Feature", "properties": { "voltage_kv": 380.0, "from_node": 93, "to_node": 94, "length_km": 184.4838972723168, "delaunay_k": 2, "edge_set": "Delaunay2" }, "geometry": { "type": "LineString", "coordinates": [ [ 16.791229, 63.646259 ], [ 16.876373, 65.299207 ] ] } },
{ "type": "Feature", "properties": { "voltage_kv": 380.0, "from_node": 93, "to_node": 100, "length_km": 176.16106343790091, "delaunay_k": 2, "edge_set": "Delaunay2" }, "geometry": { "type": "LineString", "coordinates": [ [ 16.791229, 63.646259 ], [ 17.049408, 65.221045 ] ] } },
{ "type": "Feature", "properties": { "voltage_kv": 380.0, "from_node": 93, "to_node": 102, "length_km": 54.826038003926023, "delaunay_k": 2, "edge_set": "Delaunay2" }, "geometry": { "type": "LineString", "coordinates": [ [ 16.791229, 63.646259 ], [ 17.167511, 63.184727 ] ] } },
{ "type": "Feature", "properties": { "voltage_kv": 380.0, "from_node": 93, "to_node": 106, "length_km": 136.69812045289643, "delaunay_k": 2, "edge_set": "Delaunay2" }, "geometry": { "type": "LineString", "coordinates": [ [ 16.791229, 63.646259 ], [ 17.468262, 62.460297 ] ] } },
{ "type": "Feature", "properties": { "voltage_kv": 380.0, "from_node": 93, "to_node": 125, "length_km": 210.40590959609591, "delaunay_k": 2, "edge_set": "Delaunay2" }, "geometry": { "type": "LineString", "coordinates": [ [ 16.791229, 63.646259 ], [ 19.736938, 65.032742 ] ] } },
{ "type": "Feature", "properties": { "voltage_kv": 380.0, "from_node": 93, "to_node": 129, "length_km": 163.25759375604065, "delaunay_k": 2, "edge_set": "Delaunay2" }, "geometry": { "type": "LineString", "coordinates": [ [ 16.791229, 63.646259 ], [ 20.047302, 63.896314 ] ] } },
{ "type": "Feature", "properties": { "voltage_kv": 380.0, "from_node": 94, "to_node": 107, "length_km": 45.970566439184395, "delaunay_k": 2, "edge_set": "Delaunay2" }, "geometry": { "type": "LineString", "coordinates": [ [ 16.876373, 65.299207 ], [ 17.541046, 64.996778 ] ] } },
{ "type": "Feature", "properties": { "voltage_kv": 380.0, "from_node": 94, "to_node": 112, "length_km": 262.70888228761135, "delaunay_k": 2, "edge_set": "Delaunay2" }, "geometry": { "type": "LineString", "coordinates": [ [ 16.876373, 65.299207 ], [ 17.992859, 67.610267 ] ] } },
{ "type": "Feature", "properties": { "voltage_kv": 380.0, "from_node": 94, "to_node": 120, "length_km": 253.74745019415755, "delaunay_k": 2, "edge_set": "Delaunay2" }, "geometry": { "type": "LineString", "coordinates": [ [ 16.876373, 65.299207 ], [ 18.366394, 67.492803 ] ] } },
{ "type": "Feature", "properties": { "voltage_kv": 380.0, "from_node": 94, "to_node": 125, "length_km": 137.53339664870714, "delaunay_k": 2, "edge_set": "Delaunay2" }, "geometry": { "type": "LineString", "coordinates": [ [ 16.876373, 65.299207 ], [ 19.736938, 65.032742 ] ] } },
{ "type": "Feature", "properties": { "voltage_kv": 380.0, "from_node": 94, "to_node": 126, "length_km": 219.20312183248214, "delaunay_k": 2, "edge_set": "Delaunay2" }, "geometry": { "type": "LineString", "coordinates": [ [ 16.876373, 65.299207 ], [ 19.864655, 66.843267 ] ] } },
{ "type": "Feature", "properties": { "voltage_kv": 380.0, "from_node": 94, "to_node": 127, "length_km": 230.7915619189603, "delaunay_k": 2, "edge_set": "Delaunay2" }, "geometry": { "type": "LineString", "coordinates": [ [ 16.876373, 65.299207 ], [ 19.866028, 66.975221 ] ] } },
{ "type": "Feature", "properties": { "voltage_kv": 380.0, "from_node": 94, "to_node": 128, "length_km": 214.74903104447367, "delaunay_k": 2, "edge_set": "Delaunay2" }, "geometry": { "type": "LineString", "coordinates": [ [ 16.876373, 65.299207 ], [ 20.037689, 66.729595 ] ] } },
{ "type": "Feature", "properties": { "voltage_kv": 380.0, "from_node": 94, "to_node": 131, "length_km": 223.26124224057304, "delaunay_k": 2, "edge_set": "Delaunay2" }, "geometry": { "type": "LineString", "coordinates": [ [ 16.876373, 65.299207 ], [ 20.452423, 66.669299 ] ] } },
{ "type": "Feature", "properties": { "voltage_kv": 380.0, "from_node": 94, "to_node": 135, "length_km": 228.77772066812372, "delaunay_k": 2, "edge_set": "Delaunay2" }, "geometry": { "type": "LineString", "coordinates": [ [ 16.876373, 65.299207 ], [ 21.656799, 65.826407 ] ] } },
{ "type": "Feature", "properties": { "voltage_kv": 380.0, "from_node": 94, "to_node": 145, "length_km": 294.74243327051448, "delaunay_k": 2, "edge_set": "Delaunay2" }, "geometry": { "type": "LineString", "coordinates": [ [ 16.876373, 65.299207 ], [ 23.072662, 65.938074 ] ] } },
{ "type": "Feature", "properties": { "voltage_kv": 380.0, "from_node": 95, "to_node": 98, "length_km": 112.62280356020359, "delaunay_k": 2, "edge_set": "Delaunay2" }, "geometry": { "type": "LineString", "coordinates": [ [ 16.923065, 63.549164 ], [ 17.024689, 62.540828 ] ] } },
{ "type": "Feature", "properties": { "voltage_kv": 380.0, "from_node": 95, "to_node": 106, "length_km": 124.6059946422415, "delaunay_k": 2, "edge_set": "Delaunay2" }, "geometry": { "type": "LineString", "coordinates": [ [ 16.923065, 63.549164 ], [ 17.468262, 62.460297 ] ] } },
{ "type": "Feature", "properties": { "voltage_kv": 380.0, "from_node": 95, "to_node": 107, "length_km": 164.30040665392536, "delaunay_k": 2, "edge_set": "Delaunay2" }, "geometry": { "type": "LineString", "coordinates": [ [ 16.923065, 63.549164 ], [ 17.541046, 64.996778 ] ] } },
{ "type": "Feature", "properties": { "voltage_kv": 380.0, "from_node": 95, "to_node": 123, "length_km": 143.34074525417802, "delaunay_k": 2, "edge_set": "Delaunay2" }, "geometry": { "type": "LineString", "coordinates": [ [ 16.923065, 63.549164 ], [ 19.029694, 64.440225 ] ] } },
{ "type": "Feature", "properties": { "voltage_kv": 380.0, "from_node": 95, "to_node": 129, "length_km": 159.39362383232256, "delaunay_k": 2, "edge_set": "Delaunay2" }, "geometry": { "type": "LineString", "coordinates": [ [ 16.923065, 63.549164 ], [ 20.047302, 63.896314 ] ] } },
{ "type": "Feature", "properties": { "voltage_kv": 380.0, "from_node": 96, "to_node": 101, "length_km": 17.334325078678138, "delaunay_k": 2, "edge_set": "Delaunay2" }, "geometry": { "type": "LineString", "coordinates": [ [ 16.931305, 60.692679 ], [ 17.059021, 60.550528 ] ] } },
{ "type": "Feature", "properties": { "voltage_kv": 380.0, "from_node": 96, "to_node": 102, "length_km": 278.31132385868631, "delaunay_k": 2, "edge_set": "Delaunay2" }, "geometry": { "type": "LineString", "coordinates": [ [ 16.931305, 60.692679 ], [ 17.167511, 63.184727 ] ] } },
{ "type": "Feature", "properties": { "voltage_kv": 380.0, "from_node": 96, "to_node": 105, "length_km": 111.07466025383265, "delaunay_k": 2, "edge_set": "Delaunay2" }, "geometry": { "type": "LineString", "coordinates": [ [ 16.931305, 60.692679 ], [ 17.329559, 59.716945 ] ] } },
{ "type": "Feature", "properties": { "voltage_kv": 380.0, "from_node": 96, "to_node": 116, "length_km": 71.732148852360638, "delaunay_k": 2, "edge_set": "Delaunay2" }, "geometry": { "type": "LineString", "coordinates": [ [ 16.931305, 60.692679 ], [ 18.123322, 60.430121 ] ] } },
{ "type": "Feature", "properties": { "voltage_kv": 380.0, "from_node": 97, "to_node": 98, "length_km": 219.87888481095516, "delaunay_k": 2, "edge_set": "Delaunay2" }, "geometry": { "type": "LineString", "coordinates": [ [ 16.972504, 60.570102 ], [ 17.024689, 62.540828 ] ] } },
{ "type": "Feature", "properties": { "voltage_kv": 380.0, "from_node": 97, "to_node": 103, "length_km": 150.9784998369359, "delaunay_k": 2, "edge_set": "Delaunay2" }, "geometry": { "type": "LineString", "coordinates": [ [ 16.972504, 60.570102 ], [ 17.218323, 59.22234 ] ] } },
{ "type": "Feature", "properties": { "voltage_kv": 380.0, "from_node": 97, "to_node": 106, "length_km": 212.54138376078015, "delaunay_k": 2, "edge_set": "Delaunay2" }, "geometry": { "type": "LineString", "coordinates": [ [ 16.972504, 60.570102 ], [ 17.468262, 62.460297 ] ] } },
{ "type": "Feature", "properties": { "voltage_kv": 380.0, "from_node": 97, "to_node": 109, "length_km": 141.81989616748845, "delaunay_k": 2, "edge_set": "Delaunay2" }, "geometry": { "type": "LineString", "coordinates": [ [ 16.972504, 60.570102 ], [ 17.683868, 59.349996 ] ] } },
{ "type": "Feature", "properties": { "voltage_kv": 380.0, "from_node": 97, "to_node": 113, "length_km": 57.728455663153781, "delaunay_k": 2, "edge_set": "Delaunay2" }, "geometry": { "type": "LineString", "coordinates": [ [ 16.972504, 60.570102 ], [ 18.020325, 60.532293 ] ] } },
{ "type": "Feature", "properties": { "voltage_kv": 380.0, "from_node": 97, "to_node": 116, "length_km": 65.232238408101225, "delaunay_k": 2, "edge_set": "Delaunay2" }, "geometry": { "type": "LineString", "coordinates": [ [ 16.972504, 60.570102 ], [ 18.123322, 60.430121 ] ] } },
{ "type": "Feature", "properties": { "voltage_kv": 380.0, "from_node": 97, "to_node": 117, "length_km": 138.50967299317904, "delaunay_k": 2, "edge_set": "Delaunay2" }, "geometry": { "type": "LineString", "coordinates": [ [ 16.972504, 60.570102 ], [ 18.135681, 59.473686 ] ] } },
{ "type": "Feature", "properties": { "voltage_kv": 380.0, "from_node": 97, "to_node": 118, "length_km": 97.466886775392723, "delaunay_k": 2, "edge_set": "Delaunay2" }, "geometry": { "type": "LineString", "coordinates": [ [ 16.972504, 60.570102 ], [ 18.233185, 59.961198 ] ] } },
{ "type": "Feature", "properties": { "voltage_kv": 380.0, "from_node": 98, "to_node": 99, "length_km": 213.77519214054112, "delaunay_k": 2, "edge_set": "Delaunay2" }, "geometry": { "type": "LineString", "coordinates": [ [ 17.024689, 62.540828 ], [ 17.045288, 60.624713 ] ] } },
{ "type": "Feature", "properties": { "voltage_kv": 380.0, "from_node": 98, "to_node": 119, "length_km": 114.23351514694463, "delaunay_k": 2, "edge_set": "Delaunay2" }, "geometry": { "type": "LineString", "coordinates": [ [ 17.024689, 62.540828 ], [ 18.242798, 63.401361 ] ] } },
{ "type": "Feature", "properties": { "voltage_kv": 380.0, "from_node": 99, "to_node": 105, "length_km": 102.49675665424357, "delaunay_k": 2, "edge_set": "Delaunay2" }, "geometry": { "type": "LineString", "coordinates": [ [ 17.045288, 60.624713 ], [ 17.329559, 59.716945 ] ] } },
{ "type": "Feature", "properties": { "voltage_kv": 380.0, "from_node": 99, "to_node": 116, "length_km": 63.131451811833159, "delaunay_k": 2, "edge_set": "Delaunay2" }, "geometry": { "type": "LineString", "coordinates": [ [ 17.045288, 60.624713 ], [ 18.123322, 60.430121 ] ] } },
{ "type": "Feature", "properties": { "voltage_kv": 380.0, "from_node": 100, "to_node": 121, "length_km": 208.11348154336886, "delaunay_k": 2, "edge_set": "Delaunay2" }, "geometry": { "type": "LineString", "coordinates": [ [ 17.049408, 65.221045 ], [ 18.639679, 66.970387 ] ] } },
{ "type": "Feature", "properties": { "voltage_kv": 380.0, "from_node": 100, "to_node": 123, "length_km": 128.27931054936334, "delaunay_k": 2, "edge_set": "Delaunay2" }, "geometry": { "type": "LineString", "coordinates": [ [ 17.049408, 65.221045 ], [ 19.029694, 64.440225 ] ] } },
{ "type": "Feature", "properties": { "voltage_kv": 380.0, "from_node": 100, "to_node": 128, "length_km": 216.4350288851781, "delaunay_k": 2, "edge_set": "Delaunay2" }, "geometry": { "type": "LineString", "coordinates": [ [ 17.049408, 65.221045 ], [ 20.037689, 66.729595 ] ] } },
{ "type": "Feature", "properties": { "voltage_kv": 380.0, "from_node": 100, "to_node": 129, "length_km": 206.37302923582916, "delaunay_k": 2, "edge_set": "Delaunay2" }, "geometry": { "type": "LineString", "coordinates": [ [ 17.049408, 65.221045 ], [ 20.047302, 63.896314 ] ] } },
{ "type": "Feature", "properties": { "voltage_kv": 380.0, "from_node": 100, "to_node": 131, "length_km": 223.9867822593819, "delaunay_k": 2, "edge_set": "Delaunay2" }, "geometry": { "type": "LineString", "coordinates": [ [ 17.049408, 65.221045 ], [ 20.452423, 66.669299 ] ] } },
{ "type": "Feature", "properties": { "voltage_kv": 380.0, "from_node": 100, "to_node": 132, "length_km": 192.93451276226318, "delaunay_k": 2, "edge_set": "Delaunay2" }, "geometry": { "type": "LineString", "coordinates": [ [ 17.049408, 65.221045 ], [ 21.169281, 65.270498 ] ] } },
{ "type": "Feature", "properties": { "voltage_kv": 380.0, "from_node": 100, "to_node": 135, "length_km": 223.85113577030464, "delaunay_k": 2, "edge_set": "Delaunay2" }, "geometry": { "type": "LineString", "coordinates": [ [ 17.049408, 65.221045 ], [ 21.656799, 65.826407 ] ] } },
{ "type": "Feature", "properties": { "voltage_kv": 380.0, "from_node": 100, "to_node": 145, "length_km": 289.70925717989553, "delaunay_k": 2, "edge_set": "Delaunay2" }, "geometry": { "type": "LineString", "coordinates": [ [ 17.049408, 65.221045 ], [ 23.072662, 65.938074 ] ] } },
{ "type": "Feature", "properties": { "voltage_kv": 380.0, "from_node": 101, "to_node": 103, "length_km": 148.43674284614025, "delaunay_k": 2, "edge_set": "Delaunay2" }, "geometry": { "type": "LineString", "coordinates": [ [ 17.059021, 60.550528 ], [ 17.218323, 59.22234 ] ] } },
{ "type": "Feature", "properties": { "voltage_kv": 380.0, "from_node": 101, "to_node": 109, "length_km": 138.43002263633568, "delaunay_k": 2, "edge_set": "Delaunay2" }, "geometry": { "type": "LineString", "coordinates": [ [ 17.059021, 60.550528 ], [ 17.683868, 59.349996 ] ] } },
{ "type": "Feature", "properties": { "voltage_kv": 380.0, "from_node": 101, "to_node": 117, "length_km": 134.36520447646654, "delaunay_k": 2, "edge_set": "Delaunay2" }, "geometry": { "type": "LineString", "coordinates": [ [ 17.059021, 60.550528 ], [ 18.135681, 59.473686 ] ] } },
{ "type": "Feature", "properties": { "voltage_kv": 380.0, "from_node": 101, "to_node": 118, "length_km": 92.538654398019759, "delaunay_k": 2, "edge_set": "Delaunay2" }, "geometry": { "type": "LineString", "coordinates": [ [ 17.059021, 60.550528 ], [ 18.233185, 59.961198 ] ] } },
{ "type": "Feature", "properties": { "voltage_kv": 380.0, "from_node": 102, "to_node": 123, "length_km": 167.55207046646998, "delaunay_k": 2, "edge_set": "Delaunay2" }, "geometry": { "type": "LineString", "coordinates": [ [ 17.167511, 63.184727 ], [ 19.029694, 64.440225 ] ] } },
{ "type": "Feature", "properties": { "voltage_kv": 380.0, "from_node": 102, "to_node": 129, "length_km": 163.96549751556458, "delaunay_k": 2, "edge_set": "Delaunay2" }, "geometry": { "type": "LineString", "coordinates": [ [ 17.167511, 63.184727 ], [ 20.047302, 63.896314 ] ] } },
{ "type": "Feature", "properties": { "voltage_kv": 380.0, "from_node": 103, "to_node": 114, "length_km": 51.224251724212294, "delaunay_k": 2, "edge_set": "Delaunay2" }, "geometry": { "type": "LineString", "coordinates": [ [ 17.218323, 59.22234 ], [ 18.095856, 59.317075 ] ] } },
{ "type": "Feature", "properties": { "voltage_kv": 380.0, "from_node": 103, "to_node": 115, "length_km": 51.452385060385097, "delaunay_k": 2, "edge_set": "Delaunay2" }, "geometry": { "type": "LineString", "coordinates": [ [ 17.218323, 59.22234 ], [ 18.110962, 59.168187 ] ] } },
{ "type": "Feature", "properties": { "voltage_kv": 380.0, "from_node": 103, "to_node": 116, "length_km": 144.03635218441218, "delaunay_k": 2, "edge_set": "Delaunay2" }, "geometry": { "type": "LineString", "coordinates": [ [ 17.218323, 59.22234 ], [ 18.123322, 60.430121 ] ] } },
{ "type": "Feature", "properties": { "voltage_kv": 380.0, "from_node": 103, "to_node": 117, "length_km": 59.32377441150917, "delaunay_k": 2, "edge_set": "Delaunay2" }, "geometry": { "type": "LineString", "coordinates": [ [ 17.218323, 59.22234 ], [ 18.135681, 59.473686 ] ] } },
{ "type": "Feature", "properties": { "voltage_kv": 380.0, "from_node": 103, "to_node": 118, "length_km": 100.46682329742457, "delaunay_k": 2, "edge_set": "Delaunay2" }, "geometry": { "type": "LineString", "coordinates": [ [ 17.218323, 59.22234 ], [ 18.233185, 59.961198 ] ] } },
{ "type": "Feature", "properties": { "voltage_kv": 380.0, "from_node": 104, "to_node": 120, "length_km": 87.145662473326766, "delaunay_k": 2, "edge_set": "Delaunay2" }, "geometry": { "type": "LineString", "coordinates": [ [ 17.288361, 68.158786 ], [ 18.366394, 67.492803 ] ] } },
{ "type": "Feature", "properties": { "voltage_kv": 380.0, "from_node": 104, "to_node": 121, "length_km": 144.64256154328768, "delaunay_k": 2, "edge_set": "Delaunay2" }, "geometry": { "type": "LineString", "coordinates": [ [ 17.288361, 68.158786 ], [ 18.639679, 66.970387 ] ] } },
{ "type": "Feature", "properties": { "voltage_kv": 380.0, "from_node": 104, "to_node": 122, "length_km": 117.34313514295926, "delaunay_k": 2, "edge_set": "Delaunay2" }, "geometry": { "type": "LineString", "coordinates": [ [ 17.288361, 68.158786 ], [ 18.864899, 69.038124 ] ] } },
{ "type": "Feature", "properties": { "voltage_kv": 380.0, "from_node": 105, "to_node": 110, "length_km": 60.571215019133483, "delaunay_k": 2, "edge_set": "Delaunay2" }, "geometry": { "type": "LineString", "coordinates": [ [ 17.329559, 59.716945 ], [ 17.766266, 59.221637 ] ] } },
{ "type": "Feature", "properties": { "voltage_kv": 380.0, "from_node": 105, "to_node": 111, "length_km": 77.416477237053158, "delaunay_k": 2, "edge_set": "Delaunay2" }, "geometry": { "type": "LineString", "coordinates": [ [ 17.329559, 59.716945 ], [ 17.932434, 59.094909 ] ] } },
{ "type": "Feature", "properties": { "voltage_kv": 380.0, "from_node": 105, "to_node": 113, "length_km": 98.774374815538536, "delaunay_k": 2, "edge_set": "Delaunay2" }, "geometry": { "type": "LineString", "coordinates": [ [ 17.329559, 59.716945 ], [ 18.020325, 60.532293 ] ] } },
{ "type": "Feature", "properties": { "voltage_kv": 380.0, "from_node": 105, "to_node": 114, "length_km": 62.279956009174114, "delaunay_k": 2, "edge_set": "Delaunay2" }, "geometry": { "type": "LineString", "coordinates": [ [ 17.329559, 59.716945 ], [ 18.095856, 59.317075 ] ] } },
{ "type": "Feature", "properties": { "voltage_kv": 380.0, "from_node": 105, "to_node": 115, "length_km": 75.638439479992329, "delaunay_k": 2, "edge_set": "Delaunay2" }, "geometry": { "type": "LineString", "coordinates": [ [ 17.329559, 59.716945 ], [ 18.110962, 59.168187 ] ] } },
{ "type": "Feature", "properties": { "voltage_kv": 380.0, "from_node": 106, "to_node": 123, "length_km": 234.36966330992163, "delaunay_k": 2, "edge_set": "Delaunay2" }, "geometry": { "type": "LineString", "coordinates": [ [ 17.468262, 62.460297 ], [ 19.029694, 64.440225 ] ] } },
{ "type": "Feature", "properties": { "voltage_kv": 380.0, "from_node": 106, "to_node": 129, "length_km": 206.45802741196243, "delaunay_k": 2, "edge_set": "Delaunay2" }, "geometry": { "type": "LineString", "coordinates": [ [ 17.468262, 62.460297 ], [ 20.047302, 63.896314 ] ] } },
{ "type": "Feature", "properties": { "voltage_kv": 380.0, "from_node": 107, "to_node": 119, "length_km": 181.32155773496845, "delaunay_k": 2, "edge_set": "Delaunay2" }, "geometry": { "type": "LineString", "coordinates": [ [ 17.541046, 64.996778 ], [ 18.242798, 63.401361 ] ] } },
{ "type": "Feature", "properties": { "voltage_kv": 380.0, "from_node": 107, "to_node": 129, "length_km": 172.34150374595515, "delaunay_k": 2, "edge_set": "Delaunay2" }, "geometry": { "type": "LineString", "coordinates": [ [ 17.541046, 64.996778 ], [ 20.047302, 63.896314 ] ] } },
{ "type": "Feature", "properties": { "voltage_kv": 380.0, "from_node": 107, "to_node": 130, "length_km": 214.32494538806799, "delaunay_k": 2, "edge_set": "Delaunay2" }, "geometry": { "type": "LineString", "coordinates": [ [ 17.541046, 64.996778 ], [ 20.429077, 66.505049 ] ] } },
{ "type": "Feature", "properties": { "voltage_kv": 380.0, "from_node": 107, "to_node": 132, "length_km": 173.30155349868087, "delaunay_k": 2, "edge_set": "Delaunay2" }, "geometry": { "type": "LineString", "coordinates": [ [ 17.541046, 64.996778 ], [ 21.169281, 65.270498 ] ] } },
{ "type": "Feature", "properties": { "voltage_kv": 380.0, "from_node": 107, "to_node": 135, "length_km": 212.70903759986177, "delaunay_k": 2, "edge_set": "Delaunay2" }, "geometry": { "type": "LineString", "coordinates": [ [ 17.541046, 64.996778 ], [ 21.656799, 65.826407 ] ] } },
{ "type": "Feature", "properties": { "voltage_kv": 380.0, "from_node": 108, "to_node": 121, "length_km": 178.42144712398118, "delaunay_k": 2, "edge_set": "Delaunay2" }, "geometry": { "type": "LineString", "coordinates": [ [ 17.579498, 68.517173 ], [ 18.639679, 66.970387 ] ] } },
{ "type": "Feature", "properties": { "voltage_kv": 380.0, "from_node": 108, "to_node": 124, "length_km": 100.30544423540502, "delaunay_k": 2, "edge_set": "Delaunay2" }, "geometry": { "type": "LineString", "coordinates": [ [ 17.579498, 68.517173 ], [ 19.24942, 69.183065 ] ] } },
{ "type": "Feature", "properties": { "voltage_kv": 380.0, "from_node": 108, "to_node": 127, "length_km": 197.49885034309224, "delaunay_k": 2, "edge_set": "Delaunay2" }, "geometry": { "type": "LineString", "coordinates": [ [ 17.579498, 68.517173 ], [ 19.866028, 66.975221 ] ] } },
{ "type": "Feature", "properties": { "voltage_kv": 380.0, "from_node": 109, "to_node": 111, "length_km": 31.817950874648343, "delaunay_k": 2, "edge_set": "Delaunay2" }, "geometry": { "type": "LineString", "coordinates": [ [ 17.683868, 59.349996 ], [ 17.932434, 59.094909 ] ] } },
{ "type": "Feature", "properties": { "voltage_kv": 380.0, "from_node": 109, "to_node": 115, "length_km": 31.736785943626629, "delaunay_k": 2, "edge_set": "Delaunay2" }, "geometry": { "type": "LineString", "coordinates": [ [ 17.683868, 59.349996 ], [ 18.110962, 59.168187 ] ] } },
{ "type": "Feature", "properties": { "voltage_kv": 380.0, "from_node": 109, "to_node": 116, "length_km": 123.03107920633394, "delaunay_k": 2, "edge_set": "Delaunay2" }, "geometry": { "type": "LineString", "coordinates": [ [ 17.683868, 59.349996 ], [ 18.123322, 60.430121 ] ] } },
{ "type": "Feature", "properties": { "voltage_kv": 380.0, "from_node": 109, "to_node": 118, "length_km": 74.932365368935976, "delaunay_k": 2, "edge_set": "Delaunay2" }, "geometry": { "type": "LineString", "coordinates": [ [ 17.683868, 59.349996 ], [ 18.233185, 59.961198 ] ] } },
{ "type": "Feature", "properties": { "voltage_kv": 380.0, "from_node": 110, "to_node": 117, "length_km": 35.134929045969201, "delaunay_k": 2, "edge_set": "Delaunay2" }, "geometry": { "type": "LineString", "coordinates": [ [ 17.766266, 59.221637 ], [ 18.135681, 59.473686 ] ] } },
{ "type": "Feature", "properties": { "voltage_kv": 380.0, "from_node": 111, "to_node": 114, "length_km": 26.499191523049817, "delaunay_k": 2, "edge_set": "Delaunay2" }, "geometry": { "type": "LineString", "coordinates": [ [ 17.932434, 59.094909 ], [ 18.095856, 59.317075 ] ] } },
{ "type": "Feature", "properties": { "voltage_kv": 380.0, "from_node": 111, "to_node": 117, "length_km": 43.836181075841239, "delaunay_k": 2, "edge_set": "Delaunay2" }, "geometry": { "type": "LineString", "coordinates": [ [ 17.932434, 59.094909 ], [ 18.135681, 59.473686 ] ] } },
{ "type": "Feature", "properties": { "voltage_kv": 380.0, "from_node": 112, "to_node": 122, "length_km": 163.4401554570093, "delaunay_k": 2, "edge_set": "Delaunay2" }, "geometry": { "type": "LineString", "coordinates": [ [ 17.992859, 67.610267 ], [ 18.864899, 69.038124 ] ] } },
{ "type": "Feature", "properties": { "voltage_kv": 380.0, "from_node": 112, "to_node": 126, "length_km": 117.87528510559162, "delaunay_k": 2, "edge_set": "Delaunay2" }, "geometry": { "type": "LineString", "coordinates": [ [ 17.992859, 67.610267 ], [ 19.864655, 66.843267 ] ] } },
{ "type": "Feature", "properties": { "voltage_kv": 380.0, "from_node": 112, "to_node": 127, "length_km": 107.52417701290327, "delaunay_k": 2, "edge_set": "Delaunay2" }, "geometry": { "type": "LineString", "coordinates": [ [ 17.992859, 67.610267 ], [ 19.866028, 66.975221 ] ] } },
{ "type": "Feature", "properties": { "voltage_kv": 380.0, "from_node": 112, "to_node": 128, "length_km": 132.42481090312657, "delaunay_k": 2, "edge_set": "Delaunay2" }, "geometry": { "type": "LineString", "coordinates": [ [ 17.992859, 67.610267 ], [ 20.037689, 66.729595 ] ] } },
{ "type": "Feature", "properties": { "voltage_kv": 380.0, "from_node": 112, "to_node": 130, "length_km": 162.79375857692867, "delaunay_k": 2, "edge_set": "Delaunay2" }, "geometry": { "type": "LineString", "coordinates": [ [ 17.992859, 67.610267 ], [ 20.429077, 66.505049 ] ] } },
{ "type": "Feature", "properties": { "voltage_kv": 380.0, "from_node": 113, "to_node": 118, "length_km": 64.825500315605481, "delaunay_k": 2, "edge_set": "Delaunay2" }, "geometry": { "type": "LineString", "coordinates": [ [ 18.020325, 60.532293 ], [ 18.233185, 59.961198 ] ] } },
{ "type": "Feature", "properties": { "voltage_kv": 380.0, "from_node": 114, "to_node": 118, "length_km": 72.308547162716607, "delaunay_k": 2, "edge_set": "Delaunay2" }, "geometry": { "type": "LineString", "coordinates": [ [ 18.095856, 59.317075 ], [ 18.233185, 59.961198 ] ] } },
{ "type": "Feature", "properties": { "voltage_kv": 380.0, "from_node": 115, "to_node": 118, "length_km": 88.778710284047136, "delaunay_k": 2, "edge_set": "Delaunay2" }, "geometry": { "type": "LineString", "coordinates": [ [ 18.110962, 59.168187 ], [ 18.233185, 59.961198 ] ] } },
{ "type": "Feature", "properties": { "voltage_kv": 380.0, "from_node": 116, "to_node": 117, "length_km": 106.75008140020569, "delaunay_k": 2, "edge_set": "Delaunay2" }, "geometry": { "type": "LineString", "coordinates": [ [ 18.123322, 60.430121 ], [ 18.135681, 59.473686 ] ] } },
{ "type": "Feature", "properties": { "voltage_kv": 380.0, "from_node": 119, "to_node": 125, "length_km": 196.12043709668202, "delaunay_k": 2, "edge_set": "Delaunay2" }, "geometry": { "type": "LineString", "coordinates": [ [ 18.242798, 63.401361 ], [ 19.736938, 65.032742 ] ] } },
{ "type": "Feature", "properties": { "voltage_kv": 380.0, "from_node": 119, "to_node": 132, "length_km": 252.31339296621266, "delaunay_k": 2, "edge_set": "Delaunay2" }, "geometry": { "type": "LineString", "coordinates": [ [ 18.242798, 63.401361 ], [ 21.169281, 65.270498 ] ] } },
{ "type": "Feature", "properties": { "voltage_kv": 380.0, "from_node": 120, "to_node": 124, "length_km": 192.23077145321125, "delaunay_k": 2, "edge_set": "Delaunay2" }, "geometry": { "type": "LineString", "coordinates": [ [ 18.366394, 67.492803 ], [ 19.24942, 69.183065 ] ] } },
{ "type": "Feature", "properties": { "voltage_kv": 380.0, "from_node": 120, "to_node": 126, "length_km": 97.393088919428237, "delaunay_k": 2, "edge_set": "Delaunay2" }, "geometry": { "type": "LineString", "coordinates": [ [ 18.366394, 67.492803 ], [ 19.864655, 66.843267 ] ] } },
{ "type": "Feature", "properties": { "voltage_kv": 380.0, "from_node": 120, "to_node": 128, "length_km": 112.00638793770602, "delaunay_k": 2, "edge_set": "Delaunay2" }, "geometry": { "type": "LineString", "coordinates": [ [ 18.366394, 67.492803 ], [ 20.037689, 66.729595 ] ] } },
{ "type": "Feature", "properties": { "voltage_kv": 380.0, "from_node": 120, "to_node": 130, "length_km": 142.43780758569002, "delaunay_k": 2, "edge_set": "Delaunay2" }, "geometry": { "type": "LineString", "coordinates": [ [ 18.366394, 67.492803 ], [ 20.429077, 66.505049 ] ] } },
{ "type": "Feature", "properties": { "voltage_kv": 380.0, "from_node": 120, "to_node": 131, "length_km": 129.25525006981621, "delaunay_k": 2, "edge_set": "Delaunay2" }, "geometry": { "type": "LineString", "coordinates": [ [ 18.366394, 67.492803 ], [ 20.452423, 66.669299 ] ] } },
{ "type": "Feature", "properties": { "voltage_kv": 380.0, "from_node": 120, "to_node": 163, "length_km": 337.62950026798666, "delaunay_k": 2, "edge_set": "Delaunay2" }, "geometry": { "type": "LineString", "coordinates": [ [ 18.366394, 67.492803 ], [ 25.415497, 66.285642 ] ] } },
{ "type": "Feature", "properties": { "voltage_kv": 380.0, "from_node": 121, "to_node": 122, "length_km": 231.09190887307173, "delaunay_k": 2, "edge_set": "Delaunay2" }, "geometry": { "type": "LineString", "coordinates": [ [ 18.639679, 66.970387 ], [ 18.864899, 69.038124 ] ] } },
{ "type": "Feature", "properties": { "voltage_kv": 380.0, "from_node": 121, "to_node": 124, "length_km": 248.40340380983559, "delaunay_k": 2, "edge_set": "Delaunay2" }, "geometry": { "type": "LineString", "coordinates": [ [ 18.639679, 66.970387 ], [ 19.24942, 69.183065 ] ] } },
{ "type": "Feature", "properties": { "voltage_kv": 380.0, "from_node": 121, "to_node": 125, "length_km": 222.07233144041473, "delaunay_k": 2, "edge_set": "Delaunay2" }, "geometry": { "type": "LineString", "coordinates": [ [ 18.639679, 66.970387 ], [ 19.736938, 65.032742 ] ] } },
{ "type": "Feature", "properties": { "voltage_kv": 380.0, "from_node": 121, "to_node": 131, "length_km": 86.579250035657751, "delaunay_k": 2, "edge_set": "Delaunay2" }, "geometry": { "type": "LineString", "coordinates": [ [ 18.639679, 66.970387 ], [ 20.452423, 66.669299 ] ] } },
{ "type": "Feature", "properties": { "voltage_kv": 380.0, "from_node": 121, "to_node": 135, "length_km": 185.95448155204869, "delaunay_k": 2, "edge_set": "Delaunay2" }, "geometry": { "type": "LineString", "coordinates": [ [ 18.639679, 66.970387 ], [ 21.656799, 65.826407 ] ] } },
{ "type": "Feature", "properties": { "voltage_kv": 380.0, "from_node": 121, "to_node": 145, "length_km": 229.21256775722205, "delaunay_k": 2, "edge_set": "Delaunay2" }, "geometry": { "type": "LineString", "coordinates": [ [ 18.639679, 66.970387 ], [ 23.072662, 65.938074 ] ] } },
{ "type": "Feature", "properties": { "voltage_kv": 380.0, "from_node": 121, "to_node": 163, "length_km": 310.34529947819578, "delaunay_k": 2, "edge_set": "Delaunay2" }, "geometry": { "type": "LineString", "coordinates": [ [ 18.639679, 66.970387 ], [ 25.415497, 66.285642 ] ] } },
{ "type": "Feature", "properties": { "voltage_kv": 380.0, "from_node": 122, "to_node": 126, "length_km": 248.70751987441454, "delaunay_k": 2, "edge_set": "Delaunay2" }, "geometry": { "type": "LineString", "coordinates": [ [ 18.864899, 69.038124 ], [ 19.864655, 66.843267 ] ] } },
{ "type": "Feature", "properties": { "voltage_kv": 380.0, "from_node": 122, "to_node": 131, "length_km": 272.91571382259855, "delaunay_k": 2, "edge_set": "Delaunay2" }, "geometry": { "type": "LineString", "coordinates": [ [ 18.864899, 69.038124 ], [ 20.452423, 66.669299 ] ] } },
{ "type": "Feature", "properties": { "voltage_kv": 380.0, "from_node": 122, "to_node": 163, "length_km": 414.84048088570512, "delaunay_k": 2, "edge_set": "Delaunay2" }, "geometry": { "type": "LineString", "coordinates": [ [ 18.864899, 69.038124 ], [ 25.415497, 66.285642 ] ] } },
{ "type": "Feature", "properties": { "voltage_kv": 380.0, "from_node": 122, "to_node": 171, "length_km": 460.16201105013602, "delaunay_k": 2, "edge_set": "Delaunay2" }, "geometry": { "type": "LineString", "coordinates": [ [ 18.864899, 69.038124 ], [ 27.030487, 66.33089 ] ] } },
{ "type": "Feature", "properties": { "voltage_kv": 380.0, "from_node": 123, "to_node": 130, "length_km": 239.61313258067597, "delaunay_k": 2, "edge_set": "Delaunay2" }, "geometry": { "type": "LineString", "coordinates": [ [ 19.029694, 64.440225 ], [ 20.429077, 66.505049 ] ] } },
{ "type": "Feature", "properties": { "voltage_kv": 380.0, "from_node": 123, "to_node": 132, "length_km": 137.6366838882393, "delaunay_k": 2, "edge_set": "Delaunay2" }, "geometry": { "type": "LineString", "coordinates": [ [ 19.029694, 64.440225 ], [ 21.169281, 65.270498 ] ] } },
{ "type": "Feature", "properties": { "voltage_kv": 380.0, "from_node": 123, "to_node": 135, "length_km": 198.11958359772584, "delaunay_k": 2, "edge_set": "Delaunay2" }, "geometry": { "type": "LineString", "coordinates": [ [ 19.029694, 64.440225 ], [ 21.656799, 65.826407 ] ] } },
{ "type": "Feature", "properties": { "voltage_kv": 380.0, "from_node": 124, "to_node": 126, "length_km": 262.61521901729583, "delaunay_k": 2, "edge_set": "Delaunay2" }, "geometry": { "type": "LineString", "coordinates": [ [ 19.24942, 69.183065 ], [ 19.864655, 66.843267 ] ] } },
{ "type": "Feature", "properties": { "voltage_kv": 380.0, "from_node": 124, "to_node": 131, "length_km": 285.31725871732721, "delaunay_k": 2, "edge_set": "Delaunay2" }, "geometry": { "type": "LineString", "coordinates": [ [ 19.24942, 69.183065 ], [ 20.452423, 66.669299 ] ] } },
{ "type": "Feature", "properties": { "voltage_kv": 380.0, "from_node": 124, "to_node": 145, "length_km": 397.60897824051654, "delaunay_k": 2, "edge_set": "Delaunay2" }, "geometry": { "type": "LineString", "coordinates": [ [ 19.24942, 69.183065 ], [ 23.072662, 65.938074 ] ] } },
{ "type": "Feature", "properties": { "voltage_kv": 380.0, "from_node": 124, "to_node": 155, "length_km": 434.70806779453017, "delaunay_k": 2, "edge_set": "Delaunay2" }, "geometry": { "type": "LineString", "coordinates": [ [ 19.24942, 69.183065 ], [ 24.612122, 65.877531 ] ] } },
{ "type": "Feature", "properties": { "voltage_kv": 380.0, "from_node": 125, "to_node": 128, "length_km": 190.05951476013232, "delaunay_k": 2, "edge_set": "Delaunay2" }, "geometry": { "type": "LineString", "coordinates": [ [ 19.736938, 65.032742 ], [ 20.037689, 66.729595 ] ] } },
{ "type": "Feature", "properties": { "voltage_kv": 380.0, "from_node": 125, "to_node": 131, "length_km": 185.7476065881946, "delaunay_k": 2, "edge_set": "Delaunay2" }, "geometry": { "type": "LineString", "coordinates": [ [ 19.736938, 65.032742 ], [ 20.452423, 66.669299 ] ] } },
{ "type": "Feature", "properties": { "voltage_kv": 380.0, "from_node": 125, "to_node": 145, "length_km": 185.01271605509277, "delaunay_k": 2, "edge_set": "Delaunay2" }, "geometry": { "type": "LineString", "coordinates": [ [ 19.736938, 65.032742 ], [ 23.072662, 65.938074 ] ] } },
{ "type": "Feature", "properties": { "voltage_kv": 380.0, "from_node": 126, "to_node": 130, "length_km": 45.306126444148077, "delaunay_k": 2, "edge_set": "Delaunay2" }, "geometry": { "type": "LineString", "coordinates": [ [ 19.864655, 66.843267 ], [ 20.429077, 66.505049 ] ] } },
{ "type": "Feature", "properties": { "voltage_kv": 380.0, "from_node": 126, "to_node": 145, "length_km": 175.80077021197107, "delaunay_k": 2, "edge_set": "Delaunay2" }, "geometry": { "type": "LineString", "coordinates": [ [ 19.864655, 66.843267 ], [ 23.072662, 65.938074 ] ] } },
{ "type": "Feature", "properties": { "voltage_kv": 380.0, "from_node": 126, "to_node": 163, "length_km": 254.88249107488667, "delaunay_k": 2, "edge_set": "Delaunay2" }, "geometry": { "type": "LineString", "coordinates": [ [ 19.864655, 66.843267 ], [ 25.415497, 66.285642 ] ] } },
{ "type": "Feature", "properties": { "voltage_kv": 380.0, "from_node": 127, "to_node": 128, "length_km": 28.459061187872045, "delaunay_k": 2, "edge_set": "Delaunay2" }, "geometry": { "type": "LineString", "coordinates": [ [ 19.866028, 66.975221 ], [ 20.037689, 66.729595 ] ] } },
{ "type": "Feature", "properties": { "voltage_kv": 380.0, "from_node": 127, "to_node": 130, "length_km": 58.118565421941369, "delaunay_k": 2, "edge_set": "Delaunay2" }, "geometry": { "type": "LineString", "coordinates": [ [ 19.866028, 66.975221 ], [ 20.429077, 66.505049 ] ] } },
{ "type": "Feature", "properties": { "voltage_kv": 380.0, "from_node": 127, "to_node": 145, "length_km": 184.33754274405871, "delaunay_k": 2, "edge_set": "Delaunay2" }, "geometry": { "type": "LineString", "coordinates": [ [ 19.866028, 66.975221 ], [ 23.072662, 65.938074 ] ] } },
{ "type": "Feature", "properties": { "voltage_kv": 380.0, "from_node": 127, "to_node": 155, "length_km": 245.34370021593998, "delaunay_k": 2, "edge_set": "Delaunay2" }, "geometry": { "type": "LineString", "coordinates": [ [ 19.866028, 66.975221 ], [ 24.612122, 65.877531 ] ] } },
{ "type": "Feature", "properties": { "voltage_kv": 380.0, "from_node": 127, "to_node": 171, "length_km": 325.98313373487576, "delaunay_k": 2, "edge_set": "Delaunay2" }, "geometry": { "type": "LineString", "coordinates": [ [ 19.866028, 66.975221 ], [ 27.030487, 66.33089 ] ] } },
{ "type": "Feature", "properties": { "voltage_kv": 380.0, "from_node": 128, "to_node": 135, "length_km": 124.49304502135128, "delaunay_k": 2, "edge_set": "Delaunay2" }, "geometry": { "type": "LineString", "coordinates": [ [ 20.037689, 66.729595 ], [ 21.656799, 65.826407 ] ] } },
{ "type": "Feature", "properties": { "voltage_kv": 380.0, "from_node": 128, "to_node": 145, "length_km": 162.52558178986453, "delaunay_k": 2, "edge_set": "Delaunay2" }, "geometry": { "type": "LineString", "coordinates": [ [ 20.037689, 66.729595 ], [ 23.072662, 65.938074 ] ] } },
{ "type": "Feature", "properties": { "voltage_kv": 380.0, "from_node": 128, "to_node": 163, "length_km": 245.08332389899087, "delaunay_k": 2, "edge_set": "Delaunay2" }, "geometry": { "type": "LineString", "coordinates": [ [ 20.037689, 66.729595 ], [ 25.415497, 66.285642 ] ] } },
{ "type": "Feature", "properties": { "voltage_kv": 380.0, "from_node": 129, "to_node": 130, "length_km": 292.03053887645251, "delaunay_k": 2, "edge_set": "Delaunay2" }, "geometry": { "type": "LineString", "coordinates": [ [ 20.047302, 63.896314 ], [ 20.429077, 66.505049 ] ] } },
{ "type": "Feature", "properties": { "voltage_kv": 380.0, "from_node": 129, "to_node": 135, "length_km": 228.87018217946223, "delaunay_k": 2, "edge_set": "Delaunay2" }, "geometry": { "type": "LineString", "coordinates": [ [ 20.047302, 63.896314 ], [ 21.656799, 65.826407 ] ] } },
{ "type": "Feature", "properties": { "voltage_kv": 380.0, "from_node": 130, "to_node": 132, "length_km": 142.06042900002799, "delaunay_k": 2, "edge_set": "Delaunay2" }, "geometry": { "type": "LineString", "coordinates": [ [ 20.429077, 66.505049 ], [ 21.169281, 65.270498 ] ] } },
{ "type": "Feature", "properties": { "voltage_kv": 380.0, "from_node": 130, "to_node": 153, "length_km": 197.62939272935844, "delaunay_k": 2, "edge_set": "Delaunay2" }, "geometry": { "type": "LineString", "coordinates": [ [ 20.429077, 66.505049 ], [ 24.411621, 65.781941 ] ] } },
{ "type": "Feature", "properties": { "voltage_kv": 380.0, "from_node": 130, "to_node": 155, "length_km": 201.66203076152644, "delaunay_k": 2, "edge_set": "Delaunay2" }, "geometry": { "type": "LineString", "coordinates": [ [ 20.429077, 66.505049 ], [ 24.612122, 65.877531 ] ] } },
{ "type": "Feature", "properties": { "voltage_kv": 380.0, "from_node": 130, "to_node": 163, "length_km": 224.92060720383145, "delaunay_k": 2, "edge_set": "Delaunay2" }, "geometry": { "type": "LineString", "coordinates": [ [ 20.429077, 66.505049 ], [ 25.415497, 66.285642 ] ] } },
{ "type": "Feature", "properties": { "voltage_kv": 380.0, "from_node": 131, "to_node": 132, "length_km": 159.70511697913474, "delaunay_k": 2, "edge_set": "Delaunay2" }, "geometry": { "type": "LineString", "coordinates": [ [ 20.452423, 66.669299 ], [ 21.169281, 65.270498 ] ] } },
{ "type": "Feature", "properties": { "voltage_kv": 380.0, "from_node": 131, "to_node": 135, "length_km": 108.72648232591683, "delaunay_k": 2, "edge_set": "Delaunay2" }, "geometry": { "type": "LineString", "coordinates": [ [ 20.452423, 66.669299 ], [ 21.656799, 65.826407 ] ] } },
{ "type": "Feature", "properties": { "voltage_kv": 380.0, "from_node": 131, "to_node": 153, "length_km": 204.38946100401105, "delaunay_k": 2, "edge_set": "Delaunay2" }, "geometry": { "type": "LineString", "coordinates": [ [ 20.452423, 66.669299 ], [ 24.411621, 65.781941 ] ] } },
{ "type": "Feature", "properties": { "voltage_kv": 380.0, "from_node": 131, "to_node": 155, "length_km": 207.25278024199355, "delaunay_k": 2, "edge_set": "Delaunay2" }, "geometry": { "type": "LineString", "coordinates": [ [ 20.452423, 66.669299 ], [ 24.612122, 65.877531 ] ] } },
{ "type": "Feature", "properties": { "voltage_kv": 380.0, "from_node": 131, "to_node": 171, "length_km": 296.21962058705259, "delaunay_k": 2, "edge_set": "Delaunay2" }, "geometry": { "type": "LineString", "coordinates": [ [ 20.452423, 66.669299 ], [ 27.030487, 66.33089 ] ] } },
{ "type": "Feature", "properties": { "voltage_kv": 380.0, "from_node": 133, "to_node": 134, "length_km": 118.39131492238012, "delaunay_k": 2, "edge_set": "Delaunay2" }, "geometry": { "type": "LineString", "coordinates": [ [ 21.538696, 61.125998 ], [ 21.604614, 62.184091 ] ] } },
{ "type": "Feature", "properties": { "voltage_kv": 380.0, "from_node": 133, "to_node": 140, "length_km": 84.346730939067385, "delaunay_k": 2, "edge_set": "Delaunay2" }, "geometry": { "type": "LineString", "coordinates": [ [ 21.538696, 61.125998 ], [ 22.457428, 60.52013 ] ] } },
{ "type": "Feature", "properties": { "voltage_kv": 380.0, "from_node": 133, "to_node": 142, "length_km": 69.683229861132432, "delaunay_k": 2, "edge_set": "Delaunay2" }, "geometry": { "type": "LineString", "coordinates": [ [ 21.538696, 61.125998 ], [ 22.822723, 61.179005 ] ] } },
{ "type": "Feature", "properties": { "voltage_kv": 380.0, "from_node": 133, "to_node": 149, "length_km": 143.71382159752241, "delaunay_k": 2, "edge_set": "Delaunay2" }, "geometry": { "type": "LineString", "coordinates": [ [ 21.538696, 61.125998 ], [ 24.083405, 61.516146 ] ] } },
{ "type": "Feature", "properties": { "voltage_kv": 380.0, "from_node": 134, "to_node": 137, "length_km": 142.27618537986629, "delaunay_k": 2, "edge_set": "Delaunay2" }, "geometry": { "type": "LineString", "coordinates": [ [ 21.604614, 62.184091 ], [ 21.895752, 60.919755 ] ] } },
{ "type": "Feature", "properties": { "voltage_kv": 380.0, "from_node": 134, "to_node": 142, "length_km": 129.76911002790592, "delaunay_k": 2, "edge_set": "Delaunay2" }, "geometry": { "type": "LineString", "coordinates": [ [ 21.604614, 62.184091 ], [ 22.822723, 61.179005 ] ] } },
{ "type": "Feature", "properties": { "voltage_kv": 380.0, "from_node": 134, "to_node": 144, "length_km": 194.82130237357165, "delaunay_k": 2, "edge_set": "Delaunay2" }, "geometry": { "type": "LineString", "coordinates": [ [ 21.604614, 62.184091 ], [ 23.047943, 63.797043 ] ] } },
{ "type": "Feature", "properties": { "voltage_kv": 380.0, "from_node": 134, "to_node": 147, "length_km": 184.69519115298539, "delaunay_k": 2, "edge_set": "Delaunay2" }, "geometry": { "type": "LineString", "coordinates": [ [ 21.604614, 62.184091 ], [ 23.579407, 60.830188 ] ] } },
{ "type": "Feature", "properties": { "voltage_kv": 380.0, "from_node": 134, "to_node": 151, "length_km": 164.34893907239189, "delaunay_k": 2, "edge_set": "Delaunay2" }, "geometry": { "type": "LineString", "coordinates": [ [ 21.604614, 62.184091 ], [ 24.285278, 62.976446 ] ] } },
{ "type": "Feature", "properties": { "voltage_kv": 380.0, "from_node": 134, "to_node": 152, "length_km": 176.10280003010257, "delaunay_k": 2, "edge_set": "Delaunay2" }, "geometry": { "type": "LineString", "coordinates": [ [ 21.604614, 62.184091 ], [ 24.403381, 61.338151 ] ] } },
{ "type": "Feature", "properties": { "voltage_kv": 380.0, "from_node": 134, "to_node": 161, "length_km": 190.57986349059411, "delaunay_k": 2, "edge_set": "Delaunay2" }, "geometry": { "type": "LineString", "coordinates": [ [ 21.604614, 62.184091 ], [ 25.158691, 61.855501 ] ] } },
{ "type": "Feature", "properties": { "voltage_kv": 380.0, "from_node": 135, "to_node": 153, "length_km": 126.57079006929828, "delaunay_k": 2, "edge_set": "Delaunay2" }, "geometry": { "type": "LineString", "coordinates": [ [ 21.656799, 65.826407 ], [ 24.411621, 65.781941 ] ] } },
{ "type": "Feature", "properties": { "voltage_kv": 380.0, "from_node": 135, "to_node": 155, "length_km": 135.55157185972627, "delaunay_k": 2, "edge_set": "Delaunay2" }, "geometry": { "type": "LineString", "coordinates": [ [ 21.656799, 65.826407 ], [ 24.612122, 65.877531 ] ] } },
{ "type": "Feature", "properties": { "voltage_kv": 380.0, "from_node": 135, "to_node": 163, "length_km": 178.45425805941915, "delaunay_k": 2, "edge_set": "Delaunay2" }, "geometry": { "type": "LineString", "coordinates": [ [ 21.656799, 65.826407 ], [ 25.415497, 66.285642 ] ] } },
{ "type": "Feature", "properties": { "voltage_kv": 380.0, "from_node": 136, "to_node": 137, "length_km": 71.865233424443559, "delaunay_k": 2, "edge_set": "Delaunay2" }, "geometry": { "type": "LineString", "coordinates": [ [ 21.660919, 61.552147 ], [ 21.895752, 60.919755 ] ] } },
{ "type": "Feature", "properties": { "voltage_kv": 380.0, "from_node": 136, "to_node": 138, "length_km": 165.78502128318044, "delaunay_k": 2, "edge_set": "Delaunay2" }, "geometry": { "type": "LineString", "coordinates": [ [ 21.660919, 61.552147 ], [ 21.902618, 63.030057 ] ] } },
{ "type": "Feature", "properties": { "voltage_kv": 380.0, "from_node": 136, "to_node": 141, "length_km": 147.52138688273186, "delaunay_k": 2, "edge_set": "Delaunay2" }, "geometry": { "type": "LineString", "coordinates": [ [ 21.660919, 61.552147 ], [ 22.633209, 62.789912 ] ] } },
{ "type": "Feature", "properties": { "voltage_kv": 380.0, "from_node": 136, "to_node": 142, "length_km": 75.07820858257341, "delaunay_k": 2, "edge_set": "Delaunay2" }, "geometry": { "type": "LineString", "coordinates": [ [ 21.660919, 61.552147 ], [ 22.822723, 61.179005 ] ] } },
{ "type": "Feature", "properties": { "voltage_kv": 380.0, "from_node": 136, "to_node": 149, "length_km": 129.51930455246378, "delaunay_k": 2, "edge_set": "Delaunay2" }, "geometry": { "type": "LineString", "coordinates": [ [ 21.660919, 61.552147 ], [ 24.083405, 61.516146 ] ] } },
{ "type": "Feature", "properties": { "voltage_kv": 380.0, "from_node": 137, "to_node": 143, "length_km": 83.678431990990589, "delaunay_k": 2, "edge_set": "Delaunay2" }, "geometry": { "type": "LineString", "coordinates": [ [ 21.895752, 60.919755 ], [ 22.913361, 60.363639 ] ] } },
{ "type": "Feature", "properties": { "voltage_kv": 380.0, "from_node": 137, "to_node": 147, "length_km": 92.429576795170092, "delaunay_k": 2, "edge_set": "Delaunay2" }, "geometry": { "type": "LineString", "coordinates": [ [ 21.895752, 60.919755 ], [ 23.579407, 60.830188 ] ] } },
{ "type": "Feature", "properties": { "voltage_kv": 380.0, "from_node": 137, "to_node": 149, "length_km": 135.67975297411945, "delaunay_k": 2, "edge_set": "Delaunay2" }, "geometry": { "type": "LineString", "coordinates": [ [ 21.895752, 60.919755 ], [ 24.083405, 61.516146 ] ] } },
{ "type": "Feature", "properties": { "voltage_kv": 380.0, "from_node": 138, "to_node": 139, "length_km": 173.49669429732509, "delaunay_k": 2, "edge_set": "Delaunay2" }, "geometry": { "type": "LineString", "coordinates": [ [ 21.902618, 63.030057 ], [ 22.105865, 61.482071 ] ] } },
{ "type": "Feature", "properties": { "voltage_kv": 380.0, "from_node": 138, "to_node": 146, "length_km": 110.10697930130473, "delaunay_k": 2, "edge_set": "Delaunay2" }, "geometry": { "type": "LineString", "coordinates": [ [ 21.902618, 63.030057 ], [ 23.1427, 63.842485 ] ] } },
{ "type": "Feature", "properties": { "voltage_kv": 380.0, "from_node": 138, "to_node": 149, "length_km": 204.10031980685278, "delaunay_k": 2, "edge_set": "Delaunay2" }, "geometry": { "type": "LineString", "coordinates": [ [ 21.902618, 63.030057 ], [ 24.083405, 61.516146 ] ] } },
{ "type": "Feature", "properties": { "voltage_kv": 380.0, "from_node": 138, "to_node": 151, "length_km": 121.38971976943007, "delaunay_k": 2, "edge_set": "Delaunay2" }, "geometry": { "type": "LineString", "coordinates": [ [ 21.902618, 63.030057 ], [ 24.285278, 62.976446 ] ] } },
{ "type": "Feature", "properties": { "voltage_kv": 380.0, "from_node": 139, "to_node": 140, "length_km": 109.33089558528251, "delaunay_k": 2, "edge_set": "Delaunay2" }, "geometry": { "type": "LineString", "coordinates": [ [ 22.105865, 61.482071 ], [ 22.457428, 60.52013 ] ] } },
{ "type": "Feature", "properties": { "voltage_kv": 380.0, "from_node": 139, "to_node": 141, "length_km": 148.92900369125536, "delaunay_k": 2, "edge_set": "Delaunay2" }, "geometry": { "type": "LineString", "coordinates": [ [ 22.105865, 61.482071 ], [ 22.633209, 62.789912 ] ] } },
{ "type": "Feature", "properties": { "voltage_kv": 380.0, "from_node": 139, "to_node": 147, "length_km": 108.07167611146481, "delaunay_k": 2, "edge_set": "Delaunay2" }, "geometry": { "type": "LineString", "coordinates": [ [ 22.105865, 61.482071 ], [ 23.579407, 60.830188 ] ] } },
{ "type": "Feature", "properties": { "voltage_kv": 380.0, "from_node": 139, "to_node": 151, "length_km": 202.36281689624244, "delaunay_k": 2, "edge_set": "Delaunay2" }, "geometry": { "type": "LineString", "coordinates": [ [ 22.105865, 61.482071 ], [ 24.285278, 62.976446 ] ] } },
{ "type": "Feature", "properties": { "voltage_kv": 380.0, "from_node": 139, "to_node": 152, "length_km": 124.35934869401272, "delaunay_k": 2, "edge_set": "Delaunay2" }, "geometry": { "type": "LineString", "coordinates": [ [ 22.105865, 61.482071 ], [ 24.403381, 61.338151 ] ] } },
{ "type": "Feature", "properties": { "voltage_kv": 380.0, "from_node": 139, "to_node": 161, "length_km": 167.81614460562309, "delaunay_k": 2, "edge_set": "Delaunay2" }, "geometry": { "type": "LineString", "coordinates": [ [ 22.105865, 61.482071 ], [ 25.158691, 61.855501 ] ] } },
{ "type": "Feature", "properties": { "voltage_kv": 380.0, "from_node": 140, "to_node": 148, "length_km": 92.403860472543968, "delaunay_k": 2, "edge_set": "Delaunay2" }, "geometry": { "type": "LineString", "coordinates": [ [ 22.457428, 60.52013 ], [ 23.819733, 60.047704 ] ] } },
{ "type": "Feature", "properties": { "voltage_kv": 380.0, "from_node": 140, "to_node": 149, "length_km": 142.30620037927494, "delaunay_k": 2, "edge_set": "Delaunay2" }, "geometry": { "type": "LineString", "coordinates": [ [ 22.457428, 60.52013 ], [ 24.083405, 61.516146 ] ] } },
{ "type": "Feature", "properties": { "voltage_kv": 380.0, "from_node": 140, "to_node": 150, "length_km": 98.77865149149595, "delaunay_k": 2, "edge_set": "Delaunay2" }, "geometry": { "type": "LineString", "coordinates": [ [ 22.457428, 60.52013 ], [ 24.186401, 60.304505 ] ] } },
{ "type": "Feature", "properties": { "voltage_kv": 380.0, "from_node": 140, "to_node": 152, "length_km": 140.16441916491729, "delaunay_k": 2, "edge_set": "Delaunay2" }, "geometry": { "type": "LineString", "coordinates": [ [ 22.457428, 60.52013 ], [ 24.403381, 61.338151 ] ] } },
{ "type": "Feature", "properties": { "voltage_kv": 380.0, "from_node": 140, "to_node": 157, "length_km": 141.71108795742927, "delaunay_k": 2, "edge_set": "Delaunay2" }, "geometry": { "type": "LineString", "coordinates": [ [ 22.457428, 60.52013 ], [ 24.915619, 60.906402 ] ] } },
{ "type": "Feature", "properties": { "voltage_kv": 380.0, "from_node": 141, "to_node": 142, "length_km": 180.58813199932874, "delaunay_k": 2, "edge_set": "Delaunay2" }, "geometry": { "type": "LineString", "coordinates": [ [ 22.633209, 62.789912 ], [ 22.822723, 61.179005 ] ] } },
{ "type": "Feature", "properties": { "voltage_kv": 380.0, "from_node": 141, "to_node": 146, "length_km": 120.56483846662992, "delaunay_k": 2, "edge_set": "Delaunay2" }, "geometry": { "type": "LineString", "coordinates": [ [ 22.633209, 62.789912 ], [ 23.1427, 63.842485 ] ] } },
{ "type": "Feature", "properties": { "voltage_kv": 380.0, "from_node": 141, "to_node": 147, "length_km": 225.07521348765212, "delaunay_k": 2, "edge_set": "Delaunay2" }, "geometry": { "type": "LineString", "coordinates": [ [ 22.633209, 62.789912 ], [ 23.579407, 60.830188 ] ] } },
{ "type": "Feature", "properties": { "voltage_kv": 380.0, "from_node": 141, "to_node": 152, "length_km": 187.31298450859592, "delaunay_k": 2, "edge_set": "Delaunay2" }, "geometry": { "type": "LineString", "coordinates": [ [ 22.633209, 62.789912 ], [ 24.403381, 61.338151 ] ] } },
{ "type": "Feature", "properties": { "voltage_kv": 380.0, "from_node": 141, "to_node": 159, "length_km": 179.79974120109168, "delaunay_k": 2, "edge_set": "Delaunay2" }, "geometry": { "type": "LineString", "coordinates": [ [ 22.633209, 62.789912 ], [ 24.965057, 64.008479 ] ] } },
{ "type": "Feature", "properties": { "voltage_kv": 380.0, "from_node": 141, "to_node": 161, "length_km": 168.14762163241841, "delaunay_k": 2, "edge_set": "Delaunay2" }, "geometry": { "type": "LineString", "coordinates": [ [ 22.633209, 62.789912 ], [ 25.158691, 61.855501 ] ] } },
{ "type": "Feature", "properties": { "voltage_kv": 380.0, "from_node": 141, "to_node": 167, "length_km": 182.79088508741003, "delaunay_k": 2, "edge_set": "Delaunay2" }, "geometry": { "type": "LineString", "coordinates": [ [ 22.633209, 62.789912 ], [ 26.032104, 62.340686 ] ] } },
{ "type": "Feature", "properties": { "voltage_kv": 380.0, "from_node": 141, "to_node": 175, "length_km": 255.90198835753066, "delaunay_k": 2, "edge_set": "Delaunay2" }, "geometry": { "type": "LineString", "coordinates": [ [ 22.633209, 62.789912 ], [ 27.585297, 63.154975 ] ] } },
{ "type": "Feature", "properties": { "voltage_kv": 380.0, "from_node": 142, "to_node": 143, "length_km": 91.426706481952593, "delaunay_k": 2, "edge_set": "Delaunay2" }, "geometry": { "type": "LineString", "coordinates": [ [ 22.822723, 61.179005 ], [ 22.913361, 60.363639 ] ] } },
{ "type": "Feature", "properties": { "voltage_kv": 380.0, "from_node": 142, "to_node": 150, "length_km": 123.24446624829558, "delaunay_k": 2, "edge_set": "Delaunay2" }, "geometry": { "type": "LineString", "coordinates": [ [ 22.822723, 61.179005 ], [ 24.186401, 60.304505 ] ] } },
{ "type": "Feature", "properties": { "voltage_kv": 380.0, "from_node": 142, "to_node": 151, "length_km": 215.45909512393021, "delaunay_k": 2, "edge_set": "Delaunay2" }, "geometry": { "type": "LineString", "coordinates": [ [ 22.822723, 61.179005 ], [ 24.285278, 62.976446 ] ] } },
{ "type": "Feature", "properties": { "voltage_kv": 380.0, "from_node": 142, "to_node": 152, "length_km": 87.121252840795506, "delaunay_k": 2, "edge_set": "Delaunay2" }, "geometry": { "type": "LineString", "coordinates": [ [ 22.822723, 61.179005 ], [ 24.403381, 61.338151 ] ] } },
{ "type": "Feature", "properties": { "voltage_kv": 380.0, "from_node": 142, "to_node": 157, "length_km": 117.75040231766445, "delaunay_k": 2, "edge_set": "Delaunay2" }, "geometry": { "type": "LineString", "coordinates": [ [ 22.822723, 61.179005 ], [ 24.915619, 60.906402 ] ] } },
{ "type": "Feature", "properties": { "voltage_kv": 380.0, "from_node": 142, "to_node": 161, "length_km": 146.19554980039308, "delaunay_k": 2, "edge_set": "Delaunay2" }, "geometry": { "type": "LineString", "coordinates": [ [ 22.822723, 61.179005 ], [ 25.158691, 61.855501 ] ] } },
{ "type": "Feature", "properties": { "voltage_kv": 380.0, "from_node": 143, "to_node": 149, "length_km": 143.98617511280372, "delaunay_k": 2, "edge_set": "Delaunay2" }, "geometry": { "type": "LineString", "coordinates": [ [ 22.913361, 60.363639 ], [ 24.083405, 61.516146 ] ] } },
{ "type": "Feature", "properties": { "voltage_kv": 380.0, "from_node": 143, "to_node": 152, "length_km": 136.20407995859048, "delaunay_k": 2, "edge_set": "Delaunay2" }, "geometry": { "type": "LineString", "coordinates": [ [ 22.913361, 60.363639 ], [ 24.403381, 61.338151 ] ] } },
{ "type": "Feature", "properties": { "voltage_kv": 380.0, "from_node": 143, "to_node": 156, "length_km": 98.565442652499229, "delaunay_k": 2, "edge_set": "Delaunay2" }, "geometry": { "type": "LineString", "coordinates": [ [ 22.913361, 60.363639 ], [ 24.656067, 60.20571 ] ] } },
{ "type": "Feature", "properties": { "voltage_kv": 380.0, "from_node": 143, "to_node": 157, "length_km": 125.87633936323188, "delaunay_k": 2, "edge_set": "Delaunay2" }, "geometry": { "type": "LineString", "coordinates": [ [ 22.913361, 60.363639 ], [ 24.915619, 60.906402 ] ] } },
{ "type": "Feature", "properties": { "voltage_kv": 380.0, "from_node": 143, "to_node": 158, "length_km": 112.10480804832081, "delaunay_k": 2, "edge_set": "Delaunay2" }, "geometry": { "type": "LineString", "coordinates": [ [ 22.913361, 60.363639 ], [ 24.930725, 60.330347 ] ] } },
{ "type": "Feature", "properties": { "voltage_kv": 380.0, "from_node": 143, "to_node": 160, "length_km": 120.07128187044982, "delaunay_k": 2, "edge_set": "Delaunay2" }, "geometry": { "type": "LineString", "coordinates": [ [ 22.913361, 60.363639 ], [ 25.040588, 60.5755 ] ] } },
{ "type": "Feature", "properties": { "voltage_kv": 380.0, "from_node": 143, "to_node": 169, "length_km": 187.73535590933591, "delaunay_k": 2, "edge_set": "Delaunay2" }, "geometry": { "type": "LineString", "coordinates": [ [ 22.913361, 60.363639 ], [ 26.294403, 60.418598 ] ] } },
{ "type": "Feature", "properties": { "voltage_kv": 380.0, "from_node": 144, "to_node": 149, "length_km": 260.94800854907925, "delaunay_k": 2, "edge_set": "Delaunay2" }, "geometry": { "type": "LineString", "coordinates": [ [ 23.047943, 63.797043 ], [ 24.083405, 61.516146 ] ] } },
{ "type": "Feature", "properties": { "voltage_kv": 380.0, "from_node": 144, "to_node": 154, "length_km": 100.43994991571651, "delaunay_k": 2, "edge_set": "Delaunay2" }, "geometry": { "type": "LineString", "coordinates": [ [ 23.047943, 63.797043 ], [ 24.517365, 64.423037 ] ] } },
{ "type": "Feature", "properties": { "voltage_kv": 380.0, "from_node": 144, "to_node": 159, "length_km": 97.493976910616112, "delaunay_k": 2, "edge_set": "Delaunay2" }, "geometry": { "type": "LineString", "coordinates": [ [ 23.047943, 63.797043 ], [ 24.965057, 64.008479 ] ] } },
{ "type": "Feature", "properties": { "voltage_kv": 380.0, "from_node": 144, "to_node": 161, "length_km": 242.90353331747966, "delaunay_k": 2, "edge_set": "Delaunay2" }, "geometry": { "type": "LineString", "coordinates": [ [ 23.047943, 63.797043 ], [ 25.158691, 61.855501 ] ] } },
{ "type": "Feature", "properties": { "voltage_kv": 380.0, "from_node": 144, "to_node": 167, "length_km": 222.77949473920074, "delaunay_k": 2, "edge_set": "Delaunay2" }, "geometry": { "type": "LineString", "coordinates": [ [ 23.047943, 63.797043 ], [ 26.032104, 62.340686 ] ] } },
{ "type": "Feature", "properties": { "voltage_kv": 380.0, "from_node": 144, "to_node": 175, "length_km": 238.58171636519299, "delaunay_k": 2, "edge_set": "Delaunay2" }, "geometry": { "type": "LineString", "coordinates": [ [ 23.047943, 63.797043 ], [ 27.585297, 63.154975 ] ] } },
{ "type": "Feature", "properties": { "voltage_kv": 380.0, "from_node": 145, "to_node": 171, "length_km": 184.87185233092151, "delaunay_k": 2, "edge_set": "Delaunay2" }, "geometry": { "type": "LineString", "coordinates": [ [ 23.072662, 65.938074 ], [ 27.030487, 66.33089 ] ] } },
{ "type": "Feature", "properties": { "voltage_kv": 380.0, "from_node": 146, "to_node": 149, "length_km": 264.99858721301581, "delaunay_k": 2, "edge_set": "Delaunay2" }, "geometry": { "type": "LineString", "coordinates": [ [ 23.1427, 63.842485 ], [ 24.083405, 61.516146 ] ] } },
{ "type": "Feature", "properties": { "voltage_kv": 380.0, "from_node": 146, "to_node": 161, "length_km": 245.3659750408078, "delaunay_k": 2, "edge_set": "Delaunay2" }, "geometry": { "type": "LineString", "coordinates": [ [ 23.1427, 63.842485 ], [ 25.158691, 61.855501 ] ] } },
{ "type": "Feature", "properties": { "voltage_kv": 380.0, "from_node": 146, "to_node": 166, "length_km": 180.76860000972619, "delaunay_k": 2, "edge_set": "Delaunay2" }, "geometry": { "type": "LineString", "coordinates": [ [ 23.1427, 63.842485 ], [ 25.808258, 64.971807 ] ] } },
{ "type": "Feature", "properties": { "voltage_kv": 380.0, "from_node": 146, "to_node": 167, "length_km": 223.27359192778465, "delaunay_k": 2, "edge_set": "Delaunay2" }, "geometry": { "type": "LineString", "coordinates": [ [ 23.1427, 63.842485 ], [ 26.032104, 62.340686 ] ] } },
{ "type": "Feature", "properties": { "voltage_kv": 380.0, "from_node": 146, "to_node": 168, "length_km": 189.20688920339651, "delaunay_k": 2, "edge_set": "Delaunay2" }, "geometry": { "type": "LineString", "coordinates": [ [ 23.1427, 63.842485 ], [ 26.05957, 64.965416 ] ] } },
{ "type": "Feature", "properties": { "voltage_kv": 380.0, "from_node": 146, "to_node": 173, "length_km": 202.14752244610381, "delaunay_k": 2, "edge_set": "Delaunay2" }, "geometry": { "type": "LineString", "coordinates": [ [ 23.1427, 63.842485 ], [ 27.204895, 64.101606 ] ] } },
{ "type": "Feature", "properties": { "voltage_kv": 380.0, "from_node": 146, "to_node": 175, "length_km": 235.51442107010487, "delaunay_k": 2, "edge_set": "Delaunay2" }, "geometry": { "type": "LineString", "coordinates": [ [ 23.1427, 63.842485 ], [ 27.585297, 63.154975 ] ] } },
{ "type": "Feature", "properties": { "voltage_kv": 380.0, "from_node": 147, "to_node": 148, "length_km": 88.682392926506168, "delaunay_k": 2, "edge_set": "Delaunay2" }, "geometry": { "type": "LineString", "coordinates": [ [ 23.579407, 60.830188 ], [ 23.819733, 60.047704 ] ] } },
{ "type": "Feature", "properties": { "voltage_kv": 380.0, "from_node": 147, "to_node": 151, "length_km": 243.33754693903995, "delaunay_k": 2, "edge_set": "Delaunay2" }, "geometry": { "type": "LineString", "coordinates": [ [ 23.579407, 60.830188 ], [ 24.285278, 62.976446 ] ] } },
{ "type": "Feature", "properties": { "voltage_kv": 380.0, "from_node": 147, "to_node": 156, "length_km": 91.863643005973557, "delaunay_k": 2, "edge_set": "Delaunay2" }, "geometry": { "type": "LineString", "coordinates": [ [ 23.579407, 60.830188 ], [ 24.656067, 60.20571 ] ] } },
{ "type": "Feature", "properties": { "voltage_kv": 380.0, "from_node": 147, "to_node": 158, "length_km": 93.245443243384415, "delaunay_k": 2, "edge_set": "Delaunay2" }, "geometry": { "type": "LineString", "coordinates": [ [ 23.579407, 60.830188 ], [ 24.930725, 60.330347 ] ] } },
{ "type": "Feature", "properties": { "voltage_kv": 380.0, "from_node": 147, "to_node": 160, "length_km": 85.212152213140712, "delaunay_k": 2, "edge_set": "Delaunay2" }, "geometry": { "type": "LineString", "coordinates": [ [ 23.579407, 60.830188 ], [ 25.040588, 60.5755 ] ] } },
{ "type": "Feature", "properties": { "voltage_kv": 380.0, "from_node": 147, "to_node": 161, "length_km": 142.95898795548752, "delaunay_k": 2, "edge_set": "Delaunay2" }, "geometry": { "type": "LineString", "coordinates": [ [ 23.579407, 60.830188 ], [ 25.158691, 61.855501 ] ] } },
{ "type": "Feature", "properties": { "voltage_kv": 380.0, "from_node": 147, "to_node": 164, "length_km": 121.47485614074775, "delaunay_k": 2, "edge_set": "Delaunay2" }, "geometry": { "type": "LineString", "coordinates": [ [ 23.579407, 60.830188 ], [ 25.659943, 60.469404 ] ] } },
{ "type": "Feature", "properties": { "voltage_kv": 380.0, "from_node": 147, "to_node": 170, "length_km": 166.5384022417181, "delaunay_k": 2, "edge_set": "Delaunay2" }, "geometry": { "type": "LineString", "coordinates": [ [ 23.579407, 60.830188 ], [ 26.621246, 60.865644 ] ] } },
{ "type": "Feature", "properties": { "voltage_kv": 380.0, "from_node": 148, "to_node": 157, "length_km": 113.78143790999817, "delaunay_k": 2, "edge_set": "Delaunay2" }, "geometry": { "type": "LineString", "coordinates": [ [ 23.819733, 60.047704 ], [ 24.915619, 60.906402 ] ] } },
{ "type": "Feature", "properties": { "voltage_kv": 380.0, "from_node": 148, "to_node": 158, "length_km": 69.6590937353768, "delaunay_k": 2, "edge_set": "Delaunay2" }, "geometry": { "type": "LineString", "coordinates": [ [ 23.819733, 60.047704 ], [ 24.930725, 60.330347 ] ] } },
{ "type": "Feature", "properties": { "voltage_kv": 380.0, "from_node": 148, "to_node": 160, "length_km": 90.079519979031687, "delaunay_k": 2, "edge_set": "Delaunay2" }, "geometry": { "type": "LineString", "coordinates": [ [ 23.819733, 60.047704 ], [ 25.040588, 60.5755 ] ] } },
{ "type": "Feature", "properties": { "voltage_kv": 380.0, "from_node": 148, "to_node": 162, "length_km": 85.969348502326881, "delaunay_k": 2, "edge_set": "Delaunay2" }, "geometry": { "type": "LineString", "coordinates": [ [ 23.819733, 60.047704 ], [ 25.209503, 60.378575 ] ] } },
{ "type": "Feature", "properties": { "voltage_kv": 380.0, "from_node": 148, "to_node": 164, "length_km": 112.94283162937322, "delaunay_k": 2, "edge_set": "Delaunay2" }, "geometry": { "type": "LineString", "coordinates": [ [ 23.819733, 60.047704 ], [ 25.659943, 60.469404 ] ] } },
{ "type": "Feature", "properties": { "voltage_kv": 380.0, "from_node": 148, "to_node": 170, "length_km": 180.34060358220228, "delaunay_k": 2, "edge_set": "Delaunay2" }, "geometry": { "type": "LineString", "coordinates": [ [ 23.819733, 60.047704 ], [ 26.621246, 60.865644 ] ] } },
{ "type": "Feature", "properties": { "voltage_kv": 380.0, "from_node": 148, "to_node": 172, "length_km": 196.05412957775238, "delaunay_k": 2, "edge_set": "Delaunay2" }, "geometry": { "type": "LineString", "coordinates": [ [ 23.819733, 60.047704 ], [ 27.063446, 60.737015 ] ] } },
{ "type": "Feature", "properties": { "voltage_kv": 380.0, "from_node": 148, "to_node": 177, "length_km": 246.24320869915249, "delaunay_k": 2, "edge_set": "Delaunay2" }, "geometry": { "type": "LineString", "coordinates": [ [ 23.819733, 60.047704 ], [ 27.919006, 60.893713 ] ] } },
{ "type": "Feature", "properties": { "voltage_kv": 380.0, "from_node": 149, "to_node": 150, "length_km": 135.92227185251502, "delaunay_k": 2, "edge_set": "Delaunay2" }, "geometry": { "type": "LineString", "coordinates": [ [ 24.083405, 61.516146 ], [ 24.186401, 60.304505 ] ] } },
{ "type": "Feature", "properties": { "voltage_kv": 380.0, "from_node": 149, "to_node": 157, "length_km": 81.843061293616756, "delaunay_k": 2, "edge_set": "Delaunay2" }, "geometry": { "type": "LineString", "coordinates": [ [ 24.083405, 61.516146 ], [ 24.915619, 60.906402 ] ] } },
{ "type": "Feature", "properties": { "voltage_kv": 380.0, "from_node": 149, "to_node": 159, "length_km": 282.96286639993065, "delaunay_k": 2, "edge_set": "Delaunay2" }, "geometry": { "type": "LineString", "coordinates": [ [ 24.083405, 61.516146 ], [ 24.965057, 64.008479 ] ] } },
{ "type": "Feature", "properties": { "voltage_kv": 380.0, "from_node": 149, "to_node": 167, "length_km": 138.4053668585145, "delaunay_k": 2, "edge_set": "Delaunay2" }, "geometry": { "type": "LineString", "coordinates": [ [ 24.083405, 61.516146 ], [ 26.032104, 62.340686 ] ] } },
{ "type": "Feature", "properties": { "voltage_kv": 380.0, "from_node": 149, "to_node": 170, "length_km": 155.60613958491086, "delaunay_k": 2, "edge_set": "Delaunay2" }, "geometry": { "type": "LineString", "coordinates": [ [ 24.083405, 61.516146 ], [ 26.621246, 60.865644 ] ] } },
{ "type": "Feature", "properties": { "voltage_kv": 380.0, "from_node": 149, "to_node": 174, "length_km": 172.79304091395258, "delaunay_k": 2, "edge_set": "Delaunay2" }, "geometry": { "type": "LineString", "coordinates": [ [ 24.083405, 61.516146 ], [ 27.305145, 61.489282 ] ] } },
{ "type": "Feature", "properties": { "voltage_kv": 380.0, "from_node": 149, "to_node": 175, "length_km": 259.16561398611231, "delaunay_k": 2, "edge_set": "Delaunay2" }, "geometry": { "type": "LineString", "coordinates": [ [ 24.083405, 61.516146 ], [ 27.585297, 63.154975 ] ] } },
{ "type": "Feature", "properties": { "voltage_kv": 380.0, "from_node": 150, "to_node": 152, "length_km": 116.48144055323118, "delaunay_k": 2, "edge_set": "Delaunay2" }, "geometry": { "type": "LineString", "coordinates": [ [ 24.186401, 60.304505 ], [ 24.403381, 61.338151 ] ] } },
{ "type": "Feature", "properties": { "voltage_kv": 380.0, "from_node": 150, "to_node": 161, "length_km": 181.75383394551238, "delaunay_k": 2, "edge_set": "Delaunay2" }, "geometry": { "type": "LineString", "coordinates": [ [ 24.186401, 60.304505 ], [ 25.158691, 61.855501 ] ] } },
{ "type": "Feature", "properties": { "voltage_kv": 380.0, "from_node": 150, "to_node": 162, "length_km": 57.478330537878456, "delaunay_k": 2, "edge_set": "Delaunay2" }, "geometry": { "type": "LineString", "coordinates": [ [ 24.186401, 60.304505 ], [ 25.209503, 60.378575 ] ] } },
{ "type": "Feature", "properties": { "voltage_kv": 380.0, "from_node": 150, "to_node": 164, "length_km": 83.881925435023746, "delaunay_k": 2, "edge_set": "Delaunay2" }, "geometry": { "type": "LineString", "coordinates": [ [ 24.186401, 60.304505 ], [ 25.659943, 60.469404 ] ] } },
{ "type": "Feature", "properties": { "voltage_kv": 380.0, "from_node": 150, "to_node": 169, "length_km": 117.86979597281008, "delaunay_k": 2, "edge_set": "Delaunay2" }, "geometry": { "type": "LineString", "coordinates": [ [ 24.186401, 60.304505 ], [ 26.294403, 60.418598 ] ] } },
{ "type": "Feature", "properties": { "voltage_kv": 380.0, "from_node": 150, "to_node": 170, "length_km": 148.43456115841261, "delaunay_k": 2, "edge_set": "Delaunay2" }, "geometry": { "type": "LineString", "coordinates": [ [ 24.186401, 60.304505 ], [ 26.621246, 60.865644 ] ] } },
{ "type": "Feature", "properties": { "voltage_kv": 380.0, "from_node": 151, "to_node": 152, "length_km": 183.71408763677763, "delaunay_k": 2, "edge_set": "Delaunay2" }, "geometry": { "type": "LineString", "coordinates": [ [ 24.285278, 62.976446 ], [ 24.403381, 61.338151 ] ] } },
{ "type": "Feature", "properties": { "voltage_kv": 380.0, "from_node": 151, "to_node": 154, "length_km": 162.48540396710715, "delaunay_k": 2, "edge_set": "Delaunay2" }, "geometry": { "type": "LineString", "coordinates": [ [ 24.285278, 62.976446 ], [ 24.517365, 64.423037 ] ] } },
{ "type": "Feature", "properties": { "voltage_kv": 380.0, "from_node": 151, "to_node": 157, "length_km": 234.43561790129402, "delaunay_k": 2, "edge_set": "Delaunay2" }, "geometry": { "type": "LineString", "coordinates": [ [ 24.285278, 62.976446 ], [ 24.915619, 60.906402 ] ] } },
{ "type": "Feature", "properties": { "voltage_kv": 380.0, "from_node": 151, "to_node": 166, "length_km": 235.87528906156066, "delaunay_k": 2, "edge_set": "Delaunay2" }, "geometry": { "type": "LineString", "coordinates": [ [ 24.285278, 62.976446 ], [ 25.808258, 64.971807 ] ] } },
{ "type": "Feature", "properties": { "voltage_kv": 380.0, "from_node": 151, "to_node": 168, "length_km": 239.45070992841602, "delaunay_k": 2, "edge_set": "Delaunay2" }, "geometry": { "type": "LineString", "coordinates": [ [ 24.285278, 62.976446 ], [ 26.05957, 64.965416 ] ] } },
{ "type": "Feature", "properties": { "voltage_kv": 380.0, "from_node": 151, "to_node": 170, "length_km": 267.0763387403407, "delaunay_k": 2, "edge_set": "Delaunay2" }, "geometry": { "type": "LineString", "coordinates": [ [ 24.285278, 62.976446 ], [ 26.621246, 60.865644 ] ] } },
{ "type": "Feature", "properties": { "voltage_kv": 380.0, "from_node": 151, "to_node": 171, "length_km": 398.45161454386556, "delaunay_k": 2, "edge_set": "Delaunay2" }, "geometry": { "type": "LineString", "coordinates": [ [ 24.285278, 62.976446 ], [ 27.030487, 66.33089 ] ] } },
{ "type": "Feature", "properties": { "voltage_kv": 380.0, "from_node": 151, "to_node": 173, "length_km": 193.03923794643941, "delaunay_k": 2, "edge_set": "Delaunay2" }, "geometry": { "type": "LineString", "coordinates": [ [ 24.285278, 62.976446 ], [ 27.204895, 64.101606 ] ] } },
{ "type": "Feature", "properties": { "voltage_kv": 380.0, "from_node": 151, "to_node": 174, "length_km": 229.85628945841364, "delaunay_k": 2, "edge_set": "Delaunay2" }, "geometry": { "type": "LineString", "coordinates": [ [ 24.285278, 62.976446 ], [ 27.305145, 61.489282 ] ] } },
{ "type": "Feature", "properties": { "voltage_kv": 380.0, "from_node": 151, "to_node": 176, "length_km": 196.96097478097147, "delaunay_k": 2, "edge_set": "Delaunay2" }, "geometry": { "type": "LineString", "coordinates": [ [ 24.285278, 62.976446 ], [ 27.766571, 62.262171 ] ] } },
{ "type": "Feature", "properties": { "voltage_kv": 380.0, "from_node": 152, "to_node": 160, "length_km": 92.314576391527439, "delaunay_k": 2, "edge_set": "Delaunay2" }, "geometry": { "type": "LineString", "coordinates": [ [ 24.403381, 61.338151 ], [ 25.040588, 60.5755 ] ] } },
{ "type": "Feature", "properties": { "voltage_kv": 380.0, "from_node": 152, "to_node": 164, "length_km": 119.20649088985576, "delaunay_k": 2, "edge_set": "Delaunay2" }, "geometry": { "type": "LineString", "coordinates": [ [ 24.403381, 61.338151 ], [ 25.659943, 60.469404 ] ] } },
{ "type": "Feature", "properties": { "voltage_kv": 380.0, "from_node": 152, "to_node": 167, "length_km": 141.77131043356644, "delaunay_k": 2, "edge_set": "Delaunay2" }, "geometry": { "type": "LineString", "coordinates": [ [ 24.403381, 61.338151 ], [ 26.032104, 62.340686 ] ] } },
{ "type": "Feature", "properties": { "voltage_kv": 380.0, "from_node": 152, "to_node": 170, "length_km": 131.61895041703201, "delaunay_k": 2, "edge_set": "Delaunay2" }, "geometry": { "type": "LineString", "coordinates": [ [ 24.403381, 61.338151 ], [ 26.621246, 60.865644 ] ] } },
{ "type": "Feature", "properties": { "voltage_kv": 380.0, "from_node": 152, "to_node": 174, "length_km": 157.0033733864654, "delaunay_k": 2, "edge_set": "Delaunay2" }, "geometry": { "type": "LineString", "coordinates": [ [ 24.403381, 61.338151 ], [ 27.305145, 61.489282 ] ] } },
{ "type": "Feature", "properties": { "voltage_kv": 380.0, "from_node": 153, "to_node": 163, "length_km": 72.627791828415383, "delaunay_k": 2, "edge_set": "Delaunay2" }, "geometry": { "type": "LineString", "coordinates": [ [ 24.411621, 65.781941 ], [ 25.415497, 66.285642 ] ] } },
{ "type": "Feature", "properties": { "voltage_kv": 380.0, "from_node": 154, "to_node": 168, "length_km": 95.751330220205659, "delaunay_k": 2, "edge_set": "Delaunay2" }, "geometry": { "type": "LineString", "coordinates": [ [ 24.517365, 64.423037 ], [ 26.05957, 64.965416 ] ] } },
{ "type": "Feature", "properties": { "voltage_kv": 380.0, "from_node": 154, "to_node": 171, "length_km": 243.99625152826391, "delaunay_k": 2, "edge_set": "Delaunay2" }, "geometry": { "type": "LineString", "coordinates": [ [ 24.517365, 64.423037 ], [ 27.030487, 66.33089 ] ] } },
{ "type": "Feature", "properties": { "voltage_kv": 380.0, "from_node": 154, "to_node": 173, "length_km": 135.91469589667781, "delaunay_k": 2, "edge_set": "Delaunay2" }, "geometry": { "type": "LineString", "coordinates": [ [ 24.517365, 64.423037 ], [ 27.204895, 64.101606 ] ] } },
{ "type": "Feature", "properties": { "voltage_kv": 380.0, "from_node": 154, "to_node": 175, "length_km": 208.31673893383041, "delaunay_k": 2, "edge_set": "Delaunay2" }, "geometry": { "type": "LineString", "coordinates": [ [ 24.517365, 64.423037 ], [ 27.585297, 63.154975 ] ] } },
{ "type": "Feature", "properties": { "voltage_kv": 380.0, "from_node": 155, "to_node": 171, "length_km": 121.09321432158603, "delaunay_k": 2, "edge_set": "Delaunay2" }, "geometry": { "type": "LineString", "coordinates": [ [ 24.612122, 65.877531 ], [ 27.030487, 66.33089 ] ] } },
{ "type": "Feature", "properties": { "voltage_kv": 380.0, "from_node": 156, "to_node": 157, "length_km": 79.887329449325506, "delaunay_k": 2, "edge_set": "Delaunay2" }, "geometry": { "type": "LineString", "coordinates": [ [ 24.656067, 60.20571 ], [ 24.915619, 60.906402 ] ] } },
{ "type": "Feature", "properties": { "voltage_kv": 380.0, "from_node": 156, "to_node": 160, "length_km": 46.650938432277407, "delaunay_k": 2, "edge_set": "Delaunay2" }, "geometry": { "type": "LineString", "coordinates": [ [ 24.656067, 60.20571 ], [ 25.040588, 60.5755 ] ] } },
{ "type": "Feature", "properties": { "voltage_kv": 380.0, "from_node": 156, "to_node": 164, "length_km": 63.193225735521814, "delaunay_k": 2, "edge_set": "Delaunay2" }, "geometry": { "type": "LineString", "coordinates": [ [ 24.656067, 60.20571 ], [ 25.659943, 60.469404 ] ] } },
{ "type": "Feature", "properties": { "voltage_kv": 380.0, "from_node": 156, "to_node": 170, "length_km": 131.5274555591362, "delaunay_k": 2, "edge_set": "Delaunay2" }, "geometry": { "type": "LineString", "coordinates": [ [ 24.656067, 60.20571 ], [ 26.621246, 60.865644 ] ] } },
{ "type": "Feature", "properties": { "voltage_kv": 380.0, "from_node": 156, "to_node": 172, "length_km": 146.16322400167053, "delaunay_k": 2, "edge_set": "Delaunay2" }, "geometry": { "type": "LineString", "coordinates": [ [ 24.656067, 60.20571 ], [ 27.063446, 60.737015 ] ] } },
{ "type": "Feature", "properties": { "voltage_kv": 380.0, "from_node": 156, "to_node": 177, "length_km": 196.33263516140167, "delaunay_k": 2, "edge_set": "Delaunay2" }, "geometry": { "type": "LineString", "coordinates": [ [ 24.656067, 60.20571 ], [ 27.919006, 60.893713 ] ] } },
{ "type": "Feature", "properties": { "voltage_kv": 380.0, "from_node": 157, "to_node": 158, "length_km": 64.624542849557059, "delaunay_k": 2, "edge_set": "Delaunay2" }, "geometry": { "type": "LineString", "coordinates": [ [ 24.915619, 60.906402 ], [ 24.930725, 60.330347 ] ] } },
{ "type": "Feature", "properties": { "voltage_kv": 380.0, "from_node": 157, "to_node": 162, "length_km": 61.390230089740115, "delaunay_k": 2, "edge_set": "Delaunay2" }, "geometry": { "type": "LineString", "coordinates": [ [ 24.915619, 60.906402 ], [ 25.209503, 60.378575 ] ] } },
{ "type": "Feature", "properties": { "voltage_kv": 380.0, "from_node": 157, "to_node": 167, "length_km": 171.61369687454791, "delaunay_k": 2, "edge_set": "Delaunay2" }, "geometry": { "type": "LineString", "coordinates": [ [ 24.915619, 60.906402 ], [ 26.032104, 62.340686 ] ] } },
{ "type": "Feature", "properties": { "voltage_kv": 380.0, "from_node": 157, "to_node": 169, "length_km": 93.630083363308856, "delaunay_k": 2, "edge_set": "Delaunay2" }, "geometry": { "type": "LineString", "coordinates": [ [ 24.915619, 60.906402 ], [ 26.294403, 60.418598 ] ] } },
{ "type": "Feature", "properties": { "voltage_kv": 380.0, "from_node": 157, "to_node": 172, "length_km": 119.29125814395398, "delaunay_k": 2, "edge_set": "Delaunay2" }, "geometry": { "type": "LineString", "coordinates": [ [ 24.915619, 60.906402 ], [ 27.063446, 60.737015 ] ] } },
{ "type": "Feature", "properties": { "voltage_kv": 380.0, "from_node": 157, "to_node": 174, "length_km": 145.0641782991417, "delaunay_k": 2, "edge_set": "Delaunay2" }, "geometry": { "type": "LineString", "coordinates": [ [ 24.915619, 60.906402 ], [ 27.305145, 61.489282 ] ] } },
{ "type": "Feature", "properties": { "voltage_kv": 380.0, "from_node": 158, "to_node": 164, "length_km": 43.391702780985099, "delaunay_k": 2, "edge_set": "Delaunay2" }, "geometry": { "type": "LineString", "coordinates": [ [ 24.930725, 60.330347 ], [ 25.659943, 60.469404 ] ] } },
{ "type": "Feature", "properties": { "voltage_kv": 380.0, "from_node": 158, "to_node": 169, "length_km": 76.444130258908601, "delaunay_k": 2, "edge_set": "Delaunay2" }, "geometry": { "type": "LineString", "coordinates": [ [ 24.930725, 60.330347 ], [ 26.294403, 60.418598 ] ] } },
{ "type": "Feature", "properties": { "voltage_kv": 380.0, "from_node": 159, "to_node": 161, "length_km": 241.59615483983893, "delaunay_k": 2, "edge_set": "Delaunay2" }, "geometry": { "type": "LineString", "coordinates": [ [ 24.965057, 64.008479 ], [ 25.158691, 61.855501 ] ] } },
{ "type": "Feature", "properties": { "voltage_kv": 380.0, "from_node": 159, "to_node": 165, "length_km": 146.73786999355565, "delaunay_k": 2, "edge_set": "Delaunay2" }, "geometry": { "type": "LineString", "coordinates": [ [ 24.965057, 64.008479 ], [ 25.694275, 65.279688 ] ] } },
{ "type": "Feature", "properties": { "voltage_kv": 380.0, "from_node": 159, "to_node": 167, "length_km": 194.7085547968517, "delaunay_k": 2, "edge_set": "Delaunay2" }, "geometry": { "type": "LineString", "coordinates": [ [ 24.965057, 64.008479 ], [ 26.032104, 62.340686 ] ] } },
{ "type": "Feature", "properties": { "voltage_kv": 380.0, "from_node": 159, "to_node": 171, "length_km": 277.98405936731308, "delaunay_k": 2, "edge_set": "Delaunay2" }, "geometry": { "type": "LineString", "coordinates": [ [ 24.965057, 64.008479 ], [ 27.030487, 66.33089 ] ] } },
{ "type": "Feature", "properties": { "voltage_kv": 380.0, "from_node": 159, "to_node": 176, "length_km": 242.17887433562234, "delaunay_k": 2, "edge_set": "Delaunay2" }, "geometry": { "type": "LineString", "coordinates": [ [ 24.965057, 64.008479 ], [ 27.766571, 62.262171 ] ] } },
{ "type": "Feature", "properties": { "voltage_kv": 380.0, "from_node": 160, "to_node": 161, "length_km": 143.72735786063427, "delaunay_k": 2, "edge_set": "Delaunay2" }, "geometry": { "type": "LineString", "coordinates": [ [ 25.040588, 60.5755 ], [ 25.158691, 61.855501 ] ] } },
{ "type": "Feature", "properties": { "voltage_kv": 380.0, "from_node": 160, "to_node": 169, "length_km": 71.630534704656142, "delaunay_k": 2, "edge_set": "Delaunay2" }, "geometry": { "type": "LineString", "coordinates": [ [ 25.040588, 60.5755 ], [ 26.294403, 60.418598 ] ] } },
{ "type": "Feature", "properties": { "voltage_kv": 380.0, "from_node": 160, "to_node": 170, "length_km": 92.833761768797658, "delaunay_k": 2, "edge_set": "Delaunay2" }, "geometry": { "type": "LineString", "coordinates": [ [ 25.040588, 60.5755 ], [ 26.621246, 60.865644 ] ] } },
{ "type": "Feature", "properties": { "voltage_kv": 380.0, "from_node": 161, "to_node": 164, "length_km": 157.89126804742111, "delaunay_k": 2, "edge_set": "Delaunay2" }, "geometry": { "type": "LineString", "coordinates": [ [ 25.158691, 61.855501 ], [ 25.659943, 60.469404 ] ] } },
{ "type": "Feature", "properties": { "voltage_kv": 380.0, "from_node": 161, "to_node": 169, "length_km": 172.66038720737581, "delaunay_k": 2, "edge_set": "Delaunay2" }, "geometry": { "type": "LineString", "coordinates": [ [ 25.158691, 61.855501 ], [ 26.294403, 60.418598 ] ] } },
{ "type": "Feature", "properties": { "voltage_kv": 380.0, "from_node": 161, "to_node": 172, "length_km": 162.33921872435525, "delaunay_k": 2, "edge_set": "Delaunay2" }, "geometry": { "type": "LineString", "coordinates": [ [ 25.158691, 61.855501 ], [ 27.063446, 60.737015 ] ] } },
{ "type": "Feature", "properties": { "voltage_kv": 380.0, "from_node": 161, "to_node": 175, "length_km": 192.70536014757744, "delaunay_k": 2, "edge_set": "Delaunay2" }, "geometry": { "type": "LineString", "coordinates": [ [ 25.158691, 61.855501 ], [ 27.585297, 63.154975 ] ] } },
{ "type": "Feature", "properties": { "voltage_kv": 380.0, "from_node": 161, "to_node": 176, "length_km": 144.79972267692258, "delaunay_k": 2, "edge_set": "Delaunay2" }, "geometry": { "type": "LineString", "coordinates": [ [ 25.158691, 61.855501 ], [ 27.766571, 62.262171 ] ] } },
{ "type": "Feature", "properties": { "voltage_kv": 380.0, "from_node": 161, "to_node": 177, "length_km": 183.85098575644267, "delaunay_k": 2, "edge_set": "Delaunay2" }, "geometry": { "type": "LineString", "coordinates": [ [ 25.158691, 61.855501 ], [ 27.919006, 60.893713 ] ] } },
{ "type": "Feature", "properties": { "voltage_kv": 380.0, "from_node": 162, "to_node": 170, "length_km": 95.171522953692502, "delaunay_k": 2, "edge_set": "Delaunay2" }, "geometry": { "type": "LineString", "coordinates": [ [ 25.209503, 60.378575 ], [ 26.621246, 60.865644 ] ] } },
{ "type": "Feature", "properties": { "voltage_kv": 380.0, "from_node": 162, "to_node": 172, "length_km": 110.13673808364778, "delaunay_k": 2, "edge_set": "Delaunay2" }, "geometry": { "type": "LineString", "coordinates": [ [ 25.209503, 60.378575 ], [ 27.063446, 60.737015 ] ] } },
{ "type": "Feature", "properties": { "voltage_kv": 380.0, "from_node": 162, "to_node": 177, "length_km": 160.32919343831523, "delaunay_k": 2, "edge_set": "Delaunay2" }, "geometry": { "type": "LineString", "coordinates": [ [ 25.209503, 60.378575 ], [ 27.919006, 60.893713 ] ] } },
{ "type": "Feature", "properties": { "voltage_kv": 380.0, "from_node": 163, "to_node": 166, "length_km": 148.38324469464067, "delaunay_k": 2, "edge_set": "Delaunay2" }, "geometry": { "type": "LineString", "coordinates": [ [ 25.415497, 66.285642 ], [ 25.808258, 64.971807 ] ] } },
{ "type": "Feature", "properties": { "voltage_kv": 380.0, "from_node": 163, "to_node": 168, "length_km": 150.97013875696547, "delaunay_k": 2, "edge_set": "Delaunay2" }, "geometry": { "type": "LineString", "coordinates": [ [ 25.415497, 66.285642 ], [ 26.05957, 64.965416 ] ] } },
{ "type": "Feature", "properties": { "voltage_kv": 380.0, "from_node": 163, "to_node": 173, "length_km": 259.04923951541053, "delaunay_k": 2, "edge_set": "Delaunay2" }, "geometry": { "type": "LineString", "coordinates": [ [ 25.415497, 66.285642 ], [ 27.204895, 64.101606 ] ] } },
{ "type": "Feature", "properties": { "voltage_kv": 380.0, "from_node": 163, "to_node": 175, "length_km": 366.31691919539253, "delaunay_k": 2, "edge_set": "Delaunay2" }, "geometry": { "type": "LineString", "coordinates": [ [ 25.415497, 66.285642 ], [ 27.585297, 63.154975 ] ] } },
{ "type": "Feature", "properties": { "voltage_kv": 380.0, "from_node": 163, "to_node": 176, "length_km": 465.81851129997654, "delaunay_k": 2, "edge_set": "Delaunay2" }, "geometry": { "type": "LineString", "coordinates": [ [ 25.415497, 66.285642 ], [ 27.766571, 62.262171 ] ] } },
{ "type": "Feature", "properties": { "voltage_kv": 380.0, "from_node": 164, "to_node": 172, "length_km": 83.14306611828826, "delaunay_k": 2, "edge_set": "Delaunay2" }, "geometry": { "type": "LineString", "coordinates": [ [ 25.659943, 60.469404 ], [ 27.063446, 60.737015 ] ] } },
{ "type": "Feature", "properties": { "voltage_kv": 380.0, "from_node": 164, "to_node": 174, "length_km": 145.56328090651002, "delaunay_k": 2, "edge_set": "Delaunay2" }, "geometry": { "type": "LineString", "coordinates": [ [ 25.659943, 60.469404 ], [ 27.305145, 61.489282 ] ] } },
{ "type": "Feature", "properties": { "voltage_kv": 380.0, "from_node": 164, "to_node": 177, "length_km": 133.33545138016095, "delaunay_k": 2, "edge_set": "Delaunay2" }, "geometry": { "type": "LineString", "coordinates": [ [ 25.659943, 60.469404 ], [ 27.919006, 60.893713 ] ] } },
{ "type": "Feature", "properties": { "voltage_kv": 380.0, "from_node": 165, "to_node": 173, "length_km": 150.76303900150589, "delaunay_k": 2, "edge_set": "Delaunay2" }, "geometry": { "type": "LineString", "coordinates": [ [ 25.694275, 65.279688 ], [ 27.204895, 64.101606 ] ] } },
{ "type": "Feature", "properties": { "voltage_kv": 380.0, "from_node": 165, "to_node": 175, "length_km": 255.72146857964793, "delaunay_k": 2, "edge_set": "Delaunay2" }, "geometry": { "type": "LineString", "coordinates": [ [ 25.694275, 65.279688 ], [ 27.585297, 63.154975 ] ] } },
{ "type": "Feature", "properties": { "voltage_kv": 380.0, "from_node": 165, "to_node": 176, "length_km": 354.00491842161654, "delaunay_k": 2, "edge_set": "Delaunay2" }, "geometry": { "type": "LineString", "coordinates": [ [ 25.694275, 65.279688 ], [ 27.766571, 62.262171 ] ] } },
{ "type": "Feature", "properties": { "voltage_kv": 380.0, "from_node": 166, "to_node": 171, "length_km": 162.57863856063128, "delaunay_k": 2, "edge_set": "Delaunay2" }, "geometry": { "type": "LineString", "coordinates": [ [ 25.808258, 64.971807 ], [ 27.030487, 66.33089 ] ] } },
{ "type": "Feature", "properties": { "voltage_kv": 380.0, "from_node": 166, "to_node": 173, "length_km": 118.67069287951242, "delaunay_k": 2, "edge_set": "Delaunay2" }, "geometry": { "type": "LineString", "coordinates": [ [ 25.808258, 64.971807 ], [ 27.204895, 64.101606 ] ] } },
{ "type": "Feature", "properties": { "voltage_kv": 380.0, "from_node": 166, "to_node": 175, "length_km": 221.82721773924055, "delaunay_k": 2, "edge_set": "Delaunay2" }, "geometry": { "type": "LineString", "coordinates": [ [ 25.808258, 64.971807 ], [ 27.585297, 63.154975 ] ] } },
{ "type": "Feature", "properties": { "voltage_kv": 380.0, "from_node": 167, "to_node": 170, "length_km": 168.61366413302989, "delaunay_k": 2, "edge_set": "Delaunay2" }, "geometry": { "type": "LineString", "coordinates": [ [ 26.032104, 62.340686 ], [ 26.621246, 60.865644 ] ] } },
{ "type": "Feature", "properties": { "voltage_kv": 380.0, "from_node": 167, "to_node": 171, "length_km": 450.34660728501171, "delaunay_k": 2, "edge_set": "Delaunay2" }, "geometry": { "type": "LineString", "coordinates": [ [ 26.032104, 62.340686 ], [ 27.030487, 66.33089 ] ] } },
{ "type": "Feature", "properties": { "voltage_kv": 380.0, "from_node": 167, "to_node": 172, "length_km": 188.42517086982028, "delaunay_k": 2, "edge_set": "Delaunay2" }, "geometry": { "type": "LineString", "coordinates": [ [ 26.032104, 62.340686 ], [ 27.063446, 60.737015 ] ] } },
{ "type": "Feature", "properties": { "voltage_kv": 380.0, "from_node": 167, "to_node": 173, "length_km": 206.40736479577174, "delaunay_k": 2, "edge_set": "Delaunay2" }, "geometry": { "type": "LineString", "coordinates": [ [ 26.032104, 62.340686 ], [ 27.204895, 64.101606 ] ] } },
{ "type": "Feature", "properties": { "voltage_kv": 380.0, "from_node": 167, "to_node": 177, "length_km": 191.37473540774755, "delaunay_k": 2, "edge_set": "Delaunay2" }, "geometry": { "type": "LineString", "coordinates": [ [ 26.032104, 62.340686 ], [ 27.919006, 60.893713 ] ] } },
{ "type": "Feature", "properties": { "voltage_kv": 380.0, "from_node": 168, "to_node": 175, "length_km": 216.61790377155035, "delaunay_k": 2, "edge_set": "Delaunay2" }, "geometry": { "type": "LineString", "coordinates": [ [ 26.05957, 64.965416 ], [ 27.585297, 63.154975 ] ] } },
{ "type": "Feature", "properties": { "voltage_kv": 380.0, "from_node": 168, "to_node": 176, "length_km": 315.26120890341582, "delaunay_k": 2, "edge_set": "Delaunay2" }, "geometry": { "type": "LineString", "coordinates": [ [ 26.05957, 64.965416 ], [ 27.766571, 62.262171 ] ] } },
{ "type": "Feature", "properties": { "voltage_kv": 380.0, "from_node": 169, "to_node": 174, "length_km": 132.39035090777494, "delaunay_k": 2, "edge_set": "Delaunay2" }, "geometry": { "type": "LineString", "coordinates": [ [ 26.294403, 60.418598 ], [ 27.305145, 61.489282 ] ] } },
{ "type": "Feature", "properties": { "voltage_kv": 380.0, "from_node": 169, "to_node": 176, "length_km": 221.89954731084609, "delaunay_k": 2, "edge_set": "Delaunay2" }, "geometry": { "type": "LineString", "coordinates": [ [ 26.294403, 60.418598 ], [ 27.766571, 62.262171 ] ] } },
{ "type": "Feature", "properties": { "voltage_kv": 380.0, "from_node": 170, "to_node": 176, "length_km": 168.53901169579194, "delaunay_k": 2, "edge_set": "Delaunay2" }, "geometry": { "type": "LineString", "coordinates": [ [ 26.621246, 60.865644 ], [ 27.766571, 62.262171 ] ] } },
{ "type": "Feature", "properties": { "voltage_kv": 380.0, "from_node": 170, "to_node": 177, "length_km": 71.194316736613089, "delaunay_k": 2, "edge_set": "Delaunay2" }, "geometry": { "type": "LineString", "coordinates": [ [ 26.621246, 60.865644 ], [ 27.919006, 60.893713 ] ] } },
{ "type": "Feature", "properties": { "voltage_kv": 380.0, "from_node": 172, "to_node": 176, "length_km": 175.5796342767847, "delaunay_k": 2, "edge_set": "Delaunay2" }, "geometry": { "type": "LineString", "coordinates": [ [ 27.063446, 60.737015 ], [ 27.766571, 62.262171 ] ] } },
{ "type": "Feature", "properties": { "voltage_kv": 380.0, "from_node": 173, "to_node": 176, "length_km": 208.6325810587644, "delaunay_k": 2, "edge_set": "Delaunay2" }, "geometry": { "type": "LineString", "coordinates": [ [ 27.204895, 64.101606 ], [ 27.766571, 62.262171 ] ] } },
{ "type": "Feature", "properties": { "voltage_kv": 380.0, "from_node": 174, "to_node": 175, "length_km": 187.78378297498284, "delaunay_k": 2, "edge_set": "Delaunay2" }, "geometry": { "type": "LineString", "coordinates": [ [ 27.305145, 61.489282 ], [ 27.585297, 63.154975 ] ] } },
{ "type": "Feature", "properties": { "voltage_kv": 380.0, "from_node": 175, "to_node": 177, "length_km": 254.87735863408858, "delaunay_k": 2, "edge_set": "Delaunay2" }, "geometry": { "type": "LineString", "coordinates": [ [ 27.585297, 63.154975 ], [ 27.919006, 60.893713 ] ] } }
]
}
