{
"type": "FeatureCollection",
"name": "n490_380kv_delaunay1",
"crs": { "type": "name", "properties": { "name": "urn:ogc:def:crs:OGC:1.3:CRS84" } },
"features": [
{ "type": "Feature", "properties": { "voltage_kv": 380.0, "from_node": 0, "to_node": 1, "length_km": 94.583093440058406, "edge_source": "delaunay", "edge_set": "Delaunay1" }, "geometry": { "type": "LineString", "coordinates": [ [ 6.156464, 60.504583 ], [ 6.432495, 59.667741 ] ] } },
{ "type": "Feature", "properties": { "voltage_kv": 380.0, "from_node": 0, "to_node": 2, "length_km": 117.93736341159399, "edge_source": "delaunay", "edge_set": "Delaunay1" }, "geometry": { "type": "LineString", "coordinates": [ [ 6.156464, 60.504583 ], [ 6.491547, 59.460431 ] ] } },
{ "type": "Feature", "properties": { "voltage_kv": 380.0, "from_node": 0, "to_node": 5, "length_km": 225.00408030416691, "edge_source": "delaunay", "edge_set": "Delaunay1" }, "geometry": { "type": "LineString", "coordinates": [ [ 6.156464, 60.504583 ], [ 7.033997, 62.47807 ] ] } },
{ "type": "Feature", "properties": { "voltage_kv": 380.0, "from_node": 0, "to_node": 6, "length_km": 52.379932882561704, "edge_source": "delaunay", "edge_set": "Delaunay1" }, "geometry": { "type": "LineString", "coordinates": [ [ 6.156464, 60.504583 ], [ 7.108154, 60.527563 ] ] } },
{ "type": "Feature", "properties": { "voltage_kv": 380.0, "from_node": 0, "to_node": 7, "length_km": 76.316005436497321, "edge_source": "delaunay", "edge_set": "Delaunay1" }, "geometry": { "type": "LineString", "coordinates": [ [ 6.156464, 60.504583 ], [ 7.216644, 60.950443 ] ] } },
{ "type": "Feature", "properties": { "voltage_kv": 380.0, "from_node": 0, "to_node": 8, "length_km": 59.416009833848719, "edge_source": "delaunay", "edge_set": "Delaunay1" }, "geometry": { "type": "LineString", "coordinates": [ [ 6.156464, 60.504583 ], [ 7.23587, 60.484968 ] ] } },
{ "type": "Feature", "properties": { "voltage_kv": 380.0, "from_node": 0, "to_node": 9, "length_km": 101.32917019735694, "edge_source": "delaunay", "edge_set": "Delaunay1" }, "geometry": { "type": "LineString", "coordinates": [ [ 6.156464, 60.504583 ], [ 7.338867, 61.206798 ] ] } },
{ "type": "Feature", "properties": { "voltage_kv": 380.0, "from_node": 1, "to_node": 2, "length_km": 23.356920175648092, "edge_source": "delaunay", "edge_set": "Delaunay1" }, "geometry": { "type": "LineString", "coordinates": [ [ 6.432495, 59.667741 ], [ 6.491547, 59.460431 ] ] } },
{ "type": "Feature", "properties": { "voltage_kv": 380.0, "from_node": 1, "to_node": 3, "length_km": 26.073380327278603, "edge_source": "delaunay", "edge_set": "Delaunay1" }, "geometry": { "type": "LineString", "coordinates": [ [ 6.432495, 59.667741 ], [ 6.650848, 59.461826 ] ] } },
{ "type": "Feature", "properties": { "voltage_kv": 380.0, "from_node": 1, "to_node": 4, "length_km": 35.502212150447015, "edge_source": "delaunay", "edge_set": "Delaunay1" }, "geometry": { "type": "LineString", "coordinates": [ [ 6.432495, 59.667741 ], [ 6.992798, 59.523872 ] ] } },
{ "type": "Feature", "properties": { "voltage_kv": 380.0, "from_node": 1, "to_node": 8, "length_km": 101.51809476153814, "edge_source": "delaunay", "edge_set": "Delaunay1" }, "geometry": { "type": "LineString", "coordinates": [ [ 6.432495, 59.667741 ], [ 7.23587, 60.484968 ] ] } },
{ "type": "Feature", "properties": { "voltage_kv": 380.0, "from_node": 2, "to_node": 3, "length_km": 9.0425156087901382, "edge_source": "delaunay", "edge_set": "Delaunay1" }, "geometry": { "type": "LineString", "coordinates": [ [ 6.491547, 59.460431 ], [ 6.650848, 59.461826 ] ] } },
{ "type": "Feature", "properties": { "voltage_kv": 380.0, "from_node": 2, "to_node": 13, "length_km": 88.996481036369985, "edge_source": "delaunay", "edge_set": "Delaunay1" }, "geometry": { "type": "LineString", "coordinates": [ [ 6.491547, 59.460431 ], [ 7.727509, 58.974791 ] ] } },
{ "type": "Feature", "properties": { "voltage_kv": 380.0, "from_node": 2, "to_node": 18, "length_km": 164.38810029513326, "edge_source": "delaunay", "edge_set": "Delaunay1" }, "geometry": { "type": "LineString", "coordinates": [ [ 6.491547, 59.460431 ], [ 8.102417, 58.2445 ] ] } },
{ "type": "Feature", "properties": { "voltage_kv": 380.0, "from_node": 3, "to_node": 4, "length_km": 20.584669086567125, "edge_source": "delaunay", "edge_set": "Delaunay1" }, "geometry": { "type": "LineString", "coordinates": [ [ 6.650848, 59.461826 ], [ 6.992798, 59.523872 ] ] } },
{ "type": "Feature", "properties": { "voltage_kv": 380.0, "from_node": 3, "to_node": 13, "length_km": 82.057716218190308, "edge_source": "delaunay", "edge_set": "Delaunay1" }, "geometry": { "type": "LineString", "coordinates": [ [ 6.650848, 59.461826 ], [ 7.727509, 58.974791 ] ] } },
{ "type": "Feature", "properties": { "voltage_kv": 380.0, "from_node": 4, "to_node": 8, "length_km": 108.00616017269445, "edge_source": "delaunay", "edge_set": "Delaunay1" }, "geometry": { "type": "LineString", "coordinates": [ [ 6.992798, 59.523872 ], [ 7.23587, 60.484968 ] ] } },
{ "type": "Feature", "properties": { "voltage_kv": 380.0, "from_node": 4, "to_node": 11, "length_km": 27.078488942822773, "edge_source": "delaunay", "edge_set": "Delaunay1" }, "geometry": { "type": "LineString", "coordinates": [ [ 6.992798, 59.523872 ], [ 7.462463, 59.479266 ] ] } },
{ "type": "Feature", "properties": { "voltage_kv": 380.0, "from_node": 4, "to_node": 13, "length_km": 74.200088135156477, "edge_source": "delaunay", "edge_set": "Delaunay1" }, "geometry": { "type": "LineString", "coordinates": [ [ 6.992798, 59.523872 ], [ 7.727509, 58.974791 ] ] } },
{ "type": "Feature", "properties": { "voltage_kv": 380.0, "from_node": 5, "to_node": 9, "length_km": 142.66380919550483, "edge_source": "delaunay", "edge_set": "Delaunay1" }, "geometry": { "type": "LineString", "coordinates": [ [ 7.033997, 62.47807 ], [ 7.338867, 61.206798 ] ] } },
{ "type": "Feature", "properties": { "voltage_kv": 380.0, "from_node": 5, "to_node": 14, "length_km": 39.59275799932707, "edge_source": "delaunay", "edge_set": "Delaunay1" }, "geometry": { "type": "LineString", "coordinates": [ [ 7.033997, 62.47807 ], [ 7.7948, 62.526259 ] ] } },
{ "type": "Feature", "properties": { "voltage_kv": 380.0, "from_node": 5, "to_node": 19, "length_km": 77.687343875944123, "edge_source": "delaunay", "edge_set": "Delaunay1" }, "geometry": { "type": "LineString", "coordinates": [ [ 7.033997, 62.47807 ], [ 8.480072, 62.679816 ] ] } },
{ "type": "Feature", "properties": { "voltage_kv": 380.0, "from_node": 5, "to_node": 26, "length_km": 195.65957098972194, "edge_source": "delaunay", "edge_set": "Delaunay1" }, "geometry": { "type": "LineString", "coordinates": [ [ 7.033997, 62.47807 ], [ 10.457611, 63.276888 ] ] } },
{ "type": "Feature", "properties": { "voltage_kv": 380.0, "from_node": 6, "to_node": 7, "length_km": 47.519484173055773, "edge_source": "delaunay", "edge_set": "Delaunay1" }, "geometry": { "type": "LineString", "coordinates": [ [ 7.108154, 60.527563 ], [ 7.216644, 60.950443 ] ] } },
{ "type": "Feature", "properties": { "voltage_kv": 380.0, "from_node": 6, "to_node": 8, "length_km": 8.476997212764207, "edge_source": "delaunay", "edge_set": "Delaunay1" }, "geometry": { "type": "LineString", "coordinates": [ [ 7.108154, 60.527563 ], [ 7.23587, 60.484968 ] ] } },
{ "type": "Feature", "properties": { "voltage_kv": 380.0, "from_node": 6, "to_node": 12, "length_km": 49.041569598481161, "edge_source": "delaunay", "edge_set": "Delaunay1" }, "geometry": { "type": "LineString", "coordinates": [ [ 7.108154, 60.527563 ], [ 7.462463, 60.931767 ] ] } },
{ "type": "Feature", "properties": { "voltage_kv": 380.0, "from_node": 6, "to_node": 15, "length_km": 44.596688198706744, "edge_source": "delaunay", "edge_set": "Delaunay1" }, "geometry": { "type": "LineString", "coordinates": [ [ 7.108154, 60.527563 ], [ 7.893677, 60.630775 ] ] } },
{ "type": "Feature", "properties": { "voltage_kv": 380.0, "from_node": 7, "to_node": 9, "length_km": 29.334697650127293, "edge_source": "delaunay", "edge_set": "Delaunay1" }, "geometry": { "type": "LineString", "coordinates": [ [ 7.216644, 60.950443 ], [ 7.338867, 61.206798 ] ] } },
{ "type": "Feature", "properties": { "voltage_kv": 380.0, "from_node": 7, "to_node": 10, "length_km": 10.982591999077618, "edge_source": "delaunay", "edge_set": "Delaunay1" }, "geometry": { "type": "LineString", "coordinates": [ [ 7.216644, 60.950443 ], [ 7.395172, 60.997087 ] ] } },
{ "type": "Feature", "properties": { "voltage_kv": 380.0, "from_node": 7, "to_node": 12, "length_km": 13.494491396630822, "edge_source": "delaunay", "edge_set": "Delaunay1" }, "geometry": { "type": "LineString", "coordinates": [ [ 7.216644, 60.950443 ], [ 7.462463, 60.931767 ] ] } },
{ "type": "Feature", "properties": { "voltage_kv": 380.0, "from_node": 8, "to_node": 11, "length_km": 112.82694911660923, "edge_source": "delaunay", "edge_set": "Delaunay1" }, "geometry": { "type": "LineString", "coordinates": [ [ 7.23587, 60.484968 ], [ 7.462463, 59.479266 ] ] } },
{ "type": "Feature", "properties": { "voltage_kv": 380.0, "from_node": 8, "to_node": 15, "length_km": 39.594796823519602, "edge_source": "delaunay", "edge_set": "Delaunay1" }, "geometry": { "type": "LineString", "coordinates": [ [ 7.23587, 60.484968 ], [ 7.893677, 60.630775 ] ] } },
{ "type": "Feature", "properties": { "voltage_kv": 380.0, "from_node": 8, "to_node": 17, "length_km": 46.984941734315868, "edge_source": "delaunay", "edge_set": "Delaunay1" }, "geometry": { "type": "LineString", "coordinates": [ [ 7.23587, 60.484968 ], [ 8.088684, 60.511343 ] ] } },
{ "type": "Feature", "properties": { "voltage_kv": 380.0, "from_node": 9, "to_node": 10, "length_km": 23.57791105175848, "edge_source": "delaunay", "edge_set": "Delaunay1" }, "geometry": { "type": "LineString", "coordinates": [ [ 7.338867, 61.206798 ], [ 7.395172, 60.997087 ] ] } },
{ "type": "Feature", "properties": { "voltage_kv": 380.0, "from_node": 9, "to_node": 12, "length_km": 31.382066507593457, "edge_source": "delaunay", "edge_set": "Delaunay1" }, "geometry": { "type": "LineString", "coordinates": [ [ 7.338867, 61.206798 ], [ 7.462463, 60.931767 ] ] } },
{ "type": "Feature", "properties": { "voltage_kv": 380.0, "from_node": 9, "to_node": 14, "length_km": 149.06085776175388, "edge_source": "delaunay", "edge_set": "Delaunay1" }, "geometry": { "type": "LineString", "coordinates": [ [ 7.338867, 61.206798 ], [ 7.7948, 62.526259 ] ] } },
{ "type": "Feature", "properties": { "voltage_kv": 380.0, "from_node": 9, "to_node": 16, "length_km": 72.182045878846779, "edge_source": "delaunay", "edge_set": "Delaunay1" }, "geometry": { "type": "LineString", "coordinates": [ [ 7.338867, 61.206798 ], [ 8.084564, 60.670488 ] ] } },
{ "type": "Feature", "properties": { "voltage_kv": 380.0, "from_node": 9, "to_node": 19, "length_km": 174.8133622802907, "edge_source": "delaunay", "edge_set": "Delaunay1" }, "geometry": { "type": "LineString", "coordinates": [ [ 7.338867, 61.206798 ], [ 8.480072, 62.679816 ] ] } },
{ "type": "Feature", "properties": { "voltage_kv": 380.0, "from_node": 10, "to_node": 12, "length_km": 8.1446434766630507, "edge_source": "delaunay", "edge_set": "Delaunay1" }, "geometry": { "type": "LineString", "coordinates": [ [ 7.395172, 60.997087 ], [ 7.462463, 60.931767 ] ] } },
{ "type": "Feature", "properties": { "voltage_kv": 380.0, "from_node": 11, "to_node": 13, "length_km": 58.232153739959202, "edge_source": "delaunay", "edge_set": "Delaunay1" }, "geometry": { "type": "LineString", "coordinates": [ [ 7.462463, 59.479266 ], [ 7.727509, 58.974791 ] ] } },
{ "type": "Feature", "properties": { "voltage_kv": 380.0, "from_node": 11, "to_node": 17, "length_km": 120.23640807746393, "edge_source": "delaunay", "edge_set": "Delaunay1" }, "geometry": { "type": "LineString", "coordinates": [ [ 7.462463, 59.479266 ], [ 8.088684, 60.511343 ] ] } },
{ "type": "Feature", "properties": { "voltage_kv": 380.0, "from_node": 11, "to_node": 20, "length_km": 116.66617720135125, "edge_source": "delaunay", "edge_set": "Delaunay1" }, "geometry": { "type": "LineString", "coordinates": [ [ 7.462463, 59.479266 ], [ 8.596802, 60.357527 ] ] } },
{ "type": "Feature", "properties": { "voltage_kv": 380.0, "from_node": 11, "to_node": 21, "length_km": 121.43034567589856, "edge_source": "delaunay", "edge_set": "Delaunay1" }, "geometry": { "type": "LineString", "coordinates": [ [ 7.462463, 59.479266 ], [ 9.026642, 60.232994 ] ] } },
{ "type": "Feature", "properties": { "voltage_kv": 380.0, "from_node": 11, "to_node": 22, "length_km": 123.15622380026507, "edge_source": "delaunay", "edge_set": "Delaunay1" }, "geometry": { "type": "LineString", "coordinates": [ [ 7.462463, 59.479266 ], [ 9.593811, 59.282019 ] ] } },
{ "type": "Feature", "properties": { "voltage_kv": 380.0, "from_node": 12, "to_node": 15, "length_km": 40.967060662005665, "edge_source": "delaunay", "edge_set": "Delaunay1" }, "geometry": { "type": "LineString", "coordinates": [ [ 7.462463, 60.931767 ], [ 7.893677, 60.630775 ] ] } },
{ "type": "Feature", "properties": { "voltage_kv": 380.0, "from_node": 12, "to_node": 16, "length_km": 44.683307699158469, "edge_source": "delaunay", "edge_set": "Delaunay1" }, "geometry": { "type": "LineString", "coordinates": [ [ 7.462463, 60.931767 ], [ 8.084564, 60.670488 ] ] } },
{ "type": "Feature", "properties": { "voltage_kv": 380.0, "from_node": 13, "to_node": 18, "length_km": 84.254321683736691, "edge_source": "delaunay", "edge_set": "Delaunay1" }, "geometry": { "type": "LineString", "coordinates": [ [ 7.727509, 58.974791 ], [ 8.102417, 58.2445 ] ] } },
{ "type": "Feature", "properties": { "voltage_kv": 380.0, "from_node": 13, "to_node": 22, "length_km": 112.24230700100476, "edge_source": "delaunay", "edge_set": "Delaunay1" }, "geometry": { "type": "LineString", "coordinates": [ [ 7.727509, 58.974791 ], [ 9.593811, 59.282019 ] ] } },
{ "type": "Feature", "properties": { "voltage_kv": 380.0, "from_node": 14, "to_node": 19, "length_km": 39.148707748376573, "edge_source": "delaunay", "edge_set": "Delaunay1" }, "geometry": { "type": "LineString", "coordinates": [ [ 7.7948, 62.526259 ], [ 8.480072, 62.679816 ] ] } },
{ "type": "Feature", "properties": { "voltage_kv": 380.0, "from_node": 15, "to_node": 16, "length_km": 11.345198553499145, "edge_source": "delaunay", "edge_set": "Delaunay1" }, "geometry": { "type": "LineString", "coordinates": [ [ 7.893677, 60.630775 ], [ 8.084564, 60.670488 ] ] } },
{ "type": "Feature", "properties": { "voltage_kv": 380.0, "from_node": 15, "to_node": 17, "length_km": 17.078386363990884, "edge_source": "delaunay", "edge_set": "Delaunay1" }, "geometry": { "type": "LineString", "coordinates": [ [ 7.893677, 60.630775 ], [ 8.088684, 60.511343 ] ] } },
{ "type": "Feature", "properties": { "voltage_kv": 380.0, "from_node": 16, "to_node": 17, "length_km": 17.740599712128361, "edge_source": "delaunay", "edge_set": "Delaunay1" }, "geometry": { "type": "LineString", "coordinates": [ [ 8.084564, 60.670488 ], [ 8.088684, 60.511343 ] ] } },
{ "type": "Feature", "properties": { "voltage_kv": 380.0, "from_node": 16, "to_node": 19, "length_km": 224.96860453725142, "edge_source": "delaunay", "edge_set": "Delaunay1" }, "geometry": { "type": "LineString", "coordinates": [ [ 8.084564, 60.670488 ], [ 8.480072, 62.679816 ] ] } },
{ "type": "Feature", "properties": { "voltage_kv": 380.0, "from_node": 16, "to_node": 20, "length_km": 44.822075035020191, "edge_source": "delaunay", "edge_set": "Delaunay1" }, "geometry": { "type": "LineString", "coordinates": [ [ 8.084564, 60.670488 ], [ 8.596802, 60.357527 ] ] } },
{ "type": "Feature", "properties": { "voltage_kv": 380.0, "from_node": 16, "to_node": 24, "length_km": 123.32448104271862, "edge_source": "delaunay", "edge_set": "Delaunay1" }, "geometry": { "type": "LineString", "coordinates": [ [ 8.084564, 60.670488 ], [ 10.214539, 60.322868 ] ] } },
{ "type": "Feature", "properties": { "voltage_kv": 380.0, "from_node": 17, "to_node": 20, "length_km": 32.822666921877598, "edge_source": "delaunay", "edge_set": "Delaunay1" }, "geometry": { "type": "LineString", "coordinates": [ [ 8.088684, 60.511343 ], [ 8.596802, 60.357527 ] ] } },
{ "type": "Feature", "properties": { "voltage_kv": 380.0, "from_node": 18, "to_node": 22, "length_km": 144.27072590324767, "edge_source": "delaunay", "edge_set": "Delaunay1" }, "geometry": { "type": "LineString", "coordinates": [ [ 8.102417, 58.2445 ], [ 9.593811, 59.282019 ] ] } },
{ "type": "Feature", "properties": { "voltage_kv": 380.0, "from_node": 19, "to_node": 24, "length_km": 278.43381398296151, "edge_source": "delaunay", "edge_set": "Delaunay1" }, "geometry": { "type": "LineString", "coordinates": [ [ 8.480072, 62.679816 ], [ 10.214539, 60.322868 ] ] } },
{ "type": "Feature", "properties": { "voltage_kv": 380.0, "from_node": 19, "to_node": 26, "length_km": 120.36209855448089, "edge_source": "delaunay", "edge_set": "Delaunay1" }, "geometry": { "type": "LineString", "coordinates": [ [ 8.480072, 62.679816 ], [ 10.457611, 63.276888 ] ] } },
{ "type": "Feature", "properties": { "voltage_kv": 380.0, "from_node": 19, "to_node": 35, "length_km": 170.06031225398522, "edge_source": "delaunay", "edge_set": "Delaunay1" }, "geometry": { "type": "LineString", "coordinates": [ [ 8.480072, 62.679816 ], [ 11.727905, 63.035662 ] ] } },
{ "type": "Feature", "properties": { "voltage_kv": 380.0, "from_node": 20, "to_node": 21, "length_km": 27.530703005844611, "edge_source": "delaunay", "edge_set": "Delaunay1" }, "geometry": { "type": "LineString", "coordinates": [ [ 8.596802, 60.357527 ], [ 9.026642, 60.232994 ] ] } },
{ "type": "Feature", "properties": { "voltage_kv": 380.0, "from_node": 20, "to_node": 24, "length_km": 89.435818497458158, "edge_source": "delaunay", "edge_set": "Delaunay1" }, "geometry": { "type": "LineString", "coordinates": [ [ 8.596802, 60.357527 ], [ 10.214539, 60.322868 ] ] } },
{ "type": "Feature", "properties": { "voltage_kv": 380.0, "from_node": 21, "to_node": 22, "length_km": 110.65538817347282, "edge_source": "delaunay", "edge_set": "Delaunay1" }, "geometry": { "type": "LineString", "coordinates": [ [ 9.026642, 60.232994 ], [ 9.593811, 59.282019 ] ] } },
{ "type": "Feature", "properties": { "voltage_kv": 380.0, "from_node": 21, "to_node": 23, "length_km": 59.211018265476568, "edge_source": "delaunay", "edge_set": "Delaunay1" }, "geometry": { "type": "LineString", "coordinates": [ [ 9.026642, 60.232994 ], [ 10.092316, 60.198203 ] ] } },
{ "type": "Feature", "properties": { "voltage_kv": 380.0, "from_node": 21, "to_node": 24, "length_km": 66.493118538427225, "edge_source": "delaunay", "edge_set": "Delaunay1" }, "geometry": { "type": "LineString", "coordinates": [ [ 9.026642, 60.232994 ], [ 10.214539, 60.322868 ] ] } },
{ "type": "Feature", "properties": { "voltage_kv": 380.0, "from_node": 21, "to_node": 25, "length_km": 80.185210219474783, "edge_source": "delaunay", "edge_set": "Delaunay1" }, "geometry": { "type": "LineString", "coordinates": [ [ 9.026642, 60.232994 ], [ 10.288696, 59.88687 ] ] } },
{ "type": "Feature", "properties": { "voltage_kv": 380.0, "from_node": 22, "to_node": 25, "length_km": 77.991703845863739, "edge_source": "delaunay", "edge_set": "Delaunay1" }, "geometry": { "type": "LineString", "coordinates": [ [ 9.593811, 59.282019 ], [ 10.288696, 59.88687 ] ] } },
{ "type": "Feature", "properties": { "voltage_kv": 380.0, "from_node": 22, "to_node": 27, "length_km": 75.09374214404184, "edge_source": "delaunay", "edge_set": "Delaunay1" }, "geometry": { "type": "LineString", "coordinates": [ [ 9.593811, 59.282019 ], [ 10.780334, 59.580242 ] ] } },
{ "type": "Feature", "properties": { "voltage_kv": 380.0, "from_node": 22, "to_node": 31, "length_km": 90.538596766882932, "edge_source": "delaunay", "edge_set": "Delaunay1" }, "geometry": { "type": "LineString", "coordinates": [ [ 9.593811, 59.282019 ], [ 11.181335, 59.317776 ] ] } },
{ "type": "Feature", "properties": { "voltage_kv": 380.0, "from_node": 22, "to_node": 33, "length_km": 104.76896342890119, "edge_source": "delaunay", "edge_set": "Delaunay1" }, "geometry": { "type": "LineString", "coordinates": [ [ 9.593811, 59.282019 ], [ 11.409302, 59.147769 ] ] } },
{ "type": "Feature", "properties": { "voltage_kv": 380.0, "from_node": 23, "to_node": 24, "length_km": 15.451068159817092, "edge_source": "delaunay", "edge_set": "Delaunay1" }, "geometry": { "type": "LineString", "coordinates": [ [ 10.092316, 60.198203 ], [ 10.214539, 60.322868 ] ] } },
{ "type": "Feature", "properties": { "voltage_kv": 380.0, "from_node": 23, "to_node": 25, "length_km": 36.373953629701724, "edge_source": "delaunay", "edge_set": "Delaunay1" }, "geometry": { "type": "LineString", "coordinates": [ [ 10.092316, 60.198203 ], [ 10.288696, 59.88687 ] ] } },
{ "type": "Feature", "properties": { "voltage_kv": 380.0, "from_node": 23, "to_node": 29, "length_km": 49.428836185740956, "edge_source": "delaunay", "edge_set": "Delaunay1" }, "geometry": { "type": "LineString", "coordinates": [ [ 10.092316, 60.198203 ], [ 10.839386, 59.958448 ] ] } },
{ "type": "Feature", "properties": { "voltage_kv": 380.0, "from_node": 24, "to_node": 29, "length_km": 53.42271317111134, "edge_source": "delaunay", "edge_set": "Delaunay1" }, "geometry": { "type": "LineString", "coordinates": [ [ 10.214539, 60.322868 ], [ 10.839386, 59.958448 ] ] } },
{ "type": "Feature", "properties": { "voltage_kv": 380.0, "from_node": 24, "to_node": 35, "length_km": 312.73681814801114, "edge_source": "delaunay", "edge_set": "Delaunay1" }, "geometry": { "type": "LineString", "coordinates": [ [ 10.214539, 60.322868 ], [ 11.727905, 63.035662 ] ] } },
{ "type": "Feature", "properties": { "voltage_kv": 380.0, "from_node": 24, "to_node": 69, "length_km": 335.26618893978855, "edge_source": "delaunay", "edge_set": "Delaunay1" }, "geometry": { "type": "LineString", "coordinates": [ [ 10.214539, 60.322868 ], [ 14.515686, 62.516121 ] ] } },
{ "type": "Feature", "properties": { "voltage_kv": 380.0, "from_node": 24, "to_node": 77, "length_km": 274.62547709952304, "edge_source": "delaunay", "edge_set": "Delaunay1" }, "geometry": { "type": "LineString", "coordinates": [ [ 10.214539, 60.322868 ], [ 15.188599, 60.415208 ] ] } },
{ "type": "Feature", "properties": { "voltage_kv": 380.0, "from_node": 25, "to_node": 27, "length_km": 43.951975070109675, "edge_source": "delaunay", "edge_set": "Delaunay1" }, "geometry": { "type": "LineString", "coordinates": [ [ 10.288696, 59.88687 ], [ 10.780334, 59.580242 ] ] } },
{ "type": "Feature", "properties": { "voltage_kv": 380.0, "from_node": 25, "to_node": 28, "length_km": 35.242191886036849, "edge_source": "delaunay", "edge_set": "Delaunay1" }, "geometry": { "type": "LineString", "coordinates": [ [ 10.288696, 59.88687 ], [ 10.82428, 59.721792 ] ] } },
{ "type": "Feature", "properties": { "voltage_kv": 380.0, "from_node": 25, "to_node": 29, "length_km": 31.816602437646647, "edge_source": "delaunay", "edge_set": "Delaunay1" }, "geometry": { "type": "LineString", "coordinates": [ [ 10.288696, 59.88687 ], [ 10.839386, 59.958448 ] ] } },
{ "type": "Feature", "properties": { "voltage_kv": 380.0, "from_node": 26, "to_node": 35, "length_km": 69.441158424893146, "edge_source": "delaunay", "edge_set": "Delaunay1" }, "geometry": { "type": "LineString", "coordinates": [ [ 10.457611, 63.276888 ], [ 11.727905, 63.035662 ] ] } },
{ "type": "Feature", "properties": { "voltage_kv": 380.0, "from_node": 26, "to_node": 51, "length_km": 106.20369238246835, "edge_source": "delaunay", "edge_set": "Delaunay1" }, "geometry": { "type": "LineString", "coordinates": [ [ 10.457611, 63.276888 ], [ 12.568359, 63.361367 ] ] } },
{ "type": "Feature", "properties": { "voltage_kv": 380.0, "from_node": 26, "to_node": 63, "length_km": 356.17887388133113, "edge_source": "delaunay", "edge_set": "Delaunay1" }, "geometry": { "type": "LineString", "coordinates": [ [ 10.457611, 63.276888 ], [ 13.763123, 66.142743 ] ] } },
{ "type": "Feature", "properties": { "voltage_kv": 380.0, "from_node": 27, "to_node": 28, "length_km": 15.963321429667882, "edge_source": "delaunay", "edge_set": "Delaunay1" }, "geometry": { "type": "LineString", "coordinates": [ [ 10.780334, 59.580242 ], [ 10.82428, 59.721792 ] ] } },
{ "type": "Feature", "properties": { "voltage_kv": 380.0, "from_node": 27, "to_node": 31, "length_km": 37.045726436914535, "edge_source": "delaunay", "edge_set": "Delaunay1" }, "geometry": { "type": "LineString", "coordinates": [ [ 10.780334, 59.580242 ], [ 11.181335, 59.317776 ] ] } },
{ "type": "Feature", "properties": { "voltage_kv": 380.0, "from_node": 28, "to_node": 29, "length_km": 26.379729591412051, "edge_source": "delaunay", "edge_set": "Delaunay1" }, "geometry": { "type": "LineString", "coordinates": [ [ 10.82428, 59.721792 ], [ 10.839386, 59.958448 ] ] } },
{ "type": "Feature", "properties": { "voltage_kv": 380.0, "from_node": 28, "to_node": 31, "length_km": 49.339205659895029, "edge_source": "delaunay", "edge_set": "Delaunay1" }, "geometry": { "type": "LineString", "coordinates": [ [ 10.82428, 59.721792 ], [ 11.181335, 59.317776 ] ] } },
{ "type": "Feature", "properties": { "voltage_kv": 380.0, "from_node": 28, "to_node": 54, "length_km": 129.16009733542577, "edge_source": "delaunay", "edge_set": "Delaunay1" }, "geometry": { "type": "LineString", "coordinates": [ [ 10.82428, 59.721792 ], [ 12.9776, 59.337392 ] ] } },
{ "type": "Feature", "properties": { "voltage_kv": 380.0, "from_node": 29, "to_node": 54, "length_km": 139.01412922439093, "edge_source": "delaunay", "edge_set": "Delaunay1" }, "geometry": { "type": "LineString", "coordinates": [ [ 10.839386, 59.958448 ], [ 12.9776, 59.337392 ] ] } },
{ "type": "Feature", "properties": { "voltage_kv": 380.0, "from_node": 29, "to_node": 77, "length_km": 246.61762244353082, "edge_source": "delaunay", "edge_set": "Delaunay1" }, "geometry": { "type": "LineString", "coordinates": [ [ 10.839386, 59.958448 ], [ 15.188599, 60.415208 ] ] } },
{ "type": "Feature", "properties": { "voltage_kv": 380.0, "from_node": 30, "to_node": 32, "length_km": 14.776954000962679, "edge_source": "delaunay", "edge_set": "Delaunay1" }, "geometry": { "type": "LineString", "coordinates": [ [ 11.089325, 55.66132 ], [ 11.211548, 55.548058 ] ] } },
{ "type": "Feature", "properties": { "voltage_kv": 380.0, "from_node": 30, "to_node": 36, "length_km": 52.937972962012076, "edge_source": "delaunay", "edge_set": "Delaunay1" }, "geometry": { "type": "LineString", "coordinates": [ [ 11.089325, 55.66132 ], [ 11.885834, 55.816715 ] ] } },
{ "type": "Feature", "properties": { "voltage_kv": 380.0, "from_node": 31, "to_node": 33, "length_km": 22.979109017925484, "edge_source": "delaunay", "edge_set": "Delaunay1" }, "geometry": { "type": "LineString", "coordinates": [ [ 11.181335, 59.317776 ], [ 11.409302, 59.147769 ] ] } },
{ "type": "Feature", "properties": { "voltage_kv": 380.0, "from_node": 31, "to_node": 54, "length_km": 102.28291643265469, "edge_source": "delaunay", "edge_set": "Delaunay1" }, "geometry": { "type": "LineString", "coordinates": [ [ 11.181335, 59.317776 ], [ 12.9776, 59.337392 ] ] } },
{ "type": "Feature", "properties": { "voltage_kv": 380.0, "from_node": 32, "to_node": 36, "length_km": 51.901121537304618, "edge_source": "delaunay", "edge_set": "Delaunay1" }, "geometry": { "type": "LineString", "coordinates": [ [ 11.211548, 55.548058 ], [ 11.885834, 55.816715 ] ] } },
{ "type": "Feature", "properties": { "voltage_kv": 380.0, "from_node": 32, "to_node": 38, "length_km": 48.749041486294779, "edge_source": "delaunay", "edge_set": "Delaunay1" }, "geometry": { "type": "LineString", "coordinates": [ [ 11.211548, 55.548058 ], [ 11.961365, 55.445374 ] ] } },
{ "type": "Feature", "properties": { "voltage_kv": 380.0, "from_node": 33, "to_node": 34, "length_km": 41.253160390069361, "edge_source": "delaunay", "edge_set": "Delaunay1" }, "geometry": { "type": "LineString", "coordinates": [ [ 11.409302, 59.147769 ], [ 11.629028, 58.795248 ] ] } },
{ "type": "Feature", "properties": { "voltage_kv": 380.0, "from_node": 33, "to_node": 54, "length_km": 91.964322630083359, "edge_source": "delaunay", "edge_set": "Delaunay1" }, "geometry": { "type": "LineString", "coordinates": [ [ 11.409302, 59.147769 ], [ 12.9776, 59.337392 ] ] } },
{ "type": "Feature", "properties": { "voltage_kv": 380.0, "from_node": 34, "to_node": 37, "length_km": 120.60278284409812, "edge_source": "delaunay", "edge_set": "Delaunay1" }, "geometry": { "type": "LineString", "coordinates": [ [ 11.629028, 58.795248 ], [ 11.954498, 57.726153 ] ] } },
{ "type": "Feature", "properties": { "voltage_kv": 380.0, "from_node": 34, "to_node": 44, "length_km": 67.167462431362836, "edge_source": "delaunay", "edge_set": "Delaunay1" }, "geometry": { "type": "LineString", "coordinates": [ [ 11.629028, 58.795248 ], [ 12.299194, 58.304438 ] ] } },
{ "type": "Feature", "properties": { "voltage_kv": 380.0, "from_node": 34, "to_node": 54, "length_km": 98.144328045453207, "edge_source": "delaunay", "edge_set": "Delaunay1" }, "geometry": { "type": "LineString", "coordinates": [ [ 11.629028, 58.795248 ], [ 12.9776, 59.337392 ] ] } },
{ "type": "Feature", "properties": { "voltage_kv": 380.0, "from_node": 35, "to_node": 51, "length_km": 55.743217732230299, "edge_source": "delaunay", "edge_set": "Delaunay1" }, "geometry": { "type": "LineString", "coordinates": [ [ 11.727905, 63.035662 ], [ 12.568359, 63.361367 ] ] } },
{ "type": "Feature", "properties": { "voltage_kv": 380.0, "from_node": 35, "to_node": 61, "length_km": 94.662030049776575, "edge_source": "delaunay", "edge_set": "Delaunay1" }, "geometry": { "type": "LineString", "coordinates": [ [ 11.727905, 63.035662 ], [ 13.458252, 63.368755 ] ] } },
{ "type": "Feature", "properties": { "voltage_kv": 380.0, "from_node": 35, "to_node": 69, "length_km": 153.67892061283592, "edge_source": "delaunay", "edge_set": "Delaunay1" }, "geometry": { "type": "LineString", "coordinates": [ [ 11.727905, 63.035662 ], [ 14.515686, 62.516121 ] ] } },
{ "type": "Feature", "properties": { "voltage_kv": 380.0, "from_node": 36, "to_node": 38, "length_km": 41.617121267082638, "edge_source": "delaunay", "edge_set": "Delaunay1" }, "geometry": { "type": "LineString", "coordinates": [ [ 11.885834, 55.816715 ], [ 11.961365, 55.445374 ] ] } },
{ "type": "Feature", "properties": { "voltage_kv": 380.0, "from_node": 36, "to_node": 41, "length_km": 22.982370486716029, "edge_source": "delaunay", "edge_set": "Delaunay1" }, "geometry": { "type": "LineString", "coordinates": [ [ 11.885834, 55.816715 ], [ 12.240143, 55.764213 ] ] } },
{ "type": "Feature", "properties": { "voltage_kv": 380.0, "from_node": 36, "to_node": 42, "length_km": 26.308719789020657, "edge_source": "delaunay", "edge_set": "Delaunay1" }, "geometry": { "type": "LineString", "coordinates": [ [ 11.885834, 55.816715 ], [ 12.242889, 55.693068 ] ] } },
{ "type": "Feature", "properties": { "voltage_kv": 380.0, "from_node": 36, "to_node": 46, "length_km": 34.268530727958812, "edge_source": "delaunay", "edge_set": "Delaunay1" }, "geometry": { "type": "LineString", "coordinates": [ [ 11.885834, 55.816715 ], [ 12.385712, 55.942279 ] ] } },
{ "type": "Feature", "properties": { "voltage_kv": 380.0, "from_node": 37, "to_node": 39, "length_km": 19.236978463067057, "edge_source": "delaunay", "edge_set": "Delaunay1" }, "geometry": { "type": "LineString", "coordinates": [ [ 11.954498, 57.726153 ], [ 12.087708, 57.568888 ] ] } },
{ "type": "Feature", "properties": { "voltage_kv": 380.0, "from_node": 37, "to_node": 43, "length_km": 31.628900158968676, "edge_source": "delaunay", "edge_set": "Delaunay1" }, "geometry": { "type": "LineString", "coordinates": [ [ 11.954498, 57.726153 ], [ 12.244263, 57.964417 ] ] } },
{ "type": "Feature", "properties": { "voltage_kv": 380.0, "from_node": 37, "to_node": 44, "length_km": 67.555969620775102, "edge_source": "delaunay", "edge_set": "Delaunay1" }, "geometry": { "type": "LineString", "coordinates": [ [ 11.954498, 57.726153 ], [ 12.299194, 58.304438 ] ] } },
{ "type": "Feature", "properties": { "voltage_kv": 380.0, "from_node": 37, "to_node": 47, "length_km": 28.77568909471313, "edge_source": "delaunay", "edge_set": "Delaunay1" }, "geometry": { "type": "LineString", "coordinates": [ [ 11.954498, 57.726153 ], [ 12.407684, 57.816235 ] ] } },
{ "type": "Feature", "properties": { "voltage_kv": 380.0, "from_node": 38, "to_node": 42, "length_km": 32.801965161744867, "edge_source": "delaunay", "edge_set": "Delaunay1" }, "geometry": { "type": "LineString", "coordinates": [ [ 11.961365, 55.445374 ], [ 12.242889, 55.693068 ] ] } },
{ "type": "Feature", "properties": { "voltage_kv": 380.0, "from_node": 38, "to_node": 45, "length_km": 33.425388109655941, "edge_source": "delaunay", "edge_set": "Delaunay1" }, "geometry": { "type": "LineString", "coordinates": [ [ 11.961365, 55.445374 ], [ 12.311554, 55.670615 ] ] } },
{ "type": "Feature", "properties": { "voltage_kv": 380.0, "from_node": 38, "to_node": 48, "length_km": 36.563657932868615, "edge_source": "delaunay", "edge_set": "Delaunay1" }, "geometry": { "type": "LineString", "coordinates": [ [ 11.961365, 55.445374 ], [ 12.415924, 55.648924 ] ] } },
{ "type": "Feature", "properties": { "voltage_kv": 380.0, "from_node": 38, "to_node": 59, "length_km": 79.032391470072596, "edge_source": "delaunay", "edge_set": "Delaunay1" }, "geometry": { "type": "LineString", "coordinates": [ [ 11.961365, 55.445374 ], [ 13.189087, 55.58145 ] ] } },
{ "type": "Feature", "properties": { "voltage_kv": 380.0, "from_node": 39, "to_node": 40, "length_km": 28.214907799887722, "edge_source": "delaunay", "edge_set": "Delaunay1" }, "geometry": { "type": "LineString", "coordinates": [ [ 12.087708, 57.568888 ], [ 12.237396, 57.328745 ] ] } },
{ "type": "Feature", "properties": { "voltage_kv": 380.0, "from_node": 39, "to_node": 47, "length_km": 33.513061924661905, "edge_source": "delaunay", "edge_set": "Delaunay1" }, "geometry": { "type": "LineString", "coordinates": [ [ 12.087708, 57.568888 ], [ 12.407684, 57.816235 ] ] } },
{ "type": "Feature", "properties": { "voltage_kv": 380.0, "from_node": 39, "to_node": 49, "length_km": 28.536434957041212, "edge_source": "delaunay", "edge_set": "Delaunay1" }, "geometry": { "type": "LineString", "coordinates": [ [ 12.087708, 57.568888 ], [ 12.562866, 57.548261 ] ] } },
{ "type": "Feature", "properties": { "voltage_kv": 380.0, "from_node": 40, "to_node": 49, "length_km": 31.302152187231361, "edge_source": "delaunay", "edge_set": "Delaunay1" }, "geometry": { "type": "LineString", "coordinates": [ [ 12.237396, 57.328745 ], [ 12.562866, 57.548261 ] ] } },
{ "type": "Feature", "properties": { "voltage_kv": 380.0, "from_node": 40, "to_node": 52, "length_km": 26.309463891585821, "edge_source": "delaunay", "edge_set": "Delaunay1" }, "geometry": { "type": "LineString", "coordinates": [ [ 12.237396, 57.328745 ], [ 12.671356, 57.356164 ] ] } },
{ "type": "Feature", "properties": { "voltage_kv": 380.0, "from_node": 40, "to_node": 56, "length_km": 77.102728292411342, "edge_source": "delaunay", "edge_set": "Delaunay1" }, "geometry": { "type": "LineString", "coordinates": [ [ 12.237396, 57.328745 ], [ 12.991333, 56.771541 ] ] } },
{ "type": "Feature", "properties": { "voltage_kv": 380.0, "from_node": 40, "to_node": 57, "length_km": 66.498794505525083, "edge_source": "delaunay", "edge_set": "Delaunay1" }, "geometry": { "type": "LineString", "coordinates": [ [ 12.237396, 57.328745 ], [ 13.066864, 56.937483 ] ] } },
{ "type": "Feature", "properties": { "voltage_kv": 380.0, "from_node": 41, "to_node": 42, "length_km": 7.9233244877639564, "edge_source": "delaunay", "edge_set": "Delaunay1" }, "geometry": { "type": "LineString", "coordinates": [ [ 12.240143, 55.764213 ], [ 12.242889, 55.693068 ] ] } },
{ "type": "Feature", "properties": { "voltage_kv": 380.0, "from_node": 41, "to_node": 45, "length_km": 11.346815429952068, "edge_source": "delaunay", "edge_set": "Delaunay1" }, "geometry": { "type": "LineString", "coordinates": [ [ 12.240143, 55.764213 ], [ 12.311554, 55.670615 ] ] } },
{ "type": "Feature", "properties": { "voltage_kv": 380.0, "from_node": 41, "to_node": 46, "length_km": 21.822638146808863, "edge_source": "delaunay", "edge_set": "Delaunay1" }, "geometry": { "type": "LineString", "coordinates": [ [ 12.240143, 55.764213 ], [ 12.385712, 55.942279 ] ] } },
{ "type": "Feature", "properties": { "voltage_kv": 380.0, "from_node": 41, "to_node": 50, "length_km": 20.640630076571089, "edge_source": "delaunay", "edge_set": "Delaunay1" }, "geometry": { "type": "LineString", "coordinates": [ [ 12.240143, 55.764213 ], [ 12.56424, 55.795877 ] ] } },
{ "type": "Feature", "properties": { "voltage_kv": 380.0, "from_node": 42, "to_node": 45, "length_km": 4.9908227399924829, "edge_source": "delaunay", "edge_set": "Delaunay1" }, "geometry": { "type": "LineString", "coordinates": [ [ 12.242889, 55.693068 ], [ 12.311554, 55.670615 ] ] } },
{ "type": "Feature", "properties": { "voltage_kv": 380.0, "from_node": 43, "to_node": 44, "length_km": 38.01128028182373, "edge_source": "delaunay", "edge_set": "Delaunay1" }, "geometry": { "type": "LineString", "coordinates": [ [ 12.244263, 57.964417 ], [ 12.299194, 58.304438 ] ] } },
{ "type": "Feature", "properties": { "voltage_kv": 380.0, "from_node": 43, "to_node": 47, "length_km": 19.140808565032138, "edge_source": "delaunay", "edge_set": "Delaunay1" }, "geometry": { "type": "LineString", "coordinates": [ [ 12.244263, 57.964417 ], [ 12.407684, 57.816235 ] ] } },
{ "type": "Feature", "properties": { "voltage_kv": 380.0, "from_node": 44, "to_node": 47, "length_km": 54.754172175401642, "edge_source": "delaunay", "edge_set": "Delaunay1" }, "geometry": { "type": "LineString", "coordinates": [ [ 12.299194, 58.304438 ], [ 12.407684, 57.816235 ] ] } },
{ "type": "Feature", "properties": { "voltage_kv": 380.0, "from_node": 44, "to_node": 54, "length_km": 121.56299316195073, "edge_source": "delaunay", "edge_set": "Delaunay1" }, "geometry": { "type": "LineString", "coordinates": [ [ 12.299194, 58.304438 ], [ 12.9776, 59.337392 ] ] } },
{ "type": "Feature", "properties": { "voltage_kv": 380.0, "from_node": 44, "to_node": 65, "length_km": 96.597308728284858, "edge_source": "delaunay", "edge_set": "Delaunay1" }, "geometry": { "type": "LineString", "coordinates": [ [ 12.299194, 58.304438 ], [ 13.878479, 58.56109 ] ] } },
{ "type": "Feature", "properties": { "voltage_kv": 380.0, "from_node": 45, "to_node": 48, "length_km": 6.9992949338312478, "edge_source": "delaunay", "edge_set": "Delaunay1" }, "geometry": { "type": "LineString", "coordinates": [ [ 12.311554, 55.670615 ], [ 12.415924, 55.648924 ] ] } },
{ "type": "Feature", "properties": { "voltage_kv": 380.0, "from_node": 45, "to_node": 50, "length_km": 21.131709172978795, "edge_source": "delaunay", "edge_set": "Delaunay1" }, "geometry": { "type": "LineString", "coordinates": [ [ 12.311554, 55.670615 ], [ 12.56424, 55.795877 ] ] } },
{ "type": "Feature", "properties": { "voltage_kv": 380.0, "from_node": 46, "to_node": 50, "length_km": 19.765364223365761, "edge_source": "delaunay", "edge_set": "Delaunay1" }, "geometry": { "type": "LineString", "coordinates": [ [ 12.385712, 55.942279 ], [ 12.56424, 55.795877 ] ] } },
{ "type": "Feature", "properties": { "voltage_kv": 380.0, "from_node": 46, "to_node": 55, "length_km": 44.455663382309716, "edge_source": "delaunay", "edge_set": "Delaunay1" }, "geometry": { "type": "LineString", "coordinates": [ [ 12.385712, 55.942279 ], [ 12.984467, 56.159318 ] ] } },
{ "type": "Feature", "properties": { "voltage_kv": 380.0, "from_node": 46, "to_node": 56, "length_km": 99.646260808776589, "edge_source": "delaunay", "edge_set": "Delaunay1" }, "geometry": { "type": "LineString", "coordinates": [ [ 12.385712, 55.942279 ], [ 12.991333, 56.771541 ] ] } },
{ "type": "Feature", "properties": { "voltage_kv": 380.0, "from_node": 47, "to_node": 49, "length_km": 31.249686661319462, "edge_source": "delaunay", "edge_set": "Delaunay1" }, "geometry": { "type": "LineString", "coordinates": [ [ 12.407684, 57.816235 ], [ 12.562866, 57.548261 ] ] } },
{ "type": "Feature", "properties": { "voltage_kv": 380.0, "from_node": 47, "to_node": 60, "length_km": 67.554346515823667, "edge_source": "delaunay", "edge_set": "Delaunay1" }, "geometry": { "type": "LineString", "coordinates": [ [ 12.407684, 57.816235 ], [ 13.414307, 57.53868 ] ] } },
{ "type": "Feature", "properties": { "voltage_kv": 380.0, "from_node": 47, "to_node": 65, "length_km": 119.87817210427042, "edge_source": "delaunay", "edge_set": "Delaunay1" }, "geometry": { "type": "LineString", "coordinates": [ [ 12.407684, 57.816235 ], [ 13.878479, 58.56109 ] ] } },
{ "type": "Feature", "properties": { "voltage_kv": 380.0, "from_node": 48, "to_node": 50, "length_km": 18.831009727860245, "edge_source": "delaunay", "edge_set": "Delaunay1" }, "geometry": { "type": "LineString", "coordinates": [ [ 12.415924, 55.648924 ], [ 12.56424, 55.795877 ] ] } },
{ "type": "Feature", "properties": { "voltage_kv": 380.0, "from_node": 48, "to_node": 53, "length_km": 38.092778601341365, "edge_source": "delaunay", "edge_set": "Delaunay1" }, "geometry": { "type": "LineString", "coordinates": [ [ 12.415924, 55.648924 ], [ 12.970734, 55.786613 ] ] } },
{ "type": "Feature", "properties": { "voltage_kv": 380.0, "from_node": 48, "to_node": 59, "length_km": 49.299304737010864, "edge_source": "delaunay", "edge_set": "Delaunay1" }, "geometry": { "type": "LineString", "coordinates": [ [ 12.415924, 55.648924 ], [ 13.189087, 55.58145 ] ] } },
{ "type": "Feature", "properties": { "voltage_kv": 380.0, "from_node": 49, "to_node": 52, "length_km": 22.364713546323447, "edge_source": "delaunay", "edge_set": "Delaunay1" }, "geometry": { "type": "LineString", "coordinates": [ [ 12.562866, 57.548261 ], [ 12.671356, 57.356164 ] ] } },
{ "type": "Feature", "properties": { "voltage_kv": 380.0, "from_node": 49, "to_node": 60, "length_km": 51.004927552726834, "edge_source": "delaunay", "edge_set": "Delaunay1" }, "geometry": { "type": "LineString", "coordinates": [ [ 12.562866, 57.548261 ], [ 13.414307, 57.53868 ] ] } },
{ "type": "Feature", "properties": { "voltage_kv": 380.0, "from_node": 50, "to_node": 53, "length_km": 25.522441352480818, "edge_source": "delaunay", "edge_set": "Delaunay1" }, "geometry": { "type": "LineString", "coordinates": [ [ 12.56424, 55.795877 ], [ 12.970734, 55.786613 ] ] } },
{ "type": "Feature", "properties": { "voltage_kv": 380.0, "from_node": 50, "to_node": 55, "length_km": 48.230985066686245, "edge_source": "delaunay", "edge_set": "Delaunay1" }, "geometry": { "type": "LineString", "coordinates": [ [ 12.56424, 55.795877 ], [ 12.984467, 56.159318 ] ] } },
{ "type": "Feature", "properties": { "voltage_kv": 380.0, "from_node": 51, "to_node": 61, "length_km": 44.540955239552837, "edge_source": "delaunay", "edge_set": "Delaunay1" }, "geometry": { "type": "LineString", "coordinates": [ [ 12.568359, 63.361367 ], [ 13.458252, 63.368755 ] ] } },
{ "type": "Feature", "properties": { "voltage_kv": 380.0, "from_node": 51, "to_node": 63, "length_km": 315.28371996385567, "edge_source": "delaunay", "edge_set": "Delaunay1" }, "geometry": { "type": "LineString", "coordinates": [ [ 12.568359, 63.361367 ], [ 13.763123, 66.142743 ] ] } },
{ "type": "Feature", "properties": { "voltage_kv": 380.0, "from_node": 52, "to_node": 57, "length_km": 52.418704863398681, "edge_source": "delaunay", "edge_set": "Delaunay1" }, "geometry": { "type": "LineString", "coordinates": [ [ 12.671356, 57.356164 ], [ 13.066864, 56.937483 ] ] } },
{ "type": "Feature", "properties": { "voltage_kv": 380.0, "from_node": 52, "to_node": 60, "length_km": 49.026915411332617, "edge_source": "delaunay", "edge_set": "Delaunay1" }, "geometry": { "type": "LineString", "coordinates": [ [ 12.671356, 57.356164 ], [ 13.414307, 57.53868 ] ] } },
{ "type": "Feature", "properties": { "voltage_kv": 380.0, "from_node": 53, "to_node": 55, "length_km": 41.512119392972515, "edge_source": "delaunay", "edge_set": "Delaunay1" }, "geometry": { "type": "LineString", "coordinates": [ [ 12.970734, 55.786613 ], [ 12.984467, 56.159318 ] ] } },
{ "type": "Feature", "properties": { "voltage_kv": 380.0, "from_node": 53, "to_node": 58, "length_km": 12.256898655648689, "edge_source": "delaunay", "edge_set": "Delaunay1" }, "geometry": { "type": "LineString", "coordinates": [ [ 12.970734, 55.786613 ], [ 13.145142, 55.737162 ] ] } },
{ "type": "Feature", "properties": { "voltage_kv": 380.0, "from_node": 53, "to_node": 59, "length_km": 26.657492743986399, "edge_source": "delaunay", "edge_set": "Delaunay1" }, "geometry": { "type": "LineString", "coordinates": [ [ 12.970734, 55.786613 ], [ 13.189087, 55.58145 ] ] } },
{ "type": "Feature", "properties": { "voltage_kv": 380.0, "from_node": 53, "to_node": 62, "length_km": 39.103318289668032, "edge_source": "delaunay", "edge_set": "Delaunay1" }, "geometry": { "type": "LineString", "coordinates": [ [ 12.970734, 55.786613 ], [ 13.580475, 55.86067 ] ] } },
{ "type": "Feature", "properties": { "voltage_kv": 380.0, "from_node": 54, "to_node": 65, "length_km": 100.84842671587809, "edge_source": "delaunay", "edge_set": "Delaunay1" }, "geometry": { "type": "LineString", "coordinates": [ [ 12.9776, 59.337392 ], [ 13.878479, 58.56109 ] ] } },
{ "type": "Feature", "properties": { "voltage_kv": 380.0, "from_node": 54, "to_node": 75, "length_km": 126.85973216961442, "edge_source": "delaunay", "edge_set": "Delaunay1" }, "geometry": { "type": "LineString", "coordinates": [ [ 12.9776, 59.337392 ], [ 15.125427, 59.05115 ] ] } },
{ "type": "Feature", "properties": { "voltage_kv": 380.0, "from_node": 54, "to_node": 76, "length_km": 127.24741875796826, "edge_source": "delaunay", "edge_set": "Delaunay1" }, "geometry": { "type": "LineString", "coordinates": [ [ 12.9776, 59.337392 ], [ 15.184479, 59.173817 ] ] } },
{ "type": "Feature", "properties": { "voltage_kv": 380.0, "from_node": 54, "to_node": 77, "length_km": 172.5302508930894, "edge_source": "delaunay", "edge_set": "Delaunay1" }, "geometry": { "type": "LineString", "coordinates": [ [ 12.9776, 59.337392 ], [ 15.188599, 60.415208 ] ] } },
{ "type": "Feature", "properties": { "voltage_kv": 380.0, "from_node": 54, "to_node": 80, "length_km": 128.84859064455907, "edge_source": "delaunay", "edge_set": "Delaunay1" }, "geometry": { "type": "LineString", "coordinates": [ [ 12.9776, 59.337392 ], [ 15.231171, 59.466013 ] ] } },
{ "type": "Feature", "properties": { "voltage_kv": 380.0, "from_node": 54, "to_node": 81, "length_km": 157.41627695832619, "edge_source": "delaunay", "edge_set": "Delaunay1" }, "geometry": { "type": "LineString", "coordinates": [ [ 12.9776, 59.337392 ], [ 15.387726, 60.052503 ] ] } },
{ "type": "Feature", "properties": { "voltage_kv": 380.0, "from_node": 55, "to_node": 56, "length_km": 68.181889496217508, "edge_source": "delaunay", "edge_set": "Delaunay1" }, "geometry": { "type": "LineString", "coordinates": [ [ 12.984467, 56.159318 ], [ 12.991333, 56.771541 ] ] } },
{ "type": "Feature", "properties": { "voltage_kv": 380.0, "from_node": 55, "to_node": 62, "length_km": 49.887491358654323, "edge_source": "delaunay", "edge_set": "Delaunay1" }, "geometry": { "type": "LineString", "coordinates": [ [ 12.984467, 56.159318 ], [ 13.580475, 55.86067 ] ] } },
{ "type": "Feature", "properties": { "voltage_kv": 380.0, "from_node": 55, "to_node": 68, "length_km": 113.41701908627515, "edge_source": "delaunay", "edge_set": "Delaunay1" }, "geometry": { "type": "LineString", "coordinates": [ [ 12.984467, 56.159318 ], [ 14.40033, 56.809901 ] ] } },
{ "type": "Feature", "properties": { "voltage_kv": 380.0, "from_node": 55, "to_node": 72, "length_km": 111.00267517260376, "edge_source": "delaunay", "edge_set": "Delaunay1" }, "geometry": { "type": "LineString", "coordinates": [ [ 12.984467, 56.159318 ], [ 14.749146, 56.325675 ] ] } },
{ "type": "Feature", "properties": { "voltage_kv": 380.0, "from_node": 56, "to_node": 57, "length_km": 19.047432463683879, "edge_source": "delaunay", "edge_set": "Delaunay1" }, "geometry": { "type": "LineString", "coordinates": [ [ 12.991333, 56.771541 ], [ 13.066864, 56.937483 ] ] } },
{ "type": "Feature", "properties": { "voltage_kv": 380.0, "from_node": 56, "to_node": 68, "length_km": 86.235951740605969, "edge_source": "delaunay", "edge_set": "Delaunay1" }, "geometry": { "type": "LineString", "coordinates": [ [ 12.991333, 56.771541 ], [ 14.40033, 56.809901 ] ] } },
{ "type": "Feature", "properties": { "voltage_kv": 380.0, "from_node": 57, "to_node": 60, "length_km": 70.173835233892461, "edge_source": "delaunay", "edge_set": "Delaunay1" }, "geometry": { "type": "LineString", "coordinates": [ [ 13.066864, 56.937483 ], [ 13.414307, 57.53868 ] ] } },
{ "type": "Feature", "properties": { "voltage_kv": 380.0, "from_node": 57, "to_node": 68, "length_km": 82.565672537334521, "edge_source": "delaunay", "edge_set": "Delaunay1" }, "geometry": { "type": "LineString", "coordinates": [ [ 13.066864, 56.937483 ], [ 14.40033, 56.809901 ] ] } },
{ "type": "Feature", "properties": { "voltage_kv": 380.0, "from_node": 58, "to_node": 59, "length_km": 17.558607571788947, "edge_source": "delaunay", "edge_set": "Delaunay1" }, "geometry": { "type": "LineString", "coordinates": [ [ 13.145142, 55.737162 ], [ 13.189087, 55.58145 ] ] } },
{ "type": "Feature", "properties": { "voltage_kv": 380.0, "from_node": 58, "to_node": 62, "length_km": 30.576287855423573, "edge_source": "delaunay", "edge_set": "Delaunay1" }, "geometry": { "type": "LineString", "coordinates": [ [ 13.145142, 55.737162 ], [ 13.580475, 55.86067 ] ] } },
{ "type": "Feature", "properties": { "voltage_kv": 380.0, "from_node": 59, "to_node": 62, "length_km": 39.648818146472486, "edge_source": "delaunay", "edge_set": "Delaunay1" }, "geometry": { "type": "LineString", "coordinates": [ [ 13.189087, 55.58145 ], [ 13.580475, 55.86067 ] ] } },
{ "type": "Feature", "properties": { "voltage_kv": 380.0, "from_node": 59, "to_node": 74, "length_km": 122.9052351380392, "edge_source": "delaunay", "edge_set": "Delaunay1" }, "geometry": { "type": "LineString", "coordinates": [ [ 13.189087, 55.58145 ], [ 14.845276, 56.173846 ] ] } },
{ "type": "Feature", "properties": { "voltage_kv": 380.0, "from_node": 60, "to_node": 65, "length_km": 117.15415545116913, "edge_source": "delaunay", "edge_set": "Delaunay1" }, "geometry": { "type": "LineString", "coordinates": [ [ 13.414307, 57.53868 ], [ 13.878479, 58.56109 ] ] } },
{ "type": "Feature", "properties": { "voltage_kv": 380.0, "from_node": 60, "to_node": 67, "length_km": 50.901456426439488, "edge_source": "delaunay", "edge_set": "Delaunay1" }, "geometry": { "type": "LineString", "coordinates": [ [ 13.414307, 57.53868 ], [ 14.197083, 57.718819 ] ] } },
{ "type": "Feature", "properties": { "voltage_kv": 380.0, "from_node": 60, "to_node": 68, "length_km": 100.7468121043478, "edge_source": "delaunay", "edge_set": "Delaunay1" }, "geometry": { "type": "LineString", "coordinates": [ [ 13.414307, 57.53868 ], [ 14.40033, 56.809901 ] ] } },
{ "type": "Feature", "properties": { "voltage_kv": 380.0, "from_node": 61, "to_node": 63, "length_km": 309.65507054569076, "edge_source": "delaunay", "edge_set": "Delaunay1" }, "geometry": { "type": "LineString", "coordinates": [ [ 13.458252, 63.368755 ], [ 13.763123, 66.142743 ] ] } },
{ "type": "Feature", "properties": { "voltage_kv": 380.0, "from_node": 61, "to_node": 69, "length_km": 109.17457431638024, "edge_source": "delaunay", "edge_set": "Delaunay1" }, "geometry": { "type": "LineString", "coordinates": [ [ 13.458252, 63.368755 ], [ 14.515686, 62.516121 ] ] } },
{ "type": "Feature", "properties": { "voltage_kv": 380.0, "from_node": 61, "to_node": 79, "length_km": 88.893185123333424, "edge_source": "delaunay", "edge_set": "Delaunay1" }, "geometry": { "type": "LineString", "coordinates": [ [ 13.458252, 63.368755 ], [ 15.206451, 63.237956 ] ] } },
{ "type": "Feature", "properties": { "voltage_kv": 380.0, "from_node": 61, "to_node": 85, "length_km": 121.43193825320965, "edge_source": "delaunay", "edge_set": "Delaunay1" }, "geometry": { "type": "LineString", "coordinates": [ [ 13.458252, 63.368755 ], [ 15.846405, 63.582177 ] ] } },
{ "type": "Feature", "properties": { "voltage_kv": 380.0, "from_node": 61, "to_node": 94, "length_km": 271.38100741865907, "edge_source": "delaunay", "edge_set": "Delaunay1" }, "geometry": { "type": "LineString", "coordinates": [ [ 13.458252, 63.368755 ], [ 16.876373, 65.299207 ] ] } },
{ "type": "Feature", "properties": { "voltage_kv": 380.0, "from_node": 62, "to_node": 72, "length_km": 89.319362934388153, "edge_source": "delaunay", "edge_set": "Delaunay1" }, "geometry": { "type": "LineString", "coordinates": [ [ 13.580475, 55.86067 ], [ 14.749146, 56.325675 ] ] } },
{ "type": "Feature", "properties": { "voltage_kv": 380.0, "from_node": 62, "to_node": 73, "length_km": 87.548053252538764, "edge_source": "delaunay", "edge_set": "Delaunay1" }, "geometry": { "type": "LineString", "coordinates": [ [ 13.580475, 55.86067 ], [ 14.790344, 56.260134 ] ] } },
{ "type": "Feature", "properties": { "voltage_kv": 380.0, "from_node": 62, "to_node": 74, "length_km": 86.276903813046317, "edge_source": "delaunay", "edge_set": "Delaunay1" }, "geometry": { "type": "LineString", "coordinates": [ [ 13.580475, 55.86067 ], [ 14.845276, 56.173846 ] ] } },
{ "type": "Feature", "properties": { "voltage_kv": 380.0, "from_node": 63, "to_node": 64, "length_km": 63.061261574488647, "edge_source": "delaunay", "edge_set": "Delaunay1" }, "geometry": { "type": "LineString", "coordinates": [ [ 13.763123, 66.142743 ], [ 13.807068, 66.707884 ] ] } },
{ "type": "Feature", "properties": { "voltage_kv": 380.0, "from_node": 63, "to_node": 66, "length_km": 24.792952984817934, "edge_source": "delaunay", "edge_set": "Delaunay1" }, "geometry": { "type": "LineString", "coordinates": [ [ 13.763123, 66.142743 ], [ 14.191589, 66.282328 ] ] } },
{ "type": "Feature", "properties": { "voltage_kv": 380.0, "from_node": 63, "to_node": 94, "length_km": 171.12309585447883, "edge_source": "delaunay", "edge_set": "Delaunay1" }, "geometry": { "type": "LineString", "coordinates": [ [ 13.763123, 66.142743 ], [ 16.876373, 65.299207 ] ] } },
{ "type": "Feature", "properties": { "voltage_kv": 380.0, "from_node": 64, "to_node": 66, "length_km": 50.458316541719789, "edge_source": "delaunay", "edge_set": "Delaunay1" }, "geometry": { "type": "LineString", "coordinates": [ [ 13.807068, 66.707884 ], [ 14.191589, 66.282328 ] ] } },
{ "type": "Feature", "properties": { "voltage_kv": 380.0, "from_node": 64, "to_node": 84, "length_km": 106.93043482817731, "edge_source": "delaunay", "edge_set": "Delaunay1" }, "geometry": { "type": "LineString", "coordinates": [ [ 13.807068, 66.707884 ], [ 15.757141, 67.288485 ] ] } },
{ "type": "Feature", "properties": { "voltage_kv": 380.0, "from_node": 64, "to_node": 86, "length_km": 133.08612778153864, "edge_source": "delaunay", "edge_set": "Delaunay1" }, "geometry": { "type": "LineString", "coordinates": [ [ 13.807068, 66.707884 ], [ 15.850525, 67.598233 ] ] } },
{ "type": "Feature", "properties": { "voltage_kv": 380.0, "from_node": 64, "to_node": 108, "length_km": 257.7964289525728, "edge_source": "delaunay", "edge_set": "Delaunay1" }, "geometry": { "type": "LineString", "coordinates": [ [ 13.807068, 66.707884 ], [ 17.579498, 68.517173 ] ] } },
{ "type": "Feature", "properties": { "voltage_kv": 380.0, "from_node": 65, "to_node": 67, "length_km": 95.701566326523292, "edge_source": "delaunay", "edge_set": "Delaunay1" }, "geometry": { "type": "LineString", "coordinates": [ [ 13.878479, 58.56109 ], [ 14.197083, 57.718819 ] ] } },
{ "type": "Feature", "properties": { "voltage_kv": 380.0, "from_node": 65, "to_node": 70, "length_km": 95.65434879416398, "edge_source": "delaunay", "edge_set": "Delaunay1" }, "geometry": { "type": "LineString", "coordinates": [ [ 13.878479, 58.56109 ], [ 14.625549, 57.798676 ] ] } },
{ "type": "Feature", "properties": { "voltage_kv": 380.0, "from_node": 65, "to_node": 75, "length_km": 90.447367435499274, "edge_source": "delaunay", "edge_set": "Delaunay1" }, "geometry": { "type": "LineString", "coordinates": [ [ 13.878479, 58.56109 ], [ 15.125427, 59.05115 ] ] } },
{ "type": "Feature", "properties": { "voltage_kv": 380.0, "from_node": 65, "to_node": 78, "length_km": 82.941624556369291, "edge_source": "delaunay", "edge_set": "Delaunay1" }, "geometry": { "type": "LineString", "coordinates": [ [ 13.878479, 58.56109 ], [ 15.195465, 58.28423 ] ] } },
{ "type": "Feature", "properties": { "voltage_kv": 380.0, "from_node": 66, "to_node": 84, "length_km": 131.70000203909848, "edge_source": "delaunay", "edge_set": "Delaunay1" }, "geometry": { "type": "LineString", "coordinates": [ [ 14.191589, 66.282328 ], [ 15.757141, 67.288485 ] ] } },
{ "type": "Feature", "properties": { "voltage_kv": 380.0, "from_node": 66, "to_node": 94, "length_km": 164.7410381753449, "edge_source": "delaunay", "edge_set": "Delaunay1" }, "geometry": { "type": "LineString", "coordinates": [ [ 14.191589, 66.282328 ], [ 16.876373, 65.299207 ] ] } },
{ "type": "Feature", "properties": { "voltage_kv": 380.0, "from_node": 66, "to_node": 121, "length_km": 211.49604477393211, "edge_source": "delaunay", "edge_set": "Delaunay1" }, "geometry": { "type": "LineString", "coordinates": [ [ 14.191589, 66.282328 ], [ 18.639679, 66.970387 ] ] } },
{ "type": "Feature", "properties": { "voltage_kv": 380.0, "from_node": 67, "to_node": 68, "length_km": 102.00281426783779, "edge_source": "delaunay", "edge_set": "Delaunay1" }, "geometry": { "type": "LineString", "coordinates": [ [ 14.197083, 57.718819 ], [ 14.40033, 56.809901 ] ] } },
{ "type": "Feature", "properties": { "voltage_kv": 380.0, "from_node": 67, "to_node": 70, "length_km": 27.024181037313614, "edge_source": "delaunay", "edge_set": "Delaunay1" }, "geometry": { "type": "LineString", "coordinates": [ [ 14.197083, 57.718819 ], [ 14.625549, 57.798676 ] ] } },
{ "type": "Feature", "properties": { "voltage_kv": 380.0, "from_node": 68, "to_node": 70, "length_km": 111.00008764861884, "edge_source": "delaunay", "edge_set": "Delaunay1" }, "geometry": { "type": "LineString", "coordinates": [ [ 14.40033, 56.809901 ], [ 14.625549, 57.798676 ] ] } },
{ "type": "Feature", "properties": { "voltage_kv": 380.0, "from_node": 68, "to_node": 72, "length_km": 58.056003364971737, "edge_source": "delaunay", "edge_set": "Delaunay1" }, "geometry": { "type": "LineString", "coordinates": [ [ 14.40033, 56.809901 ], [ 14.749146, 56.325675 ] ] } },
{ "type": "Feature", "properties": { "voltage_kv": 380.0, "from_node": 68, "to_node": 83, "length_km": 72.230665913761541, "edge_source": "delaunay", "edge_set": "Delaunay1" }, "geometry": { "type": "LineString", "coordinates": [ [ 14.40033, 56.809901 ], [ 15.542908, 56.649432 ] ] } },
{ "type": "Feature", "properties": { "voltage_kv": 380.0, "from_node": 69, "to_node": 71, "length_km": 11.408723539264587, "edge_source": "delaunay", "edge_set": "Delaunay1" }, "geometry": { "type": "LineString", "coordinates": [ [ 14.515686, 62.516121 ], [ 14.734039, 62.533228 ] ] } },
{ "type": "Feature", "properties": { "voltage_kv": 380.0, "from_node": 69, "to_node": 77, "length_km": 236.95447762342332, "edge_source": "delaunay", "edge_set": "Delaunay1" }, "geometry": { "type": "LineString", "coordinates": [ [ 14.515686, 62.516121 ], [ 15.188599, 60.415208 ] ] } },
{ "type": "Feature", "properties": { "voltage_kv": 380.0, "from_node": 69, "to_node": 79, "length_km": 87.833206654867283, "edge_source": "delaunay", "edge_set": "Delaunay1" }, "geometry": { "type": "LineString", "coordinates": [ [ 14.515686, 62.516121 ], [ 15.206451, 63.237956 ] ] } },
{ "type": "Feature", "properties": { "voltage_kv": 380.0, "from_node": 70, "to_node": 78, "length_km": 63.736010867313695, "edge_source": "delaunay", "edge_set": "Delaunay1" }, "geometry": { "type": "LineString", "coordinates": [ [ 14.625549, 57.798676 ], [ 15.195465, 58.28423 ] ] } },
{ "type": "Feature", "properties": { "voltage_kv": 380.0, "from_node": 70, "to_node": 83, "length_km": 139.55336855643878, "edge_source": "delaunay", "edge_set": "Delaunay1" }, "geometry": { "type": "LineString", "coordinates": [ [ 14.625549, 57.798676 ], [ 15.542908, 56.649432 ] ] } },
{ "type": "Feature", "properties": { "voltage_kv": 380.0, "from_node": 70, "to_node": 90, "length_km": 128.23321305065383, "edge_source": "delaunay", "edge_set": "Delaunay1" }, "geometry": { "type": "LineString", "coordinates": [ [ 14.625549, 57.798676 ], [ 16.660767, 57.43682 ] ] } },
{ "type": "Feature", "properties": { "voltage_kv": 380.0, "from_node": 71, "to_node": 77, "length_km": 237.3765944035307, "edge_source": "delaunay", "edge_set": "Delaunay1" }, "geometry": { "type": "LineString", "coordinates": [ [ 14.734039, 62.533228 ], [ 15.188599, 60.415208 ] ] } },
{ "type": "Feature", "properties": { "voltage_kv": 380.0, "from_node": 71, "to_node": 79, "length_km": 82.177768718207204, "edge_source": "delaunay", "edge_set": "Delaunay1" }, "geometry": { "type": "LineString", "coordinates": [ [ 14.734039, 62.533228 ], [ 15.206451, 63.237956 ] ] } },
{ "type": "Feature", "properties": { "voltage_kv": 380.0, "from_node": 71, "to_node": 96, "length_km": 236.07420755027886, "edge_source": "delaunay", "edge_set": "Delaunay1" }, "geometry": { "type": "LineString", "coordinates": [ [ 14.734039, 62.533228 ], [ 16.931305, 60.692679 ] ] } },
{ "type": "Feature", "properties": { "voltage_kv": 380.0, "from_node": 71, "to_node": 98, "length_km": 117.98716296891457, "edge_source": "delaunay", "edge_set": "Delaunay1" }, "geometry": { "type": "LineString", "coordinates": [ [ 14.734039, 62.533228 ], [ 17.024689, 62.540828 ] ] } },
{ "type": "Feature", "properties": { "voltage_kv": 380.0, "from_node": 72, "to_node": 73, "length_km": 7.7352146440344178, "edge_source": "delaunay", "edge_set": "Delaunay1" }, "geometry": { "type": "LineString", "coordinates": [ [ 14.749146, 56.325675 ], [ 14.790344, 56.260134 ] ] } },
{ "type": "Feature", "properties": { "voltage_kv": 380.0, "from_node": 72, "to_node": 83, "length_km": 60.793650496404226, "edge_source": "delaunay", "edge_set": "Delaunay1" }, "geometry": { "type": "LineString", "coordinates": [ [ 14.749146, 56.325675 ], [ 15.542908, 56.649432 ] ] } },
{ "type": "Feature", "properties": { "voltage_kv": 380.0, "from_node": 73, "to_node": 74, "length_km": 10.200363900259129, "edge_source": "delaunay", "edge_set": "Delaunay1" }, "geometry": { "type": "LineString", "coordinates": [ [ 14.790344, 56.260134 ], [ 14.845276, 56.173846 ] ] } },
{ "type": "Feature", "properties": { "voltage_kv": 380.0, "from_node": 73, "to_node": 83, "length_km": 63.543432357098098, "edge_source": "delaunay", "edge_set": "Delaunay1" }, "geometry": { "type": "LineString", "coordinates": [ [ 14.790344, 56.260134 ], [ 15.542908, 56.649432 ] ] } },
{ "type": "Feature", "properties": { "voltage_kv": 380.0, "from_node": 74, "to_node": 83, "length_km": 68.303401613378782, "edge_source": "delaunay", "edge_set": "Delaunay1" }, "geometry": { "type": "LineString", "coordinates": [ [ 14.845276, 56.173846 ], [ 15.542908, 56.649432 ] ] } },
{ "type": "Feature", "properties": { "voltage_kv": 380.0, "from_node": 75, "to_node": 76, "length_km": 14.085735845010978, "edge_source": "delaunay", "edge_set": "Delaunay1" }, "geometry": { "type": "LineString", "coordinates": [ [ 15.125427, 59.05115 ], [ 15.184479, 59.173817 ] ] } },
{ "type": "Feature", "properties": { "voltage_kv": 380.0, "from_node": 75, "to_node": 78, "length_km": 85.576240439232834, "edge_source": "delaunay", "edge_set": "Delaunay1" }, "geometry": { "type": "LineString", "coordinates": [ [ 15.125427, 59.05115 ], [ 15.195465, 58.28423 ] ] } },
{ "type": "Feature", "properties": { "voltage_kv": 380.0, "from_node": 75, "to_node": 87, "length_km": 65.214650122517497, "edge_source": "delaunay", "edge_set": "Delaunay1" }, "geometry": { "type": "LineString", "coordinates": [ [ 15.125427, 59.05115 ], [ 16.035919, 58.70477 ] ] } },
{ "type": "Feature", "properties": { "voltage_kv": 380.0, "from_node": 76, "to_node": 80, "length_km": 32.67915148750761, "edge_source": "delaunay", "edge_set": "Delaunay1" }, "geometry": { "type": "LineString", "coordinates": [ [ 15.184479, 59.173817 ], [ 15.231171, 59.466013 ] ] } },
{ "type": "Feature", "properties": { "voltage_kv": 380.0, "from_node": 76, "to_node": 87, "length_km": 71.699867886647425, "edge_source": "delaunay", "edge_set": "Delaunay1" }, "geometry": { "type": "LineString", "coordinates": [ [ 15.184479, 59.173817 ], [ 16.035919, 58.70477 ] ] } },
{ "type": "Feature", "properties": { "voltage_kv": 380.0, "from_node": 76, "to_node": 91, "length_km": 87.311047876199311, "edge_source": "delaunay", "edge_set": "Delaunay1" }, "geometry": { "type": "LineString", "coordinates": [ [ 15.184479, 59.173817 ], [ 16.660767, 58.984699 ] ] } },
{ "type": "Feature", "properties": { "voltage_kv": 380.0, "from_node": 77, "to_node": 81, "length_km": 41.915382972560799, "edge_source": "delaunay", "edge_set": "Delaunay1" }, "geometry": { "type": "LineString", "coordinates": [ [ 15.188599, 60.415208 ], [ 15.387726, 60.052503 ] ] } },
{ "type": "Feature", "properties": { "voltage_kv": 380.0, "from_node": 77, "to_node": 82, "length_km": 14.043187426200566, "edge_source": "delaunay", "edge_set": "Delaunay1" }, "geometry": { "type": "LineString", "coordinates": [ [ 15.188599, 60.415208 ], [ 15.442657, 60.406393 ] ] } },
{ "type": "Feature", "properties": { "voltage_kv": 380.0, "from_node": 77, "to_node": 96, "length_km": 100.56828129026431, "edge_source": "delaunay", "edge_set": "Delaunay1" }, "geometry": { "type": "LineString", "coordinates": [ [ 15.188599, 60.415208 ], [ 16.931305, 60.692679 ] ] } },
{ "type": "Feature", "properties": { "voltage_kv": 380.0, "from_node": 78, "to_node": 87, "length_km": 67.848232018139555, "edge_source": "delaunay", "edge_set": "Delaunay1" }, "geometry": { "type": "LineString", "coordinates": [ [ 15.195465, 58.28423 ], [ 16.035919, 58.70477 ] ] } },
{ "type": "Feature", "properties": { "voltage_kv": 380.0, "from_node": 78, "to_node": 88, "length_km": 57.640314791580714, "edge_source": "delaunay", "edge_set": "Delaunay1" }, "geometry": { "type": "LineString", "coordinates": [ [ 15.195465, 58.28423 ], [ 16.096344, 58.492976 ] ] } },
{ "type": "Feature", "properties": { "voltage_kv": 380.0, "from_node": 78, "to_node": 90, "length_km": 128.46559927660681, "edge_source": "delaunay", "edge_set": "Delaunay1" }, "geometry": { "type": "LineString", "coordinates": [ [ 15.195465, 58.28423 ], [ 16.660767, 57.43682 ] ] } },
{ "type": "Feature", "properties": { "voltage_kv": 380.0, "from_node": 79, "to_node": 85, "length_km": 49.971725077140938, "edge_source": "delaunay", "edge_set": "Delaunay1" }, "geometry": { "type": "LineString", "coordinates": [ [ 15.206451, 63.237956 ], [ 15.846405, 63.582177 ] ] } },
{ "type": "Feature", "properties": { "voltage_kv": 380.0, "from_node": 79, "to_node": 89, "length_km": 61.416141537411761, "edge_source": "delaunay", "edge_set": "Delaunay1" }, "geometry": { "type": "LineString", "coordinates": [ [ 15.206451, 63.237956 ], [ 16.254272, 63.524685 ] ] } },
{ "type": "Feature", "properties": { "voltage_kv": 380.0, "from_node": 79, "to_node": 98, "length_km": 120.87526103943304, "edge_source": "delaunay", "edge_set": "Delaunay1" }, "geometry": { "type": "LineString", "coordinates": [ [ 15.206451, 63.237956 ], [ 17.024689, 62.540828 ] ] } },
{ "type": "Feature", "properties": { "voltage_kv": 380.0, "from_node": 79, "to_node": 102, "length_km": 98.902184581461157, "edge_source": "delaunay", "edge_set": "Delaunay1" }, "geometry": { "type": "LineString", "coordinates": [ [ 15.206451, 63.237956 ], [ 17.167511, 63.184727 ] ] } },
{ "type": "Feature", "properties": { "voltage_kv": 380.0, "from_node": 80, "to_node": 81, "length_km": 65.970794006597998, "edge_source": "delaunay", "edge_set": "Delaunay1" }, "geometry": { "type": "LineString", "coordinates": [ [ 15.231171, 59.466013 ], [ 15.387726, 60.052503 ] ] } },
{ "type": "Feature", "properties": { "voltage_kv": 380.0, "from_node": 80, "to_node": 91, "length_km": 97.745683017189648, "edge_source": "delaunay", "edge_set": "Delaunay1" }, "geometry": { "type": "LineString", "coordinates": [ [ 15.231171, 59.466013 ], [ 16.660767, 58.984699 ] ] } },
{ "type": "Feature", "properties": { "voltage_kv": 380.0, "from_node": 80, "to_node": 103, "length_km": 116.39212855429746, "edge_source": "delaunay", "edge_set": "Delaunay1" }, "geometry": { "type": "LineString", "coordinates": [ [ 15.231171, 59.466013 ], [ 17.218323, 59.22234 ] ] } },
{ "type": "Feature", "properties": { "voltage_kv": 380.0, "from_node": 80, "to_node": 105, "length_km": 121.89672937894264, "edge_source": "delaunay", "edge_set": "Delaunay1" }, "geometry": { "type": "LineString", "coordinates": [ [ 15.231171, 59.466013 ], [ 17.329559, 59.716945 ] ] } },
{ "type": "Feature", "properties": { "voltage_kv": 380.0, "from_node": 81, "to_node": 82, "length_km": 39.571714957842239, "edge_source": "delaunay", "edge_set": "Delaunay1" }, "geometry": { "type": "LineString", "coordinates": [ [ 15.387726, 60.052503 ], [ 15.442657, 60.406393 ] ] } },
{ "type": "Feature", "properties": { "voltage_kv": 380.0, "from_node": 81, "to_node": 97, "length_km": 104.96740408844329, "edge_source": "delaunay", "edge_set": "Delaunay1" }, "geometry": { "type": "LineString", "coordinates": [ [ 15.387726, 60.052503 ], [ 16.972504, 60.570102 ] ] } },
{ "type": "Feature", "properties": { "voltage_kv": 380.0, "from_node": 81, "to_node": 105, "length_km": 115.08824996192619, "edge_source": "delaunay", "edge_set": "Delaunay1" }, "geometry": { "type": "LineString", "coordinates": [ [ 15.387726, 60.052503 ], [ 17.329559, 59.716945 ] ] } },
{ "type": "Feature", "properties": { "voltage_kv": 380.0, "from_node": 82, "to_node": 96, "length_km": 87.767919153089352, "edge_source": "delaunay", "edge_set": "Delaunay1" }, "geometry": { "type": "LineString", "coordinates": [ [ 15.442657, 60.406393 ], [ 16.931305, 60.692679 ] ] } },
{ "type": "Feature", "properties": { "voltage_kv": 380.0, "from_node": 82, "to_node": 97, "length_km": 86.135114601134973, "edge_source": "delaunay", "edge_set": "Delaunay1" }, "geometry": { "type": "LineString", "coordinates": [ [ 15.442657, 60.406393 ], [ 16.972504, 60.570102 ] ] } },
{ "type": "Feature", "properties": { "voltage_kv": 380.0, "from_node": 83, "to_node": 90, "length_km": 110.98629210405348, "edge_source": "delaunay", "edge_set": "Delaunay1" }, "geometry": { "type": "LineString", "coordinates": [ [ 15.542908, 56.649432 ], [ 16.660767, 57.43682 ] ] } },
{ "type": "Feature", "properties": { "voltage_kv": 380.0, "from_node": 84, "to_node": 86, "length_km": 34.792244347523223, "edge_source": "delaunay", "edge_set": "Delaunay1" }, "geometry": { "type": "LineString", "coordinates": [ [ 15.757141, 67.288485 ], [ 15.850525, 67.598233 ] ] } },
{ "type": "Feature", "properties": { "voltage_kv": 380.0, "from_node": 84, "to_node": 112, "length_km": 102.2903823812574, "edge_source": "delaunay", "edge_set": "Delaunay1" }, "geometry": { "type": "LineString", "coordinates": [ [ 15.757141, 67.288485 ], [ 17.992859, 67.610267 ] ] } },
{ "type": "Feature", "properties": { "voltage_kv": 380.0, "from_node": 84, "to_node": 121, "length_km": 130.09453142339507, "edge_source": "delaunay", "edge_set": "Delaunay1" }, "geometry": { "type": "LineString", "coordinates": [ [ 15.757141, 67.288485 ], [ 18.639679, 66.970387 ] ] } },
{ "type": "Feature", "properties": { "voltage_kv": 380.0, "from_node": 85, "to_node": 89, "length_km": 21.278805194624759, "edge_source": "delaunay", "edge_set": "Delaunay1" }, "geometry": { "type": "LineString", "coordinates": [ [ 15.846405, 63.582177 ], [ 16.254272, 63.524685 ] ] } },
{ "type": "Feature", "properties": { "voltage_kv": 380.0, "from_node": 85, "to_node": 93, "length_km": 47.445216818260548, "edge_source": "delaunay", "edge_set": "Delaunay1" }, "geometry": { "type": "LineString", "coordinates": [ [ 15.846405, 63.582177 ], [ 16.791229, 63.646259 ] ] } },
{ "type": "Feature", "properties": { "voltage_kv": 380.0, "from_node": 85, "to_node": 94, "length_km": 197.88084809440869, "edge_source": "delaunay", "edge_set": "Delaunay1" }, "geometry": { "type": "LineString", "coordinates": [ [ 15.846405, 63.582177 ], [ 16.876373, 65.299207 ] ] } },
{ "type": "Feature", "properties": { "voltage_kv": 380.0, "from_node": 85, "to_node": 100, "length_km": 191.83326228758625, "edge_source": "delaunay", "edge_set": "Delaunay1" }, "geometry": { "type": "LineString", "coordinates": [ [ 15.846405, 63.582177 ], [ 17.049408, 65.221045 ] ] } },
{ "type": "Feature", "properties": { "voltage_kv": 380.0, "from_node": 85, "to_node": 107, "length_km": 177.90994283380334, "edge_source": "delaunay", "edge_set": "Delaunay1" }, "geometry": { "type": "LineString", "coordinates": [ [ 15.846405, 63.582177 ], [ 17.541046, 64.996778 ] ] } },
{ "type": "Feature", "properties": { "voltage_kv": 380.0, "from_node": 86, "to_node": 104, "length_km": 87.012572216982363, "edge_source": "delaunay", "edge_set": "Delaunay1" }, "geometry": { "type": "LineString", "coordinates": [ [ 15.850525, 67.598233 ], [ 17.288361, 68.158786 ] ] } },
{ "type": "Feature", "properties": { "voltage_kv": 380.0, "from_node": 86, "to_node": 108, "length_km": 125.39923768859472, "edge_source": "delaunay", "edge_set": "Delaunay1" }, "geometry": { "type": "LineString", "coordinates": [ [ 15.850525, 67.598233 ], [ 17.579498, 68.517173 ] ] } },
{ "type": "Feature", "properties": { "voltage_kv": 380.0, "from_node": 86, "to_node": 112, "length_km": 91.193848547400151, "edge_source": "delaunay", "edge_set": "Delaunay1" }, "geometry": { "type": "LineString", "coordinates": [ [ 15.850525, 67.598233 ], [ 17.992859, 67.610267 ] ] } },
{ "type": "Feature", "properties": { "voltage_kv": 380.0, "from_node": 87, "to_node": 88, "length_km": 23.874012598529259, "edge_source": "delaunay", "edge_set": "Delaunay1" }, "geometry": { "type": "LineString", "coordinates": [ [ 16.035919, 58.70477 ], [ 16.096344, 58.492976 ] ] } },
{ "type": "Feature", "properties": { "voltage_kv": 380.0, "from_node": 87, "to_node": 91, "length_km": 47.732877366623541, "edge_source": "delaunay", "edge_set": "Delaunay1" }, "geometry": { "type": "LineString", "coordinates": [ [ 16.035919, 58.70477 ], [ 16.660767, 58.984699 ] ] } },
{ "type": "Feature", "properties": { "voltage_kv": 380.0, "from_node": 88, "to_node": 90, "length_km": 122.41867833389887, "edge_source": "delaunay", "edge_set": "Delaunay1" }, "geometry": { "type": "LineString", "coordinates": [ [ 16.096344, 58.492976 ], [ 16.660767, 57.43682 ] ] } },
{ "type": "Feature", "properties": { "voltage_kv": 380.0, "from_node": 88, "to_node": 91, "length_km": 63.851785975759569, "edge_source": "delaunay", "edge_set": "Delaunay1" }, "geometry": { "type": "LineString", "coordinates": [ [ 16.096344, 58.492976 ], [ 16.660767, 58.984699 ] ] } },
{ "type": "Feature", "properties": { "voltage_kv": 380.0, "from_node": 88, "to_node": 111, "length_km": 125.72344409616359, "edge_source": "delaunay", "edge_set": "Delaunay1" }, "geometry": { "type": "LineString", "coordinates": [ [ 16.096344, 58.492976 ], [ 17.932434, 59.094909 ] ] } },
{ "type": "Feature", "properties": { "voltage_kv": 380.0, "from_node": 89, "to_node": 92, "length_km": 20.829910670833549, "edge_source": "delaunay", "edge_set": "Delaunay1" }, "geometry": { "type": "LineString", "coordinates": [ [ 16.254272, 63.524685 ], [ 16.663513, 63.486702 ] ] } },
{ "type": "Feature", "properties": { "voltage_kv": 380.0, "from_node": 89, "to_node": 93, "length_km": 29.93377979273065, "edge_source": "delaunay", "edge_set": "Delaunay1" }, "geometry": { "type": "LineString", "coordinates": [ [ 16.254272, 63.524685 ], [ 16.791229, 63.646259 ] ] } },
{ "type": "Feature", "properties": { "voltage_kv": 380.0, "from_node": 89, "to_node": 102, "length_km": 59.430651970328427, "edge_source": "delaunay", "edge_set": "Delaunay1" }, "geometry": { "type": "LineString", "coordinates": [ [ 16.254272, 63.524685 ], [ 17.167511, 63.184727 ] ] } },
{ "type": "Feature", "properties": { "voltage_kv": 380.0, "from_node": 91, "to_node": 103, "length_km": 41.544613757970922, "edge_source": "delaunay", "edge_set": "Delaunay1" }, "geometry": { "type": "LineString", "coordinates": [ [ 16.660767, 58.984699 ], [ 17.218323, 59.22234 ] ] } },
{ "type": "Feature", "properties": { "voltage_kv": 380.0, "from_node": 91, "to_node": 111, "length_km": 74.136857738753307, "edge_source": "delaunay", "edge_set": "Delaunay1" }, "geometry": { "type": "LineString", "coordinates": [ [ 16.660767, 58.984699 ], [ 17.932434, 59.094909 ] ] } },
{ "type": "Feature", "properties": { "voltage_kv": 380.0, "from_node": 92, "to_node": 93, "length_km": 18.900982336017659, "edge_source": "delaunay", "edge_set": "Delaunay1" }, "geometry": { "type": "LineString", "coordinates": [ [ 16.663513, 63.486702 ], [ 16.791229, 63.646259 ] ] } },
{ "type": "Feature", "properties": { "voltage_kv": 380.0, "from_node": 92, "to_node": 95, "length_km": 14.688954782749324, "edge_source": "delaunay", "edge_set": "Delaunay1" }, "geometry": { "type": "LineString", "coordinates": [ [ 16.663513, 63.486702 ], [ 16.923065, 63.549164 ] ] } },
{ "type": "Feature", "properties": { "voltage_kv": 380.0, "from_node": 92, "to_node": 102, "length_km": 42.11598660539228, "edge_source": "delaunay", "edge_set": "Delaunay1" }, "geometry": { "type": "LineString", "coordinates": [ [ 16.663513, 63.486702 ], [ 17.167511, 63.184727 ] ] } },
{ "type": "Feature", "properties": { "voltage_kv": 380.0, "from_node": 93, "to_node": 95, "length_km": 12.659392443386151, "edge_source": "delaunay", "edge_set": "Delaunay1" }, "geometry": { "type": "LineString", "coordinates": [ [ 16.791229, 63.646259 ], [ 16.923065, 63.549164 ] ] } },
{ "type": "Feature", "properties": { "voltage_kv": 380.0, "from_node": 93, "to_node": 107, "length_km": 155.01520618613517, "edge_source": "delaunay", "edge_set": "Delaunay1" }, "geometry": { "type": "LineString", "coordinates": [ [ 16.791229, 63.646259 ], [ 17.541046, 64.996778 ] ] } },
{ "type": "Feature", "properties": { "voltage_kv": 380.0, "from_node": 93, "to_node": 119, "length_km": 77.309300926594247, "edge_source": "delaunay", "edge_set": "Delaunay1" }, "geometry": { "type": "LineString", "coordinates": [ [ 16.791229, 63.646259 ], [ 18.242798, 63.401361 ] ] } },
{ "type": "Feature", "properties": { "voltage_kv": 380.0, "from_node": 93, "to_node": 123, "length_km": 140.85825440678292, "edge_source": "delaunay", "edge_set": "Delaunay1" }, "geometry": { "type": "LineString", "coordinates": [ [ 16.791229, 63.646259 ], [ 19.029694, 64.440225 ] ] } },
{ "type": "Feature", "properties": { "voltage_kv": 380.0, "from_node": 94, "to_node": 100, "length_km": 11.896807285556729, "edge_source": "delaunay", "edge_set": "Delaunay1" }, "geometry": { "type": "LineString", "coordinates": [ [ 16.876373, 65.299207 ], [ 17.049408, 65.221045 ] ] } },
{ "type": "Feature", "properties": { "voltage_kv": 380.0, "from_node": 94, "to_node": 121, "length_km": 202.84718677345407, "edge_source": "delaunay", "edge_set": "Delaunay1" }, "geometry": { "type": "LineString", "coordinates": [ [ 16.876373, 65.299207 ], [ 18.639679, 66.970387 ] ] } },
{ "type": "Feature", "properties": { "voltage_kv": 380.0, "from_node": 94, "to_node": 130, "length_km": 210.71132516025176, "edge_source": "delaunay", "edge_set": "Delaunay1" }, "geometry": { "type": "LineString", "coordinates": [ [ 16.876373, 65.299207 ], [ 20.429077, 66.505049 ] ] } },
{ "type": "Feature", "properties": { "voltage_kv": 380.0, "from_node": 95, "to_node": 102, "length_km": 42.4671751738924, "edge_source": "delaunay", "edge_set": "Delaunay1" }, "geometry": { "type": "LineString", "coordinates": [ [ 16.923065, 63.549164 ], [ 17.167511, 63.184727 ] ] } },
{ "type": "Feature", "properties": { "voltage_kv": 380.0, "from_node": 95, "to_node": 119, "length_km": 67.897288057160011, "edge_source": "delaunay", "edge_set": "Delaunay1" }, "geometry": { "type": "LineString", "coordinates": [ [ 16.923065, 63.549164 ], [ 18.242798, 63.401361 ] ] } },
{ "type": "Feature", "properties": { "voltage_kv": 380.0, "from_node": 96, "to_node": 97, "length_km": 13.859037154131579, "edge_source": "delaunay", "edge_set": "Delaunay1" }, "geometry": { "type": "LineString", "coordinates": [ [ 16.931305, 60.692679 ], [ 16.972504, 60.570102 ] ] } },
{ "type": "Feature", "properties": { "voltage_kv": 380.0, "from_node": 96, "to_node": 98, "length_km": 206.2450666616115, "edge_source": "delaunay", "edge_set": "Delaunay1" }, "geometry": { "type": "LineString", "coordinates": [ [ 16.931305, 60.692679 ], [ 17.024689, 62.540828 ] ] } },
{ "type": "Feature", "properties": { "voltage_kv": 380.0, "from_node": 96, "to_node": 99, "length_km": 9.8200828206224067, "edge_source": "delaunay", "edge_set": "Delaunay1" }, "geometry": { "type": "LineString", "coordinates": [ [ 16.931305, 60.692679 ], [ 17.045288, 60.624713 ] ] } },
{ "type": "Feature", "properties": { "voltage_kv": 380.0, "from_node": 96, "to_node": 106, "length_km": 199.27279917511936, "edge_source": "delaunay", "edge_set": "Delaunay1" }, "geometry": { "type": "LineString", "coordinates": [ [ 16.931305, 60.692679 ], [ 17.468262, 62.460297 ] ] } },
{ "type": "Feature", "properties": { "voltage_kv": 380.0, "from_node": 96, "to_node": 113, "length_km": 62.347101464380536, "edge_source": "delaunay", "edge_set": "Delaunay1" }, "geometry": { "type": "LineString", "coordinates": [ [ 16.931305, 60.692679 ], [ 18.020325, 60.532293 ] ] } },
{ "type": "Feature", "properties": { "voltage_kv": 380.0, "from_node": 97, "to_node": 99, "length_km": 7.2839757575242974, "edge_source": "delaunay", "edge_set": "Delaunay1" }, "geometry": { "type": "LineString", "coordinates": [ [ 16.972504, 60.570102 ], [ 17.045288, 60.624713 ] ] } },
{ "type": "Feature", "properties": { "voltage_kv": 380.0, "from_node": 97, "to_node": 101, "length_km": 5.229233014366284, "edge_source": "delaunay", "edge_set": "Delaunay1" }, "geometry": { "type": "LineString", "coordinates": [ [ 16.972504, 60.570102 ], [ 17.059021, 60.550528 ] ] } },
{ "type": "Feature", "properties": { "voltage_kv": 380.0, "from_node": 97, "to_node": 105, "length_km": 97.227749822872553, "edge_source": "delaunay", "edge_set": "Delaunay1" }, "geometry": { "type": "LineString", "coordinates": [ [ 16.972504, 60.570102 ], [ 17.329559, 59.716945 ] ] } },
{ "type": "Feature", "properties": { "voltage_kv": 380.0, "from_node": 98, "to_node": 102, "length_km": 72.212987916602486, "edge_source": "delaunay", "edge_set": "Delaunay1" }, "geometry": { "type": "LineString", "coordinates": [ [ 17.024689, 62.540828 ], [ 17.167511, 63.184727 ] ] } },
{ "type": "Feature", "properties": { "voltage_kv": 380.0, "from_node": 98, "to_node": 106, "length_km": 24.587321374852184, "edge_source": "delaunay", "edge_set": "Delaunay1" }, "geometry": { "type": "LineString", "coordinates": [ [ 17.024689, 62.540828 ], [ 17.468262, 62.460297 ] ] } },
{ "type": "Feature", "properties": { "voltage_kv": 380.0, "from_node": 99, "to_node": 101, "length_km": 8.3101708984636158, "edge_source": "delaunay", "edge_set": "Delaunay1" }, "geometry": { "type": "LineString", "coordinates": [ [ 17.045288, 60.624713 ], [ 17.059021, 60.550528 ] ] } },
{ "type": "Feature", "properties": { "voltage_kv": 380.0, "from_node": 99, "to_node": 113, "length_km": 54.514758738197315, "edge_source": "delaunay", "edge_set": "Delaunay1" }, "geometry": { "type": "LineString", "coordinates": [ [ 17.045288, 60.624713 ], [ 18.020325, 60.532293 ] ] } },
{ "type": "Feature", "properties": { "voltage_kv": 380.0, "from_node": 100, "to_node": 107, "length_km": 34.073802283675064, "edge_source": "delaunay", "edge_set": "Delaunay1" }, "geometry": { "type": "LineString", "coordinates": [ [ 17.049408, 65.221045 ], [ 17.541046, 64.996778 ] ] } },
{ "type": "Feature", "properties": { "voltage_kv": 380.0, "from_node": 100, "to_node": 125, "length_km": 128.08415531292064, "edge_source": "delaunay", "edge_set": "Delaunay1" }, "geometry": { "type": "LineString", "coordinates": [ [ 17.049408, 65.221045 ], [ 19.736938, 65.032742 ] ] } },
{ "type": "Feature", "properties": { "voltage_kv": 380.0, "from_node": 100, "to_node": 130, "length_km": 210.72018185023256, "edge_source": "delaunay", "edge_set": "Delaunay1" }, "geometry": { "type": "LineString", "coordinates": [ [ 17.049408, 65.221045 ], [ 20.429077, 66.505049 ] ] } },
{ "type": "Feature", "properties": { "voltage_kv": 380.0, "from_node": 101, "to_node": 105, "length_km": 94.206071345678154, "edge_source": "delaunay", "edge_set": "Delaunay1" }, "geometry": { "type": "LineString", "coordinates": [ [ 17.059021, 60.550528 ], [ 17.329559, 59.716945 ] ] } },
{ "type": "Feature", "properties": { "voltage_kv": 380.0, "from_node": 101, "to_node": 113, "length_km": 52.876560268131328, "edge_source": "delaunay", "edge_set": "Delaunay1" }, "geometry": { "type": "LineString", "coordinates": [ [ 17.059021, 60.550528 ], [ 18.020325, 60.532293 ] ] } },
{ "type": "Feature", "properties": { "voltage_kv": 380.0, "from_node": 101, "to_node": 116, "length_km": 60.112913425431557, "edge_source": "delaunay", "edge_set": "Delaunay1" }, "geometry": { "type": "LineString", "coordinates": [ [ 17.059021, 60.550528 ], [ 18.123322, 60.430121 ] ] } },
{ "type": "Feature", "properties": { "voltage_kv": 380.0, "from_node": 102, "to_node": 106, "length_km": 82.281617958603903, "edge_source": "delaunay", "edge_set": "Delaunay1" }, "geometry": { "type": "LineString", "coordinates": [ [ 17.167511, 63.184727 ], [ 17.468262, 62.460297 ] ] } },
{ "type": "Feature", "properties": { "voltage_kv": 380.0, "from_node": 102, "to_node": 119, "length_km": 59.173116299351918, "edge_source": "delaunay", "edge_set": "Delaunay1" }, "geometry": { "type": "LineString", "coordinates": [ [ 17.167511, 63.184727 ], [ 18.242798, 63.401361 ] ] } },
{ "type": "Feature", "properties": { "voltage_kv": 380.0, "from_node": 103, "to_node": 105, "length_km": 55.53821485471515, "edge_source": "delaunay", "edge_set": "Delaunay1" }, "geometry": { "type": "LineString", "coordinates": [ [ 17.218323, 59.22234 ], [ 17.329559, 59.716945 ] ] } },
{ "type": "Feature", "properties": { "voltage_kv": 380.0, "from_node": 103, "to_node": 109, "length_km": 30.150734235838009, "edge_source": "delaunay", "edge_set": "Delaunay1" }, "geometry": { "type": "LineString", "coordinates": [ [ 17.218323, 59.22234 ], [ 17.683868, 59.349996 ] ] } },
{ "type": "Feature", "properties": { "voltage_kv": 380.0, "from_node": 103, "to_node": 110, "length_km": 31.338228382858603, "edge_source": "delaunay", "edge_set": "Delaunay1" }, "geometry": { "type": "LineString", "coordinates": [ [ 17.218323, 59.22234 ], [ 17.766266, 59.221637 ] ] } },
{ "type": "Feature", "properties": { "voltage_kv": 380.0, "from_node": 103, "to_node": 111, "length_km": 43.318910551955604, "edge_source": "delaunay", "edge_set": "Delaunay1" }, "geometry": { "type": "LineString", "coordinates": [ [ 17.218323, 59.22234 ], [ 17.932434, 59.094909 ] ] } },
{ "type": "Feature", "properties": { "voltage_kv": 380.0, "from_node": 104, "to_node": 108, "length_km": 41.768901647219451, "edge_source": "delaunay", "edge_set": "Delaunay1" }, "geometry": { "type": "LineString", "coordinates": [ [ 17.288361, 68.158786 ], [ 17.579498, 68.517173 ] ] } },
{ "type": "Feature", "properties": { "voltage_kv": 380.0, "from_node": 104, "to_node": 112, "length_km": 68.025729632768929, "edge_source": "delaunay", "edge_set": "Delaunay1" }, "geometry": { "type": "LineString", "coordinates": [ [ 17.288361, 68.158786 ], [ 17.992859, 67.610267 ] ] } },
{ "type": "Feature", "properties": { "voltage_kv": 380.0, "from_node": 105, "to_node": 109, "length_km": 45.599773535014307, "edge_source": "delaunay", "edge_set": "Delaunay1" }, "geometry": { "type": "LineString", "coordinates": [ [ 17.329559, 59.716945 ], [ 17.683868, 59.349996 ] ] } },
{ "type": "Feature", "properties": { "voltage_kv": 380.0, "from_node": 105, "to_node": 116, "length_km": 91.061636622160307, "edge_source": "delaunay", "edge_set": "Delaunay1" }, "geometry": { "type": "LineString", "coordinates": [ [ 17.329559, 59.716945 ], [ 18.123322, 60.430121 ] ] } },
{ "type": "Feature", "properties": { "voltage_kv": 380.0, "from_node": 105, "to_node": 117, "length_km": 53.070167130710587, "edge_source": "delaunay", "edge_set": "Delaunay1" }, "geometry": { "type": "LineString", "coordinates": [ [ 17.329559, 59.716945 ], [ 18.135681, 59.473686 ] ] } },
{ "type": "Feature", "properties": { "voltage_kv": 380.0, "from_node": 105, "to_node": 118, "length_km": 57.604577504444705, "edge_source": "delaunay", "edge_set": "Delaunay1" }, "geometry": { "type": "LineString", "coordinates": [ [ 17.329559, 59.716945 ], [ 18.233185, 59.961198 ] ] } },
{ "type": "Feature", "properties": { "voltage_kv": 380.0, "from_node": 106, "to_node": 119, "length_km": 112.1762920651144, "edge_source": "delaunay", "edge_set": "Delaunay1" }, "geometry": { "type": "LineString", "coordinates": [ [ 17.468262, 62.460297 ], [ 18.242798, 63.401361 ] ] } },
{ "type": "Feature", "properties": { "voltage_kv": 380.0, "from_node": 107, "to_node": 123, "length_km": 94.391445176359639, "edge_source": "delaunay", "edge_set": "Delaunay1" }, "geometry": { "type": "LineString", "coordinates": [ [ 17.541046, 64.996778 ], [ 19.029694, 64.440225 ] ] } },
{ "type": "Feature", "properties": { "voltage_kv": 380.0, "from_node": 107, "to_node": 125, "length_km": 103.7603170499039, "edge_source": "delaunay", "edge_set": "Delaunay1" }, "geometry": { "type": "LineString", "coordinates": [ [ 17.541046, 64.996778 ], [ 19.736938, 65.032742 ] ] } },
{ "type": "Feature", "properties": { "voltage_kv": 380.0, "from_node": 108, "to_node": 112, "length_km": 102.70339409663185, "edge_source": "delaunay", "edge_set": "Delaunay1" }, "geometry": { "type": "LineString", "coordinates": [ [ 17.579498, 68.517173 ], [ 17.992859, 67.610267 ] ] } },
{ "type": "Feature", "properties": { "voltage_kv": 380.0, "from_node": 108, "to_node": 120, "length_km": 119.008491535811, "edge_source": "delaunay", "edge_set": "Delaunay1" }, "geometry": { "type": "LineString", "coordinates": [ [ 17.579498, 68.517173 ], [ 18.366394, 67.492803 ] ] } },
{ "type": "Feature", "properties": { "voltage_kv": 380.0, "from_node": 108, "to_node": 122, "length_km": 78.016443933672534, "edge_source": "delaunay", "edge_set": "Delaunay1" }, "geometry": { "type": "LineString", "coordinates": [ [ 17.579498, 68.517173 ], [ 18.864899, 69.038124 ] ] } },
{ "type": "Feature", "properties": { "voltage_kv": 380.0, "from_node": 109, "to_node": 110, "length_km": 15.07546327587783, "edge_source": "delaunay", "edge_set": "Delaunay1" }, "geometry": { "type": "LineString", "coordinates": [ [ 17.683868, 59.349996 ], [ 17.766266, 59.221637 ] ] } },
{ "type": "Feature", "properties": { "voltage_kv": 380.0, "from_node": 109, "to_node": 114, "length_km": 23.775653973284733, "edge_source": "delaunay", "edge_set": "Delaunay1" }, "geometry": { "type": "LineString", "coordinates": [ [ 17.683868, 59.349996 ], [ 18.095856, 59.317075 ] ] } },
{ "type": "Feature", "properties": { "voltage_kv": 380.0, "from_node": 109, "to_node": 117, "length_km": 29.173503482632952, "edge_source": "delaunay", "edge_set": "Delaunay1" }, "geometry": { "type": "LineString", "coordinates": [ [ 17.683868, 59.349996 ], [ 18.135681, 59.473686 ] ] } },
{ "type": "Feature", "properties": { "voltage_kv": 380.0, "from_node": 110, "to_node": 111, "length_km": 17.0490526087932, "edge_source": "delaunay", "edge_set": "Delaunay1" }, "geometry": { "type": "LineString", "coordinates": [ [ 17.766266, 59.221637 ], [ 17.932434, 59.094909 ] ] } },
{ "type": "Feature", "properties": { "voltage_kv": 380.0, "from_node": 110, "to_node": 114, "length_km": 21.631565058111192, "edge_source": "delaunay", "edge_set": "Delaunay1" }, "geometry": { "type": "LineString", "coordinates": [ [ 17.766266, 59.221637 ], [ 18.095856, 59.317075 ] ] } },
{ "type": "Feature", "properties": { "voltage_kv": 380.0, "from_node": 110, "to_node": 115, "length_km": 20.615874910436936, "edge_source": "delaunay", "edge_set": "Delaunay1" }, "geometry": { "type": "LineString", "coordinates": [ [ 17.766266, 59.221637 ], [ 18.110962, 59.168187 ] ] } },
{ "type": "Feature", "properties": { "voltage_kv": 380.0, "from_node": 111, "to_node": 115, "length_km": 13.104971016412957, "edge_source": "delaunay", "edge_set": "Delaunay1" }, "geometry": { "type": "LineString", "coordinates": [ [ 17.932434, 59.094909 ], [ 18.110962, 59.168187 ] ] } },
{ "type": "Feature", "properties": { "voltage_kv": 380.0, "from_node": 112, "to_node": 120, "length_km": 20.641838416888007, "edge_source": "delaunay", "edge_set": "Delaunay1" }, "geometry": { "type": "LineString", "coordinates": [ [ 17.992859, 67.610267 ], [ 18.366394, 67.492803 ] ] } },
{ "type": "Feature", "properties": { "voltage_kv": 380.0, "from_node": 112, "to_node": 121, "length_km": 76.699888824271184, "edge_source": "delaunay", "edge_set": "Delaunay1" }, "geometry": { "type": "LineString", "coordinates": [ [ 17.992859, 67.610267 ], [ 18.639679, 66.970387 ] ] } },
{ "type": "Feature", "properties": { "voltage_kv": 380.0, "from_node": 113, "to_node": 116, "length_km": 12.736632701874827, "edge_source": "delaunay", "edge_set": "Delaunay1" }, "geometry": { "type": "LineString", "coordinates": [ [ 18.020325, 60.532293 ], [ 18.123322, 60.430121 ] ] } },
{ "type": "Feature", "properties": { "voltage_kv": 380.0, "from_node": 114, "to_node": 115, "length_km": 16.639071276532547, "edge_source": "delaunay", "edge_set": "Delaunay1" }, "geometry": { "type": "LineString", "coordinates": [ [ 18.095856, 59.317075 ], [ 18.110962, 59.168187 ] ] } },
{ "type": "Feature", "properties": { "voltage_kv": 380.0, "from_node": 114, "to_node": 117, "length_km": 17.625180929188812, "edge_source": "delaunay", "edge_set": "Delaunay1" }, "geometry": { "type": "LineString", "coordinates": [ [ 18.095856, 59.317075 ], [ 18.135681, 59.473686 ] ] } },
{ "type": "Feature", "properties": { "voltage_kv": 380.0, "from_node": 115, "to_node": 117, "length_km": 34.1248377826252, "edge_source": "delaunay", "edge_set": "Delaunay1" }, "geometry": { "type": "LineString", "coordinates": [ [ 18.110962, 59.168187 ], [ 18.135681, 59.473686 ] ] } },
{ "type": "Feature", "properties": { "voltage_kv": 380.0, "from_node": 116, "to_node": 118, "length_km": 52.69329194609471, "edge_source": "delaunay", "edge_set": "Delaunay1" }, "geometry": { "type": "LineString", "coordinates": [ [ 18.123322, 60.430121 ], [ 18.233185, 59.961198 ] ] } },
{ "type": "Feature", "properties": { "voltage_kv": 380.0, "from_node": 117, "to_node": 118, "length_km": 54.689228767497454, "edge_source": "delaunay", "edge_set": "Delaunay1" }, "geometry": { "type": "LineString", "coordinates": [ [ 18.135681, 59.473686 ], [ 18.233185, 59.961198 ] ] } },
{ "type": "Feature", "properties": { "voltage_kv": 380.0, "from_node": 119, "to_node": 123, "length_km": 122.26692370982586, "edge_source": "delaunay", "edge_set": "Delaunay1" }, "geometry": { "type": "LineString", "coordinates": [ [ 18.242798, 63.401361 ], [ 19.029694, 64.440225 ] ] } },
{ "type": "Feature", "properties": { "voltage_kv": 380.0, "from_node": 119, "to_node": 129, "length_km": 105.24646998267809, "edge_source": "delaunay", "edge_set": "Delaunay1" }, "geometry": { "type": "LineString", "coordinates": [ [ 18.242798, 63.401361 ], [ 20.047302, 63.896314 ] ] } },
{ "type": "Feature", "properties": { "voltage_kv": 380.0, "from_node": 120, "to_node": 121, "length_km": 59.517149480128694, "edge_source": "delaunay", "edge_set": "Delaunay1" }, "geometry": { "type": "LineString", "coordinates": [ [ 18.366394, 67.492803 ], [ 18.639679, 66.970387 ] ] } },
{ "type": "Feature", "properties": { "voltage_kv": 380.0, "from_node": 120, "to_node": 122, "length_km": 173.78394262164011, "edge_source": "delaunay", "edge_set": "Delaunay1" }, "geometry": { "type": "LineString", "coordinates": [ [ 18.366394, 67.492803 ], [ 18.864899, 69.038124 ] ] } },
{ "type": "Feature", "properties": { "voltage_kv": 380.0, "from_node": 120, "to_node": 127, "length_km": 86.887348442925486, "edge_source": "delaunay", "edge_set": "Delaunay1" }, "geometry": { "type": "LineString", "coordinates": [ [ 18.366394, 67.492803 ], [ 19.866028, 66.975221 ] ] } },
{ "type": "Feature", "properties": { "voltage_kv": 380.0, "from_node": 121, "to_node": 126, "length_km": 55.56085471013288, "edge_source": "delaunay", "edge_set": "Delaunay1" }, "geometry": { "type": "LineString", "coordinates": [ [ 18.639679, 66.970387 ], [ 19.864655, 66.843267 ] ] } },
{ "type": "Feature", "properties": { "voltage_kv": 380.0, "from_node": 121, "to_node": 127, "length_km": 53.633823066542114, "edge_source": "delaunay", "edge_set": "Delaunay1" }, "geometry": { "type": "LineString", "coordinates": [ [ 18.639679, 66.970387 ], [ 19.866028, 66.975221 ] ] } },
{ "type": "Feature", "properties": { "voltage_kv": 380.0, "from_node": 121, "to_node": 128, "length_km": 67.075718783643765, "edge_source": "delaunay", "edge_set": "Delaunay1" }, "geometry": { "type": "LineString", "coordinates": [ [ 18.639679, 66.970387 ], [ 20.037689, 66.729595 ] ] } },
{ "type": "Feature", "properties": { "voltage_kv": 380.0, "from_node": 121, "to_node": 130, "length_km": 94.577966461250796, "edge_source": "delaunay", "edge_set": "Delaunay1" }, "geometry": { "type": "LineString", "coordinates": [ [ 18.639679, 66.970387 ], [ 20.429077, 66.505049 ] ] } },
{ "type": "Feature", "properties": { "voltage_kv": 380.0, "from_node": 122, "to_node": 124, "length_km": 22.290869683350838, "edge_source": "delaunay", "edge_set": "Delaunay1" }, "geometry": { "type": "LineString", "coordinates": [ [ 18.864899, 69.038124 ], [ 19.24942, 69.183065 ] ] } },
{ "type": "Feature", "properties": { "voltage_kv": 380.0, "from_node": 122, "to_node": 127, "length_km": 234.18327050688742, "edge_source": "delaunay", "edge_set": "Delaunay1" }, "geometry": { "type": "LineString", "coordinates": [ [ 18.864899, 69.038124 ], [ 19.866028, 66.975221 ] ] } },
{ "type": "Feature", "properties": { "voltage_kv": 380.0, "from_node": 123, "to_node": 125, "length_km": 74.288325732537899, "edge_source": "delaunay", "edge_set": "Delaunay1" }, "geometry": { "type": "LineString", "coordinates": [ [ 19.029694, 64.440225 ], [ 19.736938, 65.032742 ] ] } },
{ "type": "Feature", "properties": { "voltage_kv": 380.0, "from_node": 123, "to_node": 129, "length_km": 78.422260864808678, "edge_source": "delaunay", "edge_set": "Delaunay1" }, "geometry": { "type": "LineString", "coordinates": [ [ 19.029694, 64.440225 ], [ 20.047302, 63.896314 ] ] } },
{ "type": "Feature", "properties": { "voltage_kv": 380.0, "from_node": 124, "to_node": 127, "length_km": 247.94975085484154, "edge_source": "delaunay", "edge_set": "Delaunay1" }, "geometry": { "type": "LineString", "coordinates": [ [ 19.24942, 69.183065 ], [ 19.866028, 66.975221 ] ] } },
{ "type": "Feature", "properties": { "voltage_kv": 380.0, "from_node": 124, "to_node": 163, "length_km": 416.06009894449471, "edge_source": "delaunay", "edge_set": "Delaunay1" }, "geometry": { "type": "LineString", "coordinates": [ [ 19.24942, 69.183065 ], [ 25.415497, 66.285642 ] ] } },
{ "type": "Feature", "properties": { "voltage_kv": 380.0, "from_node": 124, "to_node": 171, "length_km": 458.4029419273063, "edge_source": "delaunay", "edge_set": "Delaunay1" }, "geometry": { "type": "LineString", "coordinates": [ [ 19.24942, 69.183065 ], [ 27.030487, 66.33089 ] ] } },
{ "type": "Feature", "properties": { "voltage_kv": 380.0, "from_node": 125, "to_node": 129, "length_km": 127.83719407685649, "edge_source": "delaunay", "edge_set": "Delaunay1" }, "geometry": { "type": "LineString", "coordinates": [ [ 19.736938, 65.032742 ], [ 20.047302, 63.896314 ] ] } },
{ "type": "Feature", "properties": { "voltage_kv": 380.0, "from_node": 125, "to_node": 130, "length_km": 167.52944038917647, "edge_source": "delaunay", "edge_set": "Delaunay1" }, "geometry": { "type": "LineString", "coordinates": [ [ 19.736938, 65.032742 ], [ 20.429077, 66.505049 ] ] } },
{ "type": "Feature", "properties": { "voltage_kv": 380.0, "from_node": 125, "to_node": 132, "length_km": 72.389063183166272, "edge_source": "delaunay", "edge_set": "Delaunay1" }, "geometry": { "type": "LineString", "coordinates": [ [ 19.736938, 65.032742 ], [ 21.169281, 65.270498 ] ] } },
{ "type": "Feature", "properties": { "voltage_kv": 380.0, "from_node": 125, "to_node": 135, "length_km": 125.86801271090509, "edge_source": "delaunay", "edge_set": "Delaunay1" }, "geometry": { "type": "LineString", "coordinates": [ [ 19.736938, 65.032742 ], [ 21.656799, 65.826407 ] ] } },
{ "type": "Feature", "properties": { "voltage_kv": 380.0, "from_node": 126, "to_node": 127, "length_km": 14.740948353838123, "edge_source": "delaunay", "edge_set": "Delaunay1" }, "geometry": { "type": "LineString", "coordinates": [ [ 19.864655, 66.843267 ], [ 19.866028, 66.975221 ] ] } },
{ "type": "Feature", "properties": { "voltage_kv": 380.0, "from_node": 126, "to_node": 128, "length_km": 14.813500325550033, "edge_source": "delaunay", "edge_set": "Delaunay1" }, "geometry": { "type": "LineString", "coordinates": [ [ 19.864655, 66.843267 ], [ 20.037689, 66.729595 ] ] } },
{ "type": "Feature", "properties": { "voltage_kv": 380.0, "from_node": 126, "to_node": 131, "length_km": 32.416125588154081, "edge_source": "delaunay", "edge_set": "Delaunay1" }, "geometry": { "type": "LineString", "coordinates": [ [ 19.864655, 66.843267 ], [ 20.452423, 66.669299 ] ] } },
{ "type": "Feature", "properties": { "voltage_kv": 380.0, "from_node": 127, "to_node": 131, "length_km": 42.830931802476087, "edge_source": "delaunay", "edge_set": "Delaunay1" }, "geometry": { "type": "LineString", "coordinates": [ [ 19.866028, 66.975221 ], [ 20.452423, 66.669299 ] ] } },
{ "type": "Feature", "properties": { "voltage_kv": 380.0, "from_node": 127, "to_node": 163, "length_km": 258.19566386860612, "edge_source": "delaunay", "edge_set": "Delaunay1" }, "geometry": { "type": "LineString", "coordinates": [ [ 19.866028, 66.975221 ], [ 25.415497, 66.285642 ] ] } },
{ "type": "Feature", "properties": { "voltage_kv": 380.0, "from_node": 128, "to_node": 130, "length_km": 30.516465857156195, "edge_source": "delaunay", "edge_set": "Delaunay1" }, "geometry": { "type": "LineString", "coordinates": [ [ 20.037689, 66.729595 ], [ 20.429077, 66.505049 ] ] } },
{ "type": "Feature", "properties": { "voltage_kv": 380.0, "from_node": 128, "to_node": 131, "length_km": 19.546186235373352, "edge_source": "delaunay", "edge_set": "Delaunay1" }, "geometry": { "type": "LineString", "coordinates": [ [ 20.037689, 66.729595 ], [ 20.452423, 66.669299 ] ] } },
{ "type": "Feature", "properties": { "voltage_kv": 380.0, "from_node": 129, "to_node": 132, "length_km": 162.74504125981045, "edge_source": "delaunay", "edge_set": "Delaunay1" }, "geometry": { "type": "LineString", "coordinates": [ [ 20.047302, 63.896314 ], [ 21.169281, 65.270498 ] ] } },
{ "type": "Feature", "properties": { "voltage_kv": 380.0, "from_node": 130, "to_node": 131, "length_km": 18.382501622526156, "edge_source": "delaunay", "edge_set": "Delaunay1" }, "geometry": { "type": "LineString", "coordinates": [ [ 20.429077, 66.505049 ], [ 20.452423, 66.669299 ] ] } },
{ "type": "Feature", "properties": { "voltage_kv": 380.0, "from_node": 130, "to_node": 135, "length_km": 93.993751690937302, "edge_source": "delaunay", "edge_set": "Delaunay1" }, "geometry": { "type": "LineString", "coordinates": [ [ 20.429077, 66.505049 ], [ 21.656799, 65.826407 ] ] } },
{ "type": "Feature", "properties": { "voltage_kv": 380.0, "from_node": 130, "to_node": 145, "length_km": 135.09362064054667, "edge_source": "delaunay", "edge_set": "Delaunay1" }, "geometry": { "type": "LineString", "coordinates": [ [ 20.429077, 66.505049 ], [ 23.072662, 65.938074 ] ] } },
{ "type": "Feature", "properties": { "voltage_kv": 380.0, "from_node": 131, "to_node": 145, "length_km": 143.43525525482562, "edge_source": "delaunay", "edge_set": "Delaunay1" }, "geometry": { "type": "LineString", "coordinates": [ [ 20.452423, 66.669299 ], [ 23.072662, 65.938074 ] ] } },
{ "type": "Feature", "properties": { "voltage_kv": 380.0, "from_node": 131, "to_node": 163, "length_km": 225.91006152438266, "edge_source": "delaunay", "edge_set": "Delaunay1" }, "geometry": { "type": "LineString", "coordinates": [ [ 20.452423, 66.669299 ], [ 25.415497, 66.285642 ] ] } },
{ "type": "Feature", "properties": { "voltage_kv": 380.0, "from_node": 132, "to_node": 135, "length_km": 66.125330169134116, "edge_source": "delaunay", "edge_set": "Delaunay1" }, "geometry": { "type": "LineString", "coordinates": [ [ 21.169281, 65.270498 ], [ 21.656799, 65.826407 ] ] } },
{ "type": "Feature", "properties": { "voltage_kv": 380.0, "from_node": 132, "to_node": 145, "length_km": 115.41522679453685, "edge_source": "delaunay", "edge_set": "Delaunay1" }, "geometry": { "type": "LineString", "coordinates": [ [ 21.169281, 65.270498 ], [ 23.072662, 65.938074 ] ] } },
{ "type": "Feature", "properties": { "voltage_kv": 380.0, "from_node": 133, "to_node": 136, "length_km": 48.113919918090815, "edge_source": "delaunay", "edge_set": "Delaunay1" }, "geometry": { "type": "LineString", "coordinates": [ [ 21.538696, 61.125998 ], [ 21.660919, 61.552147 ] ] } },
{ "type": "Feature", "properties": { "voltage_kv": 380.0, "from_node": 133, "to_node": 137, "length_km": 30.130212937149171, "edge_source": "delaunay", "edge_set": "Delaunay1" }, "geometry": { "type": "LineString", "coordinates": [ [ 21.538696, 61.125998 ], [ 21.895752, 60.919755 ] ] } },
{ "type": "Feature", "properties": { "voltage_kv": 380.0, "from_node": 133, "to_node": 139, "length_km": 50.175343869402589, "edge_source": "delaunay", "edge_set": "Delaunay1" }, "geometry": { "type": "LineString", "coordinates": [ [ 21.538696, 61.125998 ], [ 22.105865, 61.482071 ] ] } },
{ "type": "Feature", "properties": { "voltage_kv": 380.0, "from_node": 134, "to_node": 136, "length_km": 70.742236823324006, "edge_source": "delaunay", "edge_set": "Delaunay1" }, "geometry": { "type": "LineString", "coordinates": [ [ 21.604614, 62.184091 ], [ 21.660919, 61.552147 ] ] } },
{ "type": "Feature", "properties": { "voltage_kv": 380.0, "from_node": 134, "to_node": 138, "length_km": 95.856068518075972, "edge_source": "delaunay", "edge_set": "Delaunay1" }, "geometry": { "type": "LineString", "coordinates": [ [ 21.604614, 62.184091 ], [ 21.902618, 63.030057 ] ] } },
{ "type": "Feature", "properties": { "voltage_kv": 380.0, "from_node": 134, "to_node": 139, "length_km": 82.882626084096117, "edge_source": "delaunay", "edge_set": "Delaunay1" }, "geometry": { "type": "LineString", "coordinates": [ [ 21.604614, 62.184091 ], [ 22.105865, 61.482071 ] ] } },
{ "type": "Feature", "properties": { "voltage_kv": 380.0, "from_node": 134, "to_node": 141, "length_km": 86.181421015551535, "edge_source": "delaunay", "edge_set": "Delaunay1" }, "geometry": { "type": "LineString", "coordinates": [ [ 21.604614, 62.184091 ], [ 22.633209, 62.789912 ] ] } },
{ "type": "Feature", "properties": { "voltage_kv": 380.0, "from_node": 134, "to_node": 149, "length_km": 150.92179649535186, "edge_source": "delaunay", "edge_set": "Delaunay1" }, "geometry": { "type": "LineString", "coordinates": [ [ 21.604614, 62.184091 ], [ 24.083405, 61.516146 ] ] } },
{ "type": "Feature", "properties": { "voltage_kv": 380.0, "from_node": 135, "to_node": 145, "length_km": 65.974761709228744, "edge_source": "delaunay", "edge_set": "Delaunay1" }, "geometry": { "type": "LineString", "coordinates": [ [ 21.656799, 65.826407 ], [ 23.072662, 65.938074 ] ] } },
{ "type": "Feature", "properties": { "voltage_kv": 380.0, "from_node": 136, "to_node": 139, "length_km": 25.033174767542288, "edge_source": "delaunay", "edge_set": "Delaunay1" }, "geometry": { "type": "LineString", "coordinates": [ [ 21.660919, 61.552147 ], [ 22.105865, 61.482071 ] ] } },
{ "type": "Feature", "properties": { "voltage_kv": 380.0, "from_node": 137, "to_node": 139, "length_km": 63.927023093805843, "edge_source": "delaunay", "edge_set": "Delaunay1" }, "geometry": { "type": "LineString", "coordinates": [ [ 21.895752, 60.919755 ], [ 22.105865, 61.482071 ] ] } },
{ "type": "Feature", "properties": { "voltage_kv": 380.0, "from_node": 137, "to_node": 140, "length_km": 54.293454376131201, "edge_source": "delaunay", "edge_set": "Delaunay1" }, "geometry": { "type": "LineString", "coordinates": [ [ 21.895752, 60.919755 ], [ 22.457428, 60.52013 ] ] } },
{ "type": "Feature", "properties": { "voltage_kv": 380.0, "from_node": 137, "to_node": 142, "length_km": 58.063632996946296, "edge_source": "delaunay", "edge_set": "Delaunay1" }, "geometry": { "type": "LineString", "coordinates": [ [ 21.895752, 60.919755 ], [ 22.822723, 61.179005 ] ] } },
{ "type": "Feature", "properties": { "voltage_kv": 380.0, "from_node": 138, "to_node": 141, "length_km": 45.949021640148985, "edge_source": "delaunay", "edge_set": "Delaunay1" }, "geometry": { "type": "LineString", "coordinates": [ [ 21.902618, 63.030057 ], [ 22.633209, 62.789912 ] ] } },
{ "type": "Feature", "properties": { "voltage_kv": 380.0, "from_node": 138, "to_node": 144, "length_km": 103.25867589396425, "edge_source": "delaunay", "edge_set": "Delaunay1" }, "geometry": { "type": "LineString", "coordinates": [ [ 21.902618, 63.030057 ], [ 23.047943, 63.797043 ] ] } },
{ "type": "Feature", "properties": { "voltage_kv": 380.0, "from_node": 139, "to_node": 142, "length_km": 51.347949315108075, "edge_source": "delaunay", "edge_set": "Delaunay1" }, "geometry": { "type": "LineString", "coordinates": [ [ 22.105865, 61.482071 ], [ 22.822723, 61.179005 ] ] } },
{ "type": "Feature", "properties": { "voltage_kv": 380.0, "from_node": 139, "to_node": 149, "length_km": 105.88782468241317, "edge_source": "delaunay", "edge_set": "Delaunay1" }, "geometry": { "type": "LineString", "coordinates": [ [ 22.105865, 61.482071 ], [ 24.083405, 61.516146 ] ] } },
{ "type": "Feature", "properties": { "voltage_kv": 380.0, "from_node": 140, "to_node": 142, "length_km": 76.406043225817754, "edge_source": "delaunay", "edge_set": "Delaunay1" }, "geometry": { "type": "LineString", "coordinates": [ [ 22.457428, 60.52013 ], [ 22.822723, 61.179005 ] ] } },
{ "type": "Feature", "properties": { "voltage_kv": 380.0, "from_node": 140, "to_node": 143, "length_km": 30.708895016224382, "edge_source": "delaunay", "edge_set": "Delaunay1" }, "geometry": { "type": "LineString", "coordinates": [ [ 22.457428, 60.52013 ], [ 22.913361, 60.363639 ] ] } },
{ "type": "Feature", "properties": { "voltage_kv": 380.0, "from_node": 140, "to_node": 147, "length_km": 70.738163945855106, "edge_source": "delaunay", "edge_set": "Delaunay1" }, "geometry": { "type": "LineString", "coordinates": [ [ 22.457428, 60.52013 ], [ 23.579407, 60.830188 ] ] } },
{ "type": "Feature", "properties": { "voltage_kv": 380.0, "from_node": 141, "to_node": 144, "length_km": 114.63678542291508, "edge_source": "delaunay", "edge_set": "Delaunay1" }, "geometry": { "type": "LineString", "coordinates": [ [ 22.633209, 62.789912 ], [ 23.047943, 63.797043 ] ] } },
{ "type": "Feature", "properties": { "voltage_kv": 380.0, "from_node": 141, "to_node": 149, "length_km": 161.6037909290614, "edge_source": "delaunay", "edge_set": "Delaunay1" }, "geometry": { "type": "LineString", "coordinates": [ [ 22.633209, 62.789912 ], [ 24.083405, 61.516146 ] ] } },
{ "type": "Feature", "properties": { "voltage_kv": 380.0, "from_node": 141, "to_node": 151, "length_km": 86.982743705796167, "edge_source": "delaunay", "edge_set": "Delaunay1" }, "geometry": { "type": "LineString", "coordinates": [ [ 22.633209, 62.789912 ], [ 24.285278, 62.976446 ] ] } },
{ "type": "Feature", "properties": { "voltage_kv": 380.0, "from_node": 142, "to_node": 147, "length_km": 56.733616562314239, "edge_source": "delaunay", "edge_set": "Delaunay1" }, "geometry": { "type": "LineString", "coordinates": [ [ 22.822723, 61.179005 ], [ 23.579407, 60.830188 ] ] } },
{ "type": "Feature", "properties": { "voltage_kv": 380.0, "from_node": 142, "to_node": 149, "length_km": 77.616204067609559, "edge_source": "delaunay", "edge_set": "Delaunay1" }, "geometry": { "type": "LineString", "coordinates": [ [ 22.822723, 61.179005 ], [ 24.083405, 61.516146 ] ] } },
{ "type": "Feature", "properties": { "voltage_kv": 380.0, "from_node": 143, "to_node": 147, "length_km": 63.845129159447836, "edge_source": "delaunay", "edge_set": "Delaunay1" }, "geometry": { "type": "LineString", "coordinates": [ [ 22.913361, 60.363639 ], [ 23.579407, 60.830188 ] ] } },
{ "type": "Feature", "properties": { "voltage_kv": 380.0, "from_node": 143, "to_node": 148, "length_km": 61.695358637957476, "edge_source": "delaunay", "edge_set": "Delaunay1" }, "geometry": { "type": "LineString", "coordinates": [ [ 22.913361, 60.363639 ], [ 23.819733, 60.047704 ] ] } },
{ "type": "Feature", "properties": { "voltage_kv": 380.0, "from_node": 143, "to_node": 150, "length_km": 71.018786291185449, "edge_source": "delaunay", "edge_set": "Delaunay1" }, "geometry": { "type": "LineString", "coordinates": [ [ 22.913361, 60.363639 ], [ 24.186401, 60.304505 ] ] } },
{ "type": "Feature", "properties": { "voltage_kv": 380.0, "from_node": 144, "to_node": 146, "length_km": 6.9156429535229593, "edge_source": "delaunay", "edge_set": "Delaunay1" }, "geometry": { "type": "LineString", "coordinates": [ [ 23.047943, 63.797043 ], [ 23.1427, 63.842485 ] ] } },
{ "type": "Feature", "properties": { "voltage_kv": 380.0, "from_node": 144, "to_node": 151, "length_km": 110.93811088224429, "edge_source": "delaunay", "edge_set": "Delaunay1" }, "geometry": { "type": "LineString", "coordinates": [ [ 23.047943, 63.797043 ], [ 24.285278, 62.976446 ] ] } },
{ "type": "Feature", "properties": { "voltage_kv": 380.0, "from_node": 145, "to_node": 153, "length_km": 63.80648846558249, "edge_source": "delaunay", "edge_set": "Delaunay1" }, "geometry": { "type": "LineString", "coordinates": [ [ 23.072662, 65.938074 ], [ 24.411621, 65.781941 ] ] } },
{ "type": "Feature", "properties": { "voltage_kv": 380.0, "from_node": 145, "to_node": 155, "length_km": 70.752641050199358, "edge_source": "delaunay", "edge_set": "Delaunay1" }, "geometry": { "type": "LineString", "coordinates": [ [ 23.072662, 65.938074 ], [ 24.612122, 65.877531 ] ] } },
{ "type": "Feature", "properties": { "voltage_kv": 380.0, "from_node": 145, "to_node": 163, "length_km": 113.2379484455481, "edge_source": "delaunay", "edge_set": "Delaunay1" }, "geometry": { "type": "LineString", "coordinates": [ [ 23.072662, 65.938074 ], [ 25.415497, 66.285642 ] ] } },
{ "type": "Feature", "properties": { "voltage_kv": 380.0, "from_node": 146, "to_node": 151, "length_km": 112.67208931119349, "edge_source": "delaunay", "edge_set": "Delaunay1" }, "geometry": { "type": "LineString", "coordinates": [ [ 23.1427, 63.842485 ], [ 24.285278, 62.976446 ] ] } },
{ "type": "Feature", "properties": { "voltage_kv": 380.0, "from_node": 146, "to_node": 154, "length_km": 93.531054622993125, "edge_source": "delaunay", "edge_set": "Delaunay1" }, "geometry": { "type": "LineString", "coordinates": [ [ 23.1427, 63.842485 ], [ 24.517365, 64.423037 ] ] } },
{ "type": "Feature", "properties": { "voltage_kv": 380.0, "from_node": 146, "to_node": 159, "length_km": 91.733839365353674, "edge_source": "delaunay", "edge_set": "Delaunay1" }, "geometry": { "type": "LineString", "coordinates": [ [ 23.1427, 63.842485 ], [ 24.965057, 64.008479 ] ] } },
{ "type": "Feature", "properties": { "voltage_kv": 380.0, "from_node": 147, "to_node": 149, "length_km": 81.554068768683379, "edge_source": "delaunay", "edge_set": "Delaunay1" }, "geometry": { "type": "LineString", "coordinates": [ [ 23.579407, 60.830188 ], [ 24.083405, 61.516146 ] ] } },
{ "type": "Feature", "properties": { "voltage_kv": 380.0, "from_node": 147, "to_node": 150, "length_km": 67.760851891823265, "edge_source": "delaunay", "edge_set": "Delaunay1" }, "geometry": { "type": "LineString", "coordinates": [ [ 23.579407, 60.830188 ], [ 24.186401, 60.304505 ] ] } },
{ "type": "Feature", "properties": { "voltage_kv": 380.0, "from_node": 147, "to_node": 152, "length_km": 72.388087580452549, "edge_source": "delaunay", "edge_set": "Delaunay1" }, "geometry": { "type": "LineString", "coordinates": [ [ 23.579407, 60.830188 ], [ 24.403381, 61.338151 ] ] } },
{ "type": "Feature", "properties": { "voltage_kv": 380.0, "from_node": 147, "to_node": 157, "length_km": 73.53159050081014, "edge_source": "delaunay", "edge_set": "Delaunay1" }, "geometry": { "type": "LineString", "coordinates": [ [ 23.579407, 60.830188 ], [ 24.915619, 60.906402 ] ] } },
{ "type": "Feature", "properties": { "voltage_kv": 380.0, "from_node": 148, "to_node": 150, "length_km": 35.32323869879059, "edge_source": "delaunay", "edge_set": "Delaunay1" }, "geometry": { "type": "LineString", "coordinates": [ [ 23.819733, 60.047704 ], [ 24.186401, 60.304505 ] ] } },
{ "type": "Feature", "properties": { "voltage_kv": 380.0, "from_node": 148, "to_node": 156, "length_km": 50.022480377398196, "edge_source": "delaunay", "edge_set": "Delaunay1" }, "geometry": { "type": "LineString", "coordinates": [ [ 23.819733, 60.047704 ], [ 24.656067, 60.20571 ] ] } },
{ "type": "Feature", "properties": { "voltage_kv": 380.0, "from_node": 148, "to_node": 169, "length_km": 144.20661138236196, "edge_source": "delaunay", "edge_set": "Delaunay1" }, "geometry": { "type": "LineString", "coordinates": [ [ 23.819733, 60.047704 ], [ 26.294403, 60.418598 ] ] } },
{ "type": "Feature", "properties": { "voltage_kv": 380.0, "from_node": 149, "to_node": 151, "length_km": 163.97478303765337, "edge_source": "delaunay", "edge_set": "Delaunay1" }, "geometry": { "type": "LineString", "coordinates": [ [ 24.083405, 61.516146 ], [ 24.285278, 62.976446 ] ] } },
{ "type": "Feature", "properties": { "voltage_kv": 380.0, "from_node": 149, "to_node": 152, "length_km": 26.327281450293057, "edge_source": "delaunay", "edge_set": "Delaunay1" }, "geometry": { "type": "LineString", "coordinates": [ [ 24.083405, 61.516146 ], [ 24.403381, 61.338151 ] ] } },
{ "type": "Feature", "properties": { "voltage_kv": 380.0, "from_node": 149, "to_node": 161, "length_km": 68.750996924464474, "edge_source": "delaunay", "edge_set": "Delaunay1" }, "geometry": { "type": "LineString", "coordinates": [ [ 24.083405, 61.516146 ], [ 25.158691, 61.855501 ] ] } },
{ "type": "Feature", "properties": { "voltage_kv": 380.0, "from_node": 150, "to_node": 156, "length_km": 28.420046239982941, "edge_source": "delaunay", "edge_set": "Delaunay1" }, "geometry": { "type": "LineString", "coordinates": [ [ 24.186401, 60.304505 ], [ 24.656067, 60.20571 ] ] } },
{ "type": "Feature", "properties": { "voltage_kv": 380.0, "from_node": 150, "to_node": 157, "length_km": 78.557564308813511, "edge_source": "delaunay", "edge_set": "Delaunay1" }, "geometry": { "type": "LineString", "coordinates": [ [ 24.186401, 60.304505 ], [ 24.915619, 60.906402 ] ] } },
{ "type": "Feature", "properties": { "voltage_kv": 380.0, "from_node": 150, "to_node": 158, "length_km": 41.504182075126955, "edge_source": "delaunay", "edge_set": "Delaunay1" }, "geometry": { "type": "LineString", "coordinates": [ [ 24.186401, 60.304505 ], [ 24.930725, 60.330347 ] ] } },
{ "type": "Feature", "properties": { "voltage_kv": 380.0, "from_node": 150, "to_node": 160, "length_km": 56.25182104816254, "edge_source": "delaunay", "edge_set": "Delaunay1" }, "geometry": { "type": "LineString", "coordinates": [ [ 24.186401, 60.304505 ], [ 25.040588, 60.5755 ] ] } },
{ "type": "Feature", "properties": { "voltage_kv": 380.0, "from_node": 151, "to_node": 159, "length_km": 120.55910889109931, "edge_source": "delaunay", "edge_set": "Delaunay1" }, "geometry": { "type": "LineString", "coordinates": [ [ 24.285278, 62.976446 ], [ 24.965057, 64.008479 ] ] } },
{ "type": "Feature", "properties": { "voltage_kv": 380.0, "from_node": 151, "to_node": 161, "length_km": 133.61038480762116, "edge_source": "delaunay", "edge_set": "Delaunay1" }, "geometry": { "type": "LineString", "coordinates": [ [ 24.285278, 62.976446 ], [ 25.158691, 61.855501 ] ] } },
{ "type": "Feature", "properties": { "voltage_kv": 380.0, "from_node": 151, "to_node": 167, "length_km": 114.88682804186021, "edge_source": "delaunay", "edge_set": "Delaunay1" }, "geometry": { "type": "LineString", "coordinates": [ [ 24.285278, 62.976446 ], [ 26.032104, 62.340686 ] ] } },
{ "type": "Feature", "properties": { "voltage_kv": 380.0, "from_node": 151, "to_node": 175, "length_km": 169.12438453120518, "edge_source": "delaunay", "edge_set": "Delaunay1" }, "geometry": { "type": "LineString", "coordinates": [ [ 24.285278, 62.976446 ], [ 27.585297, 63.154975 ] ] } },
{ "type": "Feature", "properties": { "voltage_kv": 380.0, "from_node": 152, "to_node": 157, "length_km": 55.818470837061952, "edge_source": "delaunay", "edge_set": "Delaunay1" }, "geometry": { "type": "LineString", "coordinates": [ [ 24.403381, 61.338151 ], [ 24.915619, 60.906402 ] ] } },
{ "type": "Feature", "properties": { "voltage_kv": 380.0, "from_node": 152, "to_node": 161, "length_km": 70.661932028853499, "edge_source": "delaunay", "edge_set": "Delaunay1" }, "geometry": { "type": "LineString", "coordinates": [ [ 24.403381, 61.338151 ], [ 25.158691, 61.855501 ] ] } },
{ "type": "Feature", "properties": { "voltage_kv": 380.0, "from_node": 153, "to_node": 155, "length_km": 14.118860611577324, "edge_source": "delaunay", "edge_set": "Delaunay1" }, "geometry": { "type": "LineString", "coordinates": [ [ 24.411621, 65.781941 ], [ 24.612122, 65.877531 ] ] } },
{ "type": "Feature", "properties": { "voltage_kv": 380.0, "from_node": 154, "to_node": 159, "length_km": 51.335318105228289, "edge_source": "delaunay", "edge_set": "Delaunay1" }, "geometry": { "type": "LineString", "coordinates": [ [ 24.517365, 64.423037 ], [ 24.965057, 64.008479 ] ] } },
{ "type": "Feature", "properties": { "voltage_kv": 380.0, "from_node": 154, "to_node": 165, "length_km": 111.19817864553579, "edge_source": "delaunay", "edge_set": "Delaunay1" }, "geometry": { "type": "LineString", "coordinates": [ [ 24.517365, 64.423037 ], [ 25.694275, 65.279688 ] ] } },
{ "type": "Feature", "properties": { "voltage_kv": 380.0, "from_node": 154, "to_node": 166, "length_km": 87.266384674349439, "edge_source": "delaunay", "edge_set": "Delaunay1" }, "geometry": { "type": "LineString", "coordinates": [ [ 24.517365, 64.423037 ], [ 25.808258, 64.971807 ] ] } },
{ "type": "Feature", "properties": { "voltage_kv": 380.0, "from_node": 155, "to_node": 163, "length_km": 58.520196101604881, "edge_source": "delaunay", "edge_set": "Delaunay1" }, "geometry": { "type": "LineString", "coordinates": [ [ 24.612122, 65.877531 ], [ 25.415497, 66.285642 ] ] } },
{ "type": "Feature", "properties": { "voltage_kv": 380.0, "from_node": 155, "to_node": 165, "length_km": 83.704652142784397, "edge_source": "delaunay", "edge_set": "Delaunay1" }, "geometry": { "type": "LineString", "coordinates": [ [ 24.612122, 65.877531 ], [ 25.694275, 65.279688 ] ] } },
{ "type": "Feature", "properties": { "voltage_kv": 380.0, "from_node": 156, "to_node": 158, "length_km": 20.729077908921994, "edge_source": "delaunay", "edge_set": "Delaunay1" }, "geometry": { "type": "LineString", "coordinates": [ [ 24.656067, 60.20571 ], [ 24.930725, 60.330347 ] ] } },
{ "type": "Feature", "properties": { "voltage_kv": 380.0, "from_node": 156, "to_node": 162, "length_km": 36.41389875728602, "edge_source": "delaunay", "edge_set": "Delaunay1" }, "geometry": { "type": "LineString", "coordinates": [ [ 24.656067, 60.20571 ], [ 25.209503, 60.378575 ] ] } },
{ "type": "Feature", "properties": { "voltage_kv": 380.0, "from_node": 156, "to_node": 169, "length_km": 94.306218933875797, "edge_source": "delaunay", "edge_set": "Delaunay1" }, "geometry": { "type": "LineString", "coordinates": [ [ 24.656067, 60.20571 ], [ 26.294403, 60.418598 ] ] } },
{ "type": "Feature", "properties": { "voltage_kv": 380.0, "from_node": 157, "to_node": 160, "length_km": 37.748875244973327, "edge_source": "delaunay", "edge_set": "Delaunay1" }, "geometry": { "type": "LineString", "coordinates": [ [ 24.915619, 60.906402 ], [ 25.040588, 60.5755 ] ] } },
{ "type": "Feature", "properties": { "voltage_kv": 380.0, "from_node": 157, "to_node": 161, "length_km": 107.25514883640228, "edge_source": "delaunay", "edge_set": "Delaunay1" }, "geometry": { "type": "LineString", "coordinates": [ [ 24.915619, 60.906402 ], [ 25.158691, 61.855501 ] ] } },
{ "type": "Feature", "properties": { "voltage_kv": 380.0, "from_node": 157, "to_node": 164, "length_km": 63.890385614348197, "edge_source": "delaunay", "edge_set": "Delaunay1" }, "geometry": { "type": "LineString", "coordinates": [ [ 24.915619, 60.906402 ], [ 25.659943, 60.469404 ] ] } },
{ "type": "Feature", "properties": { "voltage_kv": 380.0, "from_node": 157, "to_node": 170, "length_km": 93.420859800419052, "edge_source": "delaunay", "edge_set": "Delaunay1" }, "geometry": { "type": "LineString", "coordinates": [ [ 24.915619, 60.906402 ], [ 26.621246, 60.865644 ] ] } },
{ "type": "Feature", "properties": { "voltage_kv": 380.0, "from_node": 158, "to_node": 160, "length_km": 28.168789082319673, "edge_source": "delaunay", "edge_set": "Delaunay1" }, "geometry": { "type": "LineString", "coordinates": [ [ 24.930725, 60.330347 ], [ 25.040588, 60.5755 ] ] } },
{ "type": "Feature", "properties": { "voltage_kv": 380.0, "from_node": 158, "to_node": 162, "length_km": 16.414591511219331, "edge_source": "delaunay", "edge_set": "Delaunay1" }, "geometry": { "type": "LineString", "coordinates": [ [ 24.930725, 60.330347 ], [ 25.209503, 60.378575 ] ] } },
{ "type": "Feature", "properties": { "voltage_kv": 380.0, "from_node": 159, "to_node": 166, "length_km": 115.42504127745383, "edge_source": "delaunay", "edge_set": "Delaunay1" }, "geometry": { "type": "LineString", "coordinates": [ [ 24.965057, 64.008479 ], [ 25.808258, 64.971807 ] ] } },
{ "type": "Feature", "properties": { "voltage_kv": 380.0, "from_node": 159, "to_node": 168, "length_km": 119.6228474471307, "edge_source": "delaunay", "edge_set": "Delaunay1" }, "geometry": { "type": "LineString", "coordinates": [ [ 24.965057, 64.008479 ], [ 26.05957, 64.965416 ] ] } },
{ "type": "Feature", "properties": { "voltage_kv": 380.0, "from_node": 159, "to_node": 173, "length_km": 110.56231427819441, "edge_source": "delaunay", "edge_set": "Delaunay1" }, "geometry": { "type": "LineString", "coordinates": [ [ 24.965057, 64.008479 ], [ 27.204895, 64.101606 ] ] } },
{ "type": "Feature", "properties": { "voltage_kv": 380.0, "from_node": 159, "to_node": 175, "length_km": 162.26040233591939, "edge_source": "delaunay", "edge_set": "Delaunay1" }, "geometry": { "type": "LineString", "coordinates": [ [ 24.965057, 64.008479 ], [ 27.585297, 63.154975 ] ] } },
{ "type": "Feature", "properties": { "voltage_kv": 380.0, "from_node": 160, "to_node": 162, "length_km": 23.994056128871179, "edge_source": "delaunay", "edge_set": "Delaunay1" }, "geometry": { "type": "LineString", "coordinates": [ [ 25.040588, 60.5755 ], [ 25.209503, 60.378575 ] ] } },
{ "type": "Feature", "properties": { "voltage_kv": 380.0, "from_node": 160, "to_node": 164, "length_km": 36.269348823555895, "edge_source": "delaunay", "edge_set": "Delaunay1" }, "geometry": { "type": "LineString", "coordinates": [ [ 25.040588, 60.5755 ], [ 25.659943, 60.469404 ] ] } },
{ "type": "Feature", "properties": { "voltage_kv": 380.0, "from_node": 161, "to_node": 167, "length_km": 71.221208349942685, "edge_source": "delaunay", "edge_set": "Delaunay1" }, "geometry": { "type": "LineString", "coordinates": [ [ 25.158691, 61.855501 ], [ 26.032104, 62.340686 ] ] } },
{ "type": "Feature", "properties": { "voltage_kv": 380.0, "from_node": 161, "to_node": 170, "length_km": 136.22707588043841, "edge_source": "delaunay", "edge_set": "Delaunay1" }, "geometry": { "type": "LineString", "coordinates": [ [ 25.158691, 61.855501 ], [ 26.621246, 60.865644 ] ] } },
{ "type": "Feature", "properties": { "voltage_kv": 380.0, "from_node": 161, "to_node": 174, "length_km": 121.6899132503914, "edge_source": "delaunay", "edge_set": "Delaunay1" }, "geometry": { "type": "LineString", "coordinates": [ [ 25.158691, 61.855501 ], [ 27.305145, 61.489282 ] ] } },
{ "type": "Feature", "properties": { "voltage_kv": 380.0, "from_node": 162, "to_node": 164, "length_km": 26.993742112839854, "edge_source": "delaunay", "edge_set": "Delaunay1" }, "geometry": { "type": "LineString", "coordinates": [ [ 25.209503, 60.378575 ], [ 25.659943, 60.469404 ] ] } },
{ "type": "Feature", "properties": { "voltage_kv": 380.0, "from_node": 162, "to_node": 169, "length_km": 60.434860598913765, "edge_source": "delaunay", "edge_set": "Delaunay1" }, "geometry": { "type": "LineString", "coordinates": [ [ 25.209503, 60.378575 ], [ 26.294403, 60.418598 ] ] } },
{ "type": "Feature", "properties": { "voltage_kv": 380.0, "from_node": 163, "to_node": 165, "length_km": 113.47334317006201, "edge_source": "delaunay", "edge_set": "Delaunay1" }, "geometry": { "type": "LineString", "coordinates": [ [ 25.415497, 66.285642 ], [ 25.694275, 65.279688 ] ] } },
{ "type": "Feature", "properties": { "voltage_kv": 380.0, "from_node": 163, "to_node": 171, "length_km": 73.008111641940914, "edge_source": "delaunay", "edge_set": "Delaunay1" }, "geometry": { "type": "LineString", "coordinates": [ [ 25.415497, 66.285642 ], [ 27.030487, 66.33089 ] ] } },
{ "type": "Feature", "properties": { "voltage_kv": 380.0, "from_node": 164, "to_node": 169, "length_km": 35.663102694436418, "edge_source": "delaunay", "edge_set": "Delaunay1" }, "geometry": { "type": "LineString", "coordinates": [ [ 25.659943, 60.469404 ], [ 26.294403, 60.418598 ] ] } },
{ "type": "Feature", "properties": { "voltage_kv": 380.0, "from_node": 164, "to_node": 170, "length_km": 69.186149484875699, "edge_source": "delaunay", "edge_set": "Delaunay1" }, "geometry": { "type": "LineString", "coordinates": [ [ 25.659943, 60.469404 ], [ 26.621246, 60.865644 ] ] } },
{ "type": "Feature", "properties": { "voltage_kv": 380.0, "from_node": 165, "to_node": 166, "length_km": 34.93499468624595, "edge_source": "delaunay", "edge_set": "Delaunay1" }, "geometry": { "type": "LineString", "coordinates": [ [ 25.694275, 65.279688 ], [ 25.808258, 64.971807 ] ] } },
{ "type": "Feature", "properties": { "voltage_kv": 380.0, "from_node": 165, "to_node": 168, "length_km": 39.233935920884512, "edge_source": "delaunay", "edge_set": "Delaunay1" }, "geometry": { "type": "LineString", "coordinates": [ [ 25.694275, 65.279688 ], [ 26.05957, 64.965416 ] ] } },
{ "type": "Feature", "properties": { "voltage_kv": 380.0, "from_node": 165, "to_node": 171, "length_km": 132.94679211561794, "edge_source": "delaunay", "edge_set": "Delaunay1" }, "geometry": { "type": "LineString", "coordinates": [ [ 25.694275, 65.279688 ], [ 27.030487, 66.33089 ] ] } },
{ "type": "Feature", "properties": { "voltage_kv": 380.0, "from_node": 166, "to_node": 168, "length_km": 11.959663979026592, "edge_source": "delaunay", "edge_set": "Delaunay1" }, "geometry": { "type": "LineString", "coordinates": [ [ 25.808258, 64.971807 ], [ 26.05957, 64.965416 ] ] } },
{ "type": "Feature", "properties": { "voltage_kv": 380.0, "from_node": 167, "to_node": 174, "length_km": 117.00472490284247, "edge_source": "delaunay", "edge_set": "Delaunay1" }, "geometry": { "type": "LineString", "coordinates": [ [ 26.032104, 62.340686 ], [ 27.305145, 61.489282 ] ] } },
{ "type": "Feature", "properties": { "voltage_kv": 380.0, "from_node": 167, "to_node": 175, "length_km": 121.48429415090156, "edge_source": "delaunay", "edge_set": "Delaunay1" }, "geometry": { "type": "LineString", "coordinates": [ [ 26.032104, 62.340686 ], [ 27.585297, 63.154975 ] ] } },
{ "type": "Feature", "properties": { "voltage_kv": 380.0, "from_node": 167, "to_node": 176, "length_km": 91.121833514132405, "edge_source": "delaunay", "edge_set": "Delaunay1" }, "geometry": { "type": "LineString", "coordinates": [ [ 26.032104, 62.340686 ], [ 27.766571, 62.262171 ] ] } },
{ "type": "Feature", "properties": { "voltage_kv": 380.0, "from_node": 168, "to_node": 171, "length_km": 159.61253037372828, "edge_source": "delaunay", "edge_set": "Delaunay1" }, "geometry": { "type": "LineString", "coordinates": [ [ 26.05957, 64.965416 ], [ 27.030487, 66.33089 ] ] } },
{ "type": "Feature", "properties": { "voltage_kv": 380.0, "from_node": 168, "to_node": 173, "length_km": 111.60943853631399, "edge_source": "delaunay", "edge_set": "Delaunay1" }, "geometry": { "type": "LineString", "coordinates": [ [ 26.05957, 64.965416 ], [ 27.204895, 64.101606 ] ] } },
{ "type": "Feature", "properties": { "voltage_kv": 380.0, "from_node": 169, "to_node": 170, "length_km": 53.36488688964684, "edge_source": "delaunay", "edge_set": "Delaunay1" }, "geometry": { "type": "LineString", "coordinates": [ [ 26.294403, 60.418598 ], [ 26.621246, 60.865644 ] ] } },
{ "type": "Feature", "properties": { "voltage_kv": 380.0, "from_node": 169, "to_node": 172, "length_km": 55.576958229819574, "edge_source": "delaunay", "edge_set": "Delaunay1" }, "geometry": { "type": "LineString", "coordinates": [ [ 26.294403, 60.418598 ], [ 27.063446, 60.737015 ] ] } },
{ "type": "Feature", "properties": { "voltage_kv": 380.0, "from_node": 169, "to_node": 177, "length_km": 104.35773663538396, "edge_source": "delaunay", "edge_set": "Delaunay1" }, "geometry": { "type": "LineString", "coordinates": [ [ 26.294403, 60.418598 ], [ 27.919006, 60.893713 ] ] } },
{ "type": "Feature", "properties": { "voltage_kv": 380.0, "from_node": 170, "to_node": 172, "length_km": 28.261654363244386, "edge_source": "delaunay", "edge_set": "Delaunay1" }, "geometry": { "type": "LineString", "coordinates": [ [ 26.621246, 60.865644 ], [ 27.063446, 60.737015 ] ] } },
{ "type": "Feature", "properties": { "voltage_kv": 380.0, "from_node": 170, "to_node": 174, "length_km": 79.308615138308184, "edge_source": "delaunay", "edge_set": "Delaunay1" }, "geometry": { "type": "LineString", "coordinates": [ [ 26.621246, 60.865644 ], [ 27.305145, 61.489282 ] ] } },
{ "type": "Feature", "properties": { "voltage_kv": 380.0, "from_node": 171, "to_node": 173, "length_km": 250.3325175923427, "edge_source": "delaunay", "edge_set": "Delaunay1" }, "geometry": { "type": "LineString", "coordinates": [ [ 27.030487, 66.33089 ], [ 27.204895, 64.101606 ] ] } },
{ "type": "Feature", "properties": { "voltage_kv": 380.0, "from_node": 171, "to_node": 175, "length_km": 357.55451521931815, "edge_source": "delaunay", "edge_set": "Delaunay1" }, "geometry": { "type": "LineString", "coordinates": [ [ 27.030487, 66.33089 ], [ 27.585297, 63.154975 ] ] } },
{ "type": "Feature", "properties": { "voltage_kv": 380.0, "from_node": 171, "to_node": 176, "length_km": 458.32625253177474, "edge_source": "delaunay", "edge_set": "Delaunay1" }, "geometry": { "type": "LineString", "coordinates": [ [ 27.030487, 66.33089 ], [ 27.766571, 62.262171 ] ] } },
{ "type": "Feature", "properties": { "voltage_kv": 380.0, "from_node": 172, "to_node": 174, "length_km": 85.584724614481871, "edge_source": "delaunay", "edge_set": "Delaunay1" }, "geometry": { "type": "LineString", "coordinates": [ [ 27.063446, 60.737015 ], [ 27.305145, 61.489282 ] ] } },
{ "type": "Feature", "properties": { "voltage_kv": 380.0, "from_node": 172, "to_node": 177, "length_km": 50.193105650976975, "edge_source": "delaunay", "edge_set": "Delaunay1" }, "geometry": { "type": "LineString", "coordinates": [ [ 27.063446, 60.737015 ], [ 27.919006, 60.893713 ] ] } },
{ "type": "Feature", "properties": { "voltage_kv": 380.0, "from_node": 173, "to_node": 175, "length_km": 108.01782931227631, "edge_source": "delaunay", "edge_set": "Delaunay1" }, "geometry": { "type": "LineString", "coordinates": [ [ 27.204895, 64.101606 ], [ 27.585297, 63.154975 ] ] } },
{ "type": "Feature", "properties": { "voltage_kv": 380.0, "from_node": 174, "to_node": 176, "length_km": 90.276778412811808, "edge_source": "delaunay", "edge_set": "Delaunay1" }, "geometry": { "type": "LineString", "coordinates": [ [ 27.305145, 61.489282 ], [ 27.766571, 62.262171 ] ] } },
{ "type": "Feature", "properties": { "voltage_kv": 380.0, "from_node": 174, "to_node": 177, "length_km": 74.812718883969836, "edge_source": "delaunay", "edge_set": "Delaunay1" }, "geometry": { "type": "LineString", "coordinates": [ [ 27.305145, 61.489282 ], [ 27.919006, 60.893713 ] ] } },
{ "type": "Feature", "properties": { "voltage_kv": 380.0, "from_node": 175, "to_node": 176, "length_km": 100.78761483249967, "edge_source": "delaunay", "edge_set": "Delaunay1" }, "geometry": { "type": "LineString", "coordinates": [ [ 27.585297, 63.154975 ], [ 27.766571, 62.262171 ] ] } },
{ "type": "Feature", "properties": { "voltage_kv": 380.0, "from_node": 176, "to_node": 177, "length_km": 154.13811114615251, "edge_source": "delaunay", "edge_set": "Delaunay1" }, "geometry": { "type": "LineString", "coordinates": [ [ 27.766571, 62.262171 ], [ 27.919006, 60.893713 ] ] } }
]
}
