{
"type": "FeatureCollection",
"name": "n490_geographic_nodes",
"crs": { "type": "name", "properties": { "name": "urn:ogc:def:crs:OGC:1.3:CRS84" } },
"features": [
{ "type": "Feature", "properties": { "lat": 54.548173, "lon": 11.661987, "n_buses_at_location": 1, "bus_ids": "5580", "bus_names": "Rødsand 1 (Nysted)", "voltages_kv": "132.0", "node_id": 0 }, "geometry": { "type": "Point", "coordinates": [ 11.661987, 54.548173 ] } },
{ "type": "Feature", "properties": { "lat": 54.568081, "lon": 11.501312, "n_buses_at_location": 1, "bus_ids": "5581", "bus_names": "Rødsand 2", "voltages_kv": "132.0", "node_id": 1 }, "geometry": { "type": "Point", "coordinates": [ 11.501312, 54.568081 ] } },
{ "type": "Feature", "properties": { "lat": 54.717482, "lon": 11.504059, "n_buses_at_location": 1, "bus_ids": "5503", "bus_names": "unknown", "voltages_kv": "132.0", "node_id": 2 }, "geometry": { "type": "Point", "coordinates": [ 11.504059, 54.717482 ] } },
{ "type": "Feature", "properties": { "lat": 54.756331, "lon": 11.965485, "n_buses_at_location": 1, "bus_ids": "5506", "bus_names": "unknown", "voltages_kv": "132.0", "node_id": 3 }, "geometry": { "type": "Point", "coordinates": [ 11.965485, 54.756331 ] } },
{ "type": "Feature", "properties": { "lat": 54.779306, "lon": 11.712799, "n_buses_at_location": 1, "bus_ids": "5504", "bus_names": "unknown", "voltages_kv": "132.0", "node_id": 4 }, "geometry": { "type": "Point", "coordinates": [ 11.712799, 54.779306 ] } },
{ "type": "Feature", "properties": { "lat": 54.859221, "lon": 11.921539, "n_buses_at_location": 1, "bus_ids": "5505", "bus_names": "unknown", "voltages_kv": "132.0", "node_id": 5 }, "geometry": { "type": "Point", "coordinates": [ 11.921539, 54.859221 ] } },
{ "type": "Feature", "properties": { "lat": 54.867915, "lon": 11.190948, "n_buses_at_location": 1, "bus_ids": "5502", "bus_names": "unknown", "voltages_kv": "132.0", "node_id": 6 }, "geometry": { "type": "Point", "coordinates": [ 11.190948, 54.867915 ] } },
{ "type": "Feature", "properties": { "lat": 54.929509, "lon": 11.851501, "n_buses_at_location": 1, "bus_ids": "5529", "bus_names": "unknown", "voltages_kv": "132.0", "node_id": 7 }, "geometry": { "type": "Point", "coordinates": [ 11.851501, 54.929509 ] } },
{ "type": "Feature", "properties": { "lat": 54.992585, "lon": 11.902313, "n_buses_at_location": 1, "bus_ids": "5533", "bus_names": "unknown", "voltages_kv": "132.0", "node_id": 8 }, "geometry": { "type": "Point", "coordinates": [ 11.902313, 54.992585 ] } },
{ "type": "Feature", "properties": { "lat": 55.127864, "lon": 11.932526, "n_buses_at_location": 1, "bus_ids": "5507", "bus_names": "unknown", "voltages_kv": "132.0", "node_id": 9 }, "geometry": { "type": "Point", "coordinates": [ 11.932526, 55.127864 ] } },
{ "type": "Feature", "properties": { "lat": 55.15612, "lon": 11.797943, "n_buses_at_location": 1, "bus_ids": "5528", "bus_names": "unknown", "voltages_kv": "132.0", "node_id": 10 }, "geometry": { "type": "Point", "coordinates": [ 11.797943, 55.15612 ] } },
{ "type": "Feature", "properties": { "lat": 55.21884, "lon": 11.295319, "n_buses_at_location": 1, "bus_ids": "5498", "bus_names": "Stigsnæs", "voltages_kv": "132.0", "node_id": 11 }, "geometry": { "type": "Point", "coordinates": [ 11.295319, 55.21884 ] } },
{ "type": "Feature", "properties": { "lat": 55.22119, "lon": 11.933899, "n_buses_at_location": 1, "bus_ids": "7986", "bus_names": "nan", "voltages_kv": "132.0", "node_id": 12 }, "geometry": { "type": "Point", "coordinates": [ 11.933899, 55.22119 ] } },
{ "type": "Feature", "properties": { "lat": 55.22589, "lon": 11.762238, "n_buses_at_location": 1, "bus_ids": "5497", "bus_names": "unknown", "voltages_kv": "132.0", "node_id": 13 }, "geometry": { "type": "Point", "coordinates": [ 11.762238, 55.22589 ] } },
{ "type": "Feature", "properties": { "lat": 55.244684, "lon": 11.416168, "n_buses_at_location": 1, "bus_ids": "8058", "bus_names": "nan", "voltages_kv": "132.0", "node_id": 14 }, "geometry": { "type": "Point", "coordinates": [ 11.416168, 55.244684 ] } },
{ "type": "Feature", "properties": { "lat": 55.255251001923504, "lon": 11.8480685, "n_buses_at_location": 1, "bus_ids": "7951", "bus_names": "nan", "voltages_kv": "132.0", "node_id": 15 }, "geometry": { "type": "Point", "coordinates": [ 11.8480685, 55.255251001923504 ] } },
{ "type": "Feature", "properties": { "lat": 55.293974, "lon": 11.90094, "n_buses_at_location": 1, "bus_ids": "5508", "bus_names": "unknown", "voltages_kv": "132.0", "node_id": 16 }, "geometry": { "type": "Point", "coordinates": [ 11.90094, 55.293974 ] } },
{ "type": "Feature", "properties": { "lat": 55.318987, "lon": 11.715546, "n_buses_at_location": 1, "bus_ids": "5575", "bus_names": "unknown", "voltages_kv": "132.0", "node_id": 17 }, "geometry": { "type": "Point", "coordinates": [ 11.715546, 55.318987 ] } },
{ "type": "Feature", "properties": { "lat": 55.351012, "lon": 12.024536, "n_buses_at_location": 1, "bus_ids": "5500", "bus_names": "unknown", "voltages_kv": "132.0", "node_id": 18 }, "geometry": { "type": "Point", "coordinates": [ 12.024536, 55.351012 ] } },
{ "type": "Feature", "properties": { "lat": 55.381451, "lon": 11.727905, "n_buses_at_location": 1, "bus_ids": "5569", "bus_names": "unknown", "voltages_kv": "132.0", "node_id": 19 }, "geometry": { "type": "Point", "coordinates": [ 11.727905, 55.381451 ] } },
{ "type": "Feature", "properties": { "lat": 55.4407, "lon": 11.786957, "n_buses_at_location": 1, "bus_ids": "5496", "bus_names": "unknown", "voltages_kv": "132.0", "node_id": 20 }, "geometry": { "type": "Point", "coordinates": [ 11.786957, 55.4407 ] } },
{ "type": "Feature", "properties": { "lat": 55.445374, "lon": 11.961365, "n_buses_at_location": 3, "bus_ids": "5523; 5524; 5525", "bus_names": "Bjæverskov; Bjæverskov; Bjæverskov", "voltages_kv": "132.0; 220.0; 380.0", "node_id": 21 }, "geometry": { "type": "Point", "coordinates": [ 11.961365, 55.445374 ] } },
{ "type": "Feature", "properties": { "lat": 55.455499, "lon": 11.348877, "n_buses_at_location": 1, "bus_ids": "5495", "bus_names": "unknown", "voltages_kv": "132.0", "node_id": 22 }, "geometry": { "type": "Point", "coordinates": [ 11.348877, 55.455499 ] } },
{ "type": "Feature", "properties": { "lat": 55.498305, "lon": 11.990204, "n_buses_at_location": 1, "bus_ids": "5501", "bus_names": "unknown", "voltages_kv": "132.0", "node_id": 23 }, "geometry": { "type": "Point", "coordinates": [ 11.990204, 55.498305 ] } },
{ "type": "Feature", "properties": { "lat": 55.499083, "lon": 12.170105, "n_buses_at_location": 1, "bus_ids": "5586", "bus_names": "unknown", "voltages_kv": "132.0", "node_id": 24 }, "geometry": { "type": "Point", "coordinates": [ 12.170105, 55.499083 ] } },
{ "type": "Feature", "properties": { "lat": 55.548058, "lon": 11.211548, "n_buses_at_location": 1, "bus_ids": "5530", "bus_names": "Herslev", "voltages_kv": "380.0", "node_id": 25 }, "geometry": { "type": "Point", "coordinates": [ 11.211548, 55.548058 ] } },
{ "type": "Feature", "properties": { "lat": 55.548058, "lon": 11.670227, "n_buses_at_location": 1, "bus_ids": "5499", "bus_names": "unknown", "voltages_kv": "132.0", "node_id": 26 }, "geometry": { "type": "Point", "coordinates": [ 11.670227, 55.548058 ] } },
{ "type": "Feature", "properties": { "lat": 55.559709, "lon": 12.268982, "n_buses_at_location": 1, "bus_ids": "5585", "bus_names": "unknown", "voltages_kv": "132.0", "node_id": 27 }, "geometry": { "type": "Point", "coordinates": [ 12.268982, 55.559709 ] } },
{ "type": "Feature", "properties": { "lat": 55.560486, "lon": 11.949005, "n_buses_at_location": 1, "bus_ids": "5584", "bus_names": "unknown", "voltages_kv": "132.0", "node_id": 28 }, "geometry": { "type": "Point", "coordinates": [ 11.949005, 55.560486 ] } },
{ "type": "Feature", "properties": { "lat": 55.58145, "lon": 13.189087, "n_buses_at_location": 1, "bus_ids": "5572", "bus_names": "Arrie", "voltages_kv": "380.0", "node_id": 29 }, "geometry": { "type": "Point", "coordinates": [ 13.189087, 55.58145 ] } },
{ "type": "Feature", "properties": { "lat": 55.611711, "lon": 12.108307, "n_buses_at_location": 1, "bus_ids": "5509", "bus_names": "unknown", "voltages_kv": "132.0", "node_id": 30 }, "geometry": { "type": "Point", "coordinates": [ 12.108307, 55.611711 ] } },
{ "type": "Feature", "properties": { "lat": 55.613262, "lon": 12.362366, "n_buses_at_location": 1, "bus_ids": "5522", "bus_names": "unknown", "voltages_kv": "132.0", "node_id": 31 }, "geometry": { "type": "Point", "coordinates": [ 12.362366, 55.613262 ] } },
{ "type": "Feature", "properties": { "lat": 55.648924, "lon": 12.415924, "n_buses_at_location": 1, "bus_ids": "5527", "bus_names": "unknown", "voltages_kv": "380.0", "node_id": 32 }, "geometry": { "type": "Point", "coordinates": [ 12.415924, 55.648924 ] } },
{ "type": "Feature", "properties": { "lat": 55.657447, "lon": 11.877594, "n_buses_at_location": 1, "bus_ids": "5590", "bus_names": "unknown", "voltages_kv": "132.0", "node_id": 33 }, "geometry": { "type": "Point", "coordinates": [ 11.877594, 55.657447 ] } },
{ "type": "Feature", "properties": { "lat": 55.66132, "lon": 11.089325, "n_buses_at_location": 2, "bus_ids": "5493; 5494", "bus_names": "Asnæsværket; Asnæsværket", "voltages_kv": "132.0; 380.0", "node_id": 34 }, "geometry": { "type": "Point", "coordinates": [ 11.089325, 55.66132 ] } },
{ "type": "Feature", "properties": { "lat": 55.662095, "lon": 12.583466, "n_buses_at_location": 1, "bus_ids": "5531", "bus_names": "København", "voltages_kv": "132.0", "node_id": 35 }, "geometry": { "type": "Point", "coordinates": [ 12.583466, 55.662095 ] } },
{ "type": "Feature", "properties": { "lat": 55.670615, "lon": 12.311554, "n_buses_at_location": 3, "bus_ids": "5519; 5520; 5521", "bus_names": "Ishøj; Ishøj; Ishøj", "voltages_kv": "132.0; 220.0; 380.0", "node_id": 36 }, "geometry": { "type": "Point", "coordinates": [ 12.311554, 55.670615 ] } },
{ "type": "Feature", "properties": { "lat": 55.671527244775106, "lon": 12.490645134825499, "n_buses_at_location": 1, "bus_ids": "7263", "bus_names": "nan", "voltages_kv": "132.0", "node_id": 37 }, "geometry": { "type": "Point", "coordinates": [ 12.490645134825499, 55.671527244775106 ] } },
{ "type": "Feature", "properties": { "lat": 55.693068, "lon": 12.242889, "n_buses_at_location": 1, "bus_ids": "7645", "bus_names": "nan", "voltages_kv": "380.0", "node_id": 38 }, "geometry": { "type": "Point", "coordinates": [ 12.242889, 55.693068 ] } },
{ "type": "Feature", "properties": { "lat": 55.724017, "lon": 11.550751, "n_buses_at_location": 1, "bus_ids": "5459", "bus_names": "unknown", "voltages_kv": "132.0", "node_id": 39 }, "geometry": { "type": "Point", "coordinates": [ 11.550751, 55.724017 ] } },
{ "type": "Feature", "properties": { "lat": 55.73407, "lon": 12.580719, "n_buses_at_location": 1, "bus_ids": "5576", "bus_names": "unknown", "voltages_kv": "132.0", "node_id": 40 }, "geometry": { "type": "Point", "coordinates": [ 12.580719, 55.73407 ] } },
{ "type": "Feature", "properties": { "lat": 55.734843, "lon": 12.527161, "n_buses_at_location": 1, "bus_ids": "5518", "bus_names": "unknown", "voltages_kv": "132.0", "node_id": 41 }, "geometry": { "type": "Point", "coordinates": [ 12.527161, 55.734843 ] } },
{ "type": "Feature", "properties": { "lat": 55.737162, "lon": 13.145142, "n_buses_at_location": 1, "bus_ids": "5573", "bus_names": "Sege", "voltages_kv": "380.0", "node_id": 42 }, "geometry": { "type": "Point", "coordinates": [ 13.145142, 55.737162 ] } },
{ "type": "Feature", "properties": { "lat": 55.737935, "lon": 12.154999, "n_buses_at_location": 1, "bus_ids": "5526", "bus_names": "unknown", "voltages_kv": "132.0", "node_id": 43 }, "geometry": { "type": "Point", "coordinates": [ 12.154999, 55.737935 ] } },
{ "type": "Feature", "properties": { "lat": 55.761123, "lon": 12.389832, "n_buses_at_location": 1, "bus_ids": "5513", "bus_names": "unknown", "voltages_kv": "132.0", "node_id": 44 }, "geometry": { "type": "Point", "coordinates": [ 12.389832, 55.761123 ] } },
{ "type": "Feature", "properties": { "lat": 55.764213, "lon": 12.240143, "n_buses_at_location": 2, "bus_ids": "5511; 5512", "bus_names": "Hovegård; Hovegård", "voltages_kv": "132.0; 380.0", "node_id": 45 }, "geometry": { "type": "Point", "coordinates": [ 12.240143, 55.764213 ] } },
{ "type": "Feature", "properties": { "lat": 55.786613, "lon": 12.970734, "n_buses_at_location": 1, "bus_ids": "5570", "bus_names": "Barsebäck", "voltages_kv": "380.0", "node_id": 46 }, "geometry": { "type": "Point", "coordinates": [ 12.970734, 55.786613 ] } },
{ "type": "Feature", "properties": { "lat": 55.795877, "lon": 12.56424, "n_buses_at_location": 2, "bus_ids": "5516; 5517", "bus_names": "Glentegård; Glentegård", "voltages_kv": "132.0; 380.0", "node_id": 47 }, "geometry": { "type": "Point", "coordinates": [ 12.56424, 55.795877 ] } },
{ "type": "Feature", "properties": { "lat": 55.816715, "lon": 11.885834, "n_buses_at_location": 2, "bus_ids": "5514; 5515", "bus_names": "Kyndbyværket; Kyndbyværket", "voltages_kv": "132.0; 380.0", "node_id": 48 }, "geometry": { "type": "Point", "coordinates": [ 11.885834, 55.816715 ] } },
{ "type": "Feature", "properties": { "lat": 55.822116, "lon": 12.23465, "n_buses_at_location": 1, "bus_ids": "7697", "bus_names": "nan", "voltages_kv": "132.0", "node_id": 49 }, "geometry": { "type": "Point", "coordinates": [ 12.23465, 55.822116 ] } },
{ "type": "Feature", "properties": { "lat": 55.86067, "lon": 13.580475, "n_buses_at_location": 1, "bus_ids": "5574", "bus_names": "Hurva", "voltages_kv": "380.0", "node_id": 50 }, "geometry": { "type": "Point", "coordinates": [ 13.580475, 55.86067 ] } },
{ "type": "Feature", "properties": { "lat": 55.866835, "lon": 11.641388, "n_buses_at_location": 1, "bus_ids": "5492", "bus_names": "unknown", "voltages_kv": "132.0", "node_id": 51 }, "geometry": { "type": "Point", "coordinates": [ 11.641388, 55.866835 ] } },
{ "type": "Feature", "properties": { "lat": 55.913812, "lon": 12.22641, "n_buses_at_location": 1, "bus_ids": "6103", "bus_names": "unknown", "voltages_kv": "132.0", "node_id": 52 }, "geometry": { "type": "Point", "coordinates": [ 12.22641, 55.913812 ] } },
{ "type": "Feature", "properties": { "lat": 55.933818, "lon": 12.520294, "n_buses_at_location": 1, "bus_ids": "6140", "bus_names": "unknown", "voltages_kv": "132.0", "node_id": 53 }, "geometry": { "type": "Point", "coordinates": [ 12.520294, 55.933818 ] } },
{ "type": "Feature", "properties": { "lat": 55.935356, "lon": 12.474976, "n_buses_at_location": 1, "bus_ids": "6104", "bus_names": "unknown", "voltages_kv": "132.0", "node_id": 54 }, "geometry": { "type": "Point", "coordinates": [ 12.474976, 55.935356 ] } },
{ "type": "Feature", "properties": { "lat": 55.942279, "lon": 12.385712, "n_buses_at_location": 1, "bus_ids": "6105", "bus_names": "Gørløsegård", "voltages_kv": "380.0", "node_id": 55 }, "geometry": { "type": "Point", "coordinates": [ 12.385712, 55.942279 ] } },
{ "type": "Feature", "properties": { "lat": 55.969187, "lon": 12.061615, "n_buses_at_location": 1, "bus_ids": "6106", "bus_names": "unknown", "voltages_kv": "132.0", "node_id": 56 }, "geometry": { "type": "Point", "coordinates": [ 12.061615, 55.969187 ] } },
{ "type": "Feature", "properties": { "lat": 56.042897, "lon": 12.571106, "n_buses_at_location": 1, "bus_ids": "6107", "bus_names": "Teglstrupgård", "voltages_kv": "132.0", "node_id": 57 }, "geometry": { "type": "Point", "coordinates": [ 12.571106, 56.042897 ] } },
{ "type": "Feature", "properties": { "lat": 56.070502, "lon": 12.933655, "n_buses_at_location": 1, "bus_ids": "6129", "bus_names": "Mörap", "voltages_kv": "132.0", "node_id": 58 }, "geometry": { "type": "Point", "coordinates": [ 12.933655, 56.070502 ] } },
{ "type": "Feature", "properties": { "lat": 56.159318, "lon": 12.984467, "n_buses_at_location": 1, "bus_ids": "6130", "bus_names": "Söderåsen", "voltages_kv": "380.0", "node_id": 59 }, "geometry": { "type": "Point", "coordinates": [ 12.984467, 56.159318 ] } },
{ "type": "Feature", "properties": { "lat": 56.173846, "lon": 14.845276, "n_buses_at_location": 1, "bus_ids": "6136", "bus_names": "Stärnö", "voltages_kv": "380.0", "node_id": 60 }, "geometry": { "type": "Point", "coordinates": [ 14.845276, 56.173846 ] } },
{ "type": "Feature", "properties": { "lat": 56.260134, "lon": 14.790344, "n_buses_at_location": 1, "bus_ids": "6128", "bus_names": "Karlshamm", "voltages_kv": "380.0", "node_id": 61 }, "geometry": { "type": "Point", "coordinates": [ 14.790344, 56.260134 ] } },
{ "type": "Feature", "properties": { "lat": 56.325675, "lon": 14.749146, "n_buses_at_location": 1, "bus_ids": "6127", "bus_names": "Hemsjö", "voltages_kv": "380.0", "node_id": 62 }, "geometry": { "type": "Point", "coordinates": [ 14.749146, 56.325675 ] } },
{ "type": "Feature", "properties": { "lat": 56.649432, "lon": 15.542908, "n_buses_at_location": 1, "bus_ids": "6125", "bus_names": "Nybro", "voltages_kv": "380.0", "node_id": 63 }, "geometry": { "type": "Point", "coordinates": [ 15.542908, 56.649432 ] } },
{ "type": "Feature", "properties": { "lat": 56.771541, "lon": 12.991333, "n_buses_at_location": 1, "bus_ids": "6131", "bus_names": "Breared", "voltages_kv": "380.0", "node_id": 64 }, "geometry": { "type": "Point", "coordinates": [ 12.991333, 56.771541 ] } },
{ "type": "Feature", "properties": { "lat": 56.809901, "lon": 14.40033, "n_buses_at_location": 1, "bus_ids": "6126", "bus_names": "Alvesta", "voltages_kv": "380.0", "node_id": 65 }, "geometry": { "type": "Point", "coordinates": [ 14.40033, 56.809901 ] } },
{ "type": "Feature", "properties": { "lat": 56.937483, "lon": 13.066864, "n_buses_at_location": 1, "bus_ids": "6134", "bus_names": "Häradsbo", "voltages_kv": "380.0", "node_id": 66 }, "geometry": { "type": "Point", "coordinates": [ 13.066864, 56.937483 ] } },
{ "type": "Feature", "properties": { "lat": 57.328745, "lon": 12.237396, "n_buses_at_location": 1, "bus_ids": "6118", "bus_names": "Ringhals", "voltages_kv": "380.0", "node_id": 67 }, "geometry": { "type": "Point", "coordinates": [ 12.237396, 57.328745 ] } },
{ "type": "Feature", "properties": { "lat": 57.356164, "lon": 12.671356, "n_buses_at_location": 1, "bus_ids": "6119", "bus_names": "Horred", "voltages_kv": "380.0", "node_id": 68 }, "geometry": { "type": "Point", "coordinates": [ 12.671356, 57.356164 ] } },
{ "type": "Feature", "properties": { "lat": 57.43682, "lon": 16.660767, "n_buses_at_location": 1, "bus_ids": "6139", "bus_names": "Oskarshamn", "voltages_kv": "380.0", "node_id": 69 }, "geometry": { "type": "Point", "coordinates": [ 16.660767, 57.43682 ] } },
{ "type": "Feature", "properties": { "lat": 57.53868, "lon": 13.414307, "n_buses_at_location": 1, "bus_ids": "6120", "bus_names": "Uddebo", "voltages_kv": "380.0", "node_id": 70 }, "geometry": { "type": "Point", "coordinates": [ 13.414307, 57.53868 ] } },
{ "type": "Feature", "properties": { "lat": 57.548261, "lon": 12.562866, "n_buses_at_location": 1, "bus_ids": "6117", "bus_names": "Strömma", "voltages_kv": "380.0", "node_id": 71 }, "geometry": { "type": "Point", "coordinates": [ 12.562866, 57.548261 ] } },
{ "type": "Feature", "properties": { "lat": 57.568888, "lon": 12.087708, "n_buses_at_location": 1, "bus_ids": "6116", "bus_names": "unknown", "voltages_kv": "380.0", "node_id": 72 }, "geometry": { "type": "Point", "coordinates": [ 12.087708, 57.568888 ] } },
{ "type": "Feature", "properties": { "lat": 57.718819, "lon": 14.197083, "n_buses_at_location": 1, "bus_ids": "6121", "bus_names": "Tenhult", "voltages_kv": "380.0", "node_id": 73 }, "geometry": { "type": "Point", "coordinates": [ 14.197083, 57.718819 ] } },
{ "type": "Feature", "properties": { "lat": 57.726153, "lon": 11.954498, "n_buses_at_location": 1, "bus_ids": "6113", "bus_names": "Hisingen", "voltages_kv": "380.0", "node_id": 74 }, "geometry": { "type": "Point", "coordinates": [ 11.954498, 57.726153 ] } },
{ "type": "Feature", "properties": { "lat": 57.798676, "lon": 14.625549, "n_buses_at_location": 1, "bus_ids": "6132", "bus_names": "Barkeryd", "voltages_kv": "380.0", "node_id": 75 }, "geometry": { "type": "Point", "coordinates": [ 14.625549, 57.798676 ] } },
{ "type": "Feature", "properties": { "lat": 57.816235, "lon": 12.407684, "n_buses_at_location": 1, "bus_ids": "6114", "bus_names": "Stenkullen", "voltages_kv": "380.0", "node_id": 76 }, "geometry": { "type": "Point", "coordinates": [ 12.407684, 57.816235 ] } },
{ "type": "Feature", "properties": { "lat": 57.964417, "lon": 12.244263, "n_buses_at_location": 1, "bus_ids": "6112", "bus_names": "Kilanda", "voltages_kv": "380.0", "node_id": 77 }, "geometry": { "type": "Point", "coordinates": [ 12.244263, 57.964417 ] } },
{ "type": "Feature", "properties": { "lat": 58.11344, "lon": 6.764832, "n_buses_at_location": 1, "bus_ids": "6206", "bus_names": "unknown", "voltages_kv": "300.0", "node_id": 78 }, "geometry": { "type": "Point", "coordinates": [ 6.764832, 58.11344 ] } },
{ "type": "Feature", "properties": { "lat": 58.2445, "lon": 8.102417, "n_buses_at_location": 2, "bus_ids": "6208; 6209", "bus_names": "Kristiansand; Kristiansand", "voltages_kv": "300.0; 380.0", "node_id": 79 }, "geometry": { "type": "Point", "coordinates": [ 8.102417, 58.2445 ] } },
{ "type": "Feature", "properties": { "lat": 58.28062, "lon": 7.001038, "n_buses_at_location": 1, "bus_ids": "6207", "bus_names": "Feda", "voltages_kv": "300.0", "node_id": 80 }, "geometry": { "type": "Point", "coordinates": [ 7.001038, 58.28062 ] } },
{ "type": "Feature", "properties": { "lat": 58.28423, "lon": 15.195465, "n_buses_at_location": 1, "bus_ids": "6124", "bus_names": "Kolstad", "voltages_kv": "380.0", "node_id": 81 }, "geometry": { "type": "Point", "coordinates": [ 15.195465, 58.28423 ] } },
{ "type": "Feature", "properties": { "lat": 58.304438, "lon": 12.299194, "n_buses_at_location": 1, "bus_ids": "6109", "bus_names": "Skogssäter", "voltages_kv": "380.0", "node_id": 82 }, "geometry": { "type": "Point", "coordinates": [ 12.299194, 58.304438 ] } },
{ "type": "Feature", "properties": { "lat": 58.373638, "lon": 6.554718, "n_buses_at_location": 1, "bus_ids": "6205", "bus_names": "Ana-Sira", "voltages_kv": "300.0", "node_id": 83 }, "geometry": { "type": "Point", "coordinates": [ 6.554718, 58.373638 ] } },
{ "type": "Feature", "properties": { "lat": 58.492976, "lon": 16.096344, "n_buses_at_location": 1, "bus_ids": "6123", "bus_names": "Kimstad", "voltages_kv": "380.0", "node_id": 84 }, "geometry": { "type": "Point", "coordinates": [ 16.096344, 58.492976 ] } },
{ "type": "Feature", "properties": { "lat": 58.513066, "lon": 6.008148, "n_buses_at_location": 1, "bus_ids": "6204", "bus_names": "unknown", "voltages_kv": "300.0", "node_id": 85 }, "geometry": { "type": "Point", "coordinates": [ 6.008148, 58.513066 ] } },
{ "type": "Feature", "properties": { "lat": 58.56109, "lon": 13.878479, "n_buses_at_location": 1, "bus_ids": "6110", "bus_names": "Timmersdala", "voltages_kv": "380.0", "node_id": 86 }, "geometry": { "type": "Point", "coordinates": [ 13.878479, 58.56109 ] } },
{ "type": "Feature", "properties": { "lat": 58.575413, "lon": 8.782196, "n_buses_at_location": 1, "bus_ids": "6210", "bus_names": "unknown", "voltages_kv": "300.0", "node_id": 87 }, "geometry": { "type": "Point", "coordinates": [ 8.782196, 58.575413 ] } },
{ "type": "Feature", "properties": { "lat": 58.598318, "lon": 14.111938, "n_buses_at_location": 1, "bus_ids": "6111", "bus_names": "Moholm", "voltages_kv": "220.0", "node_id": 88 }, "geometry": { "type": "Point", "coordinates": [ 14.111938, 58.598318 ] } },
{ "type": "Feature", "properties": { "lat": 58.659799, "lon": 6.82251, "n_buses_at_location": 1, "bus_ids": "6203", "bus_names": "Tonstad", "voltages_kv": "300.0", "node_id": 89 }, "geometry": { "type": "Point", "coordinates": [ 6.82251, 58.659799 ] } },
{ "type": "Feature", "properties": { "lat": 58.70477, "lon": 16.035919, "n_buses_at_location": 1, "bus_ids": "6122", "bus_names": "Glan", "voltages_kv": "380.0", "node_id": 90 }, "geometry": { "type": "Point", "coordinates": [ 16.035919, 58.70477 ] } },
{ "type": "Feature", "properties": { "lat": 58.795248, "lon": 11.629028, "n_buses_at_location": 1, "bus_ids": "6142", "bus_names": "Loviseholm", "voltages_kv": "380.0", "node_id": 91 }, "geometry": { "type": "Point", "coordinates": [ 11.629028, 58.795248 ] } },
{ "type": "Feature", "properties": { "lat": 58.82654, "lon": 5.756836, "n_buses_at_location": 1, "bus_ids": "6200", "bus_names": "unknown", "voltages_kv": "300.0", "node_id": 92 }, "geometry": { "type": "Point", "coordinates": [ 5.756836, 58.82654 ] } },
{ "type": "Feature", "properties": { "lat": 58.841464, "lon": 7.115021, "n_buses_at_location": 1, "bus_ids": "6202", "bus_names": "Solhom", "voltages_kv": "300.0", "node_id": 93 }, "geometry": { "type": "Point", "coordinates": [ 7.115021, 58.841464 ] } },
{ "type": "Feature", "properties": { "lat": 58.878393, "lon": 6.756592, "n_buses_at_location": 1, "bus_ids": "7899", "bus_names": "nan", "voltages_kv": "300.0", "node_id": 94 }, "geometry": { "type": "Point", "coordinates": [ 6.756592, 58.878393 ] } },
{ "type": "Feature", "properties": { "lat": 58.897552, "lon": 6.892548, "n_buses_at_location": 1, "bus_ids": "6201", "bus_names": "Tjørhom", "voltages_kv": "300.0", "node_id": 95 }, "geometry": { "type": "Point", "coordinates": [ 6.892548, 58.897552 ] } },
{ "type": "Feature", "properties": { "lat": 58.926626, "lon": 5.715637, "n_buses_at_location": 1, "bus_ids": "6445", "bus_names": "unknown", "voltages_kv": "300.0", "node_id": 96 }, "geometry": { "type": "Point", "coordinates": [ 5.715637, 58.926626 ] } },
{ "type": "Feature", "properties": { "lat": 58.974791, "lon": 7.727509, "n_buses_at_location": 1, "bus_ids": "6456", "bus_names": "Hekni", "voltages_kv": "380.0", "node_id": 97 }, "geometry": { "type": "Point", "coordinates": [ 7.727509, 58.974791 ] } },
{ "type": "Feature", "properties": { "lat": 58.984699, "lon": 16.660767, "n_buses_at_location": 1, "bus_ids": "6382", "bus_names": "Hedenlunda", "voltages_kv": "380.0", "node_id": 98 }, "geometry": { "type": "Point", "coordinates": [ 16.660767, 58.984699 ] } },
{ "type": "Feature", "properties": { "lat": 58.994604, "lon": 7.120514, "n_buses_at_location": 1, "bus_ids": "6449", "bus_names": "Kvinen", "voltages_kv": "300.0", "node_id": 99 }, "geometry": { "type": "Point", "coordinates": [ 7.120514, 58.994604 ] } },
{ "type": "Feature", "properties": { "lat": 59.00592, "lon": 5.623627, "n_buses_at_location": 1, "bus_ids": "6444", "bus_names": "Stavanger", "voltages_kv": "300.0", "node_id": 100 }, "geometry": { "type": "Point", "coordinates": [ 5.623627, 59.00592 ] } },
{ "type": "Feature", "properties": { "lat": 59.05115, "lon": 15.125427, "n_buses_at_location": 1, "bus_ids": "6397", "bus_names": "Östansjö", "voltages_kv": "380.0", "node_id": 101 }, "geometry": { "type": "Point", "coordinates": [ 15.125427, 59.05115 ] } },
{ "type": "Feature", "properties": { "lat": 59.068096, "lon": 6.696167, "n_buses_at_location": 1, "bus_ids": "6448", "bus_names": "Tjodan", "voltages_kv": "300.0", "node_id": 102 }, "geometry": { "type": "Point", "coordinates": [ 6.696167, 59.068096 ] } },
{ "type": "Feature", "properties": { "lat": 59.084327, "lon": 18.124695, "n_buses_at_location": 1, "bus_ids": "6359", "bus_names": "Solberga", "voltages_kv": "220.0", "node_id": 103 }, "geometry": { "type": "Point", "coordinates": [ 18.124695, 59.084327 ] } },
{ "type": "Feature", "properties": { "lat": 59.094909, "lon": 17.932434, "n_buses_at_location": 1, "bus_ids": "6354", "bus_names": "Hall", "voltages_kv": "380.0", "node_id": 104 }, "geometry": { "type": "Point", "coordinates": [ 17.932434, 59.094909 ] } },
{ "type": "Feature", "properties": { "lat": 59.110423, "lon": 6.889801, "n_buses_at_location": 1, "bus_ids": "6447", "bus_names": "Duge", "voltages_kv": "300.0", "node_id": 105 }, "geometry": { "type": "Point", "coordinates": [ 6.889801, 59.110423 ] } },
{ "type": "Feature", "properties": { "lat": 59.110423, "lon": 7.119141, "n_buses_at_location": 1, "bus_ids": "6446", "bus_names": "Roskrepp", "voltages_kv": "300.0", "node_id": 106 }, "geometry": { "type": "Point", "coordinates": [ 7.119141, 59.110423 ] } },
{ "type": "Feature", "properties": { "lat": 59.147769, "lon": 11.409302, "n_buses_at_location": 1, "bus_ids": "6376", "bus_names": "Halden", "voltages_kv": "380.0", "node_id": 107 }, "geometry": { "type": "Point", "coordinates": [ 11.409302, 59.147769 ] } },
{ "type": "Feature", "properties": { "lat": 59.151995, "lon": 9.61441, "n_buses_at_location": 1, "bus_ids": "6455", "bus_names": "Skien", "voltages_kv": "300.0", "node_id": 108 }, "geometry": { "type": "Point", "coordinates": [ 9.61441, 59.151995 ] } },
{ "type": "Feature", "properties": { "lat": 59.168187, "lon": 18.110962, "n_buses_at_location": 2, "bus_ids": "6357; 6358", "bus_names": "Ekudden; Ekudden", "voltages_kv": "220.0; 380.0", "node_id": 109 }, "geometry": { "type": "Point", "coordinates": [ 18.110962, 59.168187 ] } },
{ "type": "Feature", "properties": { "lat": 59.173817, "lon": 15.184479, "n_buses_at_location": 2, "bus_ids": "6378; 6379", "bus_names": "Hallsberg; Hallsberg", "voltages_kv": "220.0; 380.0", "node_id": 110 }, "geometry": { "type": "Point", "coordinates": [ 15.184479, 59.173817 ] } },
{ "type": "Feature", "properties": { "lat": 59.221637, "lon": 17.766266, "n_buses_at_location": 2, "bus_ids": "6352; 6353", "bus_names": "Kolbotten; Kolbotten", "voltages_kv": "220.0; 380.0", "node_id": 111 }, "geometry": { "type": "Point", "coordinates": [ 17.766266, 59.221637 ] } },
{ "type": "Feature", "properties": { "lat": 59.22234, "lon": 17.218323, "n_buses_at_location": 1, "bus_ids": "6335", "bus_names": "Åker", "voltages_kv": "380.0", "node_id": 112 }, "geometry": { "type": "Point", "coordinates": [ 17.218323, 59.22234 ] } },
{ "type": "Feature", "properties": { "lat": 59.225853, "lon": 5.262451, "n_buses_at_location": 1, "bus_ids": "6492", "bus_names": "unknown", "voltages_kv": "300.0", "node_id": 113 }, "geometry": { "type": "Point", "coordinates": [ 5.262451, 59.225853 ] } },
{ "type": "Feature", "properties": { "lat": 59.282019, "lon": 9.593811, "n_buses_at_location": 2, "bus_ids": "6467; 6468", "bus_names": "unknown; unknown", "voltages_kv": "300.0; 380.0", "node_id": 114 }, "geometry": { "type": "Point", "coordinates": [ 9.593811, 59.282019 ] } },
{ "type": "Feature", "properties": { "lat": 59.314272, "lon": 6.663208, "n_buses_at_location": 1, "bus_ids": "6443", "bus_names": "unknown", "voltages_kv": "300.0", "node_id": 115 }, "geometry": { "type": "Point", "coordinates": [ 6.663208, 59.314272 ] } },
{ "type": "Feature", "properties": { "lat": 59.317075, "lon": 5.568695, "n_buses_at_location": 1, "bus_ids": "6486", "bus_names": "Karstø", "voltages_kv": "300.0", "node_id": 116 }, "geometry": { "type": "Point", "coordinates": [ 5.568695, 59.317075 ] } },
{ "type": "Feature", "properties": { "lat": 59.317075, "lon": 18.095856, "n_buses_at_location": 2, "bus_ids": "6362; 6363", "bus_names": "Stockholm; Stockholm", "voltages_kv": "220.0; 380.0", "node_id": 117 }, "geometry": { "type": "Point", "coordinates": [ 18.095856, 59.317075 ] } },
{ "type": "Feature", "properties": { "lat": 59.317776, "lon": 11.181335, "n_buses_at_location": 2, "bus_ids": "6374; 6375", "bus_names": "Hasle; Hasle", "voltages_kv": "300.0; 380.0", "node_id": 118 }, "geometry": { "type": "Point", "coordinates": [ 11.181335, 59.317776 ] } },
{ "type": "Feature", "properties": { "lat": 59.337392, "lon": 12.9776, "n_buses_at_location": 1, "bus_ids": "6377", "bus_names": "Borgvik", "voltages_kv": "380.0", "node_id": 119 }, "geometry": { "type": "Point", "coordinates": [ 12.9776, 59.337392 ] } },
{ "type": "Feature", "properties": { "lat": 59.349996, "lon": 17.683868, "n_buses_at_location": 1, "bus_ids": "7817", "bus_names": "nan", "voltages_kv": "380.0", "node_id": 120 }, "geometry": { "type": "Point", "coordinates": [ 17.683868, 59.349996 ] } },
{ "type": "Feature", "properties": { "lat": 59.383584, "lon": 10.37796, "n_buses_at_location": 1, "bus_ids": "6463", "bus_names": "unknown", "voltages_kv": "300.0", "node_id": 121 }, "geometry": { "type": "Point", "coordinates": [ 10.37796, 59.383584 ] } },
{ "type": "Feature", "properties": { "lat": 59.422728, "lon": 8.87146, "n_buses_at_location": 1, "bus_ids": "6460", "bus_names": "Sundsbarm", "voltages_kv": "300.0", "node_id": 122 }, "geometry": { "type": "Point", "coordinates": [ 8.87146, 59.422728 ] } },
{ "type": "Feature", "properties": { "lat": 59.457639, "lon": 7.901917, "n_buses_at_location": 1, "bus_ids": "6459", "bus_names": "Tokke", "voltages_kv": "300.0", "node_id": 123 }, "geometry": { "type": "Point", "coordinates": [ 7.901917, 59.457639 ] } },
{ "type": "Feature", "properties": { "lat": 59.460431, "lon": 6.491547, "n_buses_at_location": 2, "bus_ids": "6441; 6442", "bus_names": "Liastølen; Liastølen", "voltages_kv": "300.0; 380.0", "node_id": 124 }, "geometry": { "type": "Point", "coordinates": [ 6.491547, 59.460431 ] } },
{ "type": "Feature", "properties": { "lat": 59.461826, "lon": 6.650848, "n_buses_at_location": 2, "bus_ids": "6434; 6435", "bus_names": "Saurdal; Saurdal", "voltages_kv": "300.0; 380.0", "node_id": 125 }, "geometry": { "type": "Point", "coordinates": [ 6.650848, 59.461826 ] } },
{ "type": "Feature", "properties": { "lat": 59.466013, "lon": 15.231171, "n_buses_at_location": 2, "bus_ids": "6380; 6381", "bus_names": "Lindbacka; Lindbacka", "voltages_kv": "220.0; 380.0", "node_id": 126 }, "geometry": { "type": "Point", "coordinates": [ 15.231171, 59.466013 ] } },
{ "type": "Feature", "properties": { "lat": 59.473686, "lon": 18.135681, "n_buses_at_location": 1, "bus_ids": "6344", "bus_names": "Odensala", "voltages_kv": "380.0", "node_id": 127 }, "geometry": { "type": "Point", "coordinates": [ 18.135681, 59.473686 ] } },
{ "type": "Feature", "properties": { "lat": 59.479266, "lon": 7.462463, "n_buses_at_location": 1, "bus_ids": "6469", "bus_names": "Holen", "voltages_kv": "380.0", "node_id": 128 }, "geometry": { "type": "Point", "coordinates": [ 7.462463, 59.479266 ] } },
{ "type": "Feature", "properties": { "lat": 59.480661, "lon": 18.404846, "n_buses_at_location": 1, "bus_ids": "6351", "bus_names": "Vallentuna", "voltages_kv": "220.0", "node_id": 129 }, "geometry": { "type": "Point", "coordinates": [ 18.404846, 59.480661 ] } },
{ "type": "Feature", "properties": { "lat": 59.495303, "lon": 5.39978, "n_buses_at_location": 1, "bus_ids": "6491", "bus_names": "unknown", "voltages_kv": "300.0", "node_id": 130 }, "geometry": { "type": "Point", "coordinates": [ 5.39978, 59.495303 ] } },
{ "type": "Feature", "properties": { "lat": 59.496697, "lon": 15.971375, "n_buses_at_location": 1, "bus_ids": "6390", "bus_names": "Himmeta", "voltages_kv": "220.0", "node_id": 131 }, "geometry": { "type": "Point", "coordinates": [ 15.971375, 59.496697 ] } },
{ "type": "Feature", "properties": { "lat": 59.502273, "lon": 16.417694, "n_buses_at_location": 1, "bus_ids": "6389", "bus_names": "Arosverket", "voltages_kv": "220.0", "node_id": 132 }, "geometry": { "type": "Point", "coordinates": [ 16.417694, 59.502273 ] } },
{ "type": "Feature", "properties": { "lat": 59.509939, "lon": 10.770721, "n_buses_at_location": 1, "bus_ids": "6477", "bus_names": "unknown", "voltages_kv": "300.0", "node_id": 133 }, "geometry": { "type": "Point", "coordinates": [ 10.770721, 59.509939 ] } },
{ "type": "Feature", "properties": { "lat": 59.523872, "lon": 6.992798, "n_buses_at_location": 1, "bus_ids": "6436", "bus_names": "Kvilldal", "voltages_kv": "380.0", "node_id": 134 }, "geometry": { "type": "Point", "coordinates": [ 6.992798, 59.523872 ] } },
{ "type": "Feature", "properties": { "lat": 59.525961, "lon": 8.87558, "n_buses_at_location": 1, "bus_ids": "7718", "bus_names": "nan", "voltages_kv": "300.0", "node_id": 135 }, "geometry": { "type": "Point", "coordinates": [ 8.87558, 59.525961 ] } },
{ "type": "Feature", "properties": { "lat": 59.553808, "lon": 10.122528, "n_buses_at_location": 1, "bus_ids": "6479", "bus_names": "unknown", "voltages_kv": "300.0", "node_id": 136 }, "geometry": { "type": "Point", "coordinates": [ 10.122528, 59.553808 ] } },
{ "type": "Feature", "properties": { "lat": 59.559375, "lon": 16.368256, "n_buses_at_location": 1, "bus_ids": "7945", "bus_names": "nan", "voltages_kv": "220.0", "node_id": 137 }, "geometry": { "type": "Point", "coordinates": [ 16.368256, 59.559375 ] } },
{ "type": "Feature", "properties": { "lat": 59.569114, "lon": 6.481934, "n_buses_at_location": 1, "bus_ids": "6483", "bus_names": "unknown", "voltages_kv": "300.0", "node_id": 138 }, "geometry": { "type": "Point", "coordinates": [ 6.481934, 59.569114 ] } },
{ "type": "Feature", "properties": { "lat": 59.580242, "lon": 10.780334, "n_buses_at_location": 1, "bus_ids": "6476", "bus_names": "unknown", "voltages_kv": "380.0", "node_id": 139 }, "geometry": { "type": "Point", "coordinates": [ 10.780334, 59.580242 ] } },
{ "type": "Feature", "properties": { "lat": 59.620547, "lon": 10.434265, "n_buses_at_location": 1, "bus_ids": "6480", "bus_names": "unknown", "voltages_kv": "300.0", "node_id": 140 }, "geometry": { "type": "Point", "coordinates": [ 10.434265, 59.620547 ] } },
{ "type": "Feature", "properties": { "lat": 59.632352, "lon": 7.819519, "n_buses_at_location": 1, "bus_ids": "6458", "bus_names": "Vinje", "voltages_kv": "300.0", "node_id": 141 }, "geometry": { "type": "Point", "coordinates": [ 7.819519, 59.632352 ] } },
{ "type": "Feature", "properties": { "lat": 59.6386, "lon": 16.679993, "n_buses_at_location": 1, "bus_ids": "6388", "bus_names": "Finnslätten", "voltages_kv": "220.0", "node_id": 142 }, "geometry": { "type": "Point", "coordinates": [ 16.679993, 59.6386 ] } },
{ "type": "Feature", "properties": { "lat": 59.667741, "lon": 6.432495, "n_buses_at_location": 2, "bus_ids": "6439; 6440", "bus_names": "Sauda; Sauda", "voltages_kv": "300.0; 380.0", "node_id": 143 }, "geometry": { "type": "Point", "coordinates": [ 6.432495, 59.667741 ] } },
{ "type": "Feature", "properties": { "lat": 59.710712, "lon": 6.904907, "n_buses_at_location": 1, "bus_ids": "6454", "bus_names": "Ulla-Førre", "voltages_kv": "300.0", "node_id": 144 }, "geometry": { "type": "Point", "coordinates": [ 6.904907, 59.710712 ] } },
{ "type": "Feature", "properties": { "lat": 59.716945, "lon": 17.329559, "n_buses_at_location": 2, "bus_ids": "6355; 6356", "bus_names": "Hamra; Hamra", "voltages_kv": "220.0; 380.0", "node_id": 145 }, "geometry": { "type": "Point", "coordinates": [ 17.329559, 59.716945 ] } },
{ "type": "Feature", "properties": { "lat": 59.719715, "lon": 17.789612, "n_buses_at_location": 1, "bus_ids": "6371", "bus_names": "Boländerna", "voltages_kv": "220.0", "node_id": 146 }, "geometry": { "type": "Point", "coordinates": [ 17.789612, 59.719715 ] } },
{ "type": "Feature", "properties": { "lat": 59.721792, "lon": 9.923401, "n_buses_at_location": 1, "bus_ids": "6464", "bus_names": "unknown", "voltages_kv": "300.0", "node_id": 147 }, "geometry": { "type": "Point", "coordinates": [ 9.923401, 59.721792 ] } },
{ "type": "Feature", "properties": { "lat": 59.721792, "lon": 10.82428, "n_buses_at_location": 1, "bus_ids": "6475", "bus_names": "unknown", "voltages_kv": "380.0", "node_id": 148 }, "geometry": { "type": "Point", "coordinates": [ 10.82428, 59.721792 ] } },
{ "type": "Feature", "properties": { "lat": 59.725947, "lon": 7.086182, "n_buses_at_location": 1, "bus_ids": "7865", "bus_names": "nan", "voltages_kv": "300.0", "node_id": 149 }, "geometry": { "type": "Point", "coordinates": [ 7.086182, 59.725947 ] } },
{ "type": "Feature", "properties": { "lat": 59.730792, "lon": 17.925568, "n_buses_at_location": 1, "bus_ids": "6370", "bus_names": "Plenninge", "voltages_kv": "220.0", "node_id": 150 }, "geometry": { "type": "Point", "coordinates": [ 17.925568, 59.730792 ] } },
{ "type": "Feature", "properties": { "lat": 59.747402, "lon": 7.36908, "n_buses_at_location": 1, "bus_ids": "8029", "bus_names": "nan", "voltages_kv": "300.0", "node_id": 151 }, "geometry": { "type": "Point", "coordinates": [ 7.36908, 59.747402 ] } },
{ "type": "Feature", "properties": { "lat": 59.768152, "lon": 5.461578, "n_buses_at_location": 1, "bus_ids": "6437", "bus_names": "unknown", "voltages_kv": "300.0", "node_id": 152 }, "geometry": { "type": "Point", "coordinates": [ 5.461578, 59.768152 ] } },
{ "type": "Feature", "properties": { "lat": 59.777831, "lon": 7.080688, "n_buses_at_location": 1, "bus_ids": "6452", "bus_names": "Kvanndal", "voltages_kv": "300.0", "node_id": 153 }, "geometry": { "type": "Point", "coordinates": [ 7.080688, 59.777831 ] } },
{ "type": "Feature", "properties": { "lat": 59.780596, "lon": 7.772827, "n_buses_at_location": 1, "bus_ids": "6457", "bus_names": "Songa", "voltages_kv": "300.0", "node_id": 154 }, "geometry": { "type": "Point", "coordinates": [ 7.772827, 59.780596 ] } },
{ "type": "Feature", "properties": { "lat": 59.805469, "lon": 7.34024, "n_buses_at_location": 1, "bus_ids": "6453", "bus_names": "Kjela", "voltages_kv": "300.0", "node_id": 155 }, "geometry": { "type": "Point", "coordinates": [ 7.34024, 59.805469 ] } },
{ "type": "Feature", "properties": { "lat": 59.816518, "lon": 16.884613, "n_buses_at_location": 1, "bus_ids": "6338", "bus_names": "Starfors", "voltages_kv": "220.0", "node_id": 156 }, "geometry": { "type": "Point", "coordinates": [ 16.884613, 59.816518 ] } },
{ "type": "Feature", "properties": { "lat": 59.837916, "lon": 6.968079, "n_buses_at_location": 1, "bus_ids": "6451", "bus_names": "Novle", "voltages_kv": "300.0", "node_id": 157 }, "geometry": { "type": "Point", "coordinates": [ 6.968079, 59.837916 ] } },
{ "type": "Feature", "properties": { "lat": 59.837916, "lon": 18.621826, "n_buses_at_location": 1, "bus_ids": "6348", "bus_names": "Malsta", "voltages_kv": "220.0", "node_id": 158 }, "geometry": { "type": "Point", "coordinates": [ 18.621826, 59.837916 ] } },
{ "type": "Feature", "properties": { "lat": 59.869641, "lon": 6.113892, "n_buses_at_location": 1, "bus_ids": "6433", "bus_names": "Blåfalli", "voltages_kv": "300.0", "node_id": 159 }, "geometry": { "type": "Point", "coordinates": [ 6.113892, 59.869641 ] } },
{ "type": "Feature", "properties": { "lat": 59.871019, "lon": 6.745605, "n_buses_at_location": 1, "bus_ids": "6450", "bus_names": "Røldal", "voltages_kv": "300.0", "node_id": 160 }, "geometry": { "type": "Point", "coordinates": [ 6.745605, 59.871019 ] } },
{ "type": "Feature", "properties": { "lat": 59.88687, "lon": 10.288696, "n_buses_at_location": 2, "bus_ids": "6465; 6466", "bus_names": "Sylling; Sylling", "voltages_kv": "300.0; 380.0", "node_id": 161 }, "geometry": { "type": "Point", "coordinates": [ 10.288696, 59.88687 ] } },
{ "type": "Feature", "properties": { "lat": 59.912353, "lon": 8.524017, "n_buses_at_location": 1, "bus_ids": "6461", "bus_names": "Vemork", "voltages_kv": "300.0", "node_id": 162 }, "geometry": { "type": "Point", "coordinates": [ 8.524017, 59.912353 ] } },
{ "type": "Feature", "properties": { "lat": 59.917172, "lon": 8.760223, "n_buses_at_location": 1, "bus_ids": "6462", "bus_names": "Såheim", "voltages_kv": "300.0", "node_id": 163 }, "geometry": { "type": "Point", "coordinates": [ 8.760223, 59.917172 ] } },
{ "type": "Feature", "properties": { "lat": 59.923367, "lon": 5.868073, "n_buses_at_location": 1, "bus_ids": "6438", "bus_names": "unknown", "voltages_kv": "300.0", "node_id": 164 }, "geometry": { "type": "Point", "coordinates": [ 5.868073, 59.923367 ] } },
{ "type": "Feature", "properties": { "lat": 59.930248, "lon": 17.748413, "n_buses_at_location": 1, "bus_ids": "6349", "bus_names": "Bredåker", "voltages_kv": "220.0", "node_id": 165 }, "geometry": { "type": "Point", "coordinates": [ 17.748413, 59.930248 ] } },
{ "type": "Feature", "properties": { "lat": 59.958448, "lon": 10.839386, "n_buses_at_location": 2, "bus_ids": "6481; 6482", "bus_names": "Oslo; Oslo", "voltages_kv": "300.0; 380.0", "node_id": 166 }, "geometry": { "type": "Point", "coordinates": [ 10.839386, 59.958448 ] } },
{ "type": "Feature", "properties": { "lat": 59.961198, "lon": 18.233185, "n_buses_at_location": 2, "bus_ids": "6345; 6346", "bus_names": "Tuna; Tuna", "voltages_kv": "220.0; 380.0", "node_id": 167 }, "geometry": { "type": "Point", "coordinates": [ 18.233185, 59.961198 ] } },
{ "type": "Feature", "properties": { "lat": 60.047704, "lon": 23.819733, "n_buses_at_location": 1, "bus_ids": "6320", "bus_names": "Inkoo", "voltages_kv": "380.0", "node_id": 168 }, "geometry": { "type": "Point", "coordinates": [ 23.819733, 60.047704 ] } },
{ "type": "Feature", "properties": { "lat": 60.052503, "lon": 15.387726, "n_buses_at_location": 1, "bus_ids": "6385", "bus_names": "Morgårdshammar", "voltages_kv": "380.0", "node_id": 169 }, "geometry": { "type": "Point", "coordinates": [ 15.387726, 60.052503 ] } },
{ "type": "Feature", "properties": { "lat": 60.06484, "lon": 18.8237, "n_buses_at_location": 1, "bus_ids": "6350", "bus_names": "Hallstavik", "voltages_kv": "220.0", "node_id": 170 }, "geometry": { "type": "Point", "coordinates": [ 18.8237, 60.06484 ] } },
{ "type": "Feature", "properties": { "lat": 60.066211, "lon": 6.70166, "n_buses_at_location": 1, "bus_ids": "6420", "bus_names": "Tysso", "voltages_kv": "300.0", "node_id": 171 }, "geometry": { "type": "Point", "coordinates": [ 6.70166, 60.066211 ] } },
{ "type": "Feature", "properties": { "lat": 60.071693, "lon": 18.623199, "n_buses_at_location": 1, "bus_ids": "6347", "bus_names": "Gråska", "voltages_kv": "220.0", "node_id": 172 }, "geometry": { "type": "Point", "coordinates": [ 18.623199, 60.071693 ] } },
{ "type": "Feature", "properties": { "lat": 60.117566, "lon": 6.297913, "n_buses_at_location": 1, "bus_ids": "6418", "bus_names": "Mauranger", "voltages_kv": "300.0", "node_id": 173 }, "geometry": { "type": "Point", "coordinates": [ 6.297913, 60.117566 ] } },
{ "type": "Feature", "properties": { "lat": 60.156543, "lon": 6.797791, "n_buses_at_location": 1, "bus_ids": "6419", "bus_names": "Oksla", "voltages_kv": "300.0", "node_id": 174 }, "geometry": { "type": "Point", "coordinates": [ 6.797791, 60.156543 ] } },
{ "type": "Feature", "properties": { "lat": 60.198203, "lon": 10.092316, "n_buses_at_location": 1, "bus_ids": "6431", "bus_names": "unknown", "voltages_kv": "380.0", "node_id": 175 }, "geometry": { "type": "Point", "coordinates": [ 10.092316, 60.198203 ] } },
{ "type": "Feature", "properties": { "lat": 60.20571, "lon": 24.656067, "n_buses_at_location": 1, "bus_ids": "6313", "bus_names": "Espoo", "voltages_kv": "380.0", "node_id": 176 }, "geometry": { "type": "Point", "coordinates": [ 24.656067, 60.20571 ] } },
{ "type": "Feature", "properties": { "lat": 60.232994, "lon": 9.026642, "n_buses_at_location": 1, "bus_ids": "6427", "bus_names": "Nore 1", "voltages_kv": "380.0", "node_id": 177 }, "geometry": { "type": "Point", "coordinates": [ 9.026642, 60.232994 ] } },
{ "type": "Feature", "properties": { "lat": 60.304505, "lon": 24.186401, "n_buses_at_location": 1, "bus_ids": "6324", "bus_names": "Kopula", "voltages_kv": "380.0", "node_id": 178 }, "geometry": { "type": "Point", "coordinates": [ 24.186401, 60.304505 ] } },
{ "type": "Feature", "properties": { "lat": 60.322868, "lon": 10.214539, "n_buses_at_location": 1, "bus_ids": "6432", "bus_names": "unknown", "voltages_kv": "380.0", "node_id": 179 }, "geometry": { "type": "Point", "coordinates": [ 10.214539, 60.322868 ] } },
{ "type": "Feature", "properties": { "lat": 60.330347, "lon": 24.930725, "n_buses_at_location": 1, "bus_ids": "6310", "bus_names": "Tammisto", "voltages_kv": "380.0", "node_id": 180 }, "geometry": { "type": "Point", "coordinates": [ 24.930725, 60.330347 ] } },
{ "type": "Feature", "properties": { "lat": 60.347337, "lon": 5.449219, "n_buses_at_location": 1, "bus_ids": "6490", "bus_names": "Bergen", "voltages_kv": "300.0", "node_id": 181 }, "geometry": { "type": "Point", "coordinates": [ 5.449219, 60.347337 ] } },
{ "type": "Feature", "properties": { "lat": 60.357527, "lon": 8.596802, "n_buses_at_location": 1, "bus_ids": "6430", "bus_names": "unknown", "voltages_kv": "380.0", "node_id": 182 }, "geometry": { "type": "Point", "coordinates": [ 8.596802, 60.357527 ] } },
{ "type": "Feature", "properties": { "lat": 60.363639, "lon": 22.913361, "n_buses_at_location": 1, "bus_ids": "6322", "bus_names": "Salo", "voltages_kv": "380.0", "node_id": 183 }, "geometry": { "type": "Point", "coordinates": [ 22.913361, 60.363639 ] } },
{ "type": "Feature", "properties": { "lat": 60.370428457277697, "lon": 16.284446847098099, "n_buses_at_location": 1, "bus_ids": "6861", "bus_names": "nan", "voltages_kv": "220.0", "node_id": 184 }, "geometry": { "type": "Point", "coordinates": [ 16.284446847098099, 60.370428457277697 ] } },
{ "type": "Feature", "properties": { "lat": 60.378575, "lon": 25.209503, "n_buses_at_location": 1, "bus_ids": "6311", "bus_names": "Länsisalmi", "voltages_kv": "380.0", "node_id": 185 }, "geometry": { "type": "Point", "coordinates": [ 25.209503, 60.378575 ] } },
{ "type": "Feature", "properties": { "lat": 60.382648, "lon": 11.288452, "n_buses_at_location": 1, "bus_ids": "6373", "bus_names": "unknown", "voltages_kv": "300.0", "node_id": 186 }, "geometry": { "type": "Point", "coordinates": [ 11.288452, 60.382648 ] } },
{ "type": "Feature", "properties": { "lat": 60.38672, "lon": 16.512451, "n_buses_at_location": 1, "bus_ids": "6387", "bus_names": "Horndal", "voltages_kv": "220.0", "node_id": 187 }, "geometry": { "type": "Point", "coordinates": [ 16.512451, 60.38672 ] } },
{ "type": "Feature", "properties": { "lat": 60.396897, "lon": 16.177368, "n_buses_at_location": 1, "bus_ids": "6386", "bus_names": "Hofors", "voltages_kv": "220.0", "node_id": 188 }, "geometry": { "type": "Point", "coordinates": [ 16.177368, 60.396897 ] } },
{ "type": "Feature", "properties": { "lat": 60.406393, "lon": 15.442657, "n_buses_at_location": 1, "bus_ids": "6384", "bus_names": "Repbäcken", "voltages_kv": "380.0", "node_id": 189 }, "geometry": { "type": "Point", "coordinates": [ 15.442657, 60.406393 ] } },
{ "type": "Feature", "properties": { "lat": 60.412496, "lon": 17.274628, "n_buses_at_location": 1, "bus_ids": "6341", "bus_names": "Untra", "voltages_kv": "220.0", "node_id": 190 }, "geometry": { "type": "Point", "coordinates": [ 17.274628, 60.412496 ] } },
{ "type": "Feature", "properties": { "lat": 60.415208, "lon": 15.188599, "n_buses_at_location": 1, "bus_ids": "6383", "bus_names": "Bäsna", "voltages_kv": "380.0", "node_id": 191 }, "geometry": { "type": "Point", "coordinates": [ 15.188599, 60.415208 ] } },
{ "type": "Feature", "properties": { "lat": 60.418598, "lon": 26.294403, "n_buses_at_location": 1, "bus_ids": "6314", "bus_names": "Loviisa", "voltages_kv": "380.0", "node_id": 192 }, "geometry": { "type": "Point", "coordinates": [ 26.294403, 60.418598 ] } },
{ "type": "Feature", "properties": { "lat": 60.42131, "lon": 5.494537, "n_buses_at_location": 1, "bus_ids": "6414", "bus_names": "unknown", "voltages_kv": "300.0", "node_id": 193 }, "geometry": { "type": "Point", "coordinates": [ 5.494537, 60.42131 ] } },
{ "type": "Feature", "properties": { "lat": 60.430121, "lon": 18.123322, "n_buses_at_location": 1, "bus_ids": "6364", "bus_names": "Forsmark", "voltages_kv": "380.0", "node_id": 194 }, "geometry": { "type": "Point", "coordinates": [ 18.123322, 60.430121 ] } },
{ "type": "Feature", "properties": { "lat": 60.456541, "lon": 5.259705, "n_buses_at_location": 1, "bus_ids": "6489", "bus_names": "unknown", "voltages_kv": "300.0", "node_id": 195 }, "geometry": { "type": "Point", "coordinates": [ 5.259705, 60.456541 ] } },
{ "type": "Feature", "properties": { "lat": 60.469404, "lon": 25.659943, "n_buses_at_location": 1, "bus_ids": "6315", "bus_names": "Anttila", "voltages_kv": "380.0", "node_id": 196 }, "geometry": { "type": "Point", "coordinates": [ 25.659943, 60.469404 ] } },
{ "type": "Feature", "properties": { "lat": 60.484968, "lon": 7.23587, "n_buses_at_location": 1, "bus_ids": "6421", "bus_names": "Eidfjord", "voltages_kv": "380.0", "node_id": 197 }, "geometry": { "type": "Point", "coordinates": [ 7.23587, 60.484968 ] } },
{ "type": "Feature", "properties": { "lat": 60.504583, "lon": 6.156464, "n_buses_at_location": 2, "bus_ids": "6484; 6485", "bus_names": "Samnanger; Samnanger", "voltages_kv": "300.0; 380.0", "node_id": 198 }, "geometry": { "type": "Point", "coordinates": [ 6.156464, 60.504583 ] } },
{ "type": "Feature", "properties": { "lat": 60.511343, "lon": 8.088684, "n_buses_at_location": 2, "bus_ids": "6428; 6429", "bus_names": "unknown; unknown", "voltages_kv": "300.0; 380.0", "node_id": 199 }, "geometry": { "type": "Point", "coordinates": [ 8.088684, 60.511343 ] } },
{ "type": "Feature", "properties": { "lat": 60.52013, "lon": 22.457428, "n_buses_at_location": 1, "bus_ids": "6319", "bus_names": "Lieto", "voltages_kv": "380.0", "node_id": 200 }, "geometry": { "type": "Point", "coordinates": [ 22.457428, 60.52013 ] } },
{ "type": "Feature", "properties": { "lat": 60.527563, "lon": 7.108154, "n_buses_at_location": 1, "bus_ids": "6415", "bus_names": "Sima", "voltages_kv": "380.0", "node_id": 201 }, "geometry": { "type": "Point", "coordinates": [ 7.108154, 60.527563 ] } },
{ "type": "Feature", "properties": { "lat": 60.532293, "lon": 18.020325, "n_buses_at_location": 1, "bus_ids": "6342", "bus_names": "Dannebo", "voltages_kv": "380.0", "node_id": 202 }, "geometry": { "type": "Point", "coordinates": [ 18.020325, 60.532293 ] } },
{ "type": "Feature", "properties": { "lat": 60.550528, "lon": 17.059021, "n_buses_at_location": 1, "bus_ids": "6360", "bus_names": "Finnböle", "voltages_kv": "380.0", "node_id": 203 }, "geometry": { "type": "Point", "coordinates": [ 17.059021, 60.550528 ] } },
{ "type": "Feature", "properties": { "lat": 60.570102, "lon": 16.972504, "n_buses_at_location": 1, "bus_ids": "6366", "bus_names": "Finnböle", "voltages_kv": "380.0", "node_id": 204 }, "geometry": { "type": "Point", "coordinates": [ 16.972504, 60.570102 ] } },
{ "type": "Feature", "properties": { "lat": 60.5755, "lon": 25.040588, "n_buses_at_location": 1, "bus_ids": "6309", "bus_names": "Nurmijärvi", "voltages_kv": "380.0", "node_id": 205 }, "geometry": { "type": "Point", "coordinates": [ 25.040588, 60.5755 ] } },
{ "type": "Feature", "properties": { "lat": 60.591688, "lon": 8.75885, "n_buses_at_location": 1, "bus_ids": "6426", "bus_names": "Nes", "voltages_kv": "300.0", "node_id": 206 }, "geometry": { "type": "Point", "coordinates": [ 8.75885, 60.591688 ] } },
{ "type": "Feature", "properties": { "lat": 60.624713, "lon": 17.045288, "n_buses_at_location": 2, "bus_ids": "6336; 6337", "bus_names": "Stackbo; Stackbo", "voltages_kv": "220.0; 380.0", "node_id": 207 }, "geometry": { "type": "Point", "coordinates": [ 17.045288, 60.624713 ] } },
{ "type": "Feature", "properties": { "lat": 60.630775, "lon": 7.893677, "n_buses_at_location": 1, "bus_ids": "6422", "bus_names": "unknown", "voltages_kv": "380.0", "node_id": 208 }, "geometry": { "type": "Point", "coordinates": [ 7.893677, 60.630775 ] } },
{ "type": "Feature", "properties": { "lat": 60.661069, "lon": 5.847473, "n_buses_at_location": 1, "bus_ids": "6416", "bus_names": "Dale", "voltages_kv": "300.0", "node_id": 209 }, "geometry": { "type": "Point", "coordinates": [ 5.847473, 60.661069 ] } },
{ "type": "Feature", "properties": { "lat": 60.664433, "lon": 6.100159, "n_buses_at_location": 1, "bus_ids": "6417", "bus_names": "Evanger", "voltages_kv": "300.0", "node_id": 210 }, "geometry": { "type": "Point", "coordinates": [ 6.100159, 60.664433 ] } },
{ "type": "Feature", "properties": { "lat": 60.670488, "lon": 8.084564, "n_buses_at_location": 1, "bus_ids": "6423", "bus_names": "unknown", "voltages_kv": "380.0", "node_id": 211 }, "geometry": { "type": "Point", "coordinates": [ 8.084564, 60.670488 ] } },
{ "type": "Feature", "properties": { "lat": 60.692679, "lon": 16.931305, "n_buses_at_location": 1, "bus_ids": "6365", "bus_names": "Ängsberg", "voltages_kv": "380.0", "node_id": 212 }, "geometry": { "type": "Point", "coordinates": [ 16.931305, 60.692679 ] } },
{ "type": "Feature", "properties": { "lat": 60.700072, "lon": 17.179871, "n_buses_at_location": 1, "bus_ids": "6340", "bus_names": "Valbo", "voltages_kv": "220.0", "node_id": 213 }, "geometry": { "type": "Point", "coordinates": [ 17.179871, 60.700072 ] } },
{ "type": "Feature", "properties": { "lat": 60.703432, "lon": 4.998779, "n_buses_at_location": 1, "bus_ids": "6493", "bus_names": "unknown", "voltages_kv": "300.0", "node_id": 214 }, "geometry": { "type": "Point", "coordinates": [ 4.998779, 60.703432 ] } },
{ "type": "Feature", "properties": { "lat": 60.737015, "lon": 27.063446, "n_buses_at_location": 1, "bus_ids": "6317", "bus_names": "Kymi", "voltages_kv": "380.0", "node_id": 215 }, "geometry": { "type": "Point", "coordinates": [ 27.063446, 60.737015 ] } },
{ "type": "Feature", "properties": { "lat": 60.798714, "lon": 8.690186, "n_buses_at_location": 1, "bus_ids": "6425", "bus_names": "Heimsil 2", "voltages_kv": "300.0", "node_id": 216 }, "geometry": { "type": "Point", "coordinates": [ 8.690186, 60.798714 ] } },
{ "type": "Feature", "properties": { "lat": 60.816799, "lon": 11.160736, "n_buses_at_location": 1, "bus_ids": "6372", "bus_names": "unknown", "voltages_kv": "300.0", "node_id": 217 }, "geometry": { "type": "Point", "coordinates": [ 11.160736, 60.816799 ] } },
{ "type": "Feature", "properties": { "lat": 60.818808, "lon": 10.604553, "n_buses_at_location": 1, "bus_ids": "6471", "bus_names": "unknown", "voltages_kv": "300.0", "node_id": 218 }, "geometry": { "type": "Point", "coordinates": [ 10.604553, 60.818808 ] } },
{ "type": "Feature", "properties": { "lat": 60.830188, "lon": 23.579407, "n_buses_at_location": 1, "bus_ids": "6307", "bus_names": "Forssa", "voltages_kv": "380.0", "node_id": 219 }, "geometry": { "type": "Point", "coordinates": [ 23.579407, 60.830188 ] } },
{ "type": "Feature", "properties": { "lat": 60.836881, "lon": 5.968323, "n_buses_at_location": 1, "bus_ids": "6413", "bus_names": "Steinsland", "voltages_kv": "300.0", "node_id": 220 }, "geometry": { "type": "Point", "coordinates": [ 5.968323, 60.836881 ] } },
{ "type": "Feature", "properties": { "lat": 60.865644, "lon": 26.621246, "n_buses_at_location": 1, "bus_ids": "6316", "bus_names": "Koria", "voltages_kv": "380.0", "node_id": 221 }, "geometry": { "type": "Point", "coordinates": [ 26.621246, 60.865644 ] } },
{ "type": "Feature", "properties": { "lat": 60.873666, "lon": 8.311157, "n_buses_at_location": 1, "bus_ids": "6424", "bus_names": "Heimsil 1", "voltages_kv": "300.0", "node_id": 222 }, "geometry": { "type": "Point", "coordinates": [ 8.311157, 60.873666 ] } },
{ "type": "Feature", "properties": { "lat": 60.893713, "lon": 27.919006, "n_buses_at_location": 1, "bus_ids": "6318", "bus_names": "Yllikkälä", "voltages_kv": "380.0", "node_id": 223 }, "geometry": { "type": "Point", "coordinates": [ 27.919006, 60.893713 ] } },
{ "type": "Feature", "properties": { "lat": 60.906402, "lon": 24.915619, "n_buses_at_location": 1, "bus_ids": "6308", "bus_names": "Hikiä", "voltages_kv": "380.0", "node_id": 224 }, "geometry": { "type": "Point", "coordinates": [ 24.915619, 60.906402 ] } },
{ "type": "Feature", "properties": { "lat": 60.919755, "lon": 21.895752, "n_buses_at_location": 1, "bus_ids": "6331", "bus_names": "Rauma", "voltages_kv": "380.0", "node_id": 225 }, "geometry": { "type": "Point", "coordinates": [ 21.895752, 60.919755 ] } },
{ "type": "Feature", "properties": { "lat": 60.922424, "lon": 16.637421, "n_buses_at_location": 1, "bus_ids": "6392", "bus_names": "Ockelbo", "voltages_kv": "220.0", "node_id": 226 }, "geometry": { "type": "Point", "coordinates": [ 16.637421, 60.922424 ] } },
{ "type": "Feature", "properties": { "lat": 60.931767, "lon": 7.462463, "n_buses_at_location": 1, "bus_ids": "6409", "bus_names": "Aurland 3", "voltages_kv": "380.0", "node_id": 227 }, "geometry": { "type": "Point", "coordinates": [ 7.462463, 60.931767 ] } },
{ "type": "Feature", "properties": { "lat": 60.950443, "lon": 7.216644, "n_buses_at_location": 2, "bus_ids": "6410; 6411", "bus_names": "Aurland 1; Aurland 1", "voltages_kv": "300.0; 380.0", "node_id": 228 }, "geometry": { "type": "Point", "coordinates": [ 7.216644, 60.950443 ] } },
{ "type": "Feature", "properties": { "lat": 60.997087, "lon": 7.395172, "n_buses_at_location": 1, "bus_ids": "6408", "bus_names": "Aurland 2", "voltages_kv": "380.0", "node_id": 229 }, "geometry": { "type": "Point", "coordinates": [ 7.395172, 60.997087 ] } },
{ "type": "Feature", "properties": { "lat": 61.043662, "lon": 6.60965, "n_buses_at_location": 1, "bus_ids": "6400", "bus_names": "Refsdal", "voltages_kv": "300.0", "node_id": 230 }, "geometry": { "type": "Point", "coordinates": [ 6.60965, 61.043662 ] } },
{ "type": "Feature", "properties": { "lat": 61.044991, "lon": 7.892303, "n_buses_at_location": 1, "bus_ids": "6412", "bus_names": "Borgund", "voltages_kv": "300.0", "node_id": 231 }, "geometry": { "type": "Point", "coordinates": [ 7.892303, 61.044991 ] } },
{ "type": "Feature", "properties": { "lat": 61.10278, "lon": 6.871948, "n_buses_at_location": 1, "bus_ids": "6487", "bus_names": "Hove", "voltages_kv": "300.0", "node_id": 232 }, "geometry": { "type": "Point", "coordinates": [ 6.871948, 61.10278 ] } },
{ "type": "Feature", "properties": { "lat": 61.125998, "lon": 21.538696, "n_buses_at_location": 1, "bus_ids": "6334", "bus_names": "Olkiluoto", "voltages_kv": "380.0", "node_id": 233 }, "geometry": { "type": "Point", "coordinates": [ 21.538696, 61.125998 ] } },
{ "type": "Feature", "properties": { "lat": 61.172384, "lon": 17.166138, "n_buses_at_location": 1, "bus_ids": "6339", "bus_names": "Söderala", "voltages_kv": "220.0", "node_id": 234 }, "geometry": { "type": "Point", "coordinates": [ 17.166138, 61.172384 ] } },
{ "type": "Feature", "properties": { "lat": 61.177019, "lon": 10.421906, "n_buses_at_location": 1, "bus_ids": "6470", "bus_names": "unknown", "voltages_kv": "300.0", "node_id": 235 }, "geometry": { "type": "Point", "coordinates": [ 10.421906, 61.177019 ] } },
{ "type": "Feature", "properties": { "lat": 61.179005, "lon": 22.822723, "n_buses_at_location": 1, "bus_ids": "6323", "bus_names": "Huittinen", "voltages_kv": "380.0", "node_id": 236 }, "geometry": { "type": "Point", "coordinates": [ 22.822723, 61.179005 ] } },
{ "type": "Feature", "properties": { "lat": 61.206798, "lon": 7.338867, "n_buses_at_location": 3, "bus_ids": "6405; 6406; 6407", "bus_names": "Fardal in Sogn; Fardal in Sogn; Fardal in Sogn", "voltages_kv": "132.0; 300.0; 380.0", "node_id": 237 }, "geometry": { "type": "Point", "coordinates": [ 7.338867, 61.206798 ] } },
{ "type": "Feature", "properties": { "lat": 61.233245, "lon": 6.093292, "n_buses_at_location": 2, "bus_ids": "6398; 6399", "bus_names": "Høyanger; Høyanger", "voltages_kv": "132.0; 300.0", "node_id": 238 }, "geometry": { "type": "Point", "coordinates": [ 6.093292, 61.233245 ] } },
{ "type": "Feature", "properties": { "lat": 61.259009, "lon": 7.293549, "n_buses_at_location": 1, "bus_ids": "7283", "bus_names": "nan", "voltages_kv": "300.0", "node_id": 239 }, "geometry": { "type": "Point", "coordinates": [ 7.293549, 61.259009 ] } },
{ "type": "Feature", "properties": { "lat": 61.292669, "lon": 7.439117, "n_buses_at_location": 1, "bus_ids": "6401", "bus_names": "Årøy", "voltages_kv": "300.0", "node_id": 240 }, "geometry": { "type": "Point", "coordinates": [ 7.439117, 61.292669 ] } },
{ "type": "Feature", "properties": { "lat": 61.338151, "lon": 24.403381, "n_buses_at_location": 1, "bus_ids": "6328", "bus_names": "Lavianvuori", "voltages_kv": "380.0", "node_id": 241 }, "geometry": { "type": "Point", "coordinates": [ 24.403381, 61.338151 ] } },
{ "type": "Feature", "properties": { "lat": 61.407894, "lon": 16.44928, "n_buses_at_location": 1, "bus_ids": "6391", "bus_names": "Dönje", "voltages_kv": "220.0", "node_id": 242 }, "geometry": { "type": "Point", "coordinates": [ 16.44928, 61.407894 ] } },
{ "type": "Feature", "properties": { "lat": 61.447302, "lon": 7.436371, "n_buses_at_location": 1, "bus_ids": "6403", "bus_names": "Leirdøla", "voltages_kv": "300.0", "node_id": 243 }, "geometry": { "type": "Point", "coordinates": [ 7.436371, 61.447302 ] } },
{ "type": "Feature", "properties": { "lat": 61.473546, "lon": 9.341125, "n_buses_at_location": 1, "bus_ids": "6472", "bus_names": "Øvre Vinstra", "voltages_kv": "300.0", "node_id": 244 }, "geometry": { "type": "Point", "coordinates": [ 9.341125, 61.473546 ] } },
{ "type": "Feature", "properties": { "lat": 61.482071, "lon": 22.105865, "n_buses_at_location": 1, "bus_ids": "6329", "bus_names": "Ulvila", "voltages_kv": "380.0", "node_id": 245 }, "geometry": { "type": "Point", "coordinates": [ 22.105865, 61.482071 ] } },
{ "type": "Feature", "properties": { "lat": 61.489282, "lon": 27.305145, "n_buses_at_location": 1, "bus_ids": "6321", "bus_names": "Visulahti", "voltages_kv": "380.0", "node_id": 246 }, "geometry": { "type": "Point", "coordinates": [ 27.305145, 61.489282 ] } },
{ "type": "Feature", "properties": { "lat": 61.49256, "lon": 5.748596, "n_buses_at_location": 1, "bus_ids": "6478", "bus_names": "unknown", "voltages_kv": "132.0", "node_id": 247 }, "geometry": { "type": "Point", "coordinates": [ 5.748596, 61.49256 ] } },
{ "type": "Feature", "properties": { "lat": 61.516146, "lon": 24.083405, "n_buses_at_location": 1, "bus_ids": "6312", "bus_names": "Kangasala", "voltages_kv": "380.0", "node_id": 248 }, "geometry": { "type": "Point", "coordinates": [ 24.083405, 61.516146 ] } },
{ "type": "Feature", "properties": { "lat": 61.517456, "lon": 7.738495, "n_buses_at_location": 1, "bus_ids": "6402", "bus_names": "Skagen-Fortun", "voltages_kv": "300.0", "node_id": 249 }, "geometry": { "type": "Point", "coordinates": [ 7.738495, 61.517456 ] } },
{ "type": "Feature", "properties": { "lat": 61.525314, "lon": 10.134888, "n_buses_at_location": 1, "bus_ids": "6473", "bus_names": "Harpefossen", "voltages_kv": "300.0", "node_id": 250 }, "geometry": { "type": "Point", "coordinates": [ 10.134888, 61.525314 ] } },
{ "type": "Feature", "properties": { "lat": 61.552147, "lon": 21.660919, "n_buses_at_location": 1, "bus_ids": "6333", "bus_names": "Meri-Pori", "voltages_kv": "380.0", "node_id": 251 }, "geometry": { "type": "Point", "coordinates": [ 21.660919, 61.552147 ] } },
{ "type": "Feature", "properties": { "lat": 61.569805, "lon": 7.410278, "n_buses_at_location": 1, "bus_ids": "6404", "bus_names": "Jostedal", "voltages_kv": "300.0", "node_id": 252 }, "geometry": { "type": "Point", "coordinates": [ 7.410278, 61.569805 ] } },
{ "type": "Feature", "properties": { "lat": 61.582225, "lon": 9.821777, "n_buses_at_location": 1, "bus_ids": "6474", "bus_names": "Nedre Vinstra", "voltages_kv": "300.0", "node_id": 253 }, "geometry": { "type": "Point", "coordinates": [ 9.821777, 61.582225 ] } },
{ "type": "Feature", "properties": { "lat": 61.732826, "lon": 5.218506, "n_buses_at_location": 1, "bus_ids": "6618", "bus_names": "Åskara", "voltages_kv": "132.0", "node_id": 254 }, "geometry": { "type": "Point", "coordinates": [ 5.218506, 61.732826 ] } },
{ "type": "Feature", "properties": { "lat": 61.771824, "lon": 16.316071, "n_buses_at_location": 1, "bus_ids": "6593", "bus_names": "Ljusdal", "voltages_kv": "220.0", "node_id": 255 }, "geometry": { "type": "Point", "coordinates": [ 16.316071, 61.771824 ] } },
{ "type": "Feature", "properties": { "lat": 61.837358, "lon": 11.12915, "n_buses_at_location": 2, "bus_ids": "6561; 6562", "bus_names": "Rendalen; Rendalen", "voltages_kv": "132.0; 300.0", "node_id": 256 }, "geometry": { "type": "Point", "coordinates": [ 11.12915, 61.837358 ] } },
{ "type": "Feature", "properties": { "lat": 61.855501, "lon": 25.158691, "n_buses_at_location": 1, "bus_ids": "6528", "bus_names": "Toivila", "voltages_kv": "380.0", "node_id": 257 }, "geometry": { "type": "Point", "coordinates": [ 25.158691, 61.855501 ] } },
{ "type": "Feature", "properties": { "lat": 61.880107, "lon": 25.252075, "n_buses_at_location": 1, "bus_ids": "6527", "bus_names": "Jämsä", "voltages_kv": "220.0", "node_id": 258 }, "geometry": { "type": "Point", "coordinates": [ 25.252075, 61.880107 ] } },
{ "type": "Feature", "properties": { "lat": 61.88399, "lon": 15.843658, "n_buses_at_location": 1, "bus_ids": "6592", "bus_names": "Laforsen", "voltages_kv": "220.0", "node_id": 259 }, "geometry": { "type": "Point", "coordinates": [ 15.843658, 61.88399 ] } },
{ "type": "Feature", "properties": { "lat": 61.885931, "lon": 9.063721, "n_buses_at_location": 1, "bus_ids": "6610", "bus_names": "unknown", "voltages_kv": "300.0", "node_id": 260 }, "geometry": { "type": "Point", "coordinates": [ 9.063721, 61.885931 ] } },
{ "type": "Feature", "properties": { "lat": 62.071739, "lon": 14.16687, "n_buses_at_location": 1, "bus_ids": "6587", "bus_names": "Sveg", "voltages_kv": "220.0", "node_id": 261 }, "geometry": { "type": "Point", "coordinates": [ 14.16687, 62.071739 ] } },
{ "type": "Feature", "properties": { "lat": 62.141768, "lon": 13.973236, "n_buses_at_location": 1, "bus_ids": "6598", "bus_names": "Nordiåsen", "voltages_kv": "220.0", "node_id": 262 }, "geometry": { "type": "Point", "coordinates": [ 13.973236, 62.141768 ] } },
{ "type": "Feature", "properties": { "lat": 62.184091, "lon": 21.604614, "n_buses_at_location": 1, "bus_ids": "6557", "bus_names": "Kristinestad", "voltages_kv": "380.0", "node_id": 263 }, "geometry": { "type": "Point", "coordinates": [ 21.604614, 62.184091 ] } },
{ "type": "Feature", "properties": { "lat": 62.261532, "lon": 25.180664, "n_buses_at_location": 1, "bus_ids": "6526", "bus_names": "Petäjävesi", "voltages_kv": "220.0", "node_id": 264 }, "geometry": { "type": "Point", "coordinates": [ 25.180664, 62.261532 ] } },
{ "type": "Feature", "properties": { "lat": 62.262171, "lon": 27.766571, "n_buses_at_location": 1, "bus_ids": "6525", "bus_names": "Huutokoski", "voltages_kv": "380.0", "node_id": 265 }, "geometry": { "type": "Point", "coordinates": [ 27.766571, 62.262171 ] } },
{ "type": "Feature", "properties": { "lat": 62.340686, "lon": 26.032104, "n_buses_at_location": 1, "bus_ids": "6524", "bus_names": "Vihtavuori", "voltages_kv": "380.0", "node_id": 266 }, "geometry": { "type": "Point", "coordinates": [ 26.032104, 62.340686 ] } },
{ "type": "Feature", "properties": { "lat": 62.352158, "lon": 17.362518, "n_buses_at_location": 1, "bus_ids": "6555", "bus_names": "Vaple", "voltages_kv": "220.0", "node_id": 267 }, "geometry": { "type": "Point", "coordinates": [ 17.362518, 62.352158 ] } },
{ "type": "Feature", "properties": { "lat": 62.398006, "lon": 16.333923, "n_buses_at_location": 1, "bus_ids": "8006", "bus_names": "nan", "voltages_kv": "220.0", "node_id": 268 }, "geometry": { "type": "Point", "coordinates": [ 16.333923, 62.398006 ] } },
{ "type": "Feature", "properties": { "lat": 62.413273, "lon": 15.005951, "n_buses_at_location": 1, "bus_ids": "6588", "bus_names": "Turinge", "voltages_kv": "220.0", "node_id": 269 }, "geometry": { "type": "Point", "coordinates": [ 15.005951, 62.413273 ] } },
{ "type": "Feature", "properties": { "lat": 62.438065, "lon": 16.993103, "n_buses_at_location": 1, "bus_ids": "6551", "bus_names": "Hällsjö", "voltages_kv": "220.0", "node_id": 270 }, "geometry": { "type": "Point", "coordinates": [ 16.993103, 62.438065 ] } },
{ "type": "Feature", "properties": { "lat": 62.441242, "lon": 15.544281, "n_buses_at_location": 1, "bus_ids": "6589", "bus_names": "Järnvägsforsen", "voltages_kv": "220.0", "node_id": 271 }, "geometry": { "type": "Point", "coordinates": [ 15.544281, 62.441242 ] } },
{ "type": "Feature", "properties": { "lat": 62.460297, "lon": 17.468262, "n_buses_at_location": 1, "bus_ids": "6554", "bus_names": "Bandsjö", "voltages_kv": "380.0", "node_id": 272 }, "geometry": { "type": "Point", "coordinates": [ 17.468262, 62.460297 ] } },
{ "type": "Feature", "properties": { "lat": 62.47807, "lon": 7.033997, "n_buses_at_location": 2, "bus_ids": "6606; 6607", "bus_names": "Ålesund; Ålesund", "voltages_kv": "132.0; 380.0", "node_id": 273 }, "geometry": { "type": "Point", "coordinates": [ 7.033997, 62.47807 ] } },
{ "type": "Feature", "properties": { "lat": 62.499004, "lon": 16.329803, "n_buses_at_location": 1, "bus_ids": "6591", "bus_names": "Torpshammar", "voltages_kv": "220.0", "node_id": 274 }, "geometry": { "type": "Point", "coordinates": [ 16.329803, 62.499004 ] } },
{ "type": "Feature", "properties": { "lat": 62.516121, "lon": 14.515686, "n_buses_at_location": 2, "bus_ids": "6584; 6585", "bus_names": "Rätan; Rätan", "voltages_kv": "220.0; 380.0", "node_id": 275 }, "geometry": { "type": "Point", "coordinates": [ 14.515686, 62.516121 ] } },
{ "type": "Feature", "properties": { "lat": 62.517388, "lon": 16.074371, "n_buses_at_location": 1, "bus_ids": "6590", "bus_names": "Ånge", "voltages_kv": "220.0", "node_id": 276 }, "geometry": { "type": "Point", "coordinates": [ 16.074371, 62.517388 ] } },
{ "type": "Feature", "properties": { "lat": 62.526259, "lon": 7.7948, "n_buses_at_location": 1, "bus_ids": "6617", "bus_names": "Grytten", "voltages_kv": "380.0", "node_id": 277 }, "geometry": { "type": "Point", "coordinates": [ 7.7948, 62.526259 ] } },
{ "type": "Feature", "properties": { "lat": 62.533228, "lon": 14.734039, "n_buses_at_location": 1, "bus_ids": "6586", "bus_names": "Rätan", "voltages_kv": "380.0", "node_id": 278 }, "geometry": { "type": "Point", "coordinates": [ 14.734039, 62.533228 ] } },
{ "type": "Feature", "properties": { "lat": 62.540828, "lon": 17.024689, "n_buses_at_location": 1, "bus_ids": "6550", "bus_names": "Nysäter", "voltages_kv": "380.0", "node_id": 279 }, "geometry": { "type": "Point", "coordinates": [ 17.024689, 62.540828 ] } },
{ "type": "Feature", "properties": { "lat": 62.571841, "lon": 12.590332, "n_buses_at_location": 1, "bus_ids": "6563", "bus_names": "Långå", "voltages_kv": "220.0", "node_id": 280 }, "geometry": { "type": "Point", "coordinates": [ 12.590332, 62.571841 ] } },
{ "type": "Feature", "properties": { "lat": 62.628719, "lon": 10.266724, "n_buses_at_location": 1, "bus_ids": "6611", "bus_names": "Ulset", "voltages_kv": "132.0", "node_id": 281 }, "geometry": { "type": "Point", "coordinates": [ 10.266724, 62.628719 ] } },
{ "type": "Feature", "properties": { "lat": 62.679816, "lon": 8.480072, "n_buses_at_location": 2, "bus_ids": "6608; 6609", "bus_names": "Aura; Aura", "voltages_kv": "300.0; 380.0", "node_id": 282 }, "geometry": { "type": "Point", "coordinates": [ 8.480072, 62.679816 ] } },
{ "type": "Feature", "properties": { "lat": 62.681707, "lon": 10.122528, "n_buses_at_location": 1, "bus_ids": "6612", "bus_names": "Litjfossen", "voltages_kv": "132.0", "node_id": 283 }, "geometry": { "type": "Point", "coordinates": [ 10.122528, 62.681707 ] } },
{ "type": "Feature", "properties": { "lat": 62.710685, "lon": 16.792603, "n_buses_at_location": 1, "bus_ids": "7666", "bus_names": "nan", "voltages_kv": "220.0", "node_id": 284 }, "geometry": { "type": "Point", "coordinates": [ 16.792603, 62.710685 ] } },
{ "type": "Feature", "properties": { "lat": 62.735859, "lon": 13.903198, "n_buses_at_location": 1, "bus_ids": "6583", "bus_names": "Trångfors", "voltages_kv": "220.0", "node_id": 285 }, "geometry": { "type": "Point", "coordinates": [ 13.903198, 62.735859 ] } },
{ "type": "Feature", "properties": { "lat": 62.757869, "lon": 16.88324, "n_buses_at_location": 1, "bus_ids": "6553", "bus_names": "Järkvissle", "voltages_kv": "220.0", "node_id": 286 }, "geometry": { "type": "Point", "coordinates": [ 16.88324, 62.757869 ] } },
{ "type": "Feature", "properties": { "lat": 62.764783, "lon": 9.930267, "n_buses_at_location": 1, "bus_ids": "6613", "bus_names": "Brattset", "voltages_kv": "132.0", "node_id": 287 }, "geometry": { "type": "Point", "coordinates": [ 9.930267, 62.764783 ] } },
{ "type": "Feature", "properties": { "lat": 62.789912, "lon": 22.633209, "n_buses_at_location": 2, "bus_ids": "6522; 6523", "bus_names": "Seinäjoki; Seinäjoki", "voltages_kv": "220.0; 380.0", "node_id": 288 }, "geometry": { "type": "Point", "coordinates": [ 22.633209, 62.789912 ] } },
{ "type": "Feature", "properties": { "lat": 62.820038, "lon": 16.294098, "n_buses_at_location": 1, "bus_ids": "6597", "bus_names": "Mörttjärnberget", "voltages_kv": "220.0", "node_id": 289 }, "geometry": { "type": "Point", "coordinates": [ 16.294098, 62.820038 ] } },
{ "type": "Feature", "properties": { "lat": 62.833835, "lon": 16.160889, "n_buses_at_location": 1, "bus_ids": "6596", "bus_names": "Bräcke", "voltages_kv": "220.0", "node_id": 290 }, "geometry": { "type": "Point", "coordinates": [ 16.160889, 62.833835 ] } },
{ "type": "Feature", "properties": { "lat": 62.882075, "lon": 16.717072, "n_buses_at_location": 1, "bus_ids": "6552", "bus_names": "Hölleforsen", "voltages_kv": "220.0", "node_id": 291 }, "geometry": { "type": "Point", "coordinates": [ 16.717072, 62.882075 ] } },
{ "type": "Feature", "properties": { "lat": 62.976446, "lon": 24.285278, "n_buses_at_location": 2, "bus_ids": "6520; 6521", "bus_names": "Alajärvi; Alajärvi", "voltages_kv": "220.0; 380.0", "node_id": 292 }, "geometry": { "type": "Point", "coordinates": [ 24.285278, 62.976446 ] } },
{ "type": "Feature", "properties": { "lat": 62.992664, "lon": 16.682739, "n_buses_at_location": 1, "bus_ids": "6574", "bus_names": "Stadsforsen", "voltages_kv": "220.0", "node_id": 293 }, "geometry": { "type": "Point", "coordinates": [ 16.682739, 62.992664 ] } },
{ "type": "Feature", "properties": { "lat": 63.030057, "lon": 21.902618, "n_buses_at_location": 1, "bus_ids": "6533", "bus_names": "Tuovila", "voltages_kv": "380.0", "node_id": 294 }, "geometry": { "type": "Point", "coordinates": [ 21.902618, 63.030057 ] } },
{ "type": "Feature", "properties": { "lat": 63.035662, "lon": 11.727905, "n_buses_at_location": 1, "bus_ids": "6816", "bus_names": "Nea", "voltages_kv": "380.0", "node_id": 295 }, "geometry": { "type": "Point", "coordinates": [ 11.727905, 63.035662 ] } },
{ "type": "Feature", "properties": { "lat": 63.058071, "lon": 9.602051, "n_buses_at_location": 1, "bus_ids": "6605", "bus_names": "Grana", "voltages_kv": "132.0", "node_id": 296 }, "geometry": { "type": "Point", "coordinates": [ 9.602051, 63.058071 ] } },
{ "type": "Feature", "properties": { "lat": 63.064292, "lon": 16.280365, "n_buses_at_location": 1, "bus_ids": "7860", "bus_names": "nan", "voltages_kv": "220.0", "node_id": 297 }, "geometry": { "type": "Point", "coordinates": [ 16.280365, 63.064292 ] } },
{ "type": "Feature", "properties": { "lat": 63.093516, "lon": 16.11145, "n_buses_at_location": 1, "bus_ids": "6579", "bus_names": "Krångede", "voltages_kv": "220.0", "node_id": 298 }, "geometry": { "type": "Point", "coordinates": [ 16.11145, 63.093516 ] } },
{ "type": "Feature", "properties": { "lat": 63.098502635448106, "lon": 16.730635536972599, "n_buses_at_location": 1, "bus_ids": "7490", "bus_names": "nan", "voltages_kv": "220.0", "node_id": 299 }, "geometry": { "type": "Point", "coordinates": [ 16.730635536972599, 63.098502635448106 ] } },
{ "type": "Feature", "properties": { "lat": 63.137606, "lon": 15.490723, "n_buses_at_location": 1, "bus_ids": "6578", "bus_names": "Näverede", "voltages_kv": "220.0", "node_id": 300 }, "geometry": { "type": "Point", "coordinates": [ 15.490723, 63.137606 ] } },
{ "type": "Feature", "properties": { "lat": 63.152495, "lon": 15.746155, "n_buses_at_location": 1, "bus_ids": "7972", "bus_names": "nan", "voltages_kv": "220.0", "node_id": 301 }, "geometry": { "type": "Point", "coordinates": [ 15.746155, 63.152495 ] } },
{ "type": "Feature", "properties": { "lat": 63.154975, "lon": 27.585297, "n_buses_at_location": 1, "bus_ids": "6519", "bus_names": "Alapitkä", "voltages_kv": "380.0", "node_id": 302 }, "geometry": { "type": "Point", "coordinates": [ 27.585297, 63.154975 ] } },
{ "type": "Feature", "properties": { "lat": 63.164276, "lon": 16.876373, "n_buses_at_location": 1, "bus_ids": "6556", "bus_names": "Forsse", "voltages_kv": "220.0", "node_id": 303 }, "geometry": { "type": "Point", "coordinates": [ 16.876373, 63.164276 ] } },
{ "type": "Feature", "properties": { "lat": 63.173574, "lon": 16.401215, "n_buses_at_location": 1, "bus_ids": "6577", "bus_names": "Svarthålsforsen", "voltages_kv": "220.0", "node_id": 304 }, "geometry": { "type": "Point", "coordinates": [ 16.401215, 63.173574 ] } },
{ "type": "Feature", "properties": { "lat": 63.179771, "lon": 16.166382, "n_buses_at_location": 1, "bus_ids": "6576", "bus_names": "Gammalänge", "voltages_kv": "220.0", "node_id": 305 }, "geometry": { "type": "Point", "coordinates": [ 16.166382, 63.179771 ] } },
{ "type": "Feature", "properties": { "lat": 63.184727, "lon": 17.167511, "n_buses_at_location": 1, "bus_ids": "6549", "bus_names": "Hjälta", "voltages_kv": "380.0", "node_id": 306 }, "geometry": { "type": "Point", "coordinates": [ 17.167511, 63.184727 ] } },
{ "type": "Feature", "properties": { "lat": 63.19216, "lon": 15.493469, "n_buses_at_location": 1, "bus_ids": "7982", "bus_names": "nan", "voltages_kv": "220.0", "node_id": 307 }, "geometry": { "type": "Point", "coordinates": [ 15.493469, 63.19216 ] } },
{ "type": "Feature", "properties": { "lat": 63.23239, "lon": 13.587341, "n_buses_at_location": 1, "bus_ids": "6572", "bus_names": "Sällsjö", "voltages_kv": "220.0", "node_id": 308 }, "geometry": { "type": "Point", "coordinates": [ 13.587341, 63.23239 ] } },
{ "type": "Feature", "properties": { "lat": 63.237956, "lon": 15.206451, "n_buses_at_location": 2, "bus_ids": "6581; 6582", "bus_names": "Midskog; Midskog", "voltages_kv": "220.0; 380.0", "node_id": 309 }, "geometry": { "type": "Point", "coordinates": [ 15.206451, 63.237956 ] } },
{ "type": "Feature", "properties": { "lat": 63.249085, "lon": 15.805206, "n_buses_at_location": 1, "bus_ids": "6575", "bus_names": "Stugun", "voltages_kv": "220.0", "node_id": 310 }, "geometry": { "type": "Point", "coordinates": [ 15.805206, 63.249085 ] } },
{ "type": "Feature", "properties": { "lat": 63.255266, "lon": 14.736786, "n_buses_at_location": 1, "bus_ids": "8014", "bus_names": "nan", "voltages_kv": "220.0", "node_id": 311 }, "geometry": { "type": "Point", "coordinates": [ 14.736786, 63.255266 ] } },
{ "type": "Feature", "properties": { "lat": 63.257738, "lon": 17.082367, "n_buses_at_location": 1, "bus_ids": "6548", "bus_names": "Hjälta", "voltages_kv": "220.0", "node_id": 312 }, "geometry": { "type": "Point", "coordinates": [ 17.082367, 63.257738 ] } },
{ "type": "Feature", "properties": { "lat": 63.271947, "lon": 9.933014, "n_buses_at_location": 2, "bus_ids": "6603; 6604", "bus_names": "Trondheim; Trondheim", "voltages_kv": "132.0; 300.0", "node_id": 313 }, "geometry": { "type": "Point", "coordinates": [ 9.933014, 63.271947 ] } },
{ "type": "Feature", "properties": { "lat": 63.276888, "lon": 10.457611, "n_buses_at_location": 2, "bus_ids": "6601; 6602", "bus_names": "unknown; unknown", "voltages_kv": "300.0; 380.0", "node_id": 314 }, "geometry": { "type": "Point", "coordinates": [ 10.457611, 63.276888 ] } },
{ "type": "Feature", "properties": { "lat": 63.312066, "lon": 13.639526, "n_buses_at_location": 1, "bus_ids": "6571", "bus_names": "Mörsil", "voltages_kv": "220.0", "node_id": 315 }, "geometry": { "type": "Point", "coordinates": [ 13.639526, 63.312066 ] } },
{ "type": "Feature", "properties": { "lat": 63.342889, "lon": 17.230682, "n_buses_at_location": 1, "bus_ids": "6547", "bus_names": "Forsmo", "voltages_kv": "220.0", "node_id": 316 }, "geometry": { "type": "Point", "coordinates": [ 17.230682, 63.342889 ] } },
{ "type": "Feature", "properties": { "lat": 63.348433, "lon": 14.788971, "n_buses_at_location": 1, "bus_ids": "6580", "bus_names": "Kattstrupeforsen", "voltages_kv": "220.0", "node_id": 317 }, "geometry": { "type": "Point", "coordinates": [ 14.788971, 63.348433 ] } },
{ "type": "Feature", "properties": { "lat": 63.361367, "lon": 12.568359, "n_buses_at_location": 1, "bus_ids": "6595", "bus_names": "Högåsen", "voltages_kv": "380.0", "node_id": 318 }, "geometry": { "type": "Point", "coordinates": [ 12.568359, 63.361367 ] } },
{ "type": "Feature", "properties": { "lat": 63.368755, "lon": 13.458252, "n_buses_at_location": 2, "bus_ids": "6569; 6570", "bus_names": "Järpströmmen; Järpströmmen", "voltages_kv": "220.0; 380.0", "node_id": 319 }, "geometry": { "type": "Point", "coordinates": [ 13.458252, 63.368755 ] } },
{ "type": "Feature", "properties": { "lat": 63.372448, "lon": 16.98761, "n_buses_at_location": 1, "bus_ids": "7751", "bus_names": "nan", "voltages_kv": "220.0", "node_id": 320 }, "geometry": { "type": "Point", "coordinates": [ 16.98761, 63.372448 ] } },
{ "type": "Feature", "properties": { "lat": 63.401361, "lon": 10.439758, "n_buses_at_location": 1, "bus_ids": "6600", "bus_names": "unknown", "voltages_kv": "300.0", "node_id": 321 }, "geometry": { "type": "Point", "coordinates": [ 10.439758, 63.401361 ] } },
{ "type": "Feature", "properties": { "lat": 63.401361, "lon": 18.242798, "n_buses_at_location": 1, "bus_ids": "6535", "bus_names": "Moliden", "voltages_kv": "380.0", "node_id": 322 }, "geometry": { "type": "Point", "coordinates": [ 18.242798, 63.401361 ] } },
{ "type": "Feature", "properties": { "lat": 63.413656, "lon": 17.122192, "n_buses_at_location": 1, "bus_ids": "6546", "bus_names": "Moforsen", "voltages_kv": "220.0", "node_id": 323 }, "geometry": { "type": "Point", "coordinates": [ 17.122192, 63.413656 ] } },
{ "type": "Feature", "properties": { "lat": 63.433317, "lon": 16.910706, "n_buses_at_location": 1, "bus_ids": "8021", "bus_names": "nan", "voltages_kv": "220.0", "node_id": 324 }, "geometry": { "type": "Point", "coordinates": [ 16.910706, 63.433317 ] } },
{ "type": "Feature", "properties": { "lat": 63.45726, "lon": 11.017914, "n_buses_at_location": 1, "bus_ids": "6599", "bus_names": "unknown", "voltages_kv": "300.0", "node_id": 325 }, "geometry": { "type": "Point", "coordinates": [ 11.017914, 63.45726 ] } },
{ "type": "Feature", "properties": { "lat": 63.48241, "lon": 17.043915, "n_buses_at_location": 1, "bus_ids": "6545", "bus_names": "Nämforsen", "voltages_kv": "220.0", "node_id": 326 }, "geometry": { "type": "Point", "coordinates": [ 17.043915, 63.48241 ] } },
{ "type": "Feature", "properties": { "lat": 63.486702, "lon": 16.663513, "n_buses_at_location": 1, "bus_ids": "6573", "bus_names": "Kilforsen", "voltages_kv": "380.0", "node_id": 327 }, "geometry": { "type": "Point", "coordinates": [ 16.663513, 63.486702 ] } },
{ "type": "Feature", "properties": { "lat": 63.524685, "lon": 16.254272, "n_buses_at_location": 1, "bus_ids": "6568", "bus_names": "Ramsele", "voltages_kv": "380.0", "node_id": 328 }, "geometry": { "type": "Point", "coordinates": [ 16.254272, 63.524685 ] } },
{ "type": "Feature", "properties": { "lat": 63.549164, "lon": 16.923065, "n_buses_at_location": 2, "bus_ids": "6543; 6544", "bus_names": "Betåsen; Betåsen", "voltages_kv": "220.0; 380.0", "node_id": 329 }, "geometry": { "type": "Point", "coordinates": [ 16.923065, 63.549164 ] } },
{ "type": "Feature", "properties": { "lat": 63.555892, "lon": 13.657379, "n_buses_at_location": 1, "bus_ids": "7868", "bus_names": "nan", "voltages_kv": "220.0", "node_id": 330 }, "geometry": { "type": "Point", "coordinates": [ 13.657379, 63.555892 ] } },
{ "type": "Feature", "properties": { "lat": 63.577288, "lon": 16.756897, "n_buses_at_location": 1, "bus_ids": "6542", "bus_names": "Lasele", "voltages_kv": "220.0", "node_id": 331 }, "geometry": { "type": "Point", "coordinates": [ 16.756897, 63.577288 ] } },
{ "type": "Feature", "properties": { "lat": 63.582177, "lon": 15.846405, "n_buses_at_location": 1, "bus_ids": "6567", "bus_names": "Storfinnforsen", "voltages_kv": "380.0", "node_id": 332 }, "geometry": { "type": "Point", "coordinates": [ 15.846405, 63.582177 ] } },
{ "type": "Feature", "properties": { "lat": 63.646259, "lon": 16.791229, "n_buses_at_location": 2, "bus_ids": "6540; 6541", "bus_names": "Långbjörn; Långbjörn", "voltages_kv": "220.0; 380.0", "node_id": 333 }, "geometry": { "type": "Point", "coordinates": [ 16.791229, 63.646259 ] } },
{ "type": "Feature", "properties": { "lat": 63.713238, "lon": 13.811188, "n_buses_at_location": 1, "bus_ids": "7921", "bus_names": "nan", "voltages_kv": "220.0", "node_id": 334 }, "geometry": { "type": "Point", "coordinates": [ 13.811188, 63.713238 ] } },
{ "type": "Feature", "properties": { "lat": 63.713846, "lon": 16.894226, "n_buses_at_location": 1, "bus_ids": "7820", "bus_names": "nan", "voltages_kv": "220.0", "node_id": 335 }, "geometry": { "type": "Point", "coordinates": [ 16.894226, 63.713846 ] } },
{ "type": "Feature", "properties": { "lat": 63.737555, "lon": 17.041168, "n_buses_at_location": 1, "bus_ids": "6539", "bus_names": "Degerforsen", "voltages_kv": "220.0", "node_id": 336 }, "geometry": { "type": "Point", "coordinates": [ 17.041168, 63.737555 ] } },
{ "type": "Feature", "properties": { "lat": 63.752742, "lon": 13.065491, "n_buses_at_location": 1, "bus_ids": "6566", "bus_names": "Juveln", "voltages_kv": "220.0", "node_id": 337 }, "geometry": { "type": "Point", "coordinates": [ 13.065491, 63.752742 ] } },
{ "type": "Feature", "properties": { "lat": 63.755779, "lon": 13.493958, "n_buses_at_location": 1, "bus_ids": "6565", "bus_names": "Olden", "voltages_kv": "220.0", "node_id": 338 }, "geometry": { "type": "Point", "coordinates": [ 13.493958, 63.755779 ] } },
{ "type": "Feature", "properties": { "lat": 63.779452, "lon": 11.472473, "n_buses_at_location": 1, "bus_ids": "6560", "bus_names": "unknown", "voltages_kv": "300.0", "node_id": 339 }, "geometry": { "type": "Point", "coordinates": [ 11.472473, 63.779452 ] } },
{ "type": "Feature", "properties": { "lat": 63.797043, "lon": 23.047943, "n_buses_at_location": 1, "bus_ids": "6532", "bus_names": "Hirvisuo", "voltages_kv": "380.0", "node_id": 340 }, "geometry": { "type": "Point", "coordinates": [ 23.047943, 63.797043 ] } },
{ "type": "Feature", "properties": { "lat": 63.842485, "lon": 23.1427, "n_buses_at_location": 2, "bus_ids": "6529; 6530", "bus_names": "Ventusneva; Ventusneva", "voltages_kv": "220.0; 380.0", "node_id": 341 }, "geometry": { "type": "Point", "coordinates": [ 23.1427, 63.842485 ] } },
{ "type": "Feature", "properties": { "lat": 63.845512, "lon": 17.156525, "n_buses_at_location": 1, "bus_ids": "6538", "bus_names": "Gulsele", "voltages_kv": "220.0", "node_id": 342 }, "geometry": { "type": "Point", "coordinates": [ 17.156525, 63.845512 ] } },
{ "type": "Feature", "properties": { "lat": 63.896314, "lon": 20.047302, "n_buses_at_location": 1, "bus_ids": "6534", "bus_names": "Stornorrfors", "voltages_kv": "380.0", "node_id": 343 }, "geometry": { "type": "Point", "coordinates": [ 20.047302, 63.896314 ] } },
{ "type": "Feature", "properties": { "lat": 63.922284, "lon": 17.168884, "n_buses_at_location": 1, "bus_ids": "6537", "bus_names": "Hällby", "voltages_kv": "220.0", "node_id": 344 }, "geometry": { "type": "Point", "coordinates": [ 17.168884, 63.922284 ] } },
{ "type": "Feature", "properties": { "lat": 63.942802, "lon": 13.769989, "n_buses_at_location": 1, "bus_ids": "6564", "bus_names": "Stensjön", "voltages_kv": "220.0", "node_id": 345 }, "geometry": { "type": "Point", "coordinates": [ 13.769989, 63.942802 ] } },
{ "type": "Feature", "properties": { "lat": 63.979576, "lon": 11.477966, "n_buses_at_location": 1, "bus_ids": "6559", "bus_names": "unknown", "voltages_kv": "300.0", "node_id": 346 }, "geometry": { "type": "Point", "coordinates": [ 11.477966, 63.979576 ] } },
{ "type": "Feature", "properties": { "lat": 63.994031, "lon": 16.962891, "n_buses_at_location": 1, "bus_ids": "6558", "bus_names": "Trattberget", "voltages_kv": "220.0", "node_id": 347 }, "geometry": { "type": "Point", "coordinates": [ 16.962891, 63.994031 ] } },
{ "type": "Feature", "properties": { "lat": 64.001858, "lon": 15.619812, "n_buses_at_location": 1, "bus_ids": "6594", "bus_names": "Havsnäs", "voltages_kv": "220.0", "node_id": 348 }, "geometry": { "type": "Point", "coordinates": [ 15.619812, 64.001858 ] } },
{ "type": "Feature", "properties": { "lat": 64.008479, "lon": 24.965057, "n_buses_at_location": 1, "bus_ids": "6531", "bus_names": "Uusnivala", "voltages_kv": "380.0", "node_id": 349 }, "geometry": { "type": "Point", "coordinates": [ 24.965057, 64.008479 ] } },
{ "type": "Feature", "properties": { "lat": 64.045767, "lon": 25.333099, "n_buses_at_location": 1, "bus_ids": "6517", "bus_names": "Haapavesi", "voltages_kv": "220.0", "node_id": 350 }, "geometry": { "type": "Point", "coordinates": [ 25.333099, 64.045767 ] } },
{ "type": "Feature", "properties": { "lat": 64.064393, "lon": 15.674744, "n_buses_at_location": 1, "bus_ids": "7932", "bus_names": "nan", "voltages_kv": "220.0", "node_id": 351 }, "geometry": { "type": "Point", "coordinates": [ 15.674744, 64.064393 ] } },
{ "type": "Feature", "properties": { "lat": 64.101606, "lon": 27.204895, "n_buses_at_location": 1, "bus_ids": "6518", "bus_names": "Vuolijoki", "voltages_kv": "380.0", "node_id": 352 }, "geometry": { "type": "Point", "coordinates": [ 27.204895, 64.101606 ] } },
{ "type": "Feature", "properties": { "lat": 64.154341, "lon": 17.271881, "n_buses_at_location": 1, "bus_ids": "7758", "bus_names": "nan", "voltages_kv": "220.0", "node_id": 353 }, "geometry": { "type": "Point", "coordinates": [ 17.271881, 64.154341 ] } },
{ "type": "Feature", "properties": { "lat": 64.183063, "lon": 17.449036, "n_buses_at_location": 1, "bus_ids": "6536", "bus_names": "Åsele", "voltages_kv": "220.0", "node_id": 354 }, "geometry": { "type": "Point", "coordinates": [ 17.449036, 64.183063 ] } },
{ "type": "Feature", "properties": { "lat": 64.26428, "lon": 17.310333, "n_buses_at_location": 1, "bus_ids": "6675", "bus_names": "Stenkullafors", "voltages_kv": "220.0", "node_id": 355 }, "geometry": { "type": "Point", "coordinates": [ 17.310333, 64.26428 ] } },
{ "type": "Feature", "properties": { "lat": 64.308372, "lon": 14.859009, "n_buses_at_location": 1, "bus_ids": "7966", "bus_names": "nan", "voltages_kv": "220.0", "node_id": 356 }, "geometry": { "type": "Point", "coordinates": [ 14.859009, 64.308372 ] } },
{ "type": "Feature", "properties": { "lat": 64.35061, "lon": 14.959259, "n_buses_at_location": 1, "bus_ids": "6691", "bus_names": "Bågede", "voltages_kv": "220.0", "node_id": 357 }, "geometry": { "type": "Point", "coordinates": [ 14.959259, 64.35061 ] } },
{ "type": "Feature", "properties": { "lat": 64.423037, "lon": 24.517365, "n_buses_at_location": 1, "bus_ids": "6665", "bus_names": "Jylkkä", "voltages_kv": "380.0", "node_id": 358 }, "geometry": { "type": "Point", "coordinates": [ 24.517365, 64.423037 ] } },
{ "type": "Feature", "properties": { "lat": 64.440225, "lon": 19.029694, "n_buses_at_location": 1, "bus_ids": "6674", "bus_names": "Tuggen", "voltages_kv": "380.0", "node_id": 359 }, "geometry": { "type": "Point", "coordinates": [ 19.029694, 64.440225 ] } },
{ "type": "Feature", "properties": { "lat": 64.453849, "lon": 11.620789, "n_buses_at_location": 1, "bus_ids": "6682", "bus_names": "unknown", "voltages_kv": "300.0", "node_id": 360 }, "geometry": { "type": "Point", "coordinates": [ 11.620789, 64.453849 ] } },
{ "type": "Feature", "properties": { "lat": 64.486402, "lon": 14.180603, "n_buses_at_location": 1, "bus_ids": "6690", "bus_names": "Gäddede", "voltages_kv": "220.0", "node_id": 361 }, "geometry": { "type": "Point", "coordinates": [ 14.180603, 64.486402 ] } },
{ "type": "Feature", "properties": { "lat": 64.529548, "lon": 15.622559, "n_buses_at_location": 1, "bus_ids": "7701", "bus_names": "nan", "voltages_kv": "220.0", "node_id": 362 }, "geometry": { "type": "Point", "coordinates": [ 15.622559, 64.529548 ] } },
{ "type": "Feature", "properties": { "lat": 64.536044, "lon": 14.381104, "n_buses_at_location": 1, "bus_ids": "7714", "bus_names": "nan", "voltages_kv": "220.0", "node_id": 363 }, "geometry": { "type": "Point", "coordinates": [ 14.381104, 64.536044 ] } },
{ "type": "Feature", "properties": { "lat": 64.54962, "lon": 15.450897, "n_buses_at_location": 1, "bus_ids": "6688", "bus_names": "Korsselbränna", "voltages_kv": "220.0", "node_id": 364 }, "geometry": { "type": "Point", "coordinates": [ 15.450897, 64.54962 ] } },
{ "type": "Feature", "properties": { "lat": 64.556111, "lon": 26.843719, "n_buses_at_location": 1, "bus_ids": "6659", "bus_names": "Nuojua", "voltages_kv": "220.0", "node_id": 365 }, "geometry": { "type": "Point", "coordinates": [ 26.843719, 64.556111 ] } },
{ "type": "Feature", "properties": { "lat": 64.570857, "lon": 14.06662, "n_buses_at_location": 1, "bus_ids": "6689", "bus_names": "Junsterforsen", "voltages_kv": "220.0", "node_id": 366 }, "geometry": { "type": "Point", "coordinates": [ 14.06662, 64.570857 ] } },
{ "type": "Feature", "properties": { "lat": 64.58147, "lon": 28.45047, "n_buses_at_location": 1, "bus_ids": "6647", "bus_names": "Seitenoikea", "voltages_kv": "220.0", "node_id": 367 }, "geometry": { "type": "Point", "coordinates": [ 28.45047, 64.58147 ] } },
{ "type": "Feature", "properties": { "lat": 64.596791, "lon": 14.250641, "n_buses_at_location": 1, "bus_ids": "7779", "bus_names": "nan", "voltages_kv": "220.0", "node_id": 368 }, "geometry": { "type": "Point", "coordinates": [ 14.250641, 64.596791 ] } },
{ "type": "Feature", "properties": { "lat": 64.653876, "lon": 13.807068, "n_buses_at_location": 1, "bus_ids": "6687", "bus_names": "Linnvasselv", "voltages_kv": "220.0", "node_id": 369 }, "geometry": { "type": "Point", "coordinates": [ 13.807068, 64.653876 ] } },
{ "type": "Feature", "properties": { "lat": 64.700279, "lon": 15.761261, "n_buses_at_location": 1, "bus_ids": "7814", "bus_names": "nan", "voltages_kv": "220.0", "node_id": 370 }, "geometry": { "type": "Point", "coordinates": [ 15.761261, 64.700279 ] } },
{ "type": "Feature", "properties": { "lat": 64.709668, "lon": 26.455078, "n_buses_at_location": 1, "bus_ids": "7846", "bus_names": "nan", "voltages_kv": "220.0", "node_id": 371 }, "geometry": { "type": "Point", "coordinates": [ 26.455078, 64.709668 ] } },
{ "type": "Feature", "properties": { "lat": 64.710254, "lon": 15.923309, "n_buses_at_location": 1, "bus_ids": "6692", "bus_names": "Storbäck", "voltages_kv": "220.0", "node_id": 372 }, "geometry": { "type": "Point", "coordinates": [ 15.923309, 64.710254 ] } },
{ "type": "Feature", "properties": { "lat": 64.712014, "lon": 12.800446, "n_buses_at_location": 1, "bus_ids": "6681", "bus_names": "Tunnsjødal", "voltages_kv": "300.0", "node_id": 373 }, "geometry": { "type": "Point", "coordinates": [ 12.800446, 64.712014 ] } },
{ "type": "Feature", "properties": { "lat": 64.71612, "lon": 14.146271, "n_buses_at_location": 1, "bus_ids": "6686", "bus_names": "Blåsjön", "voltages_kv": "220.0", "node_id": 374 }, "geometry": { "type": "Point", "coordinates": [ 14.146271, 64.71612 ] } },
{ "type": "Feature", "properties": { "lat": 64.759489, "lon": 26.51825, "n_buses_at_location": 1, "bus_ids": "6660", "bus_names": "Utanen", "voltages_kv": "220.0", "node_id": 375 }, "geometry": { "type": "Point", "coordinates": [ 26.51825, 64.759489 ] } },
{ "type": "Feature", "properties": { "lat": 64.778222, "lon": 26.115875, "n_buses_at_location": 1, "bus_ids": "6661", "bus_names": "Pyhäkoski", "voltages_kv": "220.0", "node_id": 376 }, "geometry": { "type": "Point", "coordinates": [ 26.115875, 64.778222 ] } },
{ "type": "Feature", "properties": { "lat": 64.914228, "lon": 13.099823, "n_buses_at_location": 1, "bus_ids": "8059", "bus_names": "nan", "voltages_kv": "300.0", "node_id": 377 }, "geometry": { "type": "Point", "coordinates": [ 13.099823, 64.914228 ] } },
{ "type": "Feature", "properties": { "lat": 64.965416, "lon": 26.05957, "n_buses_at_location": 2, "bus_ids": "6663; 6664", "bus_names": "Pyhänselkä; Pyhänselkä", "voltages_kv": "220.0; 380.0", "node_id": 378 }, "geometry": { "type": "Point", "coordinates": [ 26.05957, 64.965416 ] } },
{ "type": "Feature", "properties": { "lat": 64.967159, "lon": 15.783234, "n_buses_at_location": 1, "bus_ids": "6685", "bus_names": "Stalon", "voltages_kv": "220.0", "node_id": 379 }, "geometry": { "type": "Point", "coordinates": [ 15.783234, 64.967159 ] } },
{ "type": "Feature", "properties": { "lat": 64.971807, "lon": 25.808258, "n_buses_at_location": 1, "bus_ids": "6662", "bus_names": "Pikkarala", "voltages_kv": "380.0", "node_id": 380 }, "geometry": { "type": "Point", "coordinates": [ 25.808258, 64.971807 ] } },
{ "type": "Feature", "properties": { "lat": 64.996778, "lon": 17.541046, "n_buses_at_location": 2, "bus_ids": "6670; 6671", "bus_names": "Grundfors; Grundfors", "voltages_kv": "220.0; 380.0", "node_id": 381 }, "geometry": { "type": "Point", "coordinates": [ 17.541046, 64.996778 ] } },
{ "type": "Feature", "properties": { "lat": 65.032742, "lon": 19.736938, "n_buses_at_location": 1, "bus_ids": "6672", "bus_names": "Vagfors", "voltages_kv": "380.0", "node_id": 382 }, "geometry": { "type": "Point", "coordinates": [ 19.736938, 65.032742 ] } },
{ "type": "Feature", "properties": { "lat": 65.20262, "lon": 12.7565, "n_buses_at_location": 1, "bus_ids": "6680", "bus_names": "Kolsvik", "voltages_kv": "300.0", "node_id": 383 }, "geometry": { "type": "Point", "coordinates": [ 12.7565, 65.20262 ] } },
{ "type": "Feature", "properties": { "lat": 65.221045, "lon": 17.049408, "n_buses_at_location": 1, "bus_ids": "6676", "bus_names": "Blaiken", "voltages_kv": "380.0", "node_id": 384 }, "geometry": { "type": "Point", "coordinates": [ 17.049408, 65.221045 ] } },
{ "type": "Feature", "properties": { "lat": 65.270498, "lon": 21.169281, "n_buses_at_location": 1, "bus_ids": "6677", "bus_names": "Råbäcken", "voltages_kv": "380.0", "node_id": 385 }, "geometry": { "type": "Point", "coordinates": [ 21.169281, 65.270498 ] } },
{ "type": "Feature", "properties": { "lat": 65.279688, "lon": 25.694275, "n_buses_at_location": 1, "bus_ids": "6667", "bus_names": "Isokangas", "voltages_kv": "380.0", "node_id": 386 }, "geometry": { "type": "Point", "coordinates": [ 25.694275, 65.279688 ] } },
{ "type": "Feature", "properties": { "lat": 65.299207, "lon": 16.876373, "n_buses_at_location": 1, "bus_ids": "6669", "bus_names": "Juktan", "voltages_kv": "380.0", "node_id": 387 }, "geometry": { "type": "Point", "coordinates": [ 16.876373, 65.299207 ] } },
{ "type": "Feature", "properties": { "lat": 65.321005, "lon": 16.387482, "n_buses_at_location": 1, "bus_ids": "7947", "bus_names": "nan", "voltages_kv": "220.0", "node_id": 388 }, "geometry": { "type": "Point", "coordinates": [ 16.387482, 65.321005 ] } },
{ "type": "Feature", "properties": { "lat": 65.386291, "lon": 16.489105, "n_buses_at_location": 1, "bus_ids": "6684", "bus_names": "Gardikfors", "voltages_kv": "220.0", "node_id": 389 }, "geometry": { "type": "Point", "coordinates": [ 16.489105, 65.386291 ] } },
{ "type": "Feature", "properties": { "lat": 65.485626, "lon": 15.812073, "n_buses_at_location": 1, "bus_ids": "6792", "bus_names": "Ajaure", "voltages_kv": "220.0", "node_id": 390 }, "geometry": { "type": "Point", "coordinates": [ 15.812073, 65.485626 ] } },
{ "type": "Feature", "properties": { "lat": 65.62429, "lon": 14.765625, "n_buses_at_location": 1, "bus_ids": "6683", "bus_names": "Gejmån", "voltages_kv": "220.0", "node_id": 391 }, "geometry": { "type": "Point", "coordinates": [ 14.765625, 65.62429 ] } },
{ "type": "Feature", "properties": { "lat": 65.721629736713297, "lon": 14.965643971847902, "n_buses_at_location": 1, "bus_ids": "7289", "bus_names": "nan", "voltages_kv": "220.0", "node_id": 392 }, "geometry": { "type": "Point", "coordinates": [ 14.965643971847902, 65.721629736713297 ] } },
{ "type": "Feature", "properties": { "lat": 65.781941, "lon": 24.411621, "n_buses_at_location": 1, "bus_ids": "6656", "bus_names": "Sellee", "voltages_kv": "380.0", "node_id": 393 }, "geometry": { "type": "Point", "coordinates": [ 24.411621, 65.781941 ] } },
{ "type": "Feature", "properties": { "lat": 65.826407, "lon": 21.656799, "n_buses_at_location": 1, "bus_ids": "6673", "bus_names": "Svartbyn", "voltages_kv": "380.0", "node_id": 394 }, "geometry": { "type": "Point", "coordinates": [ 21.656799, 65.826407 ] } },
{ "type": "Feature", "properties": { "lat": 65.837089, "lon": 23.100128, "n_buses_at_location": 1, "bus_ids": "6666", "bus_names": "Kalix", "voltages_kv": "220.0", "node_id": 395 }, "geometry": { "type": "Point", "coordinates": [ 23.100128, 65.837089 ] } },
{ "type": "Feature", "properties": { "lat": 65.841024, "lon": 13.289337, "n_buses_at_location": 1, "bus_ids": "6679", "bus_names": "unknown", "voltages_kv": "300.0", "node_id": 396 }, "geometry": { "type": "Point", "coordinates": [ 13.289337, 65.841024 ] } },
{ "type": "Feature", "properties": { "lat": 65.877531, "lon": 24.612122, "n_buses_at_location": 1, "bus_ids": "6655", "bus_names": "Keminmaa", "voltages_kv": "380.0", "node_id": 397 }, "geometry": { "type": "Point", "coordinates": [ 24.612122, 65.877531 ] } },
{ "type": "Feature", "properties": { "lat": 65.938074, "lon": 23.072662, "n_buses_at_location": 1, "bus_ids": "6668", "bus_names": "Djuptjärn", "voltages_kv": "380.0", "node_id": 398 }, "geometry": { "type": "Point", "coordinates": [ 23.072662, 65.938074 ] } },
{ "type": "Feature", "properties": { "lat": 65.995123, "lon": 24.892273, "n_buses_at_location": 1, "bus_ids": "6654", "bus_names": "Taivalkoski", "voltages_kv": "220.0", "node_id": 399 }, "geometry": { "type": "Point", "coordinates": [ 24.892273, 65.995123 ] } },
{ "type": "Feature", "properties": { "lat": 66.140521, "lon": 25.069427, "n_buses_at_location": 1, "bus_ids": "6827", "bus_names": "Ossauskoski", "voltages_kv": "220.0", "node_id": 400 }, "geometry": { "type": "Point", "coordinates": [ 25.069427, 66.140521 ] } },
{ "type": "Feature", "properties": { "lat": 66.142743, "lon": 13.763123, "n_buses_at_location": 3, "bus_ids": "6787; 6788; 6789", "bus_names": "Røssåga; Røssåga; Røssåga", "voltages_kv": "220.0; 300.0; 380.0", "node_id": 401 }, "geometry": { "type": "Point", "coordinates": [ 13.763123, 66.142743 ] } },
{ "type": "Feature", "properties": { "lat": 66.282328, "lon": 14.191589, "n_buses_at_location": 1, "bus_ids": "6678", "bus_names": "Rana", "voltages_kv": "380.0", "node_id": 402 }, "geometry": { "type": "Point", "coordinates": [ 14.191589, 66.282328 ] } },
{ "type": "Feature", "properties": { "lat": 66.285642, "lon": 25.415497, "n_buses_at_location": 2, "bus_ids": "6790; 6791", "bus_names": "Petäjäskoski; Petäjäskoski", "voltages_kv": "220.0; 380.0", "node_id": 403 }, "geometry": { "type": "Point", "coordinates": [ 25.415497, 66.285642 ] } },
{ "type": "Feature", "properties": { "lat": 66.33089, "lon": 27.030487, "n_buses_at_location": 2, "bus_ids": "6657; 6658", "bus_names": "Pirttikoski; Pirttikoski", "voltages_kv": "220.0; 380.0", "node_id": 404 }, "geometry": { "type": "Point", "coordinates": [ 27.030487, 66.33089 ] } },
{ "type": "Feature", "properties": { "lat": 66.378809, "lon": 26.769562, "n_buses_at_location": 1, "bus_ids": "6651", "bus_names": "Vanttauskoski", "voltages_kv": "220.0", "node_id": 405 }, "geometry": { "type": "Point", "coordinates": [ 26.769562, 66.378809 ] } },
{ "type": "Feature", "properties": { "lat": 66.413451, "lon": 25.717621, "n_buses_at_location": 1, "bus_ids": "6653", "bus_names": "Valajaskoski", "voltages_kv": "220.0", "node_id": 406 }, "geometry": { "type": "Point", "coordinates": [ 25.717621, 66.413451 ] } },
{ "type": "Feature", "properties": { "lat": 66.450241, "lon": 27.398529, "n_buses_at_location": 1, "bus_ids": "6652", "bus_names": "Seitakorva", "voltages_kv": "220.0", "node_id": 407 }, "geometry": { "type": "Point", "coordinates": [ 27.398529, 66.450241 ] } },
{ "type": "Feature", "properties": { "lat": 66.505049, "lon": 20.429077, "n_buses_at_location": 1, "bus_ids": "6764", "bus_names": "Letsi", "voltages_kv": "380.0", "node_id": 408 }, "geometry": { "type": "Point", "coordinates": [ 20.429077, 66.505049 ] } },
{ "type": "Feature", "properties": { "lat": 66.669299, "lon": 20.452423, "n_buses_at_location": 1, "bus_ids": "6731", "bus_names": "Messaure", "voltages_kv": "380.0", "node_id": 409 }, "geometry": { "type": "Point", "coordinates": [ 20.452423, 66.669299 ] } },
{ "type": "Feature", "properties": { "lat": 66.707884, "lon": 13.807068, "n_buses_at_location": 1, "bus_ids": "6735", "bus_names": "Svartisen", "voltages_kv": "380.0", "node_id": 410 }, "geometry": { "type": "Point", "coordinates": [ 13.807068, 66.707884 ] } },
{ "type": "Feature", "properties": { "lat": 66.729595, "lon": 20.037689, "n_buses_at_location": 1, "bus_ids": "6730", "bus_names": "Ligga", "voltages_kv": "380.0", "node_id": 411 }, "geometry": { "type": "Point", "coordinates": [ 20.037689, 66.729595 ] } },
{ "type": "Feature", "properties": { "lat": 66.843267, "lon": 19.864655, "n_buses_at_location": 1, "bus_ids": "6729", "bus_names": "Harsprånget", "voltages_kv": "380.0", "node_id": 412 }, "geometry": { "type": "Point", "coordinates": [ 19.864655, 66.843267 ] } },
{ "type": "Feature", "properties": { "lat": 66.970387, "lon": 18.639679, "n_buses_at_location": 1, "bus_ids": "6727", "bus_names": "Seitevare", "voltages_kv": "380.0", "node_id": 413 }, "geometry": { "type": "Point", "coordinates": [ 18.639679, 66.970387 ] } },
{ "type": "Feature", "properties": { "lat": 66.975221, "lon": 19.866028, "n_buses_at_location": 1, "bus_ids": "6728", "bus_names": "Porjus", "voltages_kv": "380.0", "node_id": 414 }, "geometry": { "type": "Point", "coordinates": [ 19.866028, 66.975221 ] } },
{ "type": "Feature", "properties": { "lat": 67.23753, "lon": 27.387543, "n_buses_at_location": 1, "bus_ids": "6720", "bus_names": "Kokkosniva", "voltages_kv": "220.0", "node_id": 415 }, "geometry": { "type": "Point", "coordinates": [ 27.387543, 67.23753 ] } },
{ "type": "Feature", "properties": { "lat": 67.288485, "lon": 15.757141, "n_buses_at_location": 1, "bus_ids": "6736", "bus_names": "Salten", "voltages_kv": "380.0", "node_id": 416 }, "geometry": { "type": "Point", "coordinates": [ 15.757141, 67.288485 ] } },
{ "type": "Feature", "properties": { "lat": 67.492803, "lon": 18.366394, "n_buses_at_location": 1, "bus_ids": "6726", "bus_names": "Vietas", "voltages_kv": "380.0", "node_id": 417 }, "geometry": { "type": "Point", "coordinates": [ 18.366394, 67.492803 ] } },
{ "type": "Feature", "properties": { "lat": 67.498059, "lon": 25.085907, "n_buses_at_location": 1, "bus_ids": "6722", "bus_names": "Isoniemi", "voltages_kv": "220.0", "node_id": 418 }, "geometry": { "type": "Point", "coordinates": [ 25.085907, 67.498059 ] } },
{ "type": "Feature", "properties": { "lat": 67.596139, "lon": 26.098022, "n_buses_at_location": 1, "bus_ids": "6723", "bus_names": "Kuolajärvi", "voltages_kv": "220.0", "node_id": 419 }, "geometry": { "type": "Point", "coordinates": [ 26.098022, 67.596139 ] } },
{ "type": "Feature", "properties": { "lat": 67.598233, "lon": 15.850525, "n_buses_at_location": 1, "bus_ids": "6734", "bus_names": "Kobbelv", "voltages_kv": "380.0", "node_id": 420 }, "geometry": { "type": "Point", "coordinates": [ 15.850525, 67.598233 ] } },
{ "type": "Feature", "properties": { "lat": 67.602419, "lon": 26.820374, "n_buses_at_location": 1, "bus_ids": "6719", "bus_names": "Vajukoski", "voltages_kv": "220.0", "node_id": 421 }, "geometry": { "type": "Point", "coordinates": [ 26.820374, 67.602419 ] } },
{ "type": "Feature", "properties": { "lat": 67.610267, "lon": 17.992859, "n_buses_at_location": 1, "bus_ids": "6793", "bus_names": "Ritsem", "voltages_kv": "380.0", "node_id": 422 }, "geometry": { "type": "Point", "coordinates": [ 17.992859, 67.610267 ] } },
{ "type": "Feature", "properties": { "lat": 68.158786, "lon": 17.288361, "n_buses_at_location": 1, "bus_ids": "6725", "bus_names": "Ofoten", "voltages_kv": "380.0", "node_id": 423 }, "geometry": { "type": "Point", "coordinates": [ 17.288361, 68.158786 ] } },
{ "type": "Feature", "properties": { "lat": 68.517173, "lon": 17.579498, "n_buses_at_location": 1, "bus_ids": "6724", "bus_names": "Narvik", "voltages_kv": "380.0", "node_id": 424 }, "geometry": { "type": "Point", "coordinates": [ 17.579498, 68.517173 ] } },
{ "type": "Feature", "properties": { "lat": 68.645556, "lon": 27.674561, "n_buses_at_location": 1, "bus_ids": "6721", "bus_names": "Ivalo", "voltages_kv": "220.0", "node_id": 425 }, "geometry": { "type": "Point", "coordinates": [ 27.674561, 68.645556 ] } },
{ "type": "Feature", "properties": { "lat": 69.038124, "lon": 18.864899, "n_buses_at_location": 1, "bus_ids": "6757", "bus_names": "unknown", "voltages_kv": "380.0", "node_id": 426 }, "geometry": { "type": "Point", "coordinates": [ 18.864899, 69.038124 ] } },
{ "type": "Feature", "properties": { "lat": 69.183065, "lon": 19.24942, "n_buses_at_location": 2, "bus_ids": "6752; 6753", "bus_names": "Balsfjord; Balsfjord", "voltages_kv": "132.0; 380.0", "node_id": 427 }, "geometry": { "type": "Point", "coordinates": [ 19.24942, 69.183065 ] } },
{ "type": "Feature", "properties": { "lat": 69.243986, "lon": 20.376892, "n_buses_at_location": 1, "bus_ids": "6756", "bus_names": "Skibotn", "voltages_kv": "132.0", "node_id": 428 }, "geometry": { "type": "Point", "coordinates": [ 20.376892, 69.243986 ] } },
{ "type": "Feature", "properties": { "lat": 69.431516, "lon": 21.041565, "n_buses_at_location": 1, "bus_ids": "6751", "bus_names": "Guolasjakka", "voltages_kv": "132.0", "node_id": 429 }, "geometry": { "type": "Point", "coordinates": [ 21.041565, 69.431516 ] } },
{ "type": "Feature", "properties": { "lat": 69.440681, "lon": 29.549103, "n_buses_at_location": 1, "bus_ids": "6740", "bus_names": "Skogfoss", "voltages_kv": "132.0", "node_id": 430 }, "geometry": { "type": "Point", "coordinates": [ 29.549103, 69.440681 ] } },
{ "type": "Feature", "properties": { "lat": 69.558512, "lon": 19.820709, "n_buses_at_location": 1, "bus_ids": "6754", "bus_names": "unknown", "voltages_kv": "132.0", "node_id": 431 }, "geometry": { "type": "Point", "coordinates": [ 19.820709, 69.558512 ] } },
{ "type": "Feature", "properties": { "lat": 69.620772, "lon": 19.158783, "n_buses_at_location": 1, "bus_ids": "6755", "bus_names": "Tromsø", "voltages_kv": "132.0", "node_id": 432 }, "geometry": { "type": "Point", "coordinates": [ 19.158783, 69.620772 ] } },
{ "type": "Feature", "properties": { "lat": 69.68142, "lon": 23.990021, "n_buses_at_location": 1, "bus_ids": "6749", "bus_names": "Alta", "voltages_kv": "132.0", "node_id": 433 }, "geometry": { "type": "Point", "coordinates": [ 23.990021, 69.68142 ] } },
{ "type": "Feature", "properties": { "lat": 69.682374, "lon": 30.120392, "n_buses_at_location": 1, "bus_ids": "6809", "bus_names": "Kirkenes", "voltages_kv": "132.0", "node_id": 434 }, "geometry": { "type": "Point", "coordinates": [ 30.120392, 69.682374 ] } },
{ "type": "Feature", "properties": { "lat": 69.713346, "lon": 22.138824, "n_buses_at_location": 1, "bus_ids": "6750", "bus_names": "Kvænangsbotn", "voltages_kv": "132.0", "node_id": 435 }, "geometry": { "type": "Point", "coordinates": [ 22.138824, 69.713346 ] } },
{ "type": "Feature", "properties": { "lat": 69.817839, "lon": 27.239227, "n_buses_at_location": 1, "bus_ids": "6838", "bus_names": "nan", "voltages_kv": "220.0", "node_id": 436 }, "geometry": { "type": "Point", "coordinates": [ 27.239227, 69.817839 ] } },
{ "type": "Feature", "properties": { "lat": 69.862801, "lon": 27.071686, "n_buses_at_location": 1, "bus_ids": "6744", "bus_names": "Utsjoki", "voltages_kv": "220.0", "node_id": 437 }, "geometry": { "type": "Point", "coordinates": [ 27.071686, 69.862801 ] } },
{ "type": "Feature", "properties": { "lat": 69.935012, "lon": 23.410492, "n_buses_at_location": 1, "bus_ids": "6747", "bus_names": "unknown", "voltages_kv": "132.0", "node_id": 438 }, "geometry": { "type": "Point", "coordinates": [ 23.410492, 69.935012 ] } },
{ "type": "Feature", "properties": { "lat": 69.959498, "lon": 25.157318, "n_buses_at_location": 1, "bus_ids": "6748", "bus_names": "unknown", "voltages_kv": "132.0", "node_id": 439 }, "geometry": { "type": "Point", "coordinates": [ 25.157318, 69.959498 ] } },
{ "type": "Feature", "properties": { "lat": 70.163212, "lon": 28.572693, "n_buses_at_location": 2, "bus_ids": "6738; 6739", "bus_names": "Varangerbotn; Varangerbotn", "voltages_kv": "132.0; 220.0", "node_id": 440 }, "geometry": { "type": "Point", "coordinates": [ 28.572693, 70.163212 ] } },
{ "type": "Feature", "properties": { "lat": 70.286801, "lon": 26.545715, "n_buses_at_location": 1, "bus_ids": "6745", "bus_names": "Adamselv", "voltages_kv": "132.0", "node_id": 441 }, "geometry": { "type": "Point", "coordinates": [ 26.545715, 70.286801 ] } },
{ "type": "Feature", "properties": { "lat": 70.363091, "lon": 24.613495, "n_buses_at_location": 1, "bus_ids": "6746", "bus_names": "Hammerfest", "voltages_kv": "132.0", "node_id": 442 }, "geometry": { "type": "Point", "coordinates": [ 24.613495, 70.363091 ] } }
]
}
