{
"type": "FeatureCollection",
"name": "n490_300kv_delaunay3",
"crs": { "type": "name", "properties": { "name": "urn:ogc:def:crs:OGC:1.3:CRS84" } },
"features": [
{ "type": "Feature", "properties": { "voltage_kv": 300.0, "from_node": 0, "to_node": 19, "length_km": 96.996300925557179, "delaunay_k": 3, "edge_set": "Delaunay3" }, "geometry": { "type": "LineString", "coordinates": [ [ 4.998779, 60.703432 ], [ 6.297913, 60.117566 ] ] } },
{ "type": "Feature", "properties": { "voltage_kv": 300.0, "from_node": 0, "to_node": 28, "length_km": 117.8574872307934, "delaunay_k": 3, "edge_set": "Delaunay3" }, "geometry": { "type": "LineString", "coordinates": [ [ 4.998779, 60.703432 ], [ 6.70166, 60.066211 ] ] } },
{ "type": "Feature", "properties": { "voltage_kv": 300.0, "from_node": 0, "to_node": 29, "length_km": 134.07518675458888, "delaunay_k": 3, "edge_set": "Delaunay3" }, "geometry": { "type": "LineString", "coordinates": [ [ 4.998779, 60.703432 ], [ 6.745605, 59.871019 ] ] } },
{ "type": "Feature", "properties": { "voltage_kv": 300.0, "from_node": 0, "to_node": 32, "length_km": 116.43883000107388, "delaunay_k": 3, "edge_set": "Delaunay3" }, "geometry": { "type": "LineString", "coordinates": [ [ 4.998779, 60.703432 ], [ 6.797791, 60.156543 ] ] } },
{ "type": "Feature", "properties": { "voltage_kv": 300.0, "from_node": 0, "to_node": 37, "length_km": 153.14203566346521, "delaunay_k": 3, "edge_set": "Delaunay3" }, "geometry": { "type": "LineString", "coordinates": [ [ 4.998779, 60.703432 ], [ 6.904907, 59.710712 ] ] } },
{ "type": "Feature", "properties": { "voltage_kv": 300.0, "from_node": 0, "to_node": 45, "length_km": 123.87218608912379, "delaunay_k": 3, "edge_set": "Delaunay3" }, "geometry": { "type": "LineString", "coordinates": [ [ 4.998779, 60.703432 ], [ 7.216644, 60.950443 ] ] } },
{ "type": "Feature", "properties": { "voltage_kv": 300.0, "from_node": 0, "to_node": 47, "length_km": 138.77176756992293, "delaunay_k": 3, "edge_set": "Delaunay3" }, "geometry": { "type": "LineString", "coordinates": [ [ 4.998779, 60.703432 ], [ 7.338867, 61.206798 ] ] } },
{ "type": "Feature", "properties": { "voltage_kv": 300.0, "from_node": 0, "to_node": 52, "length_km": 147.59995688693368, "delaunay_k": 3, "edge_set": "Delaunay3" }, "geometry": { "type": "LineString", "coordinates": [ [ 4.998779, 60.703432 ], [ 7.439117, 61.292669 ] ] } },
{ "type": "Feature", "properties": { "voltage_kv": 300.0, "from_node": 1, "to_node": 2, "length_km": 137.30396390742425, "delaunay_k": 3, "edge_set": "Delaunay3" }, "geometry": { "type": "LineString", "coordinates": [ [ 5.259705, 60.456541 ], [ 5.262451, 59.225853 ] ] } },
{ "type": "Feature", "properties": { "voltage_kv": 300.0, "from_node": 1, "to_node": 7, "length_km": 128.29250245237566, "delaunay_k": 3, "edge_set": "Delaunay3" }, "geometry": { "type": "LineString", "coordinates": [ [ 5.259705, 60.456541 ], [ 5.568695, 59.317075 ] ] } },
{ "type": "Feature", "properties": { "voltage_kv": 300.0, "from_node": 1, "to_node": 21, "length_km": 120.22738583212085, "delaunay_k": 3, "edge_set": "Delaunay3" }, "geometry": { "type": "LineString", "coordinates": [ [ 5.259705, 60.456541 ], [ 6.481934, 59.569114 ] ] } },
{ "type": "Feature", "properties": { "voltage_kv": 300.0, "from_node": 1, "to_node": 24, "length_km": 98.584617939501769, "delaunay_k": 3, "edge_set": "Delaunay3" }, "geometry": { "type": "LineString", "coordinates": [ [ 5.259705, 60.456541 ], [ 6.60965, 61.043662 ] ] } },
{ "type": "Feature", "properties": { "voltage_kv": 300.0, "from_node": 1, "to_node": 28, "length_km": 90.998246413750039, "delaunay_k": 3, "edge_set": "Delaunay3" }, "geometry": { "type": "LineString", "coordinates": [ [ 5.259705, 60.456541 ], [ 6.70166, 60.066211 ] ] } },
{ "type": "Feature", "properties": { "voltage_kv": 300.0, "from_node": 1, "to_node": 29, "length_km": 105.28669016204984, "delaunay_k": 3, "edge_set": "Delaunay3" }, "geometry": { "type": "LineString", "coordinates": [ [ 5.259705, 60.456541 ], [ 6.745605, 59.871019 ] ] } },
{ "type": "Feature", "properties": { "voltage_kv": 300.0, "from_node": 1, "to_node": 32, "length_km": 91.457173621719704, "delaunay_k": 3, "edge_set": "Delaunay3" }, "geometry": { "type": "LineString", "coordinates": [ [ 5.259705, 60.456541 ], [ 6.797791, 60.156543 ] ] } },
{ "type": "Feature", "properties": { "voltage_kv": 300.0, "from_node": 1, "to_node": 34, "length_km": 113.69050122967822, "delaunay_k": 3, "edge_set": "Delaunay3" }, "geometry": { "type": "LineString", "coordinates": [ [ 5.259705, 60.456541 ], [ 6.871948, 61.10278 ] ] } },
{ "type": "Feature", "properties": { "voltage_kv": 300.0, "from_node": 1, "to_node": 37, "length_km": 123.77533977397798, "delaunay_k": 3, "edge_set": "Delaunay3" }, "geometry": { "type": "LineString", "coordinates": [ [ 5.259705, 60.456541 ], [ 6.904907, 59.710712 ] ] } },
{ "type": "Feature", "properties": { "voltage_kv": 300.0, "from_node": 1, "to_node": 45, "length_km": 120.3163387479451, "delaunay_k": 3, "edge_set": "Delaunay3" }, "geometry": { "type": "LineString", "coordinates": [ [ 5.259705, 60.456541 ], [ 7.216644, 60.950443 ] ] } },
{ "type": "Feature", "properties": { "voltage_kv": 300.0, "from_node": 1, "to_node": 46, "length_km": 142.29811194727785, "delaunay_k": 3, "edge_set": "Delaunay3" }, "geometry": { "type": "LineString", "coordinates": [ [ 5.259705, 60.456541 ], [ 7.293549, 61.259009 ] ] } },
{ "type": "Feature", "properties": { "voltage_kv": 300.0, "from_node": 2, "to_node": 4, "length_km": 125.5544859551423, "delaunay_k": 3, "edge_set": "Delaunay3" }, "geometry": { "type": "LineString", "coordinates": [ [ 5.262451, 59.225853 ], [ 5.449219, 60.347337 ] ] } },
{ "type": "Feature", "properties": { "voltage_kv": 300.0, "from_node": 2, "to_node": 12, "length_km": 85.019602505635092, "delaunay_k": 3, "edge_set": "Delaunay3" }, "geometry": { "type": "LineString", "coordinates": [ [ 5.262451, 59.225853 ], [ 5.868073, 59.923367 ] ] } },
{ "type": "Feature", "properties": { "voltage_kv": 300.0, "from_node": 2, "to_node": 17, "length_km": 86.494863330406545, "delaunay_k": 3, "edge_set": "Delaunay3" }, "geometry": { "type": "LineString", "coordinates": [ [ 5.262451, 59.225853 ], [ 6.113892, 59.869641 ] ] } },
{ "type": "Feature", "properties": { "voltage_kv": 300.0, "from_node": 2, "to_node": 25, "length_km": 83.353978334415217, "delaunay_k": 3, "edge_set": "Delaunay3" }, "geometry": { "type": "LineString", "coordinates": [ [ 5.262451, 59.225853 ], [ 6.650848, 59.461826 ] ] } },
{ "type": "Feature", "properties": { "voltage_kv": 300.0, "from_node": 2, "to_node": 29, "length_km": 110.58451798591683, "delaunay_k": 3, "edge_set": "Delaunay3" }, "geometry": { "type": "LineString", "coordinates": [ [ 5.262451, 59.225853 ], [ 6.745605, 59.871019 ] ] } },
{ "type": "Feature", "properties": { "voltage_kv": 300.0, "from_node": 2, "to_node": 30, "length_km": 94.182147688588941, "delaunay_k": 3, "edge_set": "Delaunay3" }, "geometry": { "type": "LineString", "coordinates": [ [ 5.262451, 59.225853 ], [ 6.756592, 58.878393 ] ] } },
{ "type": "Feature", "properties": { "voltage_kv": 300.0, "from_node": 2, "to_node": 35, "length_km": 94.061824546099984, "delaunay_k": 3, "edge_set": "Delaunay3" }, "geometry": { "type": "LineString", "coordinates": [ [ 5.262451, 59.225853 ], [ 6.889801, 59.110423 ] ] } },
{ "type": "Feature", "properties": { "voltage_kv": 300.0, "from_node": 2, "to_node": 36, "length_km": 100.52748477932502, "delaunay_k": 3, "edge_set": "Delaunay3" }, "geometry": { "type": "LineString", "coordinates": [ [ 5.262451, 59.225853 ], [ 6.892548, 58.897552 ] ] } },
{ "type": "Feature", "properties": { "voltage_kv": 300.0, "from_node": 2, "to_node": 37, "length_km": 107.76124717827008, "delaunay_k": 3, "edge_set": "Delaunay3" }, "geometry": { "type": "LineString", "coordinates": [ [ 5.262451, 59.225853 ], [ 6.904907, 59.710712 ] ] } },
{ "type": "Feature", "properties": { "voltage_kv": 300.0, "from_node": 2, "to_node": 43, "length_km": 107.07902572840446, "delaunay_k": 3, "edge_set": "Delaunay3" }, "geometry": { "type": "LineString", "coordinates": [ [ 5.262451, 59.225853 ], [ 7.119141, 59.110423 ] ] } },
{ "type": "Feature", "properties": { "voltage_kv": 300.0, "from_node": 3, "to_node": 6, "length_km": 103.43966560652395, "delaunay_k": 3, "edge_set": "Delaunay3" }, "geometry": { "type": "LineString", "coordinates": [ [ 5.39978, 59.495303 ], [ 5.494537, 60.42131 ] ] } },
{ "type": "Feature", "properties": { "voltage_kv": 300.0, "from_node": 3, "to_node": 9, "length_km": 65.95629198923254, "delaunay_k": 3, "edge_set": "Delaunay3" }, "geometry": { "type": "LineString", "coordinates": [ [ 5.39978, 59.495303 ], [ 5.715637, 58.926626 ] ] } },
{ "type": "Feature", "properties": { "voltage_kv": 300.0, "from_node": 3, "to_node": 10, "length_km": 77.349866116234239, "delaunay_k": 3, "edge_set": "Delaunay3" }, "geometry": { "type": "LineString", "coordinates": [ [ 5.39978, 59.495303 ], [ 5.756836, 58.82654 ] ] } },
{ "type": "Feature", "properties": { "voltage_kv": 300.0, "from_node": 3, "to_node": 16, "length_km": 136.12502222759662, "delaunay_k": 3, "edge_set": "Delaunay3" }, "geometry": { "type": "LineString", "coordinates": [ [ 5.39978, 59.495303 ], [ 6.100159, 60.664433 ] ] } },
{ "type": "Feature", "properties": { "voltage_kv": 300.0, "from_node": 3, "to_node": 18, "length_km": 120.25128253218453, "delaunay_k": 3, "edge_set": "Delaunay3" }, "geometry": { "type": "LineString", "coordinates": [ [ 5.39978, 59.495303 ], [ 6.156464, 60.504583 ] ] } },
{ "type": "Feature", "properties": { "voltage_kv": 300.0, "from_node": 3, "to_node": 19, "length_km": 85.81256808793097, "delaunay_k": 3, "edge_set": "Delaunay3" }, "geometry": { "type": "LineString", "coordinates": [ [ 5.39978, 59.495303 ], [ 6.297913, 60.117566 ] ] } },
{ "type": "Feature", "properties": { "voltage_kv": 300.0, "from_node": 3, "to_node": 27, "length_km": 87.993945793096003, "delaunay_k": 3, "edge_set": "Delaunay3" }, "geometry": { "type": "LineString", "coordinates": [ [ 5.39978, 59.495303 ], [ 6.696167, 59.068096 ] ] } },
{ "type": "Feature", "properties": { "voltage_kv": 300.0, "from_node": 3, "to_node": 28, "length_km": 97.017746721965068, "delaunay_k": 3, "edge_set": "Delaunay3" }, "geometry": { "type": "LineString", "coordinates": [ [ 5.39978, 59.495303 ], [ 6.70166, 60.066211 ] ] } },
{ "type": "Feature", "properties": { "voltage_kv": 300.0, "from_node": 3, "to_node": 35, "length_km": 95.19861415017283, "delaunay_k": 3, "edge_set": "Delaunay3" }, "geometry": { "type": "LineString", "coordinates": [ [ 5.39978, 59.495303 ], [ 6.889801, 59.110423 ] ] } },
{ "type": "Feature", "properties": { "voltage_kv": 300.0, "from_node": 3, "to_node": 38, "length_km": 96.375954148586985, "delaunay_k": 3, "edge_set": "Delaunay3" }, "geometry": { "type": "LineString", "coordinates": [ [ 5.39978, 59.495303 ], [ 6.968079, 59.837916 ] ] } },
{ "type": "Feature", "properties": { "voltage_kv": 300.0, "from_node": 3, "to_node": 40, "length_km": 100.00726424140765, "delaunay_k": 3, "edge_set": "Delaunay3" }, "geometry": { "type": "LineString", "coordinates": [ [ 5.39978, 59.495303 ], [ 7.080688, 59.777831 ] ] } },
{ "type": "Feature", "properties": { "voltage_kv": 300.0, "from_node": 3, "to_node": 41, "length_km": 98.708468690594955, "delaunay_k": 3, "edge_set": "Delaunay3" }, "geometry": { "type": "LineString", "coordinates": [ [ 5.39978, 59.495303 ], [ 7.086182, 59.725947 ] ] } },
{ "type": "Feature", "properties": { "voltage_kv": 300.0, "from_node": 3, "to_node": 43, "length_km": 107.02994741846061, "delaunay_k": 3, "edge_set": "Delaunay3" }, "geometry": { "type": "LineString", "coordinates": [ [ 5.39978, 59.495303 ], [ 7.119141, 59.110423 ] ] } },
{ "type": "Feature", "properties": { "voltage_kv": 300.0, "from_node": 4, "to_node": 7, "length_km": 115.12554355206304, "delaunay_k": 3, "edge_set": "Delaunay3" }, "geometry": { "type": "LineString", "coordinates": [ [ 5.449219, 60.347337 ], [ 5.568695, 59.317075 ] ] } },
{ "type": "Feature", "properties": { "voltage_kv": 300.0, "from_node": 4, "to_node": 13, "length_km": 61.589124040284318, "delaunay_k": 3, "edge_set": "Delaunay3" }, "geometry": { "type": "LineString", "coordinates": [ [ 5.449219, 60.347337 ], [ 5.968323, 60.836881 ] ] } },
{ "type": "Feature", "properties": { "voltage_kv": 300.0, "from_node": 4, "to_node": 15, "length_km": 104.87652675453522, "delaunay_k": 3, "edge_set": "Delaunay3" }, "geometry": { "type": "LineString", "coordinates": [ [ 5.449219, 60.347337 ], [ 6.093292, 61.233245 ] ] } },
{ "type": "Feature", "properties": { "voltage_kv": 300.0, "from_node": 4, "to_node": 21, "length_km": 104.25778705645462, "delaunay_k": 3, "edge_set": "Delaunay3" }, "geometry": { "type": "LineString", "coordinates": [ [ 5.449219, 60.347337 ], [ 6.481934, 59.569114 ] ] } },
{ "type": "Feature", "properties": { "voltage_kv": 300.0, "from_node": 4, "to_node": 24, "length_km": 100.28908979595511, "delaunay_k": 3, "edge_set": "Delaunay3" }, "geometry": { "type": "LineString", "coordinates": [ [ 5.449219, 60.347337 ], [ 6.60965, 61.043662 ] ] } },
{ "type": "Feature", "properties": { "voltage_kv": 300.0, "from_node": 4, "to_node": 29, "length_km": 89.614724514277171, "delaunay_k": 3, "edge_set": "Delaunay3" }, "geometry": { "type": "LineString", "coordinates": [ [ 5.449219, 60.347337 ], [ 6.745605, 59.871019 ] ] } },
{ "type": "Feature", "properties": { "voltage_kv": 300.0, "from_node": 4, "to_node": 34, "length_km": 114.62414083184203, "delaunay_k": 3, "edge_set": "Delaunay3" }, "geometry": { "type": "LineString", "coordinates": [ [ 5.449219, 60.347337 ], [ 6.871948, 61.10278 ] ] } },
{ "type": "Feature", "properties": { "voltage_kv": 300.0, "from_node": 4, "to_node": 37, "length_km": 107.88723520738475, "delaunay_k": 3, "edge_set": "Delaunay3" }, "geometry": { "type": "LineString", "coordinates": [ [ 5.449219, 60.347337 ], [ 6.904907, 59.710712 ] ] } },
{ "type": "Feature", "properties": { "voltage_kv": 300.0, "from_node": 4, "to_node": 38, "length_km": 101.9018578575957, "delaunay_k": 3, "edge_set": "Delaunay3" }, "geometry": { "type": "LineString", "coordinates": [ [ 5.449219, 60.347337 ], [ 6.968079, 59.837916 ] ] } },
{ "type": "Feature", "properties": { "voltage_kv": 300.0, "from_node": 4, "to_node": 47, "length_km": 140.72859690273023, "delaunay_k": 3, "edge_set": "Delaunay3" }, "geometry": { "type": "LineString", "coordinates": [ [ 5.449219, 60.347337 ], [ 7.338867, 61.206798 ] ] } },
{ "type": "Feature", "properties": { "voltage_kv": 300.0, "from_node": 4, "to_node": 48, "length_km": 121.46365330226351, "delaunay_k": 3, "edge_set": "Delaunay3" }, "geometry": { "type": "LineString", "coordinates": [ [ 5.449219, 60.347337 ], [ 7.34024, 59.805469 ] ] } },
{ "type": "Feature", "properties": { "voltage_kv": 300.0, "from_node": 4, "to_node": 58, "length_km": 146.61965085496607, "delaunay_k": 3, "edge_set": "Delaunay3" }, "geometry": { "type": "LineString", "coordinates": [ [ 5.449219, 60.347337 ], [ 8.088684, 60.511343 ] ] } },
{ "type": "Feature", "properties": { "voltage_kv": 300.0, "from_node": 5, "to_node": 8, "length_km": 85.524432929003751, "delaunay_k": 3, "edge_set": "Delaunay3" }, "geometry": { "type": "LineString", "coordinates": [ [ 5.461578, 59.768152 ], [ 5.623627, 59.00592 ] ] } },
{ "type": "Feature", "properties": { "voltage_kv": 300.0, "from_node": 5, "to_node": 16, "length_km": 106.07027448815212, "delaunay_k": 3, "edge_set": "Delaunay3" }, "geometry": { "type": "LineString", "coordinates": [ [ 5.461578, 59.768152 ], [ 6.100159, 60.664433 ] ] } },
{ "type": "Feature", "properties": { "voltage_kv": 300.0, "from_node": 5, "to_node": 22, "length_km": 67.56864804961856, "delaunay_k": 3, "edge_set": "Delaunay3" }, "geometry": { "type": "LineString", "coordinates": [ [ 5.461578, 59.768152 ], [ 6.491547, 59.460431 ] ] } },
{ "type": "Feature", "properties": { "voltage_kv": 300.0, "from_node": 5, "to_node": 25, "length_km": 75.387228842214284, "delaunay_k": 3, "edge_set": "Delaunay3" }, "geometry": { "type": "LineString", "coordinates": [ [ 5.461578, 59.768152 ], [ 6.650848, 59.461826 ] ] } },
{ "type": "Feature", "properties": { "voltage_kv": 300.0, "from_node": 5, "to_node": 26, "length_km": 84.810741933132292, "delaunay_k": 3, "edge_set": "Delaunay3" }, "geometry": { "type": "LineString", "coordinates": [ [ 5.461578, 59.768152 ], [ 6.663208, 59.314272 ] ] } },
{ "type": "Feature", "properties": { "voltage_kv": 300.0, "from_node": 5, "to_node": 32, "length_km": 86.367705040091238, "delaunay_k": 3, "edge_set": "Delaunay3" }, "geometry": { "type": "LineString", "coordinates": [ [ 5.461578, 59.768152 ], [ 6.797791, 60.156543 ] ] } },
{ "type": "Feature", "properties": { "voltage_kv": 300.0, "from_node": 5, "to_node": 38, "length_km": 85.002536802373058, "delaunay_k": 3, "edge_set": "Delaunay3" }, "geometry": { "type": "LineString", "coordinates": [ [ 5.461578, 59.768152 ], [ 6.968079, 59.837916 ] ] } },
{ "type": "Feature", "properties": { "voltage_kv": 300.0, "from_node": 5, "to_node": 40, "length_km": 91.059088885345616, "delaunay_k": 3, "edge_set": "Delaunay3" }, "geometry": { "type": "LineString", "coordinates": [ [ 5.461578, 59.768152 ], [ 7.080688, 59.777831 ] ] } },
{ "type": "Feature", "properties": { "voltage_kv": 300.0, "from_node": 5, "to_node": 41, "length_km": 91.553565877175643, "delaunay_k": 3, "edge_set": "Delaunay3" }, "geometry": { "type": "LineString", "coordinates": [ [ 5.461578, 59.768152 ], [ 7.086182, 59.725947 ] ] } },
{ "type": "Feature", "properties": { "voltage_kv": 300.0, "from_node": 6, "to_node": 15, "length_km": 96.261556865086135, "delaunay_k": 3, "edge_set": "Delaunay3" }, "geometry": { "type": "LineString", "coordinates": [ [ 5.494537, 60.42131 ], [ 6.093292, 61.233245 ] ] } },
{ "type": "Feature", "properties": { "voltage_kv": 300.0, "from_node": 6, "to_node": 17, "length_km": 70.519904527106974, "delaunay_k": 3, "edge_set": "Delaunay3" }, "geometry": { "type": "LineString", "coordinates": [ [ 5.494537, 60.42131 ], [ 6.113892, 59.869641 ] ] } },
{ "type": "Feature", "properties": { "voltage_kv": 300.0, "from_node": 6, "to_node": 20, "length_km": 99.003316884779522, "delaunay_k": 3, "edge_set": "Delaunay3" }, "geometry": { "type": "LineString", "coordinates": [ [ 5.494537, 60.42131 ], [ 6.432495, 59.667741 ] ] } },
{ "type": "Feature", "properties": { "voltage_kv": 300.0, "from_node": 6, "to_node": 24, "length_km": 92.344291334815523, "delaunay_k": 3, "edge_set": "Delaunay3" }, "geometry": { "type": "LineString", "coordinates": [ [ 5.494537, 60.42131 ], [ 6.60965, 61.043662 ] ] } },
{ "type": "Feature", "properties": { "voltage_kv": 300.0, "from_node": 6, "to_node": 28, "length_km": 77.768039082342995, "delaunay_k": 3, "edge_set": "Delaunay3" }, "geometry": { "type": "LineString", "coordinates": [ [ 5.494537, 60.42131 ], [ 6.70166, 60.066211 ] ] } },
{ "type": "Feature", "properties": { "voltage_kv": 300.0, "from_node": 6, "to_node": 34, "length_km": 106.88676034463465, "delaunay_k": 3, "edge_set": "Delaunay3" }, "geometry": { "type": "LineString", "coordinates": [ [ 5.494537, 60.42131 ], [ 6.871948, 61.10278 ] ] } },
{ "type": "Feature", "properties": { "voltage_kv": 300.0, "from_node": 6, "to_node": 38, "length_km": 104.65826387371827, "delaunay_k": 3, "edge_set": "Delaunay3" }, "geometry": { "type": "LineString", "coordinates": [ [ 5.494537, 60.42131 ], [ 6.968079, 59.837916 ] ] } },
{ "type": "Feature", "properties": { "voltage_kv": 300.0, "from_node": 6, "to_node": 47, "length_km": 133.28421972487143, "delaunay_k": 3, "edge_set": "Delaunay3" }, "geometry": { "type": "LineString", "coordinates": [ [ 5.494537, 60.42131 ], [ 7.338867, 61.206798 ] ] } },
{ "type": "Feature", "properties": { "voltage_kv": 300.0, "from_node": 6, "to_node": 48, "length_km": 123.5658748180753, "delaunay_k": 3, "edge_set": "Delaunay3" }, "geometry": { "type": "LineString", "coordinates": [ [ 5.494537, 60.42131 ], [ 7.34024, 59.805469 ] ] } },
{ "type": "Feature", "properties": { "voltage_kv": 300.0, "from_node": 6, "to_node": 56, "length_km": 148.24249968083544, "delaunay_k": 3, "edge_set": "Delaunay3" }, "geometry": { "type": "LineString", "coordinates": [ [ 5.494537, 60.42131 ], [ 7.892303, 61.044991 ] ] } },
{ "type": "Feature", "properties": { "voltage_kv": 300.0, "from_node": 6, "to_node": 58, "length_km": 143.16606683745709, "delaunay_k": 3, "edge_set": "Delaunay3" }, "geometry": { "type": "LineString", "coordinates": [ [ 5.494537, 60.42131 ], [ 8.088684, 60.511343 ] ] } },
{ "type": "Feature", "properties": { "voltage_kv": 300.0, "from_node": 7, "to_node": 11, "length_km": 150.72418503626511, "delaunay_k": 3, "edge_set": "Delaunay3" }, "geometry": { "type": "LineString", "coordinates": [ [ 5.568695, 59.317075 ], [ 5.847473, 60.661069 ] ] } },
{ "type": "Feature", "properties": { "voltage_kv": 300.0, "from_node": 7, "to_node": 12, "length_km": 69.710736646844126, "delaunay_k": 3, "edge_set": "Delaunay3" }, "geometry": { "type": "LineString", "coordinates": [ [ 5.568695, 59.317075 ], [ 5.868073, 59.923367 ] ] } },
{ "type": "Feature", "properties": { "voltage_kv": 300.0, "from_node": 7, "to_node": 14, "length_km": 93.186837111264978, "delaunay_k": 3, "edge_set": "Delaunay3" }, "geometry": { "type": "LineString", "coordinates": [ [ 5.568695, 59.317075 ], [ 6.008148, 58.513066 ] ] } },
{ "type": "Feature", "properties": { "voltage_kv": 300.0, "from_node": 7, "to_node": 17, "length_km": 68.911864638971366, "delaunay_k": 3, "edge_set": "Delaunay3" }, "geometry": { "type": "LineString", "coordinates": [ [ 5.568695, 59.317075 ], [ 6.113892, 59.869641 ] ] } },
{ "type": "Feature", "properties": { "voltage_kv": 300.0, "from_node": 7, "to_node": 29, "length_km": 90.796856131839249, "delaunay_k": 3, "edge_set": "Delaunay3" }, "geometry": { "type": "LineString", "coordinates": [ [ 5.568695, 59.317075 ], [ 6.745605, 59.871019 ] ] } },
{ "type": "Feature", "properties": { "voltage_kv": 300.0, "from_node": 7, "to_node": 30, "length_km": 83.891806093036365, "delaunay_k": 3, "edge_set": "Delaunay3" }, "geometry": { "type": "LineString", "coordinates": [ [ 5.568695, 59.317075 ], [ 6.756592, 58.878393 ] ] } },
{ "type": "Feature", "properties": { "voltage_kv": 300.0, "from_node": 7, "to_node": 36, "length_km": 89.18357319478342, "delaunay_k": 3, "edge_set": "Delaunay3" }, "geometry": { "type": "LineString", "coordinates": [ [ 5.568695, 59.317075 ], [ 6.892548, 58.897552 ] ] } },
{ "type": "Feature", "properties": { "voltage_kv": 300.0, "from_node": 7, "to_node": 38, "length_km": 98.178734098631637, "delaunay_k": 3, "edge_set": "Delaunay3" }, "geometry": { "type": "LineString", "coordinates": [ [ 5.568695, 59.317075 ], [ 6.968079, 59.837916 ] ] } },
{ "type": "Feature", "properties": { "voltage_kv": 300.0, "from_node": 7, "to_node": 40, "length_km": 99.836001855659362, "delaunay_k": 3, "edge_set": "Delaunay3" }, "geometry": { "type": "LineString", "coordinates": [ [ 5.568695, 59.317075 ], [ 7.080688, 59.777831 ] ] } },
{ "type": "Feature", "properties": { "voltage_kv": 300.0, "from_node": 7, "to_node": 41, "length_km": 97.318570380035396, "delaunay_k": 3, "edge_set": "Delaunay3" }, "geometry": { "type": "LineString", "coordinates": [ [ 5.568695, 59.317075 ], [ 7.086182, 59.725947 ] ] } },
{ "type": "Feature", "properties": { "voltage_kv": 300.0, "from_node": 7, "to_node": 44, "length_km": 95.872292666070464, "delaunay_k": 3, "edge_set": "Delaunay3" }, "geometry": { "type": "LineString", "coordinates": [ [ 5.568695, 59.317075 ], [ 7.120514, 58.994604 ] ] } },
{ "type": "Feature", "properties": { "voltage_kv": 300.0, "from_node": 7, "to_node": 57, "length_km": 133.62134484035522, "delaunay_k": 3, "edge_set": "Delaunay3" }, "geometry": { "type": "LineString", "coordinates": [ [ 5.568695, 59.317075 ], [ 7.901917, 59.457639 ] ] } },
{ "type": "Feature", "properties": { "voltage_kv": 300.0, "from_node": 8, "to_node": 20, "length_km": 87.014758943491984, "delaunay_k": 3, "edge_set": "Delaunay3" }, "geometry": { "type": "LineString", "coordinates": [ [ 5.623627, 59.00592 ], [ 6.432495, 59.667741 ] ] } },
{ "type": "Feature", "properties": { "voltage_kv": 300.0, "from_node": 8, "to_node": 23, "length_km": 88.84413616678809, "delaunay_k": 3, "edge_set": "Delaunay3" }, "geometry": { "type": "LineString", "coordinates": [ [ 5.623627, 59.00592 ], [ 6.554718, 58.373638 ] ] } },
{ "type": "Feature", "properties": { "voltage_kv": 300.0, "from_node": 8, "to_node": 31, "length_km": 119.68841747772161, "delaunay_k": 3, "edge_set": "Delaunay3" }, "geometry": { "type": "LineString", "coordinates": [ [ 5.623627, 59.00592 ], [ 6.764832, 58.11344 ] ] } },
{ "type": "Feature", "properties": { "voltage_kv": 300.0, "from_node": 8, "to_node": 33, "length_km": 79.333236327735094, "delaunay_k": 3, "edge_set": "Delaunay3" }, "geometry": { "type": "LineString", "coordinates": [ [ 5.623627, 59.00592 ], [ 6.82251, 58.659799 ] ] } },
{ "type": "Feature", "properties": { "voltage_kv": 300.0, "from_node": 8, "to_node": 37, "length_km": 107.22889305217909, "delaunay_k": 3, "edge_set": "Delaunay3" }, "geometry": { "type": "LineString", "coordinates": [ [ 5.623627, 59.00592 ], [ 6.904907, 59.710712 ] ] } },
{ "type": "Feature", "properties": { "voltage_kv": 300.0, "from_node": 8, "to_node": 41, "length_km": 115.65451309121073, "delaunay_k": 3, "edge_set": "Delaunay3" }, "geometry": { "type": "LineString", "coordinates": [ [ 5.623627, 59.00592 ], [ 7.086182, 59.725947 ] ] } },
{ "type": "Feature", "properties": { "voltage_kv": 300.0, "from_node": 8, "to_node": 42, "length_km": 87.925471538738435, "delaunay_k": 3, "edge_set": "Delaunay3" }, "geometry": { "type": "LineString", "coordinates": [ [ 5.623627, 59.00592 ], [ 7.115021, 58.841464 ] ] } },
{ "type": "Feature", "properties": { "voltage_kv": 300.0, "from_node": 8, "to_node": 44, "length_km": 86.126657111832259, "delaunay_k": 3, "edge_set": "Delaunay3" }, "geometry": { "type": "LineString", "coordinates": [ [ 5.623627, 59.00592 ], [ 7.120514, 58.994604 ] ] } },
{ "type": "Feature", "properties": { "voltage_kv": 300.0, "from_node": 8, "to_node": 57, "length_km": 139.56912391844722, "delaunay_k": 3, "edge_set": "Delaunay3" }, "geometry": { "type": "LineString", "coordinates": [ [ 5.623627, 59.00592 ], [ 7.901917, 59.457639 ] ] } },
{ "type": "Feature", "properties": { "voltage_kv": 300.0, "from_node": 9, "to_node": 21, "length_km": 83.96297702696404, "delaunay_k": 3, "edge_set": "Delaunay3" }, "geometry": { "type": "LineString", "coordinates": [ [ 5.715637, 58.926626 ], [ 6.481934, 59.569114 ] ] } },
{ "type": "Feature", "properties": { "voltage_kv": 300.0, "from_node": 9, "to_node": 22, "length_km": 74.259341000416285, "delaunay_k": 3, "edge_set": "Delaunay3" }, "geometry": { "type": "LineString", "coordinates": [ [ 5.715637, 58.926626 ], [ 6.491547, 59.460431 ] ] } },
{ "type": "Feature", "properties": { "voltage_kv": 300.0, "from_node": 9, "to_node": 23, "length_km": 78.617998162209375, "delaunay_k": 3, "edge_set": "Delaunay3" }, "geometry": { "type": "LineString", "coordinates": [ [ 5.715637, 58.926626 ], [ 6.554718, 58.373638 ] ] } },
{ "type": "Feature", "properties": { "voltage_kv": 300.0, "from_node": 9, "to_node": 25, "length_km": 80.154218457424051, "delaunay_k": 3, "edge_set": "Delaunay3" }, "geometry": { "type": "LineString", "coordinates": [ [ 5.715637, 58.926626 ], [ 6.650848, 59.461826 ] ] } },
{ "type": "Feature", "properties": { "voltage_kv": 300.0, "from_node": 9, "to_node": 31, "length_km": 109.39602003373625, "delaunay_k": 3, "edge_set": "Delaunay3" }, "geometry": { "type": "LineString", "coordinates": [ [ 5.715637, 58.926626 ], [ 6.764832, 58.11344 ] ] } },
{ "type": "Feature", "properties": { "voltage_kv": 300.0, "from_node": 9, "to_node": 33, "length_km": 70.63669482794819, "delaunay_k": 3, "edge_set": "Delaunay3" }, "geometry": { "type": "LineString", "coordinates": [ [ 5.715637, 58.926626 ], [ 6.82251, 58.659799 ] ] } },
{ "type": "Feature", "properties": { "voltage_kv": 300.0, "from_node": 9, "to_node": 42, "length_km": 81.334504227518551, "delaunay_k": 3, "edge_set": "Delaunay3" }, "geometry": { "type": "LineString", "coordinates": [ [ 5.715637, 58.926626 ], [ 7.115021, 58.841464 ] ] } },
{ "type": "Feature", "properties": { "voltage_kv": 300.0, "from_node": 9, "to_node": 43, "length_km": 83.262224200949873, "delaunay_k": 3, "edge_set": "Delaunay3" }, "geometry": { "type": "LineString", "coordinates": [ [ 5.715637, 58.926626 ], [ 7.119141, 59.110423 ] ] } },
{ "type": "Feature", "properties": { "voltage_kv": 300.0, "from_node": 9, "to_node": 44, "length_km": 81.269954836988234, "delaunay_k": 3, "edge_set": "Delaunay3" }, "geometry": { "type": "LineString", "coordinates": [ [ 5.715637, 58.926626 ], [ 7.120514, 58.994604 ] ] } },
{ "type": "Feature", "properties": { "voltage_kv": 300.0, "from_node": 10, "to_node": 21, "length_km": 92.618303601605305, "delaunay_k": 3, "edge_set": "Delaunay3" }, "geometry": { "type": "LineString", "coordinates": [ [ 5.756836, 58.82654 ], [ 6.481934, 59.569114 ] ] } },
{ "type": "Feature", "properties": { "voltage_kv": 300.0, "from_node": 10, "to_node": 22, "length_km": 82.275066984420903, "delaunay_k": 3, "edge_set": "Delaunay3" }, "geometry": { "type": "LineString", "coordinates": [ [ 5.756836, 58.82654 ], [ 6.491547, 59.460431 ] ] } },
{ "type": "Feature", "properties": { "voltage_kv": 300.0, "from_node": 10, "to_node": 25, "length_km": 87.420429402528768, "delaunay_k": 3, "edge_set": "Delaunay3" }, "geometry": { "type": "LineString", "coordinates": [ [ 5.756836, 58.82654 ], [ 6.650848, 59.461826 ] ] } },
{ "type": "Feature", "properties": { "voltage_kv": 300.0, "from_node": 10, "to_node": 39, "length_km": 94.668305432450467, "delaunay_k": 3, "edge_set": "Delaunay3" }, "geometry": { "type": "LineString", "coordinates": [ [ 5.756836, 58.82654 ], [ 7.001038, 58.28062 ] ] } },
{ "type": "Feature", "properties": { "voltage_kv": 300.0, "from_node": 10, "to_node": 42, "length_km": 78.530687543696473, "delaunay_k": 3, "edge_set": "Delaunay3" }, "geometry": { "type": "LineString", "coordinates": [ [ 5.756836, 58.82654 ], [ 7.115021, 58.841464 ] ] } },
{ "type": "Feature", "properties": { "voltage_kv": 300.0, "from_node": 10, "to_node": 43, "length_km": 84.590339740083664, "delaunay_k": 3, "edge_set": "Delaunay3" }, "geometry": { "type": "LineString", "coordinates": [ [ 5.756836, 58.82654 ], [ 7.119141, 59.110423 ] ] } },
{ "type": "Feature", "properties": { "voltage_kv": 300.0, "from_node": 10, "to_node": 44, "length_km": 80.857522272968225, "delaunay_k": 3, "edge_set": "Delaunay3" }, "geometry": { "type": "LineString", "coordinates": [ [ 5.756836, 58.82654 ], [ 7.120514, 58.994604 ] ] } },
{ "type": "Feature", "properties": { "voltage_kv": 300.0, "from_node": 10, "to_node": 59, "length_km": 151.33826972766434, "delaunay_k": 3, "edge_set": "Delaunay3" }, "geometry": { "type": "LineString", "coordinates": [ [ 5.756836, 58.82654 ], [ 8.102417, 58.2445 ] ] } },
{ "type": "Feature", "properties": { "voltage_kv": 300.0, "from_node": 11, "to_node": 12, "length_km": 82.292404347228313, "delaunay_k": 3, "edge_set": "Delaunay3" }, "geometry": { "type": "LineString", "coordinates": [ [ 5.847473, 60.661069 ], [ 5.868073, 59.923367 ] ] } },
{ "type": "Feature", "properties": { "voltage_kv": 300.0, "from_node": 11, "to_node": 17, "length_km": 89.498315078109087, "delaunay_k": 3, "edge_set": "Delaunay3" }, "geometry": { "type": "LineString", "coordinates": [ [ 5.847473, 60.661069 ], [ 6.113892, 59.869641 ] ] } },
{ "type": "Feature", "properties": { "voltage_kv": 300.0, "from_node": 11, "to_node": 20, "length_km": 115.45546088498907, "delaunay_k": 3, "edge_set": "Delaunay3" }, "geometry": { "type": "LineString", "coordinates": [ [ 5.847473, 60.661069 ], [ 6.432495, 59.667741 ] ] } },
{ "type": "Feature", "properties": { "voltage_kv": 300.0, "from_node": 11, "to_node": 21, "length_km": 126.79718083957701, "delaunay_k": 3, "edge_set": "Delaunay3" }, "geometry": { "type": "LineString", "coordinates": [ [ 5.847473, 60.661069 ], [ 6.481934, 59.569114 ] ] } },
{ "type": "Feature", "properties": { "voltage_kv": 300.0, "from_node": 11, "to_node": 28, "length_km": 81.408028154979462, "delaunay_k": 3, "edge_set": "Delaunay3" }, "geometry": { "type": "LineString", "coordinates": [ [ 5.847473, 60.661069 ], [ 6.70166, 60.066211 ] ] } },
{ "type": "Feature", "properties": { "voltage_kv": 300.0, "from_node": 11, "to_node": 34, "length_km": 74.348026840566888, "delaunay_k": 3, "edge_set": "Delaunay3" }, "geometry": { "type": "LineString", "coordinates": [ [ 5.847473, 60.661069 ], [ 6.871948, 61.10278 ] ] } },
{ "type": "Feature", "properties": { "voltage_kv": 300.0, "from_node": 11, "to_node": 38, "length_km": 110.83307173353039, "delaunay_k": 3, "edge_set": "Delaunay3" }, "geometry": { "type": "LineString", "coordinates": [ [ 5.847473, 60.661069 ], [ 6.968079, 59.837916 ] ] } },
{ "type": "Feature", "properties": { "voltage_kv": 300.0, "from_node": 11, "to_node": 46, "length_km": 102.92317278299197, "delaunay_k": 3, "edge_set": "Delaunay3" }, "geometry": { "type": "LineString", "coordinates": [ [ 5.847473, 60.661069 ], [ 7.293549, 61.259009 ] ] } },
{ "type": "Feature", "properties": { "voltage_kv": 300.0, "from_node": 11, "to_node": 47, "length_km": 101.25464849015223, "delaunay_k": 3, "edge_set": "Delaunay3" }, "geometry": { "type": "LineString", "coordinates": [ [ 5.847473, 60.661069 ], [ 7.338867, 61.206798 ] ] } },
{ "type": "Feature", "properties": { "voltage_kv": 300.0, "from_node": 11, "to_node": 48, "length_km": 126.30703291918891, "delaunay_k": 3, "edge_set": "Delaunay3" }, "geometry": { "type": "LineString", "coordinates": [ [ 5.847473, 60.661069 ], [ 7.34024, 59.805469 ] ] } },
{ "type": "Feature", "properties": { "voltage_kv": 300.0, "from_node": 11, "to_node": 50, "length_km": 131.82568951379358, "delaunay_k": 3, "edge_set": "Delaunay3" }, "geometry": { "type": "LineString", "coordinates": [ [ 5.847473, 60.661069 ], [ 7.410278, 61.569805 ] ] } },
{ "type": "Feature", "properties": { "voltage_kv": 300.0, "from_node": 11, "to_node": 56, "length_km": 119.18048641584527, "delaunay_k": 3, "edge_set": "Delaunay3" }, "geometry": { "type": "LineString", "coordinates": [ [ 5.847473, 60.661069 ], [ 7.892303, 61.044991 ] ] } },
{ "type": "Feature", "properties": { "voltage_kv": 300.0, "from_node": 11, "to_node": 58, "length_km": 124.05019109077124, "delaunay_k": 3, "edge_set": "Delaunay3" }, "geometry": { "type": "LineString", "coordinates": [ [ 5.847473, 60.661069 ], [ 8.088684, 60.511343 ] ] } },
{ "type": "Feature", "properties": { "voltage_kv": 300.0, "from_node": 12, "to_node": 13, "length_km": 102.04340451086634, "delaunay_k": 3, "edge_set": "Delaunay3" }, "geometry": { "type": "LineString", "coordinates": [ [ 5.868073, 59.923367 ], [ 5.968323, 60.836881 ] ] } },
{ "type": "Feature", "properties": { "voltage_kv": 300.0, "from_node": 12, "to_node": 15, "length_km": 146.62419603354911, "delaunay_k": 3, "edge_set": "Delaunay3" }, "geometry": { "type": "LineString", "coordinates": [ [ 5.868073, 59.923367 ], [ 6.093292, 61.233245 ] ] } },
{ "type": "Feature", "properties": { "voltage_kv": 300.0, "from_node": 12, "to_node": 16, "length_km": 83.648223973168484, "delaunay_k": 3, "edge_set": "Delaunay3" }, "geometry": { "type": "LineString", "coordinates": [ [ 5.868073, 59.923367 ], [ 6.100159, 60.664433 ] ] } },
{ "type": "Feature", "properties": { "voltage_kv": 300.0, "from_node": 12, "to_node": 21, "length_km": 52.483511868599251, "delaunay_k": 3, "edge_set": "Delaunay3" }, "geometry": { "type": "LineString", "coordinates": [ [ 5.868073, 59.923367 ], [ 6.481934, 59.569114 ] ] } },
{ "type": "Feature", "properties": { "voltage_kv": 300.0, "from_node": 12, "to_node": 37, "length_km": 62.872015926469849, "delaunay_k": 3, "edge_set": "Delaunay3" }, "geometry": { "type": "LineString", "coordinates": [ [ 5.868073, 59.923367 ], [ 6.904907, 59.710712 ] ] } },
{ "type": "Feature", "properties": { "voltage_kv": 300.0, "from_node": 12, "to_node": 38, "length_km": 62.389590555174323, "delaunay_k": 3, "edge_set": "Delaunay3" }, "geometry": { "type": "LineString", "coordinates": [ [ 5.868073, 59.923367 ], [ 6.968079, 59.837916 ] ] } },
{ "type": "Feature", "properties": { "voltage_kv": 300.0, "from_node": 12, "to_node": 45, "length_km": 136.52794643998601, "delaunay_k": 3, "edge_set": "Delaunay3" }, "geometry": { "type": "LineString", "coordinates": [ [ 5.868073, 59.923367 ], [ 7.216644, 60.950443 ] ] } },
{ "type": "Feature", "properties": { "voltage_kv": 300.0, "from_node": 12, "to_node": 48, "length_km": 83.592252388162521, "delaunay_k": 3, "edge_set": "Delaunay3" }, "geometry": { "type": "LineString", "coordinates": [ [ 5.868073, 59.923367 ], [ 7.34024, 59.805469 ] ] } },
{ "type": "Feature", "properties": { "voltage_kv": 300.0, "from_node": 12, "to_node": 58, "length_km": 139.53453170968348, "delaunay_k": 3, "edge_set": "Delaunay3" }, "geometry": { "type": "LineString", "coordinates": [ [ 5.868073, 59.923367 ], [ 8.088684, 60.511343 ] ] } },
{ "type": "Feature", "properties": { "voltage_kv": 300.0, "from_node": 13, "to_node": 17, "length_km": 108.17960044546513, "delaunay_k": 3, "edge_set": "Delaunay3" }, "geometry": { "type": "LineString", "coordinates": [ [ 5.968323, 60.836881 ], [ 6.113892, 59.869641 ] ] } },
{ "type": "Feature", "properties": { "voltage_kv": 300.0, "from_node": 13, "to_node": 19, "length_km": 82.251909515755116, "delaunay_k": 3, "edge_set": "Delaunay3" }, "geometry": { "type": "LineString", "coordinates": [ [ 5.968323, 60.836881 ], [ 6.297913, 60.117566 ] ] } },
{ "type": "Feature", "properties": { "voltage_kv": 300.0, "from_node": 13, "to_node": 20, "length_km": 132.90279527053707, "delaunay_k": 3, "edge_set": "Delaunay3" }, "geometry": { "type": "LineString", "coordinates": [ [ 5.968323, 60.836881 ], [ 6.432495, 59.667741 ] ] } },
{ "type": "Feature", "properties": { "voltage_kv": 300.0, "from_node": 13, "to_node": 21, "length_km": 144.23192287474188, "delaunay_k": 3, "edge_set": "Delaunay3" }, "geometry": { "type": "LineString", "coordinates": [ [ 5.968323, 60.836881 ], [ 6.481934, 59.569114 ] ] } },
{ "type": "Feature", "properties": { "voltage_kv": 300.0, "from_node": 13, "to_node": 32, "length_km": 88.534595360546348, "delaunay_k": 3, "edge_set": "Delaunay3" }, "geometry": { "type": "LineString", "coordinates": [ [ 5.968323, 60.836881 ], [ 6.797791, 60.156543 ] ] } },
{ "type": "Feature", "properties": { "voltage_kv": 300.0, "from_node": 13, "to_node": 47, "length_km": 84.86252318384571, "delaunay_k": 3, "edge_set": "Delaunay3" }, "geometry": { "type": "LineString", "coordinates": [ [ 5.968323, 60.836881 ], [ 7.338867, 61.206798 ] ] } },
{ "type": "Feature", "properties": { "voltage_kv": 300.0, "from_node": 13, "to_node": 51, "length_km": 104.38276486046256, "delaunay_k": 3, "edge_set": "Delaunay3" }, "geometry": { "type": "LineString", "coordinates": [ [ 5.968323, 60.836881 ], [ 7.436371, 61.447302 ] ] } },
{ "type": "Feature", "properties": { "voltage_kv": 300.0, "from_node": 13, "to_node": 52, "length_km": 94.339280529495142, "delaunay_k": 3, "edge_set": "Delaunay3" }, "geometry": { "type": "LineString", "coordinates": [ [ 5.968323, 60.836881 ], [ 7.439117, 61.292669 ] ] } },
{ "type": "Feature", "properties": { "voltage_kv": 300.0, "from_node": 13, "to_node": 53, "length_km": 121.83097466259335, "delaunay_k": 3, "edge_set": "Delaunay3" }, "geometry": { "type": "LineString", "coordinates": [ [ 5.968323, 60.836881 ], [ 7.738495, 61.517456 ] ] } },
{ "type": "Feature", "properties": { "voltage_kv": 300.0, "from_node": 13, "to_node": 56, "length_km": 106.91309717288323, "delaunay_k": 3, "edge_set": "Delaunay3" }, "geometry": { "type": "LineString", "coordinates": [ [ 5.968323, 60.836881 ], [ 7.892303, 61.044991 ] ] } },
{ "type": "Feature", "properties": { "voltage_kv": 300.0, "from_node": 13, "to_node": 58, "length_km": 121.52127501114855, "delaunay_k": 3, "edge_set": "Delaunay3" }, "geometry": { "type": "LineString", "coordinates": [ [ 5.968323, 60.836881 ], [ 8.088684, 60.511343 ] ] } },
{ "type": "Feature", "properties": { "voltage_kv": 300.0, "from_node": 14, "to_node": 26, "length_km": 96.999225177985508, "delaunay_k": 3, "edge_set": "Delaunay3" }, "geometry": { "type": "LineString", "coordinates": [ [ 6.008148, 58.513066 ], [ 6.663208, 59.314272 ] ] } },
{ "type": "Feature", "properties": { "voltage_kv": 300.0, "from_node": 14, "to_node": 35, "length_km": 83.886685655555098, "delaunay_k": 3, "edge_set": "Delaunay3" }, "geometry": { "type": "LineString", "coordinates": [ [ 6.008148, 58.513066 ], [ 6.889801, 59.110423 ] ] } },
{ "type": "Feature", "properties": { "voltage_kv": 300.0, "from_node": 14, "to_node": 44, "length_km": 83.880449747574417, "delaunay_k": 3, "edge_set": "Delaunay3" }, "geometry": { "type": "LineString", "coordinates": [ [ 6.008148, 58.513066 ], [ 7.120514, 58.994604 ] ] } },
{ "type": "Feature", "properties": { "voltage_kv": 300.0, "from_node": 15, "to_node": 17, "length_km": 152.09147818943666, "delaunay_k": 3, "edge_set": "Delaunay3" }, "geometry": { "type": "LineString", "coordinates": [ [ 6.093292, 61.233245 ], [ 6.113892, 59.869641 ] ] } },
{ "type": "Feature", "properties": { "voltage_kv": 300.0, "from_node": 15, "to_node": 18, "length_km": 81.344305968897388, "delaunay_k": 3, "edge_set": "Delaunay3" }, "geometry": { "type": "LineString", "coordinates": [ [ 6.093292, 61.233245 ], [ 6.156464, 60.504583 ] ] } },
{ "type": "Feature", "properties": { "voltage_kv": 300.0, "from_node": 15, "to_node": 32, "length_km": 126.09906989377237, "delaunay_k": 3, "edge_set": "Delaunay3" }, "geometry": { "type": "LineString", "coordinates": [ [ 6.093292, 61.233245 ], [ 6.797791, 60.156543 ] ] } },
{ "type": "Feature", "properties": { "voltage_kv": 300.0, "from_node": 15, "to_node": 56, "length_km": 99.221768519298564, "delaunay_k": 3, "edge_set": "Delaunay3" }, "geometry": { "type": "LineString", "coordinates": [ [ 6.093292, 61.233245 ], [ 7.892303, 61.044991 ] ] } },
{ "type": "Feature", "properties": { "voltage_kv": 300.0, "from_node": 15, "to_node": 58, "length_km": 135.06330598095354, "delaunay_k": 3, "edge_set": "Delaunay3" }, "geometry": { "type": "LineString", "coordinates": [ [ 6.093292, 61.233245 ], [ 8.088684, 60.511343 ] ] } },
{ "type": "Feature", "properties": { "voltage_kv": 300.0, "from_node": 16, "to_node": 17, "length_km": 88.646696555561192, "delaunay_k": 3, "edge_set": "Delaunay3" }, "geometry": { "type": "LineString", "coordinates": [ [ 6.100159, 60.664433 ], [ 6.113892, 59.869641 ] ] } },
{ "type": "Feature", "properties": { "voltage_kv": 300.0, "from_node": 16, "to_node": 28, "length_km": 74.52714760252438, "delaunay_k": 3, "edge_set": "Delaunay3" }, "geometry": { "type": "LineString", "coordinates": [ [ 6.100159, 60.664433 ], [ 6.70166, 60.066211 ] ] } },
{ "type": "Feature", "properties": { "voltage_kv": 300.0, "from_node": 16, "to_node": 38, "length_km": 103.96276854300243, "delaunay_k": 3, "edge_set": "Delaunay3" }, "geometry": { "type": "LineString", "coordinates": [ [ 6.100159, 60.664433 ], [ 6.968079, 59.837916 ] ] } },
{ "type": "Feature", "properties": { "voltage_kv": 300.0, "from_node": 16, "to_node": 46, "length_km": 92.63741506713491, "delaunay_k": 3, "edge_set": "Delaunay3" }, "geometry": { "type": "LineString", "coordinates": [ [ 6.100159, 60.664433 ], [ 7.293549, 61.259009 ] ] } },
{ "type": "Feature", "properties": { "voltage_kv": 300.0, "from_node": 16, "to_node": 48, "length_km": 117.90033565606673, "delaunay_k": 3, "edge_set": "Delaunay3" }, "geometry": { "type": "LineString", "coordinates": [ [ 6.100159, 60.664433 ], [ 7.34024, 59.805469 ] ] } },
{ "type": "Feature", "properties": { "voltage_kv": 300.0, "from_node": 16, "to_node": 50, "length_km": 123.2381685489693, "delaunay_k": 3, "edge_set": "Delaunay3" }, "geometry": { "type": "LineString", "coordinates": [ [ 6.100159, 60.664433 ], [ 7.410278, 61.569805 ] ] } },
{ "type": "Feature", "properties": { "voltage_kv": 300.0, "from_node": 16, "to_node": 52, "length_km": 100.85026057737262, "delaunay_k": 3, "edge_set": "Delaunay3" }, "geometry": { "type": "LineString", "coordinates": [ [ 6.100159, 60.664433 ], [ 7.439117, 61.292669 ] ] } },
{ "type": "Feature", "properties": { "voltage_kv": 300.0, "from_node": 16, "to_node": 53, "length_km": 129.88481729037494, "delaunay_k": 3, "edge_set": "Delaunay3" }, "geometry": { "type": "LineString", "coordinates": [ [ 6.100159, 60.664433 ], [ 7.738495, 61.517456 ] ] } },
{ "type": "Feature", "properties": { "voltage_kv": 300.0, "from_node": 16, "to_node": 54, "length_km": 135.3371597532639, "delaunay_k": 3, "edge_set": "Delaunay3" }, "geometry": { "type": "LineString", "coordinates": [ [ 6.100159, 60.664433 ], [ 7.772827, 59.780596 ] ] } },
{ "type": "Feature", "properties": { "voltage_kv": 300.0, "from_node": 16, "to_node": 60, "length_km": 122.80516803114467, "delaunay_k": 3, "edge_set": "Delaunay3" }, "geometry": { "type": "LineString", "coordinates": [ [ 6.100159, 60.664433 ], [ 8.311157, 60.873666 ] ] } },
{ "type": "Feature", "properties": { "voltage_kv": 300.0, "from_node": 16, "to_node": 63, "length_km": 142.18429824026083, "delaunay_k": 3, "edge_set": "Delaunay3" }, "geometry": { "type": "LineString", "coordinates": [ [ 6.100159, 60.664433 ], [ 8.690186, 60.798714 ] ] } },
{ "type": "Feature", "properties": { "voltage_kv": 300.0, "from_node": 16, "to_node": 64, "length_km": 145.83379536729592, "delaunay_k": 3, "edge_set": "Delaunay3" }, "geometry": { "type": "LineString", "coordinates": [ [ 6.100159, 60.664433 ], [ 8.75885, 60.591688 ] ] } },
{ "type": "Feature", "properties": { "voltage_kv": 300.0, "from_node": 17, "to_node": 22, "length_km": 50.362220176710544, "delaunay_k": 3, "edge_set": "Delaunay3" }, "geometry": { "type": "LineString", "coordinates": [ [ 6.113892, 59.869641 ], [ 6.491547, 59.460431 ] ] } },
{ "type": "Feature", "properties": { "voltage_kv": 300.0, "from_node": 17, "to_node": 25, "length_km": 54.641547636725036, "delaunay_k": 3, "edge_set": "Delaunay3" }, "geometry": { "type": "LineString", "coordinates": [ [ 6.113892, 59.869641 ], [ 6.650848, 59.461826 ] ] } },
{ "type": "Feature", "properties": { "voltage_kv": 300.0, "from_node": 17, "to_node": 40, "length_km": 55.23712375217135, "delaunay_k": 3, "edge_set": "Delaunay3" }, "geometry": { "type": "LineString", "coordinates": [ [ 6.113892, 59.869641 ], [ 7.080688, 59.777831 ] ] } },
{ "type": "Feature", "properties": { "voltage_kv": 300.0, "from_node": 17, "to_node": 41, "length_km": 56.932133381949875, "delaunay_k": 3, "edge_set": "Delaunay3" }, "geometry": { "type": "LineString", "coordinates": [ [ 6.113892, 59.869641 ], [ 7.086182, 59.725947 ] ] } },
{ "type": "Feature", "properties": { "voltage_kv": 300.0, "from_node": 17, "to_node": 45, "length_km": 134.99246784323611, "delaunay_k": 3, "edge_set": "Delaunay3" }, "geometry": { "type": "LineString", "coordinates": [ [ 6.113892, 59.869641 ], [ 7.216644, 60.950443 ] ] } },
{ "type": "Feature", "properties": { "voltage_kv": 300.0, "from_node": 17, "to_node": 48, "length_km": 69.191568211024091, "delaunay_k": 3, "edge_set": "Delaunay3" }, "geometry": { "type": "LineString", "coordinates": [ [ 6.113892, 59.869641 ], [ 7.34024, 59.805469 ] ] } },
{ "type": "Feature", "properties": { "voltage_kv": 300.0, "from_node": 17, "to_node": 58, "length_km": 130.90549844257058, "delaunay_k": 3, "edge_set": "Delaunay3" }, "geometry": { "type": "LineString", "coordinates": [ [ 6.113892, 59.869641 ], [ 8.088684, 60.511343 ] ] } },
{ "type": "Feature", "properties": { "voltage_kv": 300.0, "from_node": 18, "to_node": 20, "length_km": 94.583093440058406, "delaunay_k": 3, "edge_set": "Delaunay3" }, "geometry": { "type": "LineString", "coordinates": [ [ 6.156464, 60.504583 ], [ 6.432495, 59.667741 ] ] } },
{ "type": "Feature", "properties": { "voltage_kv": 300.0, "from_node": 18, "to_node": 29, "length_km": 77.858605423168171, "delaunay_k": 3, "edge_set": "Delaunay3" }, "geometry": { "type": "LineString", "coordinates": [ [ 6.156464, 60.504583 ], [ 6.745605, 59.871019 ] ] } },
{ "type": "Feature", "properties": { "voltage_kv": 300.0, "from_node": 18, "to_node": 37, "length_km": 97.838011693265045, "delaunay_k": 3, "edge_set": "Delaunay3" }, "geometry": { "type": "LineString", "coordinates": [ [ 6.156464, 60.504583 ], [ 6.904907, 59.710712 ] ] } },
{ "type": "Feature", "properties": { "voltage_kv": 300.0, "from_node": 18, "to_node": 40, "length_km": 95.959701809213243, "delaunay_k": 3, "edge_set": "Delaunay3" }, "geometry": { "type": "LineString", "coordinates": [ [ 6.156464, 60.504583 ], [ 7.080688, 59.777831 ] ] } },
{ "type": "Feature", "properties": { "voltage_kv": 300.0, "from_node": 18, "to_node": 46, "length_km": 104.38499028046458, "delaunay_k": 3, "edge_set": "Delaunay3" }, "geometry": { "type": "LineString", "coordinates": [ [ 6.156464, 60.504583 ], [ 7.293549, 61.259009 ] ] } },
{ "type": "Feature", "properties": { "voltage_kv": 300.0, "from_node": 18, "to_node": 49, "length_km": 108.06472759809149, "delaunay_k": 3, "edge_set": "Delaunay3" }, "geometry": { "type": "LineString", "coordinates": [ [ 6.156464, 60.504583 ], [ 7.36908, 59.747402 ] ] } },
{ "type": "Feature", "properties": { "voltage_kv": 300.0, "from_node": 18, "to_node": 52, "length_km": 112.14460362695777, "delaunay_k": 3, "edge_set": "Delaunay3" }, "geometry": { "type": "LineString", "coordinates": [ [ 6.156464, 60.504583 ], [ 7.439117, 61.292669 ] ] } },
{ "type": "Feature", "properties": { "voltage_kv": 300.0, "from_node": 18, "to_node": 53, "length_km": 141.72536441758427, "delaunay_k": 3, "edge_set": "Delaunay3" }, "geometry": { "type": "LineString", "coordinates": [ [ 6.156464, 60.504583 ], [ 7.738495, 61.517456 ] ] } },
{ "type": "Feature", "properties": { "voltage_kv": 300.0, "from_node": 18, "to_node": 54, "length_km": 120.79292912193596, "delaunay_k": 3, "edge_set": "Delaunay3" }, "geometry": { "type": "LineString", "coordinates": [ [ 6.156464, 60.504583 ], [ 7.772827, 59.780596 ] ] } },
{ "type": "Feature", "properties": { "voltage_kv": 300.0, "from_node": 18, "to_node": 60, "length_km": 124.77040954465886, "delaunay_k": 3, "edge_set": "Delaunay3" }, "geometry": { "type": "LineString", "coordinates": [ [ 6.156464, 60.504583 ], [ 8.311157, 60.873666 ] ] } },
{ "type": "Feature", "properties": { "voltage_kv": 300.0, "from_node": 18, "to_node": 62, "length_km": 147.00545653583379, "delaunay_k": 3, "edge_set": "Delaunay3" }, "geometry": { "type": "LineString", "coordinates": [ [ 6.156464, 60.504583 ], [ 8.524017, 59.912353 ] ] } },
{ "type": "Feature", "properties": { "voltage_kv": 300.0, "from_node": 18, "to_node": 63, "length_km": 142.48692782294231, "delaunay_k": 3, "edge_set": "Delaunay3" }, "geometry": { "type": "LineString", "coordinates": [ [ 6.156464, 60.504583 ], [ 8.690186, 60.798714 ] ] } },
{ "type": "Feature", "properties": { "voltage_kv": 300.0, "from_node": 18, "to_node": 64, "length_km": 143.20631725584252, "delaunay_k": 3, "edge_set": "Delaunay3" }, "geometry": { "type": "LineString", "coordinates": [ [ 6.156464, 60.504583 ], [ 8.75885, 60.591688 ] ] } },
{ "type": "Feature", "properties": { "voltage_kv": 300.0, "from_node": 19, "to_node": 21, "length_km": 62.02557882399767, "delaunay_k": 3, "edge_set": "Delaunay3" }, "geometry": { "type": "LineString", "coordinates": [ [ 6.297913, 60.117566 ], [ 6.481934, 59.569114 ] ] } },
{ "type": "Feature", "properties": { "voltage_kv": 300.0, "from_node": 19, "to_node": 24, "length_km": 104.68407779098897, "delaunay_k": 3, "edge_set": "Delaunay3" }, "geometry": { "type": "LineString", "coordinates": [ [ 6.297913, 60.117566 ], [ 6.60965, 61.043662 ] ] } },
{ "type": "Feature", "properties": { "voltage_kv": 300.0, "from_node": 19, "to_node": 34, "length_km": 114.28179540650352, "delaunay_k": 3, "edge_set": "Delaunay3" }, "geometry": { "type": "LineString", "coordinates": [ [ 6.297913, 60.117566 ], [ 6.871948, 61.10278 ] ] } },
{ "type": "Feature", "properties": { "voltage_kv": 300.0, "from_node": 19, "to_node": 37, "length_km": 56.685031908748464, "delaunay_k": 3, "edge_set": "Delaunay3" }, "geometry": { "type": "LineString", "coordinates": [ [ 6.297913, 60.117566 ], [ 6.904907, 59.710712 ] ] } },
{ "type": "Feature", "properties": { "voltage_kv": 300.0, "from_node": 19, "to_node": 40, "length_km": 57.89594823029438, "delaunay_k": 3, "edge_set": "Delaunay3" }, "geometry": { "type": "LineString", "coordinates": [ [ 6.297913, 60.117566 ], [ 7.080688, 59.777831 ] ] } },
{ "type": "Feature", "properties": { "voltage_kv": 300.0, "from_node": 19, "to_node": 47, "length_km": 134.14739176066249, "delaunay_k": 3, "edge_set": "Delaunay3" }, "geometry": { "type": "LineString", "coordinates": [ [ 6.297913, 60.117566 ], [ 7.338867, 61.206798 ] ] } },
{ "type": "Feature", "properties": { "voltage_kv": 300.0, "from_node": 19, "to_node": 49, "length_km": 72.772992433412654, "delaunay_k": 3, "edge_set": "Delaunay3" }, "geometry": { "type": "LineString", "coordinates": [ [ 6.297913, 60.117566 ], [ 7.36908, 59.747402 ] ] } },
{ "type": "Feature", "properties": { "voltage_kv": 300.0, "from_node": 19, "to_node": 54, "length_km": 90.63513311275689, "delaunay_k": 3, "edge_set": "Delaunay3" }, "geometry": { "type": "LineString", "coordinates": [ [ 6.297913, 60.117566 ], [ 7.772827, 59.780596 ] ] } },
{ "type": "Feature", "properties": { "voltage_kv": 300.0, "from_node": 19, "to_node": 56, "length_km": 135.42436616106085, "delaunay_k": 3, "edge_set": "Delaunay3" }, "geometry": { "type": "LineString", "coordinates": [ [ 6.297913, 60.117566 ], [ 7.892303, 61.044991 ] ] } },
{ "type": "Feature", "properties": { "voltage_kv": 300.0, "from_node": 19, "to_node": 60, "length_km": 139.14978804180816, "delaunay_k": 3, "edge_set": "Delaunay3" }, "geometry": { "type": "LineString", "coordinates": [ [ 6.297913, 60.117566 ], [ 8.311157, 60.873666 ] ] } },
{ "type": "Feature", "properties": { "voltage_kv": 300.0, "from_node": 19, "to_node": 62, "length_km": 126.3171106525356, "delaunay_k": 3, "edge_set": "Delaunay3" }, "geometry": { "type": "LineString", "coordinates": [ [ 6.297913, 60.117566 ], [ 8.524017, 59.912353 ] ] } },
{ "type": "Feature", "properties": { "voltage_kv": 300.0, "from_node": 19, "to_node": 63, "length_km": 152.02231249342435, "delaunay_k": 3, "edge_set": "Delaunay3" }, "geometry": { "type": "LineString", "coordinates": [ [ 6.297913, 60.117566 ], [ 8.690186, 60.798714 ] ] } },
{ "type": "Feature", "properties": { "voltage_kv": 300.0, "from_node": 19, "to_node": 64, "length_km": 145.82810088616128, "delaunay_k": 3, "edge_set": "Delaunay3" }, "geometry": { "type": "LineString", "coordinates": [ [ 6.297913, 60.117566 ], [ 8.75885, 60.591688 ] ] } },
{ "type": "Feature", "properties": { "voltage_kv": 300.0, "from_node": 20, "to_node": 26, "length_km": 41.527518718726512, "delaunay_k": 3, "edge_set": "Delaunay3" }, "geometry": { "type": "LineString", "coordinates": [ [ 6.432495, 59.667741 ], [ 6.663208, 59.314272 ] ] } },
{ "type": "Feature", "properties": { "voltage_kv": 300.0, "from_node": 20, "to_node": 32, "length_km": 58.215763460877753, "delaunay_k": 3, "edge_set": "Delaunay3" }, "geometry": { "type": "LineString", "coordinates": [ [ 6.432495, 59.667741 ], [ 6.797791, 60.156543 ] ] } },
{ "type": "Feature", "properties": { "voltage_kv": 300.0, "from_node": 20, "to_node": 43, "length_km": 73.388376532205911, "delaunay_k": 3, "edge_set": "Delaunay3" }, "geometry": { "type": "LineString", "coordinates": [ [ 6.432495, 59.667741 ], [ 7.119141, 59.110423 ] ] } },
{ "type": "Feature", "properties": { "voltage_kv": 300.0, "from_node": 20, "to_node": 48, "length_km": 53.350488694367698, "delaunay_k": 3, "edge_set": "Delaunay3" }, "geometry": { "type": "LineString", "coordinates": [ [ 6.432495, 59.667741 ], [ 7.34024, 59.805469 ] ] } },
{ "type": "Feature", "properties": { "voltage_kv": 300.0, "from_node": 20, "to_node": 49, "length_km": 53.50397066943242, "delaunay_k": 3, "edge_set": "Delaunay3" }, "geometry": { "type": "LineString", "coordinates": [ [ 6.432495, 59.667741 ], [ 7.36908, 59.747402 ] ] } },
{ "type": "Feature", "properties": { "voltage_kv": 300.0, "from_node": 20, "to_node": 57, "length_km": 86.364731281522637, "delaunay_k": 3, "edge_set": "Delaunay3" }, "geometry": { "type": "LineString", "coordinates": [ [ 6.432495, 59.667741 ], [ 7.901917, 59.457639 ] ] } },
{ "type": "Feature", "properties": { "voltage_kv": 300.0, "from_node": 21, "to_node": 27, "length_km": 57.182051256347606, "delaunay_k": 3, "edge_set": "Delaunay3" }, "geometry": { "type": "LineString", "coordinates": [ [ 6.481934, 59.569114 ], [ 6.696167, 59.068096 ] ] } },
{ "type": "Feature", "properties": { "voltage_kv": 300.0, "from_node": 21, "to_node": 28, "length_km": 56.785597499693786, "delaunay_k": 3, "edge_set": "Delaunay3" }, "geometry": { "type": "LineString", "coordinates": [ [ 6.481934, 59.569114 ], [ 6.70166, 60.066211 ] ] } },
{ "type": "Feature", "properties": { "voltage_kv": 300.0, "from_node": 21, "to_node": 32, "length_km": 67.853114374507967, "delaunay_k": 3, "edge_set": "Delaunay3" }, "geometry": { "type": "LineString", "coordinates": [ [ 6.481934, 59.569114 ], [ 6.797791, 60.156543 ] ] } },
{ "type": "Feature", "properties": { "voltage_kv": 300.0, "from_node": 21, "to_node": 35, "length_km": 56.170791999855886, "delaunay_k": 3, "edge_set": "Delaunay3" }, "geometry": { "type": "LineString", "coordinates": [ [ 6.481934, 59.569114 ], [ 6.889801, 59.110423 ] ] } },
{ "type": "Feature", "properties": { "voltage_kv": 300.0, "from_node": 21, "to_node": 44, "length_km": 73.687698593407788, "delaunay_k": 3, "edge_set": "Delaunay3" }, "geometry": { "type": "LineString", "coordinates": [ [ 6.481934, 59.569114 ], [ 7.120514, 58.994604 ] ] } },
{ "type": "Feature", "properties": { "voltage_kv": 300.0, "from_node": 21, "to_node": 48, "length_km": 55.091780794828487, "delaunay_k": 3, "edge_set": "Delaunay3" }, "geometry": { "type": "LineString", "coordinates": [ [ 6.481934, 59.569114 ], [ 7.34024, 59.805469 ] ] } },
{ "type": "Feature", "properties": { "voltage_kv": 300.0, "from_node": 21, "to_node": 49, "length_km": 53.852362918651856, "delaunay_k": 3, "edge_set": "Delaunay3" }, "geometry": { "type": "LineString", "coordinates": [ [ 6.481934, 59.569114 ], [ 7.36908, 59.747402 ] ] } },
{ "type": "Feature", "properties": { "voltage_kv": 300.0, "from_node": 21, "to_node": 57, "length_km": 81.402673687503565, "delaunay_k": 3, "edge_set": "Delaunay3" }, "geometry": { "type": "LineString", "coordinates": [ [ 6.481934, 59.569114 ], [ 7.901917, 59.457639 ] ] } },
{ "type": "Feature", "properties": { "voltage_kv": 300.0, "from_node": 22, "to_node": 29, "length_km": 47.972260047257649, "delaunay_k": 3, "edge_set": "Delaunay3" }, "geometry": { "type": "LineString", "coordinates": [ [ 6.491547, 59.460431 ], [ 6.745605, 59.871019 ] ] } },
{ "type": "Feature", "properties": { "voltage_kv": 300.0, "from_node": 22, "to_node": 30, "length_km": 66.645000199282663, "delaunay_k": 3, "edge_set": "Delaunay3" }, "geometry": { "type": "LineString", "coordinates": [ [ 6.491547, 59.460431 ], [ 6.756592, 58.878393 ] ] } },
{ "type": "Feature", "properties": { "voltage_kv": 300.0, "from_node": 22, "to_node": 36, "length_km": 66.82106048484529, "delaunay_k": 3, "edge_set": "Delaunay3" }, "geometry": { "type": "LineString", "coordinates": [ [ 6.491547, 59.460431 ], [ 6.892548, 58.897552 ] ] } },
{ "type": "Feature", "properties": { "voltage_kv": 300.0, "from_node": 22, "to_node": 38, "length_km": 49.947016683208318, "delaunay_k": 3, "edge_set": "Delaunay3" }, "geometry": { "type": "LineString", "coordinates": [ [ 6.491547, 59.460431 ], [ 6.968079, 59.837916 ] ] } },
{ "type": "Feature", "properties": { "voltage_kv": 300.0, "from_node": 22, "to_node": 40, "length_km": 48.577180014770356, "delaunay_k": 3, "edge_set": "Delaunay3" }, "geometry": { "type": "LineString", "coordinates": [ [ 6.491547, 59.460431 ], [ 7.080688, 59.777831 ] ] } },
{ "type": "Feature", "properties": { "voltage_kv": 300.0, "from_node": 22, "to_node": 44, "length_km": 63.157620836644256, "delaunay_k": 3, "edge_set": "Delaunay3" }, "geometry": { "type": "LineString", "coordinates": [ [ 6.491547, 59.460431 ], [ 7.120514, 58.994604 ] ] } },
{ "type": "Feature", "properties": { "voltage_kv": 300.0, "from_node": 22, "to_node": 49, "length_km": 59.012866454364527, "delaunay_k": 3, "edge_set": "Delaunay3" }, "geometry": { "type": "LineString", "coordinates": [ [ 6.491547, 59.460431 ], [ 7.36908, 59.747402 ] ] } },
{ "type": "Feature", "properties": { "voltage_kv": 300.0, "from_node": 22, "to_node": 57, "length_km": 80.033174851741492, "delaunay_k": 3, "edge_set": "Delaunay3" }, "geometry": { "type": "LineString", "coordinates": [ [ 6.491547, 59.460431 ], [ 7.901917, 59.457639 ] ] } },
{ "type": "Feature", "properties": { "voltage_kv": 300.0, "from_node": 23, "to_node": 27, "length_km": 77.859290942895953, "delaunay_k": 3, "edge_set": "Delaunay3" }, "geometry": { "type": "LineString", "coordinates": [ [ 6.554718, 58.373638 ], [ 6.696167, 59.068096 ] ] } },
{ "type": "Feature", "properties": { "voltage_kv": 300.0, "from_node": 23, "to_node": 35, "length_km": 84.406407678317507, "delaunay_k": 3, "edge_set": "Delaunay3" }, "geometry": { "type": "LineString", "coordinates": [ [ 6.554718, 58.373638 ], [ 6.889801, 59.110423 ] ] } },
{ "type": "Feature", "properties": { "voltage_kv": 300.0, "from_node": 23, "to_node": 44, "length_km": 76.622104169222652, "delaunay_k": 3, "edge_set": "Delaunay3" }, "geometry": { "type": "LineString", "coordinates": [ [ 6.554718, 58.373638 ], [ 7.120514, 58.994604 ] ] } },
{ "type": "Feature", "properties": { "voltage_kv": 300.0, "from_node": 23, "to_node": 66, "length_km": 131.96855678239172, "delaunay_k": 3, "edge_set": "Delaunay3" }, "geometry": { "type": "LineString", "coordinates": [ [ 6.554718, 58.373638 ], [ 8.782196, 58.575413 ] ] } },
{ "type": "Feature", "properties": { "voltage_kv": 300.0, "from_node": 24, "to_node": 28, "length_km": 109.11356798518649, "delaunay_k": 3, "edge_set": "Delaunay3" }, "geometry": { "type": "LineString", "coordinates": [ [ 6.60965, 61.043662 ], [ 6.70166, 60.066211 ] ] } },
{ "type": "Feature", "properties": { "voltage_kv": 300.0, "from_node": 24, "to_node": 38, "length_km": 135.88838717943142, "delaunay_k": 3, "edge_set": "Delaunay3" }, "geometry": { "type": "LineString", "coordinates": [ [ 6.60965, 61.043662 ], [ 6.968079, 59.837916 ] ] } },
{ "type": "Feature", "properties": { "voltage_kv": 300.0, "from_node": 24, "to_node": 48, "length_km": 143.80705439558554, "delaunay_k": 3, "edge_set": "Delaunay3" }, "geometry": { "type": "LineString", "coordinates": [ [ 6.60965, 61.043662 ], [ 7.34024, 59.805469 ] ] } },
{ "type": "Feature", "properties": { "voltage_kv": 300.0, "from_node": 24, "to_node": 51, "length_km": 63.232576041939758, "delaunay_k": 3, "edge_set": "Delaunay3" }, "geometry": { "type": "LineString", "coordinates": [ [ 6.60965, 61.043662 ], [ 7.436371, 61.447302 ] ] } },
{ "type": "Feature", "properties": { "voltage_kv": 300.0, "from_node": 24, "to_node": 52, "length_km": 52.597359646060127, "delaunay_k": 3, "edge_set": "Delaunay3" }, "geometry": { "type": "LineString", "coordinates": [ [ 6.60965, 61.043662 ], [ 7.439117, 61.292669 ] ] } },
{ "type": "Feature", "properties": { "voltage_kv": 300.0, "from_node": 24, "to_node": 53, "length_km": 80.374749748997715, "delaunay_k": 3, "edge_set": "Delaunay3" }, "geometry": { "type": "LineString", "coordinates": [ [ 6.60965, 61.043662 ], [ 7.738495, 61.517456 ] ] } },
{ "type": "Feature", "properties": { "voltage_kv": 300.0, "from_node": 24, "to_node": 60, "length_km": 94.158330945337838, "delaunay_k": 3, "edge_set": "Delaunay3" }, "geometry": { "type": "LineString", "coordinates": [ [ 6.60965, 61.043662 ], [ 8.311157, 60.873666 ] ] } },
{ "type": "Feature", "properties": { "voltage_kv": 300.0, "from_node": 24, "to_node": 63, "length_km": 116.15751309786388, "delaunay_k": 3, "edge_set": "Delaunay3" }, "geometry": { "type": "LineString", "coordinates": [ [ 6.60965, 61.043662 ], [ 8.690186, 60.798714 ] ] } },
{ "type": "Feature", "properties": { "voltage_kv": 300.0, "from_node": 24, "to_node": 64, "length_km": 127.39103068694834, "delaunay_k": 3, "edge_set": "Delaunay3" }, "geometry": { "type": "LineString", "coordinates": [ [ 6.60965, 61.043662 ], [ 8.75885, 60.591688 ] ] } },
{ "type": "Feature", "properties": { "voltage_kv": 300.0, "from_node": 25, "to_node": 28, "length_km": 67.45025026393391, "delaunay_k": 3, "edge_set": "Delaunay3" }, "geometry": { "type": "LineString", "coordinates": [ [ 6.650848, 59.461826 ], [ 6.70166, 60.066211 ] ] } },
{ "type": "Feature", "properties": { "voltage_kv": 300.0, "from_node": 25, "to_node": 30, "length_km": 65.329788721544276, "delaunay_k": 3, "edge_set": "Delaunay3" }, "geometry": { "type": "LineString", "coordinates": [ [ 6.650848, 59.461826 ], [ 6.756592, 58.878393 ] ] } },
{ "type": "Feature", "properties": { "voltage_kv": 300.0, "from_node": 25, "to_node": 32, "length_km": 77.899275756498895, "delaunay_k": 3, "edge_set": "Delaunay3" }, "geometry": { "type": "LineString", "coordinates": [ [ 6.650848, 59.461826 ], [ 6.797791, 60.156543 ] ] } },
{ "type": "Feature", "properties": { "voltage_kv": 300.0, "from_node": 25, "to_node": 36, "length_km": 64.413474497255706, "delaunay_k": 3, "edge_set": "Delaunay3" }, "geometry": { "type": "LineString", "coordinates": [ [ 6.650848, 59.461826 ], [ 6.892548, 58.897552 ] ] } },
{ "type": "Feature", "properties": { "voltage_kv": 300.0, "from_node": 25, "to_node": 42, "length_km": 74.093552694864684, "delaunay_k": 3, "edge_set": "Delaunay3" }, "geometry": { "type": "LineString", "coordinates": [ [ 6.650848, 59.461826 ], [ 7.115021, 58.841464 ] ] } },
{ "type": "Feature", "properties": { "voltage_kv": 300.0, "from_node": 25, "to_node": 48, "length_km": 54.61314929105275, "delaunay_k": 3, "edge_set": "Delaunay3" }, "geometry": { "type": "LineString", "coordinates": [ [ 6.650848, 59.461826 ], [ 7.34024, 59.805469 ] ] } },
{ "type": "Feature", "properties": { "voltage_kv": 300.0, "from_node": 25, "to_node": 54, "length_km": 72.646334316277631, "delaunay_k": 3, "edge_set": "Delaunay3" }, "geometry": { "type": "LineString", "coordinates": [ [ 6.650848, 59.461826 ], [ 7.772827, 59.780596 ] ] } },
{ "type": "Feature", "properties": { "voltage_kv": 300.0, "from_node": 25, "to_node": 55, "length_km": 68.82122377384583, "delaunay_k": 3, "edge_set": "Delaunay3" }, "geometry": { "type": "LineString", "coordinates": [ [ 6.650848, 59.461826 ], [ 7.819519, 59.632352 ] ] } },
{ "type": "Feature", "properties": { "voltage_kv": 300.0, "from_node": 25, "to_node": 67, "length_km": 126.12437297698629, "delaunay_k": 3, "edge_set": "Delaunay3" }, "geometry": { "type": "LineString", "coordinates": [ [ 6.650848, 59.461826 ], [ 8.87146, 59.422728 ] ] } },
{ "type": "Feature", "properties": { "voltage_kv": 300.0, "from_node": 25, "to_node": 68, "length_km": 126.29274681456114, "delaunay_k": 3, "edge_set": "Delaunay3" }, "geometry": { "type": "LineString", "coordinates": [ [ 6.650848, 59.461826 ], [ 8.87558, 59.525961 ] ] } },
{ "type": "Feature", "properties": { "voltage_kv": 300.0, "from_node": 26, "to_node": 29, "length_km": 62.250765134916392, "delaunay_k": 3, "edge_set": "Delaunay3" }, "geometry": { "type": "LineString", "coordinates": [ [ 6.663208, 59.314272 ], [ 6.745605, 59.871019 ] ] } },
{ "type": "Feature", "properties": { "voltage_kv": 300.0, "from_node": 26, "to_node": 33, "length_km": 73.540352493578098, "delaunay_k": 3, "edge_set": "Delaunay3" }, "geometry": { "type": "LineString", "coordinates": [ [ 6.663208, 59.314272 ], [ 6.82251, 58.659799 ] ] } },
{ "type": "Feature", "properties": { "voltage_kv": 300.0, "from_node": 26, "to_node": 38, "length_km": 60.875776018020282, "delaunay_k": 3, "edge_set": "Delaunay3" }, "geometry": { "type": "LineString", "coordinates": [ [ 6.663208, 59.314272 ], [ 6.968079, 59.837916 ] ] } },
{ "type": "Feature", "properties": { "voltage_kv": 300.0, "from_node": 26, "to_node": 40, "length_km": 56.829125293975402, "delaunay_k": 3, "edge_set": "Delaunay3" }, "geometry": { "type": "LineString", "coordinates": [ [ 6.663208, 59.314272 ], [ 7.080688, 59.777831 ] ] } },
{ "type": "Feature", "properties": { "voltage_kv": 300.0, "from_node": 26, "to_node": 42, "length_km": 58.743123544210228, "delaunay_k": 3, "edge_set": "Delaunay3" }, "geometry": { "type": "LineString", "coordinates": [ [ 6.663208, 59.314272 ], [ 7.115021, 58.841464 ] ] } },
{ "type": "Feature", "properties": { "voltage_kv": 300.0, "from_node": 26, "to_node": 49, "length_km": 62.68550968067747, "delaunay_k": 3, "edge_set": "Delaunay3" }, "geometry": { "type": "LineString", "coordinates": [ [ 6.663208, 59.314272 ], [ 7.36908, 59.747402 ] ] } },
{ "type": "Feature", "properties": { "voltage_kv": 300.0, "from_node": 26, "to_node": 55, "length_km": 74.558192679693065, "delaunay_k": 3, "edge_set": "Delaunay3" }, "geometry": { "type": "LineString", "coordinates": [ [ 6.663208, 59.314272 ], [ 7.819519, 59.632352 ] ] } },
{ "type": "Feature", "properties": { "voltage_kv": 300.0, "from_node": 26, "to_node": 66, "length_km": 147.22201779788381, "delaunay_k": 3, "edge_set": "Delaunay3" }, "geometry": { "type": "LineString", "coordinates": [ [ 6.663208, 59.314272 ], [ 8.782196, 58.575413 ] ] } },
{ "type": "Feature", "properties": { "voltage_kv": 300.0, "from_node": 26, "to_node": 67, "length_km": 126.20063309350006, "delaunay_k": 3, "edge_set": "Delaunay3" }, "geometry": { "type": "LineString", "coordinates": [ [ 6.663208, 59.314272 ], [ 8.87146, 59.422728 ] ] } },
{ "type": "Feature", "properties": { "voltage_kv": 300.0, "from_node": 26, "to_node": 68, "length_km": 127.85874071558771, "delaunay_k": 3, "edge_set": "Delaunay3" }, "geometry": { "type": "LineString", "coordinates": [ [ 6.663208, 59.314272 ], [ 8.87558, 59.525961 ] ] } },
{ "type": "Feature", "properties": { "voltage_kv": 300.0, "from_node": 27, "to_node": 31, "length_km": 106.50503110636917, "delaunay_k": 3, "edge_set": "Delaunay3" }, "geometry": { "type": "LineString", "coordinates": [ [ 6.696167, 59.068096 ], [ 6.764832, 58.11344 ] ] } },
{ "type": "Feature", "properties": { "voltage_kv": 300.0, "from_node": 27, "to_node": 37, "length_km": 72.623253235623707, "delaunay_k": 3, "edge_set": "Delaunay3" }, "geometry": { "type": "LineString", "coordinates": [ [ 6.696167, 59.068096 ], [ 6.904907, 59.710712 ] ] } },
{ "type": "Feature", "properties": { "voltage_kv": 300.0, "from_node": 27, "to_node": 39, "length_km": 89.555601185211387, "delaunay_k": 3, "edge_set": "Delaunay3" }, "geometry": { "type": "LineString", "coordinates": [ [ 6.696167, 59.068096 ], [ 7.001038, 58.28062 ] ] } },
{ "type": "Feature", "properties": { "voltage_kv": 300.0, "from_node": 27, "to_node": 41, "length_km": 76.6214704664457, "delaunay_k": 3, "edge_set": "Delaunay3" }, "geometry": { "type": "LineString", "coordinates": [ [ 6.696167, 59.068096 ], [ 7.086182, 59.725947 ] ] } },
{ "type": "Feature", "properties": { "voltage_kv": 300.0, "from_node": 27, "to_node": 57, "length_km": 81.369636297884071, "delaunay_k": 3, "edge_set": "Delaunay3" }, "geometry": { "type": "LineString", "coordinates": [ [ 6.696167, 59.068096 ], [ 7.901917, 59.457639 ] ] } },
{ "type": "Feature", "properties": { "voltage_kv": 300.0, "from_node": 27, "to_node": 59, "length_km": 122.87142436533331, "delaunay_k": 3, "edge_set": "Delaunay3" }, "geometry": { "type": "LineString", "coordinates": [ [ 6.696167, 59.068096 ], [ 8.102417, 58.2445 ] ] } },
{ "type": "Feature", "properties": { "voltage_kv": 300.0, "from_node": 27, "to_node": 66, "length_km": 132.48570774663366, "delaunay_k": 3, "edge_set": "Delaunay3" }, "geometry": { "type": "LineString", "coordinates": [ [ 6.696167, 59.068096 ], [ 8.782196, 58.575413 ] ] } },
{ "type": "Feature", "properties": { "voltage_kv": 300.0, "from_node": 28, "to_node": 34, "length_km": 115.96097786082633, "delaunay_k": 3, "edge_set": "Delaunay3" }, "geometry": { "type": "LineString", "coordinates": [ [ 6.70166, 60.066211 ], [ 6.871948, 61.10278 ] ] } },
{ "type": "Feature", "properties": { "voltage_kv": 300.0, "from_node": 28, "to_node": 41, "length_km": 43.625712582252135, "delaunay_k": 3, "edge_set": "Delaunay3" }, "geometry": { "type": "LineString", "coordinates": [ [ 6.70166, 60.066211 ], [ 7.086182, 59.725947 ] ] } },
{ "type": "Feature", "properties": { "voltage_kv": 300.0, "from_node": 28, "to_node": 47, "length_km": 131.87322176679305, "delaunay_k": 3, "edge_set": "Delaunay3" }, "geometry": { "type": "LineString", "coordinates": [ [ 6.70166, 60.066211 ], [ 7.338867, 61.206798 ] ] } },
{ "type": "Feature", "properties": { "voltage_kv": 300.0, "from_node": 28, "to_node": 49, "length_km": 51.575789070427263, "delaunay_k": 3, "edge_set": "Delaunay3" }, "geometry": { "type": "LineString", "coordinates": [ [ 6.70166, 60.066211 ], [ 7.36908, 59.747402 ] ] } },
{ "type": "Feature", "properties": { "voltage_kv": 300.0, "from_node": 28, "to_node": 54, "length_km": 67.878079532071666, "delaunay_k": 3, "edge_set": "Delaunay3" }, "geometry": { "type": "LineString", "coordinates": [ [ 6.70166, 60.066211 ], [ 7.772827, 59.780596 ] ] } },
{ "type": "Feature", "properties": { "voltage_kv": 300.0, "from_node": 28, "to_node": 56, "length_km": 127.19545674941716, "delaunay_k": 3, "edge_set": "Delaunay3" }, "geometry": { "type": "LineString", "coordinates": [ [ 6.70166, 60.066211 ], [ 7.892303, 61.044991 ] ] } },
{ "type": "Feature", "properties": { "voltage_kv": 300.0, "from_node": 28, "to_node": 60, "length_km": 126.2854822169124, "delaunay_k": 3, "edge_set": "Delaunay3" }, "geometry": { "type": "LineString", "coordinates": [ [ 6.70166, 60.066211 ], [ 8.311157, 60.873666 ] ] } },
{ "type": "Feature", "properties": { "voltage_kv": 300.0, "from_node": 28, "to_node": 62, "length_km": 103.20644868375064, "delaunay_k": 3, "edge_set": "Delaunay3" }, "geometry": { "type": "LineString", "coordinates": [ [ 6.70166, 60.066211 ], [ 8.524017, 59.912353 ] ] } },
{ "type": "Feature", "properties": { "voltage_kv": 300.0, "from_node": 28, "to_node": 63, "length_km": 136.63604424367051, "delaunay_k": 3, "edge_set": "Delaunay3" }, "geometry": { "type": "LineString", "coordinates": [ [ 6.70166, 60.066211 ], [ 8.690186, 60.798714 ] ] } },
{ "type": "Feature", "properties": { "voltage_kv": 300.0, "from_node": 28, "to_node": 64, "length_km": 127.90009029699259, "delaunay_k": 3, "edge_set": "Delaunay3" }, "geometry": { "type": "LineString", "coordinates": [ [ 6.70166, 60.066211 ], [ 8.75885, 60.591688 ] ] } },
{ "type": "Feature", "properties": { "voltage_kv": 300.0, "from_node": 29, "to_node": 43, "length_km": 87.401697661937092, "delaunay_k": 3, "edge_set": "Delaunay3" }, "geometry": { "type": "LineString", "coordinates": [ [ 6.745605, 59.871019 ], [ 7.119141, 59.110423 ] ] } },
{ "type": "Feature", "properties": { "voltage_kv": 300.0, "from_node": 29, "to_node": 45, "length_km": 123.12361570970704, "delaunay_k": 3, "edge_set": "Delaunay3" }, "geometry": { "type": "LineString", "coordinates": [ [ 6.745605, 59.871019 ], [ 7.216644, 60.950443 ] ] } },
{ "type": "Feature", "properties": { "voltage_kv": 300.0, "from_node": 29, "to_node": 49, "length_km": 37.629060741863817, "delaunay_k": 3, "edge_set": "Delaunay3" }, "geometry": { "type": "LineString", "coordinates": [ [ 6.745605, 59.871019 ], [ 7.36908, 59.747402 ] ] } },
{ "type": "Feature", "properties": { "voltage_kv": 300.0, "from_node": 29, "to_node": 54, "length_km": 58.530857778745087, "delaunay_k": 3, "edge_set": "Delaunay3" }, "geometry": { "type": "LineString", "coordinates": [ [ 6.745605, 59.871019 ], [ 7.772827, 59.780596 ] ] } },
{ "type": "Feature", "properties": { "voltage_kv": 300.0, "from_node": 29, "to_node": 57, "length_km": 79.851914853532179, "delaunay_k": 3, "edge_set": "Delaunay3" }, "geometry": { "type": "LineString", "coordinates": [ [ 6.745605, 59.871019 ], [ 7.901917, 59.457639 ] ] } },
{ "type": "Feature", "properties": { "voltage_kv": 300.0, "from_node": 29, "to_node": 58, "length_km": 103.21447140376925, "delaunay_k": 3, "edge_set": "Delaunay3" }, "geometry": { "type": "LineString", "coordinates": [ [ 6.745605, 59.871019 ], [ 8.088684, 60.511343 ] ] } },
{ "type": "Feature", "properties": { "voltage_kv": 300.0, "from_node": 30, "to_node": 43, "length_km": 33.228372607059072, "delaunay_k": 3, "edge_set": "Delaunay3" }, "geometry": { "type": "LineString", "coordinates": [ [ 6.756592, 58.878393 ], [ 7.119141, 59.110423 ] ] } },
{ "type": "Feature", "properties": { "voltage_kv": 300.0, "from_node": 30, "to_node": 57, "length_km": 92.007320324719814, "delaunay_k": 3, "edge_set": "Delaunay3" }, "geometry": { "type": "LineString", "coordinates": [ [ 6.756592, 58.878393 ], [ 7.901917, 59.457639 ] ] } },
{ "type": "Feature", "properties": { "voltage_kv": 300.0, "from_node": 30, "to_node": 59, "length_km": 105.52169051344649, "delaunay_k": 3, "edge_set": "Delaunay3" }, "geometry": { "type": "LineString", "coordinates": [ [ 6.756592, 58.878393 ], [ 8.102417, 58.2445 ] ] } },
{ "type": "Feature", "properties": { "voltage_kv": 300.0, "from_node": 30, "to_node": 66, "length_km": 122.15913201517222, "delaunay_k": 3, "edge_set": "Delaunay3" }, "geometry": { "type": "LineString", "coordinates": [ [ 6.756592, 58.878393 ], [ 8.782196, 58.575413 ] ] } },
{ "type": "Feature", "properties": { "voltage_kv": 300.0, "from_node": 31, "to_node": 36, "length_km": 87.729928114569063, "delaunay_k": 3, "edge_set": "Delaunay3" }, "geometry": { "type": "LineString", "coordinates": [ [ 6.764832, 58.11344 ], [ 6.892548, 58.897552 ] ] } },
{ "type": "Feature", "properties": { "voltage_kv": 300.0, "from_node": 31, "to_node": 44, "length_km": 100.39060730316768, "delaunay_k": 3, "edge_set": "Delaunay3" }, "geometry": { "type": "LineString", "coordinates": [ [ 6.764832, 58.11344 ], [ 7.120514, 58.994604 ] ] } },
{ "type": "Feature", "properties": { "voltage_kv": 300.0, "from_node": 32, "to_node": 41, "length_km": 50.646438217252303, "delaunay_k": 3, "edge_set": "Delaunay3" }, "geometry": { "type": "LineString", "coordinates": [ [ 6.797791, 60.156543 ], [ 7.086182, 59.725947 ] ] } },
{ "type": "Feature", "properties": { "voltage_kv": 300.0, "from_node": 32, "to_node": 46, "length_km": 125.87218054458667, "delaunay_k": 3, "edge_set": "Delaunay3" }, "geometry": { "type": "LineString", "coordinates": [ [ 6.797791, 60.156543 ], [ 7.293549, 61.259009 ] ] } },
{ "type": "Feature", "properties": { "voltage_kv": 300.0, "from_node": 32, "to_node": 52, "length_km": 131.42525399214915, "delaunay_k": 3, "edge_set": "Delaunay3" }, "geometry": { "type": "LineString", "coordinates": [ [ 6.797791, 60.156543 ], [ 7.439117, 61.292669 ] ] } },
{ "type": "Feature", "properties": { "voltage_kv": 300.0, "from_node": 32, "to_node": 55, "length_km": 81.790922470518211, "delaunay_k": 3, "edge_set": "Delaunay3" }, "geometry": { "type": "LineString", "coordinates": [ [ 6.797791, 60.156543 ], [ 7.819519, 59.632352 ] ] } },
{ "type": "Feature", "properties": { "voltage_kv": 300.0, "from_node": 32, "to_node": 57, "length_km": 99.571497967355867, "delaunay_k": 3, "edge_set": "Delaunay3" }, "geometry": { "type": "LineString", "coordinates": [ [ 6.797791, 60.156543 ], [ 7.901917, 59.457639 ] ] } },
{ "type": "Feature", "properties": { "voltage_kv": 300.0, "from_node": 32, "to_node": 65, "length_km": 112.63660713719905, "delaunay_k": 3, "edge_set": "Delaunay3" }, "geometry": { "type": "LineString", "coordinates": [ [ 6.797791, 60.156543 ], [ 8.760223, 59.917172 ] ] } },
{ "type": "Feature", "properties": { "voltage_kv": 300.0, "from_node": 32, "to_node": 68, "length_km": 136.09549370462619, "delaunay_k": 3, "edge_set": "Delaunay3" }, "geometry": { "type": "LineString", "coordinates": [ [ 6.797791, 60.156543 ], [ 8.87558, 59.525961 ] ] } },
{ "type": "Feature", "properties": { "voltage_kv": 300.0, "from_node": 33, "to_node": 43, "length_km": 53.071794302864795, "delaunay_k": 3, "edge_set": "Delaunay3" }, "geometry": { "type": "LineString", "coordinates": [ [ 6.82251, 58.659799 ], [ 7.119141, 59.110423 ] ] } },
{ "type": "Feature", "properties": { "voltage_kv": 300.0, "from_node": 33, "to_node": 57, "length_km": 108.39333337809155, "delaunay_k": 3, "edge_set": "Delaunay3" }, "geometry": { "type": "LineString", "coordinates": [ [ 6.82251, 58.659799 ], [ 7.901917, 59.457639 ] ] } },
{ "type": "Feature", "properties": { "voltage_kv": 300.0, "from_node": 33, "to_node": 67, "length_km": 145.17701941172965, "delaunay_k": 3, "edge_set": "Delaunay3" }, "geometry": { "type": "LineString", "coordinates": [ [ 6.82251, 58.659799 ], [ 8.87146, 59.422728 ] ] } },
{ "type": "Feature", "properties": { "voltage_kv": 300.0, "from_node": 34, "to_node": 38, "length_km": 141.13181110172906, "delaunay_k": 3, "edge_set": "Delaunay3" }, "geometry": { "type": "LineString", "coordinates": [ [ 6.871948, 61.10278 ], [ 6.968079, 59.837916 ] ] } },
{ "type": "Feature", "properties": { "voltage_kv": 300.0, "from_node": 34, "to_node": 48, "length_km": 146.92152008187676, "delaunay_k": 3, "edge_set": "Delaunay3" }, "geometry": { "type": "LineString", "coordinates": [ [ 6.871948, 61.10278 ], [ 7.34024, 59.805469 ] ] } },
{ "type": "Feature", "properties": { "voltage_kv": 300.0, "from_node": 34, "to_node": 53, "length_km": 65.541540692784451, "delaunay_k": 3, "edge_set": "Delaunay3" }, "geometry": { "type": "LineString", "coordinates": [ [ 6.871948, 61.10278 ], [ 7.738495, 61.517456 ] ] } },
{ "type": "Feature", "properties": { "voltage_kv": 300.0, "from_node": 34, "to_node": 60, "length_km": 82.016966956707392, "delaunay_k": 3, "edge_set": "Delaunay3" }, "geometry": { "type": "LineString", "coordinates": [ [ 6.871948, 61.10278 ], [ 8.311157, 60.873666 ] ] } },
{ "type": "Feature", "properties": { "voltage_kv": 300.0, "from_node": 34, "to_node": 63, "length_km": 104.23900737200631, "delaunay_k": 3, "edge_set": "Delaunay3" }, "geometry": { "type": "LineString", "coordinates": [ [ 6.871948, 61.10278 ], [ 8.690186, 60.798714 ] ] } },
{ "type": "Feature", "properties": { "voltage_kv": 300.0, "from_node": 34, "to_node": 64, "length_km": 117.37993578172417, "delaunay_k": 3, "edge_set": "Delaunay3" }, "geometry": { "type": "LineString", "coordinates": [ [ 6.871948, 61.10278 ], [ 8.75885, 60.591688 ] ] } },
{ "type": "Feature", "properties": { "voltage_kv": 300.0, "from_node": 34, "to_node": 69, "length_km": 145.80594855231129, "delaunay_k": 3, "edge_set": "Delaunay3" }, "geometry": { "type": "LineString", "coordinates": [ [ 6.871948, 61.10278 ], [ 9.063721, 61.885931 ] ] } },
{ "type": "Feature", "properties": { "voltage_kv": 300.0, "from_node": 34, "to_node": 70, "length_km": 138.72972006408861, "delaunay_k": 3, "edge_set": "Delaunay3" }, "geometry": { "type": "LineString", "coordinates": [ [ 6.871948, 61.10278 ], [ 9.341125, 61.473546 ] ] } },
{ "type": "Feature", "properties": { "voltage_kv": 300.0, "from_node": 35, "to_node": 37, "length_km": 66.930747112639978, "delaunay_k": 3, "edge_set": "Delaunay3" }, "geometry": { "type": "LineString", "coordinates": [ [ 6.889801, 59.110423 ], [ 6.904907, 59.710712 ] ] } },
{ "type": "Feature", "properties": { "voltage_kv": 300.0, "from_node": 35, "to_node": 39, "length_km": 92.729390820674993, "delaunay_k": 3, "edge_set": "Delaunay3" }, "geometry": { "type": "LineString", "coordinates": [ [ 6.889801, 59.110423 ], [ 7.001038, 58.28062 ] ] } },
{ "type": "Feature", "properties": { "voltage_kv": 300.0, "from_node": 35, "to_node": 40, "length_km": 75.191352193529923, "delaunay_k": 3, "edge_set": "Delaunay3" }, "geometry": { "type": "LineString", "coordinates": [ [ 6.889801, 59.110423 ], [ 7.080688, 59.777831 ] ] } },
{ "type": "Feature", "properties": { "voltage_kv": 300.0, "from_node": 35, "to_node": 49, "length_km": 76.049049917587325, "delaunay_k": 3, "edge_set": "Delaunay3" }, "geometry": { "type": "LineString", "coordinates": [ [ 6.889801, 59.110423 ], [ 7.36908, 59.747402 ] ] } },
{ "type": "Feature", "properties": { "voltage_kv": 300.0, "from_node": 35, "to_node": 55, "length_km": 78.627741345843603, "delaunay_k": 3, "edge_set": "Delaunay3" }, "geometry": { "type": "LineString", "coordinates": [ [ 6.889801, 59.110423 ], [ 7.819519, 59.632352 ] ] } },
{ "type": "Feature", "properties": { "voltage_kv": 300.0, "from_node": 35, "to_node": 59, "length_km": 119.45034837455084, "delaunay_k": 3, "edge_set": "Delaunay3" }, "geometry": { "type": "LineString", "coordinates": [ [ 6.889801, 59.110423 ], [ 8.102417, 58.2445 ] ] } },
{ "type": "Feature", "properties": { "voltage_kv": 300.0, "from_node": 35, "to_node": 67, "length_km": 118.30111692535752, "delaunay_k": 3, "edge_set": "Delaunay3" }, "geometry": { "type": "LineString", "coordinates": [ [ 6.889801, 59.110423 ], [ 8.87146, 59.422728 ] ] } },
{ "type": "Feature", "properties": { "voltage_kv": 300.0, "from_node": 35, "to_node": 68, "length_km": 122.24018217432462, "delaunay_k": 3, "edge_set": "Delaunay3" }, "geometry": { "type": "LineString", "coordinates": [ [ 6.889801, 59.110423 ], [ 8.87558, 59.525961 ] ] } },
{ "type": "Feature", "properties": { "voltage_kv": 300.0, "from_node": 36, "to_node": 41, "length_km": 93.009550225691385, "delaunay_k": 3, "edge_set": "Delaunay3" }, "geometry": { "type": "LineString", "coordinates": [ [ 6.892548, 58.897552 ], [ 7.086182, 59.725947 ] ] } },
{ "type": "Feature", "properties": { "voltage_kv": 300.0, "from_node": 36, "to_node": 49, "length_km": 98.553310002153637, "delaunay_k": 3, "edge_set": "Delaunay3" }, "geometry": { "type": "LineString", "coordinates": [ [ 6.892548, 58.897552 ], [ 7.36908, 59.747402 ] ] } },
{ "type": "Feature", "properties": { "voltage_kv": 300.0, "from_node": 36, "to_node": 55, "length_km": 97.504470414851895, "delaunay_k": 3, "edge_set": "Delaunay3" }, "geometry": { "type": "LineString", "coordinates": [ [ 6.892548, 58.897552 ], [ 7.819519, 59.632352 ] ] } },
{ "type": "Feature", "properties": { "voltage_kv": 300.0, "from_node": 36, "to_node": 67, "length_km": 127.4886151606032, "delaunay_k": 3, "edge_set": "Delaunay3" }, "geometry": { "type": "LineString", "coordinates": [ [ 6.892548, 58.897552 ], [ 8.87146, 59.422728 ] ] } },
{ "type": "Feature", "properties": { "voltage_kv": 300.0, "from_node": 36, "to_node": 68, "length_km": 133.21771444669349, "delaunay_k": 3, "edge_set": "Delaunay3" }, "geometry": { "type": "LineString", "coordinates": [ [ 6.892548, 58.897552 ], [ 8.87558, 59.525961 ] ] } },
{ "type": "Feature", "properties": { "voltage_kv": 300.0, "from_node": 37, "to_node": 44, "length_km": 80.771928416578334, "delaunay_k": 3, "edge_set": "Delaunay3" }, "geometry": { "type": "LineString", "coordinates": [ [ 6.904907, 59.710712 ], [ 7.120514, 58.994604 ] ] } },
{ "type": "Feature", "properties": { "voltage_kv": 300.0, "from_node": 37, "to_node": 45, "length_km": 139.29189145148644, "delaunay_k": 3, "edge_set": "Delaunay3" }, "geometry": { "type": "LineString", "coordinates": [ [ 6.904907, 59.710712 ], [ 7.216644, 60.950443 ] ] } },
{ "type": "Feature", "properties": { "voltage_kv": 300.0, "from_node": 37, "to_node": 54, "length_km": 49.448503693008959, "delaunay_k": 3, "edge_set": "Delaunay3" }, "geometry": { "type": "LineString", "coordinates": [ [ 6.904907, 59.710712 ], [ 7.772827, 59.780596 ] ] } },
{ "type": "Feature", "properties": { "voltage_kv": 300.0, "from_node": 37, "to_node": 55, "length_km": 52.306113423724568, "delaunay_k": 3, "edge_set": "Delaunay3" }, "geometry": { "type": "LineString", "coordinates": [ [ 6.904907, 59.710712 ], [ 7.819519, 59.632352 ] ] } },
{ "type": "Feature", "properties": { "voltage_kv": 300.0, "from_node": 37, "to_node": 58, "length_km": 110.92321473181828, "delaunay_k": 3, "edge_set": "Delaunay3" }, "geometry": { "type": "LineString", "coordinates": [ [ 6.904907, 59.710712 ], [ 8.088684, 60.511343 ] ] } },
{ "type": "Feature", "properties": { "voltage_kv": 300.0, "from_node": 37, "to_node": 67, "length_km": 115.75225293496068, "delaunay_k": 3, "edge_set": "Delaunay3" }, "geometry": { "type": "LineString", "coordinates": [ [ 6.904907, 59.710712 ], [ 8.87146, 59.422728 ] ] } },
{ "type": "Feature", "properties": { "voltage_kv": 300.0, "from_node": 37, "to_node": 68, "length_km": 113.16498161350775, "delaunay_k": 3, "edge_set": "Delaunay3" }, "geometry": { "type": "LineString", "coordinates": [ [ 6.904907, 59.710712 ], [ 8.87558, 59.525961 ] ] } },
{ "type": "Feature", "properties": { "voltage_kv": 300.0, "from_node": 38, "to_node": 43, "length_km": 81.554848939076464, "delaunay_k": 3, "edge_set": "Delaunay3" }, "geometry": { "type": "LineString", "coordinates": [ [ 6.968079, 59.837916 ], [ 7.119141, 59.110423 ] ] } },
{ "type": "Feature", "properties": { "voltage_kv": 300.0, "from_node": 38, "to_node": 55, "length_km": 53.115159847536212, "delaunay_k": 3, "edge_set": "Delaunay3" }, "geometry": { "type": "LineString", "coordinates": [ [ 6.968079, 59.837916 ], [ 7.819519, 59.632352 ] ] } },
{ "type": "Feature", "properties": { "voltage_kv": 300.0, "from_node": 38, "to_node": 56, "length_km": 143.87389201167994, "delaunay_k": 3, "edge_set": "Delaunay3" }, "geometry": { "type": "LineString", "coordinates": [ [ 6.968079, 59.837916 ], [ 7.892303, 61.044991 ] ] } },
{ "type": "Feature", "properties": { "voltage_kv": 300.0, "from_node": 38, "to_node": 57, "length_km": 67.62587268069278, "delaunay_k": 3, "edge_set": "Delaunay3" }, "geometry": { "type": "LineString", "coordinates": [ [ 6.968079, 59.837916 ], [ 7.901917, 59.457639 ] ] } },
{ "type": "Feature", "properties": { "voltage_kv": 300.0, "from_node": 38, "to_node": 60, "length_km": 137.22832931170518, "delaunay_k": 3, "edge_set": "Delaunay3" }, "geometry": { "type": "LineString", "coordinates": [ [ 6.968079, 59.837916 ], [ 8.311157, 60.873666 ] ] } },
{ "type": "Feature", "properties": { "voltage_kv": 300.0, "from_node": 38, "to_node": 62, "length_km": 87.583786881344494, "delaunay_k": 3, "edge_set": "Delaunay3" }, "geometry": { "type": "LineString", "coordinates": [ [ 6.968079, 59.837916 ], [ 8.524017, 59.912353 ] ] } },
{ "type": "Feature", "properties": { "voltage_kv": 300.0, "from_node": 38, "to_node": 63, "length_km": 143.29504109750576, "delaunay_k": 3, "edge_set": "Delaunay3" }, "geometry": { "type": "LineString", "coordinates": [ [ 6.968079, 59.837916 ], [ 8.690186, 60.798714 ] ] } },
{ "type": "Feature", "properties": { "voltage_kv": 300.0, "from_node": 38, "to_node": 64, "length_km": 130.08665251333025, "delaunay_k": 3, "edge_set": "Delaunay3" }, "geometry": { "type": "LineString", "coordinates": [ [ 6.968079, 59.837916 ], [ 8.75885, 60.591688 ] ] } },
{ "type": "Feature", "properties": { "voltage_kv": 300.0, "from_node": 39, "to_node": 43, "length_km": 92.754268945187548, "delaunay_k": 3, "edge_set": "Delaunay3" }, "geometry": { "type": "LineString", "coordinates": [ [ 7.001038, 58.28062 ], [ 7.119141, 59.110423 ] ] } },
{ "type": "Feature", "properties": { "voltage_kv": 300.0, "from_node": 39, "to_node": 57, "length_km": 141.12137579227806, "delaunay_k": 3, "edge_set": "Delaunay3" }, "geometry": { "type": "LineString", "coordinates": [ [ 7.001038, 58.28062 ], [ 7.901917, 59.457639 ] ] } },
{ "type": "Feature", "properties": { "voltage_kv": 300.0, "from_node": 40, "to_node": 44, "length_km": 87.343786457004597, "delaunay_k": 3, "edge_set": "Delaunay3" }, "geometry": { "type": "LineString", "coordinates": [ [ 7.080688, 59.777831 ], [ 7.120514, 58.994604 ] ] } },
{ "type": "Feature", "properties": { "voltage_kv": 300.0, "from_node": 40, "to_node": 45, "length_km": 130.95094660460637, "delaunay_k": 3, "edge_set": "Delaunay3" }, "geometry": { "type": "LineString", "coordinates": [ [ 7.080688, 59.777831 ], [ 7.216644, 60.950443 ] ] } },
{ "type": "Feature", "properties": { "voltage_kv": 300.0, "from_node": 40, "to_node": 56, "length_km": 148.17959008371272, "delaunay_k": 3, "edge_set": "Delaunay3" }, "geometry": { "type": "LineString", "coordinates": [ [ 7.080688, 59.777831 ], [ 7.892303, 61.044991 ] ] } },
{ "type": "Feature", "properties": { "voltage_kv": 300.0, "from_node": 40, "to_node": 60, "length_km": 139.81115609028495, "delaunay_k": 3, "edge_set": "Delaunay3" }, "geometry": { "type": "LineString", "coordinates": [ [ 7.080688, 59.777831 ], [ 8.311157, 60.873666 ] ] } },
{ "type": "Feature", "properties": { "voltage_kv": 300.0, "from_node": 40, "to_node": 62, "length_km": 82.328438899917558, "delaunay_k": 3, "edge_set": "Delaunay3" }, "geometry": { "type": "LineString", "coordinates": [ [ 7.080688, 59.777831 ], [ 8.524017, 59.912353 ] ] } },
{ "type": "Feature", "properties": { "voltage_kv": 300.0, "from_node": 40, "to_node": 63, "length_km": 144.49944032440558, "delaunay_k": 3, "edge_set": "Delaunay3" }, "geometry": { "type": "LineString", "coordinates": [ [ 7.080688, 59.777831 ], [ 8.690186, 60.798714 ] ] } },
{ "type": "Feature", "properties": { "voltage_kv": 300.0, "from_node": 40, "to_node": 64, "length_km": 130.0252679659111, "delaunay_k": 3, "edge_set": "Delaunay3" }, "geometry": { "type": "LineString", "coordinates": [ [ 7.080688, 59.777831 ], [ 8.75885, 60.591688 ] ] } },
{ "type": "Feature", "properties": { "voltage_kv": 300.0, "from_node": 40, "to_node": 67, "length_km": 108.63483748802331, "delaunay_k": 3, "edge_set": "Delaunay3" }, "geometry": { "type": "LineString", "coordinates": [ [ 7.080688, 59.777831 ], [ 8.87146, 59.422728 ] ] } },
{ "type": "Feature", "properties": { "voltage_kv": 300.0, "from_node": 40, "to_node": 68, "length_km": 105.06631445342485, "delaunay_k": 3, "edge_set": "Delaunay3" }, "geometry": { "type": "LineString", "coordinates": [ [ 7.080688, 59.777831 ], [ 8.87558, 59.525961 ] ] } },
{ "type": "Feature", "properties": { "voltage_kv": 300.0, "from_node": 41, "to_node": 42, "length_km": 98.615049489058919, "delaunay_k": 3, "edge_set": "Delaunay3" }, "geometry": { "type": "LineString", "coordinates": [ [ 7.086182, 59.725947 ], [ 7.115021, 58.841464 ] ] } },
{ "type": "Feature", "properties": { "voltage_kv": 300.0, "from_node": 41, "to_node": 58, "length_km": 103.80188335941418, "delaunay_k": 3, "edge_set": "Delaunay3" }, "geometry": { "type": "LineString", "coordinates": [ [ 7.086182, 59.725947 ], [ 8.088684, 60.511343 ] ] } },
{ "type": "Feature", "properties": { "voltage_kv": 300.0, "from_node": 41, "to_node": 62, "length_km": 83.337560779125383, "delaunay_k": 3, "edge_set": "Delaunay3" }, "geometry": { "type": "LineString", "coordinates": [ [ 7.086182, 59.725947 ], [ 8.524017, 59.912353 ] ] } },
{ "type": "Feature", "properties": { "voltage_kv": 300.0, "from_node": 41, "to_node": 65, "length_km": 96.341302824101206, "delaunay_k": 3, "edge_set": "Delaunay3" }, "geometry": { "type": "LineString", "coordinates": [ [ 7.086182, 59.725947 ], [ 8.760223, 59.917172 ] ] } },
{ "type": "Feature", "properties": { "voltage_kv": 300.0, "from_node": 41, "to_node": 71, "length_km": 150.4241346559966, "delaunay_k": 3, "edge_set": "Delaunay3" }, "geometry": { "type": "LineString", "coordinates": [ [ 7.086182, 59.725947 ], [ 9.593811, 59.282019 ] ] } },
{ "type": "Feature", "properties": { "voltage_kv": 300.0, "from_node": 42, "to_node": 49, "length_km": 102.02222665849573, "delaunay_k": 3, "edge_set": "Delaunay3" }, "geometry": { "type": "LineString", "coordinates": [ [ 7.115021, 58.841464 ], [ 7.36908, 59.747402 ] ] } },
{ "type": "Feature", "properties": { "voltage_kv": 300.0, "from_node": 42, "to_node": 55, "length_km": 96.903975467277903, "delaunay_k": 3, "edge_set": "Delaunay3" }, "geometry": { "type": "LineString", "coordinates": [ [ 7.115021, 58.841464 ], [ 7.819519, 59.632352 ] ] } },
{ "type": "Feature", "properties": { "voltage_kv": 300.0, "from_node": 42, "to_node": 68, "length_km": 126.32287120511906, "delaunay_k": 3, "edge_set": "Delaunay3" }, "geometry": { "type": "LineString", "coordinates": [ [ 7.115021, 58.841464 ], [ 8.87558, 59.525961 ] ] } },
{ "type": "Feature", "properties": { "voltage_kv": 300.0, "from_node": 42, "to_node": 71, "length_km": 150.490103640542, "delaunay_k": 3, "edge_set": "Delaunay3" }, "geometry": { "type": "LineString", "coordinates": [ [ 7.115021, 58.841464 ], [ 9.593811, 59.282019 ] ] } },
{ "type": "Feature", "properties": { "voltage_kv": 300.0, "from_node": 43, "to_node": 48, "length_km": 78.490590002431304, "delaunay_k": 3, "edge_set": "Delaunay3" }, "geometry": { "type": "LineString", "coordinates": [ [ 7.119141, 59.110423 ], [ 7.34024, 59.805469 ] ] } },
{ "type": "Feature", "properties": { "voltage_kv": 300.0, "from_node": 43, "to_node": 54, "length_km": 83.410782636483006, "delaunay_k": 3, "edge_set": "Delaunay3" }, "geometry": { "type": "LineString", "coordinates": [ [ 7.119141, 59.110423 ], [ 7.772827, 59.780596 ] ] } },
{ "type": "Feature", "properties": { "voltage_kv": 300.0, "from_node": 43, "to_node": 59, "length_km": 112.12029155807579, "delaunay_k": 3, "edge_set": "Delaunay3" }, "geometry": { "type": "LineString", "coordinates": [ [ 7.119141, 59.110423 ], [ 8.102417, 58.2445 ] ] } },
{ "type": "Feature", "properties": { "voltage_kv": 300.0, "from_node": 43, "to_node": 62, "length_km": 119.67283601799321, "delaunay_k": 3, "edge_set": "Delaunay3" }, "geometry": { "type": "LineString", "coordinates": [ [ 7.119141, 59.110423 ], [ 8.524017, 59.912353 ] ] } },
{ "type": "Feature", "properties": { "voltage_kv": 300.0, "from_node": 43, "to_node": 65, "length_km": 129.32111338885252, "delaunay_k": 3, "edge_set": "Delaunay3" }, "geometry": { "type": "LineString", "coordinates": [ [ 7.119141, 59.110423 ], [ 8.760223, 59.917172 ] ] } },
{ "type": "Feature", "properties": { "voltage_kv": 300.0, "from_node": 43, "to_node": 71, "length_km": 142.75339153311833, "delaunay_k": 3, "edge_set": "Delaunay3" }, "geometry": { "type": "LineString", "coordinates": [ [ 7.119141, 59.110423 ], [ 9.593811, 59.282019 ] ] } },
{ "type": "Feature", "properties": { "voltage_kv": 300.0, "from_node": 43, "to_node": 72, "length_km": 142.99046521374632, "delaunay_k": 3, "edge_set": "Delaunay3" }, "geometry": { "type": "LineString", "coordinates": [ [ 7.119141, 59.110423 ], [ 9.61441, 59.151995 ] ] } },
{ "type": "Feature", "properties": { "voltage_kv": 300.0, "from_node": 44, "to_node": 48, "length_km": 91.250629107643903, "delaunay_k": 3, "edge_set": "Delaunay3" }, "geometry": { "type": "LineString", "coordinates": [ [ 7.120514, 58.994604 ], [ 7.34024, 59.805469 ] ] } },
{ "type": "Feature", "properties": { "voltage_kv": 300.0, "from_node": 44, "to_node": 54, "length_km": 95.140284898478455, "delaunay_k": 3, "edge_set": "Delaunay3" }, "geometry": { "type": "LineString", "coordinates": [ [ 7.120514, 58.994604 ], [ 7.772827, 59.780596 ] ] } },
{ "type": "Feature", "properties": { "voltage_kv": 300.0, "from_node": 44, "to_node": 62, "length_km": 129.63325367877295, "delaunay_k": 3, "edge_set": "Delaunay3" }, "geometry": { "type": "LineString", "coordinates": [ [ 7.120514, 58.994604 ], [ 8.524017, 59.912353 ] ] } },
{ "type": "Feature", "properties": { "voltage_kv": 300.0, "from_node": 44, "to_node": 65, "length_km": 138.65997257368213, "delaunay_k": 3, "edge_set": "Delaunay3" }, "geometry": { "type": "LineString", "coordinates": [ [ 7.120514, 58.994604 ], [ 8.760223, 59.917172 ] ] } },
{ "type": "Feature", "properties": { "voltage_kv": 300.0, "from_node": 44, "to_node": 71, "length_km": 145.20347191189532, "delaunay_k": 3, "edge_set": "Delaunay3" }, "geometry": { "type": "LineString", "coordinates": [ [ 7.120514, 58.994604 ], [ 9.593811, 59.282019 ] ] } },
{ "type": "Feature", "properties": { "voltage_kv": 300.0, "from_node": 45, "to_node": 49, "length_km": 134.38595079574696, "delaunay_k": 3, "edge_set": "Delaunay3" }, "geometry": { "type": "LineString", "coordinates": [ [ 7.216644, 60.950443 ], [ 7.36908, 59.747402 ] ] } },
{ "type": "Feature", "properties": { "voltage_kv": 300.0, "from_node": 45, "to_node": 50, "length_km": 69.835077321435762, "delaunay_k": 3, "edge_set": "Delaunay3" }, "geometry": { "type": "LineString", "coordinates": [ [ 7.216644, 60.950443 ], [ 7.410278, 61.569805 ] ] } },
{ "type": "Feature", "properties": { "voltage_kv": 300.0, "from_node": 45, "to_node": 51, "length_km": 56.64470001362853, "delaunay_k": 3, "edge_set": "Delaunay3" }, "geometry": { "type": "LineString", "coordinates": [ [ 7.216644, 60.950443 ], [ 7.436371, 61.447302 ] ] } },
{ "type": "Feature", "properties": { "voltage_kv": 300.0, "from_node": 45, "to_node": 55, "length_km": 150.67580196718637, "delaunay_k": 3, "edge_set": "Delaunay3" }, "geometry": { "type": "LineString", "coordinates": [ [ 7.216644, 60.950443 ], [ 7.819519, 59.632352 ] ] } },
{ "type": "Feature", "properties": { "voltage_kv": 300.0, "from_node": 45, "to_node": 65, "length_km": 143.15789642193801, "delaunay_k": 3, "edge_set": "Delaunay3" }, "geometry": { "type": "LineString", "coordinates": [ [ 7.216644, 60.950443 ], [ 8.760223, 59.917172 ] ] } },
{ "type": "Feature", "properties": { "voltage_kv": 300.0, "from_node": 45, "to_node": 69, "length_km": 143.54910733156848, "delaunay_k": 3, "edge_set": "Delaunay3" }, "geometry": { "type": "LineString", "coordinates": [ [ 7.216644, 60.950443 ], [ 9.063721, 61.885931 ] ] } },
{ "type": "Feature", "properties": { "voltage_kv": 300.0, "from_node": 46, "to_node": 58, "length_km": 93.877894316042429, "delaunay_k": 3, "edge_set": "Delaunay3" }, "geometry": { "type": "LineString", "coordinates": [ [ 7.293549, 61.259009 ], [ 8.088684, 60.511343 ] ] } },
{ "type": "Feature", "properties": { "voltage_kv": 300.0, "from_node": 46, "to_node": 60, "length_km": 69.763106712364646, "delaunay_k": 3, "edge_set": "Delaunay3" }, "geometry": { "type": "LineString", "coordinates": [ [ 7.293549, 61.259009 ], [ 8.311157, 60.873666 ] ] } },
{ "type": "Feature", "properties": { "voltage_kv": 300.0, "from_node": 46, "to_node": 70, "length_km": 112.12247205369708, "delaunay_k": 3, "edge_set": "Delaunay3" }, "geometry": { "type": "LineString", "coordinates": [ [ 7.293549, 61.259009 ], [ 9.341125, 61.473546 ] ] } },
{ "type": "Feature", "properties": { "voltage_kv": 300.0, "from_node": 46, "to_node": 73, "length_km": 139.73663677542316, "delaunay_k": 3, "edge_set": "Delaunay3" }, "geometry": { "type": "LineString", "coordinates": [ [ 7.293549, 61.259009 ], [ 9.821777, 61.582225 ] ] } },
{ "type": "Feature", "properties": { "voltage_kv": 300.0, "from_node": 47, "to_node": 63, "length_km": 86.129597724917744, "delaunay_k": 3, "edge_set": "Delaunay3" }, "geometry": { "type": "LineString", "coordinates": [ [ 7.338867, 61.206798 ], [ 8.690186, 60.798714 ] ] } },
{ "type": "Feature", "properties": { "voltage_kv": 300.0, "from_node": 47, "to_node": 64, "length_km": 103.17851388277711, "delaunay_k": 3, "edge_set": "Delaunay3" }, "geometry": { "type": "LineString", "coordinates": [ [ 7.338867, 61.206798 ], [ 8.75885, 60.591688 ] ] } },
{ "type": "Feature", "properties": { "voltage_kv": 300.0, "from_node": 47, "to_node": 69, "length_km": 118.94785059778705, "delaunay_k": 3, "edge_set": "Delaunay3" }, "geometry": { "type": "LineString", "coordinates": [ [ 7.338867, 61.206798 ], [ 9.063721, 61.885931 ] ] } },
{ "type": "Feature", "properties": { "voltage_kv": 300.0, "from_node": 47, "to_node": 73, "length_km": 139.1439218278108, "delaunay_k": 3, "edge_set": "Delaunay3" }, "geometry": { "type": "LineString", "coordinates": [ [ 7.338867, 61.206798 ], [ 9.821777, 61.582225 ] ] } },
{ "type": "Feature", "properties": { "voltage_kv": 300.0, "from_node": 48, "to_node": 65, "length_km": 80.566015307997716, "delaunay_k": 3, "edge_set": "Delaunay3" }, "geometry": { "type": "LineString", "coordinates": [ [ 7.34024, 59.805469 ], [ 8.760223, 59.917172 ] ] } },
{ "type": "Feature", "properties": { "voltage_kv": 300.0, "from_node": 48, "to_node": 67, "length_km": 96.416905215930427, "delaunay_k": 3, "edge_set": "Delaunay3" }, "geometry": { "type": "LineString", "coordinates": [ [ 7.34024, 59.805469 ], [ 8.87146, 59.422728 ] ] } },
{ "type": "Feature", "properties": { "voltage_kv": 300.0, "from_node": 48, "to_node": 68, "length_km": 92.002031567972281, "delaunay_k": 3, "edge_set": "Delaunay3" }, "geometry": { "type": "LineString", "coordinates": [ [ 7.34024, 59.805469 ], [ 8.87558, 59.525961 ] ] } },
{ "type": "Feature", "properties": { "voltage_kv": 300.0, "from_node": 49, "to_node": 56, "length_km": 147.49978978932316, "delaunay_k": 3, "edge_set": "Delaunay3" }, "geometry": { "type": "LineString", "coordinates": [ [ 7.36908, 59.747402 ], [ 7.892303, 61.044991 ] ] } },
{ "type": "Feature", "properties": { "voltage_kv": 300.0, "from_node": 49, "to_node": 60, "length_km": 135.92076548896677, "delaunay_k": 3, "edge_set": "Delaunay3" }, "geometry": { "type": "LineString", "coordinates": [ [ 7.36908, 59.747402 ], [ 8.311157, 60.873666 ] ] } },
{ "type": "Feature", "properties": { "voltage_kv": 300.0, "from_node": 49, "to_node": 63, "length_km": 138.12873682141952, "delaunay_k": 3, "edge_set": "Delaunay3" }, "geometry": { "type": "LineString", "coordinates": [ [ 7.36908, 59.747402 ], [ 8.690186, 60.798714 ] ] } },
{ "type": "Feature", "properties": { "voltage_kv": 300.0, "from_node": 49, "to_node": 64, "length_km": 121.70361503650349, "delaunay_k": 3, "edge_set": "Delaunay3" }, "geometry": { "type": "LineString", "coordinates": [ [ 7.36908, 59.747402 ], [ 8.75885, 60.591688 ] ] } },
{ "type": "Feature", "properties": { "voltage_kv": 300.0, "from_node": 49, "to_node": 65, "length_km": 80.310111504618547, "delaunay_k": 3, "edge_set": "Delaunay3" }, "geometry": { "type": "LineString", "coordinates": [ [ 7.36908, 59.747402 ], [ 8.760223, 59.917172 ] ] } },
{ "type": "Feature", "properties": { "voltage_kv": 300.0, "from_node": 49, "to_node": 71, "length_km": 136.24351270524156, "delaunay_k": 3, "edge_set": "Delaunay3" }, "geometry": { "type": "LineString", "coordinates": [ [ 7.36908, 59.747402 ], [ 9.593811, 59.282019 ] ] } },
{ "type": "Feature", "properties": { "voltage_kv": 300.0, "from_node": 49, "to_node": 72, "length_km": 143.63869345455674, "delaunay_k": 3, "edge_set": "Delaunay3" }, "geometry": { "type": "LineString", "coordinates": [ [ 7.36908, 59.747402 ], [ 9.61441, 59.151995 ] ] } },
{ "type": "Feature", "properties": { "voltage_kv": 300.0, "from_node": 49, "to_node": 74, "length_km": 143.73387228695515, "delaunay_k": 3, "edge_set": "Delaunay3" }, "geometry": { "type": "LineString", "coordinates": [ [ 7.36908, 59.747402 ], [ 9.923401, 59.721792 ] ] } },
{ "type": "Feature", "properties": { "voltage_kv": 300.0, "from_node": 50, "to_node": 58, "length_km": 123.56505950190582, "delaunay_k": 3, "edge_set": "Delaunay3" }, "geometry": { "type": "LineString", "coordinates": [ [ 7.410278, 61.569805 ], [ 8.088684, 60.511343 ] ] } },
{ "type": "Feature", "properties": { "voltage_kv": 300.0, "from_node": 50, "to_node": 60, "length_km": 91.472736034175369, "delaunay_k": 3, "edge_set": "Delaunay3" }, "geometry": { "type": "LineString", "coordinates": [ [ 7.410278, 61.569805 ], [ 8.311157, 60.873666 ] ] } },
{ "type": "Feature", "properties": { "voltage_kv": 300.0, "from_node": 50, "to_node": 63, "length_km": 110.14463450427698, "delaunay_k": 3, "edge_set": "Delaunay3" }, "geometry": { "type": "LineString", "coordinates": [ [ 7.410278, 61.569805 ], [ 8.690186, 60.798714 ] ] } },
{ "type": "Feature", "properties": { "voltage_kv": 300.0, "from_node": 50, "to_node": 77, "length_km": 144.98770260222668, "delaunay_k": 3, "edge_set": "Delaunay3" }, "geometry": { "type": "LineString", "coordinates": [ [ 7.410278, 61.569805 ], [ 10.134888, 61.525314 ] ] } },
{ "type": "Feature", "properties": { "voltage_kv": 300.0, "from_node": 51, "to_node": 58, "length_km": 110.15938757448507, "delaunay_k": 3, "edge_set": "Delaunay3" }, "geometry": { "type": "LineString", "coordinates": [ [ 7.436371, 61.447302 ], [ 8.088684, 60.511343 ] ] } },
{ "type": "Feature", "properties": { "voltage_kv": 300.0, "from_node": 51, "to_node": 60, "length_km": 79.428256960880816, "delaunay_k": 3, "edge_set": "Delaunay3" }, "geometry": { "type": "LineString", "coordinates": [ [ 7.436371, 61.447302 ], [ 8.311157, 60.873666 ] ] } },
{ "type": "Feature", "properties": { "voltage_kv": 300.0, "from_node": 51, "to_node": 63, "length_km": 98.979888507808752, "delaunay_k": 3, "edge_set": "Delaunay3" }, "geometry": { "type": "LineString", "coordinates": [ [ 7.436371, 61.447302 ], [ 8.690186, 60.798714 ] ] } },
{ "type": "Feature", "properties": { "voltage_kv": 300.0, "from_node": 51, "to_node": 73, "length_km": 127.8888706793103, "delaunay_k": 3, "edge_set": "Delaunay3" }, "geometry": { "type": "LineString", "coordinates": [ [ 7.436371, 61.447302 ], [ 9.821777, 61.582225 ] ] } },
{ "type": "Feature", "properties": { "voltage_kv": 300.0, "from_node": 51, "to_node": 77, "length_km": 144.06041988454899, "delaunay_k": 3, "edge_set": "Delaunay3" }, "geometry": { "type": "LineString", "coordinates": [ [ 7.436371, 61.447302 ], [ 10.134888, 61.525314 ] ] } },
{ "type": "Feature", "properties": { "voltage_kv": 300.0, "from_node": 52, "to_node": 63, "length_km": 87.201061223389374, "delaunay_k": 3, "edge_set": "Delaunay3" }, "geometry": { "type": "LineString", "coordinates": [ [ 7.439117, 61.292669 ], [ 8.690186, 60.798714 ] ] } },
{ "type": "Feature", "properties": { "voltage_kv": 300.0, "from_node": 52, "to_node": 64, "length_km": 105.9539139282692, "delaunay_k": 3, "edge_set": "Delaunay3" }, "geometry": { "type": "LineString", "coordinates": [ [ 7.439117, 61.292669 ], [ 8.75885, 60.591688 ] ] } },
{ "type": "Feature", "properties": { "voltage_kv": 300.0, "from_node": 52, "to_node": 73, "length_km": 131.20115399504562, "delaunay_k": 3, "edge_set": "Delaunay3" }, "geometry": { "type": "LineString", "coordinates": [ [ 7.439117, 61.292669 ], [ 9.821777, 61.582225 ] ] } },
{ "type": "Feature", "properties": { "voltage_kv": 300.0, "from_node": 52, "to_node": 77, "length_km": 146.32299113211394, "delaunay_k": 3, "edge_set": "Delaunay3" }, "geometry": { "type": "LineString", "coordinates": [ [ 7.439117, 61.292669 ], [ 10.134888, 61.525314 ] ] } },
{ "type": "Feature", "properties": { "voltage_kv": 300.0, "from_node": 53, "to_node": 64, "length_km": 116.99467502746145, "delaunay_k": 3, "edge_set": "Delaunay3" }, "geometry": { "type": "LineString", "coordinates": [ [ 7.738495, 61.517456 ], [ 8.75885, 60.591688 ] ] } },
{ "type": "Feature", "properties": { "voltage_kv": 300.0, "from_node": 54, "to_node": 66, "length_km": 146.18521895302214, "delaunay_k": 3, "edge_set": "Delaunay3" }, "geometry": { "type": "LineString", "coordinates": [ [ 7.772827, 59.780596 ], [ 8.782196, 58.575413 ] ] } },
{ "type": "Feature", "properties": { "voltage_kv": 300.0, "from_node": 54, "to_node": 67, "length_km": 73.770081219568169, "delaunay_k": 3, "edge_set": "Delaunay3" }, "geometry": { "type": "LineString", "coordinates": [ [ 7.772827, 59.780596 ], [ 8.87146, 59.422728 ] ] } },
{ "type": "Feature", "properties": { "voltage_kv": 300.0, "from_node": 54, "to_node": 71, "length_km": 117.08884058572011, "delaunay_k": 3, "edge_set": "Delaunay3" }, "geometry": { "type": "LineString", "coordinates": [ [ 7.772827, 59.780596 ], [ 9.593811, 59.282019 ] ] } },
{ "type": "Feature", "properties": { "voltage_kv": 300.0, "from_node": 54, "to_node": 74, "length_km": 121.10478548443791, "delaunay_k": 3, "edge_set": "Delaunay3" }, "geometry": { "type": "LineString", "coordinates": [ [ 7.772827, 59.780596 ], [ 9.923401, 59.721792 ] ] } },
{ "type": "Feature", "properties": { "voltage_kv": 300.0, "from_node": 54, "to_node": 78, "length_km": 141.60861457115809, "delaunay_k": 3, "edge_set": "Delaunay3" }, "geometry": { "type": "LineString", "coordinates": [ [ 7.772827, 59.780596 ], [ 10.288696, 59.88687 ] ] } },
{ "type": "Feature", "properties": { "voltage_kv": 300.0, "from_node": 55, "to_node": 60, "length_km": 141.01251565722711, "delaunay_k": 3, "edge_set": "Delaunay3" }, "geometry": { "type": "LineString", "coordinates": [ [ 7.819519, 59.632352 ], [ 8.311157, 60.873666 ] ] } },
{ "type": "Feature", "properties": { "voltage_kv": 300.0, "from_node": 55, "to_node": 63, "length_km": 138.67248597569787, "delaunay_k": 3, "edge_set": "Delaunay3" }, "geometry": { "type": "LineString", "coordinates": [ [ 7.819519, 59.632352 ], [ 8.690186, 60.798714 ] ] } },
{ "type": "Feature", "properties": { "voltage_kv": 300.0, "from_node": 55, "to_node": 72, "length_km": 115.20001132090691, "delaunay_k": 3, "edge_set": "Delaunay3" }, "geometry": { "type": "LineString", "coordinates": [ [ 7.819519, 59.632352 ], [ 9.61441, 59.151995 ] ] } },
{ "type": "Feature", "properties": { "voltage_kv": 300.0, "from_node": 55, "to_node": 76, "length_km": 130.40088123152916, "delaunay_k": 3, "edge_set": "Delaunay3" }, "geometry": { "type": "LineString", "coordinates": [ [ 7.819519, 59.632352 ], [ 10.122528, 59.553808 ] ] } },
{ "type": "Feature", "properties": { "voltage_kv": 300.0, "from_node": 55, "to_node": 78, "length_km": 141.66821406739743, "delaunay_k": 3, "edge_set": "Delaunay3" }, "geometry": { "type": "LineString", "coordinates": [ [ 7.819519, 59.632352 ], [ 10.288696, 59.88687 ] ] } },
{ "type": "Feature", "properties": { "voltage_kv": 300.0, "from_node": 55, "to_node": 79, "length_km": 147.52467728511073, "delaunay_k": 3, "edge_set": "Delaunay3" }, "geometry": { "type": "LineString", "coordinates": [ [ 7.819519, 59.632352 ], [ 10.37796, 59.383584 ] ] } },
{ "type": "Feature", "properties": { "voltage_kv": 300.0, "from_node": 55, "to_node": 81, "length_km": 147.57230567811143, "delaunay_k": 3, "edge_set": "Delaunay3" }, "geometry": { "type": "LineString", "coordinates": [ [ 7.819519, 59.632352 ], [ 10.434265, 59.620547 ] ] } },
{ "type": "Feature", "properties": { "voltage_kv": 300.0, "from_node": 56, "to_node": 65, "length_km": 134.4616699610126, "delaunay_k": 3, "edge_set": "Delaunay3" }, "geometry": { "type": "LineString", "coordinates": [ [ 7.892303, 61.044991 ], [ 8.760223, 59.917172 ] ] } },
{ "type": "Feature", "properties": { "voltage_kv": 300.0, "from_node": 56, "to_node": 84, "length_km": 149.22643520250995, "delaunay_k": 3, "edge_set": "Delaunay3" }, "geometry": { "type": "LineString", "coordinates": [ [ 7.892303, 61.044991 ], [ 10.604553, 60.818808 ] ] } },
{ "type": "Feature", "properties": { "voltage_kv": 300.0, "from_node": 57, "to_node": 58, "length_km": 117.90733451742739, "delaunay_k": 3, "edge_set": "Delaunay3" }, "geometry": { "type": "LineString", "coordinates": [ [ 7.901917, 59.457639 ], [ 8.088684, 60.511343 ] ] } },
{ "type": "Feature", "properties": { "voltage_kv": 300.0, "from_node": 57, "to_node": 64, "length_km": 135.12452508797671, "delaunay_k": 3, "edge_set": "Delaunay3" }, "geometry": { "type": "LineString", "coordinates": [ [ 7.901917, 59.457639 ], [ 8.75885, 60.591688 ] ] } },
{ "type": "Feature", "properties": { "voltage_kv": 300.0, "from_node": 57, "to_node": 76, "length_km": 126.23225425182891, "delaunay_k": 3, "edge_set": "Delaunay3" }, "geometry": { "type": "LineString", "coordinates": [ [ 7.901917, 59.457639 ], [ 10.122528, 59.553808 ] ] } },
{ "type": "Feature", "properties": { "voltage_kv": 300.0, "from_node": 57, "to_node": 78, "length_km": 142.76644264331625, "delaunay_k": 3, "edge_set": "Delaunay3" }, "geometry": { "type": "LineString", "coordinates": [ [ 7.901917, 59.457639 ], [ 10.288696, 59.88687 ] ] } },
{ "type": "Feature", "properties": { "voltage_kv": 300.0, "from_node": 57, "to_node": 79, "length_km": 140.8352586665055, "delaunay_k": 3, "edge_set": "Delaunay3" }, "geometry": { "type": "LineString", "coordinates": [ [ 7.901917, 59.457639 ], [ 10.37796, 59.383584 ] ] } },
{ "type": "Feature", "properties": { "voltage_kv": 300.0, "from_node": 57, "to_node": 81, "length_km": 144.43163724696788, "delaunay_k": 3, "edge_set": "Delaunay3" }, "geometry": { "type": "LineString", "coordinates": [ [ 7.901917, 59.457639 ], [ 10.434265, 59.620547 ] ] } },
{ "type": "Feature", "properties": { "voltage_kv": 300.0, "from_node": 58, "to_node": 67, "length_km": 128.96245560431805, "delaunay_k": 3, "edge_set": "Delaunay3" }, "geometry": { "type": "LineString", "coordinates": [ [ 8.088684, 60.511343 ], [ 8.87146, 59.422728 ] ] } },
{ "type": "Feature", "properties": { "voltage_kv": 300.0, "from_node": 58, "to_node": 73, "length_km": 151.70188631218272, "delaunay_k": 3, "edge_set": "Delaunay3" }, "geometry": { "type": "LineString", "coordinates": [ [ 8.088684, 60.511343 ], [ 9.821777, 61.582225 ] ] } },
{ "type": "Feature", "properties": { "voltage_kv": 300.0, "from_node": 58, "to_node": 74, "length_km": 134.72608981589798, "delaunay_k": 3, "edge_set": "Delaunay3" }, "geometry": { "type": "LineString", "coordinates": [ [ 8.088684, 60.511343 ], [ 9.923401, 59.721792 ] ] } },
{ "type": "Feature", "properties": { "voltage_kv": 300.0, "from_node": 59, "to_node": 68, "length_km": 149.59413261064967, "delaunay_k": 3, "edge_set": "Delaunay3" }, "geometry": { "type": "LineString", "coordinates": [ [ 8.102417, 58.2445 ], [ 8.87558, 59.525961 ] ] } },
{ "type": "Feature", "properties": { "voltage_kv": 300.0, "from_node": 59, "to_node": 71, "length_km": 144.27072590324767, "delaunay_k": 3, "edge_set": "Delaunay3" }, "geometry": { "type": "LineString", "coordinates": [ [ 8.102417, 58.2445 ], [ 9.593811, 59.282019 ] ] } },
{ "type": "Feature", "properties": { "voltage_kv": 300.0, "from_node": 60, "to_node": 65, "length_km": 109.44085238704366, "delaunay_k": 3, "edge_set": "Delaunay3" }, "geometry": { "type": "LineString", "coordinates": [ [ 8.311157, 60.873666 ], [ 8.760223, 59.917172 ] ] } },
{ "type": "Feature", "properties": { "voltage_kv": 300.0, "from_node": 60, "to_node": 68, "length_km": 153.42579054687161, "delaunay_k": 3, "edge_set": "Delaunay3" }, "geometry": { "type": "LineString", "coordinates": [ [ 8.311157, 60.873666 ], [ 8.87558, 59.525961 ] ] } },
{ "type": "Feature", "properties": { "voltage_kv": 300.0, "from_node": 62, "to_node": 66, "length_km": 149.70376435907403, "delaunay_k": 3, "edge_set": "Delaunay3" }, "geometry": { "type": "LineString", "coordinates": [ [ 8.524017, 59.912353 ], [ 8.782196, 58.575413 ] ] } },
{ "type": "Feature", "properties": { "voltage_kv": 300.0, "from_node": 62, "to_node": 72, "length_km": 104.81493733610461, "delaunay_k": 3, "edge_set": "Delaunay3" }, "geometry": { "type": "LineString", "coordinates": [ [ 8.524017, 59.912353 ], [ 9.61441, 59.151995 ] ] } },
{ "type": "Feature", "properties": { "voltage_kv": 300.0, "from_node": 62, "to_node": 76, "length_km": 98.400938955234977, "delaunay_k": 3, "edge_set": "Delaunay3" }, "geometry": { "type": "LineString", "coordinates": [ [ 8.524017, 59.912353 ], [ 10.122528, 59.553808 ] ] } },
{ "type": "Feature", "properties": { "voltage_kv": 300.0, "from_node": 62, "to_node": 79, "length_km": 120.01297979871765, "delaunay_k": 3, "edge_set": "Delaunay3" }, "geometry": { "type": "LineString", "coordinates": [ [ 8.524017, 59.912353 ], [ 10.37796, 59.383584 ] ] } },
{ "type": "Feature", "properties": { "voltage_kv": 300.0, "from_node": 62, "to_node": 81, "length_km": 112.16890651713727, "delaunay_k": 3, "edge_set": "Delaunay3" }, "geometry": { "type": "LineString", "coordinates": [ [ 8.524017, 59.912353 ], [ 10.434265, 59.620547 ] ] } },
{ "type": "Feature", "properties": { "voltage_kv": 300.0, "from_node": 62, "to_node": 86, "length_km": 129.56068462969702, "delaunay_k": 3, "edge_set": "Delaunay3" }, "geometry": { "type": "LineString", "coordinates": [ [ 8.524017, 59.912353 ], [ 10.839386, 59.958448 ] ] } },
{ "type": "Feature", "properties": { "voltage_kv": 300.0, "from_node": 63, "to_node": 68, "length_km": 142.21179497008688, "delaunay_k": 3, "edge_set": "Delaunay3" }, "geometry": { "type": "LineString", "coordinates": [ [ 8.690186, 60.798714 ], [ 8.87558, 59.525961 ] ] } },
{ "type": "Feature", "properties": { "voltage_kv": 300.0, "from_node": 63, "to_node": 74, "length_km": 138.06704432855125, "delaunay_k": 3, "edge_set": "Delaunay3" }, "geometry": { "type": "LineString", "coordinates": [ [ 8.690186, 60.798714 ], [ 9.923401, 59.721792 ] ] } },
{ "type": "Feature", "properties": { "voltage_kv": 300.0, "from_node": 63, "to_node": 86, "length_km": 151.06519507684678, "delaunay_k": 3, "edge_set": "Delaunay3" }, "geometry": { "type": "LineString", "coordinates": [ [ 8.690186, 60.798714 ], [ 10.839386, 59.958448 ] ] } },
{ "type": "Feature", "properties": { "voltage_kv": 300.0, "from_node": 64, "to_node": 67, "length_km": 130.41960277963378, "delaunay_k": 3, "edge_set": "Delaunay3" }, "geometry": { "type": "LineString", "coordinates": [ [ 8.75885, 60.591688 ], [ 8.87146, 59.422728 ] ] } },
{ "type": "Feature", "properties": { "voltage_kv": 300.0, "from_node": 64, "to_node": 69, "length_km": 145.17769988545808, "delaunay_k": 3, "edge_set": "Delaunay3" }, "geometry": { "type": "LineString", "coordinates": [ [ 8.75885, 60.591688 ], [ 9.063721, 61.885931 ] ] } },
{ "type": "Feature", "properties": { "voltage_kv": 300.0, "from_node": 64, "to_node": 71, "length_km": 153.22111671245048, "delaunay_k": 3, "edge_set": "Delaunay3" }, "geometry": { "type": "LineString", "coordinates": [ [ 8.75885, 60.591688 ], [ 9.593811, 59.282019 ] ] } },
{ "type": "Feature", "properties": { "voltage_kv": 300.0, "from_node": 64, "to_node": 73, "length_km": 124.4039264688035, "delaunay_k": 3, "edge_set": "Delaunay3" }, "geometry": { "type": "LineString", "coordinates": [ [ 8.75885, 60.591688 ], [ 9.821777, 61.582225 ] ] } },
{ "type": "Feature", "properties": { "voltage_kv": 300.0, "from_node": 64, "to_node": 76, "length_km": 138.34596109618457, "delaunay_k": 3, "edge_set": "Delaunay3" }, "geometry": { "type": "LineString", "coordinates": [ [ 8.75885, 60.591688 ], [ 10.122528, 59.553808 ] ] } },
{ "type": "Feature", "properties": { "voltage_kv": 300.0, "from_node": 64, "to_node": 77, "length_km": 127.86335872246856, "delaunay_k": 3, "edge_set": "Delaunay3" }, "geometry": { "type": "LineString", "coordinates": [ [ 8.75885, 60.591688 ], [ 10.134888, 61.525314 ] ] } },
{ "type": "Feature", "properties": { "voltage_kv": 300.0, "from_node": 65, "to_node": 66, "length_km": 149.51555286022335, "delaunay_k": 3, "edge_set": "Delaunay3" }, "geometry": { "type": "LineString", "coordinates": [ [ 8.760223, 59.917172 ], [ 8.782196, 58.575413 ] ] } },
{ "type": "Feature", "properties": { "voltage_kv": 300.0, "from_node": 65, "to_node": 72, "length_km": 98.00833552804248, "delaunay_k": 3, "edge_set": "Delaunay3" }, "geometry": { "type": "LineString", "coordinates": [ [ 8.760223, 59.917172 ], [ 9.61441, 59.151995 ] ] } },
{ "type": "Feature", "properties": { "voltage_kv": 300.0, "from_node": 65, "to_node": 79, "length_km": 108.88983676299657, "delaunay_k": 3, "edge_set": "Delaunay3" }, "geometry": { "type": "LineString", "coordinates": [ [ 8.760223, 59.917172 ], [ 10.37796, 59.383584 ] ] } },
{ "type": "Feature", "properties": { "voltage_kv": 300.0, "from_node": 65, "to_node": 85, "length_km": 121.91783789596968, "delaunay_k": 3, "edge_set": "Delaunay3" }, "geometry": { "type": "LineString", "coordinates": [ [ 8.760223, 59.917172 ], [ 10.770721, 59.509939 ] ] } },
{ "type": "Feature", "properties": { "voltage_kv": 300.0, "from_node": 65, "to_node": 90, "length_km": 152.09904369460764, "delaunay_k": 3, "edge_set": "Delaunay3" }, "geometry": { "type": "LineString", "coordinates": [ [ 8.760223, 59.917172 ], [ 11.181335, 59.317776 ] ] } },
{ "type": "Feature", "properties": { "voltage_kv": 300.0, "from_node": 66, "to_node": 74, "length_km": 143.45324393379261, "delaunay_k": 3, "edge_set": "Delaunay3" }, "geometry": { "type": "LineString", "coordinates": [ [ 8.782196, 58.575413 ], [ 9.923401, 59.721792 ] ] } },
{ "type": "Feature", "properties": { "voltage_kv": 300.0, "from_node": 66, "to_node": 76, "length_km": 133.39759111238212, "delaunay_k": 3, "edge_set": "Delaunay3" }, "geometry": { "type": "LineString", "coordinates": [ [ 8.782196, 58.575413 ], [ 10.122528, 59.553808 ] ] } },
{ "type": "Feature", "properties": { "voltage_kv": 300.0, "from_node": 66, "to_node": 81, "length_km": 150.07606478231523, "delaunay_k": 3, "edge_set": "Delaunay3" }, "geometry": { "type": "LineString", "coordinates": [ [ 8.782196, 58.575413 ], [ 10.434265, 59.620547 ] ] } },
{ "type": "Feature", "properties": { "voltage_kv": 300.0, "from_node": 67, "to_node": 78, "length_km": 95.185059299367765, "delaunay_k": 3, "edge_set": "Delaunay3" }, "geometry": { "type": "LineString", "coordinates": [ [ 8.87146, 59.422728 ], [ 10.288696, 59.88687 ] ] } },
{ "type": "Feature", "properties": { "voltage_kv": 300.0, "from_node": 67, "to_node": 81, "length_km": 91.172852377939932, "delaunay_k": 3, "edge_set": "Delaunay3" }, "geometry": { "type": "LineString", "coordinates": [ [ 8.87146, 59.422728 ], [ 10.434265, 59.620547 ] ] } },
{ "type": "Feature", "properties": { "voltage_kv": 300.0, "from_node": 67, "to_node": 85, "length_km": 108.12593825125357, "delaunay_k": 3, "edge_set": "Delaunay3" }, "geometry": { "type": "LineString", "coordinates": [ [ 8.87146, 59.422728 ], [ 10.770721, 59.509939 ] ] } },
{ "type": "Feature", "properties": { "voltage_kv": 300.0, "from_node": 67, "to_node": 86, "length_km": 125.88756299806221, "delaunay_k": 3, "edge_set": "Delaunay3" }, "geometry": { "type": "LineString", "coordinates": [ [ 8.87146, 59.422728 ], [ 10.839386, 59.958448 ] ] } },
{ "type": "Feature", "properties": { "voltage_kv": 300.0, "from_node": 68, "to_node": 85, "length_km": 107.30585448104159, "delaunay_k": 3, "edge_set": "Delaunay3" }, "geometry": { "type": "LineString", "coordinates": [ [ 8.87558, 59.525961 ], [ 10.770721, 59.509939 ] ] } },
{ "type": "Feature", "properties": { "voltage_kv": 300.0, "from_node": 68, "to_node": 86, "length_km": 120.49146748439658, "delaunay_k": 3, "edge_set": "Delaunay3" }, "geometry": { "type": "LineString", "coordinates": [ [ 8.87558, 59.525961 ], [ 10.839386, 59.958448 ] ] } },
{ "type": "Feature", "properties": { "voltage_kv": 300.0, "from_node": 68, "to_node": 90, "length_km": 132.94246510647156, "delaunay_k": 3, "edge_set": "Delaunay3" }, "geometry": { "type": "LineString", "coordinates": [ [ 8.87558, 59.525961 ], [ 11.181335, 59.317776 ] ] } },
{ "type": "Feature", "properties": { "voltage_kv": 300.0, "from_node": 69, "to_node": 84, "length_km": 144.70359216748247, "delaunay_k": 3, "edge_set": "Delaunay3" }, "geometry": { "type": "LineString", "coordinates": [ [ 9.063721, 61.885931 ], [ 10.604553, 60.818808 ] ] } },
{ "type": "Feature", "properties": { "voltage_kv": 300.0, "from_node": 71, "to_node": 86, "length_km": 103.05920444626861, "delaunay_k": 3, "edge_set": "Delaunay3" }, "geometry": { "type": "LineString", "coordinates": [ [ 9.593811, 59.282019 ], [ 10.839386, 59.958448 ] ] } },
{ "type": "Feature", "properties": { "voltage_kv": 300.0, "from_node": 72, "to_node": 78, "length_km": 90.334885738039517, "delaunay_k": 3, "edge_set": "Delaunay3" }, "geometry": { "type": "LineString", "coordinates": [ [ 9.61441, 59.151995 ], [ 10.288696, 59.88687 ] ] } },
{ "type": "Feature", "properties": { "voltage_kv": 300.0, "from_node": 73, "to_node": 84, "length_km": 94.914113731597837, "delaunay_k": 3, "edge_set": "Delaunay3" }, "geometry": { "type": "LineString", "coordinates": [ [ 9.821777, 61.582225 ], [ 10.604553, 60.818808 ] ] } },
{ "type": "Feature", "properties": { "voltage_kv": 300.0, "from_node": 74, "to_node": 89, "length_km": 139.90696407418758, "delaunay_k": 3, "edge_set": "Delaunay3" }, "geometry": { "type": "LineString", "coordinates": [ [ 9.923401, 59.721792 ], [ 11.160736, 60.816799 ] ] } },
{ "type": "Feature", "properties": { "voltage_kv": 300.0, "from_node": 74, "to_node": 90, "length_km": 84.24033689928217, "delaunay_k": 3, "edge_set": "Delaunay3" }, "geometry": { "type": "LineString", "coordinates": [ [ 9.923401, 59.721792 ], [ 11.181335, 59.317776 ] ] } },
{ "type": "Feature", "properties": { "voltage_kv": 300.0, "from_node": 76, "to_node": 84, "length_km": 143.46056189397996, "delaunay_k": 3, "edge_set": "Delaunay3" }, "geometry": { "type": "LineString", "coordinates": [ [ 10.122528, 59.553808 ], [ 10.604553, 60.818808 ] ] } },
{ "type": "Feature", "properties": { "voltage_kv": 300.0, "from_node": 76, "to_node": 91, "length_km": 112.99403895499846, "delaunay_k": 3, "edge_set": "Delaunay3" }, "geometry": { "type": "LineString", "coordinates": [ [ 10.122528, 59.553808 ], [ 11.288452, 60.382648 ] ] } },
{ "type": "Feature", "properties": { "voltage_kv": 300.0, "from_node": 77, "to_node": 91, "length_km": 141.83876094184916, "delaunay_k": 3, "edge_set": "Delaunay3" }, "geometry": { "type": "LineString", "coordinates": [ [ 10.134888, 61.525314 ], [ 11.288452, 60.382648 ] ] } },
{ "type": "Feature", "properties": { "voltage_kv": 300.0, "from_node": 80, "to_node": 86, "length_km": 137.69467976129815, "delaunay_k": 3, "edge_set": "Delaunay3" }, "geometry": { "type": "LineString", "coordinates": [ [ 10.421906, 61.177019 ], [ 10.839386, 59.958448 ] ] } },
{ "type": "Feature", "properties": { "voltage_kv": 300.0, "from_node": 81, "to_node": 89, "length_km": 139.23241772557355, "delaunay_k": 3, "edge_set": "Delaunay3" }, "geometry": { "type": "LineString", "coordinates": [ [ 10.434265, 59.620547 ], [ 11.160736, 60.816799 ] ] } },
{ "type": "Feature", "properties": { "voltage_kv": 300.0, "from_node": 84, "to_node": 85, "length_km": 146.12213072583339, "delaunay_k": 3, "edge_set": "Delaunay3" }, "geometry": { "type": "LineString", "coordinates": [ [ 10.604553, 60.818808 ], [ 10.770721, 59.509939 ] ] } },
{ "type": "Feature", "properties": { "voltage_kv": 300.0, "from_node": 85, "to_node": 89, "length_km": 147.20634982365164, "delaunay_k": 3, "edge_set": "Delaunay3" }, "geometry": { "type": "LineString", "coordinates": [ [ 10.770721, 59.509939 ], [ 11.160736, 60.816799 ] ] } }
]
}
