{
"type": "FeatureCollection",
"name": "n490_300kv_delaunay2",
"crs": { "type": "name", "properties": { "name": "urn:ogc:def:crs:OGC:1.3:CRS84" } },
"features": [
{ "type": "Feature", "properties": { "voltage_kv": 300.0, "from_node": 0, "to_node": 4, "length_km": 46.818958736653443, "delaunay_k": 2, "edge_set": "Delaunay2" }, "geometry": { "type": "LineString", "coordinates": [ [ 4.998779, 60.703432 ], [ 5.449219, 60.347337 ] ] } },
{ "type": "Feature", "properties": { "voltage_kv": 300.0, "from_node": 0, "to_node": 6, "length_km": 41.62009062050835, "delaunay_k": 2, "edge_set": "Delaunay2" }, "geometry": { "type": "LineString", "coordinates": [ [ 4.998779, 60.703432 ], [ 5.494537, 60.42131 ] ] } },
{ "type": "Feature", "properties": { "voltage_kv": 300.0, "from_node": 0, "to_node": 12, "length_km": 99.436025529530582, "delaunay_k": 2, "edge_set": "Delaunay2" }, "geometry": { "type": "LineString", "coordinates": [ [ 4.998779, 60.703432 ], [ 5.868073, 59.923367 ] ] } },
{ "type": "Feature", "properties": { "voltage_kv": 300.0, "from_node": 0, "to_node": 16, "length_km": 60.413638798748877, "delaunay_k": 2, "edge_set": "Delaunay2" }, "geometry": { "type": "LineString", "coordinates": [ [ 4.998779, 60.703432 ], [ 6.100159, 60.664433 ] ] } },
{ "type": "Feature", "properties": { "voltage_kv": 300.0, "from_node": 0, "to_node": 17, "length_km": 111.64800278420097, "delaunay_k": 2, "edge_set": "Delaunay2" }, "geometry": { "type": "LineString", "coordinates": [ [ 4.998779, 60.703432 ], [ 6.113892, 59.869641 ] ] } },
{ "type": "Feature", "properties": { "voltage_kv": 300.0, "from_node": 0, "to_node": 18, "length_km": 67.257057513315289, "delaunay_k": 2, "edge_set": "Delaunay2" }, "geometry": { "type": "LineString", "coordinates": [ [ 4.998779, 60.703432 ], [ 6.156464, 60.504583 ] ] } },
{ "type": "Feature", "properties": { "voltage_kv": 300.0, "from_node": 0, "to_node": 20, "length_km": 140.31558426094014, "delaunay_k": 2, "edge_set": "Delaunay2" }, "geometry": { "type": "LineString", "coordinates": [ [ 4.998779, 60.703432 ], [ 6.432495, 59.667741 ] ] } },
{ "type": "Feature", "properties": { "voltage_kv": 300.0, "from_node": 0, "to_node": 21, "length_km": 151.04897691971328, "delaunay_k": 2, "edge_set": "Delaunay2" }, "geometry": { "type": "LineString", "coordinates": [ [ 4.998779, 60.703432 ], [ 6.481934, 59.569114 ] ] } },
{ "type": "Feature", "properties": { "voltage_kv": 300.0, "from_node": 0, "to_node": 24, "length_km": 95.468068122190061, "delaunay_k": 2, "edge_set": "Delaunay2" }, "geometry": { "type": "LineString", "coordinates": [ [ 4.998779, 60.703432 ], [ 6.60965, 61.043662 ] ] } },
{ "type": "Feature", "properties": { "voltage_kv": 300.0, "from_node": 0, "to_node": 34, "length_km": 111.08555248712108, "delaunay_k": 2, "edge_set": "Delaunay2" }, "geometry": { "type": "LineString", "coordinates": [ [ 4.998779, 60.703432 ], [ 6.871948, 61.10278 ] ] } },
{ "type": "Feature", "properties": { "voltage_kv": 300.0, "from_node": 0, "to_node": 46, "length_km": 138.93310189077295, "delaunay_k": 2, "edge_set": "Delaunay2" }, "geometry": { "type": "LineString", "coordinates": [ [ 4.998779, 60.703432 ], [ 7.293549, 61.259009 ] ] } },
{ "type": "Feature", "properties": { "voltage_kv": 300.0, "from_node": 1, "to_node": 3, "length_km": 107.52537131496013, "delaunay_k": 2, "edge_set": "Delaunay2" }, "geometry": { "type": "LineString", "coordinates": [ [ 5.259705, 60.456541 ], [ 5.39978, 59.495303 ] ] } },
{ "type": "Feature", "properties": { "voltage_kv": 300.0, "from_node": 1, "to_node": 12, "length_km": 68.407477942699572, "delaunay_k": 2, "edge_set": "Delaunay2" }, "geometry": { "type": "LineString", "coordinates": [ [ 5.259705, 60.456541 ], [ 5.868073, 59.923367 ] ] } },
{ "type": "Feature", "properties": { "voltage_kv": 300.0, "from_node": 1, "to_node": 13, "length_km": 57.503208323647954, "delaunay_k": 2, "edge_set": "Delaunay2" }, "geometry": { "type": "LineString", "coordinates": [ [ 5.259705, 60.456541 ], [ 5.968323, 60.836881 ] ] } },
{ "type": "Feature", "properties": { "voltage_kv": 300.0, "from_node": 1, "to_node": 15, "length_km": 97.806011208627766, "delaunay_k": 2, "edge_set": "Delaunay2" }, "geometry": { "type": "LineString", "coordinates": [ [ 5.259705, 60.456541 ], [ 6.093292, 61.233245 ] ] } },
{ "type": "Feature", "properties": { "voltage_kv": 300.0, "from_node": 1, "to_node": 16, "length_km": 51.653966540434183, "delaunay_k": 2, "edge_set": "Delaunay2" }, "geometry": { "type": "LineString", "coordinates": [ [ 5.259705, 60.456541 ], [ 6.100159, 60.664433 ] ] } },
{ "type": "Feature", "properties": { "voltage_kv": 300.0, "from_node": 1, "to_node": 17, "length_km": 80.87446917190077, "delaunay_k": 2, "edge_set": "Delaunay2" }, "geometry": { "type": "LineString", "coordinates": [ [ 5.259705, 60.456541 ], [ 6.113892, 59.869641 ] ] } },
{ "type": "Feature", "properties": { "voltage_kv": 300.0, "from_node": 1, "to_node": 18, "length_km": 49.658864360544449, "delaunay_k": 2, "edge_set": "Delaunay2" }, "geometry": { "type": "LineString", "coordinates": [ [ 5.259705, 60.456541 ], [ 6.156464, 60.504583 ] ] } },
{ "type": "Feature", "properties": { "voltage_kv": 300.0, "from_node": 1, "to_node": 19, "length_km": 68.81314433140524, "delaunay_k": 2, "edge_set": "Delaunay2" }, "geometry": { "type": "LineString", "coordinates": [ [ 5.259705, 60.456541 ], [ 6.297913, 60.117566 ] ] } },
{ "type": "Feature", "properties": { "voltage_kv": 300.0, "from_node": 1, "to_node": 20, "length_km": 109.61961789304839, "delaunay_k": 2, "edge_set": "Delaunay2" }, "geometry": { "type": "LineString", "coordinates": [ [ 5.259705, 60.456541 ], [ 6.432495, 59.667741 ] ] } },
{ "type": "Feature", "properties": { "voltage_kv": 300.0, "from_node": 2, "to_node": 5, "length_km": 61.543617351550424, "delaunay_k": 2, "edge_set": "Delaunay2" }, "geometry": { "type": "LineString", "coordinates": [ [ 5.262451, 59.225853 ], [ 5.461578, 59.768152 ] ] } },
{ "type": "Feature", "properties": { "voltage_kv": 300.0, "from_node": 2, "to_node": 9, "length_km": 42.324923785442188, "delaunay_k": 2, "edge_set": "Delaunay2" }, "geometry": { "type": "LineString", "coordinates": [ [ 5.262451, 59.225853 ], [ 5.715637, 58.926626 ] ] } },
{ "type": "Feature", "properties": { "voltage_kv": 300.0, "from_node": 2, "to_node": 20, "length_km": 82.734062254507052, "delaunay_k": 2, "edge_set": "Delaunay2" }, "geometry": { "type": "LineString", "coordinates": [ [ 5.262451, 59.225853 ], [ 6.432495, 59.667741 ] ] } },
{ "type": "Feature", "properties": { "voltage_kv": 300.0, "from_node": 2, "to_node": 21, "length_km": 79.225002935348272, "delaunay_k": 2, "edge_set": "Delaunay2" }, "geometry": { "type": "LineString", "coordinates": [ [ 5.262451, 59.225853 ], [ 6.481934, 59.569114 ] ] } },
{ "type": "Feature", "properties": { "voltage_kv": 300.0, "from_node": 2, "to_node": 22, "length_km": 74.747898904701955, "delaunay_k": 2, "edge_set": "Delaunay2" }, "geometry": { "type": "LineString", "coordinates": [ [ 5.262451, 59.225853 ], [ 6.491547, 59.460431 ] ] } },
{ "type": "Feature", "properties": { "voltage_kv": 300.0, "from_node": 2, "to_node": 26, "length_km": 80.573548058658631, "delaunay_k": 2, "edge_set": "Delaunay2" }, "geometry": { "type": "LineString", "coordinates": [ [ 5.262451, 59.225853 ], [ 6.663208, 59.314272 ] ] } },
{ "type": "Feature", "properties": { "voltage_kv": 300.0, "from_node": 2, "to_node": 27, "length_km": 84.007320950297341, "delaunay_k": 2, "edge_set": "Delaunay2" }, "geometry": { "type": "LineString", "coordinates": [ [ 5.262451, 59.225853 ], [ 6.696167, 59.068096 ] ] } },
{ "type": "Feature", "properties": { "voltage_kv": 300.0, "from_node": 3, "to_node": 4, "length_km": 95.092469863186992, "delaunay_k": 2, "edge_set": "Delaunay2" }, "geometry": { "type": "LineString", "coordinates": [ [ 5.39978, 59.495303 ], [ 5.449219, 60.347337 ] ] } },
{ "type": "Feature", "properties": { "voltage_kv": 300.0, "from_node": 3, "to_node": 8, "length_km": 56.068225682812496, "delaunay_k": 2, "edge_set": "Delaunay2" }, "geometry": { "type": "LineString", "coordinates": [ [ 5.39978, 59.495303 ], [ 5.623627, 59.00592 ] ] } },
{ "type": "Feature", "properties": { "voltage_kv": 300.0, "from_node": 3, "to_node": 11, "length_km": 132.4139014287241, "delaunay_k": 2, "edge_set": "Delaunay2" }, "geometry": { "type": "LineString", "coordinates": [ [ 5.39978, 59.495303 ], [ 5.847473, 60.661069 ] ] } },
{ "type": "Feature", "properties": { "voltage_kv": 300.0, "from_node": 3, "to_node": 12, "length_km": 54.557638352023602, "delaunay_k": 2, "edge_set": "Delaunay2" }, "geometry": { "type": "LineString", "coordinates": [ [ 5.39978, 59.495303 ], [ 5.868073, 59.923367 ] ] } },
{ "type": "Feature", "properties": { "voltage_kv": 300.0, "from_node": 3, "to_node": 13, "length_km": 152.95079083440078, "delaunay_k": 2, "edge_set": "Delaunay2" }, "geometry": { "type": "LineString", "coordinates": [ [ 5.39978, 59.495303 ], [ 5.968323, 60.836881 ] ] } },
{ "type": "Feature", "properties": { "voltage_kv": 300.0, "from_node": 3, "to_node": 17, "length_km": 58.013583777673297, "delaunay_k": 2, "edge_set": "Delaunay2" }, "geometry": { "type": "LineString", "coordinates": [ [ 5.39978, 59.495303 ], [ 6.113892, 59.869641 ] ] } },
{ "type": "Feature", "properties": { "voltage_kv": 300.0, "from_node": 3, "to_node": 22, "length_km": 62.069734757005108, "delaunay_k": 2, "edge_set": "Delaunay2" }, "geometry": { "type": "LineString", "coordinates": [ [ 5.39978, 59.495303 ], [ 6.491547, 59.460431 ] ] } },
{ "type": "Feature", "properties": { "voltage_kv": 300.0, "from_node": 3, "to_node": 25, "length_km": 71.080766812915783, "delaunay_k": 2, "edge_set": "Delaunay2" }, "geometry": { "type": "LineString", "coordinates": [ [ 5.39978, 59.495303 ], [ 6.650848, 59.461826 ] ] } },
{ "type": "Feature", "properties": { "voltage_kv": 300.0, "from_node": 3, "to_node": 26, "length_km": 74.623063633918761, "delaunay_k": 2, "edge_set": "Delaunay2" }, "geometry": { "type": "LineString", "coordinates": [ [ 5.39978, 59.495303 ], [ 6.663208, 59.314272 ] ] } },
{ "type": "Feature", "properties": { "voltage_kv": 300.0, "from_node": 3, "to_node": 29, "length_km": 86.692331328604922, "delaunay_k": 2, "edge_set": "Delaunay2" }, "geometry": { "type": "LineString", "coordinates": [ [ 5.39978, 59.495303 ], [ 6.745605, 59.871019 ] ] } },
{ "type": "Feature", "properties": { "voltage_kv": 300.0, "from_node": 3, "to_node": 37, "length_km": 88.403880509407927, "delaunay_k": 2, "edge_set": "Delaunay2" }, "geometry": { "type": "LineString", "coordinates": [ [ 5.39978, 59.495303 ], [ 6.904907, 59.710712 ] ] } },
{ "type": "Feature", "properties": { "voltage_kv": 300.0, "from_node": 4, "to_node": 11, "length_km": 41.290007614531334, "delaunay_k": 2, "edge_set": "Delaunay2" }, "geometry": { "type": "LineString", "coordinates": [ [ 5.449219, 60.347337 ], [ 5.847473, 60.661069 ] ] } },
{ "type": "Feature", "properties": { "voltage_kv": 300.0, "from_node": 4, "to_node": 16, "length_km": 50.331299949312196, "delaunay_k": 2, "edge_set": "Delaunay2" }, "geometry": { "type": "LineString", "coordinates": [ [ 5.449219, 60.347337 ], [ 6.100159, 60.664433 ] ] } },
{ "type": "Feature", "properties": { "voltage_kv": 300.0, "from_node": 4, "to_node": 17, "length_km": 64.875511471953502, "delaunay_k": 2, "edge_set": "Delaunay2" }, "geometry": { "type": "LineString", "coordinates": [ [ 5.449219, 60.347337 ], [ 6.113892, 59.869641 ] ] } },
{ "type": "Feature", "properties": { "voltage_kv": 300.0, "from_node": 4, "to_node": 20, "length_km": 93.5985894005468, "delaunay_k": 2, "edge_set": "Delaunay2" }, "geometry": { "type": "LineString", "coordinates": [ [ 5.449219, 60.347337 ], [ 6.432495, 59.667741 ] ] } },
{ "type": "Feature", "properties": { "voltage_kv": 300.0, "from_node": 4, "to_node": 28, "length_km": 76.263576473257444, "delaunay_k": 2, "edge_set": "Delaunay2" }, "geometry": { "type": "LineString", "coordinates": [ [ 5.449219, 60.347337 ], [ 6.70166, 60.066211 ] ] } },
{ "type": "Feature", "properties": { "voltage_kv": 300.0, "from_node": 4, "to_node": 32, "length_km": 77.721560298951331, "delaunay_k": 2, "edge_set": "Delaunay2" }, "geometry": { "type": "LineString", "coordinates": [ [ 5.449219, 60.347337 ], [ 6.797791, 60.156543 ] ] } },
{ "type": "Feature", "properties": { "voltage_kv": 300.0, "from_node": 4, "to_node": 45, "length_km": 117.8471314504779, "delaunay_k": 2, "edge_set": "Delaunay2" }, "geometry": { "type": "LineString", "coordinates": [ [ 5.449219, 60.347337 ], [ 7.216644, 60.950443 ] ] } },
{ "type": "Feature", "properties": { "voltage_kv": 300.0, "from_node": 5, "to_node": 6, "length_km": 72.888044441382675, "delaunay_k": 2, "edge_set": "Delaunay2" }, "geometry": { "type": "LineString", "coordinates": [ [ 5.461578, 59.768152 ], [ 5.494537, 60.42131 ] ] } },
{ "type": "Feature", "properties": { "voltage_kv": 300.0, "from_node": 5, "to_node": 7, "length_km": 50.682732060446767, "delaunay_k": 2, "edge_set": "Delaunay2" }, "geometry": { "type": "LineString", "coordinates": [ [ 5.461578, 59.768152 ], [ 5.568695, 59.317075 ] ] } },
{ "type": "Feature", "properties": { "voltage_kv": 300.0, "from_node": 5, "to_node": 11, "length_km": 101.88191418224484, "delaunay_k": 2, "edge_set": "Delaunay2" }, "geometry": { "type": "LineString", "coordinates": [ [ 5.461578, 59.768152 ], [ 5.847473, 60.661069 ] ] } },
{ "type": "Feature", "properties": { "voltage_kv": 300.0, "from_node": 5, "to_node": 13, "length_km": 122.46997493829215, "delaunay_k": 2, "edge_set": "Delaunay2" }, "geometry": { "type": "LineString", "coordinates": [ [ 5.461578, 59.768152 ], [ 5.968323, 60.836881 ] ] } },
{ "type": "Feature", "properties": { "voltage_kv": 300.0, "from_node": 5, "to_node": 18, "length_km": 90.784918860300664, "delaunay_k": 2, "edge_set": "Delaunay2" }, "geometry": { "type": "LineString", "coordinates": [ [ 5.461578, 59.768152 ], [ 6.156464, 60.504583 ] ] } },
{ "type": "Feature", "properties": { "voltage_kv": 300.0, "from_node": 5, "to_node": 19, "length_km": 60.902549980824261, "delaunay_k": 2, "edge_set": "Delaunay2" }, "geometry": { "type": "LineString", "coordinates": [ [ 5.461578, 59.768152 ], [ 6.297913, 60.117566 ] ] } },
{ "type": "Feature", "properties": { "voltage_kv": 300.0, "from_node": 5, "to_node": 21, "length_km": 61.699330315122772, "delaunay_k": 2, "edge_set": "Delaunay2" }, "geometry": { "type": "LineString", "coordinates": [ [ 5.461578, 59.768152 ], [ 6.481934, 59.569114 ] ] } },
{ "type": "Feature", "properties": { "voltage_kv": 300.0, "from_node": 5, "to_node": 28, "length_km": 76.987615049698391, "delaunay_k": 2, "edge_set": "Delaunay2" }, "geometry": { "type": "LineString", "coordinates": [ [ 5.461578, 59.768152 ], [ 6.70166, 60.066211 ] ] } },
{ "type": "Feature", "properties": { "voltage_kv": 300.0, "from_node": 5, "to_node": 29, "length_km": 73.020040015463636, "delaunay_k": 2, "edge_set": "Delaunay2" }, "geometry": { "type": "LineString", "coordinates": [ [ 5.461578, 59.768152 ], [ 6.745605, 59.871019 ] ] } },
{ "type": "Feature", "properties": { "voltage_kv": 300.0, "from_node": 5, "to_node": 37, "length_km": 81.504168595185774, "delaunay_k": 2, "edge_set": "Delaunay2" }, "geometry": { "type": "LineString", "coordinates": [ [ 5.461578, 59.768152 ], [ 6.904907, 59.710712 ] ] } },
{ "type": "Feature", "properties": { "voltage_kv": 300.0, "from_node": 6, "to_node": 12, "length_km": 59.297298384386664, "delaunay_k": 2, "edge_set": "Delaunay2" }, "geometry": { "type": "LineString", "coordinates": [ [ 5.494537, 60.42131 ], [ 5.868073, 59.923367 ] ] } },
{ "type": "Feature", "properties": { "voltage_kv": 300.0, "from_node": 6, "to_node": 13, "length_km": 53.132458689442835, "delaunay_k": 2, "edge_set": "Delaunay2" }, "geometry": { "type": "LineString", "coordinates": [ [ 5.494537, 60.42131 ], [ 5.968323, 60.836881 ] ] } },
{ "type": "Feature", "properties": { "voltage_kv": 300.0, "from_node": 6, "to_node": 16, "length_km": 42.927111903536371, "delaunay_k": 2, "edge_set": "Delaunay2" }, "geometry": { "type": "LineString", "coordinates": [ [ 5.494537, 60.42131 ], [ 6.100159, 60.664433 ] ] } },
{ "type": "Feature", "properties": { "voltage_kv": 300.0, "from_node": 6, "to_node": 19, "length_km": 55.938439750990248, "delaunay_k": 2, "edge_set": "Delaunay2" }, "geometry": { "type": "LineString", "coordinates": [ [ 5.494537, 60.42131 ], [ 6.297913, 60.117566 ] ] } },
{ "type": "Feature", "properties": { "voltage_kv": 300.0, "from_node": 6, "to_node": 32, "length_km": 77.965693698152506, "delaunay_k": 2, "edge_set": "Delaunay2" }, "geometry": { "type": "LineString", "coordinates": [ [ 5.494537, 60.42131 ], [ 6.797791, 60.156543 ] ] } },
{ "type": "Feature", "properties": { "voltage_kv": 300.0, "from_node": 6, "to_node": 45, "length_km": 111.13853108534913, "delaunay_k": 2, "edge_set": "Delaunay2" }, "geometry": { "type": "LineString", "coordinates": [ [ 5.494537, 60.42131 ], [ 7.216644, 60.950443 ] ] } },
{ "type": "Feature", "properties": { "voltage_kv": 300.0, "from_node": 7, "to_node": 9, "length_km": 44.358886249582497, "delaunay_k": 2, "edge_set": "Delaunay2" }, "geometry": { "type": "LineString", "coordinates": [ [ 5.568695, 59.317075 ], [ 5.715637, 58.926626 ] ] } },
{ "type": "Feature", "properties": { "voltage_kv": 300.0, "from_node": 7, "to_node": 10, "length_km": 55.770773744918458, "delaunay_k": 2, "edge_set": "Delaunay2" }, "geometry": { "type": "LineString", "coordinates": [ [ 5.568695, 59.317075 ], [ 5.756836, 58.82654 ] ] } },
{ "type": "Feature", "properties": { "voltage_kv": 300.0, "from_node": 7, "to_node": 20, "length_km": 62.685983150998801, "delaunay_k": 2, "edge_set": "Delaunay2" }, "geometry": { "type": "LineString", "coordinates": [ [ 5.568695, 59.317075 ], [ 6.432495, 59.667741 ] ] } },
{ "type": "Feature", "properties": { "voltage_kv": 300.0, "from_node": 7, "to_node": 25, "length_km": 63.640130226041087, "delaunay_k": 2, "edge_set": "Delaunay2" }, "geometry": { "type": "LineString", "coordinates": [ [ 5.568695, 59.317075 ], [ 6.650848, 59.461826 ] ] } },
{ "type": "Feature", "properties": { "voltage_kv": 300.0, "from_node": 7, "to_node": 27, "length_km": 70.229646050862087, "delaunay_k": 2, "edge_set": "Delaunay2" }, "geometry": { "type": "LineString", "coordinates": [ [ 5.568695, 59.317075 ], [ 6.696167, 59.068096 ] ] } },
{ "type": "Feature", "properties": { "voltage_kv": 300.0, "from_node": 7, "to_node": 35, "length_km": 78.973718472313976, "delaunay_k": 2, "edge_set": "Delaunay2" }, "geometry": { "type": "LineString", "coordinates": [ [ 5.568695, 59.317075 ], [ 6.889801, 59.110423 ] ] } },
{ "type": "Feature", "properties": { "voltage_kv": 300.0, "from_node": 7, "to_node": 37, "length_km": 87.529820110944485, "delaunay_k": 2, "edge_set": "Delaunay2" }, "geometry": { "type": "LineString", "coordinates": [ [ 5.568695, 59.317075 ], [ 6.904907, 59.710712 ] ] } },
{ "type": "Feature", "properties": { "voltage_kv": 300.0, "from_node": 7, "to_node": 43, "length_km": 91.591372731237612, "delaunay_k": 2, "edge_set": "Delaunay2" }, "geometry": { "type": "LineString", "coordinates": [ [ 5.568695, 59.317075 ], [ 7.119141, 59.110423 ] ] } },
{ "type": "Feature", "properties": { "voltage_kv": 300.0, "from_node": 8, "to_node": 14, "length_km": 59.3118704970096, "delaunay_k": 2, "edge_set": "Delaunay2" }, "geometry": { "type": "LineString", "coordinates": [ [ 5.623627, 59.00592 ], [ 6.008148, 58.513066 ] ] } },
{ "type": "Feature", "properties": { "voltage_kv": 300.0, "from_node": 8, "to_node": 21, "length_km": 79.644364014183154, "delaunay_k": 2, "edge_set": "Delaunay2" }, "geometry": { "type": "LineString", "coordinates": [ [ 5.623627, 59.00592 ], [ 6.481934, 59.569114 ] ] } },
{ "type": "Feature", "properties": { "voltage_kv": 300.0, "from_node": 8, "to_node": 22, "length_km": 70.918435922261693, "delaunay_k": 2, "edge_set": "Delaunay2" }, "geometry": { "type": "LineString", "coordinates": [ [ 5.623627, 59.00592 ], [ 6.491547, 59.460431 ] ] } },
{ "type": "Feature", "properties": { "voltage_kv": 300.0, "from_node": 8, "to_node": 25, "length_km": 77.657143440776835, "delaunay_k": 2, "edge_set": "Delaunay2" }, "geometry": { "type": "LineString", "coordinates": [ [ 5.623627, 59.00592 ], [ 6.650848, 59.461826 ] ] } },
{ "type": "Feature", "properties": { "voltage_kv": 300.0, "from_node": 8, "to_node": 30, "length_km": 66.826347097670364, "delaunay_k": 2, "edge_set": "Delaunay2" }, "geometry": { "type": "LineString", "coordinates": [ [ 5.623627, 59.00592 ], [ 6.756592, 58.878393 ] ] } },
{ "type": "Feature", "properties": { "voltage_kv": 300.0, "from_node": 8, "to_node": 35, "length_km": 73.652996581717431, "delaunay_k": 2, "edge_set": "Delaunay2" }, "geometry": { "type": "LineString", "coordinates": [ [ 5.623627, 59.00592 ], [ 6.889801, 59.110423 ] ] } },
{ "type": "Feature", "properties": { "voltage_kv": 300.0, "from_node": 8, "to_node": 36, "length_km": 74.100675197525206, "delaunay_k": 2, "edge_set": "Delaunay2" }, "geometry": { "type": "LineString", "coordinates": [ [ 5.623627, 59.00592 ], [ 6.892548, 58.897552 ] ] } },
{ "type": "Feature", "properties": { "voltage_kv": 300.0, "from_node": 8, "to_node": 43, "length_km": 86.680433480533566, "delaunay_k": 2, "edge_set": "Delaunay2" }, "geometry": { "type": "LineString", "coordinates": [ [ 5.623627, 59.00592 ], [ 7.119141, 59.110423 ] ] } },
{ "type": "Feature", "properties": { "voltage_kv": 300.0, "from_node": 9, "to_node": 14, "length_km": 49.14537551799701, "delaunay_k": 2, "edge_set": "Delaunay2" }, "geometry": { "type": "LineString", "coordinates": [ [ 5.715637, 58.926626 ], [ 6.008148, 58.513066 ] ] } },
{ "type": "Feature", "properties": { "voltage_kv": 300.0, "from_node": 9, "to_node": 26, "length_km": 69.427753309979963, "delaunay_k": 2, "edge_set": "Delaunay2" }, "geometry": { "type": "LineString", "coordinates": [ [ 5.715637, 58.926626 ], [ 6.663208, 59.314272 ] ] } },
{ "type": "Feature", "properties": { "voltage_kv": 300.0, "from_node": 9, "to_node": 30, "length_km": 60.301235241857945, "delaunay_k": 2, "edge_set": "Delaunay2" }, "geometry": { "type": "LineString", "coordinates": [ [ 5.715637, 58.926626 ], [ 6.756592, 58.878393 ] ] } },
{ "type": "Feature", "properties": { "voltage_kv": 300.0, "from_node": 9, "to_node": 35, "length_km": 70.559158246956841, "delaunay_k": 2, "edge_set": "Delaunay2" }, "geometry": { "type": "LineString", "coordinates": [ [ 5.715637, 58.926626 ], [ 6.889801, 59.110423 ] ] } },
{ "type": "Feature", "properties": { "voltage_kv": 300.0, "from_node": 9, "to_node": 36, "length_km": 67.961813248411161, "delaunay_k": 2, "edge_set": "Delaunay2" }, "geometry": { "type": "LineString", "coordinates": [ [ 5.715637, 58.926626 ], [ 6.892548, 58.897552 ] ] } },
{ "type": "Feature", "properties": { "voltage_kv": 300.0, "from_node": 10, "to_node": 23, "length_km": 68.609009518049064, "delaunay_k": 2, "edge_set": "Delaunay2" }, "geometry": { "type": "LineString", "coordinates": [ [ 5.756836, 58.82654 ], [ 6.554718, 58.373638 ] ] } },
{ "type": "Feature", "properties": { "voltage_kv": 300.0, "from_node": 10, "to_node": 26, "length_km": 75.27540904821744, "delaunay_k": 2, "edge_set": "Delaunay2" }, "geometry": { "type": "LineString", "coordinates": [ [ 5.756836, 58.82654 ], [ 6.663208, 59.314272 ] ] } },
{ "type": "Feature", "properties": { "voltage_kv": 300.0, "from_node": 10, "to_node": 31, "length_km": 98.942031013479337, "delaunay_k": 2, "edge_set": "Delaunay2" }, "geometry": { "type": "LineString", "coordinates": [ [ 5.756836, 58.82654 ], [ 6.764832, 58.11344 ] ] } },
{ "type": "Feature", "properties": { "voltage_kv": 300.0, "from_node": 10, "to_node": 33, "length_km": 64.506459281506821, "delaunay_k": 2, "edge_set": "Delaunay2" }, "geometry": { "type": "LineString", "coordinates": [ [ 5.756836, 58.82654 ], [ 6.82251, 58.659799 ] ] } },
{ "type": "Feature", "properties": { "voltage_kv": 300.0, "from_node": 10, "to_node": 35, "length_km": 72.515913787269824, "delaunay_k": 2, "edge_set": "Delaunay2" }, "geometry": { "type": "LineString", "coordinates": [ [ 5.756836, 58.82654 ], [ 6.889801, 59.110423 ] ] } },
{ "type": "Feature", "properties": { "voltage_kv": 300.0, "from_node": 10, "to_node": 36, "length_km": 66.078602955405202, "delaunay_k": 2, "edge_set": "Delaunay2" }, "geometry": { "type": "LineString", "coordinates": [ [ 5.756836, 58.82654 ], [ 6.892548, 58.897552 ] ] } },
{ "type": "Feature", "properties": { "voltage_kv": 300.0, "from_node": 11, "to_node": 15, "length_km": 65.200599412138985, "delaunay_k": 2, "edge_set": "Delaunay2" }, "geometry": { "type": "LineString", "coordinates": [ [ 5.847473, 60.661069 ], [ 6.093292, 61.233245 ] ] } },
{ "type": "Feature", "properties": { "voltage_kv": 300.0, "from_node": 11, "to_node": 19, "length_km": 65.519310122002395, "delaunay_k": 2, "edge_set": "Delaunay2" }, "geometry": { "type": "LineString", "coordinates": [ [ 5.847473, 60.661069 ], [ 6.297913, 60.117566 ] ] } },
{ "type": "Feature", "properties": { "voltage_kv": 300.0, "from_node": 11, "to_node": 24, "length_km": 59.501911767636884, "delaunay_k": 2, "edge_set": "Delaunay2" }, "geometry": { "type": "LineString", "coordinates": [ [ 5.847473, 60.661069 ], [ 6.60965, 61.043662 ] ] } },
{ "type": "Feature", "properties": { "voltage_kv": 300.0, "from_node": 11, "to_node": 32, "length_km": 76.899903569823195, "delaunay_k": 2, "edge_set": "Delaunay2" }, "geometry": { "type": "LineString", "coordinates": [ [ 5.847473, 60.661069 ], [ 6.797791, 60.156543 ] ] } },
{ "type": "Feature", "properties": { "voltage_kv": 300.0, "from_node": 11, "to_node": 45, "length_km": 81.275919964765649, "delaunay_k": 2, "edge_set": "Delaunay2" }, "geometry": { "type": "LineString", "coordinates": [ [ 5.847473, 60.661069 ], [ 7.216644, 60.950443 ] ] } },
{ "type": "Feature", "properties": { "voltage_kv": 300.0, "from_node": 12, "to_node": 18, "length_km": 66.771808592014295, "delaunay_k": 2, "edge_set": "Delaunay2" }, "geometry": { "type": "LineString", "coordinates": [ [ 5.868073, 59.923367 ], [ 6.156464, 60.504583 ] ] } },
{ "type": "Feature", "properties": { "voltage_kv": 300.0, "from_node": 12, "to_node": 20, "length_km": 42.649292873666042, "delaunay_k": 2, "edge_set": "Delaunay2" }, "geometry": { "type": "LineString", "coordinates": [ [ 5.868073, 59.923367 ], [ 6.432495, 59.667741 ] ] } },
{ "type": "Feature", "properties": { "voltage_kv": 300.0, "from_node": 12, "to_node": 28, "length_km": 49.215553844608785, "delaunay_k": 2, "edge_set": "Delaunay2" }, "geometry": { "type": "LineString", "coordinates": [ [ 5.868073, 59.923367 ], [ 6.70166, 60.066211 ] ] } },
{ "type": "Feature", "properties": { "voltage_kv": 300.0, "from_node": 12, "to_node": 29, "length_km": 49.510590492541041, "delaunay_k": 2, "edge_set": "Delaunay2" }, "geometry": { "type": "LineString", "coordinates": [ [ 5.868073, 59.923367 ], [ 6.745605, 59.871019 ] ] } },
{ "type": "Feature", "properties": { "voltage_kv": 300.0, "from_node": 12, "to_node": 32, "length_km": 58.017827098565895, "delaunay_k": 2, "edge_set": "Delaunay2" }, "geometry": { "type": "LineString", "coordinates": [ [ 5.868073, 59.923367 ], [ 6.797791, 60.156543 ] ] } },
{ "type": "Feature", "properties": { "voltage_kv": 300.0, "from_node": 13, "to_node": 18, "length_km": 38.466600023444656, "delaunay_k": 2, "edge_set": "Delaunay2" }, "geometry": { "type": "LineString", "coordinates": [ [ 5.968323, 60.836881 ], [ 6.156464, 60.504583 ] ] } },
{ "type": "Feature", "properties": { "voltage_kv": 300.0, "from_node": 13, "to_node": 34, "length_km": 57.258172035968514, "delaunay_k": 2, "edge_set": "Delaunay2" }, "geometry": { "type": "LineString", "coordinates": [ [ 5.968323, 60.836881 ], [ 6.871948, 61.10278 ] ] } },
{ "type": "Feature", "properties": { "voltage_kv": 300.0, "from_node": 13, "to_node": 45, "length_km": 68.995305525193345, "delaunay_k": 2, "edge_set": "Delaunay2" }, "geometry": { "type": "LineString", "coordinates": [ [ 5.968323, 60.836881 ], [ 7.216644, 60.950443 ] ] } },
{ "type": "Feature", "properties": { "voltage_kv": 300.0, "from_node": 13, "to_node": 46, "length_km": 85.73117591051556, "delaunay_k": 2, "edge_set": "Delaunay2" }, "geometry": { "type": "LineString", "coordinates": [ [ 5.968323, 60.836881 ], [ 7.293549, 61.259009 ] ] } },
{ "type": "Feature", "properties": { "voltage_kv": 300.0, "from_node": 13, "to_node": 50, "length_km": 112.68616439655901, "delaunay_k": 2, "edge_set": "Delaunay2" }, "geometry": { "type": "LineString", "coordinates": [ [ 5.968323, 60.836881 ], [ 7.410278, 61.569805 ] ] } },
{ "type": "Feature", "properties": { "voltage_kv": 300.0, "from_node": 14, "to_node": 27, "length_km": 73.5935068693299, "delaunay_k": 2, "edge_set": "Delaunay2" }, "geometry": { "type": "LineString", "coordinates": [ [ 6.008148, 58.513066 ], [ 6.696167, 59.068096 ] ] } },
{ "type": "Feature", "properties": { "voltage_kv": 300.0, "from_node": 14, "to_node": 36, "length_km": 66.865009694332684, "delaunay_k": 2, "edge_set": "Delaunay2" }, "geometry": { "type": "LineString", "coordinates": [ [ 6.008148, 58.513066 ], [ 6.892548, 58.897552 ] ] } },
{ "type": "Feature", "properties": { "voltage_kv": 300.0, "from_node": 14, "to_node": 39, "length_km": 63.633664228153911, "delaunay_k": 2, "edge_set": "Delaunay2" }, "geometry": { "type": "LineString", "coordinates": [ [ 6.008148, 58.513066 ], [ 7.001038, 58.28062 ] ] } },
{ "type": "Feature", "properties": { "voltage_kv": 300.0, "from_node": 14, "to_node": 42, "length_km": 73.968698254301174, "delaunay_k": 2, "edge_set": "Delaunay2" }, "geometry": { "type": "LineString", "coordinates": [ [ 6.008148, 58.513066 ], [ 7.115021, 58.841464 ] ] } },
{ "type": "Feature", "properties": { "voltage_kv": 300.0, "from_node": 14, "to_node": 59, "length_km": 126.2205550803524, "delaunay_k": 2, "edge_set": "Delaunay2" }, "geometry": { "type": "LineString", "coordinates": [ [ 6.008148, 58.513066 ], [ 8.102417, 58.2445 ] ] } },
{ "type": "Feature", "properties": { "voltage_kv": 300.0, "from_node": 15, "to_node": 16, "length_km": 63.444995080170784, "delaunay_k": 2, "edge_set": "Delaunay2" }, "geometry": { "type": "LineString", "coordinates": [ [ 6.093292, 61.233245 ], [ 6.100159, 60.664433 ] ] } },
{ "type": "Feature", "properties": { "voltage_kv": 300.0, "from_node": 15, "to_node": 45, "length_km": 68.36129181351491, "delaunay_k": 2, "edge_set": "Delaunay2" }, "geometry": { "type": "LineString", "coordinates": [ [ 6.093292, 61.233245 ], [ 7.216644, 60.950443 ] ] } },
{ "type": "Feature", "properties": { "voltage_kv": 300.0, "from_node": 15, "to_node": 47, "length_km": 67.04265282865488, "delaunay_k": 2, "edge_set": "Delaunay2" }, "geometry": { "type": "LineString", "coordinates": [ [ 6.093292, 61.233245 ], [ 7.338867, 61.206798 ] ] } },
{ "type": "Feature", "properties": { "voltage_kv": 300.0, "from_node": 15, "to_node": 51, "length_km": 75.799915614630294, "delaunay_k": 2, "edge_set": "Delaunay2" }, "geometry": { "type": "LineString", "coordinates": [ [ 6.093292, 61.233245 ], [ 7.436371, 61.447302 ] ] } },
{ "type": "Feature", "properties": { "voltage_kv": 300.0, "from_node": 15, "to_node": 52, "length_km": 72.571598718001994, "delaunay_k": 2, "edge_set": "Delaunay2" }, "geometry": { "type": "LineString", "coordinates": [ [ 6.093292, 61.233245 ], [ 7.439117, 61.292669 ] ] } },
{ "type": "Feature", "properties": { "voltage_kv": 300.0, "from_node": 15, "to_node": 53, "length_km": 93.554561062883664, "delaunay_k": 2, "edge_set": "Delaunay2" }, "geometry": { "type": "LineString", "coordinates": [ [ 6.093292, 61.233245 ], [ 7.738495, 61.517456 ] ] } },
{ "type": "Feature", "properties": { "voltage_kv": 300.0, "from_node": 16, "to_node": 19, "length_km": 61.959667638784893, "delaunay_k": 2, "edge_set": "Delaunay2" }, "geometry": { "type": "LineString", "coordinates": [ [ 6.100159, 60.664433 ], [ 6.297913, 60.117566 ] ] } },
{ "type": "Feature", "properties": { "voltage_kv": 300.0, "from_node": 16, "to_node": 32, "length_km": 68.472068573873798, "delaunay_k": 2, "edge_set": "Delaunay2" }, "geometry": { "type": "LineString", "coordinates": [ [ 6.100159, 60.664433 ], [ 6.797791, 60.156543 ] ] } },
{ "type": "Feature", "properties": { "voltage_kv": 300.0, "from_node": 16, "to_node": 34, "length_km": 64.414764382496571, "delaunay_k": 2, "edge_set": "Delaunay2" }, "geometry": { "type": "LineString", "coordinates": [ [ 6.100159, 60.664433 ], [ 6.871948, 61.10278 ] ] } },
{ "type": "Feature", "properties": { "voltage_kv": 300.0, "from_node": 16, "to_node": 47, "length_km": 90.414314870543905, "delaunay_k": 2, "edge_set": "Delaunay2" }, "geometry": { "type": "LineString", "coordinates": [ [ 6.100159, 60.664433 ], [ 7.338867, 61.206798 ] ] } },
{ "type": "Feature", "properties": { "voltage_kv": 300.0, "from_node": 16, "to_node": 56, "length_km": 106.30910638278858, "delaunay_k": 2, "edge_set": "Delaunay2" }, "geometry": { "type": "LineString", "coordinates": [ [ 6.100159, 60.664433 ], [ 7.892303, 61.044991 ] ] } },
{ "type": "Feature", "properties": { "voltage_kv": 300.0, "from_node": 16, "to_node": 58, "length_km": 110.38134024490942, "delaunay_k": 2, "edge_set": "Delaunay2" }, "geometry": { "type": "LineString", "coordinates": [ [ 6.100159, 60.664433 ], [ 8.088684, 60.511343 ] ] } },
{ "type": "Feature", "properties": { "voltage_kv": 300.0, "from_node": 17, "to_node": 18, "length_km": 70.853492540184334, "delaunay_k": 2, "edge_set": "Delaunay2" }, "geometry": { "type": "LineString", "coordinates": [ [ 6.113892, 59.869641 ], [ 6.156464, 60.504583 ] ] } },
{ "type": "Feature", "properties": { "voltage_kv": 300.0, "from_node": 17, "to_node": 21, "length_km": 39.407086489180351, "delaunay_k": 2, "edge_set": "Delaunay2" }, "geometry": { "type": "LineString", "coordinates": [ [ 6.113892, 59.869641 ], [ 6.481934, 59.569114 ] ] } },
{ "type": "Feature", "properties": { "voltage_kv": 300.0, "from_node": 17, "to_node": 32, "length_km": 49.812828728002991, "delaunay_k": 2, "edge_set": "Delaunay2" }, "geometry": { "type": "LineString", "coordinates": [ [ 6.113892, 59.869641 ], [ 6.797791, 60.156543 ] ] } },
{ "type": "Feature", "properties": { "voltage_kv": 300.0, "from_node": 17, "to_node": 37, "length_km": 47.859270969002026, "delaunay_k": 2, "edge_set": "Delaunay2" }, "geometry": { "type": "LineString", "coordinates": [ [ 6.113892, 59.869641 ], [ 6.904907, 59.710712 ] ] } },
{ "type": "Feature", "properties": { "voltage_kv": 300.0, "from_node": 17, "to_node": 38, "length_km": 48.046066177295067, "delaunay_k": 2, "edge_set": "Delaunay2" }, "geometry": { "type": "LineString", "coordinates": [ [ 6.113892, 59.869641 ], [ 6.968079, 59.837916 ] ] } },
{ "type": "Feature", "properties": { "voltage_kv": 300.0, "from_node": 18, "to_node": 24, "length_km": 65.002481148359024, "delaunay_k": 2, "edge_set": "Delaunay2" }, "geometry": { "type": "LineString", "coordinates": [ [ 6.156464, 60.504583 ], [ 6.60965, 61.043662 ] ] } },
{ "type": "Feature", "properties": { "voltage_kv": 300.0, "from_node": 18, "to_node": 28, "length_km": 57.454451536088641, "delaunay_k": 2, "edge_set": "Delaunay2" }, "geometry": { "type": "LineString", "coordinates": [ [ 6.156464, 60.504583 ], [ 6.70166, 60.066211 ] ] } },
{ "type": "Feature", "properties": { "voltage_kv": 300.0, "from_node": 18, "to_node": 34, "length_km": 77.265443258117386, "delaunay_k": 2, "edge_set": "Delaunay2" }, "geometry": { "type": "LineString", "coordinates": [ [ 6.156464, 60.504583 ], [ 6.871948, 61.10278 ] ] } },
{ "type": "Feature", "properties": { "voltage_kv": 300.0, "from_node": 18, "to_node": 38, "length_km": 86.945646291070446, "delaunay_k": 2, "edge_set": "Delaunay2" }, "geometry": { "type": "LineString", "coordinates": [ [ 6.156464, 60.504583 ], [ 6.968079, 59.837916 ] ] } },
{ "type": "Feature", "properties": { "voltage_kv": 300.0, "from_node": 18, "to_node": 47, "length_km": 101.32917019735694, "delaunay_k": 2, "edge_set": "Delaunay2" }, "geometry": { "type": "LineString", "coordinates": [ [ 6.156464, 60.504583 ], [ 7.338867, 61.206798 ] ] } },
{ "type": "Feature", "properties": { "voltage_kv": 300.0, "from_node": 18, "to_node": 48, "length_km": 102.00675197138105, "delaunay_k": 2, "edge_set": "Delaunay2" }, "geometry": { "type": "LineString", "coordinates": [ [ 6.156464, 60.504583 ], [ 7.34024, 59.805469 ] ] } },
{ "type": "Feature", "properties": { "voltage_kv": 300.0, "from_node": 18, "to_node": 56, "length_km": 112.19794410697625, "delaunay_k": 2, "edge_set": "Delaunay2" }, "geometry": { "type": "LineString", "coordinates": [ [ 6.156464, 60.504583 ], [ 7.892303, 61.044991 ] ] } },
{ "type": "Feature", "properties": { "voltage_kv": 300.0, "from_node": 18, "to_node": 58, "length_km": 106.2301238463666, "delaunay_k": 2, "edge_set": "Delaunay2" }, "geometry": { "type": "LineString", "coordinates": [ [ 6.156464, 60.504583 ], [ 8.088684, 60.511343 ] ] } },
{ "type": "Feature", "properties": { "voltage_kv": 300.0, "from_node": 19, "to_node": 20, "length_km": 50.726063561247273, "delaunay_k": 2, "edge_set": "Delaunay2" }, "geometry": { "type": "LineString", "coordinates": [ [ 6.297913, 60.117566 ], [ 6.432495, 59.667741 ] ] } },
{ "type": "Feature", "properties": { "voltage_kv": 300.0, "from_node": 19, "to_node": 29, "length_km": 37.164472529987371, "delaunay_k": 2, "edge_set": "Delaunay2" }, "geometry": { "type": "LineString", "coordinates": [ [ 6.297913, 60.117566 ], [ 6.745605, 59.871019 ] ] } },
{ "type": "Feature", "properties": { "voltage_kv": 300.0, "from_node": 19, "to_node": 38, "length_km": 48.7334352949796, "delaunay_k": 2, "edge_set": "Delaunay2" }, "geometry": { "type": "LineString", "coordinates": [ [ 6.297913, 60.117566 ], [ 6.968079, 59.837916 ] ] } },
{ "type": "Feature", "properties": { "voltage_kv": 300.0, "from_node": 19, "to_node": 45, "length_km": 105.70017801784535, "delaunay_k": 2, "edge_set": "Delaunay2" }, "geometry": { "type": "LineString", "coordinates": [ [ 6.297913, 60.117566 ], [ 7.216644, 60.950443 ] ] } },
{ "type": "Feature", "properties": { "voltage_kv": 300.0, "from_node": 19, "to_node": 48, "length_km": 67.872672990958975, "delaunay_k": 2, "edge_set": "Delaunay2" }, "geometry": { "type": "LineString", "coordinates": [ [ 6.297913, 60.117566 ], [ 7.34024, 59.805469 ] ] } },
{ "type": "Feature", "properties": { "voltage_kv": 300.0, "from_node": 19, "to_node": 58, "length_km": 108.3293693374021, "delaunay_k": 2, "edge_set": "Delaunay2" }, "geometry": { "type": "LineString", "coordinates": [ [ 6.297913, 60.117566 ], [ 8.088684, 60.511343 ] ] } },
{ "type": "Feature", "properties": { "voltage_kv": 300.0, "from_node": 20, "to_node": 22, "length_km": 23.356920175648092, "delaunay_k": 2, "edge_set": "Delaunay2" }, "geometry": { "type": "LineString", "coordinates": [ [ 6.432495, 59.667741 ], [ 6.491547, 59.460431 ] ] } },
{ "type": "Feature", "properties": { "voltage_kv": 300.0, "from_node": 20, "to_node": 25, "length_km": 26.073380327278603, "delaunay_k": 2, "edge_set": "Delaunay2" }, "geometry": { "type": "LineString", "coordinates": [ [ 6.432495, 59.667741 ], [ 6.650848, 59.461826 ] ] } },
{ "type": "Feature", "properties": { "voltage_kv": 300.0, "from_node": 20, "to_node": 28, "length_km": 46.925448238496124, "delaunay_k": 2, "edge_set": "Delaunay2" }, "geometry": { "type": "LineString", "coordinates": [ [ 6.432495, 59.667741 ], [ 6.70166, 60.066211 ] ] } },
{ "type": "Feature", "properties": { "voltage_kv": 300.0, "from_node": 20, "to_node": 38, "length_km": 35.609405115686727, "delaunay_k": 2, "edge_set": "Delaunay2" }, "geometry": { "type": "LineString", "coordinates": [ [ 6.432495, 59.667741 ], [ 6.968079, 59.837916 ] ] } },
{ "type": "Feature", "properties": { "voltage_kv": 300.0, "from_node": 20, "to_node": 40, "length_km": 38.509334704839617, "delaunay_k": 2, "edge_set": "Delaunay2" }, "geometry": { "type": "LineString", "coordinates": [ [ 6.432495, 59.667741 ], [ 7.080688, 59.777831 ] ] } },
{ "type": "Feature", "properties": { "voltage_kv": 300.0, "from_node": 20, "to_node": 41, "length_km": 37.405861672426468, "delaunay_k": 2, "edge_set": "Delaunay2" }, "geometry": { "type": "LineString", "coordinates": [ [ 6.432495, 59.667741 ], [ 7.086182, 59.725947 ] ] } },
{ "type": "Feature", "properties": { "voltage_kv": 300.0, "from_node": 21, "to_node": 26, "length_km": 30.222497189048305, "delaunay_k": 2, "edge_set": "Delaunay2" }, "geometry": { "type": "LineString", "coordinates": [ [ 6.481934, 59.569114 ], [ 6.663208, 59.314272 ] ] } },
{ "type": "Feature", "properties": { "voltage_kv": 300.0, "from_node": 21, "to_node": 29, "length_km": 36.79311968846396, "delaunay_k": 2, "edge_set": "Delaunay2" }, "geometry": { "type": "LineString", "coordinates": [ [ 6.481934, 59.569114 ], [ 6.745605, 59.871019 ] ] } },
{ "type": "Feature", "properties": { "voltage_kv": 300.0, "from_node": 21, "to_node": 38, "length_km": 40.602410042870503, "delaunay_k": 2, "edge_set": "Delaunay2" }, "geometry": { "type": "LineString", "coordinates": [ [ 6.481934, 59.569114 ], [ 6.968079, 59.837916 ] ] } },
{ "type": "Feature", "properties": { "voltage_kv": 300.0, "from_node": 21, "to_node": 40, "length_km": 41.008378689199908, "delaunay_k": 2, "edge_set": "Delaunay2" }, "geometry": { "type": "LineString", "coordinates": [ [ 6.481934, 59.569114 ], [ 7.080688, 59.777831 ] ] } },
{ "type": "Feature", "properties": { "voltage_kv": 300.0, "from_node": 21, "to_node": 41, "length_km": 38.323989561225027, "delaunay_k": 2, "edge_set": "Delaunay2" }, "geometry": { "type": "LineString", "coordinates": [ [ 6.481934, 59.569114 ], [ 7.086182, 59.725947 ] ] } },
{ "type": "Feature", "properties": { "voltage_kv": 300.0, "from_node": 21, "to_node": 43, "length_km": 62.708149515441612, "delaunay_k": 2, "edge_set": "Delaunay2" }, "geometry": { "type": "LineString", "coordinates": [ [ 6.481934, 59.569114 ], [ 7.119141, 59.110423 ] ] } },
{ "type": "Feature", "properties": { "voltage_kv": 300.0, "from_node": 22, "to_node": 27, "length_km": 45.277484272306651, "delaunay_k": 2, "edge_set": "Delaunay2" }, "geometry": { "type": "LineString", "coordinates": [ [ 6.491547, 59.460431 ], [ 6.696167, 59.068096 ] ] } },
{ "type": "Feature", "properties": { "voltage_kv": 300.0, "from_node": 22, "to_node": 35, "length_km": 45.155745939440131, "delaunay_k": 2, "edge_set": "Delaunay2" }, "geometry": { "type": "LineString", "coordinates": [ [ 6.491547, 59.460431 ], [ 6.889801, 59.110423 ] ] } },
{ "type": "Feature", "properties": { "voltage_kv": 300.0, "from_node": 22, "to_node": 37, "length_km": 36.400862752986122, "delaunay_k": 2, "edge_set": "Delaunay2" }, "geometry": { "type": "LineString", "coordinates": [ [ 6.491547, 59.460431 ], [ 6.904907, 59.710712 ] ] } },
{ "type": "Feature", "properties": { "voltage_kv": 300.0, "from_node": 22, "to_node": 41, "length_km": 44.791343467454837, "delaunay_k": 2, "edge_set": "Delaunay2" }, "geometry": { "type": "LineString", "coordinates": [ [ 6.491547, 59.460431 ], [ 7.086182, 59.725947 ] ] } },
{ "type": "Feature", "properties": { "voltage_kv": 300.0, "from_node": 22, "to_node": 43, "length_km": 52.956983925579216, "delaunay_k": 2, "edge_set": "Delaunay2" }, "geometry": { "type": "LineString", "coordinates": [ [ 6.491547, 59.460431 ], [ 7.119141, 59.110423 ] ] } },
{ "type": "Feature", "properties": { "voltage_kv": 300.0, "from_node": 23, "to_node": 30, "length_km": 57.485839133200869, "delaunay_k": 2, "edge_set": "Delaunay2" }, "geometry": { "type": "LineString", "coordinates": [ [ 6.554718, 58.373638 ], [ 6.756592, 58.878393 ] ] } },
{ "type": "Feature", "properties": { "voltage_kv": 300.0, "from_node": 23, "to_node": 36, "length_km": 61.622143326315069, "delaunay_k": 2, "edge_set": "Delaunay2" }, "geometry": { "type": "LineString", "coordinates": [ [ 6.554718, 58.373638 ], [ 6.892548, 58.897552 ] ] } },
{ "type": "Feature", "properties": { "voltage_kv": 300.0, "from_node": 23, "to_node": 42, "length_km": 61.501991026788822, "delaunay_k": 2, "edge_set": "Delaunay2" }, "geometry": { "type": "LineString", "coordinates": [ [ 6.554718, 58.373638 ], [ 7.115021, 58.841464 ] ] } },
{ "type": "Feature", "properties": { "voltage_kv": 300.0, "from_node": 23, "to_node": 59, "length_km": 91.923331218955511, "delaunay_k": 2, "edge_set": "Delaunay2" }, "geometry": { "type": "LineString", "coordinates": [ [ 6.554718, 58.373638 ], [ 8.102417, 58.2445 ] ] } },
{ "type": "Feature", "properties": { "voltage_kv": 300.0, "from_node": 24, "to_node": 32, "length_km": 99.458680251501661, "delaunay_k": 2, "edge_set": "Delaunay2" }, "geometry": { "type": "LineString", "coordinates": [ [ 6.60965, 61.043662 ], [ 6.797791, 60.156543 ] ] } },
{ "type": "Feature", "properties": { "voltage_kv": 300.0, "from_node": 24, "to_node": 46, "length_km": 43.985497258558389, "delaunay_k": 2, "edge_set": "Delaunay2" }, "geometry": { "type": "LineString", "coordinates": [ [ 6.60965, 61.043662 ], [ 7.293549, 61.259009 ] ] } },
{ "type": "Feature", "properties": { "voltage_kv": 300.0, "from_node": 24, "to_node": 47, "length_km": 43.330154421909427, "delaunay_k": 2, "edge_set": "Delaunay2" }, "geometry": { "type": "LineString", "coordinates": [ [ 6.60965, 61.043662 ], [ 7.338867, 61.206798 ] ] } },
{ "type": "Feature", "properties": { "voltage_kv": 300.0, "from_node": 24, "to_node": 50, "length_km": 72.69691843260722, "delaunay_k": 2, "edge_set": "Delaunay2" }, "geometry": { "type": "LineString", "coordinates": [ [ 6.60965, 61.043662 ], [ 7.410278, 61.569805 ] ] } },
{ "type": "Feature", "properties": { "voltage_kv": 300.0, "from_node": 24, "to_node": 56, "length_km": 69.344909060951267, "delaunay_k": 2, "edge_set": "Delaunay2" }, "geometry": { "type": "LineString", "coordinates": [ [ 6.60965, 61.043662 ], [ 7.892303, 61.044991 ] ] } },
{ "type": "Feature", "properties": { "voltage_kv": 300.0, "from_node": 24, "to_node": 58, "length_km": 100.11521637182757, "delaunay_k": 2, "edge_set": "Delaunay2" }, "geometry": { "type": "LineString", "coordinates": [ [ 6.60965, 61.043662 ], [ 8.088684, 60.511343 ] ] } },
{ "type": "Feature", "properties": { "voltage_kv": 300.0, "from_node": 25, "to_node": 27, "length_km": 43.975299187361792, "delaunay_k": 2, "edge_set": "Delaunay2" }, "geometry": { "type": "LineString", "coordinates": [ [ 6.650848, 59.461826 ], [ 6.696167, 59.068096 ] ] } },
{ "type": "Feature", "properties": { "voltage_kv": 300.0, "from_node": 25, "to_node": 29, "length_km": 45.936724274421067, "delaunay_k": 2, "edge_set": "Delaunay2" }, "geometry": { "type": "LineString", "coordinates": [ [ 6.650848, 59.461826 ], [ 6.745605, 59.871019 ] ] } },
{ "type": "Feature", "properties": { "voltage_kv": 300.0, "from_node": 25, "to_node": 35, "length_km": 41.482039337281414, "delaunay_k": 2, "edge_set": "Delaunay2" }, "geometry": { "type": "LineString", "coordinates": [ [ 6.650848, 59.461826 ], [ 6.889801, 59.110423 ] ] } },
{ "type": "Feature", "properties": { "voltage_kv": 300.0, "from_node": 25, "to_node": 38, "length_km": 45.59365445637259, "delaunay_k": 2, "edge_set": "Delaunay2" }, "geometry": { "type": "LineString", "coordinates": [ [ 6.650848, 59.461826 ], [ 6.968079, 59.837916 ] ] } },
{ "type": "Feature", "properties": { "voltage_kv": 300.0, "from_node": 25, "to_node": 40, "length_km": 42.787056673136199, "delaunay_k": 2, "edge_set": "Delaunay2" }, "geometry": { "type": "LineString", "coordinates": [ [ 6.650848, 59.461826 ], [ 7.080688, 59.777831 ] ] } },
{ "type": "Feature", "properties": { "voltage_kv": 300.0, "from_node": 25, "to_node": 44, "length_km": 58.595358759225299, "delaunay_k": 2, "edge_set": "Delaunay2" }, "geometry": { "type": "LineString", "coordinates": [ [ 6.650848, 59.461826 ], [ 7.120514, 58.994604 ] ] } },
{ "type": "Feature", "properties": { "voltage_kv": 300.0, "from_node": 25, "to_node": 49, "length_km": 51.58175756697625, "delaunay_k": 2, "edge_set": "Delaunay2" }, "geometry": { "type": "LineString", "coordinates": [ [ 6.650848, 59.461826 ], [ 7.36908, 59.747402 ] ] } },
{ "type": "Feature", "properties": { "voltage_kv": 300.0, "from_node": 25, "to_node": 57, "length_km": 70.991353853102012, "delaunay_k": 2, "edge_set": "Delaunay2" }, "geometry": { "type": "LineString", "coordinates": [ [ 6.650848, 59.461826 ], [ 7.901917, 59.457639 ] ] } },
{ "type": "Feature", "properties": { "voltage_kv": 300.0, "from_node": 26, "to_node": 30, "length_km": 48.891395597323793, "delaunay_k": 2, "edge_set": "Delaunay2" }, "geometry": { "type": "LineString", "coordinates": [ [ 6.663208, 59.314272 ], [ 6.756592, 58.878393 ] ] } },
{ "type": "Feature", "properties": { "voltage_kv": 300.0, "from_node": 26, "to_node": 36, "length_km": 48.285419172842929, "delaunay_k": 2, "edge_set": "Delaunay2" }, "geometry": { "type": "LineString", "coordinates": [ [ 6.663208, 59.314272 ], [ 6.892548, 58.897552 ] ] } },
{ "type": "Feature", "properties": { "voltage_kv": 300.0, "from_node": 26, "to_node": 37, "length_km": 46.273866006945177, "delaunay_k": 2, "edge_set": "Delaunay2" }, "geometry": { "type": "LineString", "coordinates": [ [ 6.663208, 59.314272 ], [ 6.904907, 59.710712 ] ] } },
{ "type": "Feature", "properties": { "voltage_kv": 300.0, "from_node": 26, "to_node": 41, "length_km": 51.775959576372514, "delaunay_k": 2, "edge_set": "Delaunay2" }, "geometry": { "type": "LineString", "coordinates": [ [ 6.663208, 59.314272 ], [ 7.086182, 59.725947 ] ] } },
{ "type": "Feature", "properties": { "voltage_kv": 300.0, "from_node": 26, "to_node": 44, "length_km": 44.224542362586313, "delaunay_k": 2, "edge_set": "Delaunay2" }, "geometry": { "type": "LineString", "coordinates": [ [ 6.663208, 59.314272 ], [ 7.120514, 58.994604 ] ] } },
{ "type": "Feature", "properties": { "voltage_kv": 300.0, "from_node": 26, "to_node": 57, "length_km": 72.231709030470626, "delaunay_k": 2, "edge_set": "Delaunay2" }, "geometry": { "type": "LineString", "coordinates": [ [ 6.663208, 59.314272 ], [ 7.901917, 59.457639 ] ] } },
{ "type": "Feature", "properties": { "voltage_kv": 300.0, "from_node": 27, "to_node": 33, "length_km": 46.100967514732289, "delaunay_k": 2, "edge_set": "Delaunay2" }, "geometry": { "type": "LineString", "coordinates": [ [ 6.696167, 59.068096 ], [ 6.82251, 58.659799 ] ] } },
{ "type": "Feature", "properties": { "voltage_kv": 300.0, "from_node": 27, "to_node": 42, "length_km": 34.933125350036207, "delaunay_k": 2, "edge_set": "Delaunay2" }, "geometry": { "type": "LineString", "coordinates": [ [ 6.696167, 59.068096 ], [ 7.115021, 58.841464 ] ] } },
{ "type": "Feature", "properties": { "voltage_kv": 300.0, "from_node": 27, "to_node": 43, "length_km": 24.721140379466942, "delaunay_k": 2, "edge_set": "Delaunay2" }, "geometry": { "type": "LineString", "coordinates": [ [ 6.696167, 59.068096 ], [ 7.119141, 59.110423 ] ] } },
{ "type": "Feature", "properties": { "voltage_kv": 300.0, "from_node": 27, "to_node": 44, "length_km": 25.725962746712845, "delaunay_k": 2, "edge_set": "Delaunay2" }, "geometry": { "type": "LineString", "coordinates": [ [ 6.696167, 59.068096 ], [ 7.120514, 58.994604 ] ] } },
{ "type": "Feature", "properties": { "voltage_kv": 300.0, "from_node": 28, "to_node": 37, "length_km": 41.240824898228524, "delaunay_k": 2, "edge_set": "Delaunay2" }, "geometry": { "type": "LineString", "coordinates": [ [ 6.70166, 60.066211 ], [ 6.904907, 59.710712 ] ] } },
{ "type": "Feature", "properties": { "voltage_kv": 300.0, "from_node": 28, "to_node": 40, "length_km": 38.521321637523933, "delaunay_k": 2, "edge_set": "Delaunay2" }, "geometry": { "type": "LineString", "coordinates": [ [ 6.70166, 60.066211 ], [ 7.080688, 59.777831 ] ] } },
{ "type": "Feature", "properties": { "voltage_kv": 300.0, "from_node": 28, "to_node": 45, "length_km": 102.57583990161093, "delaunay_k": 2, "edge_set": "Delaunay2" }, "geometry": { "type": "LineString", "coordinates": [ [ 6.70166, 60.066211 ], [ 7.216644, 60.950443 ] ] } },
{ "type": "Feature", "properties": { "voltage_kv": 300.0, "from_node": 28, "to_node": 48, "length_km": 46.059381018205656, "delaunay_k": 2, "edge_set": "Delaunay2" }, "geometry": { "type": "LineString", "coordinates": [ [ 6.70166, 60.066211 ], [ 7.34024, 59.805469 ] ] } },
{ "type": "Feature", "properties": { "voltage_kv": 300.0, "from_node": 28, "to_node": 58, "length_km": 91.405685177124099, "delaunay_k": 2, "edge_set": "Delaunay2" }, "geometry": { "type": "LineString", "coordinates": [ [ 6.70166, 60.066211 ], [ 8.088684, 60.511343 ] ] } },
{ "type": "Feature", "properties": { "voltage_kv": 300.0, "from_node": 29, "to_node": 32, "length_km": 31.969040946119833, "delaunay_k": 2, "edge_set": "Delaunay2" }, "geometry": { "type": "LineString", "coordinates": [ [ 6.745605, 59.871019 ], [ 6.797791, 60.156543 ] ] } },
{ "type": "Feature", "properties": { "voltage_kv": 300.0, "from_node": 29, "to_node": 40, "length_km": 21.489273454655212, "delaunay_k": 2, "edge_set": "Delaunay2" }, "geometry": { "type": "LineString", "coordinates": [ [ 6.745605, 59.871019 ], [ 7.080688, 59.777831 ] ] } },
{ "type": "Feature", "properties": { "voltage_kv": 300.0, "from_node": 29, "to_node": 41, "length_km": 25.0543159489314, "delaunay_k": 2, "edge_set": "Delaunay2" }, "geometry": { "type": "LineString", "coordinates": [ [ 6.745605, 59.871019 ], [ 7.086182, 59.725947 ] ] } },
{ "type": "Feature", "properties": { "voltage_kv": 300.0, "from_node": 29, "to_node": 48, "length_km": 34.156860084640712, "delaunay_k": 2, "edge_set": "Delaunay2" }, "geometry": { "type": "LineString", "coordinates": [ [ 6.745605, 59.871019 ], [ 7.34024, 59.805469 ] ] } },
{ "type": "Feature", "properties": { "voltage_kv": 300.0, "from_node": 30, "to_node": 31, "length_km": 85.280481493643165, "delaunay_k": 2, "edge_set": "Delaunay2" }, "geometry": { "type": "LineString", "coordinates": [ [ 6.756592, 58.878393 ], [ 6.764832, 58.11344 ] ] } },
{ "type": "Feature", "properties": { "voltage_kv": 300.0, "from_node": 30, "to_node": 35, "length_km": 26.97951061150949, "delaunay_k": 2, "edge_set": "Delaunay2" }, "geometry": { "type": "LineString", "coordinates": [ [ 6.756592, 58.878393 ], [ 6.889801, 59.110423 ] ] } },
{ "type": "Feature", "properties": { "voltage_kv": 300.0, "from_node": 30, "to_node": 39, "length_km": 68.141802521809694, "delaunay_k": 2, "edge_set": "Delaunay2" }, "geometry": { "type": "LineString", "coordinates": [ [ 6.756592, 58.878393 ], [ 7.001038, 58.28062 ] ] } },
{ "type": "Feature", "properties": { "voltage_kv": 300.0, "from_node": 30, "to_node": 42, "length_km": 21.106034001888446, "delaunay_k": 2, "edge_set": "Delaunay2" }, "geometry": { "type": "LineString", "coordinates": [ [ 6.756592, 58.878393 ], [ 7.115021, 58.841464 ] ] } },
{ "type": "Feature", "properties": { "voltage_kv": 300.0, "from_node": 30, "to_node": 44, "length_km": 24.65029535998983, "delaunay_k": 2, "edge_set": "Delaunay2" }, "geometry": { "type": "LineString", "coordinates": [ [ 6.756592, 58.878393 ], [ 7.120514, 58.994604 ] ] } },
{ "type": "Feature", "properties": { "voltage_kv": 300.0, "from_node": 31, "to_node": 33, "length_km": 61.001703408997344, "delaunay_k": 2, "edge_set": "Delaunay2" }, "geometry": { "type": "LineString", "coordinates": [ [ 6.764832, 58.11344 ], [ 6.82251, 58.659799 ] ] } },
{ "type": "Feature", "properties": { "voltage_kv": 300.0, "from_node": 31, "to_node": 42, "length_km": 83.692722524470582, "delaunay_k": 2, "edge_set": "Delaunay2" }, "geometry": { "type": "LineString", "coordinates": [ [ 6.764832, 58.11344 ], [ 7.115021, 58.841464 ] ] } },
{ "type": "Feature", "properties": { "voltage_kv": 300.0, "from_node": 31, "to_node": 66, "length_km": 128.92793204288537, "delaunay_k": 2, "edge_set": "Delaunay2" }, "geometry": { "type": "LineString", "coordinates": [ [ 6.764832, 58.11344 ], [ 8.782196, 58.575413 ] ] } },
{ "type": "Feature", "properties": { "voltage_kv": 300.0, "from_node": 32, "to_node": 34, "length_km": 105.58856622166178, "delaunay_k": 2, "edge_set": "Delaunay2" }, "geometry": { "type": "LineString", "coordinates": [ [ 6.797791, 60.156543 ], [ 6.871948, 61.10278 ] ] } },
{ "type": "Feature", "properties": { "voltage_kv": 300.0, "from_node": 32, "to_node": 37, "length_km": 50.068574791087265, "delaunay_k": 2, "edge_set": "Delaunay2" }, "geometry": { "type": "LineString", "coordinates": [ [ 6.797791, 60.156543 ], [ 6.904907, 59.710712 ] ] } },
{ "type": "Feature", "properties": { "voltage_kv": 300.0, "from_node": 32, "to_node": 40, "length_km": 45.087672561898891, "delaunay_k": 2, "edge_set": "Delaunay2" }, "geometry": { "type": "LineString", "coordinates": [ [ 6.797791, 60.156543 ], [ 7.080688, 59.777831 ] ] } },
{ "type": "Feature", "properties": { "voltage_kv": 300.0, "from_node": 32, "to_node": 47, "length_km": 120.78040644515862, "delaunay_k": 2, "edge_set": "Delaunay2" }, "geometry": { "type": "LineString", "coordinates": [ [ 6.797791, 60.156543 ], [ 7.338867, 61.206798 ] ] } },
{ "type": "Feature", "properties": { "voltage_kv": 300.0, "from_node": 32, "to_node": 49, "length_km": 55.688164478273841, "delaunay_k": 2, "edge_set": "Delaunay2" }, "geometry": { "type": "LineString", "coordinates": [ [ 6.797791, 60.156543 ], [ 7.36908, 59.747402 ] ] } },
{ "type": "Feature", "properties": { "voltage_kv": 300.0, "from_node": 32, "to_node": 54, "length_km": 68.744675194165566, "delaunay_k": 2, "edge_set": "Delaunay2" }, "geometry": { "type": "LineString", "coordinates": [ [ 6.797791, 60.156543 ], [ 7.772827, 59.780596 ] ] } },
{ "type": "Feature", "properties": { "voltage_kv": 300.0, "from_node": 32, "to_node": 56, "length_km": 115.80214699164776, "delaunay_k": 2, "edge_set": "Delaunay2" }, "geometry": { "type": "LineString", "coordinates": [ [ 6.797791, 60.156543 ], [ 7.892303, 61.044991 ] ] } },
{ "type": "Feature", "properties": { "voltage_kv": 300.0, "from_node": 32, "to_node": 60, "length_km": 115.36015847449946, "delaunay_k": 2, "edge_set": "Delaunay2" }, "geometry": { "type": "LineString", "coordinates": [ [ 6.797791, 60.156543 ], [ 8.311157, 60.873666 ] ] } },
{ "type": "Feature", "properties": { "voltage_kv": 300.0, "from_node": 32, "to_node": 62, "length_km": 100.04401383855804, "delaunay_k": 2, "edge_set": "Delaunay2" }, "geometry": { "type": "LineString", "coordinates": [ [ 6.797791, 60.156543 ], [ 8.524017, 59.912353 ] ] } },
{ "type": "Feature", "properties": { "voltage_kv": 300.0, "from_node": 32, "to_node": 63, "length_km": 126.34785534848911, "delaunay_k": 2, "edge_set": "Delaunay2" }, "geometry": { "type": "LineString", "coordinates": [ [ 6.797791, 60.156543 ], [ 8.690186, 60.798714 ] ] } },
{ "type": "Feature", "properties": { "voltage_kv": 300.0, "from_node": 32, "to_node": 64, "length_km": 118.60734679142624, "delaunay_k": 2, "edge_set": "Delaunay2" }, "geometry": { "type": "LineString", "coordinates": [ [ 6.797791, 60.156543 ], [ 8.75885, 60.591688 ] ] } },
{ "type": "Feature", "properties": { "voltage_kv": 300.0, "from_node": 33, "to_node": 35, "length_km": 50.387076624054984, "delaunay_k": 2, "edge_set": "Delaunay2" }, "geometry": { "type": "LineString", "coordinates": [ [ 6.82251, 58.659799 ], [ 6.889801, 59.110423 ] ] } },
{ "type": "Feature", "properties": { "voltage_kv": 300.0, "from_node": 33, "to_node": 44, "length_km": 41.10722303772674, "delaunay_k": 2, "edge_set": "Delaunay2" }, "geometry": { "type": "LineString", "coordinates": [ [ 6.82251, 58.659799 ], [ 7.120514, 58.994604 ] ] } },
{ "type": "Feature", "properties": { "voltage_kv": 300.0, "from_node": 33, "to_node": 59, "length_km": 87.939921565697162, "delaunay_k": 2, "edge_set": "Delaunay2" }, "geometry": { "type": "LineString", "coordinates": [ [ 6.82251, 58.659799 ], [ 8.102417, 58.2445 ] ] } },
{ "type": "Feature", "properties": { "voltage_kv": 300.0, "from_node": 33, "to_node": 66, "length_km": 114.32311988714419, "delaunay_k": 2, "edge_set": "Delaunay2" }, "geometry": { "type": "LineString", "coordinates": [ [ 6.82251, 58.659799 ], [ 8.782196, 58.575413 ] ] } },
{ "type": "Feature", "properties": { "voltage_kv": 300.0, "from_node": 34, "to_node": 50, "length_km": 59.525669838752329, "delaunay_k": 2, "edge_set": "Delaunay2" }, "geometry": { "type": "LineString", "coordinates": [ [ 6.871948, 61.10278 ], [ 7.410278, 61.569805 ] ] } },
{ "type": "Feature", "properties": { "voltage_kv": 300.0, "from_node": 34, "to_node": 51, "length_km": 48.922179492370837, "delaunay_k": 2, "edge_set": "Delaunay2" }, "geometry": { "type": "LineString", "coordinates": [ [ 6.871948, 61.10278 ], [ 7.436371, 61.447302 ] ] } },
{ "type": "Feature", "properties": { "voltage_kv": 300.0, "from_node": 34, "to_node": 52, "length_km": 37.141588633177896, "delaunay_k": 2, "edge_set": "Delaunay2" }, "geometry": { "type": "LineString", "coordinates": [ [ 6.871948, 61.10278 ], [ 7.439117, 61.292669 ] ] } },
{ "type": "Feature", "properties": { "voltage_kv": 300.0, "from_node": 34, "to_node": 56, "length_km": 55.486060832695472, "delaunay_k": 2, "edge_set": "Delaunay2" }, "geometry": { "type": "LineString", "coordinates": [ [ 6.871948, 61.10278 ], [ 7.892303, 61.044991 ] ] } },
{ "type": "Feature", "properties": { "voltage_kv": 300.0, "from_node": 34, "to_node": 58, "length_km": 93.481229909741955, "delaunay_k": 2, "edge_set": "Delaunay2" }, "geometry": { "type": "LineString", "coordinates": [ [ 6.871948, 61.10278 ], [ 8.088684, 60.511343 ] ] } },
{ "type": "Feature", "properties": { "voltage_kv": 300.0, "from_node": 35, "to_node": 41, "length_km": 69.522899019321599, "delaunay_k": 2, "edge_set": "Delaunay2" }, "geometry": { "type": "LineString", "coordinates": [ [ 6.889801, 59.110423 ], [ 7.086182, 59.725947 ] ] } },
{ "type": "Feature", "properties": { "voltage_kv": 300.0, "from_node": 35, "to_node": 42, "length_km": 32.665625530458442, "delaunay_k": 2, "edge_set": "Delaunay2" }, "geometry": { "type": "LineString", "coordinates": [ [ 6.889801, 59.110423 ], [ 7.115021, 58.841464 ] ] } },
{ "type": "Feature", "properties": { "voltage_kv": 300.0, "from_node": 35, "to_node": 57, "length_km": 69.500328006288598, "delaunay_k": 2, "edge_set": "Delaunay2" }, "geometry": { "type": "LineString", "coordinates": [ [ 6.889801, 59.110423 ], [ 7.901917, 59.457639 ] ] } },
{ "type": "Feature", "properties": { "voltage_kv": 300.0, "from_node": 35, "to_node": 66, "length_km": 124.51408068970881, "delaunay_k": 2, "edge_set": "Delaunay2" }, "geometry": { "type": "LineString", "coordinates": [ [ 6.889801, 59.110423 ], [ 8.782196, 58.575413 ] ] } },
{ "type": "Feature", "properties": { "voltage_kv": 300.0, "from_node": 36, "to_node": 39, "length_km": 69.062558486278391, "delaunay_k": 2, "edge_set": "Delaunay2" }, "geometry": { "type": "LineString", "coordinates": [ [ 6.892548, 58.897552 ], [ 7.001038, 58.28062 ] ] } },
{ "type": "Feature", "properties": { "voltage_kv": 300.0, "from_node": 36, "to_node": 43, "length_km": 27.073451519216864, "delaunay_k": 2, "edge_set": "Delaunay2" }, "geometry": { "type": "LineString", "coordinates": [ [ 6.892548, 58.897552 ], [ 7.119141, 59.110423 ] ] } },
{ "type": "Feature", "properties": { "voltage_kv": 300.0, "from_node": 36, "to_node": 57, "length_km": 85.044264687036843, "delaunay_k": 2, "edge_set": "Delaunay2" }, "geometry": { "type": "LineString", "coordinates": [ [ 6.892548, 58.897552 ], [ 7.901917, 59.457639 ] ] } },
{ "type": "Feature", "properties": { "voltage_kv": 300.0, "from_node": 36, "to_node": 59, "length_km": 101.28924929235386, "delaunay_k": 2, "edge_set": "Delaunay2" }, "geometry": { "type": "LineString", "coordinates": [ [ 6.892548, 58.897552 ], [ 8.102417, 58.2445 ] ] } },
{ "type": "Feature", "properties": { "voltage_kv": 300.0, "from_node": 36, "to_node": 66, "length_km": 115.22362008554681, "delaunay_k": 2, "edge_set": "Delaunay2" }, "geometry": { "type": "LineString", "coordinates": [ [ 6.892548, 58.897552 ], [ 8.782196, 58.575413 ] ] } },
{ "type": "Feature", "properties": { "voltage_kv": 300.0, "from_node": 37, "to_node": 43, "length_km": 68.020988068220802, "delaunay_k": 2, "edge_set": "Delaunay2" }, "geometry": { "type": "LineString", "coordinates": [ [ 6.904907, 59.710712 ], [ 7.119141, 59.110423 ] ] } },
{ "type": "Feature", "properties": { "voltage_kv": 300.0, "from_node": 37, "to_node": 48, "length_km": 26.667008443623626, "delaunay_k": 2, "edge_set": "Delaunay2" }, "geometry": { "type": "LineString", "coordinates": [ [ 6.904907, 59.710712 ], [ 7.34024, 59.805469 ] ] } },
{ "type": "Feature", "properties": { "voltage_kv": 300.0, "from_node": 37, "to_node": 49, "length_km": 26.448255827906699, "delaunay_k": 2, "edge_set": "Delaunay2" }, "geometry": { "type": "LineString", "coordinates": [ [ 6.904907, 59.710712 ], [ 7.36908, 59.747402 ] ] } },
{ "type": "Feature", "properties": { "voltage_kv": 300.0, "from_node": 37, "to_node": 57, "length_km": 63.028669013917273, "delaunay_k": 2, "edge_set": "Delaunay2" }, "geometry": { "type": "LineString", "coordinates": [ [ 6.904907, 59.710712 ], [ 7.901917, 59.457639 ] ] } },
{ "type": "Feature", "properties": { "voltage_kv": 300.0, "from_node": 38, "to_node": 41, "length_km": 14.1384535896052, "delaunay_k": 2, "edge_set": "Delaunay2" }, "geometry": { "type": "LineString", "coordinates": [ [ 6.968079, 59.837916 ], [ 7.086182, 59.725947 ] ] } },
{ "type": "Feature", "properties": { "voltage_kv": 300.0, "from_node": 38, "to_node": 45, "length_km": 124.79489710172132, "delaunay_k": 2, "edge_set": "Delaunay2" }, "geometry": { "type": "LineString", "coordinates": [ [ 6.968079, 59.837916 ], [ 7.216644, 60.950443 ] ] } },
{ "type": "Feature", "properties": { "voltage_kv": 300.0, "from_node": 38, "to_node": 49, "length_km": 24.687154068513255, "delaunay_k": 2, "edge_set": "Delaunay2" }, "geometry": { "type": "LineString", "coordinates": [ [ 6.968079, 59.837916 ], [ 7.36908, 59.747402 ] ] } },
{ "type": "Feature", "properties": { "voltage_kv": 300.0, "from_node": 38, "to_node": 54, "length_km": 45.639738048216195, "delaunay_k": 2, "edge_set": "Delaunay2" }, "geometry": { "type": "LineString", "coordinates": [ [ 6.968079, 59.837916 ], [ 7.772827, 59.780596 ] ] } },
{ "type": "Feature", "properties": { "voltage_kv": 300.0, "from_node": 38, "to_node": 58, "length_km": 97.510253040500629, "delaunay_k": 2, "edge_set": "Delaunay2" }, "geometry": { "type": "LineString", "coordinates": [ [ 6.968079, 59.837916 ], [ 8.088684, 60.511343 ] ] } },
{ "type": "Feature", "properties": { "voltage_kv": 300.0, "from_node": 39, "to_node": 44, "length_km": 79.891869967218767, "delaunay_k": 2, "edge_set": "Delaunay2" }, "geometry": { "type": "LineString", "coordinates": [ [ 7.001038, 58.28062 ], [ 7.120514, 58.994604 ] ] } },
{ "type": "Feature", "properties": { "voltage_kv": 300.0, "from_node": 39, "to_node": 66, "length_km": 109.17393887195908, "delaunay_k": 2, "edge_set": "Delaunay2" }, "geometry": { "type": "LineString", "coordinates": [ [ 7.001038, 58.28062 ], [ 8.782196, 58.575413 ] ] } },
{ "type": "Feature", "properties": { "voltage_kv": 300.0, "from_node": 40, "to_node": 43, "length_km": 74.435401009797246, "delaunay_k": 2, "edge_set": "Delaunay2" }, "geometry": { "type": "LineString", "coordinates": [ [ 7.080688, 59.777831 ], [ 7.119141, 59.110423 ] ] } },
{ "type": "Feature", "properties": { "voltage_kv": 300.0, "from_node": 40, "to_node": 54, "length_km": 38.90234513747945, "delaunay_k": 2, "edge_set": "Delaunay2" }, "geometry": { "type": "LineString", "coordinates": [ [ 7.080688, 59.777831 ], [ 7.772827, 59.780596 ] ] } },
{ "type": "Feature", "properties": { "voltage_kv": 300.0, "from_node": 40, "to_node": 55, "length_km": 44.665109794697699, "delaunay_k": 2, "edge_set": "Delaunay2" }, "geometry": { "type": "LineString", "coordinates": [ [ 7.080688, 59.777831 ], [ 7.819519, 59.632352 ] ] } },
{ "type": "Feature", "properties": { "voltage_kv": 300.0, "from_node": 40, "to_node": 57, "length_km": 58.521931280392842, "delaunay_k": 2, "edge_set": "Delaunay2" }, "geometry": { "type": "LineString", "coordinates": [ [ 7.080688, 59.777831 ], [ 7.901917, 59.457639 ] ] } },
{ "type": "Feature", "properties": { "voltage_kv": 300.0, "from_node": 40, "to_node": 58, "length_km": 99.120557089882723, "delaunay_k": 2, "edge_set": "Delaunay2" }, "geometry": { "type": "LineString", "coordinates": [ [ 7.080688, 59.777831 ], [ 8.088684, 60.511343 ] ] } },
{ "type": "Feature", "properties": { "voltage_kv": 300.0, "from_node": 41, "to_node": 44, "length_km": 81.553470239891922, "delaunay_k": 2, "edge_set": "Delaunay2" }, "geometry": { "type": "LineString", "coordinates": [ [ 7.086182, 59.725947 ], [ 7.120514, 58.994604 ] ] } },
{ "type": "Feature", "properties": { "voltage_kv": 300.0, "from_node": 41, "to_node": 48, "length_km": 16.813027224311384, "delaunay_k": 2, "edge_set": "Delaunay2" }, "geometry": { "type": "LineString", "coordinates": [ [ 7.086182, 59.725947 ], [ 7.34024, 59.805469 ] ] } },
{ "type": "Feature", "properties": { "voltage_kv": 300.0, "from_node": 41, "to_node": 54, "length_km": 39.099766502641927, "delaunay_k": 2, "edge_set": "Delaunay2" }, "geometry": { "type": "LineString", "coordinates": [ [ 7.086182, 59.725947 ], [ 7.772827, 59.780596 ] ] } },
{ "type": "Feature", "properties": { "voltage_kv": 300.0, "from_node": 41, "to_node": 55, "length_km": 42.635912555637368, "delaunay_k": 2, "edge_set": "Delaunay2" }, "geometry": { "type": "LineString", "coordinates": [ [ 7.086182, 59.725947 ], [ 7.819519, 59.632352 ] ] } },
{ "type": "Feature", "properties": { "voltage_kv": 300.0, "from_node": 41, "to_node": 67, "length_km": 106.44381002497917, "delaunay_k": 2, "edge_set": "Delaunay2" }, "geometry": { "type": "LineString", "coordinates": [ [ 7.086182, 59.725947 ], [ 8.87146, 59.422728 ] ] } },
{ "type": "Feature", "properties": { "voltage_kv": 300.0, "from_node": 41, "to_node": 68, "length_km": 103.44484939331015, "delaunay_k": 2, "edge_set": "Delaunay2" }, "geometry": { "type": "LineString", "coordinates": [ [ 7.086182, 59.725947 ], [ 8.87558, 59.525961 ] ] } },
{ "type": "Feature", "properties": { "voltage_kv": 300.0, "from_node": 42, "to_node": 43, "length_km": 29.983022168052994, "delaunay_k": 2, "edge_set": "Delaunay2" }, "geometry": { "type": "LineString", "coordinates": [ [ 7.115021, 58.841464 ], [ 7.119141, 59.110423 ] ] } },
{ "type": "Feature", "properties": { "voltage_kv": 300.0, "from_node": 42, "to_node": 57, "length_km": 82.140169216019473, "delaunay_k": 2, "edge_set": "Delaunay2" }, "geometry": { "type": "LineString", "coordinates": [ [ 7.115021, 58.841464 ], [ 7.901917, 59.457639 ] ] } },
{ "type": "Feature", "properties": { "voltage_kv": 300.0, "from_node": 42, "to_node": 67, "length_km": 119.65694803724971, "delaunay_k": 2, "edge_set": "Delaunay2" }, "geometry": { "type": "LineString", "coordinates": [ [ 7.115021, 58.841464 ], [ 8.87146, 59.422728 ] ] } },
{ "type": "Feature", "properties": { "voltage_kv": 300.0, "from_node": 42, "to_node": 72, "length_km": 147.81877123143806, "delaunay_k": 2, "edge_set": "Delaunay2" }, "geometry": { "type": "LineString", "coordinates": [ [ 7.115021, 58.841464 ], [ 9.61441, 59.151995 ] ] } },
{ "type": "Feature", "properties": { "voltage_kv": 300.0, "from_node": 43, "to_node": 49, "length_km": 72.412647125697134, "delaunay_k": 2, "edge_set": "Delaunay2" }, "geometry": { "type": "LineString", "coordinates": [ [ 7.119141, 59.110423 ], [ 7.36908, 59.747402 ] ] } },
{ "type": "Feature", "properties": { "voltage_kv": 300.0, "from_node": 43, "to_node": 55, "length_km": 70.513014073587357, "delaunay_k": 2, "edge_set": "Delaunay2" }, "geometry": { "type": "LineString", "coordinates": [ [ 7.119141, 59.110423 ], [ 7.819519, 59.632352 ] ] } },
{ "type": "Feature", "properties": { "voltage_kv": 300.0, "from_node": 43, "to_node": 66, "length_km": 113.05941563795956, "delaunay_k": 2, "edge_set": "Delaunay2" }, "geometry": { "type": "LineString", "coordinates": [ [ 7.119141, 59.110423 ], [ 8.782196, 58.575413 ] ] } },
{ "type": "Feature", "properties": { "voltage_kv": 300.0, "from_node": 43, "to_node": 67, "length_km": 105.86244008203117, "delaunay_k": 2, "edge_set": "Delaunay2" }, "geometry": { "type": "LineString", "coordinates": [ [ 7.119141, 59.110423 ], [ 8.87146, 59.422728 ] ] } },
{ "type": "Feature", "properties": { "voltage_kv": 300.0, "from_node": 43, "to_node": 68, "length_km": 110.25723259599562, "delaunay_k": 2, "edge_set": "Delaunay2" }, "geometry": { "type": "LineString", "coordinates": [ [ 7.119141, 59.110423 ], [ 8.87558, 59.525961 ] ] } },
{ "type": "Feature", "properties": { "voltage_kv": 300.0, "from_node": 44, "to_node": 49, "length_km": 85.101227475412927, "delaunay_k": 2, "edge_set": "Delaunay2" }, "geometry": { "type": "LineString", "coordinates": [ [ 7.120514, 58.994604 ], [ 7.36908, 59.747402 ] ] } },
{ "type": "Feature", "properties": { "voltage_kv": 300.0, "from_node": 44, "to_node": 55, "length_km": 81.486053680391251, "delaunay_k": 2, "edge_set": "Delaunay2" }, "geometry": { "type": "LineString", "coordinates": [ [ 7.120514, 58.994604 ], [ 7.819519, 59.632352 ] ] } },
{ "type": "Feature", "properties": { "voltage_kv": 300.0, "from_node": 44, "to_node": 59, "length_km": 101.23123390970902, "delaunay_k": 2, "edge_set": "Delaunay2" }, "geometry": { "type": "LineString", "coordinates": [ [ 7.120514, 58.994604 ], [ 8.102417, 58.2445 ] ] } },
{ "type": "Feature", "properties": { "voltage_kv": 300.0, "from_node": 44, "to_node": 67, "length_km": 110.86061627641466, "delaunay_k": 2, "edge_set": "Delaunay2" }, "geometry": { "type": "LineString", "coordinates": [ [ 7.120514, 58.994604 ], [ 8.87146, 59.422728 ] ] } },
{ "type": "Feature", "properties": { "voltage_kv": 300.0, "from_node": 44, "to_node": 68, "length_km": 116.34852933016363, "delaunay_k": 2, "edge_set": "Delaunay2" }, "geometry": { "type": "LineString", "coordinates": [ [ 7.120514, 58.994604 ], [ 8.87558, 59.525961 ] ] } },
{ "type": "Feature", "properties": { "voltage_kv": 300.0, "from_node": 44, "to_node": 72, "length_km": 144.14868545180826, "delaunay_k": 2, "edge_set": "Delaunay2" }, "geometry": { "type": "LineString", "coordinates": [ [ 7.120514, 58.994604 ], [ 9.61441, 59.151995 ] ] } },
{ "type": "Feature", "properties": { "voltage_kv": 300.0, "from_node": 45, "to_node": 46, "length_km": 34.653437118446583, "delaunay_k": 2, "edge_set": "Delaunay2" }, "geometry": { "type": "LineString", "coordinates": [ [ 7.216644, 60.950443 ], [ 7.293549, 61.259009 ] ] } },
{ "type": "Feature", "properties": { "voltage_kv": 300.0, "from_node": 45, "to_node": 48, "length_km": 127.83137964281647, "delaunay_k": 2, "edge_set": "Delaunay2" }, "geometry": { "type": "LineString", "coordinates": [ [ 7.216644, 60.950443 ], [ 7.34024, 59.805469 ] ] } },
{ "type": "Feature", "properties": { "voltage_kv": 300.0, "from_node": 45, "to_node": 52, "length_km": 39.99823608013466, "delaunay_k": 2, "edge_set": "Delaunay2" }, "geometry": { "type": "LineString", "coordinates": [ [ 7.216644, 60.950443 ], [ 7.439117, 61.292669 ] ] } },
{ "type": "Feature", "properties": { "voltage_kv": 300.0, "from_node": 45, "to_node": 53, "length_km": 69.157308319696284, "delaunay_k": 2, "edge_set": "Delaunay2" }, "geometry": { "type": "LineString", "coordinates": [ [ 7.216644, 60.950443 ], [ 7.738495, 61.517456 ] ] } },
{ "type": "Feature", "properties": { "voltage_kv": 300.0, "from_node": 45, "to_node": 54, "length_km": 133.97927265129255, "delaunay_k": 2, "edge_set": "Delaunay2" }, "geometry": { "type": "LineString", "coordinates": [ [ 7.216644, 60.950443 ], [ 7.772827, 59.780596 ] ] } },
{ "type": "Feature", "properties": { "voltage_kv": 300.0, "from_node": 45, "to_node": 60, "length_km": 60.025020176896689, "delaunay_k": 2, "edge_set": "Delaunay2" }, "geometry": { "type": "LineString", "coordinates": [ [ 7.216644, 60.950443 ], [ 8.311157, 60.873666 ] ] } },
{ "type": "Feature", "properties": { "voltage_kv": 300.0, "from_node": 45, "to_node": 62, "length_km": 136.29716457499697, "delaunay_k": 2, "edge_set": "Delaunay2" }, "geometry": { "type": "LineString", "coordinates": [ [ 7.216644, 60.950443 ], [ 8.524017, 59.912353 ] ] } },
{ "type": "Feature", "properties": { "voltage_kv": 300.0, "from_node": 45, "to_node": 63, "length_km": 81.842131336626608, "delaunay_k": 2, "edge_set": "Delaunay2" }, "geometry": { "type": "LineString", "coordinates": [ [ 7.216644, 60.950443 ], [ 8.690186, 60.798714 ] ] } },
{ "type": "Feature", "properties": { "voltage_kv": 300.0, "from_node": 45, "to_node": 64, "length_km": 93.102320042319164, "delaunay_k": 2, "edge_set": "Delaunay2" }, "geometry": { "type": "LineString", "coordinates": [ [ 7.216644, 60.950443 ], [ 8.75885, 60.591688 ] ] } },
{ "type": "Feature", "properties": { "voltage_kv": 300.0, "from_node": 45, "to_node": 70, "length_km": 128.23765710925804, "delaunay_k": 2, "edge_set": "Delaunay2" }, "geometry": { "type": "LineString", "coordinates": [ [ 7.216644, 60.950443 ], [ 9.341125, 61.473546 ] ] } },
{ "type": "Feature", "properties": { "voltage_kv": 300.0, "from_node": 46, "to_node": 53, "length_km": 37.36805292271324, "delaunay_k": 2, "edge_set": "Delaunay2" }, "geometry": { "type": "LineString", "coordinates": [ [ 7.293549, 61.259009 ], [ 7.738495, 61.517456 ] ] } },
{ "type": "Feature", "properties": { "voltage_kv": 300.0, "from_node": 46, "to_node": 56, "length_km": 40.123267710018965, "delaunay_k": 2, "edge_set": "Delaunay2" }, "geometry": { "type": "LineString", "coordinates": [ [ 7.293549, 61.259009 ], [ 7.892303, 61.044991 ] ] } },
{ "type": "Feature", "properties": { "voltage_kv": 300.0, "from_node": 46, "to_node": 69, "length_km": 117.19512628979207, "delaunay_k": 2, "edge_set": "Delaunay2" }, "geometry": { "type": "LineString", "coordinates": [ [ 7.293549, 61.259009 ], [ 9.063721, 61.885931 ] ] } },
{ "type": "Feature", "properties": { "voltage_kv": 300.0, "from_node": 47, "to_node": 50, "length_km": 40.653726824696385, "delaunay_k": 2, "edge_set": "Delaunay2" }, "geometry": { "type": "LineString", "coordinates": [ [ 7.338867, 61.206798 ], [ 7.410278, 61.569805 ] ] } },
{ "type": "Feature", "properties": { "voltage_kv": 300.0, "from_node": 47, "to_node": 51, "length_km": 27.319209269399213, "delaunay_k": 2, "edge_set": "Delaunay2" }, "geometry": { "type": "LineString", "coordinates": [ [ 7.338867, 61.206798 ], [ 7.436371, 61.447302 ] ] } },
{ "type": "Feature", "properties": { "voltage_kv": 300.0, "from_node": 47, "to_node": 53, "length_km": 40.706510548728225, "delaunay_k": 2, "edge_set": "Delaunay2" }, "geometry": { "type": "LineString", "coordinates": [ [ 7.338867, 61.206798 ], [ 7.738495, 61.517456 ] ] } },
{ "type": "Feature", "properties": { "voltage_kv": 300.0, "from_node": 47, "to_node": 58, "length_km": 87.593720400398198, "delaunay_k": 2, "edge_set": "Delaunay2" }, "geometry": { "type": "LineString", "coordinates": [ [ 7.338867, 61.206798 ], [ 8.088684, 60.511343 ] ] } },
{ "type": "Feature", "properties": { "voltage_kv": 300.0, "from_node": 47, "to_node": 60, "length_km": 64.359098389875271, "delaunay_k": 2, "edge_set": "Delaunay2" }, "geometry": { "type": "LineString", "coordinates": [ [ 7.338867, 61.206798 ], [ 8.311157, 60.873666 ] ] } },
{ "type": "Feature", "properties": { "voltage_kv": 300.0, "from_node": 47, "to_node": 70, "length_km": 111.25368626796276, "delaunay_k": 2, "edge_set": "Delaunay2" }, "geometry": { "type": "LineString", "coordinates": [ [ 7.338867, 61.206798 ], [ 9.341125, 61.473546 ] ] } },
{ "type": "Feature", "properties": { "voltage_kv": 300.0, "from_node": 48, "to_node": 55, "length_km": 33.174653171855006, "delaunay_k": 2, "edge_set": "Delaunay2" }, "geometry": { "type": "LineString", "coordinates": [ [ 7.34024, 59.805469 ], [ 7.819519, 59.632352 ] ] } },
{ "type": "Feature", "properties": { "voltage_kv": 300.0, "from_node": 48, "to_node": 56, "length_km": 141.48646612662731, "delaunay_k": 2, "edge_set": "Delaunay2" }, "geometry": { "type": "LineString", "coordinates": [ [ 7.34024, 59.805469 ], [ 7.892303, 61.044991 ] ] } },
{ "type": "Feature", "properties": { "voltage_kv": 300.0, "from_node": 48, "to_node": 57, "length_km": 50.084510837550916, "delaunay_k": 2, "edge_set": "Delaunay2" }, "geometry": { "type": "LineString", "coordinates": [ [ 7.34024, 59.805469 ], [ 7.901917, 59.457639 ] ] } },
{ "type": "Feature", "properties": { "voltage_kv": 300.0, "from_node": 48, "to_node": 60, "length_km": 130.59488958757552, "delaunay_k": 2, "edge_set": "Delaunay2" }, "geometry": { "type": "LineString", "coordinates": [ [ 7.34024, 59.805469 ], [ 8.311157, 60.873666 ] ] } },
{ "type": "Feature", "properties": { "voltage_kv": 300.0, "from_node": 48, "to_node": 62, "length_km": 67.425399417780113, "delaunay_k": 2, "edge_set": "Delaunay2" }, "geometry": { "type": "LineString", "coordinates": [ [ 7.34024, 59.805469 ], [ 8.524017, 59.912353 ] ] } },
{ "type": "Feature", "properties": { "voltage_kv": 300.0, "from_node": 48, "to_node": 63, "length_km": 133.53298832903729, "delaunay_k": 2, "edge_set": "Delaunay2" }, "geometry": { "type": "LineString", "coordinates": [ [ 7.34024, 59.805469 ], [ 8.690186, 60.798714 ] ] } },
{ "type": "Feature", "properties": { "voltage_kv": 300.0, "from_node": 48, "to_node": 64, "length_km": 117.79060528845146, "delaunay_k": 2, "edge_set": "Delaunay2" }, "geometry": { "type": "LineString", "coordinates": [ [ 7.34024, 59.805469 ], [ 8.75885, 60.591688 ] ] } },
{ "type": "Feature", "properties": { "voltage_kv": 300.0, "from_node": 49, "to_node": 58, "length_km": 94.088464512009665, "delaunay_k": 2, "edge_set": "Delaunay2" }, "geometry": { "type": "LineString", "coordinates": [ [ 7.36908, 59.747402 ], [ 8.088684, 60.511343 ] ] } },
{ "type": "Feature", "properties": { "voltage_kv": 300.0, "from_node": 49, "to_node": 62, "length_km": 67.361429358951824, "delaunay_k": 2, "edge_set": "Delaunay2" }, "geometry": { "type": "LineString", "coordinates": [ [ 7.36908, 59.747402 ], [ 8.524017, 59.912353 ] ] } },
{ "type": "Feature", "properties": { "voltage_kv": 300.0, "from_node": 49, "to_node": 67, "length_km": 92.300803769652703, "delaunay_k": 2, "edge_set": "Delaunay2" }, "geometry": { "type": "LineString", "coordinates": [ [ 7.36908, 59.747402 ], [ 8.87146, 59.422728 ] ] } },
{ "type": "Feature", "properties": { "voltage_kv": 300.0, "from_node": 49, "to_node": 68, "length_km": 88.524843675014097, "delaunay_k": 2, "edge_set": "Delaunay2" }, "geometry": { "type": "LineString", "coordinates": [ [ 7.36908, 59.747402 ], [ 8.87558, 59.525961 ] ] } },
{ "type": "Feature", "properties": { "voltage_kv": 300.0, "from_node": 50, "to_node": 52, "length_km": 30.937754814771193, "delaunay_k": 2, "edge_set": "Delaunay2" }, "geometry": { "type": "LineString", "coordinates": [ [ 7.410278, 61.569805 ], [ 7.439117, 61.292669 ] ] } },
{ "type": "Feature", "properties": { "voltage_kv": 300.0, "from_node": 50, "to_node": 56, "length_km": 63.961925048764556, "delaunay_k": 2, "edge_set": "Delaunay2" }, "geometry": { "type": "LineString", "coordinates": [ [ 7.410278, 61.569805 ], [ 7.892303, 61.044991 ] ] } },
{ "type": "Feature", "properties": { "voltage_kv": 300.0, "from_node": 50, "to_node": 70, "length_km": 103.34251102784772, "delaunay_k": 2, "edge_set": "Delaunay2" }, "geometry": { "type": "LineString", "coordinates": [ [ 7.410278, 61.569805 ], [ 9.341125, 61.473546 ] ] } },
{ "type": "Feature", "properties": { "voltage_kv": 300.0, "from_node": 50, "to_node": 73, "length_km": 128.14584590666374, "delaunay_k": 2, "edge_set": "Delaunay2" }, "geometry": { "type": "LineString", "coordinates": [ [ 7.410278, 61.569805 ], [ 9.821777, 61.582225 ] ] } },
{ "type": "Feature", "properties": { "voltage_kv": 300.0, "from_node": 51, "to_node": 56, "length_km": 51.102130597321874, "delaunay_k": 2, "edge_set": "Delaunay2" }, "geometry": { "type": "LineString", "coordinates": [ [ 7.436371, 61.447302 ], [ 7.892303, 61.044991 ] ] } },
{ "type": "Feature", "properties": { "voltage_kv": 300.0, "from_node": 51, "to_node": 61, "length_km": 147.85627532000785, "delaunay_k": 2, "edge_set": "Delaunay2" }, "geometry": { "type": "LineString", "coordinates": [ [ 7.436371, 61.447302 ], [ 8.480072, 62.679816 ] ] } },
{ "type": "Feature", "properties": { "voltage_kv": 300.0, "from_node": 51, "to_node": 69, "length_km": 99.124552495055212, "delaunay_k": 2, "edge_set": "Delaunay2" }, "geometry": { "type": "LineString", "coordinates": [ [ 7.436371, 61.447302 ], [ 9.063721, 61.885931 ] ] } },
{ "type": "Feature", "properties": { "voltage_kv": 300.0, "from_node": 51, "to_node": 70, "length_km": 101.63660393236444, "delaunay_k": 2, "edge_set": "Delaunay2" }, "geometry": { "type": "LineString", "coordinates": [ [ 7.436371, 61.447302 ], [ 9.341125, 61.473546 ] ] } },
{ "type": "Feature", "properties": { "voltage_kv": 300.0, "from_node": 52, "to_node": 58, "length_km": 93.970272937690368, "delaunay_k": 2, "edge_set": "Delaunay2" }, "geometry": { "type": "LineString", "coordinates": [ [ 7.439117, 61.292669 ], [ 8.088684, 60.511343 ] ] } },
{ "type": "Feature", "properties": { "voltage_kv": 300.0, "from_node": 52, "to_node": 60, "length_km": 66.3191567466517, "delaunay_k": 2, "edge_set": "Delaunay2" }, "geometry": { "type": "LineString", "coordinates": [ [ 7.439117, 61.292669 ], [ 8.311157, 60.873666 ] ] } },
{ "type": "Feature", "properties": { "voltage_kv": 300.0, "from_node": 52, "to_node": 69, "length_km": 108.72086773468808, "delaunay_k": 2, "edge_set": "Delaunay2" }, "geometry": { "type": "LineString", "coordinates": [ [ 7.439117, 61.292669 ], [ 9.063721, 61.885931 ] ] } },
{ "type": "Feature", "properties": { "voltage_kv": 300.0, "from_node": 52, "to_node": 70, "length_km": 103.67841402158443, "delaunay_k": 2, "edge_set": "Delaunay2" }, "geometry": { "type": "LineString", "coordinates": [ [ 7.439117, 61.292669 ], [ 9.341125, 61.473546 ] ] } },
{ "type": "Feature", "properties": { "voltage_kv": 300.0, "from_node": 53, "to_node": 58, "length_km": 113.74602740124691, "delaunay_k": 2, "edge_set": "Delaunay2" }, "geometry": { "type": "LineString", "coordinates": [ [ 7.738495, 61.517456 ], [ 8.088684, 60.511343 ] ] } },
{ "type": "Feature", "properties": { "voltage_kv": 300.0, "from_node": 53, "to_node": 60, "length_km": 78.098675563788689, "delaunay_k": 2, "edge_set": "Delaunay2" }, "geometry": { "type": "LineString", "coordinates": [ [ 7.738495, 61.517456 ], [ 8.311157, 60.873666 ] ] } },
{ "type": "Feature", "properties": { "voltage_kv": 300.0, "from_node": 53, "to_node": 61, "length_km": 135.25311354734598, "delaunay_k": 2, "edge_set": "Delaunay2" }, "geometry": { "type": "LineString", "coordinates": [ [ 7.738495, 61.517456 ], [ 8.480072, 62.679816 ] ] } },
{ "type": "Feature", "properties": { "voltage_kv": 300.0, "from_node": 53, "to_node": 63, "length_km": 95.108543716752948, "delaunay_k": 2, "edge_set": "Delaunay2" }, "geometry": { "type": "LineString", "coordinates": [ [ 7.738495, 61.517456 ], [ 8.690186, 60.798714 ] ] } },
{ "type": "Feature", "properties": { "voltage_kv": 300.0, "from_node": 53, "to_node": 73, "length_km": 111.02422079385764, "delaunay_k": 2, "edge_set": "Delaunay2" }, "geometry": { "type": "LineString", "coordinates": [ [ 7.738495, 61.517456 ], [ 9.821777, 61.582225 ] ] } },
{ "type": "Feature", "properties": { "voltage_kv": 300.0, "from_node": 53, "to_node": 77, "length_km": 127.5556371838012, "delaunay_k": 2, "edge_set": "Delaunay2" }, "geometry": { "type": "LineString", "coordinates": [ [ 7.738495, 61.517456 ], [ 10.134888, 61.525314 ] ] } },
{ "type": "Feature", "properties": { "voltage_kv": 300.0, "from_node": 53, "to_node": 80, "length_km": 148.54894115055333, "delaunay_k": 2, "edge_set": "Delaunay2" }, "geometry": { "type": "LineString", "coordinates": [ [ 7.738495, 61.517456 ], [ 10.421906, 61.177019 ] ] } },
{ "type": "Feature", "properties": { "voltage_kv": 300.0, "from_node": 54, "to_node": 56, "length_km": 141.09579473997854, "delaunay_k": 2, "edge_set": "Delaunay2" }, "geometry": { "type": "LineString", "coordinates": [ [ 7.772827, 59.780596 ], [ 7.892303, 61.044991 ] ] } },
{ "type": "Feature", "properties": { "voltage_kv": 300.0, "from_node": 54, "to_node": 57, "length_km": 36.726995181665728, "delaunay_k": 2, "edge_set": "Delaunay2" }, "geometry": { "type": "LineString", "coordinates": [ [ 7.772827, 59.780596 ], [ 7.901917, 59.457639 ] ] } },
{ "type": "Feature", "properties": { "voltage_kv": 300.0, "from_node": 54, "to_node": 60, "length_km": 125.41635366705435, "delaunay_k": 2, "edge_set": "Delaunay2" }, "geometry": { "type": "LineString", "coordinates": [ [ 7.772827, 59.780596 ], [ 8.311157, 60.873666 ] ] } },
{ "type": "Feature", "properties": { "voltage_kv": 300.0, "from_node": 54, "to_node": 63, "length_km": 124.3093983948943, "delaunay_k": 2, "edge_set": "Delaunay2" }, "geometry": { "type": "LineString", "coordinates": [ [ 7.772827, 59.780596 ], [ 8.690186, 60.798714 ] ] } },
{ "type": "Feature", "properties": { "voltage_kv": 300.0, "from_node": 54, "to_node": 64, "length_km": 105.67462673764381, "delaunay_k": 2, "edge_set": "Delaunay2" }, "geometry": { "type": "LineString", "coordinates": [ [ 7.772827, 59.780596 ], [ 8.75885, 60.591688 ] ] } },
{ "type": "Feature", "properties": { "voltage_kv": 300.0, "from_node": 54, "to_node": 65, "length_km": 57.421544564648755, "delaunay_k": 2, "edge_set": "Delaunay2" }, "geometry": { "type": "LineString", "coordinates": [ [ 7.772827, 59.780596 ], [ 8.760223, 59.917172 ] ] } },
{ "type": "Feature", "properties": { "voltage_kv": 300.0, "from_node": 54, "to_node": 68, "length_km": 68.365263464349425, "delaunay_k": 2, "edge_set": "Delaunay2" }, "geometry": { "type": "LineString", "coordinates": [ [ 7.772827, 59.780596 ], [ 8.87558, 59.525961 ] ] } },
{ "type": "Feature", "properties": { "voltage_kv": 300.0, "from_node": 55, "to_node": 58, "length_km": 99.114278315308894, "delaunay_k": 2, "edge_set": "Delaunay2" }, "geometry": { "type": "LineString", "coordinates": [ [ 7.819519, 59.632352 ], [ 8.088684, 60.511343 ] ] } },
{ "type": "Feature", "properties": { "voltage_kv": 300.0, "from_node": 55, "to_node": 64, "length_km": 119.00516628306119, "delaunay_k": 2, "edge_set": "Delaunay2" }, "geometry": { "type": "LineString", "coordinates": [ [ 7.819519, 59.632352 ], [ 8.75885, 60.591688 ] ] } },
{ "type": "Feature", "properties": { "voltage_kv": 300.0, "from_node": 55, "to_node": 65, "length_km": 61.663582242143036, "delaunay_k": 2, "edge_set": "Delaunay2" }, "geometry": { "type": "LineString", "coordinates": [ [ 7.819519, 59.632352 ], [ 8.760223, 59.917172 ] ] } },
{ "type": "Feature", "properties": { "voltage_kv": 300.0, "from_node": 55, "to_node": 66, "length_km": 130.06649457924235, "delaunay_k": 2, "edge_set": "Delaunay2" }, "geometry": { "type": "LineString", "coordinates": [ [ 7.819519, 59.632352 ], [ 8.782196, 58.575413 ] ] } },
{ "type": "Feature", "properties": { "voltage_kv": 300.0, "from_node": 55, "to_node": 67, "length_km": 63.971416053086259, "delaunay_k": 2, "edge_set": "Delaunay2" }, "geometry": { "type": "LineString", "coordinates": [ [ 7.819519, 59.632352 ], [ 8.87146, 59.422728 ] ] } },
{ "type": "Feature", "properties": { "voltage_kv": 300.0, "from_node": 55, "to_node": 71, "length_km": 107.95277513044077, "delaunay_k": 2, "edge_set": "Delaunay2" }, "geometry": { "type": "LineString", "coordinates": [ [ 7.819519, 59.632352 ], [ 9.593811, 59.282019 ] ] } },
{ "type": "Feature", "properties": { "voltage_kv": 300.0, "from_node": 55, "to_node": 74, "length_km": 118.98169658845893, "delaunay_k": 2, "edge_set": "Delaunay2" }, "geometry": { "type": "LineString", "coordinates": [ [ 7.819519, 59.632352 ], [ 9.923401, 59.721792 ] ] } },
{ "type": "Feature", "properties": { "voltage_kv": 300.0, "from_node": 56, "to_node": 62, "length_km": 130.93867212182056, "delaunay_k": 2, "edge_set": "Delaunay2" }, "geometry": { "type": "LineString", "coordinates": [ [ 7.892303, 61.044991 ], [ 8.524017, 59.912353 ] ] } },
{ "type": "Feature", "properties": { "voltage_kv": 300.0, "from_node": 56, "to_node": 63, "length_km": 51.261215978784826, "delaunay_k": 2, "edge_set": "Delaunay2" }, "geometry": { "type": "LineString", "coordinates": [ [ 7.892303, 61.044991 ], [ 8.690186, 60.798714 ] ] } },
{ "type": "Feature", "properties": { "voltage_kv": 300.0, "from_node": 56, "to_node": 64, "length_km": 69.121243699526246, "delaunay_k": 2, "edge_set": "Delaunay2" }, "geometry": { "type": "LineString", "coordinates": [ [ 7.892303, 61.044991 ], [ 8.75885, 60.591688 ] ] } },
{ "type": "Feature", "properties": { "voltage_kv": 300.0, "from_node": 56, "to_node": 69, "length_km": 112.64422961683233, "delaunay_k": 2, "edge_set": "Delaunay2" }, "geometry": { "type": "LineString", "coordinates": [ [ 7.892303, 61.044991 ], [ 9.063721, 61.885931 ] ] } },
{ "type": "Feature", "properties": { "voltage_kv": 300.0, "from_node": 56, "to_node": 73, "length_km": 119.4732439085391, "delaunay_k": 2, "edge_set": "Delaunay2" }, "geometry": { "type": "LineString", "coordinates": [ [ 7.892303, 61.044991 ], [ 9.821777, 61.582225 ] ] } },
{ "type": "Feature", "properties": { "voltage_kv": 300.0, "from_node": 56, "to_node": 77, "length_km": 131.64374673663633, "delaunay_k": 2, "edge_set": "Delaunay2" }, "geometry": { "type": "LineString", "coordinates": [ [ 7.892303, 61.044991 ], [ 10.134888, 61.525314 ] ] } },
{ "type": "Feature", "properties": { "voltage_kv": 300.0, "from_node": 56, "to_node": 80, "length_km": 137.20098895069196, "delaunay_k": 2, "edge_set": "Delaunay2" }, "geometry": { "type": "LineString", "coordinates": [ [ 7.892303, 61.044991 ], [ 10.421906, 61.177019 ] ] } },
{ "type": "Feature", "properties": { "voltage_kv": 300.0, "from_node": 57, "to_node": 59, "length_km": 135.69031273336333, "delaunay_k": 2, "edge_set": "Delaunay2" }, "geometry": { "type": "LineString", "coordinates": [ [ 7.901917, 59.457639 ], [ 8.102417, 58.2445 ] ] } },
{ "type": "Feature", "properties": { "voltage_kv": 300.0, "from_node": 57, "to_node": 62, "length_km": 61.620279481817825, "delaunay_k": 2, "edge_set": "Delaunay2" }, "geometry": { "type": "LineString", "coordinates": [ [ 7.901917, 59.457639 ], [ 8.524017, 59.912353 ] ] } },
{ "type": "Feature", "properties": { "voltage_kv": 300.0, "from_node": 57, "to_node": 65, "length_km": 70.437849654992434, "delaunay_k": 2, "edge_set": "Delaunay2" }, "geometry": { "type": "LineString", "coordinates": [ [ 7.901917, 59.457639 ], [ 8.760223, 59.917172 ] ] } },
{ "type": "Feature", "properties": { "voltage_kv": 300.0, "from_node": 57, "to_node": 71, "length_km": 98.190629187897713, "delaunay_k": 2, "edge_set": "Delaunay2" }, "geometry": { "type": "LineString", "coordinates": [ [ 7.901917, 59.457639 ], [ 9.593811, 59.282019 ] ] } },
{ "type": "Feature", "properties": { "voltage_kv": 300.0, "from_node": 57, "to_node": 72, "length_km": 103.3505387722343, "delaunay_k": 2, "edge_set": "Delaunay2" }, "geometry": { "type": "LineString", "coordinates": [ [ 7.901917, 59.457639 ], [ 9.61441, 59.151995 ] ] } },
{ "type": "Feature", "properties": { "voltage_kv": 300.0, "from_node": 57, "to_node": 74, "length_km": 117.94705418601427, "delaunay_k": 2, "edge_set": "Delaunay2" }, "geometry": { "type": "LineString", "coordinates": [ [ 7.901917, 59.457639 ], [ 9.923401, 59.721792 ] ] } },
{ "type": "Feature", "properties": { "voltage_kv": 300.0, "from_node": 58, "to_node": 65, "length_km": 75.973806183411597, "delaunay_k": 2, "edge_set": "Delaunay2" }, "geometry": { "type": "LineString", "coordinates": [ [ 8.088684, 60.511343 ], [ 8.760223, 59.917172 ] ] } },
{ "type": "Feature", "properties": { "voltage_kv": 300.0, "from_node": 58, "to_node": 68, "length_km": 118.26453572186712, "delaunay_k": 2, "edge_set": "Delaunay2" }, "geometry": { "type": "LineString", "coordinates": [ [ 8.088684, 60.511343 ], [ 8.87558, 59.525961 ] ] } },
{ "type": "Feature", "properties": { "voltage_kv": 300.0, "from_node": 58, "to_node": 70, "length_km": 126.87349178993362, "delaunay_k": 2, "edge_set": "Delaunay2" }, "geometry": { "type": "LineString", "coordinates": [ [ 8.088684, 60.511343 ], [ 9.341125, 61.473546 ] ] } },
{ "type": "Feature", "properties": { "voltage_kv": 300.0, "from_node": 58, "to_node": 78, "length_km": 140.48061153978045, "delaunay_k": 2, "edge_set": "Delaunay2" }, "geometry": { "type": "LineString", "coordinates": [ [ 8.088684, 60.511343 ], [ 10.288696, 59.88687 ] ] } },
{ "type": "Feature", "properties": { "voltage_kv": 300.0, "from_node": 58, "to_node": 80, "length_km": 146.96917632021274, "delaunay_k": 2, "edge_set": "Delaunay2" }, "geometry": { "type": "LineString", "coordinates": [ [ 8.088684, 60.511343 ], [ 10.421906, 61.177019 ] ] } },
{ "type": "Feature", "properties": { "voltage_kv": 300.0, "from_node": 58, "to_node": 84, "length_km": 141.77397429320936, "delaunay_k": 2, "edge_set": "Delaunay2" }, "geometry": { "type": "LineString", "coordinates": [ [ 8.088684, 60.511343 ], [ 10.604553, 60.818808 ] ] } },
{ "type": "Feature", "properties": { "voltage_kv": 300.0, "from_node": 59, "to_node": 67, "length_km": 138.60073155291659, "delaunay_k": 2, "edge_set": "Delaunay2" }, "geometry": { "type": "LineString", "coordinates": [ [ 8.102417, 58.2445 ], [ 8.87146, 59.422728 ] ] } },
{ "type": "Feature", "properties": { "voltage_kv": 300.0, "from_node": 59, "to_node": 72, "length_km": 133.83003354135136, "delaunay_k": 2, "edge_set": "Delaunay2" }, "geometry": { "type": "LineString", "coordinates": [ [ 8.102417, 58.2445 ], [ 9.61441, 59.151995 ] ] } },
{ "type": "Feature", "properties": { "voltage_kv": 300.0, "from_node": 60, "to_node": 62, "length_km": 107.78348122386733, "delaunay_k": 2, "edge_set": "Delaunay2" }, "geometry": { "type": "LineString", "coordinates": [ [ 8.311157, 60.873666 ], [ 8.524017, 59.912353 ] ] } },
{ "type": "Feature", "properties": { "voltage_kv": 300.0, "from_node": 60, "to_node": 64, "length_km": 39.808726910571387, "delaunay_k": 2, "edge_set": "Delaunay2" }, "geometry": { "type": "LineString", "coordinates": [ [ 8.311157, 60.873666 ], [ 8.75885, 60.591688 ] ] } },
{ "type": "Feature", "properties": { "voltage_kv": 300.0, "from_node": 60, "to_node": 69, "length_km": 119.78990143231977, "delaunay_k": 2, "edge_set": "Delaunay2" }, "geometry": { "type": "LineString", "coordinates": [ [ 8.311157, 60.873666 ], [ 9.063721, 61.885931 ] ] } },
{ "type": "Feature", "properties": { "voltage_kv": 300.0, "from_node": 60, "to_node": 73, "length_km": 113.23918415158013, "delaunay_k": 2, "edge_set": "Delaunay2" }, "geometry": { "type": "LineString", "coordinates": [ [ 8.311157, 60.873666 ], [ 9.821777, 61.582225 ] ] } },
{ "type": "Feature", "properties": { "voltage_kv": 300.0, "from_node": 60, "to_node": 77, "length_km": 122.0312177902631, "delaunay_k": 2, "edge_set": "Delaunay2" }, "geometry": { "type": "LineString", "coordinates": [ [ 8.311157, 60.873666 ], [ 10.134888, 61.525314 ] ] } },
{ "type": "Feature", "properties": { "voltage_kv": 300.0, "from_node": 60, "to_node": 80, "length_km": 119.02970467799, "delaunay_k": 2, "edge_set": "Delaunay2" }, "geometry": { "type": "LineString", "coordinates": [ [ 8.311157, 60.873666 ], [ 10.421906, 61.177019 ] ] } },
{ "type": "Feature", "properties": { "voltage_kv": 300.0, "from_node": 60, "to_node": 84, "length_km": 124.85073682786563, "delaunay_k": 2, "edge_set": "Delaunay2" }, "geometry": { "type": "LineString", "coordinates": [ [ 8.311157, 60.873666 ], [ 10.604553, 60.818808 ] ] } },
{ "type": "Feature", "properties": { "voltage_kv": 300.0, "from_node": 61, "to_node": 70, "length_km": 141.79277842900368, "delaunay_k": 2, "edge_set": "Delaunay2" }, "geometry": { "type": "LineString", "coordinates": [ [ 8.480072, 62.679816 ], [ 9.341125, 61.473546 ] ] } },
{ "type": "Feature", "properties": { "voltage_kv": 300.0, "from_node": 61, "to_node": 73, "length_km": 140.95332272281237, "delaunay_k": 2, "edge_set": "Delaunay2" }, "geometry": { "type": "LineString", "coordinates": [ [ 8.480072, 62.679816 ], [ 9.821777, 61.582225 ] ] } },
{ "type": "Feature", "properties": { "voltage_kv": 300.0, "from_node": 61, "to_node": 82, "length_km": 127.6853127032679, "delaunay_k": 2, "edge_set": "Delaunay2" }, "geometry": { "type": "LineString", "coordinates": [ [ 8.480072, 62.679816 ], [ 10.439758, 63.401361 ] ] } },
{ "type": "Feature", "properties": { "voltage_kv": 300.0, "from_node": 61, "to_node": 83, "length_km": 120.36209855448089, "delaunay_k": 2, "edge_set": "Delaunay2" }, "geometry": { "type": "LineString", "coordinates": [ [ 8.480072, 62.679816 ], [ 10.457611, 63.276888 ] ] } },
{ "type": "Feature", "properties": { "voltage_kv": 300.0, "from_node": 62, "to_node": 63, "length_km": 99.209400477534047, "delaunay_k": 2, "edge_set": "Delaunay2" }, "geometry": { "type": "LineString", "coordinates": [ [ 8.524017, 59.912353 ], [ 8.690186, 60.798714 ] ] } },
{ "type": "Feature", "properties": { "voltage_kv": 300.0, "from_node": 62, "to_node": 67, "length_km": 57.971170206243762, "delaunay_k": 2, "edge_set": "Delaunay2" }, "geometry": { "type": "LineString", "coordinates": [ [ 8.524017, 59.912353 ], [ 8.87146, 59.422728 ] ] } },
{ "type": "Feature", "properties": { "voltage_kv": 300.0, "from_node": 62, "to_node": 71, "length_km": 92.653817625637018, "delaunay_k": 2, "edge_set": "Delaunay2" }, "geometry": { "type": "LineString", "coordinates": [ [ 8.524017, 59.912353 ], [ 9.593811, 59.282019 ] ] } },
{ "type": "Feature", "properties": { "voltage_kv": 300.0, "from_node": 62, "to_node": 74, "length_km": 81.348740149764524, "delaunay_k": 2, "edge_set": "Delaunay2" }, "geometry": { "type": "LineString", "coordinates": [ [ 8.524017, 59.912353 ], [ 9.923401, 59.721792 ] ] } },
{ "type": "Feature", "properties": { "voltage_kv": 300.0, "from_node": 62, "to_node": 78, "length_km": 98.820382182806171, "delaunay_k": 2, "edge_set": "Delaunay2" }, "geometry": { "type": "LineString", "coordinates": [ [ 8.524017, 59.912353 ], [ 10.288696, 59.88687 ] ] } },
{ "type": "Feature", "properties": { "voltage_kv": 300.0, "from_node": 62, "to_node": 84, "length_km": 152.91842048868085, "delaunay_k": 2, "edge_set": "Delaunay2" }, "geometry": { "type": "LineString", "coordinates": [ [ 8.524017, 59.912353 ], [ 10.604553, 60.818808 ] ] } },
{ "type": "Feature", "properties": { "voltage_kv": 300.0, "from_node": 63, "to_node": 65, "length_km": 98.320983596641753, "delaunay_k": 2, "edge_set": "Delaunay2" }, "geometry": { "type": "LineString", "coordinates": [ [ 8.690186, 60.798714 ], [ 8.760223, 59.917172 ] ] } },
{ "type": "Feature", "properties": { "voltage_kv": 300.0, "from_node": 63, "to_node": 69, "length_km": 122.81811269908712, "delaunay_k": 2, "edge_set": "Delaunay2" }, "geometry": { "type": "LineString", "coordinates": [ [ 8.690186, 60.798714 ], [ 9.063721, 61.885931 ] ] } },
{ "type": "Feature", "properties": { "voltage_kv": 300.0, "from_node": 63, "to_node": 73, "length_km": 106.44091896515049, "delaunay_k": 2, "edge_set": "Delaunay2" }, "geometry": { "type": "LineString", "coordinates": [ [ 8.690186, 60.798714 ], [ 9.821777, 61.582225 ] ] } },
{ "type": "Feature", "properties": { "voltage_kv": 300.0, "from_node": 63, "to_node": 77, "length_km": 112.27759003565735, "delaunay_k": 2, "edge_set": "Delaunay2" }, "geometry": { "type": "LineString", "coordinates": [ [ 8.690186, 60.798714 ], [ 10.134888, 61.525314 ] ] } },
{ "type": "Feature", "properties": { "voltage_kv": 300.0, "from_node": 63, "to_node": 78, "length_km": 134.59787853556622, "delaunay_k": 2, "edge_set": "Delaunay2" }, "geometry": { "type": "LineString", "coordinates": [ [ 8.690186, 60.798714 ], [ 10.288696, 59.88687 ] ] } },
{ "type": "Feature", "properties": { "voltage_kv": 300.0, "from_node": 63, "to_node": 89, "length_km": 134.5020828295863, "delaunay_k": 2, "edge_set": "Delaunay2" }, "geometry": { "type": "LineString", "coordinates": [ [ 8.690186, 60.798714 ], [ 11.160736, 60.816799 ] ] } },
{ "type": "Feature", "properties": { "voltage_kv": 300.0, "from_node": 63, "to_node": 91, "length_km": 149.74908598304586, "delaunay_k": 2, "edge_set": "Delaunay2" }, "geometry": { "type": "LineString", "coordinates": [ [ 8.690186, 60.798714 ], [ 11.288452, 60.382648 ] ] } },
{ "type": "Feature", "properties": { "voltage_kv": 300.0, "from_node": 64, "to_node": 68, "length_km": 118.94265138007577, "delaunay_k": 2, "edge_set": "Delaunay2" }, "geometry": { "type": "LineString", "coordinates": [ [ 8.75885, 60.591688 ], [ 8.87558, 59.525961 ] ] } },
{ "type": "Feature", "properties": { "voltage_kv": 300.0, "from_node": 64, "to_node": 70, "length_km": 103.2008692316528, "delaunay_k": 2, "edge_set": "Delaunay2" }, "geometry": { "type": "LineString", "coordinates": [ [ 8.75885, 60.591688 ], [ 9.341125, 61.473546 ] ] } },
{ "type": "Feature", "properties": { "voltage_kv": 300.0, "from_node": 64, "to_node": 74, "length_km": 116.53074679718475, "delaunay_k": 2, "edge_set": "Delaunay2" }, "geometry": { "type": "LineString", "coordinates": [ [ 8.75885, 60.591688 ], [ 9.923401, 59.721792 ] ] } },
{ "type": "Feature", "properties": { "voltage_kv": 300.0, "from_node": 64, "to_node": 80, "length_km": 111.40797690892423, "delaunay_k": 2, "edge_set": "Delaunay2" }, "geometry": { "type": "LineString", "coordinates": [ [ 8.75885, 60.591688 ], [ 10.421906, 61.177019 ] ] } },
{ "type": "Feature", "properties": { "voltage_kv": 300.0, "from_node": 64, "to_node": 81, "length_km": 142.80603133915318, "delaunay_k": 2, "edge_set": "Delaunay2" }, "geometry": { "type": "LineString", "coordinates": [ [ 8.75885, 60.591688 ], [ 10.434265, 59.620547 ] ] } },
{ "type": "Feature", "properties": { "voltage_kv": 300.0, "from_node": 64, "to_node": 86, "length_km": 135.03241176884802, "delaunay_k": 2, "edge_set": "Delaunay2" }, "geometry": { "type": "LineString", "coordinates": [ [ 8.75885, 60.591688 ], [ 10.839386, 59.958448 ] ] } },
{ "type": "Feature", "properties": { "voltage_kv": 300.0, "from_node": 64, "to_node": 89, "length_km": 133.54730616912835, "delaunay_k": 2, "edge_set": "Delaunay2" }, "geometry": { "type": "LineString", "coordinates": [ [ 8.75885, 60.591688 ], [ 11.160736, 60.816799 ] ] } },
{ "type": "Feature", "properties": { "voltage_kv": 300.0, "from_node": 64, "to_node": 91, "length_km": 141.01120755341591, "delaunay_k": 2, "edge_set": "Delaunay2" }, "geometry": { "type": "LineString", "coordinates": [ [ 8.75885, 60.591688 ], [ 11.288452, 60.382648 ] ] } },
{ "type": "Feature", "properties": { "voltage_kv": 300.0, "from_node": 65, "to_node": 67, "length_km": 55.453586998292195, "delaunay_k": 2, "edge_set": "Delaunay2" }, "geometry": { "type": "LineString", "coordinates": [ [ 8.760223, 59.917172 ], [ 8.87146, 59.422728 ] ] } },
{ "type": "Feature", "properties": { "voltage_kv": 300.0, "from_node": 65, "to_node": 71, "length_km": 85.00229733507156, "delaunay_k": 2, "edge_set": "Delaunay2" }, "geometry": { "type": "LineString", "coordinates": [ [ 8.760223, 59.917172 ], [ 9.593811, 59.282019 ] ] } },
{ "type": "Feature", "properties": { "voltage_kv": 300.0, "from_node": 65, "to_node": 76, "length_km": 86.669352675635807, "delaunay_k": 2, "edge_set": "Delaunay2" }, "geometry": { "type": "LineString", "coordinates": [ [ 8.760223, 59.917172 ], [ 10.122528, 59.553808 ] ] } },
{ "type": "Feature", "properties": { "voltage_kv": 300.0, "from_node": 65, "to_node": 81, "length_km": 99.707916041134425, "delaunay_k": 2, "edge_set": "Delaunay2" }, "geometry": { "type": "LineString", "coordinates": [ [ 8.760223, 59.917172 ], [ 10.434265, 59.620547 ] ] } },
{ "type": "Feature", "properties": { "voltage_kv": 300.0, "from_node": 65, "to_node": 84, "length_km": 143.0061018735432, "delaunay_k": 2, "edge_set": "Delaunay2" }, "geometry": { "type": "LineString", "coordinates": [ [ 8.760223, 59.917172 ], [ 10.604553, 60.818808 ] ] } },
{ "type": "Feature", "properties": { "voltage_kv": 300.0, "from_node": 65, "to_node": 86, "length_km": 116.33352516018414, "delaunay_k": 2, "edge_set": "Delaunay2" }, "geometry": { "type": "LineString", "coordinates": [ [ 8.760223, 59.917172 ], [ 10.839386, 59.958448 ] ] } },
{ "type": "Feature", "properties": { "voltage_kv": 300.0, "from_node": 65, "to_node": 91, "length_km": 149.70788846147605, "delaunay_k": 2, "edge_set": "Delaunay2" }, "geometry": { "type": "LineString", "coordinates": [ [ 8.760223, 59.917172 ], [ 11.288452, 60.382648 ] ] } },
{ "type": "Feature", "properties": { "voltage_kv": 300.0, "from_node": 66, "to_node": 68, "length_km": 106.04966202867217, "delaunay_k": 2, "edge_set": "Delaunay2" }, "geometry": { "type": "LineString", "coordinates": [ [ 8.782196, 58.575413 ], [ 8.87558, 59.525961 ] ] } },
{ "type": "Feature", "properties": { "voltage_kv": 300.0, "from_node": 66, "to_node": 71, "length_km": 91.561236859233247, "delaunay_k": 2, "edge_set": "Delaunay2" }, "geometry": { "type": "LineString", "coordinates": [ [ 8.782196, 58.575413 ], [ 9.593811, 59.282019 ] ] } },
{ "type": "Feature", "properties": { "voltage_kv": 300.0, "from_node": 66, "to_node": 79, "length_km": 128.56721082428135, "delaunay_k": 2, "edge_set": "Delaunay2" }, "geometry": { "type": "LineString", "coordinates": [ [ 8.782196, 58.575413 ], [ 10.37796, 59.383584 ] ] } },
{ "type": "Feature", "properties": { "voltage_kv": 300.0, "from_node": 67, "to_node": 74, "length_km": 68.162494344773378, "delaunay_k": 2, "edge_set": "Delaunay2" }, "geometry": { "type": "LineString", "coordinates": [ [ 8.87146, 59.422728 ], [ 9.923401, 59.721792 ] ] } },
{ "type": "Feature", "properties": { "voltage_kv": 300.0, "from_node": 67, "to_node": 76, "length_km": 72.38234976541159, "delaunay_k": 2, "edge_set": "Delaunay2" }, "geometry": { "type": "LineString", "coordinates": [ [ 8.87146, 59.422728 ], [ 10.122528, 59.553808 ] ] } },
{ "type": "Feature", "properties": { "voltage_kv": 300.0, "from_node": 67, "to_node": 79, "length_km": 85.692130851671465, "delaunay_k": 2, "edge_set": "Delaunay2" }, "geometry": { "type": "LineString", "coordinates": [ [ 8.87146, 59.422728 ], [ 10.37796, 59.383584 ] ] } },
{ "type": "Feature", "properties": { "voltage_kv": 300.0, "from_node": 67, "to_node": 90, "length_km": 131.85699369209181, "delaunay_k": 2, "edge_set": "Delaunay2" }, "geometry": { "type": "LineString", "coordinates": [ [ 8.87146, 59.422728 ], [ 11.181335, 59.317776 ] ] } },
{ "type": "Feature", "properties": { "voltage_kv": 300.0, "from_node": 68, "to_node": 72, "length_km": 59.199837292810521, "delaunay_k": 2, "edge_set": "Delaunay2" }, "geometry": { "type": "LineString", "coordinates": [ [ 8.87558, 59.525961 ], [ 9.61441, 59.151995 ] ] } },
{ "type": "Feature", "properties": { "voltage_kv": 300.0, "from_node": 68, "to_node": 76, "length_km": 70.620559245434748, "delaunay_k": 2, "edge_set": "Delaunay2" }, "geometry": { "type": "LineString", "coordinates": [ [ 8.87558, 59.525961 ], [ 10.122528, 59.553808 ] ] } },
{ "type": "Feature", "properties": { "voltage_kv": 300.0, "from_node": 68, "to_node": 78, "length_km": 89.14252011919578, "delaunay_k": 2, "edge_set": "Delaunay2" }, "geometry": { "type": "LineString", "coordinates": [ [ 8.87558, 59.525961 ], [ 10.288696, 59.88687 ] ] } },
{ "type": "Feature", "properties": { "voltage_kv": 300.0, "from_node": 68, "to_node": 79, "length_km": 86.680830081368256, "delaunay_k": 2, "edge_set": "Delaunay2" }, "geometry": { "type": "LineString", "coordinates": [ [ 8.87558, 59.525961 ], [ 10.37796, 59.383584 ] ] } },
{ "type": "Feature", "properties": { "voltage_kv": 300.0, "from_node": 68, "to_node": 81, "length_km": 88.728901832577606, "delaunay_k": 2, "edge_set": "Delaunay2" }, "geometry": { "type": "LineString", "coordinates": [ [ 8.87558, 59.525961 ], [ 10.434265, 59.620547 ] ] } },
{ "type": "Feature", "properties": { "voltage_kv": 300.0, "from_node": 69, "to_node": 77, "length_km": 69.477730176198151, "delaunay_k": 2, "edge_set": "Delaunay2" }, "geometry": { "type": "LineString", "coordinates": [ [ 9.063721, 61.885931 ], [ 10.134888, 61.525314 ] ] } },
{ "type": "Feature", "properties": { "voltage_kv": 300.0, "from_node": 69, "to_node": 80, "length_km": 107.0665843039862, "delaunay_k": 2, "edge_set": "Delaunay2" }, "geometry": { "type": "LineString", "coordinates": [ [ 9.063721, 61.885931 ], [ 10.421906, 61.177019 ] ] } },
{ "type": "Feature", "properties": { "voltage_kv": 300.0, "from_node": 70, "to_node": 84, "length_km": 99.769880925610835, "delaunay_k": 2, "edge_set": "Delaunay2" }, "geometry": { "type": "LineString", "coordinates": [ [ 9.341125, 61.473546 ], [ 10.604553, 60.818808 ] ] } },
{ "type": "Feature", "properties": { "voltage_kv": 300.0, "from_node": 70, "to_node": 88, "length_km": 103.05706476441048, "delaunay_k": 2, "edge_set": "Delaunay2" }, "geometry": { "type": "LineString", "coordinates": [ [ 9.341125, 61.473546 ], [ 11.12915, 61.837358 ] ] } },
{ "type": "Feature", "properties": { "voltage_kv": 300.0, "from_node": 70, "to_node": 89, "length_km": 122.31303492682773, "delaunay_k": 2, "edge_set": "Delaunay2" }, "geometry": { "type": "LineString", "coordinates": [ [ 9.341125, 61.473546 ], [ 11.160736, 60.816799 ] ] } },
{ "type": "Feature", "properties": { "voltage_kv": 300.0, "from_node": 71, "to_node": 78, "length_km": 77.991703845863739, "delaunay_k": 2, "edge_set": "Delaunay2" }, "geometry": { "type": "LineString", "coordinates": [ [ 9.593811, 59.282019 ], [ 10.288696, 59.88687 ] ] } },
{ "type": "Feature", "properties": { "voltage_kv": 300.0, "from_node": 71, "to_node": 81, "length_km": 60.789167472486071, "delaunay_k": 2, "edge_set": "Delaunay2" }, "geometry": { "type": "LineString", "coordinates": [ [ 9.593811, 59.282019 ], [ 10.434265, 59.620547 ] ] } },
{ "type": "Feature", "properties": { "voltage_kv": 300.0, "from_node": 71, "to_node": 85, "length_km": 71.526659249826963, "delaunay_k": 2, "edge_set": "Delaunay2" }, "geometry": { "type": "LineString", "coordinates": [ [ 9.593811, 59.282019 ], [ 10.770721, 59.509939 ] ] } },
{ "type": "Feature", "properties": { "voltage_kv": 300.0, "from_node": 71, "to_node": 90, "length_km": 90.538596766882932, "delaunay_k": 2, "edge_set": "Delaunay2" }, "geometry": { "type": "LineString", "coordinates": [ [ 9.593811, 59.282019 ], [ 11.181335, 59.317776 ] ] } },
{ "type": "Feature", "properties": { "voltage_kv": 300.0, "from_node": 72, "to_node": 74, "length_km": 65.860408776803254, "delaunay_k": 2, "edge_set": "Delaunay2" }, "geometry": { "type": "LineString", "coordinates": [ [ 9.61441, 59.151995 ], [ 9.923401, 59.721792 ] ] } },
{ "type": "Feature", "properties": { "voltage_kv": 300.0, "from_node": 72, "to_node": 76, "length_km": 53.288238099065424, "delaunay_k": 2, "edge_set": "Delaunay2" }, "geometry": { "type": "LineString", "coordinates": [ [ 9.61441, 59.151995 ], [ 10.122528, 59.553808 ] ] } },
{ "type": "Feature", "properties": { "voltage_kv": 300.0, "from_node": 72, "to_node": 81, "length_km": 69.971617192910585, "delaunay_k": 2, "edge_set": "Delaunay2" }, "geometry": { "type": "LineString", "coordinates": [ [ 9.61441, 59.151995 ], [ 10.434265, 59.620547 ] ] } },
{ "type": "Feature", "properties": { "voltage_kv": 300.0, "from_node": 72, "to_node": 85, "length_km": 76.95994058910621, "delaunay_k": 2, "edge_set": "Delaunay2" }, "geometry": { "type": "LineString", "coordinates": [ [ 9.61441, 59.151995 ], [ 10.770721, 59.509939 ] ] } },
{ "type": "Feature", "properties": { "voltage_kv": 300.0, "from_node": 72, "to_node": 86, "length_km": 113.44813041650025, "delaunay_k": 2, "edge_set": "Delaunay2" }, "geometry": { "type": "LineString", "coordinates": [ [ 9.61441, 59.151995 ], [ 10.839386, 59.958448 ] ] } },
{ "type": "Feature", "properties": { "voltage_kv": 300.0, "from_node": 73, "to_node": 80, "length_km": 55.394333695015625, "delaunay_k": 2, "edge_set": "Delaunay2" }, "geometry": { "type": "LineString", "coordinates": [ [ 9.821777, 61.582225 ], [ 10.421906, 61.177019 ] ] } },
{ "type": "Feature", "properties": { "voltage_kv": 300.0, "from_node": 73, "to_node": 89, "length_km": 111.61424759738766, "delaunay_k": 2, "edge_set": "Delaunay2" }, "geometry": { "type": "LineString", "coordinates": [ [ 9.821777, 61.582225 ], [ 11.160736, 60.816799 ] ] } },
{ "type": "Feature", "properties": { "voltage_kv": 300.0, "from_node": 74, "to_node": 79, "length_km": 45.61414510544958, "delaunay_k": 2, "edge_set": "Delaunay2" }, "geometry": { "type": "LineString", "coordinates": [ [ 9.923401, 59.721792 ], [ 10.37796, 59.383584 ] ] } },
{ "type": "Feature", "properties": { "voltage_kv": 300.0, "from_node": 74, "to_node": 84, "length_km": 127.91199061119215, "delaunay_k": 2, "edge_set": "Delaunay2" }, "geometry": { "type": "LineString", "coordinates": [ [ 9.923401, 59.721792 ], [ 10.604553, 60.818808 ] ] } },
{ "type": "Feature", "properties": { "voltage_kv": 300.0, "from_node": 74, "to_node": 85, "length_km": 53.335737045911181, "delaunay_k": 2, "edge_set": "Delaunay2" }, "geometry": { "type": "LineString", "coordinates": [ [ 9.923401, 59.721792 ], [ 10.770721, 59.509939 ] ] } },
{ "type": "Feature", "properties": { "voltage_kv": 300.0, "from_node": 74, "to_node": 86, "length_km": 57.732442702400171, "delaunay_k": 2, "edge_set": "Delaunay2" }, "geometry": { "type": "LineString", "coordinates": [ [ 9.923401, 59.721792 ], [ 10.839386, 59.958448 ] ] } },
{ "type": "Feature", "properties": { "voltage_kv": 300.0, "from_node": 74, "to_node": 91, "length_km": 105.85133580482623, "delaunay_k": 2, "edge_set": "Delaunay2" }, "geometry": { "type": "LineString", "coordinates": [ [ 9.923401, 59.721792 ], [ 11.288452, 60.382648 ] ] } },
{ "type": "Feature", "properties": { "voltage_kv": 300.0, "from_node": 75, "to_node": 87, "length_km": 58.086083213913732, "delaunay_k": 2, "edge_set": "Delaunay2" }, "geometry": { "type": "LineString", "coordinates": [ [ 9.933014, 63.271947 ], [ 11.017914, 63.45726 ] ] } },
{ "type": "Feature", "properties": { "voltage_kv": 300.0, "from_node": 75, "to_node": 92, "length_km": 95.22575231048981, "delaunay_k": 2, "edge_set": "Delaunay2" }, "geometry": { "type": "LineString", "coordinates": [ [ 9.933014, 63.271947 ], [ 11.472473, 63.779452 ] ] } },
{ "type": "Feature", "properties": { "voltage_kv": 300.0, "from_node": 75, "to_node": 93, "length_km": 109.95452723672697, "delaunay_k": 2, "edge_set": "Delaunay2" }, "geometry": { "type": "LineString", "coordinates": [ [ 9.933014, 63.271947 ], [ 11.477966, 63.979576 ] ] } },
{ "type": "Feature", "properties": { "voltage_kv": 300.0, "from_node": 76, "to_node": 78, "length_km": 38.267583857445473, "delaunay_k": 2, "edge_set": "Delaunay2" }, "geometry": { "type": "LineString", "coordinates": [ [ 10.122528, 59.553808 ], [ 10.288696, 59.88687 ] ] } },
{ "type": "Feature", "properties": { "voltage_kv": 300.0, "from_node": 76, "to_node": 85, "length_km": 37.004277795763244, "delaunay_k": 2, "edge_set": "Delaunay2" }, "geometry": { "type": "LineString", "coordinates": [ [ 10.122528, 59.553808 ], [ 10.770721, 59.509939 ] ] } },
{ "type": "Feature", "properties": { "voltage_kv": 300.0, "from_node": 76, "to_node": 86, "length_km": 60.465317103618666, "delaunay_k": 2, "edge_set": "Delaunay2" }, "geometry": { "type": "LineString", "coordinates": [ [ 10.122528, 59.553808 ], [ 10.839386, 59.958448 ] ] } },
{ "type": "Feature", "properties": { "voltage_kv": 300.0, "from_node": 76, "to_node": 90, "length_km": 65.587012059172181, "delaunay_k": 2, "edge_set": "Delaunay2" }, "geometry": { "type": "LineString", "coordinates": [ [ 10.122528, 59.553808 ], [ 11.181335, 59.317776 ] ] } },
{ "type": "Feature", "properties": { "voltage_kv": 300.0, "from_node": 77, "to_node": 84, "length_km": 82.687567861864565, "delaunay_k": 2, "edge_set": "Delaunay2" }, "geometry": { "type": "LineString", "coordinates": [ [ 10.134888, 61.525314 ], [ 10.604553, 60.818808 ] ] } },
{ "type": "Feature", "properties": { "voltage_kv": 300.0, "from_node": 77, "to_node": 89, "length_km": 96.338475382808028, "delaunay_k": 2, "edge_set": "Delaunay2" }, "geometry": { "type": "LineString", "coordinates": [ [ 10.134888, 61.525314 ], [ 11.160736, 60.816799 ] ] } },
{ "type": "Feature", "properties": { "voltage_kv": 300.0, "from_node": 78, "to_node": 79, "length_km": 56.297188494924185, "delaunay_k": 2, "edge_set": "Delaunay2" }, "geometry": { "type": "LineString", "coordinates": [ [ 10.288696, 59.88687 ], [ 10.37796, 59.383584 ] ] } },
{ "type": "Feature", "properties": { "voltage_kv": 300.0, "from_node": 78, "to_node": 80, "length_km": 143.94155512817827, "delaunay_k": 2, "edge_set": "Delaunay2" }, "geometry": { "type": "LineString", "coordinates": [ [ 10.288696, 59.88687 ], [ 10.421906, 61.177019 ] ] } },
{ "type": "Feature", "properties": { "voltage_kv": 300.0, "from_node": 78, "to_node": 85, "length_km": 50.001740903554733, "delaunay_k": 2, "edge_set": "Delaunay2" }, "geometry": { "type": "LineString", "coordinates": [ [ 10.288696, 59.88687 ], [ 10.770721, 59.509939 ] ] } },
{ "type": "Feature", "properties": { "voltage_kv": 300.0, "from_node": 78, "to_node": 89, "length_km": 114.24939605621651, "delaunay_k": 2, "edge_set": "Delaunay2" }, "geometry": { "type": "LineString", "coordinates": [ [ 10.288696, 59.88687 ], [ 11.160736, 60.816799 ] ] } },
{ "type": "Feature", "properties": { "voltage_kv": 300.0, "from_node": 78, "to_node": 90, "length_km": 80.996099839877274, "delaunay_k": 2, "edge_set": "Delaunay2" }, "geometry": { "type": "LineString", "coordinates": [ [ 10.288696, 59.88687 ], [ 11.181335, 59.317776 ] ] } },
{ "type": "Feature", "properties": { "voltage_kv": 300.0, "from_node": 79, "to_node": 86, "length_km": 69.122542999303519, "delaunay_k": 2, "edge_set": "Delaunay2" }, "geometry": { "type": "LineString", "coordinates": [ [ 10.37796, 59.383584 ], [ 10.839386, 59.958448 ] ] } },
{ "type": "Feature", "properties": { "voltage_kv": 300.0, "from_node": 79, "to_node": 91, "length_km": 122.42664895483254, "delaunay_k": 2, "edge_set": "Delaunay2" }, "geometry": { "type": "LineString", "coordinates": [ [ 10.37796, 59.383584 ], [ 11.288452, 60.382648 ] ] } },
{ "type": "Feature", "properties": { "voltage_kv": 300.0, "from_node": 80, "to_node": 91, "length_km": 100.31615924531455, "delaunay_k": 2, "edge_set": "Delaunay2" }, "geometry": { "type": "LineString", "coordinates": [ [ 10.421906, 61.177019 ], [ 11.288452, 60.382648 ] ] } },
{ "type": "Feature", "properties": { "voltage_kv": 300.0, "from_node": 81, "to_node": 84, "length_km": 133.84252373244885, "delaunay_k": 2, "edge_set": "Delaunay2" }, "geometry": { "type": "LineString", "coordinates": [ [ 10.434265, 59.620547 ], [ 10.604553, 60.818808 ] ] } },
{ "type": "Feature", "properties": { "voltage_kv": 300.0, "from_node": 81, "to_node": 90, "length_km": 54.143043895395188, "delaunay_k": 2, "edge_set": "Delaunay2" }, "geometry": { "type": "LineString", "coordinates": [ [ 10.434265, 59.620547 ], [ 11.181335, 59.317776 ] ] } },
{ "type": "Feature", "properties": { "voltage_kv": 300.0, "from_node": 81, "to_node": 91, "length_km": 97.369466320313862, "delaunay_k": 2, "edge_set": "Delaunay2" }, "geometry": { "type": "LineString", "coordinates": [ [ 10.434265, 59.620547 ], [ 11.288452, 60.382648 ] ] } },
{ "type": "Feature", "properties": { "voltage_kv": 300.0, "from_node": 83, "to_node": 92, "length_km": 75.418222418153746, "delaunay_k": 2, "edge_set": "Delaunay2" }, "geometry": { "type": "LineString", "coordinates": [ [ 10.457611, 63.276888 ], [ 11.472473, 63.779452 ] ] } },
{ "type": "Feature", "properties": { "voltage_kv": 300.0, "from_node": 83, "to_node": 93, "length_km": 93.245005775885502, "delaunay_k": 2, "edge_set": "Delaunay2" }, "geometry": { "type": "LineString", "coordinates": [ [ 10.457611, 63.276888 ], [ 11.477966, 63.979576 ] ] } },
{ "type": "Feature", "properties": { "voltage_kv": 300.0, "from_node": 83, "to_node": 94, "length_km": 143.12058644221972, "delaunay_k": 2, "edge_set": "Delaunay2" }, "geometry": { "type": "LineString", "coordinates": [ [ 10.457611, 63.276888 ], [ 11.620789, 64.453849 ] ] } },
{ "type": "Feature", "properties": { "voltage_kv": 300.0, "from_node": 84, "to_node": 86, "length_km": 96.732703357497726, "delaunay_k": 2, "edge_set": "Delaunay2" }, "geometry": { "type": "LineString", "coordinates": [ [ 10.604553, 60.818808 ], [ 10.839386, 59.958448 ] ] } },
{ "type": "Feature", "properties": { "voltage_kv": 300.0, "from_node": 84, "to_node": 88, "length_km": 116.92686966675279, "delaunay_k": 2, "edge_set": "Delaunay2" }, "geometry": { "type": "LineString", "coordinates": [ [ 10.604553, 60.818808 ], [ 11.12915, 61.837358 ] ] } },
{ "type": "Feature", "properties": { "voltage_kv": 300.0, "from_node": 85, "to_node": 91, "length_km": 101.44434878226258, "delaunay_k": 2, "edge_set": "Delaunay2" }, "geometry": { "type": "LineString", "coordinates": [ [ 10.770721, 59.509939 ], [ 11.288452, 60.382648 ] ] } },
{ "type": "Feature", "properties": { "voltage_kv": 300.0, "from_node": 86, "to_node": 89, "length_km": 97.26510051983729, "delaunay_k": 2, "edge_set": "Delaunay2" }, "geometry": { "type": "LineString", "coordinates": [ [ 10.839386, 59.958448 ], [ 11.160736, 60.816799 ] ] } },
{ "type": "Feature", "properties": { "voltage_kv": 300.0, "from_node": 87, "to_node": 93, "length_km": 62.506310191730492, "delaunay_k": 2, "edge_set": "Delaunay2" }, "geometry": { "type": "LineString", "coordinates": [ [ 11.017914, 63.45726 ], [ 11.477966, 63.979576 ] ] } },
{ "type": "Feature", "properties": { "voltage_kv": 300.0, "from_node": 87, "to_node": 94, "length_km": 114.95775280428461, "delaunay_k": 2, "edge_set": "Delaunay2" }, "geometry": { "type": "LineString", "coordinates": [ [ 11.017914, 63.45726 ], [ 11.620789, 64.453849 ] ] } },
{ "type": "Feature", "properties": { "voltage_kv": 300.0, "from_node": 92, "to_node": 94, "length_km": 75.528291960890428, "delaunay_k": 2, "edge_set": "Delaunay2" }, "geometry": { "type": "LineString", "coordinates": [ [ 11.472473, 63.779452 ], [ 11.620789, 64.453849 ] ] } },
{ "type": "Feature", "properties": { "voltage_kv": 300.0, "from_node": 92, "to_node": 97, "length_km": 148.95338130914064, "delaunay_k": 2, "edge_set": "Delaunay2" }, "geometry": { "type": "LineString", "coordinates": [ [ 11.472473, 63.779452 ], [ 13.099823, 64.914228 ] ] } },
{ "type": "Feature", "properties": { "voltage_kv": 300.0, "from_node": 93, "to_node": 95, "length_km": 149.46898963641027, "delaunay_k": 2, "edge_set": "Delaunay2" }, "geometry": { "type": "LineString", "coordinates": [ [ 11.477966, 63.979576 ], [ 12.7565, 65.20262 ] ] } },
{ "type": "Feature", "properties": { "voltage_kv": 300.0, "from_node": 93, "to_node": 97, "length_km": 130.20977445729019, "delaunay_k": 2, "edge_set": "Delaunay2" }, "geometry": { "type": "LineString", "coordinates": [ [ 11.477966, 63.979576 ], [ 13.099823, 64.914228 ] ] } },
{ "type": "Feature", "properties": { "voltage_kv": 300.0, "from_node": 94, "to_node": 97, "length_km": 87.283582337950037, "delaunay_k": 2, "edge_set": "Delaunay2" }, "geometry": { "type": "LineString", "coordinates": [ [ 11.620789, 64.453849 ], [ 13.099823, 64.914228 ] ] } },
{ "type": "Feature", "properties": { "voltage_kv": 300.0, "from_node": 95, "to_node": 99, "length_km": 114.60066123307793, "delaunay_k": 2, "edge_set": "Delaunay2" }, "geometry": { "type": "LineString", "coordinates": [ [ 12.7565, 65.20262 ], [ 13.763123, 66.142743 ] ] } },
{ "type": "Feature", "properties": { "voltage_kv": 300.0, "from_node": 96, "to_node": 98, "length_km": 127.94358878745496, "delaunay_k": 2, "edge_set": "Delaunay2" }, "geometry": { "type": "LineString", "coordinates": [ [ 12.800446, 64.712014 ], [ 13.289337, 65.841024 ] ] } }
]
}
