{
"type": "FeatureCollection",
"name": "n490_300kv_delaunay4_removed_length",
"crs": { "type": "name", "properties": { "name": "urn:ogc:def:crs:OGC:1.3:CRS84" } },
"features": [
{ "type": "Feature", "properties": { "voltage_kv": 300.0, "from_node": 0, "to_node": 9, "length_km": 202.27018937329612, "delaunay_k": 4, "edge_set": "Delaunay4" }, "geometry": { "type": "LineString", "coordinates": [ [ 4.998779, 60.703432 ], [ 5.715637, 58.926626 ] ] } },
{ "type": "Feature", "properties": { "voltage_kv": 300.0, "from_node": 0, "to_node": 10, "length_km": 213.68258623472391, "delaunay_k": 4, "edge_set": "Delaunay4" }, "geometry": { "type": "LineString", "coordinates": [ [ 4.998779, 60.703432 ], [ 5.756836, 58.82654 ] ] } },
{ "type": "Feature", "properties": { "voltage_kv": 300.0, "from_node": 0, "to_node": 27, "length_km": 205.71187846323795, "delaunay_k": 4, "edge_set": "Delaunay4" }, "geometry": { "type": "LineString", "coordinates": [ [ 4.998779, 60.703432 ], [ 6.696167, 59.068096 ] ] } },
{ "type": "Feature", "properties": { "voltage_kv": 300.0, "from_node": 0, "to_node": 35, "length_km": 206.8379623821869, "delaunay_k": 4, "edge_set": "Delaunay4" }, "geometry": { "type": "LineString", "coordinates": [ [ 4.998779, 60.703432 ], [ 6.889801, 59.110423 ] ] } },
{ "type": "Feature", "properties": { "voltage_kv": 300.0, "from_node": 0, "to_node": 40, "length_km": 154.8599789377223, "delaunay_k": 4, "edge_set": "Delaunay4" }, "geometry": { "type": "LineString", "coordinates": [ [ 4.998779, 60.703432 ], [ 7.080688, 59.777831 ] ] } },
{ "type": "Feature", "properties": { "voltage_kv": 300.0, "from_node": 0, "to_node": 41, "length_km": 159.06314724029079, "delaunay_k": 4, "edge_set": "Delaunay4" }, "geometry": { "type": "LineString", "coordinates": [ [ 4.998779, 60.703432 ], [ 7.086182, 59.725947 ] ] } },
{ "type": "Feature", "properties": { "voltage_kv": 300.0, "from_node": 0, "to_node": 43, "length_km": 213.68785315991889, "delaunay_k": 4, "edge_set": "Delaunay4" }, "geometry": { "type": "LineString", "coordinates": [ [ 4.998779, 60.703432 ], [ 7.119141, 59.110423 ] ] } },
{ "type": "Feature", "properties": { "voltage_kv": 300.0, "from_node": 0, "to_node": 48, "length_km": 163.91172531015795, "delaunay_k": 4, "edge_set": "Delaunay4" }, "geometry": { "type": "LineString", "coordinates": [ [ 4.998779, 60.703432 ], [ 7.34024, 59.805469 ] ] } },
{ "type": "Feature", "properties": { "voltage_kv": 300.0, "from_node": 0, "to_node": 56, "length_km": 161.85076803765546, "delaunay_k": 4, "edge_set": "Delaunay4" }, "geometry": { "type": "LineString", "coordinates": [ [ 4.998779, 60.703432 ], [ 7.892303, 61.044991 ] ] } },
{ "type": "Feature", "properties": { "voltage_kv": 300.0, "from_node": 0, "to_node": 58, "length_km": 170.72573966886472, "delaunay_k": 4, "edge_set": "Delaunay4" }, "geometry": { "type": "LineString", "coordinates": [ [ 4.998779, 60.703432 ], [ 8.088684, 60.511343 ] ] } },
{ "type": "Feature", "properties": { "voltage_kv": 300.0, "from_node": 0, "to_node": 70, "length_km": 249.63185363755946, "delaunay_k": 4, "edge_set": "Delaunay4" }, "geometry": { "type": "LineString", "coordinates": [ [ 4.998779, 60.703432 ], [ 9.341125, 61.473546 ] ] } },
{ "type": "Feature", "properties": { "voltage_kv": 300.0, "from_node": 0, "to_node": 73, "length_km": 277.72362148943631, "delaunay_k": 4, "edge_set": "Delaunay4" }, "geometry": { "type": "LineString", "coordinates": [ [ 4.998779, 60.703432 ], [ 9.821777, 61.582225 ] ] } },
{ "type": "Feature", "properties": { "voltage_kv": 300.0, "from_node": 0, "to_node": 75, "length_km": 385.81833499702196, "delaunay_k": 4, "edge_set": "Delaunay4" }, "geometry": { "type": "LineString", "coordinates": [ [ 4.998779, 60.703432 ], [ 9.933014, 63.271947 ] ] } },
{ "type": "Feature", "properties": { "voltage_kv": 300.0, "from_node": 0, "to_node": 88, "length_km": 352.3236325233317, "delaunay_k": 4, "edge_set": "Delaunay4" }, "geometry": { "type": "LineString", "coordinates": [ [ 4.998779, 60.703432 ], [ 11.12915, 61.837358 ] ] } },
{ "type": "Feature", "properties": { "voltage_kv": 300.0, "from_node": 1, "to_node": 8, "length_km": 163.11856194073965, "delaunay_k": 4, "edge_set": "Delaunay4" }, "geometry": { "type": "LineString", "coordinates": [ [ 5.259705, 60.456541 ], [ 5.623627, 59.00592 ] ] } },
{ "type": "Feature", "properties": { "voltage_kv": 300.0, "from_node": 1, "to_node": 51, "length_km": 161.68832203701237, "delaunay_k": 4, "edge_set": "Delaunay4" }, "geometry": { "type": "LineString", "coordinates": [ [ 5.259705, 60.456541 ], [ 7.436371, 61.447302 ] ] } },
{ "type": "Feature", "properties": { "voltage_kv": 300.0, "from_node": 1, "to_node": 53, "length_km": 178.95747421715225, "delaunay_k": 4, "edge_set": "Delaunay4" }, "geometry": { "type": "LineString", "coordinates": [ [ 5.259705, 60.456541 ], [ 7.738495, 61.517456 ] ] } },
{ "type": "Feature", "properties": { "voltage_kv": 300.0, "from_node": 1, "to_node": 56, "length_km": 157.94155427524805, "delaunay_k": 4, "edge_set": "Delaunay4" }, "geometry": { "type": "LineString", "coordinates": [ [ 5.259705, 60.456541 ], [ 7.892303, 61.044991 ] ] } },
{ "type": "Feature", "properties": { "voltage_kv": 300.0, "from_node": 1, "to_node": 58, "length_km": 155.78198714013052, "delaunay_k": 4, "edge_set": "Delaunay4" }, "geometry": { "type": "LineString", "coordinates": [ [ 5.259705, 60.456541 ], [ 8.088684, 60.511343 ] ] } },
{ "type": "Feature", "properties": { "voltage_kv": 300.0, "from_node": 1, "to_node": 61, "length_km": 301.2551066612254, "delaunay_k": 4, "edge_set": "Delaunay4" }, "geometry": { "type": "LineString", "coordinates": [ [ 5.259705, 60.456541 ], [ 8.480072, 62.679816 ] ] } },
{ "type": "Feature", "properties": { "voltage_kv": 300.0, "from_node": 1, "to_node": 69, "length_km": 259.48816984044765, "delaunay_k": 4, "edge_set": "Delaunay4" }, "geometry": { "type": "LineString", "coordinates": [ [ 5.259705, 60.456541 ], [ 9.063721, 61.885931 ] ] } },
{ "type": "Feature", "properties": { "voltage_kv": 300.0, "from_node": 2, "to_node": 16, "length_km": 167.17377012403804, "delaunay_k": 4, "edge_set": "Delaunay4" }, "geometry": { "type": "LineString", "coordinates": [ [ 5.262451, 59.225853 ], [ 6.100159, 60.664433 ] ] } },
{ "type": "Feature", "properties": { "voltage_kv": 300.0, "from_node": 2, "to_node": 24, "length_km": 216.15375746191404, "delaunay_k": 4, "edge_set": "Delaunay4" }, "geometry": { "type": "LineString", "coordinates": [ [ 5.262451, 59.225853 ], [ 6.60965, 61.043662 ] ] } },
{ "type": "Feature", "properties": { "voltage_kv": 300.0, "from_node": 2, "to_node": 34, "length_km": 227.63663540582951, "delaunay_k": 4, "edge_set": "Delaunay4" }, "geometry": { "type": "LineString", "coordinates": [ [ 5.262451, 59.225853 ], [ 6.871948, 61.10278 ] ] } },
{ "type": "Feature", "properties": { "voltage_kv": 300.0, "from_node": 2, "to_node": 46, "length_km": 253.1464875076868, "delaunay_k": 4, "edge_set": "Delaunay4" }, "geometry": { "type": "LineString", "coordinates": [ [ 5.262451, 59.225853 ], [ 7.293549, 61.259009 ] ] } },
{ "type": "Feature", "properties": { "voltage_kv": 300.0, "from_node": 2, "to_node": 50, "length_km": 286.9864426139743, "delaunay_k": 4, "edge_set": "Delaunay4" }, "geometry": { "type": "LineString", "coordinates": [ [ 5.262451, 59.225853 ], [ 7.410278, 61.569805 ] ] } },
{ "type": "Feature", "properties": { "voltage_kv": 300.0, "from_node": 3, "to_node": 45, "length_km": 191.02126494728881, "delaunay_k": 4, "edge_set": "Delaunay4" }, "geometry": { "type": "LineString", "coordinates": [ [ 5.39978, 59.495303 ], [ 7.216644, 60.950443 ] ] } },
{ "type": "Feature", "properties": { "voltage_kv": 300.0, "from_node": 3, "to_node": 47, "length_km": 218.86947567519695, "delaunay_k": 4, "edge_set": "Delaunay4" }, "geometry": { "type": "LineString", "coordinates": [ [ 5.39978, 59.495303 ], [ 7.338867, 61.206798 ] ] } },
{ "type": "Feature", "properties": { "voltage_kv": 300.0, "from_node": 3, "to_node": 51, "length_km": 244.84275891051718, "delaunay_k": 4, "edge_set": "Delaunay4" }, "geometry": { "type": "LineString", "coordinates": [ [ 5.39978, 59.495303 ], [ 7.436371, 61.447302 ] ] } },
{ "type": "Feature", "properties": { "voltage_kv": 300.0, "from_node": 3, "to_node": 52, "length_km": 229.85284503077591, "delaunay_k": 4, "edge_set": "Delaunay4" }, "geometry": { "type": "LineString", "coordinates": [ [ 5.39978, 59.495303 ], [ 7.439117, 61.292669 ] ] } },
{ "type": "Feature", "properties": { "voltage_kv": 300.0, "from_node": 3, "to_node": 53, "length_km": 259.5657206676114, "delaunay_k": 4, "edge_set": "Delaunay4" }, "geometry": { "type": "LineString", "coordinates": [ [ 5.39978, 59.495303 ], [ 7.738495, 61.517456 ] ] } },
{ "type": "Feature", "properties": { "voltage_kv": 300.0, "from_node": 3, "to_node": 61, "length_km": 392.03490249637701, "delaunay_k": 4, "edge_set": "Delaunay4" }, "geometry": { "type": "LineString", "coordinates": [ [ 5.39978, 59.495303 ], [ 8.480072, 62.679816 ] ] } },
{ "type": "Feature", "properties": { "voltage_kv": 300.0, "from_node": 3, "to_node": 69, "length_km": 333.32070051767761, "delaunay_k": 4, "edge_set": "Delaunay4" }, "geometry": { "type": "LineString", "coordinates": [ [ 5.39978, 59.495303 ], [ 9.063721, 61.885931 ] ] } },
{ "type": "Feature", "properties": { "voltage_kv": 300.0, "from_node": 4, "to_node": 50, "length_km": 172.88894081821778, "delaunay_k": 4, "edge_set": "Delaunay4" }, "geometry": { "type": "LineString", "coordinates": [ [ 5.449219, 60.347337 ], [ 7.410278, 61.569805 ] ] } },
{ "type": "Feature", "properties": { "voltage_kv": 300.0, "from_node": 4, "to_node": 53, "length_km": 180.15202352922833, "delaunay_k": 4, "edge_set": "Delaunay4" }, "geometry": { "type": "LineString", "coordinates": [ [ 5.449219, 60.347337 ], [ 7.738495, 61.517456 ] ] } },
{ "type": "Feature", "properties": { "voltage_kv": 300.0, "from_node": 4, "to_node": 60, "length_km": 167.46562789900184, "delaunay_k": 4, "edge_set": "Delaunay4" }, "geometry": { "type": "LineString", "coordinates": [ [ 5.449219, 60.347337 ], [ 8.311157, 60.873666 ] ] } },
{ "type": "Feature", "properties": { "voltage_kv": 300.0, "from_node": 4, "to_node": 62, "length_km": 177.75164949491625, "delaunay_k": 4, "edge_set": "Delaunay4" }, "geometry": { "type": "LineString", "coordinates": [ [ 5.449219, 60.347337 ], [ 8.524017, 59.912353 ] ] } },
{ "type": "Feature", "properties": { "voltage_kv": 300.0, "from_node": 4, "to_node": 63, "length_km": 184.796956334405, "delaunay_k": 4, "edge_set": "Delaunay4" }, "geometry": { "type": "LineString", "coordinates": [ [ 5.449219, 60.347337 ], [ 8.690186, 60.798714 ] ] } },
{ "type": "Feature", "properties": { "voltage_kv": 300.0, "from_node": 4, "to_node": 64, "length_km": 184.18659363882591, "delaunay_k": 4, "edge_set": "Delaunay4" }, "geometry": { "type": "LineString", "coordinates": [ [ 5.449219, 60.347337 ], [ 8.75885, 60.591688 ] ] } },
{ "type": "Feature", "properties": { "voltage_kv": 300.0, "from_node": 4, "to_node": 70, "length_km": 245.7398650846437, "delaunay_k": 4, "edge_set": "Delaunay4" }, "geometry": { "type": "LineString", "coordinates": [ [ 5.449219, 60.347337 ], [ 9.341125, 61.473546 ] ] } },
{ "type": "Feature", "properties": { "voltage_kv": 300.0, "from_node": 5, "to_node": 47, "length_km": 190.80454372977613, "delaunay_k": 4, "edge_set": "Delaunay4" }, "geometry": { "type": "LineString", "coordinates": [ [ 5.461578, 59.768152 ], [ 7.338867, 61.206798 ] ] } },
{ "type": "Feature", "properties": { "voltage_kv": 300.0, "from_node": 5, "to_node": 51, "length_km": 216.28355673382578, "delaunay_k": 4, "edge_set": "Delaunay4" }, "geometry": { "type": "LineString", "coordinates": [ [ 5.461578, 59.768152 ], [ 7.436371, 61.447302 ] ] } },
{ "type": "Feature", "properties": { "voltage_kv": 300.0, "from_node": 5, "to_node": 52, "length_km": 201.76029505304854, "delaunay_k": 4, "edge_set": "Delaunay4" }, "geometry": { "type": "LineString", "coordinates": [ [ 5.461578, 59.768152 ], [ 7.439117, 61.292669 ] ] } },
{ "type": "Feature", "properties": { "voltage_kv": 300.0, "from_node": 5, "to_node": 53, "length_km": 231.48969177213147, "delaunay_k": 4, "edge_set": "Delaunay4" }, "geometry": { "type": "LineString", "coordinates": [ [ 5.461578, 59.768152 ], [ 7.738495, 61.517456 ] ] } },
{ "type": "Feature", "properties": { "voltage_kv": 300.0, "from_node": 5, "to_node": 56, "length_km": 195.5506489965347, "delaunay_k": 4, "edge_set": "Delaunay4" }, "geometry": { "type": "LineString", "coordinates": [ [ 5.461578, 59.768152 ], [ 7.892303, 61.044991 ] ] } },
{ "type": "Feature", "properties": { "voltage_kv": 300.0, "from_node": 5, "to_node": 58, "length_km": 167.94163989239243, "delaunay_k": 4, "edge_set": "Delaunay4" }, "geometry": { "type": "LineString", "coordinates": [ [ 5.461578, 59.768152 ], [ 8.088684, 60.511343 ] ] } },
{ "type": "Feature", "properties": { "voltage_kv": 300.0, "from_node": 5, "to_node": 61, "length_km": 362.89744272062944, "delaunay_k": 4, "edge_set": "Delaunay4" }, "geometry": { "type": "LineString", "coordinates": [ [ 5.461578, 59.768152 ], [ 8.480072, 62.679816 ] ] } },
{ "type": "Feature", "properties": { "voltage_kv": 300.0, "from_node": 5, "to_node": 69, "length_km": 306.84480272260947, "delaunay_k": 4, "edge_set": "Delaunay4" }, "geometry": { "type": "LineString", "coordinates": [ [ 5.461578, 59.768152 ], [ 9.063721, 61.885931 ] ] } },
{ "type": "Feature", "properties": { "voltage_kv": 300.0, "from_node": 6, "to_node": 50, "length_km": 164.82665977734794, "delaunay_k": 4, "edge_set": "Delaunay4" }, "geometry": { "type": "LineString", "coordinates": [ [ 5.494537, 60.42131 ], [ 7.410278, 61.569805 ] ] } },
{ "type": "Feature", "properties": { "voltage_kv": 300.0, "from_node": 6, "to_node": 53, "length_km": 172.42672519461257, "delaunay_k": 4, "edge_set": "Delaunay4" }, "geometry": { "type": "LineString", "coordinates": [ [ 5.494537, 60.42131 ], [ 7.738495, 61.517456 ] ] } },
{ "type": "Feature", "properties": { "voltage_kv": 300.0, "from_node": 6, "to_node": 60, "length_km": 162.22576964464855, "delaunay_k": 4, "edge_set": "Delaunay4" }, "geometry": { "type": "LineString", "coordinates": [ [ 5.494537, 60.42131 ], [ 8.311157, 60.873666 ] ] } },
{ "type": "Feature", "properties": { "voltage_kv": 300.0, "from_node": 6, "to_node": 62, "length_km": 177.60448888082186, "delaunay_k": 4, "edge_set": "Delaunay4" }, "geometry": { "type": "LineString", "coordinates": [ [ 5.494537, 60.42131 ], [ 8.524017, 59.912353 ] ] } },
{ "type": "Feature", "properties": { "voltage_kv": 300.0, "from_node": 6, "to_node": 63, "length_km": 180.10972443596481, "delaunay_k": 4, "edge_set": "Delaunay4" }, "geometry": { "type": "LineString", "coordinates": [ [ 5.494537, 60.42131 ], [ 8.690186, 60.798714 ] ] } },
{ "type": "Feature", "properties": { "voltage_kv": 300.0, "from_node": 6, "to_node": 64, "length_km": 180.46374729022284, "delaunay_k": 4, "edge_set": "Delaunay4" }, "geometry": { "type": "LineString", "coordinates": [ [ 5.494537, 60.42131 ], [ 8.75885, 60.591688 ] ] } },
{ "type": "Feature", "properties": { "voltage_kv": 300.0, "from_node": 6, "to_node": 70, "length_km": 239.27380145251081, "delaunay_k": 4, "edge_set": "Delaunay4" }, "geometry": { "type": "LineString", "coordinates": [ [ 5.494537, 60.42131 ], [ 9.341125, 61.473546 ] ] } },
{ "type": "Feature", "properties": { "voltage_kv": 300.0, "from_node": 7, "to_node": 24, "length_km": 201.05785193443373, "delaunay_k": 4, "edge_set": "Delaunay4" }, "geometry": { "type": "LineString", "coordinates": [ [ 5.568695, 59.317075 ], [ 6.60965, 61.043662 ] ] } },
{ "type": "Feature", "properties": { "voltage_kv": 300.0, "from_node": 7, "to_node": 34, "length_km": 211.87147427216354, "delaunay_k": 4, "edge_set": "Delaunay4" }, "geometry": { "type": "LineString", "coordinates": [ [ 5.568695, 59.317075 ], [ 6.871948, 61.10278 ] ] } },
{ "type": "Feature", "properties": { "voltage_kv": 300.0, "from_node": 7, "to_node": 46, "length_km": 236.66379358812145, "delaunay_k": 4, "edge_set": "Delaunay4" }, "geometry": { "type": "LineString", "coordinates": [ [ 5.568695, 59.317075 ], [ 7.293549, 61.259009 ] ] } },
{ "type": "Feature", "properties": { "voltage_kv": 300.0, "from_node": 7, "to_node": 50, "length_km": 270.91508062267332, "delaunay_k": 4, "edge_set": "Delaunay4" }, "geometry": { "type": "LineString", "coordinates": [ [ 5.568695, 59.317075 ], [ 7.410278, 61.569805 ] ] } },
{ "type": "Feature", "properties": { "voltage_kv": 300.0, "from_node": 7, "to_node": 66, "length_km": 202.71507864171573, "delaunay_k": 4, "edge_set": "Delaunay4" }, "geometry": { "type": "LineString", "coordinates": [ [ 5.568695, 59.317075 ], [ 8.782196, 58.575413 ] ] } },
{ "type": "Feature", "properties": { "voltage_kv": 300.0, "from_node": 7, "to_node": 67, "length_km": 188.26881155508968, "delaunay_k": 4, "edge_set": "Delaunay4" }, "geometry": { "type": "LineString", "coordinates": [ [ 5.568695, 59.317075 ], [ 8.87146, 59.422728 ] ] } },
{ "type": "Feature", "properties": { "voltage_kv": 300.0, "from_node": 7, "to_node": 68, "length_km": 189.28536468249075, "delaunay_k": 4, "edge_set": "Delaunay4" }, "geometry": { "type": "LineString", "coordinates": [ [ 5.568695, 59.317075 ], [ 8.87558, 59.525961 ] ] } },
{ "type": "Feature", "properties": { "voltage_kv": 300.0, "from_node": 8, "to_node": 11, "length_km": 185.0478061961046, "delaunay_k": 4, "edge_set": "Delaunay4" }, "geometry": { "type": "LineString", "coordinates": [ [ 5.623627, 59.00592 ], [ 5.847473, 60.661069 ] ] } },
{ "type": "Feature", "properties": { "voltage_kv": 300.0, "from_node": 8, "to_node": 13, "length_km": 205.1372833673133, "delaunay_k": 4, "edge_set": "Delaunay4" }, "geometry": { "type": "LineString", "coordinates": [ [ 5.623627, 59.00592 ], [ 5.968323, 60.836881 ] ] } },
{ "type": "Feature", "properties": { "voltage_kv": 300.0, "from_node": 8, "to_node": 15, "length_km": 249.8069179885878, "delaunay_k": 4, "edge_set": "Delaunay4" }, "geometry": { "type": "LineString", "coordinates": [ [ 5.623627, 59.00592 ], [ 6.093292, 61.233245 ] ] } },
{ "type": "Feature", "properties": { "voltage_kv": 300.0, "from_node": 8, "to_node": 59, "length_km": 167.2574554455941, "delaunay_k": 4, "edge_set": "Delaunay4" }, "geometry": { "type": "LineString", "coordinates": [ [ 5.623627, 59.00592 ], [ 8.102417, 58.2445 ] ] } },
{ "type": "Feature", "properties": { "voltage_kv": 300.0, "from_node": 8, "to_node": 66, "length_km": 188.94768141657968, "delaunay_k": 4, "edge_set": "Delaunay4" }, "geometry": { "type": "LineString", "coordinates": [ [ 5.623627, 59.00592 ], [ 8.782196, 58.575413 ] ] } },
{ "type": "Feature", "properties": { "voltage_kv": 300.0, "from_node": 8, "to_node": 67, "length_km": 191.34426720606095, "delaunay_k": 4, "edge_set": "Delaunay4" }, "geometry": { "type": "LineString", "coordinates": [ [ 5.623627, 59.00592 ], [ 8.87146, 59.422728 ] ] } },
{ "type": "Feature", "properties": { "voltage_kv": 300.0, "from_node": 8, "to_node": 68, "length_km": 194.41410980002107, "delaunay_k": 4, "edge_set": "Delaunay4" }, "geometry": { "type": "LineString", "coordinates": [ [ 5.623627, 59.00592 ], [ 8.87558, 59.525961 ] ] } },
{ "type": "Feature", "properties": { "voltage_kv": 300.0, "from_node": 9, "to_node": 59, "length_km": 158.37505330425563, "delaunay_k": 4, "edge_set": "Delaunay4" }, "geometry": { "type": "LineString", "coordinates": [ [ 5.715637, 58.926626 ], [ 8.102417, 58.2445 ] ] } },
{ "type": "Feature", "properties": { "voltage_kv": 300.0, "from_node": 9, "to_node": 66, "length_km": 181.89322307889003, "delaunay_k": 4, "edge_set": "Delaunay4" }, "geometry": { "type": "LineString", "coordinates": [ [ 5.715637, 58.926626 ], [ 8.782196, 58.575413 ] ] } },
{ "type": "Feature", "properties": { "voltage_kv": 300.0, "from_node": 10, "to_node": 66, "length_km": 177.71469437370183, "delaunay_k": 4, "edge_set": "Delaunay4" }, "geometry": { "type": "LineString", "coordinates": [ [ 5.756836, 58.82654 ], [ 8.782196, 58.575413 ] ] } },
{ "type": "Feature", "properties": { "voltage_kv": 300.0, "from_node": 11, "to_node": 26, "length_km": 156.95643184719935, "delaunay_k": 4, "edge_set": "Delaunay4" }, "geometry": { "type": "LineString", "coordinates": [ [ 5.847473, 60.661069 ], [ 6.663208, 59.314272 ] ] } },
{ "type": "Feature", "properties": { "voltage_kv": 300.0, "from_node": 11, "to_node": 61, "length_km": 264.79287310689381, "delaunay_k": 4, "edge_set": "Delaunay4" }, "geometry": { "type": "LineString", "coordinates": [ [ 5.847473, 60.661069 ], [ 8.480072, 62.679816 ] ] } },
{ "type": "Feature", "properties": { "voltage_kv": 300.0, "from_node": 11, "to_node": 62, "length_km": 170.03389944909651, "delaunay_k": 4, "edge_set": "Delaunay4" }, "geometry": { "type": "LineString", "coordinates": [ [ 5.847473, 60.661069 ], [ 8.524017, 59.912353 ] ] } },
{ "type": "Feature", "properties": { "voltage_kv": 300.0, "from_node": 11, "to_node": 63, "length_km": 155.95778287617651, "delaunay_k": 4, "edge_set": "Delaunay4" }, "geometry": { "type": "LineString", "coordinates": [ [ 5.847473, 60.661069 ], [ 8.690186, 60.798714 ] ] } },
{ "type": "Feature", "properties": { "voltage_kv": 300.0, "from_node": 11, "to_node": 64, "length_km": 159.64707847283239, "delaunay_k": 4, "edge_set": "Delaunay4" }, "geometry": { "type": "LineString", "coordinates": [ [ 5.847473, 60.661069 ], [ 8.75885, 60.591688 ] ] } },
{ "type": "Feature", "properties": { "voltage_kv": 300.0, "from_node": 11, "to_node": 69, "length_km": 220.07089353951702, "delaunay_k": 4, "edge_set": "Delaunay4" }, "geometry": { "type": "LineString", "coordinates": [ [ 5.847473, 60.661069 ], [ 9.063721, 61.885931 ] ] } },
{ "type": "Feature", "properties": { "voltage_kv": 300.0, "from_node": 11, "to_node": 70, "length_km": 209.31137693805695, "delaunay_k": 4, "edge_set": "Delaunay4" }, "geometry": { "type": "LineString", "coordinates": [ [ 5.847473, 60.661069 ], [ 9.341125, 61.473546 ] ] } },
{ "type": "Feature", "properties": { "voltage_kv": 300.0, "from_node": 12, "to_node": 46, "length_km": 168.2088803281992, "delaunay_k": 4, "edge_set": "Delaunay4" }, "geometry": { "type": "LineString", "coordinates": [ [ 5.868073, 59.923367 ], [ 7.293549, 61.259009 ] ] } },
{ "type": "Feature", "properties": { "voltage_kv": 300.0, "from_node": 12, "to_node": 47, "length_km": 164.3124316274569, "delaunay_k": 4, "edge_set": "Delaunay4" }, "geometry": { "type": "LineString", "coordinates": [ [ 5.868073, 59.923367 ], [ 7.338867, 61.206798 ] ] } },
{ "type": "Feature", "properties": { "voltage_kv": 300.0, "from_node": 12, "to_node": 50, "length_km": 201.96684504849406, "delaunay_k": 4, "edge_set": "Delaunay4" }, "geometry": { "type": "LineString", "coordinates": [ [ 5.868073, 59.923367 ], [ 7.410278, 61.569805 ] ] } },
{ "type": "Feature", "properties": { "voltage_kv": 300.0, "from_node": 12, "to_node": 56, "length_km": 167.45771073724634, "delaunay_k": 4, "edge_set": "Delaunay4" }, "geometry": { "type": "LineString", "coordinates": [ [ 5.868073, 59.923367 ], [ 7.892303, 61.044991 ] ] } },
{ "type": "Feature", "properties": { "voltage_kv": 300.0, "from_node": 12, "to_node": 60, "length_km": 171.41825846315447, "delaunay_k": 4, "edge_set": "Delaunay4" }, "geometry": { "type": "LineString", "coordinates": [ [ 5.868073, 59.923367 ], [ 8.311157, 60.873666 ] ] } },
{ "type": "Feature", "properties": { "voltage_kv": 300.0, "from_node": 12, "to_node": 63, "length_km": 183.86546867907126, "delaunay_k": 4, "edge_set": "Delaunay4" }, "geometry": { "type": "LineString", "coordinates": [ [ 5.868073, 59.923367 ], [ 8.690186, 60.798714 ] ] } },
{ "type": "Feature", "properties": { "voltage_kv": 300.0, "from_node": 12, "to_node": 64, "length_km": 176.61596044145568, "delaunay_k": 4, "edge_set": "Delaunay4" }, "geometry": { "type": "LineString", "coordinates": [ [ 5.868073, 59.923367 ], [ 8.75885, 60.591688 ] ] } },
{ "type": "Feature", "properties": { "voltage_kv": 300.0, "from_node": 13, "to_node": 22, "length_km": 156.23798267700107, "delaunay_k": 4, "edge_set": "Delaunay4" }, "geometry": { "type": "LineString", "coordinates": [ [ 5.968323, 60.836881 ], [ 6.491547, 59.460431 ] ] } },
{ "type": "Feature", "properties": { "voltage_kv": 300.0, "from_node": 13, "to_node": 25, "length_km": 157.97010574731794, "delaunay_k": 4, "edge_set": "Delaunay4" }, "geometry": { "type": "LineString", "coordinates": [ [ 5.968323, 60.836881 ], [ 6.650848, 59.461826 ] ] } },
{ "type": "Feature", "properties": { "voltage_kv": 300.0, "from_node": 13, "to_node": 26, "length_km": 174.15687573343715, "delaunay_k": 4, "edge_set": "Delaunay4" }, "geometry": { "type": "LineString", "coordinates": [ [ 5.968323, 60.836881 ], [ 6.663208, 59.314272 ] ] } },
{ "type": "Feature", "properties": { "voltage_kv": 300.0, "from_node": 13, "to_node": 54, "length_km": 154.3793749104195, "delaunay_k": 4, "edge_set": "Delaunay4" }, "geometry": { "type": "LineString", "coordinates": [ [ 5.968323, 60.836881 ], [ 7.772827, 59.780596 ] ] } },
{ "type": "Feature", "properties": { "voltage_kv": 300.0, "from_node": 13, "to_node": 62, "length_km": 174.70403350141407, "delaunay_k": 4, "edge_set": "Delaunay4" }, "geometry": { "type": "LineString", "coordinates": [ [ 5.968323, 60.836881 ], [ 8.524017, 59.912353 ] ] } },
{ "type": "Feature", "properties": { "voltage_kv": 300.0, "from_node": 13, "to_node": 64, "length_km": 154.85252976278167, "delaunay_k": 4, "edge_set": "Delaunay4" }, "geometry": { "type": "LineString", "coordinates": [ [ 5.968323, 60.836881 ], [ 8.75885, 60.591688 ] ] } },
{ "type": "Feature", "properties": { "voltage_kv": 300.0, "from_node": 13, "to_node": 70, "length_km": 195.04120220991771, "delaunay_k": 4, "edge_set": "Delaunay4" }, "geometry": { "type": "LineString", "coordinates": [ [ 5.968323, 60.836881 ], [ 9.341125, 61.473546 ] ] } },
{ "type": "Feature", "properties": { "voltage_kv": 300.0, "from_node": 13, "to_node": 73, "length_km": 223.21937480313284, "delaunay_k": 4, "edge_set": "Delaunay4" }, "geometry": { "type": "LineString", "coordinates": [ [ 5.968323, 60.836881 ], [ 9.821777, 61.582225 ] ] } },
{ "type": "Feature", "properties": { "voltage_kv": 300.0, "from_node": 13, "to_node": 75, "length_km": 341.56412272397978, "delaunay_k": 4, "edge_set": "Delaunay4" }, "geometry": { "type": "LineString", "coordinates": [ [ 5.968323, 60.836881 ], [ 9.933014, 63.271947 ] ] } },
{ "type": "Feature", "properties": { "voltage_kv": 300.0, "from_node": 13, "to_node": 88, "length_km": 297.92671412220921, "delaunay_k": 4, "edge_set": "Delaunay4" }, "geometry": { "type": "LineString", "coordinates": [ [ 5.968323, 60.836881 ], [ 11.12915, 61.837358 ] ] } },
{ "type": "Feature", "properties": { "voltage_kv": 300.0, "from_node": 14, "to_node": 67, "length_km": 193.49584914741922, "delaunay_k": 4, "edge_set": "Delaunay4" }, "geometry": { "type": "LineString", "coordinates": [ [ 6.008148, 58.513066 ], [ 8.87146, 59.422728 ] ] } },
{ "type": "Feature", "properties": { "voltage_kv": 300.0, "from_node": 14, "to_node": 72, "length_km": 220.19016134188993, "delaunay_k": 4, "edge_set": "Delaunay4" }, "geometry": { "type": "LineString", "coordinates": [ [ 6.008148, 58.513066 ], [ 9.61441, 59.151995 ] ] } },
{ "type": "Feature", "properties": { "voltage_kv": 300.0, "from_node": 15, "to_node": 22, "length_km": 198.92996139995395, "delaunay_k": 4, "edge_set": "Delaunay4" }, "geometry": { "type": "LineString", "coordinates": [ [ 6.093292, 61.233245 ], [ 6.491547, 59.460431 ] ] } },
{ "type": "Feature", "properties": { "voltage_kv": 300.0, "from_node": 15, "to_node": 25, "length_km": 199.93470728365182, "delaunay_k": 4, "edge_set": "Delaunay4" }, "geometry": { "type": "LineString", "coordinates": [ [ 6.093292, 61.233245 ], [ 6.650848, 59.461826 ] ] } },
{ "type": "Feature", "properties": { "voltage_kv": 300.0, "from_node": 15, "to_node": 26, "length_km": 216.31461956198493, "delaunay_k": 4, "edge_set": "Delaunay4" }, "geometry": { "type": "LineString", "coordinates": [ [ 6.093292, 61.233245 ], [ 6.663208, 59.314272 ] ] } },
{ "type": "Feature", "properties": { "voltage_kv": 300.0, "from_node": 15, "to_node": 29, "length_km": 156.07988290388391, "delaunay_k": 4, "edge_set": "Delaunay4" }, "geometry": { "type": "LineString", "coordinates": [ [ 6.093292, 61.233245 ], [ 6.745605, 59.871019 ] ] } },
{ "type": "Feature", "properties": { "voltage_kv": 300.0, "from_node": 15, "to_node": 37, "length_km": 175.5635731112925, "delaunay_k": 4, "edge_set": "Delaunay4" }, "geometry": { "type": "LineString", "coordinates": [ [ 6.093292, 61.233245 ], [ 6.904907, 59.710712 ] ] } },
{ "type": "Feature", "properties": { "voltage_kv": 300.0, "from_node": 15, "to_node": 38, "length_km": 162.85077365136493, "delaunay_k": 4, "edge_set": "Delaunay4" }, "geometry": { "type": "LineString", "coordinates": [ [ 6.093292, 61.233245 ], [ 6.968079, 59.837916 ] ] } },
{ "type": "Feature", "properties": { "voltage_kv": 300.0, "from_node": 15, "to_node": 48, "length_km": 173.3275630262514, "delaunay_k": 4, "edge_set": "Delaunay4" }, "geometry": { "type": "LineString", "coordinates": [ [ 6.093292, 61.233245 ], [ 7.34024, 59.805469 ] ] } },
{ "type": "Feature", "properties": { "voltage_kv": 300.0, "from_node": 15, "to_node": 54, "length_km": 186.43277753349054, "delaunay_k": 4, "edge_set": "Delaunay4" }, "geometry": { "type": "LineString", "coordinates": [ [ 6.093292, 61.233245 ], [ 7.772827, 59.780596 ] ] } },
{ "type": "Feature", "properties": { "voltage_kv": 300.0, "from_node": 15, "to_node": 62, "length_km": 198.65166855388807, "delaunay_k": 4, "edge_set": "Delaunay4" }, "geometry": { "type": "LineString", "coordinates": [ [ 6.093292, 61.233245 ], [ 8.524017, 59.912353 ] ] } },
{ "type": "Feature", "properties": { "voltage_kv": 300.0, "from_node": 15, "to_node": 64, "length_km": 161.40164966704666, "delaunay_k": 4, "edge_set": "Delaunay4" }, "geometry": { "type": "LineString", "coordinates": [ [ 6.093292, 61.233245 ], [ 8.75885, 60.591688 ] ] } },
{ "type": "Feature", "properties": { "voltage_kv": 300.0, "from_node": 15, "to_node": 77, "length_km": 218.55930857467305, "delaunay_k": 4, "edge_set": "Delaunay4" }, "geometry": { "type": "LineString", "coordinates": [ [ 6.093292, 61.233245 ], [ 10.134888, 61.525314 ] ] } },
{ "type": "Feature", "properties": { "voltage_kv": 300.0, "from_node": 15, "to_node": 80, "length_km": 232.83082041367763, "delaunay_k": 4, "edge_set": "Delaunay4" }, "geometry": { "type": "LineString", "coordinates": [ [ 6.093292, 61.233245 ], [ 10.421906, 61.177019 ] ] } },
{ "type": "Feature", "properties": { "voltage_kv": 300.0, "from_node": 15, "to_node": 82, "length_km": 330.4164235645581, "delaunay_k": 4, "edge_set": "Delaunay4" }, "geometry": { "type": "LineString", "coordinates": [ [ 6.093292, 61.233245 ], [ 10.439758, 63.401361 ] ] } },
{ "type": "Feature", "properties": { "voltage_kv": 300.0, "from_node": 15, "to_node": 83, "length_km": 321.39503243041605, "delaunay_k": 4, "edge_set": "Delaunay4" }, "geometry": { "type": "LineString", "coordinates": [ [ 6.093292, 61.233245 ], [ 10.457611, 63.276888 ] ] } },
{ "type": "Feature", "properties": { "voltage_kv": 300.0, "from_node": 15, "to_node": 89, "length_km": 277.89224214564138, "delaunay_k": 4, "edge_set": "Delaunay4" }, "geometry": { "type": "LineString", "coordinates": [ [ 6.093292, 61.233245 ], [ 11.160736, 60.816799 ] ] } },
{ "type": "Feature", "properties": { "voltage_kv": 300.0, "from_node": 16, "to_node": 61, "length_km": 257.65686852783045, "delaunay_k": 4, "edge_set": "Delaunay4" }, "geometry": { "type": "LineString", "coordinates": [ [ 6.100159, 60.664433 ], [ 8.480072, 62.679816 ] ] } },
{ "type": "Feature", "properties": { "voltage_kv": 300.0, "from_node": 16, "to_node": 65, "length_km": 169.13173040635635, "delaunay_k": 4, "edge_set": "Delaunay4" }, "geometry": { "type": "LineString", "coordinates": [ [ 6.100159, 60.664433 ], [ 8.760223, 59.917172 ] ] } },
{ "type": "Feature", "properties": { "voltage_kv": 300.0, "from_node": 16, "to_node": 68, "length_km": 199.92434294788089, "delaunay_k": 4, "edge_set": "Delaunay4" }, "geometry": { "type": "LineString", "coordinates": [ [ 6.100159, 60.664433 ], [ 8.87558, 59.525961 ] ] } },
{ "type": "Feature", "properties": { "voltage_kv": 300.0, "from_node": 16, "to_node": 69, "length_km": 209.35134838833562, "delaunay_k": 4, "edge_set": "Delaunay4" }, "geometry": { "type": "LineString", "coordinates": [ [ 6.100159, 60.664433 ], [ 9.063721, 61.885931 ] ] } },
{ "type": "Feature", "properties": { "voltage_kv": 300.0, "from_node": 16, "to_node": 73, "length_km": 225.21064517993688, "delaunay_k": 4, "edge_set": "Delaunay4" }, "geometry": { "type": "LineString", "coordinates": [ [ 6.100159, 60.664433 ], [ 9.821777, 61.582225 ] ] } },
{ "type": "Feature", "properties": { "voltage_kv": 300.0, "from_node": 16, "to_node": 77, "length_km": 237.90853024896549, "delaunay_k": 4, "edge_set": "Delaunay4" }, "geometry": { "type": "LineString", "coordinates": [ [ 6.100159, 60.664433 ], [ 10.134888, 61.525314 ] ] } },
{ "type": "Feature", "properties": { "voltage_kv": 300.0, "from_node": 16, "to_node": 78, "length_km": 247.48476560563685, "delaunay_k": 4, "edge_set": "Delaunay4" }, "geometry": { "type": "LineString", "coordinates": [ [ 6.100159, 60.664433 ], [ 10.288696, 59.88687 ] ] } },
{ "type": "Feature", "properties": { "voltage_kv": 300.0, "from_node": 16, "to_node": 80, "length_km": 241.32649344478557, "delaunay_k": 4, "edge_set": "Delaunay4" }, "geometry": { "type": "LineString", "coordinates": [ [ 6.100159, 60.664433 ], [ 10.421906, 61.177019 ] ] } },
{ "type": "Feature", "properties": { "voltage_kv": 300.0, "from_node": 16, "to_node": 84, "length_km": 246.34629181561039, "delaunay_k": 4, "edge_set": "Delaunay4" }, "geometry": { "type": "LineString", "coordinates": [ [ 6.100159, 60.664433 ], [ 10.604553, 60.818808 ] ] } },
{ "type": "Feature", "properties": { "voltage_kv": 300.0, "from_node": 17, "to_node": 46, "length_km": 167.90946415207978, "delaunay_k": 4, "edge_set": "Delaunay4" }, "geometry": { "type": "LineString", "coordinates": [ [ 6.113892, 59.869641 ], [ 7.293549, 61.259009 ] ] } },
{ "type": "Feature", "properties": { "voltage_kv": 300.0, "from_node": 17, "to_node": 47, "length_km": 163.58049293826599, "delaunay_k": 4, "edge_set": "Delaunay4" }, "geometry": { "type": "LineString", "coordinates": [ [ 6.113892, 59.869641 ], [ 7.338867, 61.206798 ] ] } },
{ "type": "Feature", "properties": { "voltage_kv": 300.0, "from_node": 17, "to_node": 50, "length_km": 202.37010299391613, "delaunay_k": 4, "edge_set": "Delaunay4" }, "geometry": { "type": "LineString", "coordinates": [ [ 6.113892, 59.869641 ], [ 7.410278, 61.569805 ] ] } },
{ "type": "Feature", "properties": { "voltage_kv": 300.0, "from_node": 17, "to_node": 56, "length_km": 163.58722785867323, "delaunay_k": 4, "edge_set": "Delaunay4" }, "geometry": { "type": "LineString", "coordinates": [ [ 6.113892, 59.869641 ], [ 7.892303, 61.044991 ] ] } },
{ "type": "Feature", "properties": { "voltage_kv": 300.0, "from_node": 17, "to_node": 60, "length_km": 165.04881283465735, "delaunay_k": 4, "edge_set": "Delaunay4" }, "geometry": { "type": "LineString", "coordinates": [ [ 6.113892, 59.869641 ], [ 8.311157, 60.873666 ] ] } },
{ "type": "Feature", "properties": { "voltage_kv": 300.0, "from_node": 17, "to_node": 63, "length_km": 176.05776785630337, "delaunay_k": 4, "edge_set": "Delaunay4" }, "geometry": { "type": "LineString", "coordinates": [ [ 6.113892, 59.869641 ], [ 8.690186, 60.798714 ] ] } },
{ "type": "Feature", "properties": { "voltage_kv": 300.0, "from_node": 17, "to_node": 64, "length_km": 167.26998841004419, "delaunay_k": 4, "edge_set": "Delaunay4" }, "geometry": { "type": "LineString", "coordinates": [ [ 6.113892, 59.869641 ], [ 8.75885, 60.591688 ] ] } },
{ "type": "Feature", "properties": { "voltage_kv": 300.0, "from_node": 18, "to_node": 65, "length_km": 158.58395884985885, "delaunay_k": 4, "edge_set": "Delaunay4" }, "geometry": { "type": "LineString", "coordinates": [ [ 6.156464, 60.504583 ], [ 8.760223, 59.917172 ] ] } },
{ "type": "Feature", "properties": { "voltage_kv": 300.0, "from_node": 18, "to_node": 68, "length_km": 186.86439944649501, "delaunay_k": 4, "edge_set": "Delaunay4" }, "geometry": { "type": "LineString", "coordinates": [ [ 6.156464, 60.504583 ], [ 8.87558, 59.525961 ] ] } },
{ "type": "Feature", "properties": { "voltage_kv": 300.0, "from_node": 18, "to_node": 69, "length_km": 219.47343158865456, "delaunay_k": 4, "edge_set": "Delaunay4" }, "geometry": { "type": "LineString", "coordinates": [ [ 6.156464, 60.504583 ], [ 9.063721, 61.885931 ] ] } },
{ "type": "Feature", "properties": { "voltage_kv": 300.0, "from_node": 18, "to_node": 73, "length_km": 231.66534004450335, "delaunay_k": 4, "edge_set": "Delaunay4" }, "geometry": { "type": "LineString", "coordinates": [ [ 6.156464, 60.504583 ], [ 9.821777, 61.582225 ] ] } },
{ "type": "Feature", "properties": { "voltage_kv": 300.0, "from_node": 18, "to_node": 77, "length_km": 243.42015369185174, "delaunay_k": 4, "edge_set": "Delaunay4" }, "geometry": { "type": "LineString", "coordinates": [ [ 6.156464, 60.504583 ], [ 10.134888, 61.525314 ] ] } },
{ "type": "Feature", "properties": { "voltage_kv": 300.0, "from_node": 18, "to_node": 78, "length_km": 239.37628378315625, "delaunay_k": 4, "edge_set": "Delaunay4" }, "geometry": { "type": "LineString", "coordinates": [ [ 6.156464, 60.504583 ], [ 10.288696, 59.88687 ] ] } },
{ "type": "Feature", "properties": { "voltage_kv": 300.0, "from_node": 18, "to_node": 80, "length_km": 243.79258908318718, "delaunay_k": 4, "edge_set": "Delaunay4" }, "geometry": { "type": "LineString", "coordinates": [ [ 6.156464, 60.504583 ], [ 10.421906, 61.177019 ] ] } },
{ "type": "Feature", "properties": { "voltage_kv": 300.0, "from_node": 18, "to_node": 84, "length_km": 245.78208377718246, "delaunay_k": 4, "edge_set": "Delaunay4" }, "geometry": { "type": "LineString", "coordinates": [ [ 6.156464, 60.504583 ], [ 10.604553, 60.818808 ] ] } },
{ "type": "Feature", "properties": { "voltage_kv": 300.0, "from_node": 19, "to_node": 53, "length_km": 174.68487324428122, "delaunay_k": 4, "edge_set": "Delaunay4" }, "geometry": { "type": "LineString", "coordinates": [ [ 6.297913, 60.117566 ], [ 7.738495, 61.517456 ] ] } },
{ "type": "Feature", "properties": { "voltage_kv": 300.0, "from_node": 19, "to_node": 68, "length_km": 158.99338385029429, "delaunay_k": 4, "edge_set": "Delaunay4" }, "geometry": { "type": "LineString", "coordinates": [ [ 6.297913, 60.117566 ], [ 8.87558, 59.525961 ] ] } },
{ "type": "Feature", "properties": { "voltage_kv": 300.0, "from_node": 19, "to_node": 70, "length_km": 224.32388876038743, "delaunay_k": 4, "edge_set": "Delaunay4" }, "geometry": { "type": "LineString", "coordinates": [ [ 6.297913, 60.117566 ], [ 9.341125, 61.473546 ] ] } },
{ "type": "Feature", "properties": { "voltage_kv": 300.0, "from_node": 19, "to_node": 78, "length_km": 224.20391897658286, "delaunay_k": 4, "edge_set": "Delaunay4" }, "geometry": { "type": "LineString", "coordinates": [ [ 6.297913, 60.117566 ], [ 10.288696, 59.88687 ] ] } },
{ "type": "Feature", "properties": { "voltage_kv": 300.0, "from_node": 19, "to_node": 80, "length_km": 254.66172438922814, "delaunay_k": 4, "edge_set": "Delaunay4" }, "geometry": { "type": "LineString", "coordinates": [ [ 6.297913, 60.117566 ], [ 10.421906, 61.177019 ] ] } },
{ "type": "Feature", "properties": { "voltage_kv": 300.0, "from_node": 19, "to_node": 84, "length_km": 249.49662430353087, "delaunay_k": 4, "edge_set": "Delaunay4" }, "geometry": { "type": "LineString", "coordinates": [ [ 6.297913, 60.117566 ], [ 10.604553, 60.818808 ] ] } },
{ "type": "Feature", "properties": { "voltage_kv": 300.0, "from_node": 20, "to_node": 24, "length_km": 153.74639958792207, "delaunay_k": 4, "edge_set": "Delaunay4" }, "geometry": { "type": "LineString", "coordinates": [ [ 6.432495, 59.667741 ], [ 6.60965, 61.043662 ] ] } },
{ "type": "Feature", "properties": { "voltage_kv": 300.0, "from_node": 20, "to_node": 34, "length_km": 161.84748369507375, "delaunay_k": 4, "edge_set": "Delaunay4" }, "geometry": { "type": "LineString", "coordinates": [ [ 6.432495, 59.667741 ], [ 6.871948, 61.10278 ] ] } },
{ "type": "Feature", "properties": { "voltage_kv": 300.0, "from_node": 20, "to_node": 46, "length_km": 183.65148505899856, "delaunay_k": 4, "edge_set": "Delaunay4" }, "geometry": { "type": "LineString", "coordinates": [ [ 6.432495, 59.667741 ], [ 7.293549, 61.259009 ] ] } },
{ "type": "Feature", "properties": { "voltage_kv": 300.0, "from_node": 20, "to_node": 50, "length_km": 218.74194852306687, "delaunay_k": 4, "edge_set": "Delaunay4" }, "geometry": { "type": "LineString", "coordinates": [ [ 6.432495, 59.667741 ], [ 7.410278, 61.569805 ] ] } },
{ "type": "Feature", "properties": { "voltage_kv": 300.0, "from_node": 20, "to_node": 66, "length_km": 181.51265772040603, "delaunay_k": 4, "edge_set": "Delaunay4" }, "geometry": { "type": "LineString", "coordinates": [ [ 6.432495, 59.667741 ], [ 8.782196, 58.575413 ] ] } },
{ "type": "Feature", "properties": { "voltage_kv": 300.0, "from_node": 21, "to_node": 24, "length_km": 164.58241398092392, "delaunay_k": 4, "edge_set": "Delaunay4" }, "geometry": { "type": "LineString", "coordinates": [ [ 6.481934, 59.569114 ], [ 6.60965, 61.043662 ] ] } },
{ "type": "Feature", "properties": { "voltage_kv": 300.0, "from_node": 21, "to_node": 34, "length_km": 172.36883852196922, "delaunay_k": 4, "edge_set": "Delaunay4" }, "geometry": { "type": "LineString", "coordinates": [ [ 6.481934, 59.569114 ], [ 6.871948, 61.10278 ] ] } },
{ "type": "Feature", "properties": { "voltage_kv": 300.0, "from_node": 21, "to_node": 45, "length_km": 159.30510037080313, "delaunay_k": 4, "edge_set": "Delaunay4" }, "geometry": { "type": "LineString", "coordinates": [ [ 6.481934, 59.569114 ], [ 7.216644, 60.950443 ] ] } },
{ "type": "Feature", "properties": { "voltage_kv": 300.0, "from_node": 21, "to_node": 46, "length_km": 193.66384306726661, "delaunay_k": 4, "edge_set": "Delaunay4" }, "geometry": { "type": "LineString", "coordinates": [ [ 6.481934, 59.569114 ], [ 7.293549, 61.259009 ] ] } },
{ "type": "Feature", "properties": { "voltage_kv": 300.0, "from_node": 21, "to_node": 50, "length_km": 228.81713527979414, "delaunay_k": 4, "edge_set": "Delaunay4" }, "geometry": { "type": "LineString", "coordinates": [ [ 6.481934, 59.569114 ], [ 7.410278, 61.569805 ] ] } },
{ "type": "Feature", "properties": { "voltage_kv": 300.0, "from_node": 21, "to_node": 66, "length_km": 172.29798583003935, "delaunay_k": 4, "edge_set": "Delaunay4" }, "geometry": { "type": "LineString", "coordinates": [ [ 6.481934, 59.569114 ], [ 8.782196, 58.575413 ] ] } },
{ "type": "Feature", "properties": { "voltage_kv": 300.0, "from_node": 22, "to_node": 66, "length_km": 164.49948229127466, "delaunay_k": 4, "edge_set": "Delaunay4" }, "geometry": { "type": "LineString", "coordinates": [ [ 6.491547, 59.460431 ], [ 8.782196, 58.575413 ] ] } },
{ "type": "Feature", "properties": { "voltage_kv": 300.0, "from_node": 23, "to_node": 67, "length_km": 177.53999015532986, "delaunay_k": 4, "edge_set": "Delaunay4" }, "geometry": { "type": "LineString", "coordinates": [ [ 6.554718, 58.373638 ], [ 8.87146, 59.422728 ] ] } },
{ "type": "Feature", "properties": { "voltage_kv": 300.0, "from_node": 23, "to_node": 72, "length_km": 197.22001425951137, "delaunay_k": 4, "edge_set": "Delaunay4" }, "geometry": { "type": "LineString", "coordinates": [ [ 6.554718, 58.373638 ], [ 9.61441, 59.151995 ] ] } },
{ "type": "Feature", "properties": { "voltage_kv": 300.0, "from_node": 24, "to_node": 55, "length_km": 170.95460297831283, "delaunay_k": 4, "edge_set": "Delaunay4" }, "geometry": { "type": "LineString", "coordinates": [ [ 6.60965, 61.043662 ], [ 7.819519, 59.632352 ] ] } },
{ "type": "Feature", "properties": { "voltage_kv": 300.0, "from_node": 24, "to_node": 65, "length_km": 172.51792995223676, "delaunay_k": 4, "edge_set": "Delaunay4" }, "geometry": { "type": "LineString", "coordinates": [ [ 6.60965, 61.043662 ], [ 8.760223, 59.917172 ] ] } },
{ "type": "Feature", "properties": { "voltage_kv": 300.0, "from_node": 24, "to_node": 68, "length_km": 210.56866722920967, "delaunay_k": 4, "edge_set": "Delaunay4" }, "geometry": { "type": "LineString", "coordinates": [ [ 6.60965, 61.043662 ], [ 8.87558, 59.525961 ] ] } },
{ "type": "Feature", "properties": { "voltage_kv": 300.0, "from_node": 24, "to_node": 73, "length_km": 182.29771300828509, "delaunay_k": 4, "edge_set": "Delaunay4" }, "geometry": { "type": "LineString", "coordinates": [ [ 6.60965, 61.043662 ], [ 9.821777, 61.582225 ] ] } },
{ "type": "Feature", "properties": { "voltage_kv": 300.0, "from_node": 24, "to_node": 75, "length_km": 302.81618906934438, "delaunay_k": 4, "edge_set": "Delaunay4" }, "geometry": { "type": "LineString", "coordinates": [ [ 6.60965, 61.043662 ], [ 9.933014, 63.271947 ] ] } },
{ "type": "Feature", "properties": { "voltage_kv": 300.0, "from_node": 24, "to_node": 77, "length_km": 196.54601636587577, "delaunay_k": 4, "edge_set": "Delaunay4" }, "geometry": { "type": "LineString", "coordinates": [ [ 6.60965, 61.043662 ], [ 10.134888, 61.525314 ] ] } },
{ "type": "Feature", "properties": { "voltage_kv": 300.0, "from_node": 24, "to_node": 78, "length_km": 239.98563932832263, "delaunay_k": 4, "edge_set": "Delaunay4" }, "geometry": { "type": "LineString", "coordinates": [ [ 6.60965, 61.043662 ], [ 10.288696, 59.88687 ] ] } },
{ "type": "Feature", "properties": { "voltage_kv": 300.0, "from_node": 24, "to_node": 80, "length_km": 206.13000404993096, "delaunay_k": 4, "edge_set": "Delaunay4" }, "geometry": { "type": "LineString", "coordinates": [ [ 6.60965, 61.043662 ], [ 10.421906, 61.177019 ] ] } },
{ "type": "Feature", "properties": { "voltage_kv": 300.0, "from_node": 24, "to_node": 84, "length_km": 218.09908571991818, "delaunay_k": 4, "edge_set": "Delaunay4" }, "geometry": { "type": "LineString", "coordinates": [ [ 6.60965, 61.043662 ], [ 10.604553, 60.818808 ] ] } },
{ "type": "Feature", "properties": { "voltage_kv": 300.0, "from_node": 24, "to_node": 88, "length_km": 256.85960422119456, "delaunay_k": 4, "edge_set": "Delaunay4" }, "geometry": { "type": "LineString", "coordinates": [ [ 6.60965, 61.043662 ], [ 11.12915, 61.837358 ] ] } },
{ "type": "Feature", "properties": { "voltage_kv": 300.0, "from_node": 25, "to_node": 45, "length_km": 168.918305857984, "delaunay_k": 4, "edge_set": "Delaunay4" }, "geometry": { "type": "LineString", "coordinates": [ [ 6.650848, 59.461826 ], [ 7.216644, 60.950443 ] ] } },
{ "type": "Feature", "properties": { "voltage_kv": 300.0, "from_node": 25, "to_node": 59, "length_km": 159.49028338138544, "delaunay_k": 4, "edge_set": "Delaunay4" }, "geometry": { "type": "LineString", "coordinates": [ [ 6.650848, 59.461826 ], [ 8.102417, 58.2445 ] ] } },
{ "type": "Feature", "properties": { "voltage_kv": 300.0, "from_node": 25, "to_node": 71, "length_km": 168.5737338362226, "delaunay_k": 4, "edge_set": "Delaunay4" }, "geometry": { "type": "LineString", "coordinates": [ [ 6.650848, 59.461826 ], [ 9.593811, 59.282019 ] ] } },
{ "type": "Feature", "properties": { "voltage_kv": 300.0, "from_node": 25, "to_node": 72, "length_km": 172.36473707264554, "delaunay_k": 4, "edge_set": "Delaunay4" }, "geometry": { "type": "LineString", "coordinates": [ [ 6.650848, 59.461826 ], [ 9.61441, 59.151995 ] ] } },
{ "type": "Feature", "properties": { "voltage_kv": 300.0, "from_node": 25, "to_node": 74, "length_km": 187.16289763546158, "delaunay_k": 4, "edge_set": "Delaunay4" }, "geometry": { "type": "LineString", "coordinates": [ [ 6.650848, 59.461826 ], [ 9.923401, 59.721792 ] ] } },
{ "type": "Feature", "properties": { "voltage_kv": 300.0, "from_node": 26, "to_node": 71, "length_km": 167.07677638277303, "delaunay_k": 4, "edge_set": "Delaunay4" }, "geometry": { "type": "LineString", "coordinates": [ [ 6.663208, 59.314272 ], [ 9.593811, 59.282019 ] ] } },
{ "type": "Feature", "properties": { "voltage_kv": 300.0, "from_node": 26, "to_node": 72, "length_km": 169.49962463311357, "delaunay_k": 4, "edge_set": "Delaunay4" }, "geometry": { "type": "LineString", "coordinates": [ [ 6.663208, 59.314272 ], [ 9.61441, 59.151995 ] ] } },
{ "type": "Feature", "properties": { "voltage_kv": 300.0, "from_node": 26, "to_node": 74, "length_km": 190.11456098124046, "delaunay_k": 4, "edge_set": "Delaunay4" }, "geometry": { "type": "LineString", "coordinates": [ [ 6.663208, 59.314272 ], [ 9.923401, 59.721792 ] ] } },
{ "type": "Feature", "properties": { "voltage_kv": 300.0, "from_node": 27, "to_node": 72, "length_km": 167.51166568901311, "delaunay_k": 4, "edge_set": "Delaunay4" }, "geometry": { "type": "LineString", "coordinates": [ [ 6.696167, 59.068096 ], [ 9.61441, 59.151995 ] ] } },
{ "type": "Feature", "properties": { "voltage_kv": 300.0, "from_node": 28, "to_node": 53, "length_km": 171.38216570230551, "delaunay_k": 4, "edge_set": "Delaunay4" }, "geometry": { "type": "LineString", "coordinates": [ [ 6.70166, 60.066211 ], [ 7.738495, 61.517456 ] ] } },
{ "type": "Feature", "properties": { "voltage_kv": 300.0, "from_node": 28, "to_node": 70, "length_km": 212.85464830425934, "delaunay_k": 4, "edge_set": "Delaunay4" }, "geometry": { "type": "LineString", "coordinates": [ [ 6.70166, 60.066211 ], [ 9.341125, 61.473546 ] ] } },
{ "type": "Feature", "properties": { "voltage_kv": 300.0, "from_node": 28, "to_node": 78, "length_km": 201.33705825699721, "delaunay_k": 4, "edge_set": "Delaunay4" }, "geometry": { "type": "LineString", "coordinates": [ [ 6.70166, 60.066211 ], [ 10.288696, 59.88687 ] ] } },
{ "type": "Feature", "properties": { "voltage_kv": 300.0, "from_node": 28, "to_node": 80, "length_km": 238.36694355481896, "delaunay_k": 4, "edge_set": "Delaunay4" }, "geometry": { "type": "LineString", "coordinates": [ [ 6.70166, 60.066211 ], [ 10.421906, 61.177019 ] ] } },
{ "type": "Feature", "properties": { "voltage_kv": 300.0, "from_node": 28, "to_node": 84, "length_km": 230.67902956776183, "delaunay_k": 4, "edge_set": "Delaunay4" }, "geometry": { "type": "LineString", "coordinates": [ [ 6.70166, 60.066211 ], [ 10.604553, 60.818808 ] ] } },
{ "type": "Feature", "properties": { "voltage_kv": 300.0, "from_node": 29, "to_node": 66, "length_km": 185.42990759511534, "delaunay_k": 4, "edge_set": "Delaunay4" }, "geometry": { "type": "LineString", "coordinates": [ [ 6.745605, 59.871019 ], [ 8.782196, 58.575413 ] ] } },
{ "type": "Feature", "properties": { "voltage_kv": 300.0, "from_node": 30, "to_node": 72, "length_km": 167.04441032539174, "delaunay_k": 4, "edge_set": "Delaunay4" }, "geometry": { "type": "LineString", "coordinates": [ [ 6.756592, 58.878393 ], [ 9.61441, 59.151995 ] ] } },
{ "type": "Feature", "properties": { "voltage_kv": 300.0, "from_node": 31, "to_node": 41, "length_km": 180.71629233838559, "delaunay_k": 4, "edge_set": "Delaunay4" }, "geometry": { "type": "LineString", "coordinates": [ [ 6.764832, 58.11344 ], [ 7.086182, 59.725947 ] ] } },
{ "type": "Feature", "properties": { "voltage_kv": 300.0, "from_node": 31, "to_node": 49, "length_km": 185.44530143715227, "delaunay_k": 4, "edge_set": "Delaunay4" }, "geometry": { "type": "LineString", "coordinates": [ [ 6.764832, 58.11344 ], [ 7.36908, 59.747402 ] ] } },
{ "type": "Feature", "properties": { "voltage_kv": 300.0, "from_node": 31, "to_node": 55, "length_km": 179.9175957907847, "delaunay_k": 4, "edge_set": "Delaunay4" }, "geometry": { "type": "LineString", "coordinates": [ [ 6.764832, 58.11344 ], [ 7.819519, 59.632352 ] ] } },
{ "type": "Feature", "properties": { "voltage_kv": 300.0, "from_node": 31, "to_node": 68, "length_km": 199.15367200932258, "delaunay_k": 4, "edge_set": "Delaunay4" }, "geometry": { "type": "LineString", "coordinates": [ [ 6.764832, 58.11344 ], [ 8.87558, 59.525961 ] ] } },
{ "type": "Feature", "properties": { "voltage_kv": 300.0, "from_node": 31, "to_node": 71, "length_km": 209.4573827950457, "delaunay_k": 4, "edge_set": "Delaunay4" }, "geometry": { "type": "LineString", "coordinates": [ [ 6.764832, 58.11344 ], [ 9.593811, 59.282019 ] ] } },
{ "type": "Feature", "properties": { "voltage_kv": 300.0, "from_node": 31, "to_node": 79, "length_km": 252.57170318427379, "delaunay_k": 4, "edge_set": "Delaunay4" }, "geometry": { "type": "LineString", "coordinates": [ [ 6.764832, 58.11344 ], [ 10.37796, 59.383584 ] ] } },
{ "type": "Feature", "properties": { "voltage_kv": 300.0, "from_node": 31, "to_node": 90, "length_km": 288.9672007511225, "delaunay_k": 4, "edge_set": "Delaunay4" }, "geometry": { "type": "LineString", "coordinates": [ [ 6.764832, 58.11344 ], [ 11.181335, 59.317776 ] ] } },
{ "type": "Feature", "properties": { "voltage_kv": 300.0, "from_node": 32, "to_node": 50, "length_km": 161.05640283447158, "delaunay_k": 4, "edge_set": "Delaunay4" }, "geometry": { "type": "LineString", "coordinates": [ [ 6.797791, 60.156543 ], [ 7.410278, 61.569805 ] ] } },
{ "type": "Feature", "properties": { "voltage_kv": 300.0, "from_node": 32, "to_node": 66, "length_km": 209.26932012974515, "delaunay_k": 4, "edge_set": "Delaunay4" }, "geometry": { "type": "LineString", "coordinates": [ [ 6.797791, 60.156543 ], [ 8.782196, 58.575413 ] ] } },
{ "type": "Feature", "properties": { "voltage_kv": 300.0, "from_node": 32, "to_node": 69, "length_km": 228.42656592249728, "delaunay_k": 4, "edge_set": "Delaunay4" }, "geometry": { "type": "LineString", "coordinates": [ [ 6.797791, 60.156543 ], [ 9.063721, 61.885931 ] ] } },
{ "type": "Feature", "properties": { "voltage_kv": 300.0, "from_node": 32, "to_node": 71, "length_km": 185.11223122855139, "delaunay_k": 4, "edge_set": "Delaunay4" }, "geometry": { "type": "LineString", "coordinates": [ [ 6.797791, 60.156543 ], [ 9.593811, 59.282019 ] ] } },
{ "type": "Feature", "properties": { "voltage_kv": 300.0, "from_node": 32, "to_node": 73, "length_km": 228.575565702208, "delaunay_k": 4, "edge_set": "Delaunay4" }, "geometry": { "type": "LineString", "coordinates": [ [ 6.797791, 60.156543 ], [ 9.821777, 61.582225 ] ] } },
{ "type": "Feature", "properties": { "voltage_kv": 300.0, "from_node": 32, "to_node": 74, "length_km": 181.36499172872283, "delaunay_k": 4, "edge_set": "Delaunay4" }, "geometry": { "type": "LineString", "coordinates": [ [ 6.797791, 60.156543 ], [ 9.923401, 59.721792 ] ] } },
{ "type": "Feature", "properties": { "voltage_kv": 300.0, "from_node": 32, "to_node": 77, "length_km": 237.07658652423851, "delaunay_k": 4, "edge_set": "Delaunay4" }, "geometry": { "type": "LineString", "coordinates": [ [ 6.797791, 60.156543 ], [ 10.134888, 61.525314 ] ] } },
{ "type": "Feature", "properties": { "voltage_kv": 300.0, "from_node": 32, "to_node": 81, "length_km": 212.210753145853, "delaunay_k": 4, "edge_set": "Delaunay4" }, "geometry": { "type": "LineString", "coordinates": [ [ 6.797791, 60.156543 ], [ 10.434265, 59.620547 ] ] } },
{ "type": "Feature", "properties": { "voltage_kv": 300.0, "from_node": 32, "to_node": 86, "length_km": 226.23865557215953, "delaunay_k": 4, "edge_set": "Delaunay4" }, "geometry": { "type": "LineString", "coordinates": [ [ 6.797791, 60.156543 ], [ 10.839386, 59.958448 ] ] } },
{ "type": "Feature", "properties": { "voltage_kv": 300.0, "from_node": 32, "to_node": 88, "length_km": 299.99861185111479, "delaunay_k": 4, "edge_set": "Delaunay4" }, "geometry": { "type": "LineString", "coordinates": [ [ 6.797791, 60.156543 ], [ 11.12915, 61.837358 ] ] } },
{ "type": "Feature", "properties": { "voltage_kv": 300.0, "from_node": 32, "to_node": 89, "length_km": 250.90807276879204, "delaunay_k": 4, "edge_set": "Delaunay4" }, "geometry": { "type": "LineString", "coordinates": [ [ 6.797791, 60.156543 ], [ 11.160736, 60.816799 ] ] } },
{ "type": "Feature", "properties": { "voltage_kv": 300.0, "from_node": 32, "to_node": 91, "length_km": 249.82704858592459, "delaunay_k": 4, "edge_set": "Delaunay4" }, "geometry": { "type": "LineString", "coordinates": [ [ 6.797791, 60.156543 ], [ 11.288452, 60.382648 ] ] } },
{ "type": "Feature", "properties": { "voltage_kv": 300.0, "from_node": 33, "to_node": 71, "length_km": 173.88855698571257, "delaunay_k": 4, "edge_set": "Delaunay4" }, "geometry": { "type": "LineString", "coordinates": [ [ 6.82251, 58.659799 ], [ 9.593811, 59.282019 ] ] } },
{ "type": "Feature", "properties": { "voltage_kv": 300.0, "from_node": 33, "to_node": 79, "length_km": 219.60406320100336, "delaunay_k": 4, "edge_set": "Delaunay4" }, "geometry": { "type": "LineString", "coordinates": [ [ 6.82251, 58.659799 ], [ 10.37796, 59.383584 ] ] } },
{ "type": "Feature", "properties": { "voltage_kv": 300.0, "from_node": 33, "to_node": 90, "length_km": 261.12552473815686, "delaunay_k": 4, "edge_set": "Delaunay4" }, "geometry": { "type": "LineString", "coordinates": [ [ 6.82251, 58.659799 ], [ 11.181335, 59.317776 ] ] } },
{ "type": "Feature", "properties": { "voltage_kv": 300.0, "from_node": 34, "to_node": 37, "length_km": 155.22710358890575, "delaunay_k": 4, "edge_set": "Delaunay4" }, "geometry": { "type": "LineString", "coordinates": [ [ 6.871948, 61.10278 ], [ 6.904907, 59.710712 ] ] } },
{ "type": "Feature", "properties": { "voltage_kv": 300.0, "from_node": 34, "to_node": 49, "length_km": 153.57745477416799, "delaunay_k": 4, "edge_set": "Delaunay4" }, "geometry": { "type": "LineString", "coordinates": [ [ 6.871948, 61.10278 ], [ 7.36908, 59.747402 ] ] } },
{ "type": "Feature", "properties": { "voltage_kv": 300.0, "from_node": 34, "to_node": 55, "length_km": 172.07087105832673, "delaunay_k": 4, "edge_set": "Delaunay4" }, "geometry": { "type": "LineString", "coordinates": [ [ 6.871948, 61.10278 ], [ 7.819519, 59.632352 ] ] } },
{ "type": "Feature", "properties": { "voltage_kv": 300.0, "from_node": 34, "to_node": 65, "length_km": 168.02993470855617, "delaunay_k": 4, "edge_set": "Delaunay4" }, "geometry": { "type": "LineString", "coordinates": [ [ 6.871948, 61.10278 ], [ 8.760223, 59.917172 ] ] } },
{ "type": "Feature", "properties": { "voltage_kv": 300.0, "from_node": 34, "to_node": 68, "length_km": 207.74685999936409, "delaunay_k": 4, "edge_set": "Delaunay4" }, "geometry": { "type": "LineString", "coordinates": [ [ 6.871948, 61.10278 ], [ 8.87558, 59.525961 ] ] } },
{ "type": "Feature", "properties": { "voltage_kv": 300.0, "from_node": 34, "to_node": 73, "length_km": 166.72034254313229, "delaunay_k": 4, "edge_set": "Delaunay4" }, "geometry": { "type": "LineString", "coordinates": [ [ 6.871948, 61.10278 ], [ 9.821777, 61.582225 ] ] } },
{ "type": "Feature", "properties": { "voltage_kv": 300.0, "from_node": 34, "to_node": 75, "length_km": 289.60062577053657, "delaunay_k": 4, "edge_set": "Delaunay4" }, "geometry": { "type": "LineString", "coordinates": [ [ 6.871948, 61.10278 ], [ 9.933014, 63.271947 ] ] } },
{ "type": "Feature", "properties": { "voltage_kv": 300.0, "from_node": 34, "to_node": 77, "length_km": 181.06947656609296, "delaunay_k": 4, "edge_set": "Delaunay4" }, "geometry": { "type": "LineString", "coordinates": [ [ 6.871948, 61.10278 ], [ 10.134888, 61.525314 ] ] } },
{ "type": "Feature", "properties": { "voltage_kv": 300.0, "from_node": 34, "to_node": 78, "length_km": 231.5911398551662, "delaunay_k": 4, "edge_set": "Delaunay4" }, "geometry": { "type": "LineString", "coordinates": [ [ 6.871948, 61.10278 ], [ 10.288696, 59.88687 ] ] } },
{ "type": "Feature", "properties": { "voltage_kv": 300.0, "from_node": 34, "to_node": 80, "length_km": 191.44563176521899, "delaunay_k": 4, "edge_set": "Delaunay4" }, "geometry": { "type": "LineString", "coordinates": [ [ 6.871948, 61.10278 ], [ 10.421906, 61.177019 ] ] } },
{ "type": "Feature", "properties": { "voltage_kv": 300.0, "from_node": 34, "to_node": 84, "length_km": 204.70010048359941, "delaunay_k": 4, "edge_set": "Delaunay4" }, "geometry": { "type": "LineString", "coordinates": [ [ 6.871948, 61.10278 ], [ 10.604553, 60.818808 ] ] } },
{ "type": "Feature", "properties": { "voltage_kv": 300.0, "from_node": 34, "to_node": 88, "length_km": 241.25307221979608, "delaunay_k": 4, "edge_set": "Delaunay4" }, "geometry": { "type": "LineString", "coordinates": [ [ 6.871948, 61.10278 ], [ 11.12915, 61.837358 ] ] } },
{ "type": "Feature", "properties": { "voltage_kv": 300.0, "from_node": 35, "to_node": 71, "length_km": 155.75878243718708, "delaunay_k": 4, "edge_set": "Delaunay4" }, "geometry": { "type": "LineString", "coordinates": [ [ 6.889801, 59.110423 ], [ 9.593811, 59.282019 ] ] } },
{ "type": "Feature", "properties": { "voltage_kv": 300.0, "from_node": 35, "to_node": 74, "length_km": 185.27286459362369, "delaunay_k": 4, "edge_set": "Delaunay4" }, "geometry": { "type": "LineString", "coordinates": [ [ 6.889801, 59.110423 ], [ 9.923401, 59.721792 ] ] } },
{ "type": "Feature", "properties": { "voltage_kv": 300.0, "from_node": 35, "to_node": 79, "length_km": 201.40072253299437, "delaunay_k": 4, "edge_set": "Delaunay4" }, "geometry": { "type": "LineString", "coordinates": [ [ 6.889801, 59.110423 ], [ 10.37796, 59.383584 ] ] } },
{ "type": "Feature", "properties": { "voltage_kv": 300.0, "from_node": 35, "to_node": 90, "length_km": 246.23444211317477, "delaunay_k": 4, "edge_set": "Delaunay4" }, "geometry": { "type": "LineString", "coordinates": [ [ 6.889801, 59.110423 ], [ 11.181335, 59.317776 ] ] } },
{ "type": "Feature", "properties": { "voltage_kv": 300.0, "from_node": 36, "to_node": 65, "length_km": 155.48188144718324, "delaunay_k": 4, "edge_set": "Delaunay4" }, "geometry": { "type": "LineString", "coordinates": [ [ 6.892548, 58.897552 ], [ 8.760223, 59.917172 ] ] } },
{ "type": "Feature", "properties": { "voltage_kv": 300.0, "from_node": 36, "to_node": 71, "length_km": 160.71819093687921, "delaunay_k": 4, "edge_set": "Delaunay4" }, "geometry": { "type": "LineString", "coordinates": [ [ 6.892548, 58.897552 ], [ 9.593811, 59.282019 ] ] } },
{ "type": "Feature", "properties": { "voltage_kv": 300.0, "from_node": 36, "to_node": 74, "length_km": 195.58042334269788, "delaunay_k": 4, "edge_set": "Delaunay4" }, "geometry": { "type": "LineString", "coordinates": [ [ 6.892548, 58.897552 ], [ 9.923401, 59.721792 ] ] } },
{ "type": "Feature", "properties": { "voltage_kv": 300.0, "from_node": 36, "to_node": 79, "length_km": 206.76636470663402, "delaunay_k": 4, "edge_set": "Delaunay4" }, "geometry": { "type": "LineString", "coordinates": [ [ 6.892548, 58.897552 ], [ 10.37796, 59.383584 ] ] } },
{ "type": "Feature", "properties": { "voltage_kv": 300.0, "from_node": 36, "to_node": 90, "length_km": 250.1713367525978, "delaunay_k": 4, "edge_set": "Delaunay4" }, "geometry": { "type": "LineString", "coordinates": [ [ 6.892548, 58.897552 ], [ 11.181335, 59.317776 ] ] } },
{ "type": "Feature", "properties": { "voltage_kv": 300.0, "from_node": 37, "to_node": 47, "length_km": 168.50528877132746, "delaunay_k": 4, "edge_set": "Delaunay4" }, "geometry": { "type": "LineString", "coordinates": [ [ 6.904907, 59.710712 ], [ 7.338867, 61.206798 ] ] } },
{ "type": "Feature", "properties": { "voltage_kv": 300.0, "from_node": 37, "to_node": 56, "length_km": 158.41486624893096, "delaunay_k": 4, "edge_set": "Delaunay4" }, "geometry": { "type": "LineString", "coordinates": [ [ 6.904907, 59.710712 ], [ 7.892303, 61.044991 ] ] } },
{ "type": "Feature", "properties": { "voltage_kv": 300.0, "from_node": 37, "to_node": 59, "length_km": 177.35300664383331, "delaunay_k": 4, "edge_set": "Delaunay4" }, "geometry": { "type": "LineString", "coordinates": [ [ 6.904907, 59.710712 ], [ 8.102417, 58.2445 ] ] } },
{ "type": "Feature", "properties": { "voltage_kv": 300.0, "from_node": 37, "to_node": 63, "length_km": 156.48124303871731, "delaunay_k": 4, "edge_set": "Delaunay4" }, "geometry": { "type": "LineString", "coordinates": [ [ 6.904907, 59.710712 ], [ 8.690186, 60.798714 ] ] } },
{ "type": "Feature", "properties": { "voltage_kv": 300.0, "from_node": 37, "to_node": 71, "length_km": 159.67684451646835, "delaunay_k": 4, "edge_set": "Delaunay4" }, "geometry": { "type": "LineString", "coordinates": [ [ 6.904907, 59.710712 ], [ 9.593811, 59.282019 ] ] } },
{ "type": "Feature", "properties": { "voltage_kv": 300.0, "from_node": 37, "to_node": 72, "length_km": 165.94615362460621, "delaunay_k": 4, "edge_set": "Delaunay4" }, "geometry": { "type": "LineString", "coordinates": [ [ 6.904907, 59.710712 ], [ 9.61441, 59.151995 ] ] } },
{ "type": "Feature", "properties": { "voltage_kv": 300.0, "from_node": 37, "to_node": 74, "length_km": 169.92314107070433, "delaunay_k": 4, "edge_set": "Delaunay4" }, "geometry": { "type": "LineString", "coordinates": [ [ 6.904907, 59.710712 ], [ 9.923401, 59.721792 ] ] } },
{ "type": "Feature", "properties": { "voltage_kv": 300.0, "from_node": 38, "to_node": 46, "length_km": 159.44749007368998, "delaunay_k": 4, "edge_set": "Delaunay4" }, "geometry": { "type": "LineString", "coordinates": [ [ 6.968079, 59.837916 ], [ 7.293549, 61.259009 ] ] } },
{ "type": "Feature", "properties": { "voltage_kv": 300.0, "from_node": 38, "to_node": 52, "length_km": 164.239050382892, "delaunay_k": 4, "edge_set": "Delaunay4" }, "geometry": { "type": "LineString", "coordinates": [ [ 6.968079, 59.837916 ], [ 7.439117, 61.292669 ] ] } },
{ "type": "Feature", "properties": { "voltage_kv": 300.0, "from_node": 38, "to_node": 53, "length_km": 191.92741884342459, "delaunay_k": 4, "edge_set": "Delaunay4" }, "geometry": { "type": "LineString", "coordinates": [ [ 6.968079, 59.837916 ], [ 7.738495, 61.517456 ] ] } },
{ "type": "Feature", "properties": { "voltage_kv": 300.0, "from_node": 38, "to_node": 66, "length_km": 174.77440629182803, "delaunay_k": 4, "edge_set": "Delaunay4" }, "geometry": { "type": "LineString", "coordinates": [ [ 6.968079, 59.837916 ], [ 8.782196, 58.575413 ] ] } },
{ "type": "Feature", "properties": { "voltage_kv": 300.0, "from_node": 38, "to_node": 70, "length_km": 223.79569191073341, "delaunay_k": 4, "edge_set": "Delaunay4" }, "geometry": { "type": "LineString", "coordinates": [ [ 6.968079, 59.837916 ], [ 9.341125, 61.473546 ] ] } },
{ "type": "Feature", "properties": { "voltage_kv": 300.0, "from_node": 38, "to_node": 78, "length_km": 186.17880725235148, "delaunay_k": 4, "edge_set": "Delaunay4" }, "geometry": { "type": "LineString", "coordinates": [ [ 6.968079, 59.837916 ], [ 10.288696, 59.88687 ] ] } },
{ "type": "Feature", "properties": { "voltage_kv": 300.0, "from_node": 38, "to_node": 80, "length_km": 241.41760027818802, "delaunay_k": 4, "edge_set": "Delaunay4" }, "geometry": { "type": "LineString", "coordinates": [ [ 6.968079, 59.837916 ], [ 10.421906, 61.177019 ] ] } },
{ "type": "Feature", "properties": { "voltage_kv": 300.0, "from_node": 38, "to_node": 84, "length_km": 228.72562890554781, "delaunay_k": 4, "edge_set": "Delaunay4" }, "geometry": { "type": "LineString", "coordinates": [ [ 6.968079, 59.837916 ], [ 10.604553, 60.818808 ] ] } },
{ "type": "Feature", "properties": { "voltage_kv": 300.0, "from_node": 39, "to_node": 41, "length_km": 161.19611922593086, "delaunay_k": 4, "edge_set": "Delaunay4" }, "geometry": { "type": "LineString", "coordinates": [ [ 7.001038, 58.28062 ], [ 7.086182, 59.725947 ] ] } },
{ "type": "Feature", "properties": { "voltage_kv": 300.0, "from_node": 39, "to_node": 49, "length_km": 164.86891939343892, "delaunay_k": 4, "edge_set": "Delaunay4" }, "geometry": { "type": "LineString", "coordinates": [ [ 7.001038, 58.28062 ], [ 7.36908, 59.747402 ] ] } },
{ "type": "Feature", "properties": { "voltage_kv": 300.0, "from_node": 39, "to_node": 55, "length_km": 157.86623041711007, "delaunay_k": 4, "edge_set": "Delaunay4" }, "geometry": { "type": "LineString", "coordinates": [ [ 7.001038, 58.28062 ], [ 7.819519, 59.632352 ] ] } },
{ "type": "Feature", "properties": { "voltage_kv": 300.0, "from_node": 39, "to_node": 68, "length_km": 175.90354204566589, "delaunay_k": 4, "edge_set": "Delaunay4" }, "geometry": { "type": "LineString", "coordinates": [ [ 7.001038, 58.28062 ], [ 8.87558, 59.525961 ] ] } },
{ "type": "Feature", "properties": { "voltage_kv": 300.0, "from_node": 39, "to_node": 71, "length_km": 186.95541160325214, "delaunay_k": 4, "edge_set": "Delaunay4" }, "geometry": { "type": "LineString", "coordinates": [ [ 7.001038, 58.28062 ], [ 9.593811, 59.282019 ] ] } },
{ "type": "Feature", "properties": { "voltage_kv": 300.0, "from_node": 39, "to_node": 79, "length_km": 230.54173504333201, "delaunay_k": 4, "edge_set": "Delaunay4" }, "geometry": { "type": "LineString", "coordinates": [ [ 7.001038, 58.28062 ], [ 10.37796, 59.383584 ] ] } },
{ "type": "Feature", "properties": { "voltage_kv": 300.0, "from_node": 39, "to_node": 90, "length_km": 267.86772319572481, "delaunay_k": 4, "edge_set": "Delaunay4" }, "geometry": { "type": "LineString", "coordinates": [ [ 7.001038, 58.28062 ], [ 11.181335, 59.317776 ] ] } },
{ "type": "Feature", "properties": { "voltage_kv": 300.0, "from_node": 40, "to_node": 47, "length_km": 159.9476211692718, "delaunay_k": 4, "edge_set": "Delaunay4" }, "geometry": { "type": "LineString", "coordinates": [ [ 7.080688, 59.777831 ], [ 7.338867, 61.206798 ] ] } },
{ "type": "Feature", "properties": { "voltage_kv": 300.0, "from_node": 40, "to_node": 52, "length_km": 170.03155410713075, "delaunay_k": 4, "edge_set": "Delaunay4" }, "geometry": { "type": "LineString", "coordinates": [ [ 7.080688, 59.777831 ], [ 7.439117, 61.292669 ] ] } },
{ "type": "Feature", "properties": { "voltage_kv": 300.0, "from_node": 40, "to_node": 53, "length_km": 197.25576497000714, "delaunay_k": 4, "edge_set": "Delaunay4" }, "geometry": { "type": "LineString", "coordinates": [ [ 7.080688, 59.777831 ], [ 7.738495, 61.517456 ] ] } },
{ "type": "Feature", "properties": { "voltage_kv": 300.0, "from_node": 40, "to_node": 59, "length_km": 180.70880887785967, "delaunay_k": 4, "edge_set": "Delaunay4" }, "geometry": { "type": "LineString", "coordinates": [ [ 7.080688, 59.777831 ], [ 8.102417, 58.2445 ] ] } },
{ "type": "Feature", "properties": { "voltage_kv": 300.0, "from_node": 40, "to_node": 70, "length_km": 225.91355669250257, "delaunay_k": 4, "edge_set": "Delaunay4" }, "geometry": { "type": "LineString", "coordinates": [ [ 7.080688, 59.777831 ], [ 9.341125, 61.473546 ] ] } },
{ "type": "Feature", "properties": { "voltage_kv": 300.0, "from_node": 40, "to_node": 72, "length_km": 159.72773854764984, "delaunay_k": 4, "edge_set": "Delaunay4" }, "geometry": { "type": "LineString", "coordinates": [ [ 7.080688, 59.777831 ], [ 9.61441, 59.151995 ] ] } },
{ "type": "Feature", "properties": { "voltage_kv": 300.0, "from_node": 40, "to_node": 74, "length_km": 159.98287462274024, "delaunay_k": 4, "edge_set": "Delaunay4" }, "geometry": { "type": "LineString", "coordinates": [ [ 7.080688, 59.777831 ], [ 9.923401, 59.721792 ] ] } },
{ "type": "Feature", "properties": { "voltage_kv": 300.0, "from_node": 40, "to_node": 78, "length_km": 180.35849353250794, "delaunay_k": 4, "edge_set": "Delaunay4" }, "geometry": { "type": "LineString", "coordinates": [ [ 7.080688, 59.777831 ], [ 10.288696, 59.88687 ] ] } },
{ "type": "Feature", "properties": { "voltage_kv": 300.0, "from_node": 40, "to_node": 80, "length_km": 240.99039498875914, "delaunay_k": 4, "edge_set": "Delaunay4" }, "geometry": { "type": "LineString", "coordinates": [ [ 7.080688, 59.777831 ], [ 10.421906, 61.177019 ] ] } },
{ "type": "Feature", "properties": { "voltage_kv": 300.0, "from_node": 40, "to_node": 84, "length_km": 226.78378768118176, "delaunay_k": 4, "edge_set": "Delaunay4" }, "geometry": { "type": "LineString", "coordinates": [ [ 7.080688, 59.777831 ], [ 10.604553, 60.818808 ] ] } },
{ "type": "Feature", "properties": { "voltage_kv": 300.0, "from_node": 41, "to_node": 56, "length_km": 153.62525168458137, "delaunay_k": 4, "edge_set": "Delaunay4" }, "geometry": { "type": "LineString", "coordinates": [ [ 7.086182, 59.725947 ], [ 7.892303, 61.044991 ] ] } },
{ "type": "Feature", "properties": { "voltage_kv": 300.0, "from_node": 41, "to_node": 76, "length_km": 172.37596171633845, "delaunay_k": 4, "edge_set": "Delaunay4" }, "geometry": { "type": "LineString", "coordinates": [ [ 7.086182, 59.725947 ], [ 10.122528, 59.553808 ] ] } },
{ "type": "Feature", "properties": { "voltage_kv": 300.0, "from_node": 41, "to_node": 78, "length_km": 180.67220716102096, "delaunay_k": 4, "edge_set": "Delaunay4" }, "geometry": { "type": "LineString", "coordinates": [ [ 7.086182, 59.725947 ], [ 10.288696, 59.88687 ] ] } },
{ "type": "Feature", "properties": { "voltage_kv": 300.0, "from_node": 41, "to_node": 79, "length_km": 190.0464484403924, "delaunay_k": 4, "edge_set": "Delaunay4" }, "geometry": { "type": "LineString", "coordinates": [ [ 7.086182, 59.725947 ], [ 10.37796, 59.383584 ] ] } },
{ "type": "Feature", "properties": { "voltage_kv": 300.0, "from_node": 41, "to_node": 81, "length_km": 189.06255869228062, "delaunay_k": 4, "edge_set": "Delaunay4" }, "geometry": { "type": "LineString", "coordinates": [ [ 7.086182, 59.725947 ], [ 10.434265, 59.620547 ] ] } },
{ "type": "Feature", "properties": { "voltage_kv": 300.0, "from_node": 41, "to_node": 90, "length_km": 236.23358758682389, "delaunay_k": 4, "edge_set": "Delaunay4" }, "geometry": { "type": "LineString", "coordinates": [ [ 7.086182, 59.725947 ], [ 11.181335, 59.317776 ] ] } },
{ "type": "Feature", "properties": { "voltage_kv": 300.0, "from_node": 42, "to_node": 74, "length_km": 187.78408932178456, "delaunay_k": 4, "edge_set": "Delaunay4" }, "geometry": { "type": "LineString", "coordinates": [ [ 7.115021, 58.841464 ], [ 9.923401, 59.721792 ] ] } },
{ "type": "Feature", "properties": { "voltage_kv": 300.0, "from_node": 42, "to_node": 76, "length_km": 189.34074019872028, "delaunay_k": 4, "edge_set": "Delaunay4" }, "geometry": { "type": "LineString", "coordinates": [ [ 7.115021, 58.841464 ], [ 10.122528, 59.553808 ] ] } },
{ "type": "Feature", "properties": { "voltage_kv": 300.0, "from_node": 42, "to_node": 81, "length_km": 208.45737131769192, "delaunay_k": 4, "edge_set": "Delaunay4" }, "geometry": { "type": "LineString", "coordinates": [ [ 7.115021, 58.841464 ], [ 10.434265, 59.620547 ] ] } },
{ "type": "Feature", "properties": { "voltage_kv": 300.0, "from_node": 42, "to_node": 85, "length_km": 221.93534995242754, "delaunay_k": 4, "edge_set": "Delaunay4" }, "geometry": { "type": "LineString", "coordinates": [ [ 7.115021, 58.841464 ], [ 10.770721, 59.509939 ] ] } },
{ "type": "Feature", "properties": { "voltage_kv": 300.0, "from_node": 42, "to_node": 86, "length_km": 245.46686859017848, "delaunay_k": 4, "edge_set": "Delaunay4" }, "geometry": { "type": "LineString", "coordinates": [ [ 7.115021, 58.841464 ], [ 10.839386, 59.958448 ] ] } },
{ "type": "Feature", "properties": { "voltage_kv": 300.0, "from_node": 42, "to_node": 91, "length_km": 291.50868218920033, "delaunay_k": 4, "edge_set": "Delaunay4" }, "geometry": { "type": "LineString", "coordinates": [ [ 7.115021, 58.841464 ], [ 11.288452, 60.382648 ] ] } },
{ "type": "Feature", "properties": { "voltage_kv": 300.0, "from_node": 43, "to_node": 58, "length_km": 165.37190829377286, "delaunay_k": 4, "edge_set": "Delaunay4" }, "geometry": { "type": "LineString", "coordinates": [ [ 7.119141, 59.110423 ], [ 8.088684, 60.511343 ] ] } },
{ "type": "Feature", "properties": { "voltage_kv": 300.0, "from_node": 43, "to_node": 64, "length_km": 188.96663590235951, "delaunay_k": 4, "edge_set": "Delaunay4" }, "geometry": { "type": "LineString", "coordinates": [ [ 7.119141, 59.110423 ], [ 8.75885, 60.591688 ] ] } },
{ "type": "Feature", "properties": { "voltage_kv": 300.0, "from_node": 43, "to_node": 76, "length_km": 177.98780430983936, "delaunay_k": 4, "edge_set": "Delaunay4" }, "geometry": { "type": "LineString", "coordinates": [ [ 7.119141, 59.110423 ], [ 10.122528, 59.553808 ] ] } },
{ "type": "Feature", "properties": { "voltage_kv": 300.0, "from_node": 43, "to_node": 78, "length_km": 199.31619659616689, "delaunay_k": 4, "edge_set": "Delaunay4" }, "geometry": { "type": "LineString", "coordinates": [ [ 7.119141, 59.110423 ], [ 10.288696, 59.88687 ] ] } },
{ "type": "Feature", "properties": { "voltage_kv": 300.0, "from_node": 43, "to_node": 79, "length_km": 188.46903107420877, "delaunay_k": 4, "edge_set": "Delaunay4" }, "geometry": { "type": "LineString", "coordinates": [ [ 7.119141, 59.110423 ], [ 10.37796, 59.383584 ] ] } },
{ "type": "Feature", "properties": { "voltage_kv": 300.0, "from_node": 43, "to_node": 81, "length_km": 196.92850458238402, "delaunay_k": 4, "edge_set": "Delaunay4" }, "geometry": { "type": "LineString", "coordinates": [ [ 7.119141, 59.110423 ], [ 10.434265, 59.620547 ] ] } },
{ "type": "Feature", "properties": { "voltage_kv": 300.0, "from_node": 43, "to_node": 90, "length_km": 233.19265371093499, "delaunay_k": 4, "edge_set": "Delaunay4" }, "geometry": { "type": "LineString", "coordinates": [ [ 7.119141, 59.110423 ], [ 11.181335, 59.317776 ] ] } },
{ "type": "Feature", "properties": { "voltage_kv": 300.0, "from_node": 44, "to_node": 58, "length_km": 177.61730829365487, "delaunay_k": 4, "edge_set": "Delaunay4" }, "geometry": { "type": "LineString", "coordinates": [ [ 7.120514, 58.994604 ], [ 8.088684, 60.511343 ] ] } },
{ "type": "Feature", "properties": { "voltage_kv": 300.0, "from_node": 44, "to_node": 64, "length_km": 200.37908064923582, "delaunay_k": 4, "edge_set": "Delaunay4" }, "geometry": { "type": "LineString", "coordinates": [ [ 7.120514, 58.994604 ], [ 8.75885, 60.591688 ] ] } },
{ "type": "Feature", "properties": { "voltage_kv": 300.0, "from_node": 44, "to_node": 76, "length_km": 182.19113936986201, "delaunay_k": 4, "edge_set": "Delaunay4" }, "geometry": { "type": "LineString", "coordinates": [ [ 7.120514, 58.994604 ], [ 10.122528, 59.553808 ] ] } },
{ "type": "Feature", "properties": { "voltage_kv": 300.0, "from_node": 44, "to_node": 78, "length_km": 205.44584484722208, "delaunay_k": 4, "edge_set": "Delaunay4" }, "geometry": { "type": "LineString", "coordinates": [ [ 7.120514, 58.994604 ], [ 10.288696, 59.88687 ] ] } },
{ "type": "Feature", "properties": { "voltage_kv": 300.0, "from_node": 44, "to_node": 81, "length_km": 201.25933651774884, "delaunay_k": 4, "edge_set": "Delaunay4" }, "geometry": { "type": "LineString", "coordinates": [ [ 7.120514, 58.994604 ], [ 10.434265, 59.620547 ] ] } },
{ "type": "Feature", "properties": { "voltage_kv": 300.0, "from_node": 44, "to_node": 85, "length_km": 216.0557173216408, "delaunay_k": 4, "edge_set": "Delaunay4" }, "geometry": { "type": "LineString", "coordinates": [ [ 7.120514, 58.994604 ], [ 10.770721, 59.509939 ] ] } },
{ "type": "Feature", "properties": { "voltage_kv": 300.0, "from_node": 44, "to_node": 86, "length_km": 236.57422068539267, "delaunay_k": 4, "edge_set": "Delaunay4" }, "geometry": { "type": "LineString", "coordinates": [ [ 7.120514, 58.994604 ], [ 10.839386, 59.958448 ] ] } },
{ "type": "Feature", "properties": { "voltage_kv": 300.0, "from_node": 44, "to_node": 91, "length_km": 281.09729762832706, "delaunay_k": 4, "edge_set": "Delaunay4" }, "geometry": { "type": "LineString", "coordinates": [ [ 7.120514, 58.994604 ], [ 11.288452, 60.382648 ] ] } },
{ "type": "Feature", "properties": { "voltage_kv": 300.0, "from_node": 45, "to_node": 57, "length_km": 170.69663480552742, "delaunay_k": 4, "edge_set": "Delaunay4" }, "geometry": { "type": "LineString", "coordinates": [ [ 7.216644, 60.950443 ], [ 7.901917, 59.457639 ] ] } },
{ "type": "Feature", "properties": { "voltage_kv": 300.0, "from_node": 45, "to_node": 61, "length_km": 203.98577516644377, "delaunay_k": 4, "edge_set": "Delaunay4" }, "geometry": { "type": "LineString", "coordinates": [ [ 7.216644, 60.950443 ], [ 8.480072, 62.679816 ] ] } },
{ "type": "Feature", "properties": { "voltage_kv": 300.0, "from_node": 45, "to_node": 67, "length_km": 193.46187951203297, "delaunay_k": 4, "edge_set": "Delaunay4" }, "geometry": { "type": "LineString", "coordinates": [ [ 7.216644, 60.950443 ], [ 8.87146, 59.422728 ] ] } },
{ "type": "Feature", "properties": { "voltage_kv": 300.0, "from_node": 45, "to_node": 71, "length_km": 228.13519052534127, "delaunay_k": 4, "edge_set": "Delaunay4" }, "geometry": { "type": "LineString", "coordinates": [ [ 7.216644, 60.950443 ], [ 9.593811, 59.282019 ] ] } },
{ "type": "Feature", "properties": { "voltage_kv": 300.0, "from_node": 45, "to_node": 74, "length_km": 202.74047776228636, "delaunay_k": 4, "edge_set": "Delaunay4" }, "geometry": { "type": "LineString", "coordinates": [ [ 7.216644, 60.950443 ], [ 9.923401, 59.721792 ] ] } },
{ "type": "Feature", "properties": { "voltage_kv": 300.0, "from_node": 45, "to_node": 81, "length_km": 231.61242007836631, "delaunay_k": 4, "edge_set": "Delaunay4" }, "geometry": { "type": "LineString", "coordinates": [ [ 7.216644, 60.950443 ], [ 10.434265, 59.620547 ] ] } },
{ "type": "Feature", "properties": { "voltage_kv": 300.0, "from_node": 45, "to_node": 86, "length_km": 227.96664607961151, "delaunay_k": 4, "edge_set": "Delaunay4" }, "geometry": { "type": "LineString", "coordinates": [ [ 7.216644, 60.950443 ], [ 10.839386, 59.958448 ] ] } },
{ "type": "Feature", "properties": { "voltage_kv": 300.0, "from_node": 45, "to_node": 88, "length_km": 231.25389530130334, "delaunay_k": 4, "edge_set": "Delaunay4" }, "geometry": { "type": "LineString", "coordinates": [ [ 7.216644, 60.950443 ], [ 11.12915, 61.837358 ] ] } },
{ "type": "Feature", "properties": { "voltage_kv": 300.0, "from_node": 45, "to_node": 89, "length_km": 214.71540463511732, "delaunay_k": 4, "edge_set": "Delaunay4" }, "geometry": { "type": "LineString", "coordinates": [ [ 7.216644, 60.950443 ], [ 11.160736, 60.816799 ] ] } },
{ "type": "Feature", "properties": { "voltage_kv": 300.0, "from_node": 45, "to_node": 91, "length_km": 231.44054517490301, "delaunay_k": 4, "edge_set": "Delaunay4" }, "geometry": { "type": "LineString", "coordinates": [ [ 7.216644, 60.950443 ], [ 11.288452, 60.382648 ] ] } },
{ "type": "Feature", "properties": { "voltage_kv": 300.0, "from_node": 46, "to_node": 48, "length_km": 162.07156814187653, "delaunay_k": 4, "edge_set": "Delaunay4" }, "geometry": { "type": "LineString", "coordinates": [ [ 7.293549, 61.259009 ], [ 7.34024, 59.805469 ] ] } },
{ "type": "Feature", "properties": { "voltage_kv": 300.0, "from_node": 46, "to_node": 54, "length_km": 166.90351872462637, "delaunay_k": 4, "edge_set": "Delaunay4" }, "geometry": { "type": "LineString", "coordinates": [ [ 7.293549, 61.259009 ], [ 7.772827, 59.780596 ] ] } },
{ "type": "Feature", "properties": { "voltage_kv": 300.0, "from_node": 46, "to_node": 62, "length_km": 164.57139947179647, "delaunay_k": 4, "edge_set": "Delaunay4" }, "geometry": { "type": "LineString", "coordinates": [ [ 7.293549, 61.259009 ], [ 8.524017, 59.912353 ] ] } },
{ "type": "Feature", "properties": { "voltage_kv": 300.0, "from_node": 46, "to_node": 77, "length_km": 154.73937972302861, "delaunay_k": 4, "edge_set": "Delaunay4" }, "geometry": { "type": "LineString", "coordinates": [ [ 7.293549, 61.259009 ], [ 10.134888, 61.525314 ] ] } },
{ "type": "Feature", "properties": { "voltage_kv": 300.0, "from_node": 46, "to_node": 80, "length_km": 168.3795275315594, "delaunay_k": 4, "edge_set": "Delaunay4" }, "geometry": { "type": "LineString", "coordinates": [ [ 7.293549, 61.259009 ], [ 10.421906, 61.177019 ] ] } },
{ "type": "Feature", "properties": { "voltage_kv": 300.0, "from_node": 46, "to_node": 82, "length_km": 289.13528151261983, "delaunay_k": 4, "edge_set": "Delaunay4" }, "geometry": { "type": "LineString", "coordinates": [ [ 7.293549, 61.259009 ], [ 10.439758, 63.401361 ] ] } },
{ "type": "Feature", "properties": { "voltage_kv": 300.0, "from_node": 46, "to_node": 83, "length_km": 278.53320793695804, "delaunay_k": 4, "edge_set": "Delaunay4" }, "geometry": { "type": "LineString", "coordinates": [ [ 7.293549, 61.259009 ], [ 10.457611, 63.276888 ] ] } },
{ "type": "Feature", "properties": { "voltage_kv": 300.0, "from_node": 46, "to_node": 89, "length_km": 214.73313679255511, "delaunay_k": 4, "edge_set": "Delaunay4" }, "geometry": { "type": "LineString", "coordinates": [ [ 7.293549, 61.259009 ], [ 11.160736, 60.816799 ] ] } },
{ "type": "Feature", "properties": { "voltage_kv": 300.0, "from_node": 47, "to_node": 49, "length_km": 162.70985258246793, "delaunay_k": 4, "edge_set": "Delaunay4" }, "geometry": { "type": "LineString", "coordinates": [ [ 7.338867, 61.206798 ], [ 7.36908, 59.747402 ] ] } },
{ "type": "Feature", "properties": { "voltage_kv": 300.0, "from_node": 47, "to_node": 55, "length_km": 177.50214667646117, "delaunay_k": 4, "edge_set": "Delaunay4" }, "geometry": { "type": "LineString", "coordinates": [ [ 7.338867, 61.206798 ], [ 7.819519, 59.632352 ] ] } },
{ "type": "Feature", "properties": { "voltage_kv": 300.0, "from_node": 47, "to_node": 65, "length_km": 163.53611984192949, "delaunay_k": 4, "edge_set": "Delaunay4" }, "geometry": { "type": "LineString", "coordinates": [ [ 7.338867, 61.206798 ], [ 8.760223, 59.917172 ] ] } },
{ "type": "Feature", "properties": { "voltage_kv": 300.0, "from_node": 47, "to_node": 68, "length_km": 205.6463685211744, "delaunay_k": 4, "edge_set": "Delaunay4" }, "geometry": { "type": "LineString", "coordinates": [ [ 7.338867, 61.206798 ], [ 8.87558, 59.525961 ] ] } },
{ "type": "Feature", "properties": { "voltage_kv": 300.0, "from_node": 47, "to_node": 75, "length_km": 266.78408592919499, "delaunay_k": 4, "edge_set": "Delaunay4" }, "geometry": { "type": "LineString", "coordinates": [ [ 7.338867, 61.206798 ], [ 9.933014, 63.271947 ] ] } },
{ "type": "Feature", "properties": { "voltage_kv": 300.0, "from_node": 47, "to_node": 78, "length_km": 218.72579104052448, "delaunay_k": 4, "edge_set": "Delaunay4" }, "geometry": { "type": "LineString", "coordinates": [ [ 7.338867, 61.206798 ], [ 10.288696, 59.88687 ] ] } },
{ "type": "Feature", "properties": { "voltage_kv": 300.0, "from_node": 47, "to_node": 84, "length_km": 181.8617721120842, "delaunay_k": 4, "edge_set": "Delaunay4" }, "geometry": { "type": "LineString", "coordinates": [ [ 7.338867, 61.206798 ], [ 10.604553, 60.818808 ] ] } },
{ "type": "Feature", "properties": { "voltage_kv": 300.0, "from_node": 47, "to_node": 88, "length_km": 213.60237813348368, "delaunay_k": 4, "edge_set": "Delaunay4" }, "geometry": { "type": "LineString", "coordinates": [ [ 7.338867, 61.206798 ], [ 11.12915, 61.837358 ] ] } },
{ "type": "Feature", "properties": { "voltage_kv": 300.0, "from_node": 47, "to_node": 89, "length_km": 211.2426246982948, "delaunay_k": 4, "edge_set": "Delaunay4" }, "geometry": { "type": "LineString", "coordinates": [ [ 7.338867, 61.206798 ], [ 11.160736, 60.816799 ] ] } },
{ "type": "Feature", "properties": { "voltage_kv": 300.0, "from_node": 48, "to_node": 50, "length_km": 196.73859682186958, "delaunay_k": 4, "edge_set": "Delaunay4" }, "geometry": { "type": "LineString", "coordinates": [ [ 7.34024, 59.805469 ], [ 7.410278, 61.569805 ] ] } },
{ "type": "Feature", "properties": { "voltage_kv": 300.0, "from_node": 48, "to_node": 51, "length_km": 183.11752751733937, "delaunay_k": 4, "edge_set": "Delaunay4" }, "geometry": { "type": "LineString", "coordinates": [ [ 7.34024, 59.805469 ], [ 7.436371, 61.447302 ] ] } },
{ "type": "Feature", "properties": { "voltage_kv": 300.0, "from_node": 48, "to_node": 59, "length_km": 179.40110720316423, "delaunay_k": 4, "edge_set": "Delaunay4" }, "geometry": { "type": "LineString", "coordinates": [ [ 7.34024, 59.805469 ], [ 8.102417, 58.2445 ] ] } },
{ "type": "Feature", "properties": { "voltage_kv": 300.0, "from_node": 48, "to_node": 69, "length_km": 250.11246912471253, "delaunay_k": 4, "edge_set": "Delaunay4" }, "geometry": { "type": "LineString", "coordinates": [ [ 7.34024, 59.805469 ], [ 9.063721, 61.885931 ] ] } },
{ "type": "Feature", "properties": { "voltage_kv": 300.0, "from_node": 48, "to_node": 73, "length_km": 239.97361041522743, "delaunay_k": 4, "edge_set": "Delaunay4" }, "geometry": { "type": "LineString", "coordinates": [ [ 7.34024, 59.805469 ], [ 9.821777, 61.582225 ] ] } },
{ "type": "Feature", "properties": { "voltage_kv": 300.0, "from_node": 48, "to_node": 77, "length_km": 245.11605174799598, "delaunay_k": 4, "edge_set": "Delaunay4" }, "geometry": { "type": "LineString", "coordinates": [ [ 7.34024, 59.805469 ], [ 10.134888, 61.525314 ] ] } },
{ "type": "Feature", "properties": { "voltage_kv": 300.0, "from_node": 48, "to_node": 81, "length_km": 175.38380097546352, "delaunay_k": 4, "edge_set": "Delaunay4" }, "geometry": { "type": "LineString", "coordinates": [ [ 7.34024, 59.805469 ], [ 10.434265, 59.620547 ] ] } },
{ "type": "Feature", "properties": { "voltage_kv": 300.0, "from_node": 48, "to_node": 86, "length_km": 196.71018516357651, "delaunay_k": 4, "edge_set": "Delaunay4" }, "geometry": { "type": "LineString", "coordinates": [ [ 7.34024, 59.805469 ], [ 10.839386, 59.958448 ] ] } },
{ "type": "Feature", "properties": { "voltage_kv": 300.0, "from_node": 48, "to_node": 88, "length_km": 306.17339900444966, "delaunay_k": 4, "edge_set": "Delaunay4" }, "geometry": { "type": "LineString", "coordinates": [ [ 7.34024, 59.805469 ], [ 11.12915, 61.837358 ] ] } },
{ "type": "Feature", "properties": { "voltage_kv": 300.0, "from_node": 48, "to_node": 89, "length_km": 239.36081658782172, "delaunay_k": 4, "edge_set": "Delaunay4" }, "geometry": { "type": "LineString", "coordinates": [ [ 7.34024, 59.805469 ], [ 11.160736, 60.816799 ] ] } },
{ "type": "Feature", "properties": { "voltage_kv": 300.0, "from_node": 48, "to_node": 91, "length_km": 228.9104054028011, "delaunay_k": 4, "edge_set": "Delaunay4" }, "geometry": { "type": "LineString", "coordinates": [ [ 7.34024, 59.805469 ], [ 11.288452, 60.382648 ] ] } },
{ "type": "Feature", "properties": { "voltage_kv": 300.0, "from_node": 49, "to_node": 52, "length_km": 172.31611425548829, "delaunay_k": 4, "edge_set": "Delaunay4" }, "geometry": { "type": "LineString", "coordinates": [ [ 7.36908, 59.747402 ], [ 7.439117, 61.292669 ] ] } },
{ "type": "Feature", "properties": { "voltage_kv": 300.0, "from_node": 49, "to_node": 53, "length_km": 198.36139212306344, "delaunay_k": 4, "edge_set": "Delaunay4" }, "geometry": { "type": "LineString", "coordinates": [ [ 7.36908, 59.747402 ], [ 7.738495, 61.517456 ] ] } },
{ "type": "Feature", "properties": { "voltage_kv": 300.0, "from_node": 49, "to_node": 70, "length_km": 220.63601934910068, "delaunay_k": 4, "edge_set": "Delaunay4" }, "geometry": { "type": "LineString", "coordinates": [ [ 7.36908, 59.747402 ], [ 9.341125, 61.473546 ] ] } },
{ "type": "Feature", "properties": { "voltage_kv": 300.0, "from_node": 49, "to_node": 76, "length_km": 156.78331675635488, "delaunay_k": 4, "edge_set": "Delaunay4" }, "geometry": { "type": "LineString", "coordinates": [ [ 7.36908, 59.747402 ], [ 10.122528, 59.553808 ] ] } },
{ "type": "Feature", "properties": { "voltage_kv": 300.0, "from_node": 49, "to_node": 78, "length_km": 164.57901753878019, "delaunay_k": 4, "edge_set": "Delaunay4" }, "geometry": { "type": "LineString", "coordinates": [ [ 7.36908, 59.747402 ], [ 10.288696, 59.88687 ] ] } },
{ "type": "Feature", "properties": { "voltage_kv": 300.0, "from_node": 49, "to_node": 79, "length_km": 174.88409876401411, "delaunay_k": 4, "edge_set": "Delaunay4" }, "geometry": { "type": "LineString", "coordinates": [ [ 7.36908, 59.747402 ], [ 10.37796, 59.383584 ] ] } },
{ "type": "Feature", "properties": { "voltage_kv": 300.0, "from_node": 49, "to_node": 80, "length_km": 231.50091423351836, "delaunay_k": 4, "edge_set": "Delaunay4" }, "geometry": { "type": "LineString", "coordinates": [ [ 7.36908, 59.747402 ], [ 10.421906, 61.177019 ] ] } },
{ "type": "Feature", "properties": { "voltage_kv": 300.0, "from_node": 49, "to_node": 81, "length_km": 173.27278354922231, "delaunay_k": 4, "edge_set": "Delaunay4" }, "geometry": { "type": "LineString", "coordinates": [ [ 7.36908, 59.747402 ], [ 10.434265, 59.620547 ] ] } },
{ "type": "Feature", "properties": { "voltage_kv": 300.0, "from_node": 49, "to_node": 84, "length_km": 215.1646440843931, "delaunay_k": 4, "edge_set": "Delaunay4" }, "geometry": { "type": "LineString", "coordinates": [ [ 7.36908, 59.747402 ], [ 10.604553, 60.818808 ] ] } },
{ "type": "Feature", "properties": { "voltage_kv": 300.0, "from_node": 49, "to_node": 90, "length_km": 220.97656269696964, "delaunay_k": 4, "edge_set": "Delaunay4" }, "geometry": { "type": "LineString", "coordinates": [ [ 7.36908, 59.747402 ], [ 11.181335, 59.317776 ] ] } },
{ "type": "Feature", "properties": { "voltage_kv": 300.0, "from_node": 50, "to_node": 54, "length_km": 200.44382816553556, "delaunay_k": 4, "edge_set": "Delaunay4" }, "geometry": { "type": "LineString", "coordinates": [ [ 7.410278, 61.569805 ], [ 7.772827, 59.780596 ] ] } },
{ "type": "Feature", "properties": { "voltage_kv": 300.0, "from_node": 50, "to_node": 62, "length_km": 194.48948404572778, "delaunay_k": 4, "edge_set": "Delaunay4" }, "geometry": { "type": "LineString", "coordinates": [ [ 7.410278, 61.569805 ], [ 8.524017, 59.912353 ] ] } },
{ "type": "Feature", "properties": { "voltage_kv": 300.0, "from_node": 50, "to_node": 84, "length_km": 191.09217980833961, "delaunay_k": 4, "edge_set": "Delaunay4" }, "geometry": { "type": "LineString", "coordinates": [ [ 7.410278, 61.569805 ], [ 10.604553, 60.818808 ] ] } },
{ "type": "Feature", "properties": { "voltage_kv": 300.0, "from_node": 50, "to_node": 87, "length_km": 280.66873534009187, "delaunay_k": 4, "edge_set": "Delaunay4" }, "geometry": { "type": "LineString", "coordinates": [ [ 7.410278, 61.569805 ], [ 11.017914, 63.45726 ] ] } },
{ "type": "Feature", "properties": { "voltage_kv": 300.0, "from_node": 50, "to_node": 91, "length_km": 248.17195096290413, "delaunay_k": 4, "edge_set": "Delaunay4" }, "geometry": { "type": "LineString", "coordinates": [ [ 7.410278, 61.569805 ], [ 11.288452, 60.382648 ] ] } },
{ "type": "Feature", "properties": { "voltage_kv": 300.0, "from_node": 50, "to_node": 92, "length_km": 322.37847421039601, "delaunay_k": 4, "edge_set": "Delaunay4" }, "geometry": { "type": "LineString", "coordinates": [ [ 7.410278, 61.569805 ], [ 11.472473, 63.779452 ] ] } },
{ "type": "Feature", "properties": { "voltage_kv": 300.0, "from_node": 50, "to_node": 93, "length_km": 339.45477610181518, "delaunay_k": 4, "edge_set": "Delaunay4" }, "geometry": { "type": "LineString", "coordinates": [ [ 7.410278, 61.569805 ], [ 11.477966, 63.979576 ] ] } },
{ "type": "Feature", "properties": { "voltage_kv": 300.0, "from_node": 50, "to_node": 94, "length_km": 385.66177588057235, "delaunay_k": 4, "edge_set": "Delaunay4" }, "geometry": { "type": "LineString", "coordinates": [ [ 7.410278, 61.569805 ], [ 11.620789, 64.453849 ] ] } },
{ "type": "Feature", "properties": { "voltage_kv": 300.0, "from_node": 51, "to_node": 54, "length_km": 186.71464023530984, "delaunay_k": 4, "edge_set": "Delaunay4" }, "geometry": { "type": "LineString", "coordinates": [ [ 7.436371, 61.447302 ], [ 7.772827, 59.780596 ] ] } },
{ "type": "Feature", "properties": { "voltage_kv": 300.0, "from_node": 51, "to_node": 62, "length_km": 181.13254951724036, "delaunay_k": 4, "edge_set": "Delaunay4" }, "geometry": { "type": "LineString", "coordinates": [ [ 7.436371, 61.447302 ], [ 8.524017, 59.912353 ] ] } },
{ "type": "Feature", "properties": { "voltage_kv": 300.0, "from_node": 51, "to_node": 82, "length_km": 267.41411474902822, "delaunay_k": 4, "edge_set": "Delaunay4" }, "geometry": { "type": "LineString", "coordinates": [ [ 7.436371, 61.447302 ], [ 10.439758, 63.401361 ] ] } },
{ "type": "Feature", "properties": { "voltage_kv": 300.0, "from_node": 51, "to_node": 83, "length_km": 256.99881517157365, "delaunay_k": 4, "edge_set": "Delaunay4" }, "geometry": { "type": "LineString", "coordinates": [ [ 7.436371, 61.447302 ], [ 10.457611, 63.276888 ] ] } },
{ "type": "Feature", "properties": { "voltage_kv": 300.0, "from_node": 51, "to_node": 84, "length_km": 184.52873619699159, "delaunay_k": 4, "edge_set": "Delaunay4" }, "geometry": { "type": "LineString", "coordinates": [ [ 7.436371, 61.447302 ], [ 10.604553, 60.818808 ] ] } },
{ "type": "Feature", "properties": { "voltage_kv": 300.0, "from_node": 51, "to_node": 89, "length_km": 212.62587698087268, "delaunay_k": 4, "edge_set": "Delaunay4" }, "geometry": { "type": "LineString", "coordinates": [ [ 7.436371, 61.447302 ], [ 11.160736, 60.816799 ] ] } },
{ "type": "Feature", "properties": { "voltage_kv": 300.0, "from_node": 52, "to_node": 55, "length_km": 186.26610807298619, "delaunay_k": 4, "edge_set": "Delaunay4" }, "geometry": { "type": "LineString", "coordinates": [ [ 7.439117, 61.292669 ], [ 7.819519, 59.632352 ] ] } },
{ "type": "Feature", "properties": { "voltage_kv": 300.0, "from_node": 52, "to_node": 65, "length_km": 169.54471117492724, "delaunay_k": 4, "edge_set": "Delaunay4" }, "geometry": { "type": "LineString", "coordinates": [ [ 7.439117, 61.292669 ], [ 8.760223, 59.917172 ] ] } },
{ "type": "Feature", "properties": { "voltage_kv": 300.0, "from_node": 52, "to_node": 68, "length_km": 212.23358095269589, "delaunay_k": 4, "edge_set": "Delaunay4" }, "geometry": { "type": "LineString", "coordinates": [ [ 7.439117, 61.292669 ], [ 8.87558, 59.525961 ] ] } },
{ "type": "Feature", "properties": { "voltage_kv": 300.0, "from_node": 52, "to_node": 75, "length_km": 255.79967316027808, "delaunay_k": 4, "edge_set": "Delaunay4" }, "geometry": { "type": "LineString", "coordinates": [ [ 7.439117, 61.292669 ], [ 9.933014, 63.271947 ] ] } },
{ "type": "Feature", "properties": { "voltage_kv": 300.0, "from_node": 52, "to_node": 78, "length_km": 221.20304807843038, "delaunay_k": 4, "edge_set": "Delaunay4" }, "geometry": { "type": "LineString", "coordinates": [ [ 7.439117, 61.292669 ], [ 10.288696, 59.88687 ] ] } },
{ "type": "Feature", "properties": { "voltage_kv": 300.0, "from_node": 52, "to_node": 84, "length_km": 178.95979787038249, "delaunay_k": 4, "edge_set": "Delaunay4" }, "geometry": { "type": "LineString", "coordinates": [ [ 7.439117, 61.292669 ], [ 10.604553, 60.818808 ] ] } },
{ "type": "Feature", "properties": { "voltage_kv": 300.0, "from_node": 52, "to_node": 89, "length_km": 207.90390283117245, "delaunay_k": 4, "edge_set": "Delaunay4" }, "geometry": { "type": "LineString", "coordinates": [ [ 7.439117, 61.292669 ], [ 11.160736, 60.816799 ] ] } },
{ "type": "Feature", "properties": { "voltage_kv": 300.0, "from_node": 53, "to_node": 55, "length_km": 210.18627012733978, "delaunay_k": 4, "edge_set": "Delaunay4" }, "geometry": { "type": "LineString", "coordinates": [ [ 7.738495, 61.517456 ], [ 7.819519, 59.632352 ] ] } },
{ "type": "Feature", "properties": { "voltage_kv": 300.0, "from_node": 53, "to_node": 65, "length_km": 186.88863734509047, "delaunay_k": 4, "edge_set": "Delaunay4" }, "geometry": { "type": "LineString", "coordinates": [ [ 7.738495, 61.517456 ], [ 8.760223, 59.917172 ] ] } },
{ "type": "Feature", "properties": { "voltage_kv": 300.0, "from_node": 53, "to_node": 68, "length_km": 230.582968954244, "delaunay_k": 4, "edge_set": "Delaunay4" }, "geometry": { "type": "LineString", "coordinates": [ [ 7.738495, 61.517456 ], [ 8.87558, 59.525961 ] ] } },
{ "type": "Feature", "properties": { "voltage_kv": 300.0, "from_node": 53, "to_node": 78, "length_km": 228.93964946053222, "delaunay_k": 4, "edge_set": "Delaunay4" }, "geometry": { "type": "LineString", "coordinates": [ [ 7.738495, 61.517456 ], [ 10.288696, 59.88687 ] ] } },
{ "type": "Feature", "properties": { "voltage_kv": 300.0, "from_node": 53, "to_node": 82, "length_km": 252.03315952138163, "delaunay_k": 4, "edge_set": "Delaunay4" }, "geometry": { "type": "LineString", "coordinates": [ [ 7.738495, 61.517456 ], [ 10.439758, 63.401361 ] ] } },
{ "type": "Feature", "properties": { "voltage_kv": 300.0, "from_node": 53, "to_node": 83, "length_km": 241.30216782461181, "delaunay_k": 4, "edge_set": "Delaunay4" }, "geometry": { "type": "LineString", "coordinates": [ [ 7.738495, 61.517456 ], [ 10.457611, 63.276888 ] ] } },
{ "type": "Feature", "properties": { "voltage_kv": 300.0, "from_node": 53, "to_node": 91, "length_km": 230.20456305375095, "delaunay_k": 4, "edge_set": "Delaunay4" }, "geometry": { "type": "LineString", "coordinates": [ [ 7.738495, 61.517456 ], [ 11.288452, 60.382648 ] ] } },
{ "type": "Feature", "properties": { "voltage_kv": 300.0, "from_node": 54, "to_node": 59, "length_km": 172.23776802536858, "delaunay_k": 4, "edge_set": "Delaunay4" }, "geometry": { "type": "LineString", "coordinates": [ [ 7.772827, 59.780596 ], [ 8.102417, 58.2445 ] ] } },
{ "type": "Feature", "properties": { "voltage_kv": 300.0, "from_node": 54, "to_node": 69, "length_km": 244.93740072867911, "delaunay_k": 4, "edge_set": "Delaunay4" }, "geometry": { "type": "LineString", "coordinates": [ [ 7.772827, 59.780596 ], [ 9.063721, 61.885931 ] ] } },
{ "type": "Feature", "properties": { "voltage_kv": 300.0, "from_node": 54, "to_node": 73, "length_km": 229.89381344582054, "delaunay_k": 4, "edge_set": "Delaunay4" }, "geometry": { "type": "LineString", "coordinates": [ [ 7.772827, 59.780596 ], [ 9.821777, 61.582225 ] ] } },
{ "type": "Feature", "properties": { "voltage_kv": 300.0, "from_node": 54, "to_node": 77, "length_km": 233.43983617848525, "delaunay_k": 4, "edge_set": "Delaunay4" }, "geometry": { "type": "LineString", "coordinates": [ [ 7.772827, 59.780596 ], [ 10.134888, 61.525314 ] ] } },
{ "type": "Feature", "properties": { "voltage_kv": 300.0, "from_node": 54, "to_node": 79, "length_km": 153.71942748242563, "delaunay_k": 4, "edge_set": "Delaunay4" }, "geometry": { "type": "LineString", "coordinates": [ [ 7.772827, 59.780596 ], [ 10.37796, 59.383584 ] ] } },
{ "type": "Feature", "properties": { "voltage_kv": 300.0, "from_node": 54, "to_node": 86, "length_km": 172.94335083471933, "delaunay_k": 4, "edge_set": "Delaunay4" }, "geometry": { "type": "LineString", "coordinates": [ [ 7.772827, 59.780596 ], [ 10.839386, 59.958448 ] ] } },
{ "type": "Feature", "properties": { "voltage_kv": 300.0, "from_node": 54, "to_node": 88, "length_km": 293.05758633156734, "delaunay_k": 4, "edge_set": "Delaunay4" }, "geometry": { "type": "LineString", "coordinates": [ [ 7.772827, 59.780596 ], [ 11.12915, 61.837358 ] ] } },
{ "type": "Feature", "properties": { "voltage_kv": 300.0, "from_node": 54, "to_node": 89, "length_km": 220.05445403676728, "delaunay_k": 4, "edge_set": "Delaunay4" }, "geometry": { "type": "LineString", "coordinates": [ [ 7.772827, 59.780596 ], [ 11.160736, 60.816799 ] ] } },
{ "type": "Feature", "properties": { "voltage_kv": 300.0, "from_node": 54, "to_node": 91, "length_km": 206.86959944498847, "delaunay_k": 4, "edge_set": "Delaunay4" }, "geometry": { "type": "LineString", "coordinates": [ [ 7.772827, 59.780596 ], [ 11.288452, 60.382648 ] ] } },
{ "type": "Feature", "properties": { "voltage_kv": 300.0, "from_node": 55, "to_node": 70, "length_km": 221.5352787706733, "delaunay_k": 4, "edge_set": "Delaunay4" }, "geometry": { "type": "LineString", "coordinates": [ [ 7.819519, 59.632352 ], [ 9.341125, 61.473546 ] ] } },
{ "type": "Feature", "properties": { "voltage_kv": 300.0, "from_node": 55, "to_node": 80, "length_km": 224.05325326513372, "delaunay_k": 4, "edge_set": "Delaunay4" }, "geometry": { "type": "LineString", "coordinates": [ [ 7.819519, 59.632352 ], [ 10.421906, 61.177019 ] ] } },
{ "type": "Feature", "properties": { "voltage_kv": 300.0, "from_node": 55, "to_node": 85, "length_km": 167.37842115555159, "delaunay_k": 4, "edge_set": "Delaunay4" }, "geometry": { "type": "LineString", "coordinates": [ [ 7.819519, 59.632352 ], [ 10.770721, 59.509939 ] ] } },
{ "type": "Feature", "properties": { "voltage_kv": 300.0, "from_node": 55, "to_node": 86, "length_km": 173.41259422403996, "delaunay_k": 4, "edge_set": "Delaunay4" }, "geometry": { "type": "LineString", "coordinates": [ [ 7.819519, 59.632352 ], [ 10.839386, 59.958448 ] ] } },
{ "type": "Feature", "properties": { "voltage_kv": 300.0, "from_node": 55, "to_node": 89, "length_km": 227.38239266076357, "delaunay_k": 4, "edge_set": "Delaunay4" }, "geometry": { "type": "LineString", "coordinates": [ [ 7.819519, 59.632352 ], [ 11.160736, 60.816799 ] ] } },
{ "type": "Feature", "properties": { "voltage_kv": 300.0, "from_node": 55, "to_node": 90, "length_km": 193.75957708269661, "delaunay_k": 4, "edge_set": "Delaunay4" }, "geometry": { "type": "LineString", "coordinates": [ [ 7.819519, 59.632352 ], [ 11.181335, 59.317776 ] ] } },
{ "type": "Feature", "properties": { "voltage_kv": 300.0, "from_node": 55, "to_node": 91, "length_km": 210.80649674835132, "delaunay_k": 4, "edge_set": "Delaunay4" }, "geometry": { "type": "LineString", "coordinates": [ [ 7.819519, 59.632352 ], [ 11.288452, 60.382648 ] ] } },
{ "type": "Feature", "properties": { "voltage_kv": 300.0, "from_node": 56, "to_node": 57, "length_km": 176.93625109860579, "delaunay_k": 4, "edge_set": "Delaunay4" }, "geometry": { "type": "LineString", "coordinates": [ [ 7.892303, 61.044991 ], [ 7.901917, 59.457639 ] ] } },
{ "type": "Feature", "properties": { "voltage_kv": 300.0, "from_node": 56, "to_node": 67, "length_km": 188.7687776109783, "delaunay_k": 4, "edge_set": "Delaunay4" }, "geometry": { "type": "LineString", "coordinates": [ [ 7.892303, 61.044991 ], [ 8.87146, 59.422728 ] ] } },
{ "type": "Feature", "properties": { "voltage_kv": 300.0, "from_node": 56, "to_node": 71, "length_km": 217.99957571980056, "delaunay_k": 4, "edge_set": "Delaunay4" }, "geometry": { "type": "LineString", "coordinates": [ [ 7.892303, 61.044991 ], [ 9.593811, 59.282019 ] ] } },
{ "type": "Feature", "properties": { "voltage_kv": 300.0, "from_node": 56, "to_node": 74, "length_km": 185.18384682149281, "delaunay_k": 4, "edge_set": "Delaunay4" }, "geometry": { "type": "LineString", "coordinates": [ [ 7.892303, 61.044991 ], [ 9.923401, 59.721792 ] ] } },
{ "type": "Feature", "properties": { "voltage_kv": 300.0, "from_node": 56, "to_node": 75, "length_km": 270.05084308554279, "delaunay_k": 4, "edge_set": "Delaunay4" }, "geometry": { "type": "LineString", "coordinates": [ [ 7.892303, 61.044991 ], [ 9.933014, 63.271947 ] ] } },
{ "type": "Feature", "properties": { "voltage_kv": 300.0, "from_node": 56, "to_node": 81, "length_km": 211.91749300288026, "delaunay_k": 4, "edge_set": "Delaunay4" }, "geometry": { "type": "LineString", "coordinates": [ [ 7.892303, 61.044991 ], [ 10.434265, 59.620547 ] ] } },
{ "type": "Feature", "properties": { "voltage_kv": 300.0, "from_node": 56, "to_node": 86, "length_km": 202.2018302631117, "delaunay_k": 4, "edge_set": "Delaunay4" }, "geometry": { "type": "LineString", "coordinates": [ [ 7.892303, 61.044991 ], [ 10.839386, 59.958448 ] ] } },
{ "type": "Feature", "properties": { "voltage_kv": 300.0, "from_node": 56, "to_node": 91, "length_km": 199.55599663913316, "delaunay_k": 4, "edge_set": "Delaunay4" }, "geometry": { "type": "LineString", "coordinates": [ [ 7.892303, 61.044991 ], [ 11.288452, 60.382648 ] ] } },
{ "type": "Feature", "properties": { "voltage_kv": 300.0, "from_node": 57, "to_node": 60, "length_km": 159.45651608380336, "delaunay_k": 4, "edge_set": "Delaunay4" }, "geometry": { "type": "LineString", "coordinates": [ [ 7.901917, 59.457639 ], [ 8.311157, 60.873666 ] ] } },
{ "type": "Feature", "properties": { "voltage_kv": 300.0, "from_node": 57, "to_node": 63, "length_km": 155.75899560389601, "delaunay_k": 4, "edge_set": "Delaunay4" }, "geometry": { "type": "LineString", "coordinates": [ [ 7.901917, 59.457639 ], [ 8.690186, 60.798714 ] ] } },
{ "type": "Feature", "properties": { "voltage_kv": 300.0, "from_node": 57, "to_node": 84, "length_km": 213.43870504116461, "delaunay_k": 4, "edge_set": "Delaunay4" }, "geometry": { "type": "LineString", "coordinates": [ [ 7.901917, 59.457639 ], [ 10.604553, 60.818808 ] ] } },
{ "type": "Feature", "properties": { "voltage_kv": 300.0, "from_node": 57, "to_node": 85, "length_km": 162.68843678706739, "delaunay_k": 4, "edge_set": "Delaunay4" }, "geometry": { "type": "LineString", "coordinates": [ [ 7.901917, 59.457639 ], [ 10.770721, 59.509939 ] ] } },
{ "type": "Feature", "properties": { "voltage_kv": 300.0, "from_node": 57, "to_node": 86, "length_km": 174.52616778679536, "delaunay_k": 4, "edge_set": "Delaunay4" }, "geometry": { "type": "LineString", "coordinates": [ [ 7.901917, 59.457639 ], [ 10.839386, 59.958448 ] ] } },
{ "type": "Feature", "properties": { "voltage_kv": 300.0, "from_node": 57, "to_node": 91, "length_km": 215.64128140189123, "delaunay_k": 4, "edge_set": "Delaunay4" }, "geometry": { "type": "LineString", "coordinates": [ [ 7.901917, 59.457639 ], [ 11.288452, 60.382648 ] ] } },
{ "type": "Feature", "properties": { "voltage_kv": 300.0, "from_node": 58, "to_node": 61, "length_km": 242.62122037366854, "delaunay_k": 4, "edge_set": "Delaunay4" }, "geometry": { "type": "LineString", "coordinates": [ [ 8.088684, 60.511343 ], [ 8.480072, 62.679816 ] ] } },
{ "type": "Feature", "properties": { "voltage_kv": 300.0, "from_node": 58, "to_node": 66, "length_km": 219.27861553046307, "delaunay_k": 4, "edge_set": "Delaunay4" }, "geometry": { "type": "LineString", "coordinates": [ [ 8.088684, 60.511343 ], [ 8.782196, 58.575413 ] ] } },
{ "type": "Feature", "properties": { "voltage_kv": 300.0, "from_node": 58, "to_node": 72, "length_km": 173.9771530630783, "delaunay_k": 4, "edge_set": "Delaunay4" }, "geometry": { "type": "LineString", "coordinates": [ [ 8.088684, 60.511343 ], [ 9.61441, 59.151995 ] ] } },
{ "type": "Feature", "properties": { "voltage_kv": 300.0, "from_node": 58, "to_node": 76, "length_km": 155.69517519116525, "delaunay_k": 4, "edge_set": "Delaunay4" }, "geometry": { "type": "LineString", "coordinates": [ [ 8.088684, 60.511343 ], [ 10.122528, 59.553808 ] ] } },
{ "type": "Feature", "properties": { "voltage_kv": 300.0, "from_node": 58, "to_node": 79, "length_km": 179.3356113807971, "delaunay_k": 4, "edge_set": "Delaunay4" }, "geometry": { "type": "LineString", "coordinates": [ [ 8.088684, 60.511343 ], [ 10.37796, 59.383584 ] ] } },
{ "type": "Feature", "properties": { "voltage_kv": 300.0, "from_node": 58, "to_node": 85, "length_km": 186.63589367403159, "delaunay_k": 4, "edge_set": "Delaunay4" }, "geometry": { "type": "LineString", "coordinates": [ [ 8.088684, 60.511343 ], [ 10.770721, 59.509939 ] ] } },
{ "type": "Feature", "properties": { "voltage_kv": 300.0, "from_node": 58, "to_node": 90, "length_km": 218.20583090396912, "delaunay_k": 4, "edge_set": "Delaunay4" }, "geometry": { "type": "LineString", "coordinates": [ [ 8.088684, 60.511343 ], [ 11.181335, 59.317776 ] ] } },
{ "type": "Feature", "properties": { "voltage_kv": 300.0, "from_node": 59, "to_node": 62, "length_km": 187.4273943504094, "delaunay_k": 4, "edge_set": "Delaunay4" }, "geometry": { "type": "LineString", "coordinates": [ [ 8.102417, 58.2445 ], [ 8.524017, 59.912353 ] ] } },
{ "type": "Feature", "properties": { "voltage_kv": 300.0, "from_node": 59, "to_node": 65, "length_km": 190.17184450605257, "delaunay_k": 4, "edge_set": "Delaunay4" }, "geometry": { "type": "LineString", "coordinates": [ [ 8.102417, 58.2445 ], [ 8.760223, 59.917172 ] ] } },
{ "type": "Feature", "properties": { "voltage_kv": 300.0, "from_node": 59, "to_node": 74, "length_km": 195.08248558369266, "delaunay_k": 4, "edge_set": "Delaunay4" }, "geometry": { "type": "LineString", "coordinates": [ [ 8.102417, 58.2445 ], [ 9.923401, 59.721792 ] ] } },
{ "type": "Feature", "properties": { "voltage_kv": 300.0, "from_node": 59, "to_node": 76, "length_km": 186.65523790004113, "delaunay_k": 4, "edge_set": "Delaunay4" }, "geometry": { "type": "LineString", "coordinates": [ [ 8.102417, 58.2445 ], [ 10.122528, 59.553808 ] ] } },
{ "type": "Feature", "properties": { "voltage_kv": 300.0, "from_node": 59, "to_node": 81, "length_km": 203.80145433713727, "delaunay_k": 4, "edge_set": "Delaunay4" }, "geometry": { "type": "LineString", "coordinates": [ [ 8.102417, 58.2445 ], [ 10.434265, 59.620547 ] ] } },
{ "type": "Feature", "properties": { "voltage_kv": 300.0, "from_node": 59, "to_node": 85, "length_km": 208.71239320300779, "delaunay_k": 4, "edge_set": "Delaunay4" }, "geometry": { "type": "LineString", "coordinates": [ [ 8.102417, 58.2445 ], [ 10.770721, 59.509939 ] ] } },
{ "type": "Feature", "properties": { "voltage_kv": 300.0, "from_node": 59, "to_node": 86, "length_km": 247.09210270941159, "delaunay_k": 4, "edge_set": "Delaunay4" }, "geometry": { "type": "LineString", "coordinates": [ [ 8.102417, 58.2445 ], [ 10.839386, 59.958448 ] ] } },
{ "type": "Feature", "properties": { "voltage_kv": 300.0, "from_node": 59, "to_node": 91, "length_km": 299.40534920674042, "delaunay_k": 4, "edge_set": "Delaunay4" }, "geometry": { "type": "LineString", "coordinates": [ [ 8.102417, 58.2445 ], [ 11.288452, 60.382648 ] ] } },
{ "type": "Feature", "properties": { "voltage_kv": 300.0, "from_node": 60, "to_node": 67, "length_km": 164.67015286680407, "delaunay_k": 4, "edge_set": "Delaunay4" }, "geometry": { "type": "LineString", "coordinates": [ [ 8.311157, 60.873666 ], [ 8.87146, 59.422728 ] ] } },
{ "type": "Feature", "properties": { "voltage_kv": 300.0, "from_node": 60, "to_node": 71, "length_km": 191.19959060240083, "delaunay_k": 4, "edge_set": "Delaunay4" }, "geometry": { "type": "LineString", "coordinates": [ [ 8.311157, 60.873666 ], [ 9.593811, 59.282019 ] ] } },
{ "type": "Feature", "properties": { "voltage_kv": 300.0, "from_node": 60, "to_node": 74, "length_km": 156.28615425209736, "delaunay_k": 4, "edge_set": "Delaunay4" }, "geometry": { "type": "LineString", "coordinates": [ [ 8.311157, 60.873666 ], [ 9.923401, 59.721792 ] ] } },
{ "type": "Feature", "properties": { "voltage_kv": 300.0, "from_node": 60, "to_node": 75, "length_km": 280.4316954966248, "delaunay_k": 4, "edge_set": "Delaunay4" }, "geometry": { "type": "LineString", "coordinates": [ [ 8.311157, 60.873666 ], [ 9.933014, 63.271947 ] ] } },
{ "type": "Feature", "properties": { "voltage_kv": 300.0, "from_node": 60, "to_node": 81, "length_km": 182.54594954440856, "delaunay_k": 4, "edge_set": "Delaunay4" }, "geometry": { "type": "LineString", "coordinates": [ [ 8.311157, 60.873666 ], [ 10.434265, 59.620547 ] ] } },
{ "type": "Feature", "properties": { "voltage_kv": 300.0, "from_node": 60, "to_node": 86, "length_km": 172.63934710631219, "delaunay_k": 4, "edge_set": "Delaunay4" }, "geometry": { "type": "LineString", "coordinates": [ [ 8.311157, 60.873666 ], [ 10.839386, 59.958448 ] ] } },
{ "type": "Feature", "properties": { "voltage_kv": 300.0, "from_node": 60, "to_node": 90, "length_km": 235.67926345381301, "delaunay_k": 4, "edge_set": "Delaunay4" }, "geometry": { "type": "LineString", "coordinates": [ [ 8.311157, 60.873666 ], [ 11.181335, 59.317776 ] ] } },
{ "type": "Feature", "properties": { "voltage_kv": 300.0, "from_node": 61, "to_node": 64, "length_km": 233.22758508597082, "delaunay_k": 4, "edge_set": "Delaunay4" }, "geometry": { "type": "LineString", "coordinates": [ [ 8.480072, 62.679816 ], [ 8.75885, 60.591688 ] ] } },
{ "type": "Feature", "properties": { "voltage_kv": 300.0, "from_node": 61, "to_node": 84, "length_km": 235.81302677038664, "delaunay_k": 4, "edge_set": "Delaunay4" }, "geometry": { "type": "LineString", "coordinates": [ [ 8.480072, 62.679816 ], [ 10.604553, 60.818808 ] ] } },
{ "type": "Feature", "properties": { "voltage_kv": 300.0, "from_node": 61, "to_node": 91, "length_km": 296.36827489988684, "delaunay_k": 4, "edge_set": "Delaunay4" }, "geometry": { "type": "LineString", "coordinates": [ [ 8.480072, 62.679816 ], [ 11.288452, 60.382648 ] ] } },
{ "type": "Feature", "properties": { "voltage_kv": 300.0, "from_node": 61, "to_node": 95, "length_km": 350.6670565443988, "delaunay_k": 4, "edge_set": "Delaunay4" }, "geometry": { "type": "LineString", "coordinates": [ [ 8.480072, 62.679816 ], [ 12.7565, 65.20262 ] ] } },
{ "type": "Feature", "properties": { "voltage_kv": 300.0, "from_node": 61, "to_node": 96, "length_km": 311.31514134889619, "delaunay_k": 4, "edge_set": "Delaunay4" }, "geometry": { "type": "LineString", "coordinates": [ [ 8.480072, 62.679816 ], [ 12.800446, 64.712014 ] ] } },
{ "type": "Feature", "properties": { "voltage_kv": 300.0, "from_node": 62, "to_node": 69, "length_km": 221.90364816930986, "delaunay_k": 4, "edge_set": "Delaunay4" }, "geometry": { "type": "LineString", "coordinates": [ [ 8.524017, 59.912353 ], [ 9.063721, 61.885931 ] ] } },
{ "type": "Feature", "properties": { "voltage_kv": 300.0, "from_node": 62, "to_node": 73, "length_km": 199.09759270687084, "delaunay_k": 4, "edge_set": "Delaunay4" }, "geometry": { "type": "LineString", "coordinates": [ [ 8.524017, 59.912353 ], [ 9.821777, 61.582225 ] ] } },
{ "type": "Feature", "properties": { "voltage_kv": 300.0, "from_node": 62, "to_node": 77, "length_km": 200.09767391313005, "delaunay_k": 4, "edge_set": "Delaunay4" }, "geometry": { "type": "LineString", "coordinates": [ [ 8.524017, 59.912353 ], [ 10.134888, 61.525314 ] ] } },
{ "type": "Feature", "properties": { "voltage_kv": 300.0, "from_node": 62, "to_node": 88, "length_km": 256.95635642213824, "delaunay_k": 4, "edge_set": "Delaunay4" }, "geometry": { "type": "LineString", "coordinates": [ [ 8.524017, 59.912353 ], [ 11.12915, 61.837358 ] ] } },
{ "type": "Feature", "properties": { "voltage_kv": 300.0, "from_node": 62, "to_node": 90, "length_km": 163.97505184611435, "delaunay_k": 4, "edge_set": "Delaunay4" }, "geometry": { "type": "LineString", "coordinates": [ [ 8.524017, 59.912353 ], [ 11.181335, 59.317776 ] ] } },
{ "type": "Feature", "properties": { "voltage_kv": 300.0, "from_node": 63, "to_node": 67, "length_km": 153.67322780129956, "delaunay_k": 4, "edge_set": "Delaunay4" }, "geometry": { "type": "LineString", "coordinates": [ [ 8.690186, 60.798714 ], [ 8.87146, 59.422728 ] ] } },
{ "type": "Feature", "properties": { "voltage_kv": 300.0, "from_node": 63, "to_node": 71, "length_km": 176.35252849722764, "delaunay_k": 4, "edge_set": "Delaunay4" }, "geometry": { "type": "LineString", "coordinates": [ [ 8.690186, 60.798714 ], [ 9.593811, 59.282019 ] ] } },
{ "type": "Feature", "properties": { "voltage_kv": 300.0, "from_node": 63, "to_node": 72, "length_km": 190.61499358325779, "delaunay_k": 4, "edge_set": "Delaunay4" }, "geometry": { "type": "LineString", "coordinates": [ [ 8.690186, 60.798714 ], [ 9.61441, 59.151995 ] ] } },
{ "type": "Feature", "properties": { "voltage_kv": 300.0, "from_node": 63, "to_node": 75, "length_km": 283.23150065124577, "delaunay_k": 4, "edge_set": "Delaunay4" }, "geometry": { "type": "LineString", "coordinates": [ [ 8.690186, 60.798714 ], [ 9.933014, 63.271947 ] ] } },
{ "type": "Feature", "properties": { "voltage_kv": 300.0, "from_node": 63, "to_node": 76, "length_km": 159.88408892122371, "delaunay_k": 4, "edge_set": "Delaunay4" }, "geometry": { "type": "LineString", "coordinates": [ [ 8.690186, 60.798714 ], [ 10.122528, 59.553808 ] ] } },
{ "type": "Feature", "properties": { "voltage_kv": 300.0, "from_node": 63, "to_node": 79, "length_km": 183.52868502638339, "delaunay_k": 4, "edge_set": "Delaunay4" }, "geometry": { "type": "LineString", "coordinates": [ [ 8.690186, 60.798714 ], [ 10.37796, 59.383584 ] ] } },
{ "type": "Feature", "properties": { "voltage_kv": 300.0, "from_node": 63, "to_node": 85, "length_km": 184.31178487567254, "delaunay_k": 4, "edge_set": "Delaunay4" }, "geometry": { "type": "LineString", "coordinates": [ [ 8.690186, 60.798714 ], [ 10.770721, 59.509939 ] ] } },
{ "type": "Feature", "properties": { "voltage_kv": 300.0, "from_node": 64, "to_node": 66, "length_km": 224.68503831633274, "delaunay_k": 4, "edge_set": "Delaunay4" }, "geometry": { "type": "LineString", "coordinates": [ [ 8.75885, 60.591688 ], [ 8.782196, 58.575413 ] ] } },
{ "type": "Feature", "properties": { "voltage_kv": 300.0, "from_node": 64, "to_node": 72, "length_km": 167.4292737269316, "delaunay_k": 4, "edge_set": "Delaunay4" }, "geometry": { "type": "LineString", "coordinates": [ [ 8.75885, 60.591688 ], [ 9.61441, 59.151995 ] ] } },
{ "type": "Feature", "properties": { "voltage_kv": 300.0, "from_node": 65, "to_node": 69, "length_km": 220.03774604406084, "delaunay_k": 4, "edge_set": "Delaunay4" }, "geometry": { "type": "LineString", "coordinates": [ [ 8.760223, 59.917172 ], [ 9.063721, 61.885931 ] ] } },
{ "type": "Feature", "properties": { "voltage_kv": 300.0, "from_node": 65, "to_node": 73, "length_km": 194.3745694167992, "delaunay_k": 4, "edge_set": "Delaunay4" }, "geometry": { "type": "LineString", "coordinates": [ [ 8.760223, 59.917172 ], [ 9.821777, 61.582225 ] ] } },
{ "type": "Feature", "properties": { "voltage_kv": 300.0, "from_node": 65, "to_node": 77, "length_km": 194.27773378831847, "delaunay_k": 4, "edge_set": "Delaunay4" }, "geometry": { "type": "LineString", "coordinates": [ [ 8.760223, 59.917172 ], [ 10.134888, 61.525314 ] ] } },
{ "type": "Feature", "properties": { "voltage_kv": 300.0, "from_node": 65, "to_node": 88, "length_km": 249.65731872670443, "delaunay_k": 4, "edge_set": "Delaunay4" }, "geometry": { "type": "LineString", "coordinates": [ [ 8.760223, 59.917172 ], [ 11.12915, 61.837358 ] ] } },
{ "type": "Feature", "properties": { "voltage_kv": 300.0, "from_node": 66, "to_node": 78, "length_km": 169.54495882528462, "delaunay_k": 4, "edge_set": "Delaunay4" }, "geometry": { "type": "LineString", "coordinates": [ [ 8.782196, 58.575413 ], [ 10.288696, 59.88687 ] ] } },
{ "type": "Feature", "properties": { "voltage_kv": 300.0, "from_node": 66, "to_node": 84, "length_km": 270.18341833703636, "delaunay_k": 4, "edge_set": "Delaunay4" }, "geometry": { "type": "LineString", "coordinates": [ [ 8.782196, 58.575413 ], [ 10.604553, 60.818808 ] ] } },
{ "type": "Feature", "properties": { "voltage_kv": 300.0, "from_node": 66, "to_node": 89, "length_km": 283.34448553482463, "delaunay_k": 4, "edge_set": "Delaunay4" }, "geometry": { "type": "LineString", "coordinates": [ [ 8.782196, 58.575413 ], [ 11.160736, 60.816799 ] ] } },
{ "type": "Feature", "properties": { "voltage_kv": 300.0, "from_node": 67, "to_node": 84, "length_km": 182.97563549931539, "delaunay_k": 4, "edge_set": "Delaunay4" }, "geometry": { "type": "LineString", "coordinates": [ [ 8.87146, 59.422728 ], [ 10.604553, 60.818808 ] ] } },
{ "type": "Feature", "properties": { "voltage_kv": 300.0, "from_node": 67, "to_node": 89, "length_km": 200.80261097914038, "delaunay_k": 4, "edge_set": "Delaunay4" }, "geometry": { "type": "LineString", "coordinates": [ [ 8.87146, 59.422728 ], [ 11.160736, 60.816799 ] ] } },
{ "type": "Feature", "properties": { "voltage_kv": 300.0, "from_node": 68, "to_node": 70, "length_km": 218.54359625376716, "delaunay_k": 4, "edge_set": "Delaunay4" }, "geometry": { "type": "LineString", "coordinates": [ [ 8.87558, 59.525961 ], [ 9.341125, 61.473546 ] ] } },
{ "type": "Feature", "properties": { "voltage_kv": 300.0, "from_node": 68, "to_node": 80, "length_km": 202.81151881914775, "delaunay_k": 4, "edge_set": "Delaunay4" }, "geometry": { "type": "LineString", "coordinates": [ [ 8.87558, 59.525961 ], [ 10.421906, 61.177019 ] ] } },
{ "type": "Feature", "properties": { "voltage_kv": 300.0, "from_node": 68, "to_node": 89, "length_km": 191.7633551149307, "delaunay_k": 4, "edge_set": "Delaunay4" }, "geometry": { "type": "LineString", "coordinates": [ [ 8.87558, 59.525961 ], [ 11.160736, 60.816799 ] ] } },
{ "type": "Feature", "properties": { "voltage_kv": 300.0, "from_node": 69, "to_node": 78, "length_km": 232.48262995358377, "delaunay_k": 4, "edge_set": "Delaunay4" }, "geometry": { "type": "LineString", "coordinates": [ [ 9.063721, 61.885931 ], [ 10.288696, 59.88687 ] ] } },
{ "type": "Feature", "properties": { "voltage_kv": 300.0, "from_node": 69, "to_node": 86, "length_km": 235.37841956287528, "delaunay_k": 4, "edge_set": "Delaunay4" }, "geometry": { "type": "LineString", "coordinates": [ [ 9.063721, 61.885931 ], [ 10.839386, 59.958448 ] ] } },
{ "type": "Feature", "properties": { "voltage_kv": 300.0, "from_node": 69, "to_node": 87, "length_km": 201.73368447652678, "delaunay_k": 4, "edge_set": "Delaunay4" }, "geometry": { "type": "LineString", "coordinates": [ [ 9.063721, 61.885931 ], [ 11.017914, 63.45726 ] ] } },
{ "type": "Feature", "properties": { "voltage_kv": 300.0, "from_node": 69, "to_node": 90, "length_km": 308.75233948415388, "delaunay_k": 4, "edge_set": "Delaunay4" }, "geometry": { "type": "LineString", "coordinates": [ [ 9.063721, 61.885931 ], [ 11.181335, 59.317776 ] ] } },
{ "type": "Feature", "properties": { "voltage_kv": 300.0, "from_node": 69, "to_node": 92, "length_km": 244.12990452805874, "delaunay_k": 4, "edge_set": "Delaunay4" }, "geometry": { "type": "LineString", "coordinates": [ [ 9.063721, 61.885931 ], [ 11.472473, 63.779452 ] ] } },
{ "type": "Feature", "properties": { "voltage_kv": 300.0, "from_node": 69, "to_node": 93, "length_km": 263.58486557401858, "delaunay_k": 4, "edge_set": "Delaunay4" }, "geometry": { "type": "LineString", "coordinates": [ [ 9.063721, 61.885931 ], [ 11.477966, 63.979576 ] ] } },
{ "type": "Feature", "properties": { "voltage_kv": 300.0, "from_node": 69, "to_node": 94, "length_km": 313.84134865673025, "delaunay_k": 4, "edge_set": "Delaunay4" }, "geometry": { "type": "LineString", "coordinates": [ [ 9.063721, 61.885931 ], [ 11.620789, 64.453849 ] ] } },
{ "type": "Feature", "properties": { "voltage_kv": 300.0, "from_node": 70, "to_node": 74, "length_km": 197.79405020172862, "delaunay_k": 4, "edge_set": "Delaunay4" }, "geometry": { "type": "LineString", "coordinates": [ [ 9.341125, 61.473546 ], [ 9.923401, 59.721792 ] ] } },
{ "type": "Feature", "properties": { "voltage_kv": 300.0, "from_node": 70, "to_node": 81, "length_km": 215.01169751794649, "delaunay_k": 4, "edge_set": "Delaunay4" }, "geometry": { "type": "LineString", "coordinates": [ [ 9.341125, 61.473546 ], [ 10.434265, 59.620547 ] ] } },
{ "type": "Feature", "properties": { "voltage_kv": 300.0, "from_node": 70, "to_node": 82, "length_km": 222.23419704634708, "delaunay_k": 4, "edge_set": "Delaunay4" }, "geometry": { "type": "LineString", "coordinates": [ [ 9.341125, 61.473546 ], [ 10.439758, 63.401361 ] ] } },
{ "type": "Feature", "properties": { "voltage_kv": 300.0, "from_node": 70, "to_node": 83, "length_km": 209.13411100665371, "delaunay_k": 4, "edge_set": "Delaunay4" }, "geometry": { "type": "LineString", "coordinates": [ [ 9.341125, 61.473546 ], [ 10.457611, 63.276888 ] ] } },
{ "type": "Feature", "properties": { "voltage_kv": 300.0, "from_node": 70, "to_node": 86, "length_km": 187.58869613960064, "delaunay_k": 4, "edge_set": "Delaunay4" }, "geometry": { "type": "LineString", "coordinates": [ [ 9.341125, 61.473546 ], [ 10.839386, 59.958448 ] ] } },
{ "type": "Feature", "properties": { "voltage_kv": 300.0, "from_node": 70, "to_node": 90, "length_km": 260.73022727381596, "delaunay_k": 4, "edge_set": "Delaunay4" }, "geometry": { "type": "LineString", "coordinates": [ [ 9.341125, 61.473546 ], [ 11.181335, 59.317776 ] ] } },
{ "type": "Feature", "properties": { "voltage_kv": 300.0, "from_node": 71, "to_node": 80, "length_km": 216.07375274350994, "delaunay_k": 4, "edge_set": "Delaunay4" }, "geometry": { "type": "LineString", "coordinates": [ [ 9.593811, 59.282019 ], [ 10.421906, 61.177019 ] ] } },
{ "type": "Feature", "properties": { "voltage_kv": 300.0, "from_node": 71, "to_node": 89, "length_km": 191.98896868808026, "delaunay_k": 4, "edge_set": "Delaunay4" }, "geometry": { "type": "LineString", "coordinates": [ [ 9.593811, 59.282019 ], [ 11.160736, 60.816799 ] ] } },
{ "type": "Feature", "properties": { "voltage_kv": 300.0, "from_node": 72, "to_node": 80, "length_km": 230.04163391022732, "delaunay_k": 4, "edge_set": "Delaunay4" }, "geometry": { "type": "LineString", "coordinates": [ [ 9.61441, 59.151995 ], [ 10.421906, 61.177019 ] ] } },
{ "type": "Feature", "properties": { "voltage_kv": 300.0, "from_node": 72, "to_node": 88, "length_km": 310.56569483180476, "delaunay_k": 4, "edge_set": "Delaunay4" }, "geometry": { "type": "LineString", "coordinates": [ [ 9.61441, 59.151995 ], [ 11.12915, 61.837358 ] ] } },
{ "type": "Feature", "properties": { "voltage_kv": 300.0, "from_node": 73, "to_node": 78, "length_km": 190.62490909417392, "delaunay_k": 4, "edge_set": "Delaunay4" }, "geometry": { "type": "LineString", "coordinates": [ [ 9.821777, 61.582225 ], [ 10.288696, 59.88687 ] ] } },
{ "type": "Feature", "properties": { "voltage_kv": 300.0, "from_node": 73, "to_node": 82, "length_km": 205.24503823841306, "delaunay_k": 4, "edge_set": "Delaunay4" }, "geometry": { "type": "LineString", "coordinates": [ [ 9.821777, 61.582225 ], [ 10.439758, 63.401361 ] ] } },
{ "type": "Feature", "properties": { "voltage_kv": 300.0, "from_node": 73, "to_node": 83, "length_km": 191.71682375703435, "delaunay_k": 4, "edge_set": "Delaunay4" }, "geometry": { "type": "LineString", "coordinates": [ [ 9.821777, 61.582225 ], [ 10.457611, 63.276888 ] ] } },
{ "type": "Feature", "properties": { "voltage_kv": 300.0, "from_node": 73, "to_node": 86, "length_km": 189.24030154626507, "delaunay_k": 4, "edge_set": "Delaunay4" }, "geometry": { "type": "LineString", "coordinates": [ [ 9.821777, 61.582225 ], [ 10.839386, 59.958448 ] ] } },
{ "type": "Feature", "properties": { "voltage_kv": 300.0, "from_node": 73, "to_node": 90, "length_km": 263.1618377336153, "delaunay_k": 4, "edge_set": "Delaunay4" }, "geometry": { "type": "LineString", "coordinates": [ [ 9.821777, 61.582225 ], [ 11.181335, 59.317776 ] ] } },
{ "type": "Feature", "properties": { "voltage_kv": 300.0, "from_node": 74, "to_node": 77, "length_km": 201.2997619147408, "delaunay_k": 4, "edge_set": "Delaunay4" }, "geometry": { "type": "LineString", "coordinates": [ [ 9.923401, 59.721792 ], [ 10.134888, 61.525314 ] ] } },
{ "type": "Feature", "properties": { "voltage_kv": 300.0, "from_node": 74, "to_node": 88, "length_km": 244.7073808103643, "delaunay_k": 4, "edge_set": "Delaunay4" }, "geometry": { "type": "LineString", "coordinates": [ [ 9.923401, 59.721792 ], [ 11.12915, 61.837358 ] ] } },
{ "type": "Feature", "properties": { "voltage_kv": 300.0, "from_node": 75, "to_node": 77, "length_km": 194.95662882806283, "delaunay_k": 4, "edge_set": "Delaunay4" }, "geometry": { "type": "LineString", "coordinates": [ [ 9.933014, 63.271947 ], [ 10.134888, 61.525314 ] ] } },
{ "type": "Feature", "properties": { "voltage_kv": 300.0, "from_node": 75, "to_node": 80, "length_km": 234.86803859678736, "delaunay_k": 4, "edge_set": "Delaunay4" }, "geometry": { "type": "LineString", "coordinates": [ [ 9.933014, 63.271947 ], [ 10.421906, 61.177019 ] ] } },
{ "type": "Feature", "properties": { "voltage_kv": 300.0, "from_node": 75, "to_node": 89, "length_km": 281.05072598234239, "delaunay_k": 4, "edge_set": "Delaunay4" }, "geometry": { "type": "LineString", "coordinates": [ [ 9.933014, 63.271947 ], [ 11.160736, 60.816799 ] ] } },
{ "type": "Feature", "properties": { "voltage_kv": 300.0, "from_node": 75, "to_node": 97, "length_km": 239.47137452087216, "delaunay_k": 4, "edge_set": "Delaunay4" }, "geometry": { "type": "LineString", "coordinates": [ [ 9.933014, 63.271947 ], [ 13.099823, 64.914228 ] ] } },
{ "type": "Feature", "properties": { "voltage_kv": 300.0, "from_node": 75, "to_node": 98, "length_km": 328.45115200451932, "delaunay_k": 4, "edge_set": "Delaunay4" }, "geometry": { "type": "LineString", "coordinates": [ [ 9.933014, 63.271947 ], [ 13.289337, 65.841024 ] ] } },
{ "type": "Feature", "properties": { "voltage_kv": 300.0, "from_node": 76, "to_node": 80, "length_km": 181.6165642564269, "delaunay_k": 4, "edge_set": "Delaunay4" }, "geometry": { "type": "LineString", "coordinates": [ [ 10.122528, 59.553808 ], [ 10.421906, 61.177019 ] ] } },
{ "type": "Feature", "properties": { "voltage_kv": 300.0, "from_node": 77, "to_node": 81, "length_km": 212.87550200846093, "delaunay_k": 4, "edge_set": "Delaunay4" }, "geometry": { "type": "LineString", "coordinates": [ [ 10.134888, 61.525314 ], [ 10.434265, 59.620547 ] ] } },
{ "type": "Feature", "properties": { "voltage_kv": 300.0, "from_node": 77, "to_node": 86, "length_km": 178.7695257551249, "delaunay_k": 4, "edge_set": "Delaunay4" }, "geometry": { "type": "LineString", "coordinates": [ [ 10.134888, 61.525314 ], [ 10.839386, 59.958448 ] ] } },
{ "type": "Feature", "properties": { "voltage_kv": 300.0, "from_node": 77, "to_node": 90, "length_km": 252.62515835965715, "delaunay_k": 4, "edge_set": "Delaunay4" }, "geometry": { "type": "LineString", "coordinates": [ [ 10.134888, 61.525314 ], [ 11.181335, 59.317776 ] ] } },
{ "type": "Feature", "properties": { "voltage_kv": 300.0, "from_node": 79, "to_node": 80, "length_km": 199.84127881532788, "delaunay_k": 4, "edge_set": "Delaunay4" }, "geometry": { "type": "LineString", "coordinates": [ [ 10.37796, 59.383584 ], [ 10.421906, 61.177019 ] ] } },
{ "type": "Feature", "properties": { "voltage_kv": 300.0, "from_node": 79, "to_node": 88, "length_km": 276.48433664369816, "delaunay_k": 4, "edge_set": "Delaunay4" }, "geometry": { "type": "LineString", "coordinates": [ [ 10.37796, 59.383584 ], [ 11.12915, 61.837358 ] ] } },
{ "type": "Feature", "properties": { "voltage_kv": 300.0, "from_node": 80, "to_node": 85, "length_km": 186.74281746661737, "delaunay_k": 4, "edge_set": "Delaunay4" }, "geometry": { "type": "LineString", "coordinates": [ [ 10.421906, 61.177019 ], [ 10.770721, 59.509939 ] ] } },
{ "type": "Feature", "properties": { "voltage_kv": 300.0, "from_node": 81, "to_node": 88, "length_km": 249.90130377063667, "delaunay_k": 4, "edge_set": "Delaunay4" }, "geometry": { "type": "LineString", "coordinates": [ [ 10.434265, 59.620547 ], [ 11.12915, 61.837358 ] ] } },
{ "type": "Feature", "properties": { "voltage_kv": 300.0, "from_node": 82, "to_node": 88, "length_km": 177.87257508207153, "delaunay_k": 4, "edge_set": "Delaunay4" }, "geometry": { "type": "LineString", "coordinates": [ [ 10.439758, 63.401361 ], [ 11.12915, 61.837358 ] ] } },
{ "type": "Feature", "properties": { "voltage_kv": 300.0, "from_node": 82, "to_node": 99, "length_km": 344.01795036618233, "delaunay_k": 4, "edge_set": "Delaunay4" }, "geometry": { "type": "LineString", "coordinates": [ [ 10.439758, 63.401361 ], [ 13.763123, 66.142743 ] ] } },
{ "type": "Feature", "properties": { "voltage_kv": 300.0, "from_node": 83, "to_node": 88, "length_km": 164.11880217377458, "delaunay_k": 4, "edge_set": "Delaunay4" }, "geometry": { "type": "LineString", "coordinates": [ [ 10.457611, 63.276888 ], [ 11.12915, 61.837358 ] ] } },
{ "type": "Feature", "properties": { "voltage_kv": 300.0, "from_node": 83, "to_node": 97, "length_km": 223.3897683255847, "delaunay_k": 4, "edge_set": "Delaunay4" }, "geometry": { "type": "LineString", "coordinates": [ [ 10.457611, 63.276888 ], [ 13.099823, 64.914228 ] ] } },
{ "type": "Feature", "properties": { "voltage_kv": 300.0, "from_node": 83, "to_node": 98, "length_km": 316.4110677427127, "delaunay_k": 4, "edge_set": "Delaunay4" }, "geometry": { "type": "LineString", "coordinates": [ [ 10.457611, 63.276888 ], [ 13.289337, 65.841024 ] ] } },
{ "type": "Feature", "properties": { "voltage_kv": 300.0, "from_node": 85, "to_node": 88, "length_km": 260.07026279916039, "delaunay_k": 4, "edge_set": "Delaunay4" }, "geometry": { "type": "LineString", "coordinates": [ [ 10.770721, 59.509939 ], [ 11.12915, 61.837358 ] ] } },
{ "type": "Feature", "properties": { "voltage_kv": 300.0, "from_node": 87, "to_node": 98, "length_km": 287.0419214214491, "delaunay_k": 4, "edge_set": "Delaunay4" }, "geometry": { "type": "LineString", "coordinates": [ [ 11.017914, 63.45726 ], [ 13.289337, 65.841024 ] ] } },
{ "type": "Feature", "properties": { "voltage_kv": 300.0, "from_node": 87, "to_node": 99, "length_km": 326.54006470874305, "delaunay_k": 4, "edge_set": "Delaunay4" }, "geometry": { "type": "LineString", "coordinates": [ [ 11.017914, 63.45726 ], [ 13.763123, 66.142743 ] ] } }
]
}
