{
"type": "FeatureCollection",
"name": "n490_delaunay5_removed_land_area",
"crs": { "type": "name", "properties": { "name": "urn:ogc:def:crs:OGC:1.3:CRS84" } },
"features": [
{ "type": "Feature", "properties": { "from_node": 0, "to_node": 8, "length_km": 51.83398121967835, "delaunay_k": 5, "edge_set": "Delaunay5" }, "geometry": { "type": "LineString", "coordinates": [ [ 11.661987, 54.548173 ], [ 11.902313, 54.992585 ] ] } },
{ "type": "Feature", "properties": { "from_node": 0, "to_node": 9, "length_km": 66.832753979854076, "delaunay_k": 5, "edge_set": "Delaunay5" }, "geometry": { "type": "LineString", "coordinates": [ [ 11.661987, 54.548173 ], [ 11.932526, 55.127864 ] ] } },
{ "type": "Feature", "properties": { "from_node": 0, "to_node": 11, "length_km": 78.280812581639864, "delaunay_k": 5, "edge_set": "Delaunay5" }, "geometry": { "type": "LineString", "coordinates": [ [ 11.661987, 54.548173 ], [ 11.295319, 55.21884 ] ] } },
{ "type": "Feature", "properties": { "from_node": 0, "to_node": 12, "length_km": 76.927911437247545, "delaunay_k": 5, "edge_set": "Delaunay5" }, "geometry": { "type": "LineString", "coordinates": [ [ 11.661987, 54.548173 ], [ 11.933899, 55.22119 ] ] } },
{ "type": "Feature", "properties": { "from_node": 0, "to_node": 13, "length_km": 75.719307485179883, "delaunay_k": 5, "edge_set": "Delaunay5" }, "geometry": { "type": "LineString", "coordinates": [ [ 11.661987, 54.548173 ], [ 11.762238, 55.22589 ] ] } },
{ "type": "Feature", "properties": { "from_node": 0, "to_node": 14, "length_km": 79.125058391099998, "delaunay_k": 5, "edge_set": "Delaunay5" }, "geometry": { "type": "LineString", "coordinates": [ [ 11.661987, 54.548173 ], [ 11.416168, 55.244684 ] ] } },
{ "type": "Feature", "properties": { "from_node": 0, "to_node": 15, "length_km": 79.614370539031782, "delaunay_k": 5, "edge_set": "Delaunay5" }, "geometry": { "type": "LineString", "coordinates": [ [ 11.661987, 54.548173 ], [ 11.8480685, 55.255251001923504 ] ] } },
{ "type": "Feature", "properties": { "from_node": 1, "to_node": 16, "length_km": 84.772341469852961, "delaunay_k": 5, "edge_set": "Delaunay5" }, "geometry": { "type": "LineString", "coordinates": [ [ 11.501312, 54.568081 ], [ 11.90094, 55.293974 ] ] } },
{ "type": "Feature", "properties": { "from_node": 1, "to_node": 17, "length_km": 84.71341429707455, "delaunay_k": 5, "edge_set": "Delaunay5" }, "geometry": { "type": "LineString", "coordinates": [ [ 11.501312, 54.568081 ], [ 11.715546, 55.318987 ] ] } },
{ "type": "Feature", "properties": { "from_node": 1, "to_node": 18, "length_km": 93.381408417360703, "delaunay_k": 5, "edge_set": "Delaunay5" }, "geometry": { "type": "LineString", "coordinates": [ [ 11.501312, 54.568081 ], [ 12.024536, 55.351012 ] ] } },
{ "type": "Feature", "properties": { "from_node": 1, "to_node": 22, "length_km": 99.271468642252628, "delaunay_k": 5, "edge_set": "Delaunay5" }, "geometry": { "type": "LineString", "coordinates": [ [ 11.501312, 54.568081 ], [ 11.348877, 55.455499 ] ] } },
{ "type": "Feature", "properties": { "from_node": 1, "to_node": 25, "length_km": 110.65618909302634, "delaunay_k": 5, "edge_set": "Delaunay5" }, "geometry": { "type": "LineString", "coordinates": [ [ 11.501312, 54.568081 ], [ 11.211548, 55.548058 ] ] } },
{ "type": "Feature", "properties": { "from_node": 1, "to_node": 34, "length_km": 124.51275443161936, "delaunay_k": 5, "edge_set": "Delaunay5" }, "geometry": { "type": "LineString", "coordinates": [ [ 11.501312, 54.568081 ], [ 11.089325, 55.66132 ] ] } },
{ "type": "Feature", "properties": { "from_node": 2, "to_node": 29, "length_km": 144.19843783710118, "delaunay_k": 5, "edge_set": "Delaunay5" }, "geometry": { "type": "LineString", "coordinates": [ [ 11.504059, 54.717482 ], [ 13.189087, 55.58145 ] ] } },
{ "type": "Feature", "properties": { "from_node": 3, "to_node": 29, "length_km": 120.4970775724518, "delaunay_k": 5, "edge_set": "Delaunay5" }, "geometry": { "type": "LineString", "coordinates": [ [ 11.965485, 54.756331 ], [ 13.189087, 55.58145 ] ] } },
{ "type": "Feature", "properties": { "from_node": 4, "to_node": 29, "length_km": 129.69622418938286, "delaunay_k": 5, "edge_set": "Delaunay5" }, "geometry": { "type": "LineString", "coordinates": [ [ 11.712799, 54.779306 ], [ 13.189087, 55.58145 ] ] } },
{ "type": "Feature", "properties": { "from_node": 5, "to_node": 42, "length_km": 124.88182600617282, "delaunay_k": 5, "edge_set": "Delaunay5" }, "geometry": { "type": "LineString", "coordinates": [ [ 11.921539, 54.859221 ], [ 13.145142, 55.737162 ] ] } },
{ "type": "Feature", "properties": { "from_node": 5, "to_node": 50, "length_km": 153.30491647751236, "delaunay_k": 5, "edge_set": "Delaunay5" }, "geometry": { "type": "LineString", "coordinates": [ [ 11.921539, 54.859221 ], [ 13.580475, 55.86067 ] ] } },
{ "type": "Feature", "properties": { "from_node": 5, "to_node": 60, "length_km": 235.67652134482182, "delaunay_k": 5, "edge_set": "Delaunay5" }, "geometry": { "type": "LineString", "coordinates": [ [ 11.921539, 54.859221 ], [ 14.845276, 56.173846 ] ] } },
{ "type": "Feature", "properties": { "from_node": 6, "to_node": 60, "length_km": 272.79185863365672, "delaunay_k": 5, "edge_set": "Delaunay5" }, "geometry": { "type": "LineString", "coordinates": [ [ 11.190948, 54.867915 ], [ 14.845276, 56.173846 ] ] } },
{ "type": "Feature", "properties": { "from_node": 7, "to_node": 42, "length_km": 121.76327603020142, "delaunay_k": 5, "edge_set": "Delaunay5" }, "geometry": { "type": "LineString", "coordinates": [ [ 11.851501, 54.929509 ], [ 13.145142, 55.737162 ] ] } },
{ "type": "Feature", "properties": { "from_node": 7, "to_node": 50, "length_km": 150.83639858260506, "delaunay_k": 5, "edge_set": "Delaunay5" }, "geometry": { "type": "LineString", "coordinates": [ [ 11.851501, 54.929509 ], [ 13.580475, 55.86067 ] ] } },
{ "type": "Feature", "properties": { "from_node": 7, "to_node": 60, "length_km": 234.31509311146237, "delaunay_k": 5, "edge_set": "Delaunay5" }, "geometry": { "type": "LineString", "coordinates": [ [ 11.851501, 54.929509 ], [ 14.845276, 56.173846 ] ] } },
{ "type": "Feature", "properties": { "from_node": 8, "to_node": 61, "length_km": 230.26763170605673, "delaunay_k": 5, "edge_set": "Delaunay5" }, "geometry": { "type": "LineString", "coordinates": [ [ 11.902313, 54.992585 ], [ 14.790344, 56.260134 ] ] } },
{ "type": "Feature", "properties": { "from_node": 8, "to_node": 62, "length_km": 232.68962447449746, "delaunay_k": 5, "edge_set": "Delaunay5" }, "geometry": { "type": "LineString", "coordinates": [ [ 11.902313, 54.992585 ], [ 14.749146, 56.325675 ] ] } },
{ "type": "Feature", "properties": { "from_node": 8, "to_node": 63, "length_km": 293.46201999182711, "delaunay_k": 5, "edge_set": "Delaunay5" }, "geometry": { "type": "LineString", "coordinates": [ [ 11.902313, 54.992585 ], [ 15.542908, 56.649432 ] ] } },
{ "type": "Feature", "properties": { "from_node": 11, "to_node": 64, "length_km": 202.69764351127364, "delaunay_k": 5, "edge_set": "Delaunay5" }, "geometry": { "type": "LineString", "coordinates": [ [ 11.295319, 55.21884 ], [ 12.991333, 56.771541 ] ] } },
{ "type": "Feature", "properties": { "from_node": 18, "to_node": 67, "length_km": 220.61765870587951, "delaunay_k": 5, "edge_set": "Delaunay5" }, "geometry": { "type": "LineString", "coordinates": [ [ 12.024536, 55.351012 ], [ 12.237396, 57.328745 ] ] } },
{ "type": "Feature", "properties": { "from_node": 18, "to_node": 86, "length_km": 374.85922126277381, "delaunay_k": 5, "edge_set": "Delaunay5" }, "geometry": { "type": "LineString", "coordinates": [ [ 12.024536, 55.351012 ], [ 13.878479, 58.56109 ] ] } },
{ "type": "Feature", "properties": { "from_node": 24, "to_node": 67, "length_km": 203.7827518217708, "delaunay_k": 5, "edge_set": "Delaunay5" }, "geometry": { "type": "LineString", "coordinates": [ [ 12.170105, 55.499083 ], [ 12.237396, 57.328745 ] ] } },
{ "type": "Feature", "properties": { "from_node": 25, "to_node": 64, "length_km": 175.46029349977451, "delaunay_k": 5, "edge_set": "Delaunay5" }, "geometry": { "type": "LineString", "coordinates": [ [ 11.211548, 55.548058 ], [ 12.991333, 56.771541 ] ] } },
{ "type": "Feature", "properties": { "from_node": 26, "to_node": 64, "length_km": 159.05146966350074, "delaunay_k": 5, "edge_set": "Delaunay5" }, "geometry": { "type": "LineString", "coordinates": [ [ 11.670227, 55.548058 ], [ 12.991333, 56.771541 ] ] } },
{ "type": "Feature", "properties": { "from_node": 27, "to_node": 67, "length_km": 197.00093679981663, "delaunay_k": 5, "edge_set": "Delaunay5" }, "geometry": { "type": "LineString", "coordinates": [ [ 12.268982, 55.559709 ], [ 12.237396, 57.328745 ] ] } },
{ "type": "Feature", "properties": { "from_node": 29, "to_node": 72, "length_km": 231.44139552960806, "delaunay_k": 5, "edge_set": "Delaunay5" }, "geometry": { "type": "LineString", "coordinates": [ [ 13.189087, 55.58145 ], [ 12.087708, 57.568888 ] ] } },
{ "type": "Feature", "properties": { "from_node": 32, "to_node": 67, "length_km": 187.38229187836504, "delaunay_k": 5, "edge_set": "Delaunay5" }, "geometry": { "type": "LineString", "coordinates": [ [ 12.415924, 55.648924 ], [ 12.237396, 57.328745 ] ] } },
{ "type": "Feature", "properties": { "from_node": 33, "to_node": 66, "length_km": 160.43000950660647, "delaunay_k": 5, "edge_set": "Delaunay5" }, "geometry": { "type": "LineString", "coordinates": [ [ 11.877594, 55.657447 ], [ 13.066864, 56.937483 ] ] } },
{ "type": "Feature", "properties": { "from_node": 33, "to_node": 67, "length_km": 187.42058258512782, "delaunay_k": 5, "edge_set": "Delaunay5" }, "geometry": { "type": "LineString", "coordinates": [ [ 11.877594, 55.657447 ], [ 12.237396, 57.328745 ] ] } },
{ "type": "Feature", "properties": { "from_node": 34, "to_node": 66, "length_km": 187.55771858770422, "delaunay_k": 5, "edge_set": "Delaunay5" }, "geometry": { "type": "LineString", "coordinates": [ [ 11.089325, 55.66132 ], [ 13.066864, 56.937483 ] ] } },
{ "type": "Feature", "properties": { "from_node": 34, "to_node": 67, "length_km": 198.67495952865536, "delaunay_k": 5, "edge_set": "Delaunay5" }, "geometry": { "type": "LineString", "coordinates": [ [ 11.089325, 55.66132 ], [ 12.237396, 57.328745 ] ] } },
{ "type": "Feature", "properties": { "from_node": 35, "to_node": 67, "length_km": 186.8140612360435, "delaunay_k": 5, "edge_set": "Delaunay5" }, "geometry": { "type": "LineString", "coordinates": [ [ 12.583466, 55.662095 ], [ 12.237396, 57.328745 ] ] } },
{ "type": "Feature", "properties": { "from_node": 36, "to_node": 67, "length_km": 184.6998079771879, "delaunay_k": 5, "edge_set": "Delaunay5" }, "geometry": { "type": "LineString", "coordinates": [ [ 12.311554, 55.670615 ], [ 12.237396, 57.328745 ] ] } },
{ "type": "Feature", "properties": { "from_node": 37, "to_node": 67, "length_km": 185.20102105720306, "delaunay_k": 5, "edge_set": "Delaunay5" }, "geometry": { "type": "LineString", "coordinates": [ [ 12.490645134825497, 55.671527244775099 ], [ 12.237396, 57.328745 ] ] } },
{ "type": "Feature", "properties": { "from_node": 38, "to_node": 67, "length_km": 182.14314423109249, "delaunay_k": 5, "edge_set": "Delaunay5" }, "geometry": { "type": "LineString", "coordinates": [ [ 12.242889, 55.693068 ], [ 12.237396, 57.328745 ] ] } },
{ "type": "Feature", "properties": { "from_node": 39, "to_node": 66, "length_km": 164.47658181502484, "delaunay_k": 5, "edge_set": "Delaunay5" }, "geometry": { "type": "LineString", "coordinates": [ [ 11.550751, 55.724017 ], [ 13.066864, 56.937483 ] ] } },
{ "type": "Feature", "properties": { "from_node": 39, "to_node": 67, "length_km": 183.61905715777587, "delaunay_k": 5, "edge_set": "Delaunay5" }, "geometry": { "type": "LineString", "coordinates": [ [ 11.550751, 55.724017 ], [ 12.237396, 57.328745 ] ] } },
{ "type": "Feature", "properties": { "from_node": 40, "to_node": 67, "length_km": 178.83233204955906, "delaunay_k": 5, "edge_set": "Delaunay5" }, "geometry": { "type": "LineString", "coordinates": [ [ 12.580719, 55.73407 ], [ 12.237396, 57.328745 ] ] } },
{ "type": "Feature", "properties": { "from_node": 41, "to_node": 67, "length_km": 178.38697485317527, "delaunay_k": 5, "edge_set": "Delaunay5" }, "geometry": { "type": "LineString", "coordinates": [ [ 12.527161, 55.734843 ], [ 12.237396, 57.328745 ] ] } },
{ "type": "Feature", "properties": { "from_node": 42, "to_node": 72, "length_km": 214.04597350609427, "delaunay_k": 5, "edge_set": "Delaunay5" }, "geometry": { "type": "LineString", "coordinates": [ [ 13.145142, 55.737162 ], [ 12.087708, 57.568888 ] ] } },
{ "type": "Feature", "properties": { "from_node": 43, "to_node": 67, "length_km": 177.21908166603939, "delaunay_k": 5, "edge_set": "Delaunay5" }, "geometry": { "type": "LineString", "coordinates": [ [ 12.154999, 55.737935 ], [ 12.237396, 57.328745 ] ] } },
{ "type": "Feature", "properties": { "from_node": 44, "to_node": 68, "length_km": 178.46549118329182, "delaunay_k": 5, "edge_set": "Delaunay5" }, "geometry": { "type": "LineString", "coordinates": [ [ 12.389832, 55.761123 ], [ 12.671356, 57.356164 ] ] } },
{ "type": "Feature", "properties": { "from_node": 44, "to_node": 71, "length_km": 199.30066745817891, "delaunay_k": 5, "edge_set": "Delaunay5" }, "geometry": { "type": "LineString", "coordinates": [ [ 12.389832, 55.761123 ], [ 12.562866, 57.548261 ] ] } },
{ "type": "Feature", "properties": { "from_node": 44, "to_node": 72, "length_km": 202.16108327348456, "delaunay_k": 5, "edge_set": "Delaunay5" }, "geometry": { "type": "LineString", "coordinates": [ [ 12.389832, 55.761123 ], [ 12.087708, 57.568888 ] ] } },
{ "type": "Feature", "properties": { "from_node": 45, "to_node": 67, "length_km": 174.22144627178253, "delaunay_k": 5, "edge_set": "Delaunay5" }, "geometry": { "type": "LineString", "coordinates": [ [ 12.240143, 55.764213 ], [ 12.237396, 57.328745 ] ] } },
{ "type": "Feature", "properties": { "from_node": 46, "to_node": 72, "length_km": 205.72372234742932, "delaunay_k": 5, "edge_set": "Delaunay5" }, "geometry": { "type": "LineString", "coordinates": [ [ 12.970734, 55.786613 ], [ 12.087708, 57.568888 ] ] } },
{ "type": "Feature", "properties": { "from_node": 47, "to_node": 68, "length_km": 173.88093215868315, "delaunay_k": 5, "edge_set": "Delaunay5" }, "geometry": { "type": "LineString", "coordinates": [ [ 12.56424, 55.795877 ], [ 12.671356, 57.356164 ] ] } },
{ "type": "Feature", "properties": { "from_node": 47, "to_node": 71, "length_km": 195.15028509124826, "delaunay_k": 5, "edge_set": "Delaunay5" }, "geometry": { "type": "LineString", "coordinates": [ [ 12.56424, 55.795877 ], [ 12.562866, 57.548261 ] ] } },
{ "type": "Feature", "properties": { "from_node": 47, "to_node": 72, "length_km": 199.59035616506122, "delaunay_k": 5, "edge_set": "Delaunay5" }, "geometry": { "type": "LineString", "coordinates": [ [ 12.56424, 55.795877 ], [ 12.087708, 57.568888 ] ] } },
{ "type": "Feature", "properties": { "from_node": 48, "to_node": 68, "length_km": 178.09273009475257, "delaunay_k": 5, "edge_set": "Delaunay5" }, "geometry": { "type": "LineString", "coordinates": [ [ 11.885834, 55.816715 ], [ 12.671356, 57.356164 ] ] } },
{ "type": "Feature", "properties": { "from_node": 48, "to_node": 70, "length_km": 213.42004798583815, "delaunay_k": 5, "edge_set": "Delaunay5" }, "geometry": { "type": "LineString", "coordinates": [ [ 11.885834, 55.816715 ], [ 13.414307, 57.53868 ] ] } },
{ "type": "Feature", "properties": { "from_node": 48, "to_node": 71, "length_km": 197.23550252109081, "delaunay_k": 5, "edge_set": "Delaunay5" }, "geometry": { "type": "LineString", "coordinates": [ [ 11.885834, 55.816715 ], [ 12.562866, 57.548261 ] ] } },
{ "type": "Feature", "properties": { "from_node": 48, "to_node": 72, "length_km": 195.50881516444363, "delaunay_k": 5, "edge_set": "Delaunay5" }, "geometry": { "type": "LineString", "coordinates": [ [ 11.885834, 55.816715 ], [ 12.087708, 57.568888 ] ] } },
{ "type": "Feature", "properties": { "from_node": 48, "to_node": 73, "length_km": 254.64204183549018, "delaunay_k": 5, "edge_set": "Delaunay5" }, "geometry": { "type": "LineString", "coordinates": [ [ 11.885834, 55.816715 ], [ 14.197083, 57.718819 ] ] } },
{ "type": "Feature", "properties": { "from_node": 48, "to_node": 75, "length_km": 276.98899036833114, "delaunay_k": 5, "edge_set": "Delaunay5" }, "geometry": { "type": "LineString", "coordinates": [ [ 11.885834, 55.816715 ], [ 14.625549, 57.798676 ] ] } },
{ "type": "Feature", "properties": { "from_node": 49, "to_node": 68, "length_km": 172.92502863414691, "delaunay_k": 5, "edge_set": "Delaunay5" }, "geometry": { "type": "LineString", "coordinates": [ [ 12.23465, 55.822116 ], [ 12.671356, 57.356164 ] ] } },
{ "type": "Feature", "properties": { "from_node": 49, "to_node": 71, "length_km": 193.27420159351507, "delaunay_k": 5, "edge_set": "Delaunay5" }, "geometry": { "type": "LineString", "coordinates": [ [ 12.23465, 55.822116 ], [ 12.562866, 57.548261 ] ] } },
{ "type": "Feature", "properties": { "from_node": 49, "to_node": 72, "length_km": 194.72657497509996, "delaunay_k": 5, "edge_set": "Delaunay5" }, "geometry": { "type": "LineString", "coordinates": [ [ 12.23465, 55.822116 ], [ 12.087708, 57.568888 ] ] } },
{ "type": "Feature", "properties": { "from_node": 50, "to_node": 104, "length_km": 445.06229533611895, "delaunay_k": 5, "edge_set": "Delaunay5" }, "geometry": { "type": "LineString", "coordinates": [ [ 13.580475, 55.86067 ], [ 17.932434, 59.094909 ] ] } },
{ "type": "Feature", "properties": { "from_node": 51, "to_node": 68, "length_km": 177.49337949791877, "delaunay_k": 5, "edge_set": "Delaunay5" }, "geometry": { "type": "LineString", "coordinates": [ [ 11.641388, 55.866835 ], [ 12.671356, 57.356164 ] ] } },
{ "type": "Feature", "properties": { "from_node": 51, "to_node": 70, "length_km": 215.52984336903646, "delaunay_k": 5, "edge_set": "Delaunay5" }, "geometry": { "type": "LineString", "coordinates": [ [ 11.641388, 55.866835 ], [ 13.414307, 57.53868 ] ] } },
{ "type": "Feature", "properties": { "from_node": 51, "to_node": 71, "length_km": 195.55839215532106, "delaunay_k": 5, "edge_set": "Delaunay5" }, "geometry": { "type": "LineString", "coordinates": [ [ 11.641388, 55.866835 ], [ 12.562866, 57.548261 ] ] } },
{ "type": "Feature", "properties": { "from_node": 51, "to_node": 72, "length_km": 191.49470110895859, "delaunay_k": 5, "edge_set": "Delaunay5" }, "geometry": { "type": "LineString", "coordinates": [ [ 11.641388, 55.866835 ], [ 12.087708, 57.568888 ] ] } },
{ "type": "Feature", "properties": { "from_node": 51, "to_node": 73, "length_km": 258.69174458669744, "delaunay_k": 5, "edge_set": "Delaunay5" }, "geometry": { "type": "LineString", "coordinates": [ [ 11.641388, 55.866835 ], [ 14.197083, 57.718819 ] ] } },
{ "type": "Feature", "properties": { "from_node": 51, "to_node": 75, "length_km": 281.88935412330869, "delaunay_k": 5, "edge_set": "Delaunay5" }, "geometry": { "type": "LineString", "coordinates": [ [ 11.641388, 55.866835 ], [ 14.625549, 57.798676 ] ] } },
{ "type": "Feature", "properties": { "from_node": 52, "to_node": 68, "length_km": 162.92491768564616, "delaunay_k": 5, "edge_set": "Delaunay5" }, "geometry": { "type": "LineString", "coordinates": [ [ 12.22641, 55.913812 ], [ 12.671356, 57.356164 ] ] } },
{ "type": "Feature", "properties": { "from_node": 52, "to_node": 70, "length_km": 195.01846935832089, "delaunay_k": 5, "edge_set": "Delaunay5" }, "geometry": { "type": "LineString", "coordinates": [ [ 12.22641, 55.913812 ], [ 13.414307, 57.53868 ] ] } },
{ "type": "Feature", "properties": { "from_node": 52, "to_node": 71, "length_km": 183.17598572324093, "delaunay_k": 5, "edge_set": "Delaunay5" }, "geometry": { "type": "LineString", "coordinates": [ [ 12.22641, 55.913812 ], [ 12.562866, 57.548261 ] ] } },
{ "type": "Feature", "properties": { "from_node": 52, "to_node": 72, "length_km": 184.50383076580815, "delaunay_k": 5, "edge_set": "Delaunay5" }, "geometry": { "type": "LineString", "coordinates": [ [ 12.22641, 55.913812 ], [ 12.087708, 57.568888 ] ] } },
{ "type": "Feature", "properties": { "from_node": 53, "to_node": 74, "length_km": 202.56321709833108, "delaunay_k": 5, "edge_set": "Delaunay5" }, "geometry": { "type": "LineString", "coordinates": [ [ 12.520294, 55.933818 ], [ 11.954498, 57.726153 ] ] } },
{ "type": "Feature", "properties": { "from_node": 53, "to_node": 76, "length_km": 209.74790066610234, "delaunay_k": 5, "edge_set": "Delaunay5" }, "geometry": { "type": "LineString", "coordinates": [ [ 12.520294, 55.933818 ], [ 12.407684, 57.816235 ] ] } },
{ "type": "Feature", "properties": { "from_node": 54, "to_node": 74, "length_km": 201.94043651093608, "delaunay_k": 5, "edge_set": "Delaunay5" }, "geometry": { "type": "LineString", "coordinates": [ [ 12.474976, 55.935356 ], [ 11.954498, 57.726153 ] ] } },
{ "type": "Feature", "properties": { "from_node": 54, "to_node": 76, "length_km": 209.50392911240786, "delaunay_k": 5, "edge_set": "Delaunay5" }, "geometry": { "type": "LineString", "coordinates": [ [ 12.474976, 55.935356 ], [ 12.407684, 57.816235 ] ] } },
{ "type": "Feature", "properties": { "from_node": 55, "to_node": 74, "length_km": 200.39013492165682, "delaunay_k": 5, "edge_set": "Delaunay5" }, "geometry": { "type": "LineString", "coordinates": [ [ 12.385712, 55.942279 ], [ 11.954498, 57.726153 ] ] } },
{ "type": "Feature", "properties": { "from_node": 55, "to_node": 76, "length_km": 208.69622320409525, "delaunay_k": 5, "edge_set": "Delaunay5" }, "geometry": { "type": "LineString", "coordinates": [ [ 12.385712, 55.942279 ], [ 12.407684, 57.816235 ] ] } },
{ "type": "Feature", "properties": { "from_node": 56, "to_node": 74, "length_km": 195.76534206502393, "delaunay_k": 5, "edge_set": "Delaunay5" }, "geometry": { "type": "LineString", "coordinates": [ [ 12.061615, 55.969187 ], [ 11.954498, 57.726153 ] ] } },
{ "type": "Feature", "properties": { "from_node": 56, "to_node": 76, "length_km": 206.77061287967607, "delaunay_k": 5, "edge_set": "Delaunay5" }, "geometry": { "type": "LineString", "coordinates": [ [ 12.061615, 55.969187 ], [ 12.407684, 57.816235 ] ] } },
{ "type": "Feature", "properties": { "from_node": 56, "to_node": 81, "length_km": 320.15521618070107, "delaunay_k": 5, "edge_set": "Delaunay5" }, "geometry": { "type": "LineString", "coordinates": [ [ 12.061615, 55.969187 ], [ 15.195465, 58.28423 ] ] } },
{ "type": "Feature", "properties": { "from_node": 56, "to_node": 86, "length_km": 308.77678617839103, "delaunay_k": 5, "edge_set": "Delaunay5" }, "geometry": { "type": "LineString", "coordinates": [ [ 12.061615, 55.969187 ], [ 13.878479, 58.56109 ] ] } },
{ "type": "Feature", "properties": { "from_node": 56, "to_node": 88, "length_km": 317.84526560158105, "delaunay_k": 5, "edge_set": "Delaunay5" }, "geometry": { "type": "LineString", "coordinates": [ [ 12.061615, 55.969187 ], [ 14.111938, 58.598318 ] ] } },
{ "type": "Feature", "properties": { "from_node": 57, "to_node": 77, "length_km": 214.91261183989067, "delaunay_k": 5, "edge_set": "Delaunay5" }, "geometry": { "type": "LineString", "coordinates": [ [ 12.571106, 56.042897 ], [ 12.244263, 57.964417 ] ] } },
{ "type": "Feature", "properties": { "from_node": 57, "to_node": 82, "length_km": 252.40389455557963, "delaunay_k": 5, "edge_set": "Delaunay5" }, "geometry": { "type": "LineString", "coordinates": [ [ 12.571106, 56.042897 ], [ 12.299194, 58.304438 ] ] } },
{ "type": "Feature", "properties": { "from_node": 57, "to_node": 91, "length_km": 311.70871660689539, "delaunay_k": 5, "edge_set": "Delaunay5" }, "geometry": { "type": "LineString", "coordinates": [ [ 12.571106, 56.042897 ], [ 11.629028, 58.795248 ] ] } },
{ "type": "Feature", "properties": { "from_node": 57, "to_node": 119, "length_km": 367.74928024960627, "delaunay_k": 5, "edge_set": "Delaunay5" }, "geometry": { "type": "LineString", "coordinates": [ [ 12.571106, 56.042897 ], [ 12.9776, 59.337392 ] ] } },
{ "type": "Feature", "properties": { "from_node": 58, "to_node": 74, "length_km": 193.79303267283507, "delaunay_k": 5, "edge_set": "Delaunay5" }, "geometry": { "type": "LineString", "coordinates": [ [ 12.933655, 56.070502 ], [ 11.954498, 57.726153 ] ] } },
{ "type": "Feature", "properties": { "from_node": 59, "to_node": 104, "length_km": 440.89926703274836, "delaunay_k": 5, "edge_set": "Delaunay5" }, "geometry": { "type": "LineString", "coordinates": [ [ 12.984467, 56.159318 ], [ 17.932434, 59.094909 ] ] } },
{ "type": "Feature", "properties": { "from_node": 60, "to_node": 103, "length_km": 379.09722728142344, "delaunay_k": 5, "edge_set": "Delaunay5" }, "geometry": { "type": "LineString", "coordinates": [ [ 14.845276, 56.173846 ], [ 18.124695, 59.084327 ] ] } },
{ "type": "Feature", "properties": { "from_node": 60, "to_node": 109, "length_km": 386.59749570124063, "delaunay_k": 5, "edge_set": "Delaunay5" }, "geometry": { "type": "LineString", "coordinates": [ [ 14.845276, 56.173846 ], [ 18.110962, 59.168187 ] ] } },
{ "type": "Feature", "properties": { "from_node": 60, "to_node": 111, "length_km": 381.84940208787901, "delaunay_k": 5, "edge_set": "Delaunay5" }, "geometry": { "type": "LineString", "coordinates": [ [ 14.845276, 56.173846 ], [ 17.766266, 59.221637 ] ] } },
{ "type": "Feature", "properties": { "from_node": 61, "to_node": 103, "length_km": 372.51460163663302, "delaunay_k": 5, "edge_set": "Delaunay5" }, "geometry": { "type": "LineString", "coordinates": [ [ 14.790344, 56.260134 ], [ 18.124695, 59.084327 ] ] } },
{ "type": "Feature", "properties": { "from_node": 61, "to_node": 109, "length_km": 379.89797737269691, "delaunay_k": 5, "edge_set": "Delaunay5" }, "geometry": { "type": "LineString", "coordinates": [ [ 14.790344, 56.260134 ], [ 18.110962, 59.168187 ] ] } },
{ "type": "Feature", "properties": { "from_node": 61, "to_node": 111, "length_km": 374.75496625934932, "delaunay_k": 5, "edge_set": "Delaunay5" }, "geometry": { "type": "LineString", "coordinates": [ [ 14.790344, 56.260134 ], [ 17.766266, 59.221637 ] ] } },
{ "type": "Feature", "properties": { "from_node": 62, "to_node": 103, "length_km": 367.60127827019801, "delaunay_k": 5, "edge_set": "Delaunay5" }, "geometry": { "type": "LineString", "coordinates": [ [ 14.749146, 56.325675 ], [ 18.124695, 59.084327 ] ] } },
{ "type": "Feature", "properties": { "from_node": 62, "to_node": 109, "length_km": 374.89151800870519, "delaunay_k": 5, "edge_set": "Delaunay5" }, "geometry": { "type": "LineString", "coordinates": [ [ 14.749146, 56.325675 ], [ 18.110962, 59.168187 ] ] } },
{ "type": "Feature", "properties": { "from_node": 62, "to_node": 111, "length_km": 369.44218228792965, "delaunay_k": 5, "edge_set": "Delaunay5" }, "geometry": { "type": "LineString", "coordinates": [ [ 14.749146, 56.325675 ], [ 17.766266, 59.221637 ] ] } },
{ "type": "Feature", "properties": { "from_node": 63, "to_node": 108, "length_km": 448.44821591970475, "delaunay_k": 5, "edge_set": "Delaunay5" }, "geometry": { "type": "LineString", "coordinates": [ [ 15.542908, 56.649432 ], [ 9.61441, 59.151995 ] ] } },
{ "type": "Feature", "properties": { "from_node": 63, "to_node": 117, "length_km": 333.67503245452673, "delaunay_k": 5, "edge_set": "Delaunay5" }, "geometry": { "type": "LineString", "coordinates": [ [ 15.542908, 56.649432 ], [ 18.095856, 59.317075 ] ] } },
{ "type": "Feature", "properties": { "from_node": 63, "to_node": 120, "length_km": 326.69144548543147, "delaunay_k": 5, "edge_set": "Delaunay5" }, "geometry": { "type": "LineString", "coordinates": [ [ 15.542908, 56.649432 ], [ 17.683868, 59.349996 ] ] } },
{ "type": "Feature", "properties": { "from_node": 63, "to_node": 129, "length_km": 358.14827031091744, "delaunay_k": 5, "edge_set": "Delaunay5" }, "geometry": { "type": "LineString", "coordinates": [ [ 15.542908, 56.649432 ], [ 18.404846, 59.480661 ] ] } },
{ "type": "Feature", "properties": { "from_node": 65, "to_node": 103, "length_km": 336.1406651201994, "delaunay_k": 5, "edge_set": "Delaunay5" }, "geometry": { "type": "LineString", "coordinates": [ [ 14.40033, 56.809901 ], [ 18.124695, 59.084327 ] ] } },
{ "type": "Feature", "properties": { "from_node": 65, "to_node": 108, "length_km": 384.87216002825568, "delaunay_k": 5, "edge_set": "Delaunay5" }, "geometry": { "type": "LineString", "coordinates": [ [ 14.40033, 56.809901 ], [ 9.61441, 59.151995 ] ] } },
{ "type": "Feature", "properties": { "from_node": 65, "to_node": 109, "length_km": 342.55538260059831, "delaunay_k": 5, "edge_set": "Delaunay5" }, "geometry": { "type": "LineString", "coordinates": [ [ 14.40033, 56.809901 ], [ 18.110962, 59.168187 ] ] } },
{ "type": "Feature", "properties": { "from_node": 65, "to_node": 121, "length_km": 371.98817388530432, "delaunay_k": 5, "edge_set": "Delaunay5" }, "geometry": { "type": "LineString", "coordinates": [ [ 14.40033, 56.809901 ], [ 10.37796, 59.383584 ] ] } },
{ "type": "Feature", "properties": { "from_node": 66, "to_node": 108, "length_km": 319.94705722874824, "delaunay_k": 5, "edge_set": "Delaunay5" }, "geometry": { "type": "LineString", "coordinates": [ [ 13.066864, 56.937483 ], [ 9.61441, 59.151995 ] ] } },
{ "type": "Feature", "properties": { "from_node": 66, "to_node": 121, "length_km": 315.0475942637637, "delaunay_k": 5, "edge_set": "Delaunay5" }, "geometry": { "type": "LineString", "coordinates": [ [ 13.066864, 56.937483 ], [ 10.37796, 59.383584 ] ] } },
{ "type": "Feature", "properties": { "from_node": 67, "to_node": 108, "length_km": 254.87205792666001, "delaunay_k": 5, "edge_set": "Delaunay5" }, "geometry": { "type": "LineString", "coordinates": [ [ 12.237396, 57.328745 ], [ 9.61441, 59.151995 ] ] } },
{ "type": "Feature", "properties": { "from_node": 67, "to_node": 121, "length_km": 253.42631714218726, "delaunay_k": 5, "edge_set": "Delaunay5" }, "geometry": { "type": "LineString", "coordinates": [ [ 12.237396, 57.328745 ], [ 10.37796, 59.383584 ] ] } },
{ "type": "Feature", "properties": { "from_node": 68, "to_node": 108, "length_km": 268.70167805937348, "delaunay_k": 5, "edge_set": "Delaunay5" }, "geometry": { "type": "LineString", "coordinates": [ [ 12.671356, 57.356164 ], [ 9.61441, 59.151995 ] ] } },
{ "type": "Feature", "properties": { "from_node": 68, "to_node": 121, "length_km": 262.66771925186993, "delaunay_k": 5, "edge_set": "Delaunay5" }, "geometry": { "type": "LineString", "coordinates": [ [ 12.671356, 57.356164 ], [ 10.37796, 59.383584 ] ] } },
{ "type": "Feature", "properties": { "from_node": 69, "to_node": 108, "length_km": 455.12663815474554, "delaunay_k": 5, "edge_set": "Delaunay5" }, "geometry": { "type": "LineString", "coordinates": [ [ 16.660767, 57.43682 ], [ 9.61441, 59.151995 ] ] } },
{ "type": "Feature", "properties": { "from_node": 69, "to_node": 127, "length_km": 243.02810803215246, "delaunay_k": 5, "edge_set": "Delaunay5" }, "geometry": { "type": "LineString", "coordinates": [ [ 16.660767, 57.43682 ], [ 18.135681, 59.473686 ] ] } },
{ "type": "Feature", "properties": { "from_node": 69, "to_node": 146, "length_km": 263.00048264130311, "delaunay_k": 5, "edge_set": "Delaunay5" }, "geometry": { "type": "LineString", "coordinates": [ [ 16.660767, 57.43682 ], [ 17.789612, 59.719715 ] ] } },
{ "type": "Feature", "properties": { "from_node": 69, "to_node": 150, "length_km": 266.2822963373485, "delaunay_k": 5, "edge_set": "Delaunay5" }, "geometry": { "type": "LineString", "coordinates": [ [ 16.660767, 57.43682 ], [ 17.925568, 59.730792 ] ] } },
{ "type": "Feature", "properties": { "from_node": 69, "to_node": 158, "length_km": 291.14513109764943, "delaunay_k": 5, "edge_set": "Delaunay5" }, "geometry": { "type": "LineString", "coordinates": [ [ 16.660767, 57.43682 ], [ 18.621826, 59.837916 ] ] } },
{ "type": "Feature", "properties": { "from_node": 69, "to_node": 165, "length_km": 285.21320112675988, "delaunay_k": 5, "edge_set": "Delaunay5" }, "geometry": { "type": "LineString", "coordinates": [ [ 16.660767, 57.43682 ], [ 17.748413, 59.930248 ] ] } },
{ "type": "Feature", "properties": { "from_node": 70, "to_node": 87, "length_km": 296.7979290697088, "delaunay_k": 5, "edge_set": "Delaunay5" }, "geometry": { "type": "LineString", "coordinates": [ [ 13.414307, 57.53868 ], [ 8.782196, 58.575413 ] ] } },
{ "type": "Feature", "properties": { "from_node": 70, "to_node": 114, "length_km": 295.87806381062921, "delaunay_k": 5, "edge_set": "Delaunay5" }, "geometry": { "type": "LineString", "coordinates": [ [ 13.414307, 57.53868 ], [ 9.593811, 59.282019 ] ] } },
{ "type": "Feature", "properties": { "from_node": 70, "to_node": 122, "length_km": 337.95064988367437, "delaunay_k": 5, "edge_set": "Delaunay5" }, "geometry": { "type": "LineString", "coordinates": [ [ 13.414307, 57.53868 ], [ 8.87146, 59.422728 ] ] } },
{ "type": "Feature", "properties": { "from_node": 71, "to_node": 108, "length_km": 248.39016667202884, "delaunay_k": 5, "edge_set": "Delaunay5" }, "geometry": { "type": "LineString", "coordinates": [ [ 12.562866, 57.548261 ], [ 9.61441, 59.151995 ] ] } },
{ "type": "Feature", "properties": { "from_node": 71, "to_node": 121, "length_km": 240.9164205729065, "delaunay_k": 5, "edge_set": "Delaunay5" }, "geometry": { "type": "LineString", "coordinates": [ [ 12.562866, 57.548261 ], [ 10.37796, 59.383584 ] ] } },
{ "type": "Feature", "properties": { "from_node": 72, "to_node": 87, "length_km": 224.97073003546996, "delaunay_k": 5, "edge_set": "Delaunay5" }, "geometry": { "type": "LineString", "coordinates": [ [ 12.087708, 57.568888 ], [ 8.782196, 58.575413 ] ] } },
{ "type": "Feature", "properties": { "from_node": 72, "to_node": 114, "length_km": 240.06752956547803, "delaunay_k": 5, "edge_set": "Delaunay5" }, "geometry": { "type": "LineString", "coordinates": [ [ 12.087708, 57.568888 ], [ 9.593811, 59.282019 ] ] } },
{ "type": "Feature", "properties": { "from_node": 72, "to_node": 122, "length_km": 278.9088041107338, "delaunay_k": 5, "edge_set": "Delaunay5" }, "geometry": { "type": "LineString", "coordinates": [ [ 12.087708, 57.568888 ], [ 8.87146, 59.422728 ] ] } },
{ "type": "Feature", "properties": { "from_node": 72, "to_node": 136, "length_km": 248.91003941138803, "delaunay_k": 5, "edge_set": "Delaunay5" }, "geometry": { "type": "LineString", "coordinates": [ [ 12.087708, 57.568888 ], [ 10.122528, 59.553808 ] ] } },
{ "type": "Feature", "properties": { "from_node": 72, "to_node": 140, "length_km": 247.91670747567534, "delaunay_k": 5, "edge_set": "Delaunay5" }, "geometry": { "type": "LineString", "coordinates": [ [ 12.087708, 57.568888 ], [ 10.434265, 59.620547 ] ] } },
{ "type": "Feature", "properties": { "from_node": 72, "to_node": 161, "length_km": 278.41796172219864, "delaunay_k": 5, "edge_set": "Delaunay5" }, "geometry": { "type": "LineString", "coordinates": [ [ 12.087708, 57.568888 ], [ 10.288696, 59.88687 ] ] } },
{ "type": "Feature", "properties": { "from_node": 72, "to_node": 175, "length_km": 314.65272086678272, "delaunay_k": 5, "edge_set": "Delaunay5" }, "geometry": { "type": "LineString", "coordinates": [ [ 12.087708, 57.568888 ], [ 10.092316, 60.198203 ] ] } },
{ "type": "Feature", "properties": { "from_node": 73, "to_node": 87, "length_km": 332.78044523478098, "delaunay_k": 5, "edge_set": "Delaunay5" }, "geometry": { "type": "LineString", "coordinates": [ [ 14.197083, 57.718819 ], [ 8.782196, 58.575413 ] ] } },
{ "type": "Feature", "properties": { "from_node": 73, "to_node": 114, "length_km": 319.85283461884023, "delaunay_k": 5, "edge_set": "Delaunay5" }, "geometry": { "type": "LineString", "coordinates": [ [ 14.197083, 57.718819 ], [ 9.593811, 59.282019 ] ] } },
{ "type": "Feature", "properties": { "from_node": 73, "to_node": 122, "length_km": 363.27596116267671, "delaunay_k": 5, "edge_set": "Delaunay5" }, "geometry": { "type": "LineString", "coordinates": [ [ 14.197083, 57.718819 ], [ 8.87146, 59.422728 ] ] } },
{ "type": "Feature", "properties": { "from_node": 74, "to_node": 79, "length_km": 235.07053331724964, "delaunay_k": 5, "edge_set": "Delaunay5" }, "geometry": { "type": "LineString", "coordinates": [ [ 11.954498, 57.726153 ], [ 8.102417, 58.2445 ] ] } },
{ "type": "Feature", "properties": { "from_node": 74, "to_node": 97, "length_km": 283.87548018202733, "delaunay_k": 5, "edge_set": "Delaunay5" }, "geometry": { "type": "LineString", "coordinates": [ [ 11.954498, 57.726153 ], [ 7.727509, 58.974791 ] ] } },
{ "type": "Feature", "properties": { "from_node": 74, "to_node": 123, "length_km": 304.48189936732126, "delaunay_k": 5, "edge_set": "Delaunay5" }, "geometry": { "type": "LineString", "coordinates": [ [ 11.954498, 57.726153 ], [ 7.901917, 59.457639 ] ] } },
{ "type": "Feature", "properties": { "from_node": 74, "to_node": 135, "length_km": 268.64207291667401, "delaunay_k": 5, "edge_set": "Delaunay5" }, "geometry": { "type": "LineString", "coordinates": [ [ 11.954498, 57.726153 ], [ 8.87558, 59.525961 ] ] } },
{ "type": "Feature", "properties": { "from_node": 74, "to_node": 147, "length_km": 251.49681305284096, "delaunay_k": 5, "edge_set": "Delaunay5" }, "geometry": { "type": "LineString", "coordinates": [ [ 11.954498, 57.726153 ], [ 9.923401, 59.721792 ] ] } },
{ "type": "Feature", "properties": { "from_node": 74, "to_node": 177, "length_km": 326.03210228336479, "delaunay_k": 5, "edge_set": "Delaunay5" }, "geometry": { "type": "LineString", "coordinates": [ [ 11.954498, 57.726153 ], [ 9.026642, 60.232994 ] ] } },
{ "type": "Feature", "properties": { "from_node": 74, "to_node": 206, "length_km": 367.7893325791635, "delaunay_k": 5, "edge_set": "Delaunay5" }, "geometry": { "type": "LineString", "coordinates": [ [ 11.954498, 57.726153 ], [ 8.75885, 60.591688 ] ] } },
{ "type": "Feature", "properties": { "from_node": 74, "to_node": 216, "length_km": 389.56242420978703, "delaunay_k": 5, "edge_set": "Delaunay5" }, "geometry": { "type": "LineString", "coordinates": [ [ 11.954498, 57.726153 ], [ 8.690186, 60.798714 ] ] } },
{ "type": "Feature", "properties": { "from_node": 75, "to_node": 87, "length_km": 354.37163848907659, "delaunay_k": 5, "edge_set": "Delaunay5" }, "geometry": { "type": "LineString", "coordinates": [ [ 14.625549, 57.798676 ], [ 8.782196, 58.575413 ] ] } },
{ "type": "Feature", "properties": { "from_node": 75, "to_node": 114, "length_km": 336.3331659789896, "delaunay_k": 5, "edge_set": "Delaunay5" }, "geometry": { "type": "LineString", "coordinates": [ [ 14.625549, 57.798676 ], [ 9.593811, 59.282019 ] ] } },
{ "type": "Feature", "properties": { "from_node": 75, "to_node": 122, "length_km": 380.10382184922582, "delaunay_k": 5, "edge_set": "Delaunay5" }, "geometry": { "type": "LineString", "coordinates": [ [ 14.625549, 57.798676 ], [ 8.87146, 59.422728 ] ] } },
{ "type": "Feature", "properties": { "from_node": 76, "to_node": 87, "length_km": 229.34906663910297, "delaunay_k": 5, "edge_set": "Delaunay5" }, "geometry": { "type": "LineString", "coordinates": [ [ 12.407684, 57.816235 ], [ 8.782196, 58.575413 ] ] } },
{ "type": "Feature", "properties": { "from_node": 76, "to_node": 114, "length_km": 231.27129607399502, "delaunay_k": 5, "edge_set": "Delaunay5" }, "geometry": { "type": "LineString", "coordinates": [ [ 12.407684, 57.816235 ], [ 9.593811, 59.282019 ] ] } },
{ "type": "Feature", "properties": { "from_node": 76, "to_node": 122, "length_km": 272.43236727501272, "delaunay_k": 5, "edge_set": "Delaunay5" }, "geometry": { "type": "LineString", "coordinates": [ [ 12.407684, 57.816235 ], [ 8.87146, 59.422728 ] ] } },
{ "type": "Feature", "properties": { "from_node": 76, "to_node": 136, "length_km": 234.55387234120508, "delaunay_k": 5, "edge_set": "Delaunay5" }, "geometry": { "type": "LineString", "coordinates": [ [ 12.407684, 57.816235 ], [ 10.122528, 59.553808 ] ] } },
{ "type": "Feature", "properties": { "from_node": 76, "to_node": 147, "length_km": 256.32037960889141, "delaunay_k": 5, "edge_set": "Delaunay5" }, "geometry": { "type": "LineString", "coordinates": [ [ 12.407684, 57.816235 ], [ 9.923401, 59.721792 ] ] } },
{ "type": "Feature", "properties": { "from_node": 76, "to_node": 177, "length_km": 331.87038765690255, "delaunay_k": 5, "edge_set": "Delaunay5" }, "geometry": { "type": "LineString", "coordinates": [ [ 12.407684, 57.816235 ], [ 9.026642, 60.232994 ] ] } },
{ "type": "Feature", "properties": { "from_node": 76, "to_node": 206, "length_km": 372.80363722651072, "delaunay_k": 5, "edge_set": "Delaunay5" }, "geometry": { "type": "LineString", "coordinates": [ [ 12.407684, 57.816235 ], [ 8.75885, 60.591688 ] ] } },
{ "type": "Feature", "properties": { "from_node": 76, "to_node": 216, "length_km": 393.88231674746191, "delaunay_k": 5, "edge_set": "Delaunay5" }, "geometry": { "type": "LineString", "coordinates": [ [ 12.407684, 57.816235 ], [ 8.690186, 60.798714 ] ] } },
{ "type": "Feature", "properties": { "from_node": 77, "to_node": 87, "length_km": 214.25993946760383, "delaunay_k": 5, "edge_set": "Delaunay5" }, "geometry": { "type": "LineString", "coordinates": [ [ 12.244263, 57.964417 ], [ 8.782196, 58.575413 ] ] } },
{ "type": "Feature", "properties": { "from_node": 77, "to_node": 114, "length_km": 212.71042235404715, "delaunay_k": 5, "edge_set": "Delaunay5" }, "geometry": { "type": "LineString", "coordinates": [ [ 12.244263, 57.964417 ], [ 9.593811, 59.282019 ] ] } },
{ "type": "Feature", "properties": { "from_node": 77, "to_node": 122, "length_km": 254.19905757808817, "delaunay_k": 5, "edge_set": "Delaunay5" }, "geometry": { "type": "LineString", "coordinates": [ [ 12.244263, 57.964417 ], [ 8.87146, 59.422728 ] ] } },
{ "type": "Feature", "properties": { "from_node": 77, "to_node": 136, "length_km": 215.4430807363787, "delaunay_k": 5, "edge_set": "Delaunay5" }, "geometry": { "type": "LineString", "coordinates": [ [ 12.244263, 57.964417 ], [ 10.122528, 59.553808 ] ] } },
{ "type": "Feature", "properties": { "from_node": 77, "to_node": 147, "length_km": 237.20240864329745, "delaunay_k": 5, "edge_set": "Delaunay5" }, "geometry": { "type": "LineString", "coordinates": [ [ 12.244263, 57.964417 ], [ 9.923401, 59.721792 ] ] } },
{ "type": "Feature", "properties": { "from_node": 77, "to_node": 177, "length_km": 312.77918623800764, "delaunay_k": 5, "edge_set": "Delaunay5" }, "geometry": { "type": "LineString", "coordinates": [ [ 12.244263, 57.964417 ], [ 9.026642, 60.232994 ] ] } },
{ "type": "Feature", "properties": { "from_node": 77, "to_node": 206, "length_km": 353.67607237001812, "delaunay_k": 5, "edge_set": "Delaunay5" }, "geometry": { "type": "LineString", "coordinates": [ [ 12.244263, 57.964417 ], [ 8.75885, 60.591688 ] ] } },
{ "type": "Feature", "properties": { "from_node": 77, "to_node": 216, "length_km": 374.7424859001103, "delaunay_k": 5, "edge_set": "Delaunay5" }, "geometry": { "type": "LineString", "coordinates": [ [ 12.244263, 57.964417 ], [ 8.690186, 60.798714 ] ] } },
{ "type": "Feature", "properties": { "from_node": 78, "to_node": 91, "length_km": 293.96844547193206, "delaunay_k": 5, "edge_set": "Delaunay5" }, "geometry": { "type": "LineString", "coordinates": [ [ 6.764832, 58.11344 ], [ 11.629028, 58.795248 ] ] } },
{ "type": "Feature", "properties": { "from_node": 78, "to_node": 118, "length_km": 288.9672007511225, "delaunay_k": 5, "edge_set": "Delaunay5" }, "geometry": { "type": "LineString", "coordinates": [ [ 6.764832, 58.11344 ], [ 11.181335, 59.317776 ] ] } },
{ "type": "Feature", "properties": { "from_node": 78, "to_node": 119, "length_km": 384.78618503744707, "delaunay_k": 5, "edge_set": "Delaunay5" }, "geometry": { "type": "LineString", "coordinates": [ [ 6.764832, 58.11344 ], [ 12.9776, 59.337392 ] ] } },
{ "type": "Feature", "properties": { "from_node": 79, "to_node": 82, "length_km": 246.34567280610011, "delaunay_k": 5, "edge_set": "Delaunay5" }, "geometry": { "type": "LineString", "coordinates": [ [ 8.102417, 58.2445 ], [ 12.299194, 58.304438 ] ] } },
{ "type": "Feature", "properties": { "from_node": 79, "to_node": 86, "length_km": 339.4833280796197, "delaunay_k": 5, "edge_set": "Delaunay5" }, "geometry": { "type": "LineString", "coordinates": [ [ 8.102417, 58.2445 ], [ 13.878479, 58.56109 ] ] } },
{ "type": "Feature", "properties": { "from_node": 79, "to_node": 88, "length_km": 353.30628809997347, "delaunay_k": 5, "edge_set": "Delaunay5" }, "geometry": { "type": "LineString", "coordinates": [ [ 8.102417, 58.2445 ], [ 14.111938, 58.598318 ] ] } },
{ "type": "Feature", "properties": { "from_node": 79, "to_node": 101, "length_km": 417.40855576794735, "delaunay_k": 5, "edge_set": "Delaunay5" }, "geometry": { "type": "LineString", "coordinates": [ [ 8.102417, 58.2445 ], [ 15.125427, 59.05115 ] ] } },
{ "type": "Feature", "properties": { "from_node": 79, "to_node": 110, "length_km": 423.1743024020729, "delaunay_k": 5, "edge_set": "Delaunay5" }, "geometry": { "type": "LineString", "coordinates": [ [ 8.102417, 58.2445 ], [ 15.184479, 59.173817 ] ] } },
{ "type": "Feature", "properties": { "from_node": 79, "to_node": 126, "length_km": 433.18685206787291, "delaunay_k": 5, "edge_set": "Delaunay5" }, "geometry": { "type": "LineString", "coordinates": [ [ 8.102417, 58.2445 ], [ 15.231171, 59.466013 ] ] } },
{ "type": "Feature", "properties": { "from_node": 79, "to_node": 169, "length_km": 462.77376167606775, "delaunay_k": 5, "edge_set": "Delaunay5" }, "geometry": { "type": "LineString", "coordinates": [ [ 8.102417, 58.2445 ], [ 15.387726, 60.052503 ] ] } },
{ "type": "Feature", "properties": { "from_node": 79, "to_node": 191, "length_km": 470.02933339486805, "delaunay_k": 5, "edge_set": "Delaunay5" }, "geometry": { "type": "LineString", "coordinates": [ [ 8.102417, 58.2445 ], [ 15.188599, 60.415208 ] ] } },
{ "type": "Feature", "properties": { "from_node": 80, "to_node": 91, "length_km": 275.58615355909234, "delaunay_k": 5, "edge_set": "Delaunay5" }, "geometry": { "type": "LineString", "coordinates": [ [ 7.001038, 58.28062 ], [ 11.629028, 58.795248 ] ] } },
{ "type": "Feature", "properties": { "from_node": 80, "to_node": 119, "length_km": 364.83694733089715, "delaunay_k": 5, "edge_set": "Delaunay5" }, "geometry": { "type": "LineString", "coordinates": [ [ 7.001038, 58.28062 ], [ 12.9776, 59.337392 ] ] } },
{ "type": "Feature", "properties": { "from_node": 81, "to_node": 87, "length_km": 375.99979886712606, "delaunay_k": 5, "edge_set": "Delaunay5" }, "geometry": { "type": "LineString", "coordinates": [ [ 15.195465, 58.28423 ], [ 8.782196, 58.575413 ] ] } },
{ "type": "Feature", "properties": { "from_node": 81, "to_node": 114, "length_km": 342.44581567874889, "delaunay_k": 5, "edge_set": "Delaunay5" }, "geometry": { "type": "LineString", "coordinates": [ [ 15.195465, 58.28423 ], [ 9.593811, 59.282019 ] ] } },
{ "type": "Feature", "properties": { "from_node": 82, "to_node": 97, "length_km": 275.77673015834455, "delaunay_k": 5, "edge_set": "Delaunay5" }, "geometry": { "type": "LineString", "coordinates": [ [ 12.299194, 58.304438 ], [ 7.727509, 58.974791 ] ] } },
{ "type": "Feature", "properties": { "from_node": 82, "to_node": 123, "length_km": 284.24423362029137, "delaunay_k": 5, "edge_set": "Delaunay5" }, "geometry": { "type": "LineString", "coordinates": [ [ 12.299194, 58.304438 ], [ 7.901917, 59.457639 ] ] } },
{ "type": "Feature", "properties": { "from_node": 82, "to_node": 135, "length_km": 239.6049386787476, "delaunay_k": 5, "edge_set": "Delaunay5" }, "geometry": { "type": "LineString", "coordinates": [ [ 12.299194, 58.304438 ], [ 8.87558, 59.525961 ] ] } },
{ "type": "Feature", "properties": { "from_node": 82, "to_node": 162, "length_km": 280.78257932153747, "delaunay_k": 5, "edge_set": "Delaunay5" }, "geometry": { "type": "LineString", "coordinates": [ [ 12.299194, 58.304438 ], [ 8.524017, 59.912353 ] ] } },
{ "type": "Feature", "properties": { "from_node": 82, "to_node": 163, "length_km": 270.84647016349061, "delaunay_k": 5, "edge_set": "Delaunay5" }, "geometry": { "type": "LineString", "coordinates": [ [ 12.299194, 58.304438 ], [ 8.760223, 59.917172 ] ] } },
{ "type": "Feature", "properties": { "from_node": 83, "to_node": 107, "length_km": 293.90266114316967, "delaunay_k": 5, "edge_set": "Delaunay5" }, "geometry": { "type": "LineString", "coordinates": [ [ 6.554718, 58.373638 ], [ 11.409302, 59.147769 ] ] } },
{ "type": "Feature", "properties": { "from_node": 84, "to_node": 108, "length_km": 381.52858157188109, "delaunay_k": 5, "edge_set": "Delaunay5" }, "geometry": { "type": "LineString", "coordinates": [ [ 16.096344, 58.492976 ], [ 9.61441, 59.151995 ] ] } },
{ "type": "Feature", "properties": { "from_node": 85, "to_node": 107, "length_km": 319.89649709424799, "delaunay_k": 5, "edge_set": "Delaunay5" }, "geometry": { "type": "LineString", "coordinates": [ [ 6.008148, 58.513066 ], [ 11.409302, 59.147769 ] ] } },
{ "type": "Feature", "properties": { "from_node": 86, "to_node": 97, "length_km": 358.79656696163181, "delaunay_k": 5, "edge_set": "Delaunay5" }, "geometry": { "type": "LineString", "coordinates": [ [ 13.878479, 58.56109 ], [ 7.727509, 58.974791 ] ] } },
{ "type": "Feature", "properties": { "from_node": 86, "to_node": 123, "length_km": 357.54484061178954, "delaunay_k": 5, "edge_set": "Delaunay5" }, "geometry": { "type": "LineString", "coordinates": [ [ 13.878479, 58.56109 ], [ 7.901917, 59.457639 ] ] } },
{ "type": "Feature", "properties": { "from_node": 87, "to_node": 90, "length_km": 421.39231964938574, "delaunay_k": 5, "edge_set": "Delaunay5" }, "geometry": { "type": "LineString", "coordinates": [ [ 8.782196, 58.575413 ], [ 16.035919, 58.70477 ] ] } },
{ "type": "Feature", "properties": { "from_node": 87, "to_node": 98, "length_km": 457.84785542433383, "delaunay_k": 5, "edge_set": "Delaunay5" }, "geometry": { "type": "LineString", "coordinates": [ [ 8.782196, 58.575413 ], [ 16.660767, 58.984699 ] ] } },
{ "type": "Feature", "properties": { "from_node": 87, "to_node": 131, "length_km": 425.1951706299036, "delaunay_k": 5, "edge_set": "Delaunay5" }, "geometry": { "type": "LineString", "coordinates": [ [ 8.782196, 58.575413 ], [ 15.971375, 59.496697 ] ] } },
{ "type": "Feature", "properties": { "from_node": 87, "to_node": 137, "length_km": 448.59062158328845, "delaunay_k": 5, "edge_set": "Delaunay5" }, "geometry": { "type": "LineString", "coordinates": [ [ 8.782196, 58.575413 ], [ 16.368256, 59.559375 ] ] } },
{ "type": "Feature", "properties": { "from_node": 87, "to_node": 184, "length_km": 469.69158976104029, "delaunay_k": 5, "edge_set": "Delaunay5" }, "geometry": { "type": "LineString", "coordinates": [ [ 8.782196, 58.575413 ], [ 16.284446847098103, 60.370428457277711 ] ] } },
{ "type": "Feature", "properties": { "from_node": 87, "to_node": 188, "length_km": 465.33829306179132, "delaunay_k": 5, "edge_set": "Delaunay5" }, "geometry": { "type": "LineString", "coordinates": [ [ 8.782196, 58.575413 ], [ 16.177368, 60.396897 ] ] } },
{ "type": "Feature", "properties": { "from_node": 87, "to_node": 189, "length_km": 428.7486780805126, "delaunay_k": 5, "edge_set": "Delaunay5" }, "geometry": { "type": "LineString", "coordinates": [ [ 8.782196, 58.575413 ], [ 15.442657, 60.406393 ] ] } },
{ "type": "Feature", "properties": { "from_node": 88, "to_node": 97, "length_km": 371.50030726481987, "delaunay_k": 5, "edge_set": "Delaunay5" }, "geometry": { "type": "LineString", "coordinates": [ [ 14.111938, 58.598318 ], [ 7.727509, 58.974791 ] ] } },
{ "type": "Feature", "properties": { "from_node": 88, "to_node": 123, "length_km": 369.15350933202211, "delaunay_k": 5, "edge_set": "Delaunay5" }, "geometry": { "type": "LineString", "coordinates": [ [ 14.111938, 58.598318 ], [ 7.901917, 59.457639 ] ] } },
{ "type": "Feature", "properties": { "from_node": 89, "to_node": 107, "length_km": 269.90931489546898, "delaunay_k": 5, "edge_set": "Delaunay5" }, "geometry": { "type": "LineString", "coordinates": [ [ 6.82251, 58.659799 ], [ 11.409302, 59.147769 ] ] } },
{ "type": "Feature", "properties": { "from_node": 91, "to_node": 93, "length_km": 260.86985003124494, "delaunay_k": 5, "edge_set": "Delaunay5" }, "geometry": { "type": "LineString", "coordinates": [ [ 11.629028, 58.795248 ], [ 7.115021, 58.841464 ] ] } },
{ "type": "Feature", "properties": { "from_node": 91, "to_node": 99, "length_km": 260.87273116826594, "delaunay_k": 5, "edge_set": "Delaunay5" }, "geometry": { "type": "LineString", "coordinates": [ [ 11.629028, 58.795248 ], [ 7.120514, 58.994604 ] ] } },
{ "type": "Feature", "properties": { "from_node": 91, "to_node": 106, "length_km": 261.93204778726232, "delaunay_k": 5, "edge_set": "Delaunay5" }, "geometry": { "type": "LineString", "coordinates": [ [ 11.629028, 58.795248 ], [ 7.119141, 59.110423 ] ] } },
{ "type": "Feature", "properties": { "from_node": 91, "to_node": 128, "length_km": 250.3928675968626, "delaunay_k": 5, "edge_set": "Delaunay5" }, "geometry": { "type": "LineString", "coordinates": [ [ 11.629028, 58.795248 ], [ 7.462463, 59.479266 ] ] } },
{ "type": "Feature", "properties": { "from_node": 91, "to_node": 141, "length_km": 236.72573704110607, "delaunay_k": 5, "edge_set": "Delaunay5" }, "geometry": { "type": "LineString", "coordinates": [ [ 11.629028, 58.795248 ], [ 7.819519, 59.632352 ] ] } },
{ "type": "Feature", "properties": { "from_node": 95, "to_node": 107, "length_km": 260.94211474496421, "delaunay_k": 5, "edge_set": "Delaunay5" }, "geometry": { "type": "LineString", "coordinates": [ [ 6.892548, 58.897552 ], [ 11.409302, 59.147769 ] ] } },
{ "type": "Feature", "properties": { "from_node": 97, "to_node": 101, "length_km": 424.98652562470511, "delaunay_k": 5, "edge_set": "Delaunay5" }, "geometry": { "type": "LineString", "coordinates": [ [ 7.727509, 58.974791 ], [ 15.125427, 59.05115 ] ] } },
{ "type": "Feature", "properties": { "from_node": 97, "to_node": 110, "length_km": 428.10097897139269, "delaunay_k": 5, "edge_set": "Delaunay5" }, "geometry": { "type": "LineString", "coordinates": [ [ 7.727509, 58.974791 ], [ 15.184479, 59.173817 ] ] } },
{ "type": "Feature", "properties": { "from_node": 120, "to_node": 234, "length_km": 205.34559912304974, "delaunay_k": 5, "edge_set": "Delaunay5" }, "geometry": { "type": "LineString", "coordinates": [ [ 17.683868, 59.349996 ], [ 17.166138, 61.172384 ] ] } },
{ "type": "Feature", "properties": { "from_node": 127, "to_node": 234, "length_km": 196.99417973850345, "delaunay_k": 5, "edge_set": "Delaunay5" }, "geometry": { "type": "LineString", "coordinates": [ [ 18.135681, 59.473686 ], [ 17.166138, 61.172384 ] ] } },
{ "type": "Feature", "properties": { "from_node": 129, "to_node": 234, "length_km": 200.83723921536699, "delaunay_k": 5, "edge_set": "Delaunay5" }, "geometry": { "type": "LineString", "coordinates": [ [ 18.404846, 59.480661 ], [ 17.166138, 61.172384 ] ] } },
{ "type": "Feature", "properties": { "from_node": 158, "to_node": 234, "length_km": 169.10082041965734, "delaunay_k": 5, "edge_set": "Delaunay5" }, "geometry": { "type": "LineString", "coordinates": [ [ 18.621826, 59.837916 ], [ 17.166138, 61.172384 ] ] } },
{ "type": "Feature", "properties": { "from_node": 165, "to_node": 267, "length_km": 271.05274226158326, "delaunay_k": 5, "edge_set": "Delaunay5" }, "geometry": { "type": "LineString", "coordinates": [ [ 17.748413, 59.930248 ], [ 17.362518, 62.352158 ] ] } },
{ "type": "Feature", "properties": { "from_node": 165, "to_node": 270, "length_km": 282.75653706397708, "delaunay_k": 5, "edge_set": "Delaunay5" }, "geometry": { "type": "LineString", "coordinates": [ [ 17.748413, 59.930248 ], [ 16.993103, 62.438065 ] ] } },
{ "type": "Feature", "properties": { "from_node": 167, "to_node": 255, "length_km": 227.33231403797694, "delaunay_k": 5, "edge_set": "Delaunay5" }, "geometry": { "type": "LineString", "coordinates": [ [ 18.233185, 59.961198 ], [ 16.316071, 61.771824 ] ] } },
{ "type": "Feature", "properties": { "from_node": 170, "to_node": 242, "length_km": 198.19725261571392, "delaunay_k": 5, "edge_set": "Delaunay5" }, "geometry": { "type": "LineString", "coordinates": [ [ 18.8237, 60.06484 ], [ 16.44928, 61.407894 ] ] } },
{ "type": "Feature", "properties": { "from_node": 170, "to_node": 255, "length_km": 234.14636053400082, "delaunay_k": 5, "edge_set": "Delaunay5" }, "geometry": { "type": "LineString", "coordinates": [ [ 18.8237, 60.06484 ], [ 16.316071, 61.771824 ] ] } },
{ "type": "Feature", "properties": { "from_node": 172, "to_node": 242, "length_km": 190.59504255976225, "delaunay_k": 5, "edge_set": "Delaunay5" }, "geometry": { "type": "LineString", "coordinates": [ [ 18.623199, 60.071693 ], [ 16.44928, 61.407894 ] ] } },
{ "type": "Feature", "properties": { "from_node": 172, "to_node": 255, "length_km": 227.33074882083142, "delaunay_k": 5, "edge_set": "Delaunay5" }, "geometry": { "type": "LineString", "coordinates": [ [ 18.623199, 60.071693 ], [ 16.316071, 61.771824 ] ] } },
{ "type": "Feature", "properties": { "from_node": 190, "to_node": 272, "length_km": 228.72640378426149, "delaunay_k": 5, "edge_set": "Delaunay5" }, "geometry": { "type": "LineString", "coordinates": [ [ 17.274628, 60.412496 ], [ 17.468262, 62.460297 ] ] } },
{ "type": "Feature", "properties": { "from_node": 190, "to_node": 279, "length_km": 237.83178940029867, "delaunay_k": 5, "edge_set": "Delaunay5" }, "geometry": { "type": "LineString", "coordinates": [ [ 17.274628, 60.412496 ], [ 17.024689, 62.540828 ] ] } },
{ "type": "Feature", "properties": { "from_node": 194, "to_node": 259, "length_km": 203.46437657116709, "delaunay_k": 5, "edge_set": "Delaunay5" }, "geometry": { "type": "LineString", "coordinates": [ [ 18.123322, 60.430121 ], [ 15.843658, 61.88399 ] ] } },
{ "type": "Feature", "properties": { "from_node": 194, "to_node": 261, "length_km": 280.47091268320872, "delaunay_k": 5, "edge_set": "Delaunay5" }, "geometry": { "type": "LineString", "coordinates": [ [ 18.123322, 60.430121 ], [ 14.16687, 62.071739 ] ] } },
{ "type": "Feature", "properties": { "from_node": 194, "to_node": 267, "length_km": 218.32258536862608, "delaunay_k": 5, "edge_set": "Delaunay5" }, "geometry": { "type": "LineString", "coordinates": [ [ 18.123322, 60.430121 ], [ 17.362518, 62.352158 ] ] } },
{ "type": "Feature", "properties": { "from_node": 194, "to_node": 268, "length_km": 239.48603931284327, "delaunay_k": 5, "edge_set": "Delaunay5" }, "geometry": { "type": "LineString", "coordinates": [ [ 18.123322, 60.430121 ], [ 16.333923, 62.398006 ] ] } },
{ "type": "Feature", "properties": { "from_node": 194, "to_node": 270, "length_km": 232.05570715878798, "delaunay_k": 5, "edge_set": "Delaunay5" }, "geometry": { "type": "LineString", "coordinates": [ [ 18.123322, 60.430121 ], [ 16.993103, 62.438065 ] ] } },
{ "type": "Feature", "properties": { "from_node": 202, "to_node": 262, "length_km": 281.40837955161555, "delaunay_k": 5, "edge_set": "Delaunay5" }, "geometry": { "type": "LineString", "coordinates": [ [ 18.020325, 60.532293 ], [ 13.973236, 62.141768 ] ] } },
{ "type": "Feature", "properties": { "from_node": 202, "to_node": 269, "length_km": 264.31048830099428, "delaunay_k": 5, "edge_set": "Delaunay5" }, "geometry": { "type": "LineString", "coordinates": [ [ 18.020325, 60.532293 ], [ 15.005951, 62.413273 ] ] } },
{ "type": "Feature", "properties": { "from_node": 202, "to_node": 271, "length_km": 250.54153786761461, "delaunay_k": 5, "edge_set": "Delaunay5" }, "geometry": { "type": "LineString", "coordinates": [ [ 18.020325, 60.532293 ], [ 15.544281, 62.441242 ] ] } },
{ "type": "Feature", "properties": { "from_node": 202, "to_node": 272, "length_km": 217.16629538677921, "delaunay_k": 5, "edge_set": "Delaunay5" }, "geometry": { "type": "LineString", "coordinates": [ [ 18.020325, 60.532293 ], [ 17.468262, 62.460297 ] ] } },
{ "type": "Feature", "properties": { "from_node": 202, "to_node": 274, "length_km": 237.18850574578232, "delaunay_k": 5, "edge_set": "Delaunay5" }, "geometry": { "type": "LineString", "coordinates": [ [ 18.020325, 60.532293 ], [ 16.329803, 62.499004 ] ] } },
{ "type": "Feature", "properties": { "from_node": 202, "to_node": 275, "length_km": 289.41312821049314, "delaunay_k": 5, "edge_set": "Delaunay5" }, "geometry": { "type": "LineString", "coordinates": [ [ 18.020325, 60.532293 ], [ 14.515686, 62.516121 ] ] } },
{ "type": "Feature", "properties": { "from_node": 202, "to_node": 276, "length_km": 244.51092910878364, "delaunay_k": 5, "edge_set": "Delaunay5" }, "geometry": { "type": "LineString", "coordinates": [ [ 18.020325, 60.532293 ], [ 16.074371, 62.517388 ] ] } },
{ "type": "Feature", "properties": { "from_node": 202, "to_node": 279, "length_km": 230.31160515913587, "delaunay_k": 5, "edge_set": "Delaunay5" }, "geometry": { "type": "LineString", "coordinates": [ [ 18.020325, 60.532293 ], [ 17.024689, 62.540828 ] ] } },
{ "type": "Feature", "properties": { "from_node": 203, "to_node": 272, "length_km": 214.19502317276775, "delaunay_k": 5, "edge_set": "Delaunay5" }, "geometry": { "type": "LineString", "coordinates": [ [ 17.059021, 60.550528 ], [ 17.468262, 62.460297 ] ] } },
{ "type": "Feature", "properties": { "from_node": 207, "to_node": 272, "length_km": 206.03843354529295, "delaunay_k": 5, "edge_set": "Delaunay5" }, "geometry": { "type": "LineString", "coordinates": [ [ 17.045288, 60.624713 ], [ 17.468262, 62.460297 ] ] } },
{ "type": "Feature", "properties": { "from_node": 213, "to_node": 322, "length_km": 306.54807509903515, "delaunay_k": 5, "edge_set": "Delaunay5" }, "geometry": { "type": "LineString", "coordinates": [ [ 17.179871, 60.700072 ], [ 18.242798, 63.401361 ] ] } },
{ "type": "Feature", "properties": { "from_node": 234, "to_node": 343, "length_km": 338.38408451030313, "delaunay_k": 5, "edge_set": "Delaunay5" }, "geometry": { "type": "LineString", "coordinates": [ [ 17.166138, 61.172384 ], [ 20.047302, 63.896314 ] ] } },
{ "type": "Feature", "properties": { "from_node": 234, "to_node": 354, "length_km": 336.26026295268792, "delaunay_k": 5, "edge_set": "Delaunay5" }, "geometry": { "type": "LineString", "coordinates": [ [ 17.166138, 61.172384 ], [ 17.449036, 64.183063 ] ] } },
{ "type": "Feature", "properties": { "from_node": 234, "to_node": 359, "length_km": 376.93325416520526, "delaunay_k": 5, "edge_set": "Delaunay5" }, "geometry": { "type": "LineString", "coordinates": [ [ 17.166138, 61.172384 ], [ 19.029694, 64.440225 ] ] } },
{ "type": "Feature", "properties": { "from_node": 242, "to_node": 343, "length_km": 333.5065318497966, "delaunay_k": 5, "edge_set": "Delaunay5" }, "geometry": { "type": "LineString", "coordinates": [ [ 16.44928, 61.407894 ], [ 20.047302, 63.896314 ] ] } },
{ "type": "Feature", "properties": { "from_node": 264, "to_node": 397, "length_km": 406.21947198266076, "delaunay_k": 5, "edge_set": "Delaunay5" }, "geometry": { "type": "LineString", "coordinates": [ [ 25.180664, 62.261532 ], [ 24.612122, 65.877531 ] ] } },
{ "type": "Feature", "properties": { "from_node": 264, "to_node": 399, "length_km": 418.71622778825554, "delaunay_k": 5, "edge_set": "Delaunay5" }, "geometry": { "type": "LineString", "coordinates": [ [ 25.180664, 62.261532 ], [ 24.892273, 65.995123 ] ] } },
{ "type": "Feature", "properties": { "from_node": 264, "to_node": 400, "length_km": 434.82907291678583, "delaunay_k": 5, "edge_set": "Delaunay5" }, "geometry": { "type": "LineString", "coordinates": [ [ 25.180664, 62.261532 ], [ 25.069427, 66.140521 ] ] } },
{ "type": "Feature", "properties": { "from_node": 265, "to_node": 393, "length_km": 427.88848344281558, "delaunay_k": 5, "edge_set": "Delaunay5" }, "geometry": { "type": "LineString", "coordinates": [ [ 27.766571, 62.262171 ], [ 24.411621, 65.781941 ] ] } },
{ "type": "Feature", "properties": { "from_node": 265, "to_node": 398, "length_km": 471.86436620720667, "delaunay_k": 5, "edge_set": "Delaunay5" }, "geometry": { "type": "LineString", "coordinates": [ [ 27.766571, 62.262171 ], [ 23.072662, 65.938074 ] ] } },
{ "type": "Feature", "properties": { "from_node": 266, "to_node": 397, "length_km": 402.57057044988846, "delaunay_k": 5, "edge_set": "Delaunay5" }, "geometry": { "type": "LineString", "coordinates": [ [ 26.032104, 62.340686 ], [ 24.612122, 65.877531 ] ] } },
{ "type": "Feature", "properties": { "from_node": 266, "to_node": 399, "length_km": 413.51215113525888, "delaunay_k": 5, "edge_set": "Delaunay5" }, "geometry": { "type": "LineString", "coordinates": [ [ 26.032104, 62.340686 ], [ 24.892273, 65.995123 ] ] } },
{ "type": "Feature", "properties": { "from_node": 266, "to_node": 400, "length_km": 428.64340977897854, "delaunay_k": 5, "edge_set": "Delaunay5" }, "geometry": { "type": "LineString", "coordinates": [ [ 26.032104, 62.340686 ], [ 25.069427, 66.140521 ] ] } },
{ "type": "Feature", "properties": { "from_node": 272, "to_node": 395, "length_km": 466.35734817283264, "delaunay_k": 5, "edge_set": "Delaunay5" }, "geometry": { "type": "LineString", "coordinates": [ [ 17.468262, 62.460297 ], [ 23.100128, 65.837089 ] ] } },
{ "type": "Feature", "properties": { "from_node": 288, "to_node": 397, "length_km": 358.7434751059933, "delaunay_k": 5, "edge_set": "Delaunay5" }, "geometry": { "type": "LineString", "coordinates": [ [ 22.633209, 62.789912 ], [ 24.612122, 65.877531 ] ] } },
{ "type": "Feature", "properties": { "from_node": 288, "to_node": 399, "length_km": 375.13828236070867, "delaunay_k": 5, "edge_set": "Delaunay5" }, "geometry": { "type": "LineString", "coordinates": [ [ 22.633209, 62.789912 ], [ 24.892273, 65.995123 ] ] } },
{ "type": "Feature", "properties": { "from_node": 288, "to_node": 400, "length_km": 393.13869038514491, "delaunay_k": 5, "edge_set": "Delaunay5" }, "geometry": { "type": "LineString", "coordinates": [ [ 22.633209, 62.789912 ], [ 25.069427, 66.140521 ] ] } },
{ "type": "Feature", "properties": { "from_node": 288, "to_node": 403, "length_km": 413.69648240170949, "delaunay_k": 5, "edge_set": "Delaunay5" }, "geometry": { "type": "LineString", "coordinates": [ [ 22.633209, 62.789912 ], [ 25.415497, 66.285642 ] ] } },
{ "type": "Feature", "properties": { "from_node": 292, "to_node": 393, "length_km": 314.32793106820446, "delaunay_k": 5, "edge_set": "Delaunay5" }, "geometry": { "type": "LineString", "coordinates": [ [ 24.285278, 62.976446 ], [ 24.411621, 65.781941 ] ] } },
{ "type": "Feature", "properties": { "from_node": 292, "to_node": 398, "length_km": 336.73323116715414, "delaunay_k": 5, "edge_set": "Delaunay5" }, "geometry": { "type": "LineString", "coordinates": [ [ 24.285278, 62.976446 ], [ 23.072662, 65.938074 ] ] } },
{ "type": "Feature", "properties": { "from_node": 292, "to_node": 406, "length_km": 391.20291977397432, "delaunay_k": 5, "edge_set": "Delaunay5" }, "geometry": { "type": "LineString", "coordinates": [ [ 24.285278, 62.976446 ], [ 25.717621, 66.413451 ] ] } },
{ "type": "Feature", "properties": { "from_node": 294, "to_node": 397, "length_km": 344.48585414762346, "delaunay_k": 5, "edge_set": "Delaunay5" }, "geometry": { "type": "LineString", "coordinates": [ [ 21.902618, 63.030057 ], [ 24.612122, 65.877531 ] ] } },
{ "type": "Feature", "properties": { "from_node": 294, "to_node": 399, "length_km": 361.76724951340748, "delaunay_k": 5, "edge_set": "Delaunay5" }, "geometry": { "type": "LineString", "coordinates": [ [ 21.902618, 63.030057 ], [ 24.892273, 65.995123 ] ] } },
{ "type": "Feature", "properties": { "from_node": 294, "to_node": 400, "length_km": 379.93629611143439, "delaunay_k": 5, "edge_set": "Delaunay5" }, "geometry": { "type": "LineString", "coordinates": [ [ 21.902618, 63.030057 ], [ 25.069427, 66.140521 ] ] } },
{ "type": "Feature", "properties": { "from_node": 294, "to_node": 403, "length_km": 401.40204567522602, "delaunay_k": 5, "edge_set": "Delaunay5" }, "geometry": { "type": "LineString", "coordinates": [ [ 21.902618, 63.030057 ], [ 25.415497, 66.285642 ] ] } },
{ "type": "Feature", "properties": { "from_node": 294, "to_node": 404, "length_km": 443.74913143912977, "delaunay_k": 5, "edge_set": "Delaunay5" }, "geometry": { "type": "LineString", "coordinates": [ [ 21.902618, 63.030057 ], [ 27.030487, 66.33089 ] ] } },
{ "type": "Feature", "properties": { "from_node": 294, "to_node": 407, "length_km": 464.37622969980862, "delaunay_k": 5, "edge_set": "Delaunay5" }, "geometry": { "type": "LineString", "coordinates": [ [ 21.902618, 63.030057 ], [ 27.398529, 66.450241 ] ] } },
{ "type": "Feature", "properties": { "from_node": 302, "to_node": 393, "length_km": 332.21365557878937, "delaunay_k": 5, "edge_set": "Delaunay5" }, "geometry": { "type": "LineString", "coordinates": [ [ 27.585297, 63.154975 ], [ 24.411621, 65.781941 ] ] } },
{ "type": "Feature", "properties": { "from_node": 302, "to_node": 398, "length_km": 380.26929895507811, "delaunay_k": 5, "edge_set": "Delaunay5" }, "geometry": { "type": "LineString", "coordinates": [ [ 27.585297, 63.154975 ], [ 23.072662, 65.938074 ] ] } },
{ "type": "Feature", "properties": { "from_node": 306, "to_node": 395, "length_km": 411.24425467464158, "delaunay_k": 5, "edge_set": "Delaunay5" }, "geometry": { "type": "LineString", "coordinates": [ [ 17.167511, 63.184727 ], [ 23.100128, 65.837089 ] ] } },
{ "type": "Feature", "properties": { "from_node": 306, "to_node": 398, "length_km": 418.17049339063766, "delaunay_k": 5, "edge_set": "Delaunay5" }, "geometry": { "type": "LineString", "coordinates": [ [ 17.167511, 63.184727 ], [ 23.072662, 65.938074 ] ] } },
{ "type": "Feature", "properties": { "from_node": 316, "to_node": 395, "length_km": 395.98726473612635, "delaunay_k": 5, "edge_set": "Delaunay5" }, "geometry": { "type": "LineString", "coordinates": [ [ 17.230682, 63.342889 ], [ 23.100128, 65.837089 ] ] } },
{ "type": "Feature", "properties": { "from_node": 322, "to_node": 393, "length_km": 397.94748646576204, "delaunay_k": 5, "edge_set": "Delaunay5" }, "geometry": { "type": "LineString", "coordinates": [ [ 18.242798, 63.401361 ], [ 24.411621, 65.781941 ] ] } },
{ "type": "Feature", "properties": { "from_node": 322, "to_node": 397, "length_km": 411.84217131024758, "delaunay_k": 5, "edge_set": "Delaunay5" }, "geometry": { "type": "LineString", "coordinates": [ [ 18.242798, 63.401361 ], [ 24.612122, 65.877531 ] ] } },
{ "type": "Feature", "properties": { "from_node": 322, "to_node": 399, "length_km": 430.09308313992, "delaunay_k": 5, "edge_set": "Delaunay5" }, "geometry": { "type": "LineString", "coordinates": [ [ 18.242798, 63.401361 ], [ 24.892273, 65.995123 ] ] } },
{ "type": "Feature", "properties": { "from_node": 322, "to_node": 400, "length_km": 446.68388368060732, "delaunay_k": 5, "edge_set": "Delaunay5" }, "geometry": { "type": "LineString", "coordinates": [ [ 18.242798, 63.401361 ], [ 25.069427, 66.140521 ] ] } },
{ "type": "Feature", "properties": { "from_node": 323, "to_node": 395, "length_km": 393.95549978993523, "delaunay_k": 5, "edge_set": "Delaunay5" }, "geometry": { "type": "LineString", "coordinates": [ [ 17.122192, 63.413656 ], [ 23.100128, 65.837089 ] ] } },
{ "type": "Feature", "properties": { "from_node": 326, "to_node": 395, "length_km": 391.2141975933032, "delaunay_k": 5, "edge_set": "Delaunay5" }, "geometry": { "type": "LineString", "coordinates": [ [ 17.043915, 63.48241 ], [ 23.100128, 65.837089 ] ] } },
{ "type": "Feature", "properties": { "from_node": 336, "to_node": 395, "length_km": 371.73014500352599, "delaunay_k": 5, "edge_set": "Delaunay5" }, "geometry": { "type": "LineString", "coordinates": [ [ 17.041168, 63.737555 ], [ 23.100128, 65.837089 ] ] } },
{ "type": "Feature", "properties": { "from_node": 340, "to_node": 393, "length_km": 231.55706718139712, "delaunay_k": 5, "edge_set": "Delaunay5" }, "geometry": { "type": "LineString", "coordinates": [ [ 23.047943, 63.797043 ], [ 24.411621, 65.781941 ] ] } },
{ "type": "Feature", "properties": { "from_node": 340, "to_node": 398, "length_km": 239.60866050603983, "delaunay_k": 5, "edge_set": "Delaunay5" }, "geometry": { "type": "LineString", "coordinates": [ [ 23.047943, 63.797043 ], [ 23.072662, 65.938074 ] ] } },
{ "type": "Feature", "properties": { "from_node": 340, "to_node": 405, "length_km": 338.38932898170742, "delaunay_k": 5, "edge_set": "Delaunay5" }, "geometry": { "type": "LineString", "coordinates": [ [ 23.047943, 63.797043 ], [ 26.769562, 66.378809 ] ] } },
{ "type": "Feature", "properties": { "from_node": 340, "to_node": 406, "length_km": 318.91488420498348, "delaunay_k": 5, "edge_set": "Delaunay5" }, "geometry": { "type": "LineString", "coordinates": [ [ 23.047943, 63.797043 ], [ 25.717621, 66.413451 ] ] } },
{ "type": "Feature", "properties": { "from_node": 340, "to_node": 415, "length_km": 434.86167281274317, "delaunay_k": 5, "edge_set": "Delaunay5" }, "geometry": { "type": "LineString", "coordinates": [ [ 23.047943, 63.797043 ], [ 27.387543, 67.23753 ] ] } },
{ "type": "Feature", "properties": { "from_node": 340, "to_node": 418, "length_km": 424.89004291388846, "delaunay_k": 5, "edge_set": "Delaunay5" }, "geometry": { "type": "LineString", "coordinates": [ [ 23.047943, 63.797043 ], [ 25.085907, 67.498059 ] ] } },
{ "type": "Feature", "properties": { "from_node": 341, "to_node": 394, "length_km": 232.93437214940323, "delaunay_k": 5, "edge_set": "Delaunay5" }, "geometry": { "type": "LineString", "coordinates": [ [ 23.1427, 63.842485 ], [ 21.656799, 65.826407 ] ] } },
{ "type": "Feature", "properties": { "from_node": 341, "to_node": 395, "length_km": 223.23794298694446, "delaunay_k": 5, "edge_set": "Delaunay5" }, "geometry": { "type": "LineString", "coordinates": [ [ 23.1427, 63.842485 ], [ 23.100128, 65.837089 ] ] } },
{ "type": "Feature", "properties": { "from_node": 341, "to_node": 408, "length_km": 323.85918059921528, "delaunay_k": 5, "edge_set": "Delaunay5" }, "geometry": { "type": "LineString", "coordinates": [ [ 23.1427, 63.842485 ], [ 20.429077, 66.505049 ] ] } },
{ "type": "Feature", "properties": { "from_node": 341, "to_node": 409, "length_km": 340.26194661091915, "delaunay_k": 5, "edge_set": "Delaunay5" }, "geometry": { "type": "LineString", "coordinates": [ [ 23.1427, 63.842485 ], [ 20.452423, 66.669299 ] ] } },
{ "type": "Feature", "properties": { "from_node": 341, "to_node": 414, "length_km": 381.97355395239623, "delaunay_k": 5, "edge_set": "Delaunay5" }, "geometry": { "type": "LineString", "coordinates": [ [ 23.1427, 63.842485 ], [ 19.866028, 66.975221 ] ] } },
{ "type": "Feature", "properties": { "from_node": 341, "to_node": 415, "length_km": 428.25742904976863, "delaunay_k": 5, "edge_set": "Delaunay5" }, "geometry": { "type": "LineString", "coordinates": [ [ 23.1427, 63.842485 ], [ 27.387543, 67.23753 ] ] } },
{ "type": "Feature", "properties": { "from_node": 341, "to_node": 419, "length_km": 441.81512502565664, "delaunay_k": 5, "edge_set": "Delaunay5" }, "geometry": { "type": "LineString", "coordinates": [ [ 23.1427, 63.842485 ], [ 26.098022, 67.596139 ] ] } },
{ "type": "Feature", "properties": { "from_node": 342, "to_node": 395, "length_km": 359.4925856720543, "delaunay_k": 5, "edge_set": "Delaunay5" }, "geometry": { "type": "LineString", "coordinates": [ [ 17.156525, 63.845512 ], [ 23.100128, 65.837089 ] ] } },
{ "type": "Feature", "properties": { "from_node": 343, "to_node": 386, "length_km": 312.3773291955967, "delaunay_k": 5, "edge_set": "Delaunay5" }, "geometry": { "type": "LineString", "coordinates": [ [ 20.047302, 63.896314 ], [ 25.694275, 65.279688 ] ] } },
{ "type": "Feature", "properties": { "from_node": 343, "to_node": 403, "length_km": 367.99985067742296, "delaunay_k": 5, "edge_set": "Delaunay5" }, "geometry": { "type": "LineString", "coordinates": [ [ 20.047302, 63.896314 ], [ 25.415497, 66.285642 ] ] } },
{ "type": "Feature", "properties": { "from_node": 343, "to_node": 406, "length_km": 387.72793758428776, "delaunay_k": 5, "edge_set": "Delaunay5" }, "geometry": { "type": "LineString", "coordinates": [ [ 20.047302, 63.896314 ], [ 25.717621, 66.413451 ] ] } },
{ "type": "Feature", "properties": { "from_node": 344, "to_node": 395, "length_km": 353.47246842874648, "delaunay_k": 5, "edge_set": "Delaunay5" }, "geometry": { "type": "LineString", "coordinates": [ [ 17.168884, 63.922284 ], [ 23.100128, 65.837089 ] ] } },
{ "type": "Feature", "properties": { "from_node": 347, "to_node": 395, "length_km": 356.28319065620599, "delaunay_k": 5, "edge_set": "Delaunay5" }, "geometry": { "type": "LineString", "coordinates": [ [ 16.962891, 63.994031 ], [ 23.100128, 65.837089 ] ] } },
{ "type": "Feature", "properties": { "from_node": 349, "to_node": 394, "length_km": 257.05458801108409, "delaunay_k": 5, "edge_set": "Delaunay5" }, "geometry": { "type": "LineString", "coordinates": [ [ 24.965057, 64.008479 ], [ 21.656799, 65.826407 ] ] } },
{ "type": "Feature", "properties": { "from_node": 349, "to_node": 395, "length_km": 223.11017424070704, "delaunay_k": 5, "edge_set": "Delaunay5" }, "geometry": { "type": "LineString", "coordinates": [ [ 24.965057, 64.008479 ], [ 23.100128, 65.837089 ] ] } },
{ "type": "Feature", "properties": { "from_node": 349, "to_node": 408, "length_km": 350.92235823744033, "delaunay_k": 5, "edge_set": "Delaunay5" }, "geometry": { "type": "LineString", "coordinates": [ [ 24.965057, 64.008479 ], [ 20.429077, 66.505049 ] ] } },
{ "type": "Feature", "properties": { "from_node": 349, "to_node": 409, "length_km": 364.68686495365398, "delaunay_k": 5, "edge_set": "Delaunay5" }, "geometry": { "type": "LineString", "coordinates": [ [ 24.965057, 64.008479 ], [ 20.452423, 66.669299 ] ] } },
{ "type": "Feature", "properties": { "from_node": 349, "to_node": 414, "length_km": 407.51635499406314, "delaunay_k": 5, "edge_set": "Delaunay5" }, "geometry": { "type": "LineString", "coordinates": [ [ 24.965057, 64.008479 ], [ 19.866028, 66.975221 ] ] } },
{ "type": "Feature", "properties": { "from_node": 350, "to_node": 394, "length_km": 264.88635056690708, "delaunay_k": 5, "edge_set": "Delaunay5" }, "geometry": { "type": "LineString", "coordinates": [ [ 25.333099, 64.045767 ], [ 21.656799, 65.826407 ] ] } },
{ "type": "Feature", "properties": { "from_node": 350, "to_node": 395, "length_km": 226.90265750480154, "delaunay_k": 5, "edge_set": "Delaunay5" }, "geometry": { "type": "LineString", "coordinates": [ [ 25.333099, 64.045767 ], [ 23.100128, 65.837089 ] ] } },
{ "type": "Feature", "properties": { "from_node": 350, "to_node": 408, "length_km": 358.33807376333607, "delaunay_k": 5, "edge_set": "Delaunay5" }, "geometry": { "type": "LineString", "coordinates": [ [ 25.333099, 64.045767 ], [ 20.429077, 66.505049 ] ] } },
{ "type": "Feature", "properties": { "from_node": 350, "to_node": 409, "length_km": 371.50890885445898, "delaunay_k": 5, "edge_set": "Delaunay5" }, "geometry": { "type": "LineString", "coordinates": [ [ 25.333099, 64.045767 ], [ 20.452423, 66.669299 ] ] } },
{ "type": "Feature", "properties": { "from_node": 350, "to_node": 414, "length_km": 414.28050396114679, "delaunay_k": 5, "edge_set": "Delaunay5" }, "geometry": { "type": "LineString", "coordinates": [ [ 25.333099, 64.045767 ], [ 19.866028, 66.975221 ] ] } },
{ "type": "Feature", "properties": { "from_node": 352, "to_node": 393, "length_km": 230.48126200176063, "delaunay_k": 5, "edge_set": "Delaunay5" }, "geometry": { "type": "LineString", "coordinates": [ [ 27.204895, 64.101606 ], [ 24.411621, 65.781941 ] ] } },
{ "type": "Feature", "properties": { "from_node": 352, "to_node": 398, "length_km": 283.98583680336702, "delaunay_k": 5, "edge_set": "Delaunay5" }, "geometry": { "type": "LineString", "coordinates": [ [ 27.204895, 64.101606 ], [ 23.072662, 65.938074 ] ] } },
{ "type": "Feature", "properties": { "from_node": 352, "to_node": 409, "length_km": 426.32622464977123, "delaunay_k": 5, "edge_set": "Delaunay5" }, "geometry": { "type": "LineString", "coordinates": [ [ 27.204895, 64.101606 ], [ 20.452423, 66.669299 ] ] } },
{ "type": "Feature", "properties": { "from_node": 352, "to_node": 414, "length_km": 468.02182973264621, "delaunay_k": 5, "edge_set": "Delaunay5" }, "geometry": { "type": "LineString", "coordinates": [ [ 27.204895, 64.101606 ], [ 19.866028, 66.975221 ] ] } },
{ "type": "Feature", "properties": { "from_node": 353, "to_node": 395, "length_km": 333.41434839903371, "delaunay_k": 5, "edge_set": "Delaunay5" }, "geometry": { "type": "LineString", "coordinates": [ [ 17.271881, 64.154341 ], [ 23.100128, 65.837089 ] ] } },
{ "type": "Feature", "properties": { "from_node": 354, "to_node": 393, "length_km": 374.57497172754353, "delaunay_k": 5, "edge_set": "Delaunay5" }, "geometry": { "type": "LineString", "coordinates": [ [ 17.449036, 64.183063 ], [ 24.411621, 65.781941 ] ] } },
{ "type": "Feature", "properties": { "from_node": 354, "to_node": 397, "length_km": 387.49639230919797, "delaunay_k": 5, "edge_set": "Delaunay5" }, "geometry": { "type": "LineString", "coordinates": [ [ 17.449036, 64.183063 ], [ 24.612122, 65.877531 ] ] } },
{ "type": "Feature", "properties": { "from_node": 354, "to_node": 399, "length_km": 404.80408527143481, "delaunay_k": 5, "edge_set": "Delaunay5" }, "geometry": { "type": "LineString", "coordinates": [ [ 17.449036, 64.183063 ], [ 24.892273, 65.995123 ] ] } },
{ "type": "Feature", "properties": { "from_node": 354, "to_node": 400, "length_km": 419.4109392813379, "delaunay_k": 5, "edge_set": "Delaunay5" }, "geometry": { "type": "LineString", "coordinates": [ [ 17.449036, 64.183063 ], [ 25.069427, 66.140521 ] ] } },
{ "type": "Feature", "properties": { "from_node": 355, "to_node": 393, "length_km": 375.71064048272001, "delaunay_k": 5, "edge_set": "Delaunay5" }, "geometry": { "type": "LineString", "coordinates": [ [ 17.310333, 64.26428 ], [ 24.411621, 65.781941 ] ] } },
{ "type": "Feature", "properties": { "from_node": 355, "to_node": 397, "length_km": 388.45872444136836, "delaunay_k": 5, "edge_set": "Delaunay5" }, "geometry": { "type": "LineString", "coordinates": [ [ 17.310333, 64.26428 ], [ 24.612122, 65.877531 ] ] } },
{ "type": "Feature", "properties": { "from_node": 355, "to_node": 399, "length_km": 405.58430742770867, "delaunay_k": 5, "edge_set": "Delaunay5" }, "geometry": { "type": "LineString", "coordinates": [ [ 17.310333, 64.26428 ], [ 24.892273, 65.995123 ] ] } },
{ "type": "Feature", "properties": { "from_node": 355, "to_node": 400, "length_km": 419.89002532000694, "delaunay_k": 5, "edge_set": "Delaunay5" }, "geometry": { "type": "LineString", "coordinates": [ [ 17.310333, 64.26428 ], [ 25.069427, 66.140521 ] ] } },
{ "type": "Feature", "properties": { "from_node": 358, "to_node": 382, "length_km": 238.45495093059179, "delaunay_k": 5, "edge_set": "Delaunay5" }, "geometry": { "type": "LineString", "coordinates": [ [ 24.517365, 64.423037 ], [ 19.736938, 65.032742 ] ] } },
{ "type": "Feature", "properties": { "from_node": 358, "to_node": 384, "length_km": 366.35678244716701, "delaunay_k": 5, "edge_set": "Delaunay5" }, "geometry": { "type": "LineString", "coordinates": [ [ 24.517365, 64.423037 ], [ 17.049408, 65.221045 ] ] } },
{ "type": "Feature", "properties": { "from_node": 358, "to_node": 385, "length_km": 185.47459465298101, "delaunay_k": 5, "edge_set": "Delaunay5" }, "geometry": { "type": "LineString", "coordinates": [ [ 24.517365, 64.423037 ], [ 21.169281, 65.270498 ] ] } },
{ "type": "Feature", "properties": { "from_node": 358, "to_node": 387, "length_km": 375.98238770328084, "delaunay_k": 5, "edge_set": "Delaunay5" }, "geometry": { "type": "LineString", "coordinates": [ [ 24.517365, 64.423037 ], [ 16.876373, 65.299207 ] ] } },
{ "type": "Feature", "properties": { "from_node": 358, "to_node": 411, "length_km": 330.89786696321983, "delaunay_k": 5, "edge_set": "Delaunay5" }, "geometry": { "type": "LineString", "coordinates": [ [ 24.517365, 64.423037 ], [ 20.037689, 66.729595 ] ] } },
{ "type": "Feature", "properties": { "from_node": 358, "to_node": 412, "length_km": 345.50147722204696, "delaunay_k": 5, "edge_set": "Delaunay5" }, "geometry": { "type": "LineString", "coordinates": [ [ 24.517365, 64.423037 ], [ 19.864655, 66.843267 ] ] } },
{ "type": "Feature", "properties": { "from_node": 358, "to_node": 413, "length_km": 392.73720415008427, "delaunay_k": 5, "edge_set": "Delaunay5" }, "geometry": { "type": "LineString", "coordinates": [ [ 24.517365, 64.423037 ], [ 18.639679, 66.970387 ] ] } },
{ "type": "Feature", "properties": { "from_node": 358, "to_node": 417, "length_km": 442.88935204758366, "delaunay_k": 5, "edge_set": "Delaunay5" }, "geometry": { "type": "LineString", "coordinates": [ [ 24.517365, 64.423037 ], [ 18.366394, 67.492803 ] ] } },
{ "type": "Feature", "properties": { "from_node": 358, "to_node": 421, "length_km": 371.4240698729264, "delaunay_k": 5, "edge_set": "Delaunay5" }, "geometry": { "type": "LineString", "coordinates": [ [ 24.517365, 64.423037 ], [ 26.820374, 67.602419 ] ] } },
{ "type": "Feature", "properties": { "from_node": 359, "to_node": 386, "length_km": 330.55531352246771, "delaunay_k": 5, "edge_set": "Delaunay5" }, "geometry": { "type": "LineString", "coordinates": [ [ 19.029694, 64.440225 ], [ 25.694275, 65.279688 ] ] } },
{ "type": "Feature", "properties": { "from_node": 359, "to_node": 403, "length_km": 362.31052569467425, "delaunay_k": 5, "edge_set": "Delaunay5" }, "geometry": { "type": "LineString", "coordinates": [ [ 19.029694, 64.440225 ], [ 25.415497, 66.285642 ] ] } },
{ "type": "Feature", "properties": { "from_node": 359, "to_node": 406, "length_km": 381.42325868067428, "delaunay_k": 5, "edge_set": "Delaunay5" }, "geometry": { "type": "LineString", "coordinates": [ [ 19.029694, 64.440225 ], [ 25.717621, 66.413451 ] ] } },
{ "type": "Feature", "properties": { "from_node": 362, "to_node": 393, "length_km": 435.71847129699461, "delaunay_k": 5, "edge_set": "Delaunay5" }, "geometry": { "type": "LineString", "coordinates": [ [ 15.622559, 64.529548 ], [ 24.411621, 65.781941 ] ] } },
{ "type": "Feature", "properties": { "from_node": 362, "to_node": 397, "length_km": 447.38719209914831, "delaunay_k": 5, "edge_set": "Delaunay5" }, "geometry": { "type": "LineString", "coordinates": [ [ 15.622559, 64.529548 ], [ 24.612122, 65.877531 ] ] } },
{ "type": "Feature", "properties": { "from_node": 362, "to_node": 399, "length_km": 463.31703979419973, "delaunay_k": 5, "edge_set": "Delaunay5" }, "geometry": { "type": "LineString", "coordinates": [ [ 15.622559, 64.529548 ], [ 24.892273, 65.995123 ] ] } },
{ "type": "Feature", "properties": { "from_node": 364, "to_node": 393, "length_km": 442.48043749812712, "delaunay_k": 5, "edge_set": "Delaunay5" }, "geometry": { "type": "LineString", "coordinates": [ [ 15.450897, 64.54962 ], [ 24.411621, 65.781941 ] ] } },
{ "type": "Feature", "properties": { "from_node": 364, "to_node": 397, "length_km": 454.05404521414567, "delaunay_k": 5, "edge_set": "Delaunay5" }, "geometry": { "type": "LineString", "coordinates": [ [ 15.450897, 64.54962 ], [ 24.612122, 65.877531 ] ] } },
{ "type": "Feature", "properties": { "from_node": 364, "to_node": 399, "length_km": 469.8748884544604, "delaunay_k": 5, "edge_set": "Delaunay5" }, "geometry": { "type": "LineString", "coordinates": [ [ 15.450897, 64.54962 ], [ 24.892273, 65.995123 ] ] } },
{ "type": "Feature", "properties": { "from_node": 365, "to_node": 393, "length_km": 178.9351238699345, "delaunay_k": 5, "edge_set": "Delaunay5" }, "geometry": { "type": "LineString", "coordinates": [ [ 26.843719, 64.556111 ], [ 24.411621, 65.781941 ] ] } },
{ "type": "Feature", "properties": { "from_node": 365, "to_node": 398, "length_km": 235.21448724834136, "delaunay_k": 5, "edge_set": "Delaunay5" }, "geometry": { "type": "LineString", "coordinates": [ [ 26.843719, 64.556111 ], [ 23.072662, 65.938074 ] ] } },
{ "type": "Feature", "properties": { "from_node": 365, "to_node": 409, "length_km": 378.47743191414469, "delaunay_k": 5, "edge_set": "Delaunay5" }, "geometry": { "type": "LineString", "coordinates": [ [ 26.843719, 64.556111 ], [ 20.452423, 66.669299 ] ] } },
{ "type": "Feature", "properties": { "from_node": 365, "to_node": 414, "length_km": 419.53883879056946, "delaunay_k": 5, "edge_set": "Delaunay5" }, "geometry": { "type": "LineString", "coordinates": [ [ 26.843719, 64.556111 ], [ 19.866028, 66.975221 ] ] } },
{ "type": "Feature", "properties": { "from_node": 367, "to_node": 394, "length_km": 348.58820795396667, "delaunay_k": 5, "edge_set": "Delaunay5" }, "geometry": { "type": "LineString", "coordinates": [ [ 28.45047, 64.58147 ], [ 21.656799, 65.826407 ] ] } },
{ "type": "Feature", "properties": { "from_node": 367, "to_node": 395, "length_km": 288.39587161468552, "delaunay_k": 5, "edge_set": "Delaunay5" }, "geometry": { "type": "LineString", "coordinates": [ [ 28.45047, 64.58147 ], [ 23.100128, 65.837089 ] ] } },
{ "type": "Feature", "properties": { "from_node": 367, "to_node": 408, "length_km": 429.85347737310809, "delaunay_k": 5, "edge_set": "Delaunay5" }, "geometry": { "type": "LineString", "coordinates": [ [ 28.45047, 64.58147 ], [ 20.429077, 66.505049 ] ] } },
{ "type": "Feature", "properties": { "from_node": 367, "to_node": 411, "length_km": 456.76814162716386, "delaunay_k": 5, "edge_set": "Delaunay5" }, "geometry": { "type": "LineString", "coordinates": [ [ 28.45047, 64.58147 ], [ 20.037689, 66.729595 ] ] } },
{ "type": "Feature", "properties": { "from_node": 367, "to_node": 412, "length_km": 469.5063465253744, "delaunay_k": 5, "edge_set": "Delaunay5" }, "geometry": { "type": "LineString", "coordinates": [ [ 28.45047, 64.58147 ], [ 19.864655, 66.843267 ] ] } },
{ "type": "Feature", "properties": { "from_node": 370, "to_node": 393, "length_km": 422.52280108648563, "delaunay_k": 5, "edge_set": "Delaunay5" }, "geometry": { "type": "LineString", "coordinates": [ [ 15.761261, 64.700279 ], [ 24.411621, 65.781941 ] ] } },
{ "type": "Feature", "properties": { "from_node": 370, "to_node": 397, "length_km": 433.90791028115001, "delaunay_k": 5, "edge_set": "Delaunay5" }, "geometry": { "type": "LineString", "coordinates": [ [ 15.761261, 64.700279 ], [ 24.612122, 65.877531 ] ] } },
{ "type": "Feature", "properties": { "from_node": 371, "to_node": 393, "length_km": 153.81956392548551, "delaunay_k": 5, "edge_set": "Delaunay5" }, "geometry": { "type": "LineString", "coordinates": [ [ 26.455078, 64.709668 ], [ 24.411621, 65.781941 ] ] } },
{ "type": "Feature", "properties": { "from_node": 371, "to_node": 398, "length_km": 209.78161694083866, "delaunay_k": 5, "edge_set": "Delaunay5" }, "geometry": { "type": "LineString", "coordinates": [ [ 26.455078, 64.709668 ], [ 23.072662, 65.938074 ] ] } },
{ "type": "Feature", "properties": { "from_node": 371, "to_node": 409, "length_km": 353.05223228006258, "delaunay_k": 5, "edge_set": "Delaunay5" }, "geometry": { "type": "LineString", "coordinates": [ [ 26.455078, 64.709668 ], [ 20.452423, 66.669299 ] ] } },
{ "type": "Feature", "properties": { "from_node": 371, "to_node": 414, "length_km": 394.10660427497538, "delaunay_k": 5, "edge_set": "Delaunay5" }, "geometry": { "type": "LineString", "coordinates": [ [ 26.455078, 64.709668 ], [ 19.866028, 66.975221 ] ] } },
{ "type": "Feature", "properties": { "from_node": 372, "to_node": 386, "length_km": 466.12190325154518, "delaunay_k": 5, "edge_set": "Delaunay5" }, "geometry": { "type": "LineString", "coordinates": [ [ 15.923309, 64.710254 ], [ 25.694275, 65.279688 ] ] } },
{ "type": "Feature", "properties": { "from_node": 375, "to_node": 394, "length_km": 257.16135092015145, "delaunay_k": 5, "edge_set": "Delaunay5" }, "geometry": { "type": "LineString", "coordinates": [ [ 26.51825, 64.759489 ], [ 21.656799, 65.826407 ] ] } },
{ "type": "Feature", "properties": { "from_node": 375, "to_node": 395, "length_km": 200.5773747642111, "delaunay_k": 5, "edge_set": "Delaunay5" }, "geometry": { "type": "LineString", "coordinates": [ [ 26.51825, 64.759489 ], [ 23.100128, 65.837089 ] ] } },
{ "type": "Feature", "properties": { "from_node": 375, "to_node": 408, "length_km": 342.49795443616097, "delaunay_k": 5, "edge_set": "Delaunay5" }, "geometry": { "type": "LineString", "coordinates": [ [ 26.51825, 64.759489 ], [ 20.429077, 66.505049 ] ] } },
{ "type": "Feature", "properties": { "from_node": 375, "to_node": 411, "length_km": 370.69058636838332, "delaunay_k": 5, "edge_set": "Delaunay5" }, "geometry": { "type": "LineString", "coordinates": [ [ 26.51825, 64.759489 ], [ 20.037689, 66.729595 ] ] } },
{ "type": "Feature", "properties": { "from_node": 375, "to_node": 412, "length_km": 384.10904709096258, "delaunay_k": 5, "edge_set": "Delaunay5" }, "geometry": { "type": "LineString", "coordinates": [ [ 26.51825, 64.759489 ], [ 19.864655, 66.843267 ] ] } },
{ "type": "Feature", "properties": { "from_node": 375, "to_node": 413, "length_km": 437.02444184192859, "delaunay_k": 5, "edge_set": "Delaunay5" }, "geometry": { "type": "LineString", "coordinates": [ [ 26.51825, 64.759489 ], [ 18.639679, 66.970387 ] ] } },
{ "type": "Feature", "properties": { "from_node": 376, "to_node": 394, "length_km": 239.50454094810684, "delaunay_k": 5, "edge_set": "Delaunay5" }, "geometry": { "type": "LineString", "coordinates": [ [ 26.115875, 64.778222 ], [ 21.656799, 65.826407 ] ] } },
{ "type": "Feature", "properties": { "from_node": 376, "to_node": 395, "length_km": 184.44837873022155, "delaunay_k": 5, "edge_set": "Delaunay5" }, "geometry": { "type": "LineString", "coordinates": [ [ 26.115875, 64.778222 ], [ 23.100128, 65.837089 ] ] } },
{ "type": "Feature", "properties": { "from_node": 376, "to_node": 408, "length_km": 326.04772469152169, "delaunay_k": 5, "edge_set": "Delaunay5" }, "geometry": { "type": "LineString", "coordinates": [ [ 26.115875, 64.778222 ], [ 20.429077, 66.505049 ] ] } },
{ "type": "Feature", "properties": { "from_node": 376, "to_node": 409, "length_km": 335.76347280770796, "delaunay_k": 5, "edge_set": "Delaunay5" }, "geometry": { "type": "LineString", "coordinates": [ [ 26.115875, 64.778222 ], [ 20.452423, 66.669299 ] ] } },
{ "type": "Feature", "properties": { "from_node": 376, "to_node": 414, "length_km": 376.98873477762294, "delaunay_k": 5, "edge_set": "Delaunay5" }, "geometry": { "type": "LineString", "coordinates": [ [ 26.115875, 64.778222 ], [ 19.866028, 66.975221 ] ] } },
{ "type": "Feature", "properties": { "from_node": 378, "to_node": 382, "length_km": 299.36293727450277, "delaunay_k": 5, "edge_set": "Delaunay5" }, "geometry": { "type": "LineString", "coordinates": [ [ 26.05957, 64.965416 ], [ 19.736938, 65.032742 ] ] } },
{ "type": "Feature", "properties": { "from_node": 378, "to_node": 384, "length_km": 425.44810705446173, "delaunay_k": 5, "edge_set": "Delaunay5" }, "geometry": { "type": "LineString", "coordinates": [ [ 26.05957, 64.965416 ], [ 17.049408, 65.221045 ] ] } },
{ "type": "Feature", "properties": { "from_node": 378, "to_node": 385, "length_km": 233.08392177758415, "delaunay_k": 5, "edge_set": "Delaunay5" }, "geometry": { "type": "LineString", "coordinates": [ [ 26.05957, 64.965416 ], [ 21.169281, 65.270498 ] ] } },
{ "type": "Feature", "properties": { "from_node": 378, "to_node": 387, "length_km": 433.57618315251659, "delaunay_k": 5, "edge_set": "Delaunay5" }, "geometry": { "type": "LineString", "coordinates": [ [ 26.05957, 64.965416 ], [ 16.876373, 65.299207 ] ] } },
{ "type": "Feature", "properties": { "from_node": 378, "to_node": 411, "length_km": 339.16389806045078, "delaunay_k": 5, "edge_set": "Delaunay5" }, "geometry": { "type": "LineString", "coordinates": [ [ 26.05957, 64.965416 ], [ 20.037689, 66.729595 ] ] } },
{ "type": "Feature", "properties": { "from_node": 378, "to_node": 412, "length_km": 352.51170695988918, "delaunay_k": 5, "edge_set": "Delaunay5" }, "geometry": { "type": "LineString", "coordinates": [ [ 26.05957, 64.965416 ], [ 19.864655, 66.843267 ] ] } },
{ "type": "Feature", "properties": { "from_node": 378, "to_node": 413, "length_km": 405.61350875511386, "delaunay_k": 5, "edge_set": "Delaunay5" }, "geometry": { "type": "LineString", "coordinates": [ [ 26.05957, 64.965416 ], [ 18.639679, 66.970387 ] ] } },
{ "type": "Feature", "properties": { "from_node": 378, "to_node": 417, "length_km": 447.27758907630124, "delaunay_k": 5, "edge_set": "Delaunay5" }, "geometry": { "type": "LineString", "coordinates": [ [ 26.05957, 64.965416 ], [ 18.366394, 67.492803 ] ] } },
{ "type": "Feature", "properties": { "from_node": 379, "to_node": 386, "length_km": 467.41951902366304, "delaunay_k": 5, "edge_set": "Delaunay5" }, "geometry": { "type": "LineString", "coordinates": [ [ 15.783234, 64.967159 ], [ 25.694275, 65.279688 ] ] } },
{ "type": "Feature", "properties": { "from_node": 380, "to_node": 382, "length_km": 287.40441344056046, "delaunay_k": 5, "edge_set": "Delaunay5" }, "geometry": { "type": "LineString", "coordinates": [ [ 25.808258, 64.971807 ], [ 19.736938, 65.032742 ] ] } },
{ "type": "Feature", "properties": { "from_node": 380, "to_node": 384, "length_km": 413.52462034817023, "delaunay_k": 5, "edge_set": "Delaunay5" }, "geometry": { "type": "LineString", "coordinates": [ [ 25.808258, 64.971807 ], [ 17.049408, 65.221045 ] ] } },
{ "type": "Feature", "properties": { "from_node": 380, "to_node": 385, "length_km": 221.22068693606971, "delaunay_k": 5, "edge_set": "Delaunay5" }, "geometry": { "type": "LineString", "coordinates": [ [ 25.808258, 64.971807 ], [ 21.169281, 65.270498 ] ] } },
{ "type": "Feature", "properties": { "from_node": 380, "to_node": 387, "length_km": 421.67424383653457, "delaunay_k": 5, "edge_set": "Delaunay5" }, "geometry": { "type": "LineString", "coordinates": [ [ 25.808258, 64.971807 ], [ 16.876373, 65.299207 ] ] } },
{ "type": "Feature", "properties": { "from_node": 380, "to_node": 411, "length_km": 329.39988709889644, "delaunay_k": 5, "edge_set": "Delaunay5" }, "geometry": { "type": "LineString", "coordinates": [ [ 25.808258, 64.971807 ], [ 20.037689, 66.729595 ] ] } },
{ "type": "Feature", "properties": { "from_node": 380, "to_node": 412, "length_km": 342.8767317321375, "delaunay_k": 5, "edge_set": "Delaunay5" }, "geometry": { "type": "LineString", "coordinates": [ [ 25.808258, 64.971807 ], [ 19.864655, 66.843267 ] ] } },
{ "type": "Feature", "properties": { "from_node": 380, "to_node": 413, "length_km": 395.6688142367571, "delaunay_k": 5, "edge_set": "Delaunay5" }, "geometry": { "type": "LineString", "coordinates": [ [ 25.808258, 64.971807 ], [ 18.639679, 66.970387 ] ] } },
{ "type": "Feature", "properties": { "from_node": 380, "to_node": 417, "length_km": 438.04681495790186, "delaunay_k": 5, "edge_set": "Delaunay5" }, "geometry": { "type": "LineString", "coordinates": [ [ 25.808258, 64.971807 ], [ 18.366394, 67.492803 ] ] } },
{ "type": "Feature", "properties": { "from_node": 381, "to_node": 386, "length_km": 384.81172062878397, "delaunay_k": 5, "edge_set": "Delaunay5" }, "geometry": { "type": "LineString", "coordinates": [ [ 17.541046, 64.996778 ], [ 25.694275, 65.279688 ] ] } },
{ "type": "Feature", "properties": { "from_node": 382, "to_node": 404, "length_km": 366.29212816475757, "delaunay_k": 5, "edge_set": "Delaunay5" }, "geometry": { "type": "LineString", "coordinates": [ [ 19.736938, 65.032742 ], [ 27.030487, 66.33089 ] ] } },
{ "type": "Feature", "properties": { "from_node": 382, "to_node": 405, "length_km": 357.20813180929241, "delaunay_k": 5, "edge_set": "Delaunay5" }, "geometry": { "type": "LineString", "coordinates": [ [ 19.736938, 65.032742 ], [ 26.769562, 66.378809 ] ] } },
{ "type": "Feature", "properties": { "from_node": 385, "to_node": 404, "length_km": 294.18445258692458, "delaunay_k": 5, "edge_set": "Delaunay5" }, "geometry": { "type": "LineString", "coordinates": [ [ 21.169281, 65.270498 ], [ 27.030487, 66.33089 ] ] } },
{ "type": "Feature", "properties": { "from_node": 385, "to_node": 405, "length_km": 285.31320808121637, "delaunay_k": 5, "edge_set": "Delaunay5" }, "geometry": { "type": "LineString", "coordinates": [ [ 21.169281, 65.270498 ], [ 26.769562, 66.378809 ] ] } },
{ "type": "Feature", "properties": { "from_node": 386, "to_node": 388, "length_km": 434.91530816798547, "delaunay_k": 5, "edge_set": "Delaunay5" }, "geometry": { "type": "LineString", "coordinates": [ [ 25.694275, 65.279688 ], [ 16.387482, 65.321005 ] ] } },
{ "type": "Feature", "properties": { "from_node": 386, "to_node": 389, "length_km": 429.79085948873046, "delaunay_k": 5, "edge_set": "Delaunay5" }, "geometry": { "type": "LineString", "coordinates": [ [ 25.694275, 65.279688 ], [ 16.489105, 65.386291 ] ] } },
{ "type": "Feature", "properties": { "from_node": 386, "to_node": 390, "length_km": 460.7967983822615, "delaunay_k": 5, "edge_set": "Delaunay5" }, "geometry": { "type": "LineString", "coordinates": [ [ 25.694275, 65.279688 ], [ 15.812073, 65.485626 ] ] } },
{ "type": "Feature", "properties": { "from_node": 386, "to_node": 422, "length_km": 431.56696766857073, "delaunay_k": 5, "edge_set": "Delaunay5" }, "geometry": { "type": "LineString", "coordinates": [ [ 25.694275, 65.279688 ], [ 17.992859, 67.610267 ] ] } },
{ "type": "Feature", "properties": { "from_node": 399, "to_node": 434, "length_km": 468.6460726728447, "delaunay_k": 5, "edge_set": "Delaunay5" }, "geometry": { "type": "LineString", "coordinates": [ [ 24.892273, 65.995123 ], [ 30.120392, 69.682374 ] ] } },
{ "type": "Feature", "properties": { "from_node": 404, "to_node": 434, "length_km": 397.81898044267342, "delaunay_k": 5, "edge_set": "Delaunay5" }, "geometry": { "type": "LineString", "coordinates": [ [ 27.030487, 66.33089 ], [ 30.120392, 69.682374 ] ] } }
]
}
