{
"type": "FeatureCollection",
"name": "n490_delaunay_mst",
"crs": { "type": "name", "properties": { "name": "urn:ogc:def:crs:OGC:1.3:CRS84" } },
"features": [
{ "type": "Feature", "properties": { "from_node": 0, "to_node": 1, "length_km": 10.628642701527369, "repair_iteration": 2.0, "edge_source": "connectivity_repair", "mst": true, "edge_set": "MST" }, "geometry": { "type": "LineString", "coordinates": [ [ 11.661987, 54.548173 ], [ 11.501312, 54.568081 ] ] } },
{ "type": "Feature", "properties": { "from_node": 1, "to_node": 2, "length_km": 16.631939868225754, "repair_iteration": 1.0, "edge_source": "connectivity_repair", "mst": true, "edge_set": "MST" }, "geometry": { "type": "LineString", "coordinates": [ [ 11.501312, 54.568081 ], [ 11.504059, 54.717482 ] ] } },
{ "type": "Feature", "properties": { "from_node": 2, "to_node": 4, "length_km": 15.101176275570243, "repair_iteration": null, "edge_source": null, "mst": true, "edge_set": "MST" }, "geometry": { "type": "LineString", "coordinates": [ [ 11.504059, 54.717482 ], [ 11.712799, 54.779306 ] ] } },
{ "type": "Feature", "properties": { "from_node": 2, "to_node": 6, "length_km": 26.19308537621632, "repair_iteration": null, "edge_source": null, "mst": true, "edge_set": "MST" }, "geometry": { "type": "LineString", "coordinates": [ [ 11.504059, 54.717482 ], [ 11.190948, 54.867915 ] ] } },
{ "type": "Feature", "properties": { "from_node": 3, "to_node": 5, "length_km": 11.797440499538979, "repair_iteration": null, "edge_source": null, "mst": true, "edge_set": "MST" }, "geometry": { "type": "LineString", "coordinates": [ [ 11.965485, 54.756331 ], [ 11.921539, 54.859221 ] ] } },
{ "type": "Feature", "properties": { "from_node": 4, "to_node": 5, "length_km": 16.09959684149845, "repair_iteration": null, "edge_source": null, "mst": true, "edge_set": "MST" }, "geometry": { "type": "LineString", "coordinates": [ [ 11.712799, 54.779306 ], [ 11.921539, 54.859221 ] ] } },
{ "type": "Feature", "properties": { "from_node": 5, "to_node": 7, "length_km": 9.023401887695476, "repair_iteration": null, "edge_source": null, "mst": true, "edge_set": "MST" }, "geometry": { "type": "LineString", "coordinates": [ [ 11.921539, 54.859221 ], [ 11.851501, 54.929509 ] ] } },
{ "type": "Feature", "properties": { "from_node": 7, "to_node": 8, "length_km": 7.7396489377349988, "repair_iteration": null, "edge_source": null, "mst": true, "edge_set": "MST" }, "geometry": { "type": "LineString", "coordinates": [ [ 11.851501, 54.929509 ], [ 11.902313, 54.992585 ] ] } },
{ "type": "Feature", "properties": { "from_node": 8, "to_node": 9, "length_km": 15.18349729686461, "repair_iteration": null, "edge_source": null, "mst": true, "edge_set": "MST" }, "geometry": { "type": "LineString", "coordinates": [ [ 11.902313, 54.992585 ], [ 11.932526, 55.127864 ] ] } },
{ "type": "Feature", "properties": { "from_node": 9, "to_node": 10, "length_km": 9.1406066010591775, "repair_iteration": null, "edge_source": null, "mst": true, "edge_set": "MST" }, "geometry": { "type": "LineString", "coordinates": [ [ 11.932526, 55.127864 ], [ 11.797943, 55.15612 ] ] } },
{ "type": "Feature", "properties": { "from_node": 10, "to_node": 13, "length_km": 8.0934713261885243, "repair_iteration": null, "edge_source": null, "mst": true, "edge_set": "MST" }, "geometry": { "type": "LineString", "coordinates": [ [ 11.797943, 55.15612 ], [ 11.762238, 55.22589 ] ] } },
{ "type": "Feature", "properties": { "from_node": 11, "to_node": 14, "length_km": 8.2097095075150808, "repair_iteration": null, "edge_source": null, "mst": true, "edge_set": "MST" }, "geometry": { "type": "LineString", "coordinates": [ [ 11.295319, 55.21884 ], [ 11.416168, 55.244684 ] ] } },
{ "type": "Feature", "properties": { "from_node": 12, "to_node": 15, "length_km": 6.6477863991020296, "repair_iteration": null, "edge_source": null, "mst": true, "edge_set": "MST" }, "geometry": { "type": "LineString", "coordinates": [ [ 11.933899, 55.22119 ], [ 11.8480685, 55.255251001923504 ] ] } },
{ "type": "Feature", "properties": { "from_node": 13, "to_node": 15, "length_km": 6.3635364897609996, "repair_iteration": null, "edge_source": null, "mst": true, "edge_set": "MST" }, "geometry": { "type": "LineString", "coordinates": [ [ 11.762238, 55.22589 ], [ 11.8480685, 55.255251001923504 ] ] } },
{ "type": "Feature", "properties": { "from_node": 13, "to_node": 17, "length_km": 10.781038666763065, "repair_iteration": null, "edge_source": null, "mst": true, "edge_set": "MST" }, "geometry": { "type": "LineString", "coordinates": [ [ 11.762238, 55.22589 ], [ 11.715546, 55.318987 ] ] } },
{ "type": "Feature", "properties": { "from_node": 14, "to_node": 17, "length_km": 20.744722740474565, "repair_iteration": null, "edge_source": null, "mst": true, "edge_set": "MST" }, "geometry": { "type": "LineString", "coordinates": [ [ 11.416168, 55.244684 ], [ 11.715546, 55.318987 ] ] } },
{ "type": "Feature", "properties": { "from_node": 15, "to_node": 16, "length_km": 5.4660374072011493, "repair_iteration": null, "edge_source": null, "mst": true, "edge_set": "MST" }, "geometry": { "type": "LineString", "coordinates": [ [ 11.8480685, 55.255251001923504 ], [ 11.90094, 55.293974 ] ] } },
{ "type": "Feature", "properties": { "from_node": 16, "to_node": 18, "length_km": 10.093837651420053, "repair_iteration": null, "edge_source": null, "mst": true, "edge_set": "MST" }, "geometry": { "type": "LineString", "coordinates": [ [ 11.90094, 55.293974 ], [ 12.024536, 55.351012 ] ] } },
{ "type": "Feature", "properties": { "from_node": 17, "to_node": 19, "length_km": 6.9982706522649138, "repair_iteration": null, "edge_source": null, "mst": true, "edge_set": "MST" }, "geometry": { "type": "LineString", "coordinates": [ [ 11.715546, 55.318987 ], [ 11.727905, 55.381451 ] ] } },
{ "type": "Feature", "properties": { "from_node": 19, "to_node": 20, "length_km": 7.5829987873788651, "repair_iteration": null, "edge_source": null, "mst": true, "edge_set": "MST" }, "geometry": { "type": "LineString", "coordinates": [ [ 11.727905, 55.381451 ], [ 11.786957, 55.4407 ] ] } },
{ "type": "Feature", "properties": { "from_node": 20, "to_node": 21, "length_km": 11.050270662435594, "repair_iteration": null, "edge_source": null, "mst": true, "edge_set": "MST" }, "geometry": { "type": "LineString", "coordinates": [ [ 11.786957, 55.4407 ], [ 11.961365, 55.445374 ] ] } },
{ "type": "Feature", "properties": { "from_node": 20, "to_node": 26, "length_km": 14.046358039624915, "repair_iteration": null, "edge_source": null, "mst": true, "edge_set": "MST" }, "geometry": { "type": "LineString", "coordinates": [ [ 11.786957, 55.4407 ], [ 11.670227, 55.548058 ] ] } },
{ "type": "Feature", "properties": { "from_node": 21, "to_node": 23, "length_km": 6.1688698586967012, "repair_iteration": null, "edge_source": null, "mst": true, "edge_set": "MST" }, "geometry": { "type": "LineString", "coordinates": [ [ 11.961365, 55.445374 ], [ 11.990204, 55.498305 ] ] } },
{ "type": "Feature", "properties": { "from_node": 22, "to_node": 25, "length_km": 13.47233231972441, "repair_iteration": null, "edge_source": null, "mst": true, "edge_set": "MST" }, "geometry": { "type": "LineString", "coordinates": [ [ 11.348877, 55.455499 ], [ 11.211548, 55.548058 ] ] } },
{ "type": "Feature", "properties": { "from_node": 22, "to_node": 26, "length_km": 22.772238015386211, "repair_iteration": null, "edge_source": null, "mst": true, "edge_set": "MST" }, "geometry": { "type": "LineString", "coordinates": [ [ 11.348877, 55.455499 ], [ 11.670227, 55.548058 ] ] } },
{ "type": "Feature", "properties": { "from_node": 23, "to_node": 28, "length_km": 7.3957429968405917, "repair_iteration": null, "edge_source": null, "mst": true, "edge_set": "MST" }, "geometry": { "type": "LineString", "coordinates": [ [ 11.990204, 55.498305 ], [ 11.949005, 55.560486 ] ] } },
{ "type": "Feature", "properties": { "from_node": 23, "to_node": 24, "length_km": 11.37010900403515, "repair_iteration": null, "edge_source": null, "mst": true, "edge_set": "MST" }, "geometry": { "type": "LineString", "coordinates": [ [ 11.990204, 55.498305 ], [ 12.170105, 55.499083 ] ] } },
{ "type": "Feature", "properties": { "from_node": 24, "to_node": 27, "length_km": 9.1952856603702209, "repair_iteration": null, "edge_source": null, "mst": true, "edge_set": "MST" }, "geometry": { "type": "LineString", "coordinates": [ [ 12.170105, 55.499083 ], [ 12.268982, 55.559709 ] ] } },
{ "type": "Feature", "properties": { "from_node": 25, "to_node": 34, "length_km": 14.776954000962679, "repair_iteration": null, "edge_source": null, "mst": true, "edge_set": "MST" }, "geometry": { "type": "LineString", "coordinates": [ [ 11.211548, 55.548058 ], [ 11.089325, 55.66132 ] ] } },
{ "type": "Feature", "properties": { "from_node": 27, "to_node": 31, "length_km": 8.3804296279425454, "repair_iteration": null, "edge_source": null, "mst": true, "edge_set": "MST" }, "geometry": { "type": "LineString", "coordinates": [ [ 12.268982, 55.559709 ], [ 12.362366, 55.613262 ] ] } },
{ "type": "Feature", "properties": { "from_node": 28, "to_node": 30, "length_km": 11.551658440915441, "repair_iteration": null, "edge_source": null, "mst": true, "edge_set": "MST" }, "geometry": { "type": "LineString", "coordinates": [ [ 11.949005, 55.560486 ], [ 12.108307, 55.611711 ] ] } },
{ "type": "Feature", "properties": { "from_node": 28, "to_node": 33, "length_km": 11.695936538334713, "repair_iteration": null, "edge_source": null, "mst": true, "edge_set": "MST" }, "geometry": { "type": "LineString", "coordinates": [ [ 11.949005, 55.560486 ], [ 11.877594, 55.657447 ] ] } },
{ "type": "Feature", "properties": { "from_node": 29, "to_node": 42, "length_km": 17.558607571788947, "repair_iteration": null, "edge_source": null, "mst": true, "edge_set": "MST" }, "geometry": { "type": "LineString", "coordinates": [ [ 13.189087, 55.58145 ], [ 13.145142, 55.737162 ] ] } },
{ "type": "Feature", "properties": { "from_node": 31, "to_node": 32, "length_km": 5.210329497389143, "repair_iteration": null, "edge_source": null, "mst": true, "edge_set": "MST" }, "geometry": { "type": "LineString", "coordinates": [ [ 12.362366, 55.613262 ], [ 12.415924, 55.648924 ] ] } },
{ "type": "Feature", "properties": { "from_node": 32, "to_node": 37, "length_km": 5.3342326608164834, "repair_iteration": null, "edge_source": null, "mst": true, "edge_set": "MST" }, "geometry": { "type": "LineString", "coordinates": [ [ 12.415924, 55.648924 ], [ 12.490645134825497, 55.671527244775099 ] ] } },
{ "type": "Feature", "properties": { "from_node": 32, "to_node": 36, "length_km": 6.9992949338312478, "repair_iteration": null, "edge_source": null, "mst": true, "edge_set": "MST" }, "geometry": { "type": "LineString", "coordinates": [ [ 12.415924, 55.648924 ], [ 12.311554, 55.670615 ] ] } },
{ "type": "Feature", "properties": { "from_node": 33, "to_node": 48, "length_km": 17.740371063820927, "repair_iteration": null, "edge_source": null, "mst": true, "edge_set": "MST" }, "geometry": { "type": "LineString", "coordinates": [ [ 11.877594, 55.657447 ], [ 11.885834, 55.816715 ] ] } },
{ "type": "Feature", "properties": { "from_node": 35, "to_node": 37, "length_km": 5.9351986221862791, "repair_iteration": null, "edge_source": null, "mst": true, "edge_set": "MST" }, "geometry": { "type": "LineString", "coordinates": [ [ 12.583466, 55.662095 ], [ 12.490645134825497, 55.671527244775099 ] ] } },
{ "type": "Feature", "properties": { "from_node": 36, "to_node": 38, "length_km": 4.9908227399924829, "repair_iteration": null, "edge_source": null, "mst": true, "edge_set": "MST" }, "geometry": { "type": "LineString", "coordinates": [ [ 12.311554, 55.670615 ], [ 12.242889, 55.693068 ] ] } },
{ "type": "Feature", "properties": { "from_node": 37, "to_node": 41, "length_km": 7.4143232502491259, "repair_iteration": null, "edge_source": null, "mst": true, "edge_set": "MST" }, "geometry": { "type": "LineString", "coordinates": [ [ 12.490645134825497, 55.671527244775099 ], [ 12.527161, 55.734843 ] ] } },
{ "type": "Feature", "properties": { "from_node": 38, "to_node": 43, "length_km": 7.4479538525756439, "repair_iteration": null, "edge_source": null, "mst": true, "edge_set": "MST" }, "geometry": { "type": "LineString", "coordinates": [ [ 12.242889, 55.693068 ], [ 12.154999, 55.737935 ] ] } },
{ "type": "Feature", "properties": { "from_node": 39, "to_node": 51, "length_km": 16.886934514001307, "repair_iteration": null, "edge_source": null, "mst": true, "edge_set": "MST" }, "geometry": { "type": "LineString", "coordinates": [ [ 11.550751, 55.724017 ], [ 11.641388, 55.866835 ] ] } },
{ "type": "Feature", "properties": { "from_node": 40, "to_node": 41, "length_km": 3.3658822414989231, "repair_iteration": null, "edge_source": null, "mst": true, "edge_set": "MST" }, "geometry": { "type": "LineString", "coordinates": [ [ 12.580719, 55.73407 ], [ 12.527161, 55.734843 ] ] } },
{ "type": "Feature", "properties": { "from_node": 40, "to_node": 47, "length_km": 6.9593306905323358, "repair_iteration": null, "edge_source": null, "mst": true, "edge_set": "MST" }, "geometry": { "type": "LineString", "coordinates": [ [ 12.580719, 55.73407 ], [ 12.56424, 55.795877 ] ] } },
{ "type": "Feature", "properties": { "from_node": 40, "to_node": 46, "length_km": 25.176404480673742, "repair_iteration": null, "edge_source": null, "mst": true, "edge_set": "MST" }, "geometry": { "type": "LineString", "coordinates": [ [ 12.580719, 55.73407 ], [ 12.970734, 55.786613 ] ] } },
{ "type": "Feature", "properties": { "from_node": 41, "to_node": 44, "length_km": 9.1074867571376501, "repair_iteration": null, "edge_source": null, "mst": true, "edge_set": "MST" }, "geometry": { "type": "LineString", "coordinates": [ [ 12.527161, 55.734843 ], [ 12.389832, 55.761123 ] ] } },
{ "type": "Feature", "properties": { "from_node": 42, "to_node": 46, "length_km": 12.256898655648689, "repair_iteration": null, "edge_source": null, "mst": true, "edge_set": "MST" }, "geometry": { "type": "LineString", "coordinates": [ [ 13.145142, 55.737162 ], [ 12.970734, 55.786613 ] ] } },
{ "type": "Feature", "properties": { "from_node": 42, "to_node": 50, "length_km": 30.576287855423573, "repair_iteration": null, "edge_source": null, "mst": true, "edge_set": "MST" }, "geometry": { "type": "LineString", "coordinates": [ [ 13.145142, 55.737162 ], [ 13.580475, 55.86067 ] ] } },
{ "type": "Feature", "properties": { "from_node": 43, "to_node": 45, "length_km": 6.0949016679233408, "repair_iteration": null, "edge_source": null, "mst": true, "edge_set": "MST" }, "geometry": { "type": "LineString", "coordinates": [ [ 12.154999, 55.737935 ], [ 12.240143, 55.764213 ] ] } },
{ "type": "Feature", "properties": { "from_node": 45, "to_node": 49, "length_km": 6.4563174145078088, "repair_iteration": null, "edge_source": null, "mst": true, "edge_set": "MST" }, "geometry": { "type": "LineString", "coordinates": [ [ 12.240143, 55.764213 ], [ 12.23465, 55.822116 ] ] } },
{ "type": "Feature", "properties": { "from_node": 48, "to_node": 51, "length_km": 16.299207671204137, "repair_iteration": null, "edge_source": null, "mst": true, "edge_set": "MST" }, "geometry": { "type": "LineString", "coordinates": [ [ 11.885834, 55.816715 ], [ 11.641388, 55.866835 ] ] } },
{ "type": "Feature", "properties": { "from_node": 49, "to_node": 52, "length_km": 10.222885782209438, "repair_iteration": null, "edge_source": null, "mst": true, "edge_set": "MST" }, "geometry": { "type": "LineString", "coordinates": [ [ 12.23465, 55.822116 ], [ 12.22641, 55.913812 ] ] } },
{ "type": "Feature", "properties": { "from_node": 52, "to_node": 55, "length_km": 10.450573243393608, "repair_iteration": null, "edge_source": null, "mst": true, "edge_set": "MST" }, "geometry": { "type": "LineString", "coordinates": [ [ 12.22641, 55.913812 ], [ 12.385712, 55.942279 ] ] } },
{ "type": "Feature", "properties": { "from_node": 52, "to_node": 56, "length_km": 12.002668224577979, "repair_iteration": null, "edge_source": null, "mst": true, "edge_set": "MST" }, "geometry": { "type": "LineString", "coordinates": [ [ 12.22641, 55.913812 ], [ 12.061615, 55.969187 ] ] } },
{ "type": "Feature", "properties": { "from_node": 53, "to_node": 54, "length_km": 2.8376713702691214, "repair_iteration": null, "edge_source": null, "mst": true, "edge_set": "MST" }, "geometry": { "type": "LineString", "coordinates": [ [ 12.520294, 55.933818 ], [ 12.474976, 55.935356 ] ] } },
{ "type": "Feature", "properties": { "from_node": 53, "to_node": 57, "length_km": 12.553232625847063, "repair_iteration": null, "edge_source": null, "mst": true, "edge_set": "MST" }, "geometry": { "type": "LineString", "coordinates": [ [ 12.520294, 55.933818 ], [ 12.571106, 56.042897 ] ] } },
{ "type": "Feature", "properties": { "from_node": 54, "to_node": 55, "length_km": 5.6316024148747665, "repair_iteration": null, "edge_source": null, "mst": true, "edge_set": "MST" }, "geometry": { "type": "LineString", "coordinates": [ [ 12.474976, 55.935356 ], [ 12.385712, 55.942279 ] ] } },
{ "type": "Feature", "properties": { "from_node": 57, "to_node": 58, "length_km": 22.797863442096897, "repair_iteration": null, "edge_source": null, "mst": true, "edge_set": "MST" }, "geometry": { "type": "LineString", "coordinates": [ [ 12.571106, 56.042897 ], [ 12.933655, 56.070502 ] ] } },
{ "type": "Feature", "properties": { "from_node": 58, "to_node": 59, "length_km": 10.383407463293675, "repair_iteration": null, "edge_source": null, "mst": true, "edge_set": "MST" }, "geometry": { "type": "LineString", "coordinates": [ [ 12.933655, 56.070502 ], [ 12.984467, 56.159318 ] ] } },
{ "type": "Feature", "properties": { "from_node": 59, "to_node": 64, "length_km": 68.181889496217508, "repair_iteration": null, "edge_source": null, "mst": true, "edge_set": "MST" }, "geometry": { "type": "LineString", "coordinates": [ [ 12.984467, 56.159318 ], [ 12.991333, 56.771541 ] ] } },
{ "type": "Feature", "properties": { "from_node": 60, "to_node": 61, "length_km": 10.200363900259129, "repair_iteration": null, "edge_source": null, "mst": true, "edge_set": "MST" }, "geometry": { "type": "LineString", "coordinates": [ [ 14.845276, 56.173846 ], [ 14.790344, 56.260134 ] ] } },
{ "type": "Feature", "properties": { "from_node": 61, "to_node": 62, "length_km": 7.7352146440344178, "repair_iteration": null, "edge_source": null, "mst": true, "edge_set": "MST" }, "geometry": { "type": "LineString", "coordinates": [ [ 14.790344, 56.260134 ], [ 14.749146, 56.325675 ] ] } },
{ "type": "Feature", "properties": { "from_node": 62, "to_node": 65, "length_km": 58.056003364971737, "repair_iteration": null, "edge_source": null, "mst": true, "edge_set": "MST" }, "geometry": { "type": "LineString", "coordinates": [ [ 14.749146, 56.325675 ], [ 14.40033, 56.809901 ] ] } },
{ "type": "Feature", "properties": { "from_node": 62, "to_node": 63, "length_km": 60.793650496404226, "repair_iteration": null, "edge_source": null, "mst": true, "edge_set": "MST" }, "geometry": { "type": "LineString", "coordinates": [ [ 14.749146, 56.325675 ], [ 15.542908, 56.649432 ] ] } },
{ "type": "Feature", "properties": { "from_node": 63, "to_node": 69, "length_km": 110.98629210405348, "repair_iteration": null, "edge_source": null, "mst": true, "edge_set": "MST" }, "geometry": { "type": "LineString", "coordinates": [ [ 15.542908, 56.649432 ], [ 16.660767, 57.43682 ] ] } },
{ "type": "Feature", "properties": { "from_node": 64, "to_node": 66, "length_km": 19.047432463683879, "repair_iteration": null, "edge_source": null, "mst": true, "edge_set": "MST" }, "geometry": { "type": "LineString", "coordinates": [ [ 12.991333, 56.771541 ], [ 13.066864, 56.937483 ] ] } },
{ "type": "Feature", "properties": { "from_node": 65, "to_node": 66, "length_km": 82.565672537334521, "repair_iteration": null, "edge_source": null, "mst": true, "edge_set": "MST" }, "geometry": { "type": "LineString", "coordinates": [ [ 14.40033, 56.809901 ], [ 13.066864, 56.937483 ] ] } },
{ "type": "Feature", "properties": { "from_node": 66, "to_node": 68, "length_km": 52.418704863398681, "repair_iteration": null, "edge_source": null, "mst": true, "edge_set": "MST" }, "geometry": { "type": "LineString", "coordinates": [ [ 13.066864, 56.937483 ], [ 12.671356, 57.356164 ] ] } },
{ "type": "Feature", "properties": { "from_node": 67, "to_node": 68, "length_km": 26.309463891585821, "repair_iteration": null, "edge_source": null, "mst": true, "edge_set": "MST" }, "geometry": { "type": "LineString", "coordinates": [ [ 12.237396, 57.328745 ], [ 12.671356, 57.356164 ] ] } },
{ "type": "Feature", "properties": { "from_node": 67, "to_node": 72, "length_km": 28.214907799887722, "repair_iteration": null, "edge_source": null, "mst": true, "edge_set": "MST" }, "geometry": { "type": "LineString", "coordinates": [ [ 12.237396, 57.328745 ], [ 12.087708, 57.568888 ] ] } },
{ "type": "Feature", "properties": { "from_node": 68, "to_node": 71, "length_km": 22.364713546323447, "repair_iteration": null, "edge_source": null, "mst": true, "edge_set": "MST" }, "geometry": { "type": "LineString", "coordinates": [ [ 12.671356, 57.356164 ], [ 12.562866, 57.548261 ] ] } },
{ "type": "Feature", "properties": { "from_node": 68, "to_node": 70, "length_km": 49.026915411332617, "repair_iteration": null, "edge_source": null, "mst": true, "edge_set": "MST" }, "geometry": { "type": "LineString", "coordinates": [ [ 12.671356, 57.356164 ], [ 13.414307, 57.53868 ] ] } },
{ "type": "Feature", "properties": { "from_node": 70, "to_node": 73, "length_km": 50.901456426439488, "repair_iteration": null, "edge_source": null, "mst": true, "edge_set": "MST" }, "geometry": { "type": "LineString", "coordinates": [ [ 13.414307, 57.53868 ], [ 14.197083, 57.718819 ] ] } },
{ "type": "Feature", "properties": { "from_node": 72, "to_node": 74, "length_km": 19.236978463067057, "repair_iteration": null, "edge_source": null, "mst": true, "edge_set": "MST" }, "geometry": { "type": "LineString", "coordinates": [ [ 12.087708, 57.568888 ], [ 11.954498, 57.726153 ] ] } },
{ "type": "Feature", "properties": { "from_node": 73, "to_node": 75, "length_km": 27.024181037313614, "repair_iteration": null, "edge_source": null, "mst": true, "edge_set": "MST" }, "geometry": { "type": "LineString", "coordinates": [ [ 14.197083, 57.718819 ], [ 14.625549, 57.798676 ] ] } },
{ "type": "Feature", "properties": { "from_node": 74, "to_node": 76, "length_km": 28.77568909471313, "repair_iteration": null, "edge_source": null, "mst": true, "edge_set": "MST" }, "geometry": { "type": "LineString", "coordinates": [ [ 11.954498, 57.726153 ], [ 12.407684, 57.816235 ] ] } },
{ "type": "Feature", "properties": { "from_node": 75, "to_node": 81, "length_km": 63.736010867313695, "repair_iteration": null, "edge_source": null, "mst": true, "edge_set": "MST" }, "geometry": { "type": "LineString", "coordinates": [ [ 14.625549, 57.798676 ], [ 15.195465, 58.28423 ] ] } },
{ "type": "Feature", "properties": { "from_node": 76, "to_node": 77, "length_km": 19.140808565032138, "repair_iteration": null, "edge_source": null, "mst": true, "edge_set": "MST" }, "geometry": { "type": "LineString", "coordinates": [ [ 12.407684, 57.816235 ], [ 12.244263, 57.964417 ] ] } },
{ "type": "Feature", "properties": { "from_node": 77, "to_node": 82, "length_km": 38.01128028182373, "repair_iteration": null, "edge_source": null, "mst": true, "edge_set": "MST" }, "geometry": { "type": "LineString", "coordinates": [ [ 12.244263, 57.964417 ], [ 12.299194, 58.304438 ] ] } },
{ "type": "Feature", "properties": { "from_node": 78, "to_node": 80, "length_km": 23.250437223857226, "repair_iteration": null, "edge_source": null, "mst": true, "edge_set": "MST" }, "geometry": { "type": "LineString", "coordinates": [ [ 6.764832, 58.11344 ], [ 7.001038, 58.28062 ] ] } },
{ "type": "Feature", "properties": { "from_node": 79, "to_node": 87, "length_km": 54.217998387611502, "repair_iteration": null, "edge_source": null, "mst": true, "edge_set": "MST" }, "geometry": { "type": "LineString", "coordinates": [ [ 8.102417, 58.2445 ], [ 8.782196, 58.575413 ] ] } },
{ "type": "Feature", "properties": { "from_node": 79, "to_node": 80, "length_km": 64.81380016112027, "repair_iteration": null, "edge_source": null, "mst": true, "edge_set": "MST" }, "geometry": { "type": "LineString", "coordinates": [ [ 8.102417, 58.2445 ], [ 7.001038, 58.28062 ] ] } },
{ "type": "Feature", "properties": { "from_node": 80, "to_node": 83, "length_km": 28.153010570403183, "repair_iteration": null, "edge_source": null, "mst": true, "edge_set": "MST" }, "geometry": { "type": "LineString", "coordinates": [ [ 7.001038, 58.28062 ], [ 6.554718, 58.373638 ] ] } },
{ "type": "Feature", "properties": { "from_node": 81, "to_node": 84, "length_km": 57.640314791580714, "repair_iteration": null, "edge_source": null, "mst": true, "edge_set": "MST" }, "geometry": { "type": "LineString", "coordinates": [ [ 15.195465, 58.28423 ], [ 16.096344, 58.492976 ] ] } },
{ "type": "Feature", "properties": { "from_node": 81, "to_node": 88, "length_km": 72.342060335298257, "repair_iteration": null, "edge_source": null, "mst": true, "edge_set": "MST" }, "geometry": { "type": "LineString", "coordinates": [ [ 15.195465, 58.28423 ], [ 14.111938, 58.598318 ] ] } },
{ "type": "Feature", "properties": { "from_node": 82, "to_node": 91, "length_km": 67.167462431362836, "repair_iteration": null, "edge_source": null, "mst": true, "edge_set": "MST" }, "geometry": { "type": "LineString", "coordinates": [ [ 12.299194, 58.304438 ], [ 11.629028, 58.795248 ] ] } },
{ "type": "Feature", "properties": { "from_node": 83, "to_node": 89, "length_km": 35.521772766828342, "repair_iteration": null, "edge_source": null, "mst": true, "edge_set": "MST" }, "geometry": { "type": "LineString", "coordinates": [ [ 6.554718, 58.373638 ], [ 6.82251, 58.659799 ] ] } },
{ "type": "Feature", "properties": { "from_node": 83, "to_node": 85, "length_km": 35.534868110234633, "repair_iteration": null, "edge_source": null, "mst": true, "edge_set": "MST" }, "geometry": { "type": "LineString", "coordinates": [ [ 6.554718, 58.373638 ], [ 6.008148, 58.513066 ] ] } },
{ "type": "Feature", "properties": { "from_node": 84, "to_node": 90, "length_km": 23.874012598529259, "repair_iteration": null, "edge_source": null, "mst": true, "edge_set": "MST" }, "geometry": { "type": "LineString", "coordinates": [ [ 16.096344, 58.492976 ], [ 16.035919, 58.70477 ] ] } },
{ "type": "Feature", "properties": { "from_node": 86, "to_node": 88, "length_km": 14.204570550233079, "repair_iteration": null, "edge_source": null, "mst": true, "edge_set": "MST" }, "geometry": { "type": "LineString", "coordinates": [ [ 13.878479, 58.56109 ], [ 14.111938, 58.598318 ] ] } },
{ "type": "Feature", "properties": { "from_node": 89, "to_node": 94, "length_km": 24.667074707157621, "repair_iteration": null, "edge_source": null, "mst": true, "edge_set": "MST" }, "geometry": { "type": "LineString", "coordinates": [ [ 6.82251, 58.659799 ], [ 6.756592, 58.878393 ] ] } },
{ "type": "Feature", "properties": { "from_node": 90, "to_node": 98, "length_km": 47.732877366623541, "repair_iteration": null, "edge_source": null, "mst": true, "edge_set": "MST" }, "geometry": { "type": "LineString", "coordinates": [ [ 16.035919, 58.70477 ], [ 16.660767, 58.984699 ] ] } },
{ "type": "Feature", "properties": { "from_node": 91, "to_node": 107, "length_km": 41.253160390069361, "repair_iteration": null, "edge_source": null, "mst": true, "edge_set": "MST" }, "geometry": { "type": "LineString", "coordinates": [ [ 11.629028, 58.795248 ], [ 11.409302, 59.147769 ] ] } },
{ "type": "Feature", "properties": { "from_node": 92, "to_node": 96, "length_km": 11.413796912107729, "repair_iteration": null, "edge_source": null, "mst": true, "edge_set": "MST" }, "geometry": { "type": "LineString", "coordinates": [ [ 5.756836, 58.82654 ], [ 5.715637, 58.926626 ] ] } },
{ "type": "Feature", "properties": { "from_node": 93, "to_node": 95, "length_km": 14.285772740208222, "repair_iteration": null, "edge_source": null, "mst": true, "edge_set": "MST" }, "geometry": { "type": "LineString", "coordinates": [ [ 7.115021, 58.841464 ], [ 6.892548, 58.897552 ] ] } },
{ "type": "Feature", "properties": { "from_node": 94, "to_node": 95, "length_km": 8.1314773715294812, "repair_iteration": null, "edge_source": null, "mst": true, "edge_set": "MST" }, "geometry": { "type": "LineString", "coordinates": [ [ 6.756592, 58.878393 ], [ 6.892548, 58.897552 ] ] } },
{ "type": "Feature", "properties": { "from_node": 95, "to_node": 99, "length_km": 17.015451173790542, "repair_iteration": null, "edge_source": null, "mst": true, "edge_set": "MST" }, "geometry": { "type": "LineString", "coordinates": [ [ 6.892548, 58.897552 ], [ 7.120514, 58.994604 ] ] } },
{ "type": "Feature", "properties": { "from_node": 96, "to_node": 100, "length_km": 10.310946208865028, "repair_iteration": null, "edge_source": null, "mst": true, "edge_set": "MST" }, "geometry": { "type": "LineString", "coordinates": [ [ 5.715637, 58.926626 ], [ 5.623627, 59.00592 ] ] } },
{ "type": "Feature", "properties": { "from_node": 97, "to_node": 99, "length_km": 34.993879601319044, "repair_iteration": null, "edge_source": null, "mst": true, "edge_set": "MST" }, "geometry": { "type": "LineString", "coordinates": [ [ 7.727509, 58.974791 ], [ 7.120514, 58.994604 ] ] } },
{ "type": "Feature", "properties": { "from_node": 98, "to_node": 112, "length_km": 41.544613757970922, "repair_iteration": null, "edge_source": null, "mst": true, "edge_set": "MST" }, "geometry": { "type": "LineString", "coordinates": [ [ 16.660767, 58.984699 ], [ 17.218323, 59.22234 ] ] } },
{ "type": "Feature", "properties": { "from_node": 99, "to_node": 106, "length_km": 12.911213005368728, "repair_iteration": null, "edge_source": null, "mst": true, "edge_set": "MST" }, "geometry": { "type": "LineString", "coordinates": [ [ 7.120514, 58.994604 ], [ 7.119141, 59.110423 ] ] } },
{ "type": "Feature", "properties": { "from_node": 100, "to_node": 113, "length_km": 32.111097920274908, "repair_iteration": null, "edge_source": null, "mst": true, "edge_set": "MST" }, "geometry": { "type": "LineString", "coordinates": [ [ 5.623627, 59.00592 ], [ 5.262451, 59.225853 ] ] } },
{ "type": "Feature", "properties": { "from_node": 101, "to_node": 110, "length_km": 14.085735845010978, "repair_iteration": null, "edge_source": null, "mst": true, "edge_set": "MST" }, "geometry": { "type": "LineString", "coordinates": [ [ 15.125427, 59.05115 ], [ 15.184479, 59.173817 ] ] } },
{ "type": "Feature", "properties": { "from_node": 102, "to_node": 105, "length_km": 12.070213671013935, "repair_iteration": null, "edge_source": null, "mst": true, "edge_set": "MST" }, "geometry": { "type": "LineString", "coordinates": [ [ 6.696167, 59.068096 ], [ 6.889801, 59.110423 ] ] } },
{ "type": "Feature", "properties": { "from_node": 103, "to_node": 109, "length_km": 9.3923194000047641, "repair_iteration": null, "edge_source": null, "mst": true, "edge_set": "MST" }, "geometry": { "type": "LineString", "coordinates": [ [ 18.124695, 59.084327 ], [ 18.110962, 59.168187 ] ] } },
{ "type": "Feature", "properties": { "from_node": 103, "to_node": 104, "length_km": 11.104583904038869, "repair_iteration": null, "edge_source": null, "mst": true, "edge_set": "MST" }, "geometry": { "type": "LineString", "coordinates": [ [ 18.124695, 59.084327 ], [ 17.932434, 59.094909 ] ] } },
{ "type": "Feature", "properties": { "from_node": 104, "to_node": 111, "length_km": 17.0490526087932, "repair_iteration": null, "edge_source": null, "mst": true, "edge_set": "MST" }, "geometry": { "type": "LineString", "coordinates": [ [ 17.932434, 59.094909 ], [ 17.766266, 59.221637 ] ] } },
{ "type": "Feature", "properties": { "from_node": 105, "to_node": 106, "length_km": 13.149001913871059, "repair_iteration": null, "edge_source": null, "mst": true, "edge_set": "MST" }, "geometry": { "type": "LineString", "coordinates": [ [ 6.889801, 59.110423 ], [ 7.119141, 59.110423 ] ] } },
{ "type": "Feature", "properties": { "from_node": 105, "to_node": 115, "length_km": 26.159724012631862, "repair_iteration": null, "edge_source": null, "mst": true, "edge_set": "MST" }, "geometry": { "type": "LineString", "coordinates": [ [ 6.889801, 59.110423 ], [ 6.663208, 59.314272 ] ] } },
{ "type": "Feature", "properties": { "from_node": 107, "to_node": 118, "length_km": 22.979109017925484, "repair_iteration": null, "edge_source": null, "mst": true, "edge_set": "MST" }, "geometry": { "type": "LineString", "coordinates": [ [ 11.409302, 59.147769 ], [ 11.181335, 59.317776 ] ] } },
{ "type": "Feature", "properties": { "from_node": 107, "to_node": 119, "length_km": 91.964322630083359, "repair_iteration": null, "edge_source": null, "mst": true, "edge_set": "MST" }, "geometry": { "type": "LineString", "coordinates": [ [ 11.409302, 59.147769 ], [ 12.9776, 59.337392 ] ] } },
{ "type": "Feature", "properties": { "from_node": 108, "to_node": 114, "length_km": 14.533996986316694, "repair_iteration": null, "edge_source": null, "mst": true, "edge_set": "MST" }, "geometry": { "type": "LineString", "coordinates": [ [ 9.61441, 59.151995 ], [ 9.593811, 59.282019 ] ] } },
{ "type": "Feature", "properties": { "from_node": 109, "to_node": 117, "length_km": 16.639071276532547, "repair_iteration": null, "edge_source": null, "mst": true, "edge_set": "MST" }, "geometry": { "type": "LineString", "coordinates": [ [ 18.110962, 59.168187 ], [ 18.095856, 59.317075 ] ] } },
{ "type": "Feature", "properties": { "from_node": 110, "to_node": 126, "length_km": 32.67915148750761, "repair_iteration": null, "edge_source": null, "mst": true, "edge_set": "MST" }, "geometry": { "type": "LineString", "coordinates": [ [ 15.184479, 59.173817 ], [ 15.231171, 59.466013 ] ] } },
{ "type": "Feature", "properties": { "from_node": 111, "to_node": 120, "length_km": 15.07546327587783, "repair_iteration": null, "edge_source": null, "mst": true, "edge_set": "MST" }, "geometry": { "type": "LineString", "coordinates": [ [ 17.766266, 59.221637 ], [ 17.683868, 59.349996 ] ] } },
{ "type": "Feature", "properties": { "from_node": 112, "to_node": 120, "length_km": 30.150734235838009, "repair_iteration": null, "edge_source": null, "mst": true, "edge_set": "MST" }, "geometry": { "type": "LineString", "coordinates": [ [ 17.218323, 59.22234 ], [ 17.683868, 59.349996 ] ] } },
{ "type": "Feature", "properties": { "from_node": 113, "to_node": 116, "length_km": 20.232325698377061, "repair_iteration": null, "edge_source": null, "mst": true, "edge_set": "MST" }, "geometry": { "type": "LineString", "coordinates": [ [ 5.262451, 59.225853 ], [ 5.568695, 59.317075 ] ] } },
{ "type": "Feature", "properties": { "from_node": 114, "to_node": 136, "length_km": 42.640434097689855, "repair_iteration": null, "edge_source": null, "mst": true, "edge_set": "MST" }, "geometry": { "type": "LineString", "coordinates": [ [ 9.593811, 59.282019 ], [ 10.122528, 59.553808 ] ] } },
{ "type": "Feature", "properties": { "from_node": 114, "to_node": 122, "length_km": 43.988137420289199, "repair_iteration": null, "edge_source": null, "mst": true, "edge_set": "MST" }, "geometry": { "type": "LineString", "coordinates": [ [ 9.593811, 59.282019 ], [ 8.87146, 59.422728 ] ] } },
{ "type": "Feature", "properties": { "from_node": 115, "to_node": 125, "length_km": 16.466939952967959, "repair_iteration": null, "edge_source": null, "mst": true, "edge_set": "MST" }, "geometry": { "type": "LineString", "coordinates": [ [ 6.663208, 59.314272 ], [ 6.650848, 59.461826 ] ] } },
{ "type": "Feature", "properties": { "from_node": 116, "to_node": 130, "length_km": 22.080965335338032, "repair_iteration": null, "edge_source": null, "mst": true, "edge_set": "MST" }, "geometry": { "type": "LineString", "coordinates": [ [ 5.568695, 59.317075 ], [ 5.39978, 59.495303 ] ] } },
{ "type": "Feature", "properties": { "from_node": 117, "to_node": 127, "length_km": 17.625180929188812, "repair_iteration": null, "edge_source": null, "mst": true, "edge_set": "MST" }, "geometry": { "type": "LineString", "coordinates": [ [ 18.095856, 59.317075 ], [ 18.135681, 59.473686 ] ] } },
{ "type": "Feature", "properties": { "from_node": 118, "to_node": 133, "length_km": 31.653489386224514, "repair_iteration": null, "edge_source": null, "mst": true, "edge_set": "MST" }, "geometry": { "type": "LineString", "coordinates": [ [ 11.181335, 59.317776 ], [ 10.770721, 59.509939 ] ] } },
{ "type": "Feature", "properties": { "from_node": 121, "to_node": 136, "length_km": 23.861466167981515, "repair_iteration": null, "edge_source": null, "mst": true, "edge_set": "MST" }, "geometry": { "type": "LineString", "coordinates": [ [ 10.37796, 59.383584 ], [ 10.122528, 59.553808 ] ] } },
{ "type": "Feature", "properties": { "from_node": 122, "to_node": 135, "length_km": 11.505616451441345, "repair_iteration": null, "edge_source": null, "mst": true, "edge_set": "MST" }, "geometry": { "type": "LineString", "coordinates": [ [ 8.87146, 59.422728 ], [ 8.87558, 59.525961 ] ] } },
{ "type": "Feature", "properties": { "from_node": 123, "to_node": 141, "length_km": 20.023499850546731, "repair_iteration": null, "edge_source": null, "mst": true, "edge_set": "MST" }, "geometry": { "type": "LineString", "coordinates": [ [ 7.901917, 59.457639 ], [ 7.819519, 59.632352 ] ] } },
{ "type": "Feature", "properties": { "from_node": 123, "to_node": 128, "length_km": 25.043107042569027, "repair_iteration": null, "edge_source": null, "mst": true, "edge_set": "MST" }, "geometry": { "type": "LineString", "coordinates": [ [ 7.901917, 59.457639 ], [ 7.462463, 59.479266 ] ] } },
{ "type": "Feature", "properties": { "from_node": 124, "to_node": 125, "length_km": 9.0425156087901382, "repair_iteration": null, "edge_source": null, "mst": true, "edge_set": "MST" }, "geometry": { "type": "LineString", "coordinates": [ [ 6.491547, 59.460431 ], [ 6.650848, 59.461826 ] ] } },
{ "type": "Feature", "properties": { "from_node": 124, "to_node": 138, "length_km": 12.131062775294689, "repair_iteration": null, "edge_source": null, "mst": true, "edge_set": "MST" }, "geometry": { "type": "LineString", "coordinates": [ [ 6.491547, 59.460431 ], [ 6.481934, 59.569114 ] ] } },
{ "type": "Feature", "properties": { "from_node": 125, "to_node": 134, "length_km": 20.584669086567125, "repair_iteration": null, "edge_source": null, "mst": true, "edge_set": "MST" }, "geometry": { "type": "LineString", "coordinates": [ [ 6.650848, 59.461826 ], [ 6.992798, 59.523872 ] ] } },
{ "type": "Feature", "properties": { "from_node": 126, "to_node": 131, "length_km": 42.117824685724294, "repair_iteration": null, "edge_source": null, "mst": true, "edge_set": "MST" }, "geometry": { "type": "LineString", "coordinates": [ [ 15.231171, 59.466013 ], [ 15.971375, 59.496697 ] ] } },
{ "type": "Feature", "properties": { "from_node": 127, "to_node": 129, "length_km": 15.304708157495872, "repair_iteration": null, "edge_source": null, "mst": true, "edge_set": "MST" }, "geometry": { "type": "LineString", "coordinates": [ [ 18.135681, 59.473686 ], [ 18.404846, 59.480661 ] ] } },
{ "type": "Feature", "properties": { "from_node": 127, "to_node": 150, "length_km": 31.057962805838347, "repair_iteration": null, "edge_source": null, "mst": true, "edge_set": "MST" }, "geometry": { "type": "LineString", "coordinates": [ [ 18.135681, 59.473686 ], [ 17.925568, 59.730792 ] ] } },
{ "type": "Feature", "properties": { "from_node": 130, "to_node": 152, "length_km": 30.637630853154921, "repair_iteration": null, "edge_source": null, "mst": true, "edge_set": "MST" }, "geometry": { "type": "LineString", "coordinates": [ [ 5.39978, 59.495303 ], [ 5.461578, 59.768152 ] ] } },
{ "type": "Feature", "properties": { "from_node": 131, "to_node": 137, "length_km": 23.542897574779282, "repair_iteration": null, "edge_source": null, "mst": true, "edge_set": "MST" }, "geometry": { "type": "LineString", "coordinates": [ [ 15.971375, 59.496697 ], [ 16.368256, 59.559375 ] ] } },
{ "type": "Feature", "properties": { "from_node": 132, "to_node": 137, "length_km": 6.9564834557477244, "repair_iteration": null, "edge_source": null, "mst": true, "edge_set": "MST" }, "geometry": { "type": "LineString", "coordinates": [ [ 16.417694, 59.502273 ], [ 16.368256, 59.559375 ] ] } },
{ "type": "Feature", "properties": { "from_node": 133, "to_node": 139, "length_km": 7.8510585222162614, "repair_iteration": null, "edge_source": null, "mst": true, "edge_set": "MST" }, "geometry": { "type": "LineString", "coordinates": [ [ 10.770721, 59.509939 ], [ 10.780334, 59.580242 ] ] } },
{ "type": "Feature", "properties": { "from_node": 134, "to_node": 144, "length_km": 21.414013454410547, "repair_iteration": null, "edge_source": null, "mst": true, "edge_set": "MST" }, "geometry": { "type": "LineString", "coordinates": [ [ 6.992798, 59.523872 ], [ 6.904907, 59.710712 ] ] } },
{ "type": "Feature", "properties": { "from_node": 135, "to_node": 163, "length_km": 44.075374656066899, "repair_iteration": null, "edge_source": null, "mst": true, "edge_set": "MST" }, "geometry": { "type": "LineString", "coordinates": [ [ 8.87558, 59.525961 ], [ 8.760223, 59.917172 ] ] } },
{ "type": "Feature", "properties": { "from_node": 136, "to_node": 140, "length_km": 19.117217159160159, "repair_iteration": null, "edge_source": null, "mst": true, "edge_set": "MST" }, "geometry": { "type": "LineString", "coordinates": [ [ 10.122528, 59.553808 ], [ 10.434265, 59.620547 ] ] } },
{ "type": "Feature", "properties": { "from_node": 136, "to_node": 147, "length_km": 21.828097697046246, "repair_iteration": null, "edge_source": null, "mst": true, "edge_set": "MST" }, "geometry": { "type": "LineString", "coordinates": [ [ 10.122528, 59.553808 ], [ 9.923401, 59.721792 ] ] } },
{ "type": "Feature", "properties": { "from_node": 137, "to_node": 142, "length_km": 19.714580179708058, "repair_iteration": null, "edge_source": null, "mst": true, "edge_set": "MST" }, "geometry": { "type": "LineString", "coordinates": [ [ 16.368256, 59.559375 ], [ 16.679993, 59.6386 ] ] } },
{ "type": "Feature", "properties": { "from_node": 138, "to_node": 143, "length_km": 11.346864259763269, "repair_iteration": null, "edge_source": null, "mst": true, "edge_set": "MST" }, "geometry": { "type": "LineString", "coordinates": [ [ 6.481934, 59.569114 ], [ 6.432495, 59.667741 ] ] } },
{ "type": "Feature", "properties": { "from_node": 139, "to_node": 148, "length_km": 15.963321429667882, "repair_iteration": null, "edge_source": null, "mst": true, "edge_set": "MST" }, "geometry": { "type": "LineString", "coordinates": [ [ 10.780334, 59.580242 ], [ 10.82428, 59.721792 ] ] } },
{ "type": "Feature", "properties": { "from_node": 139, "to_node": 140, "length_km": 20.052738401369659, "repair_iteration": null, "edge_source": null, "mst": true, "edge_set": "MST" }, "geometry": { "type": "LineString", "coordinates": [ [ 10.780334, 59.580242 ], [ 10.434265, 59.620547 ] ] } },
{ "type": "Feature", "properties": { "from_node": 141, "to_node": 154, "length_km": 16.731408424017275, "repair_iteration": null, "edge_source": null, "mst": true, "edge_set": "MST" }, "geometry": { "type": "LineString", "coordinates": [ [ 7.819519, 59.632352 ], [ 7.772827, 59.780596 ] ] } },
{ "type": "Feature", "properties": { "from_node": 142, "to_node": 156, "length_km": 22.94843116125714, "repair_iteration": null, "edge_source": null, "mst": true, "edge_set": "MST" }, "geometry": { "type": "LineString", "coordinates": [ [ 16.679993, 59.6386 ], [ 16.884613, 59.816518 ] ] } },
{ "type": "Feature", "properties": { "from_node": 143, "to_node": 159, "length_km": 28.775977112157904, "repair_iteration": null, "edge_source": null, "mst": true, "edge_set": "MST" }, "geometry": { "type": "LineString", "coordinates": [ [ 6.432495, 59.667741 ], [ 6.113892, 59.869641 ] ] } },
{ "type": "Feature", "properties": { "from_node": 144, "to_node": 149, "length_km": 10.348752053530546, "repair_iteration": null, "edge_source": null, "mst": true, "edge_set": "MST" }, "geometry": { "type": "LineString", "coordinates": [ [ 6.904907, 59.710712 ], [ 7.086182, 59.725947 ] ] } },
{ "type": "Feature", "properties": { "from_node": 145, "to_node": 146, "length_km": 25.930028454818608, "repair_iteration": null, "edge_source": null, "mst": true, "edge_set": "MST" }, "geometry": { "type": "LineString", "coordinates": [ [ 17.329559, 59.716945 ], [ 17.789612, 59.719715 ] ] } },
{ "type": "Feature", "properties": { "from_node": 145, "to_node": 156, "length_km": 27.388702008808579, "repair_iteration": null, "edge_source": null, "mst": true, "edge_set": "MST" }, "geometry": { "type": "LineString", "coordinates": [ [ 17.329559, 59.716945 ], [ 16.884613, 59.816518 ] ] } },
{ "type": "Feature", "properties": { "from_node": 146, "to_node": 150, "length_km": 7.7609838591934928, "repair_iteration": null, "edge_source": null, "mst": true, "edge_set": "MST" }, "geometry": { "type": "LineString", "coordinates": [ [ 17.789612, 59.719715 ], [ 17.925568, 59.730792 ] ] } },
{ "type": "Feature", "properties": { "from_node": 146, "to_node": 165, "length_km": 23.606929136671418, "repair_iteration": null, "edge_source": null, "mst": true, "edge_set": "MST" }, "geometry": { "type": "LineString", "coordinates": [ [ 17.789612, 59.719715 ], [ 17.748413, 59.930248 ] ] } },
{ "type": "Feature", "properties": { "from_node": 147, "to_node": 161, "length_km": 27.545005456996218, "repair_iteration": null, "edge_source": null, "mst": true, "edge_set": "MST" }, "geometry": { "type": "LineString", "coordinates": [ [ 9.923401, 59.721792 ], [ 10.288696, 59.88687 ] ] } },
{ "type": "Feature", "properties": { "from_node": 148, "to_node": 166, "length_km": 26.379729591412051, "repair_iteration": null, "edge_source": null, "mst": true, "edge_set": "MST" }, "geometry": { "type": "LineString", "coordinates": [ [ 10.82428, 59.721792 ], [ 10.839386, 59.958448 ] ] } },
{ "type": "Feature", "properties": { "from_node": 149, "to_node": 153, "length_km": 5.792569427471042, "repair_iteration": null, "edge_source": null, "mst": true, "edge_set": "MST" }, "geometry": { "type": "LineString", "coordinates": [ [ 7.086182, 59.725947 ], [ 7.080688, 59.777831 ] ] } },
{ "type": "Feature", "properties": { "from_node": 151, "to_node": 155, "length_km": 6.6730029260123374, "repair_iteration": null, "edge_source": null, "mst": true, "edge_set": "MST" }, "geometry": { "type": "LineString", "coordinates": [ [ 7.36908, 59.747402 ], [ 7.34024, 59.805469 ] ] } },
{ "type": "Feature", "properties": { "from_node": 151, "to_node": 154, "length_km": 23.001258763278312, "repair_iteration": null, "edge_source": null, "mst": true, "edge_set": "MST" }, "geometry": { "type": "LineString", "coordinates": [ [ 7.36908, 59.747402 ], [ 7.772827, 59.780596 ] ] } },
{ "type": "Feature", "properties": { "from_node": 152, "to_node": 164, "length_km": 28.641372142098501, "repair_iteration": null, "edge_source": null, "mst": true, "edge_set": "MST" }, "geometry": { "type": "LineString", "coordinates": [ [ 5.461578, 59.768152 ], [ 5.868073, 59.923367 ] ] } },
{ "type": "Feature", "properties": { "from_node": 153, "to_node": 157, "length_km": 9.2126414878747234, "repair_iteration": null, "edge_source": null, "mst": true, "edge_set": "MST" }, "geometry": { "type": "LineString", "coordinates": [ [ 7.080688, 59.777831 ], [ 6.968079, 59.837916 ] ] } },
{ "type": "Feature", "properties": { "from_node": 153, "to_node": 155, "length_km": 14.905416887181604, "repair_iteration": null, "edge_source": null, "mst": true, "edge_set": "MST" }, "geometry": { "type": "LineString", "coordinates": [ [ 7.080688, 59.777831 ], [ 7.34024, 59.805469 ] ] } },
{ "type": "Feature", "properties": { "from_node": 157, "to_node": 160, "length_km": 13.012492360175241, "repair_iteration": null, "edge_source": null, "mst": true, "edge_set": "MST" }, "geometry": { "type": "LineString", "coordinates": [ [ 6.968079, 59.837916 ], [ 6.745605, 59.871019 ] ] } },
{ "type": "Feature", "properties": { "from_node": 158, "to_node": 167, "length_km": 25.775375852559378, "repair_iteration": null, "edge_source": null, "mst": true, "edge_set": "MST" }, "geometry": { "type": "LineString", "coordinates": [ [ 18.621826, 59.837916 ], [ 18.233185, 59.961198 ] ] } },
{ "type": "Feature", "properties": { "from_node": 159, "to_node": 164, "length_km": 15.021406835865003, "repair_iteration": null, "edge_source": null, "mst": true, "edge_set": "MST" }, "geometry": { "type": "LineString", "coordinates": [ [ 6.113892, 59.869641 ], [ 5.868073, 59.923367 ] ] } },
{ "type": "Feature", "properties": { "from_node": 160, "to_node": 171, "length_km": 21.902431936918589, "repair_iteration": null, "edge_source": null, "mst": true, "edge_set": "MST" }, "geometry": { "type": "LineString", "coordinates": [ [ 6.745605, 59.871019 ], [ 6.70166, 60.066211 ] ] } },
{ "type": "Feature", "properties": { "from_node": 161, "to_node": 175, "length_km": 36.373953629701724, "repair_iteration": null, "edge_source": null, "mst": true, "edge_set": "MST" }, "geometry": { "type": "LineString", "coordinates": [ [ 10.288696, 59.88687 ], [ 10.092316, 60.198203 ] ] } },
{ "type": "Feature", "properties": { "from_node": 162, "to_node": 163, "length_km": 13.228759867716334, "repair_iteration": null, "edge_source": null, "mst": true, "edge_set": "MST" }, "geometry": { "type": "LineString", "coordinates": [ [ 8.524017, 59.912353 ], [ 8.760223, 59.917172 ] ] } },
{ "type": "Feature", "properties": { "from_node": 163, "to_node": 177, "length_km": 38.193905209895775, "repair_iteration": null, "edge_source": null, "mst": true, "edge_set": "MST" }, "geometry": { "type": "LineString", "coordinates": [ [ 8.760223, 59.917172 ], [ 9.026642, 60.232994 ] ] } },
{ "type": "Feature", "properties": { "from_node": 165, "to_node": 167, "length_km": 27.359836361465764, "repair_iteration": null, "edge_source": null, "mst": true, "edge_set": "MST" }, "geometry": { "type": "LineString", "coordinates": [ [ 17.748413, 59.930248 ], [ 18.233185, 59.961198 ] ] } },
{ "type": "Feature", "properties": { "from_node": 166, "to_node": 186, "length_km": 53.433990434418526, "repair_iteration": null, "edge_source": null, "mst": true, "edge_set": "MST" }, "geometry": { "type": "LineString", "coordinates": [ [ 10.839386, 59.958448 ], [ 11.288452, 60.382648 ] ] } },
{ "type": "Feature", "properties": { "from_node": 167, "to_node": 172, "length_km": 25.042248793625603, "repair_iteration": null, "edge_source": null, "mst": true, "edge_set": "MST" }, "geometry": { "type": "LineString", "coordinates": [ [ 18.233185, 59.961198 ], [ 18.623199, 60.071693 ] ] } },
{ "type": "Feature", "properties": { "from_node": 168, "to_node": 178, "length_km": 35.32323869879059, "repair_iteration": null, "edge_source": null, "mst": true, "edge_set": "MST" }, "geometry": { "type": "LineString", "coordinates": [ [ 23.819733, 60.047704 ], [ 24.186401, 60.304505 ] ] } },
{ "type": "Feature", "properties": { "from_node": 168, "to_node": 183, "length_km": 61.695358637957476, "repair_iteration": null, "edge_source": null, "mst": true, "edge_set": "MST" }, "geometry": { "type": "LineString", "coordinates": [ [ 23.819733, 60.047704 ], [ 22.913361, 60.363639 ] ] } },
{ "type": "Feature", "properties": { "from_node": 169, "to_node": 189, "length_km": 39.571714957842239, "repair_iteration": null, "edge_source": null, "mst": true, "edge_set": "MST" }, "geometry": { "type": "LineString", "coordinates": [ [ 15.387726, 60.052503 ], [ 15.442657, 60.406393 ] ] } },
{ "type": "Feature", "properties": { "from_node": 170, "to_node": 172, "length_km": 11.214365869469066, "repair_iteration": null, "edge_source": null, "mst": true, "edge_set": "MST" }, "geometry": { "type": "LineString", "coordinates": [ [ 18.8237, 60.06484 ], [ 18.623199, 60.071693 ] ] } },
{ "type": "Feature", "properties": { "from_node": 171, "to_node": 174, "length_km": 11.405068925106326, "repair_iteration": null, "edge_source": null, "mst": true, "edge_set": "MST" }, "geometry": { "type": "LineString", "coordinates": [ [ 6.70166, 60.066211 ], [ 6.797791, 60.156543 ] ] } },
{ "type": "Feature", "properties": { "from_node": 171, "to_node": 173, "length_km": 23.204113305632916, "repair_iteration": null, "edge_source": null, "mst": true, "edge_set": "MST" }, "geometry": { "type": "LineString", "coordinates": [ [ 6.70166, 60.066211 ], [ 6.297913, 60.117566 ] ] } },
{ "type": "Feature", "properties": { "from_node": 172, "to_node": 194, "length_km": 48.681791813684548, "repair_iteration": null, "edge_source": null, "mst": true, "edge_set": "MST" }, "geometry": { "type": "LineString", "coordinates": [ [ 18.623199, 60.071693 ], [ 18.123322, 60.430121 ] ] } },
{ "type": "Feature", "properties": { "from_node": 173, "to_node": 198, "length_km": 43.866084815451174, "repair_iteration": null, "edge_source": null, "mst": true, "edge_set": "MST" }, "geometry": { "type": "LineString", "coordinates": [ [ 6.297913, 60.117566 ], [ 6.156464, 60.504583 ] ] } },
{ "type": "Feature", "properties": { "from_node": 175, "to_node": 179, "length_km": 15.451068159817092, "repair_iteration": null, "edge_source": null, "mst": true, "edge_set": "MST" }, "geometry": { "type": "LineString", "coordinates": [ [ 10.092316, 60.198203 ], [ 10.214539, 60.322868 ] ] } },
{ "type": "Feature", "properties": { "from_node": 176, "to_node": 180, "length_km": 20.729077908921994, "repair_iteration": null, "edge_source": null, "mst": true, "edge_set": "MST" }, "geometry": { "type": "LineString", "coordinates": [ [ 24.656067, 60.20571 ], [ 24.930725, 60.330347 ] ] } },
{ "type": "Feature", "properties": { "from_node": 176, "to_node": 178, "length_km": 28.420046239982941, "repair_iteration": null, "edge_source": null, "mst": true, "edge_set": "MST" }, "geometry": { "type": "LineString", "coordinates": [ [ 24.656067, 60.20571 ], [ 24.186401, 60.304505 ] ] } },
{ "type": "Feature", "properties": { "from_node": 177, "to_node": 182, "length_km": 27.530703005844611, "repair_iteration": null, "edge_source": null, "mst": true, "edge_set": "MST" }, "geometry": { "type": "LineString", "coordinates": [ [ 9.026642, 60.232994 ], [ 8.596802, 60.357527 ] ] } },
{ "type": "Feature", "properties": { "from_node": 180, "to_node": 185, "length_km": 16.414591511219331, "repair_iteration": null, "edge_source": null, "mst": true, "edge_set": "MST" }, "geometry": { "type": "LineString", "coordinates": [ [ 24.930725, 60.330347 ], [ 25.209503, 60.378575 ] ] } },
{ "type": "Feature", "properties": { "from_node": 181, "to_node": 193, "length_km": 8.623567430115088, "repair_iteration": null, "edge_source": null, "mst": true, "edge_set": "MST" }, "geometry": { "type": "LineString", "coordinates": [ [ 5.449219, 60.347337 ], [ 5.494537, 60.42131 ] ] } },
{ "type": "Feature", "properties": { "from_node": 182, "to_node": 206, "length_km": 27.57775137582917, "repair_iteration": null, "edge_source": null, "mst": true, "edge_set": "MST" }, "geometry": { "type": "LineString", "coordinates": [ [ 8.596802, 60.357527 ], [ 8.75885, 60.591688 ] ] } },
{ "type": "Feature", "properties": { "from_node": 183, "to_node": 200, "length_km": 30.708895016224382, "repair_iteration": null, "edge_source": null, "mst": true, "edge_set": "MST" }, "geometry": { "type": "LineString", "coordinates": [ [ 22.913361, 60.363639 ], [ 22.457428, 60.52013 ] ] } },
{ "type": "Feature", "properties": { "from_node": 184, "to_node": 188, "length_km": 6.6070750847800568, "repair_iteration": null, "edge_source": null, "mst": true, "edge_set": "MST" }, "geometry": { "type": "LineString", "coordinates": [ [ 16.284446847098103, 60.370428457277711 ], [ 16.177368, 60.396897 ] ] } },
{ "type": "Feature", "properties": { "from_node": 184, "to_node": 187, "length_km": 12.719646103265932, "repair_iteration": null, "edge_source": null, "mst": true, "edge_set": "MST" }, "geometry": { "type": "LineString", "coordinates": [ [ 16.284446847098103, 60.370428457277711 ], [ 16.512451, 60.38672 ] ] } },
{ "type": "Feature", "properties": { "from_node": 185, "to_node": 205, "length_km": 23.994056128871179, "repair_iteration": null, "edge_source": null, "mst": true, "edge_set": "MST" }, "geometry": { "type": "LineString", "coordinates": [ [ 25.209503, 60.378575 ], [ 25.040588, 60.5755 ] ] } },
{ "type": "Feature", "properties": { "from_node": 185, "to_node": 196, "length_km": 26.993742112839854, "repair_iteration": null, "edge_source": null, "mst": true, "edge_set": "MST" }, "geometry": { "type": "LineString", "coordinates": [ [ 25.209503, 60.378575 ], [ 25.659943, 60.469404 ] ] } },
{ "type": "Feature", "properties": { "from_node": 186, "to_node": 217, "length_km": 48.877875883961678, "repair_iteration": null, "edge_source": null, "mst": true, "edge_set": "MST" }, "geometry": { "type": "LineString", "coordinates": [ [ 11.288452, 60.382648 ], [ 11.160736, 60.816799 ] ] } },
{ "type": "Feature", "properties": { "from_node": 187, "to_node": 204, "length_km": 32.555578549606622, "repair_iteration": null, "edge_source": null, "mst": true, "edge_set": "MST" }, "geometry": { "type": "LineString", "coordinates": [ [ 16.512451, 60.38672 ], [ 16.972504, 60.570102 ] ] } },
{ "type": "Feature", "properties": { "from_node": 188, "to_node": 189, "length_km": 40.543396381886488, "repair_iteration": null, "edge_source": null, "mst": true, "edge_set": "MST" }, "geometry": { "type": "LineString", "coordinates": [ [ 16.177368, 60.396897 ], [ 15.442657, 60.406393 ] ] } },
{ "type": "Feature", "properties": { "from_node": 189, "to_node": 191, "length_km": 14.043187426200566, "repair_iteration": null, "edge_source": null, "mst": true, "edge_set": "MST" }, "geometry": { "type": "LineString", "coordinates": [ [ 15.442657, 60.406393 ], [ 15.188599, 60.415208 ] ] } },
{ "type": "Feature", "properties": { "from_node": 190, "to_node": 203, "length_km": 19.443495351100395, "repair_iteration": null, "edge_source": null, "mst": true, "edge_set": "MST" }, "geometry": { "type": "LineString", "coordinates": [ [ 17.274628, 60.412496 ], [ 17.059021, 60.550528 ] ] } },
{ "type": "Feature", "properties": { "from_node": 190, "to_node": 202, "length_km": 43.196712406250441, "repair_iteration": null, "edge_source": null, "mst": true, "edge_set": "MST" }, "geometry": { "type": "LineString", "coordinates": [ [ 17.274628, 60.412496 ], [ 18.020325, 60.532293 ] ] } },
{ "type": "Feature", "properties": { "from_node": 192, "to_node": 196, "length_km": 35.663102694436418, "repair_iteration": null, "edge_source": null, "mst": true, "edge_set": "MST" }, "geometry": { "type": "LineString", "coordinates": [ [ 26.294403, 60.418598 ], [ 25.659943, 60.469404 ] ] } },
{ "type": "Feature", "properties": { "from_node": 192, "to_node": 221, "length_km": 53.36488688964684, "repair_iteration": null, "edge_source": null, "mst": true, "edge_set": "MST" }, "geometry": { "type": "LineString", "coordinates": [ [ 26.294403, 60.418598 ], [ 26.621246, 60.865644 ] ] } },
{ "type": "Feature", "properties": { "from_node": 193, "to_node": 195, "length_km": 13.530091163544105, "repair_iteration": null, "edge_source": null, "mst": true, "edge_set": "MST" }, "geometry": { "type": "LineString", "coordinates": [ [ 5.494537, 60.42131 ], [ 5.259705, 60.456541 ] ] } },
{ "type": "Feature", "properties": { "from_node": 193, "to_node": 209, "length_km": 33.037219889770761, "repair_iteration": null, "edge_source": null, "mst": true, "edge_set": "MST" }, "geometry": { "type": "LineString", "coordinates": [ [ 5.494537, 60.42131 ], [ 5.847473, 60.661069 ] ] } },
{ "type": "Feature", "properties": { "from_node": 194, "to_node": 202, "length_km": 12.736632701874827, "repair_iteration": null, "edge_source": null, "mst": true, "edge_set": "MST" }, "geometry": { "type": "LineString", "coordinates": [ [ 18.123322, 60.430121 ], [ 18.020325, 60.532293 ] ] } },
{ "type": "Feature", "properties": { "from_node": 195, "to_node": 214, "length_km": 31.049362999871391, "repair_iteration": null, "edge_source": null, "mst": true, "edge_set": "MST" }, "geometry": { "type": "LineString", "coordinates": [ [ 5.259705, 60.456541 ], [ 4.998779, 60.703432 ] ] } },
{ "type": "Feature", "properties": { "from_node": 197, "to_node": 201, "length_km": 8.476997212764207, "repair_iteration": null, "edge_source": null, "mst": true, "edge_set": "MST" }, "geometry": { "type": "LineString", "coordinates": [ [ 7.23587, 60.484968 ], [ 7.108154, 60.527563 ] ] } },
{ "type": "Feature", "properties": { "from_node": 197, "to_node": 208, "length_km": 39.594796823519602, "repair_iteration": null, "edge_source": null, "mst": true, "edge_set": "MST" }, "geometry": { "type": "LineString", "coordinates": [ [ 7.23587, 60.484968 ], [ 7.893677, 60.630775 ] ] } },
{ "type": "Feature", "properties": { "from_node": 198, "to_node": 210, "length_km": 18.094162172047749, "repair_iteration": null, "edge_source": null, "mst": true, "edge_set": "MST" }, "geometry": { "type": "LineString", "coordinates": [ [ 6.156464, 60.504583 ], [ 6.100159, 60.664433 ] ] } },
{ "type": "Feature", "properties": { "from_node": 199, "to_node": 208, "length_km": 17.078386363990884, "repair_iteration": null, "edge_source": null, "mst": true, "edge_set": "MST" }, "geometry": { "type": "LineString", "coordinates": [ [ 8.088684, 60.511343 ], [ 7.893677, 60.630775 ] ] } },
{ "type": "Feature", "properties": { "from_node": 200, "to_node": 225, "length_km": 54.293454376131201, "repair_iteration": null, "edge_source": null, "mst": true, "edge_set": "MST" }, "geometry": { "type": "LineString", "coordinates": [ [ 22.457428, 60.52013 ], [ 21.895752, 60.919755 ] ] } },
{ "type": "Feature", "properties": { "from_node": 203, "to_node": 204, "length_km": 5.229233014366284, "repair_iteration": null, "edge_source": null, "mst": true, "edge_set": "MST" }, "geometry": { "type": "LineString", "coordinates": [ [ 17.059021, 60.550528 ], [ 16.972504, 60.570102 ] ] } },
{ "type": "Feature", "properties": { "from_node": 204, "to_node": 207, "length_km": 7.2839757575242974, "repair_iteration": null, "edge_source": null, "mst": true, "edge_set": "MST" }, "geometry": { "type": "LineString", "coordinates": [ [ 16.972504, 60.570102 ], [ 17.045288, 60.624713 ] ] } },
{ "type": "Feature", "properties": { "from_node": 205, "to_node": 224, "length_km": 37.748875244973327, "repair_iteration": null, "edge_source": null, "mst": true, "edge_set": "MST" }, "geometry": { "type": "LineString", "coordinates": [ [ 25.040588, 60.5755 ], [ 24.915619, 60.906402 ] ] } },
{ "type": "Feature", "properties": { "from_node": 206, "to_node": 216, "length_km": 23.376444158156147, "repair_iteration": null, "edge_source": null, "mst": true, "edge_set": "MST" }, "geometry": { "type": "LineString", "coordinates": [ [ 8.75885, 60.591688 ], [ 8.690186, 60.798714 ] ] } },
{ "type": "Feature", "properties": { "from_node": 207, "to_node": 212, "length_km": 9.8200828206224067, "repair_iteration": null, "edge_source": null, "mst": true, "edge_set": "MST" }, "geometry": { "type": "LineString", "coordinates": [ [ 17.045288, 60.624713 ], [ 16.931305, 60.692679 ] ] } },
{ "type": "Feature", "properties": { "from_node": 207, "to_node": 213, "length_km": 11.179039703832764, "repair_iteration": null, "edge_source": null, "mst": true, "edge_set": "MST" }, "geometry": { "type": "LineString", "coordinates": [ [ 17.045288, 60.624713 ], [ 17.179871, 60.700072 ] ] } },
{ "type": "Feature", "properties": { "from_node": 208, "to_node": 211, "length_km": 11.345198553499145, "repair_iteration": null, "edge_source": null, "mst": true, "edge_set": "MST" }, "geometry": { "type": "LineString", "coordinates": [ [ 7.893677, 60.630775 ], [ 8.084564, 60.670488 ] ] } },
{ "type": "Feature", "properties": { "from_node": 209, "to_node": 210, "length_km": 13.836448262776919, "repair_iteration": null, "edge_source": null, "mst": true, "edge_set": "MST" }, "geometry": { "type": "LineString", "coordinates": [ [ 5.847473, 60.661069 ], [ 6.100159, 60.664433 ] ] } },
{ "type": "Feature", "properties": { "from_node": 210, "to_node": 220, "length_km": 20.536714465815148, "repair_iteration": null, "edge_source": null, "mst": true, "edge_set": "MST" }, "geometry": { "type": "LineString", "coordinates": [ [ 6.100159, 60.664433 ], [ 5.968323, 60.836881 ] ] } },
{ "type": "Feature", "properties": { "from_node": 211, "to_node": 222, "length_km": 25.796937968533467, "repair_iteration": null, "edge_source": null, "mst": true, "edge_set": "MST" }, "geometry": { "type": "LineString", "coordinates": [ [ 8.084564, 60.670488 ], [ 8.311157, 60.873666 ] ] } },
{ "type": "Feature", "properties": { "from_node": 212, "to_node": 226, "length_km": 30.219951332317915, "repair_iteration": null, "edge_source": null, "mst": true, "edge_set": "MST" }, "geometry": { "type": "LineString", "coordinates": [ [ 16.931305, 60.692679 ], [ 16.637421, 60.922424 ] ] } },
{ "type": "Feature", "properties": { "from_node": 215, "to_node": 221, "length_km": 28.261654363244386, "repair_iteration": null, "edge_source": null, "mst": true, "edge_set": "MST" }, "geometry": { "type": "LineString", "coordinates": [ [ 27.063446, 60.737015 ], [ 26.621246, 60.865644 ] ] } },
{ "type": "Feature", "properties": { "from_node": 215, "to_node": 223, "length_km": 50.193105650976975, "repair_iteration": null, "edge_source": null, "mst": true, "edge_set": "MST" }, "geometry": { "type": "LineString", "coordinates": [ [ 27.063446, 60.737015 ], [ 27.919006, 60.893713 ] ] } },
{ "type": "Feature", "properties": { "from_node": 216, "to_node": 222, "length_km": 22.247835730059645, "repair_iteration": null, "edge_source": null, "mst": true, "edge_set": "MST" }, "geometry": { "type": "LineString", "coordinates": [ [ 8.690186, 60.798714 ], [ 8.311157, 60.873666 ] ] } },
{ "type": "Feature", "properties": { "from_node": 217, "to_node": 218, "length_km": 30.267015661361501, "repair_iteration": null, "edge_source": null, "mst": true, "edge_set": "MST" }, "geometry": { "type": "LineString", "coordinates": [ [ 11.160736, 60.816799 ], [ 10.604553, 60.818808 ] ] } },
{ "type": "Feature", "properties": { "from_node": 218, "to_node": 235, "length_km": 41.121624921424448, "repair_iteration": null, "edge_source": null, "mst": true, "edge_set": "MST" }, "geometry": { "type": "LineString", "coordinates": [ [ 10.604553, 60.818808 ], [ 10.421906, 61.177019 ] ] } },
{ "type": "Feature", "properties": { "from_node": 219, "to_node": 236, "length_km": 56.733616562314239, "repair_iteration": null, "edge_source": null, "mst": true, "edge_set": "MST" }, "geometry": { "type": "LineString", "coordinates": [ [ 23.579407, 60.830188 ], [ 22.822723, 61.179005 ] ] } },
{ "type": "Feature", "properties": { "from_node": 220, "to_node": 230, "length_km": 41.745729866769537, "repair_iteration": null, "edge_source": null, "mst": true, "edge_set": "MST" }, "geometry": { "type": "LineString", "coordinates": [ [ 5.968323, 60.836881 ], [ 6.60965, 61.043662 ] ] } },
{ "type": "Feature", "properties": { "from_node": 222, "to_node": 231, "length_km": 29.665336854949487, "repair_iteration": null, "edge_source": null, "mst": true, "edge_set": "MST" }, "geometry": { "type": "LineString", "coordinates": [ [ 8.311157, 60.873666 ], [ 7.892303, 61.044991 ] ] } },
{ "type": "Feature", "properties": { "from_node": 223, "to_node": 246, "length_km": 74.812718883969836, "repair_iteration": null, "edge_source": null, "mst": true, "edge_set": "MST" }, "geometry": { "type": "LineString", "coordinates": [ [ 27.919006, 60.893713 ], [ 27.305145, 61.489282 ] ] } },
{ "type": "Feature", "properties": { "from_node": 224, "to_node": 241, "length_km": 55.818470837061952, "repair_iteration": null, "edge_source": null, "mst": true, "edge_set": "MST" }, "geometry": { "type": "LineString", "coordinates": [ [ 24.915619, 60.906402 ], [ 24.403381, 61.338151 ] ] } },
{ "type": "Feature", "properties": { "from_node": 225, "to_node": 233, "length_km": 30.130212937149171, "repair_iteration": null, "edge_source": null, "mst": true, "edge_set": "MST" }, "geometry": { "type": "LineString", "coordinates": [ [ 21.895752, 60.919755 ], [ 21.538696, 61.125998 ] ] } },
{ "type": "Feature", "properties": { "from_node": 226, "to_node": 234, "length_km": 39.941274877722165, "repair_iteration": null, "edge_source": null, "mst": true, "edge_set": "MST" }, "geometry": { "type": "LineString", "coordinates": [ [ 16.637421, 60.922424 ], [ 17.166138, 61.172384 ] ] } },
{ "type": "Feature", "properties": { "from_node": 227, "to_node": 229, "length_km": 8.1446434766630507, "repair_iteration": null, "edge_source": null, "mst": true, "edge_set": "MST" }, "geometry": { "type": "LineString", "coordinates": [ [ 7.462463, 60.931767 ], [ 7.395172, 60.997087 ] ] } },
{ "type": "Feature", "properties": { "from_node": 227, "to_node": 231, "length_km": 26.479251800570289, "repair_iteration": null, "edge_source": null, "mst": true, "edge_set": "MST" }, "geometry": { "type": "LineString", "coordinates": [ [ 7.462463, 60.931767 ], [ 7.892303, 61.044991 ] ] } },
{ "type": "Feature", "properties": { "from_node": 228, "to_node": 229, "length_km": 10.982591999077618, "repair_iteration": null, "edge_source": null, "mst": true, "edge_set": "MST" }, "geometry": { "type": "LineString", "coordinates": [ [ 7.216644, 60.950443 ], [ 7.395172, 60.997087 ] ] } },
{ "type": "Feature", "properties": { "from_node": 228, "to_node": 232, "length_km": 25.223802297766607, "repair_iteration": null, "edge_source": null, "mst": true, "edge_set": "MST" }, "geometry": { "type": "LineString", "coordinates": [ [ 7.216644, 60.950443 ], [ 6.871948, 61.10278 ] ] } },
{ "type": "Feature", "properties": { "from_node": 229, "to_node": 237, "length_km": 23.57791105175848, "repair_iteration": null, "edge_source": null, "mst": true, "edge_set": "MST" }, "geometry": { "type": "LineString", "coordinates": [ [ 7.395172, 60.997087 ], [ 7.338867, 61.206798 ] ] } },
{ "type": "Feature", "properties": { "from_node": 230, "to_node": 232, "length_km": 15.628667330038379, "repair_iteration": null, "edge_source": null, "mst": true, "edge_set": "MST" }, "geometry": { "type": "LineString", "coordinates": [ [ 6.60965, 61.043662 ], [ 6.871948, 61.10278 ] ] } },
{ "type": "Feature", "properties": { "from_node": 230, "to_node": 238, "length_km": 34.960144581980558, "repair_iteration": null, "edge_source": null, "mst": true, "edge_set": "MST" }, "geometry": { "type": "LineString", "coordinates": [ [ 6.60965, 61.043662 ], [ 6.093292, 61.233245 ] ] } },
{ "type": "Feature", "properties": { "from_node": 233, "to_node": 251, "length_km": 48.113919918090815, "repair_iteration": null, "edge_source": null, "mst": true, "edge_set": "MST" }, "geometry": { "type": "LineString", "coordinates": [ [ 21.538696, 61.125998 ], [ 21.660919, 61.552147 ] ] } },
{ "type": "Feature", "properties": { "from_node": 234, "to_node": 242, "length_km": 46.588068931573609, "repair_iteration": null, "edge_source": null, "mst": true, "edge_set": "MST" }, "geometry": { "type": "LineString", "coordinates": [ [ 17.166138, 61.172384 ], [ 16.44928, 61.407894 ] ] } },
{ "type": "Feature", "properties": { "from_node": 235, "to_node": 250, "length_km": 41.742089456392826, "repair_iteration": null, "edge_source": null, "mst": true, "edge_set": "MST" }, "geometry": { "type": "LineString", "coordinates": [ [ 10.421906, 61.177019 ], [ 10.134888, 61.525314 ] ] } },
{ "type": "Feature", "properties": { "from_node": 236, "to_node": 245, "length_km": 51.347949315108075, "repair_iteration": null, "edge_source": null, "mst": true, "edge_set": "MST" }, "geometry": { "type": "LineString", "coordinates": [ [ 22.822723, 61.179005 ], [ 22.105865, 61.482071 ] ] } },
{ "type": "Feature", "properties": { "from_node": 237, "to_node": 239, "length_km": 6.3102556319735159, "repair_iteration": null, "edge_source": null, "mst": true, "edge_set": "MST" }, "geometry": { "type": "LineString", "coordinates": [ [ 7.338867, 61.206798 ], [ 7.293549, 61.259009 ] ] } },
{ "type": "Feature", "properties": { "from_node": 238, "to_node": 247, "length_km": 34.312652862753779, "repair_iteration": null, "edge_source": null, "mst": true, "edge_set": "MST" }, "geometry": { "type": "LineString", "coordinates": [ [ 6.093292, 61.233245 ], [ 5.748596, 61.49256 ] ] } },
{ "type": "Feature", "properties": { "from_node": 239, "to_node": 240, "length_km": 8.6669222750353541, "repair_iteration": null, "edge_source": null, "mst": true, "edge_set": "MST" }, "geometry": { "type": "LineString", "coordinates": [ [ 7.293549, 61.259009 ], [ 7.439117, 61.292669 ] ] } },
{ "type": "Feature", "properties": { "from_node": 240, "to_node": 243, "length_km": 17.241320209500213, "repair_iteration": null, "edge_source": null, "mst": true, "edge_set": "MST" }, "geometry": { "type": "LineString", "coordinates": [ [ 7.439117, 61.292669 ], [ 7.436371, 61.447302 ] ] } },
{ "type": "Feature", "properties": { "from_node": 241, "to_node": 248, "length_km": 26.327281450293057, "repair_iteration": null, "edge_source": null, "mst": true, "edge_set": "MST" }, "geometry": { "type": "LineString", "coordinates": [ [ 24.403381, 61.338151 ], [ 24.083405, 61.516146 ] ] } },
{ "type": "Feature", "properties": { "from_node": 242, "to_node": 255, "length_km": 41.205011887181065, "repair_iteration": null, "edge_source": null, "mst": true, "edge_set": "MST" }, "geometry": { "type": "LineString", "coordinates": [ [ 16.44928, 61.407894 ], [ 16.316071, 61.771824 ] ] } },
{ "type": "Feature", "properties": { "from_node": 243, "to_node": 252, "length_km": 13.729191447956493, "repair_iteration": null, "edge_source": null, "mst": true, "edge_set": "MST" }, "geometry": { "type": "LineString", "coordinates": [ [ 7.436371, 61.447302 ], [ 7.410278, 61.569805 ] ] } },
{ "type": "Feature", "properties": { "from_node": 243, "to_node": 249, "length_km": 17.905200309475227, "repair_iteration": null, "edge_source": null, "mst": true, "edge_set": "MST" }, "geometry": { "type": "LineString", "coordinates": [ [ 7.436371, 61.447302 ], [ 7.738495, 61.517456 ] ] } },
{ "type": "Feature", "properties": { "from_node": 244, "to_node": 253, "length_km": 28.299896709442976, "repair_iteration": null, "edge_source": null, "mst": true, "edge_set": "MST" }, "geometry": { "type": "LineString", "coordinates": [ [ 9.341125, 61.473546 ], [ 9.821777, 61.582225 ] ] } },
{ "type": "Feature", "properties": { "from_node": 244, "to_node": 260, "length_km": 48.253917912876574, "repair_iteration": null, "edge_source": null, "mst": true, "edge_set": "MST" }, "geometry": { "type": "LineString", "coordinates": [ [ 9.341125, 61.473546 ], [ 9.063721, 61.885931 ] ] } },
{ "type": "Feature", "properties": { "from_node": 245, "to_node": 251, "length_km": 25.033174767542288, "repair_iteration": null, "edge_source": null, "mst": true, "edge_set": "MST" }, "geometry": { "type": "LineString", "coordinates": [ [ 22.105865, 61.482071 ], [ 21.660919, 61.552147 ] ] } },
{ "type": "Feature", "properties": { "from_node": 246, "to_node": 265, "length_km": 90.276778412811808, "repair_iteration": null, "edge_source": null, "mst": true, "edge_set": "MST" }, "geometry": { "type": "LineString", "coordinates": [ [ 27.305145, 61.489282 ], [ 27.766571, 62.262171 ] ] } },
{ "type": "Feature", "properties": { "from_node": 247, "to_node": 254, "length_km": 38.879257539195216, "repair_iteration": null, "edge_source": null, "mst": true, "edge_set": "MST" }, "geometry": { "type": "LineString", "coordinates": [ [ 5.748596, 61.49256 ], [ 5.218506, 61.732826 ] ] } },
{ "type": "Feature", "properties": { "from_node": 248, "to_node": 257, "length_km": 68.750996924464474, "repair_iteration": null, "edge_source": null, "mst": true, "edge_set": "MST" }, "geometry": { "type": "LineString", "coordinates": [ [ 24.083405, 61.516146 ], [ 25.158691, 61.855501 ] ] } },
{ "type": "Feature", "properties": { "from_node": 250, "to_node": 253, "length_km": 17.814326286874536, "repair_iteration": null, "edge_source": null, "mst": true, "edge_set": "MST" }, "geometry": { "type": "LineString", "coordinates": [ [ 10.134888, 61.525314 ], [ 9.821777, 61.582225 ] ] } },
{ "type": "Feature", "properties": { "from_node": 250, "to_node": 256, "length_km": 63.090256343650957, "repair_iteration": null, "edge_source": null, "mst": true, "edge_set": "MST" }, "geometry": { "type": "LineString", "coordinates": [ [ 10.134888, 61.525314 ], [ 11.12915, 61.837358 ] ] } },
{ "type": "Feature", "properties": { "from_node": 251, "to_node": 263, "length_km": 70.742236823324006, "repair_iteration": null, "edge_source": null, "mst": true, "edge_set": "MST" }, "geometry": { "type": "LineString", "coordinates": [ [ 21.660919, 61.552147 ], [ 21.604614, 62.184091 ] ] } },
{ "type": "Feature", "properties": { "from_node": 255, "to_node": 259, "length_km": 27.876993451189605, "repair_iteration": null, "edge_source": null, "mst": true, "edge_set": "MST" }, "geometry": { "type": "LineString", "coordinates": [ [ 16.316071, 61.771824 ], [ 15.843658, 61.88399 ] ] } },
{ "type": "Feature", "properties": { "from_node": 257, "to_node": 258, "length_km": 5.6641709048206623, "repair_iteration": null, "edge_source": null, "mst": true, "edge_set": "MST" }, "geometry": { "type": "LineString", "coordinates": [ [ 25.158691, 61.855501 ], [ 25.252075, 61.880107 ] ] } },
{ "type": "Feature", "properties": { "from_node": 258, "to_node": 264, "length_km": 42.945915431752269, "repair_iteration": null, "edge_source": null, "mst": true, "edge_set": "MST" }, "geometry": { "type": "LineString", "coordinates": [ [ 25.252075, 61.880107 ], [ 25.180664, 62.261532 ] ] } },
{ "type": "Feature", "properties": { "from_node": 259, "to_node": 268, "length_km": 62.781390218342139, "repair_iteration": null, "edge_source": null, "mst": true, "edge_set": "MST" }, "geometry": { "type": "LineString", "coordinates": [ [ 15.843658, 61.88399 ], [ 16.333923, 62.398006 ] ] } },
{ "type": "Feature", "properties": { "from_node": 261, "to_node": 262, "length_km": 12.775732504882999, "repair_iteration": null, "edge_source": null, "mst": true, "edge_set": "MST" }, "geometry": { "type": "LineString", "coordinates": [ [ 14.16687, 62.071739 ], [ 13.973236, 62.141768 ] ] } },
{ "type": "Feature", "properties": { "from_node": 262, "to_node": 275, "length_km": 50.325867088989469, "repair_iteration": null, "edge_source": null, "mst": true, "edge_set": "MST" }, "geometry": { "type": "LineString", "coordinates": [ [ 13.973236, 62.141768 ], [ 14.515686, 62.516121 ] ] } },
{ "type": "Feature", "properties": { "from_node": 263, "to_node": 288, "length_km": 86.181421015551535, "repair_iteration": null, "edge_source": null, "mst": true, "edge_set": "MST" }, "geometry": { "type": "LineString", "coordinates": [ [ 21.604614, 62.184091 ], [ 22.633209, 62.789912 ] ] } },
{ "type": "Feature", "properties": { "from_node": 264, "to_node": 266, "length_km": 45.345530053724012, "repair_iteration": null, "edge_source": null, "mst": true, "edge_set": "MST" }, "geometry": { "type": "LineString", "coordinates": [ [ 25.180664, 62.261532 ], [ 26.032104, 62.340686 ] ] } },
{ "type": "Feature", "properties": { "from_node": 265, "to_node": 302, "length_km": 100.78761483249967, "repair_iteration": null, "edge_source": null, "mst": true, "edge_set": "MST" }, "geometry": { "type": "LineString", "coordinates": [ [ 27.766571, 62.262171 ], [ 27.585297, 63.154975 ] ] } },
{ "type": "Feature", "properties": { "from_node": 267, "to_node": 272, "length_km": 13.250456651124153, "repair_iteration": null, "edge_source": null, "mst": true, "edge_set": "MST" }, "geometry": { "type": "LineString", "coordinates": [ [ 17.362518, 62.352158 ], [ 17.468262, 62.460297 ] ] } },
{ "type": "Feature", "properties": { "from_node": 267, "to_node": 270, "length_km": 21.394569802610349, "repair_iteration": null, "edge_source": null, "mst": true, "edge_set": "MST" }, "geometry": { "type": "LineString", "coordinates": [ [ 17.362518, 62.352158 ], [ 16.993103, 62.438065 ] ] } },
{ "type": "Feature", "properties": { "from_node": 268, "to_node": 274, "length_km": 11.267857415681428, "repair_iteration": null, "edge_source": null, "mst": true, "edge_set": "MST" }, "geometry": { "type": "LineString", "coordinates": [ [ 16.333923, 62.398006 ], [ 16.329803, 62.499004 ] ] } },
{ "type": "Feature", "properties": { "from_node": 269, "to_node": 278, "length_km": 19.385280747360188, "repair_iteration": null, "edge_source": null, "mst": true, "edge_set": "MST" }, "geometry": { "type": "LineString", "coordinates": [ [ 15.005951, 62.413273 ], [ 14.734039, 62.533228 ] ] } },
{ "type": "Feature", "properties": { "from_node": 269, "to_node": 271, "length_km": 28.000387908571181, "repair_iteration": null, "edge_source": null, "mst": true, "edge_set": "MST" }, "geometry": { "type": "LineString", "coordinates": [ [ 15.005951, 62.413273 ], [ 15.544281, 62.441242 ] ] } },
{ "type": "Feature", "properties": { "from_node": 270, "to_node": 279, "length_km": 11.580773663159984, "repair_iteration": null, "edge_source": null, "mst": true, "edge_set": "MST" }, "geometry": { "type": "LineString", "coordinates": [ [ 16.993103, 62.438065 ], [ 17.024689, 62.540828 ] ] } },
{ "type": "Feature", "properties": { "from_node": 271, "to_node": 276, "length_km": 28.644402249356105, "repair_iteration": null, "edge_source": null, "mst": true, "edge_set": "MST" }, "geometry": { "type": "LineString", "coordinates": [ [ 15.544281, 62.441242 ], [ 16.074371, 62.517388 ] ] } },
{ "type": "Feature", "properties": { "from_node": 273, "to_node": 277, "length_km": 39.59275799932707, "repair_iteration": null, "edge_source": null, "mst": true, "edge_set": "MST" }, "geometry": { "type": "LineString", "coordinates": [ [ 7.033997, 62.47807 ], [ 7.7948, 62.526259 ] ] } },
{ "type": "Feature", "properties": { "from_node": 274, "to_node": 276, "length_km": 13.329702196855635, "repair_iteration": null, "edge_source": null, "mst": true, "edge_set": "MST" }, "geometry": { "type": "LineString", "coordinates": [ [ 16.329803, 62.499004 ], [ 16.074371, 62.517388 ] ] } },
{ "type": "Feature", "properties": { "from_node": 274, "to_node": 284, "length_km": 33.519232974315265, "repair_iteration": null, "edge_source": null, "mst": true, "edge_set": "MST" }, "geometry": { "type": "LineString", "coordinates": [ [ 16.329803, 62.499004 ], [ 16.792603, 62.710685 ] ] } },
{ "type": "Feature", "properties": { "from_node": 275, "to_node": 278, "length_km": 11.408723539264587, "repair_iteration": null, "edge_source": null, "mst": true, "edge_set": "MST" }, "geometry": { "type": "LineString", "coordinates": [ [ 14.515686, 62.516121 ], [ 14.734039, 62.533228 ] ] } },
{ "type": "Feature", "properties": { "from_node": 275, "to_node": 285, "length_km": 39.858523533338179, "repair_iteration": null, "edge_source": null, "mst": true, "edge_set": "MST" }, "geometry": { "type": "LineString", "coordinates": [ [ 14.515686, 62.516121 ], [ 13.903198, 62.735859 ] ] } },
{ "type": "Feature", "properties": { "from_node": 277, "to_node": 282, "length_km": 39.148707748376573, "repair_iteration": null, "edge_source": null, "mst": true, "edge_set": "MST" }, "geometry": { "type": "LineString", "coordinates": [ [ 7.7948, 62.526259 ], [ 8.480072, 62.679816 ] ] } },
{ "type": "Feature", "properties": { "from_node": 279, "to_node": 284, "length_km": 22.389396205065324, "repair_iteration": null, "edge_source": null, "mst": true, "edge_set": "MST" }, "geometry": { "type": "LineString", "coordinates": [ [ 17.024689, 62.540828 ], [ 16.792603, 62.710685 ] ] } },
{ "type": "Feature", "properties": { "from_node": 280, "to_node": 295, "length_km": 67.883905864385696, "repair_iteration": null, "edge_source": null, "mst": true, "edge_set": "MST" }, "geometry": { "type": "LineString", "coordinates": [ [ 12.590332, 62.571841 ], [ 11.727905, 63.035662 ] ] } },
{ "type": "Feature", "properties": { "from_node": 281, "to_node": 283, "length_km": 9.4626342136910822, "repair_iteration": null, "edge_source": null, "mst": true, "edge_set": "MST" }, "geometry": { "type": "LineString", "coordinates": [ [ 10.266724, 62.628719 ], [ 10.122528, 62.681707 ] ] } },
{ "type": "Feature", "properties": { "from_node": 282, "to_node": 296, "length_km": 70.995610276208737, "repair_iteration": null, "edge_source": null, "mst": true, "edge_set": "MST" }, "geometry": { "type": "LineString", "coordinates": [ [ 8.480072, 62.679816 ], [ 9.602051, 63.058071 ] ] } },
{ "type": "Feature", "properties": { "from_node": 283, "to_node": 287, "length_km": 13.508360531678658, "repair_iteration": null, "edge_source": null, "mst": true, "edge_set": "MST" }, "geometry": { "type": "LineString", "coordinates": [ [ 10.122528, 62.681707 ], [ 9.930267, 62.764783 ] ] } },
{ "type": "Feature", "properties": { "from_node": 284, "to_node": 286, "length_km": 7.016603870185798, "repair_iteration": null, "edge_source": null, "mst": true, "edge_set": "MST" }, "geometry": { "type": "LineString", "coordinates": [ [ 16.792603, 62.710685 ], [ 16.88324, 62.757869 ] ] } },
{ "type": "Feature", "properties": { "from_node": 286, "to_node": 291, "length_km": 16.246093014655209, "repair_iteration": null, "edge_source": null, "mst": true, "edge_set": "MST" }, "geometry": { "type": "LineString", "coordinates": [ [ 16.88324, 62.757869 ], [ 16.717072, 62.882075 ] ] } },
{ "type": "Feature", "properties": { "from_node": 287, "to_node": 296, "length_km": 36.70330683936718, "repair_iteration": null, "edge_source": null, "mst": true, "edge_set": "MST" }, "geometry": { "type": "LineString", "coordinates": [ [ 9.930267, 62.764783 ], [ 9.602051, 63.058071 ] ] } },
{ "type": "Feature", "properties": { "from_node": 288, "to_node": 294, "length_km": 45.949021640148985, "repair_iteration": null, "edge_source": null, "mst": true, "edge_set": "MST" }, "geometry": { "type": "LineString", "coordinates": [ [ 22.633209, 62.789912 ], [ 21.902618, 63.030057 ] ] } },
{ "type": "Feature", "properties": { "from_node": 288, "to_node": 292, "length_km": 86.982743705796167, "repair_iteration": null, "edge_source": null, "mst": true, "edge_set": "MST" }, "geometry": { "type": "LineString", "coordinates": [ [ 22.633209, 62.789912 ], [ 24.285278, 62.976446 ] ] } },
{ "type": "Feature", "properties": { "from_node": 289, "to_node": 290, "length_km": 6.9673643140299228, "repair_iteration": null, "edge_source": null, "mst": true, "edge_set": "MST" }, "geometry": { "type": "LineString", "coordinates": [ [ 16.294098, 62.820038 ], [ 16.160889, 62.833835 ] ] } },
{ "type": "Feature", "properties": { "from_node": 289, "to_node": 291, "length_km": 22.644414494515814, "repair_iteration": null, "edge_source": null, "mst": true, "edge_set": "MST" }, "geometry": { "type": "LineString", "coordinates": [ [ 16.294098, 62.820038 ], [ 16.717072, 62.882075 ] ] } },
{ "type": "Feature", "properties": { "from_node": 291, "to_node": 293, "length_km": 12.460504049623307, "repair_iteration": null, "edge_source": null, "mst": true, "edge_set": "MST" }, "geometry": { "type": "LineString", "coordinates": [ [ 16.717072, 62.882075 ], [ 16.682739, 62.992664 ] ] } },
{ "type": "Feature", "properties": { "from_node": 293, "to_node": 299, "length_km": 12.054401313360605, "repair_iteration": null, "edge_source": null, "mst": true, "edge_set": "MST" }, "geometry": { "type": "LineString", "coordinates": [ [ 16.682739, 62.992664 ], [ 16.730635536972599, 63.098502635448106 ] ] } },
{ "type": "Feature", "properties": { "from_node": 294, "to_node": 340, "length_km": 103.25867589396425, "repair_iteration": null, "edge_source": null, "mst": true, "edge_set": "MST" }, "geometry": { "type": "LineString", "coordinates": [ [ 21.902618, 63.030057 ], [ 23.047943, 63.797043 ] ] } },
{ "type": "Feature", "properties": { "from_node": 295, "to_node": 318, "length_km": 55.743217732230299, "repair_iteration": null, "edge_source": null, "mst": true, "edge_set": "MST" }, "geometry": { "type": "LineString", "coordinates": [ [ 11.727905, 63.035662 ], [ 12.568359, 63.361367 ] ] } },
{ "type": "Feature", "properties": { "from_node": 295, "to_node": 325, "length_km": 58.999788526229608, "repair_iteration": null, "edge_source": null, "mst": true, "edge_set": "MST" }, "geometry": { "type": "LineString", "coordinates": [ [ 11.727905, 63.035662 ], [ 11.017914, 63.45726 ] ] } },
{ "type": "Feature", "properties": { "from_node": 296, "to_node": 313, "length_km": 29.095466966537103, "repair_iteration": null, "edge_source": null, "mst": true, "edge_set": "MST" }, "geometry": { "type": "LineString", "coordinates": [ [ 9.602051, 63.058071 ], [ 9.933014, 63.271947 ] ] } },
{ "type": "Feature", "properties": { "from_node": 297, "to_node": 298, "length_km": 9.1435489922621969, "repair_iteration": null, "edge_source": null, "mst": true, "edge_set": "MST" }, "geometry": { "type": "LineString", "coordinates": [ [ 16.280365, 63.064292 ], [ 16.11145, 63.093516 ] ] } },
{ "type": "Feature", "properties": { "from_node": 298, "to_node": 305, "length_km": 10.012869953166687, "repair_iteration": null, "edge_source": null, "mst": true, "edge_set": "MST" }, "geometry": { "type": "LineString", "coordinates": [ [ 16.11145, 63.093516 ], [ 16.166382, 63.179771 ] ] } },
{ "type": "Feature", "properties": { "from_node": 298, "to_node": 301, "length_km": 19.582946224510039, "repair_iteration": null, "edge_source": null, "mst": true, "edge_set": "MST" }, "geometry": { "type": "LineString", "coordinates": [ [ 16.11145, 63.093516 ], [ 15.746155, 63.152495 ] ] } },
{ "type": "Feature", "properties": { "from_node": 299, "to_node": 303, "length_km": 10.392319800993631, "repair_iteration": null, "edge_source": null, "mst": true, "edge_set": "MST" }, "geometry": { "type": "LineString", "coordinates": [ [ 16.730635536972599, 63.098502635448106 ], [ 16.876373, 63.164276 ] ] } },
{ "type": "Feature", "properties": { "from_node": 299, "to_node": 304, "length_km": 18.619194332155395, "repair_iteration": null, "edge_source": null, "mst": true, "edge_set": "MST" }, "geometry": { "type": "LineString", "coordinates": [ [ 16.730635536972599, 63.098502635448106 ], [ 16.401215, 63.173574 ] ] } },
{ "type": "Feature", "properties": { "from_node": 300, "to_node": 307, "length_km": 6.0857414706669513, "repair_iteration": null, "edge_source": null, "mst": true, "edge_set": "MST" }, "geometry": { "type": "LineString", "coordinates": [ [ 15.490723, 63.137606 ], [ 15.493469, 63.19216 ] ] } },
{ "type": "Feature", "properties": { "from_node": 300, "to_node": 301, "length_km": 12.993261474887369, "repair_iteration": null, "edge_source": null, "mst": true, "edge_set": "MST" }, "geometry": { "type": "LineString", "coordinates": [ [ 15.490723, 63.137606 ], [ 15.746155, 63.152495 ] ] } },
{ "type": "Feature", "properties": { "from_node": 301, "to_node": 310, "length_km": 11.175958781015256, "repair_iteration": null, "edge_source": null, "mst": true, "edge_set": "MST" }, "geometry": { "type": "LineString", "coordinates": [ [ 15.746155, 63.152495 ], [ 15.805206, 63.249085 ] ] } },
{ "type": "Feature", "properties": { "from_node": 303, "to_node": 312, "length_km": 14.708873835008827, "repair_iteration": null, "edge_source": null, "mst": true, "edge_set": "MST" }, "geometry": { "type": "LineString", "coordinates": [ [ 16.876373, 63.164276 ], [ 17.082367, 63.257738 ] ] } },
{ "type": "Feature", "properties": { "from_node": 304, "to_node": 305, "length_km": 11.857002792305133, "repair_iteration": null, "edge_source": null, "mst": true, "edge_set": "MST" }, "geometry": { "type": "LineString", "coordinates": [ [ 16.401215, 63.173574 ], [ 16.166382, 63.179771 ] ] } },
{ "type": "Feature", "properties": { "from_node": 306, "to_node": 312, "length_km": 9.2055363020114083, "repair_iteration": null, "edge_source": null, "mst": true, "edge_set": "MST" }, "geometry": { "type": "LineString", "coordinates": [ [ 17.167511, 63.184727 ], [ 17.082367, 63.257738 ] ] } },
{ "type": "Feature", "properties": { "from_node": 307, "to_node": 309, "length_km": 15.320635801756943, "repair_iteration": null, "edge_source": null, "mst": true, "edge_set": "MST" }, "geometry": { "type": "LineString", "coordinates": [ [ 15.493469, 63.19216 ], [ 15.206451, 63.237956 ] ] } },
{ "type": "Feature", "properties": { "from_node": 308, "to_node": 315, "length_km": 9.2610518102499366, "repair_iteration": null, "edge_source": null, "mst": true, "edge_set": "MST" }, "geometry": { "type": "LineString", "coordinates": [ [ 13.587341, 63.23239 ], [ 13.639526, 63.312066 ] ] } },
{ "type": "Feature", "properties": { "from_node": 309, "to_node": 311, "length_km": 23.686939704419597, "repair_iteration": null, "edge_source": null, "mst": true, "edge_set": "MST" }, "geometry": { "type": "LineString", "coordinates": [ [ 15.206451, 63.237956 ], [ 14.736786, 63.255266 ] ] } },
{ "type": "Feature", "properties": { "from_node": 311, "to_node": 317, "length_km": 10.713663439402183, "repair_iteration": null, "edge_source": null, "mst": true, "edge_set": "MST" }, "geometry": { "type": "LineString", "coordinates": [ [ 14.736786, 63.255266 ], [ 14.788971, 63.348433 ] ] } },
{ "type": "Feature", "properties": { "from_node": 311, "to_node": 315, "length_km": 55.437869800479746, "repair_iteration": null, "edge_source": null, "mst": true, "edge_set": "MST" }, "geometry": { "type": "LineString", "coordinates": [ [ 14.736786, 63.255266 ], [ 13.639526, 63.312066 ] ] } },
{ "type": "Feature", "properties": { "from_node": 312, "to_node": 316, "length_km": 12.071580358937437, "repair_iteration": null, "edge_source": null, "mst": true, "edge_set": "MST" }, "geometry": { "type": "LineString", "coordinates": [ [ 17.082367, 63.257738 ], [ 17.230682, 63.342889 ] ] } },
{ "type": "Feature", "properties": { "from_node": 313, "to_node": 314, "length_km": 26.339838609871979, "repair_iteration": null, "edge_source": null, "mst": true, "edge_set": "MST" }, "geometry": { "type": "LineString", "coordinates": [ [ 9.933014, 63.271947 ], [ 10.457611, 63.276888 ] ] } },
{ "type": "Feature", "properties": { "from_node": 314, "to_node": 321, "length_km": 13.903813995157375, "repair_iteration": null, "edge_source": null, "mst": true, "edge_set": "MST" }, "geometry": { "type": "LineString", "coordinates": [ [ 10.457611, 63.276888 ], [ 10.439758, 63.401361 ] ] } },
{ "type": "Feature", "properties": { "from_node": 315, "to_node": 319, "length_km": 11.062921927887, "repair_iteration": null, "edge_source": null, "mst": true, "edge_set": "MST" }, "geometry": { "type": "LineString", "coordinates": [ [ 13.639526, 63.312066 ], [ 13.458252, 63.368755 ] ] } },
{ "type": "Feature", "properties": { "from_node": 316, "to_node": 323, "length_km": 9.584493073533336, "repair_iteration": null, "edge_source": null, "mst": true, "edge_set": "MST" }, "geometry": { "type": "LineString", "coordinates": [ [ 17.230682, 63.342889 ], [ 17.122192, 63.413656 ] ] } },
{ "type": "Feature", "properties": { "from_node": 316, "to_node": 322, "length_km": 51.115018821470663, "repair_iteration": null, "edge_source": null, "mst": true, "edge_set": "MST" }, "geometry": { "type": "LineString", "coordinates": [ [ 17.230682, 63.342889 ], [ 18.242798, 63.401361 ] ] } },
{ "type": "Feature", "properties": { "from_node": 318, "to_node": 319, "length_km": 44.540955239552837, "repair_iteration": null, "edge_source": null, "mst": true, "edge_set": "MST" }, "geometry": { "type": "LineString", "coordinates": [ [ 12.568359, 63.361367 ], [ 13.458252, 63.368755 ] ] } },
{ "type": "Feature", "properties": { "from_node": 319, "to_node": 330, "length_km": 23.10674064511625, "repair_iteration": null, "edge_source": null, "mst": true, "edge_set": "MST" }, "geometry": { "type": "LineString", "coordinates": [ [ 13.458252, 63.368755 ], [ 13.657379, 63.555892 ] ] } },
{ "type": "Feature", "properties": { "from_node": 320, "to_node": 324, "length_km": 7.8053946840304187, "repair_iteration": null, "edge_source": null, "mst": true, "edge_set": "MST" }, "geometry": { "type": "LineString", "coordinates": [ [ 16.98761, 63.372448 ], [ 16.910706, 63.433317 ] ] } },
{ "type": "Feature", "properties": { "from_node": 320, "to_node": 323, "length_km": 8.1545727564814161, "repair_iteration": null, "edge_source": null, "mst": true, "edge_set": "MST" }, "geometry": { "type": "LineString", "coordinates": [ [ 16.98761, 63.372448 ], [ 17.122192, 63.413656 ] ] } },
{ "type": "Feature", "properties": { "from_node": 321, "to_node": 325, "length_km": 29.530984200485705, "repair_iteration": null, "edge_source": null, "mst": true, "edge_set": "MST" }, "geometry": { "type": "LineString", "coordinates": [ [ 10.439758, 63.401361 ], [ 11.017914, 63.45726 ] ] } },
{ "type": "Feature", "properties": { "from_node": 323, "to_node": 326, "length_km": 8.6104934123251038, "repair_iteration": null, "edge_source": null, "mst": true, "edge_set": "MST" }, "geometry": { "type": "LineString", "coordinates": [ [ 17.122192, 63.413656 ], [ 17.043915, 63.48241 ] ] } },
{ "type": "Feature", "properties": { "from_node": 325, "to_node": 339, "length_km": 42.40510199431445, "repair_iteration": null, "edge_source": null, "mst": true, "edge_set": "MST" }, "geometry": { "type": "LineString", "coordinates": [ [ 11.017914, 63.45726 ], [ 11.472473, 63.779452 ] ] } },
{ "type": "Feature", "properties": { "from_node": 326, "to_node": 329, "length_km": 9.5778679200980985, "repair_iteration": null, "edge_source": null, "mst": true, "edge_set": "MST" }, "geometry": { "type": "LineString", "coordinates": [ [ 17.043915, 63.48241 ], [ 16.923065, 63.549164 ] ] } },
{ "type": "Feature", "properties": { "from_node": 327, "to_node": 331, "length_km": 11.124948054201166, "repair_iteration": null, "edge_source": null, "mst": true, "edge_set": "MST" }, "geometry": { "type": "LineString", "coordinates": [ [ 16.663513, 63.486702 ], [ 16.756897, 63.577288 ] ] } },
{ "type": "Feature", "properties": { "from_node": 327, "to_node": 328, "length_km": 20.829910670833549, "repair_iteration": null, "edge_source": null, "mst": true, "edge_set": "MST" }, "geometry": { "type": "LineString", "coordinates": [ [ 16.663513, 63.486702 ], [ 16.254272, 63.524685 ] ] } },
{ "type": "Feature", "properties": { "from_node": 328, "to_node": 332, "length_km": 21.278805194624759, "repair_iteration": null, "edge_source": null, "mst": true, "edge_set": "MST" }, "geometry": { "type": "LineString", "coordinates": [ [ 16.254272, 63.524685 ], [ 15.846405, 63.582177 ] ] } },
{ "type": "Feature", "properties": { "from_node": 329, "to_node": 331, "length_km": 8.8408590791388306, "repair_iteration": null, "edge_source": null, "mst": true, "edge_set": "MST" }, "geometry": { "type": "LineString", "coordinates": [ [ 16.923065, 63.549164 ], [ 16.756897, 63.577288 ] ] } },
{ "type": "Feature", "properties": { "from_node": 330, "to_node": 334, "length_km": 19.128550565085607, "repair_iteration": null, "edge_source": null, "mst": true, "edge_set": "MST" }, "geometry": { "type": "LineString", "coordinates": [ [ 13.657379, 63.555892 ], [ 13.811188, 63.713238 ] ] } },
{ "type": "Feature", "properties": { "from_node": 331, "to_node": 333, "length_km": 7.8818102871451927, "repair_iteration": null, "edge_source": null, "mst": true, "edge_set": "MST" }, "geometry": { "type": "LineString", "coordinates": [ [ 16.756897, 63.577288 ], [ 16.791229, 63.646259 ] ] } },
{ "type": "Feature", "properties": { "from_node": 332, "to_node": 348, "length_km": 48.12677492823736, "repair_iteration": null, "edge_source": null, "mst": true, "edge_set": "MST" }, "geometry": { "type": "LineString", "coordinates": [ [ 15.846405, 63.582177 ], [ 15.619812, 64.001858 ] ] } },
{ "type": "Feature", "properties": { "from_node": 333, "to_node": 335, "length_km": 9.1048573485156137, "repair_iteration": null, "edge_source": null, "mst": true, "edge_set": "MST" }, "geometry": { "type": "LineString", "coordinates": [ [ 16.791229, 63.646259 ], [ 16.894226, 63.713846 ] ] } },
{ "type": "Feature", "properties": { "from_node": 334, "to_node": 338, "length_km": 16.374355347117845, "repair_iteration": null, "edge_source": null, "mst": true, "edge_set": "MST" }, "geometry": { "type": "LineString", "coordinates": [ [ 13.811188, 63.713238 ], [ 13.493958, 63.755779 ] ] } },
{ "type": "Feature", "properties": { "from_node": 335, "to_node": 336, "length_km": 7.7340277299812792, "repair_iteration": null, "edge_source": null, "mst": true, "edge_set": "MST" }, "geometry": { "type": "LineString", "coordinates": [ [ 16.894226, 63.713846 ], [ 17.041168, 63.737555 ] ] } },
{ "type": "Feature", "properties": { "from_node": 336, "to_node": 342, "length_km": 13.323662394566554, "repair_iteration": null, "edge_source": null, "mst": true, "edge_set": "MST" }, "geometry": { "type": "LineString", "coordinates": [ [ 17.041168, 63.737555 ], [ 17.156525, 63.845512 ] ] } },
{ "type": "Feature", "properties": { "from_node": 337, "to_node": 338, "length_km": 21.154829568874955, "repair_iteration": null, "edge_source": null, "mst": true, "edge_set": "MST" }, "geometry": { "type": "LineString", "coordinates": [ [ 13.065491, 63.752742 ], [ 13.493958, 63.755779 ] ] } },
{ "type": "Feature", "properties": { "from_node": 338, "to_node": 345, "length_km": 24.884900929257725, "repair_iteration": null, "edge_source": null, "mst": true, "edge_set": "MST" }, "geometry": { "type": "LineString", "coordinates": [ [ 13.493958, 63.755779 ], [ 13.769989, 63.942802 ] ] } },
{ "type": "Feature", "properties": { "from_node": 339, "to_node": 346, "length_km": 22.310703741313052, "repair_iteration": null, "edge_source": null, "mst": true, "edge_set": "MST" }, "geometry": { "type": "LineString", "coordinates": [ [ 11.472473, 63.779452 ], [ 11.477966, 63.979576 ] ] } },
{ "type": "Feature", "properties": { "from_node": 340, "to_node": 341, "length_km": 6.9156429535229593, "repair_iteration": null, "edge_source": null, "mst": true, "edge_set": "MST" }, "geometry": { "type": "LineString", "coordinates": [ [ 23.047943, 63.797043 ], [ 23.1427, 63.842485 ] ] } },
{ "type": "Feature", "properties": { "from_node": 341, "to_node": 349, "length_km": 91.733839365353674, "repair_iteration": null, "edge_source": null, "mst": true, "edge_set": "MST" }, "geometry": { "type": "LineString", "coordinates": [ [ 23.1427, 63.842485 ], [ 24.965057, 64.008479 ] ] } },
{ "type": "Feature", "properties": { "from_node": 342, "to_node": 344, "length_km": 8.5884477360611324, "repair_iteration": null, "edge_source": null, "mst": true, "edge_set": "MST" }, "geometry": { "type": "LineString", "coordinates": [ [ 17.156525, 63.845512 ], [ 17.168884, 63.922284 ] ] } },
{ "type": "Feature", "properties": { "from_node": 343, "to_node": 359, "length_km": 78.422260864808678, "repair_iteration": null, "edge_source": null, "mst": true, "edge_set": "MST" }, "geometry": { "type": "LineString", "coordinates": [ [ 20.047302, 63.896314 ], [ 19.029694, 64.440225 ] ] } },
{ "type": "Feature", "properties": { "from_node": 344, "to_node": 347, "length_km": 12.891741265745658, "repair_iteration": null, "edge_source": null, "mst": true, "edge_set": "MST" }, "geometry": { "type": "LineString", "coordinates": [ [ 17.168884, 63.922284 ], [ 16.962891, 63.994031 ] ] } },
{ "type": "Feature", "properties": { "from_node": 346, "to_node": 360, "length_km": 53.325453538567906, "repair_iteration": null, "edge_source": null, "mst": true, "edge_set": "MST" }, "geometry": { "type": "LineString", "coordinates": [ [ 11.477966, 63.979576 ], [ 11.620789, 64.453849 ] ] } },
{ "type": "Feature", "properties": { "from_node": 347, "to_node": 353, "length_km": 23.406018944893788, "repair_iteration": null, "edge_source": null, "mst": true, "edge_set": "MST" }, "geometry": { "type": "LineString", "coordinates": [ [ 16.962891, 63.994031 ], [ 17.271881, 64.154341 ] ] } },
{ "type": "Feature", "properties": { "from_node": 348, "to_node": 351, "length_km": 7.474522377604619, "repair_iteration": null, "edge_source": null, "mst": true, "edge_set": "MST" }, "geometry": { "type": "LineString", "coordinates": [ [ 15.619812, 64.001858 ], [ 15.674744, 64.064393 ] ] } },
{ "type": "Feature", "properties": { "from_node": 349, "to_node": 350, "length_km": 18.567848089076389, "repair_iteration": null, "edge_source": null, "mst": true, "edge_set": "MST" }, "geometry": { "type": "LineString", "coordinates": [ [ 24.965057, 64.008479 ], [ 25.333099, 64.045767 ] ] } },
{ "type": "Feature", "properties": { "from_node": 349, "to_node": 358, "length_km": 51.335318105228289, "repair_iteration": null, "edge_source": null, "mst": true, "edge_set": "MST" }, "geometry": { "type": "LineString", "coordinates": [ [ 24.965057, 64.008479 ], [ 24.517365, 64.423037 ] ] } },
{ "type": "Feature", "properties": { "from_node": 351, "to_node": 357, "length_km": 47.198698023200649, "repair_iteration": null, "edge_source": null, "mst": true, "edge_set": "MST" }, "geometry": { "type": "LineString", "coordinates": [ [ 15.674744, 64.064393 ], [ 14.959259, 64.35061 ] ] } },
{ "type": "Feature", "properties": { "from_node": 352, "to_node": 365, "length_km": 53.9683810575007, "repair_iteration": null, "edge_source": null, "mst": true, "edge_set": "MST" }, "geometry": { "type": "LineString", "coordinates": [ [ 27.204895, 64.101606 ], [ 26.843719, 64.556111 ] ] } },
{ "type": "Feature", "properties": { "from_node": 353, "to_node": 354, "length_km": 9.2016985448072859, "repair_iteration": null, "edge_source": null, "mst": true, "edge_set": "MST" }, "geometry": { "type": "LineString", "coordinates": [ [ 17.271881, 64.154341 ], [ 17.449036, 64.183063 ] ] } },
{ "type": "Feature", "properties": { "from_node": 354, "to_node": 355, "length_km": 11.295048079565339, "repair_iteration": null, "edge_source": null, "mst": true, "edge_set": "MST" }, "geometry": { "type": "LineString", "coordinates": [ [ 17.449036, 64.183063 ], [ 17.310333, 64.26428 ] ] } },
{ "type": "Feature", "properties": { "from_node": 354, "to_node": 359, "length_km": 81.788747101857865, "repair_iteration": null, "edge_source": null, "mst": true, "edge_set": "MST" }, "geometry": { "type": "LineString", "coordinates": [ [ 17.449036, 64.183063 ], [ 19.029694, 64.440225 ] ] } },
{ "type": "Feature", "properties": { "from_node": 356, "to_node": 357, "length_km": 6.7606245170173818, "repair_iteration": null, "edge_source": null, "mst": true, "edge_set": "MST" }, "geometry": { "type": "LineString", "coordinates": [ [ 14.859009, 64.308372 ], [ 14.959259, 64.35061 ] ] } },
{ "type": "Feature", "properties": { "from_node": 356, "to_node": 363, "length_km": 34.284214527058303, "repair_iteration": null, "edge_source": null, "mst": true, "edge_set": "MST" }, "geometry": { "type": "LineString", "coordinates": [ [ 14.859009, 64.308372 ], [ 14.381104, 64.536044 ] ] } },
{ "type": "Feature", "properties": { "from_node": 357, "to_node": 364, "length_km": 32.455658477089791, "repair_iteration": null, "edge_source": null, "mst": true, "edge_set": "MST" }, "geometry": { "type": "LineString", "coordinates": [ [ 14.959259, 64.35061 ], [ 15.450897, 64.54962 ] ] } },
{ "type": "Feature", "properties": { "from_node": 358, "to_node": 376, "length_km": 86.637772777935169, "repair_iteration": null, "edge_source": null, "mst": true, "edge_set": "MST" }, "geometry": { "type": "LineString", "coordinates": [ [ 24.517365, 64.423037 ], [ 26.115875, 64.778222 ] ] } },
{ "type": "Feature", "properties": { "from_node": 359, "to_node": 382, "length_km": 74.288325732537899, "repair_iteration": null, "edge_source": null, "mst": true, "edge_set": "MST" }, "geometry": { "type": "LineString", "coordinates": [ [ 19.029694, 64.440225 ], [ 19.736938, 65.032742 ] ] } },
{ "type": "Feature", "properties": { "from_node": 361, "to_node": 366, "length_km": 10.892498280230264, "repair_iteration": null, "edge_source": null, "mst": true, "edge_set": "MST" }, "geometry": { "type": "LineString", "coordinates": [ [ 14.180603, 64.486402 ], [ 14.06662, 64.570857 ] ] } },
{ "type": "Feature", "properties": { "from_node": 362, "to_node": 364, "length_km": 8.5402552516853643, "repair_iteration": null, "edge_source": null, "mst": true, "edge_set": "MST" }, "geometry": { "type": "LineString", "coordinates": [ [ 15.622559, 64.529548 ], [ 15.450897, 64.54962 ] ] } },
{ "type": "Feature", "properties": { "from_node": 362, "to_node": 370, "length_km": 20.169275307360234, "repair_iteration": null, "edge_source": null, "mst": true, "edge_set": "MST" }, "geometry": { "type": "LineString", "coordinates": [ [ 15.622559, 64.529548 ], [ 15.761261, 64.700279 ] ] } },
{ "type": "Feature", "properties": { "from_node": 363, "to_node": 368, "length_km": 9.2209418098795854, "repair_iteration": null, "edge_source": null, "mst": true, "edge_set": "MST" }, "geometry": { "type": "LineString", "coordinates": [ [ 14.381104, 64.536044 ], [ 14.250641, 64.596791 ] ] } },
{ "type": "Feature", "properties": { "from_node": 365, "to_node": 371, "length_km": 25.432870694282165, "repair_iteration": null, "edge_source": null, "mst": true, "edge_set": "MST" }, "geometry": { "type": "LineString", "coordinates": [ [ 26.843719, 64.556111 ], [ 26.455078, 64.709668 ] ] } },
{ "type": "Feature", "properties": { "from_node": 365, "to_node": 367, "length_km": 77.638994082613024, "repair_iteration": null, "edge_source": null, "mst": true, "edge_set": "MST" }, "geometry": { "type": "LineString", "coordinates": [ [ 26.843719, 64.556111 ], [ 28.45047, 64.58147 ] ] } },
{ "type": "Feature", "properties": { "from_node": 366, "to_node": 368, "length_km": 9.2802915006443012, "repair_iteration": null, "edge_source": null, "mst": true, "edge_set": "MST" }, "geometry": { "type": "LineString", "coordinates": [ [ 14.06662, 64.570857 ], [ 14.250641, 64.596791 ] ] } },
{ "type": "Feature", "properties": { "from_node": 366, "to_node": 369, "length_km": 15.49379099816856, "repair_iteration": null, "edge_source": null, "mst": true, "edge_set": "MST" }, "geometry": { "type": "LineString", "coordinates": [ [ 14.06662, 64.570857 ], [ 13.807068, 64.653876 ] ] } },
{ "type": "Feature", "properties": { "from_node": 368, "to_node": 374, "length_km": 14.211027269813188, "repair_iteration": null, "edge_source": null, "mst": true, "edge_set": "MST" }, "geometry": { "type": "LineString", "coordinates": [ [ 14.250641, 64.596791 ], [ 14.146271, 64.71612 ] ] } },
{ "type": "Feature", "properties": { "from_node": 369, "to_node": 377, "length_km": 44.432639524826648, "repair_iteration": null, "edge_source": null, "mst": true, "edge_set": "MST" }, "geometry": { "type": "LineString", "coordinates": [ [ 13.807068, 64.653876 ], [ 13.099823, 64.914228 ] ] } },
{ "type": "Feature", "properties": { "from_node": 370, "to_node": 372, "length_km": 7.8129401263292877, "repair_iteration": null, "edge_source": null, "mst": true, "edge_set": "MST" }, "geometry": { "type": "LineString", "coordinates": [ [ 15.761261, 64.700279 ], [ 15.923309, 64.710254 ] ] } },
{ "type": "Feature", "properties": { "from_node": 371, "to_node": 375, "length_km": 6.3573900147252767, "repair_iteration": null, "edge_source": null, "mst": true, "edge_set": "MST" }, "geometry": { "type": "LineString", "coordinates": [ [ 26.455078, 64.709668 ], [ 26.51825, 64.759489 ] ] } },
{ "type": "Feature", "properties": { "from_node": 371, "to_node": 376, "length_km": 17.981719085460398, "repair_iteration": null, "edge_source": null, "mst": true, "edge_set": "MST" }, "geometry": { "type": "LineString", "coordinates": [ [ 26.455078, 64.709668 ], [ 26.115875, 64.778222 ] ] } },
{ "type": "Feature", "properties": { "from_node": 372, "to_node": 379, "length_km": 29.420660293169931, "repair_iteration": null, "edge_source": null, "mst": true, "edge_set": "MST" }, "geometry": { "type": "LineString", "coordinates": [ [ 15.923309, 64.710254 ], [ 15.783234, 64.967159 ] ] } },
{ "type": "Feature", "properties": { "from_node": 373, "to_node": 377, "length_km": 26.657841297756537, "repair_iteration": null, "edge_source": null, "mst": true, "edge_set": "MST" }, "geometry": { "type": "LineString", "coordinates": [ [ 12.800446, 64.712014 ], [ 13.099823, 64.914228 ] ] } },
{ "type": "Feature", "properties": { "from_node": 376, "to_node": 378, "length_km": 21.165192725802036, "repair_iteration": null, "edge_source": null, "mst": true, "edge_set": "MST" }, "geometry": { "type": "LineString", "coordinates": [ [ 26.115875, 64.778222 ], [ 26.05957, 64.965416 ] ] } },
{ "type": "Feature", "properties": { "from_node": 377, "to_node": 383, "length_km": 35.989458076242755, "repair_iteration": null, "edge_source": null, "mst": true, "edge_set": "MST" }, "geometry": { "type": "LineString", "coordinates": [ [ 13.099823, 64.914228 ], [ 12.7565, 65.20262 ] ] } },
{ "type": "Feature", "properties": { "from_node": 378, "to_node": 380, "length_km": 11.959663979026592, "repair_iteration": null, "edge_source": null, "mst": true, "edge_set": "MST" }, "geometry": { "type": "LineString", "coordinates": [ [ 26.05957, 64.965416 ], [ 25.808258, 64.971807 ] ] } },
{ "type": "Feature", "properties": { "from_node": 379, "to_node": 388, "length_km": 48.61260809817874, "repair_iteration": null, "edge_source": null, "mst": true, "edge_set": "MST" }, "geometry": { "type": "LineString", "coordinates": [ [ 15.783234, 64.967159 ], [ 16.387482, 65.321005 ] ] } },
{ "type": "Feature", "properties": { "from_node": 380, "to_node": 386, "length_km": 34.93499468624595, "repair_iteration": null, "edge_source": null, "mst": true, "edge_set": "MST" }, "geometry": { "type": "LineString", "coordinates": [ [ 25.808258, 64.971807 ], [ 25.694275, 65.279688 ] ] } },
{ "type": "Feature", "properties": { "from_node": 381, "to_node": 384, "length_km": 34.073802283675064, "repair_iteration": null, "edge_source": null, "mst": true, "edge_set": "MST" }, "geometry": { "type": "LineString", "coordinates": [ [ 17.541046, 64.996778 ], [ 17.049408, 65.221045 ] ] } },
{ "type": "Feature", "properties": { "from_node": 382, "to_node": 385, "length_km": 72.389063183166272, "repair_iteration": null, "edge_source": null, "mst": true, "edge_set": "MST" }, "geometry": { "type": "LineString", "coordinates": [ [ 19.736938, 65.032742 ], [ 21.169281, 65.270498 ] ] } },
{ "type": "Feature", "properties": { "from_node": 384, "to_node": 387, "length_km": 11.896807285556729, "repair_iteration": null, "edge_source": null, "mst": true, "edge_set": "MST" }, "geometry": { "type": "LineString", "coordinates": [ [ 17.049408, 65.221045 ], [ 16.876373, 65.299207 ] ] } },
{ "type": "Feature", "properties": { "from_node": 385, "to_node": 394, "length_km": 66.125330169134116, "repair_iteration": null, "edge_source": null, "mst": true, "edge_set": "MST" }, "geometry": { "type": "LineString", "coordinates": [ [ 21.169281, 65.270498 ], [ 21.656799, 65.826407 ] ] } },
{ "type": "Feature", "properties": { "from_node": 386, "to_node": 397, "length_km": 83.704652142784397, "repair_iteration": null, "edge_source": null, "mst": true, "edge_set": "MST" }, "geometry": { "type": "LineString", "coordinates": [ [ 25.694275, 65.279688 ], [ 24.612122, 65.877531 ] ] } },
{ "type": "Feature", "properties": { "from_node": 387, "to_node": 389, "length_km": 20.498551179213223, "repair_iteration": null, "edge_source": null, "mst": true, "edge_set": "MST" }, "geometry": { "type": "LineString", "coordinates": [ [ 16.876373, 65.299207 ], [ 16.489105, 65.386291 ] ] } },
{ "type": "Feature", "properties": { "from_node": 388, "to_node": 389, "length_km": 8.6874922212287409, "repair_iteration": null, "edge_source": null, "mst": true, "edge_set": "MST" }, "geometry": { "type": "LineString", "coordinates": [ [ 16.387482, 65.321005 ], [ 16.489105, 65.386291 ] ] } },
{ "type": "Feature", "properties": { "from_node": 388, "to_node": 390, "length_km": 32.449325477198435, "repair_iteration": null, "edge_source": null, "mst": true, "edge_set": "MST" }, "geometry": { "type": "LineString", "coordinates": [ [ 16.387482, 65.321005 ], [ 15.812073, 65.485626 ] ] } },
{ "type": "Feature", "properties": { "from_node": 390, "to_node": 392, "length_km": 47.09042618857719, "repair_iteration": null, "edge_source": null, "mst": true, "edge_set": "MST" }, "geometry": { "type": "LineString", "coordinates": [ [ 15.812073, 65.485626 ], [ 14.965643971847902, 65.721629736713297 ] ] } },
{ "type": "Feature", "properties": { "from_node": 391, "to_node": 392, "length_km": 14.231603858840066, "repair_iteration": null, "edge_source": null, "mst": true, "edge_set": "MST" }, "geometry": { "type": "LineString", "coordinates": [ [ 14.765625, 65.62429 ], [ 14.965643971847902, 65.721629736713297 ] ] } },
{ "type": "Feature", "properties": { "from_node": 392, "to_node": 402, "length_km": 71.740677244030536, "repair_iteration": null, "edge_source": null, "mst": true, "edge_set": "MST" }, "geometry": { "type": "LineString", "coordinates": [ [ 14.965643971847902, 65.721629736713297 ], [ 14.191589, 66.282328 ] ] } },
{ "type": "Feature", "properties": { "from_node": 393, "to_node": 397, "length_km": 14.118860611577324, "repair_iteration": null, "edge_source": null, "mst": true, "edge_set": "MST" }, "geometry": { "type": "LineString", "coordinates": [ [ 24.411621, 65.781941 ], [ 24.612122, 65.877531 ] ] } },
{ "type": "Feature", "properties": { "from_node": 393, "to_node": 395, "length_km": 60.542546476268207, "repair_iteration": null, "edge_source": null, "mst": true, "edge_set": "MST" }, "geometry": { "type": "LineString", "coordinates": [ [ 24.411621, 65.781941 ], [ 23.100128, 65.837089 ] ] } },
{ "type": "Feature", "properties": { "from_node": 394, "to_node": 398, "length_km": 65.974761709228744, "repair_iteration": null, "edge_source": null, "mst": true, "edge_set": "MST" }, "geometry": { "type": "LineString", "coordinates": [ [ 21.656799, 65.826407 ], [ 23.072662, 65.938074 ] ] } },
{ "type": "Feature", "properties": { "from_node": 394, "to_node": 408, "length_km": 93.993751690937302, "repair_iteration": null, "edge_source": null, "mst": true, "edge_set": "MST" }, "geometry": { "type": "LineString", "coordinates": [ [ 21.656799, 65.826407 ], [ 20.429077, 66.505049 ] ] } },
{ "type": "Feature", "properties": { "from_node": 395, "to_node": 398, "length_km": 11.369587837046542, "repair_iteration": null, "edge_source": null, "mst": true, "edge_set": "MST" }, "geometry": { "type": "LineString", "coordinates": [ [ 23.100128, 65.837089 ], [ 23.072662, 65.938074 ] ] } },
{ "type": "Feature", "properties": { "from_node": 396, "to_node": 401, "length_km": 39.942125745716375, "repair_iteration": null, "edge_source": null, "mst": true, "edge_set": "MST" }, "geometry": { "type": "LineString", "coordinates": [ [ 13.289337, 65.841024 ], [ 13.763123, 66.142743 ] ] } },
{ "type": "Feature", "properties": { "from_node": 397, "to_node": 399, "length_km": 18.373429221683917, "repair_iteration": null, "edge_source": null, "mst": true, "edge_set": "MST" }, "geometry": { "type": "LineString", "coordinates": [ [ 24.612122, 65.877531 ], [ 24.892273, 65.995123 ] ] } },
{ "type": "Feature", "properties": { "from_node": 399, "to_node": 400, "length_km": 18.17319528818285, "repair_iteration": null, "edge_source": null, "mst": true, "edge_set": "MST" }, "geometry": { "type": "LineString", "coordinates": [ [ 24.892273, 65.995123 ], [ 25.069427, 66.140521 ] ] } },
{ "type": "Feature", "properties": { "from_node": 400, "to_node": 403, "length_km": 22.57184402240906, "repair_iteration": null, "edge_source": null, "mst": true, "edge_set": "MST" }, "geometry": { "type": "LineString", "coordinates": [ [ 25.069427, 66.140521 ], [ 25.415497, 66.285642 ] ] } },
{ "type": "Feature", "properties": { "from_node": 401, "to_node": 402, "length_km": 24.792952984817934, "repair_iteration": null, "edge_source": null, "mst": true, "edge_set": "MST" }, "geometry": { "type": "LineString", "coordinates": [ [ 13.763123, 66.142743 ], [ 14.191589, 66.282328 ] ] } },
{ "type": "Feature", "properties": { "from_node": 402, "to_node": 410, "length_km": 50.458316541719789, "repair_iteration": null, "edge_source": null, "mst": true, "edge_set": "MST" }, "geometry": { "type": "LineString", "coordinates": [ [ 14.191589, 66.282328 ], [ 13.807068, 66.707884 ] ] } },
{ "type": "Feature", "properties": { "from_node": 403, "to_node": 406, "length_km": 19.748404721078209, "repair_iteration": null, "edge_source": null, "mst": true, "edge_set": "MST" }, "geometry": { "type": "LineString", "coordinates": [ [ 25.415497, 66.285642 ], [ 25.717621, 66.413451 ] ] } },
{ "type": "Feature", "properties": { "from_node": 404, "to_node": 405, "length_km": 12.921932072769129, "repair_iteration": null, "edge_source": null, "mst": true, "edge_set": "MST" }, "geometry": { "type": "LineString", "coordinates": [ [ 27.030487, 66.33089 ], [ 26.769562, 66.378809 ] ] } },
{ "type": "Feature", "properties": { "from_node": 404, "to_node": 407, "length_km": 21.292477341486133, "repair_iteration": null, "edge_source": null, "mst": true, "edge_set": "MST" }, "geometry": { "type": "LineString", "coordinates": [ [ 27.030487, 66.33089 ], [ 27.398529, 66.450241 ] ] } },
{ "type": "Feature", "properties": { "from_node": 405, "to_node": 406, "length_km": 47.432871907650139, "repair_iteration": null, "edge_source": null, "mst": true, "edge_set": "MST" }, "geometry": { "type": "LineString", "coordinates": [ [ 26.769562, 66.378809 ], [ 25.717621, 66.413451 ] ] } },
{ "type": "Feature", "properties": { "from_node": 407, "to_node": 415, "length_km": 88.326429539416338, "repair_iteration": null, "edge_source": null, "mst": true, "edge_set": "MST" }, "geometry": { "type": "LineString", "coordinates": [ [ 27.398529, 66.450241 ], [ 27.387543, 67.23753 ] ] } },
{ "type": "Feature", "properties": { "from_node": 408, "to_node": 409, "length_km": 18.382501622526156, "repair_iteration": null, "edge_source": null, "mst": true, "edge_set": "MST" }, "geometry": { "type": "LineString", "coordinates": [ [ 20.429077, 66.505049 ], [ 20.452423, 66.669299 ] ] } },
{ "type": "Feature", "properties": { "from_node": 409, "to_node": 411, "length_km": 19.546186235373352, "repair_iteration": null, "edge_source": null, "mst": true, "edge_set": "MST" }, "geometry": { "type": "LineString", "coordinates": [ [ 20.452423, 66.669299 ], [ 20.037689, 66.729595 ] ] } },
{ "type": "Feature", "properties": { "from_node": 411, "to_node": 412, "length_km": 14.813500325550033, "repair_iteration": null, "edge_source": null, "mst": true, "edge_set": "MST" }, "geometry": { "type": "LineString", "coordinates": [ [ 20.037689, 66.729595 ], [ 19.864655, 66.843267 ] ] } },
{ "type": "Feature", "properties": { "from_node": 412, "to_node": 414, "length_km": 14.740948353838123, "repair_iteration": null, "edge_source": null, "mst": true, "edge_set": "MST" }, "geometry": { "type": "LineString", "coordinates": [ [ 19.864655, 66.843267 ], [ 19.866028, 66.975221 ] ] } },
{ "type": "Feature", "properties": { "from_node": 413, "to_node": 414, "length_km": 53.633823066542114, "repair_iteration": null, "edge_source": null, "mst": true, "edge_set": "MST" }, "geometry": { "type": "LineString", "coordinates": [ [ 18.639679, 66.970387 ], [ 19.866028, 66.975221 ] ] } },
{ "type": "Feature", "properties": { "from_node": 413, "to_node": 417, "length_km": 59.517149480128694, "repair_iteration": null, "edge_source": null, "mst": true, "edge_set": "MST" }, "geometry": { "type": "LineString", "coordinates": [ [ 18.639679, 66.970387 ], [ 18.366394, 67.492803 ] ] } },
{ "type": "Feature", "properties": { "from_node": 415, "to_node": 421, "length_km": 47.665931070721555, "repair_iteration": null, "edge_source": null, "mst": true, "edge_set": "MST" }, "geometry": { "type": "LineString", "coordinates": [ [ 27.387543, 67.23753 ], [ 26.820374, 67.602419 ] ] } },
{ "type": "Feature", "properties": { "from_node": 416, "to_node": 420, "length_km": 34.792244347523223, "repair_iteration": null, "edge_source": null, "mst": true, "edge_set": "MST" }, "geometry": { "type": "LineString", "coordinates": [ [ 15.757141, 67.288485 ], [ 15.850525, 67.598233 ] ] } },
{ "type": "Feature", "properties": { "from_node": 417, "to_node": 422, "length_km": 20.641838416888007, "repair_iteration": null, "edge_source": null, "mst": true, "edge_set": "MST" }, "geometry": { "type": "LineString", "coordinates": [ [ 18.366394, 67.492803 ], [ 17.992859, 67.610267 ] ] } },
{ "type": "Feature", "properties": { "from_node": 418, "to_node": 419, "length_km": 44.717950583846921, "repair_iteration": null, "edge_source": null, "mst": true, "edge_set": "MST" }, "geometry": { "type": "LineString", "coordinates": [ [ 25.085907, 67.498059 ], [ 26.098022, 67.596139 ] ] } },
{ "type": "Feature", "properties": { "from_node": 419, "to_node": 421, "length_km": 30.893367210048652, "repair_iteration": null, "edge_source": null, "mst": true, "edge_set": "MST" }, "geometry": { "type": "LineString", "coordinates": [ [ 26.098022, 67.596139 ], [ 26.820374, 67.602419 ] ] } },
{ "type": "Feature", "properties": { "from_node": 420, "to_node": 423, "length_km": 87.012572216982363, "repair_iteration": null, "edge_source": null, "mst": true, "edge_set": "MST" }, "geometry": { "type": "LineString", "coordinates": [ [ 15.850525, 67.598233 ], [ 17.288361, 68.158786 ] ] } },
{ "type": "Feature", "properties": { "from_node": 422, "to_node": 423, "length_km": 68.025729632768929, "repair_iteration": null, "edge_source": null, "mst": true, "edge_set": "MST" }, "geometry": { "type": "LineString", "coordinates": [ [ 17.992859, 67.610267 ], [ 17.288361, 68.158786 ] ] } },
{ "type": "Feature", "properties": { "from_node": 423, "to_node": 424, "length_km": 41.768901647219451, "repair_iteration": null, "edge_source": null, "mst": true, "edge_set": "MST" }, "geometry": { "type": "LineString", "coordinates": [ [ 17.288361, 68.158786 ], [ 17.579498, 68.517173 ] ] } },
{ "type": "Feature", "properties": { "from_node": 424, "to_node": 426, "length_km": 78.016443933672534, "repair_iteration": null, "edge_source": null, "mst": true, "edge_set": "MST" }, "geometry": { "type": "LineString", "coordinates": [ [ 17.579498, 68.517173 ], [ 18.864899, 69.038124 ] ] } },
{ "type": "Feature", "properties": { "from_node": 425, "to_node": 430, "length_km": 116.71293052717654, "repair_iteration": null, "edge_source": null, "mst": true, "edge_set": "MST" }, "geometry": { "type": "LineString", "coordinates": [ [ 27.674561, 68.645556 ], [ 29.549103, 69.440681 ] ] } },
{ "type": "Feature", "properties": { "from_node": 426, "to_node": 427, "length_km": 22.290869683350838, "repair_iteration": null, "edge_source": null, "mst": true, "edge_set": "MST" }, "geometry": { "type": "LineString", "coordinates": [ [ 18.864899, 69.038124 ], [ 19.24942, 69.183065 ] ] } },
{ "type": "Feature", "properties": { "from_node": 427, "to_node": 428, "length_km": 45.248601028669455, "repair_iteration": null, "edge_source": null, "mst": true, "edge_set": "MST" }, "geometry": { "type": "LineString", "coordinates": [ [ 19.24942, 69.183065 ], [ 20.376892, 69.243986 ] ] } },
{ "type": "Feature", "properties": { "from_node": 428, "to_node": 429, "length_km": 33.571392311526346, "repair_iteration": null, "edge_source": null, "mst": true, "edge_set": "MST" }, "geometry": { "type": "LineString", "coordinates": [ [ 20.376892, 69.243986 ], [ 21.041565, 69.431516 ] ] } },
{ "type": "Feature", "properties": { "from_node": 428, "to_node": 431, "length_km": 41.392247064990798, "repair_iteration": null, "edge_source": null, "mst": true, "edge_set": "MST" }, "geometry": { "type": "LineString", "coordinates": [ [ 20.376892, 69.243986 ], [ 19.820709, 69.558512 ] ] } },
{ "type": "Feature", "properties": { "from_node": 429, "to_node": 435, "length_km": 53.175036577215309, "repair_iteration": null, "edge_source": null, "mst": true, "edge_set": "MST" }, "geometry": { "type": "LineString", "coordinates": [ [ 21.041565, 69.431516 ], [ 22.138824, 69.713346 ] ] } },
{ "type": "Feature", "properties": { "from_node": 430, "to_node": 434, "length_km": 35.189753526954817, "repair_iteration": null, "edge_source": null, "mst": true, "edge_set": "MST" }, "geometry": { "type": "LineString", "coordinates": [ [ 29.549103, 69.440681 ], [ 30.120392, 69.682374 ] ] } },
{ "type": "Feature", "properties": { "from_node": 431, "to_node": 432, "length_km": 26.725472484211217, "repair_iteration": null, "edge_source": null, "mst": true, "edge_set": "MST" }, "geometry": { "type": "LineString", "coordinates": [ [ 19.820709, 69.558512 ], [ 19.158783, 69.620772 ] ] } },
{ "type": "Feature", "properties": { "from_node": 433, "to_node": 438, "length_km": 36.142958064333634, "repair_iteration": null, "edge_source": null, "mst": true, "edge_set": "MST" }, "geometry": { "type": "LineString", "coordinates": [ [ 23.990021, 69.68142 ], [ 23.410492, 69.935012 ] ] } },
{ "type": "Feature", "properties": { "from_node": 433, "to_node": 439, "length_km": 54.793605964741943, "repair_iteration": null, "edge_source": null, "mst": true, "edge_set": "MST" }, "geometry": { "type": "LineString", "coordinates": [ [ 23.990021, 69.68142 ], [ 25.157318, 69.959498 ] ] } },
{ "type": "Feature", "properties": { "from_node": 434, "to_node": 440, "length_km": 80.430628990490661, "repair_iteration": null, "edge_source": null, "mst": true, "edge_set": "MST" }, "geometry": { "type": "LineString", "coordinates": [ [ 30.120392, 69.682374 ], [ 28.572693, 70.163212 ] ] } },
{ "type": "Feature", "properties": { "from_node": 435, "to_node": 438, "length_km": 54.98767242897425, "repair_iteration": null, "edge_source": null, "mst": true, "edge_set": "MST" }, "geometry": { "type": "LineString", "coordinates": [ [ 22.138824, 69.713346 ], [ 23.410492, 69.935012 ] ] } },
{ "type": "Feature", "properties": { "from_node": 436, "to_node": 437, "length_km": 8.2047420191219231, "repair_iteration": null, "edge_source": null, "mst": true, "edge_set": "MST" }, "geometry": { "type": "LineString", "coordinates": [ [ 27.239227, 69.817839 ], [ 27.071686, 69.862801 ] ] } },
{ "type": "Feature", "properties": { "from_node": 436, "to_node": 440, "length_km": 64.179225161889391, "repair_iteration": null, "edge_source": null, "mst": true, "edge_set": "MST" }, "geometry": { "type": "LineString", "coordinates": [ [ 27.239227, 69.817839 ], [ 28.572693, 70.163212 ] ] } },
{ "type": "Feature", "properties": { "from_node": 437, "to_node": 441, "length_km": 51.576637124187918, "repair_iteration": null, "edge_source": null, "mst": true, "edge_set": "MST" }, "geometry": { "type": "LineString", "coordinates": [ [ 27.071686, 69.862801 ], [ 26.545715, 70.286801 ] ] } },
{ "type": "Feature", "properties": { "from_node": 439, "to_node": 442, "length_km": 49.675638922185897, "repair_iteration": null, "edge_source": null, "mst": true, "edge_set": "MST" }, "geometry": { "type": "LineString", "coordinates": [ [ 25.157318, 69.959498 ], [ 24.613495, 70.363091 ] ] } },
{ "type": "Feature", "properties": { "from_node": 439, "to_node": 441, "length_km": 64.351635391996481, "repair_iteration": null, "edge_source": null, "mst": true, "edge_set": "MST" }, "geometry": { "type": "LineString", "coordinates": [ [ 25.157318, 69.959498 ], [ 26.545715, 70.286801 ] ] } }
]
}
