{
"type": "FeatureCollection",
"name": "n490_delaunay_raw",
"crs": { "type": "name", "properties": { "name": "urn:ogc:def:crs:OGC:1.3:CRS84" } },
"features": [
{ "type": "Feature", "properties": { "from_node": 0, "to_node": 1, "length_km": 10.628642701527369 }, "geometry": { "type": "LineString", "coordinates": [ [ 11.661987, 54.548173 ], [ 11.501312, 54.568081 ] ] } },
{ "type": "Feature", "properties": { "from_node": 0, "to_node": 2, "length_km": 21.429551117130277 }, "geometry": { "type": "LineString", "coordinates": [ [ 11.661987, 54.548173 ], [ 11.504059, 54.717482 ] ] } },
{ "type": "Feature", "properties": { "from_node": 0, "to_node": 3, "length_km": 30.343195786756159 }, "geometry": { "type": "LineString", "coordinates": [ [ 11.661987, 54.548173 ], [ 11.965485, 54.756331 ] ] } },
{ "type": "Feature", "properties": { "from_node": 0, "to_node": 4, "length_km": 25.937530464111443 }, "geometry": { "type": "LineString", "coordinates": [ [ 11.661987, 54.548173 ], [ 11.712799, 54.779306 ] ] } },
{ "type": "Feature", "properties": { "from_node": 0, "to_node": 60, "length_km": 271.14071261933697 }, "geometry": { "type": "LineString", "coordinates": [ [ 11.661987, 54.548173 ], [ 14.845276, 56.173846 ] ] } },
{ "type": "Feature", "properties": { "from_node": 0, "to_node": 192, "length_km": 1093.5634115312107 }, "geometry": { "type": "LineString", "coordinates": [ [ 11.661987, 54.548173 ], [ 26.294403, 60.418598 ] ] } },
{ "type": "Feature", "properties": { "from_node": 1, "to_node": 2, "length_km": 16.631939868225754 }, "geometry": { "type": "LineString", "coordinates": [ [ 11.501312, 54.568081 ], [ 11.504059, 54.717482 ] ] } },
{ "type": "Feature", "properties": { "from_node": 1, "to_node": 6, "length_km": 38.910914252178586 }, "geometry": { "type": "LineString", "coordinates": [ [ 11.501312, 54.568081 ], [ 11.190948, 54.867915 ] ] } },
{ "type": "Feature", "properties": { "from_node": 1, "to_node": 85, "length_km": 554.06048047563479 }, "geometry": { "type": "LineString", "coordinates": [ [ 11.501312, 54.568081 ], [ 6.008148, 58.513066 ] ] } },
{ "type": "Feature", "properties": { "from_node": 2, "to_node": 4, "length_km": 15.101176275570243 }, "geometry": { "type": "LineString", "coordinates": [ [ 11.504059, 54.717482 ], [ 11.712799, 54.779306 ] ] } },
{ "type": "Feature", "properties": { "from_node": 2, "to_node": 6, "length_km": 26.19308537621632 }, "geometry": { "type": "LineString", "coordinates": [ [ 11.504059, 54.717482 ], [ 11.190948, 54.867915 ] ] } },
{ "type": "Feature", "properties": { "from_node": 3, "to_node": 4, "length_km": 16.463861678124161 }, "geometry": { "type": "LineString", "coordinates": [ [ 11.965485, 54.756331 ], [ 11.712799, 54.779306 ] ] } },
{ "type": "Feature", "properties": { "from_node": 3, "to_node": 5, "length_km": 11.797440499538979 }, "geometry": { "type": "LineString", "coordinates": [ [ 11.965485, 54.756331 ], [ 11.921539, 54.859221 ] ] } },
{ "type": "Feature", "properties": { "from_node": 3, "to_node": 29, "length_km": 120.4970775724518 }, "geometry": { "type": "LineString", "coordinates": [ [ 11.965485, 54.756331 ], [ 13.189087, 55.58145 ] ] } },
{ "type": "Feature", "properties": { "from_node": 3, "to_node": 60, "length_km": 241.03231495517008 }, "geometry": { "type": "LineString", "coordinates": [ [ 11.965485, 54.756331 ], [ 14.845276, 56.173846 ] ] } },
{ "type": "Feature", "properties": { "from_node": 4, "to_node": 5, "length_km": 16.09959684149845 }, "geometry": { "type": "LineString", "coordinates": [ [ 11.712799, 54.779306 ], [ 11.921539, 54.859221 ] ] } },
{ "type": "Feature", "properties": { "from_node": 4, "to_node": 6, "length_km": 34.962265087875686 }, "geometry": { "type": "LineString", "coordinates": [ [ 11.712799, 54.779306 ], [ 11.190948, 54.867915 ] ] } },
{ "type": "Feature", "properties": { "from_node": 4, "to_node": 7, "length_km": 18.946011651187465 }, "geometry": { "type": "LineString", "coordinates": [ [ 11.712799, 54.779306 ], [ 11.851501, 54.929509 ] ] } },
{ "type": "Feature", "properties": { "from_node": 5, "to_node": 7, "length_km": 9.023401887695476 }, "geometry": { "type": "LineString", "coordinates": [ [ 11.921539, 54.859221 ], [ 11.851501, 54.929509 ] ] } },
{ "type": "Feature", "properties": { "from_node": 5, "to_node": 8, "length_km": 14.897814968336974 }, "geometry": { "type": "LineString", "coordinates": [ [ 11.921539, 54.859221 ], [ 11.902313, 54.992585 ] ] } },
{ "type": "Feature", "properties": { "from_node": 5, "to_node": 29, "length_km": 113.90367940324161 }, "geometry": { "type": "LineString", "coordinates": [ [ 11.921539, 54.859221 ], [ 13.189087, 55.58145 ] ] } },
{ "type": "Feature", "properties": { "from_node": 6, "to_node": 7, "length_km": 42.929327391935225 }, "geometry": { "type": "LineString", "coordinates": [ [ 11.190948, 54.867915 ], [ 11.851501, 54.929509 ] ] } },
{ "type": "Feature", "properties": { "from_node": 6, "to_node": 10, "length_km": 50.372269206060011 }, "geometry": { "type": "LineString", "coordinates": [ [ 11.190948, 54.867915 ], [ 11.797943, 55.15612 ] ] } },
{ "type": "Feature", "properties": { "from_node": 6, "to_node": 11, "length_km": 39.632358026489484 }, "geometry": { "type": "LineString", "coordinates": [ [ 11.190948, 54.867915 ], [ 11.295319, 55.21884 ] ] } },
{ "type": "Feature", "properties": { "from_node": 6, "to_node": 34, "length_km": 88.565072699988136 }, "geometry": { "type": "LineString", "coordinates": [ [ 11.190948, 54.867915 ], [ 11.089325, 55.66132 ] ] } },
{ "type": "Feature", "properties": { "from_node": 6, "to_node": 78, "length_km": 452.6418574897167 }, "geometry": { "type": "LineString", "coordinates": [ [ 11.190948, 54.867915 ], [ 6.764832, 58.11344 ] ] } },
{ "type": "Feature", "properties": { "from_node": 6, "to_node": 85, "length_km": 515.27679617028048 }, "geometry": { "type": "LineString", "coordinates": [ [ 11.190948, 54.867915 ], [ 6.008148, 58.513066 ] ] } },
{ "type": "Feature", "properties": { "from_node": 7, "to_node": 8, "length_km": 7.7396489377349988 }, "geometry": { "type": "LineString", "coordinates": [ [ 11.851501, 54.929509 ], [ 11.902313, 54.992585 ] ] } },
{ "type": "Feature", "properties": { "from_node": 7, "to_node": 10, "length_km": 25.459077337829868 }, "geometry": { "type": "LineString", "coordinates": [ [ 11.851501, 54.929509 ], [ 11.797943, 55.15612 ] ] } },
{ "type": "Feature", "properties": { "from_node": 8, "to_node": 9, "length_km": 15.18349729686461 }, "geometry": { "type": "LineString", "coordinates": [ [ 11.902313, 54.992585 ], [ 11.932526, 55.127864 ] ] } },
{ "type": "Feature", "properties": { "from_node": 8, "to_node": 10, "length_km": 19.388175342892048 }, "geometry": { "type": "LineString", "coordinates": [ [ 11.902313, 54.992585 ], [ 11.797943, 55.15612 ] ] } },
{ "type": "Feature", "properties": { "from_node": 8, "to_node": 29, "length_km": 104.80147316082922 }, "geometry": { "type": "LineString", "coordinates": [ [ 11.902313, 54.992585 ], [ 13.189087, 55.58145 ] ] } },
{ "type": "Feature", "properties": { "from_node": 9, "to_node": 10, "length_km": 9.1406066010591775 }, "geometry": { "type": "LineString", "coordinates": [ [ 11.932526, 55.127864 ], [ 11.797943, 55.15612 ] ] } },
{ "type": "Feature", "properties": { "from_node": 9, "to_node": 12, "length_km": 10.390313359641848 }, "geometry": { "type": "LineString", "coordinates": [ [ 11.932526, 55.127864 ], [ 11.933899, 55.22119 ] ] } },
{ "type": "Feature", "properties": { "from_node": 9, "to_node": 18, "length_km": 25.523503306841263 }, "geometry": { "type": "LineString", "coordinates": [ [ 11.932526, 55.127864 ], [ 12.024536, 55.351012 ] ] } },
{ "type": "Feature", "properties": { "from_node": 9, "to_node": 29, "length_km": 94.35868613360752 }, "geometry": { "type": "LineString", "coordinates": [ [ 11.932526, 55.127864 ], [ 13.189087, 55.58145 ] ] } },
{ "type": "Feature", "properties": { "from_node": 10, "to_node": 11, "length_km": 32.767667307791591 }, "geometry": { "type": "LineString", "coordinates": [ [ 11.797943, 55.15612 ], [ 11.295319, 55.21884 ] ] } },
{ "type": "Feature", "properties": { "from_node": 10, "to_node": 12, "length_km": 11.290212035987953 }, "geometry": { "type": "LineString", "coordinates": [ [ 11.797943, 55.15612 ], [ 11.933899, 55.22119 ] ] } },
{ "type": "Feature", "properties": { "from_node": 10, "to_node": 13, "length_km": 8.0934713261885243 }, "geometry": { "type": "LineString", "coordinates": [ [ 11.797943, 55.15612 ], [ 11.762238, 55.22589 ] ] } },
{ "type": "Feature", "properties": { "from_node": 10, "to_node": 14, "length_km": 26.233054529978254 }, "geometry": { "type": "LineString", "coordinates": [ [ 11.797943, 55.15612 ], [ 11.416168, 55.244684 ] ] } },
{ "type": "Feature", "properties": { "from_node": 10, "to_node": 15, "length_km": 11.488365748144311 }, "geometry": { "type": "LineString", "coordinates": [ [ 11.797943, 55.15612 ], [ 11.8480685, 55.255251001923504 ] ] } },
{ "type": "Feature", "properties": { "from_node": 11, "to_node": 14, "length_km": 8.2097095075150808 }, "geometry": { "type": "LineString", "coordinates": [ [ 11.295319, 55.21884 ], [ 11.416168, 55.244684 ] ] } },
{ "type": "Feature", "properties": { "from_node": 11, "to_node": 22, "length_km": 26.565632333594841 }, "geometry": { "type": "LineString", "coordinates": [ [ 11.295319, 55.21884 ], [ 11.348877, 55.455499 ] ] } },
{ "type": "Feature", "properties": { "from_node": 11, "to_node": 25, "length_km": 37.034841468655308 }, "geometry": { "type": "LineString", "coordinates": [ [ 11.295319, 55.21884 ], [ 11.211548, 55.548058 ] ] } },
{ "type": "Feature", "properties": { "from_node": 11, "to_node": 34, "length_km": 50.958386838847865 }, "geometry": { "type": "LineString", "coordinates": [ [ 11.295319, 55.21884 ], [ 11.089325, 55.66132 ] ] } },
{ "type": "Feature", "properties": { "from_node": 12, "to_node": 15, "length_km": 6.6477863991020296 }, "geometry": { "type": "LineString", "coordinates": [ [ 11.933899, 55.22119 ], [ 11.8480685, 55.255251001923504 ] ] } },
{ "type": "Feature", "properties": { "from_node": 12, "to_node": 16, "length_km": 8.3697331166319948 }, "geometry": { "type": "LineString", "coordinates": [ [ 11.933899, 55.22119 ], [ 11.90094, 55.293974 ] ] } },
{ "type": "Feature", "properties": { "from_node": 12, "to_node": 18, "length_km": 15.558456331623747 }, "geometry": { "type": "LineString", "coordinates": [ [ 11.933899, 55.22119 ], [ 12.024536, 55.351012 ] ] } },
{ "type": "Feature", "properties": { "from_node": 13, "to_node": 14, "length_km": 22.116066917728553 }, "geometry": { "type": "LineString", "coordinates": [ [ 11.762238, 55.22589 ], [ 11.416168, 55.244684 ] ] } },
{ "type": "Feature", "properties": { "from_node": 13, "to_node": 15, "length_km": 6.3635364897609996 }, "geometry": { "type": "LineString", "coordinates": [ [ 11.762238, 55.22589 ], [ 11.8480685, 55.255251001923504 ] ] } },
{ "type": "Feature", "properties": { "from_node": 13, "to_node": 17, "length_km": 10.781038666763065 }, "geometry": { "type": "LineString", "coordinates": [ [ 11.762238, 55.22589 ], [ 11.715546, 55.318987 ] ] } },
{ "type": "Feature", "properties": { "from_node": 14, "to_node": 17, "length_km": 20.744722740474565 }, "geometry": { "type": "LineString", "coordinates": [ [ 11.416168, 55.244684 ], [ 11.715546, 55.318987 ] ] } },
{ "type": "Feature", "properties": { "from_node": 14, "to_node": 22, "length_km": 23.855199764982 }, "geometry": { "type": "LineString", "coordinates": [ [ 11.416168, 55.244684 ], [ 11.348877, 55.455499 ] ] } },
{ "type": "Feature", "properties": { "from_node": 15, "to_node": 16, "length_km": 5.4660374072011493 }, "geometry": { "type": "LineString", "coordinates": [ [ 11.8480685, 55.255251001923504 ], [ 11.90094, 55.293974 ] ] } },
{ "type": "Feature", "properties": { "from_node": 15, "to_node": 17, "length_km": 11.011299752271956 }, "geometry": { "type": "LineString", "coordinates": [ [ 11.8480685, 55.255251001923504 ], [ 11.715546, 55.318987 ] ] } },
{ "type": "Feature", "properties": { "from_node": 16, "to_node": 17, "length_km": 12.098579339027983 }, "geometry": { "type": "LineString", "coordinates": [ [ 11.90094, 55.293974 ], [ 11.715546, 55.318987 ] ] } },
{ "type": "Feature", "properties": { "from_node": 16, "to_node": 18, "length_km": 10.093837651420053 }, "geometry": { "type": "LineString", "coordinates": [ [ 11.90094, 55.293974 ], [ 12.024536, 55.351012 ] ] } },
{ "type": "Feature", "properties": { "from_node": 16, "to_node": 19, "length_km": 14.676951102743406 }, "geometry": { "type": "LineString", "coordinates": [ [ 11.90094, 55.293974 ], [ 11.727905, 55.381451 ] ] } },
{ "type": "Feature", "properties": { "from_node": 16, "to_node": 20, "length_km": 17.862881934052144 }, "geometry": { "type": "LineString", "coordinates": [ [ 11.90094, 55.293974 ], [ 11.786957, 55.4407 ] ] } },
{ "type": "Feature", "properties": { "from_node": 16, "to_node": 21, "length_km": 17.285777097612939 }, "geometry": { "type": "LineString", "coordinates": [ [ 11.90094, 55.293974 ], [ 11.961365, 55.445374 ] ] } },
{ "type": "Feature", "properties": { "from_node": 17, "to_node": 19, "length_km": 6.9982706522649138 }, "geometry": { "type": "LineString", "coordinates": [ [ 11.715546, 55.318987 ], [ 11.727905, 55.381451 ] ] } },
{ "type": "Feature", "properties": { "from_node": 17, "to_node": 22, "length_km": 27.766887332551434 }, "geometry": { "type": "LineString", "coordinates": [ [ 11.715546, 55.318987 ], [ 11.348877, 55.455499 ] ] } },
{ "type": "Feature", "properties": { "from_node": 18, "to_node": 21, "length_km": 11.242345794053122 }, "geometry": { "type": "LineString", "coordinates": [ [ 12.024536, 55.351012 ], [ 11.961365, 55.445374 ] ] } },
{ "type": "Feature", "properties": { "from_node": 18, "to_node": 24, "length_km": 18.887273674311558 }, "geometry": { "type": "LineString", "coordinates": [ [ 12.024536, 55.351012 ], [ 12.170105, 55.499083 ] ] } },
{ "type": "Feature", "properties": { "from_node": 18, "to_node": 29, "length_km": 78.00399198974074 }, "geometry": { "type": "LineString", "coordinates": [ [ 12.024536, 55.351012 ], [ 13.189087, 55.58145 ] ] } },
{ "type": "Feature", "properties": { "from_node": 19, "to_node": 20, "length_km": 7.5829987873788651 }, "geometry": { "type": "LineString", "coordinates": [ [ 11.727905, 55.381451 ], [ 11.786957, 55.4407 ] ] } },
{ "type": "Feature", "properties": { "from_node": 19, "to_node": 22, "length_km": 25.37891841593413 }, "geometry": { "type": "LineString", "coordinates": [ [ 11.727905, 55.381451 ], [ 11.348877, 55.455499 ] ] } },
{ "type": "Feature", "properties": { "from_node": 19, "to_node": 26, "length_km": 18.9043330514444 }, "geometry": { "type": "LineString", "coordinates": [ [ 11.727905, 55.381451 ], [ 11.670227, 55.548058 ] ] } },
{ "type": "Feature", "properties": { "from_node": 20, "to_node": 21, "length_km": 11.050270662435594 }, "geometry": { "type": "LineString", "coordinates": [ [ 11.786957, 55.4407 ], [ 11.961365, 55.445374 ] ] } },
{ "type": "Feature", "properties": { "from_node": 20, "to_node": 23, "length_km": 14.365668871731414 }, "geometry": { "type": "LineString", "coordinates": [ [ 11.786957, 55.4407 ], [ 11.990204, 55.498305 ] ] } },
{ "type": "Feature", "properties": { "from_node": 20, "to_node": 26, "length_km": 14.046358039624915 }, "geometry": { "type": "LineString", "coordinates": [ [ 11.786957, 55.4407 ], [ 11.670227, 55.548058 ] ] } },
{ "type": "Feature", "properties": { "from_node": 20, "to_node": 28, "length_km": 16.814684117286003 }, "geometry": { "type": "LineString", "coordinates": [ [ 11.786957, 55.4407 ], [ 11.949005, 55.560486 ] ] } },
{ "type": "Feature", "properties": { "from_node": 21, "to_node": 23, "length_km": 6.1688698586967012 }, "geometry": { "type": "LineString", "coordinates": [ [ 11.961365, 55.445374 ], [ 11.990204, 55.498305 ] ] } },
{ "type": "Feature", "properties": { "from_node": 21, "to_node": 24, "length_km": 14.492412942857595 }, "geometry": { "type": "LineString", "coordinates": [ [ 11.961365, 55.445374 ], [ 12.170105, 55.499083 ] ] } },
{ "type": "Feature", "properties": { "from_node": 22, "to_node": 25, "length_km": 13.47233231972441 }, "geometry": { "type": "LineString", "coordinates": [ [ 11.348877, 55.455499 ], [ 11.211548, 55.548058 ] ] } },
{ "type": "Feature", "properties": { "from_node": 22, "to_node": 26, "length_km": 22.772238015386211 }, "geometry": { "type": "LineString", "coordinates": [ [ 11.348877, 55.455499 ], [ 11.670227, 55.548058 ] ] } },
{ "type": "Feature", "properties": { "from_node": 23, "to_node": 24, "length_km": 11.37010900403515 }, "geometry": { "type": "LineString", "coordinates": [ [ 11.990204, 55.498305 ], [ 12.170105, 55.499083 ] ] } },
{ "type": "Feature", "properties": { "from_node": 23, "to_node": 28, "length_km": 7.3957429968405917 }, "geometry": { "type": "LineString", "coordinates": [ [ 11.990204, 55.498305 ], [ 11.949005, 55.560486 ] ] } },
{ "type": "Feature", "properties": { "from_node": 23, "to_node": 30, "length_km": 14.662132067802814 }, "geometry": { "type": "LineString", "coordinates": [ [ 11.990204, 55.498305 ], [ 12.108307, 55.611711 ] ] } },
{ "type": "Feature", "properties": { "from_node": 24, "to_node": 27, "length_km": 9.1952856603702209 }, "geometry": { "type": "LineString", "coordinates": [ [ 12.170105, 55.499083 ], [ 12.268982, 55.559709 ] ] } },
{ "type": "Feature", "properties": { "from_node": 24, "to_node": 29, "length_km": 64.986101423837155 }, "geometry": { "type": "LineString", "coordinates": [ [ 12.170105, 55.499083 ], [ 13.189087, 55.58145 ] ] } },
{ "type": "Feature", "properties": { "from_node": 24, "to_node": 30, "length_km": 13.132281342603028 }, "geometry": { "type": "LineString", "coordinates": [ [ 12.170105, 55.499083 ], [ 12.108307, 55.611711 ] ] } },
{ "type": "Feature", "properties": { "from_node": 25, "to_node": 26, "length_km": 28.951486837954771 }, "geometry": { "type": "LineString", "coordinates": [ [ 11.211548, 55.548058 ], [ 11.670227, 55.548058 ] ] } },
{ "type": "Feature", "properties": { "from_node": 25, "to_node": 34, "length_km": 14.776954000962679 }, "geometry": { "type": "LineString", "coordinates": [ [ 11.211548, 55.548058 ], [ 11.089325, 55.66132 ] ] } },
{ "type": "Feature", "properties": { "from_node": 25, "to_node": 39, "length_km": 28.985161828406287 }, "geometry": { "type": "LineString", "coordinates": [ [ 11.211548, 55.548058 ], [ 11.550751, 55.724017 ] ] } },
{ "type": "Feature", "properties": { "from_node": 26, "to_node": 28, "length_km": 17.648029291808349 }, "geometry": { "type": "LineString", "coordinates": [ [ 11.670227, 55.548058 ], [ 11.949005, 55.560486 ] ] } },
{ "type": "Feature", "properties": { "from_node": 26, "to_node": 33, "length_km": 17.865425557230758 }, "geometry": { "type": "LineString", "coordinates": [ [ 11.670227, 55.548058 ], [ 11.877594, 55.657447 ] ] } },
{ "type": "Feature", "properties": { "from_node": 26, "to_node": 39, "length_km": 20.985938839185653 }, "geometry": { "type": "LineString", "coordinates": [ [ 11.670227, 55.548058 ], [ 11.550751, 55.724017 ] ] } },
{ "type": "Feature", "properties": { "from_node": 27, "to_node": 29, "length_km": 58.099116722814173 }, "geometry": { "type": "LineString", "coordinates": [ [ 12.268982, 55.559709 ], [ 13.189087, 55.58145 ] ] } },
{ "type": "Feature", "properties": { "from_node": 27, "to_node": 30, "length_km": 11.669940769143341 }, "geometry": { "type": "LineString", "coordinates": [ [ 12.268982, 55.559709 ], [ 12.108307, 55.611711 ] ] } },
{ "type": "Feature", "properties": { "from_node": 27, "to_node": 31, "length_km": 8.3804296279425454 }, "geometry": { "type": "LineString", "coordinates": [ [ 12.268982, 55.559709 ], [ 12.362366, 55.613262 ] ] } },
{ "type": "Feature", "properties": { "from_node": 27, "to_node": 35, "length_km": 22.864169454994389 }, "geometry": { "type": "LineString", "coordinates": [ [ 12.268982, 55.559709 ], [ 12.583466, 55.662095 ] ] } },
{ "type": "Feature", "properties": { "from_node": 27, "to_node": 36, "length_km": 12.636397009144099 }, "geometry": { "type": "LineString", "coordinates": [ [ 12.268982, 55.559709 ], [ 12.311554, 55.670615 ] ] } },
{ "type": "Feature", "properties": { "from_node": 28, "to_node": 30, "length_km": 11.551658440915441 }, "geometry": { "type": "LineString", "coordinates": [ [ 11.949005, 55.560486 ], [ 12.108307, 55.611711 ] ] } },
{ "type": "Feature", "properties": { "from_node": 28, "to_node": 33, "length_km": 11.695936538334713 }, "geometry": { "type": "LineString", "coordinates": [ [ 11.949005, 55.560486 ], [ 11.877594, 55.657447 ] ] } },
{ "type": "Feature", "properties": { "from_node": 29, "to_node": 35, "length_km": 39.201683562996223 }, "geometry": { "type": "LineString", "coordinates": [ [ 13.189087, 55.58145 ], [ 12.583466, 55.662095 ] ] } },
{ "type": "Feature", "properties": { "from_node": 29, "to_node": 42, "length_km": 17.558607571788947 }, "geometry": { "type": "LineString", "coordinates": [ [ 13.189087, 55.58145 ], [ 13.145142, 55.737162 ] ] } },
{ "type": "Feature", "properties": { "from_node": 29, "to_node": 46, "length_km": 26.657492743986399 }, "geometry": { "type": "LineString", "coordinates": [ [ 13.189087, 55.58145 ], [ 12.970734, 55.786613 ] ] } },
{ "type": "Feature", "properties": { "from_node": 29, "to_node": 50, "length_km": 39.648818146472486 }, "geometry": { "type": "LineString", "coordinates": [ [ 13.189087, 55.58145 ], [ 13.580475, 55.86067 ] ] } },
{ "type": "Feature", "properties": { "from_node": 29, "to_node": 60, "length_km": 122.9052351380392 }, "geometry": { "type": "LineString", "coordinates": [ [ 13.189087, 55.58145 ], [ 14.845276, 56.173846 ] ] } },
{ "type": "Feature", "properties": { "from_node": 30, "to_node": 33, "length_km": 15.397186113270275 }, "geometry": { "type": "LineString", "coordinates": [ [ 12.108307, 55.611711 ], [ 11.877594, 55.657447 ] ] } },
{ "type": "Feature", "properties": { "from_node": 30, "to_node": 36, "length_km": 14.381450328086274 }, "geometry": { "type": "LineString", "coordinates": [ [ 12.108307, 55.611711 ], [ 12.311554, 55.670615 ] ] } },
{ "type": "Feature", "properties": { "from_node": 30, "to_node": 38, "length_km": 12.403081125064178 }, "geometry": { "type": "LineString", "coordinates": [ [ 12.108307, 55.611711 ], [ 12.242889, 55.693068 ] ] } },
{ "type": "Feature", "properties": { "from_node": 30, "to_node": 43, "length_km": 14.357580360578796 }, "geometry": { "type": "LineString", "coordinates": [ [ 12.108307, 55.611711 ], [ 12.154999, 55.737935 ] ] } },
{ "type": "Feature", "properties": { "from_node": 31, "to_node": 32, "length_km": 5.210329497389143 }, "geometry": { "type": "LineString", "coordinates": [ [ 12.362366, 55.613262 ], [ 12.415924, 55.648924 ] ] } },
{ "type": "Feature", "properties": { "from_node": 31, "to_node": 35, "length_km": 14.948714608827123 }, "geometry": { "type": "LineString", "coordinates": [ [ 12.362366, 55.613262 ], [ 12.583466, 55.662095 ] ] } },
{ "type": "Feature", "properties": { "from_node": 31, "to_node": 36, "length_km": 7.1425838113664684 }, "geometry": { "type": "LineString", "coordinates": [ [ 12.362366, 55.613262 ], [ 12.311554, 55.670615 ] ] } },
{ "type": "Feature", "properties": { "from_node": 32, "to_node": 35, "length_km": 10.648461722235561 }, "geometry": { "type": "LineString", "coordinates": [ [ 12.415924, 55.648924 ], [ 12.583466, 55.662095 ] ] } },
{ "type": "Feature", "properties": { "from_node": 32, "to_node": 36, "length_km": 6.9992949338312478 }, "geometry": { "type": "LineString", "coordinates": [ [ 12.415924, 55.648924 ], [ 12.311554, 55.670615 ] ] } },
{ "type": "Feature", "properties": { "from_node": 32, "to_node": 37, "length_km": 5.3342326608164834 }, "geometry": { "type": "LineString", "coordinates": [ [ 12.415924, 55.648924 ], [ 12.490645134825497, 55.671527244775099 ] ] } },
{ "type": "Feature", "properties": { "from_node": 32, "to_node": 44, "length_km": 12.599885918548205 }, "geometry": { "type": "LineString", "coordinates": [ [ 12.415924, 55.648924 ], [ 12.389832, 55.761123 ] ] } },
{ "type": "Feature", "properties": { "from_node": 33, "to_node": 39, "length_km": 21.850881691696799 }, "geometry": { "type": "LineString", "coordinates": [ [ 11.877594, 55.657447 ], [ 11.550751, 55.724017 ] ] } },
{ "type": "Feature", "properties": { "from_node": 33, "to_node": 43, "length_km": 19.610772694054553 }, "geometry": { "type": "LineString", "coordinates": [ [ 11.877594, 55.657447 ], [ 12.154999, 55.737935 ] ] } },
{ "type": "Feature", "properties": { "from_node": 33, "to_node": 48, "length_km": 17.740371063820927 }, "geometry": { "type": "LineString", "coordinates": [ [ 11.877594, 55.657447 ], [ 11.885834, 55.816715 ] ] } },
{ "type": "Feature", "properties": { "from_node": 34, "to_node": 39, "length_km": 29.845629123232619 }, "geometry": { "type": "LineString", "coordinates": [ [ 11.089325, 55.66132 ], [ 11.550751, 55.724017 ] ] } },
{ "type": "Feature", "properties": { "from_node": 34, "to_node": 51, "length_km": 41.527013012419403 }, "geometry": { "type": "LineString", "coordinates": [ [ 11.089325, 55.66132 ], [ 11.641388, 55.866835 ] ] } },
{ "type": "Feature", "properties": { "from_node": 34, "to_node": 67, "length_km": 198.67495952865536 }, "geometry": { "type": "LineString", "coordinates": [ [ 11.089325, 55.66132 ], [ 12.237396, 57.328745 ] ] } },
{ "type": "Feature", "properties": { "from_node": 34, "to_node": 78, "length_km": 379.51435719061243 }, "geometry": { "type": "LineString", "coordinates": [ [ 11.089325, 55.66132 ], [ 6.764832, 58.11344 ] ] } },
{ "type": "Feature", "properties": { "from_node": 34, "to_node": 79, "length_km": 340.2475529721213 }, "geometry": { "type": "LineString", "coordinates": [ [ 11.089325, 55.66132 ], [ 8.102417, 58.2445 ] ] } },
{ "type": "Feature", "properties": { "from_node": 35, "to_node": 37, "length_km": 5.9351986221862791 }, "geometry": { "type": "LineString", "coordinates": [ [ 12.583466, 55.662095 ], [ 12.490645134825497, 55.671527244775099 ] ] } },
{ "type": "Feature", "properties": { "from_node": 35, "to_node": 40, "length_km": 8.0159741480045685 }, "geometry": { "type": "LineString", "coordinates": [ [ 12.583466, 55.662095 ], [ 12.580719, 55.73407 ] ] } },
{ "type": "Feature", "properties": { "from_node": 35, "to_node": 41, "length_km": 8.8401638898101567 }, "geometry": { "type": "LineString", "coordinates": [ [ 12.583466, 55.662095 ], [ 12.527161, 55.734843 ] ] } },
{ "type": "Feature", "properties": { "from_node": 35, "to_node": 46, "length_km": 28.009464071483261 }, "geometry": { "type": "LineString", "coordinates": [ [ 12.583466, 55.662095 ], [ 12.970734, 55.786613 ] ] } },
{ "type": "Feature", "properties": { "from_node": 36, "to_node": 38, "length_km": 4.9908227399924829 }, "geometry": { "type": "LineString", "coordinates": [ [ 12.311554, 55.670615 ], [ 12.242889, 55.693068 ] ] } },
{ "type": "Feature", "properties": { "from_node": 36, "to_node": 44, "length_km": 11.21435629146197 }, "geometry": { "type": "LineString", "coordinates": [ [ 12.311554, 55.670615 ], [ 12.389832, 55.761123 ] ] } },
{ "type": "Feature", "properties": { "from_node": 37, "to_node": 41, "length_km": 7.4143232502491259 }, "geometry": { "type": "LineString", "coordinates": [ [ 12.490645134825497, 55.671527244775099 ], [ 12.527161, 55.734843 ] ] } },
{ "type": "Feature", "properties": { "from_node": 37, "to_node": 44, "length_km": 11.818225047007081 }, "geometry": { "type": "LineString", "coordinates": [ [ 12.490645134825497, 55.671527244775099 ], [ 12.389832, 55.761123 ] ] } },
{ "type": "Feature", "properties": { "from_node": 38, "to_node": 43, "length_km": 7.4479538525756439 }, "geometry": { "type": "LineString", "coordinates": [ [ 12.242889, 55.693068 ], [ 12.154999, 55.737935 ] ] } },
{ "type": "Feature", "properties": { "from_node": 38, "to_node": 44, "length_km": 11.944433859679254 }, "geometry": { "type": "LineString", "coordinates": [ [ 12.242889, 55.693068 ], [ 12.389832, 55.761123 ] ] } },
{ "type": "Feature", "properties": { "from_node": 38, "to_node": 45, "length_km": 7.9233244877639564 }, "geometry": { "type": "LineString", "coordinates": [ [ 12.242889, 55.693068 ], [ 12.240143, 55.764213 ] ] } },
{ "type": "Feature", "properties": { "from_node": 39, "to_node": 48, "length_km": 23.426844280972574 }, "geometry": { "type": "LineString", "coordinates": [ [ 11.550751, 55.724017 ], [ 11.885834, 55.816715 ] ] } },
{ "type": "Feature", "properties": { "from_node": 39, "to_node": 51, "length_km": 16.886934514001307 }, "geometry": { "type": "LineString", "coordinates": [ [ 11.550751, 55.724017 ], [ 11.641388, 55.866835 ] ] } },
{ "type": "Feature", "properties": { "from_node": 40, "to_node": 41, "length_km": 3.3658822414989231 }, "geometry": { "type": "LineString", "coordinates": [ [ 12.580719, 55.73407 ], [ 12.527161, 55.734843 ] ] } },
{ "type": "Feature", "properties": { "from_node": 40, "to_node": 46, "length_km": 25.176404480673742 }, "geometry": { "type": "LineString", "coordinates": [ [ 12.580719, 55.73407 ], [ 12.970734, 55.786613 ] ] } },
{ "type": "Feature", "properties": { "from_node": 40, "to_node": 47, "length_km": 6.9593306905323358 }, "geometry": { "type": "LineString", "coordinates": [ [ 12.580719, 55.73407 ], [ 12.56424, 55.795877 ] ] } },
{ "type": "Feature", "properties": { "from_node": 41, "to_node": 44, "length_km": 9.1074867571376501 }, "geometry": { "type": "LineString", "coordinates": [ [ 12.527161, 55.734843 ], [ 12.389832, 55.761123 ] ] } },
{ "type": "Feature", "properties": { "from_node": 41, "to_node": 47, "length_km": 7.1834864133349576 }, "geometry": { "type": "LineString", "coordinates": [ [ 12.527161, 55.734843 ], [ 12.56424, 55.795877 ] ] } },
{ "type": "Feature", "properties": { "from_node": 42, "to_node": 46, "length_km": 12.256898655648689 }, "geometry": { "type": "LineString", "coordinates": [ [ 13.145142, 55.737162 ], [ 12.970734, 55.786613 ] ] } },
{ "type": "Feature", "properties": { "from_node": 42, "to_node": 50, "length_km": 30.576287855423573 }, "geometry": { "type": "LineString", "coordinates": [ [ 13.145142, 55.737162 ], [ 13.580475, 55.86067 ] ] } },
{ "type": "Feature", "properties": { "from_node": 42, "to_node": 58, "length_km": 39.406848218021793 }, "geometry": { "type": "LineString", "coordinates": [ [ 13.145142, 55.737162 ], [ 12.933655, 56.070502 ] ] } },
{ "type": "Feature", "properties": { "from_node": 43, "to_node": 45, "length_km": 6.0949016679233408 }, "geometry": { "type": "LineString", "coordinates": [ [ 12.154999, 55.737935 ], [ 12.240143, 55.764213 ] ] } },
{ "type": "Feature", "properties": { "from_node": 43, "to_node": 48, "length_km": 19.03261671568649 }, "geometry": { "type": "LineString", "coordinates": [ [ 12.154999, 55.737935 ], [ 11.885834, 55.816715 ] ] } },
{ "type": "Feature", "properties": { "from_node": 43, "to_node": 49, "length_km": 10.622269277650949 }, "geometry": { "type": "LineString", "coordinates": [ [ 12.154999, 55.737935 ], [ 12.23465, 55.822116 ] ] } },
{ "type": "Feature", "properties": { "from_node": 44, "to_node": 45, "length_km": 9.403478112636579 }, "geometry": { "type": "LineString", "coordinates": [ [ 12.389832, 55.761123 ], [ 12.240143, 55.764213 ] ] } },
{ "type": "Feature", "properties": { "from_node": 44, "to_node": 47, "length_km": 11.608704548613467 }, "geometry": { "type": "LineString", "coordinates": [ [ 12.389832, 55.761123 ], [ 12.56424, 55.795877 ] ] } },
{ "type": "Feature", "properties": { "from_node": 44, "to_node": 49, "length_km": 11.869576006202294 }, "geometry": { "type": "LineString", "coordinates": [ [ 12.389832, 55.761123 ], [ 12.23465, 55.822116 ] ] } },
{ "type": "Feature", "properties": { "from_node": 44, "to_node": 54, "length_km": 20.120030586931438 }, "geometry": { "type": "LineString", "coordinates": [ [ 12.389832, 55.761123 ], [ 12.474976, 55.935356 ] ] } },
{ "type": "Feature", "properties": { "from_node": 44, "to_node": 55, "length_km": 20.172657714331649 }, "geometry": { "type": "LineString", "coordinates": [ [ 12.389832, 55.761123 ], [ 12.385712, 55.942279 ] ] } },
{ "type": "Feature", "properties": { "from_node": 45, "to_node": 49, "length_km": 6.4563174145078088 }, "geometry": { "type": "LineString", "coordinates": [ [ 12.240143, 55.764213 ], [ 12.23465, 55.822116 ] ] } },
{ "type": "Feature", "properties": { "from_node": 46, "to_node": 47, "length_km": 25.522441352480818 }, "geometry": { "type": "LineString", "coordinates": [ [ 12.970734, 55.786613 ], [ 12.56424, 55.795877 ] ] } },
{ "type": "Feature", "properties": { "from_node": 46, "to_node": 53, "length_km": 32.625083264735892 }, "geometry": { "type": "LineString", "coordinates": [ [ 12.970734, 55.786613 ], [ 12.520294, 55.933818 ] ] } },
{ "type": "Feature", "properties": { "from_node": 46, "to_node": 58, "length_km": 31.697514916066616 }, "geometry": { "type": "LineString", "coordinates": [ [ 12.970734, 55.786613 ], [ 12.933655, 56.070502 ] ] } },
{ "type": "Feature", "properties": { "from_node": 47, "to_node": 53, "length_km": 15.604022884895977 }, "geometry": { "type": "LineString", "coordinates": [ [ 12.56424, 55.795877 ], [ 12.520294, 55.933818 ] ] } },
{ "type": "Feature", "properties": { "from_node": 47, "to_node": 54, "length_km": 16.505795012899195 }, "geometry": { "type": "LineString", "coordinates": [ [ 12.56424, 55.795877 ], [ 12.474976, 55.935356 ] ] } },
{ "type": "Feature", "properties": { "from_node": 48, "to_node": 49, "length_km": 21.873954285321496 }, "geometry": { "type": "LineString", "coordinates": [ [ 11.885834, 55.816715 ], [ 12.23465, 55.822116 ] ] } },
{ "type": "Feature", "properties": { "from_node": 48, "to_node": 51, "length_km": 16.299207671204137 }, "geometry": { "type": "LineString", "coordinates": [ [ 11.885834, 55.816715 ], [ 11.641388, 55.866835 ] ] } },
{ "type": "Feature", "properties": { "from_node": 48, "to_node": 56, "length_km": 20.22781417298679 }, "geometry": { "type": "LineString", "coordinates": [ [ 11.885834, 55.816715 ], [ 12.061615, 55.969187 ] ] } },
{ "type": "Feature", "properties": { "from_node": 49, "to_node": 52, "length_km": 10.222885782209438 }, "geometry": { "type": "LineString", "coordinates": [ [ 12.23465, 55.822116 ], [ 12.22641, 55.913812 ] ] } },
{ "type": "Feature", "properties": { "from_node": 49, "to_node": 55, "length_km": 16.382888426050531 }, "geometry": { "type": "LineString", "coordinates": [ [ 12.23465, 55.822116 ], [ 12.385712, 55.942279 ] ] } },
{ "type": "Feature", "properties": { "from_node": 49, "to_node": 56, "length_km": 19.630383722933999 }, "geometry": { "type": "LineString", "coordinates": [ [ 12.23465, 55.822116 ], [ 12.061615, 55.969187 ] ] } },
{ "type": "Feature", "properties": { "from_node": 50, "to_node": 58, "length_km": 46.671214141396064 }, "geometry": { "type": "LineString", "coordinates": [ [ 13.580475, 55.86067 ], [ 12.933655, 56.070502 ] ] } },
{ "type": "Feature", "properties": { "from_node": 50, "to_node": 59, "length_km": 49.887491358654323 }, "geometry": { "type": "LineString", "coordinates": [ [ 13.580475, 55.86067 ], [ 12.984467, 56.159318 ] ] } },
{ "type": "Feature", "properties": { "from_node": 50, "to_node": 60, "length_km": 86.276903813046317 }, "geometry": { "type": "LineString", "coordinates": [ [ 13.580475, 55.86067 ], [ 14.845276, 56.173846 ] ] } },
{ "type": "Feature", "properties": { "from_node": 50, "to_node": 61, "length_km": 87.548053252538764 }, "geometry": { "type": "LineString", "coordinates": [ [ 13.580475, 55.86067 ], [ 14.790344, 56.260134 ] ] } },
{ "type": "Feature", "properties": { "from_node": 50, "to_node": 62, "length_km": 89.319362934388153 }, "geometry": { "type": "LineString", "coordinates": [ [ 13.580475, 55.86067 ], [ 14.749146, 56.325675 ] ] } },
{ "type": "Feature", "properties": { "from_node": 51, "to_node": 56, "length_km": 28.640050537656045 }, "geometry": { "type": "LineString", "coordinates": [ [ 11.641388, 55.866835 ], [ 12.061615, 55.969187 ] ] } },
{ "type": "Feature", "properties": { "from_node": 51, "to_node": 67, "length_km": 166.85605186339006 }, "geometry": { "type": "LineString", "coordinates": [ [ 11.641388, 55.866835 ], [ 12.237396, 57.328745 ] ] } },
{ "type": "Feature", "properties": { "from_node": 52, "to_node": 55, "length_km": 10.450573243393608 }, "geometry": { "type": "LineString", "coordinates": [ [ 12.22641, 55.913812 ], [ 12.385712, 55.942279 ] ] } },
{ "type": "Feature", "properties": { "from_node": 52, "to_node": 56, "length_km": 12.002668224577979 }, "geometry": { "type": "LineString", "coordinates": [ [ 12.22641, 55.913812 ], [ 12.061615, 55.969187 ] ] } },
{ "type": "Feature", "properties": { "from_node": 53, "to_node": 54, "length_km": 2.8376713702691214 }, "geometry": { "type": "LineString", "coordinates": [ [ 12.520294, 55.933818 ], [ 12.474976, 55.935356 ] ] } },
{ "type": "Feature", "properties": { "from_node": 53, "to_node": 57, "length_km": 12.553232625847063 }, "geometry": { "type": "LineString", "coordinates": [ [ 12.520294, 55.933818 ], [ 12.571106, 56.042897 ] ] } },
{ "type": "Feature", "properties": { "from_node": 53, "to_node": 58, "length_km": 29.947881013958344 }, "geometry": { "type": "LineString", "coordinates": [ [ 12.520294, 55.933818 ], [ 12.933655, 56.070502 ] ] } },
{ "type": "Feature", "properties": { "from_node": 54, "to_node": 55, "length_km": 5.6316024148747665 }, "geometry": { "type": "LineString", "coordinates": [ [ 12.474976, 55.935356 ], [ 12.385712, 55.942279 ] ] } },
{ "type": "Feature", "properties": { "from_node": 54, "to_node": 57, "length_km": 13.393771155147691 }, "geometry": { "type": "LineString", "coordinates": [ [ 12.474976, 55.935356 ], [ 12.571106, 56.042897 ] ] } },
{ "type": "Feature", "properties": { "from_node": 55, "to_node": 56, "length_km": 20.46583829134789 }, "geometry": { "type": "LineString", "coordinates": [ [ 12.385712, 55.942279 ], [ 12.061615, 55.969187 ] ] } },
{ "type": "Feature", "properties": { "from_node": 55, "to_node": 57, "length_km": 16.105774551277527 }, "geometry": { "type": "LineString", "coordinates": [ [ 12.385712, 55.942279 ], [ 12.571106, 56.042897 ] ] } },
{ "type": "Feature", "properties": { "from_node": 56, "to_node": 57, "length_km": 32.827829977417124 }, "geometry": { "type": "LineString", "coordinates": [ [ 12.061615, 55.969187 ], [ 12.571106, 56.042897 ] ] } },
{ "type": "Feature", "properties": { "from_node": 56, "to_node": 64, "length_km": 106.22523734135177 }, "geometry": { "type": "LineString", "coordinates": [ [ 12.061615, 55.969187 ], [ 12.991333, 56.771541 ] ] } },
{ "type": "Feature", "properties": { "from_node": 56, "to_node": 67, "length_km": 151.78087533343839 }, "geometry": { "type": "LineString", "coordinates": [ [ 12.061615, 55.969187 ], [ 12.237396, 57.328745 ] ] } },
{ "type": "Feature", "properties": { "from_node": 57, "to_node": 58, "length_km": 22.797863442096897 }, "geometry": { "type": "LineString", "coordinates": [ [ 12.571106, 56.042897 ], [ 12.933655, 56.070502 ] ] } },
{ "type": "Feature", "properties": { "from_node": 57, "to_node": 59, "length_km": 28.808020581517678 }, "geometry": { "type": "LineString", "coordinates": [ [ 12.571106, 56.042897 ], [ 12.984467, 56.159318 ] ] } },
{ "type": "Feature", "properties": { "from_node": 57, "to_node": 64, "length_km": 85.189408975500456 }, "geometry": { "type": "LineString", "coordinates": [ [ 12.571106, 56.042897 ], [ 12.991333, 56.771541 ] ] } },
{ "type": "Feature", "properties": { "from_node": 58, "to_node": 59, "length_km": 10.383407463293675 }, "geometry": { "type": "LineString", "coordinates": [ [ 12.933655, 56.070502 ], [ 12.984467, 56.159318 ] ] } },
{ "type": "Feature", "properties": { "from_node": 59, "to_node": 62, "length_km": 111.00267517260376 }, "geometry": { "type": "LineString", "coordinates": [ [ 12.984467, 56.159318 ], [ 14.749146, 56.325675 ] ] } },
{ "type": "Feature", "properties": { "from_node": 59, "to_node": 64, "length_km": 68.181889496217508 }, "geometry": { "type": "LineString", "coordinates": [ [ 12.984467, 56.159318 ], [ 12.991333, 56.771541 ] ] } },
{ "type": "Feature", "properties": { "from_node": 59, "to_node": 65, "length_km": 113.41701908627515 }, "geometry": { "type": "LineString", "coordinates": [ [ 12.984467, 56.159318 ], [ 14.40033, 56.809901 ] ] } },
{ "type": "Feature", "properties": { "from_node": 60, "to_node": 61, "length_km": 10.200363900259129 }, "geometry": { "type": "LineString", "coordinates": [ [ 14.845276, 56.173846 ], [ 14.790344, 56.260134 ] ] } },
{ "type": "Feature", "properties": { "from_node": 60, "to_node": 63, "length_km": 68.303401613378782 }, "geometry": { "type": "LineString", "coordinates": [ [ 14.845276, 56.173846 ], [ 15.542908, 56.649432 ] ] } },
{ "type": "Feature", "properties": { "from_node": 60, "to_node": 192, "length_km": 822.42867765945687 }, "geometry": { "type": "LineString", "coordinates": [ [ 14.845276, 56.173846 ], [ 26.294403, 60.418598 ] ] } },
{ "type": "Feature", "properties": { "from_node": 61, "to_node": 62, "length_km": 7.7352146440344178 }, "geometry": { "type": "LineString", "coordinates": [ [ 14.790344, 56.260134 ], [ 14.749146, 56.325675 ] ] } },
{ "type": "Feature", "properties": { "from_node": 61, "to_node": 63, "length_km": 63.543432357098098 }, "geometry": { "type": "LineString", "coordinates": [ [ 14.790344, 56.260134 ], [ 15.542908, 56.649432 ] ] } },
{ "type": "Feature", "properties": { "from_node": 62, "to_node": 63, "length_km": 60.793650496404226 }, "geometry": { "type": "LineString", "coordinates": [ [ 14.749146, 56.325675 ], [ 15.542908, 56.649432 ] ] } },
{ "type": "Feature", "properties": { "from_node": 62, "to_node": 65, "length_km": 58.056003364971737 }, "geometry": { "type": "LineString", "coordinates": [ [ 14.749146, 56.325675 ], [ 14.40033, 56.809901 ] ] } },
{ "type": "Feature", "properties": { "from_node": 63, "to_node": 65, "length_km": 72.230665913761541 }, "geometry": { "type": "LineString", "coordinates": [ [ 15.542908, 56.649432 ], [ 14.40033, 56.809901 ] ] } },
{ "type": "Feature", "properties": { "from_node": 63, "to_node": 69, "length_km": 110.98629210405348 }, "geometry": { "type": "LineString", "coordinates": [ [ 15.542908, 56.649432 ], [ 16.660767, 57.43682 ] ] } },
{ "type": "Feature", "properties": { "from_node": 63, "to_node": 75, "length_km": 139.55336855643878 }, "geometry": { "type": "LineString", "coordinates": [ [ 15.542908, 56.649432 ], [ 14.625549, 57.798676 ] ] } },
{ "type": "Feature", "properties": { "from_node": 63, "to_node": 168, "length_km": 616.05421621753771 }, "geometry": { "type": "LineString", "coordinates": [ [ 15.542908, 56.649432 ], [ 23.819733, 60.047704 ] ] } },
{ "type": "Feature", "properties": { "from_node": 63, "to_node": 192, "length_km": 755.51299561252267 }, "geometry": { "type": "LineString", "coordinates": [ [ 15.542908, 56.649432 ], [ 26.294403, 60.418598 ] ] } },
{ "type": "Feature", "properties": { "from_node": 64, "to_node": 65, "length_km": 86.235951740605969 }, "geometry": { "type": "LineString", "coordinates": [ [ 12.991333, 56.771541 ], [ 14.40033, 56.809901 ] ] } },
{ "type": "Feature", "properties": { "from_node": 64, "to_node": 66, "length_km": 19.047432463683879 }, "geometry": { "type": "LineString", "coordinates": [ [ 12.991333, 56.771541 ], [ 13.066864, 56.937483 ] ] } },
{ "type": "Feature", "properties": { "from_node": 64, "to_node": 67, "length_km": 77.102728292411342 }, "geometry": { "type": "LineString", "coordinates": [ [ 12.991333, 56.771541 ], [ 12.237396, 57.328745 ] ] } },
{ "type": "Feature", "properties": { "from_node": 65, "to_node": 66, "length_km": 82.565672537334521 }, "geometry": { "type": "LineString", "coordinates": [ [ 14.40033, 56.809901 ], [ 13.066864, 56.937483 ] ] } },
{ "type": "Feature", "properties": { "from_node": 65, "to_node": 70, "length_km": 100.7468121043478 }, "geometry": { "type": "LineString", "coordinates": [ [ 14.40033, 56.809901 ], [ 13.414307, 57.53868 ] ] } },
{ "type": "Feature", "properties": { "from_node": 65, "to_node": 73, "length_km": 102.00281426783779 }, "geometry": { "type": "LineString", "coordinates": [ [ 14.40033, 56.809901 ], [ 14.197083, 57.718819 ] ] } },
{ "type": "Feature", "properties": { "from_node": 65, "to_node": 75, "length_km": 111.00008764861884 }, "geometry": { "type": "LineString", "coordinates": [ [ 14.40033, 56.809901 ], [ 14.625549, 57.798676 ] ] } },
{ "type": "Feature", "properties": { "from_node": 66, "to_node": 67, "length_km": 66.498794505525083 }, "geometry": { "type": "LineString", "coordinates": [ [ 13.066864, 56.937483 ], [ 12.237396, 57.328745 ] ] } },
{ "type": "Feature", "properties": { "from_node": 66, "to_node": 68, "length_km": 52.418704863398681 }, "geometry": { "type": "LineString", "coordinates": [ [ 13.066864, 56.937483 ], [ 12.671356, 57.356164 ] ] } },
{ "type": "Feature", "properties": { "from_node": 66, "to_node": 70, "length_km": 70.173835233892461 }, "geometry": { "type": "LineString", "coordinates": [ [ 13.066864, 56.937483 ], [ 13.414307, 57.53868 ] ] } },
{ "type": "Feature", "properties": { "from_node": 67, "to_node": 68, "length_km": 26.309463891585821 }, "geometry": { "type": "LineString", "coordinates": [ [ 12.237396, 57.328745 ], [ 12.671356, 57.356164 ] ] } },
{ "type": "Feature", "properties": { "from_node": 67, "to_node": 71, "length_km": 31.302152187231361 }, "geometry": { "type": "LineString", "coordinates": [ [ 12.237396, 57.328745 ], [ 12.562866, 57.548261 ] ] } },
{ "type": "Feature", "properties": { "from_node": 67, "to_node": 72, "length_km": 28.214907799887722 }, "geometry": { "type": "LineString", "coordinates": [ [ 12.237396, 57.328745 ], [ 12.087708, 57.568888 ] ] } },
{ "type": "Feature", "properties": { "from_node": 67, "to_node": 79, "length_km": 266.24924838511151 }, "geometry": { "type": "LineString", "coordinates": [ [ 12.237396, 57.328745 ], [ 8.102417, 58.2445 ] ] } },
{ "type": "Feature", "properties": { "from_node": 68, "to_node": 70, "length_km": 49.026915411332617 }, "geometry": { "type": "LineString", "coordinates": [ [ 12.671356, 57.356164 ], [ 13.414307, 57.53868 ] ] } },
{ "type": "Feature", "properties": { "from_node": 68, "to_node": 71, "length_km": 22.364713546323447 }, "geometry": { "type": "LineString", "coordinates": [ [ 12.671356, 57.356164 ], [ 12.562866, 57.548261 ] ] } },
{ "type": "Feature", "properties": { "from_node": 69, "to_node": 75, "length_km": 128.23321305065383 }, "geometry": { "type": "LineString", "coordinates": [ [ 16.660767, 57.43682 ], [ 14.625549, 57.798676 ] ] } },
{ "type": "Feature", "properties": { "from_node": 69, "to_node": 81, "length_km": 128.46559927660681 }, "geometry": { "type": "LineString", "coordinates": [ [ 16.660767, 57.43682 ], [ 15.195465, 58.28423 ] ] } },
{ "type": "Feature", "properties": { "from_node": 69, "to_node": 84, "length_km": 122.41867833389887 }, "geometry": { "type": "LineString", "coordinates": [ [ 16.660767, 57.43682 ], [ 16.096344, 58.492976 ] ] } },
{ "type": "Feature", "properties": { "from_node": 69, "to_node": 103, "length_km": 202.93379081139665 }, "geometry": { "type": "LineString", "coordinates": [ [ 16.660767, 57.43682 ], [ 18.124695, 59.084327 ] ] } },
{ "type": "Feature", "properties": { "from_node": 69, "to_node": 104, "length_km": 199.48682703582099 }, "geometry": { "type": "LineString", "coordinates": [ [ 16.660767, 57.43682 ], [ 17.932434, 59.094909 ] ] } },
{ "type": "Feature", "properties": { "from_node": 69, "to_node": 168, "length_km": 507.62329208813821 }, "geometry": { "type": "LineString", "coordinates": [ [ 16.660767, 57.43682 ], [ 23.819733, 60.047704 ] ] } },
{ "type": "Feature", "properties": { "from_node": 70, "to_node": 71, "length_km": 51.004927552726834 }, "geometry": { "type": "LineString", "coordinates": [ [ 13.414307, 57.53868 ], [ 12.562866, 57.548261 ] ] } },
{ "type": "Feature", "properties": { "from_node": 70, "to_node": 73, "length_km": 50.901456426439488 }, "geometry": { "type": "LineString", "coordinates": [ [ 13.414307, 57.53868 ], [ 14.197083, 57.718819 ] ] } },
{ "type": "Feature", "properties": { "from_node": 70, "to_node": 76, "length_km": 67.554346515823667 }, "geometry": { "type": "LineString", "coordinates": [ [ 13.414307, 57.53868 ], [ 12.407684, 57.816235 ] ] } },
{ "type": "Feature", "properties": { "from_node": 70, "to_node": 86, "length_km": 117.15415545116913 }, "geometry": { "type": "LineString", "coordinates": [ [ 13.414307, 57.53868 ], [ 13.878479, 58.56109 ] ] } },
{ "type": "Feature", "properties": { "from_node": 71, "to_node": 72, "length_km": 28.536434957041212 }, "geometry": { "type": "LineString", "coordinates": [ [ 12.562866, 57.548261 ], [ 12.087708, 57.568888 ] ] } },
{ "type": "Feature", "properties": { "from_node": 71, "to_node": 76, "length_km": 31.249686661319462 }, "geometry": { "type": "LineString", "coordinates": [ [ 12.562866, 57.548261 ], [ 12.407684, 57.816235 ] ] } },
{ "type": "Feature", "properties": { "from_node": 72, "to_node": 74, "length_km": 19.236978463067057 }, "geometry": { "type": "LineString", "coordinates": [ [ 12.087708, 57.568888 ], [ 11.954498, 57.726153 ] ] } },
{ "type": "Feature", "properties": { "from_node": 72, "to_node": 76, "length_km": 33.513061924661905 }, "geometry": { "type": "LineString", "coordinates": [ [ 12.087708, 57.568888 ], [ 12.407684, 57.816235 ] ] } },
{ "type": "Feature", "properties": { "from_node": 72, "to_node": 79, "length_km": 247.95386786499924 }, "geometry": { "type": "LineString", "coordinates": [ [ 12.087708, 57.568888 ], [ 8.102417, 58.2445 ] ] } },
{ "type": "Feature", "properties": { "from_node": 73, "to_node": 75, "length_km": 27.024181037313614 }, "geometry": { "type": "LineString", "coordinates": [ [ 14.197083, 57.718819 ], [ 14.625549, 57.798676 ] ] } },
{ "type": "Feature", "properties": { "from_node": 73, "to_node": 86, "length_km": 95.701566326523292 }, "geometry": { "type": "LineString", "coordinates": [ [ 14.197083, 57.718819 ], [ 13.878479, 58.56109 ] ] } },
{ "type": "Feature", "properties": { "from_node": 74, "to_node": 76, "length_km": 28.77568909471313 }, "geometry": { "type": "LineString", "coordinates": [ [ 11.954498, 57.726153 ], [ 12.407684, 57.816235 ] ] } },
{ "type": "Feature", "properties": { "from_node": 74, "to_node": 77, "length_km": 31.628900158968676 }, "geometry": { "type": "LineString", "coordinates": [ [ 11.954498, 57.726153 ], [ 12.244263, 57.964417 ] ] } },
{ "type": "Feature", "properties": { "from_node": 74, "to_node": 79, "length_km": 235.07053331724964 }, "geometry": { "type": "LineString", "coordinates": [ [ 11.954498, 57.726153 ], [ 8.102417, 58.2445 ] ] } },
{ "type": "Feature", "properties": { "from_node": 74, "to_node": 82, "length_km": 67.555969620775102 }, "geometry": { "type": "LineString", "coordinates": [ [ 11.954498, 57.726153 ], [ 12.299194, 58.304438 ] ] } },
{ "type": "Feature", "properties": { "from_node": 74, "to_node": 87, "length_km": 209.36967256143348 }, "geometry": { "type": "LineString", "coordinates": [ [ 11.954498, 57.726153 ], [ 8.782196, 58.575413 ] ] } },
{ "type": "Feature", "properties": { "from_node": 74, "to_node": 91, "length_km": 120.60278284409812 }, "geometry": { "type": "LineString", "coordinates": [ [ 11.954498, 57.726153 ], [ 11.629028, 58.795248 ] ] } },
{ "type": "Feature", "properties": { "from_node": 75, "to_node": 81, "length_km": 63.736010867313695 }, "geometry": { "type": "LineString", "coordinates": [ [ 14.625549, 57.798676 ], [ 15.195465, 58.28423 ] ] } },
{ "type": "Feature", "properties": { "from_node": 75, "to_node": 86, "length_km": 95.65434879416398 }, "geometry": { "type": "LineString", "coordinates": [ [ 14.625549, 57.798676 ], [ 13.878479, 58.56109 ] ] } },
{ "type": "Feature", "properties": { "from_node": 75, "to_node": 88, "length_km": 94.084208209257 }, "geometry": { "type": "LineString", "coordinates": [ [ 14.625549, 57.798676 ], [ 14.111938, 58.598318 ] ] } },
{ "type": "Feature", "properties": { "from_node": 76, "to_node": 77, "length_km": 19.140808565032138 }, "geometry": { "type": "LineString", "coordinates": [ [ 12.407684, 57.816235 ], [ 12.244263, 57.964417 ] ] } },
{ "type": "Feature", "properties": { "from_node": 76, "to_node": 82, "length_km": 54.754172175401642 }, "geometry": { "type": "LineString", "coordinates": [ [ 12.407684, 57.816235 ], [ 12.299194, 58.304438 ] ] } },
{ "type": "Feature", "properties": { "from_node": 76, "to_node": 86, "length_km": 119.87817210427042 }, "geometry": { "type": "LineString", "coordinates": [ [ 12.407684, 57.816235 ], [ 13.878479, 58.56109 ] ] } },
{ "type": "Feature", "properties": { "from_node": 77, "to_node": 82, "length_km": 38.01128028182373 }, "geometry": { "type": "LineString", "coordinates": [ [ 12.244263, 57.964417 ], [ 12.299194, 58.304438 ] ] } },
{ "type": "Feature", "properties": { "from_node": 78, "to_node": 79, "length_km": 80.093058732669036 }, "geometry": { "type": "LineString", "coordinates": [ [ 6.764832, 58.11344 ], [ 8.102417, 58.2445 ] ] } },
{ "type": "Feature", "properties": { "from_node": 78, "to_node": 80, "length_km": 23.250437223857226 }, "geometry": { "type": "LineString", "coordinates": [ [ 6.764832, 58.11344 ], [ 7.001038, 58.28062 ] ] } },
{ "type": "Feature", "properties": { "from_node": 78, "to_node": 83, "length_km": 31.528057859363379 }, "geometry": { "type": "LineString", "coordinates": [ [ 6.764832, 58.11344 ], [ 6.554718, 58.373638 ] ] } },
{ "type": "Feature", "properties": { "from_node": 78, "to_node": 85, "length_km": 62.900859803986783 }, "geometry": { "type": "LineString", "coordinates": [ [ 6.764832, 58.11344 ], [ 6.008148, 58.513066 ] ] } },
{ "type": "Feature", "properties": { "from_node": 79, "to_node": 80, "length_km": 64.81380016112027 }, "geometry": { "type": "LineString", "coordinates": [ [ 8.102417, 58.2445 ], [ 7.001038, 58.28062 ] ] } },
{ "type": "Feature", "properties": { "from_node": 79, "to_node": 87, "length_km": 54.217998387611502 }, "geometry": { "type": "LineString", "coordinates": [ [ 8.102417, 58.2445 ], [ 8.782196, 58.575413 ] ] } },
{ "type": "Feature", "properties": { "from_node": 79, "to_node": 93, "length_km": 87.956861159209538 }, "geometry": { "type": "LineString", "coordinates": [ [ 8.102417, 58.2445 ], [ 7.115021, 58.841464 ] ] } },
{ "type": "Feature", "properties": { "from_node": 79, "to_node": 97, "length_km": 84.254321683736691 }, "geometry": { "type": "LineString", "coordinates": [ [ 8.102417, 58.2445 ], [ 7.727509, 58.974791 ] ] } },
{ "type": "Feature", "properties": { "from_node": 80, "to_node": 83, "length_km": 28.153010570403183 }, "geometry": { "type": "LineString", "coordinates": [ [ 7.001038, 58.28062 ], [ 6.554718, 58.373638 ] ] } },
{ "type": "Feature", "properties": { "from_node": 80, "to_node": 89, "length_km": 43.53638086726167 }, "geometry": { "type": "LineString", "coordinates": [ [ 7.001038, 58.28062 ], [ 6.82251, 58.659799 ] ] } },
{ "type": "Feature", "properties": { "from_node": 80, "to_node": 93, "length_km": 62.869701741849553 }, "geometry": { "type": "LineString", "coordinates": [ [ 7.001038, 58.28062 ], [ 7.115021, 58.841464 ] ] } },
{ "type": "Feature", "properties": { "from_node": 81, "to_node": 84, "length_km": 57.640314791580714 }, "geometry": { "type": "LineString", "coordinates": [ [ 15.195465, 58.28423 ], [ 16.096344, 58.492976 ] ] } },
{ "type": "Feature", "properties": { "from_node": 81, "to_node": 88, "length_km": 72.342060335298257 }, "geometry": { "type": "LineString", "coordinates": [ [ 15.195465, 58.28423 ], [ 14.111938, 58.598318 ] ] } },
{ "type": "Feature", "properties": { "from_node": 81, "to_node": 90, "length_km": 67.848232018139555 }, "geometry": { "type": "LineString", "coordinates": [ [ 15.195465, 58.28423 ], [ 16.035919, 58.70477 ] ] } },
{ "type": "Feature", "properties": { "from_node": 81, "to_node": 101, "length_km": 85.576240439232834 }, "geometry": { "type": "LineString", "coordinates": [ [ 15.195465, 58.28423 ], [ 15.125427, 59.05115 ] ] } },
{ "type": "Feature", "properties": { "from_node": 82, "to_node": 86, "length_km": 96.597308728284858 }, "geometry": { "type": "LineString", "coordinates": [ [ 12.299194, 58.304438 ], [ 13.878479, 58.56109 ] ] } },
{ "type": "Feature", "properties": { "from_node": 82, "to_node": 91, "length_km": 67.167462431362836 }, "geometry": { "type": "LineString", "coordinates": [ [ 12.299194, 58.304438 ], [ 11.629028, 58.795248 ] ] } },
{ "type": "Feature", "properties": { "from_node": 82, "to_node": 119, "length_km": 121.56299316195073 }, "geometry": { "type": "LineString", "coordinates": [ [ 12.299194, 58.304438 ], [ 12.9776, 59.337392 ] ] } },
{ "type": "Feature", "properties": { "from_node": 83, "to_node": 85, "length_km": 35.534868110234633 }, "geometry": { "type": "LineString", "coordinates": [ [ 6.554718, 58.373638 ], [ 6.008148, 58.513066 ] ] } },
{ "type": "Feature", "properties": { "from_node": 83, "to_node": 89, "length_km": 35.521772766828342 }, "geometry": { "type": "LineString", "coordinates": [ [ 6.554718, 58.373638 ], [ 6.82251, 58.659799 ] ] } },
{ "type": "Feature", "properties": { "from_node": 84, "to_node": 90, "length_km": 23.874012598529259 }, "geometry": { "type": "LineString", "coordinates": [ [ 16.096344, 58.492976 ], [ 16.035919, 58.70477 ] ] } },
{ "type": "Feature", "properties": { "from_node": 84, "to_node": 98, "length_km": 63.851785975759569 }, "geometry": { "type": "LineString", "coordinates": [ [ 16.096344, 58.492976 ], [ 16.660767, 58.984699 ] ] } },
{ "type": "Feature", "properties": { "from_node": 84, "to_node": 104, "length_km": 125.72344409616359 }, "geometry": { "type": "LineString", "coordinates": [ [ 16.096344, 58.492976 ], [ 17.932434, 59.094909 ] ] } },
{ "type": "Feature", "properties": { "from_node": 85, "to_node": 89, "length_km": 50.156056779114692 }, "geometry": { "type": "LineString", "coordinates": [ [ 6.008148, 58.513066 ], [ 6.82251, 58.659799 ] ] } },
{ "type": "Feature", "properties": { "from_node": 85, "to_node": 92, "length_km": 37.886306861615388 }, "geometry": { "type": "LineString", "coordinates": [ [ 6.008148, 58.513066 ], [ 5.756836, 58.82654 ] ] } },
{ "type": "Feature", "properties": { "from_node": 85, "to_node": 94, "length_km": 59.550294474722207 }, "geometry": { "type": "LineString", "coordinates": [ [ 6.008148, 58.513066 ], [ 6.756592, 58.878393 ] ] } },
{ "type": "Feature", "properties": { "from_node": 85, "to_node": 113, "length_km": 90.422993630210996 }, "geometry": { "type": "LineString", "coordinates": [ [ 6.008148, 58.513066 ], [ 5.262451, 59.225853 ] ] } },
{ "type": "Feature", "properties": { "from_node": 86, "to_node": 88, "length_km": 14.204570550233079 }, "geometry": { "type": "LineString", "coordinates": [ [ 13.878479, 58.56109 ], [ 14.111938, 58.598318 ] ] } },
{ "type": "Feature", "properties": { "from_node": 86, "to_node": 119, "length_km": 100.84842671587809 }, "geometry": { "type": "LineString", "coordinates": [ [ 13.878479, 58.56109 ], [ 12.9776, 59.337392 ] ] } },
{ "type": "Feature", "properties": { "from_node": 87, "to_node": 91, "length_km": 166.91973041799164 }, "geometry": { "type": "LineString", "coordinates": [ [ 8.782196, 58.575413 ], [ 11.629028, 58.795248 ] ] } },
{ "type": "Feature", "properties": { "from_node": 87, "to_node": 97, "length_km": 75.537857854855019 }, "geometry": { "type": "LineString", "coordinates": [ [ 8.782196, 58.575413 ], [ 7.727509, 58.974791 ] ] } },
{ "type": "Feature", "properties": { "from_node": 87, "to_node": 108, "length_km": 80.208082890725649 }, "geometry": { "type": "LineString", "coordinates": [ [ 8.782196, 58.575413 ], [ 9.61441, 59.151995 ] ] } },
{ "type": "Feature", "properties": { "from_node": 87, "to_node": 122, "length_km": 94.550155744555823 }, "geometry": { "type": "LineString", "coordinates": [ [ 8.782196, 58.575413 ], [ 8.87146, 59.422728 ] ] } },
{ "type": "Feature", "properties": { "from_node": 88, "to_node": 101, "length_km": 77.312899190310887 }, "geometry": { "type": "LineString", "coordinates": [ [ 14.111938, 58.598318 ], [ 15.125427, 59.05115 ] ] } },
{ "type": "Feature", "properties": { "from_node": 88, "to_node": 119, "length_km": 105.07439123188523 }, "geometry": { "type": "LineString", "coordinates": [ [ 14.111938, 58.598318 ], [ 12.9776, 59.337392 ] ] } },
{ "type": "Feature", "properties": { "from_node": 89, "to_node": 93, "length_km": 26.406722626202878 }, "geometry": { "type": "LineString", "coordinates": [ [ 6.82251, 58.659799 ], [ 7.115021, 58.841464 ] ] } },
{ "type": "Feature", "properties": { "from_node": 89, "to_node": 94, "length_km": 24.667074707157621 }, "geometry": { "type": "LineString", "coordinates": [ [ 6.82251, 58.659799 ], [ 6.756592, 58.878393 ] ] } },
{ "type": "Feature", "properties": { "from_node": 89, "to_node": 95, "length_km": 26.813564296997892 }, "geometry": { "type": "LineString", "coordinates": [ [ 6.82251, 58.659799 ], [ 6.892548, 58.897552 ] ] } },
{ "type": "Feature", "properties": { "from_node": 90, "to_node": 98, "length_km": 47.732877366623541 }, "geometry": { "type": "LineString", "coordinates": [ [ 16.035919, 58.70477 ], [ 16.660767, 58.984699 ] ] } },
{ "type": "Feature", "properties": { "from_node": 90, "to_node": 101, "length_km": 65.214650122517497 }, "geometry": { "type": "LineString", "coordinates": [ [ 16.035919, 58.70477 ], [ 15.125427, 59.05115 ] ] } },
{ "type": "Feature", "properties": { "from_node": 90, "to_node": 110, "length_km": 71.699867886647425 }, "geometry": { "type": "LineString", "coordinates": [ [ 16.035919, 58.70477 ], [ 15.184479, 59.173817 ] ] } },
{ "type": "Feature", "properties": { "from_node": 91, "to_node": 107, "length_km": 41.253160390069361 }, "geometry": { "type": "LineString", "coordinates": [ [ 11.629028, 58.795248 ], [ 11.409302, 59.147769 ] ] } },
{ "type": "Feature", "properties": { "from_node": 91, "to_node": 108, "length_km": 122.50303165319214 }, "geometry": { "type": "LineString", "coordinates": [ [ 11.629028, 58.795248 ], [ 9.61441, 59.151995 ] ] } },
{ "type": "Feature", "properties": { "from_node": 91, "to_node": 119, "length_km": 98.144328045453207 }, "geometry": { "type": "LineString", "coordinates": [ [ 11.629028, 58.795248 ], [ 12.9776, 59.337392 ] ] } },
{ "type": "Feature", "properties": { "from_node": 92, "to_node": 94, "length_km": 58.055542625754278 }, "geometry": { "type": "LineString", "coordinates": [ [ 5.756836, 58.82654 ], [ 6.756592, 58.878393 ] ] } },
{ "type": "Feature", "properties": { "from_node": 92, "to_node": 96, "length_km": 11.413796912107729 }, "geometry": { "type": "LineString", "coordinates": [ [ 5.756836, 58.82654 ], [ 5.715637, 58.926626 ] ] } },
{ "type": "Feature", "properties": { "from_node": 92, "to_node": 100, "length_km": 21.432561660303428 }, "geometry": { "type": "LineString", "coordinates": [ [ 5.756836, 58.82654 ], [ 5.623627, 59.00592 ] ] } },
{ "type": "Feature", "properties": { "from_node": 92, "to_node": 102, "length_km": 60.459142618125874 }, "geometry": { "type": "LineString", "coordinates": [ [ 5.756836, 58.82654 ], [ 6.696167, 59.068096 ] ] } },
{ "type": "Feature", "properties": { "from_node": 92, "to_node": 113, "length_km": 52.842783380781349 }, "geometry": { "type": "LineString", "coordinates": [ [ 5.756836, 58.82654 ], [ 5.262451, 59.225853 ] ] } },
{ "type": "Feature", "properties": { "from_node": 93, "to_node": 95, "length_km": 14.285772740208222 }, "geometry": { "type": "LineString", "coordinates": [ [ 7.115021, 58.841464 ], [ 6.892548, 58.897552 ] ] } },
{ "type": "Feature", "properties": { "from_node": 93, "to_node": 97, "length_km": 38.317594152612102 }, "geometry": { "type": "LineString", "coordinates": [ [ 7.115021, 58.841464 ], [ 7.727509, 58.974791 ] ] } },
{ "type": "Feature", "properties": { "from_node": 93, "to_node": 99, "length_km": 17.074033434361677 }, "geometry": { "type": "LineString", "coordinates": [ [ 7.115021, 58.841464 ], [ 7.120514, 58.994604 ] ] } },
{ "type": "Feature", "properties": { "from_node": 94, "to_node": 95, "length_km": 8.1314773715294812 }, "geometry": { "type": "LineString", "coordinates": [ [ 6.756592, 58.878393 ], [ 6.892548, 58.897552 ] ] } },
{ "type": "Feature", "properties": { "from_node": 94, "to_node": 102, "length_km": 21.434138795003392 }, "geometry": { "type": "LineString", "coordinates": [ [ 6.756592, 58.878393 ], [ 6.696167, 59.068096 ] ] } },
{ "type": "Feature", "properties": { "from_node": 95, "to_node": 99, "length_km": 17.015451173790542 }, "geometry": { "type": "LineString", "coordinates": [ [ 6.892548, 58.897552 ], [ 7.120514, 58.994604 ] ] } },
{ "type": "Feature", "properties": { "from_node": 95, "to_node": 102, "length_km": 22.118954999050043 }, "geometry": { "type": "LineString", "coordinates": [ [ 6.892548, 58.897552 ], [ 6.696167, 59.068096 ] ] } },
{ "type": "Feature", "properties": { "from_node": 95, "to_node": 105, "length_km": 23.732163742769163 }, "geometry": { "type": "LineString", "coordinates": [ [ 6.892548, 58.897552 ], [ 6.889801, 59.110423 ] ] } },
{ "type": "Feature", "properties": { "from_node": 96, "to_node": 100, "length_km": 10.310946208865028 }, "geometry": { "type": "LineString", "coordinates": [ [ 5.715637, 58.926626 ], [ 5.623627, 59.00592 ] ] } },
{ "type": "Feature", "properties": { "from_node": 96, "to_node": 102, "length_km": 58.583831361171491 }, "geometry": { "type": "LineString", "coordinates": [ [ 5.715637, 58.926626 ], [ 6.696167, 59.068096 ] ] } },
{ "type": "Feature", "properties": { "from_node": 97, "to_node": 99, "length_km": 34.993879601319044 }, "geometry": { "type": "LineString", "coordinates": [ [ 7.727509, 58.974791 ], [ 7.120514, 58.994604 ] ] } },
{ "type": "Feature", "properties": { "from_node": 97, "to_node": 106, "length_km": 38.074355357850074 }, "geometry": { "type": "LineString", "coordinates": [ [ 7.727509, 58.974791 ], [ 7.119141, 59.110423 ] ] } },
{ "type": "Feature", "properties": { "from_node": 97, "to_node": 122, "length_km": 82.267164435363952 }, "geometry": { "type": "LineString", "coordinates": [ [ 7.727509, 58.974791 ], [ 8.87146, 59.422728 ] ] } },
{ "type": "Feature", "properties": { "from_node": 97, "to_node": 123, "length_km": 54.730246007983339 }, "geometry": { "type": "LineString", "coordinates": [ [ 7.727509, 58.974791 ], [ 7.901917, 59.457639 ] ] } },
{ "type": "Feature", "properties": { "from_node": 97, "to_node": 128, "length_km": 58.232153739959202 }, "geometry": { "type": "LineString", "coordinates": [ [ 7.727509, 58.974791 ], [ 7.462463, 59.479266 ] ] } },
{ "type": "Feature", "properties": { "from_node": 98, "to_node": 104, "length_km": 74.136857738753307 }, "geometry": { "type": "LineString", "coordinates": [ [ 16.660767, 58.984699 ], [ 17.932434, 59.094909 ] ] } },
{ "type": "Feature", "properties": { "from_node": 98, "to_node": 110, "length_km": 87.311047876199311 }, "geometry": { "type": "LineString", "coordinates": [ [ 16.660767, 58.984699 ], [ 15.184479, 59.173817 ] ] } },
{ "type": "Feature", "properties": { "from_node": 98, "to_node": 112, "length_km": 41.544613757970922 }, "geometry": { "type": "LineString", "coordinates": [ [ 16.660767, 58.984699 ], [ 17.218323, 59.22234 ] ] } },
{ "type": "Feature", "properties": { "from_node": 98, "to_node": 131, "length_km": 69.360174706762706 }, "geometry": { "type": "LineString", "coordinates": [ [ 16.660767, 58.984699 ], [ 15.971375, 59.496697 ] ] } },
{ "type": "Feature", "properties": { "from_node": 98, "to_node": 132, "length_km": 59.367679884337406 }, "geometry": { "type": "LineString", "coordinates": [ [ 16.660767, 58.984699 ], [ 16.417694, 59.502273 ] ] } },
{ "type": "Feature", "properties": { "from_node": 99, "to_node": 105, "length_km": 18.500530176303545 }, "geometry": { "type": "LineString", "coordinates": [ [ 7.120514, 58.994604 ], [ 6.889801, 59.110423 ] ] } },
{ "type": "Feature", "properties": { "from_node": 99, "to_node": 106, "length_km": 12.911213005368728 }, "geometry": { "type": "LineString", "coordinates": [ [ 7.120514, 58.994604 ], [ 7.119141, 59.110423 ] ] } },
{ "type": "Feature", "properties": { "from_node": 100, "to_node": 102, "length_km": 62.032835377192896 }, "geometry": { "type": "LineString", "coordinates": [ [ 5.623627, 59.00592 ], [ 6.696167, 59.068096 ] ] } },
{ "type": "Feature", "properties": { "from_node": 100, "to_node": 113, "length_km": 32.111097920274908 }, "geometry": { "type": "LineString", "coordinates": [ [ 5.623627, 59.00592 ], [ 5.262451, 59.225853 ] ] } },
{ "type": "Feature", "properties": { "from_node": 100, "to_node": 115, "length_km": 68.75265069375709 }, "geometry": { "type": "LineString", "coordinates": [ [ 5.623627, 59.00592 ], [ 6.663208, 59.314272 ] ] } },
{ "type": "Feature", "properties": { "from_node": 100, "to_node": 116, "length_km": 34.849813253632597 }, "geometry": { "type": "LineString", "coordinates": [ [ 5.623627, 59.00592 ], [ 5.568695, 59.317075 ] ] } },
{ "type": "Feature", "properties": { "from_node": 101, "to_node": 110, "length_km": 14.085735845010978 }, "geometry": { "type": "LineString", "coordinates": [ [ 15.125427, 59.05115 ], [ 15.184479, 59.173817 ] ] } },
{ "type": "Feature", "properties": { "from_node": 101, "to_node": 119, "length_km": 126.85973216961442 }, "geometry": { "type": "LineString", "coordinates": [ [ 15.125427, 59.05115 ], [ 12.9776, 59.337392 ] ] } },
{ "type": "Feature", "properties": { "from_node": 102, "to_node": 105, "length_km": 12.070213671013935 }, "geometry": { "type": "LineString", "coordinates": [ [ 6.696167, 59.068096 ], [ 6.889801, 59.110423 ] ] } },
{ "type": "Feature", "properties": { "from_node": 102, "to_node": 115, "length_km": 27.5119390881413 }, "geometry": { "type": "LineString", "coordinates": [ [ 6.696167, 59.068096 ], [ 6.663208, 59.314272 ] ] } },
{ "type": "Feature", "properties": { "from_node": 103, "to_node": 104, "length_km": 11.104583904038869 }, "geometry": { "type": "LineString", "coordinates": [ [ 18.124695, 59.084327 ], [ 17.932434, 59.094909 ] ] } },
{ "type": "Feature", "properties": { "from_node": 103, "to_node": 109, "length_km": 9.3923194000047641 }, "geometry": { "type": "LineString", "coordinates": [ [ 18.124695, 59.084327 ], [ 18.110962, 59.168187 ] ] } },
{ "type": "Feature", "properties": { "from_node": 103, "to_node": 129, "length_km": 47.041464225920407 }, "geometry": { "type": "LineString", "coordinates": [ [ 18.124695, 59.084327 ], [ 18.404846, 59.480661 ] ] } },
{ "type": "Feature", "properties": { "from_node": 103, "to_node": 168, "length_km": 340.4832575770493 }, "geometry": { "type": "LineString", "coordinates": [ [ 18.124695, 59.084327 ], [ 23.819733, 60.047704 ] ] } },
{ "type": "Feature", "properties": { "from_node": 104, "to_node": 109, "length_km": 13.104971016412957 }, "geometry": { "type": "LineString", "coordinates": [ [ 17.932434, 59.094909 ], [ 18.110962, 59.168187 ] ] } },
{ "type": "Feature", "properties": { "from_node": 104, "to_node": 111, "length_km": 17.0490526087932 }, "geometry": { "type": "LineString", "coordinates": [ [ 17.932434, 59.094909 ], [ 17.766266, 59.221637 ] ] } },
{ "type": "Feature", "properties": { "from_node": 104, "to_node": 112, "length_km": 43.318910551955604 }, "geometry": { "type": "LineString", "coordinates": [ [ 17.932434, 59.094909 ], [ 17.218323, 59.22234 ] ] } },
{ "type": "Feature", "properties": { "from_node": 105, "to_node": 106, "length_km": 13.149001913871059 }, "geometry": { "type": "LineString", "coordinates": [ [ 6.889801, 59.110423 ], [ 7.119141, 59.110423 ] ] } },
{ "type": "Feature", "properties": { "from_node": 105, "to_node": 115, "length_km": 26.159724012631862 }, "geometry": { "type": "LineString", "coordinates": [ [ 6.889801, 59.110423 ], [ 6.663208, 59.314272 ] ] } },
{ "type": "Feature", "properties": { "from_node": 106, "to_node": 115, "length_km": 34.580336404170446 }, "geometry": { "type": "LineString", "coordinates": [ [ 7.119141, 59.110423 ], [ 6.663208, 59.314272 ] ] } },
{ "type": "Feature", "properties": { "from_node": 106, "to_node": 128, "length_km": 45.538178168809686 }, "geometry": { "type": "LineString", "coordinates": [ [ 7.119141, 59.110423 ], [ 7.462463, 59.479266 ] ] } },
{ "type": "Feature", "properties": { "from_node": 106, "to_node": 134, "length_km": 46.65070040935526 }, "geometry": { "type": "LineString", "coordinates": [ [ 7.119141, 59.110423 ], [ 6.992798, 59.523872 ] ] } },
{ "type": "Feature", "properties": { "from_node": 107, "to_node": 108, "length_km": 102.71557423210854 }, "geometry": { "type": "LineString", "coordinates": [ [ 11.409302, 59.147769 ], [ 9.61441, 59.151995 ] ] } },
{ "type": "Feature", "properties": { "from_node": 107, "to_node": 118, "length_km": 22.979109017925484 }, "geometry": { "type": "LineString", "coordinates": [ [ 11.409302, 59.147769 ], [ 11.181335, 59.317776 ] ] } },
{ "type": "Feature", "properties": { "from_node": 107, "to_node": 119, "length_km": 91.964322630083359 }, "geometry": { "type": "LineString", "coordinates": [ [ 11.409302, 59.147769 ], [ 12.9776, 59.337392 ] ] } },
{ "type": "Feature", "properties": { "from_node": 107, "to_node": 121, "length_km": 64.41926302739779 }, "geometry": { "type": "LineString", "coordinates": [ [ 11.409302, 59.147769 ], [ 10.37796, 59.383584 ] ] } },
{ "type": "Feature", "properties": { "from_node": 108, "to_node": 114, "length_km": 14.533996986316694 }, "geometry": { "type": "LineString", "coordinates": [ [ 9.61441, 59.151995 ], [ 9.593811, 59.282019 ] ] } },
{ "type": "Feature", "properties": { "from_node": 108, "to_node": 121, "length_km": 50.616352791330698 }, "geometry": { "type": "LineString", "coordinates": [ [ 9.61441, 59.151995 ], [ 10.37796, 59.383584 ] ] } },
{ "type": "Feature", "properties": { "from_node": 108, "to_node": 122, "length_km": 51.996212833780888 }, "geometry": { "type": "LineString", "coordinates": [ [ 9.61441, 59.151995 ], [ 8.87146, 59.422728 ] ] } },
{ "type": "Feature", "properties": { "from_node": 109, "to_node": 111, "length_km": 20.615874910436936 }, "geometry": { "type": "LineString", "coordinates": [ [ 18.110962, 59.168187 ], [ 17.766266, 59.221637 ] ] } },
{ "type": "Feature", "properties": { "from_node": 109, "to_node": 117, "length_km": 16.639071276532547 }, "geometry": { "type": "LineString", "coordinates": [ [ 18.110962, 59.168187 ], [ 18.095856, 59.317075 ] ] } },
{ "type": "Feature", "properties": { "from_node": 109, "to_node": 129, "length_km": 38.696386173260734 }, "geometry": { "type": "LineString", "coordinates": [ [ 18.110962, 59.168187 ], [ 18.404846, 59.480661 ] ] } },
{ "type": "Feature", "properties": { "from_node": 110, "to_node": 119, "length_km": 127.24741875796826 }, "geometry": { "type": "LineString", "coordinates": [ [ 15.184479, 59.173817 ], [ 12.9776, 59.337392 ] ] } },
{ "type": "Feature", "properties": { "from_node": 110, "to_node": 126, "length_km": 32.67915148750761 }, "geometry": { "type": "LineString", "coordinates": [ [ 15.184479, 59.173817 ], [ 15.231171, 59.466013 ] ] } },
{ "type": "Feature", "properties": { "from_node": 110, "to_node": 131, "length_km": 57.483674776533924 }, "geometry": { "type": "LineString", "coordinates": [ [ 15.184479, 59.173817 ], [ 15.971375, 59.496697 ] ] } },
{ "type": "Feature", "properties": { "from_node": 111, "to_node": 112, "length_km": 31.338228382858603 }, "geometry": { "type": "LineString", "coordinates": [ [ 17.766266, 59.221637 ], [ 17.218323, 59.22234 ] ] } },
{ "type": "Feature", "properties": { "from_node": 111, "to_node": 117, "length_km": 21.631565058111192 }, "geometry": { "type": "LineString", "coordinates": [ [ 17.766266, 59.221637 ], [ 18.095856, 59.317075 ] ] } },
{ "type": "Feature", "properties": { "from_node": 111, "to_node": 120, "length_km": 15.07546327587783 }, "geometry": { "type": "LineString", "coordinates": [ [ 17.766266, 59.221637 ], [ 17.683868, 59.349996 ] ] } },
{ "type": "Feature", "properties": { "from_node": 112, "to_node": 120, "length_km": 30.150734235838009 }, "geometry": { "type": "LineString", "coordinates": [ [ 17.218323, 59.22234 ], [ 17.683868, 59.349996 ] ] } },
{ "type": "Feature", "properties": { "from_node": 112, "to_node": 132, "length_km": 55.253823116017628 }, "geometry": { "type": "LineString", "coordinates": [ [ 17.218323, 59.22234 ], [ 16.417694, 59.502273 ] ] } },
{ "type": "Feature", "properties": { "from_node": 112, "to_node": 142, "length_km": 55.60282431034716 }, "geometry": { "type": "LineString", "coordinates": [ [ 17.218323, 59.22234 ], [ 16.679993, 59.6386 ] ] } },
{ "type": "Feature", "properties": { "from_node": 112, "to_node": 145, "length_km": 55.53821485471515 }, "geometry": { "type": "LineString", "coordinates": [ [ 17.218323, 59.22234 ], [ 17.329559, 59.716945 ] ] } },
{ "type": "Feature", "properties": { "from_node": 113, "to_node": 116, "length_km": 20.232325698377061 }, "geometry": { "type": "LineString", "coordinates": [ [ 5.262451, 59.225853 ], [ 5.568695, 59.317075 ] ] } },
{ "type": "Feature", "properties": { "from_node": 113, "to_node": 130, "length_km": 31.060557869950372 }, "geometry": { "type": "LineString", "coordinates": [ [ 5.262451, 59.225853 ], [ 5.39978, 59.495303 ] ] } },
{ "type": "Feature", "properties": { "from_node": 113, "to_node": 214, "length_km": 165.51798993204173 }, "geometry": { "type": "LineString", "coordinates": [ [ 5.262451, 59.225853 ], [ 4.998779, 60.703432 ] ] } },
{ "type": "Feature", "properties": { "from_node": 114, "to_node": 121, "length_km": 46.048538637072284 }, "geometry": { "type": "LineString", "coordinates": [ [ 9.593811, 59.282019 ], [ 10.37796, 59.383584 ] ] } },
{ "type": "Feature", "properties": { "from_node": 114, "to_node": 122, "length_km": 43.988137420289199 }, "geometry": { "type": "LineString", "coordinates": [ [ 9.593811, 59.282019 ], [ 8.87146, 59.422728 ] ] } },
{ "type": "Feature", "properties": { "from_node": 114, "to_node": 135, "length_km": 49.026892763454541 }, "geometry": { "type": "LineString", "coordinates": [ [ 9.593811, 59.282019 ], [ 8.87558, 59.525961 ] ] } },
{ "type": "Feature", "properties": { "from_node": 114, "to_node": 136, "length_km": 42.640434097689855 }, "geometry": { "type": "LineString", "coordinates": [ [ 9.593811, 59.282019 ], [ 10.122528, 59.553808 ] ] } },
{ "type": "Feature", "properties": { "from_node": 114, "to_node": 147, "length_km": 52.433203610353061 }, "geometry": { "type": "LineString", "coordinates": [ [ 9.593811, 59.282019 ], [ 9.923401, 59.721792 ] ] } },
{ "type": "Feature", "properties": { "from_node": 115, "to_node": 116, "length_km": 62.398040225395938 }, "geometry": { "type": "LineString", "coordinates": [ [ 6.663208, 59.314272 ], [ 5.568695, 59.317075 ] ] } },
{ "type": "Feature", "properties": { "from_node": 115, "to_node": 124, "length_km": 18.997928081464369 }, "geometry": { "type": "LineString", "coordinates": [ [ 6.663208, 59.314272 ], [ 6.491547, 59.460431 ] ] } },
{ "type": "Feature", "properties": { "from_node": 115, "to_node": 125, "length_km": 16.466939952967959 }, "geometry": { "type": "LineString", "coordinates": [ [ 6.663208, 59.314272 ], [ 6.650848, 59.461826 ] ] } },
{ "type": "Feature", "properties": { "from_node": 115, "to_node": 134, "length_km": 29.946709327886023 }, "geometry": { "type": "LineString", "coordinates": [ [ 6.663208, 59.314272 ], [ 6.992798, 59.523872 ] ] } },
{ "type": "Feature", "properties": { "from_node": 116, "to_node": 124, "length_km": 54.880140183575406 }, "geometry": { "type": "LineString", "coordinates": [ [ 5.568695, 59.317075 ], [ 6.491547, 59.460431 ] ] } },
{ "type": "Feature", "properties": { "from_node": 116, "to_node": 130, "length_km": 22.080965335338032 }, "geometry": { "type": "LineString", "coordinates": [ [ 5.568695, 59.317075 ], [ 5.39978, 59.495303 ] ] } },
{ "type": "Feature", "properties": { "from_node": 116, "to_node": 138, "length_km": 58.996123863817751 }, "geometry": { "type": "LineString", "coordinates": [ [ 5.568695, 59.317075 ], [ 6.481934, 59.569114 ] ] } },
{ "type": "Feature", "properties": { "from_node": 117, "to_node": 120, "length_km": 23.775653973284733 }, "geometry": { "type": "LineString", "coordinates": [ [ 18.095856, 59.317075 ], [ 17.683868, 59.349996 ] ] } },
{ "type": "Feature", "properties": { "from_node": 117, "to_node": 127, "length_km": 17.625180929188812 }, "geometry": { "type": "LineString", "coordinates": [ [ 18.095856, 59.317075 ], [ 18.135681, 59.473686 ] ] } },
{ "type": "Feature", "properties": { "from_node": 117, "to_node": 129, "length_km": 25.351037691671316 }, "geometry": { "type": "LineString", "coordinates": [ [ 18.095856, 59.317075 ], [ 18.404846, 59.480661 ] ] } },
{ "type": "Feature", "properties": { "from_node": 118, "to_node": 119, "length_km": 102.28291643265469 }, "geometry": { "type": "LineString", "coordinates": [ [ 11.181335, 59.317776 ], [ 12.9776, 59.337392 ] ] } },
{ "type": "Feature", "properties": { "from_node": 118, "to_node": 121, "length_km": 46.288664144394652 }, "geometry": { "type": "LineString", "coordinates": [ [ 11.181335, 59.317776 ], [ 10.37796, 59.383584 ] ] } },
{ "type": "Feature", "properties": { "from_node": 118, "to_node": 133, "length_km": 31.653489386224514 }, "geometry": { "type": "LineString", "coordinates": [ [ 11.181335, 59.317776 ], [ 10.770721, 59.509939 ] ] } },
{ "type": "Feature", "properties": { "from_node": 118, "to_node": 139, "length_km": 37.045726436914535 }, "geometry": { "type": "LineString", "coordinates": [ [ 11.181335, 59.317776 ], [ 10.780334, 59.580242 ] ] } },
{ "type": "Feature", "properties": { "from_node": 118, "to_node": 148, "length_km": 49.339205659895029 }, "geometry": { "type": "LineString", "coordinates": [ [ 11.181335, 59.317776 ], [ 10.82428, 59.721792 ] ] } },
{ "type": "Feature", "properties": { "from_node": 119, "to_node": 126, "length_km": 128.84859064455907 }, "geometry": { "type": "LineString", "coordinates": [ [ 12.9776, 59.337392 ], [ 15.231171, 59.466013 ] ] } },
{ "type": "Feature", "properties": { "from_node": 119, "to_node": 148, "length_km": 129.16009733542577 }, "geometry": { "type": "LineString", "coordinates": [ [ 12.9776, 59.337392 ], [ 10.82428, 59.721792 ] ] } },
{ "type": "Feature", "properties": { "from_node": 119, "to_node": 166, "length_km": 139.01412922439093 }, "geometry": { "type": "LineString", "coordinates": [ [ 12.9776, 59.337392 ], [ 10.839386, 59.958448 ] ] } },
{ "type": "Feature", "properties": { "from_node": 119, "to_node": 169, "length_km": 157.41627695832619 }, "geometry": { "type": "LineString", "coordinates": [ [ 12.9776, 59.337392 ], [ 15.387726, 60.052503 ] ] } },
{ "type": "Feature", "properties": { "from_node": 119, "to_node": 186, "length_km": 150.06355661129132 }, "geometry": { "type": "LineString", "coordinates": [ [ 12.9776, 59.337392 ], [ 11.288452, 60.382648 ] ] } },
{ "type": "Feature", "properties": { "from_node": 119, "to_node": 191, "length_km": 172.5302508930894 }, "geometry": { "type": "LineString", "coordinates": [ [ 12.9776, 59.337392 ], [ 15.188599, 60.415208 ] ] } },
{ "type": "Feature", "properties": { "from_node": 120, "to_node": 127, "length_km": 29.173503482632952 }, "geometry": { "type": "LineString", "coordinates": [ [ 17.683868, 59.349996 ], [ 18.135681, 59.473686 ] ] } },
{ "type": "Feature", "properties": { "from_node": 120, "to_node": 145, "length_km": 45.599773535014307 }, "geometry": { "type": "LineString", "coordinates": [ [ 17.683868, 59.349996 ], [ 17.329559, 59.716945 ] ] } },
{ "type": "Feature", "properties": { "from_node": 120, "to_node": 146, "length_km": 41.688208486678846 }, "geometry": { "type": "LineString", "coordinates": [ [ 17.683868, 59.349996 ], [ 17.789612, 59.719715 ] ] } },
{ "type": "Feature", "properties": { "from_node": 121, "to_node": 133, "length_km": 26.3556005104058 }, "geometry": { "type": "LineString", "coordinates": [ [ 10.37796, 59.383584 ], [ 10.770721, 59.509939 ] ] } },
{ "type": "Feature", "properties": { "from_node": 121, "to_node": 136, "length_km": 23.861466167981515 }, "geometry": { "type": "LineString", "coordinates": [ [ 10.37796, 59.383584 ], [ 10.122528, 59.553808 ] ] } },
{ "type": "Feature", "properties": { "from_node": 121, "to_node": 140, "length_km": 26.591489049378943 }, "geometry": { "type": "LineString", "coordinates": [ [ 10.37796, 59.383584 ], [ 10.434265, 59.620547 ] ] } },
{ "type": "Feature", "properties": { "from_node": 122, "to_node": 123, "length_km": 55.16772739555482 }, "geometry": { "type": "LineString", "coordinates": [ [ 8.87146, 59.422728 ], [ 7.901917, 59.457639 ] ] } },
{ "type": "Feature", "properties": { "from_node": 122, "to_node": 135, "length_km": 11.505616451441345 }, "geometry": { "type": "LineString", "coordinates": [ [ 8.87146, 59.422728 ], [ 8.87558, 59.525961 ] ] } },
{ "type": "Feature", "properties": { "from_node": 123, "to_node": 128, "length_km": 25.043107042569027 }, "geometry": { "type": "LineString", "coordinates": [ [ 7.901917, 59.457639 ], [ 7.462463, 59.479266 ] ] } },
{ "type": "Feature", "properties": { "from_node": 123, "to_node": 135, "length_km": 55.702751164742935 }, "geometry": { "type": "LineString", "coordinates": [ [ 7.901917, 59.457639 ], [ 8.87558, 59.525961 ] ] } },
{ "type": "Feature", "properties": { "from_node": 123, "to_node": 141, "length_km": 20.023499850546731 }, "geometry": { "type": "LineString", "coordinates": [ [ 7.901917, 59.457639 ], [ 7.819519, 59.632352 ] ] } },
{ "type": "Feature", "properties": { "from_node": 124, "to_node": 125, "length_km": 9.0425156087901382 }, "geometry": { "type": "LineString", "coordinates": [ [ 6.491547, 59.460431 ], [ 6.650848, 59.461826 ] ] } },
{ "type": "Feature", "properties": { "from_node": 124, "to_node": 138, "length_km": 12.131062775294689 }, "geometry": { "type": "LineString", "coordinates": [ [ 6.491547, 59.460431 ], [ 6.481934, 59.569114 ] ] } },
{ "type": "Feature", "properties": { "from_node": 125, "to_node": 134, "length_km": 20.584669086567125 }, "geometry": { "type": "LineString", "coordinates": [ [ 6.650848, 59.461826 ], [ 6.992798, 59.523872 ] ] } },
{ "type": "Feature", "properties": { "from_node": 125, "to_node": 138, "length_km": 15.320647106523577 }, "geometry": { "type": "LineString", "coordinates": [ [ 6.650848, 59.461826 ], [ 6.481934, 59.569114 ] ] } },
{ "type": "Feature", "properties": { "from_node": 126, "to_node": 131, "length_km": 42.117824685724294 }, "geometry": { "type": "LineString", "coordinates": [ [ 15.231171, 59.466013 ], [ 15.971375, 59.496697 ] ] } },
{ "type": "Feature", "properties": { "from_node": 126, "to_node": 169, "length_km": 65.970794006597998 }, "geometry": { "type": "LineString", "coordinates": [ [ 15.231171, 59.466013 ], [ 15.387726, 60.052503 ] ] } },
{ "type": "Feature", "properties": { "from_node": 127, "to_node": 129, "length_km": 15.304708157495872 }, "geometry": { "type": "LineString", "coordinates": [ [ 18.135681, 59.473686 ], [ 18.404846, 59.480661 ] ] } },
{ "type": "Feature", "properties": { "from_node": 127, "to_node": 146, "length_km": 33.722319316215717 }, "geometry": { "type": "LineString", "coordinates": [ [ 18.135681, 59.473686 ], [ 17.789612, 59.719715 ] ] } },
{ "type": "Feature", "properties": { "from_node": 127, "to_node": 150, "length_km": 31.057962805838347 }, "geometry": { "type": "LineString", "coordinates": [ [ 18.135681, 59.473686 ], [ 17.925568, 59.730792 ] ] } },
{ "type": "Feature", "properties": { "from_node": 128, "to_node": 134, "length_km": 27.078488942822773 }, "geometry": { "type": "LineString", "coordinates": [ [ 7.462463, 59.479266 ], [ 6.992798, 59.523872 ] ] } },
{ "type": "Feature", "properties": { "from_node": 128, "to_node": 141, "length_km": 26.443163917162739 }, "geometry": { "type": "LineString", "coordinates": [ [ 7.462463, 59.479266 ], [ 7.819519, 59.632352 ] ] } },
{ "type": "Feature", "properties": { "from_node": 128, "to_node": 149, "length_km": 34.759839466813737 }, "geometry": { "type": "LineString", "coordinates": [ [ 7.462463, 59.479266 ], [ 7.086182, 59.725947 ] ] } },
{ "type": "Feature", "properties": { "from_node": 128, "to_node": 151, "length_km": 30.351518034275411 }, "geometry": { "type": "LineString", "coordinates": [ [ 7.462463, 59.479266 ], [ 7.36908, 59.747402 ] ] } },
{ "type": "Feature", "properties": { "from_node": 129, "to_node": 150, "length_km": 38.914937024178371 }, "geometry": { "type": "LineString", "coordinates": [ [ 18.404846, 59.480661 ], [ 17.925568, 59.730792 ] ] } },
{ "type": "Feature", "properties": { "from_node": 129, "to_node": 158, "length_km": 41.721877209083985 }, "geometry": { "type": "LineString", "coordinates": [ [ 18.404846, 59.480661 ], [ 18.621826, 59.837916 ] ] } },
{ "type": "Feature", "properties": { "from_node": 129, "to_node": 168, "length_km": 311.8648203580168 }, "geometry": { "type": "LineString", "coordinates": [ [ 18.404846, 59.480661 ], [ 23.819733, 60.047704 ] ] } },
{ "type": "Feature", "properties": { "from_node": 129, "to_node": 183, "length_km": 271.52044449362586 }, "geometry": { "type": "LineString", "coordinates": [ [ 18.404846, 59.480661 ], [ 22.913361, 60.363639 ] ] } },
{ "type": "Feature", "properties": { "from_node": 130, "to_node": 138, "length_km": 61.853851080961775 }, "geometry": { "type": "LineString", "coordinates": [ [ 5.39978, 59.495303 ], [ 6.481934, 59.569114 ] ] } },
{ "type": "Feature", "properties": { "from_node": 130, "to_node": 143, "length_km": 61.502178140720311 }, "geometry": { "type": "LineString", "coordinates": [ [ 5.39978, 59.495303 ], [ 6.432495, 59.667741 ] ] } },
{ "type": "Feature", "properties": { "from_node": 130, "to_node": 152, "length_km": 30.637630853154921 }, "geometry": { "type": "LineString", "coordinates": [ [ 5.39978, 59.495303 ], [ 5.461578, 59.768152 ] ] } },
{ "type": "Feature", "properties": { "from_node": 130, "to_node": 214, "length_km": 136.63108891773246 }, "geometry": { "type": "LineString", "coordinates": [ [ 5.39978, 59.495303 ], [ 4.998779, 60.703432 ] ] } },
{ "type": "Feature", "properties": { "from_node": 131, "to_node": 132, "length_km": 25.311295511992423 }, "geometry": { "type": "LineString", "coordinates": [ [ 15.971375, 59.496697 ], [ 16.417694, 59.502273 ] ] } },
{ "type": "Feature", "properties": { "from_node": 131, "to_node": 137, "length_km": 23.542897574779282 }, "geometry": { "type": "LineString", "coordinates": [ [ 15.971375, 59.496697 ], [ 16.368256, 59.559375 ] ] } },
{ "type": "Feature", "properties": { "from_node": 131, "to_node": 169, "length_km": 70.118678298768231 }, "geometry": { "type": "LineString", "coordinates": [ [ 15.971375, 59.496697 ], [ 15.387726, 60.052503 ] ] } },
{ "type": "Feature", "properties": { "from_node": 132, "to_node": 137, "length_km": 6.9564834557477244 }, "geometry": { "type": "LineString", "coordinates": [ [ 16.417694, 59.502273 ], [ 16.368256, 59.559375 ] ] } },
{ "type": "Feature", "properties": { "from_node": 132, "to_node": 142, "length_km": 21.246919575040597 }, "geometry": { "type": "LineString", "coordinates": [ [ 16.417694, 59.502273 ], [ 16.679993, 59.6386 ] ] } },
{ "type": "Feature", "properties": { "from_node": 133, "to_node": 139, "length_km": 7.8510585222162614 }, "geometry": { "type": "LineString", "coordinates": [ [ 10.770721, 59.509939 ], [ 10.780334, 59.580242 ] ] } },
{ "type": "Feature", "properties": { "from_node": 133, "to_node": 140, "length_km": 22.663279374249736 }, "geometry": { "type": "LineString", "coordinates": [ [ 10.770721, 59.509939 ], [ 10.434265, 59.620547 ] ] } },
{ "type": "Feature", "properties": { "from_node": 134, "to_node": 138, "length_km": 29.355827362086426 }, "geometry": { "type": "LineString", "coordinates": [ [ 6.992798, 59.523872 ], [ 6.481934, 59.569114 ] ] } },
{ "type": "Feature", "properties": { "from_node": 134, "to_node": 144, "length_km": 21.414013454410547 }, "geometry": { "type": "LineString", "coordinates": [ [ 6.992798, 59.523872 ], [ 6.904907, 59.710712 ] ] } },
{ "type": "Feature", "properties": { "from_node": 134, "to_node": 149, "length_km": 23.137429106315615 }, "geometry": { "type": "LineString", "coordinates": [ [ 6.992798, 59.523872 ], [ 7.086182, 59.725947 ] ] } },
{ "type": "Feature", "properties": { "from_node": 135, "to_node": 141, "length_km": 60.861385918986109 }, "geometry": { "type": "LineString", "coordinates": [ [ 8.87558, 59.525961 ], [ 7.819519, 59.632352 ] ] } },
{ "type": "Feature", "properties": { "from_node": 135, "to_node": 147, "length_km": 63.035876922323666 }, "geometry": { "type": "LineString", "coordinates": [ [ 8.87558, 59.525961 ], [ 9.923401, 59.721792 ] ] } },
{ "type": "Feature", "properties": { "from_node": 135, "to_node": 162, "length_km": 47.387897890888894 }, "geometry": { "type": "LineString", "coordinates": [ [ 8.87558, 59.525961 ], [ 8.524017, 59.912353 ] ] } },
{ "type": "Feature", "properties": { "from_node": 135, "to_node": 163, "length_km": 44.075374656066899 }, "geometry": { "type": "LineString", "coordinates": [ [ 8.87558, 59.525961 ], [ 8.760223, 59.917172 ] ] } },
{ "type": "Feature", "properties": { "from_node": 136, "to_node": 140, "length_km": 19.117217159160159 }, "geometry": { "type": "LineString", "coordinates": [ [ 10.122528, 59.553808 ], [ 10.434265, 59.620547 ] ] } },
{ "type": "Feature", "properties": { "from_node": 136, "to_node": 147, "length_km": 21.828097697046246 }, "geometry": { "type": "LineString", "coordinates": [ [ 10.122528, 59.553808 ], [ 9.923401, 59.721792 ] ] } },
{ "type": "Feature", "properties": { "from_node": 137, "to_node": 142, "length_km": 19.714580179708058 }, "geometry": { "type": "LineString", "coordinates": [ [ 16.368256, 59.559375 ], [ 16.679993, 59.6386 ] ] } },
{ "type": "Feature", "properties": { "from_node": 137, "to_node": 156, "length_km": 40.868139841382984 }, "geometry": { "type": "LineString", "coordinates": [ [ 16.368256, 59.559375 ], [ 16.884613, 59.816518 ] ] } },
{ "type": "Feature", "properties": { "from_node": 137, "to_node": 169, "length_km": 77.82434163699422 }, "geometry": { "type": "LineString", "coordinates": [ [ 16.368256, 59.559375 ], [ 15.387726, 60.052503 ] ] } },
{ "type": "Feature", "properties": { "from_node": 138, "to_node": 143, "length_km": 11.346864259763269 }, "geometry": { "type": "LineString", "coordinates": [ [ 6.481934, 59.569114 ], [ 6.432495, 59.667741 ] ] } },
{ "type": "Feature", "properties": { "from_node": 138, "to_node": 144, "length_km": 28.625324744840668 }, "geometry": { "type": "LineString", "coordinates": [ [ 6.481934, 59.569114 ], [ 6.904907, 59.710712 ] ] } },
{ "type": "Feature", "properties": { "from_node": 139, "to_node": 140, "length_km": 20.052738401369659 }, "geometry": { "type": "LineString", "coordinates": [ [ 10.780334, 59.580242 ], [ 10.434265, 59.620547 ] ] } },
{ "type": "Feature", "properties": { "from_node": 139, "to_node": 148, "length_km": 15.963321429667882 }, "geometry": { "type": "LineString", "coordinates": [ [ 10.780334, 59.580242 ], [ 10.82428, 59.721792 ] ] } },
{ "type": "Feature", "properties": { "from_node": 140, "to_node": 147, "length_km": 30.921035964643426 }, "geometry": { "type": "LineString", "coordinates": [ [ 10.434265, 59.620547 ], [ 9.923401, 59.721792 ] ] } },
{ "type": "Feature", "properties": { "from_node": 140, "to_node": 148, "length_km": 24.704316536813916 }, "geometry": { "type": "LineString", "coordinates": [ [ 10.434265, 59.620547 ], [ 10.82428, 59.721792 ] ] } },
{ "type": "Feature", "properties": { "from_node": 140, "to_node": 161, "length_km": 30.779518407045934 }, "geometry": { "type": "LineString", "coordinates": [ [ 10.434265, 59.620547 ], [ 10.288696, 59.88687 ] ] } },
{ "type": "Feature", "properties": { "from_node": 141, "to_node": 151, "length_km": 28.438713805913935 }, "geometry": { "type": "LineString", "coordinates": [ [ 7.819519, 59.632352 ], [ 7.36908, 59.747402 ] ] } },
{ "type": "Feature", "properties": { "from_node": 141, "to_node": 154, "length_km": 16.731408424017275 }, "geometry": { "type": "LineString", "coordinates": [ [ 7.819519, 59.632352 ], [ 7.772827, 59.780596 ] ] } },
{ "type": "Feature", "properties": { "from_node": 141, "to_node": 162, "length_km": 50.414831126859099 }, "geometry": { "type": "LineString", "coordinates": [ [ 7.819519, 59.632352 ], [ 8.524017, 59.912353 ] ] } },
{ "type": "Feature", "properties": { "from_node": 142, "to_node": 145, "length_km": 37.671613318807985 }, "geometry": { "type": "LineString", "coordinates": [ [ 16.679993, 59.6386 ], [ 17.329559, 59.716945 ] ] } },
{ "type": "Feature", "properties": { "from_node": 142, "to_node": 156, "length_km": 22.94843116125714 }, "geometry": { "type": "LineString", "coordinates": [ [ 16.679993, 59.6386 ], [ 16.884613, 59.816518 ] ] } },
{ "type": "Feature", "properties": { "from_node": 143, "to_node": 144, "length_km": 27.057363097573038 }, "geometry": { "type": "LineString", "coordinates": [ [ 6.432495, 59.667741 ], [ 6.904907, 59.710712 ] ] } },
{ "type": "Feature", "properties": { "from_node": 143, "to_node": 152, "length_km": 55.833074606115908 }, "geometry": { "type": "LineString", "coordinates": [ [ 6.432495, 59.667741 ], [ 5.461578, 59.768152 ] ] } },
{ "type": "Feature", "properties": { "from_node": 143, "to_node": 159, "length_km": 28.775977112157904 }, "geometry": { "type": "LineString", "coordinates": [ [ 6.432495, 59.667741 ], [ 6.113892, 59.869641 ] ] } },
{ "type": "Feature", "properties": { "from_node": 143, "to_node": 160, "length_km": 28.702192250027242 }, "geometry": { "type": "LineString", "coordinates": [ [ 6.432495, 59.667741 ], [ 6.745605, 59.871019 ] ] } },
{ "type": "Feature", "properties": { "from_node": 144, "to_node": 149, "length_km": 10.348752053530546 }, "geometry": { "type": "LineString", "coordinates": [ [ 6.904907, 59.710712 ], [ 7.086182, 59.725947 ] ] } },
{ "type": "Feature", "properties": { "from_node": 144, "to_node": 153, "length_km": 12.402998745588111 }, "geometry": { "type": "LineString", "coordinates": [ [ 6.904907, 59.710712 ], [ 7.080688, 59.777831 ] ] } },
{ "type": "Feature", "properties": { "from_node": 144, "to_node": 157, "length_km": 14.620089064485517 }, "geometry": { "type": "LineString", "coordinates": [ [ 6.904907, 59.710712 ], [ 6.968079, 59.837916 ] ] } },
{ "type": "Feature", "properties": { "from_node": 144, "to_node": 160, "length_km": 19.990067080999918 }, "geometry": { "type": "LineString", "coordinates": [ [ 6.904907, 59.710712 ], [ 6.745605, 59.871019 ] ] } },
{ "type": "Feature", "properties": { "from_node": 145, "to_node": 146, "length_km": 25.930028454818608 }, "geometry": { "type": "LineString", "coordinates": [ [ 17.329559, 59.716945 ], [ 17.789612, 59.719715 ] ] } },
{ "type": "Feature", "properties": { "from_node": 145, "to_node": 156, "length_km": 27.388702008808579 }, "geometry": { "type": "LineString", "coordinates": [ [ 17.329559, 59.716945 ], [ 16.884613, 59.816518 ] ] } },
{ "type": "Feature", "properties": { "from_node": 145, "to_node": 165, "length_km": 33.46865697609875 }, "geometry": { "type": "LineString", "coordinates": [ [ 17.329559, 59.716945 ], [ 17.748413, 59.930248 ] ] } },
{ "type": "Feature", "properties": { "from_node": 146, "to_node": 150, "length_km": 7.7609838591934928 }, "geometry": { "type": "LineString", "coordinates": [ [ 17.789612, 59.719715 ], [ 17.925568, 59.730792 ] ] } },
{ "type": "Feature", "properties": { "from_node": 146, "to_node": 165, "length_km": 23.606929136671418 }, "geometry": { "type": "LineString", "coordinates": [ [ 17.789612, 59.719715 ], [ 17.748413, 59.930248 ] ] } },
{ "type": "Feature", "properties": { "from_node": 147, "to_node": 161, "length_km": 27.545005456996218 }, "geometry": { "type": "LineString", "coordinates": [ [ 9.923401, 59.721792 ], [ 10.288696, 59.88687 ] ] } },
{ "type": "Feature", "properties": { "from_node": 147, "to_node": 163, "length_km": 68.802951144416951 }, "geometry": { "type": "LineString", "coordinates": [ [ 9.923401, 59.721792 ], [ 8.760223, 59.917172 ] ] } },
{ "type": "Feature", "properties": { "from_node": 147, "to_node": 175, "length_km": 53.913846723676052 }, "geometry": { "type": "LineString", "coordinates": [ [ 9.923401, 59.721792 ], [ 10.092316, 60.198203 ] ] } },
{ "type": "Feature", "properties": { "from_node": 147, "to_node": 177, "length_km": 75.844908510920519 }, "geometry": { "type": "LineString", "coordinates": [ [ 9.923401, 59.721792 ], [ 9.026642, 60.232994 ] ] } },
{ "type": "Feature", "properties": { "from_node": 148, "to_node": 161, "length_km": 35.242191886036849 }, "geometry": { "type": "LineString", "coordinates": [ [ 10.82428, 59.721792 ], [ 10.288696, 59.88687 ] ] } },
{ "type": "Feature", "properties": { "from_node": 148, "to_node": 166, "length_km": 26.379729591412051 }, "geometry": { "type": "LineString", "coordinates": [ [ 10.82428, 59.721792 ], [ 10.839386, 59.958448 ] ] } },
{ "type": "Feature", "properties": { "from_node": 149, "to_node": 151, "length_km": 16.099978109966802 }, "geometry": { "type": "LineString", "coordinates": [ [ 7.086182, 59.725947 ], [ 7.36908, 59.747402 ] ] } },
{ "type": "Feature", "properties": { "from_node": 149, "to_node": 153, "length_km": 5.792569427471042 }, "geometry": { "type": "LineString", "coordinates": [ [ 7.086182, 59.725947 ], [ 7.080688, 59.777831 ] ] } },
{ "type": "Feature", "properties": { "from_node": 150, "to_node": 158, "length_km": 40.961030063200013 }, "geometry": { "type": "LineString", "coordinates": [ [ 17.925568, 59.730792 ], [ 18.621826, 59.837916 ] ] } },
{ "type": "Feature", "properties": { "from_node": 150, "to_node": 165, "length_km": 24.381474087100685 }, "geometry": { "type": "LineString", "coordinates": [ [ 17.925568, 59.730792 ], [ 17.748413, 59.930248 ] ] } },
{ "type": "Feature", "properties": { "from_node": 150, "to_node": 167, "length_km": 30.978748819090779 }, "geometry": { "type": "LineString", "coordinates": [ [ 17.925568, 59.730792 ], [ 18.233185, 59.961198 ] ] } },
{ "type": "Feature", "properties": { "from_node": 151, "to_node": 153, "length_km": 16.568917586415882 }, "geometry": { "type": "LineString", "coordinates": [ [ 7.36908, 59.747402 ], [ 7.080688, 59.777831 ] ] } },
{ "type": "Feature", "properties": { "from_node": 151, "to_node": 154, "length_km": 23.001258763278312 }, "geometry": { "type": "LineString", "coordinates": [ [ 7.36908, 59.747402 ], [ 7.772827, 59.780596 ] ] } },
{ "type": "Feature", "properties": { "from_node": 151, "to_node": 155, "length_km": 6.6730029260123374 }, "geometry": { "type": "LineString", "coordinates": [ [ 7.36908, 59.747402 ], [ 7.34024, 59.805469 ] ] } },
{ "type": "Feature", "properties": { "from_node": 152, "to_node": 159, "length_km": 38.349708331792513 }, "geometry": { "type": "LineString", "coordinates": [ [ 5.461578, 59.768152 ], [ 6.113892, 59.869641 ] ] } },
{ "type": "Feature", "properties": { "from_node": 152, "to_node": 164, "length_km": 28.641372142098501 }, "geometry": { "type": "LineString", "coordinates": [ [ 5.461578, 59.768152 ], [ 5.868073, 59.923367 ] ] } },
{ "type": "Feature", "properties": { "from_node": 152, "to_node": 181, "length_km": 64.616782584850043 }, "geometry": { "type": "LineString", "coordinates": [ [ 5.461578, 59.768152 ], [ 5.449219, 60.347337 ] ] } },
{ "type": "Feature", "properties": { "from_node": 152, "to_node": 195, "length_km": 77.617525487837867 }, "geometry": { "type": "LineString", "coordinates": [ [ 5.461578, 59.768152 ], [ 5.259705, 60.456541 ] ] } },
{ "type": "Feature", "properties": { "from_node": 152, "to_node": 214, "length_km": 107.46200298302354 }, "geometry": { "type": "LineString", "coordinates": [ [ 5.461578, 59.768152 ], [ 4.998779, 60.703432 ] ] } },
{ "type": "Feature", "properties": { "from_node": 153, "to_node": 155, "length_km": 14.905416887181604 }, "geometry": { "type": "LineString", "coordinates": [ [ 7.080688, 59.777831 ], [ 7.34024, 59.805469 ] ] } },
{ "type": "Feature", "properties": { "from_node": 153, "to_node": 157, "length_km": 9.2126414878747234 }, "geometry": { "type": "LineString", "coordinates": [ [ 7.080688, 59.777831 ], [ 6.968079, 59.837916 ] ] } },
{ "type": "Feature", "properties": { "from_node": 154, "to_node": 155, "length_km": 24.459909776340059 }, "geometry": { "type": "LineString", "coordinates": [ [ 7.772827, 59.780596 ], [ 7.34024, 59.805469 ] ] } },
{ "type": "Feature", "properties": { "from_node": 154, "to_node": 162, "length_km": 44.612731405763263 }, "geometry": { "type": "LineString", "coordinates": [ [ 7.772827, 59.780596 ], [ 8.524017, 59.912353 ] ] } },
{ "type": "Feature", "properties": { "from_node": 154, "to_node": 197, "length_km": 84.005369726229134 }, "geometry": { "type": "LineString", "coordinates": [ [ 7.772827, 59.780596 ], [ 7.23587, 60.484968 ] ] } },
{ "type": "Feature", "properties": { "from_node": 154, "to_node": 199, "length_km": 83.321626652032691 }, "geometry": { "type": "LineString", "coordinates": [ [ 7.772827, 59.780596 ], [ 8.088684, 60.511343 ] ] } },
{ "type": "Feature", "properties": { "from_node": 155, "to_node": 157, "length_km": 21.203043441411751 }, "geometry": { "type": "LineString", "coordinates": [ [ 7.34024, 59.805469 ], [ 6.968079, 59.837916 ] ] } },
{ "type": "Feature", "properties": { "from_node": 155, "to_node": 174, "length_km": 49.502380498018489 }, "geometry": { "type": "LineString", "coordinates": [ [ 7.34024, 59.805469 ], [ 6.797791, 60.156543 ] ] } },
{ "type": "Feature", "properties": { "from_node": 155, "to_node": 197, "length_km": 75.974657776706792 }, "geometry": { "type": "LineString", "coordinates": [ [ 7.34024, 59.805469 ], [ 7.23587, 60.484968 ] ] } },
{ "type": "Feature", "properties": { "from_node": 156, "to_node": 165, "length_km": 50.08498574289338 }, "geometry": { "type": "LineString", "coordinates": [ [ 16.884613, 59.816518 ], [ 17.748413, 59.930248 ] ] } },
{ "type": "Feature", "properties": { "from_node": 156, "to_node": 169, "length_km": 87.801123634401108 }, "geometry": { "type": "LineString", "coordinates": [ [ 16.884613, 59.816518 ], [ 15.387726, 60.052503 ] ] } },
{ "type": "Feature", "properties": { "from_node": 156, "to_node": 184, "length_km": 70.243344936036792 }, "geometry": { "type": "LineString", "coordinates": [ [ 16.884613, 59.816518 ], [ 16.284446847098103, 60.370428457277711 ] ] } },
{ "type": "Feature", "properties": { "from_node": 156, "to_node": 187, "length_km": 66.890526015593963 }, "geometry": { "type": "LineString", "coordinates": [ [ 16.884613, 59.816518 ], [ 16.512451, 60.38672 ] ] } },
{ "type": "Feature", "properties": { "from_node": 156, "to_node": 190, "length_km": 69.940595160827399 }, "geometry": { "type": "LineString", "coordinates": [ [ 16.884613, 59.816518 ], [ 17.274628, 60.412496 ] ] } },
{ "type": "Feature", "properties": { "from_node": 157, "to_node": 160, "length_km": 13.012492360175241 }, "geometry": { "type": "LineString", "coordinates": [ [ 6.968079, 59.837916 ], [ 6.745605, 59.871019 ] ] } },
{ "type": "Feature", "properties": { "from_node": 157, "to_node": 171, "length_km": 29.494087468507288 }, "geometry": { "type": "LineString", "coordinates": [ [ 6.968079, 59.837916 ], [ 6.70166, 60.066211 ] ] } },
{ "type": "Feature", "properties": { "from_node": 157, "to_node": 174, "length_km": 36.776463231041973 }, "geometry": { "type": "LineString", "coordinates": [ [ 6.968079, 59.837916 ], [ 6.797791, 60.156543 ] ] } },
{ "type": "Feature", "properties": { "from_node": 158, "to_node": 167, "length_km": 25.775375852559378 }, "geometry": { "type": "LineString", "coordinates": [ [ 18.621826, 59.837916 ], [ 18.233185, 59.961198 ] ] } },
{ "type": "Feature", "properties": { "from_node": 158, "to_node": 170, "length_km": 27.742878417230628 }, "geometry": { "type": "LineString", "coordinates": [ [ 18.621826, 59.837916 ], [ 18.8237, 60.06484 ] ] } },
{ "type": "Feature", "properties": { "from_node": 158, "to_node": 172, "length_km": 26.098911941004076 }, "geometry": { "type": "LineString", "coordinates": [ [ 18.621826, 59.837916 ], [ 18.623199, 60.071693 ] ] } },
{ "type": "Feature", "properties": { "from_node": 158, "to_node": 183, "length_km": 246.61168507862666 }, "geometry": { "type": "LineString", "coordinates": [ [ 18.621826, 59.837916 ], [ 22.913361, 60.363639 ] ] } },
{ "type": "Feature", "properties": { "from_node": 158, "to_node": 200, "length_km": 226.72333931689471 }, "geometry": { "type": "LineString", "coordinates": [ [ 18.621826, 59.837916 ], [ 22.457428, 60.52013 ] ] } },
{ "type": "Feature", "properties": { "from_node": 159, "to_node": 160, "length_km": 35.420209000026667 }, "geometry": { "type": "LineString", "coordinates": [ [ 6.113892, 59.869641 ], [ 6.745605, 59.871019 ] ] } },
{ "type": "Feature", "properties": { "from_node": 159, "to_node": 164, "length_km": 15.021406835865003 }, "geometry": { "type": "LineString", "coordinates": [ [ 6.113892, 59.869641 ], [ 5.868073, 59.923367 ] ] } },
{ "type": "Feature", "properties": { "from_node": 159, "to_node": 171, "length_km": 39.499814636275062 }, "geometry": { "type": "LineString", "coordinates": [ [ 6.113892, 59.869641 ], [ 6.70166, 60.066211 ] ] } },
{ "type": "Feature", "properties": { "from_node": 159, "to_node": 173, "length_km": 29.498806859058433 }, "geometry": { "type": "LineString", "coordinates": [ [ 6.113892, 59.869641 ], [ 6.297913, 60.117566 ] ] } },
{ "type": "Feature", "properties": { "from_node": 160, "to_node": 171, "length_km": 21.902431936918589 }, "geometry": { "type": "LineString", "coordinates": [ [ 6.745605, 59.871019 ], [ 6.70166, 60.066211 ] ] } },
{ "type": "Feature", "properties": { "from_node": 161, "to_node": 166, "length_km": 31.816602437646647 }, "geometry": { "type": "LineString", "coordinates": [ [ 10.288696, 59.88687 ], [ 10.839386, 59.958448 ] ] } },
{ "type": "Feature", "properties": { "from_node": 161, "to_node": 175, "length_km": 36.373953629701724 }, "geometry": { "type": "LineString", "coordinates": [ [ 10.288696, 59.88687 ], [ 10.092316, 60.198203 ] ] } },
{ "type": "Feature", "properties": { "from_node": 162, "to_node": 163, "length_km": 13.228759867716334 }, "geometry": { "type": "LineString", "coordinates": [ [ 8.524017, 59.912353 ], [ 8.760223, 59.917172 ] ] } },
{ "type": "Feature", "properties": { "from_node": 162, "to_node": 177, "length_km": 45.39107062972284 }, "geometry": { "type": "LineString", "coordinates": [ [ 8.524017, 59.912353 ], [ 9.026642, 60.232994 ] ] } },
{ "type": "Feature", "properties": { "from_node": 162, "to_node": 182, "length_km": 49.778013619677644 }, "geometry": { "type": "LineString", "coordinates": [ [ 8.524017, 59.912353 ], [ 8.596802, 60.357527 ] ] } },
{ "type": "Feature", "properties": { "from_node": 162, "to_node": 199, "length_km": 70.991513186703656 }, "geometry": { "type": "LineString", "coordinates": [ [ 8.524017, 59.912353 ], [ 8.088684, 60.511343 ] ] } },
{ "type": "Feature", "properties": { "from_node": 163, "to_node": 177, "length_km": 38.193905209895775 }, "geometry": { "type": "LineString", "coordinates": [ [ 8.760223, 59.917172 ], [ 9.026642, 60.232994 ] ] } },
{ "type": "Feature", "properties": { "from_node": 164, "to_node": 173, "length_km": 32.324479753337236 }, "geometry": { "type": "LineString", "coordinates": [ [ 5.868073, 59.923367 ], [ 6.297913, 60.117566 ] ] } },
{ "type": "Feature", "properties": { "from_node": 164, "to_node": 181, "length_km": 52.723514146018331 }, "geometry": { "type": "LineString", "coordinates": [ [ 5.868073, 59.923367 ], [ 5.449219, 60.347337 ] ] } },
{ "type": "Feature", "properties": { "from_node": 165, "to_node": 167, "length_km": 27.359836361465764 }, "geometry": { "type": "LineString", "coordinates": [ [ 17.748413, 59.930248 ], [ 18.233185, 59.961198 ] ] } },
{ "type": "Feature", "properties": { "from_node": 165, "to_node": 190, "length_km": 59.908246807916044 }, "geometry": { "type": "LineString", "coordinates": [ [ 17.748413, 59.930248 ], [ 17.274628, 60.412496 ] ] } },
{ "type": "Feature", "properties": { "from_node": 165, "to_node": 194, "length_km": 59.551473524670691 }, "geometry": { "type": "LineString", "coordinates": [ [ 17.748413, 59.930248 ], [ 18.123322, 60.430121 ] ] } },
{ "type": "Feature", "properties": { "from_node": 166, "to_node": 175, "length_km": 49.428836185740956 }, "geometry": { "type": "LineString", "coordinates": [ [ 10.839386, 59.958448 ], [ 10.092316, 60.198203 ] ] } },
{ "type": "Feature", "properties": { "from_node": 166, "to_node": 179, "length_km": 53.42271317111134 }, "geometry": { "type": "LineString", "coordinates": [ [ 10.839386, 59.958448 ], [ 10.214539, 60.322868 ] ] } },
{ "type": "Feature", "properties": { "from_node": 166, "to_node": 186, "length_km": 53.433990434418526 }, "geometry": { "type": "LineString", "coordinates": [ [ 10.839386, 59.958448 ], [ 11.288452, 60.382648 ] ] } },
{ "type": "Feature", "properties": { "from_node": 167, "to_node": 172, "length_km": 25.042248793625603 }, "geometry": { "type": "LineString", "coordinates": [ [ 18.233185, 59.961198 ], [ 18.623199, 60.071693 ] ] } },
{ "type": "Feature", "properties": { "from_node": 167, "to_node": 194, "length_km": 52.69329194609471 }, "geometry": { "type": "LineString", "coordinates": [ [ 18.233185, 59.961198 ], [ 18.123322, 60.430121 ] ] } },
{ "type": "Feature", "properties": { "from_node": 168, "to_node": 176, "length_km": 50.022480377398196 }, "geometry": { "type": "LineString", "coordinates": [ [ 23.819733, 60.047704 ], [ 24.656067, 60.20571 ] ] } },
{ "type": "Feature", "properties": { "from_node": 168, "to_node": 178, "length_km": 35.32323869879059 }, "geometry": { "type": "LineString", "coordinates": [ [ 23.819733, 60.047704 ], [ 24.186401, 60.304505 ] ] } },
{ "type": "Feature", "properties": { "from_node": 168, "to_node": 183, "length_km": 61.695358637957476 }, "geometry": { "type": "LineString", "coordinates": [ [ 23.819733, 60.047704 ], [ 22.913361, 60.363639 ] ] } },
{ "type": "Feature", "properties": { "from_node": 168, "to_node": 192, "length_km": 144.20661138236196 }, "geometry": { "type": "LineString", "coordinates": [ [ 23.819733, 60.047704 ], [ 26.294403, 60.418598 ] ] } },
{ "type": "Feature", "properties": { "from_node": 169, "to_node": 184, "length_km": 61.092042037459954 }, "geometry": { "type": "LineString", "coordinates": [ [ 15.387726, 60.052503 ], [ 16.284446847098103, 60.370428457277711 ] ] } },
{ "type": "Feature", "properties": { "from_node": 169, "to_node": 188, "length_km": 58.24600512739498 }, "geometry": { "type": "LineString", "coordinates": [ [ 15.387726, 60.052503 ], [ 16.177368, 60.396897 ] ] } },
{ "type": "Feature", "properties": { "from_node": 169, "to_node": 189, "length_km": 39.571714957842239 }, "geometry": { "type": "LineString", "coordinates": [ [ 15.387726, 60.052503 ], [ 15.442657, 60.406393 ] ] } },
{ "type": "Feature", "properties": { "from_node": 169, "to_node": 191, "length_km": 41.915382972560799 }, "geometry": { "type": "LineString", "coordinates": [ [ 15.387726, 60.052503 ], [ 15.188599, 60.415208 ] ] } },
{ "type": "Feature", "properties": { "from_node": 170, "to_node": 172, "length_km": 11.214365869469066 }, "geometry": { "type": "LineString", "coordinates": [ [ 18.8237, 60.06484 ], [ 18.623199, 60.071693 ] ] } },
{ "type": "Feature", "properties": { "from_node": 170, "to_node": 194, "length_km": 56.330290271987558 }, "geometry": { "type": "LineString", "coordinates": [ [ 18.8237, 60.06484 ], [ 18.123322, 60.430121 ] ] } },
{ "type": "Feature", "properties": { "from_node": 170, "to_node": 200, "length_km": 207.92355083551357 }, "geometry": { "type": "LineString", "coordinates": [ [ 18.8237, 60.06484 ], [ 22.457428, 60.52013 ] ] } },
{ "type": "Feature", "properties": { "from_node": 170, "to_node": 225, "length_km": 194.44192310517496 }, "geometry": { "type": "LineString", "coordinates": [ [ 18.8237, 60.06484 ], [ 21.895752, 60.919755 ] ] } },
{ "type": "Feature", "properties": { "from_node": 170, "to_node": 233, "length_km": 190.55391547047333 }, "geometry": { "type": "LineString", "coordinates": [ [ 18.8237, 60.06484 ], [ 21.538696, 61.125998 ] ] } },
{ "type": "Feature", "properties": { "from_node": 171, "to_node": 173, "length_km": 23.204113305632916 }, "geometry": { "type": "LineString", "coordinates": [ [ 6.70166, 60.066211 ], [ 6.297913, 60.117566 ] ] } },
{ "type": "Feature", "properties": { "from_node": 171, "to_node": 174, "length_km": 11.405068925106326 }, "geometry": { "type": "LineString", "coordinates": [ [ 6.70166, 60.066211 ], [ 6.797791, 60.156543 ] ] } },
{ "type": "Feature", "properties": { "from_node": 172, "to_node": 194, "length_km": 48.681791813684548 }, "geometry": { "type": "LineString", "coordinates": [ [ 18.623199, 60.071693 ], [ 18.123322, 60.430121 ] ] } },
{ "type": "Feature", "properties": { "from_node": 173, "to_node": 174, "length_km": 28.139316705149945 }, "geometry": { "type": "LineString", "coordinates": [ [ 6.297913, 60.117566 ], [ 6.797791, 60.156543 ] ] } },
{ "type": "Feature", "properties": { "from_node": 173, "to_node": 181, "length_km": 53.600522959657312 }, "geometry": { "type": "LineString", "coordinates": [ [ 6.297913, 60.117566 ], [ 5.449219, 60.347337 ] ] } },
{ "type": "Feature", "properties": { "from_node": 173, "to_node": 198, "length_km": 43.866084815451174 }, "geometry": { "type": "LineString", "coordinates": [ [ 6.297913, 60.117566 ], [ 6.156464, 60.504583 ] ] } },
{ "type": "Feature", "properties": { "from_node": 174, "to_node": 197, "length_km": 43.905297704400617 }, "geometry": { "type": "LineString", "coordinates": [ [ 6.797791, 60.156543 ], [ 7.23587, 60.484968 ] ] } },
{ "type": "Feature", "properties": { "from_node": 174, "to_node": 198, "length_km": 52.570822304587246 }, "geometry": { "type": "LineString", "coordinates": [ [ 6.797791, 60.156543 ], [ 6.156464, 60.504583 ] ] } },
{ "type": "Feature", "properties": { "from_node": 174, "to_node": 201, "length_km": 44.782347359320156 }, "geometry": { "type": "LineString", "coordinates": [ [ 6.797791, 60.156543 ], [ 7.108154, 60.527563 ] ] } },
{ "type": "Feature", "properties": { "from_node": 175, "to_node": 177, "length_km": 59.211018265476568 }, "geometry": { "type": "LineString", "coordinates": [ [ 10.092316, 60.198203 ], [ 9.026642, 60.232994 ] ] } },
{ "type": "Feature", "properties": { "from_node": 175, "to_node": 179, "length_km": 15.451068159817092 }, "geometry": { "type": "LineString", "coordinates": [ [ 10.092316, 60.198203 ], [ 10.214539, 60.322868 ] ] } },
{ "type": "Feature", "properties": { "from_node": 176, "to_node": 178, "length_km": 28.420046239982941 }, "geometry": { "type": "LineString", "coordinates": [ [ 24.656067, 60.20571 ], [ 24.186401, 60.304505 ] ] } },
{ "type": "Feature", "properties": { "from_node": 176, "to_node": 180, "length_km": 20.729077908921994 }, "geometry": { "type": "LineString", "coordinates": [ [ 24.656067, 60.20571 ], [ 24.930725, 60.330347 ] ] } },
{ "type": "Feature", "properties": { "from_node": 176, "to_node": 185, "length_km": 36.41389875728602 }, "geometry": { "type": "LineString", "coordinates": [ [ 24.656067, 60.20571 ], [ 25.209503, 60.378575 ] ] } },
{ "type": "Feature", "properties": { "from_node": 176, "to_node": 192, "length_km": 94.306218933875797 }, "geometry": { "type": "LineString", "coordinates": [ [ 24.656067, 60.20571 ], [ 26.294403, 60.418598 ] ] } },
{ "type": "Feature", "properties": { "from_node": 177, "to_node": 179, "length_km": 66.493118538427225 }, "geometry": { "type": "LineString", "coordinates": [ [ 9.026642, 60.232994 ], [ 10.214539, 60.322868 ] ] } },
{ "type": "Feature", "properties": { "from_node": 177, "to_node": 182, "length_km": 27.530703005844611 }, "geometry": { "type": "LineString", "coordinates": [ [ 9.026642, 60.232994 ], [ 8.596802, 60.357527 ] ] } },
{ "type": "Feature", "properties": { "from_node": 177, "to_node": 206, "length_km": 42.61206956192725 }, "geometry": { "type": "LineString", "coordinates": [ [ 9.026642, 60.232994 ], [ 8.75885, 60.591688 ] ] } },
{ "type": "Feature", "properties": { "from_node": 178, "to_node": 180, "length_km": 41.504182075126955 }, "geometry": { "type": "LineString", "coordinates": [ [ 24.186401, 60.304505 ], [ 24.930725, 60.330347 ] ] } },
{ "type": "Feature", "properties": { "from_node": 178, "to_node": 183, "length_km": 71.018786291185449 }, "geometry": { "type": "LineString", "coordinates": [ [ 24.186401, 60.304505 ], [ 22.913361, 60.363639 ] ] } },
{ "type": "Feature", "properties": { "from_node": 178, "to_node": 205, "length_km": 56.25182104816254 }, "geometry": { "type": "LineString", "coordinates": [ [ 24.186401, 60.304505 ], [ 25.040588, 60.5755 ] ] } },
{ "type": "Feature", "properties": { "from_node": 178, "to_node": 219, "length_km": 67.760851891823265 }, "geometry": { "type": "LineString", "coordinates": [ [ 24.186401, 60.304505 ], [ 23.579407, 60.830188 ] ] } },
{ "type": "Feature", "properties": { "from_node": 178, "to_node": 224, "length_km": 78.557564308813511 }, "geometry": { "type": "LineString", "coordinates": [ [ 24.186401, 60.304505 ], [ 24.915619, 60.906402 ] ] } },
{ "type": "Feature", "properties": { "from_node": 179, "to_node": 186, "length_km": 59.658808196397615 }, "geometry": { "type": "LineString", "coordinates": [ [ 10.214539, 60.322868 ], [ 11.288452, 60.382648 ] ] } },
{ "type": "Feature", "properties": { "from_node": 179, "to_node": 206, "length_km": 85.529748321084185 }, "geometry": { "type": "LineString", "coordinates": [ [ 10.214539, 60.322868 ], [ 8.75885, 60.591688 ] ] } },
{ "type": "Feature", "properties": { "from_node": 179, "to_node": 218, "length_km": 59.254783214206249 }, "geometry": { "type": "LineString", "coordinates": [ [ 10.214539, 60.322868 ], [ 10.604553, 60.818808 ] ] } },
{ "type": "Feature", "properties": { "from_node": 180, "to_node": 185, "length_km": 16.414591511219331 }, "geometry": { "type": "LineString", "coordinates": [ [ 24.930725, 60.330347 ], [ 25.209503, 60.378575 ] ] } },
{ "type": "Feature", "properties": { "from_node": 180, "to_node": 205, "length_km": 28.168789082319673 }, "geometry": { "type": "LineString", "coordinates": [ [ 24.930725, 60.330347 ], [ 25.040588, 60.5755 ] ] } },
{ "type": "Feature", "properties": { "from_node": 181, "to_node": 193, "length_km": 8.623567430115088 }, "geometry": { "type": "LineString", "coordinates": [ [ 5.449219, 60.347337 ], [ 5.494537, 60.42131 ] ] } },
{ "type": "Feature", "properties": { "from_node": 181, "to_node": 195, "length_km": 16.057772954997876 }, "geometry": { "type": "LineString", "coordinates": [ [ 5.449219, 60.347337 ], [ 5.259705, 60.456541 ] ] } },
{ "type": "Feature", "properties": { "from_node": 181, "to_node": 198, "length_km": 42.762445669785123 }, "geometry": { "type": "LineString", "coordinates": [ [ 5.449219, 60.347337 ], [ 6.156464, 60.504583 ] ] } },
{ "type": "Feature", "properties": { "from_node": 182, "to_node": 199, "length_km": 32.822666921877598 }, "geometry": { "type": "LineString", "coordinates": [ [ 8.596802, 60.357527 ], [ 8.088684, 60.511343 ] ] } },
{ "type": "Feature", "properties": { "from_node": 182, "to_node": 206, "length_km": 27.57775137582917 }, "geometry": { "type": "LineString", "coordinates": [ [ 8.596802, 60.357527 ], [ 8.75885, 60.591688 ] ] } },
{ "type": "Feature", "properties": { "from_node": 183, "to_node": 200, "length_km": 30.708895016224382 }, "geometry": { "type": "LineString", "coordinates": [ [ 22.913361, 60.363639 ], [ 22.457428, 60.52013 ] ] } },
{ "type": "Feature", "properties": { "from_node": 183, "to_node": 219, "length_km": 63.845129159447836 }, "geometry": { "type": "LineString", "coordinates": [ [ 22.913361, 60.363639 ], [ 23.579407, 60.830188 ] ] } },
{ "type": "Feature", "properties": { "from_node": 184, "to_node": 187, "length_km": 12.719646103265932 }, "geometry": { "type": "LineString", "coordinates": [ [ 16.284446847098103, 60.370428457277711 ], [ 16.512451, 60.38672 ] ] } },
{ "type": "Feature", "properties": { "from_node": 184, "to_node": 188, "length_km": 6.6070750847800568 }, "geometry": { "type": "LineString", "coordinates": [ [ 16.284446847098103, 60.370428457277711 ], [ 16.177368, 60.396897 ] ] } },
{ "type": "Feature", "properties": { "from_node": 185, "to_node": 192, "length_km": 60.434860598913765 }, "geometry": { "type": "LineString", "coordinates": [ [ 25.209503, 60.378575 ], [ 26.294403, 60.418598 ] ] } },
{ "type": "Feature", "properties": { "from_node": 185, "to_node": 196, "length_km": 26.993742112839854 }, "geometry": { "type": "LineString", "coordinates": [ [ 25.209503, 60.378575 ], [ 25.659943, 60.469404 ] ] } },
{ "type": "Feature", "properties": { "from_node": 185, "to_node": 205, "length_km": 23.994056128871179 }, "geometry": { "type": "LineString", "coordinates": [ [ 25.209503, 60.378575 ], [ 25.040588, 60.5755 ] ] } },
{ "type": "Feature", "properties": { "from_node": 186, "to_node": 191, "length_km": 215.04322750663135 }, "geometry": { "type": "LineString", "coordinates": [ [ 11.288452, 60.382648 ], [ 15.188599, 60.415208 ] ] } },
{ "type": "Feature", "properties": { "from_node": 186, "to_node": 217, "length_km": 48.877875883961678 }, "geometry": { "type": "LineString", "coordinates": [ [ 11.288452, 60.382648 ], [ 11.160736, 60.816799 ] ] } },
{ "type": "Feature", "properties": { "from_node": 186, "to_node": 218, "length_km": 61.364446948213981 }, "geometry": { "type": "LineString", "coordinates": [ [ 11.288452, 60.382648 ], [ 10.604553, 60.818808 ] ] } },
{ "type": "Feature", "properties": { "from_node": 187, "to_node": 188, "length_km": 18.528441856433734 }, "geometry": { "type": "LineString", "coordinates": [ [ 16.512451, 60.38672 ], [ 16.177368, 60.396897 ] ] } },
{ "type": "Feature", "properties": { "from_node": 187, "to_node": 190, "length_km": 42.162526077821518 }, "geometry": { "type": "LineString", "coordinates": [ [ 16.512451, 60.38672 ], [ 17.274628, 60.412496 ] ] } },
{ "type": "Feature", "properties": { "from_node": 187, "to_node": 203, "length_km": 35.211544423943948 }, "geometry": { "type": "LineString", "coordinates": [ [ 16.512451, 60.38672 ], [ 17.059021, 60.550528 ] ] } },
{ "type": "Feature", "properties": { "from_node": 187, "to_node": 204, "length_km": 32.555578549606622 }, "geometry": { "type": "LineString", "coordinates": [ [ 16.512451, 60.38672 ], [ 16.972504, 60.570102 ] ] } },
{ "type": "Feature", "properties": { "from_node": 187, "to_node": 212, "length_km": 41.162745567842791 }, "geometry": { "type": "LineString", "coordinates": [ [ 16.512451, 60.38672 ], [ 16.931305, 60.692679 ] ] } },
{ "type": "Feature", "properties": { "from_node": 188, "to_node": 189, "length_km": 40.543396381886488 }, "geometry": { "type": "LineString", "coordinates": [ [ 16.177368, 60.396897 ], [ 15.442657, 60.406393 ] ] } },
{ "type": "Feature", "properties": { "from_node": 188, "to_node": 212, "length_km": 52.950649715413348 }, "geometry": { "type": "LineString", "coordinates": [ [ 16.177368, 60.396897 ], [ 16.931305, 60.692679 ] ] } },
{ "type": "Feature", "properties": { "from_node": 188, "to_node": 226, "length_km": 63.792439309383376 }, "geometry": { "type": "LineString", "coordinates": [ [ 16.177368, 60.396897 ], [ 16.637421, 60.922424 ] ] } },
{ "type": "Feature", "properties": { "from_node": 189, "to_node": 191, "length_km": 14.043187426200566 }, "geometry": { "type": "LineString", "coordinates": [ [ 15.442657, 60.406393 ], [ 15.188599, 60.415208 ] ] } },
{ "type": "Feature", "properties": { "from_node": 189, "to_node": 226, "length_km": 87.09590729896766 }, "geometry": { "type": "LineString", "coordinates": [ [ 15.442657, 60.406393 ], [ 16.637421, 60.922424 ] ] } },
{ "type": "Feature", "properties": { "from_node": 190, "to_node": 194, "length_km": 46.865929846259455 }, "geometry": { "type": "LineString", "coordinates": [ [ 17.274628, 60.412496 ], [ 18.123322, 60.430121 ] ] } },
{ "type": "Feature", "properties": { "from_node": 190, "to_node": 202, "length_km": 43.196712406250441 }, "geometry": { "type": "LineString", "coordinates": [ [ 17.274628, 60.412496 ], [ 18.020325, 60.532293 ] ] } },
{ "type": "Feature", "properties": { "from_node": 190, "to_node": 203, "length_km": 19.443495351100395 }, "geometry": { "type": "LineString", "coordinates": [ [ 17.274628, 60.412496 ], [ 17.059021, 60.550528 ] ] } },
{ "type": "Feature", "properties": { "from_node": 190, "to_node": 213, "length_km": 32.503225521859335 }, "geometry": { "type": "LineString", "coordinates": [ [ 17.274628, 60.412496 ], [ 17.179871, 60.700072 ] ] } },
{ "type": "Feature", "properties": { "from_node": 191, "to_node": 217, "length_km": 225.05995424528263 }, "geometry": { "type": "LineString", "coordinates": [ [ 15.188599, 60.415208 ], [ 11.160736, 60.816799 ] ] } },
{ "type": "Feature", "properties": { "from_node": 191, "to_node": 226, "length_km": 97.375446870442332 }, "geometry": { "type": "LineString", "coordinates": [ [ 15.188599, 60.415208 ], [ 16.637421, 60.922424 ] ] } },
{ "type": "Feature", "properties": { "from_node": 191, "to_node": 242, "length_km": 130.14458361602766 }, "geometry": { "type": "LineString", "coordinates": [ [ 15.188599, 60.415208 ], [ 16.44928, 61.407894 ] ] } },
{ "type": "Feature", "properties": { "from_node": 191, "to_node": 259, "length_km": 167.53102180061643 }, "geometry": { "type": "LineString", "coordinates": [ [ 15.188599, 60.415208 ], [ 15.843658, 61.88399 ] ] } },
{ "type": "Feature", "properties": { "from_node": 191, "to_node": 261, "length_km": 192.64554310409255 }, "geometry": { "type": "LineString", "coordinates": [ [ 15.188599, 60.415208 ], [ 14.16687, 62.071739 ] ] } },
{ "type": "Feature", "properties": { "from_node": 192, "to_node": 196, "length_km": 35.663102694436418 }, "geometry": { "type": "LineString", "coordinates": [ [ 26.294403, 60.418598 ], [ 25.659943, 60.469404 ] ] } },
{ "type": "Feature", "properties": { "from_node": 192, "to_node": 215, "length_km": 55.576958229819574 }, "geometry": { "type": "LineString", "coordinates": [ [ 26.294403, 60.418598 ], [ 27.063446, 60.737015 ] ] } },
{ "type": "Feature", "properties": { "from_node": 192, "to_node": 221, "length_km": 53.36488688964684 }, "geometry": { "type": "LineString", "coordinates": [ [ 26.294403, 60.418598 ], [ 26.621246, 60.865644 ] ] } },
{ "type": "Feature", "properties": { "from_node": 192, "to_node": 223, "length_km": 104.35773663538396 }, "geometry": { "type": "LineString", "coordinates": [ [ 26.294403, 60.418598 ], [ 27.919006, 60.893713 ] ] } },
{ "type": "Feature", "properties": { "from_node": 193, "to_node": 195, "length_km": 13.530091163544105 }, "geometry": { "type": "LineString", "coordinates": [ [ 5.494537, 60.42131 ], [ 5.259705, 60.456541 ] ] } },
{ "type": "Feature", "properties": { "from_node": 193, "to_node": 198, "length_km": 37.623508231303269 }, "geometry": { "type": "LineString", "coordinates": [ [ 5.494537, 60.42131 ], [ 6.156464, 60.504583 ] ] } },
{ "type": "Feature", "properties": { "from_node": 193, "to_node": 209, "length_km": 33.037219889770761 }, "geometry": { "type": "LineString", "coordinates": [ [ 5.494537, 60.42131 ], [ 5.847473, 60.661069 ] ] } },
{ "type": "Feature", "properties": { "from_node": 194, "to_node": 202, "length_km": 12.736632701874827 }, "geometry": { "type": "LineString", "coordinates": [ [ 18.123322, 60.430121 ], [ 18.020325, 60.532293 ] ] } },
{ "type": "Feature", "properties": { "from_node": 194, "to_node": 233, "length_km": 202.09844319829884 }, "geometry": { "type": "LineString", "coordinates": [ [ 18.123322, 60.430121 ], [ 21.538696, 61.125998 ] ] } },
{ "type": "Feature", "properties": { "from_node": 195, "to_node": 209, "length_km": 39.531425578419388 }, "geometry": { "type": "LineString", "coordinates": [ [ 5.259705, 60.456541 ], [ 5.847473, 60.661069 ] ] } },
{ "type": "Feature", "properties": { "from_node": 195, "to_node": 214, "length_km": 31.049362999871391 }, "geometry": { "type": "LineString", "coordinates": [ [ 5.259705, 60.456541 ], [ 4.998779, 60.703432 ] ] } },
{ "type": "Feature", "properties": { "from_node": 196, "to_node": 205, "length_km": 36.269348823555895 }, "geometry": { "type": "LineString", "coordinates": [ [ 25.659943, 60.469404 ], [ 25.040588, 60.5755 ] ] } },
{ "type": "Feature", "properties": { "from_node": 196, "to_node": 221, "length_km": 69.186149484875699 }, "geometry": { "type": "LineString", "coordinates": [ [ 25.659943, 60.469404 ], [ 26.621246, 60.865644 ] ] } },
{ "type": "Feature", "properties": { "from_node": 196, "to_node": 224, "length_km": 63.890385614348197 }, "geometry": { "type": "LineString", "coordinates": [ [ 25.659943, 60.469404 ], [ 24.915619, 60.906402 ] ] } },
{ "type": "Feature", "properties": { "from_node": 197, "to_node": 199, "length_km": 46.984941734315868 }, "geometry": { "type": "LineString", "coordinates": [ [ 7.23587, 60.484968 ], [ 8.088684, 60.511343 ] ] } },
{ "type": "Feature", "properties": { "from_node": 197, "to_node": 201, "length_km": 8.476997212764207 }, "geometry": { "type": "LineString", "coordinates": [ [ 7.23587, 60.484968 ], [ 7.108154, 60.527563 ] ] } },
{ "type": "Feature", "properties": { "from_node": 197, "to_node": 208, "length_km": 39.594796823519602 }, "geometry": { "type": "LineString", "coordinates": [ [ 7.23587, 60.484968 ], [ 7.893677, 60.630775 ] ] } },
{ "type": "Feature", "properties": { "from_node": 198, "to_node": 201, "length_km": 52.379932882561704 }, "geometry": { "type": "LineString", "coordinates": [ [ 6.156464, 60.504583 ], [ 7.108154, 60.527563 ] ] } },
{ "type": "Feature", "properties": { "from_node": 198, "to_node": 209, "length_km": 24.333552237964724 }, "geometry": { "type": "LineString", "coordinates": [ [ 6.156464, 60.504583 ], [ 5.847473, 60.661069 ] ] } },
{ "type": "Feature", "properties": { "from_node": 198, "to_node": 210, "length_km": 18.094162172047749 }, "geometry": { "type": "LineString", "coordinates": [ [ 6.156464, 60.504583 ], [ 6.100159, 60.664433 ] ] } },
{ "type": "Feature", "properties": { "from_node": 199, "to_node": 206, "length_km": 37.856836760102034 }, "geometry": { "type": "LineString", "coordinates": [ [ 8.088684, 60.511343 ], [ 8.75885, 60.591688 ] ] } },
{ "type": "Feature", "properties": { "from_node": 199, "to_node": 208, "length_km": 17.078386363990884 }, "geometry": { "type": "LineString", "coordinates": [ [ 8.088684, 60.511343 ], [ 7.893677, 60.630775 ] ] } },
{ "type": "Feature", "properties": { "from_node": 199, "to_node": 211, "length_km": 17.740599712128361 }, "geometry": { "type": "LineString", "coordinates": [ [ 8.088684, 60.511343 ], [ 8.084564, 60.670488 ] ] } },
{ "type": "Feature", "properties": { "from_node": 200, "to_node": 219, "length_km": 70.738163945855106 }, "geometry": { "type": "LineString", "coordinates": [ [ 22.457428, 60.52013 ], [ 23.579407, 60.830188 ] ] } },
{ "type": "Feature", "properties": { "from_node": 200, "to_node": 225, "length_km": 54.293454376131201 }, "geometry": { "type": "LineString", "coordinates": [ [ 22.457428, 60.52013 ], [ 21.895752, 60.919755 ] ] } },
{ "type": "Feature", "properties": { "from_node": 200, "to_node": 236, "length_km": 76.406043225817754 }, "geometry": { "type": "LineString", "coordinates": [ [ 22.457428, 60.52013 ], [ 22.822723, 61.179005 ] ] } },
{ "type": "Feature", "properties": { "from_node": 201, "to_node": 208, "length_km": 44.596688198706744 }, "geometry": { "type": "LineString", "coordinates": [ [ 7.108154, 60.527563 ], [ 7.893677, 60.630775 ] ] } },
{ "type": "Feature", "properties": { "from_node": 201, "to_node": 210, "length_km": 57.344530955519204 }, "geometry": { "type": "LineString", "coordinates": [ [ 7.108154, 60.527563 ], [ 6.100159, 60.664433 ] ] } },
{ "type": "Feature", "properties": { "from_node": 201, "to_node": 227, "length_km": 49.041569598481161 }, "geometry": { "type": "LineString", "coordinates": [ [ 7.108154, 60.527563 ], [ 7.462463, 60.931767 ] ] } },
{ "type": "Feature", "properties": { "from_node": 201, "to_node": 228, "length_km": 47.519484173055773 }, "geometry": { "type": "LineString", "coordinates": [ [ 7.108154, 60.527563 ], [ 7.216644, 60.950443 ] ] } },
{ "type": "Feature", "properties": { "from_node": 201, "to_node": 230, "length_km": 63.640963692664272 }, "geometry": { "type": "LineString", "coordinates": [ [ 7.108154, 60.527563 ], [ 6.60965, 61.043662 ] ] } },
{ "type": "Feature", "properties": { "from_node": 202, "to_node": 213, "length_km": 49.746572011117834 }, "geometry": { "type": "LineString", "coordinates": [ [ 18.020325, 60.532293 ], [ 17.179871, 60.700072 ] ] } },
{ "type": "Feature", "properties": { "from_node": 202, "to_node": 233, "length_km": 203.00282919926823 }, "geometry": { "type": "LineString", "coordinates": [ [ 18.020325, 60.532293 ], [ 21.538696, 61.125998 ] ] } },
{ "type": "Feature", "properties": { "from_node": 202, "to_node": 234, "length_km": 85.226390960960813 }, "geometry": { "type": "LineString", "coordinates": [ [ 18.020325, 60.532293 ], [ 17.166138, 61.172384 ] ] } },
{ "type": "Feature", "properties": { "from_node": 203, "to_node": 204, "length_km": 5.229233014366284 }, "geometry": { "type": "LineString", "coordinates": [ [ 17.059021, 60.550528 ], [ 16.972504, 60.570102 ] ] } },
{ "type": "Feature", "properties": { "from_node": 203, "to_node": 207, "length_km": 8.3101708984636158 }, "geometry": { "type": "LineString", "coordinates": [ [ 17.059021, 60.550528 ], [ 17.045288, 60.624713 ] ] } },
{ "type": "Feature", "properties": { "from_node": 203, "to_node": 213, "length_km": 17.950248599999828 }, "geometry": { "type": "LineString", "coordinates": [ [ 17.059021, 60.550528 ], [ 17.179871, 60.700072 ] ] } },
{ "type": "Feature", "properties": { "from_node": 204, "to_node": 207, "length_km": 7.2839757575242974 }, "geometry": { "type": "LineString", "coordinates": [ [ 16.972504, 60.570102 ], [ 17.045288, 60.624713 ] ] } },
{ "type": "Feature", "properties": { "from_node": 204, "to_node": 212, "length_km": 13.859037154131579 }, "geometry": { "type": "LineString", "coordinates": [ [ 16.972504, 60.570102 ], [ 16.931305, 60.692679 ] ] } },
{ "type": "Feature", "properties": { "from_node": 205, "to_node": 224, "length_km": 37.748875244973327 }, "geometry": { "type": "LineString", "coordinates": [ [ 25.040588, 60.5755 ], [ 24.915619, 60.906402 ] ] } },
{ "type": "Feature", "properties": { "from_node": 206, "to_node": 211, "length_km": 37.947967870486053 }, "geometry": { "type": "LineString", "coordinates": [ [ 8.75885, 60.591688 ], [ 8.084564, 60.670488 ] ] } },
{ "type": "Feature", "properties": { "from_node": 206, "to_node": 216, "length_km": 23.376444158156147 }, "geometry": { "type": "LineString", "coordinates": [ [ 8.75885, 60.591688 ], [ 8.690186, 60.798714 ] ] } },
{ "type": "Feature", "properties": { "from_node": 206, "to_node": 218, "length_km": 103.92670858793832 }, "geometry": { "type": "LineString", "coordinates": [ [ 8.75885, 60.591688 ], [ 10.604553, 60.818808 ] ] } },
{ "type": "Feature", "properties": { "from_node": 207, "to_node": 212, "length_km": 9.8200828206224067 }, "geometry": { "type": "LineString", "coordinates": [ [ 17.045288, 60.624713 ], [ 16.931305, 60.692679 ] ] } },
{ "type": "Feature", "properties": { "from_node": 207, "to_node": 213, "length_km": 11.179039703832764 }, "geometry": { "type": "LineString", "coordinates": [ [ 17.045288, 60.624713 ], [ 17.179871, 60.700072 ] ] } },
{ "type": "Feature", "properties": { "from_node": 208, "to_node": 211, "length_km": 11.345198553499145 }, "geometry": { "type": "LineString", "coordinates": [ [ 7.893677, 60.630775 ], [ 8.084564, 60.670488 ] ] } },
{ "type": "Feature", "properties": { "from_node": 208, "to_node": 227, "length_km": 40.967060662005665 }, "geometry": { "type": "LineString", "coordinates": [ [ 7.893677, 60.630775 ], [ 7.462463, 60.931767 ] ] } },
{ "type": "Feature", "properties": { "from_node": 209, "to_node": 210, "length_km": 13.836448262776919 }, "geometry": { "type": "LineString", "coordinates": [ [ 5.847473, 60.661069 ], [ 6.100159, 60.664433 ] ] } },
{ "type": "Feature", "properties": { "from_node": 209, "to_node": 214, "length_km": 46.677221695430937 }, "geometry": { "type": "LineString", "coordinates": [ [ 5.847473, 60.661069 ], [ 4.998779, 60.703432 ] ] } },
{ "type": "Feature", "properties": { "from_node": 209, "to_node": 220, "length_km": 20.69073447247381 }, "geometry": { "type": "LineString", "coordinates": [ [ 5.847473, 60.661069 ], [ 5.968323, 60.836881 ] ] } },
{ "type": "Feature", "properties": { "from_node": 210, "to_node": 220, "length_km": 20.536714465815148 }, "geometry": { "type": "LineString", "coordinates": [ [ 6.100159, 60.664433 ], [ 5.968323, 60.836881 ] ] } },
{ "type": "Feature", "properties": { "from_node": 210, "to_node": 230, "length_km": 50.567361163830611 }, "geometry": { "type": "LineString", "coordinates": [ [ 6.100159, 60.664433 ], [ 6.60965, 61.043662 ] ] } },
{ "type": "Feature", "properties": { "from_node": 211, "to_node": 216, "length_km": 36.009724476931325 }, "geometry": { "type": "LineString", "coordinates": [ [ 8.084564, 60.670488 ], [ 8.690186, 60.798714 ] ] } },
{ "type": "Feature", "properties": { "from_node": 211, "to_node": 222, "length_km": 25.796937968533467 }, "geometry": { "type": "LineString", "coordinates": [ [ 8.084564, 60.670488 ], [ 8.311157, 60.873666 ] ] } },
{ "type": "Feature", "properties": { "from_node": 211, "to_node": 227, "length_km": 44.683307699158469 }, "geometry": { "type": "LineString", "coordinates": [ [ 8.084564, 60.670488 ], [ 7.462463, 60.931767 ] ] } },
{ "type": "Feature", "properties": { "from_node": 211, "to_node": 231, "length_km": 43.035350853044932 }, "geometry": { "type": "LineString", "coordinates": [ [ 8.084564, 60.670488 ], [ 7.892303, 61.044991 ] ] } },
{ "type": "Feature", "properties": { "from_node": 212, "to_node": 213, "length_km": 13.618907924416687 }, "geometry": { "type": "LineString", "coordinates": [ [ 16.931305, 60.692679 ], [ 17.179871, 60.700072 ] ] } },
{ "type": "Feature", "properties": { "from_node": 212, "to_node": 226, "length_km": 30.219951332317915 }, "geometry": { "type": "LineString", "coordinates": [ [ 16.931305, 60.692679 ], [ 16.637421, 60.922424 ] ] } },
{ "type": "Feature", "properties": { "from_node": 213, "to_node": 226, "length_km": 38.586618995422981 }, "geometry": { "type": "LineString", "coordinates": [ [ 17.179871, 60.700072 ], [ 16.637421, 60.922424 ] ] } },
{ "type": "Feature", "properties": { "from_node": 213, "to_node": 234, "length_km": 52.699495309688274 }, "geometry": { "type": "LineString", "coordinates": [ [ 17.179871, 60.700072 ], [ 17.166138, 61.172384 ] ] } },
{ "type": "Feature", "properties": { "from_node": 214, "to_node": 220, "length_km": 54.958135972218422 }, "geometry": { "type": "LineString", "coordinates": [ [ 4.998779, 60.703432 ], [ 5.968323, 60.836881 ] ] } },
{ "type": "Feature", "properties": { "from_node": 214, "to_node": 238, "length_km": 83.761113540730349 }, "geometry": { "type": "LineString", "coordinates": [ [ 4.998779, 60.703432 ], [ 6.093292, 61.233245 ] ] } },
{ "type": "Feature", "properties": { "from_node": 214, "to_node": 247, "length_km": 96.909489367767648 }, "geometry": { "type": "LineString", "coordinates": [ [ 4.998779, 60.703432 ], [ 5.748596, 61.49256 ] ] } },
{ "type": "Feature", "properties": { "from_node": 214, "to_node": 254, "length_km": 115.47124015029328 }, "geometry": { "type": "LineString", "coordinates": [ [ 4.998779, 60.703432 ], [ 5.218506, 61.732826 ] ] } },
{ "type": "Feature", "properties": { "from_node": 215, "to_node": 221, "length_km": 28.261654363244386 }, "geometry": { "type": "LineString", "coordinates": [ [ 27.063446, 60.737015 ], [ 26.621246, 60.865644 ] ] } },
{ "type": "Feature", "properties": { "from_node": 215, "to_node": 223, "length_km": 50.193105650976975 }, "geometry": { "type": "LineString", "coordinates": [ [ 27.063446, 60.737015 ], [ 27.919006, 60.893713 ] ] } },
{ "type": "Feature", "properties": { "from_node": 215, "to_node": 246, "length_km": 85.584724614481871 }, "geometry": { "type": "LineString", "coordinates": [ [ 27.063446, 60.737015 ], [ 27.305145, 61.489282 ] ] } },
{ "type": "Feature", "properties": { "from_node": 216, "to_node": 218, "length_km": 104.23625285460515 }, "geometry": { "type": "LineString", "coordinates": [ [ 8.690186, 60.798714 ], [ 10.604553, 60.818808 ] ] } },
{ "type": "Feature", "properties": { "from_node": 216, "to_node": 222, "length_km": 22.247835730059645 }, "geometry": { "type": "LineString", "coordinates": [ [ 8.690186, 60.798714 ], [ 8.311157, 60.873666 ] ] } },
{ "type": "Feature", "properties": { "from_node": 216, "to_node": 235, "length_km": 102.78604624168597 }, "geometry": { "type": "LineString", "coordinates": [ [ 8.690186, 60.798714 ], [ 10.421906, 61.177019 ] ] } },
{ "type": "Feature", "properties": { "from_node": 216, "to_node": 244, "length_km": 82.98833328071278 }, "geometry": { "type": "LineString", "coordinates": [ [ 8.690186, 60.798714 ], [ 9.341125, 61.473546 ] ] } },
{ "type": "Feature", "properties": { "from_node": 217, "to_node": 218, "length_km": 30.267015661361501 }, "geometry": { "type": "LineString", "coordinates": [ [ 11.160736, 60.816799 ], [ 10.604553, 60.818808 ] ] } },
{ "type": "Feature", "properties": { "from_node": 217, "to_node": 235, "length_km": 56.653176356058914 }, "geometry": { "type": "LineString", "coordinates": [ [ 11.160736, 60.816799 ], [ 10.421906, 61.177019 ] ] } },
{ "type": "Feature", "properties": { "from_node": 217, "to_node": 256, "length_km": 113.73886230886087 }, "geometry": { "type": "LineString", "coordinates": [ [ 11.160736, 60.816799 ], [ 11.12915, 61.837358 ] ] } },
{ "type": "Feature", "properties": { "from_node": 217, "to_node": 261, "length_km": 212.76819480585289 }, "geometry": { "type": "LineString", "coordinates": [ [ 11.160736, 60.816799 ], [ 14.16687, 62.071739 ] ] } },
{ "type": "Feature", "properties": { "from_node": 218, "to_node": 235, "length_km": 41.121624921424448 }, "geometry": { "type": "LineString", "coordinates": [ [ 10.604553, 60.818808 ], [ 10.421906, 61.177019 ] ] } },
{ "type": "Feature", "properties": { "from_node": 219, "to_node": 224, "length_km": 73.53159050081014 }, "geometry": { "type": "LineString", "coordinates": [ [ 23.579407, 60.830188 ], [ 24.915619, 60.906402 ] ] } },
{ "type": "Feature", "properties": { "from_node": 219, "to_node": 236, "length_km": 56.733616562314239 }, "geometry": { "type": "LineString", "coordinates": [ [ 23.579407, 60.830188 ], [ 22.822723, 61.179005 ] ] } },
{ "type": "Feature", "properties": { "from_node": 219, "to_node": 241, "length_km": 72.388087580452549 }, "geometry": { "type": "LineString", "coordinates": [ [ 23.579407, 60.830188 ], [ 24.403381, 61.338151 ] ] } },
{ "type": "Feature", "properties": { "from_node": 219, "to_node": 248, "length_km": 81.554068768683379 }, "geometry": { "type": "LineString", "coordinates": [ [ 23.579407, 60.830188 ], [ 24.083405, 61.516146 ] ] } },
{ "type": "Feature", "properties": { "from_node": 220, "to_node": 230, "length_km": 41.745729866769537 }, "geometry": { "type": "LineString", "coordinates": [ [ 5.968323, 60.836881 ], [ 6.60965, 61.043662 ] ] } },
{ "type": "Feature", "properties": { "from_node": 220, "to_node": 238, "length_km": 44.724875682623463 }, "geometry": { "type": "LineString", "coordinates": [ [ 5.968323, 60.836881 ], [ 6.093292, 61.233245 ] ] } },
{ "type": "Feature", "properties": { "from_node": 221, "to_node": 224, "length_km": 93.420859800419052 }, "geometry": { "type": "LineString", "coordinates": [ [ 26.621246, 60.865644 ], [ 24.915619, 60.906402 ] ] } },
{ "type": "Feature", "properties": { "from_node": 221, "to_node": 246, "length_km": 79.308615138308184 }, "geometry": { "type": "LineString", "coordinates": [ [ 26.621246, 60.865644 ], [ 27.305145, 61.489282 ] ] } },
{ "type": "Feature", "properties": { "from_node": 221, "to_node": 257, "length_km": 136.22707588043841 }, "geometry": { "type": "LineString", "coordinates": [ [ 26.621246, 60.865644 ], [ 25.158691, 61.855501 ] ] } },
{ "type": "Feature", "properties": { "from_node": 221, "to_node": 258, "length_km": 135.67911696683117 }, "geometry": { "type": "LineString", "coordinates": [ [ 26.621246, 60.865644 ], [ 25.252075, 61.880107 ] ] } },
{ "type": "Feature", "properties": { "from_node": 222, "to_node": 231, "length_km": 29.665336854949487 }, "geometry": { "type": "LineString", "coordinates": [ [ 8.311157, 60.873666 ], [ 7.892303, 61.044991 ] ] } },
{ "type": "Feature", "properties": { "from_node": 222, "to_node": 244, "length_km": 86.852289277507396 }, "geometry": { "type": "LineString", "coordinates": [ [ 8.311157, 60.873666 ], [ 9.341125, 61.473546 ] ] } },
{ "type": "Feature", "properties": { "from_node": 223, "to_node": 246, "length_km": 74.812718883969836 }, "geometry": { "type": "LineString", "coordinates": [ [ 27.919006, 60.893713 ], [ 27.305145, 61.489282 ] ] } },
{ "type": "Feature", "properties": { "from_node": 223, "to_node": 265, "length_km": 154.13811114615251 }, "geometry": { "type": "LineString", "coordinates": [ [ 27.919006, 60.893713 ], [ 27.766571, 62.262171 ] ] } },
{ "type": "Feature", "properties": { "from_node": 223, "to_node": 367, "length_km": 415.61293429133173 }, "geometry": { "type": "LineString", "coordinates": [ [ 27.919006, 60.893713 ], [ 28.45047, 64.58147 ] ] } },
{ "type": "Feature", "properties": { "from_node": 223, "to_node": 434, "length_km": 993.0228334290108 }, "geometry": { "type": "LineString", "coordinates": [ [ 27.919006, 60.893713 ], [ 30.120392, 69.682374 ] ] } },
{ "type": "Feature", "properties": { "from_node": 224, "to_node": 241, "length_km": 55.818470837061952 }, "geometry": { "type": "LineString", "coordinates": [ [ 24.915619, 60.906402 ], [ 24.403381, 61.338151 ] ] } },
{ "type": "Feature", "properties": { "from_node": 224, "to_node": 257, "length_km": 107.25514883640228 }, "geometry": { "type": "LineString", "coordinates": [ [ 24.915619, 60.906402 ], [ 25.158691, 61.855501 ] ] } },
{ "type": "Feature", "properties": { "from_node": 225, "to_node": 233, "length_km": 30.130212937149171 }, "geometry": { "type": "LineString", "coordinates": [ [ 21.895752, 60.919755 ], [ 21.538696, 61.125998 ] ] } },
{ "type": "Feature", "properties": { "from_node": 225, "to_node": 236, "length_km": 58.063632996946296 }, "geometry": { "type": "LineString", "coordinates": [ [ 21.895752, 60.919755 ], [ 22.822723, 61.179005 ] ] } },
{ "type": "Feature", "properties": { "from_node": 225, "to_node": 245, "length_km": 63.927023093805843 }, "geometry": { "type": "LineString", "coordinates": [ [ 21.895752, 60.919755 ], [ 22.105865, 61.482071 ] ] } },
{ "type": "Feature", "properties": { "from_node": 226, "to_node": 234, "length_km": 39.941274877722165 }, "geometry": { "type": "LineString", "coordinates": [ [ 16.637421, 60.922424 ], [ 17.166138, 61.172384 ] ] } },
{ "type": "Feature", "properties": { "from_node": 226, "to_node": 242, "length_km": 55.09032489186977 }, "geometry": { "type": "LineString", "coordinates": [ [ 16.637421, 60.922424 ], [ 16.44928, 61.407894 ] ] } },
{ "type": "Feature", "properties": { "from_node": 227, "to_node": 228, "length_km": 13.494491396630822 }, "geometry": { "type": "LineString", "coordinates": [ [ 7.462463, 60.931767 ], [ 7.216644, 60.950443 ] ] } },
{ "type": "Feature", "properties": { "from_node": 227, "to_node": 229, "length_km": 8.1446434766630507 }, "geometry": { "type": "LineString", "coordinates": [ [ 7.462463, 60.931767 ], [ 7.395172, 60.997087 ] ] } },
{ "type": "Feature", "properties": { "from_node": 227, "to_node": 231, "length_km": 26.479251800570289 }, "geometry": { "type": "LineString", "coordinates": [ [ 7.462463, 60.931767 ], [ 7.892303, 61.044991 ] ] } },
{ "type": "Feature", "properties": { "from_node": 228, "to_node": 229, "length_km": 10.982591999077618 }, "geometry": { "type": "LineString", "coordinates": [ [ 7.216644, 60.950443 ], [ 7.395172, 60.997087 ] ] } },
{ "type": "Feature", "properties": { "from_node": 228, "to_node": 230, "length_km": 34.473191404664448 }, "geometry": { "type": "LineString", "coordinates": [ [ 7.216644, 60.950443 ], [ 6.60965, 61.043662 ] ] } },
{ "type": "Feature", "properties": { "from_node": 228, "to_node": 232, "length_km": 25.223802297766607 }, "geometry": { "type": "LineString", "coordinates": [ [ 7.216644, 60.950443 ], [ 6.871948, 61.10278 ] ] } },
{ "type": "Feature", "properties": { "from_node": 228, "to_node": 237, "length_km": 29.334697650127293 }, "geometry": { "type": "LineString", "coordinates": [ [ 7.216644, 60.950443 ], [ 7.338867, 61.206798 ] ] } },
{ "type": "Feature", "properties": { "from_node": 229, "to_node": 231, "length_km": 27.418854003579547 }, "geometry": { "type": "LineString", "coordinates": [ [ 7.395172, 60.997087 ], [ 7.892303, 61.044991 ] ] } },
{ "type": "Feature", "properties": { "from_node": 229, "to_node": 237, "length_km": 23.57791105175848 }, "geometry": { "type": "LineString", "coordinates": [ [ 7.395172, 60.997087 ], [ 7.338867, 61.206798 ] ] } },
{ "type": "Feature", "properties": { "from_node": 230, "to_node": 232, "length_km": 15.628667330038379 }, "geometry": { "type": "LineString", "coordinates": [ [ 6.60965, 61.043662 ], [ 6.871948, 61.10278 ] ] } },
{ "type": "Feature", "properties": { "from_node": 230, "to_node": 238, "length_km": 34.960144581980558 }, "geometry": { "type": "LineString", "coordinates": [ [ 6.60965, 61.043662 ], [ 6.093292, 61.233245 ] ] } },
{ "type": "Feature", "properties": { "from_node": 231, "to_node": 237, "length_km": 34.869628001665284 }, "geometry": { "type": "LineString", "coordinates": [ [ 7.892303, 61.044991 ], [ 7.338867, 61.206798 ] ] } },
{ "type": "Feature", "properties": { "from_node": 231, "to_node": 240, "length_km": 36.849612506855358 }, "geometry": { "type": "LineString", "coordinates": [ [ 7.892303, 61.044991 ], [ 7.439117, 61.292669 ] ] } },
{ "type": "Feature", "properties": { "from_node": 231, "to_node": 244, "length_km": 91.268364385256703 }, "geometry": { "type": "LineString", "coordinates": [ [ 7.892303, 61.044991 ], [ 9.341125, 61.473546 ] ] } },
{ "type": "Feature", "properties": { "from_node": 231, "to_node": 249, "length_km": 53.313921724051191 }, "geometry": { "type": "LineString", "coordinates": [ [ 7.892303, 61.044991 ], [ 7.738495, 61.517456 ] ] } },
{ "type": "Feature", "properties": { "from_node": 232, "to_node": 237, "length_km": 27.70150854582063 }, "geometry": { "type": "LineString", "coordinates": [ [ 6.871948, 61.10278 ], [ 7.338867, 61.206798 ] ] } },
{ "type": "Feature", "properties": { "from_node": 232, "to_node": 238, "length_km": 44.394961611836507 }, "geometry": { "type": "LineString", "coordinates": [ [ 6.871948, 61.10278 ], [ 6.093292, 61.233245 ] ] } },
{ "type": "Feature", "properties": { "from_node": 232, "to_node": 239, "length_km": 28.610830588765459 }, "geometry": { "type": "LineString", "coordinates": [ [ 6.871948, 61.10278 ], [ 7.293549, 61.259009 ] ] } },
{ "type": "Feature", "properties": { "from_node": 233, "to_node": 234, "length_km": 236.04462764972723 }, "geometry": { "type": "LineString", "coordinates": [ [ 21.538696, 61.125998 ], [ 17.166138, 61.172384 ] ] } },
{ "type": "Feature", "properties": { "from_node": 233, "to_node": 245, "length_km": 50.175343869402589 }, "geometry": { "type": "LineString", "coordinates": [ [ 21.538696, 61.125998 ], [ 22.105865, 61.482071 ] ] } },
{ "type": "Feature", "properties": { "from_node": 233, "to_node": 251, "length_km": 48.113919918090815 }, "geometry": { "type": "LineString", "coordinates": [ [ 21.538696, 61.125998 ], [ 21.660919, 61.552147 ] ] } },
{ "type": "Feature", "properties": { "from_node": 234, "to_node": 242, "length_km": 46.588068931573609 }, "geometry": { "type": "LineString", "coordinates": [ [ 17.166138, 61.172384 ], [ 16.44928, 61.407894 ] ] } },
{ "type": "Feature", "properties": { "from_node": 234, "to_node": 251, "length_km": 244.64397433224232 }, "geometry": { "type": "LineString", "coordinates": [ [ 17.166138, 61.172384 ], [ 21.660919, 61.552147 ] ] } },
{ "type": "Feature", "properties": { "from_node": 234, "to_node": 255, "length_km": 80.799411850106139 }, "geometry": { "type": "LineString", "coordinates": [ [ 17.166138, 61.172384 ], [ 16.316071, 61.771824 ] ] } },
{ "type": "Feature", "properties": { "from_node": 234, "to_node": 267, "length_km": 132.0444055550704 }, "geometry": { "type": "LineString", "coordinates": [ [ 17.166138, 61.172384 ], [ 17.362518, 62.352158 ] ] } },
{ "type": "Feature", "properties": { "from_node": 235, "to_node": 244, "length_km": 66.65164072651018 }, "geometry": { "type": "LineString", "coordinates": [ [ 10.421906, 61.177019 ], [ 9.341125, 61.473546 ] ] } },
{ "type": "Feature", "properties": { "from_node": 235, "to_node": 250, "length_km": 41.742089456392826 }, "geometry": { "type": "LineString", "coordinates": [ [ 10.421906, 61.177019 ], [ 10.134888, 61.525314 ] ] } },
{ "type": "Feature", "properties": { "from_node": 235, "to_node": 256, "length_km": 82.661746155913292 }, "geometry": { "type": "LineString", "coordinates": [ [ 10.421906, 61.177019 ], [ 11.12915, 61.837358 ] ] } },
{ "type": "Feature", "properties": { "from_node": 236, "to_node": 245, "length_km": 51.347949315108075 }, "geometry": { "type": "LineString", "coordinates": [ [ 22.822723, 61.179005 ], [ 22.105865, 61.482071 ] ] } },
{ "type": "Feature", "properties": { "from_node": 236, "to_node": 248, "length_km": 77.616204067609559 }, "geometry": { "type": "LineString", "coordinates": [ [ 22.822723, 61.179005 ], [ 24.083405, 61.516146 ] ] } },
{ "type": "Feature", "properties": { "from_node": 237, "to_node": 239, "length_km": 6.3102556319735159 }, "geometry": { "type": "LineString", "coordinates": [ [ 7.338867, 61.206798 ], [ 7.293549, 61.259009 ] ] } },
{ "type": "Feature", "properties": { "from_node": 237, "to_node": 240, "length_km": 10.984418994660189 }, "geometry": { "type": "LineString", "coordinates": [ [ 7.338867, 61.206798 ], [ 7.439117, 61.292669 ] ] } },
{ "type": "Feature", "properties": { "from_node": 238, "to_node": 239, "length_km": 64.551856058230598 }, "geometry": { "type": "LineString", "coordinates": [ [ 6.093292, 61.233245 ], [ 7.293549, 61.259009 ] ] } },
{ "type": "Feature", "properties": { "from_node": 238, "to_node": 247, "length_km": 34.312652862753779 }, "geometry": { "type": "LineString", "coordinates": [ [ 6.093292, 61.233245 ], [ 5.748596, 61.49256 ] ] } },
{ "type": "Feature", "properties": { "from_node": 238, "to_node": 252, "length_km": 79.786212965043944 }, "geometry": { "type": "LineString", "coordinates": [ [ 6.093292, 61.233245 ], [ 7.410278, 61.569805 ] ] } },
{ "type": "Feature", "properties": { "from_node": 239, "to_node": 240, "length_km": 8.6669222750353541 }, "geometry": { "type": "LineString", "coordinates": [ [ 7.293549, 61.259009 ], [ 7.439117, 61.292669 ] ] } },
{ "type": "Feature", "properties": { "from_node": 239, "to_node": 243, "length_km": 22.342953449050938 }, "geometry": { "type": "LineString", "coordinates": [ [ 7.293549, 61.259009 ], [ 7.436371, 61.447302 ] ] } },
{ "type": "Feature", "properties": { "from_node": 239, "to_node": 252, "length_km": 35.209742810761178 }, "geometry": { "type": "LineString", "coordinates": [ [ 7.293549, 61.259009 ], [ 7.410278, 61.569805 ] ] } },
{ "type": "Feature", "properties": { "from_node": 240, "to_node": 243, "length_km": 17.241320209500213 }, "geometry": { "type": "LineString", "coordinates": [ [ 7.439117, 61.292669 ], [ 7.436371, 61.447302 ] ] } },
{ "type": "Feature", "properties": { "from_node": 240, "to_node": 249, "length_km": 29.733310079052846 }, "geometry": { "type": "LineString", "coordinates": [ [ 7.439117, 61.292669 ], [ 7.738495, 61.517456 ] ] } },
{ "type": "Feature", "properties": { "from_node": 241, "to_node": 248, "length_km": 26.327281450293057 }, "geometry": { "type": "LineString", "coordinates": [ [ 24.403381, 61.338151 ], [ 24.083405, 61.516146 ] ] } },
{ "type": "Feature", "properties": { "from_node": 241, "to_node": 257, "length_km": 70.661932028853499 }, "geometry": { "type": "LineString", "coordinates": [ [ 24.403381, 61.338151 ], [ 25.158691, 61.855501 ] ] } },
{ "type": "Feature", "properties": { "from_node": 242, "to_node": 255, "length_km": 41.205011887181065 }, "geometry": { "type": "LineString", "coordinates": [ [ 16.44928, 61.407894 ], [ 16.316071, 61.771824 ] ] } },
{ "type": "Feature", "properties": { "from_node": 242, "to_node": 259, "length_km": 62.061338704075304 }, "geometry": { "type": "LineString", "coordinates": [ [ 16.44928, 61.407894 ], [ 15.843658, 61.88399 ] ] } },
{ "type": "Feature", "properties": { "from_node": 243, "to_node": 249, "length_km": 17.905200309475227 }, "geometry": { "type": "LineString", "coordinates": [ [ 7.436371, 61.447302 ], [ 7.738495, 61.517456 ] ] } },
{ "type": "Feature", "properties": { "from_node": 243, "to_node": 252, "length_km": 13.729191447956493 }, "geometry": { "type": "LineString", "coordinates": [ [ 7.436371, 61.447302 ], [ 7.410278, 61.569805 ] ] } },
{ "type": "Feature", "properties": { "from_node": 244, "to_node": 249, "length_km": 85.522075223598549 }, "geometry": { "type": "LineString", "coordinates": [ [ 9.341125, 61.473546 ], [ 7.738495, 61.517456 ] ] } },
{ "type": "Feature", "properties": { "from_node": 244, "to_node": 250, "length_km": 42.668082986973118 }, "geometry": { "type": "LineString", "coordinates": [ [ 9.341125, 61.473546 ], [ 10.134888, 61.525314 ] ] } },
{ "type": "Feature", "properties": { "from_node": 244, "to_node": 253, "length_km": 28.299896709442976 }, "geometry": { "type": "LineString", "coordinates": [ [ 9.341125, 61.473546 ], [ 9.821777, 61.582225 ] ] } },
{ "type": "Feature", "properties": { "from_node": 244, "to_node": 260, "length_km": 48.253917912876574 }, "geometry": { "type": "LineString", "coordinates": [ [ 9.341125, 61.473546 ], [ 9.063721, 61.885931 ] ] } },
{ "type": "Feature", "properties": { "from_node": 245, "to_node": 248, "length_km": 105.88782468241317 }, "geometry": { "type": "LineString", "coordinates": [ [ 22.105865, 61.482071 ], [ 24.083405, 61.516146 ] ] } },
{ "type": "Feature", "properties": { "from_node": 245, "to_node": 251, "length_km": 25.033174767542288 }, "geometry": { "type": "LineString", "coordinates": [ [ 22.105865, 61.482071 ], [ 21.660919, 61.552147 ] ] } },
{ "type": "Feature", "properties": { "from_node": 245, "to_node": 263, "length_km": 82.882626084096117 }, "geometry": { "type": "LineString", "coordinates": [ [ 22.105865, 61.482071 ], [ 21.604614, 62.184091 ] ] } },
{ "type": "Feature", "properties": { "from_node": 246, "to_node": 258, "length_km": 117.97600078701942 }, "geometry": { "type": "LineString", "coordinates": [ [ 27.305145, 61.489282 ], [ 25.252075, 61.880107 ] ] } },
{ "type": "Feature", "properties": { "from_node": 246, "to_node": 265, "length_km": 90.276778412811808 }, "geometry": { "type": "LineString", "coordinates": [ [ 27.305145, 61.489282 ], [ 27.766571, 62.262171 ] ] } },
{ "type": "Feature", "properties": { "from_node": 246, "to_node": 266, "length_km": 117.00472490284247 }, "geometry": { "type": "LineString", "coordinates": [ [ 27.305145, 61.489282 ], [ 26.032104, 62.340686 ] ] } },
{ "type": "Feature", "properties": { "from_node": 247, "to_node": 252, "length_km": 88.889776450863025 }, "geometry": { "type": "LineString", "coordinates": [ [ 5.748596, 61.49256 ], [ 7.410278, 61.569805 ] ] } },
{ "type": "Feature", "properties": { "from_node": 247, "to_node": 254, "length_km": 38.879257539195216 }, "geometry": { "type": "LineString", "coordinates": [ [ 5.748596, 61.49256 ], [ 5.218506, 61.732826 ] ] } },
{ "type": "Feature", "properties": { "from_node": 247, "to_node": 273, "length_km": 128.95549559254422 }, "geometry": { "type": "LineString", "coordinates": [ [ 5.748596, 61.49256 ], [ 7.033997, 62.47807 ] ] } },
{ "type": "Feature", "properties": { "from_node": 248, "to_node": 257, "length_km": 68.750996924464474 }, "geometry": { "type": "LineString", "coordinates": [ [ 24.083405, 61.516146 ], [ 25.158691, 61.855501 ] ] } },
{ "type": "Feature", "properties": { "from_node": 248, "to_node": 263, "length_km": 150.92179649535186 }, "geometry": { "type": "LineString", "coordinates": [ [ 24.083405, 61.516146 ], [ 21.604614, 62.184091 ] ] } },
{ "type": "Feature", "properties": { "from_node": 248, "to_node": 264, "length_km": 101.74373344237149 }, "geometry": { "type": "LineString", "coordinates": [ [ 24.083405, 61.516146 ], [ 25.180664, 62.261532 ] ] } },
{ "type": "Feature", "properties": { "from_node": 248, "to_node": 288, "length_km": 161.6037909290614 }, "geometry": { "type": "LineString", "coordinates": [ [ 24.083405, 61.516146 ], [ 22.633209, 62.789912 ] ] } },
{ "type": "Feature", "properties": { "from_node": 249, "to_node": 252, "length_km": 18.412707419785132 }, "geometry": { "type": "LineString", "coordinates": [ [ 7.738495, 61.517456 ], [ 7.410278, 61.569805 ] ] } },
{ "type": "Feature", "properties": { "from_node": 249, "to_node": 260, "length_km": 81.27888977319536 }, "geometry": { "type": "LineString", "coordinates": [ [ 7.738495, 61.517456 ], [ 9.063721, 61.885931 ] ] } },
{ "type": "Feature", "properties": { "from_node": 249, "to_node": 277, "length_km": 112.5135757596565 }, "geometry": { "type": "LineString", "coordinates": [ [ 7.738495, 61.517456 ], [ 7.7948, 62.526259 ] ] } },
{ "type": "Feature", "properties": { "from_node": 250, "to_node": 253, "length_km": 17.814326286874536 }, "geometry": { "type": "LineString", "coordinates": [ [ 10.134888, 61.525314 ], [ 9.821777, 61.582225 ] ] } },
{ "type": "Feature", "properties": { "from_node": 250, "to_node": 256, "length_km": 63.090256343650957 }, "geometry": { "type": "LineString", "coordinates": [ [ 10.134888, 61.525314 ], [ 11.12915, 61.837358 ] ] } },
{ "type": "Feature", "properties": { "from_node": 251, "to_node": 263, "length_km": 70.742236823324006 }, "geometry": { "type": "LineString", "coordinates": [ [ 21.660919, 61.552147 ], [ 21.604614, 62.184091 ] ] } },
{ "type": "Feature", "properties": { "from_node": 251, "to_node": 267, "length_km": 243.07069418452645 }, "geometry": { "type": "LineString", "coordinates": [ [ 21.660919, 61.552147 ], [ 17.362518, 62.352158 ] ] } },
{ "type": "Feature", "properties": { "from_node": 252, "to_node": 273, "length_km": 103.1796217102641 }, "geometry": { "type": "LineString", "coordinates": [ [ 7.410278, 61.569805 ], [ 7.033997, 62.47807 ] ] } },
{ "type": "Feature", "properties": { "from_node": 252, "to_node": 277, "length_km": 108.52504051221777 }, "geometry": { "type": "LineString", "coordinates": [ [ 7.410278, 61.569805 ], [ 7.7948, 62.526259 ] ] } },
{ "type": "Feature", "properties": { "from_node": 253, "to_node": 256, "length_km": 74.772392649613622 }, "geometry": { "type": "LineString", "coordinates": [ [ 9.821777, 61.582225 ], [ 11.12915, 61.837358 ] ] } },
{ "type": "Feature", "properties": { "from_node": 253, "to_node": 260, "length_km": 52.454475871395196 }, "geometry": { "type": "LineString", "coordinates": [ [ 9.821777, 61.582225 ], [ 9.063721, 61.885931 ] ] } },
{ "type": "Feature", "properties": { "from_node": 253, "to_node": 281, "length_km": 118.92700934739904 }, "geometry": { "type": "LineString", "coordinates": [ [ 9.821777, 61.582225 ], [ 10.266724, 62.628719 ] ] } },
{ "type": "Feature", "properties": { "from_node": 254, "to_node": 273, "length_km": 126.14342707818348 }, "geometry": { "type": "LineString", "coordinates": [ [ 5.218506, 61.732826 ], [ 7.033997, 62.47807 ] ] } },
{ "type": "Feature", "properties": { "from_node": 254, "to_node": 410, "length_km": 692.80916120099687 }, "geometry": { "type": "LineString", "coordinates": [ [ 5.218506, 61.732826 ], [ 13.807068, 66.707884 ] ] } },
{ "type": "Feature", "properties": { "from_node": 254, "to_node": 432, "length_km": 1083.2722987730397 }, "geometry": { "type": "LineString", "coordinates": [ [ 5.218506, 61.732826 ], [ 19.158783, 69.620772 ] ] } },
{ "type": "Feature", "properties": { "from_node": 255, "to_node": 259, "length_km": 27.876993451189605 }, "geometry": { "type": "LineString", "coordinates": [ [ 16.316071, 61.771824 ], [ 15.843658, 61.88399 ] ] } },
{ "type": "Feature", "properties": { "from_node": 255, "to_node": 267, "length_km": 84.804370346325015 }, "geometry": { "type": "LineString", "coordinates": [ [ 16.316071, 61.771824 ], [ 17.362518, 62.352158 ] ] } },
{ "type": "Feature", "properties": { "from_node": 255, "to_node": 268, "length_km": 69.851416626105603 }, "geometry": { "type": "LineString", "coordinates": [ [ 16.316071, 61.771824 ], [ 16.333923, 62.398006 ] ] } },
{ "type": "Feature", "properties": { "from_node": 255, "to_node": 270, "length_km": 82.31539578056119 }, "geometry": { "type": "LineString", "coordinates": [ [ 16.316071, 61.771824 ], [ 16.993103, 62.438065 ] ] } },
{ "type": "Feature", "properties": { "from_node": 256, "to_node": 261, "length_km": 161.53336126876496 }, "geometry": { "type": "LineString", "coordinates": [ [ 11.12915, 61.837358 ], [ 14.16687, 62.071739 ] ] } },
{ "type": "Feature", "properties": { "from_node": 256, "to_node": 262, "length_km": 152.88612918046377 }, "geometry": { "type": "LineString", "coordinates": [ [ 11.12915, 61.837358 ], [ 13.973236, 62.141768 ] ] } },
{ "type": "Feature", "properties": { "from_node": 256, "to_node": 280, "length_km": 111.72957178253907 }, "geometry": { "type": "LineString", "coordinates": [ [ 11.12915, 61.837358 ], [ 12.590332, 62.571841 ] ] } },
{ "type": "Feature", "properties": { "from_node": 256, "to_node": 281, "length_km": 98.942537957331439 }, "geometry": { "type": "LineString", "coordinates": [ [ 11.12915, 61.837358 ], [ 10.266724, 62.628719 ] ] } },
{ "type": "Feature", "properties": { "from_node": 257, "to_node": 258, "length_km": 5.6641709048206623 }, "geometry": { "type": "LineString", "coordinates": [ [ 25.158691, 61.855501 ], [ 25.252075, 61.880107 ] ] } },
{ "type": "Feature", "properties": { "from_node": 257, "to_node": 264, "length_km": 45.55401044925496 }, "geometry": { "type": "LineString", "coordinates": [ [ 25.158691, 61.855501 ], [ 25.180664, 62.261532 ] ] } },
{ "type": "Feature", "properties": { "from_node": 258, "to_node": 264, "length_km": 42.945915431752269 }, "geometry": { "type": "LineString", "coordinates": [ [ 25.252075, 61.880107 ], [ 25.180664, 62.261532 ] ] } },
{ "type": "Feature", "properties": { "from_node": 258, "to_node": 266, "length_km": 65.966821543119622 }, "geometry": { "type": "LineString", "coordinates": [ [ 25.252075, 61.880107 ], [ 26.032104, 62.340686 ] ] } },
{ "type": "Feature", "properties": { "from_node": 259, "to_node": 261, "length_km": 90.419959318043809 }, "geometry": { "type": "LineString", "coordinates": [ [ 15.843658, 61.88399 ], [ 14.16687, 62.071739 ] ] } },
{ "type": "Feature", "properties": { "from_node": 259, "to_node": 268, "length_km": 62.781390218342139 }, "geometry": { "type": "LineString", "coordinates": [ [ 15.843658, 61.88399 ], [ 16.333923, 62.398006 ] ] } },
{ "type": "Feature", "properties": { "from_node": 259, "to_node": 269, "length_km": 73.440446781638613 }, "geometry": { "type": "LineString", "coordinates": [ [ 15.843658, 61.88399 ], [ 15.005951, 62.413273 ] ] } },
{ "type": "Feature", "properties": { "from_node": 259, "to_node": 271, "length_km": 64.076028264921405 }, "geometry": { "type": "LineString", "coordinates": [ [ 15.843658, 61.88399 ], [ 15.544281, 62.441242 ] ] } },
{ "type": "Feature", "properties": { "from_node": 260, "to_node": 277, "length_km": 97.255927018547609 }, "geometry": { "type": "LineString", "coordinates": [ [ 9.063721, 61.885931 ], [ 7.7948, 62.526259 ] ] } },
{ "type": "Feature", "properties": { "from_node": 260, "to_node": 281, "length_km": 103.73583786420181 }, "geometry": { "type": "LineString", "coordinates": [ [ 9.063721, 61.885931 ], [ 10.266724, 62.628719 ] ] } },
{ "type": "Feature", "properties": { "from_node": 260, "to_node": 282, "length_km": 93.541863908413731 }, "geometry": { "type": "LineString", "coordinates": [ [ 9.063721, 61.885931 ], [ 8.480072, 62.679816 ] ] } },
{ "type": "Feature", "properties": { "from_node": 260, "to_node": 283, "length_km": 104.34750748574159 }, "geometry": { "type": "LineString", "coordinates": [ [ 9.063721, 61.885931 ], [ 10.122528, 62.681707 ] ] } },
{ "type": "Feature", "properties": { "from_node": 260, "to_node": 287, "length_km": 107.76841324035689 }, "geometry": { "type": "LineString", "coordinates": [ [ 9.063721, 61.885931 ], [ 9.930267, 62.764783 ] ] } },
{ "type": "Feature", "properties": { "from_node": 261, "to_node": 262, "length_km": 12.775732504882999 }, "geometry": { "type": "LineString", "coordinates": [ [ 14.16687, 62.071739 ], [ 13.973236, 62.141768 ] ] } },
{ "type": "Feature", "properties": { "from_node": 261, "to_node": 269, "length_km": 57.910212341393787 }, "geometry": { "type": "LineString", "coordinates": [ [ 14.16687, 62.071739 ], [ 15.005951, 62.413273 ] ] } },
{ "type": "Feature", "properties": { "from_node": 261, "to_node": 275, "length_km": 52.746800825330496 }, "geometry": { "type": "LineString", "coordinates": [ [ 14.16687, 62.071739 ], [ 14.515686, 62.516121 ] ] } },
{ "type": "Feature", "properties": { "from_node": 262, "to_node": 275, "length_km": 50.325867088989469 }, "geometry": { "type": "LineString", "coordinates": [ [ 13.973236, 62.141768 ], [ 14.515686, 62.516121 ] ] } },
{ "type": "Feature", "properties": { "from_node": 262, "to_node": 280, "length_km": 86.18297278649716 }, "geometry": { "type": "LineString", "coordinates": [ [ 13.973236, 62.141768 ], [ 12.590332, 62.571841 ] ] } },
{ "type": "Feature", "properties": { "from_node": 262, "to_node": 285, "length_km": 66.327136521178019 }, "geometry": { "type": "LineString", "coordinates": [ [ 13.973236, 62.141768 ], [ 13.903198, 62.735859 ] ] } },
{ "type": "Feature", "properties": { "from_node": 263, "to_node": 267, "length_km": 221.57625790572638 }, "geometry": { "type": "LineString", "coordinates": [ [ 21.604614, 62.184091 ], [ 17.362518, 62.352158 ] ] } },
{ "type": "Feature", "properties": { "from_node": 263, "to_node": 272, "length_km": 217.09841321910781 }, "geometry": { "type": "LineString", "coordinates": [ [ 21.604614, 62.184091 ], [ 17.468262, 62.460297 ] ] } },
{ "type": "Feature", "properties": { "from_node": 263, "to_node": 288, "length_km": 86.181421015551535 }, "geometry": { "type": "LineString", "coordinates": [ [ 21.604614, 62.184091 ], [ 22.633209, 62.789912 ] ] } },
{ "type": "Feature", "properties": { "from_node": 263, "to_node": 294, "length_km": 95.856068518075972 }, "geometry": { "type": "LineString", "coordinates": [ [ 21.604614, 62.184091 ], [ 21.902618, 63.030057 ] ] } },
{ "type": "Feature", "properties": { "from_node": 263, "to_node": 322, "length_km": 219.20643123160113 }, "geometry": { "type": "LineString", "coordinates": [ [ 21.604614, 62.184091 ], [ 18.242798, 63.401361 ] ] } },
{ "type": "Feature", "properties": { "from_node": 264, "to_node": 266, "length_km": 45.345530053724012 }, "geometry": { "type": "LineString", "coordinates": [ [ 25.180664, 62.261532 ], [ 26.032104, 62.340686 ] ] } },
{ "type": "Feature", "properties": { "from_node": 264, "to_node": 288, "length_km": 144.51579928607234 }, "geometry": { "type": "LineString", "coordinates": [ [ 25.180664, 62.261532 ], [ 22.633209, 62.789912 ] ] } },
{ "type": "Feature", "properties": { "from_node": 264, "to_node": 292, "length_km": 92.5159660996827 }, "geometry": { "type": "LineString", "coordinates": [ [ 25.180664, 62.261532 ], [ 24.285278, 62.976446 ] ] } },
{ "type": "Feature", "properties": { "from_node": 265, "to_node": 266, "length_km": 91.121833514132405 }, "geometry": { "type": "LineString", "coordinates": [ [ 27.766571, 62.262171 ], [ 26.032104, 62.340686 ] ] } },
{ "type": "Feature", "properties": { "from_node": 265, "to_node": 302, "length_km": 100.78761483249967 }, "geometry": { "type": "LineString", "coordinates": [ [ 27.766571, 62.262171 ], [ 27.585297, 63.154975 ] ] } },
{ "type": "Feature", "properties": { "from_node": 265, "to_node": 367, "length_km": 262.97949642059768 }, "geometry": { "type": "LineString", "coordinates": [ [ 27.766571, 62.262171 ], [ 28.45047, 64.58147 ] ] } },
{ "type": "Feature", "properties": { "from_node": 266, "to_node": 292, "length_km": 114.88682804186021 }, "geometry": { "type": "LineString", "coordinates": [ [ 26.032104, 62.340686 ], [ 24.285278, 62.976446 ] ] } },
{ "type": "Feature", "properties": { "from_node": 266, "to_node": 302, "length_km": 121.48429415090156 }, "geometry": { "type": "LineString", "coordinates": [ [ 26.032104, 62.340686 ], [ 27.585297, 63.154975 ] ] } },
{ "type": "Feature", "properties": { "from_node": 267, "to_node": 270, "length_km": 21.394569802610349 }, "geometry": { "type": "LineString", "coordinates": [ [ 17.362518, 62.352158 ], [ 16.993103, 62.438065 ] ] } },
{ "type": "Feature", "properties": { "from_node": 267, "to_node": 272, "length_km": 13.250456651124153 }, "geometry": { "type": "LineString", "coordinates": [ [ 17.362518, 62.352158 ], [ 17.468262, 62.460297 ] ] } },
{ "type": "Feature", "properties": { "from_node": 268, "to_node": 270, "length_km": 34.389302960529015 }, "geometry": { "type": "LineString", "coordinates": [ [ 16.333923, 62.398006 ], [ 16.993103, 62.438065 ] ] } },
{ "type": "Feature", "properties": { "from_node": 268, "to_node": 271, "length_km": 41.118062535052978 }, "geometry": { "type": "LineString", "coordinates": [ [ 16.333923, 62.398006 ], [ 15.544281, 62.441242 ] ] } },
{ "type": "Feature", "properties": { "from_node": 268, "to_node": 274, "length_km": 11.267857415681428 }, "geometry": { "type": "LineString", "coordinates": [ [ 16.333923, 62.398006 ], [ 16.329803, 62.499004 ] ] } },
{ "type": "Feature", "properties": { "from_node": 268, "to_node": 276, "length_km": 18.895473268580275 }, "geometry": { "type": "LineString", "coordinates": [ [ 16.333923, 62.398006 ], [ 16.074371, 62.517388 ] ] } },
{ "type": "Feature", "properties": { "from_node": 269, "to_node": 271, "length_km": 28.000387908571181 }, "geometry": { "type": "LineString", "coordinates": [ [ 15.005951, 62.413273 ], [ 15.544281, 62.441242 ] ] } },
{ "type": "Feature", "properties": { "from_node": 269, "to_node": 275, "length_km": 27.783675859471707 }, "geometry": { "type": "LineString", "coordinates": [ [ 15.005951, 62.413273 ], [ 14.515686, 62.516121 ] ] } },
{ "type": "Feature", "properties": { "from_node": 269, "to_node": 278, "length_km": 19.385280747360188 }, "geometry": { "type": "LineString", "coordinates": [ [ 15.005951, 62.413273 ], [ 14.734039, 62.533228 ] ] } },
{ "type": "Feature", "properties": { "from_node": 270, "to_node": 272, "length_km": 24.683289883820446 }, "geometry": { "type": "LineString", "coordinates": [ [ 16.993103, 62.438065 ], [ 17.468262, 62.460297 ] ] } },
{ "type": "Feature", "properties": { "from_node": 270, "to_node": 274, "length_km": 34.920975324136052 }, "geometry": { "type": "LineString", "coordinates": [ [ 16.993103, 62.438065 ], [ 16.329803, 62.499004 ] ] } },
{ "type": "Feature", "properties": { "from_node": 270, "to_node": 279, "length_km": 11.580773663159984 }, "geometry": { "type": "LineString", "coordinates": [ [ 16.993103, 62.438065 ], [ 17.024689, 62.540828 ] ] } },
{ "type": "Feature", "properties": { "from_node": 271, "to_node": 276, "length_km": 28.644402249356105 }, "geometry": { "type": "LineString", "coordinates": [ [ 15.544281, 62.441242 ], [ 16.074371, 62.517388 ] ] } },
{ "type": "Feature", "properties": { "from_node": 271, "to_node": 278, "length_km": 43.035886814230921 }, "geometry": { "type": "LineString", "coordinates": [ [ 15.544281, 62.441242 ], [ 14.734039, 62.533228 ] ] } },
{ "type": "Feature", "properties": { "from_node": 271, "to_node": 290, "length_km": 54.028723218819046 }, "geometry": { "type": "LineString", "coordinates": [ [ 15.544281, 62.441242 ], [ 16.160889, 62.833835 ] ] } },
{ "type": "Feature", "properties": { "from_node": 271, "to_node": 300, "length_km": 77.708014939995977 }, "geometry": { "type": "LineString", "coordinates": [ [ 15.544281, 62.441242 ], [ 15.490723, 63.137606 ] ] } },
{ "type": "Feature", "properties": { "from_node": 272, "to_node": 279, "length_km": 24.587321374852184 }, "geometry": { "type": "LineString", "coordinates": [ [ 17.468262, 62.460297 ], [ 17.024689, 62.540828 ] ] } },
{ "type": "Feature", "properties": { "from_node": 272, "to_node": 286, "length_km": 44.797980504479625 }, "geometry": { "type": "LineString", "coordinates": [ [ 17.468262, 62.460297 ], [ 16.88324, 62.757869 ] ] } },
{ "type": "Feature", "properties": { "from_node": 272, "to_node": 306, "length_km": 82.281617958603903 }, "geometry": { "type": "LineString", "coordinates": [ [ 17.468262, 62.460297 ], [ 17.167511, 63.184727 ] ] } },
{ "type": "Feature", "properties": { "from_node": 272, "to_node": 322, "length_km": 112.1762920651144 }, "geometry": { "type": "LineString", "coordinates": [ [ 17.468262, 62.460297 ], [ 18.242798, 63.401361 ] ] } },
{ "type": "Feature", "properties": { "from_node": 273, "to_node": 277, "length_km": 39.59275799932707 }, "geometry": { "type": "LineString", "coordinates": [ [ 7.033997, 62.47807 ], [ 7.7948, 62.526259 ] ] } },
{ "type": "Feature", "properties": { "from_node": 273, "to_node": 282, "length_km": 77.687343875944123 }, "geometry": { "type": "LineString", "coordinates": [ [ 7.033997, 62.47807 ], [ 8.480072, 62.679816 ] ] } },
{ "type": "Feature", "properties": { "from_node": 273, "to_node": 313, "length_km": 172.05623714726079 }, "geometry": { "type": "LineString", "coordinates": [ [ 7.033997, 62.47807 ], [ 9.933014, 63.271947 ] ] } },
{ "type": "Feature", "properties": { "from_node": 273, "to_node": 360, "length_km": 317.43208914723544 }, "geometry": { "type": "LineString", "coordinates": [ [ 7.033997, 62.47807 ], [ 11.620789, 64.453849 ] ] } },
{ "type": "Feature", "properties": { "from_node": 273, "to_node": 410, "length_km": 571.76193167656913 }, "geometry": { "type": "LineString", "coordinates": [ [ 7.033997, 62.47807 ], [ 13.807068, 66.707884 ] ] } },
{ "type": "Feature", "properties": { "from_node": 274, "to_node": 276, "length_km": 13.329702196855635 }, "geometry": { "type": "LineString", "coordinates": [ [ 16.329803, 62.499004 ], [ 16.074371, 62.517388 ] ] } },
{ "type": "Feature", "properties": { "from_node": 274, "to_node": 279, "length_km": 36.124960054353657 }, "geometry": { "type": "LineString", "coordinates": [ [ 16.329803, 62.499004 ], [ 17.024689, 62.540828 ] ] } },
{ "type": "Feature", "properties": { "from_node": 274, "to_node": 284, "length_km": 33.519232974315265 }, "geometry": { "type": "LineString", "coordinates": [ [ 16.329803, 62.499004 ], [ 16.792603, 62.710685 ] ] } },
{ "type": "Feature", "properties": { "from_node": 274, "to_node": 289, "length_km": 35.857079150837905 }, "geometry": { "type": "LineString", "coordinates": [ [ 16.329803, 62.499004 ], [ 16.294098, 62.820038 ] ] } },
{ "type": "Feature", "properties": { "from_node": 275, "to_node": 278, "length_km": 11.408723539264587 }, "geometry": { "type": "LineString", "coordinates": [ [ 14.515686, 62.516121 ], [ 14.734039, 62.533228 ] ] } },
{ "type": "Feature", "properties": { "from_node": 275, "to_node": 285, "length_km": 39.858523533338179 }, "geometry": { "type": "LineString", "coordinates": [ [ 14.515686, 62.516121 ], [ 13.903198, 62.735859 ] ] } },
{ "type": "Feature", "properties": { "from_node": 276, "to_node": 289, "length_km": 35.589354288908588 }, "geometry": { "type": "LineString", "coordinates": [ [ 16.074371, 62.517388 ], [ 16.294098, 62.820038 ] ] } },
{ "type": "Feature", "properties": { "from_node": 276, "to_node": 290, "length_km": 35.574140178079901 }, "geometry": { "type": "LineString", "coordinates": [ [ 16.074371, 62.517388 ], [ 16.160889, 62.833835 ] ] } },
{ "type": "Feature", "properties": { "from_node": 277, "to_node": 282, "length_km": 39.148707748376573 }, "geometry": { "type": "LineString", "coordinates": [ [ 7.7948, 62.526259 ], [ 8.480072, 62.679816 ] ] } },
{ "type": "Feature", "properties": { "from_node": 278, "to_node": 285, "length_km": 48.253743318347475 }, "geometry": { "type": "LineString", "coordinates": [ [ 14.734039, 62.533228 ], [ 13.903198, 62.735859 ] ] } },
{ "type": "Feature", "properties": { "from_node": 278, "to_node": 300, "length_km": 77.653442583817053 }, "geometry": { "type": "LineString", "coordinates": [ [ 14.734039, 62.533228 ], [ 15.490723, 63.137606 ] ] } },
{ "type": "Feature", "properties": { "from_node": 278, "to_node": 311, "length_km": 80.508882728491017 }, "geometry": { "type": "LineString", "coordinates": [ [ 14.734039, 62.533228 ], [ 14.736786, 63.255266 ] ] } },
{ "type": "Feature", "properties": { "from_node": 279, "to_node": 284, "length_km": 22.389396205065324 }, "geometry": { "type": "LineString", "coordinates": [ [ 17.024689, 62.540828 ], [ 16.792603, 62.710685 ] ] } },
{ "type": "Feature", "properties": { "from_node": 279, "to_node": 286, "length_km": 25.280626204640235 }, "geometry": { "type": "LineString", "coordinates": [ [ 17.024689, 62.540828 ], [ 16.88324, 62.757869 ] ] } },
{ "type": "Feature", "properties": { "from_node": 280, "to_node": 281, "length_km": 119.51502762423749 }, "geometry": { "type": "LineString", "coordinates": [ [ 12.590332, 62.571841 ], [ 10.266724, 62.628719 ] ] } },
{ "type": "Feature", "properties": { "from_node": 280, "to_node": 285, "length_km": 69.75906632757993 }, "geometry": { "type": "LineString", "coordinates": [ [ 12.590332, 62.571841 ], [ 13.903198, 62.735859 ] ] } },
{ "type": "Feature", "properties": { "from_node": 280, "to_node": 295, "length_km": 67.883905864385696 }, "geometry": { "type": "LineString", "coordinates": [ [ 12.590332, 62.571841 ], [ 11.727905, 63.035662 ] ] } },
{ "type": "Feature", "properties": { "from_node": 280, "to_node": 308, "length_km": 89.394937735980875 }, "geometry": { "type": "LineString", "coordinates": [ [ 12.590332, 62.571841 ], [ 13.587341, 63.23239 ] ] } },
{ "type": "Feature", "properties": { "from_node": 280, "to_node": 318, "length_km": 88.013532010174771 }, "geometry": { "type": "LineString", "coordinates": [ [ 12.590332, 62.571841 ], [ 12.568359, 63.361367 ] ] } },
{ "type": "Feature", "properties": { "from_node": 281, "to_node": 283, "length_km": 9.4626342136910822 }, "geometry": { "type": "LineString", "coordinates": [ [ 10.266724, 62.628719 ], [ 10.122528, 62.681707 ] ] } },
{ "type": "Feature", "properties": { "from_node": 281, "to_node": 295, "length_km": 87.191227557367654 }, "geometry": { "type": "LineString", "coordinates": [ [ 10.266724, 62.628719 ], [ 11.727905, 63.035662 ] ] } },
{ "type": "Feature", "properties": { "from_node": 281, "to_node": 314, "length_km": 72.894644400136471 }, "geometry": { "type": "LineString", "coordinates": [ [ 10.266724, 62.628719 ], [ 10.457611, 63.276888 ] ] } },
{ "type": "Feature", "properties": { "from_node": 282, "to_node": 287, "length_km": 74.794509250691746 }, "geometry": { "type": "LineString", "coordinates": [ [ 8.480072, 62.679816 ], [ 9.930267, 62.764783 ] ] } },
{ "type": "Feature", "properties": { "from_node": 282, "to_node": 296, "length_km": 70.995610276208737 }, "geometry": { "type": "LineString", "coordinates": [ [ 8.480072, 62.679816 ], [ 9.602051, 63.058071 ] ] } },
{ "type": "Feature", "properties": { "from_node": 282, "to_node": 313, "length_km": 98.932432614784204 }, "geometry": { "type": "LineString", "coordinates": [ [ 8.480072, 62.679816 ], [ 9.933014, 63.271947 ] ] } },
{ "type": "Feature", "properties": { "from_node": 283, "to_node": 287, "length_km": 13.508360531678658 }, "geometry": { "type": "LineString", "coordinates": [ [ 10.122528, 62.681707 ], [ 9.930267, 62.764783 ] ] } },
{ "type": "Feature", "properties": { "from_node": 283, "to_node": 314, "length_km": 68.483561107702542 }, "geometry": { "type": "LineString", "coordinates": [ [ 10.122528, 62.681707 ], [ 10.457611, 63.276888 ] ] } },
{ "type": "Feature", "properties": { "from_node": 284, "to_node": 286, "length_km": 7.016603870185798 }, "geometry": { "type": "LineString", "coordinates": [ [ 16.792603, 62.710685 ], [ 16.88324, 62.757869 ] ] } },
{ "type": "Feature", "properties": { "from_node": 284, "to_node": 289, "length_km": 28.254693380060822 }, "geometry": { "type": "LineString", "coordinates": [ [ 16.792603, 62.710685 ], [ 16.294098, 62.820038 ] ] } },
{ "type": "Feature", "properties": { "from_node": 284, "to_node": 291, "length_km": 19.506278982321206 }, "geometry": { "type": "LineString", "coordinates": [ [ 16.792603, 62.710685 ], [ 16.717072, 62.882075 ] ] } },
{ "type": "Feature", "properties": { "from_node": 285, "to_node": 308, "length_km": 57.625326441688223 }, "geometry": { "type": "LineString", "coordinates": [ [ 13.903198, 62.735859 ], [ 13.587341, 63.23239 ] ] } },
{ "type": "Feature", "properties": { "from_node": 285, "to_node": 311, "length_km": 71.689000454153501 }, "geometry": { "type": "LineString", "coordinates": [ [ 13.903198, 62.735859 ], [ 14.736786, 63.255266 ] ] } },
{ "type": "Feature", "properties": { "from_node": 286, "to_node": 291, "length_km": 16.246093014655209 }, "geometry": { "type": "LineString", "coordinates": [ [ 16.88324, 62.757869 ], [ 16.717072, 62.882075 ] ] } },
{ "type": "Feature", "properties": { "from_node": 286, "to_node": 306, "length_km": 49.766296339027782 }, "geometry": { "type": "LineString", "coordinates": [ [ 16.88324, 62.757869 ], [ 17.167511, 63.184727 ] ] } },
{ "type": "Feature", "properties": { "from_node": 287, "to_node": 296, "length_km": 36.70330683936718 }, "geometry": { "type": "LineString", "coordinates": [ [ 9.930267, 62.764783 ], [ 9.602051, 63.058071 ] ] } },
{ "type": "Feature", "properties": { "from_node": 287, "to_node": 314, "length_km": 63.019852725767464 }, "geometry": { "type": "LineString", "coordinates": [ [ 9.930267, 62.764783 ], [ 10.457611, 63.276888 ] ] } },
{ "type": "Feature", "properties": { "from_node": 288, "to_node": 292, "length_km": 86.982743705796167 }, "geometry": { "type": "LineString", "coordinates": [ [ 22.633209, 62.789912 ], [ 24.285278, 62.976446 ] ] } },
{ "type": "Feature", "properties": { "from_node": 288, "to_node": 294, "length_km": 45.949021640148985 }, "geometry": { "type": "LineString", "coordinates": [ [ 22.633209, 62.789912 ], [ 21.902618, 63.030057 ] ] } },
{ "type": "Feature", "properties": { "from_node": 288, "to_node": 340, "length_km": 114.63678542291508 }, "geometry": { "type": "LineString", "coordinates": [ [ 22.633209, 62.789912 ], [ 23.047943, 63.797043 ] ] } },
{ "type": "Feature", "properties": { "from_node": 289, "to_node": 290, "length_km": 6.9673643140299228 }, "geometry": { "type": "LineString", "coordinates": [ [ 16.294098, 62.820038 ], [ 16.160889, 62.833835 ] ] } },
{ "type": "Feature", "properties": { "from_node": 289, "to_node": 291, "length_km": 22.644414494515814 }, "geometry": { "type": "LineString", "coordinates": [ [ 16.294098, 62.820038 ], [ 16.717072, 62.882075 ] ] } },
{ "type": "Feature", "properties": { "from_node": 289, "to_node": 293, "length_km": 27.601298836542565 }, "geometry": { "type": "LineString", "coordinates": [ [ 16.294098, 62.820038 ], [ 16.682739, 62.992664 ] ] } },
{ "type": "Feature", "properties": { "from_node": 289, "to_node": 297, "length_km": 27.255117794123773 }, "geometry": { "type": "LineString", "coordinates": [ [ 16.294098, 62.820038 ], [ 16.280365, 63.064292 ] ] } },
{ "type": "Feature", "properties": { "from_node": 290, "to_node": 297, "length_km": 26.413397335541458 }, "geometry": { "type": "LineString", "coordinates": [ [ 16.160889, 62.833835 ], [ 16.280365, 63.064292 ] ] } },
{ "type": "Feature", "properties": { "from_node": 290, "to_node": 298, "length_km": 29.074312395343501 }, "geometry": { "type": "LineString", "coordinates": [ [ 16.160889, 62.833835 ], [ 16.11145, 63.093516 ] ] } },
{ "type": "Feature", "properties": { "from_node": 290, "to_node": 300, "length_km": 47.997042412199804 }, "geometry": { "type": "LineString", "coordinates": [ [ 16.160889, 62.833835 ], [ 15.490723, 63.137606 ] ] } },
{ "type": "Feature", "properties": { "from_node": 290, "to_node": 301, "length_km": 41.300604877659929 }, "geometry": { "type": "LineString", "coordinates": [ [ 16.160889, 62.833835 ], [ 15.746155, 63.152495 ] ] } },
{ "type": "Feature", "properties": { "from_node": 291, "to_node": 293, "length_km": 12.460504049623307 }, "geometry": { "type": "LineString", "coordinates": [ [ 16.717072, 62.882075 ], [ 16.682739, 62.992664 ] ] } },
{ "type": "Feature", "properties": { "from_node": 291, "to_node": 306, "length_km": 40.756505641104496 }, "geometry": { "type": "LineString", "coordinates": [ [ 16.717072, 62.882075 ], [ 17.167511, 63.184727 ] ] } },
{ "type": "Feature", "properties": { "from_node": 292, "to_node": 302, "length_km": 169.12438453120518 }, "geometry": { "type": "LineString", "coordinates": [ [ 24.285278, 62.976446 ], [ 27.585297, 63.154975 ] ] } },
{ "type": "Feature", "properties": { "from_node": 292, "to_node": 340, "length_km": 110.93811088224429 }, "geometry": { "type": "LineString", "coordinates": [ [ 24.285278, 62.976446 ], [ 23.047943, 63.797043 ] ] } },
{ "type": "Feature", "properties": { "from_node": 292, "to_node": 341, "length_km": 112.67208931119349 }, "geometry": { "type": "LineString", "coordinates": [ [ 24.285278, 62.976446 ], [ 23.1427, 63.842485 ] ] } },
{ "type": "Feature", "properties": { "from_node": 292, "to_node": 349, "length_km": 120.55910889109931 }, "geometry": { "type": "LineString", "coordinates": [ [ 24.285278, 62.976446 ], [ 24.965057, 64.008479 ] ] } },
{ "type": "Feature", "properties": { "from_node": 292, "to_node": 350, "length_km": 130.81987912840117 }, "geometry": { "type": "LineString", "coordinates": [ [ 24.285278, 62.976446 ], [ 25.333099, 64.045767 ] ] } },
{ "type": "Feature", "properties": { "from_node": 293, "to_node": 297, "length_km": 21.896759469560696 }, "geometry": { "type": "LineString", "coordinates": [ [ 16.682739, 62.992664 ], [ 16.280365, 63.064292 ] ] } },
{ "type": "Feature", "properties": { "from_node": 293, "to_node": 299, "length_km": 12.054401313360605 }, "geometry": { "type": "LineString", "coordinates": [ [ 16.682739, 62.992664 ], [ 16.730635536972599, 63.098502635448106 ] ] } },
{ "type": "Feature", "properties": { "from_node": 293, "to_node": 303, "length_km": 21.506315077662762 }, "geometry": { "type": "LineString", "coordinates": [ [ 16.682739, 62.992664 ], [ 16.876373, 63.164276 ] ] } },
{ "type": "Feature", "properties": { "from_node": 293, "to_node": 306, "length_km": 32.560064880596506 }, "geometry": { "type": "LineString", "coordinates": [ [ 16.682739, 62.992664 ], [ 17.167511, 63.184727 ] ] } },
{ "type": "Feature", "properties": { "from_node": 294, "to_node": 322, "length_km": 189.106474377794 }, "geometry": { "type": "LineString", "coordinates": [ [ 21.902618, 63.030057 ], [ 18.242798, 63.401361 ] ] } },
{ "type": "Feature", "properties": { "from_node": 294, "to_node": 340, "length_km": 103.25867589396425 }, "geometry": { "type": "LineString", "coordinates": [ [ 21.902618, 63.030057 ], [ 23.047943, 63.797043 ] ] } },
{ "type": "Feature", "properties": { "from_node": 294, "to_node": 343, "length_km": 134.10353049849888 }, "geometry": { "type": "LineString", "coordinates": [ [ 21.902618, 63.030057 ], [ 20.047302, 63.896314 ] ] } },
{ "type": "Feature", "properties": { "from_node": 295, "to_node": 314, "length_km": 69.441158424893146 }, "geometry": { "type": "LineString", "coordinates": [ [ 11.727905, 63.035662 ], [ 10.457611, 63.276888 ] ] } },
{ "type": "Feature", "properties": { "from_node": 295, "to_node": 318, "length_km": 55.743217732230299 }, "geometry": { "type": "LineString", "coordinates": [ [ 11.727905, 63.035662 ], [ 12.568359, 63.361367 ] ] } },
{ "type": "Feature", "properties": { "from_node": 295, "to_node": 325, "length_km": 58.999788526229608 }, "geometry": { "type": "LineString", "coordinates": [ [ 11.727905, 63.035662 ], [ 11.017914, 63.45726 ] ] } },
{ "type": "Feature", "properties": { "from_node": 296, "to_node": 313, "length_km": 29.095466966537103 }, "geometry": { "type": "LineString", "coordinates": [ [ 9.602051, 63.058071 ], [ 9.933014, 63.271947 ] ] } },
{ "type": "Feature", "properties": { "from_node": 296, "to_node": 314, "length_km": 49.529447281396678 }, "geometry": { "type": "LineString", "coordinates": [ [ 9.602051, 63.058071 ], [ 10.457611, 63.276888 ] ] } },
{ "type": "Feature", "properties": { "from_node": 297, "to_node": 298, "length_km": 9.1435489922621969 }, "geometry": { "type": "LineString", "coordinates": [ [ 16.280365, 63.064292 ], [ 16.11145, 63.093516 ] ] } },
{ "type": "Feature", "properties": { "from_node": 297, "to_node": 299, "length_km": 23.089813407272825 }, "geometry": { "type": "LineString", "coordinates": [ [ 16.280365, 63.064292 ], [ 16.730635536972599, 63.098502635448106 ] ] } },
{ "type": "Feature", "properties": { "from_node": 297, "to_node": 304, "length_km": 13.633313609265148 }, "geometry": { "type": "LineString", "coordinates": [ [ 16.280365, 63.064292 ], [ 16.401215, 63.173574 ] ] } },
{ "type": "Feature", "properties": { "from_node": 297, "to_node": 305, "length_km": 14.109026220312312 }, "geometry": { "type": "LineString", "coordinates": [ [ 16.280365, 63.064292 ], [ 16.166382, 63.179771 ] ] } },
{ "type": "Feature", "properties": { "from_node": 298, "to_node": 301, "length_km": 19.582946224510039 }, "geometry": { "type": "LineString", "coordinates": [ [ 16.11145, 63.093516 ], [ 15.746155, 63.152495 ] ] } },
{ "type": "Feature", "properties": { "from_node": 298, "to_node": 305, "length_km": 10.012869953166687 }, "geometry": { "type": "LineString", "coordinates": [ [ 16.11145, 63.093516 ], [ 16.166382, 63.179771 ] ] } },
{ "type": "Feature", "properties": { "from_node": 299, "to_node": 303, "length_km": 10.392319800993631 }, "geometry": { "type": "LineString", "coordinates": [ [ 16.730635536972599, 63.098502635448106 ], [ 16.876373, 63.164276 ] ] } },
{ "type": "Feature", "properties": { "from_node": 299, "to_node": 304, "length_km": 18.619194332155395 }, "geometry": { "type": "LineString", "coordinates": [ [ 16.730635536972599, 63.098502635448106 ], [ 16.401215, 63.173574 ] ] } },
{ "type": "Feature", "properties": { "from_node": 300, "to_node": 301, "length_km": 12.993261474887369 }, "geometry": { "type": "LineString", "coordinates": [ [ 15.490723, 63.137606 ], [ 15.746155, 63.152495 ] ] } },
{ "type": "Feature", "properties": { "from_node": 300, "to_node": 307, "length_km": 6.0857414706669513 }, "geometry": { "type": "LineString", "coordinates": [ [ 15.490723, 63.137606 ], [ 15.493469, 63.19216 ] ] } },
{ "type": "Feature", "properties": { "from_node": 300, "to_node": 309, "length_km": 18.173970382834089 }, "geometry": { "type": "LineString", "coordinates": [ [ 15.490723, 63.137606 ], [ 15.206451, 63.237956 ] ] } },
{ "type": "Feature", "properties": { "from_node": 300, "to_node": 311, "length_km": 40.167658506550552 }, "geometry": { "type": "LineString", "coordinates": [ [ 15.490723, 63.137606 ], [ 14.736786, 63.255266 ] ] } },
{ "type": "Feature", "properties": { "from_node": 301, "to_node": 305, "length_km": 21.404611136849955 }, "geometry": { "type": "LineString", "coordinates": [ [ 15.746155, 63.152495 ], [ 16.166382, 63.179771 ] ] } },
{ "type": "Feature", "properties": { "from_node": 301, "to_node": 307, "length_km": 13.482610226576623 }, "geometry": { "type": "LineString", "coordinates": [ [ 15.746155, 63.152495 ], [ 15.493469, 63.19216 ] ] } },
{ "type": "Feature", "properties": { "from_node": 301, "to_node": 310, "length_km": 11.175958781015256 }, "geometry": { "type": "LineString", "coordinates": [ [ 15.746155, 63.152495 ], [ 15.805206, 63.249085 ] ] } },
{ "type": "Feature", "properties": { "from_node": 302, "to_node": 350, "length_km": 150.52304645038046 }, "geometry": { "type": "LineString", "coordinates": [ [ 27.585297, 63.154975 ], [ 25.333099, 64.045767 ] ] } },
{ "type": "Feature", "properties": { "from_node": 302, "to_node": 352, "length_km": 108.01782931227631 }, "geometry": { "type": "LineString", "coordinates": [ [ 27.585297, 63.154975 ], [ 27.204895, 64.101606 ] ] } },
{ "type": "Feature", "properties": { "from_node": 302, "to_node": 367, "length_km": 165.94193328127213 }, "geometry": { "type": "LineString", "coordinates": [ [ 27.585297, 63.154975 ], [ 28.45047, 64.58147 ] ] } },
{ "type": "Feature", "properties": { "from_node": 303, "to_node": 304, "length_km": 23.982028301588851 }, "geometry": { "type": "LineString", "coordinates": [ [ 16.876373, 63.164276 ], [ 16.401215, 63.173574 ] ] } },
{ "type": "Feature", "properties": { "from_node": 303, "to_node": 306, "length_km": 14.855881246579635 }, "geometry": { "type": "LineString", "coordinates": [ [ 16.876373, 63.164276 ], [ 17.167511, 63.184727 ] ] } },
{ "type": "Feature", "properties": { "from_node": 303, "to_node": 312, "length_km": 14.708873835008827 }, "geometry": { "type": "LineString", "coordinates": [ [ 16.876373, 63.164276 ], [ 17.082367, 63.257738 ] ] } },
{ "type": "Feature", "properties": { "from_node": 303, "to_node": 320, "length_km": 23.890120765994464 }, "geometry": { "type": "LineString", "coordinates": [ [ 16.876373, 63.164276 ], [ 16.98761, 63.372448 ] ] } },
{ "type": "Feature", "properties": { "from_node": 304, "to_node": 305, "length_km": 11.857002792305133 }, "geometry": { "type": "LineString", "coordinates": [ [ 16.401215, 63.173574 ], [ 16.166382, 63.179771 ] ] } },
{ "type": "Feature", "properties": { "from_node": 304, "to_node": 320, "length_km": 36.88279867561851 }, "geometry": { "type": "LineString", "coordinates": [ [ 16.401215, 63.173574 ], [ 16.98761, 63.372448 ] ] } },
{ "type": "Feature", "properties": { "from_node": 304, "to_node": 327, "length_km": 37.32663136007816 }, "geometry": { "type": "LineString", "coordinates": [ [ 16.401215, 63.173574 ], [ 16.663513, 63.486702 ] ] } },
{ "type": "Feature", "properties": { "from_node": 304, "to_node": 328, "length_km": 39.853812369838586 }, "geometry": { "type": "LineString", "coordinates": [ [ 16.401215, 63.173574 ], [ 16.254272, 63.524685 ] ] } },
{ "type": "Feature", "properties": { "from_node": 305, "to_node": 310, "length_km": 19.755508195115056 }, "geometry": { "type": "LineString", "coordinates": [ [ 16.166382, 63.179771 ], [ 15.805206, 63.249085 ] ] } },
{ "type": "Feature", "properties": { "from_node": 305, "to_node": 328, "length_km": 38.726286898548892 }, "geometry": { "type": "LineString", "coordinates": [ [ 16.166382, 63.179771 ], [ 16.254272, 63.524685 ] ] } },
{ "type": "Feature", "properties": { "from_node": 306, "to_node": 312, "length_km": 9.2055363020114083 }, "geometry": { "type": "LineString", "coordinates": [ [ 17.167511, 63.184727 ], [ 17.082367, 63.257738 ] ] } },
{ "type": "Feature", "properties": { "from_node": 306, "to_node": 316, "length_km": 17.932038335829393 }, "geometry": { "type": "LineString", "coordinates": [ [ 17.167511, 63.184727 ], [ 17.230682, 63.342889 ] ] } },
{ "type": "Feature", "properties": { "from_node": 306, "to_node": 322, "length_km": 59.173116299351918 }, "geometry": { "type": "LineString", "coordinates": [ [ 17.167511, 63.184727 ], [ 18.242798, 63.401361 ] ] } },
{ "type": "Feature", "properties": { "from_node": 307, "to_node": 309, "length_km": 15.320635801756943 }, "geometry": { "type": "LineString", "coordinates": [ [ 15.493469, 63.19216 ], [ 15.206451, 63.237956 ] ] } },
{ "type": "Feature", "properties": { "from_node": 307, "to_node": 310, "length_km": 16.92259429034732 }, "geometry": { "type": "LineString", "coordinates": [ [ 15.493469, 63.19216 ], [ 15.805206, 63.249085 ] ] } },
{ "type": "Feature", "properties": { "from_node": 308, "to_node": 311, "length_km": 57.829881455332973 }, "geometry": { "type": "LineString", "coordinates": [ [ 13.587341, 63.23239 ], [ 14.736786, 63.255266 ] ] } },
{ "type": "Feature", "properties": { "from_node": 308, "to_node": 315, "length_km": 9.2610518102499366 }, "geometry": { "type": "LineString", "coordinates": [ [ 13.587341, 63.23239 ], [ 13.639526, 63.312066 ] ] } },
{ "type": "Feature", "properties": { "from_node": 308, "to_node": 318, "length_km": 53.098086780511203 }, "geometry": { "type": "LineString", "coordinates": [ [ 13.587341, 63.23239 ], [ 12.568359, 63.361367 ] ] } },
{ "type": "Feature", "properties": { "from_node": 308, "to_node": 319, "length_km": 16.523962312103624 }, "geometry": { "type": "LineString", "coordinates": [ [ 13.587341, 63.23239 ], [ 13.458252, 63.368755 ] ] } },
{ "type": "Feature", "properties": { "from_node": 309, "to_node": 310, "length_km": 30.129653205759084 }, "geometry": { "type": "LineString", "coordinates": [ [ 15.206451, 63.237956 ], [ 15.805206, 63.249085 ] ] } },
{ "type": "Feature", "properties": { "from_node": 309, "to_node": 311, "length_km": 23.686939704419597 }, "geometry": { "type": "LineString", "coordinates": [ [ 15.206451, 63.237956 ], [ 14.736786, 63.255266 ] ] } },
{ "type": "Feature", "properties": { "from_node": 309, "to_node": 317, "length_km": 24.304972661258795 }, "geometry": { "type": "LineString", "coordinates": [ [ 15.206451, 63.237956 ], [ 14.788971, 63.348433 ] ] } },
{ "type": "Feature", "properties": { "from_node": 309, "to_node": 332, "length_km": 49.971725077140938 }, "geometry": { "type": "LineString", "coordinates": [ [ 15.206451, 63.237956 ], [ 15.846405, 63.582177 ] ] } },
{ "type": "Feature", "properties": { "from_node": 310, "to_node": 328, "length_km": 38.077562654335125 }, "geometry": { "type": "LineString", "coordinates": [ [ 15.805206, 63.249085 ], [ 16.254272, 63.524685 ] ] } },
{ "type": "Feature", "properties": { "from_node": 310, "to_node": 332, "length_km": 37.209555942362442 }, "geometry": { "type": "LineString", "coordinates": [ [ 15.805206, 63.249085 ], [ 15.846405, 63.582177 ] ] } },
{ "type": "Feature", "properties": { "from_node": 311, "to_node": 315, "length_km": 55.437869800479746 }, "geometry": { "type": "LineString", "coordinates": [ [ 14.736786, 63.255266 ], [ 13.639526, 63.312066 ] ] } },
{ "type": "Feature", "properties": { "from_node": 311, "to_node": 317, "length_km": 10.713663439402183 }, "geometry": { "type": "LineString", "coordinates": [ [ 14.736786, 63.255266 ], [ 14.788971, 63.348433 ] ] } },
{ "type": "Feature", "properties": { "from_node": 312, "to_node": 316, "length_km": 12.071580358937437 }, "geometry": { "type": "LineString", "coordinates": [ [ 17.082367, 63.257738 ], [ 17.230682, 63.342889 ] ] } },
{ "type": "Feature", "properties": { "from_node": 312, "to_node": 320, "length_km": 13.653868836843927 }, "geometry": { "type": "LineString", "coordinates": [ [ 17.082367, 63.257738 ], [ 16.98761, 63.372448 ] ] } },
{ "type": "Feature", "properties": { "from_node": 313, "to_node": 314, "length_km": 26.339838609871979 }, "geometry": { "type": "LineString", "coordinates": [ [ 9.933014, 63.271947 ], [ 10.457611, 63.276888 ] ] } },
{ "type": "Feature", "properties": { "from_node": 313, "to_node": 321, "length_km": 29.196024777233546 }, "geometry": { "type": "LineString", "coordinates": [ [ 9.933014, 63.271947 ], [ 10.439758, 63.401361 ] ] } },
{ "type": "Feature", "properties": { "from_node": 313, "to_node": 360, "length_km": 155.703360743551 }, "geometry": { "type": "LineString", "coordinates": [ [ 9.933014, 63.271947 ], [ 11.620789, 64.453849 ] ] } },
{ "type": "Feature", "properties": { "from_node": 314, "to_node": 321, "length_km": 13.903813995157375 }, "geometry": { "type": "LineString", "coordinates": [ [ 10.457611, 63.276888 ], [ 10.439758, 63.401361 ] ] } },
{ "type": "Feature", "properties": { "from_node": 314, "to_node": 325, "length_km": 34.499648992621175 }, "geometry": { "type": "LineString", "coordinates": [ [ 10.457611, 63.276888 ], [ 11.017914, 63.45726 ] ] } },
{ "type": "Feature", "properties": { "from_node": 315, "to_node": 317, "length_km": 57.743911465795975 }, "geometry": { "type": "LineString", "coordinates": [ [ 13.639526, 63.312066 ], [ 14.788971, 63.348433 ] ] } },
{ "type": "Feature", "properties": { "from_node": 315, "to_node": 319, "length_km": 11.062921927887 }, "geometry": { "type": "LineString", "coordinates": [ [ 13.639526, 63.312066 ], [ 13.458252, 63.368755 ] ] } },
{ "type": "Feature", "properties": { "from_node": 315, "to_node": 330, "length_km": 27.198241738277929 }, "geometry": { "type": "LineString", "coordinates": [ [ 13.639526, 63.312066 ], [ 13.657379, 63.555892 ] ] } },
{ "type": "Feature", "properties": { "from_node": 316, "to_node": 320, "length_km": 12.61753292329418 }, "geometry": { "type": "LineString", "coordinates": [ [ 17.230682, 63.342889 ], [ 16.98761, 63.372448 ] ] } },
{ "type": "Feature", "properties": { "from_node": 316, "to_node": 322, "length_km": 51.115018821470663 }, "geometry": { "type": "LineString", "coordinates": [ [ 17.230682, 63.342889 ], [ 18.242798, 63.401361 ] ] } },
{ "type": "Feature", "properties": { "from_node": 316, "to_node": 323, "length_km": 9.584493073533336 }, "geometry": { "type": "LineString", "coordinates": [ [ 17.230682, 63.342889 ], [ 17.122192, 63.413656 ] ] } },
{ "type": "Feature", "properties": { "from_node": 317, "to_node": 330, "length_km": 61.020546083007105 }, "geometry": { "type": "LineString", "coordinates": [ [ 14.788971, 63.348433 ], [ 13.657379, 63.555892 ] ] } },
{ "type": "Feature", "properties": { "from_node": 317, "to_node": 332, "length_km": 58.843017360459996 }, "geometry": { "type": "LineString", "coordinates": [ [ 14.788971, 63.348433 ], [ 15.846405, 63.582177 ] ] } },
{ "type": "Feature", "properties": { "from_node": 317, "to_node": 334, "length_km": 63.419943802195014 }, "geometry": { "type": "LineString", "coordinates": [ [ 14.788971, 63.348433 ], [ 13.811188, 63.713238 ] ] } },
{ "type": "Feature", "properties": { "from_node": 317, "to_node": 348, "length_km": 83.684012889350441 }, "geometry": { "type": "LineString", "coordinates": [ [ 14.788971, 63.348433 ], [ 15.619812, 64.001858 ] ] } },
{ "type": "Feature", "properties": { "from_node": 318, "to_node": 319, "length_km": 44.540955239552837 }, "geometry": { "type": "LineString", "coordinates": [ [ 12.568359, 63.361367 ], [ 13.458252, 63.368755 ] ] } },
{ "type": "Feature", "properties": { "from_node": 318, "to_node": 325, "length_km": 78.196922628401325 }, "geometry": { "type": "LineString", "coordinates": [ [ 12.568359, 63.361367 ], [ 11.017914, 63.45726 ] ] } },
{ "type": "Feature", "properties": { "from_node": 318, "to_node": 337, "length_km": 50.14195293728303 }, "geometry": { "type": "LineString", "coordinates": [ [ 12.568359, 63.361367 ], [ 13.065491, 63.752742 ] ] } },
{ "type": "Feature", "properties": { "from_node": 318, "to_node": 339, "length_km": 71.667676233331065 }, "geometry": { "type": "LineString", "coordinates": [ [ 12.568359, 63.361367 ], [ 11.472473, 63.779452 ] ] } },
{ "type": "Feature", "properties": { "from_node": 319, "to_node": 330, "length_km": 23.10674064511625 }, "geometry": { "type": "LineString", "coordinates": [ [ 13.458252, 63.368755 ], [ 13.657379, 63.555892 ] ] } },
{ "type": "Feature", "properties": { "from_node": 319, "to_node": 337, "length_km": 47.049459257527843 }, "geometry": { "type": "LineString", "coordinates": [ [ 13.458252, 63.368755 ], [ 13.065491, 63.752742 ] ] } },
{ "type": "Feature", "properties": { "from_node": 320, "to_node": 323, "length_km": 8.1545727564814161 }, "geometry": { "type": "LineString", "coordinates": [ [ 16.98761, 63.372448 ], [ 17.122192, 63.413656 ] ] } },
{ "type": "Feature", "properties": { "from_node": 320, "to_node": 324, "length_km": 7.8053946840304187 }, "geometry": { "type": "LineString", "coordinates": [ [ 16.98761, 63.372448 ], [ 16.910706, 63.433317 ] ] } },
{ "type": "Feature", "properties": { "from_node": 320, "to_node": 327, "length_km": 20.6111190265399 }, "geometry": { "type": "LineString", "coordinates": [ [ 16.98761, 63.372448 ], [ 16.663513, 63.486702 ] ] } },
{ "type": "Feature", "properties": { "from_node": 321, "to_node": 325, "length_km": 29.530984200485705 }, "geometry": { "type": "LineString", "coordinates": [ [ 10.439758, 63.401361 ], [ 11.017914, 63.45726 ] ] } },
{ "type": "Feature", "properties": { "from_node": 321, "to_node": 339, "length_km": 66.369684312912938 }, "geometry": { "type": "LineString", "coordinates": [ [ 10.439758, 63.401361 ], [ 11.472473, 63.779452 ] ] } },
{ "type": "Feature", "properties": { "from_node": 321, "to_node": 346, "length_km": 82.415912179427707 }, "geometry": { "type": "LineString", "coordinates": [ [ 10.439758, 63.401361 ], [ 11.477966, 63.979576 ] ] } },
{ "type": "Feature", "properties": { "from_node": 321, "to_node": 360, "length_km": 130.84997256485309 }, "geometry": { "type": "LineString", "coordinates": [ [ 10.439758, 63.401361 ], [ 11.620789, 64.453849 ] ] } },
{ "type": "Feature", "properties": { "from_node": 322, "to_node": 323, "length_km": 56.077278105177406 }, "geometry": { "type": "LineString", "coordinates": [ [ 18.242798, 63.401361 ], [ 17.122192, 63.413656 ] ] } },
{ "type": "Feature", "properties": { "from_node": 322, "to_node": 326, "length_km": 60.582538276554729 }, "geometry": { "type": "LineString", "coordinates": [ [ 18.242798, 63.401361 ], [ 17.043915, 63.48241 ] ] } },
{ "type": "Feature", "properties": { "from_node": 322, "to_node": 336, "length_km": 70.572884594704846 }, "geometry": { "type": "LineString", "coordinates": [ [ 18.242798, 63.401361 ], [ 17.041168, 63.737555 ] ] } },
{ "type": "Feature", "properties": { "from_node": 322, "to_node": 342, "length_km": 73.252699658441728 }, "geometry": { "type": "LineString", "coordinates": [ [ 18.242798, 63.401361 ], [ 17.156525, 63.845512 ] ] } },
{ "type": "Feature", "properties": { "from_node": 322, "to_node": 343, "length_km": 105.24646998267809 }, "geometry": { "type": "LineString", "coordinates": [ [ 18.242798, 63.401361 ], [ 20.047302, 63.896314 ] ] } },
{ "type": "Feature", "properties": { "from_node": 322, "to_node": 344, "length_km": 78.8375825842285 }, "geometry": { "type": "LineString", "coordinates": [ [ 18.242798, 63.401361 ], [ 17.168884, 63.922284 ] ] } },
{ "type": "Feature", "properties": { "from_node": 322, "to_node": 354, "length_km": 95.641762480921841 }, "geometry": { "type": "LineString", "coordinates": [ [ 18.242798, 63.401361 ], [ 17.449036, 64.183063 ] ] } },
{ "type": "Feature", "properties": { "from_node": 322, "to_node": 359, "length_km": 122.26692370982586 }, "geometry": { "type": "LineString", "coordinates": [ [ 18.242798, 63.401361 ], [ 19.029694, 64.440225 ] ] } },
{ "type": "Feature", "properties": { "from_node": 323, "to_node": 324, "length_km": 10.796830321902521 }, "geometry": { "type": "LineString", "coordinates": [ [ 17.122192, 63.413656 ], [ 16.910706, 63.433317 ] ] } },
{ "type": "Feature", "properties": { "from_node": 323, "to_node": 326, "length_km": 8.6104934123251038 }, "geometry": { "type": "LineString", "coordinates": [ [ 17.122192, 63.413656 ], [ 17.043915, 63.48241 ] ] } },
{ "type": "Feature", "properties": { "from_node": 324, "to_node": 326, "length_km": 8.6160839929662068 }, "geometry": { "type": "LineString", "coordinates": [ [ 16.910706, 63.433317 ], [ 17.043915, 63.48241 ] ] } },
{ "type": "Feature", "properties": { "from_node": 324, "to_node": 327, "length_km": 13.702079048640508 }, "geometry": { "type": "LineString", "coordinates": [ [ 16.910706, 63.433317 ], [ 16.663513, 63.486702 ] ] } },
{ "type": "Feature", "properties": { "from_node": 324, "to_node": 329, "length_km": 12.940488097306536 }, "geometry": { "type": "LineString", "coordinates": [ [ 16.910706, 63.433317 ], [ 16.923065, 63.549164 ] ] } },
{ "type": "Feature", "properties": { "from_node": 325, "to_node": 339, "length_km": 42.40510199431445 }, "geometry": { "type": "LineString", "coordinates": [ [ 11.017914, 63.45726 ], [ 11.472473, 63.779452 ] ] } },
{ "type": "Feature", "properties": { "from_node": 326, "to_node": 329, "length_km": 9.5778679200980985 }, "geometry": { "type": "LineString", "coordinates": [ [ 17.043915, 63.48241 ], [ 16.923065, 63.549164 ] ] } },
{ "type": "Feature", "properties": { "from_node": 326, "to_node": 336, "length_km": 28.469981038839656 }, "geometry": { "type": "LineString", "coordinates": [ [ 17.043915, 63.48241 ], [ 17.041168, 63.737555 ] ] } },
{ "type": "Feature", "properties": { "from_node": 327, "to_node": 328, "length_km": 20.829910670833549 }, "geometry": { "type": "LineString", "coordinates": [ [ 16.663513, 63.486702 ], [ 16.254272, 63.524685 ] ] } },
{ "type": "Feature", "properties": { "from_node": 327, "to_node": 329, "length_km": 14.688954782749324 }, "geometry": { "type": "LineString", "coordinates": [ [ 16.663513, 63.486702 ], [ 16.923065, 63.549164 ] ] } },
{ "type": "Feature", "properties": { "from_node": 327, "to_node": 331, "length_km": 11.124948054201166 }, "geometry": { "type": "LineString", "coordinates": [ [ 16.663513, 63.486702 ], [ 16.756897, 63.577288 ] ] } },
{ "type": "Feature", "properties": { "from_node": 328, "to_node": 331, "length_km": 25.688024414859182 }, "geometry": { "type": "LineString", "coordinates": [ [ 16.254272, 63.524685 ], [ 16.756897, 63.577288 ] ] } },
{ "type": "Feature", "properties": { "from_node": 328, "to_node": 332, "length_km": 21.278805194624759 }, "geometry": { "type": "LineString", "coordinates": [ [ 16.254272, 63.524685 ], [ 15.846405, 63.582177 ] ] } },
{ "type": "Feature", "properties": { "from_node": 328, "to_node": 333, "length_km": 29.93377979273065 }, "geometry": { "type": "LineString", "coordinates": [ [ 16.254272, 63.524685 ], [ 16.791229, 63.646259 ] ] } },
{ "type": "Feature", "properties": { "from_node": 329, "to_node": 331, "length_km": 8.8408590791388306 }, "geometry": { "type": "LineString", "coordinates": [ [ 16.923065, 63.549164 ], [ 16.756897, 63.577288 ] ] } },
{ "type": "Feature", "properties": { "from_node": 329, "to_node": 333, "length_km": 12.659392443386151 }, "geometry": { "type": "LineString", "coordinates": [ [ 16.923065, 63.549164 ], [ 16.791229, 63.646259 ] ] } },
{ "type": "Feature", "properties": { "from_node": 329, "to_node": 335, "length_km": 18.430423071767571 }, "geometry": { "type": "LineString", "coordinates": [ [ 16.923065, 63.549164 ], [ 16.894226, 63.713846 ] ] } },
{ "type": "Feature", "properties": { "from_node": 329, "to_node": 336, "length_km": 21.821742713009957 }, "geometry": { "type": "LineString", "coordinates": [ [ 16.923065, 63.549164 ], [ 17.041168, 63.737555 ] ] } },
{ "type": "Feature", "properties": { "from_node": 330, "to_node": 334, "length_km": 19.128550565085607 }, "geometry": { "type": "LineString", "coordinates": [ [ 13.657379, 63.555892 ], [ 13.811188, 63.713238 ] ] } },
{ "type": "Feature", "properties": { "from_node": 330, "to_node": 337, "length_km": 36.626138690389716 }, "geometry": { "type": "LineString", "coordinates": [ [ 13.657379, 63.555892 ], [ 13.065491, 63.752742 ] ] } },
{ "type": "Feature", "properties": { "from_node": 330, "to_node": 338, "length_km": 23.710385208411321 }, "geometry": { "type": "LineString", "coordinates": [ [ 13.657379, 63.555892 ], [ 13.493958, 63.755779 ] ] } },
{ "type": "Feature", "properties": { "from_node": 331, "to_node": 333, "length_km": 7.8818102871451927 }, "geometry": { "type": "LineString", "coordinates": [ [ 16.756897, 63.577288 ], [ 16.791229, 63.646259 ] ] } },
{ "type": "Feature", "properties": { "from_node": 332, "to_node": 333, "length_km": 47.445216818260548 }, "geometry": { "type": "LineString", "coordinates": [ [ 15.846405, 63.582177 ], [ 16.791229, 63.646259 ] ] } },
{ "type": "Feature", "properties": { "from_node": 332, "to_node": 348, "length_km": 48.12677492823736 }, "geometry": { "type": "LineString", "coordinates": [ [ 15.846405, 63.582177 ], [ 15.619812, 64.001858 ] ] } },
{ "type": "Feature", "properties": { "from_node": 333, "to_node": 335, "length_km": 9.1048573485156137 }, "geometry": { "type": "LineString", "coordinates": [ [ 16.791229, 63.646259 ], [ 16.894226, 63.713846 ] ] } },
{ "type": "Feature", "properties": { "from_node": 333, "to_node": 348, "length_km": 70.036619135677881 }, "geometry": { "type": "LineString", "coordinates": [ [ 16.791229, 63.646259 ], [ 15.619812, 64.001858 ] ] } },
{ "type": "Feature", "properties": { "from_node": 334, "to_node": 338, "length_km": 16.374355347117845 }, "geometry": { "type": "LineString", "coordinates": [ [ 13.811188, 63.713238 ], [ 13.493958, 63.755779 ] ] } },
{ "type": "Feature", "properties": { "from_node": 334, "to_node": 345, "length_km": 25.67568135484365 }, "geometry": { "type": "LineString", "coordinates": [ [ 13.811188, 63.713238 ], [ 13.769989, 63.942802 ] ] } },
{ "type": "Feature", "properties": { "from_node": 334, "to_node": 348, "length_km": 94.619158955004906 }, "geometry": { "type": "LineString", "coordinates": [ [ 13.811188, 63.713238 ], [ 15.619812, 64.001858 ] ] } },
{ "type": "Feature", "properties": { "from_node": 335, "to_node": 336, "length_km": 7.7340277299812792 }, "geometry": { "type": "LineString", "coordinates": [ [ 16.894226, 63.713846 ], [ 17.041168, 63.737555 ] ] } },
{ "type": "Feature", "properties": { "from_node": 335, "to_node": 342, "length_km": 19.583264778861668 }, "geometry": { "type": "LineString", "coordinates": [ [ 16.894226, 63.713846 ], [ 17.156525, 63.845512 ] ] } },
{ "type": "Feature", "properties": { "from_node": 335, "to_node": 347, "length_km": 31.445258397374189 }, "geometry": { "type": "LineString", "coordinates": [ [ 16.894226, 63.713846 ], [ 16.962891, 63.994031 ] ] } },
{ "type": "Feature", "properties": { "from_node": 335, "to_node": 348, "length_km": 70.470794167371523 }, "geometry": { "type": "LineString", "coordinates": [ [ 16.894226, 63.713846 ], [ 15.619812, 64.001858 ] ] } },
{ "type": "Feature", "properties": { "from_node": 336, "to_node": 342, "length_km": 13.323662394566554 }, "geometry": { "type": "LineString", "coordinates": [ [ 17.041168, 63.737555 ], [ 17.156525, 63.845512 ] ] } },
{ "type": "Feature", "properties": { "from_node": 337, "to_node": 338, "length_km": 21.154829568874955 }, "geometry": { "type": "LineString", "coordinates": [ [ 13.065491, 63.752742 ], [ 13.493958, 63.755779 ] ] } },
{ "type": "Feature", "properties": { "from_node": 337, "to_node": 339, "length_km": 78.657555150085841 }, "geometry": { "type": "LineString", "coordinates": [ [ 13.065491, 63.752742 ], [ 11.472473, 63.779452 ] ] } },
{ "type": "Feature", "properties": { "from_node": 337, "to_node": 345, "length_km": 40.62776508068854 }, "geometry": { "type": "LineString", "coordinates": [ [ 13.065491, 63.752742 ], [ 13.769989, 63.942802 ] ] } },
{ "type": "Feature", "properties": { "from_node": 337, "to_node": 346, "length_km": 82.046257741166173 }, "geometry": { "type": "LineString", "coordinates": [ [ 13.065491, 63.752742 ], [ 11.477966, 63.979576 ] ] } },
{ "type": "Feature", "properties": { "from_node": 337, "to_node": 360, "length_km": 105.21002815872511 }, "geometry": { "type": "LineString", "coordinates": [ [ 13.065491, 63.752742 ], [ 11.620789, 64.453849 ] ] } },
{ "type": "Feature", "properties": { "from_node": 337, "to_node": 373, "length_km": 107.71978923780404 }, "geometry": { "type": "LineString", "coordinates": [ [ 13.065491, 63.752742 ], [ 12.800446, 64.712014 ] ] } },
{ "type": "Feature", "properties": { "from_node": 338, "to_node": 345, "length_km": 24.884900929257725 }, "geometry": { "type": "LineString", "coordinates": [ [ 13.493958, 63.755779 ], [ 13.769989, 63.942802 ] ] } },
{ "type": "Feature", "properties": { "from_node": 339, "to_node": 346, "length_km": 22.310703741313052 }, "geometry": { "type": "LineString", "coordinates": [ [ 11.472473, 63.779452 ], [ 11.477966, 63.979576 ] ] } },
{ "type": "Feature", "properties": { "from_node": 340, "to_node": 341, "length_km": 6.9156429535229593 }, "geometry": { "type": "LineString", "coordinates": [ [ 23.047943, 63.797043 ], [ 23.1427, 63.842485 ] ] } },
{ "type": "Feature", "properties": { "from_node": 340, "to_node": 343, "length_km": 148.49240209213761 }, "geometry": { "type": "LineString", "coordinates": [ [ 23.047943, 63.797043 ], [ 20.047302, 63.896314 ] ] } },
{ "type": "Feature", "properties": { "from_node": 341, "to_node": 343, "length_km": 152.75132736405629 }, "geometry": { "type": "LineString", "coordinates": [ [ 23.1427, 63.842485 ], [ 20.047302, 63.896314 ] ] } },
{ "type": "Feature", "properties": { "from_node": 341, "to_node": 349, "length_km": 91.733839365353674 }, "geometry": { "type": "LineString", "coordinates": [ [ 23.1427, 63.842485 ], [ 24.965057, 64.008479 ] ] } },
{ "type": "Feature", "properties": { "from_node": 341, "to_node": 358, "length_km": 93.531054622993125 }, "geometry": { "type": "LineString", "coordinates": [ [ 23.1427, 63.842485 ], [ 24.517365, 64.423037 ] ] } },
{ "type": "Feature", "properties": { "from_node": 341, "to_node": 385, "length_km": 185.8039848530079 }, "geometry": { "type": "LineString", "coordinates": [ [ 23.1427, 63.842485 ], [ 21.169281, 65.270498 ] ] } },
{ "type": "Feature", "properties": { "from_node": 342, "to_node": 344, "length_km": 8.5884477360611324 }, "geometry": { "type": "LineString", "coordinates": [ [ 17.156525, 63.845512 ], [ 17.168884, 63.922284 ] ] } },
{ "type": "Feature", "properties": { "from_node": 342, "to_node": 347, "length_km": 19.107947790530677 }, "geometry": { "type": "LineString", "coordinates": [ [ 17.156525, 63.845512 ], [ 16.962891, 63.994031 ] ] } },
{ "type": "Feature", "properties": { "from_node": 343, "to_node": 359, "length_km": 78.422260864808678 }, "geometry": { "type": "LineString", "coordinates": [ [ 20.047302, 63.896314 ], [ 19.029694, 64.440225 ] ] } },
{ "type": "Feature", "properties": { "from_node": 343, "to_node": 382, "length_km": 127.83719407685649 }, "geometry": { "type": "LineString", "coordinates": [ [ 20.047302, 63.896314 ], [ 19.736938, 65.032742 ] ] } },
{ "type": "Feature", "properties": { "from_node": 343, "to_node": 385, "length_km": 162.74504125981045 }, "geometry": { "type": "LineString", "coordinates": [ [ 20.047302, 63.896314 ], [ 21.169281, 65.270498 ] ] } },
{ "type": "Feature", "properties": { "from_node": 344, "to_node": 347, "length_km": 12.891741265745658 }, "geometry": { "type": "LineString", "coordinates": [ [ 17.168884, 63.922284 ], [ 16.962891, 63.994031 ] ] } },
{ "type": "Feature", "properties": { "from_node": 344, "to_node": 353, "length_km": 26.381304638999133 }, "geometry": { "type": "LineString", "coordinates": [ [ 17.168884, 63.922284 ], [ 17.271881, 64.154341 ] ] } },
{ "type": "Feature", "properties": { "from_node": 344, "to_node": 354, "length_km": 32.163951437604709 }, "geometry": { "type": "LineString", "coordinates": [ [ 17.168884, 63.922284 ], [ 17.449036, 64.183063 ] ] } },
{ "type": "Feature", "properties": { "from_node": 345, "to_node": 348, "length_km": 90.872082595104587 }, "geometry": { "type": "LineString", "coordinates": [ [ 13.769989, 63.942802 ], [ 15.619812, 64.001858 ] ] } },
{ "type": "Feature", "properties": { "from_node": 345, "to_node": 356, "length_km": 66.91185534796611 }, "geometry": { "type": "LineString", "coordinates": [ [ 13.769989, 63.942802 ], [ 14.859009, 64.308372 ] ] } },
{ "type": "Feature", "properties": { "from_node": 345, "to_node": 361, "length_km": 63.809579423714744 }, "geometry": { "type": "LineString", "coordinates": [ [ 13.769989, 63.942802 ], [ 14.180603, 64.486402 ] ] } },
{ "type": "Feature", "properties": { "from_node": 345, "to_node": 369, "length_km": 79.306702326602348 }, "geometry": { "type": "LineString", "coordinates": [ [ 13.769989, 63.942802 ], [ 13.807068, 64.653876 ] ] } },
{ "type": "Feature", "properties": { "from_node": 345, "to_node": 373, "length_km": 97.743252370540404 }, "geometry": { "type": "LineString", "coordinates": [ [ 13.769989, 63.942802 ], [ 12.800446, 64.712014 ] ] } },
{ "type": "Feature", "properties": { "from_node": 346, "to_node": 360, "length_km": 53.325453538567906 }, "geometry": { "type": "LineString", "coordinates": [ [ 11.477966, 63.979576 ], [ 11.620789, 64.453849 ] ] } },
{ "type": "Feature", "properties": { "from_node": 347, "to_node": 348, "length_km": 65.777087278136349 }, "geometry": { "type": "LineString", "coordinates": [ [ 16.962891, 63.994031 ], [ 15.619812, 64.001858 ] ] } },
{ "type": "Feature", "properties": { "from_node": 347, "to_node": 351, "length_km": 63.498238398584185 }, "geometry": { "type": "LineString", "coordinates": [ [ 16.962891, 63.994031 ], [ 15.674744, 64.064393 ] ] } },
{ "type": "Feature", "properties": { "from_node": 347, "to_node": 353, "length_km": 23.406018944893788 }, "geometry": { "type": "LineString", "coordinates": [ [ 16.962891, 63.994031 ], [ 17.271881, 64.154341 ] ] } },
{ "type": "Feature", "properties": { "from_node": 347, "to_node": 355, "length_km": 34.588655062904564 }, "geometry": { "type": "LineString", "coordinates": [ [ 16.962891, 63.994031 ], [ 17.310333, 64.26428 ] ] } },
{ "type": "Feature", "properties": { "from_node": 348, "to_node": 351, "length_km": 7.474522377604619 }, "geometry": { "type": "LineString", "coordinates": [ [ 15.619812, 64.001858 ], [ 15.674744, 64.064393 ] ] } },
{ "type": "Feature", "properties": { "from_node": 348, "to_node": 356, "length_km": 50.402349909813985 }, "geometry": { "type": "LineString", "coordinates": [ [ 15.619812, 64.001858 ], [ 14.859009, 64.308372 ] ] } },
{ "type": "Feature", "properties": { "from_node": 349, "to_node": 350, "length_km": 18.567848089076389 }, "geometry": { "type": "LineString", "coordinates": [ [ 24.965057, 64.008479 ], [ 25.333099, 64.045767 ] ] } },
{ "type": "Feature", "properties": { "from_node": 349, "to_node": 358, "length_km": 51.335318105228289 }, "geometry": { "type": "LineString", "coordinates": [ [ 24.965057, 64.008479 ], [ 24.517365, 64.423037 ] ] } },
{ "type": "Feature", "properties": { "from_node": 350, "to_node": 352, "length_km": 92.148244958491972 }, "geometry": { "type": "LineString", "coordinates": [ [ 25.333099, 64.045767 ], [ 27.204895, 64.101606 ] ] } },
{ "type": "Feature", "properties": { "from_node": 350, "to_node": 358, "length_km": 58.059072078651965 }, "geometry": { "type": "LineString", "coordinates": [ [ 25.333099, 64.045767 ], [ 24.517365, 64.423037 ] ] } },
{ "type": "Feature", "properties": { "from_node": 350, "to_node": 365, "length_km": 93.217267914041415 }, "geometry": { "type": "LineString", "coordinates": [ [ 25.333099, 64.045767 ], [ 26.843719, 64.556111 ] ] } },
{ "type": "Feature", "properties": { "from_node": 350, "to_node": 371, "length_km": 92.258898618589015 }, "geometry": { "type": "LineString", "coordinates": [ [ 25.333099, 64.045767 ], [ 26.455078, 64.709668 ] ] } },
{ "type": "Feature", "properties": { "from_node": 350, "to_node": 376, "length_km": 90.479168971804157 }, "geometry": { "type": "LineString", "coordinates": [ [ 25.333099, 64.045767 ], [ 26.115875, 64.778222 ] ] } },
{ "type": "Feature", "properties": { "from_node": 351, "to_node": 355, "length_km": 82.686000923762634 }, "geometry": { "type": "LineString", "coordinates": [ [ 15.674744, 64.064393 ], [ 17.310333, 64.26428 ] ] } },
{ "type": "Feature", "properties": { "from_node": 351, "to_node": 356, "length_km": 48.103203264817104 }, "geometry": { "type": "LineString", "coordinates": [ [ 15.674744, 64.064393 ], [ 14.859009, 64.308372 ] ] } },
{ "type": "Feature", "properties": { "from_node": 351, "to_node": 357, "length_km": 47.198698023200649 }, "geometry": { "type": "LineString", "coordinates": [ [ 15.674744, 64.064393 ], [ 14.959259, 64.35061 ] ] } },
{ "type": "Feature", "properties": { "from_node": 351, "to_node": 362, "length_km": 51.946238947768059 }, "geometry": { "type": "LineString", "coordinates": [ [ 15.674744, 64.064393 ], [ 15.622559, 64.529548 ] ] } },
{ "type": "Feature", "properties": { "from_node": 352, "to_node": 365, "length_km": 53.9683810575007 }, "geometry": { "type": "LineString", "coordinates": [ [ 27.204895, 64.101606 ], [ 26.843719, 64.556111 ] ] } },
{ "type": "Feature", "properties": { "from_node": 352, "to_node": 367, "length_km": 81.153397353978178 }, "geometry": { "type": "LineString", "coordinates": [ [ 27.204895, 64.101606 ], [ 28.45047, 64.58147 ] ] } },
{ "type": "Feature", "properties": { "from_node": 353, "to_node": 354, "length_km": 9.2016985448072859 }, "geometry": { "type": "LineString", "coordinates": [ [ 17.271881, 64.154341 ], [ 17.449036, 64.183063 ] ] } },
{ "type": "Feature", "properties": { "from_node": 353, "to_node": 355, "length_km": 12.410381721320503 }, "geometry": { "type": "LineString", "coordinates": [ [ 17.271881, 64.154341 ], [ 17.310333, 64.26428 ] ] } },
{ "type": "Feature", "properties": { "from_node": 354, "to_node": 355, "length_km": 11.295048079565339 }, "geometry": { "type": "LineString", "coordinates": [ [ 17.449036, 64.183063 ], [ 17.310333, 64.26428 ] ] } },
{ "type": "Feature", "properties": { "from_node": 354, "to_node": 359, "length_km": 81.788747101857865 }, "geometry": { "type": "LineString", "coordinates": [ [ 17.449036, 64.183063 ], [ 19.029694, 64.440225 ] ] } },
{ "type": "Feature", "properties": { "from_node": 355, "to_node": 359, "length_km": 85.467563493720334 }, "geometry": { "type": "LineString", "coordinates": [ [ 17.310333, 64.26428 ], [ 19.029694, 64.440225 ] ] } },
{ "type": "Feature", "properties": { "from_node": 355, "to_node": 362, "length_km": 86.68065125280701 }, "geometry": { "type": "LineString", "coordinates": [ [ 17.310333, 64.26428 ], [ 15.622559, 64.529548 ] ] } },
{ "type": "Feature", "properties": { "from_node": 355, "to_node": 372, "length_km": 83.244376685759832 }, "geometry": { "type": "LineString", "coordinates": [ [ 17.310333, 64.26428 ], [ 15.923309, 64.710254 ] ] } },
{ "type": "Feature", "properties": { "from_node": 355, "to_node": 381, "length_km": 82.492579478685244 }, "geometry": { "type": "LineString", "coordinates": [ [ 17.310333, 64.26428 ], [ 17.541046, 64.996778 ] ] } },
{ "type": "Feature", "properties": { "from_node": 356, "to_node": 357, "length_km": 6.7606245170173818 }, "geometry": { "type": "LineString", "coordinates": [ [ 14.859009, 64.308372 ], [ 14.959259, 64.35061 ] ] } },
{ "type": "Feature", "properties": { "from_node": 356, "to_node": 361, "length_km": 38.283110943972929 }, "geometry": { "type": "LineString", "coordinates": [ [ 14.859009, 64.308372 ], [ 14.180603, 64.486402 ] ] } },
{ "type": "Feature", "properties": { "from_node": 356, "to_node": 363, "length_km": 34.284214527058303 }, "geometry": { "type": "LineString", "coordinates": [ [ 14.859009, 64.308372 ], [ 14.381104, 64.536044 ] ] } },
{ "type": "Feature", "properties": { "from_node": 357, "to_node": 362, "length_km": 37.679050133060926 }, "geometry": { "type": "LineString", "coordinates": [ [ 14.959259, 64.35061 ], [ 15.622559, 64.529548 ] ] } },
{ "type": "Feature", "properties": { "from_node": 357, "to_node": 363, "length_km": 34.688173475695265 }, "geometry": { "type": "LineString", "coordinates": [ [ 14.959259, 64.35061 ], [ 14.381104, 64.536044 ] ] } },
{ "type": "Feature", "properties": { "from_node": 357, "to_node": 364, "length_km": 32.455658477089791 }, "geometry": { "type": "LineString", "coordinates": [ [ 14.959259, 64.35061 ], [ 15.450897, 64.54962 ] ] } },
{ "type": "Feature", "properties": { "from_node": 358, "to_node": 376, "length_km": 86.637772777935169 }, "geometry": { "type": "LineString", "coordinates": [ [ 24.517365, 64.423037 ], [ 26.115875, 64.778222 ] ] } },
{ "type": "Feature", "properties": { "from_node": 358, "to_node": 380, "length_km": 87.266384674349439 }, "geometry": { "type": "LineString", "coordinates": [ [ 24.517365, 64.423037 ], [ 25.808258, 64.971807 ] ] } },
{ "type": "Feature", "properties": { "from_node": 358, "to_node": 385, "length_km": 185.47459465298101 }, "geometry": { "type": "LineString", "coordinates": [ [ 24.517365, 64.423037 ], [ 21.169281, 65.270498 ] ] } },
{ "type": "Feature", "properties": { "from_node": 358, "to_node": 386, "length_km": 111.19817864553579 }, "geometry": { "type": "LineString", "coordinates": [ [ 24.517365, 64.423037 ], [ 25.694275, 65.279688 ] ] } },
{ "type": "Feature", "properties": { "from_node": 358, "to_node": 393, "length_km": 152.29417405685146 }, "geometry": { "type": "LineString", "coordinates": [ [ 24.517365, 64.423037 ], [ 24.411621, 65.781941 ] ] } },
{ "type": "Feature", "properties": { "from_node": 358, "to_node": 395, "length_km": 171.83176839355411 }, "geometry": { "type": "LineString", "coordinates": [ [ 24.517365, 64.423037 ], [ 23.100128, 65.837089 ] ] } },
{ "type": "Feature", "properties": { "from_node": 359, "to_node": 381, "length_km": 94.391445176359639 }, "geometry": { "type": "LineString", "coordinates": [ [ 19.029694, 64.440225 ], [ 17.541046, 64.996778 ] ] } },
{ "type": "Feature", "properties": { "from_node": 359, "to_node": 382, "length_km": 74.288325732537899 }, "geometry": { "type": "LineString", "coordinates": [ [ 19.029694, 64.440225 ], [ 19.736938, 65.032742 ] ] } },
{ "type": "Feature", "properties": { "from_node": 360, "to_node": 373, "length_km": 63.424517418671627 }, "geometry": { "type": "LineString", "coordinates": [ [ 11.620789, 64.453849 ], [ 12.800446, 64.712014 ] ] } },
{ "type": "Feature", "properties": { "from_node": 360, "to_node": 383, "length_km": 99.380255811059314 }, "geometry": { "type": "LineString", "coordinates": [ [ 11.620789, 64.453849 ], [ 12.7565, 65.20262 ] ] } },
{ "type": "Feature", "properties": { "from_node": 360, "to_node": 396, "length_km": 173.33878749133061 }, "geometry": { "type": "LineString", "coordinates": [ [ 11.620789, 64.453849 ], [ 13.289337, 65.841024 ] ] } },
{ "type": "Feature", "properties": { "from_node": 360, "to_node": 410, "length_km": 270.80059239770242 }, "geometry": { "type": "LineString", "coordinates": [ [ 11.620789, 64.453849 ], [ 13.807068, 66.707884 ] ] } },
{ "type": "Feature", "properties": { "from_node": 361, "to_node": 363, "length_km": 11.110915352964291 }, "geometry": { "type": "LineString", "coordinates": [ [ 14.180603, 64.486402 ], [ 14.381104, 64.536044 ] ] } },
{ "type": "Feature", "properties": { "from_node": 361, "to_node": 366, "length_km": 10.892498280230264 }, "geometry": { "type": "LineString", "coordinates": [ [ 14.180603, 64.486402 ], [ 14.06662, 64.570857 ] ] } },
{ "type": "Feature", "properties": { "from_node": 361, "to_node": 368, "length_km": 12.760493812264913 }, "geometry": { "type": "LineString", "coordinates": [ [ 14.180603, 64.486402 ], [ 14.250641, 64.596791 ] ] } },
{ "type": "Feature", "properties": { "from_node": 361, "to_node": 369, "length_km": 25.873735968720872 }, "geometry": { "type": "LineString", "coordinates": [ [ 14.180603, 64.486402 ], [ 13.807068, 64.653876 ] ] } },
{ "type": "Feature", "properties": { "from_node": 362, "to_node": 364, "length_km": 8.5402552516853643 }, "geometry": { "type": "LineString", "coordinates": [ [ 15.622559, 64.529548 ], [ 15.450897, 64.54962 ] ] } },
{ "type": "Feature", "properties": { "from_node": 362, "to_node": 370, "length_km": 20.169275307360234 }, "geometry": { "type": "LineString", "coordinates": [ [ 15.622559, 64.529548 ], [ 15.761261, 64.700279 ] ] } },
{ "type": "Feature", "properties": { "from_node": 362, "to_node": 372, "length_km": 24.771295161199816 }, "geometry": { "type": "LineString", "coordinates": [ [ 15.622559, 64.529548 ], [ 15.923309, 64.710254 ] ] } },
{ "type": "Feature", "properties": { "from_node": 363, "to_node": 364, "length_km": 51.369924709096388 }, "geometry": { "type": "LineString", "coordinates": [ [ 14.381104, 64.536044 ], [ 15.450897, 64.54962 ] ] } },
{ "type": "Feature", "properties": { "from_node": 363, "to_node": 368, "length_km": 9.2209418098795854 }, "geometry": { "type": "LineString", "coordinates": [ [ 14.381104, 64.536044 ], [ 14.250641, 64.596791 ] ] } },
{ "type": "Feature", "properties": { "from_node": 363, "to_node": 374, "length_km": 23.010756294142134 }, "geometry": { "type": "LineString", "coordinates": [ [ 14.381104, 64.536044 ], [ 14.146271, 64.71612 ] ] } },
{ "type": "Feature", "properties": { "from_node": 364, "to_node": 370, "length_km": 22.429148863714527 }, "geometry": { "type": "LineString", "coordinates": [ [ 15.450897, 64.54962 ], [ 15.761261, 64.700279 ] ] } },
{ "type": "Feature", "properties": { "from_node": 364, "to_node": 374, "length_km": 65.114246969101686 }, "geometry": { "type": "LineString", "coordinates": [ [ 15.450897, 64.54962 ], [ 14.146271, 64.71612 ] ] } },
{ "type": "Feature", "properties": { "from_node": 364, "to_node": 379, "length_km": 49.191019730280971 }, "geometry": { "type": "LineString", "coordinates": [ [ 15.450897, 64.54962 ], [ 15.783234, 64.967159 ] ] } },
{ "type": "Feature", "properties": { "from_node": 365, "to_node": 367, "length_km": 77.638994082613024 }, "geometry": { "type": "LineString", "coordinates": [ [ 26.843719, 64.556111 ], [ 28.45047, 64.58147 ] ] } },
{ "type": "Feature", "properties": { "from_node": 365, "to_node": 371, "length_km": 25.432870694282165 }, "geometry": { "type": "LineString", "coordinates": [ [ 26.843719, 64.556111 ], [ 26.455078, 64.709668 ] ] } },
{ "type": "Feature", "properties": { "from_node": 365, "to_node": 375, "length_km": 27.673199056822774 }, "geometry": { "type": "LineString", "coordinates": [ [ 26.843719, 64.556111 ], [ 26.51825, 64.759489 ] ] } },
{ "type": "Feature", "properties": { "from_node": 366, "to_node": 368, "length_km": 9.2802915006443012 }, "geometry": { "type": "LineString", "coordinates": [ [ 14.06662, 64.570857 ], [ 14.250641, 64.596791 ] ] } },
{ "type": "Feature", "properties": { "from_node": 366, "to_node": 369, "length_km": 15.49379099816856 }, "geometry": { "type": "LineString", "coordinates": [ [ 14.06662, 64.570857 ], [ 13.807068, 64.653876 ] ] } },
{ "type": "Feature", "properties": { "from_node": 366, "to_node": 374, "length_km": 16.640289161366987 }, "geometry": { "type": "LineString", "coordinates": [ [ 14.06662, 64.570857 ], [ 14.146271, 64.71612 ] ] } },
{ "type": "Feature", "properties": { "from_node": 367, "to_node": 375, "length_km": 95.061161910078013 }, "geometry": { "type": "LineString", "coordinates": [ [ 28.45047, 64.58147 ], [ 26.51825, 64.759489 ] ] } },
{ "type": "Feature", "properties": { "from_node": 367, "to_node": 404, "length_km": 207.30525358363084 }, "geometry": { "type": "LineString", "coordinates": [ [ 28.45047, 64.58147 ], [ 27.030487, 66.33089 ] ] } },
{ "type": "Feature", "properties": { "from_node": 367, "to_node": 407, "length_km": 215.49583400635467 }, "geometry": { "type": "LineString", "coordinates": [ [ 28.45047, 64.58147 ], [ 27.398529, 66.450241 ] ] } },
{ "type": "Feature", "properties": { "from_node": 367, "to_node": 434, "length_km": 577.54576113641099 }, "geometry": { "type": "LineString", "coordinates": [ [ 28.45047, 64.58147 ], [ 30.120392, 69.682374 ] ] } },
{ "type": "Feature", "properties": { "from_node": 368, "to_node": 374, "length_km": 14.211027269813188 }, "geometry": { "type": "LineString", "coordinates": [ [ 14.250641, 64.596791 ], [ 14.146271, 64.71612 ] ] } },
{ "type": "Feature", "properties": { "from_node": 369, "to_node": 373, "length_km": 48.490518194444974 }, "geometry": { "type": "LineString", "coordinates": [ [ 13.807068, 64.653876 ], [ 12.800446, 64.712014 ] ] } },
{ "type": "Feature", "properties": { "from_node": 369, "to_node": 374, "length_km": 17.618375946718757 }, "geometry": { "type": "LineString", "coordinates": [ [ 13.807068, 64.653876 ], [ 14.146271, 64.71612 ] ] } },
{ "type": "Feature", "properties": { "from_node": 369, "to_node": 377, "length_km": 44.432639524826648 }, "geometry": { "type": "LineString", "coordinates": [ [ 13.807068, 64.653876 ], [ 13.099823, 64.914228 ] ] } },
{ "type": "Feature", "properties": { "from_node": 370, "to_node": 372, "length_km": 7.8129401263292877 }, "geometry": { "type": "LineString", "coordinates": [ [ 15.761261, 64.700279 ], [ 15.923309, 64.710254 ] ] } },
{ "type": "Feature", "properties": { "from_node": 370, "to_node": 379, "length_km": 29.789287210625346 }, "geometry": { "type": "LineString", "coordinates": [ [ 15.761261, 64.700279 ], [ 15.783234, 64.967159 ] ] } },
{ "type": "Feature", "properties": { "from_node": 371, "to_node": 375, "length_km": 6.3573900147252767 }, "geometry": { "type": "LineString", "coordinates": [ [ 26.455078, 64.709668 ], [ 26.51825, 64.759489 ] ] } },
{ "type": "Feature", "properties": { "from_node": 371, "to_node": 376, "length_km": 17.981719085460398 }, "geometry": { "type": "LineString", "coordinates": [ [ 26.455078, 64.709668 ], [ 26.115875, 64.778222 ] ] } },
{ "type": "Feature", "properties": { "from_node": 372, "to_node": 379, "length_km": 29.420660293169931 }, "geometry": { "type": "LineString", "coordinates": [ [ 15.923309, 64.710254 ], [ 15.783234, 64.967159 ] ] } },
{ "type": "Feature", "properties": { "from_node": 372, "to_node": 381, "length_km": 83.184070902829333 }, "geometry": { "type": "LineString", "coordinates": [ [ 15.923309, 64.710254 ], [ 17.541046, 64.996778 ] ] } },
{ "type": "Feature", "properties": { "from_node": 372, "to_node": 384, "length_km": 77.982497193166623 }, "geometry": { "type": "LineString", "coordinates": [ [ 15.923309, 64.710254 ], [ 17.049408, 65.221045 ] ] } },
{ "type": "Feature", "properties": { "from_node": 373, "to_node": 377, "length_km": 26.657841297756537 }, "geometry": { "type": "LineString", "coordinates": [ [ 12.800446, 64.712014 ], [ 13.099823, 64.914228 ] ] } },
{ "type": "Feature", "properties": { "from_node": 373, "to_node": 383, "length_km": 54.741593725637472 }, "geometry": { "type": "LineString", "coordinates": [ [ 12.800446, 64.712014 ], [ 12.7565, 65.20262 ] ] } },
{ "type": "Feature", "properties": { "from_node": 374, "to_node": 377, "length_km": 54.401442282808546 }, "geometry": { "type": "LineString", "coordinates": [ [ 14.146271, 64.71612 ], [ 13.099823, 64.914228 ] ] } },
{ "type": "Feature", "properties": { "from_node": 374, "to_node": 379, "length_km": 82.598194924376457 }, "geometry": { "type": "LineString", "coordinates": [ [ 14.146271, 64.71612 ], [ 15.783234, 64.967159 ] ] } },
{ "type": "Feature", "properties": { "from_node": 374, "to_node": 391, "length_km": 105.36382197752047 }, "geometry": { "type": "LineString", "coordinates": [ [ 14.146271, 64.71612 ], [ 14.765625, 65.62429 ] ] } },
{ "type": "Feature", "properties": { "from_node": 375, "to_node": 376, "length_km": 19.378382941464626 }, "geometry": { "type": "LineString", "coordinates": [ [ 26.51825, 64.759489 ], [ 26.115875, 64.778222 ] ] } },
{ "type": "Feature", "properties": { "from_node": 375, "to_node": 378, "length_km": 31.818049175088703 }, "geometry": { "type": "LineString", "coordinates": [ [ 26.51825, 64.759489 ], [ 26.05957, 64.965416 ] ] } },
{ "type": "Feature", "properties": { "from_node": 375, "to_node": 404, "length_km": 177.89115174576887 }, "geometry": { "type": "LineString", "coordinates": [ [ 26.51825, 64.759489 ], [ 27.030487, 66.33089 ] ] } },
{ "type": "Feature", "properties": { "from_node": 376, "to_node": 378, "length_km": 21.165192725802036 }, "geometry": { "type": "LineString", "coordinates": [ [ 26.115875, 64.778222 ], [ 26.05957, 64.965416 ] ] } },
{ "type": "Feature", "properties": { "from_node": 376, "to_node": 380, "length_km": 26.197855303020443 }, "geometry": { "type": "LineString", "coordinates": [ [ 26.115875, 64.778222 ], [ 25.808258, 64.971807 ] ] } },
{ "type": "Feature", "properties": { "from_node": 377, "to_node": 383, "length_km": 35.989458076242755 }, "geometry": { "type": "LineString", "coordinates": [ [ 13.099823, 64.914228 ], [ 12.7565, 65.20262 ] ] } },
{ "type": "Feature", "properties": { "from_node": 377, "to_node": 391, "length_km": 111.00833274281131 }, "geometry": { "type": "LineString", "coordinates": [ [ 13.099823, 64.914228 ], [ 14.765625, 65.62429 ] ] } },
{ "type": "Feature", "properties": { "from_node": 378, "to_node": 380, "length_km": 11.959663979026592 }, "geometry": { "type": "LineString", "coordinates": [ [ 26.05957, 64.965416 ], [ 25.808258, 64.971807 ] ] } },
{ "type": "Feature", "properties": { "from_node": 378, "to_node": 386, "length_km": 39.233935920884512 }, "geometry": { "type": "LineString", "coordinates": [ [ 26.05957, 64.965416 ], [ 25.694275, 65.279688 ] ] } },
{ "type": "Feature", "properties": { "from_node": 378, "to_node": 404, "length_km": 159.61253037372828 }, "geometry": { "type": "LineString", "coordinates": [ [ 26.05957, 64.965416 ], [ 27.030487, 66.33089 ] ] } },
{ "type": "Feature", "properties": { "from_node": 379, "to_node": 384, "length_km": 65.955769353038932 }, "geometry": { "type": "LineString", "coordinates": [ [ 15.783234, 64.967159 ], [ 17.049408, 65.221045 ] ] } },
{ "type": "Feature", "properties": { "from_node": 379, "to_node": 388, "length_km": 48.61260809817874 }, "geometry": { "type": "LineString", "coordinates": [ [ 15.783234, 64.967159 ], [ 16.387482, 65.321005 ] ] } },
{ "type": "Feature", "properties": { "from_node": 379, "to_node": 390, "length_km": 57.854271695159689 }, "geometry": { "type": "LineString", "coordinates": [ [ 15.783234, 64.967159 ], [ 15.812073, 65.485626 ] ] } },
{ "type": "Feature", "properties": { "from_node": 379, "to_node": 391, "length_km": 87.33959214842065 }, "geometry": { "type": "LineString", "coordinates": [ [ 15.783234, 64.967159 ], [ 14.765625, 65.62429 ] ] } },
{ "type": "Feature", "properties": { "from_node": 380, "to_node": 386, "length_km": 34.93499468624595 }, "geometry": { "type": "LineString", "coordinates": [ [ 25.808258, 64.971807 ], [ 25.694275, 65.279688 ] ] } },
{ "type": "Feature", "properties": { "from_node": 381, "to_node": 382, "length_km": 103.7603170499039 }, "geometry": { "type": "LineString", "coordinates": [ [ 17.541046, 64.996778 ], [ 19.736938, 65.032742 ] ] } },
{ "type": "Feature", "properties": { "from_node": 381, "to_node": 384, "length_km": 34.073802283675064 }, "geometry": { "type": "LineString", "coordinates": [ [ 17.541046, 64.996778 ], [ 17.049408, 65.221045 ] ] } },
{ "type": "Feature", "properties": { "from_node": 382, "to_node": 384, "length_km": 128.08415531292064 }, "geometry": { "type": "LineString", "coordinates": [ [ 19.736938, 65.032742 ], [ 17.049408, 65.221045 ] ] } },
{ "type": "Feature", "properties": { "from_node": 382, "to_node": 385, "length_km": 72.389063183166272 }, "geometry": { "type": "LineString", "coordinates": [ [ 19.736938, 65.032742 ], [ 21.169281, 65.270498 ] ] } },
{ "type": "Feature", "properties": { "from_node": 382, "to_node": 394, "length_km": 125.86801271090509 }, "geometry": { "type": "LineString", "coordinates": [ [ 19.736938, 65.032742 ], [ 21.656799, 65.826407 ] ] } },
{ "type": "Feature", "properties": { "from_node": 382, "to_node": 408, "length_km": 167.52944038917647 }, "geometry": { "type": "LineString", "coordinates": [ [ 19.736938, 65.032742 ], [ 20.429077, 66.505049 ] ] } },
{ "type": "Feature", "properties": { "from_node": 383, "to_node": 391, "length_km": 104.50078284161577 }, "geometry": { "type": "LineString", "coordinates": [ [ 12.7565, 65.20262 ], [ 14.765625, 65.62429 ] ] } },
{ "type": "Feature", "properties": { "from_node": 383, "to_node": 396, "length_km": 75.333680422041525 }, "geometry": { "type": "LineString", "coordinates": [ [ 12.7565, 65.20262 ], [ 13.289337, 65.841024 ] ] } },
{ "type": "Feature", "properties": { "from_node": 384, "to_node": 387, "length_km": 11.896807285556729 }, "geometry": { "type": "LineString", "coordinates": [ [ 17.049408, 65.221045 ], [ 16.876373, 65.299207 ] ] } },
{ "type": "Feature", "properties": { "from_node": 384, "to_node": 388, "length_km": 32.88358880477346 }, "geometry": { "type": "LineString", "coordinates": [ [ 17.049408, 65.221045 ], [ 16.387482, 65.321005 ] ] } },
{ "type": "Feature", "properties": { "from_node": 384, "to_node": 408, "length_km": 210.72018185023256 }, "geometry": { "type": "LineString", "coordinates": [ [ 17.049408, 65.221045 ], [ 20.429077, 66.505049 ] ] } },
{ "type": "Feature", "properties": { "from_node": 385, "to_node": 394, "length_km": 66.125330169134116 }, "geometry": { "type": "LineString", "coordinates": [ [ 21.169281, 65.270498 ], [ 21.656799, 65.826407 ] ] } },
{ "type": "Feature", "properties": { "from_node": 385, "to_node": 395, "length_km": 109.63009191930206 }, "geometry": { "type": "LineString", "coordinates": [ [ 21.169281, 65.270498 ], [ 23.100128, 65.837089 ] ] } },
{ "type": "Feature", "properties": { "from_node": 386, "to_node": 393, "length_km": 81.965298287308627 }, "geometry": { "type": "LineString", "coordinates": [ [ 25.694275, 65.279688 ], [ 24.411621, 65.781941 ] ] } },
{ "type": "Feature", "properties": { "from_node": 386, "to_node": 397, "length_km": 83.704652142784397 }, "geometry": { "type": "LineString", "coordinates": [ [ 25.694275, 65.279688 ], [ 24.612122, 65.877531 ] ] } },
{ "type": "Feature", "properties": { "from_node": 386, "to_node": 399, "length_km": 88.346582346544025 }, "geometry": { "type": "LineString", "coordinates": [ [ 25.694275, 65.279688 ], [ 24.892273, 65.995123 ] ] } },
{ "type": "Feature", "properties": { "from_node": 386, "to_node": 400, "length_km": 100.68798055268064 }, "geometry": { "type": "LineString", "coordinates": [ [ 25.694275, 65.279688 ], [ 25.069427, 66.140521 ] ] } },
{ "type": "Feature", "properties": { "from_node": 386, "to_node": 403, "length_km": 113.47334317006201 }, "geometry": { "type": "LineString", "coordinates": [ [ 25.694275, 65.279688 ], [ 25.415497, 66.285642 ] ] } },
{ "type": "Feature", "properties": { "from_node": 386, "to_node": 404, "length_km": 132.94679211561794 }, "geometry": { "type": "LineString", "coordinates": [ [ 25.694275, 65.279688 ], [ 27.030487, 66.33089 ] ] } },
{ "type": "Feature", "properties": { "from_node": 387, "to_node": 388, "length_km": 22.942530873174015 }, "geometry": { "type": "LineString", "coordinates": [ [ 16.876373, 65.299207 ], [ 16.387482, 65.321005 ] ] } },
{ "type": "Feature", "properties": { "from_node": 387, "to_node": 389, "length_km": 20.498551179213223 }, "geometry": { "type": "LineString", "coordinates": [ [ 16.876373, 65.299207 ], [ 16.489105, 65.386291 ] ] } },
{ "type": "Feature", "properties": { "from_node": 387, "to_node": 408, "length_km": 210.71132516025176 }, "geometry": { "type": "LineString", "coordinates": [ [ 16.876373, 65.299207 ], [ 20.429077, 66.505049 ] ] } },
{ "type": "Feature", "properties": { "from_node": 387, "to_node": 413, "length_km": 202.84718677345407 }, "geometry": { "type": "LineString", "coordinates": [ [ 16.876373, 65.299207 ], [ 18.639679, 66.970387 ] ] } },
{ "type": "Feature", "properties": { "from_node": 388, "to_node": 389, "length_km": 8.6874922212287409 }, "geometry": { "type": "LineString", "coordinates": [ [ 16.387482, 65.321005 ], [ 16.489105, 65.386291 ] ] } },
{ "type": "Feature", "properties": { "from_node": 388, "to_node": 390, "length_km": 32.449325477198435 }, "geometry": { "type": "LineString", "coordinates": [ [ 16.387482, 65.321005 ], [ 15.812073, 65.485626 ] ] } },
{ "type": "Feature", "properties": { "from_node": 389, "to_node": 390, "length_km": 33.333600122869967 }, "geometry": { "type": "LineString", "coordinates": [ [ 16.489105, 65.386291 ], [ 15.812073, 65.485626 ] ] } },
{ "type": "Feature", "properties": { "from_node": 389, "to_node": 413, "length_km": 201.67517455955524 }, "geometry": { "type": "LineString", "coordinates": [ [ 16.489105, 65.386291 ], [ 18.639679, 66.970387 ] ] } },
{ "type": "Feature", "properties": { "from_node": 390, "to_node": 391, "length_km": 50.773320646529591 }, "geometry": { "type": "LineString", "coordinates": [ [ 15.812073, 65.485626 ], [ 14.765625, 65.62429 ] ] } },
{ "type": "Feature", "properties": { "from_node": 390, "to_node": 392, "length_km": 47.09042618857719 }, "geometry": { "type": "LineString", "coordinates": [ [ 15.812073, 65.485626 ], [ 14.965643971847902, 65.721629736713297 ] ] } },
{ "type": "Feature", "properties": { "from_node": 390, "to_node": 413, "length_km": 208.95118972357696 }, "geometry": { "type": "LineString", "coordinates": [ [ 15.812073, 65.485626 ], [ 18.639679, 66.970387 ] ] } },
{ "type": "Feature", "properties": { "from_node": 391, "to_node": 392, "length_km": 14.231603858840066 }, "geometry": { "type": "LineString", "coordinates": [ [ 14.765625, 65.62429 ], [ 14.965643971847902, 65.721629736713297 ] ] } },
{ "type": "Feature", "properties": { "from_node": 391, "to_node": 396, "length_km": 71.926072384772212 }, "geometry": { "type": "LineString", "coordinates": [ [ 14.765625, 65.62429 ], [ 13.289337, 65.841024 ] ] } },
{ "type": "Feature", "properties": { "from_node": 391, "to_node": 401, "length_km": 73.72347863684638 }, "geometry": { "type": "LineString", "coordinates": [ [ 14.765625, 65.62429 ], [ 13.763123, 66.142743 ] ] } },
{ "type": "Feature", "properties": { "from_node": 392, "to_node": 401, "length_km": 72.140362737681883 }, "geometry": { "type": "LineString", "coordinates": [ [ 14.965643971847902, 65.721629736713297 ], [ 13.763123, 66.142743 ] ] } },
{ "type": "Feature", "properties": { "from_node": 392, "to_node": 402, "length_km": 71.740677244030536 }, "geometry": { "type": "LineString", "coordinates": [ [ 14.965643971847902, 65.721629736713297 ], [ 14.191589, 66.282328 ] ] } },
{ "type": "Feature", "properties": { "from_node": 392, "to_node": 413, "length_km": 215.6716011612672 }, "geometry": { "type": "LineString", "coordinates": [ [ 14.965643971847902, 65.721629736713297 ], [ 18.639679, 66.970387 ] ] } },
{ "type": "Feature", "properties": { "from_node": 392, "to_node": 416, "length_km": 178.31080456631486 }, "geometry": { "type": "LineString", "coordinates": [ [ 14.965643971847902, 65.721629736713297 ], [ 15.757141, 67.288485 ] ] } },
{ "type": "Feature", "properties": { "from_node": 393, "to_node": 395, "length_km": 60.542546476268207 }, "geometry": { "type": "LineString", "coordinates": [ [ 24.411621, 65.781941 ], [ 23.100128, 65.837089 ] ] } },
{ "type": "Feature", "properties": { "from_node": 393, "to_node": 397, "length_km": 14.118860611577324 }, "geometry": { "type": "LineString", "coordinates": [ [ 24.411621, 65.781941 ], [ 24.612122, 65.877531 ] ] } },
{ "type": "Feature", "properties": { "from_node": 393, "to_node": 398, "length_km": 63.80648846558249 }, "geometry": { "type": "LineString", "coordinates": [ [ 24.411621, 65.781941 ], [ 23.072662, 65.938074 ] ] } },
{ "type": "Feature", "properties": { "from_node": 394, "to_node": 395, "length_km": 66.180482839951168 }, "geometry": { "type": "LineString", "coordinates": [ [ 21.656799, 65.826407 ], [ 23.100128, 65.837089 ] ] } },
{ "type": "Feature", "properties": { "from_node": 394, "to_node": 398, "length_km": 65.974761709228744 }, "geometry": { "type": "LineString", "coordinates": [ [ 21.656799, 65.826407 ], [ 23.072662, 65.938074 ] ] } },
{ "type": "Feature", "properties": { "from_node": 394, "to_node": 408, "length_km": 93.993751690937302 }, "geometry": { "type": "LineString", "coordinates": [ [ 21.656799, 65.826407 ], [ 20.429077, 66.505049 ] ] } },
{ "type": "Feature", "properties": { "from_node": 395, "to_node": 398, "length_km": 11.369587837046542 }, "geometry": { "type": "LineString", "coordinates": [ [ 23.100128, 65.837089 ], [ 23.072662, 65.938074 ] ] } },
{ "type": "Feature", "properties": { "from_node": 396, "to_node": 401, "length_km": 39.942125745716375 }, "geometry": { "type": "LineString", "coordinates": [ [ 13.289337, 65.841024 ], [ 13.763123, 66.142743 ] ] } },
{ "type": "Feature", "properties": { "from_node": 396, "to_node": 410, "length_km": 99.434648784511879 }, "geometry": { "type": "LineString", "coordinates": [ [ 13.289337, 65.841024 ], [ 13.807068, 66.707884 ] ] } },
{ "type": "Feature", "properties": { "from_node": 397, "to_node": 398, "length_km": 70.752641050199358 }, "geometry": { "type": "LineString", "coordinates": [ [ 24.612122, 65.877531 ], [ 23.072662, 65.938074 ] ] } },
{ "type": "Feature", "properties": { "from_node": 397, "to_node": 399, "length_km": 18.373429221683917 }, "geometry": { "type": "LineString", "coordinates": [ [ 24.612122, 65.877531 ], [ 24.892273, 65.995123 ] ] } },
{ "type": "Feature", "properties": { "from_node": 398, "to_node": 399, "length_km": 83.302875586106467 }, "geometry": { "type": "LineString", "coordinates": [ [ 23.072662, 65.938074 ], [ 24.892273, 65.995123 ] ] } },
{ "type": "Feature", "properties": { "from_node": 398, "to_node": 400, "length_km": 93.670075800361843 }, "geometry": { "type": "LineString", "coordinates": [ [ 23.072662, 65.938074 ], [ 25.069427, 66.140521 ] ] } },
{ "type": "Feature", "properties": { "from_node": 398, "to_node": 408, "length_km": 135.09362064054667 }, "geometry": { "type": "LineString", "coordinates": [ [ 23.072662, 65.938074 ], [ 20.429077, 66.505049 ] ] } },
{ "type": "Feature", "properties": { "from_node": 398, "to_node": 409, "length_km": 143.43525525482562 }, "geometry": { "type": "LineString", "coordinates": [ [ 23.072662, 65.938074 ], [ 20.452423, 66.669299 ] ] } },
{ "type": "Feature", "properties": { "from_node": 398, "to_node": 418, "length_km": 196.0597018905062 }, "geometry": { "type": "LineString", "coordinates": [ [ 23.072662, 65.938074 ], [ 25.085907, 67.498059 ] ] } },
{ "type": "Feature", "properties": { "from_node": 399, "to_node": 400, "length_km": 18.17319528818285 }, "geometry": { "type": "LineString", "coordinates": [ [ 24.892273, 65.995123 ], [ 25.069427, 66.140521 ] ] } },
{ "type": "Feature", "properties": { "from_node": 400, "to_node": 403, "length_km": 22.57184402240906 }, "geometry": { "type": "LineString", "coordinates": [ [ 25.069427, 66.140521 ], [ 25.415497, 66.285642 ] ] } },
{ "type": "Feature", "properties": { "from_node": 400, "to_node": 418, "length_km": 152.06399185929646 }, "geometry": { "type": "LineString", "coordinates": [ [ 25.069427, 66.140521 ], [ 25.085907, 67.498059 ] ] } },
{ "type": "Feature", "properties": { "from_node": 401, "to_node": 402, "length_km": 24.792952984817934 }, "geometry": { "type": "LineString", "coordinates": [ [ 13.763123, 66.142743 ], [ 14.191589, 66.282328 ] ] } },
{ "type": "Feature", "properties": { "from_node": 401, "to_node": 410, "length_km": 63.061261574488647 }, "geometry": { "type": "LineString", "coordinates": [ [ 13.763123, 66.142743 ], [ 13.807068, 66.707884 ] ] } },
{ "type": "Feature", "properties": { "from_node": 402, "to_node": 410, "length_km": 50.458316541719789 }, "geometry": { "type": "LineString", "coordinates": [ [ 14.191589, 66.282328 ], [ 13.807068, 66.707884 ] ] } },
{ "type": "Feature", "properties": { "from_node": 402, "to_node": 416, "length_km": 131.70000203909848 }, "geometry": { "type": "LineString", "coordinates": [ [ 14.191589, 66.282328 ], [ 15.757141, 67.288485 ] ] } },
{ "type": "Feature", "properties": { "from_node": 403, "to_node": 404, "length_km": 73.008111641940914 }, "geometry": { "type": "LineString", "coordinates": [ [ 25.415497, 66.285642 ], [ 27.030487, 66.33089 ] ] } },
{ "type": "Feature", "properties": { "from_node": 403, "to_node": 405, "length_km": 61.888246786865928 }, "geometry": { "type": "LineString", "coordinates": [ [ 25.415497, 66.285642 ], [ 26.769562, 66.378809 ] ] } },
{ "type": "Feature", "properties": { "from_node": 403, "to_node": 406, "length_km": 19.748404721078209 }, "geometry": { "type": "LineString", "coordinates": [ [ 25.415497, 66.285642 ], [ 25.717621, 66.413451 ] ] } },
{ "type": "Feature", "properties": { "from_node": 403, "to_node": 418, "length_km": 136.59173804604086 }, "geometry": { "type": "LineString", "coordinates": [ [ 25.415497, 66.285642 ], [ 25.085907, 67.498059 ] ] } },
{ "type": "Feature", "properties": { "from_node": 404, "to_node": 405, "length_km": 12.921932072769129 }, "geometry": { "type": "LineString", "coordinates": [ [ 27.030487, 66.33089 ], [ 26.769562, 66.378809 ] ] } },
{ "type": "Feature", "properties": { "from_node": 404, "to_node": 407, "length_km": 21.292477341486133 }, "geometry": { "type": "LineString", "coordinates": [ [ 27.030487, 66.33089 ], [ 27.398529, 66.450241 ] ] } },
{ "type": "Feature", "properties": { "from_node": 405, "to_node": 406, "length_km": 47.432871907650139 }, "geometry": { "type": "LineString", "coordinates": [ [ 26.769562, 66.378809 ], [ 25.717621, 66.413451 ] ] } },
{ "type": "Feature", "properties": { "from_node": 405, "to_node": 407, "length_km": 29.375796017209002 }, "geometry": { "type": "LineString", "coordinates": [ [ 26.769562, 66.378809 ], [ 27.398529, 66.450241 ] ] } },
{ "type": "Feature", "properties": { "from_node": 405, "to_node": 415, "length_km": 100.11780828453624 }, "geometry": { "type": "LineString", "coordinates": [ [ 26.769562, 66.378809 ], [ 27.387543, 67.23753 ] ] } },
{ "type": "Feature", "properties": { "from_node": 406, "to_node": 415, "length_km": 118.2191571129587 }, "geometry": { "type": "LineString", "coordinates": [ [ 25.717621, 66.413451 ], [ 27.387543, 67.23753 ] ] } },
{ "type": "Feature", "properties": { "from_node": 406, "to_node": 418, "length_km": 124.63504068679848 }, "geometry": { "type": "LineString", "coordinates": [ [ 25.717621, 66.413451 ], [ 25.085907, 67.498059 ] ] } },
{ "type": "Feature", "properties": { "from_node": 406, "to_node": 419, "length_km": 133.58448787772889 }, "geometry": { "type": "LineString", "coordinates": [ [ 25.717621, 66.413451 ], [ 26.098022, 67.596139 ] ] } },
{ "type": "Feature", "properties": { "from_node": 407, "to_node": 415, "length_km": 88.326429539416338 }, "geometry": { "type": "LineString", "coordinates": [ [ 27.398529, 66.450241 ], [ 27.387543, 67.23753 ] ] } },
{ "type": "Feature", "properties": { "from_node": 407, "to_node": 434, "length_km": 380.22655592611937 }, "geometry": { "type": "LineString", "coordinates": [ [ 27.398529, 66.450241 ], [ 30.120392, 69.682374 ] ] } },
{ "type": "Feature", "properties": { "from_node": 408, "to_node": 409, "length_km": 18.382501622526156 }, "geometry": { "type": "LineString", "coordinates": [ [ 20.429077, 66.505049 ], [ 20.452423, 66.669299 ] ] } },
{ "type": "Feature", "properties": { "from_node": 408, "to_node": 411, "length_km": 30.516465857156195 }, "geometry": { "type": "LineString", "coordinates": [ [ 20.429077, 66.505049 ], [ 20.037689, 66.729595 ] ] } },
{ "type": "Feature", "properties": { "from_node": 408, "to_node": 413, "length_km": 94.577966461250796 }, "geometry": { "type": "LineString", "coordinates": [ [ 20.429077, 66.505049 ], [ 18.639679, 66.970387 ] ] } },
{ "type": "Feature", "properties": { "from_node": 409, "to_node": 411, "length_km": 19.546186235373352 }, "geometry": { "type": "LineString", "coordinates": [ [ 20.452423, 66.669299 ], [ 20.037689, 66.729595 ] ] } },
{ "type": "Feature", "properties": { "from_node": 409, "to_node": 412, "length_km": 32.416125588154081 }, "geometry": { "type": "LineString", "coordinates": [ [ 20.452423, 66.669299 ], [ 19.864655, 66.843267 ] ] } },
{ "type": "Feature", "properties": { "from_node": 409, "to_node": 414, "length_km": 42.830931802476087 }, "geometry": { "type": "LineString", "coordinates": [ [ 20.452423, 66.669299 ], [ 19.866028, 66.975221 ] ] } },
{ "type": "Feature", "properties": { "from_node": 409, "to_node": 418, "length_km": 222.21040579443618 }, "geometry": { "type": "LineString", "coordinates": [ [ 20.452423, 66.669299 ], [ 25.085907, 67.498059 ] ] } },
{ "type": "Feature", "properties": { "from_node": 410, "to_node": 416, "length_km": 106.93043482817731 }, "geometry": { "type": "LineString", "coordinates": [ [ 13.807068, 66.707884 ], [ 15.757141, 67.288485 ] ] } },
{ "type": "Feature", "properties": { "from_node": 410, "to_node": 420, "length_km": 133.08612778153864 }, "geometry": { "type": "LineString", "coordinates": [ [ 13.807068, 66.707884 ], [ 15.850525, 67.598233 ] ] } },
{ "type": "Feature", "properties": { "from_node": 410, "to_node": 432, "length_km": 393.54792272628094 }, "geometry": { "type": "LineString", "coordinates": [ [ 13.807068, 66.707884 ], [ 19.158783, 69.620772 ] ] } },
{ "type": "Feature", "properties": { "from_node": 411, "to_node": 412, "length_km": 14.813500325550033 }, "geometry": { "type": "LineString", "coordinates": [ [ 20.037689, 66.729595 ], [ 19.864655, 66.843267 ] ] } },
{ "type": "Feature", "properties": { "from_node": 411, "to_node": 413, "length_km": 67.075718783643765 }, "geometry": { "type": "LineString", "coordinates": [ [ 20.037689, 66.729595 ], [ 18.639679, 66.970387 ] ] } },
{ "type": "Feature", "properties": { "from_node": 412, "to_node": 413, "length_km": 55.56085471013288 }, "geometry": { "type": "LineString", "coordinates": [ [ 19.864655, 66.843267 ], [ 18.639679, 66.970387 ] ] } },
{ "type": "Feature", "properties": { "from_node": 412, "to_node": 414, "length_km": 14.740948353838123 }, "geometry": { "type": "LineString", "coordinates": [ [ 19.864655, 66.843267 ], [ 19.866028, 66.975221 ] ] } },
{ "type": "Feature", "properties": { "from_node": 413, "to_node": 414, "length_km": 53.633823066542114 }, "geometry": { "type": "LineString", "coordinates": [ [ 18.639679, 66.970387 ], [ 19.866028, 66.975221 ] ] } },
{ "type": "Feature", "properties": { "from_node": 413, "to_node": 416, "length_km": 130.09453142339507 }, "geometry": { "type": "LineString", "coordinates": [ [ 18.639679, 66.970387 ], [ 15.757141, 67.288485 ] ] } },
{ "type": "Feature", "properties": { "from_node": 413, "to_node": 417, "length_km": 59.517149480128694 }, "geometry": { "type": "LineString", "coordinates": [ [ 18.639679, 66.970387 ], [ 18.366394, 67.492803 ] ] } },
{ "type": "Feature", "properties": { "from_node": 413, "to_node": 422, "length_km": 76.699888824271184 }, "geometry": { "type": "LineString", "coordinates": [ [ 18.639679, 66.970387 ], [ 17.992859, 67.610267 ] ] } },
{ "type": "Feature", "properties": { "from_node": 414, "to_node": 417, "length_km": 86.887348442925486 }, "geometry": { "type": "LineString", "coordinates": [ [ 19.866028, 66.975221 ], [ 18.366394, 67.492803 ] ] } },
{ "type": "Feature", "properties": { "from_node": 414, "to_node": 418, "length_km": 233.48016267107667 }, "geometry": { "type": "LineString", "coordinates": [ [ 19.866028, 66.975221 ], [ 25.085907, 67.498059 ] ] } },
{ "type": "Feature", "properties": { "from_node": 414, "to_node": 428, "length_km": 254.35720519256364 }, "geometry": { "type": "LineString", "coordinates": [ [ 19.866028, 66.975221 ], [ 20.376892, 69.243986 ] ] } },
{ "type": "Feature", "properties": { "from_node": 415, "to_node": 419, "length_km": 68.592667115032114 }, "geometry": { "type": "LineString", "coordinates": [ [ 27.387543, 67.23753 ], [ 26.098022, 67.596139 ] ] } },
{ "type": "Feature", "properties": { "from_node": 415, "to_node": 421, "length_km": 47.665931070721555 }, "geometry": { "type": "LineString", "coordinates": [ [ 27.387543, 67.23753 ], [ 26.820374, 67.602419 ] ] } },
{ "type": "Feature", "properties": { "from_node": 415, "to_node": 425, "length_km": 158.37954412891662 }, "geometry": { "type": "LineString", "coordinates": [ [ 27.387543, 67.23753 ], [ 27.674561, 68.645556 ] ] } },
{ "type": "Feature", "properties": { "from_node": 415, "to_node": 430, "length_km": 262.90341821520258 }, "geometry": { "type": "LineString", "coordinates": [ [ 27.387543, 67.23753 ], [ 29.549103, 69.440681 ] ] } },
{ "type": "Feature", "properties": { "from_node": 415, "to_node": 434, "length_km": 296.53382339352646 }, "geometry": { "type": "LineString", "coordinates": [ [ 27.387543, 67.23753 ], [ 30.120392, 69.682374 ] ] } },
{ "type": "Feature", "properties": { "from_node": 416, "to_node": 420, "length_km": 34.792244347523223 }, "geometry": { "type": "LineString", "coordinates": [ [ 15.757141, 67.288485 ], [ 15.850525, 67.598233 ] ] } },
{ "type": "Feature", "properties": { "from_node": 416, "to_node": 422, "length_km": 102.2903823812574 }, "geometry": { "type": "LineString", "coordinates": [ [ 15.757141, 67.288485 ], [ 17.992859, 67.610267 ] ] } },
{ "type": "Feature", "properties": { "from_node": 417, "to_node": 422, "length_km": 20.641838416888007 }, "geometry": { "type": "LineString", "coordinates": [ [ 18.366394, 67.492803 ], [ 17.992859, 67.610267 ] ] } },
{ "type": "Feature", "properties": { "from_node": 417, "to_node": 424, "length_km": 119.008491535811 }, "geometry": { "type": "LineString", "coordinates": [ [ 18.366394, 67.492803 ], [ 17.579498, 68.517173 ] ] } },
{ "type": "Feature", "properties": { "from_node": 417, "to_node": 426, "length_km": 173.78394262164011 }, "geometry": { "type": "LineString", "coordinates": [ [ 18.366394, 67.492803 ], [ 18.864899, 69.038124 ] ] } },
{ "type": "Feature", "properties": { "from_node": 417, "to_node": 428, "length_km": 212.38795445382212 }, "geometry": { "type": "LineString", "coordinates": [ [ 18.366394, 67.492803 ], [ 20.376892, 69.243986 ] ] } },
{ "type": "Feature", "properties": { "from_node": 418, "to_node": 419, "length_km": 44.717950583846921 }, "geometry": { "type": "LineString", "coordinates": [ [ 25.085907, 67.498059 ], [ 26.098022, 67.596139 ] ] } },
{ "type": "Feature", "properties": { "from_node": 418, "to_node": 425, "length_km": 168.18452608992703 }, "geometry": { "type": "LineString", "coordinates": [ [ 25.085907, 67.498059 ], [ 27.674561, 68.645556 ] ] } },
{ "type": "Feature", "properties": { "from_node": 418, "to_node": 428, "length_km": 275.35028545187981 }, "geometry": { "type": "LineString", "coordinates": [ [ 25.085907, 67.498059 ], [ 20.376892, 69.243986 ] ] } },
{ "type": "Feature", "properties": { "from_node": 418, "to_node": 429, "length_km": 272.66588818905268 }, "geometry": { "type": "LineString", "coordinates": [ [ 25.085907, 67.498059 ], [ 21.041565, 69.431516 ] ] } },
{ "type": "Feature", "properties": { "from_node": 418, "to_node": 433, "length_km": 248.46784024250331 }, "geometry": { "type": "LineString", "coordinates": [ [ 25.085907, 67.498059 ], [ 23.990021, 69.68142 ] ] } },
{ "type": "Feature", "properties": { "from_node": 419, "to_node": 421, "length_km": 30.893367210048652 }, "geometry": { "type": "LineString", "coordinates": [ [ 26.098022, 67.596139 ], [ 26.820374, 67.602419 ] ] } },
{ "type": "Feature", "properties": { "from_node": 419, "to_node": 425, "length_km": 134.84050895547492 }, "geometry": { "type": "LineString", "coordinates": [ [ 26.098022, 67.596139 ], [ 27.674561, 68.645556 ] ] } },
{ "type": "Feature", "properties": { "from_node": 420, "to_node": 422, "length_km": 91.193848547400151 }, "geometry": { "type": "LineString", "coordinates": [ [ 15.850525, 67.598233 ], [ 17.992859, 67.610267 ] ] } },
{ "type": "Feature", "properties": { "from_node": 420, "to_node": 423, "length_km": 87.012572216982363 }, "geometry": { "type": "LineString", "coordinates": [ [ 15.850525, 67.598233 ], [ 17.288361, 68.158786 ] ] } },
{ "type": "Feature", "properties": { "from_node": 420, "to_node": 424, "length_km": 125.39923768859472 }, "geometry": { "type": "LineString", "coordinates": [ [ 15.850525, 67.598233 ], [ 17.579498, 68.517173 ] ] } },
{ "type": "Feature", "properties": { "from_node": 420, "to_node": 432, "length_km": 262.88167413541373 }, "geometry": { "type": "LineString", "coordinates": [ [ 15.850525, 67.598233 ], [ 19.158783, 69.620772 ] ] } },
{ "type": "Feature", "properties": { "from_node": 421, "to_node": 425, "length_km": 122.29305164502748 }, "geometry": { "type": "LineString", "coordinates": [ [ 26.820374, 67.602419 ], [ 27.674561, 68.645556 ] ] } },
{ "type": "Feature", "properties": { "from_node": 422, "to_node": 423, "length_km": 68.025729632768929 }, "geometry": { "type": "LineString", "coordinates": [ [ 17.992859, 67.610267 ], [ 17.288361, 68.158786 ] ] } },
{ "type": "Feature", "properties": { "from_node": 422, "to_node": 424, "length_km": 102.70339409663185 }, "geometry": { "type": "LineString", "coordinates": [ [ 17.992859, 67.610267 ], [ 17.579498, 68.517173 ] ] } },
{ "type": "Feature", "properties": { "from_node": 423, "to_node": 424, "length_km": 41.768901647219451 }, "geometry": { "type": "LineString", "coordinates": [ [ 17.288361, 68.158786 ], [ 17.579498, 68.517173 ] ] } },
{ "type": "Feature", "properties": { "from_node": 424, "to_node": 426, "length_km": 78.016443933672534 }, "geometry": { "type": "LineString", "coordinates": [ [ 17.579498, 68.517173 ], [ 18.864899, 69.038124 ] ] } },
{ "type": "Feature", "properties": { "from_node": 424, "to_node": 432, "length_km": 138.40926685842427 }, "geometry": { "type": "LineString", "coordinates": [ [ 17.579498, 68.517173 ], [ 19.158783, 69.620772 ] ] } },
{ "type": "Feature", "properties": { "from_node": 425, "to_node": 430, "length_km": 116.71293052717654 }, "geometry": { "type": "LineString", "coordinates": [ [ 27.674561, 68.645556 ], [ 29.549103, 69.440681 ] ] } },
{ "type": "Feature", "properties": { "from_node": 425, "to_node": 433, "length_km": 187.1541436168369 }, "geometry": { "type": "LineString", "coordinates": [ [ 27.674561, 68.645556 ], [ 23.990021, 69.68142 ] ] } },
{ "type": "Feature", "properties": { "from_node": 425, "to_node": 436, "length_km": 132.54894218986101 }, "geometry": { "type": "LineString", "coordinates": [ [ 27.674561, 68.645556 ], [ 27.239227, 69.817839 ] ] } },
{ "type": "Feature", "properties": { "from_node": 426, "to_node": 427, "length_km": 22.290869683350838 }, "geometry": { "type": "LineString", "coordinates": [ [ 18.864899, 69.038124 ], [ 19.24942, 69.183065 ] ] } },
{ "type": "Feature", "properties": { "from_node": 426, "to_node": 428, "length_km": 64.428703147225534 }, "geometry": { "type": "LineString", "coordinates": [ [ 18.864899, 69.038124 ], [ 20.376892, 69.243986 ] ] } },
{ "type": "Feature", "properties": { "from_node": 426, "to_node": 432, "length_km": 66.094568360979295 }, "geometry": { "type": "LineString", "coordinates": [ [ 18.864899, 69.038124 ], [ 19.158783, 69.620772 ] ] } },
{ "type": "Feature", "properties": { "from_node": 427, "to_node": 428, "length_km": 45.248601028669455 }, "geometry": { "type": "LineString", "coordinates": [ [ 19.24942, 69.183065 ], [ 20.376892, 69.243986 ] ] } },
{ "type": "Feature", "properties": { "from_node": 427, "to_node": 431, "length_km": 47.590793849544212 }, "geometry": { "type": "LineString", "coordinates": [ [ 19.24942, 69.183065 ], [ 19.820709, 69.558512 ] ] } },
{ "type": "Feature", "properties": { "from_node": 427, "to_node": 432, "length_km": 49.015382441431974 }, "geometry": { "type": "LineString", "coordinates": [ [ 19.24942, 69.183065 ], [ 19.158783, 69.620772 ] ] } },
{ "type": "Feature", "properties": { "from_node": 428, "to_node": 429, "length_km": 33.571392311526346 }, "geometry": { "type": "LineString", "coordinates": [ [ 20.376892, 69.243986 ], [ 21.041565, 69.431516 ] ] } },
{ "type": "Feature", "properties": { "from_node": 428, "to_node": 431, "length_km": 41.392247064990798 }, "geometry": { "type": "LineString", "coordinates": [ [ 20.376892, 69.243986 ], [ 19.820709, 69.558512 ] ] } },
{ "type": "Feature", "properties": { "from_node": 429, "to_node": 431, "length_km": 49.880479644071087 }, "geometry": { "type": "LineString", "coordinates": [ [ 21.041565, 69.431516 ], [ 19.820709, 69.558512 ] ] } },
{ "type": "Feature", "properties": { "from_node": 429, "to_node": 433, "length_km": 118.57468262811982 }, "geometry": { "type": "LineString", "coordinates": [ [ 21.041565, 69.431516 ], [ 23.990021, 69.68142 ] ] } },
{ "type": "Feature", "properties": { "from_node": 429, "to_node": 435, "length_km": 53.175036577215309 }, "geometry": { "type": "LineString", "coordinates": [ [ 21.041565, 69.431516 ], [ 22.138824, 69.713346 ] ] } },
{ "type": "Feature", "properties": { "from_node": 430, "to_node": 434, "length_km": 35.189753526954817 }, "geometry": { "type": "LineString", "coordinates": [ [ 29.549103, 69.440681 ], [ 30.120392, 69.682374 ] ] } },
{ "type": "Feature", "properties": { "from_node": 430, "to_node": 436, "length_km": 99.658917888764449 }, "geometry": { "type": "LineString", "coordinates": [ [ 29.549103, 69.440681 ], [ 27.239227, 69.817839 ] ] } },
{ "type": "Feature", "properties": { "from_node": 430, "to_node": 440, "length_km": 89.456387459036051 }, "geometry": { "type": "LineString", "coordinates": [ [ 29.549103, 69.440681 ], [ 28.572693, 70.163212 ] ] } },
{ "type": "Feature", "properties": { "from_node": 431, "to_node": 432, "length_km": 26.725472484211217 }, "geometry": { "type": "LineString", "coordinates": [ [ 19.820709, 69.558512 ], [ 19.158783, 69.620772 ] ] } },
{ "type": "Feature", "properties": { "from_node": 431, "to_node": 435, "length_km": 91.856979825334591 }, "geometry": { "type": "LineString", "coordinates": [ [ 19.820709, 69.558512 ], [ 22.138824, 69.713346 ] ] } },
{ "type": "Feature", "properties": { "from_node": 432, "to_node": 435, "length_km": 116.24672849594903 }, "geometry": { "type": "LineString", "coordinates": [ [ 19.158783, 69.620772 ], [ 22.138824, 69.713346 ] ] } },
{ "type": "Feature", "properties": { "from_node": 432, "to_node": 442, "length_km": 224.58252938487993 }, "geometry": { "type": "LineString", "coordinates": [ [ 19.158783, 69.620772 ], [ 24.613495, 70.363091 ] ] } },
{ "type": "Feature", "properties": { "from_node": 433, "to_node": 435, "length_km": 71.981515217677568 }, "geometry": { "type": "LineString", "coordinates": [ [ 23.990021, 69.68142 ], [ 22.138824, 69.713346 ] ] } },
{ "type": "Feature", "properties": { "from_node": 433, "to_node": 436, "length_km": 126.93426351378088 }, "geometry": { "type": "LineString", "coordinates": [ [ 23.990021, 69.68142 ], [ 27.239227, 69.817839 ] ] } },
{ "type": "Feature", "properties": { "from_node": 433, "to_node": 438, "length_km": 36.142958064333634 }, "geometry": { "type": "LineString", "coordinates": [ [ 23.990021, 69.68142 ], [ 23.410492, 69.935012 ] ] } },
{ "type": "Feature", "properties": { "from_node": 433, "to_node": 439, "length_km": 54.793605964741943 }, "geometry": { "type": "LineString", "coordinates": [ [ 23.990021, 69.68142 ], [ 25.157318, 69.959498 ] ] } },
{ "type": "Feature", "properties": { "from_node": 434, "to_node": 440, "length_km": 80.430628990490661 }, "geometry": { "type": "LineString", "coordinates": [ [ 30.120392, 69.682374 ], [ 28.572693, 70.163212 ] ] } },
{ "type": "Feature", "properties": { "from_node": 435, "to_node": 438, "length_km": 54.98767242897425 }, "geometry": { "type": "LineString", "coordinates": [ [ 22.138824, 69.713346 ], [ 23.410492, 69.935012 ] ] } },
{ "type": "Feature", "properties": { "from_node": 435, "to_node": 442, "length_km": 119.25149610044164 }, "geometry": { "type": "LineString", "coordinates": [ [ 22.138824, 69.713346 ], [ 24.613495, 70.363091 ] ] } },
{ "type": "Feature", "properties": { "from_node": 436, "to_node": 437, "length_km": 8.2047420191219231 }, "geometry": { "type": "LineString", "coordinates": [ [ 27.239227, 69.817839 ], [ 27.071686, 69.862801 ] ] } },
{ "type": "Feature", "properties": { "from_node": 436, "to_node": 439, "length_km": 81.789306248245452 }, "geometry": { "type": "LineString", "coordinates": [ [ 27.239227, 69.817839 ], [ 25.157318, 69.959498 ] ] } },
{ "type": "Feature", "properties": { "from_node": 436, "to_node": 440, "length_km": 64.179225161889391 }, "geometry": { "type": "LineString", "coordinates": [ [ 27.239227, 69.817839 ], [ 28.572693, 70.163212 ] ] } },
{ "type": "Feature", "properties": { "from_node": 437, "to_node": 439, "length_km": 74.488041558819432 }, "geometry": { "type": "LineString", "coordinates": [ [ 27.071686, 69.862801 ], [ 25.157318, 69.959498 ] ] } },
{ "type": "Feature", "properties": { "from_node": 437, "to_node": 440, "length_km": 66.679953031346159 }, "geometry": { "type": "LineString", "coordinates": [ [ 27.071686, 69.862801 ], [ 28.572693, 70.163212 ] ] } },
{ "type": "Feature", "properties": { "from_node": 437, "to_node": 441, "length_km": 51.576637124187918 }, "geometry": { "type": "LineString", "coordinates": [ [ 27.071686, 69.862801 ], [ 26.545715, 70.286801 ] ] } },
{ "type": "Feature", "properties": { "from_node": 438, "to_node": 439, "length_km": 67.127353852122695 }, "geometry": { "type": "LineString", "coordinates": [ [ 23.410492, 69.935012 ], [ 25.157318, 69.959498 ] ] } },
{ "type": "Feature", "properties": { "from_node": 438, "to_node": 442, "length_km": 66.222024580422257 }, "geometry": { "type": "LineString", "coordinates": [ [ 23.410492, 69.935012 ], [ 24.613495, 70.363091 ] ] } },
{ "type": "Feature", "properties": { "from_node": 439, "to_node": 441, "length_km": 64.351635391996481 }, "geometry": { "type": "LineString", "coordinates": [ [ 25.157318, 69.959498 ], [ 26.545715, 70.286801 ] ] } },
{ "type": "Feature", "properties": { "from_node": 439, "to_node": 442, "length_km": 49.675638922185897 }, "geometry": { "type": "LineString", "coordinates": [ [ 25.157318, 69.959498 ], [ 24.613495, 70.363091 ] ] } },
{ "type": "Feature", "properties": { "from_node": 440, "to_node": 441, "length_km": 78.148264712200287 }, "geometry": { "type": "LineString", "coordinates": [ [ 28.572693, 70.163212 ], [ 26.545715, 70.286801 ] ] } },
{ "type": "Feature", "properties": { "from_node": 441, "to_node": 442, "length_km": 73.382881049533623 }, "geometry": { "type": "LineString", "coordinates": [ [ 26.545715, 70.286801 ], [ 24.613495, 70.363091 ] ] } }
]
}
