{
"type": "FeatureCollection",
"name": "n490_220kv_delaunay2",
"crs": { "type": "name", "properties": { "name": "urn:ogc:def:crs:OGC:1.3:CRS84" } },
"features": [
{ "type": "Feature", "properties": { "voltage_kv": 220.0, "from_node": 2, "to_node": 5, "length_km": 139.61150324076866, "delaunay_k": 2, "edge_set": "Delaunay2" }, "geometry": { "type": "LineString", "coordinates": [ [ 12.590332, 62.571841 ], [ 13.493958, 63.755779 ] ] } },
{ "type": "Feature", "properties": { "voltage_kv": 220.0, "from_node": 2, "to_node": 7, "length_km": 98.217338877993171, "delaunay_k": 2, "edge_set": "Delaunay2" }, "geometry": { "type": "LineString", "coordinates": [ [ 12.590332, 62.571841 ], [ 13.639526, 63.312066 ] ] } },
{ "type": "Feature", "properties": { "voltage_kv": 220.0, "from_node": 2, "to_node": 8, "length_km": 122.24550384699063, "delaunay_k": 2, "edge_set": "Delaunay2" }, "geometry": { "type": "LineString", "coordinates": [ [ 12.590332, 62.571841 ], [ 13.657379, 63.555892 ] ] } },
{ "type": "Feature", "properties": { "voltage_kv": 220.0, "from_node": 2, "to_node": 10, "length_km": 163.9114914393175, "delaunay_k": 2, "edge_set": "Delaunay2" }, "geometry": { "type": "LineString", "coordinates": [ [ 12.590332, 62.571841 ], [ 13.769989, 63.942802 ] ] } },
{ "type": "Feature", "properties": { "voltage_kv": 220.0, "from_node": 2, "to_node": 11, "length_km": 239.82364040228052, "delaunay_k": 2, "edge_set": "Delaunay2" }, "geometry": { "type": "LineString", "coordinates": [ [ 12.590332, 62.571841 ], [ 13.807068, 64.653876 ] ] } },
{ "type": "Feature", "properties": { "voltage_kv": 220.0, "from_node": 2, "to_node": 18, "length_km": 98.941597656782605, "delaunay_k": 2, "edge_set": "Delaunay2" }, "geometry": { "type": "LineString", "coordinates": [ [ 12.590332, 62.571841 ], [ 14.16687, 62.071739 ] ] } },
{ "type": "Feature", "properties": { "voltage_kv": 220.0, "from_node": 2, "to_node": 22, "length_km": 99.290410197110418, "delaunay_k": 2, "edge_set": "Delaunay2" }, "geometry": { "type": "LineString", "coordinates": [ [ 12.590332, 62.571841 ], [ 14.515686, 62.516121 ] ] } },
{ "type": "Feature", "properties": { "voltage_kv": 220.0, "from_node": 2, "to_node": 23, "length_km": 133.06680395516167, "delaunay_k": 2, "edge_set": "Delaunay2" }, "geometry": { "type": "LineString", "coordinates": [ [ 12.590332, 62.571841 ], [ 14.736786, 63.255266 ] ] } },
{ "type": "Feature", "properties": { "voltage_kv": 220.0, "from_node": 3, "to_node": 6, "length_km": 63.570670589015926, "delaunay_k": 2, "edge_set": "Delaunay2" }, "geometry": { "type": "LineString", "coordinates": [ [ 13.065491, 63.752742 ], [ 13.587341, 63.23239 ] ] } },
{ "type": "Feature", "properties": { "voltage_kv": 220.0, "from_node": 3, "to_node": 7, "length_km": 56.826895360438662, "delaunay_k": 2, "edge_set": "Delaunay2" }, "geometry": { "type": "LineString", "coordinates": [ [ 13.065491, 63.752742 ], [ 13.639526, 63.312066 ] ] } },
{ "type": "Feature", "properties": { "voltage_kv": 220.0, "from_node": 3, "to_node": 12, "length_km": 37.10341897902056, "delaunay_k": 2, "edge_set": "Delaunay2" }, "geometry": { "type": "LineString", "coordinates": [ [ 13.065491, 63.752742 ], [ 13.811188, 63.713238 ] ] } },
{ "type": "Feature", "properties": { "voltage_kv": 220.0, "from_node": 3, "to_node": 13, "length_km": 120.92747597957218, "delaunay_k": 2, "edge_set": "Delaunay2" }, "geometry": { "type": "LineString", "coordinates": [ [ 13.065491, 63.752742 ], [ 13.903198, 62.735859 ] ] } },
{ "type": "Feature", "properties": { "voltage_kv": 220.0, "from_node": 3, "to_node": 14, "length_km": 185.40483301465875, "delaunay_k": 2, "edge_set": "Delaunay2" }, "geometry": { "type": "LineString", "coordinates": [ [ 13.065491, 63.752742 ], [ 13.973236, 62.141768 ] ] } },
{ "type": "Feature", "properties": { "voltage_kv": 220.0, "from_node": 3, "to_node": 15, "length_km": 103.40593860714731, "delaunay_k": 2, "edge_set": "Delaunay2" }, "geometry": { "type": "LineString", "coordinates": [ [ 13.065491, 63.752742 ], [ 14.06662, 64.570857 ] ] } },
{ "type": "Feature", "properties": { "voltage_kv": 220.0, "from_node": 3, "to_node": 17, "length_km": 119.53256217814975, "delaunay_k": 2, "edge_set": "Delaunay2" }, "geometry": { "type": "LineString", "coordinates": [ [ 13.065491, 63.752742 ], [ 14.146271, 64.71612 ] ] } },
{ "type": "Feature", "properties": { "voltage_kv": 220.0, "from_node": 3, "to_node": 19, "length_km": 98.202024535515932, "delaunay_k": 2, "edge_set": "Delaunay2" }, "geometry": { "type": "LineString", "coordinates": [ [ 13.065491, 63.752742 ], [ 14.180603, 64.486402 ] ] } },
{ "type": "Feature", "properties": { "voltage_kv": 220.0, "from_node": 3, "to_node": 24, "length_km": 223.89955419587832, "delaunay_k": 2, "edge_set": "Delaunay2" }, "geometry": { "type": "LineString", "coordinates": [ [ 13.065491, 63.752742 ], [ 14.765625, 65.62429 ] ] } },
{ "type": "Feature", "properties": { "voltage_kv": 220.0, "from_node": 3, "to_node": 25, "length_km": 96.831632152922992, "delaunay_k": 2, "edge_set": "Delaunay2" }, "geometry": { "type": "LineString", "coordinates": [ [ 13.065491, 63.752742 ], [ 14.788971, 63.348433 ] ] } },
{ "type": "Feature", "properties": { "voltage_kv": 220.0, "from_node": 3, "to_node": 26, "length_km": 107.35598797951816, "delaunay_k": 2, "edge_set": "Delaunay2" }, "geometry": { "type": "LineString", "coordinates": [ [ 13.065491, 63.752742 ], [ 14.859009, 64.308372 ] ] } },
{ "type": "Feature", "properties": { "voltage_kv": 220.0, "from_node": 3, "to_node": 28, "length_km": 237.46462824358616, "delaunay_k": 2, "edge_set": "Delaunay2" }, "geometry": { "type": "LineString", "coordinates": [ [ 13.065491, 63.752742 ], [ 14.965643971847902, 65.721629736713297 ] ] } },
{ "type": "Feature", "properties": { "voltage_kv": 220.0, "from_node": 3, "to_node": 37, "length_km": 128.5982773937121, "delaunay_k": 2, "edge_set": "Delaunay2" }, "geometry": { "type": "LineString", "coordinates": [ [ 13.065491, 63.752742 ], [ 15.619812, 64.001858 ] ] } },
{ "type": "Feature", "properties": { "voltage_kv": 220.0, "from_node": 4, "to_node": 5, "length_km": 43.184645831484247, "delaunay_k": 2, "edge_set": "Delaunay2" }, "geometry": { "type": "LineString", "coordinates": [ [ 13.458252, 63.368755 ], [ 13.493958, 63.755779 ] ] } },
{ "type": "Feature", "properties": { "voltage_kv": 220.0, "from_node": 4, "to_node": 10, "length_km": 65.837541940321032, "delaunay_k": 2, "edge_set": "Delaunay2" }, "geometry": { "type": "LineString", "coordinates": [ [ 13.458252, 63.368755 ], [ 13.769989, 63.942802 ] ] } },
{ "type": "Feature", "properties": { "voltage_kv": 220.0, "from_node": 4, "to_node": 11, "length_km": 144.29749613729336, "delaunay_k": 2, "edge_set": "Delaunay2" }, "geometry": { "type": "LineString", "coordinates": [ [ 13.458252, 63.368755 ], [ 13.807068, 64.653876 ] ] } },
{ "type": "Feature", "properties": { "voltage_kv": 220.0, "from_node": 4, "to_node": 12, "length_km": 42.228100683942422, "delaunay_k": 2, "edge_set": "Delaunay2" }, "geometry": { "type": "LineString", "coordinates": [ [ 13.458252, 63.368755 ], [ 13.811188, 63.713238 ] ] } },
{ "type": "Feature", "properties": { "voltage_kv": 220.0, "from_node": 4, "to_node": 13, "length_km": 74.060507069190621, "delaunay_k": 2, "edge_set": "Delaunay2" }, "geometry": { "type": "LineString", "coordinates": [ [ 13.458252, 63.368755 ], [ 13.903198, 62.735859 ] ] } },
{ "type": "Feature", "properties": { "voltage_kv": 220.0, "from_node": 4, "to_node": 14, "length_km": 139.29149756437582, "delaunay_k": 2, "edge_set": "Delaunay2" }, "geometry": { "type": "LineString", "coordinates": [ [ 13.458252, 63.368755 ], [ 13.973236, 62.141768 ] ] } },
{ "type": "Feature", "properties": { "voltage_kv": 220.0, "from_node": 4, "to_node": 23, "length_km": 65.346113847059428, "delaunay_k": 2, "edge_set": "Delaunay2" }, "geometry": { "type": "LineString", "coordinates": [ [ 13.458252, 63.368755 ], [ 14.736786, 63.255266 ] ] } },
{ "type": "Feature", "properties": { "voltage_kv": 220.0, "from_node": 4, "to_node": 25, "length_km": 66.657053945553201, "delaunay_k": 2, "edge_set": "Delaunay2" }, "geometry": { "type": "LineString", "coordinates": [ [ 13.458252, 63.368755 ], [ 14.788971, 63.348433 ] ] } },
{ "type": "Feature", "properties": { "voltage_kv": 220.0, "from_node": 5, "to_node": 7, "length_km": 49.996003499021832, "delaunay_k": 2, "edge_set": "Delaunay2" }, "geometry": { "type": "LineString", "coordinates": [ [ 13.493958, 63.755779 ], [ 13.639526, 63.312066 ] ] } },
{ "type": "Feature", "properties": { "voltage_kv": 220.0, "from_node": 5, "to_node": 9, "length_km": 266.4706993559937, "delaunay_k": 2, "edge_set": "Delaunay2" }, "geometry": { "type": "LineString", "coordinates": [ [ 13.493958, 63.755779 ], [ 13.763123, 66.142743 ] ] } },
{ "type": "Feature", "properties": { "voltage_kv": 220.0, "from_node": 5, "to_node": 11, "length_km": 101.2851760078902, "delaunay_k": 2, "edge_set": "Delaunay2" }, "geometry": { "type": "LineString", "coordinates": [ [ 13.493958, 63.755779 ], [ 13.807068, 64.653876 ] ] } },
{ "type": "Feature", "properties": { "voltage_kv": 220.0, "from_node": 5, "to_node": 19, "length_km": 88.067400425807904, "delaunay_k": 2, "edge_set": "Delaunay2" }, "geometry": { "type": "LineString", "coordinates": [ [ 13.493958, 63.755779 ], [ 14.180603, 64.486402 ] ] } },
{ "type": "Feature", "properties": { "voltage_kv": 220.0, "from_node": 5, "to_node": 25, "length_km": 78.799197907817558, "delaunay_k": 2, "edge_set": "Delaunay2" }, "geometry": { "type": "LineString", "coordinates": [ [ 13.493958, 63.755779 ], [ 14.788971, 63.348433 ] ] } },
{ "type": "Feature", "properties": { "voltage_kv": 220.0, "from_node": 5, "to_node": 26, "length_km": 90.826900569031423, "delaunay_k": 2, "edge_set": "Delaunay2" }, "geometry": { "type": "LineString", "coordinates": [ [ 13.493958, 63.755779 ], [ 14.859009, 64.308372 ] ] } },
{ "type": "Feature", "properties": { "voltage_kv": 220.0, "from_node": 5, "to_node": 37, "length_km": 108.04313923598409, "delaunay_k": 2, "edge_set": "Delaunay2" }, "geometry": { "type": "LineString", "coordinates": [ [ 13.493958, 63.755779 ], [ 15.619812, 64.001858 ] ] } },
{ "type": "Feature", "properties": { "voltage_kv": 220.0, "from_node": 6, "to_node": 8, "length_km": 36.235801177244575, "delaunay_k": 2, "edge_set": "Delaunay2" }, "geometry": { "type": "LineString", "coordinates": [ [ 13.587341, 63.23239 ], [ 13.657379, 63.555892 ] ] } },
{ "type": "Feature", "properties": { "voltage_kv": 220.0, "from_node": 6, "to_node": 14, "length_km": 123.17770171818755, "delaunay_k": 2, "edge_set": "Delaunay2" }, "geometry": { "type": "LineString", "coordinates": [ [ 13.587341, 63.23239 ], [ 13.973236, 62.141768 ] ] } },
{ "type": "Feature", "properties": { "voltage_kv": 220.0, "from_node": 6, "to_node": 22, "length_km": 92.787507937089742, "delaunay_k": 2, "edge_set": "Delaunay2" }, "geometry": { "type": "LineString", "coordinates": [ [ 13.587341, 63.23239 ], [ 14.515686, 62.516121 ] ] } },
{ "type": "Feature", "properties": { "voltage_kv": 220.0, "from_node": 6, "to_node": 25, "length_km": 61.671743244223237, "delaunay_k": 2, "edge_set": "Delaunay2" }, "geometry": { "type": "LineString", "coordinates": [ [ 13.587341, 63.23239 ], [ 14.788971, 63.348433 ] ] } },
{ "type": "Feature", "properties": { "voltage_kv": 220.0, "from_node": 6, "to_node": 31, "length_km": 81.409441081005028, "delaunay_k": 2, "edge_set": "Delaunay2" }, "geometry": { "type": "LineString", "coordinates": [ [ 13.587341, 63.23239 ], [ 15.206451, 63.237956 ] ] } },
{ "type": "Feature", "properties": { "voltage_kv": 220.0, "from_node": 6, "to_node": 34, "length_km": 96.448603769023265, "delaunay_k": 2, "edge_set": "Delaunay2" }, "geometry": { "type": "LineString", "coordinates": [ [ 13.587341, 63.23239 ], [ 15.490723, 63.137606 ] ] } },
{ "type": "Feature", "properties": { "voltage_kv": 220.0, "from_node": 7, "to_node": 12, "length_km": 45.536069953101126, "delaunay_k": 2, "edge_set": "Delaunay2" }, "geometry": { "type": "LineString", "coordinates": [ [ 13.639526, 63.312066 ], [ 13.811188, 63.713238 ] ] } },
{ "type": "Feature", "properties": { "voltage_kv": 220.0, "from_node": 7, "to_node": 13, "length_km": 65.610807158427107, "delaunay_k": 2, "edge_set": "Delaunay2" }, "geometry": { "type": "LineString", "coordinates": [ [ 13.639526, 63.312066 ], [ 13.903198, 62.735859 ] ] } },
{ "type": "Feature", "properties": { "voltage_kv": 220.0, "from_node": 7, "to_node": 22, "length_km": 99.286706429765843, "delaunay_k": 2, "edge_set": "Delaunay2" }, "geometry": { "type": "LineString", "coordinates": [ [ 13.639526, 63.312066 ], [ 14.515686, 62.516121 ] ] } },
{ "type": "Feature", "properties": { "voltage_kv": 220.0, "from_node": 7, "to_node": 31, "length_km": 79.107929732480414, "delaunay_k": 2, "edge_set": "Delaunay2" }, "geometry": { "type": "LineString", "coordinates": [ [ 13.639526, 63.312066 ], [ 15.206451, 63.237956 ] ] } },
{ "type": "Feature", "properties": { "voltage_kv": 220.0, "from_node": 7, "to_node": 34, "length_km": 95.121895047194613, "delaunay_k": 2, "edge_set": "Delaunay2" }, "geometry": { "type": "LineString", "coordinates": [ [ 13.639526, 63.312066 ], [ 15.490723, 63.137606 ] ] } },
{ "type": "Feature", "properties": { "voltage_kv": 220.0, "from_node": 7, "to_node": 37, "length_km": 124.66557019272656, "delaunay_k": 2, "edge_set": "Delaunay2" }, "geometry": { "type": "LineString", "coordinates": [ [ 13.639526, 63.312066 ], [ 15.619812, 64.001858 ] ] } },
{ "type": "Feature", "properties": { "voltage_kv": 220.0, "from_node": 8, "to_node": 9, "length_km": 288.49962651730323, "delaunay_k": 2, "edge_set": "Delaunay2" }, "geometry": { "type": "LineString", "coordinates": [ [ 13.657379, 63.555892 ], [ 13.763123, 66.142743 ] ] } },
{ "type": "Feature", "properties": { "voltage_kv": 220.0, "from_node": 8, "to_node": 10, "length_km": 43.49478615287736, "delaunay_k": 2, "edge_set": "Delaunay2" }, "geometry": { "type": "LineString", "coordinates": [ [ 13.657379, 63.555892 ], [ 13.769989, 63.942802 ] ] } },
{ "type": "Feature", "properties": { "voltage_kv": 220.0, "from_node": 8, "to_node": 11, "length_km": 122.64101585872254, "delaunay_k": 2, "edge_set": "Delaunay2" }, "geometry": { "type": "LineString", "coordinates": [ [ 13.657379, 63.555892 ], [ 13.807068, 64.653876 ] ] } },
{ "type": "Feature", "properties": { "voltage_kv": 220.0, "from_node": 8, "to_node": 23, "length_km": 63.5141596331475, "delaunay_k": 2, "edge_set": "Delaunay2" }, "geometry": { "type": "LineString", "coordinates": [ [ 13.657379, 63.555892 ], [ 14.736786, 63.255266 ] ] } },
{ "type": "Feature", "properties": { "voltage_kv": 220.0, "from_node": 8, "to_node": 31, "length_km": 85.177016128271333, "delaunay_k": 2, "edge_set": "Delaunay2" }, "geometry": { "type": "LineString", "coordinates": [ [ 13.657379, 63.555892 ], [ 15.206451, 63.237956 ] ] } },
{ "type": "Feature", "properties": { "voltage_kv": 220.0, "from_node": 8, "to_node": 37, "length_km": 108.83581681270302, "delaunay_k": 2, "edge_set": "Delaunay2" }, "geometry": { "type": "LineString", "coordinates": [ [ 13.657379, 63.555892 ], [ 15.619812, 64.001858 ] ] } },
{ "type": "Feature", "properties": { "voltage_kv": 220.0, "from_node": 9, "to_node": 10, "length_km": 245.3203833975418, "delaunay_k": 2, "edge_set": "Delaunay2" }, "geometry": { "type": "LineString", "coordinates": [ [ 13.763123, 66.142743 ], [ 13.769989, 63.942802 ] ] } },
{ "type": "Feature", "properties": { "voltage_kv": 220.0, "from_node": 9, "to_node": 15, "length_km": 175.86278793057974, "delaunay_k": 2, "edge_set": "Delaunay2" }, "geometry": { "type": "LineString", "coordinates": [ [ 13.763123, 66.142743 ], [ 14.06662, 64.570857 ] ] } },
{ "type": "Feature", "properties": { "voltage_kv": 220.0, "from_node": 9, "to_node": 17, "length_km": 160.08811632468769, "delaunay_k": 2, "edge_set": "Delaunay2" }, "geometry": { "type": "LineString", "coordinates": [ [ 13.763123, 66.142743 ], [ 14.146271, 64.71612 ] ] } },
{ "type": "Feature", "properties": { "voltage_kv": 220.0, "from_node": 9, "to_node": 19, "length_km": 185.73567688242537, "delaunay_k": 2, "edge_set": "Delaunay2" }, "geometry": { "type": "LineString", "coordinates": [ [ 13.763123, 66.142743 ], [ 14.180603, 64.486402 ] ] } },
{ "type": "Feature", "properties": { "voltage_kv": 220.0, "from_node": 9, "to_node": 42, "length_km": 160.94003236823974, "delaunay_k": 2, "edge_set": "Delaunay2" }, "geometry": { "type": "LineString", "coordinates": [ [ 13.763123, 66.142743 ], [ 15.783234, 64.967159 ] ] } },
{ "type": "Feature", "properties": { "voltage_kv": 220.0, "from_node": 9, "to_node": 44, "length_km": 118.98308446847641, "delaunay_k": 2, "edge_set": "Delaunay2" }, "geometry": { "type": "LineString", "coordinates": [ [ 13.763123, 66.142743 ], [ 15.812073, 65.485626 ] ] } },
{ "type": "Feature", "properties": { "voltage_kv": 220.0, "from_node": 9, "to_node": 64, "length_km": 150.76430378234076, "delaunay_k": 2, "edge_set": "Delaunay2" }, "geometry": { "type": "LineString", "coordinates": [ [ 13.763123, 66.142743 ], [ 16.489105, 65.386291 ] ] } },
{ "type": "Feature", "properties": { "voltage_kv": 220.0, "from_node": 10, "to_node": 15, "length_km": 71.492322650240524, "delaunay_k": 2, "edge_set": "Delaunay2" }, "geometry": { "type": "LineString", "coordinates": [ [ 13.769989, 63.942802 ], [ 14.06662, 64.570857 ] ] } },
{ "type": "Feature", "properties": { "voltage_kv": 220.0, "from_node": 10, "to_node": 17, "length_km": 88.128313958995619, "delaunay_k": 2, "edge_set": "Delaunay2" }, "geometry": { "type": "LineString", "coordinates": [ [ 13.769989, 63.942802 ], [ 14.146271, 64.71612 ] ] } },
{ "type": "Feature", "properties": { "voltage_kv": 220.0, "from_node": 10, "to_node": 20, "length_km": 76.553886716445973, "delaunay_k": 2, "edge_set": "Delaunay2" }, "geometry": { "type": "LineString", "coordinates": [ [ 13.769989, 63.942802 ], [ 14.250641, 64.596791 ] ] } },
{ "type": "Feature", "properties": { "voltage_kv": 220.0, "from_node": 10, "to_node": 21, "length_km": 72.491862454078813, "delaunay_k": 2, "edge_set": "Delaunay2" }, "geometry": { "type": "LineString", "coordinates": [ [ 13.769989, 63.942802 ], [ 14.381104, 64.536044 ] ] } },
{ "type": "Feature", "properties": { "voltage_kv": 220.0, "from_node": 10, "to_node": 24, "length_km": 193.39675928797016, "delaunay_k": 2, "edge_set": "Delaunay2" }, "geometry": { "type": "LineString", "coordinates": [ [ 13.769989, 63.942802 ], [ 14.765625, 65.62429 ] ] } },
{ "type": "Feature", "properties": { "voltage_kv": 220.0, "from_node": 10, "to_node": 25, "length_km": 83.322221327906675, "delaunay_k": 2, "edge_set": "Delaunay2" }, "geometry": { "type": "LineString", "coordinates": [ [ 13.769989, 63.942802 ], [ 14.788971, 63.348433 ] ] } },
{ "type": "Feature", "properties": { "voltage_kv": 220.0, "from_node": 10, "to_node": 27, "length_km": 73.624359147899455, "delaunay_k": 2, "edge_set": "Delaunay2" }, "geometry": { "type": "LineString", "coordinates": [ [ 13.769989, 63.942802 ], [ 14.959259, 64.35061 ] ] } },
{ "type": "Feature", "properties": { "voltage_kv": 220.0, "from_node": 10, "to_node": 31, "length_km": 106.13799522368325, "delaunay_k": 2, "edge_set": "Delaunay2" }, "geometry": { "type": "LineString", "coordinates": [ [ 13.769989, 63.942802 ], [ 15.206451, 63.237956 ] ] } },
{ "type": "Feature", "properties": { "voltage_kv": 220.0, "from_node": 10, "to_node": 39, "length_km": 94.201449043157751, "delaunay_k": 2, "edge_set": "Delaunay2" }, "geometry": { "type": "LineString", "coordinates": [ [ 13.769989, 63.942802 ], [ 15.674744, 64.064393 ] ] } },
{ "type": "Feature", "properties": { "voltage_kv": 220.0, "from_node": 10, "to_node": 43, "length_km": 127.26069880617473, "delaunay_k": 2, "edge_set": "Delaunay2" }, "geometry": { "type": "LineString", "coordinates": [ [ 13.769989, 63.942802 ], [ 15.805206, 63.249085 ] ] } },
{ "type": "Feature", "properties": { "voltage_kv": 220.0, "from_node": 10, "to_node": 71, "length_km": 152.99416963083902, "delaunay_k": 2, "edge_set": "Delaunay2" }, "geometry": { "type": "LineString", "coordinates": [ [ 13.769989, 63.942802 ], [ 16.756897, 63.577288 ] ] } },
{ "type": "Feature", "properties": { "voltage_kv": 220.0, "from_node": 10, "to_node": 72, "length_km": 152.60453599719057, "delaunay_k": 2, "edge_set": "Delaunay2" }, "geometry": { "type": "LineString", "coordinates": [ [ 13.769989, 63.942802 ], [ 16.791229, 63.646259 ] ] } },
{ "type": "Feature", "properties": { "voltage_kv": 220.0, "from_node": 10, "to_node": 77, "length_km": 155.97815210948414, "delaunay_k": 2, "edge_set": "Delaunay2" }, "geometry": { "type": "LineString", "coordinates": [ [ 13.769989, 63.942802 ], [ 16.894226, 63.713846 ] ] } },
{ "type": "Feature", "properties": { "voltage_kv": 220.0, "from_node": 10, "to_node": 80, "length_km": 156.57882605381951, "delaunay_k": 2, "edge_set": "Delaunay2" }, "geometry": { "type": "LineString", "coordinates": [ [ 13.769989, 63.942802 ], [ 16.962891, 63.994031 ] ] } },
{ "type": "Feature", "properties": { "voltage_kv": 220.0, "from_node": 11, "to_node": 12, "length_km": 104.8822916079408, "delaunay_k": 2, "edge_set": "Delaunay2" }, "geometry": { "type": "LineString", "coordinates": [ [ 13.807068, 64.653876 ], [ 13.811188, 63.713238 ] ] } },
{ "type": "Feature", "properties": { "voltage_kv": 220.0, "from_node": 11, "to_node": 20, "length_km": 22.157006671547396, "delaunay_k": 2, "edge_set": "Delaunay2" }, "geometry": { "type": "LineString", "coordinates": [ [ 13.807068, 64.653876 ], [ 14.250641, 64.596791 ] ] } },
{ "type": "Feature", "properties": { "voltage_kv": 220.0, "from_node": 11, "to_node": 21, "length_km": 30.474098291604609, "delaunay_k": 2, "edge_set": "Delaunay2" }, "geometry": { "type": "LineString", "coordinates": [ [ 13.807068, 64.653876 ], [ 14.381104, 64.536044 ] ] } },
{ "type": "Feature", "properties": { "voltage_kv": 220.0, "from_node": 11, "to_node": 26, "length_km": 63.597617520783075, "delaunay_k": 2, "edge_set": "Delaunay2" }, "geometry": { "type": "LineString", "coordinates": [ [ 13.807068, 64.653876 ], [ 14.859009, 64.308372 ] ] } },
{ "type": "Feature", "properties": { "voltage_kv": 220.0, "from_node": 11, "to_node": 28, "length_km": 130.86593892621983, "delaunay_k": 2, "edge_set": "Delaunay2" }, "geometry": { "type": "LineString", "coordinates": [ [ 13.807068, 64.653876 ], [ 14.965643971847902, 65.721629736713297 ] ] } },
{ "type": "Feature", "properties": { "voltage_kv": 220.0, "from_node": 11, "to_node": 33, "length_km": 79.578108651300298, "delaunay_k": 2, "edge_set": "Delaunay2" }, "geometry": { "type": "LineString", "coordinates": [ [ 13.807068, 64.653876 ], [ 15.450897, 64.54962 ] ] } },
{ "type": "Feature", "properties": { "voltage_kv": 220.0, "from_node": 11, "to_node": 37, "length_km": 113.90891796514313, "delaunay_k": 2, "edge_set": "Delaunay2" }, "geometry": { "type": "LineString", "coordinates": [ [ 13.807068, 64.653876 ], [ 15.619812, 64.001858 ] ] } },
{ "type": "Feature", "properties": { "voltage_kv": 220.0, "from_node": 11, "to_node": 42, "length_km": 100.20286373566046, "delaunay_k": 2, "edge_set": "Delaunay2" }, "geometry": { "type": "LineString", "coordinates": [ [ 13.807068, 64.653876 ], [ 15.783234, 64.967159 ] ] } },
{ "type": "Feature", "properties": { "voltage_kv": 220.0, "from_node": 11, "to_node": 44, "length_km": 132.32087630393721, "delaunay_k": 2, "edge_set": "Delaunay2" }, "geometry": { "type": "LineString", "coordinates": [ [ 13.807068, 64.653876 ], [ 15.812073, 65.485626 ] ] } },
{ "type": "Feature", "properties": { "voltage_kv": 220.0, "from_node": 12, "to_node": 19, "length_km": 88.071955039064264, "delaunay_k": 2, "edge_set": "Delaunay2" }, "geometry": { "type": "LineString", "coordinates": [ [ 13.811188, 63.713238 ], [ 14.180603, 64.486402 ] ] } },
{ "type": "Feature", "properties": { "voltage_kv": 220.0, "from_node": 12, "to_node": 23, "length_km": 68.818212675218248, "delaunay_k": 2, "edge_set": "Delaunay2" }, "geometry": { "type": "LineString", "coordinates": [ [ 13.811188, 63.713238 ], [ 14.736786, 63.255266 ] ] } },
{ "type": "Feature", "properties": { "voltage_kv": 220.0, "from_node": 12, "to_node": 26, "length_km": 83.855757504405716, "delaunay_k": 2, "edge_set": "Delaunay2" }, "geometry": { "type": "LineString", "coordinates": [ [ 13.811188, 63.713238 ], [ 14.859009, 64.308372 ] ] } },
{ "type": "Feature", "properties": { "voltage_kv": 220.0, "from_node": 12, "to_node": 31, "length_km": 87.45458947931175, "delaunay_k": 2, "edge_set": "Delaunay2" }, "geometry": { "type": "LineString", "coordinates": [ [ 13.811188, 63.713238 ], [ 15.206451, 63.237956 ] ] } },
{ "type": "Feature", "properties": { "voltage_kv": 220.0, "from_node": 12, "to_node": 39, "length_km": 99.598313748940171, "delaunay_k": 2, "edge_set": "Delaunay2" }, "geometry": { "type": "LineString", "coordinates": [ [ 13.811188, 63.713238 ], [ 15.674744, 64.064393 ] ] } },
{ "type": "Feature", "properties": { "voltage_kv": 220.0, "from_node": 12, "to_node": 43, "length_km": 112.07488054779311, "delaunay_k": 2, "edge_set": "Delaunay2" }, "geometry": { "type": "LineString", "coordinates": [ [ 13.811188, 63.713238 ], [ 15.805206, 63.249085 ] ] } },
{ "type": "Feature", "properties": { "voltage_kv": 220.0, "from_node": 12, "to_node": 71, "length_km": 146.80842485540558, "delaunay_k": 2, "edge_set": "Delaunay2" }, "geometry": { "type": "LineString", "coordinates": [ [ 13.811188, 63.713238 ], [ 16.756897, 63.577288 ] ] } },
{ "type": "Feature", "properties": { "voltage_kv": 220.0, "from_node": 12, "to_node": 72, "length_km": 147.73541459008521, "delaunay_k": 2, "edge_set": "Delaunay2" }, "geometry": { "type": "LineString", "coordinates": [ [ 13.811188, 63.713238 ], [ 16.791229, 63.646259 ] ] } },
{ "type": "Feature", "properties": { "voltage_kv": 220.0, "from_node": 12, "to_node": 77, "length_km": 152.46518504769853, "delaunay_k": 2, "edge_set": "Delaunay2" }, "geometry": { "type": "LineString", "coordinates": [ [ 13.811188, 63.713238 ], [ 16.894226, 63.713846 ] ] } },
{ "type": "Feature", "properties": { "voltage_kv": 220.0, "from_node": 12, "to_node": 80, "length_km": 158.21780707369723, "delaunay_k": 2, "edge_set": "Delaunay2" }, "geometry": { "type": "LineString", "coordinates": [ [ 13.811188, 63.713238 ], [ 16.962891, 63.994031 ] ] } },
{ "type": "Feature", "properties": { "voltage_kv": 220.0, "from_node": 13, "to_node": 18, "length_km": 75.281222432576925, "delaunay_k": 2, "edge_set": "Delaunay2" }, "geometry": { "type": "LineString", "coordinates": [ [ 13.903198, 62.735859 ], [ 14.16687, 62.071739 ] ] } },
{ "type": "Feature", "properties": { "voltage_kv": 220.0, "from_node": 13, "to_node": 25, "length_km": 81.697707430367544, "delaunay_k": 2, "edge_set": "Delaunay2" }, "geometry": { "type": "LineString", "coordinates": [ [ 13.903198, 62.735859 ], [ 14.788971, 63.348433 ] ] } },
{ "type": "Feature", "properties": { "voltage_kv": 220.0, "from_node": 13, "to_node": 29, "length_km": 67.151835319595548, "delaunay_k": 2, "edge_set": "Delaunay2" }, "geometry": { "type": "LineString", "coordinates": [ [ 13.903198, 62.735859 ], [ 15.005951, 62.413273 ] ] } },
{ "type": "Feature", "properties": { "voltage_kv": 220.0, "from_node": 13, "to_node": 31, "length_km": 86.612666709324998, "delaunay_k": 2, "edge_set": "Delaunay2" }, "geometry": { "type": "LineString", "coordinates": [ [ 13.903198, 62.735859 ], [ 15.206451, 63.237956 ] ] } },
{ "type": "Feature", "properties": { "voltage_kv": 220.0, "from_node": 13, "to_node": 34, "length_km": 92.250648833116088, "delaunay_k": 2, "edge_set": "Delaunay2" }, "geometry": { "type": "LineString", "coordinates": [ [ 13.903198, 62.735859 ], [ 15.490723, 63.137606 ] ] } },
{ "type": "Feature", "properties": { "voltage_kv": 220.0, "from_node": 14, "to_node": 23, "length_km": 130.15460639256546, "delaunay_k": 2, "edge_set": "Delaunay2" }, "geometry": { "type": "LineString", "coordinates": [ [ 13.973236, 62.141768 ], [ 14.736786, 63.255266 ] ] } },
{ "type": "Feature", "properties": { "voltage_kv": 220.0, "from_node": 14, "to_node": 29, "length_km": 61.588608480408411, "delaunay_k": 2, "edge_set": "Delaunay2" }, "geometry": { "type": "LineString", "coordinates": [ [ 13.973236, 62.141768 ], [ 15.005951, 62.413273 ] ] } },
{ "type": "Feature", "properties": { "voltage_kv": 220.0, "from_node": 14, "to_node": 34, "length_km": 135.6118998954278, "delaunay_k": 2, "edge_set": "Delaunay2" }, "geometry": { "type": "LineString", "coordinates": [ [ 13.973236, 62.141768 ], [ 15.490723, 63.137606 ] ] } },
{ "type": "Feature", "properties": { "voltage_kv": 220.0, "from_node": 14, "to_node": 45, "length_km": 102.13288435932269, "delaunay_k": 2, "edge_set": "Delaunay2" }, "geometry": { "type": "LineString", "coordinates": [ [ 13.973236, 62.141768 ], [ 15.843658, 61.88399 ] ] } },
{ "type": "Feature", "properties": { "voltage_kv": 220.0, "from_node": 14, "to_node": 52, "length_km": 227.6630024776216, "delaunay_k": 2, "edge_set": "Delaunay2" }, "geometry": { "type": "LineString", "coordinates": [ [ 13.973236, 62.141768 ], [ 16.177368, 60.396897 ] ] } },
{ "type": "Feature", "properties": { "voltage_kv": 220.0, "from_node": 14, "to_node": 63, "length_km": 154.24551241443061, "delaunay_k": 2, "edge_set": "Delaunay2" }, "geometry": { "type": "LineString", "coordinates": [ [ 13.973236, 62.141768 ], [ 16.44928, 61.407894 ] ] } },
{ "type": "Feature", "properties": { "voltage_kv": 220.0, "from_node": 15, "to_node": 21, "length_km": 15.57830757068092, "delaunay_k": 2, "edge_set": "Delaunay2" }, "geometry": { "type": "LineString", "coordinates": [ [ 14.06662, 64.570857 ], [ 14.381104, 64.536044 ] ] } },
{ "type": "Feature", "properties": { "voltage_kv": 220.0, "from_node": 15, "to_node": 24, "length_km": 121.99108563456595, "delaunay_k": 2, "edge_set": "Delaunay2" }, "geometry": { "type": "LineString", "coordinates": [ [ 14.06662, 64.570857 ], [ 14.765625, 65.62429 ] ] } },
{ "type": "Feature", "properties": { "voltage_kv": 220.0, "from_node": 15, "to_node": 26, "length_km": 48.104008222510998, "delaunay_k": 2, "edge_set": "Delaunay2" }, "geometry": { "type": "LineString", "coordinates": [ [ 14.06662, 64.570857 ], [ 14.859009, 64.308372 ] ] } },
{ "type": "Feature", "properties": { "voltage_kv": 220.0, "from_node": 15, "to_node": 33, "length_km": 66.439483474738509, "delaunay_k": 2, "edge_set": "Delaunay2" }, "geometry": { "type": "LineString", "coordinates": [ [ 14.06662, 64.570857 ], [ 15.450897, 64.54962 ] ] } },
{ "type": "Feature", "properties": { "voltage_kv": 220.0, "from_node": 15, "to_node": 42, "length_km": 92.89550492105775, "delaunay_k": 2, "edge_set": "Delaunay2" }, "geometry": { "type": "LineString", "coordinates": [ [ 14.06662, 64.570857 ], [ 15.783234, 64.967159 ] ] } },
{ "type": "Feature", "properties": { "voltage_kv": 220.0, "from_node": 16, "to_node": 47, "length_km": 146.37961254869506, "delaunay_k": 2, "edge_set": "Delaunay2" }, "geometry": { "type": "LineString", "coordinates": [ [ 14.111938, 58.598318 ], [ 15.971375, 59.496697 ] ] } },
{ "type": "Feature", "properties": { "voltage_kv": 220.0, "from_node": 16, "to_node": 52, "length_km": 232.13430906683533, "delaunay_k": 2, "edge_set": "Delaunay2" }, "geometry": { "type": "LineString", "coordinates": [ [ 14.111938, 58.598318 ], [ 16.177368, 60.396897 ] ] } },
{ "type": "Feature", "properties": { "voltage_kv": 220.0, "from_node": 16, "to_node": 62, "length_km": 166.37927698244795, "delaunay_k": 2, "edge_set": "Delaunay2" }, "geometry": { "type": "LineString", "coordinates": [ [ 14.111938, 58.598318 ], [ 16.417694, 59.502273 ] ] } },
{ "type": "Feature", "properties": { "voltage_kv": 220.0, "from_node": 16, "to_node": 101, "length_km": 221.90208092925249, "delaunay_k": 2, "edge_set": "Delaunay2" }, "geometry": { "type": "LineString", "coordinates": [ [ 14.111938, 58.598318 ], [ 17.766266, 59.221637 ] ] } },
{ "type": "Feature", "properties": { "voltage_kv": 220.0, "from_node": 16, "to_node": 105, "length_km": 239.39504006846545, "delaunay_k": 2, "edge_set": "Delaunay2" }, "geometry": { "type": "LineString", "coordinates": [ [ 14.111938, 58.598318 ], [ 18.110962, 59.168187 ] ] } },
{ "type": "Feature", "properties": { "voltage_kv": 220.0, "from_node": 16, "to_node": 108, "length_km": 265.54606557390912, "delaunay_k": 2, "edge_set": "Delaunay2" }, "geometry": { "type": "LineString", "coordinates": [ [ 14.111938, 58.598318 ], [ 18.404846, 59.480661 ] ] } },
{ "type": "Feature", "properties": { "voltage_kv": 220.0, "from_node": 17, "to_node": 19, "length_km": 25.669195757783044, "delaunay_k": 2, "edge_set": "Delaunay2" }, "geometry": { "type": "LineString", "coordinates": [ [ 14.146271, 64.71612 ], [ 14.180603, 64.486402 ] ] } },
{ "type": "Feature", "properties": { "voltage_kv": 220.0, "from_node": 17, "to_node": 26, "length_km": 56.923928672722035, "delaunay_k": 2, "edge_set": "Delaunay2" }, "geometry": { "type": "LineString", "coordinates": [ [ 14.146271, 64.71612 ], [ 14.859009, 64.308372 ] ] } },
{ "type": "Feature", "properties": { "voltage_kv": 220.0, "from_node": 17, "to_node": 27, "length_km": 56.435507112619966, "delaunay_k": 2, "edge_set": "Delaunay2" }, "geometry": { "type": "LineString", "coordinates": [ [ 14.146271, 64.71612 ], [ 14.959259, 64.35061 ] ] } },
{ "type": "Feature", "properties": { "voltage_kv": 220.0, "from_node": 17, "to_node": 28, "length_km": 118.51577861350047, "delaunay_k": 2, "edge_set": "Delaunay2" }, "geometry": { "type": "LineString", "coordinates": [ [ 14.146271, 64.71612 ], [ 14.965643971847902, 65.721629736713297 ] ] } },
{ "type": "Feature", "properties": { "voltage_kv": 220.0, "from_node": 17, "to_node": 38, "length_km": 73.649739499704651, "delaunay_k": 2, "edge_set": "Delaunay2" }, "geometry": { "type": "LineString", "coordinates": [ [ 14.146271, 64.71612 ], [ 15.622559, 64.529548 ] ] } },
{ "type": "Feature", "properties": { "voltage_kv": 220.0, "from_node": 17, "to_node": 41, "length_km": 77.065699206683902, "delaunay_k": 2, "edge_set": "Delaunay2" }, "geometry": { "type": "LineString", "coordinates": [ [ 14.146271, 64.71612 ], [ 15.761261, 64.700279 ] ] } },
{ "type": "Feature", "properties": { "voltage_kv": 220.0, "from_node": 17, "to_node": 44, "length_km": 116.182185597363, "delaunay_k": 2, "edge_set": "Delaunay2" }, "geometry": { "type": "LineString", "coordinates": [ [ 14.146271, 64.71612 ], [ 15.812073, 65.485626 ] ] } },
{ "type": "Feature", "properties": { "voltage_kv": 220.0, "from_node": 17, "to_node": 46, "length_km": 84.764124187548646, "delaunay_k": 2, "edge_set": "Delaunay2" }, "geometry": { "type": "LineString", "coordinates": [ [ 14.146271, 64.71612 ], [ 15.923309, 64.710254 ] ] } },
{ "type": "Feature", "properties": { "voltage_kv": 220.0, "from_node": 17, "to_node": 60, "length_km": 125.39022182014091, "delaunay_k": 2, "edge_set": "Delaunay2" }, "geometry": { "type": "LineString", "coordinates": [ [ 14.146271, 64.71612 ], [ 16.387482, 65.321005 ] ] } },
{ "type": "Feature", "properties": { "voltage_kv": 220.0, "from_node": 17, "to_node": 99, "length_km": 164.097933162027, "delaunay_k": 2, "edge_set": "Delaunay2" }, "geometry": { "type": "LineString", "coordinates": [ [ 14.146271, 64.71612 ], [ 17.541046, 64.996778 ] ] } },
{ "type": "Feature", "properties": { "voltage_kv": 220.0, "from_node": 18, "to_node": 23, "length_km": 135.14943036078381, "delaunay_k": 2, "edge_set": "Delaunay2" }, "geometry": { "type": "LineString", "coordinates": [ [ 14.16687, 62.071739 ], [ 14.736786, 63.255266 ] ] } },
{ "type": "Feature", "properties": { "voltage_kv": 220.0, "from_node": 18, "to_node": 34, "length_km": 136.92551575198848, "delaunay_k": 2, "edge_set": "Delaunay2" }, "geometry": { "type": "LineString", "coordinates": [ [ 14.16687, 62.071739 ], [ 15.490723, 63.137606 ] ] } },
{ "type": "Feature", "properties": { "voltage_kv": 220.0, "from_node": 18, "to_node": 36, "length_km": 82.601672556254215, "delaunay_k": 2, "edge_set": "Delaunay2" }, "geometry": { "type": "LineString", "coordinates": [ [ 14.16687, 62.071739 ], [ 15.544281, 62.441242 ] ] } },
{ "type": "Feature", "properties": { "voltage_kv": 220.0, "from_node": 18, "to_node": 54, "length_km": 221.20448036788176, "delaunay_k": 2, "edge_set": "Delaunay2" }, "geometry": { "type": "LineString", "coordinates": [ [ 14.16687, 62.071739 ], [ 16.284446847098103, 60.370428457277711 ] ] } },
{ "type": "Feature", "properties": { "voltage_kv": 220.0, "from_node": 18, "to_node": 56, "length_km": 117.8041041692756, "delaunay_k": 2, "edge_set": "Delaunay2" }, "geometry": { "type": "LineString", "coordinates": [ [ 14.16687, 62.071739 ], [ 16.316071, 61.771824 ] ] } },
{ "type": "Feature", "properties": { "voltage_kv": 220.0, "from_node": 18, "to_node": 58, "length_km": 118.45295473350207, "delaunay_k": 2, "edge_set": "Delaunay2" }, "geometry": { "type": "LineString", "coordinates": [ [ 14.16687, 62.071739 ], [ 16.333923, 62.398006 ] ] } },
{ "type": "Feature", "properties": { "voltage_kv": 220.0, "from_node": 18, "to_node": 65, "length_km": 226.22931405964127, "delaunay_k": 2, "edge_set": "Delaunay2" }, "geometry": { "type": "LineString", "coordinates": [ [ 14.16687, 62.071739 ], [ 16.512451, 60.38672 ] ] } },
{ "type": "Feature", "properties": { "voltage_kv": 220.0, "from_node": 18, "to_node": 66, "length_km": 183.71206271715587, "delaunay_k": 2, "edge_set": "Delaunay2" }, "geometry": { "type": "LineString", "coordinates": [ [ 14.16687, 62.071739 ], [ 16.637421, 60.922424 ] ] } },
{ "type": "Feature", "properties": { "voltage_kv": 220.0, "from_node": 18, "to_node": 89, "length_km": 188.13890365456231, "delaunay_k": 2, "edge_set": "Delaunay2" }, "geometry": { "type": "LineString", "coordinates": [ [ 14.16687, 62.071739 ], [ 17.166138, 61.172384 ] ] } },
{ "type": "Feature", "properties": { "voltage_kv": 220.0, "from_node": 19, "to_node": 24, "length_km": 129.85665495482095, "delaunay_k": 2, "edge_set": "Delaunay2" }, "geometry": { "type": "LineString", "coordinates": [ [ 14.180603, 64.486402 ], [ 14.765625, 65.62429 ] ] } },
{ "type": "Feature", "properties": { "voltage_kv": 220.0, "from_node": 19, "to_node": 27, "length_km": 40.480559698591463, "delaunay_k": 2, "edge_set": "Delaunay2" }, "geometry": { "type": "LineString", "coordinates": [ [ 14.180603, 64.486402 ], [ 14.959259, 64.35061 ] ] } },
{ "type": "Feature", "properties": { "voltage_kv": 220.0, "from_node": 19, "to_node": 33, "length_km": 61.431060455536297, "delaunay_k": 2, "edge_set": "Delaunay2" }, "geometry": { "type": "LineString", "coordinates": [ [ 14.180603, 64.486402 ], [ 15.450897, 64.54962 ] ] } },
{ "type": "Feature", "properties": { "voltage_kv": 220.0, "from_node": 19, "to_node": 37, "length_km": 88.297311668424996, "delaunay_k": 2, "edge_set": "Delaunay2" }, "geometry": { "type": "LineString", "coordinates": [ [ 14.180603, 64.486402 ], [ 15.619812, 64.001858 ] ] } },
{ "type": "Feature", "properties": { "voltage_kv": 220.0, "from_node": 19, "to_node": 39, "length_km": 86.365303311757373, "delaunay_k": 2, "edge_set": "Delaunay2" }, "geometry": { "type": "LineString", "coordinates": [ [ 14.180603, 64.486402 ], [ 15.674744, 64.064393 ] ] } },
{ "type": "Feature", "properties": { "voltage_kv": 220.0, "from_node": 20, "to_node": 24, "length_km": 117.11920153167962, "delaunay_k": 2, "edge_set": "Delaunay2" }, "geometry": { "type": "LineString", "coordinates": [ [ 14.250641, 64.596791 ], [ 14.765625, 65.62429 ] ] } },
{ "type": "Feature", "properties": { "voltage_kv": 220.0, "from_node": 20, "to_node": 26, "length_km": 43.505097654482292, "delaunay_k": 2, "edge_set": "Delaunay2" }, "geometry": { "type": "LineString", "coordinates": [ [ 14.250641, 64.596791 ], [ 14.859009, 64.308372 ] ] } },
{ "type": "Feature", "properties": { "voltage_kv": 220.0, "from_node": 20, "to_node": 27, "length_km": 43.775072957083978, "delaunay_k": 2, "edge_set": "Delaunay2" }, "geometry": { "type": "LineString", "coordinates": [ [ 14.250641, 64.596791 ], [ 14.959259, 64.35061 ] ] } },
{ "type": "Feature", "properties": { "voltage_kv": 220.0, "from_node": 20, "to_node": 33, "length_km": 57.784477466796751, "delaunay_k": 2, "edge_set": "Delaunay2" }, "geometry": { "type": "LineString", "coordinates": [ [ 14.250641, 64.596791 ], [ 15.450897, 64.54962 ] ] } },
{ "type": "Feature", "properties": { "voltage_kv": 220.0, "from_node": 20, "to_node": 42, "length_km": 83.80270712332954, "delaunay_k": 2, "edge_set": "Delaunay2" }, "geometry": { "type": "LineString", "coordinates": [ [ 14.250641, 64.596791 ], [ 15.783234, 64.967159 ] ] } },
{ "type": "Feature", "properties": { "voltage_kv": 220.0, "from_node": 21, "to_node": 24, "length_km": 122.70866207556554, "delaunay_k": 2, "edge_set": "Delaunay2" }, "geometry": { "type": "LineString", "coordinates": [ [ 14.381104, 64.536044 ], [ 14.765625, 65.62429 ] ] } },
{ "type": "Feature", "properties": { "voltage_kv": 220.0, "from_node": 21, "to_node": 37, "length_km": 84.588287250173593, "delaunay_k": 2, "edge_set": "Delaunay2" }, "geometry": { "type": "LineString", "coordinates": [ [ 14.381104, 64.536044 ], [ 15.619812, 64.001858 ] ] } },
{ "type": "Feature", "properties": { "voltage_kv": 220.0, "from_node": 21, "to_node": 38, "length_km": 59.61416997781388, "delaunay_k": 2, "edge_set": "Delaunay2" }, "geometry": { "type": "LineString", "coordinates": [ [ 14.381104, 64.536044 ], [ 15.622559, 64.529548 ] ] } },
{ "type": "Feature", "properties": { "voltage_kv": 220.0, "from_node": 21, "to_node": 39, "length_km": 81.798543338640854, "delaunay_k": 2, "edge_set": "Delaunay2" }, "geometry": { "type": "LineString", "coordinates": [ [ 14.381104, 64.536044 ], [ 15.674744, 64.064393 ] ] } },
{ "type": "Feature", "properties": { "voltage_kv": 220.0, "from_node": 21, "to_node": 41, "length_km": 68.555261230346957, "delaunay_k": 2, "edge_set": "Delaunay2" }, "geometry": { "type": "LineString", "coordinates": [ [ 14.381104, 64.536044 ], [ 15.761261, 64.700279 ] ] } },
{ "type": "Feature", "properties": { "voltage_kv": 220.0, "from_node": 21, "to_node": 42, "length_km": 82.292508154991054, "delaunay_k": 2, "edge_set": "Delaunay2" }, "geometry": { "type": "LineString", "coordinates": [ [ 14.381104, 64.536044 ], [ 15.783234, 64.967159 ] ] } },
{ "type": "Feature", "properties": { "voltage_kv": 220.0, "from_node": 22, "to_node": 25, "length_km": 93.836047996144302, "delaunay_k": 2, "edge_set": "Delaunay2" }, "geometry": { "type": "LineString", "coordinates": [ [ 14.515686, 62.516121 ], [ 14.788971, 63.348433 ] ] } },
{ "type": "Feature", "properties": { "voltage_kv": 220.0, "from_node": 22, "to_node": 31, "length_km": 87.833206654867283, "delaunay_k": 2, "edge_set": "Delaunay2" }, "geometry": { "type": "LineString", "coordinates": [ [ 14.515686, 62.516121 ], [ 15.206451, 63.237956 ] ] } },
{ "type": "Feature", "properties": { "voltage_kv": 220.0, "from_node": 22, "to_node": 35, "length_km": 90.35478115129186, "delaunay_k": 2, "edge_set": "Delaunay2" }, "geometry": { "type": "LineString", "coordinates": [ [ 14.515686, 62.516121 ], [ 15.493469, 63.19216 ] ] } },
{ "type": "Feature", "properties": { "voltage_kv": 220.0, "from_node": 22, "to_node": 36, "length_km": 53.725625776377925, "delaunay_k": 2, "edge_set": "Delaunay2" }, "geometry": { "type": "LineString", "coordinates": [ [ 14.515686, 62.516121 ], [ 15.544281, 62.441242 ] ] } },
{ "type": "Feature", "properties": { "voltage_kv": 220.0, "from_node": 22, "to_node": 40, "length_km": 94.713840172223513, "delaunay_k": 2, "edge_set": "Delaunay2" }, "geometry": { "type": "LineString", "coordinates": [ [ 14.515686, 62.516121 ], [ 15.746155, 63.152495 ] ] } },
{ "type": "Feature", "properties": { "voltage_kv": 220.0, "from_node": 22, "to_node": 45, "length_km": 98.746901587449187, "delaunay_k": 2, "edge_set": "Delaunay2" }, "geometry": { "type": "LineString", "coordinates": [ [ 14.515686, 62.516121 ], [ 15.843658, 61.88399 ] ] } },
{ "type": "Feature", "properties": { "voltage_kv": 220.0, "from_node": 22, "to_node": 50, "length_km": 91.474113837335111, "delaunay_k": 2, "edge_set": "Delaunay2" }, "geometry": { "type": "LineString", "coordinates": [ [ 14.515686, 62.516121 ], [ 16.160889, 62.833835 ] ] } },
{ "type": "Feature", "properties": { "voltage_kv": 220.0, "from_node": 22, "to_node": 52, "length_km": 252.36677035378617, "delaunay_k": 2, "edge_set": "Delaunay2" }, "geometry": { "type": "LineString", "coordinates": [ [ 14.515686, 62.516121 ], [ 16.177368, 60.396897 ] ] } },
{ "type": "Feature", "properties": { "voltage_kv": 220.0, "from_node": 22, "to_node": 63, "length_km": 159.90998274339236, "delaunay_k": 2, "edge_set": "Delaunay2" }, "geometry": { "type": "LineString", "coordinates": [ [ 14.515686, 62.516121 ], [ 16.44928, 61.407894 ] ] } },
{ "type": "Feature", "properties": { "voltage_kv": 220.0, "from_node": 23, "to_node": 29, "length_km": 94.883526913658969, "delaunay_k": 2, "edge_set": "Delaunay2" }, "geometry": { "type": "LineString", "coordinates": [ [ 14.736786, 63.255266 ], [ 15.005951, 62.413273 ] ] } },
{ "type": "Feature", "properties": { "voltage_kv": 220.0, "from_node": 23, "to_node": 35, "length_km": 38.711692365934013, "delaunay_k": 2, "edge_set": "Delaunay2" }, "geometry": { "type": "LineString", "coordinates": [ [ 14.736786, 63.255266 ], [ 15.493469, 63.19216 ] ] } },
{ "type": "Feature", "properties": { "voltage_kv": 220.0, "from_node": 23, "to_node": 36, "length_km": 99.663432658159735, "delaunay_k": 2, "edge_set": "Delaunay2" }, "geometry": { "type": "LineString", "coordinates": [ [ 14.736786, 63.255266 ], [ 15.544281, 62.441242 ] ] } },
{ "type": "Feature", "properties": { "voltage_kv": 220.0, "from_node": 23, "to_node": 37, "length_km": 94.077808790090671, "delaunay_k": 2, "edge_set": "Delaunay2" }, "geometry": { "type": "LineString", "coordinates": [ [ 14.736786, 63.255266 ], [ 15.619812, 64.001858 ] ] } },
{ "type": "Feature", "properties": { "voltage_kv": 220.0, "from_node": 23, "to_node": 40, "length_km": 52.091187291657398, "delaunay_k": 2, "edge_set": "Delaunay2" }, "geometry": { "type": "LineString", "coordinates": [ [ 14.736786, 63.255266 ], [ 15.746155, 63.152495 ] ] } },
{ "type": "Feature", "properties": { "voltage_kv": 220.0, "from_node": 23, "to_node": 43, "length_km": 53.70263911981975, "delaunay_k": 2, "edge_set": "Delaunay2" }, "geometry": { "type": "LineString", "coordinates": [ [ 14.736786, 63.255266 ], [ 15.805206, 63.249085 ] ] } },
{ "type": "Feature", "properties": { "voltage_kv": 220.0, "from_node": 23, "to_node": 50, "length_km": 86.057230404908751, "delaunay_k": 2, "edge_set": "Delaunay2" }, "geometry": { "type": "LineString", "coordinates": [ [ 14.736786, 63.255266 ], [ 16.160889, 62.833835 ] ] } },
{ "type": "Feature", "properties": { "voltage_kv": 220.0, "from_node": 24, "to_node": 33, "length_km": 124.12410083932541, "delaunay_k": 2, "edge_set": "Delaunay2" }, "geometry": { "type": "LineString", "coordinates": [ [ 14.765625, 65.62429 ], [ 15.450897, 64.54962 ] ] } },
{ "type": "Feature", "properties": { "voltage_kv": 220.0, "from_node": 24, "to_node": 41, "length_km": 113.15209750826648, "delaunay_k": 2, "edge_set": "Delaunay2" }, "geometry": { "type": "LineString", "coordinates": [ [ 14.765625, 65.62429 ], [ 15.761261, 64.700279 ] ] } },
{ "type": "Feature", "properties": { "voltage_kv": 220.0, "from_node": 24, "to_node": 46, "length_km": 115.50867316712656, "delaunay_k": 2, "edge_set": "Delaunay2" }, "geometry": { "type": "LineString", "coordinates": [ [ 14.765625, 65.62429 ], [ 15.923309, 64.710254 ] ] } },
{ "type": "Feature", "properties": { "voltage_kv": 220.0, "from_node": 24, "to_node": 60, "length_km": 82.452031455027054, "delaunay_k": 2, "edge_set": "Delaunay2" }, "geometry": { "type": "LineString", "coordinates": [ [ 14.765625, 65.62429 ], [ 16.387482, 65.321005 ] ] } },
{ "type": "Feature", "properties": { "voltage_kv": 220.0, "from_node": 24, "to_node": 64, "length_km": 84.104428393210043, "delaunay_k": 2, "edge_set": "Delaunay2" }, "geometry": { "type": "LineString", "coordinates": [ [ 14.765625, 65.62429 ], [ 16.489105, 65.386291 ] ] } },
{ "type": "Feature", "properties": { "voltage_kv": 220.0, "from_node": 24, "to_node": 99, "length_km": 147.1909632819243, "delaunay_k": 2, "edge_set": "Delaunay2" }, "geometry": { "type": "LineString", "coordinates": [ [ 14.765625, 65.62429 ], [ 17.541046, 64.996778 ] ] } },
{ "type": "Feature", "properties": { "voltage_kv": 220.0, "from_node": 25, "to_node": 26, "length_km": 107.1043064166433, "delaunay_k": 2, "edge_set": "Delaunay2" }, "geometry": { "type": "LineString", "coordinates": [ [ 14.788971, 63.348433 ], [ 14.859009, 64.308372 ] ] } },
{ "type": "Feature", "properties": { "voltage_kv": 220.0, "from_node": 25, "to_node": 34, "length_km": 42.395903187726681, "delaunay_k": 2, "edge_set": "Delaunay2" }, "geometry": { "type": "LineString", "coordinates": [ [ 14.788971, 63.348433 ], [ 15.490723, 63.137606 ] ] } },
{ "type": "Feature", "properties": { "voltage_kv": 220.0, "from_node": 25, "to_node": 35, "length_km": 39.443154902978122, "delaunay_k": 2, "edge_set": "Delaunay2" }, "geometry": { "type": "LineString", "coordinates": [ [ 14.788971, 63.348433 ], [ 15.493469, 63.19216 ] ] } },
{ "type": "Feature", "properties": { "voltage_kv": 220.0, "from_node": 25, "to_node": 39, "length_km": 91.077792385467959, "delaunay_k": 2, "edge_set": "Delaunay2" }, "geometry": { "type": "LineString", "coordinates": [ [ 14.788971, 63.348433 ], [ 15.674744, 64.064393 ] ] } },
{ "type": "Feature", "properties": { "voltage_kv": 220.0, "from_node": 25, "to_node": 43, "length_km": 52.183102737015702, "delaunay_k": 2, "edge_set": "Delaunay2" }, "geometry": { "type": "LineString", "coordinates": [ [ 14.788971, 63.348433 ], [ 15.805206, 63.249085 ] ] } },
{ "type": "Feature", "properties": { "voltage_kv": 220.0, "from_node": 25, "to_node": 71, "length_km": 101.45802255301227, "delaunay_k": 2, "edge_set": "Delaunay2" }, "geometry": { "type": "LineString", "coordinates": [ [ 14.788971, 63.348433 ], [ 16.756897, 63.577288 ] ] } },
{ "type": "Feature", "properties": { "voltage_kv": 220.0, "from_node": 25, "to_node": 72, "length_km": 105.1709393479983, "delaunay_k": 2, "edge_set": "Delaunay2" }, "geometry": { "type": "LineString", "coordinates": [ [ 14.788971, 63.348433 ], [ 16.791229, 63.646259 ] ] } },
{ "type": "Feature", "properties": { "voltage_kv": 220.0, "from_node": 25, "to_node": 77, "length_km": 112.44320619467675, "delaunay_k": 2, "edge_set": "Delaunay2" }, "geometry": { "type": "LineString", "coordinates": [ [ 14.788971, 63.348433 ], [ 16.894226, 63.713846 ] ] } },
{ "type": "Feature", "properties": { "voltage_kv": 220.0, "from_node": 25, "to_node": 80, "length_km": 129.5386437814405, "delaunay_k": 2, "edge_set": "Delaunay2" }, "geometry": { "type": "LineString", "coordinates": [ [ 14.788971, 63.348433 ], [ 16.962891, 63.994031 ] ] } },
{ "type": "Feature", "properties": { "voltage_kv": 220.0, "from_node": 26, "to_node": 31, "length_km": 120.5981070759137, "delaunay_k": 2, "edge_set": "Delaunay2" }, "geometry": { "type": "LineString", "coordinates": [ [ 14.859009, 64.308372 ], [ 15.206451, 63.237956 ] ] } },
{ "type": "Feature", "properties": { "voltage_kv": 220.0, "from_node": 26, "to_node": 33, "length_km": 39.215804485120962, "delaunay_k": 2, "edge_set": "Delaunay2" }, "geometry": { "type": "LineString", "coordinates": [ [ 14.859009, 64.308372 ], [ 15.450897, 64.54962 ] ] } },
{ "type": "Feature", "properties": { "voltage_kv": 220.0, "from_node": 26, "to_node": 38, "length_km": 44.317616157263735, "delaunay_k": 2, "edge_set": "Delaunay2" }, "geometry": { "type": "LineString", "coordinates": [ [ 14.859009, 64.308372 ], [ 15.622559, 64.529548 ] ] } },
{ "type": "Feature", "properties": { "voltage_kv": 220.0, "from_node": 26, "to_node": 43, "length_km": 127.0283385521217, "delaunay_k": 2, "edge_set": "Delaunay2" }, "geometry": { "type": "LineString", "coordinates": [ [ 14.859009, 64.308372 ], [ 15.805206, 63.249085 ] ] } },
{ "type": "Feature", "properties": { "voltage_kv": 220.0, "from_node": 26, "to_node": 71, "length_km": 123.76653359865318, "delaunay_k": 2, "edge_set": "Delaunay2" }, "geometry": { "type": "LineString", "coordinates": [ [ 14.859009, 64.308372 ], [ 16.756897, 63.577288 ] ] } },
{ "type": "Feature", "properties": { "voltage_kv": 220.0, "from_node": 26, "to_node": 72, "length_km": 120.07222007575447, "delaunay_k": 2, "edge_set": "Delaunay2" }, "geometry": { "type": "LineString", "coordinates": [ [ 14.859009, 64.308372 ], [ 16.791229, 63.646259 ] ] } },
{ "type": "Feature", "properties": { "voltage_kv": 220.0, "from_node": 26, "to_node": 77, "length_km": 119.65857880792822, "delaunay_k": 2, "edge_set": "Delaunay2" }, "geometry": { "type": "LineString", "coordinates": [ [ 14.859009, 64.308372 ], [ 16.894226, 63.713846 ] ] } },
{ "type": "Feature", "properties": { "voltage_kv": 220.0, "from_node": 26, "to_node": 80, "length_km": 108.28292583110839, "delaunay_k": 2, "edge_set": "Delaunay2" }, "geometry": { "type": "LineString", "coordinates": [ [ 14.859009, 64.308372 ], [ 16.962891, 63.994031 ] ] } },
{ "type": "Feature", "properties": { "voltage_kv": 220.0, "from_node": 26, "to_node": 95, "length_km": 118.89317832239125, "delaunay_k": 2, "edge_set": "Delaunay2" }, "geometry": { "type": "LineString", "coordinates": [ [ 14.859009, 64.308372 ], [ 17.310333, 64.26428 ] ] } },
{ "type": "Feature", "properties": { "voltage_kv": 220.0, "from_node": 27, "to_node": 37, "length_km": 50.452669463732072, "delaunay_k": 2, "edge_set": "Delaunay2" }, "geometry": { "type": "LineString", "coordinates": [ [ 14.959259, 64.35061 ], [ 15.619812, 64.001858 ] ] } },
{ "type": "Feature", "properties": { "voltage_kv": 220.0, "from_node": 27, "to_node": 41, "length_km": 54.818129950776239, "delaunay_k": 2, "edge_set": "Delaunay2" }, "geometry": { "type": "LineString", "coordinates": [ [ 14.959259, 64.35061 ], [ 15.761261, 64.700279 ] ] } },
{ "type": "Feature", "properties": { "voltage_kv": 220.0, "from_node": 27, "to_node": 42, "length_km": 79.247624939542888, "delaunay_k": 2, "edge_set": "Delaunay2" }, "geometry": { "type": "LineString", "coordinates": [ [ 14.959259, 64.35061 ], [ 15.783234, 64.967159 ] ] } },
{ "type": "Feature", "properties": { "voltage_kv": 220.0, "from_node": 27, "to_node": 46, "length_km": 61.258824275588246, "delaunay_k": 2, "edge_set": "Delaunay2" }, "geometry": { "type": "LineString", "coordinates": [ [ 14.959259, 64.35061 ], [ 15.923309, 64.710254 ] ] } },
{ "type": "Feature", "properties": { "voltage_kv": 220.0, "from_node": 27, "to_node": 80, "length_km": 105.29579171650585, "delaunay_k": 2, "edge_set": "Delaunay2" }, "geometry": { "type": "LineString", "coordinates": [ [ 14.959259, 64.35061 ], [ 16.962891, 63.994031 ] ] } },
{ "type": "Feature", "properties": { "voltage_kv": 220.0, "from_node": 27, "to_node": 95, "length_km": 114.25459708237747, "delaunay_k": 2, "edge_set": "Delaunay2" }, "geometry": { "type": "LineString", "coordinates": [ [ 14.959259, 64.35061 ], [ 17.310333, 64.26428 ] ] } },
{ "type": "Feature", "properties": { "voltage_kv": 220.0, "from_node": 28, "to_node": 42, "length_km": 92.376001685217531, "delaunay_k": 2, "edge_set": "Delaunay2" }, "geometry": { "type": "LineString", "coordinates": [ [ 14.965643971847902, 65.721629736713297 ], [ 15.783234, 64.967159 ] ] } },
{ "type": "Feature", "properties": { "voltage_kv": 220.0, "from_node": 28, "to_node": 60, "length_km": 79.539676785745542, "delaunay_k": 2, "edge_set": "Delaunay2" }, "geometry": { "type": "LineString", "coordinates": [ [ 14.965643971847902, 65.721629736713297 ], [ 16.387482, 65.321005 ] ] } },
{ "type": "Feature", "properties": { "voltage_kv": 220.0, "from_node": 28, "to_node": 99, "length_km": 144.64427198756547, "delaunay_k": 2, "edge_set": "Delaunay2" }, "geometry": { "type": "LineString", "coordinates": [ [ 14.965643971847902, 65.721629736713297 ], [ 17.541046, 64.996778 ] ] } },
{ "type": "Feature", "properties": { "voltage_kv": 220.0, "from_node": 29, "to_node": 31, "length_km": 92.527553855036913, "delaunay_k": 2, "edge_set": "Delaunay2" }, "geometry": { "type": "LineString", "coordinates": [ [ 15.005951, 62.413273 ], [ 15.206451, 63.237956 ] ] } },
{ "type": "Feature", "properties": { "voltage_kv": 220.0, "from_node": 29, "to_node": 35, "length_km": 90.350345568146878, "delaunay_k": 2, "edge_set": "Delaunay2" }, "geometry": { "type": "LineString", "coordinates": [ [ 15.005951, 62.413273 ], [ 15.493469, 63.19216 ] ] } },
{ "type": "Feature", "properties": { "voltage_kv": 220.0, "from_node": 29, "to_node": 40, "length_km": 90.690867948064309, "delaunay_k": 2, "edge_set": "Delaunay2" }, "geometry": { "type": "LineString", "coordinates": [ [ 15.005951, 62.413273 ], [ 15.746155, 63.152495 ] ] } },
{ "type": "Feature", "properties": { "voltage_kv": 220.0, "from_node": 29, "to_node": 48, "length_km": 56.368333027118709, "delaunay_k": 2, "edge_set": "Delaunay2" }, "geometry": { "type": "LineString", "coordinates": [ [ 15.005951, 62.413273 ], [ 16.074371, 62.517388 ] ] } },
{ "type": "Feature", "properties": { "voltage_kv": 220.0, "from_node": 29, "to_node": 50, "length_km": 75.613430100638098, "delaunay_k": 2, "edge_set": "Delaunay2" }, "geometry": { "type": "LineString", "coordinates": [ [ 15.005951, 62.413273 ], [ 16.160889, 62.833835 ] ] } },
{ "type": "Feature", "properties": { "voltage_kv": 220.0, "from_node": 29, "to_node": 52, "length_km": 233.3902991165003, "delaunay_k": 2, "edge_set": "Delaunay2" }, "geometry": { "type": "LineString", "coordinates": [ [ 15.005951, 62.413273 ], [ 16.177368, 60.396897 ] ] } },
{ "type": "Feature", "properties": { "voltage_kv": 220.0, "from_node": 29, "to_node": 56, "length_km": 99.02727198072624, "delaunay_k": 2, "edge_set": "Delaunay2" }, "geometry": { "type": "LineString", "coordinates": [ [ 15.005951, 62.413273 ], [ 16.316071, 61.771824 ] ] } },
{ "type": "Feature", "properties": { "voltage_kv": 220.0, "from_node": 29, "to_node": 58, "length_km": 68.719877257517567, "delaunay_k": 2, "edge_set": "Delaunay2" }, "geometry": { "type": "LineString", "coordinates": [ [ 15.005951, 62.413273 ], [ 16.333923, 62.398006 ] ] } },
{ "type": "Feature", "properties": { "voltage_kv": 220.0, "from_node": 29, "to_node": 63, "length_km": 135.38740566579403, "delaunay_k": 2, "edge_set": "Delaunay2" }, "geometry": { "type": "LineString", "coordinates": [ [ 15.005951, 62.413273 ], [ 16.44928, 61.407894 ] ] } },
{ "type": "Feature", "properties": { "voltage_kv": 220.0, "from_node": 30, "to_node": 52, "length_km": 147.33513012961944, "delaunay_k": 2, "edge_set": "Delaunay2" }, "geometry": { "type": "LineString", "coordinates": [ [ 15.184479, 59.173817 ], [ 16.177368, 60.396897 ] ] } },
{ "type": "Feature", "properties": { "voltage_kv": 220.0, "from_node": 30, "to_node": 54, "length_km": 147.04746596895262, "delaunay_k": 2, "edge_set": "Delaunay2" }, "geometry": { "type": "LineString", "coordinates": [ [ 15.184479, 59.173817 ], [ 16.284446847098103, 60.370428457277711 ] ] } },
{ "type": "Feature", "properties": { "voltage_kv": 220.0, "from_node": 30, "to_node": 59, "length_km": 79.911535828472566, "delaunay_k": 2, "edge_set": "Delaunay2" }, "geometry": { "type": "LineString", "coordinates": [ [ 15.184479, 59.173817 ], [ 16.368256, 59.559375 ] ] } },
{ "type": "Feature", "properties": { "voltage_kv": 220.0, "from_node": 30, "to_node": 67, "length_km": 99.559517463245555, "delaunay_k": 2, "edge_set": "Delaunay2" }, "geometry": { "type": "LineString", "coordinates": [ [ 15.184479, 59.173817 ], [ 16.679993, 59.6386 ] ] } },
{ "type": "Feature", "properties": { "voltage_kv": 220.0, "from_node": 30, "to_node": 96, "length_km": 136.02992925768453, "delaunay_k": 2, "edge_set": "Delaunay2" }, "geometry": { "type": "LineString", "coordinates": [ [ 15.184479, 59.173817 ], [ 17.329559, 59.716945 ] ] } },
{ "type": "Feature", "properties": { "voltage_kv": 220.0, "from_node": 30, "to_node": 102, "length_km": 159.96889612080699, "delaunay_k": 2, "edge_set": "Delaunay2" }, "geometry": { "type": "LineString", "coordinates": [ [ 15.184479, 59.173817 ], [ 17.789612, 59.719715 ] ] } },
{ "type": "Feature", "properties": { "voltage_kv": 220.0, "from_node": 30, "to_node": 104, "length_km": 167.08554533557617, "delaunay_k": 2, "edge_set": "Delaunay2" }, "geometry": { "type": "LineString", "coordinates": [ [ 15.184479, 59.173817 ], [ 18.095856, 59.317075 ] ] } },
{ "type": "Feature", "properties": { "voltage_kv": 220.0, "from_node": 30, "to_node": 105, "length_km": 167.55031870487443, "delaunay_k": 2, "edge_set": "Delaunay2" }, "geometry": { "type": "LineString", "coordinates": [ [ 15.184479, 59.173817 ], [ 18.110962, 59.168187 ] ] } },
{ "type": "Feature", "properties": { "voltage_kv": 220.0, "from_node": 30, "to_node": 108, "length_km": 186.70150348997652, "delaunay_k": 2, "edge_set": "Delaunay2" }, "geometry": { "type": "LineString", "coordinates": [ [ 15.184479, 59.173817 ], [ 18.404846, 59.480661 ] ] } },
{ "type": "Feature", "properties": { "voltage_kv": 220.0, "from_node": 31, "to_node": 36, "length_km": 90.501707410495428, "delaunay_k": 2, "edge_set": "Delaunay2" }, "geometry": { "type": "LineString", "coordinates": [ [ 15.206451, 63.237956 ], [ 15.544281, 62.441242 ] ] } },
{ "type": "Feature", "properties": { "voltage_kv": 220.0, "from_node": 31, "to_node": 39, "length_km": 95.049366119191532, "delaunay_k": 2, "edge_set": "Delaunay2" }, "geometry": { "type": "LineString", "coordinates": [ [ 15.206451, 63.237956 ], [ 15.674744, 64.064393 ] ] } },
{ "type": "Feature", "properties": { "voltage_kv": 220.0, "from_node": 31, "to_node": 40, "length_km": 28.802905678375772, "delaunay_k": 2, "edge_set": "Delaunay2" }, "geometry": { "type": "LineString", "coordinates": [ [ 15.206451, 63.237956 ], [ 15.746155, 63.152495 ] ] } },
{ "type": "Feature", "properties": { "voltage_kv": 220.0, "from_node": 31, "to_node": 50, "length_km": 66.086919137121654, "delaunay_k": 2, "edge_set": "Delaunay2" }, "geometry": { "type": "LineString", "coordinates": [ [ 15.206451, 63.237956 ], [ 16.160889, 62.833835 ] ] } },
{ "type": "Feature", "properties": { "voltage_kv": 220.0, "from_node": 31, "to_node": 51, "length_km": 48.756979125664849, "delaunay_k": 2, "edge_set": "Delaunay2" }, "geometry": { "type": "LineString", "coordinates": [ [ 15.206451, 63.237956 ], [ 16.166382, 63.179771 ] ] } },
{ "type": "Feature", "properties": { "voltage_kv": 220.0, "from_node": 31, "to_node": 71, "length_km": 86.264429462507124, "delaunay_k": 2, "edge_set": "Delaunay2" }, "geometry": { "type": "LineString", "coordinates": [ [ 15.206451, 63.237956 ], [ 16.756897, 63.577288 ] ] } },
{ "type": "Feature", "properties": { "voltage_kv": 220.0, "from_node": 31, "to_node": 72, "length_km": 91.307536012312227, "delaunay_k": 2, "edge_set": "Delaunay2" }, "geometry": { "type": "LineString", "coordinates": [ [ 15.206451, 63.237956 ], [ 16.791229, 63.646259 ] ] } },
{ "type": "Feature", "properties": { "voltage_kv": 220.0, "from_node": 31, "to_node": 77, "length_km": 99.521308738238901, "delaunay_k": 2, "edge_set": "Delaunay2" }, "geometry": { "type": "LineString", "coordinates": [ [ 15.206451, 63.237956 ], [ 16.894226, 63.713846 ] ] } },
{ "type": "Feature", "properties": { "voltage_kv": 220.0, "from_node": 31, "to_node": 80, "length_km": 121.29391354841175, "delaunay_k": 2, "edge_set": "Delaunay2" }, "geometry": { "type": "LineString", "coordinates": [ [ 15.206451, 63.237956 ], [ 16.962891, 63.994031 ] ] } },
{ "type": "Feature", "properties": { "voltage_kv": 220.0, "from_node": 32, "to_node": 54, "length_km": 116.80880160888239, "delaunay_k": 2, "edge_set": "Delaunay2" }, "geometry": { "type": "LineString", "coordinates": [ [ 15.231171, 59.466013 ], [ 16.284446847098103, 60.370428457277711 ] ] } },
{ "type": "Feature", "properties": { "voltage_kv": 220.0, "from_node": 32, "to_node": 59, "length_km": 65.266331872601469, "delaunay_k": 2, "edge_set": "Delaunay2" }, "geometry": { "type": "LineString", "coordinates": [ [ 15.231171, 59.466013 ], [ 16.368256, 59.559375 ] ] } },
{ "type": "Feature", "properties": { "voltage_kv": 220.0, "from_node": 32, "to_node": 62, "length_km": 67.411064857547544, "delaunay_k": 2, "edge_set": "Delaunay2" }, "geometry": { "type": "LineString", "coordinates": [ [ 15.231171, 59.466013 ], [ 16.417694, 59.502273 ] ] } },
{ "type": "Feature", "properties": { "voltage_kv": 220.0, "from_node": 32, "to_node": 63, "length_km": 226.68451971344479, "delaunay_k": 2, "edge_set": "Delaunay2" }, "geometry": { "type": "LineString", "coordinates": [ [ 15.231171, 59.466013 ], [ 16.44928, 61.407894 ] ] } },
{ "type": "Feature", "properties": { "voltage_kv": 220.0, "from_node": 32, "to_node": 65, "length_km": 125.22101649616462, "delaunay_k": 2, "edge_set": "Delaunay2" }, "geometry": { "type": "LineString", "coordinates": [ [ 15.231171, 59.466013 ], [ 16.512451, 60.38672 ] ] } },
{ "type": "Feature", "properties": { "voltage_kv": 220.0, "from_node": 32, "to_node": 66, "length_km": 180.18018159159215, "delaunay_k": 2, "edge_set": "Delaunay2" }, "geometry": { "type": "LineString", "coordinates": [ [ 15.231171, 59.466013 ], [ 16.637421, 60.922424 ] ] } },
{ "type": "Feature", "properties": { "voltage_kv": 220.0, "from_node": 32, "to_node": 101, "length_km": 146.94808160968864, "delaunay_k": 2, "edge_set": "Delaunay2" }, "geometry": { "type": "LineString", "coordinates": [ [ 15.231171, 59.466013 ], [ 17.766266, 59.221637 ] ] } },
{ "type": "Feature", "properties": { "voltage_kv": 220.0, "from_node": 32, "to_node": 106, "length_km": 170.55519479845194, "delaunay_k": 2, "edge_set": "Delaunay2" }, "geometry": { "type": "LineString", "coordinates": [ [ 15.231171, 59.466013 ], [ 18.124695, 59.084327 ] ] } },
{ "type": "Feature", "properties": { "voltage_kv": 220.0, "from_node": 33, "to_node": 39, "length_km": 55.19703332554829, "delaunay_k": 2, "edge_set": "Delaunay2" }, "geometry": { "type": "LineString", "coordinates": [ [ 15.450897, 64.54962 ], [ 15.674744, 64.064393 ] ] } },
{ "type": "Feature", "properties": { "voltage_kv": 220.0, "from_node": 33, "to_node": 44, "length_km": 105.79184297587861, "delaunay_k": 2, "edge_set": "Delaunay2" }, "geometry": { "type": "LineString", "coordinates": [ [ 15.450897, 64.54962 ], [ 15.812073, 65.485626 ] ] } },
{ "type": "Feature", "properties": { "voltage_kv": 220.0, "from_node": 33, "to_node": 46, "length_km": 28.846290184797251, "delaunay_k": 2, "edge_set": "Delaunay2" }, "geometry": { "type": "LineString", "coordinates": [ [ 15.450897, 64.54962 ], [ 15.923309, 64.710254 ] ] } },
{ "type": "Feature", "properties": { "voltage_kv": 220.0, "from_node": 33, "to_node": 60, "length_km": 96.792050380067835, "delaunay_k": 2, "edge_set": "Delaunay2" }, "geometry": { "type": "LineString", "coordinates": [ [ 15.450897, 64.54962 ], [ 16.387482, 65.321005 ] ] } },
{ "type": "Feature", "properties": { "voltage_kv": 220.0, "from_node": 33, "to_node": 95, "length_km": 95.202626955331539, "delaunay_k": 2, "edge_set": "Delaunay2" }, "geometry": { "type": "LineString", "coordinates": [ [ 15.450897, 64.54962 ], [ 17.310333, 64.26428 ] ] } },
{ "type": "Feature", "properties": { "voltage_kv": 220.0, "from_node": 33, "to_node": 99, "length_km": 111.31312471268971, "delaunay_k": 2, "edge_set": "Delaunay2" }, "geometry": { "type": "LineString", "coordinates": [ [ 15.450897, 64.54962 ], [ 17.541046, 64.996778 ] ] } },
{ "type": "Feature", "properties": { "voltage_kv": 220.0, "from_node": 34, "to_node": 37, "length_km": 96.605079153480077, "delaunay_k": 2, "edge_set": "Delaunay2" }, "geometry": { "type": "LineString", "coordinates": [ [ 15.490723, 63.137606 ], [ 15.619812, 64.001858 ] ] } },
{ "type": "Feature", "properties": { "voltage_kv": 220.0, "from_node": 34, "to_node": 43, "length_km": 20.136499958693086, "delaunay_k": 2, "edge_set": "Delaunay2" }, "geometry": { "type": "LineString", "coordinates": [ [ 15.490723, 63.137606 ], [ 15.805206, 63.249085 ] ] } },
{ "type": "Feature", "properties": { "voltage_kv": 220.0, "from_node": 34, "to_node": 45, "length_km": 140.98596416260551, "delaunay_k": 2, "edge_set": "Delaunay2" }, "geometry": { "type": "LineString", "coordinates": [ [ 15.490723, 63.137606 ], [ 15.843658, 61.88399 ] ] } },
{ "type": "Feature", "properties": { "voltage_kv": 220.0, "from_node": 34, "to_node": 48, "length_km": 75.306154467027952, "delaunay_k": 2, "edge_set": "Delaunay2" }, "geometry": { "type": "LineString", "coordinates": [ [ 15.490723, 63.137606 ], [ 16.074371, 62.517388 ] ] } },
{ "type": "Feature", "properties": { "voltage_kv": 220.0, "from_node": 34, "to_node": 49, "length_km": 31.732744244809698, "delaunay_k": 2, "edge_set": "Delaunay2" }, "geometry": { "type": "LineString", "coordinates": [ [ 15.490723, 63.137606 ], [ 16.11145, 63.093516 ] ] } },
{ "type": "Feature", "properties": { "voltage_kv": 220.0, "from_node": 34, "to_node": 51, "length_km": 34.396296241652401, "delaunay_k": 2, "edge_set": "Delaunay2" }, "geometry": { "type": "LineString", "coordinates": [ [ 15.490723, 63.137606 ], [ 16.166382, 63.179771 ] ] } },
{ "type": "Feature", "properties": { "voltage_kv": 220.0, "from_node": 34, "to_node": 53, "length_km": 40.730543175942771, "delaunay_k": 2, "edge_set": "Delaunay2" }, "geometry": { "type": "LineString", "coordinates": [ [ 15.490723, 63.137606 ], [ 16.280365, 63.064292 ] ] } },
{ "type": "Feature", "properties": { "voltage_kv": 220.0, "from_node": 34, "to_node": 55, "length_km": 54.003623425103498, "delaunay_k": 2, "edge_set": "Delaunay2" }, "geometry": { "type": "LineString", "coordinates": [ [ 15.490723, 63.137606 ], [ 16.294098, 62.820038 ] ] } },
{ "type": "Feature", "properties": { "voltage_kv": 220.0, "from_node": 34, "to_node": 58, "length_km": 93.068056419641508, "delaunay_k": 2, "edge_set": "Delaunay2" }, "geometry": { "type": "LineString", "coordinates": [ [ 15.490723, 63.137606 ], [ 16.333923, 62.398006 ] ] } },
{ "type": "Feature", "properties": { "voltage_kv": 220.0, "from_node": 35, "to_node": 36, "length_km": 83.784223112024677, "delaunay_k": 2, "edge_set": "Delaunay2" }, "geometry": { "type": "LineString", "coordinates": [ [ 15.493469, 63.19216 ], [ 15.544281, 62.441242 ] ] } },
{ "type": "Feature", "properties": { "voltage_kv": 220.0, "from_node": 35, "to_node": 37, "length_km": 90.525203387766979, "delaunay_k": 2, "edge_set": "Delaunay2" }, "geometry": { "type": "LineString", "coordinates": [ [ 15.493469, 63.19216 ], [ 15.619812, 64.001858 ] ] } },
{ "type": "Feature", "properties": { "voltage_kv": 220.0, "from_node": 35, "to_node": 49, "length_km": 33.065507660972479, "delaunay_k": 2, "edge_set": "Delaunay2" }, "geometry": { "type": "LineString", "coordinates": [ [ 15.493469, 63.19216 ], [ 16.11145, 63.093516 ] ] } },
{ "type": "Feature", "properties": { "voltage_kv": 220.0, "from_node": 35, "to_node": 50, "length_km": 52.358831940806247, "delaunay_k": 2, "edge_set": "Delaunay2" }, "geometry": { "type": "LineString", "coordinates": [ [ 15.493469, 63.19216 ], [ 16.160889, 62.833835 ] ] } },
{ "type": "Feature", "properties": { "voltage_kv": 220.0, "from_node": 35, "to_node": 51, "length_km": 33.931041753370096, "delaunay_k": 2, "edge_set": "Delaunay2" }, "geometry": { "type": "LineString", "coordinates": [ [ 15.493469, 63.19216 ], [ 16.166382, 63.179771 ] ] } },
{ "type": "Feature", "properties": { "voltage_kv": 220.0, "from_node": 35, "to_node": 71, "length_km": 76.435477400970058, "delaunay_k": 2, "edge_set": "Delaunay2" }, "geometry": { "type": "LineString", "coordinates": [ [ 15.493469, 63.19216 ], [ 16.756897, 63.577288 ] ] } },
{ "type": "Feature", "properties": { "voltage_kv": 220.0, "from_node": 36, "to_node": 40, "length_km": 79.989797219329589, "delaunay_k": 2, "edge_set": "Delaunay2" }, "geometry": { "type": "LineString", "coordinates": [ [ 15.544281, 62.441242 ], [ 15.746155, 63.152495 ] ] } },
{ "type": "Feature", "properties": { "voltage_kv": 220.0, "from_node": 36, "to_node": 49, "length_km": 78.310734335223842, "delaunay_k": 2, "edge_set": "Delaunay2" }, "geometry": { "type": "LineString", "coordinates": [ [ 15.544281, 62.441242 ], [ 16.11145, 63.093516 ] ] } },
{ "type": "Feature", "properties": { "voltage_kv": 220.0, "from_node": 36, "to_node": 53, "length_km": 79.02927132921036, "delaunay_k": 2, "edge_set": "Delaunay2" }, "geometry": { "type": "LineString", "coordinates": [ [ 15.544281, 62.441242 ], [ 16.280365, 63.064292 ] ] } },
{ "type": "Feature", "properties": { "voltage_kv": 220.0, "from_node": 36, "to_node": 55, "length_km": 57.159169586352036, "delaunay_k": 2, "edge_set": "Delaunay2" }, "geometry": { "type": "LineString", "coordinates": [ [ 15.544281, 62.441242 ], [ 16.294098, 62.820038 ] ] } },
{ "type": "Feature", "properties": { "voltage_kv": 220.0, "from_node": 36, "to_node": 56, "length_km": 84.853156677172862, "delaunay_k": 2, "edge_set": "Delaunay2" }, "geometry": { "type": "LineString", "coordinates": [ [ 15.544281, 62.441242 ], [ 16.316071, 61.771824 ] ] } },
{ "type": "Feature", "properties": { "voltage_kv": 220.0, "from_node": 36, "to_node": 57, "length_km": 41.0611991267075, "delaunay_k": 2, "edge_set": "Delaunay2" }, "geometry": { "type": "LineString", "coordinates": [ [ 15.544281, 62.441242 ], [ 16.329803, 62.499004 ] ] } },
{ "type": "Feature", "properties": { "voltage_kv": 220.0, "from_node": 36, "to_node": 63, "length_km": 124.67755976817392, "delaunay_k": 2, "edge_set": "Delaunay2" }, "geometry": { "type": "LineString", "coordinates": [ [ 15.544281, 62.441242 ], [ 16.44928, 61.407894 ] ] } },
{ "type": "Feature", "properties": { "voltage_kv": 220.0, "from_node": 36, "to_node": 82, "length_km": 74.879739249868877, "delaunay_k": 2, "edge_set": "Delaunay2" }, "geometry": { "type": "LineString", "coordinates": [ [ 15.544281, 62.441242 ], [ 16.993103, 62.438065 ] ] } },
{ "type": "Feature", "properties": { "voltage_kv": 220.0, "from_node": 37, "to_node": 38, "length_km": 58.859599773542882, "delaunay_k": 2, "edge_set": "Delaunay2" }, "geometry": { "type": "LineString", "coordinates": [ [ 15.619812, 64.001858 ], [ 15.622559, 64.529548 ] ] } },
{ "type": "Feature", "properties": { "voltage_kv": 220.0, "from_node": 37, "to_node": 40, "length_km": 94.942262860988009, "delaunay_k": 2, "edge_set": "Delaunay2" }, "geometry": { "type": "LineString", "coordinates": [ [ 15.619812, 64.001858 ], [ 15.746155, 63.152495 ] ] } },
{ "type": "Feature", "properties": { "voltage_kv": 220.0, "from_node": 37, "to_node": 51, "length_km": 95.632368262036437, "delaunay_k": 2, "edge_set": "Delaunay2" }, "geometry": { "type": "LineString", "coordinates": [ [ 15.619812, 64.001858 ], [ 16.166382, 63.179771 ] ] } },
{ "type": "Feature", "properties": { "voltage_kv": 220.0, "from_node": 37, "to_node": 61, "length_km": 100.21592610519392, "delaunay_k": 2, "edge_set": "Delaunay2" }, "geometry": { "type": "LineString", "coordinates": [ [ 15.619812, 64.001858 ], [ 16.401215, 63.173574 ] ] } },
{ "type": "Feature", "properties": { "voltage_kv": 220.0, "from_node": 37, "to_node": 78, "length_km": 89.993834543986168, "delaunay_k": 2, "edge_set": "Delaunay2" }, "geometry": { "type": "LineString", "coordinates": [ [ 15.619812, 64.001858 ], [ 16.910706, 63.433317 ] ] } },
{ "type": "Feature", "properties": { "voltage_kv": 220.0, "from_node": 37, "to_node": 79, "length_km": 81.781515399864091, "delaunay_k": 2, "edge_set": "Delaunay2" }, "geometry": { "type": "LineString", "coordinates": [ [ 15.619812, 64.001858 ], [ 16.923065, 63.549164 ] ] } },
{ "type": "Feature", "properties": { "voltage_kv": 220.0, "from_node": 37, "to_node": 83, "length_km": 75.886317862964233, "delaunay_k": 2, "edge_set": "Delaunay2" }, "geometry": { "type": "LineString", "coordinates": [ [ 15.619812, 64.001858 ], [ 17.041168, 63.737555 ] ] } },
{ "type": "Feature", "properties": { "voltage_kv": 220.0, "from_node": 37, "to_node": 88, "length_km": 77.444914460797463, "delaunay_k": 2, "edge_set": "Delaunay2" }, "geometry": { "type": "LineString", "coordinates": [ [ 15.619812, 64.001858 ], [ 17.156525, 63.845512 ] ] } },
{ "type": "Feature", "properties": { "voltage_kv": 220.0, "from_node": 37, "to_node": 90, "length_km": 76.475165938402952, "delaunay_k": 2, "edge_set": "Delaunay2" }, "geometry": { "type": "LineString", "coordinates": [ [ 15.619812, 64.001858 ], [ 17.168884, 63.922284 ] ] } },
{ "type": "Feature", "properties": { "voltage_kv": 220.0, "from_node": 37, "to_node": 93, "length_km": 82.447379916407584, "delaunay_k": 2, "edge_set": "Delaunay2" }, "geometry": { "type": "LineString", "coordinates": [ [ 15.619812, 64.001858 ], [ 17.271881, 64.154341 ] ] } },
{ "type": "Feature", "properties": { "voltage_kv": 220.0, "from_node": 37, "to_node": 95, "length_km": 87.43500213213207, "delaunay_k": 2, "edge_set": "Delaunay2" }, "geometry": { "type": "LineString", "coordinates": [ [ 15.619812, 64.001858 ], [ 17.310333, 64.26428 ] ] } },
{ "type": "Feature", "properties": { "voltage_kv": 220.0, "from_node": 38, "to_node": 42, "length_km": 49.411729309178611, "delaunay_k": 2, "edge_set": "Delaunay2" }, "geometry": { "type": "LineString", "coordinates": [ [ 15.622559, 64.529548 ], [ 15.783234, 64.967159 ] ] } },
{ "type": "Feature", "properties": { "voltage_kv": 220.0, "from_node": 38, "to_node": 80, "length_km": 88.295012918103239, "delaunay_k": 2, "edge_set": "Delaunay2" }, "geometry": { "type": "LineString", "coordinates": [ [ 15.622559, 64.529548 ], [ 16.962891, 63.994031 ] ] } },
{ "type": "Feature", "properties": { "voltage_kv": 220.0, "from_node": 38, "to_node": 93, "length_km": 90.089867978004605, "delaunay_k": 2, "edge_set": "Delaunay2" }, "geometry": { "type": "LineString", "coordinates": [ [ 15.622559, 64.529548 ], [ 17.271881, 64.154341 ] ] } },
{ "type": "Feature", "properties": { "voltage_kv": 220.0, "from_node": 38, "to_node": 98, "length_km": 96.389854080738871, "delaunay_k": 2, "edge_set": "Delaunay2" }, "geometry": { "type": "LineString", "coordinates": [ [ 15.622559, 64.529548 ], [ 17.449036, 64.183063 ] ] } },
{ "type": "Feature", "properties": { "voltage_kv": 220.0, "from_node": 38, "to_node": 99, "length_km": 105.19627607091127, "delaunay_k": 2, "edge_set": "Delaunay2" }, "geometry": { "type": "LineString", "coordinates": [ [ 15.622559, 64.529548 ], [ 17.541046, 64.996778 ] ] } },
{ "type": "Feature", "properties": { "voltage_kv": 220.0, "from_node": 39, "to_node": 41, "length_km": 71.053240670381186, "delaunay_k": 2, "edge_set": "Delaunay2" }, "geometry": { "type": "LineString", "coordinates": [ [ 15.674744, 64.064393 ], [ 15.761261, 64.700279 ] ] } },
{ "type": "Feature", "properties": { "voltage_kv": 220.0, "from_node": 39, "to_node": 43, "length_km": 91.167703792570407, "delaunay_k": 2, "edge_set": "Delaunay2" }, "geometry": { "type": "LineString", "coordinates": [ [ 15.674744, 64.064393 ], [ 15.805206, 63.249085 ] ] } },
{ "type": "Feature", "properties": { "voltage_kv": 220.0, "from_node": 39, "to_node": 46, "length_km": 73.037059794015505, "delaunay_k": 2, "edge_set": "Delaunay2" }, "geometry": { "type": "LineString", "coordinates": [ [ 15.674744, 64.064393 ], [ 15.923309, 64.710254 ] ] } },
{ "type": "Feature", "properties": { "voltage_kv": 220.0, "from_node": 39, "to_node": 71, "length_km": 76.134340145459589, "delaunay_k": 2, "edge_set": "Delaunay2" }, "geometry": { "type": "LineString", "coordinates": [ [ 15.674744, 64.064393 ], [ 16.756897, 63.577288 ] ] } },
{ "type": "Feature", "properties": { "voltage_kv": 220.0, "from_node": 39, "to_node": 72, "length_km": 72.079595997190026, "delaunay_k": 2, "edge_set": "Delaunay2" }, "geometry": { "type": "LineString", "coordinates": [ [ 15.674744, 64.064393 ], [ 16.791229, 63.646259 ] ] } },
{ "type": "Feature", "properties": { "voltage_kv": 220.0, "from_node": 39, "to_node": 77, "length_km": 71.577352676835957, "delaunay_k": 2, "edge_set": "Delaunay2" }, "geometry": { "type": "LineString", "coordinates": [ [ 15.674744, 64.064393 ], [ 16.894226, 63.713846 ] ] } },
{ "type": "Feature", "properties": { "voltage_kv": 220.0, "from_node": 39, "to_node": 88, "length_km": 76.669828569451013, "delaunay_k": 2, "edge_set": "Delaunay2" }, "geometry": { "type": "LineString", "coordinates": [ [ 15.674744, 64.064393 ], [ 17.156525, 63.845512 ] ] } },
{ "type": "Feature", "properties": { "voltage_kv": 220.0, "from_node": 39, "to_node": 90, "length_km": 74.880881310739198, "delaunay_k": 2, "edge_set": "Delaunay2" }, "geometry": { "type": "LineString", "coordinates": [ [ 15.674744, 64.064393 ], [ 17.168884, 63.922284 ] ] } },
{ "type": "Feature", "properties": { "voltage_kv": 220.0, "from_node": 39, "to_node": 93, "length_km": 78.547858950983496, "delaunay_k": 2, "edge_set": "Delaunay2" }, "geometry": { "type": "LineString", "coordinates": [ [ 15.674744, 64.064393 ], [ 17.271881, 64.154341 ] ] } },
{ "type": "Feature", "properties": { "voltage_kv": 220.0, "from_node": 39, "to_node": 98, "length_km": 87.509804695724156, "delaunay_k": 2, "edge_set": "Delaunay2" }, "geometry": { "type": "LineString", "coordinates": [ [ 15.674744, 64.064393 ], [ 17.449036, 64.183063 ] ] } },
{ "type": "Feature", "properties": { "voltage_kv": 220.0, "from_node": 39, "to_node": 99, "length_km": 137.32325122128913, "delaunay_k": 2, "edge_set": "Delaunay2" }, "geometry": { "type": "LineString", "coordinates": [ [ 15.674744, 64.064393 ], [ 17.541046, 64.996778 ] ] } },
{ "type": "Feature", "properties": { "voltage_kv": 220.0, "from_node": 40, "to_node": 48, "length_km": 72.786691360447193, "delaunay_k": 2, "edge_set": "Delaunay2" }, "geometry": { "type": "LineString", "coordinates": [ [ 15.746155, 63.152495 ], [ 16.074371, 62.517388 ] ] } },
{ "type": "Feature", "properties": { "voltage_kv": 220.0, "from_node": 40, "to_node": 53, "length_km": 28.725505913724948, "delaunay_k": 2, "edge_set": "Delaunay2" }, "geometry": { "type": "LineString", "coordinates": [ [ 15.746155, 63.152495 ], [ 16.280365, 63.064292 ] ] } },
{ "type": "Feature", "properties": { "voltage_kv": 220.0, "from_node": 40, "to_node": 55, "length_km": 46.344566013884133, "delaunay_k": 2, "edge_set": "Delaunay2" }, "geometry": { "type": "LineString", "coordinates": [ [ 15.746155, 63.152495 ], [ 16.294098, 62.820038 ] ] } },
{ "type": "Feature", "properties": { "voltage_kv": 220.0, "from_node": 40, "to_node": 61, "length_km": 33.115441354194004, "delaunay_k": 2, "edge_set": "Delaunay2" }, "geometry": { "type": "LineString", "coordinates": [ [ 15.746155, 63.152495 ], [ 16.401215, 63.173574 ] ] } },
{ "type": "Feature", "properties": { "voltage_kv": 220.0, "from_node": 40, "to_node": 71, "length_km": 69.333579722610722, "delaunay_k": 2, "edge_set": "Delaunay2" }, "geometry": { "type": "LineString", "coordinates": [ [ 15.746155, 63.152495 ], [ 16.756897, 63.577288 ] ] } },
{ "type": "Feature", "properties": { "voltage_kv": 220.0, "from_node": 41, "to_node": 44, "length_km": 87.642062590673206, "delaunay_k": 2, "edge_set": "Delaunay2" }, "geometry": { "type": "LineString", "coordinates": [ [ 15.761261, 64.700279 ], [ 15.812073, 65.485626 ] ] } },
{ "type": "Feature", "properties": { "voltage_kv": 220.0, "from_node": 41, "to_node": 60, "length_km": 75.2895458898642, "delaunay_k": 2, "edge_set": "Delaunay2" }, "geometry": { "type": "LineString", "coordinates": [ [ 15.761261, 64.700279 ], [ 16.387482, 65.321005 ] ] } },
{ "type": "Feature", "properties": { "voltage_kv": 220.0, "from_node": 41, "to_node": 95, "length_km": 89.012160900681295, "delaunay_k": 2, "edge_set": "Delaunay2" }, "geometry": { "type": "LineString", "coordinates": [ [ 15.761261, 64.700279 ], [ 17.310333, 64.26428 ] ] } },
{ "type": "Feature", "properties": { "voltage_kv": 220.0, "from_node": 41, "to_node": 99, "length_km": 90.745999123088609, "delaunay_k": 2, "edge_set": "Delaunay2" }, "geometry": { "type": "LineString", "coordinates": [ [ 15.761261, 64.700279 ], [ 17.541046, 64.996778 ] ] } },
{ "type": "Feature", "properties": { "voltage_kv": 220.0, "from_node": 42, "to_node": 64, "length_km": 57.289915626968039, "delaunay_k": 2, "edge_set": "Delaunay2" }, "geometry": { "type": "LineString", "coordinates": [ [ 15.783234, 64.967159 ], [ 16.489105, 65.386291 ] ] } },
{ "type": "Feature", "properties": { "voltage_kv": 220.0, "from_node": 42, "to_node": 95, "length_km": 107.22542855300469, "delaunay_k": 2, "edge_set": "Delaunay2" }, "geometry": { "type": "LineString", "coordinates": [ [ 15.783234, 64.967159 ], [ 17.310333, 64.26428 ] ] } },
{ "type": "Feature", "properties": { "voltage_kv": 220.0, "from_node": 42, "to_node": 98, "length_km": 118.47116232273299, "delaunay_k": 2, "edge_set": "Delaunay2" }, "geometry": { "type": "LineString", "coordinates": [ [ 15.783234, 64.967159 ], [ 17.449036, 64.183063 ] ] } },
{ "type": "Feature", "properties": { "voltage_kv": 220.0, "from_node": 43, "to_node": 49, "length_km": 23.2253698340154, "delaunay_k": 2, "edge_set": "Delaunay2" }, "geometry": { "type": "LineString", "coordinates": [ [ 15.805206, 63.249085 ], [ 16.11145, 63.093516 ] ] } },
{ "type": "Feature", "properties": { "voltage_kv": 220.0, "from_node": 43, "to_node": 50, "length_km": 49.695008895553933, "delaunay_k": 2, "edge_set": "Delaunay2" }, "geometry": { "type": "LineString", "coordinates": [ [ 15.805206, 63.249085 ], [ 16.160889, 62.833835 ] ] } },
{ "type": "Feature", "properties": { "voltage_kv": 220.0, "from_node": 43, "to_node": 53, "length_km": 31.610059786714533, "delaunay_k": 2, "edge_set": "Delaunay2" }, "geometry": { "type": "LineString", "coordinates": [ [ 15.805206, 63.249085 ], [ 16.280365, 63.064292 ] ] } },
{ "type": "Feature", "properties": { "voltage_kv": 220.0, "from_node": 43, "to_node": 61, "length_km": 31.164181606359275, "delaunay_k": 2, "edge_set": "Delaunay2" }, "geometry": { "type": "LineString", "coordinates": [ [ 15.805206, 63.249085 ], [ 16.401215, 63.173574 ] ] } },
{ "type": "Feature", "properties": { "voltage_kv": 220.0, "from_node": 43, "to_node": 72, "length_km": 66.234588947635004, "delaunay_k": 2, "edge_set": "Delaunay2" }, "geometry": { "type": "LineString", "coordinates": [ [ 15.805206, 63.249085 ], [ 16.791229, 63.646259 ] ] } },
{ "type": "Feature", "properties": { "voltage_kv": 220.0, "from_node": 43, "to_node": 77, "length_km": 75.086389528969178, "delaunay_k": 2, "edge_set": "Delaunay2" }, "geometry": { "type": "LineString", "coordinates": [ [ 15.805206, 63.249085 ], [ 16.894226, 63.713846 ] ] } },
{ "type": "Feature", "properties": { "voltage_kv": 220.0, "from_node": 43, "to_node": 78, "length_km": 59.095659344763391, "delaunay_k": 2, "edge_set": "Delaunay2" }, "geometry": { "type": "LineString", "coordinates": [ [ 15.805206, 63.249085 ], [ 16.910706, 63.433317 ] ] } },
{ "type": "Feature", "properties": { "voltage_kv": 220.0, "from_node": 43, "to_node": 79, "length_km": 65.167974192915935, "delaunay_k": 2, "edge_set": "Delaunay2" }, "geometry": { "type": "LineString", "coordinates": [ [ 15.805206, 63.249085 ], [ 16.923065, 63.549164 ] ] } },
{ "type": "Feature", "properties": { "voltage_kv": 220.0, "from_node": 43, "to_node": 80, "length_km": 101.03015374578128, "delaunay_k": 2, "edge_set": "Delaunay2" }, "geometry": { "type": "LineString", "coordinates": [ [ 15.805206, 63.249085 ], [ 16.962891, 63.994031 ] ] } },
{ "type": "Feature", "properties": { "voltage_kv": 220.0, "from_node": 44, "to_node": 46, "length_km": 86.656510854277585, "delaunay_k": 2, "edge_set": "Delaunay2" }, "geometry": { "type": "LineString", "coordinates": [ [ 15.812073, 65.485626 ], [ 15.923309, 64.710254 ] ] } },
{ "type": "Feature", "properties": { "voltage_kv": 220.0, "from_node": 44, "to_node": 99, "length_km": 97.560340220724555, "delaunay_k": 2, "edge_set": "Delaunay2" }, "geometry": { "type": "LineString", "coordinates": [ [ 15.812073, 65.485626 ], [ 17.541046, 64.996778 ] ] } },
{ "type": "Feature", "properties": { "voltage_kv": 220.0, "from_node": 45, "to_node": 48, "length_km": 71.657376138677392, "delaunay_k": 2, "edge_set": "Delaunay2" }, "geometry": { "type": "LineString", "coordinates": [ [ 15.843658, 61.88399 ], [ 16.074371, 62.517388 ] ] } },
{ "type": "Feature", "properties": { "voltage_kv": 220.0, "from_node": 45, "to_node": 50, "length_km": 107.20608109074229, "delaunay_k": 2, "edge_set": "Delaunay2" }, "geometry": { "type": "LineString", "coordinates": [ [ 15.843658, 61.88399 ], [ 16.160889, 62.833835 ] ] } },
{ "type": "Feature", "properties": { "voltage_kv": 220.0, "from_node": 45, "to_node": 52, "length_km": 166.81278711170691, "delaunay_k": 2, "edge_set": "Delaunay2" }, "geometry": { "type": "LineString", "coordinates": [ [ 15.843658, 61.88399 ], [ 16.177368, 60.396897 ] ] } },
{ "type": "Feature", "properties": { "voltage_kv": 220.0, "from_node": 45, "to_node": 57, "length_km": 73.12254141844042, "delaunay_k": 2, "edge_set": "Delaunay2" }, "geometry": { "type": "LineString", "coordinates": [ [ 15.843658, 61.88399 ], [ 16.329803, 62.499004 ] ] } },
{ "type": "Feature", "properties": { "voltage_kv": 220.0, "from_node": 45, "to_node": 66, "length_km": 115.33483798179084, "delaunay_k": 2, "edge_set": "Delaunay2" }, "geometry": { "type": "LineString", "coordinates": [ [ 15.843658, 61.88399 ], [ 16.637421, 60.922424 ] ] } },
{ "type": "Feature", "properties": { "voltage_kv": 220.0, "from_node": 45, "to_node": 82, "length_km": 86.1103111613549, "delaunay_k": 2, "edge_set": "Delaunay2" }, "geometry": { "type": "LineString", "coordinates": [ [ 15.843658, 61.88399 ], [ 16.993103, 62.438065 ] ] } },
{ "type": "Feature", "properties": { "voltage_kv": 220.0, "from_node": 45, "to_node": 89, "length_km": 106.11390726758647, "delaunay_k": 2, "edge_set": "Delaunay2" }, "geometry": { "type": "LineString", "coordinates": [ [ 15.843658, 61.88399 ], [ 17.166138, 61.172384 ] ] } },
{ "type": "Feature", "properties": { "voltage_kv": 220.0, "from_node": 45, "to_node": 97, "length_km": 94.992512356659063, "delaunay_k": 2, "edge_set": "Delaunay2" }, "geometry": { "type": "LineString", "coordinates": [ [ 15.843658, 61.88399 ], [ 17.362518, 62.352158 ] ] } },
{ "type": "Feature", "properties": { "voltage_kv": 220.0, "from_node": 46, "to_node": 60, "length_km": 71.570331745012979, "delaunay_k": 2, "edge_set": "Delaunay2" }, "geometry": { "type": "LineString", "coordinates": [ [ 15.923309, 64.710254 ], [ 16.387482, 65.321005 ] ] } },
{ "type": "Feature", "properties": { "voltage_kv": 220.0, "from_node": 46, "to_node": 64, "length_km": 79.99576130453309, "delaunay_k": 2, "edge_set": "Delaunay2" }, "geometry": { "type": "LineString", "coordinates": [ [ 15.923309, 64.710254 ], [ 16.489105, 65.386291 ] ] } },
{ "type": "Feature", "properties": { "voltage_kv": 220.0, "from_node": 46, "to_node": 80, "length_km": 94.399899872033998, "delaunay_k": 2, "edge_set": "Delaunay2" }, "geometry": { "type": "LineString", "coordinates": [ [ 15.923309, 64.710254 ], [ 16.962891, 63.994031 ] ] } },
{ "type": "Feature", "properties": { "voltage_kv": 220.0, "from_node": 46, "to_node": 93, "length_km": 89.855420996689915, "delaunay_k": 2, "edge_set": "Delaunay2" }, "geometry": { "type": "LineString", "coordinates": [ [ 15.923309, 64.710254 ], [ 17.271881, 64.154341 ] ] } },
{ "type": "Feature", "properties": { "voltage_kv": 220.0, "from_node": 46, "to_node": 98, "length_km": 94.154282236451436, "delaunay_k": 2, "edge_set": "Delaunay2" }, "geometry": { "type": "LineString", "coordinates": [ [ 15.923309, 64.710254 ], [ 17.449036, 64.183063 ] ] } },
{ "type": "Feature", "properties": { "voltage_kv": 220.0, "from_node": 47, "to_node": 63, "length_km": 214.75399331602409, "delaunay_k": 2, "edge_set": "Delaunay2" }, "geometry": { "type": "LineString", "coordinates": [ [ 15.971375, 59.496697 ], [ 16.44928, 61.407894 ] ] } },
{ "type": "Feature", "properties": { "voltage_kv": 220.0, "from_node": 47, "to_node": 65, "length_km": 103.76487001158029, "delaunay_k": 2, "edge_set": "Delaunay2" }, "geometry": { "type": "LineString", "coordinates": [ [ 15.971375, 59.496697 ], [ 16.512451, 60.38672 ] ] } },
{ "type": "Feature", "properties": { "voltage_kv": 220.0, "from_node": 47, "to_node": 66, "length_km": 163.23654030326296, "delaunay_k": 2, "edge_set": "Delaunay2" }, "geometry": { "type": "LineString", "coordinates": [ [ 15.971375, 59.496697 ], [ 16.637421, 60.922424 ] ] } },
{ "type": "Feature", "properties": { "voltage_kv": 220.0, "from_node": 47, "to_node": 67, "length_km": 43.104876572712946, "delaunay_k": 2, "edge_set": "Delaunay2" }, "geometry": { "type": "LineString", "coordinates": [ [ 15.971375, 59.496697 ], [ 16.679993, 59.6386 ] ] } },
{ "type": "Feature", "properties": { "voltage_kv": 220.0, "from_node": 47, "to_node": 76, "length_km": 62.675760653170336, "delaunay_k": 2, "edge_set": "Delaunay2" }, "geometry": { "type": "LineString", "coordinates": [ [ 15.971375, 59.496697 ], [ 16.884613, 59.816518 ] ] } },
{ "type": "Feature", "properties": { "voltage_kv": 220.0, "from_node": 47, "to_node": 101, "length_km": 106.71375452992737, "delaunay_k": 2, "edge_set": "Delaunay2" }, "geometry": { "type": "LineString", "coordinates": [ [ 15.971375, 59.496697 ], [ 17.766266, 59.221637 ] ] } },
{ "type": "Feature", "properties": { "voltage_kv": 220.0, "from_node": 47, "to_node": 106, "length_km": 131.20251833205921, "delaunay_k": 2, "edge_set": "Delaunay2" }, "geometry": { "type": "LineString", "coordinates": [ [ 15.971375, 59.496697 ], [ 18.124695, 59.084327 ] ] } },
{ "type": "Feature", "properties": { "voltage_kv": 220.0, "from_node": 48, "to_node": 49, "length_km": 64.289453221435167, "delaunay_k": 2, "edge_set": "Delaunay2" }, "geometry": { "type": "LineString", "coordinates": [ [ 16.074371, 62.517388 ], [ 16.11145, 63.093516 ] ] } },
{ "type": "Feature", "properties": { "voltage_kv": 220.0, "from_node": 48, "to_node": 53, "length_km": 61.903922193344457, "delaunay_k": 2, "edge_set": "Delaunay2" }, "geometry": { "type": "LineString", "coordinates": [ [ 16.074371, 62.517388 ], [ 16.280365, 63.064292 ] ] } },
{ "type": "Feature", "properties": { "voltage_kv": 220.0, "from_node": 48, "to_node": 56, "length_km": 84.109368242684312, "delaunay_k": 2, "edge_set": "Delaunay2" }, "geometry": { "type": "LineString", "coordinates": [ [ 16.074371, 62.517388 ], [ 16.316071, 61.771824 ] ] } },
{ "type": "Feature", "properties": { "voltage_kv": 220.0, "from_node": 48, "to_node": 68, "length_km": 61.470742136267177, "delaunay_k": 2, "edge_set": "Delaunay2" }, "geometry": { "type": "LineString", "coordinates": [ [ 16.074371, 62.517388 ], [ 16.682739, 62.992664 ] ] } },
{ "type": "Feature", "properties": { "voltage_kv": 220.0, "from_node": 48, "to_node": 69, "length_km": 52.33736419922618, "delaunay_k": 2, "edge_set": "Delaunay2" }, "geometry": { "type": "LineString", "coordinates": [ [ 16.074371, 62.517388 ], [ 16.717072, 62.882075 ] ] } },
{ "type": "Feature", "properties": { "voltage_kv": 220.0, "from_node": 48, "to_node": 73, "length_km": 42.742956494889953, "delaunay_k": 2, "edge_set": "Delaunay2" }, "geometry": { "type": "LineString", "coordinates": [ [ 16.074371, 62.517388 ], [ 16.792603, 62.710685 ] ] } },
{ "type": "Feature", "properties": { "voltage_kv": 220.0, "from_node": 48, "to_node": 82, "length_km": 48.244976008401686, "delaunay_k": 2, "edge_set": "Delaunay2" }, "geometry": { "type": "LineString", "coordinates": [ [ 16.074371, 62.517388 ], [ 16.993103, 62.438065 ] ] } },
{ "type": "Feature", "properties": { "voltage_kv": 220.0, "from_node": 49, "to_node": 55, "length_km": 31.884439887942619, "delaunay_k": 2, "edge_set": "Delaunay2" }, "geometry": { "type": "LineString", "coordinates": [ [ 16.11145, 63.093516 ], [ 16.294098, 62.820038 ] ] } },
{ "type": "Feature", "properties": { "voltage_kv": 220.0, "from_node": 49, "to_node": 61, "length_km": 17.137978815483397, "delaunay_k": 2, "edge_set": "Delaunay2" }, "geometry": { "type": "LineString", "coordinates": [ [ 16.11145, 63.093516 ], [ 16.401215, 63.173574 ] ] } },
{ "type": "Feature", "properties": { "voltage_kv": 220.0, "from_node": 49, "to_node": 68, "length_km": 31.040240515440363, "delaunay_k": 2, "edge_set": "Delaunay2" }, "geometry": { "type": "LineString", "coordinates": [ [ 16.11145, 63.093516 ], [ 16.682739, 62.992664 ] ] } },
{ "type": "Feature", "properties": { "voltage_kv": 220.0, "from_node": 49, "to_node": 70, "length_km": 31.303344285988874, "delaunay_k": 2, "edge_set": "Delaunay2" }, "geometry": { "type": "LineString", "coordinates": [ [ 16.11145, 63.093516 ], [ 16.730635536972599, 63.098502635448106 ] ] } },
{ "type": "Feature", "properties": { "voltage_kv": 220.0, "from_node": 49, "to_node": 71, "length_km": 62.924399667688526, "delaunay_k": 2, "edge_set": "Delaunay2" }, "geometry": { "type": "LineString", "coordinates": [ [ 16.11145, 63.093516 ], [ 16.756897, 63.577288 ] ] } },
{ "type": "Feature", "properties": { "voltage_kv": 220.0, "from_node": 50, "to_node": 51, "length_km": 38.588421593741472, "delaunay_k": 2, "edge_set": "Delaunay2" }, "geometry": { "type": "LineString", "coordinates": [ [ 16.160889, 62.833835 ], [ 16.166382, 63.179771 ] ] } },
{ "type": "Feature", "properties": { "voltage_kv": 220.0, "from_node": 50, "to_node": 57, "length_km": 38.340164285085642, "delaunay_k": 2, "edge_set": "Delaunay2" }, "geometry": { "type": "LineString", "coordinates": [ [ 16.160889, 62.833835 ], [ 16.329803, 62.499004 ] ] } },
{ "type": "Feature", "properties": { "voltage_kv": 220.0, "from_node": 50, "to_node": 58, "length_km": 49.420226235957117, "delaunay_k": 2, "edge_set": "Delaunay2" }, "geometry": { "type": "LineString", "coordinates": [ [ 16.160889, 62.833835 ], [ 16.333923, 62.398006 ] ] } },
{ "type": "Feature", "properties": { "voltage_kv": 220.0, "from_node": 50, "to_node": 61, "length_km": 39.808480132064219, "delaunay_k": 2, "edge_set": "Delaunay2" }, "geometry": { "type": "LineString", "coordinates": [ [ 16.160889, 62.833835 ], [ 16.401215, 63.173574 ] ] } },
{ "type": "Feature", "properties": { "voltage_kv": 220.0, "from_node": 50, "to_node": 68, "length_km": 31.914018780573901, "delaunay_k": 2, "edge_set": "Delaunay2" }, "geometry": { "type": "LineString", "coordinates": [ [ 16.160889, 62.833835 ], [ 16.682739, 62.992664 ] ] } },
{ "type": "Feature", "properties": { "voltage_kv": 220.0, "from_node": 50, "to_node": 69, "length_km": 28.85027622815198, "delaunay_k": 2, "edge_set": "Delaunay2" }, "geometry": { "type": "LineString", "coordinates": [ [ 16.160889, 62.833835 ], [ 16.717072, 62.882075 ] ] } },
{ "type": "Feature", "properties": { "voltage_kv": 220.0, "from_node": 50, "to_node": 70, "length_km": 41.334463823847493, "delaunay_k": 2, "edge_set": "Delaunay2" }, "geometry": { "type": "LineString", "coordinates": [ [ 16.160889, 62.833835 ], [ 16.730635536972599, 63.098502635448106 ] ] } },
{ "type": "Feature", "properties": { "voltage_kv": 220.0, "from_node": 50, "to_node": 73, "length_km": 35.088502827575397, "delaunay_k": 2, "edge_set": "Delaunay2" }, "geometry": { "type": "LineString", "coordinates": [ [ 16.160889, 62.833835 ], [ 16.792603, 62.710685 ] ] } },
{ "type": "Feature", "properties": { "voltage_kv": 220.0, "from_node": 51, "to_node": 55, "length_km": 40.646508714448252, "delaunay_k": 2, "edge_set": "Delaunay2" }, "geometry": { "type": "LineString", "coordinates": [ [ 16.166382, 63.179771 ], [ 16.294098, 62.820038 ] ] } },
{ "type": "Feature", "properties": { "voltage_kv": 220.0, "from_node": 51, "to_node": 68, "length_km": 33.427066845587476, "delaunay_k": 2, "edge_set": "Delaunay2" }, "geometry": { "type": "LineString", "coordinates": [ [ 16.166382, 63.179771 ], [ 16.682739, 62.992664 ] ] } },
{ "type": "Feature", "properties": { "voltage_kv": 220.0, "from_node": 51, "to_node": 70, "length_km": 29.887811373146175, "delaunay_k": 2, "edge_set": "Delaunay2" }, "geometry": { "type": "LineString", "coordinates": [ [ 16.166382, 63.179771 ], [ 16.730635536972599, 63.098502635448106 ] ] } },
{ "type": "Feature", "properties": { "voltage_kv": 220.0, "from_node": 51, "to_node": 72, "length_km": 60.697404371313802, "delaunay_k": 2, "edge_set": "Delaunay2" }, "geometry": { "type": "LineString", "coordinates": [ [ 16.166382, 63.179771 ], [ 16.791229, 63.646259 ] ] } },
{ "type": "Feature", "properties": { "voltage_kv": 220.0, "from_node": 51, "to_node": 74, "length_km": 35.837347615530419, "delaunay_k": 2, "edge_set": "Delaunay2" }, "geometry": { "type": "LineString", "coordinates": [ [ 16.166382, 63.179771 ], [ 16.876373, 63.164276 ] ] } },
{ "type": "Feature", "properties": { "voltage_kv": 220.0, "from_node": 51, "to_node": 78, "length_km": 46.8536210803166, "delaunay_k": 2, "edge_set": "Delaunay2" }, "geometry": { "type": "LineString", "coordinates": [ [ 16.166382, 63.179771 ], [ 16.910706, 63.433317 ] ] } },
{ "type": "Feature", "properties": { "voltage_kv": 220.0, "from_node": 51, "to_node": 79, "length_km": 55.985158421034953, "delaunay_k": 2, "edge_set": "Delaunay2" }, "geometry": { "type": "LineString", "coordinates": [ [ 16.166382, 63.179771 ], [ 16.923065, 63.549164 ] ] } },
{ "type": "Feature", "properties": { "voltage_kv": 220.0, "from_node": 51, "to_node": 81, "length_km": 46.519531651748494, "delaunay_k": 2, "edge_set": "Delaunay2" }, "geometry": { "type": "LineString", "coordinates": [ [ 16.166382, 63.179771 ], [ 16.98761, 63.372448 ] ] } },
{ "type": "Feature", "properties": { "voltage_kv": 220.0, "from_node": 52, "to_node": 56, "length_km": 153.52561536053332, "delaunay_k": 2, "edge_set": "Delaunay2" }, "geometry": { "type": "LineString", "coordinates": [ [ 16.177368, 60.396897 ], [ 16.316071, 61.771824 ] ] } },
{ "type": "Feature", "properties": { "voltage_kv": 220.0, "from_node": 52, "to_node": 59, "length_km": 94.005604775834868, "delaunay_k": 2, "edge_set": "Delaunay2" }, "geometry": { "type": "LineString", "coordinates": [ [ 16.177368, 60.396897 ], [ 16.368256, 59.559375 ] ] } },
{ "type": "Feature", "properties": { "voltage_kv": 220.0, "from_node": 52, "to_node": 62, "length_km": 100.66840971400609, "delaunay_k": 2, "edge_set": "Delaunay2" }, "geometry": { "type": "LineString", "coordinates": [ [ 16.177368, 60.396897 ], [ 16.417694, 59.502273 ] ] } },
{ "type": "Feature", "properties": { "voltage_kv": 220.0, "from_node": 52, "to_node": 76, "length_km": 75.765658880941558, "delaunay_k": 2, "edge_set": "Delaunay2" }, "geometry": { "type": "LineString", "coordinates": [ [ 16.177368, 60.396897 ], [ 16.884613, 59.816518 ] ] } },
{ "type": "Feature", "properties": { "voltage_kv": 220.0, "from_node": 52, "to_node": 85, "length_km": 54.072952697919042, "delaunay_k": 2, "edge_set": "Delaunay2" }, "geometry": { "type": "LineString", "coordinates": [ [ 16.177368, 60.396897 ], [ 17.045288, 60.624713 ] ] } },
{ "type": "Feature", "properties": { "voltage_kv": 220.0, "from_node": 52, "to_node": 89, "length_km": 101.92581625016598, "delaunay_k": 2, "edge_set": "Delaunay2" }, "geometry": { "type": "LineString", "coordinates": [ [ 16.177368, 60.396897 ], [ 17.166138, 61.172384 ] ] } },
{ "type": "Feature", "properties": { "voltage_kv": 220.0, "from_node": 52, "to_node": 91, "length_km": 64.622949032872171, "delaunay_k": 2, "edge_set": "Delaunay2" }, "geometry": { "type": "LineString", "coordinates": [ [ 16.177368, 60.396897 ], [ 17.179871, 60.700072 ] ] } },
{ "type": "Feature", "properties": { "voltage_kv": 220.0, "from_node": 52, "to_node": 94, "length_km": 60.568664447779483, "delaunay_k": 2, "edge_set": "Delaunay2" }, "geometry": { "type": "LineString", "coordinates": [ [ 16.177368, 60.396897 ], [ 17.274628, 60.412496 ] ] } },
{ "type": "Feature", "properties": { "voltage_kv": 220.0, "from_node": 53, "to_node": 57, "length_km": 63.107086879046996, "delaunay_k": 2, "edge_set": "Delaunay2" }, "geometry": { "type": "LineString", "coordinates": [ [ 16.280365, 63.064292 ], [ 16.329803, 62.499004 ] ] } },
{ "type": "Feature", "properties": { "voltage_kv": 220.0, "from_node": 53, "to_node": 69, "length_km": 30.077198255559587, "delaunay_k": 2, "edge_set": "Delaunay2" }, "geometry": { "type": "LineString", "coordinates": [ [ 16.280365, 63.064292 ], [ 16.717072, 62.882075 ] ] } },
{ "type": "Feature", "properties": { "voltage_kv": 220.0, "from_node": 53, "to_node": 71, "length_km": 62.020349073387194, "delaunay_k": 2, "edge_set": "Delaunay2" }, "geometry": { "type": "LineString", "coordinates": [ [ 16.280365, 63.064292 ], [ 16.756897, 63.577288 ] ] } },
{ "type": "Feature", "properties": { "voltage_kv": 220.0, "from_node": 53, "to_node": 73, "length_km": 47.288334126611922, "delaunay_k": 2, "edge_set": "Delaunay2" }, "geometry": { "type": "LineString", "coordinates": [ [ 16.280365, 63.064292 ], [ 16.792603, 62.710685 ] ] } },
{ "type": "Feature", "properties": { "voltage_kv": 220.0, "from_node": 53, "to_node": 74, "length_km": 32.109064628566387, "delaunay_k": 2, "edge_set": "Delaunay2" }, "geometry": { "type": "LineString", "coordinates": [ [ 16.280365, 63.064292 ], [ 16.876373, 63.164276 ] ] } },
{ "type": "Feature", "properties": { "voltage_kv": 220.0, "from_node": 53, "to_node": 78, "length_km": 51.95703325680028, "delaunay_k": 2, "edge_set": "Delaunay2" }, "geometry": { "type": "LineString", "coordinates": [ [ 16.280365, 63.064292 ], [ 16.910706, 63.433317 ] ] } },
{ "type": "Feature", "properties": { "voltage_kv": 220.0, "from_node": 53, "to_node": 81, "length_km": 49.490778020957208, "delaunay_k": 2, "edge_set": "Delaunay2" }, "geometry": { "type": "LineString", "coordinates": [ [ 16.280365, 63.064292 ], [ 16.98761, 63.372448 ] ] } },
{ "type": "Feature", "properties": { "voltage_kv": 220.0, "from_node": 54, "to_node": 62, "length_km": 97.10368886311511, "delaunay_k": 2, "edge_set": "Delaunay2" }, "geometry": { "type": "LineString", "coordinates": [ [ 16.284446847098103, 60.370428457277711 ], [ 16.417694, 59.502273 ] ] } },
{ "type": "Feature", "properties": { "voltage_kv": 220.0, "from_node": 54, "to_node": 63, "length_km": 116.05546620063178, "delaunay_k": 2, "edge_set": "Delaunay2" }, "geometry": { "type": "LineString", "coordinates": [ [ 16.284446847098103, 60.370428457277711 ], [ 16.44928, 61.407894 ] ] } },
{ "type": "Feature", "properties": { "voltage_kv": 220.0, "from_node": 54, "to_node": 66, "length_km": 64.528110922566896, "delaunay_k": 2, "edge_set": "Delaunay2" }, "geometry": { "type": "LineString", "coordinates": [ [ 16.284446847098103, 60.370428457277711 ], [ 16.637421, 60.922424 ] ] } },
{ "type": "Feature", "properties": { "voltage_kv": 220.0, "from_node": 54, "to_node": 67, "length_km": 84.554944789927802, "delaunay_k": 2, "edge_set": "Delaunay2" }, "geometry": { "type": "LineString", "coordinates": [ [ 16.284446847098103, 60.370428457277711 ], [ 16.679993, 59.6386 ] ] } },
{ "type": "Feature", "properties": { "voltage_kv": 220.0, "from_node": 54, "to_node": 85, "length_km": 50.563807643487031, "delaunay_k": 2, "edge_set": "Delaunay2" }, "geometry": { "type": "LineString", "coordinates": [ [ 16.284446847098103, 60.370428457277711 ], [ 17.045288, 60.624713 ] ] } },
{ "type": "Feature", "properties": { "voltage_kv": 220.0, "from_node": 54, "to_node": 94, "length_km": 54.859886995302261, "delaunay_k": 2, "edge_set": "Delaunay2" }, "geometry": { "type": "LineString", "coordinates": [ [ 16.284446847098103, 60.370428457277711 ], [ 17.274628, 60.412496 ] ] } },
{ "type": "Feature", "properties": { "voltage_kv": 220.0, "from_node": 54, "to_node": 96, "length_km": 93.34079302262073, "delaunay_k": 2, "edge_set": "Delaunay2" }, "geometry": { "type": "LineString", "coordinates": [ [ 16.284446847098103, 60.370428457277711 ], [ 17.329559, 59.716945 ] ] } },
{ "type": "Feature", "properties": { "voltage_kv": 220.0, "from_node": 54, "to_node": 100, "length_km": 95.077576003982259, "delaunay_k": 2, "edge_set": "Delaunay2" }, "geometry": { "type": "LineString", "coordinates": [ [ 16.284446847098103, 60.370428457277711 ], [ 17.748413, 59.930248 ] ] } },
{ "type": "Feature", "properties": { "voltage_kv": 220.0, "from_node": 55, "to_node": 58, "length_km": 47.120532300047245, "delaunay_k": 2, "edge_set": "Delaunay2" }, "geometry": { "type": "LineString", "coordinates": [ [ 16.294098, 62.820038 ], [ 16.333923, 62.398006 ] ] } },
{ "type": "Feature", "properties": { "voltage_kv": 220.0, "from_node": 55, "to_node": 61, "length_km": 39.809811141742337, "delaunay_k": 2, "edge_set": "Delaunay2" }, "geometry": { "type": "LineString", "coordinates": [ [ 16.294098, 62.820038 ], [ 16.401215, 63.173574 ] ] } },
{ "type": "Feature", "properties": { "voltage_kv": 220.0, "from_node": 55, "to_node": 70, "length_km": 38.164441007407291, "delaunay_k": 2, "edge_set": "Delaunay2" }, "geometry": { "type": "LineString", "coordinates": [ [ 16.294098, 62.820038 ], [ 16.730635536972599, 63.098502635448106 ] ] } },
{ "type": "Feature", "properties": { "voltage_kv": 220.0, "from_node": 55, "to_node": 74, "length_km": 48.449340359555272, "delaunay_k": 2, "edge_set": "Delaunay2" }, "geometry": { "type": "LineString", "coordinates": [ [ 16.294098, 62.820038 ], [ 16.876373, 63.164276 ] ] } },
{ "type": "Feature", "properties": { "voltage_kv": 220.0, "from_node": 55, "to_node": 75, "length_km": 30.884399039847615, "delaunay_k": 2, "edge_set": "Delaunay2" }, "geometry": { "type": "LineString", "coordinates": [ [ 16.294098, 62.820038 ], [ 16.88324, 62.757869 ] ] } },
{ "type": "Feature", "properties": { "voltage_kv": 220.0, "from_node": 55, "to_node": 82, "length_km": 55.720168872333055, "delaunay_k": 2, "edge_set": "Delaunay2" }, "geometry": { "type": "LineString", "coordinates": [ [ 16.294098, 62.820038 ], [ 16.993103, 62.438065 ] ] } },
{ "type": "Feature", "properties": { "voltage_kv": 220.0, "from_node": 56, "to_node": 57, "length_km": 81.114110991079485, "delaunay_k": 2, "edge_set": "Delaunay2" }, "geometry": { "type": "LineString", "coordinates": [ [ 16.316071, 61.771824 ], [ 16.329803, 62.499004 ] ] } },
{ "type": "Feature", "properties": { "voltage_kv": 220.0, "from_node": 56, "to_node": 66, "length_km": 96.292849313244616, "delaunay_k": 2, "edge_set": "Delaunay2" }, "geometry": { "type": "LineString", "coordinates": [ [ 16.316071, 61.771824 ], [ 16.637421, 60.922424 ] ] } },
{ "type": "Feature", "properties": { "voltage_kv": 220.0, "from_node": 56, "to_node": 73, "length_km": 107.62547839794212, "delaunay_k": 2, "edge_set": "Delaunay2" }, "geometry": { "type": "LineString", "coordinates": [ [ 16.316071, 61.771824 ], [ 16.792603, 62.710685 ] ] } },
{ "type": "Feature", "properties": { "voltage_kv": 220.0, "from_node": 56, "to_node": 75, "length_km": 113.87946940829539, "delaunay_k": 2, "edge_set": "Delaunay2" }, "geometry": { "type": "LineString", "coordinates": [ [ 16.316071, 61.771824 ], [ 16.88324, 62.757869 ] ] } },
{ "type": "Feature", "properties": { "voltage_kv": 220.0, "from_node": 56, "to_node": 91, "length_km": 128.25474995701464, "delaunay_k": 2, "edge_set": "Delaunay2" }, "geometry": { "type": "LineString", "coordinates": [ [ 16.316071, 61.771824 ], [ 17.179871, 60.700072 ] ] } },
{ "type": "Feature", "properties": { "voltage_kv": 220.0, "from_node": 56, "to_node": 92, "length_km": 181.48338373475212, "delaunay_k": 2, "edge_set": "Delaunay2" }, "geometry": { "type": "LineString", "coordinates": [ [ 16.316071, 61.771824 ], [ 17.230682, 63.342889 ] ] } },
{ "type": "Feature", "properties": { "voltage_kv": 220.0, "from_node": 57, "to_node": 68, "length_km": 57.954038345019704, "delaunay_k": 2, "edge_set": "Delaunay2" }, "geometry": { "type": "LineString", "coordinates": [ [ 16.329803, 62.499004 ], [ 16.682739, 62.992664 ] ] } },
{ "type": "Feature", "properties": { "voltage_kv": 220.0, "from_node": 57, "to_node": 69, "length_km": 47.117907742340954, "delaunay_k": 2, "edge_set": "Delaunay2" }, "geometry": { "type": "LineString", "coordinates": [ [ 16.329803, 62.499004 ], [ 16.717072, 62.882075 ] ] } },
{ "type": "Feature", "properties": { "voltage_kv": 220.0, "from_node": 57, "to_node": 75, "length_km": 40.52116521417306, "delaunay_k": 2, "edge_set": "Delaunay2" }, "geometry": { "type": "LineString", "coordinates": [ [ 16.329803, 62.499004 ], [ 16.88324, 62.757869 ] ] } },
{ "type": "Feature", "properties": { "voltage_kv": 220.0, "from_node": 57, "to_node": 97, "length_km": 55.86551410544358, "delaunay_k": 2, "edge_set": "Delaunay2" }, "geometry": { "type": "LineString", "coordinates": [ [ 16.329803, 62.499004 ], [ 17.362518, 62.352158 ] ] } },
{ "type": "Feature", "properties": { "voltage_kv": 220.0, "from_node": 58, "to_node": 63, "length_km": 110.6057399058169, "delaunay_k": 2, "edge_set": "Delaunay2" }, "geometry": { "type": "LineString", "coordinates": [ [ 16.333923, 62.398006 ], [ 16.44928, 61.407894 ] ] } },
{ "type": "Feature", "properties": { "voltage_kv": 220.0, "from_node": 58, "to_node": 73, "length_km": 42.12409611502278, "delaunay_k": 2, "edge_set": "Delaunay2" }, "geometry": { "type": "LineString", "coordinates": [ [ 16.333923, 62.398006 ], [ 16.792603, 62.710685 ] ] } },
{ "type": "Feature", "properties": { "voltage_kv": 220.0, "from_node": 58, "to_node": 75, "length_km": 49.095401690630993, "delaunay_k": 2, "edge_set": "Delaunay2" }, "geometry": { "type": "LineString", "coordinates": [ [ 16.333923, 62.398006 ], [ 16.88324, 62.757869 ] ] } },
{ "type": "Feature", "properties": { "voltage_kv": 220.0, "from_node": 58, "to_node": 89, "length_km": 143.61493227582179, "delaunay_k": 2, "edge_set": "Delaunay2" }, "geometry": { "type": "LineString", "coordinates": [ [ 16.333923, 62.398006 ], [ 17.166138, 61.172384 ] ] } },
{ "type": "Feature", "properties": { "voltage_kv": 220.0, "from_node": 58, "to_node": 97, "length_km": 53.531181546828392, "delaunay_k": 2, "edge_set": "Delaunay2" }, "geometry": { "type": "LineString", "coordinates": [ [ 16.333923, 62.398006 ], [ 17.362518, 62.352158 ] ] } },
{ "type": "Feature", "properties": { "voltage_kv": 220.0, "from_node": 59, "to_node": 65, "length_km": 92.620611252730043, "delaunay_k": 2, "edge_set": "Delaunay2" }, "geometry": { "type": "LineString", "coordinates": [ [ 16.368256, 59.559375 ], [ 16.512451, 60.38672 ] ] } },
{ "type": "Feature", "properties": { "voltage_kv": 220.0, "from_node": 59, "to_node": 94, "length_km": 107.79927685642186, "delaunay_k": 2, "edge_set": "Delaunay2" }, "geometry": { "type": "LineString", "coordinates": [ [ 16.368256, 59.559375 ], [ 17.274628, 60.412496 ] ] } },
{ "type": "Feature", "properties": { "voltage_kv": 220.0, "from_node": 59, "to_node": 96, "length_km": 57.064022098421283, "delaunay_k": 2, "edge_set": "Delaunay2" }, "geometry": { "type": "LineString", "coordinates": [ [ 16.368256, 59.559375 ], [ 17.329559, 59.716945 ] ] } },
{ "type": "Feature", "properties": { "voltage_kv": 220.0, "from_node": 59, "to_node": 100, "length_km": 88.02990527276053, "delaunay_k": 2, "edge_set": "Delaunay2" }, "geometry": { "type": "LineString", "coordinates": [ [ 16.368256, 59.559375 ], [ 17.748413, 59.930248 ] ] } },
{ "type": "Feature", "properties": { "voltage_kv": 220.0, "from_node": 59, "to_node": 101, "length_km": 88.013134932809947, "delaunay_k": 2, "edge_set": "Delaunay2" }, "geometry": { "type": "LineString", "coordinates": [ [ 16.368256, 59.559375 ], [ 17.766266, 59.221637 ] ] } },
{ "type": "Feature", "properties": { "voltage_kv": 220.0, "from_node": 60, "to_node": 95, "length_km": 125.82243522863547, "delaunay_k": 2, "edge_set": "Delaunay2" }, "geometry": { "type": "LineString", "coordinates": [ [ 16.387482, 65.321005 ], [ 17.310333, 64.26428 ] ] } },
{ "type": "Feature", "properties": { "voltage_kv": 220.0, "from_node": 60, "to_node": 98, "length_km": 136.68143316027161, "delaunay_k": 2, "edge_set": "Delaunay2" }, "geometry": { "type": "LineString", "coordinates": [ [ 16.387482, 65.321005 ], [ 17.449036, 64.183063 ] ] } },
{ "type": "Feature", "properties": { "voltage_kv": 220.0, "from_node": 61, "to_node": 68, "length_km": 24.698530173094266, "delaunay_k": 2, "edge_set": "Delaunay2" }, "geometry": { "type": "LineString", "coordinates": [ [ 16.401215, 63.173574 ], [ 16.682739, 62.992664 ] ] } },
{ "type": "Feature", "properties": { "voltage_kv": 220.0, "from_node": 61, "to_node": 69, "length_km": 36.244078468775363, "delaunay_k": 2, "edge_set": "Delaunay2" }, "geometry": { "type": "LineString", "coordinates": [ [ 16.401215, 63.173574 ], [ 16.717072, 62.882075 ] ] } },
{ "type": "Feature", "properties": { "voltage_kv": 220.0, "from_node": 61, "to_node": 72, "length_km": 56.224955647542558, "delaunay_k": 2, "edge_set": "Delaunay2" }, "geometry": { "type": "LineString", "coordinates": [ [ 16.401215, 63.173574 ], [ 16.791229, 63.646259 ] ] } },
{ "type": "Feature", "properties": { "voltage_kv": 220.0, "from_node": 61, "to_node": 75, "length_km": 52.439101783204741, "delaunay_k": 2, "edge_set": "Delaunay2" }, "geometry": { "type": "LineString", "coordinates": [ [ 16.401215, 63.173574 ], [ 16.88324, 62.757869 ] ] } },
{ "type": "Feature", "properties": { "voltage_kv": 220.0, "from_node": 61, "to_node": 79, "length_km": 49.387165491659665, "delaunay_k": 2, "edge_set": "Delaunay2" }, "geometry": { "type": "LineString", "coordinates": [ [ 16.401215, 63.173574 ], [ 16.923065, 63.549164 ] ] } },
{ "type": "Feature", "properties": { "voltage_kv": 220.0, "from_node": 61, "to_node": 84, "length_km": 47.180543576966606, "delaunay_k": 2, "edge_set": "Delaunay2" }, "geometry": { "type": "LineString", "coordinates": [ [ 16.401215, 63.173574 ], [ 17.043915, 63.48241 ] ] } },
{ "type": "Feature", "properties": { "voltage_kv": 220.0, "from_node": 61, "to_node": 86, "length_km": 35.554721175007444, "delaunay_k": 2, "edge_set": "Delaunay2" }, "geometry": { "type": "LineString", "coordinates": [ [ 16.401215, 63.173574 ], [ 17.082367, 63.257738 ] ] } },
{ "type": "Feature", "properties": { "voltage_kv": 220.0, "from_node": 61, "to_node": 87, "length_km": 45.031844631156211, "delaunay_k": 2, "edge_set": "Delaunay2" }, "geometry": { "type": "LineString", "coordinates": [ [ 16.401215, 63.173574 ], [ 17.122192, 63.413656 ] ] } },
{ "type": "Feature", "properties": { "voltage_kv": 220.0, "from_node": 61, "to_node": 92, "length_km": 45.777976760519181, "delaunay_k": 2, "edge_set": "Delaunay2" }, "geometry": { "type": "LineString", "coordinates": [ [ 16.401215, 63.173574 ], [ 17.230682, 63.342889 ] ] } },
{ "type": "Feature", "properties": { "voltage_kv": 220.0, "from_node": 62, "to_node": 76, "length_km": 43.84872196418619, "delaunay_k": 2, "edge_set": "Delaunay2" }, "geometry": { "type": "LineString", "coordinates": [ [ 16.417694, 59.502273 ], [ 16.884613, 59.816518 ] ] } },
{ "type": "Feature", "properties": { "voltage_kv": 220.0, "from_node": 62, "to_node": 96, "length_km": 56.832709235251947, "delaunay_k": 2, "edge_set": "Delaunay2" }, "geometry": { "type": "LineString", "coordinates": [ [ 16.417694, 59.502273 ], [ 17.329559, 59.716945 ] ] } },
{ "type": "Feature", "properties": { "voltage_kv": 220.0, "from_node": 62, "to_node": 102, "length_km": 81.255373225873768, "delaunay_k": 2, "edge_set": "Delaunay2" }, "geometry": { "type": "LineString", "coordinates": [ [ 16.417694, 59.502273 ], [ 17.789612, 59.719715 ] ] } },
{ "type": "Feature", "properties": { "voltage_kv": 220.0, "from_node": 62, "to_node": 104, "length_km": 97.647189215957255, "delaunay_k": 2, "edge_set": "Delaunay2" }, "geometry": { "type": "LineString", "coordinates": [ [ 16.417694, 59.502273 ], [ 18.095856, 59.317075 ] ] } },
{ "type": "Feature", "properties": { "voltage_kv": 220.0, "from_node": 62, "to_node": 105, "length_km": 103.45364560385185, "delaunay_k": 2, "edge_set": "Delaunay2" }, "geometry": { "type": "LineString", "coordinates": [ [ 16.417694, 59.502273 ], [ 18.110962, 59.168187 ] ] } },
{ "type": "Feature", "properties": { "voltage_kv": 220.0, "from_node": 62, "to_node": 106, "length_km": 107.99331415958896, "delaunay_k": 2, "edge_set": "Delaunay2" }, "geometry": { "type": "LineString", "coordinates": [ [ 16.417694, 59.502273 ], [ 18.124695, 59.084327 ] ] } },
{ "type": "Feature", "properties": { "voltage_kv": 220.0, "from_node": 63, "to_node": 65, "length_km": 113.94896764965024, "delaunay_k": 2, "edge_set": "Delaunay2" }, "geometry": { "type": "LineString", "coordinates": [ [ 16.44928, 61.407894 ], [ 16.512451, 60.38672 ] ] } },
{ "type": "Feature", "properties": { "voltage_kv": 220.0, "from_node": 63, "to_node": 82, "length_km": 118.42399257052327, "delaunay_k": 2, "edge_set": "Delaunay2" }, "geometry": { "type": "LineString", "coordinates": [ [ 16.44928, 61.407894 ], [ 16.993103, 62.438065 ] ] } },
{ "type": "Feature", "properties": { "voltage_kv": 220.0, "from_node": 63, "to_node": 85, "length_km": 93.129767572244063, "delaunay_k": 2, "edge_set": "Delaunay2" }, "geometry": { "type": "LineString", "coordinates": [ [ 16.44928, 61.407894 ], [ 17.045288, 60.624713 ] ] } },
{ "type": "Feature", "properties": { "voltage_kv": 220.0, "from_node": 63, "to_node": 91, "length_km": 88.289374592497111, "delaunay_k": 2, "edge_set": "Delaunay2" }, "geometry": { "type": "LineString", "coordinates": [ [ 16.44928, 61.407894 ], [ 17.179871, 60.700072 ] ] } },
{ "type": "Feature", "properties": { "voltage_kv": 220.0, "from_node": 63, "to_node": 97, "length_km": 115.79964881596331, "delaunay_k": 2, "edge_set": "Delaunay2" }, "geometry": { "type": "LineString", "coordinates": [ [ 16.44928, 61.407894 ], [ 17.362518, 62.352158 ] ] } },
{ "type": "Feature", "properties": { "voltage_kv": 220.0, "from_node": 64, "to_node": 95, "length_km": 131.14147160638692, "delaunay_k": 2, "edge_set": "Delaunay2" }, "geometry": { "type": "LineString", "coordinates": [ [ 16.489105, 65.386291 ], [ 17.310333, 64.26428 ] ] } },
{ "type": "Feature", "properties": { "voltage_kv": 220.0, "from_node": 64, "to_node": 98, "length_km": 141.82472935912276, "delaunay_k": 2, "edge_set": "Delaunay2" }, "geometry": { "type": "LineString", "coordinates": [ [ 16.489105, 65.386291 ], [ 17.449036, 64.183063 ] ] } },
{ "type": "Feature", "properties": { "voltage_kv": 220.0, "from_node": 65, "to_node": 67, "length_km": 83.961998496034028, "delaunay_k": 2, "edge_set": "Delaunay2" }, "geometry": { "type": "LineString", "coordinates": [ [ 16.512451, 60.38672 ], [ 16.679993, 59.6386 ] ] } },
{ "type": "Feature", "properties": { "voltage_kv": 220.0, "from_node": 65, "to_node": 89, "length_km": 94.614341604849415, "delaunay_k": 2, "edge_set": "Delaunay2" }, "geometry": { "type": "LineString", "coordinates": [ [ 16.512451, 60.38672 ], [ 17.166138, 61.172384 ] ] } },
{ "type": "Feature", "properties": { "voltage_kv": 220.0, "from_node": 65, "to_node": 91, "length_km": 50.66069399319619, "delaunay_k": 2, "edge_set": "Delaunay2" }, "geometry": { "type": "LineString", "coordinates": [ [ 16.512451, 60.38672 ], [ 17.179871, 60.700072 ] ] } },
{ "type": "Feature", "properties": { "voltage_kv": 220.0, "from_node": 65, "to_node": 96, "length_km": 87.515557910582515, "delaunay_k": 2, "edge_set": "Delaunay2" }, "geometry": { "type": "LineString", "coordinates": [ [ 16.512451, 60.38672 ], [ 17.329559, 59.716945 ] ] } },
{ "type": "Feature", "properties": { "voltage_kv": 220.0, "from_node": 65, "to_node": 100, "length_km": 85.533508605502959, "delaunay_k": 2, "edge_set": "Delaunay2" }, "geometry": { "type": "LineString", "coordinates": [ [ 16.512451, 60.38672 ], [ 17.748413, 59.930248 ] ] } },
{ "type": "Feature", "properties": { "voltage_kv": 220.0, "from_node": 65, "to_node": 107, "length_km": 106.77700524925561, "delaunay_k": 2, "edge_set": "Delaunay2" }, "geometry": { "type": "LineString", "coordinates": [ [ 16.512451, 60.38672 ], [ 18.233185, 59.961198 ] ] } },
{ "type": "Feature", "properties": { "voltage_kv": 220.0, "from_node": 65, "to_node": 110, "length_km": 122.29324160886371, "delaunay_k": 2, "edge_set": "Delaunay2" }, "geometry": { "type": "LineString", "coordinates": [ [ 16.512451, 60.38672 ], [ 18.623199, 60.071693 ] ] } },
{ "type": "Feature", "properties": { "voltage_kv": 220.0, "from_node": 66, "to_node": 76, "length_km": 124.10902865087199, "delaunay_k": 2, "edge_set": "Delaunay2" }, "geometry": { "type": "LineString", "coordinates": [ [ 16.637421, 60.922424 ], [ 16.884613, 59.816518 ] ] } },
{ "type": "Feature", "properties": { "voltage_kv": 220.0, "from_node": 66, "to_node": 94, "length_km": 66.725482382142204, "delaunay_k": 2, "edge_set": "Delaunay2" }, "geometry": { "type": "LineString", "coordinates": [ [ 16.637421, 60.922424 ], [ 17.274628, 60.412496 ] ] } },
{ "type": "Feature", "properties": { "voltage_kv": 220.0, "from_node": 66, "to_node": 110, "length_km": 144.76249068173294, "delaunay_k": 2, "edge_set": "Delaunay2" }, "geometry": { "type": "LineString", "coordinates": [ [ 16.637421, 60.922424 ], [ 18.623199, 60.071693 ] ] } },
{ "type": "Feature", "properties": { "voltage_kv": 220.0, "from_node": 66, "to_node": 111, "length_km": 153.75587619975315, "delaunay_k": 2, "edge_set": "Delaunay2" }, "geometry": { "type": "LineString", "coordinates": [ [ 16.637421, 60.922424 ], [ 18.8237, 60.06484 ] ] } },
{ "type": "Feature", "properties": { "voltage_kv": 220.0, "from_node": 67, "to_node": 94, "length_km": 92.489255344872021, "delaunay_k": 2, "edge_set": "Delaunay2" }, "geometry": { "type": "LineString", "coordinates": [ [ 16.679993, 59.6386 ], [ 17.274628, 60.412496 ] ] } },
{ "type": "Feature", "properties": { "voltage_kv": 220.0, "from_node": 67, "to_node": 100, "length_km": 68.328910780927956, "delaunay_k": 2, "edge_set": "Delaunay2" }, "geometry": { "type": "LineString", "coordinates": [ [ 16.679993, 59.6386 ], [ 17.748413, 59.930248 ] ] } },
{ "type": "Feature", "properties": { "voltage_kv": 220.0, "from_node": 67, "to_node": 102, "length_km": 63.251069448670521, "delaunay_k": 2, "edge_set": "Delaunay2" }, "geometry": { "type": "LineString", "coordinates": [ [ 16.679993, 59.6386 ], [ 17.789612, 59.719715 ] ] } },
{ "type": "Feature", "properties": { "voltage_kv": 220.0, "from_node": 67, "to_node": 104, "length_km": 88.004708450093901, "delaunay_k": 2, "edge_set": "Delaunay2" }, "geometry": { "type": "LineString", "coordinates": [ [ 16.679993, 59.6386 ], [ 18.095856, 59.317075 ] ] } },
{ "type": "Feature", "properties": { "voltage_kv": 220.0, "from_node": 67, "to_node": 105, "length_km": 96.850466088840548, "delaunay_k": 2, "edge_set": "Delaunay2" }, "geometry": { "type": "LineString", "coordinates": [ [ 16.679993, 59.6386 ], [ 18.110962, 59.168187 ] ] } },
{ "type": "Feature", "properties": { "voltage_kv": 220.0, "from_node": 67, "to_node": 106, "length_km": 102.92736943970159, "delaunay_k": 2, "edge_set": "Delaunay2" }, "geometry": { "type": "LineString", "coordinates": [ [ 16.679993, 59.6386 ], [ 18.124695, 59.084327 ] ] } },
{ "type": "Feature", "properties": { "voltage_kv": 220.0, "from_node": 68, "to_node": 73, "length_km": 31.953408458306633, "delaunay_k": 2, "edge_set": "Delaunay2" }, "geometry": { "type": "LineString", "coordinates": [ [ 16.682739, 62.992664 ], [ 16.792603, 62.710685 ] ] } },
{ "type": "Feature", "properties": { "voltage_kv": 220.0, "from_node": 68, "to_node": 75, "length_km": 28.115685460535456, "delaunay_k": 2, "edge_set": "Delaunay2" }, "geometry": { "type": "LineString", "coordinates": [ [ 16.682739, 62.992664 ], [ 16.88324, 62.757869 ] ] } },
{ "type": "Feature", "properties": { "voltage_kv": 220.0, "from_node": 68, "to_node": 81, "length_km": 45.073051470526423, "delaunay_k": 2, "edge_set": "Delaunay2" }, "geometry": { "type": "LineString", "coordinates": [ [ 16.682739, 62.992664 ], [ 16.98761, 63.372448 ] ] } },
{ "type": "Feature", "properties": { "voltage_kv": 220.0, "from_node": 68, "to_node": 86, "length_km": 35.80532807336342, "delaunay_k": 2, "edge_set": "Delaunay2" }, "geometry": { "type": "LineString", "coordinates": [ [ 16.682739, 62.992664 ], [ 17.082367, 63.257738 ] ] } },
{ "type": "Feature", "properties": { "voltage_kv": 220.0, "from_node": 69, "to_node": 70, "length_km": 24.155534924155678, "delaunay_k": 2, "edge_set": "Delaunay2" }, "geometry": { "type": "LineString", "coordinates": [ [ 16.717072, 62.882075 ], [ 16.730635536972599, 63.098502635448106 ] ] } },
{ "type": "Feature", "properties": { "voltage_kv": 220.0, "from_node": 69, "to_node": 81, "length_km": 56.391319977915252, "delaunay_k": 2, "edge_set": "Delaunay2" }, "geometry": { "type": "LineString", "coordinates": [ [ 16.717072, 62.882075 ], [ 16.98761, 63.372448 ] ] } },
{ "type": "Feature", "properties": { "voltage_kv": 220.0, "from_node": 69, "to_node": 82, "length_km": 51.521925337433572, "delaunay_k": 2, "edge_set": "Delaunay2" }, "geometry": { "type": "LineString", "coordinates": [ [ 16.717072, 62.882075 ], [ 16.993103, 62.438065 ] ] } },
{ "type": "Feature", "properties": { "voltage_kv": 220.0, "from_node": 69, "to_node": 86, "length_km": 45.808362956502222, "delaunay_k": 2, "edge_set": "Delaunay2" }, "geometry": { "type": "LineString", "coordinates": [ [ 16.717072, 62.882075 ], [ 17.082367, 63.257738 ] ] } },
{ "type": "Feature", "properties": { "voltage_kv": 220.0, "from_node": 69, "to_node": 92, "length_km": 57.593546930247925, "delaunay_k": 2, "edge_set": "Delaunay2" }, "geometry": { "type": "LineString", "coordinates": [ [ 16.717072, 62.882075 ], [ 17.230682, 63.342889 ] ] } },
{ "type": "Feature", "properties": { "voltage_kv": 220.0, "from_node": 69, "to_node": 97, "length_km": 67.793116584327336, "delaunay_k": 2, "edge_set": "Delaunay2" }, "geometry": { "type": "LineString", "coordinates": [ [ 16.717072, 62.882075 ], [ 17.362518, 62.352158 ] ] } },
{ "type": "Feature", "properties": { "voltage_kv": 220.0, "from_node": 70, "to_node": 71, "length_km": 53.433684883606105, "delaunay_k": 2, "edge_set": "Delaunay2" }, "geometry": { "type": "LineString", "coordinates": [ [ 16.730635536972599, 63.098502635448106 ], [ 16.756897, 63.577288 ] ] } },
{ "type": "Feature", "properties": { "voltage_kv": 220.0, "from_node": 70, "to_node": 75, "length_km": 38.787677402250289, "delaunay_k": 2, "edge_set": "Delaunay2" }, "geometry": { "type": "LineString", "coordinates": [ [ 16.730635536972599, 63.098502635448106 ], [ 16.88324, 62.757869 ] ] } },
{ "type": "Feature", "properties": { "voltage_kv": 220.0, "from_node": 70, "to_node": 78, "length_km": 38.436170321274375, "delaunay_k": 2, "edge_set": "Delaunay2" }, "geometry": { "type": "LineString", "coordinates": [ [ 16.730635536972599, 63.098502635448106 ], [ 16.910706, 63.433317 ] ] } },
{ "type": "Feature", "properties": { "voltage_kv": 220.0, "from_node": 70, "to_node": 81, "length_km": 33.186656464700256, "delaunay_k": 2, "edge_set": "Delaunay2" }, "geometry": { "type": "LineString", "coordinates": [ [ 16.730635536972599, 63.098502635448106 ], [ 16.98761, 63.372448 ] ] } },
{ "type": "Feature", "properties": { "voltage_kv": 220.0, "from_node": 70, "to_node": 86, "length_km": 25.101051491793292, "delaunay_k": 2, "edge_set": "Delaunay2" }, "geometry": { "type": "LineString", "coordinates": [ [ 16.730635536972599, 63.098502635448106 ], [ 17.082367, 63.257738 ] ] } },
{ "type": "Feature", "properties": { "voltage_kv": 220.0, "from_node": 71, "to_node": 74, "length_km": 46.467216036972559, "delaunay_k": 2, "edge_set": "Delaunay2" }, "geometry": { "type": "LineString", "coordinates": [ [ 16.756897, 63.577288 ], [ 16.876373, 63.164276 ] ] } },
{ "type": "Feature", "properties": { "voltage_kv": 220.0, "from_node": 71, "to_node": 77, "length_km": 16.68941049364712, "delaunay_k": 2, "edge_set": "Delaunay2" }, "geometry": { "type": "LineString", "coordinates": [ [ 16.756897, 63.577288 ], [ 16.894226, 63.713846 ] ] } },
{ "type": "Feature", "properties": { "voltage_kv": 220.0, "from_node": 71, "to_node": 80, "length_km": 47.597133899351583, "delaunay_k": 2, "edge_set": "Delaunay2" }, "geometry": { "type": "LineString", "coordinates": [ [ 16.756897, 63.577288 ], [ 16.962891, 63.994031 ] ] } },
{ "type": "Feature", "properties": { "voltage_kv": 220.0, "from_node": 71, "to_node": 81, "length_km": 25.590257471201149, "delaunay_k": 2, "edge_set": "Delaunay2" }, "geometry": { "type": "LineString", "coordinates": [ [ 16.756897, 63.577288 ], [ 16.98761, 63.372448 ] ] } },
{ "type": "Feature", "properties": { "voltage_kv": 220.0, "from_node": 71, "to_node": 83, "length_km": 22.768126496897075, "delaunay_k": 2, "edge_set": "Delaunay2" }, "geometry": { "type": "LineString", "coordinates": [ [ 16.756897, 63.577288 ], [ 17.041168, 63.737555 ] ] } },
{ "type": "Feature", "properties": { "voltage_kv": 220.0, "from_node": 71, "to_node": 84, "length_km": 17.786687979275367, "delaunay_k": 2, "edge_set": "Delaunay2" }, "geometry": { "type": "LineString", "coordinates": [ [ 16.756897, 63.577288 ], [ 17.043915, 63.48241 ] ] } },
{ "type": "Feature", "properties": { "voltage_kv": 220.0, "from_node": 71, "to_node": 87, "length_km": 25.789103007634022, "delaunay_k": 2, "edge_set": "Delaunay2" }, "geometry": { "type": "LineString", "coordinates": [ [ 16.756897, 63.577288 ], [ 17.122192, 63.413656 ] ] } },
{ "type": "Feature", "properties": { "voltage_kv": 220.0, "from_node": 72, "to_node": 78, "length_km": 24.49203343059504, "delaunay_k": 2, "edge_set": "Delaunay2" }, "geometry": { "type": "LineString", "coordinates": [ [ 16.791229, 63.646259 ], [ 16.910706, 63.433317 ] ] } },
{ "type": "Feature", "properties": { "voltage_kv": 220.0, "from_node": 72, "to_node": 80, "length_km": 39.71540851792431, "delaunay_k": 2, "edge_set": "Delaunay2" }, "geometry": { "type": "LineString", "coordinates": [ [ 16.791229, 63.646259 ], [ 16.962891, 63.994031 ] ] } },
{ "type": "Feature", "properties": { "voltage_kv": 220.0, "from_node": 72, "to_node": 83, "length_km": 16.029218545818026, "delaunay_k": 2, "edge_set": "Delaunay2" }, "geometry": { "type": "LineString", "coordinates": [ [ 16.791229, 63.646259 ], [ 17.041168, 63.737555 ] ] } },
{ "type": "Feature", "properties": { "voltage_kv": 220.0, "from_node": 72, "to_node": 84, "length_km": 22.185369762218578, "delaunay_k": 2, "edge_set": "Delaunay2" }, "geometry": { "type": "LineString", "coordinates": [ [ 16.791229, 63.646259 ], [ 17.043915, 63.48241 ] ] } },
{ "type": "Feature", "properties": { "voltage_kv": 220.0, "from_node": 72, "to_node": 88, "length_km": 28.639867194161916, "delaunay_k": 2, "edge_set": "Delaunay2" }, "geometry": { "type": "LineString", "coordinates": [ [ 16.791229, 63.646259 ], [ 17.156525, 63.845512 ] ] } },
{ "type": "Feature", "properties": { "voltage_kv": 220.0, "from_node": 73, "to_node": 74, "length_km": 50.785358102491983, "delaunay_k": 2, "edge_set": "Delaunay2" }, "geometry": { "type": "LineString", "coordinates": [ [ 16.792603, 62.710685 ], [ 16.876373, 63.164276 ] ] } },
{ "type": "Feature", "properties": { "voltage_kv": 220.0, "from_node": 73, "to_node": 86, "length_km": 62.782794207876478, "delaunay_k": 2, "edge_set": "Delaunay2" }, "geometry": { "type": "LineString", "coordinates": [ [ 16.792603, 62.710685 ], [ 17.082367, 63.257738 ] ] } },
{ "type": "Feature", "properties": { "voltage_kv": 220.0, "from_node": 73, "to_node": 92, "length_km": 73.949802627938524, "delaunay_k": 2, "edge_set": "Delaunay2" }, "geometry": { "type": "LineString", "coordinates": [ [ 16.792603, 62.710685 ], [ 17.230682, 63.342889 ] ] } },
{ "type": "Feature", "properties": { "voltage_kv": 220.0, "from_node": 73, "to_node": 97, "length_km": 49.628148260038152, "delaunay_k": 2, "edge_set": "Delaunay2" }, "geometry": { "type": "LineString", "coordinates": [ [ 16.792603, 62.710685 ], [ 17.362518, 62.352158 ] ] } },
{ "type": "Feature", "properties": { "voltage_kv": 220.0, "from_node": 74, "to_node": 78, "length_km": 30.067427770336689, "delaunay_k": 2, "edge_set": "Delaunay2" }, "geometry": { "type": "LineString", "coordinates": [ [ 16.876373, 63.164276 ], [ 16.910706, 63.433317 ] ] } },
{ "type": "Feature", "properties": { "voltage_kv": 220.0, "from_node": 74, "to_node": 82, "length_km": 81.243429019327493, "delaunay_k": 2, "edge_set": "Delaunay2" }, "geometry": { "type": "LineString", "coordinates": [ [ 16.876373, 63.164276 ], [ 16.993103, 62.438065 ] ] } },
{ "type": "Feature", "properties": { "voltage_kv": 220.0, "from_node": 74, "to_node": 87, "length_km": 30.441007704607575, "delaunay_k": 2, "edge_set": "Delaunay2" }, "geometry": { "type": "LineString", "coordinates": [ [ 16.876373, 63.164276 ], [ 17.122192, 63.413656 ] ] } },
{ "type": "Feature", "properties": { "voltage_kv": 220.0, "from_node": 74, "to_node": 92, "length_km": 26.732022518725501, "delaunay_k": 2, "edge_set": "Delaunay2" }, "geometry": { "type": "LineString", "coordinates": [ [ 16.876373, 63.164276 ], [ 17.230682, 63.342889 ] ] } },
{ "type": "Feature", "properties": { "voltage_kv": 220.0, "from_node": 74, "to_node": 97, "length_km": 93.964067095384337, "delaunay_k": 2, "edge_set": "Delaunay2" }, "geometry": { "type": "LineString", "coordinates": [ [ 16.876373, 63.164276 ], [ 17.362518, 62.352158 ] ] } },
{ "type": "Feature", "properties": { "voltage_kv": 220.0, "from_node": 75, "to_node": 81, "length_km": 68.773960638407303, "delaunay_k": 2, "edge_set": "Delaunay2" }, "geometry": { "type": "LineString", "coordinates": [ [ 16.88324, 62.757869 ], [ 16.98761, 63.372448 ] ] } },
{ "type": "Feature", "properties": { "voltage_kv": 220.0, "from_node": 75, "to_node": 87, "length_km": 74.161553420680761, "delaunay_k": 2, "edge_set": "Delaunay2" }, "geometry": { "type": "LineString", "coordinates": [ [ 16.88324, 62.757869 ], [ 17.122192, 63.413656 ] ] } },
{ "type": "Feature", "properties": { "voltage_kv": 220.0, "from_node": 75, "to_node": 88, "length_km": 122.13056239527181, "delaunay_k": 2, "edge_set": "Delaunay2" }, "geometry": { "type": "LineString", "coordinates": [ [ 16.88324, 62.757869 ], [ 17.156525, 63.845512 ] ] } },
{ "type": "Feature", "properties": { "voltage_kv": 220.0, "from_node": 75, "to_node": 98, "length_km": 161.51706344781493, "delaunay_k": 2, "edge_set": "Delaunay2" }, "geometry": { "type": "LineString", "coordinates": [ [ 16.88324, 62.757869 ], [ 17.449036, 64.183063 ] ] } },
{ "type": "Feature", "properties": { "voltage_kv": 220.0, "from_node": 76, "to_node": 85, "length_km": 90.594518311389635, "delaunay_k": 2, "edge_set": "Delaunay2" }, "geometry": { "type": "LineString", "coordinates": [ [ 16.884613, 59.816518 ], [ 17.045288, 60.624713 ] ] } },
{ "type": "Feature", "properties": { "voltage_kv": 220.0, "from_node": 76, "to_node": 91, "length_km": 99.913529061423688, "delaunay_k": 2, "edge_set": "Delaunay2" }, "geometry": { "type": "LineString", "coordinates": [ [ 16.884613, 59.816518 ], [ 17.179871, 60.700072 ] ] } },
{ "type": "Feature", "properties": { "voltage_kv": 220.0, "from_node": 76, "to_node": 101, "length_km": 83.080188763539894, "delaunay_k": 2, "edge_set": "Delaunay2" }, "geometry": { "type": "LineString", "coordinates": [ [ 16.884613, 59.816518 ], [ 17.766266, 59.221637 ] ] } },
{ "type": "Feature", "properties": { "voltage_kv": 220.0, "from_node": 76, "to_node": 102, "length_km": 52.055978016416887, "delaunay_k": 2, "edge_set": "Delaunay2" }, "geometry": { "type": "LineString", "coordinates": [ [ 16.884613, 59.816518 ], [ 17.789612, 59.719715 ] ] } },
{ "type": "Feature", "properties": { "voltage_kv": 220.0, "from_node": 76, "to_node": 103, "length_km": 59.341341748544117, "delaunay_k": 2, "edge_set": "Delaunay2" }, "geometry": { "type": "LineString", "coordinates": [ [ 16.884613, 59.816518 ], [ 17.925568, 59.730792 ] ] } },
{ "type": "Feature", "properties": { "voltage_kv": 220.0, "from_node": 76, "to_node": 107, "length_km": 77.319046506755996, "delaunay_k": 2, "edge_set": "Delaunay2" }, "geometry": { "type": "LineString", "coordinates": [ [ 16.884613, 59.816518 ], [ 18.233185, 59.961198 ] ] } },
{ "type": "Feature", "properties": { "voltage_kv": 220.0, "from_node": 76, "to_node": 110, "length_km": 101.40855887351087, "delaunay_k": 2, "edge_set": "Delaunay2" }, "geometry": { "type": "LineString", "coordinates": [ [ 16.884613, 59.816518 ], [ 18.623199, 60.071693 ] ] } },
{ "type": "Feature", "properties": { "voltage_kv": 220.0, "from_node": 77, "to_node": 78, "length_km": 31.311208366388755, "delaunay_k": 2, "edge_set": "Delaunay2" }, "geometry": { "type": "LineString", "coordinates": [ [ 16.894226, 63.713846 ], [ 16.910706, 63.433317 ] ] } },
{ "type": "Feature", "properties": { "voltage_kv": 220.0, "from_node": 77, "to_node": 84, "length_km": 26.872978090311523, "delaunay_k": 2, "edge_set": "Delaunay2" }, "geometry": { "type": "LineString", "coordinates": [ [ 16.894226, 63.713846 ], [ 17.043915, 63.48241 ] ] } },
{ "type": "Feature", "properties": { "voltage_kv": 220.0, "from_node": 77, "to_node": 87, "length_km": 35.36272048161392, "delaunay_k": 2, "edge_set": "Delaunay2" }, "geometry": { "type": "LineString", "coordinates": [ [ 16.894226, 63.713846 ], [ 17.122192, 63.413656 ] ] } },
{ "type": "Feature", "properties": { "voltage_kv": 220.0, "from_node": 77, "to_node": 90, "length_km": 26.912355785871402, "delaunay_k": 2, "edge_set": "Delaunay2" }, "geometry": { "type": "LineString", "coordinates": [ [ 16.894226, 63.713846 ], [ 17.168884, 63.922284 ] ] } },
{ "type": "Feature", "properties": { "voltage_kv": 220.0, "from_node": 77, "to_node": 92, "length_km": 44.655485232358416, "delaunay_k": 2, "edge_set": "Delaunay2" }, "geometry": { "type": "LineString", "coordinates": [ [ 16.894226, 63.713846 ], [ 17.230682, 63.342889 ] ] } },
{ "type": "Feature", "properties": { "voltage_kv": 220.0, "from_node": 77, "to_node": 93, "length_km": 52.533660575314109, "delaunay_k": 2, "edge_set": "Delaunay2" }, "geometry": { "type": "LineString", "coordinates": [ [ 16.894226, 63.713846 ], [ 17.271881, 64.154341 ] ] } },
{ "type": "Feature", "properties": { "voltage_kv": 220.0, "from_node": 77, "to_node": 95, "length_km": 64.716805821510334, "delaunay_k": 2, "edge_set": "Delaunay2" }, "geometry": { "type": "LineString", "coordinates": [ [ 16.894226, 63.713846 ], [ 17.310333, 64.26428 ] ] } },
{ "type": "Feature", "properties": { "voltage_kv": 220.0, "from_node": 77, "to_node": 98, "length_km": 59.014521485734335, "delaunay_k": 2, "edge_set": "Delaunay2" }, "geometry": { "type": "LineString", "coordinates": [ [ 16.894226, 63.713846 ], [ 17.449036, 64.183063 ] ] } },
{ "type": "Feature", "properties": { "voltage_kv": 220.0, "from_node": 78, "to_node": 83, "length_km": 34.560481887591472, "delaunay_k": 2, "edge_set": "Delaunay2" }, "geometry": { "type": "LineString", "coordinates": [ [ 16.910706, 63.433317 ], [ 17.041168, 63.737555 ] ] } },
{ "type": "Feature", "properties": { "voltage_kv": 220.0, "from_node": 78, "to_node": 86, "length_km": 21.396987543559163, "delaunay_k": 2, "edge_set": "Delaunay2" }, "geometry": { "type": "LineString", "coordinates": [ [ 16.910706, 63.433317 ], [ 17.082367, 63.257738 ] ] } },
{ "type": "Feature", "properties": { "voltage_kv": 220.0, "from_node": 78, "to_node": 88, "length_km": 47.582811610919954, "delaunay_k": 2, "edge_set": "Delaunay2" }, "geometry": { "type": "LineString", "coordinates": [ [ 16.910706, 63.433317 ], [ 17.156525, 63.845512 ] ] } },
{ "type": "Feature", "properties": { "voltage_kv": 220.0, "from_node": 78, "to_node": 92, "length_km": 18.928359670889598, "delaunay_k": 2, "edge_set": "Delaunay2" }, "geometry": { "type": "LineString", "coordinates": [ [ 16.910706, 63.433317 ], [ 17.230682, 63.342889 ] ] } },
{ "type": "Feature", "properties": { "voltage_kv": 220.0, "from_node": 79, "to_node": 80, "length_km": 49.677092765154462, "delaunay_k": 2, "edge_set": "Delaunay2" }, "geometry": { "type": "LineString", "coordinates": [ [ 16.923065, 63.549164 ], [ 16.962891, 63.994031 ] ] } },
{ "type": "Feature", "properties": { "voltage_kv": 220.0, "from_node": 79, "to_node": 81, "length_km": 19.979107537156111, "delaunay_k": 2, "edge_set": "Delaunay2" }, "geometry": { "type": "LineString", "coordinates": [ [ 16.923065, 63.549164 ], [ 16.98761, 63.372448 ] ] } },
{ "type": "Feature", "properties": { "voltage_kv": 220.0, "from_node": 79, "to_node": 87, "length_km": 18.091263233222545, "delaunay_k": 2, "edge_set": "Delaunay2" }, "geometry": { "type": "LineString", "coordinates": [ [ 16.923065, 63.549164 ], [ 17.122192, 63.413656 ] ] } },
{ "type": "Feature", "properties": { "voltage_kv": 220.0, "from_node": 79, "to_node": 88, "length_km": 35.029163499867956, "delaunay_k": 2, "edge_set": "Delaunay2" }, "geometry": { "type": "LineString", "coordinates": [ [ 16.923065, 63.549164 ], [ 17.156525, 63.845512 ] ] } },
{ "type": "Feature", "properties": { "voltage_kv": 220.0, "from_node": 80, "to_node": 83, "length_km": 28.876406207770767, "delaunay_k": 2, "edge_set": "Delaunay2" }, "geometry": { "type": "LineString", "coordinates": [ [ 16.962891, 63.994031 ], [ 17.041168, 63.737555 ] ] } },
{ "type": "Feature", "properties": { "voltage_kv": 220.0, "from_node": 80, "to_node": 87, "length_km": 65.238220697502598, "delaunay_k": 2, "edge_set": "Delaunay2" }, "geometry": { "type": "LineString", "coordinates": [ [ 16.962891, 63.994031 ], [ 17.122192, 63.413656 ] ] } },
{ "type": "Feature", "properties": { "voltage_kv": 220.0, "from_node": 80, "to_node": 92, "length_km": 73.859642173160481, "delaunay_k": 2, "edge_set": "Delaunay2" }, "geometry": { "type": "LineString", "coordinates": [ [ 16.962891, 63.994031 ], [ 17.230682, 63.342889 ] ] } },
{ "type": "Feature", "properties": { "voltage_kv": 220.0, "from_node": 80, "to_node": 98, "length_km": 31.755330619155139, "delaunay_k": 2, "edge_set": "Delaunay2" }, "geometry": { "type": "LineString", "coordinates": [ [ 16.962891, 63.994031 ], [ 17.449036, 64.183063 ] ] } },
{ "type": "Feature", "properties": { "voltage_kv": 220.0, "from_node": 80, "to_node": 99, "length_km": 115.30728553971377, "delaunay_k": 2, "edge_set": "Delaunay2" }, "geometry": { "type": "LineString", "coordinates": [ [ 16.962891, 63.994031 ], [ 17.541046, 64.996778 ] ] } },
{ "type": "Feature", "properties": { "voltage_kv": 220.0, "from_node": 81, "to_node": 83, "length_km": 40.825970690329413, "delaunay_k": 2, "edge_set": "Delaunay2" }, "geometry": { "type": "LineString", "coordinates": [ [ 16.98761, 63.372448 ], [ 17.041168, 63.737555 ] ] } },
{ "type": "Feature", "properties": { "voltage_kv": 220.0, "from_node": 81, "to_node": 84, "length_km": 12.588124427904566, "delaunay_k": 2, "edge_set": "Delaunay2" }, "geometry": { "type": "LineString", "coordinates": [ [ 16.98761, 63.372448 ], [ 17.043915, 63.48241 ] ] } },
{ "type": "Feature", "properties": { "voltage_kv": 220.0, "from_node": 81, "to_node": 88, "length_km": 53.448475256870395, "delaunay_k": 2, "edge_set": "Delaunay2" }, "geometry": { "type": "LineString", "coordinates": [ [ 16.98761, 63.372448 ], [ 17.156525, 63.845512 ] ] } },
{ "type": "Feature", "properties": { "voltage_kv": 220.0, "from_node": 81, "to_node": 97, "length_km": 115.43783496427399, "delaunay_k": 2, "edge_set": "Delaunay2" }, "geometry": { "type": "LineString", "coordinates": [ [ 16.98761, 63.372448 ], [ 17.362518, 62.352158 ] ] } },
{ "type": "Feature", "properties": { "voltage_kv": 220.0, "from_node": 81, "to_node": 98, "length_km": 93.280676124539696, "delaunay_k": 2, "edge_set": "Delaunay2" }, "geometry": { "type": "LineString", "coordinates": [ [ 16.98761, 63.372448 ], [ 17.449036, 64.183063 ] ] } },
{ "type": "Feature", "properties": { "voltage_kv": 220.0, "from_node": 82, "to_node": 86, "length_km": 91.568968629813369, "delaunay_k": 2, "edge_set": "Delaunay2" }, "geometry": { "type": "LineString", "coordinates": [ [ 16.993103, 62.438065 ], [ 17.082367, 63.257738 ] ] } },
{ "type": "Feature", "properties": { "voltage_kv": 220.0, "from_node": 82, "to_node": 89, "length_km": 141.50633169442176, "delaunay_k": 2, "edge_set": "Delaunay2" }, "geometry": { "type": "LineString", "coordinates": [ [ 16.993103, 62.438065 ], [ 17.166138, 61.172384 ] ] } },
{ "type": "Feature", "properties": { "voltage_kv": 220.0, "from_node": 82, "to_node": 92, "length_km": 101.68153242178349, "delaunay_k": 2, "edge_set": "Delaunay2" }, "geometry": { "type": "LineString", "coordinates": [ [ 16.993103, 62.438065 ], [ 17.230682, 63.342889 ] ] } },
{ "type": "Feature", "properties": { "voltage_kv": 220.0, "from_node": 83, "to_node": 90, "length_km": 21.55260164784745, "delaunay_k": 2, "edge_set": "Delaunay2" }, "geometry": { "type": "LineString", "coordinates": [ [ 17.041168, 63.737555 ], [ 17.168884, 63.922284 ] ] } },
{ "type": "Feature", "properties": { "voltage_kv": 220.0, "from_node": 83, "to_node": 92, "length_km": 45.038264274049567, "delaunay_k": 2, "edge_set": "Delaunay2" }, "geometry": { "type": "LineString", "coordinates": [ [ 17.041168, 63.737555 ], [ 17.230682, 63.342889 ] ] } },
{ "type": "Feature", "properties": { "voltage_kv": 220.0, "from_node": 83, "to_node": 98, "length_km": 53.589799798870608, "delaunay_k": 2, "edge_set": "Delaunay2" }, "geometry": { "type": "LineString", "coordinates": [ [ 17.041168, 63.737555 ], [ 17.449036, 64.183063 ] ] } },
{ "type": "Feature", "properties": { "voltage_kv": 220.0, "from_node": 84, "to_node": 88, "length_km": 40.899374859043697, "delaunay_k": 2, "edge_set": "Delaunay2" }, "geometry": { "type": "LineString", "coordinates": [ [ 17.043915, 63.48241 ], [ 17.156525, 63.845512 ] ] } },
{ "type": "Feature", "properties": { "voltage_kv": 220.0, "from_node": 84, "to_node": 92, "length_km": 18.155094434780448, "delaunay_k": 2, "edge_set": "Delaunay2" }, "geometry": { "type": "LineString", "coordinates": [ [ 17.043915, 63.48241 ], [ 17.230682, 63.342889 ] ] } },
{ "type": "Feature", "properties": { "voltage_kv": 220.0, "from_node": 85, "to_node": 89, "length_km": 61.451805899034099, "delaunay_k": 2, "edge_set": "Delaunay2" }, "geometry": { "type": "LineString", "coordinates": [ [ 17.045288, 60.624713 ], [ 17.166138, 61.172384 ] ] } },
{ "type": "Feature", "properties": { "voltage_kv": 220.0, "from_node": 85, "to_node": 100, "length_km": 86.72564978947463, "delaunay_k": 2, "edge_set": "Delaunay2" }, "geometry": { "type": "LineString", "coordinates": [ [ 17.045288, 60.624713 ], [ 17.748413, 59.930248 ] ] } },
{ "type": "Feature", "properties": { "voltage_kv": 220.0, "from_node": 85, "to_node": 107, "length_km": 99.047593027356555, "delaunay_k": 2, "edge_set": "Delaunay2" }, "geometry": { "type": "LineString", "coordinates": [ [ 17.045288, 60.624713 ], [ 18.233185, 59.961198 ] ] } },
{ "type": "Feature", "properties": { "voltage_kv": 220.0, "from_node": 85, "to_node": 110, "length_km": 106.87475148605219, "delaunay_k": 2, "edge_set": "Delaunay2" }, "geometry": { "type": "LineString", "coordinates": [ [ 17.045288, 60.624713 ], [ 18.623199, 60.071693 ] ] } },
{ "type": "Feature", "properties": { "voltage_kv": 220.0, "from_node": 85, "to_node": 111, "length_km": 116.52574264057075, "delaunay_k": 2, "edge_set": "Delaunay2" }, "geometry": { "type": "LineString", "coordinates": [ [ 17.045288, 60.624713 ], [ 18.8237, 60.06484 ] ] } },
{ "type": "Feature", "properties": { "voltage_kv": 220.0, "from_node": 86, "to_node": 87, "length_km": 17.511935994278378, "delaunay_k": 2, "edge_set": "Delaunay2" }, "geometry": { "type": "LineString", "coordinates": [ [ 17.082367, 63.257738 ], [ 17.122192, 63.413656 ] ] } },
{ "type": "Feature", "properties": { "voltage_kv": 220.0, "from_node": 86, "to_node": 88, "length_km": 65.690354924364243, "delaunay_k": 2, "edge_set": "Delaunay2" }, "geometry": { "type": "LineString", "coordinates": [ [ 17.082367, 63.257738 ], [ 17.156525, 63.845512 ] ] } },
{ "type": "Feature", "properties": { "voltage_kv": 220.0, "from_node": 86, "to_node": 97, "length_km": 102.05520499391424, "delaunay_k": 2, "edge_set": "Delaunay2" }, "geometry": { "type": "LineString", "coordinates": [ [ 17.082367, 63.257738 ], [ 17.362518, 62.352158 ] ] } },
{ "type": "Feature", "properties": { "voltage_kv": 220.0, "from_node": 86, "to_node": 98, "length_km": 104.83937787946419, "delaunay_k": 2, "edge_set": "Delaunay2" }, "geometry": { "type": "LineString", "coordinates": [ [ 17.082367, 63.257738 ], [ 17.449036, 64.183063 ] ] } },
{ "type": "Feature", "properties": { "voltage_kv": 220.0, "from_node": 87, "to_node": 90, "length_km": 56.803260035081237, "delaunay_k": 2, "edge_set": "Delaunay2" }, "geometry": { "type": "LineString", "coordinates": [ [ 17.122192, 63.413656 ], [ 17.168884, 63.922284 ] ] } },
{ "type": "Feature", "properties": { "voltage_kv": 220.0, "from_node": 87, "to_node": 97, "length_km": 119.07761858749714, "delaunay_k": 2, "edge_set": "Delaunay2" }, "geometry": { "type": "LineString", "coordinates": [ [ 17.122192, 63.413656 ], [ 17.362518, 62.352158 ] ] } },
{ "type": "Feature", "properties": { "voltage_kv": 220.0, "from_node": 87, "to_node": 98, "length_km": 87.361285258000336, "delaunay_k": 2, "edge_set": "Delaunay2" }, "geometry": { "type": "LineString", "coordinates": [ [ 17.122192, 63.413656 ], [ 17.449036, 64.183063 ] ] } },
{ "type": "Feature", "properties": { "voltage_kv": 220.0, "from_node": 88, "to_node": 93, "length_km": 34.922903982260593, "delaunay_k": 2, "edge_set": "Delaunay2" }, "geometry": { "type": "LineString", "coordinates": [ [ 17.156525, 63.845512 ], [ 17.271881, 64.154341 ] ] } },
{ "type": "Feature", "properties": { "voltage_kv": 220.0, "from_node": 88, "to_node": 95, "length_km": 47.332549713260185, "delaunay_k": 2, "edge_set": "Delaunay2" }, "geometry": { "type": "LineString", "coordinates": [ [ 17.156525, 63.845512 ], [ 17.310333, 64.26428 ] ] } },
{ "type": "Feature", "properties": { "voltage_kv": 220.0, "from_node": 88, "to_node": 97, "length_km": 166.96397702037027, "delaunay_k": 2, "edge_set": "Delaunay2" }, "geometry": { "type": "LineString", "coordinates": [ [ 17.156525, 63.845512 ], [ 17.362518, 62.352158 ] ] } },
{ "type": "Feature", "properties": { "voltage_kv": 220.0, "from_node": 88, "to_node": 99, "length_km": 129.81272907568066, "delaunay_k": 2, "edge_set": "Delaunay2" }, "geometry": { "type": "LineString", "coordinates": [ [ 17.156525, 63.845512 ], [ 17.541046, 64.996778 ] ] } },
{ "type": "Feature", "properties": { "voltage_kv": 220.0, "from_node": 89, "to_node": 94, "length_km": 84.985075537041723, "delaunay_k": 2, "edge_set": "Delaunay2" }, "geometry": { "type": "LineString", "coordinates": [ [ 17.166138, 61.172384 ], [ 17.274628, 60.412496 ] ] } },
{ "type": "Feature", "properties": { "voltage_kv": 220.0, "from_node": 90, "to_node": 92, "length_km": 64.726534321627881, "delaunay_k": 2, "edge_set": "Delaunay2" }, "geometry": { "type": "LineString", "coordinates": [ [ 17.168884, 63.922284 ], [ 17.230682, 63.342889 ] ] } },
{ "type": "Feature", "properties": { "voltage_kv": 220.0, "from_node": 90, "to_node": 95, "length_km": 38.784173794328716, "delaunay_k": 2, "edge_set": "Delaunay2" }, "geometry": { "type": "LineString", "coordinates": [ [ 17.168884, 63.922284 ], [ 17.310333, 64.26428 ] ] } },
{ "type": "Feature", "properties": { "voltage_kv": 220.0, "from_node": 90, "to_node": 99, "length_km": 121.24629179458478, "delaunay_k": 2, "edge_set": "Delaunay2" }, "geometry": { "type": "LineString", "coordinates": [ [ 17.168884, 63.922284 ], [ 17.541046, 64.996778 ] ] } },
{ "type": "Feature", "properties": { "voltage_kv": 220.0, "from_node": 91, "to_node": 100, "length_km": 91.475910377572063, "delaunay_k": 2, "edge_set": "Delaunay2" }, "geometry": { "type": "LineString", "coordinates": [ [ 17.179871, 60.700072 ], [ 17.748413, 59.930248 ] ] } },
{ "type": "Feature", "properties": { "voltage_kv": 220.0, "from_node": 91, "to_node": 107, "length_km": 100.96428207998279, "delaunay_k": 2, "edge_set": "Delaunay2" }, "geometry": { "type": "LineString", "coordinates": [ [ 17.179871, 60.700072 ], [ 18.233185, 59.961198 ] ] } },
{ "type": "Feature", "properties": { "voltage_kv": 220.0, "from_node": 91, "to_node": 108, "length_km": 152.2401715265147, "delaunay_k": 2, "edge_set": "Delaunay2" }, "geometry": { "type": "LineString", "coordinates": [ [ 17.179871, 60.700072 ], [ 18.404846, 59.480661 ] ] } },
{ "type": "Feature", "properties": { "voltage_kv": 220.0, "from_node": 91, "to_node": 109, "length_km": 125.08543496017064, "delaunay_k": 2, "edge_set": "Delaunay2" }, "geometry": { "type": "LineString", "coordinates": [ [ 17.179871, 60.700072 ], [ 18.621826, 59.837916 ] ] } },
{ "type": "Feature", "properties": { "voltage_kv": 220.0, "from_node": 92, "to_node": 93, "length_km": 90.57395012504935, "delaunay_k": 2, "edge_set": "Delaunay2" }, "geometry": { "type": "LineString", "coordinates": [ [ 17.230682, 63.342889 ], [ 17.271881, 64.154341 ] ] } },
{ "type": "Feature", "properties": { "voltage_kv": 220.0, "from_node": 92, "to_node": 95, "length_km": 102.89537539409461, "delaunay_k": 2, "edge_set": "Delaunay2" }, "geometry": { "type": "LineString", "coordinates": [ [ 17.230682, 63.342889 ], [ 17.310333, 64.26428 ] ] } },
{ "type": "Feature", "properties": { "voltage_kv": 220.0, "from_node": 92, "to_node": 99, "length_km": 185.1899697276159, "delaunay_k": 2, "edge_set": "Delaunay2" }, "geometry": { "type": "LineString", "coordinates": [ [ 17.230682, 63.342889 ], [ 17.541046, 64.996778 ] ] } },
{ "type": "Feature", "properties": { "voltage_kv": 220.0, "from_node": 93, "to_node": 99, "length_km": 94.90093935096624, "delaunay_k": 2, "edge_set": "Delaunay2" }, "geometry": { "type": "LineString", "coordinates": [ [ 17.271881, 64.154341 ], [ 17.541046, 64.996778 ] ] } },
{ "type": "Feature", "properties": { "voltage_kv": 220.0, "from_node": 94, "to_node": 96, "length_km": 77.660271979894915, "delaunay_k": 2, "edge_set": "Delaunay2" }, "geometry": { "type": "LineString", "coordinates": [ [ 17.274628, 60.412496 ], [ 17.329559, 59.716945 ] ] } },
{ "type": "Feature", "properties": { "voltage_kv": 220.0, "from_node": 94, "to_node": 102, "length_km": 82.461909929233528, "delaunay_k": 2, "edge_set": "Delaunay2" }, "geometry": { "type": "LineString", "coordinates": [ [ 17.274628, 60.412496 ], [ 17.789612, 59.719715 ] ] } },
{ "type": "Feature", "properties": { "voltage_kv": 220.0, "from_node": 94, "to_node": 103, "length_km": 84.281852397017985, "delaunay_k": 2, "edge_set": "Delaunay2" }, "geometry": { "type": "LineString", "coordinates": [ [ 17.274628, 60.412496 ], [ 17.925568, 59.730792 ] ] } },
{ "type": "Feature", "properties": { "voltage_kv": 220.0, "from_node": 94, "to_node": 109, "length_km": 98.684067844900312, "delaunay_k": 2, "edge_set": "Delaunay2" }, "geometry": { "type": "LineString", "coordinates": [ [ 17.274628, 60.412496 ], [ 18.621826, 59.837916 ] ] } },
{ "type": "Feature", "properties": { "voltage_kv": 220.0, "from_node": 94, "to_node": 111, "length_km": 94.310848235429646, "delaunay_k": 2, "edge_set": "Delaunay2" }, "geometry": { "type": "LineString", "coordinates": [ [ 17.274628, 60.412496 ], [ 18.8237, 60.06484 ] ] } },
{ "type": "Feature", "properties": { "voltage_kv": 220.0, "from_node": 96, "to_node": 103, "length_km": 33.621575090228042, "delaunay_k": 2, "edge_set": "Delaunay2" }, "geometry": { "type": "LineString", "coordinates": [ [ 17.329559, 59.716945 ], [ 17.925568, 59.730792 ] ] } },
{ "type": "Feature", "properties": { "voltage_kv": 220.0, "from_node": 96, "to_node": 104, "length_km": 62.279956009174114, "delaunay_k": 2, "edge_set": "Delaunay2" }, "geometry": { "type": "LineString", "coordinates": [ [ 17.329559, 59.716945 ], [ 18.095856, 59.317075 ] ] } },
{ "type": "Feature", "properties": { "voltage_kv": 220.0, "from_node": 96, "to_node": 105, "length_km": 75.638439479992329, "delaunay_k": 2, "edge_set": "Delaunay2" }, "geometry": { "type": "LineString", "coordinates": [ [ 17.329559, 59.716945 ], [ 18.110962, 59.168187 ] ] } },
{ "type": "Feature", "properties": { "voltage_kv": 220.0, "from_node": 96, "to_node": 106, "length_km": 83.843116280883464, "delaunay_k": 2, "edge_set": "Delaunay2" }, "geometry": { "type": "LineString", "coordinates": [ [ 17.329559, 59.716945 ], [ 18.124695, 59.084327 ] ] } },
{ "type": "Feature", "properties": { "voltage_kv": 220.0, "from_node": 96, "to_node": 107, "length_km": 57.604577504444705, "delaunay_k": 2, "edge_set": "Delaunay2" }, "geometry": { "type": "LineString", "coordinates": [ [ 17.329559, 59.716945 ], [ 18.233185, 59.961198 ] ] } },
{ "type": "Feature", "properties": { "voltage_kv": 220.0, "from_node": 97, "to_node": 98, "length_km": 204.36454708810928, "delaunay_k": 2, "edge_set": "Delaunay2" }, "geometry": { "type": "LineString", "coordinates": [ [ 17.362518, 62.352158 ], [ 17.449036, 64.183063 ] ] } },
{ "type": "Feature", "properties": { "voltage_kv": 220.0, "from_node": 100, "to_node": 101, "length_km": 79.078081283606991, "delaunay_k": 2, "edge_set": "Delaunay2" }, "geometry": { "type": "LineString", "coordinates": [ [ 17.748413, 59.930248 ], [ 17.766266, 59.221637 ] ] } },
{ "type": "Feature", "properties": { "voltage_kv": 220.0, "from_node": 100, "to_node": 104, "length_km": 71.19066176721951, "delaunay_k": 2, "edge_set": "Delaunay2" }, "geometry": { "type": "LineString", "coordinates": [ [ 17.748413, 59.930248 ], [ 18.095856, 59.317075 ] ] } },
{ "type": "Feature", "properties": { "voltage_kv": 220.0, "from_node": 100, "to_node": 108, "length_km": 62.35462739903496, "delaunay_k": 2, "edge_set": "Delaunay2" }, "geometry": { "type": "LineString", "coordinates": [ [ 17.748413, 59.930248 ], [ 18.404846, 59.480661 ] ] } },
{ "type": "Feature", "properties": { "voltage_kv": 220.0, "from_node": 100, "to_node": 109, "length_km": 50.067635204579233, "delaunay_k": 2, "edge_set": "Delaunay2" }, "geometry": { "type": "LineString", "coordinates": [ [ 17.748413, 59.930248 ], [ 18.621826, 59.837916 ] ] } },
{ "type": "Feature", "properties": { "voltage_kv": 220.0, "from_node": 100, "to_node": 110, "length_km": 51.384744949895598, "delaunay_k": 2, "edge_set": "Delaunay2" }, "geometry": { "type": "LineString", "coordinates": [ [ 17.748413, 59.930248 ], [ 18.623199, 60.071693 ] ] } },
{ "type": "Feature", "properties": { "voltage_kv": 220.0, "from_node": 101, "to_node": 103, "length_km": 57.532500788149861, "delaunay_k": 2, "edge_set": "Delaunay2" }, "geometry": { "type": "LineString", "coordinates": [ [ 17.766266, 59.221637 ], [ 17.925568, 59.730792 ] ] } },
{ "type": "Feature", "properties": { "voltage_kv": 220.0, "from_node": 101, "to_node": 108, "length_km": 46.478101073781858, "delaunay_k": 2, "edge_set": "Delaunay2" }, "geometry": { "type": "LineString", "coordinates": [ [ 17.766266, 59.221637 ], [ 18.404846, 59.480661 ] ] } },
{ "type": "Feature", "properties": { "voltage_kv": 220.0, "from_node": 102, "to_node": 105, "length_km": 64.201178205130361, "delaunay_k": 2, "edge_set": "Delaunay2" }, "geometry": { "type": "LineString", "coordinates": [ [ 17.789612, 59.719715 ], [ 18.110962, 59.168187 ] ] } },
{ "type": "Feature", "properties": { "voltage_kv": 220.0, "from_node": 102, "to_node": 106, "length_km": 73.426263833740634, "delaunay_k": 2, "edge_set": "Delaunay2" }, "geometry": { "type": "LineString", "coordinates": [ [ 17.789612, 59.719715 ], [ 18.124695, 59.084327 ] ] } },
{ "type": "Feature", "properties": { "voltage_kv": 220.0, "from_node": 102, "to_node": 107, "length_km": 36.701313623012595, "delaunay_k": 2, "edge_set": "Delaunay2" }, "geometry": { "type": "LineString", "coordinates": [ [ 17.789612, 59.719715 ], [ 18.233185, 59.961198 ] ] } },
{ "type": "Feature", "properties": { "voltage_kv": 220.0, "from_node": 102, "to_node": 108, "length_km": 43.855081047390868, "delaunay_k": 2, "edge_set": "Delaunay2" }, "geometry": { "type": "LineString", "coordinates": [ [ 17.789612, 59.719715 ], [ 18.404846, 59.480661 ] ] } },
{ "type": "Feature", "properties": { "voltage_kv": 220.0, "from_node": 102, "to_node": 109, "length_km": 48.655719955202478, "delaunay_k": 2, "edge_set": "Delaunay2" }, "geometry": { "type": "LineString", "coordinates": [ [ 17.789612, 59.719715 ], [ 18.621826, 59.837916 ] ] } },
{ "type": "Feature", "properties": { "voltage_kv": 220.0, "from_node": 103, "to_node": 105, "length_km": 63.664960614181659, "delaunay_k": 2, "edge_set": "Delaunay2" }, "geometry": { "type": "LineString", "coordinates": [ [ 17.925568, 59.730792 ], [ 18.110962, 59.168187 ] ] } },
{ "type": "Feature", "properties": { "voltage_kv": 220.0, "from_node": 103, "to_node": 106, "length_km": 73.030377727360857, "delaunay_k": 2, "edge_set": "Delaunay2" }, "geometry": { "type": "LineString", "coordinates": [ [ 17.925568, 59.730792 ], [ 18.124695, 59.084327 ] ] } },
{ "type": "Feature", "properties": { "voltage_kv": 220.0, "from_node": 103, "to_node": 110, "length_km": 54.570273187146185, "delaunay_k": 2, "edge_set": "Delaunay2" }, "geometry": { "type": "LineString", "coordinates": [ [ 17.925568, 59.730792 ], [ 18.623199, 60.071693 ] ] } },
{ "type": "Feature", "properties": { "voltage_kv": 220.0, "from_node": 103, "to_node": 111, "length_km": 62.666489387753856, "delaunay_k": 2, "edge_set": "Delaunay2" }, "geometry": { "type": "LineString", "coordinates": [ [ 17.925568, 59.730792 ], [ 18.8237, 60.06484 ] ] } },
{ "type": "Feature", "properties": { "voltage_kv": 220.0, "from_node": 104, "to_node": 106, "length_km": 26.028288515568359, "delaunay_k": 2, "edge_set": "Delaunay2" }, "geometry": { "type": "LineString", "coordinates": [ [ 18.095856, 59.317075 ], [ 18.124695, 59.084327 ] ] } },
{ "type": "Feature", "properties": { "voltage_kv": 220.0, "from_node": 104, "to_node": 107, "length_km": 72.308547162716607, "delaunay_k": 2, "edge_set": "Delaunay2" }, "geometry": { "type": "LineString", "coordinates": [ [ 18.095856, 59.317075 ], [ 18.233185, 59.961198 ] ] } },
{ "type": "Feature", "properties": { "voltage_kv": 220.0, "from_node": 104, "to_node": 109, "length_km": 65.320402868900231, "delaunay_k": 2, "edge_set": "Delaunay2" }, "geometry": { "type": "LineString", "coordinates": [ [ 18.095856, 59.317075 ], [ 18.621826, 59.837916 ] ] } },
{ "type": "Feature", "properties": { "voltage_kv": 220.0, "from_node": 104, "to_node": 111, "length_km": 93.02868370244471, "delaunay_k": 2, "edge_set": "Delaunay2" }, "geometry": { "type": "LineString", "coordinates": [ [ 18.095856, 59.317075 ], [ 18.8237, 60.06484 ] ] } },
{ "type": "Feature", "properties": { "voltage_kv": 220.0, "from_node": 105, "to_node": 109, "length_km": 80.179958086327218, "delaunay_k": 2, "edge_set": "Delaunay2" }, "geometry": { "type": "LineString", "coordinates": [ [ 18.110962, 59.168187 ], [ 18.621826, 59.837916 ] ] } },
{ "type": "Feature", "properties": { "voltage_kv": 220.0, "from_node": 105, "to_node": 111, "length_km": 107.90299128278707, "delaunay_k": 2, "edge_set": "Delaunay2" }, "geometry": { "type": "LineString", "coordinates": [ [ 18.110962, 59.168187 ], [ 18.8237, 60.06484 ] ] } },
{ "type": "Feature", "properties": { "voltage_kv": 220.0, "from_node": 106, "to_node": 109, "length_km": 88.732221116411921, "delaunay_k": 2, "edge_set": "Delaunay2" }, "geometry": { "type": "LineString", "coordinates": [ [ 18.124695, 59.084327 ], [ 18.621826, 59.837916 ] ] } },
{ "type": "Feature", "properties": { "voltage_kv": 220.0, "from_node": 106, "to_node": 111, "length_km": 116.38968407942716, "delaunay_k": 2, "edge_set": "Delaunay2" }, "geometry": { "type": "LineString", "coordinates": [ [ 18.124695, 59.084327 ], [ 18.8237, 60.06484 ] ] } },
{ "type": "Feature", "properties": { "voltage_kv": 220.0, "from_node": 107, "to_node": 108, "length_km": 54.503705594495557, "delaunay_k": 2, "edge_set": "Delaunay2" }, "geometry": { "type": "LineString", "coordinates": [ [ 18.233185, 59.961198 ], [ 18.404846, 59.480661 ] ] } },
{ "type": "Feature", "properties": { "voltage_kv": 220.0, "from_node": 107, "to_node": 111, "length_km": 34.972483473974705, "delaunay_k": 2, "edge_set": "Delaunay2" }, "geometry": { "type": "LineString", "coordinates": [ [ 18.233185, 59.961198 ], [ 18.8237, 60.06484 ] ] } },
{ "type": "Feature", "properties": { "voltage_kv": 220.0, "from_node": 108, "to_node": 110, "length_km": 67.113236531215023, "delaunay_k": 2, "edge_set": "Delaunay2" }, "geometry": { "type": "LineString", "coordinates": [ [ 18.404846, 59.480661 ], [ 18.623199, 60.071693 ] ] } },
{ "type": "Feature", "properties": { "voltage_kv": 220.0, "from_node": 112, "to_node": 121, "length_km": 195.28741054593996, "delaunay_k": 2, "edge_set": "Delaunay2" }, "geometry": { "type": "LineString", "coordinates": [ [ 22.633209, 62.789912 ], [ 25.333099, 64.045767 ] ] } },
{ "type": "Feature", "properties": { "voltage_kv": 220.0, "from_node": 113, "to_node": 122, "length_km": 116.66803166563317, "delaunay_k": 2, "edge_set": "Delaunay2" }, "geometry": { "type": "LineString", "coordinates": [ [ 23.100128, 65.837089 ], [ 25.415497, 66.285642 ] ] } },
{ "type": "Feature", "properties": { "voltage_kv": 220.0, "from_node": 113, "to_node": 123, "length_km": 135.15537481203793, "delaunay_k": 2, "edge_set": "Delaunay2" }, "geometry": { "type": "LineString", "coordinates": [ [ 23.100128, 65.837089 ], [ 25.717621, 66.413451 ] ] } },
{ "type": "Feature", "properties": { "voltage_kv": 220.0, "from_node": 113, "to_node": 125, "length_km": 237.52465984246226, "delaunay_k": 2, "edge_set": "Delaunay2" }, "geometry": { "type": "LineString", "coordinates": [ [ 23.100128, 65.837089 ], [ 26.098022, 67.596139 ] ] } },
{ "type": "Feature", "properties": { "voltage_kv": 220.0, "from_node": 113, "to_node": 132, "length_km": 187.03656801893106, "delaunay_k": 2, "edge_set": "Delaunay2" }, "geometry": { "type": "LineString", "coordinates": [ [ 23.100128, 65.837089 ], [ 27.030487, 66.33089 ] ] } },
{ "type": "Feature", "properties": { "voltage_kv": 220.0, "from_node": 114, "to_node": 119, "length_km": 205.18768590231448, "delaunay_k": 2, "edge_set": "Delaunay2" }, "geometry": { "type": "LineString", "coordinates": [ [ 23.1427, 63.842485 ], [ 25.180664, 62.261532 ] ] } },
{ "type": "Feature", "properties": { "voltage_kv": 220.0, "from_node": 114, "to_node": 120, "length_km": 244.9245008828596, "delaunay_k": 2, "edge_set": "Delaunay2" }, "geometry": { "type": "LineString", "coordinates": [ [ 23.1427, 63.842485 ], [ 25.252075, 61.880107 ] ] } },
{ "type": "Feature", "properties": { "voltage_kv": 220.0, "from_node": 114, "to_node": 126, "length_km": 178.57270320527957, "delaunay_k": 2, "edge_set": "Delaunay2" }, "geometry": { "type": "LineString", "coordinates": [ [ 23.1427, 63.842485 ], [ 26.115875, 64.778222 ] ] } },
{ "type": "Feature", "properties": { "voltage_kv": 220.0, "from_node": 114, "to_node": 127, "length_km": 188.2846617436341, "delaunay_k": 2, "edge_set": "Delaunay2" }, "geometry": { "type": "LineString", "coordinates": [ [ 23.1427, 63.842485 ], [ 26.455078, 64.709668 ] ] } },
{ "type": "Feature", "properties": { "voltage_kv": 220.0, "from_node": 114, "to_node": 128, "length_km": 193.70103298416231, "delaunay_k": 2, "edge_set": "Delaunay2" }, "geometry": { "type": "LineString", "coordinates": [ [ 23.1427, 63.842485 ], [ 26.51825, 64.759489 ] ] } },
{ "type": "Feature", "properties": { "voltage_kv": 220.0, "from_node": 114, "to_node": 131, "length_km": 197.63580372978257, "delaunay_k": 2, "edge_set": "Delaunay2" }, "geometry": { "type": "LineString", "coordinates": [ [ 23.1427, 63.842485 ], [ 26.843719, 64.556111 ] ] } },
{ "type": "Feature", "properties": { "voltage_kv": 220.0, "from_node": 114, "to_node": 138, "length_km": 272.12494532938518, "delaunay_k": 2, "edge_set": "Delaunay2" }, "geometry": { "type": "LineString", "coordinates": [ [ 23.1427, 63.842485 ], [ 28.45047, 64.58147 ] ] } },
{ "type": "Feature", "properties": { "voltage_kv": 220.0, "from_node": 115, "to_node": 120, "length_km": 132.77646967494573, "delaunay_k": 2, "edge_set": "Delaunay2" }, "geometry": { "type": "LineString", "coordinates": [ [ 24.285278, 62.976446 ], [ 25.252075, 61.880107 ] ] } },
{ "type": "Feature", "properties": { "voltage_kv": 220.0, "from_node": 115, "to_node": 124, "length_km": 239.45070992841602, "delaunay_k": 2, "edge_set": "Delaunay2" }, "geometry": { "type": "LineString", "coordinates": [ [ 24.285278, 62.976446 ], [ 26.05957, 64.965416 ] ] } },
{ "type": "Feature", "properties": { "voltage_kv": 220.0, "from_node": 115, "to_node": 126, "length_km": 221.29856835979953, "delaunay_k": 2, "edge_set": "Delaunay2" }, "geometry": { "type": "LineString", "coordinates": [ [ 24.285278, 62.976446 ], [ 26.115875, 64.778222 ] ] } },
{ "type": "Feature", "properties": { "voltage_kv": 220.0, "from_node": 115, "to_node": 127, "length_km": 221.9934132250859, "delaunay_k": 2, "edge_set": "Delaunay2" }, "geometry": { "type": "LineString", "coordinates": [ [ 24.285278, 62.976446 ], [ 26.455078, 64.709668 ] ] } },
{ "type": "Feature", "properties": { "voltage_kv": 220.0, "from_node": 115, "to_node": 131, "length_km": 217.91985532803284, "delaunay_k": 2, "edge_set": "Delaunay2" }, "geometry": { "type": "LineString", "coordinates": [ [ 24.285278, 62.976446 ], [ 26.843719, 64.556111 ] ] } },
{ "type": "Feature", "properties": { "voltage_kv": 220.0, "from_node": 115, "to_node": 138, "length_km": 274.1245744668368, "delaunay_k": 2, "edge_set": "Delaunay2" }, "geometry": { "type": "LineString", "coordinates": [ [ 24.285278, 62.976446 ], [ 28.45047, 64.58147 ] ] } },
{ "type": "Feature", "properties": { "voltage_kv": 220.0, "from_node": 116, "to_node": 118, "length_km": 168.55968859595586, "delaunay_k": 2, "edge_set": "Delaunay2" }, "geometry": { "type": "LineString", "coordinates": [ [ 24.892273, 65.995123 ], [ 25.085907, 67.498059 ] ] } },
{ "type": "Feature", "properties": { "voltage_kv": 220.0, "from_node": 116, "to_node": 123, "length_km": 59.934527439587342, "delaunay_k": 2, "edge_set": "Delaunay2" }, "geometry": { "type": "LineString", "coordinates": [ [ 24.892273, 65.995123 ], [ 25.717621, 66.413451 ] ] } },
{ "type": "Feature", "properties": { "voltage_kv": 220.0, "from_node": 116, "to_node": 126, "length_km": 147.89710668424337, "delaunay_k": 2, "edge_set": "Delaunay2" }, "geometry": { "type": "LineString", "coordinates": [ [ 24.892273, 65.995123 ], [ 26.115875, 64.778222 ] ] } },
{ "type": "Feature", "properties": { "voltage_kv": 220.0, "from_node": 116, "to_node": 128, "length_km": 158.00541462991802, "delaunay_k": 2, "edge_set": "Delaunay2" }, "geometry": { "type": "LineString", "coordinates": [ [ 24.892273, 65.995123 ], [ 26.51825, 64.759489 ] ] } },
{ "type": "Feature", "properties": { "voltage_kv": 220.0, "from_node": 116, "to_node": 129, "length_km": 95.301077087684547, "delaunay_k": 2, "edge_set": "Delaunay2" }, "geometry": { "type": "LineString", "coordinates": [ [ 24.892273, 65.995123 ], [ 26.769562, 66.378809 ] ] } },
{ "type": "Feature", "properties": { "voltage_kv": 220.0, "from_node": 116, "to_node": 136, "length_km": 124.34818325931782, "delaunay_k": 2, "edge_set": "Delaunay2" }, "geometry": { "type": "LineString", "coordinates": [ [ 24.892273, 65.995123 ], [ 27.398529, 66.450241 ] ] } },
{ "type": "Feature", "properties": { "voltage_kv": 220.0, "from_node": 116, "to_node": 138, "length_km": 230.31920688883562, "delaunay_k": 2, "edge_set": "Delaunay2" }, "geometry": { "type": "LineString", "coordinates": [ [ 24.892273, 65.995123 ], [ 28.45047, 64.58147 ] ] } },
{ "type": "Feature", "properties": { "voltage_kv": 220.0, "from_node": 117, "to_node": 123, "length_km": 42.319418834467697, "delaunay_k": 2, "edge_set": "Delaunay2" }, "geometry": { "type": "LineString", "coordinates": [ [ 25.069427, 66.140521 ], [ 25.717621, 66.413451 ] ] } },
{ "type": "Feature", "properties": { "voltage_kv": 220.0, "from_node": 117, "to_node": 124, "length_km": 139.5061418610978, "delaunay_k": 2, "edge_set": "Delaunay2" }, "geometry": { "type": "LineString", "coordinates": [ [ 25.069427, 66.140521 ], [ 26.05957, 64.965416 ] ] } },
{ "type": "Feature", "properties": { "voltage_kv": 220.0, "from_node": 117, "to_node": 125, "length_km": 169.27199789802404, "delaunay_k": 2, "edge_set": "Delaunay2" }, "geometry": { "type": "LineString", "coordinates": [ [ 25.069427, 66.140521 ], [ 26.098022, 67.596139 ] ] } },
{ "type": "Feature", "properties": { "voltage_kv": 220.0, "from_node": 117, "to_node": 129, "length_km": 81.315384344459915, "delaunay_k": 2, "edge_set": "Delaunay2" }, "geometry": { "type": "LineString", "coordinates": [ [ 25.069427, 66.140521 ], [ 26.769562, 66.378809 ] ] } },
{ "type": "Feature", "properties": { "voltage_kv": 220.0, "from_node": 117, "to_node": 132, "length_km": 91.215036357597157, "delaunay_k": 2, "edge_set": "Delaunay2" }, "geometry": { "type": "LineString", "coordinates": [ [ 25.069427, 66.140521 ], [ 27.030487, 66.33089 ] ] } },
{ "type": "Feature", "properties": { "voltage_kv": 220.0, "from_node": 118, "to_node": 129, "length_km": 145.62351584295322, "delaunay_k": 2, "edge_set": "Delaunay2" }, "geometry": { "type": "LineString", "coordinates": [ [ 25.085907, 67.498059 ], [ 26.769562, 66.378809 ] ] } },
{ "type": "Feature", "properties": { "voltage_kv": 220.0, "from_node": 118, "to_node": 130, "length_km": 75.204043867478177, "delaunay_k": 2, "edge_set": "Delaunay2" }, "geometry": { "type": "LineString", "coordinates": [ [ 25.085907, 67.498059 ], [ 26.820374, 67.602419 ] ] } },
{ "type": "Feature", "properties": { "voltage_kv": 220.0, "from_node": 118, "to_node": 132, "length_km": 156.29566093723571, "delaunay_k": 2, "edge_set": "Delaunay2" }, "geometry": { "type": "LineString", "coordinates": [ [ 25.085907, 67.498059 ], [ 27.030487, 66.33089 ] ] } },
{ "type": "Feature", "properties": { "voltage_kv": 220.0, "from_node": 118, "to_node": 134, "length_km": 274.29893257626009, "delaunay_k": 2, "edge_set": "Delaunay2" }, "geometry": { "type": "LineString", "coordinates": [ [ 25.085907, 67.498059 ], [ 27.239227, 69.817839 ] ] } },
{ "type": "Feature", "properties": { "voltage_kv": 220.0, "from_node": 118, "to_node": 135, "length_km": 103.56483523749301, "delaunay_k": 2, "edge_set": "Delaunay2" }, "geometry": { "type": "LineString", "coordinates": [ [ 25.085907, 67.498059 ], [ 27.387543, 67.23753 ] ] } },
{ "type": "Feature", "properties": { "voltage_kv": 220.0, "from_node": 119, "to_node": 126, "length_km": 286.11061684020473, "delaunay_k": 2, "edge_set": "Delaunay2" }, "geometry": { "type": "LineString", "coordinates": [ [ 25.180664, 62.261532 ], [ 26.115875, 64.778222 ] ] } },
{ "type": "Feature", "properties": { "voltage_kv": 220.0, "from_node": 119, "to_node": 127, "length_km": 281.93466126481428, "delaunay_k": 2, "edge_set": "Delaunay2" }, "geometry": { "type": "LineString", "coordinates": [ [ 25.180664, 62.261532 ], [ 26.455078, 64.709668 ] ] } },
{ "type": "Feature", "properties": { "voltage_kv": 220.0, "from_node": 119, "to_node": 131, "length_km": 270.65572136254713, "delaunay_k": 2, "edge_set": "Delaunay2" }, "geometry": { "type": "LineString", "coordinates": [ [ 25.180664, 62.261532 ], [ 26.843719, 64.556111 ] ] } },
{ "type": "Feature", "properties": { "voltage_kv": 220.0, "from_node": 120, "to_node": 121, "length_km": 242.89515782729467, "delaunay_k": 2, "edge_set": "Delaunay2" }, "geometry": { "type": "LineString", "coordinates": [ [ 25.252075, 61.880107 ], [ 25.333099, 64.045767 ] ] } },
{ "type": "Feature", "properties": { "voltage_kv": 220.0, "from_node": 121, "to_node": 128, "length_km": 98.553625133304323, "delaunay_k": 2, "edge_set": "Delaunay2" }, "geometry": { "type": "LineString", "coordinates": [ [ 25.333099, 64.045767 ], [ 26.51825, 64.759489 ] ] } },
{ "type": "Feature", "properties": { "voltage_kv": 220.0, "from_node": 121, "to_node": 132, "length_km": 268.43203612922787, "delaunay_k": 2, "edge_set": "Delaunay2" }, "geometry": { "type": "LineString", "coordinates": [ [ 25.333099, 64.045767 ], [ 27.030487, 66.33089 ] ] } },
{ "type": "Feature", "properties": { "voltage_kv": 220.0, "from_node": 121, "to_node": 136, "length_km": 286.59551436237223, "delaunay_k": 2, "edge_set": "Delaunay2" }, "geometry": { "type": "LineString", "coordinates": [ [ 25.333099, 64.045767 ], [ 27.398529, 66.450241 ] ] } },
{ "type": "Feature", "properties": { "voltage_kv": 220.0, "from_node": 122, "to_node": 124, "length_km": 150.97013875696547, "delaunay_k": 2, "edge_set": "Delaunay2" }, "geometry": { "type": "LineString", "coordinates": [ [ 25.415497, 66.285642 ], [ 26.05957, 64.965416 ] ] } },
{ "type": "Feature", "properties": { "voltage_kv": 220.0, "from_node": 122, "to_node": 125, "length_km": 149.87977353098537, "delaunay_k": 2, "edge_set": "Delaunay2" }, "geometry": { "type": "LineString", "coordinates": [ [ 25.415497, 66.285642 ], [ 26.098022, 67.596139 ] ] } },
{ "type": "Feature", "properties": { "voltage_kv": 220.0, "from_node": 122, "to_node": 128, "length_km": 178.62960856176636, "delaunay_k": 2, "edge_set": "Delaunay2" }, "geometry": { "type": "LineString", "coordinates": [ [ 25.415497, 66.285642 ], [ 26.51825, 64.759489 ] ] } },
{ "type": "Feature", "properties": { "voltage_kv": 220.0, "from_node": 122, "to_node": 135, "length_km": 137.878775106467, "delaunay_k": 2, "edge_set": "Delaunay2" }, "geometry": { "type": "LineString", "coordinates": [ [ 25.415497, 66.285642 ], [ 27.387543, 67.23753 ] ] } },
{ "type": "Feature", "properties": { "voltage_kv": 220.0, "from_node": 122, "to_node": 136, "length_km": 91.113667182814567, "delaunay_k": 2, "edge_set": "Delaunay2" }, "geometry": { "type": "LineString", "coordinates": [ [ 25.415497, 66.285642 ], [ 27.398529, 66.450241 ] ] } },
{ "type": "Feature", "properties": { "voltage_kv": 220.0, "from_node": 122, "to_node": 137, "length_km": 281.76229794847865, "delaunay_k": 2, "edge_set": "Delaunay2" }, "geometry": { "type": "LineString", "coordinates": [ [ 25.415497, 66.285642 ], [ 27.674561, 68.645556 ] ] } },
{ "type": "Feature", "properties": { "voltage_kv": 220.0, "from_node": 122, "to_node": 138, "length_km": 237.9865660800275, "delaunay_k": 2, "edge_set": "Delaunay2" }, "geometry": { "type": "LineString", "coordinates": [ [ 25.415497, 66.285642 ], [ 28.45047, 64.58147 ] ] } },
{ "type": "Feature", "properties": { "voltage_kv": 220.0, "from_node": 123, "to_node": 130, "length_km": 141.76352153148818, "delaunay_k": 2, "edge_set": "Delaunay2" }, "geometry": { "type": "LineString", "coordinates": [ [ 25.717621, 66.413451 ], [ 26.820374, 67.602419 ] ] } },
{ "type": "Feature", "properties": { "voltage_kv": 220.0, "from_node": 123, "to_node": 132, "length_km": 59.782590401941334, "delaunay_k": 2, "edge_set": "Delaunay2" }, "geometry": { "type": "LineString", "coordinates": [ [ 25.717621, 66.413451 ], [ 27.030487, 66.33089 ] ] } },
{ "type": "Feature", "properties": { "voltage_kv": 220.0, "from_node": 123, "to_node": 136, "length_km": 75.558480657164239, "delaunay_k": 2, "edge_set": "Delaunay2" }, "geometry": { "type": "LineString", "coordinates": [ [ 25.717621, 66.413451 ], [ 27.398529, 66.450241 ] ] } },
{ "type": "Feature", "properties": { "voltage_kv": 220.0, "from_node": 123, "to_node": 137, "length_km": 263.89857057768569, "delaunay_k": 2, "edge_set": "Delaunay2" }, "geometry": { "type": "LineString", "coordinates": [ [ 25.717621, 66.413451 ], [ 27.674561, 68.645556 ] ] } },
{ "type": "Feature", "properties": { "voltage_kv": 220.0, "from_node": 124, "to_node": 127, "length_km": 34.345318639519867, "delaunay_k": 2, "edge_set": "Delaunay2" }, "geometry": { "type": "LineString", "coordinates": [ [ 26.05957, 64.965416 ], [ 26.455078, 64.709668 ] ] } },
{ "type": "Feature", "properties": { "voltage_kv": 220.0, "from_node": 124, "to_node": 129, "length_km": 161.87745360480989, "delaunay_k": 2, "edge_set": "Delaunay2" }, "geometry": { "type": "LineString", "coordinates": [ [ 26.05957, 64.965416 ], [ 26.769562, 66.378809 ] ] } },
{ "type": "Feature", "properties": { "voltage_kv": 220.0, "from_node": 124, "to_node": 131, "length_km": 59.321845028799217, "delaunay_k": 2, "edge_set": "Delaunay2" }, "geometry": { "type": "LineString", "coordinates": [ [ 26.05957, 64.965416 ], [ 26.843719, 64.556111 ] ] } },
{ "type": "Feature", "properties": { "voltage_kv": 220.0, "from_node": 124, "to_node": 136, "length_km": 177.66849741985709, "delaunay_k": 2, "edge_set": "Delaunay2" }, "geometry": { "type": "LineString", "coordinates": [ [ 26.05957, 64.965416 ], [ 27.398529, 66.450241 ] ] } },
{ "type": "Feature", "properties": { "voltage_kv": 220.0, "from_node": 124, "to_node": 138, "length_km": 122.37115569154474, "delaunay_k": 2, "edge_set": "Delaunay2" }, "geometry": { "type": "LineString", "coordinates": [ [ 26.05957, 64.965416 ], [ 28.45047, 64.58147 ] ] } },
{ "type": "Feature", "properties": { "voltage_kv": 220.0, "from_node": 125, "to_node": 129, "length_km": 139.61519486888093, "delaunay_k": 2, "edge_set": "Delaunay2" }, "geometry": { "type": "LineString", "coordinates": [ [ 26.098022, 67.596139 ], [ 26.769562, 66.378809 ] ] } },
{ "type": "Feature", "properties": { "voltage_kv": 220.0, "from_node": 125, "to_node": 133, "length_km": 257.06009266591332, "delaunay_k": 2, "edge_set": "Delaunay2" }, "geometry": { "type": "LineString", "coordinates": [ [ 26.098022, 67.596139 ], [ 27.071686, 69.862801 ] ] } },
{ "type": "Feature", "properties": { "voltage_kv": 220.0, "from_node": 125, "to_node": 134, "length_km": 253.26318814780905, "delaunay_k": 2, "edge_set": "Delaunay2" }, "geometry": { "type": "LineString", "coordinates": [ [ 26.098022, 67.596139 ], [ 27.239227, 69.817839 ] ] } },
{ "type": "Feature", "properties": { "voltage_kv": 220.0, "from_node": 125, "to_node": 136, "length_km": 140.55424698145484, "delaunay_k": 2, "edge_set": "Delaunay2" }, "geometry": { "type": "LineString", "coordinates": [ [ 26.098022, 67.596139 ], [ 27.398529, 66.450241 ] ] } },
{ "type": "Feature", "properties": { "voltage_kv": 220.0, "from_node": 126, "to_node": 131, "length_km": 42.951353459092722, "delaunay_k": 2, "edge_set": "Delaunay2" }, "geometry": { "type": "LineString", "coordinates": [ [ 26.115875, 64.778222 ], [ 26.843719, 64.556111 ] ] } },
{ "type": "Feature", "properties": { "voltage_kv": 220.0, "from_node": 126, "to_node": 132, "length_km": 179.26759541806246, "delaunay_k": 2, "edge_set": "Delaunay2" }, "geometry": { "type": "LineString", "coordinates": [ [ 26.115875, 64.778222 ], [ 27.030487, 66.33089 ] ] } },
{ "type": "Feature", "properties": { "voltage_kv": 220.0, "from_node": 126, "to_node": 138, "length_km": 114.38181639956547, "delaunay_k": 2, "edge_set": "Delaunay2" }, "geometry": { "type": "LineString", "coordinates": [ [ 26.115875, 64.778222 ], [ 28.45047, 64.58147 ] ] } },
{ "type": "Feature", "properties": { "voltage_kv": 220.0, "from_node": 127, "to_node": 132, "length_km": 183.83618223651698, "delaunay_k": 2, "edge_set": "Delaunay2" }, "geometry": { "type": "LineString", "coordinates": [ [ 26.455078, 64.709668 ], [ 27.030487, 66.33089 ] ] } },
{ "type": "Feature", "properties": { "voltage_kv": 220.0, "from_node": 127, "to_node": 138, "length_km": 97.133310332902951, "delaunay_k": 2, "edge_set": "Delaunay2" }, "geometry": { "type": "LineString", "coordinates": [ [ 26.455078, 64.709668 ], [ 28.45047, 64.58147 ] ] } },
{ "type": "Feature", "properties": { "voltage_kv": 220.0, "from_node": 128, "to_node": 129, "length_km": 182.02215065158637, "delaunay_k": 2, "edge_set": "Delaunay2" }, "geometry": { "type": "LineString", "coordinates": [ [ 26.51825, 64.759489 ], [ 26.769562, 66.378809 ] ] } },
{ "type": "Feature", "properties": { "voltage_kv": 220.0, "from_node": 128, "to_node": 136, "length_km": 194.04449086441025, "delaunay_k": 2, "edge_set": "Delaunay2" }, "geometry": { "type": "LineString", "coordinates": [ [ 26.51825, 64.759489 ], [ 27.398529, 66.450241 ] ] } },
{ "type": "Feature", "properties": { "voltage_kv": 220.0, "from_node": 129, "to_node": 130, "length_km": 137.22820923227991, "delaunay_k": 2, "edge_set": "Delaunay2" }, "geometry": { "type": "LineString", "coordinates": [ [ 26.769562, 66.378809 ], [ 26.820374, 67.602419 ] ] } },
{ "type": "Feature", "properties": { "voltage_kv": 220.0, "from_node": 129, "to_node": 137, "length_km": 257.15431022744912, "delaunay_k": 2, "edge_set": "Delaunay2" }, "geometry": { "type": "LineString", "coordinates": [ [ 26.769562, 66.378809 ], [ 27.674561, 68.645556 ] ] } },
{ "type": "Feature", "properties": { "voltage_kv": 220.0, "from_node": 129, "to_node": 138, "length_km": 216.46712265854788, "delaunay_k": 2, "edge_set": "Delaunay2" }, "geometry": { "type": "LineString", "coordinates": [ [ 26.769562, 66.378809 ], [ 28.45047, 64.58147 ] ] } },
{ "type": "Feature", "properties": { "voltage_kv": 220.0, "from_node": 130, "to_node": 133, "length_km": 253.55725490240383, "delaunay_k": 2, "edge_set": "Delaunay2" }, "geometry": { "type": "LineString", "coordinates": [ [ 26.820374, 67.602419 ], [ 27.071686, 69.862801 ] ] } },
{ "type": "Feature", "properties": { "voltage_kv": 220.0, "from_node": 130, "to_node": 134, "length_km": 248.90948051987274, "delaunay_k": 2, "edge_set": "Delaunay2" }, "geometry": { "type": "LineString", "coordinates": [ [ 26.820374, 67.602419 ], [ 27.239227, 69.817839 ] ] } },
{ "type": "Feature", "properties": { "voltage_kv": 220.0, "from_node": 130, "to_node": 136, "length_km": 131.68662906345079, "delaunay_k": 2, "edge_set": "Delaunay2" }, "geometry": { "type": "LineString", "coordinates": [ [ 26.820374, 67.602419 ], [ 27.398529, 66.450241 ] ] } },
{ "type": "Feature", "properties": { "voltage_kv": 220.0, "from_node": 131, "to_node": 132, "length_km": 199.33150969761559, "delaunay_k": 2, "edge_set": "Delaunay2" }, "geometry": { "type": "LineString", "coordinates": [ [ 26.843719, 64.556111 ], [ 27.030487, 66.33089 ] ] } },
{ "type": "Feature", "properties": { "voltage_kv": 220.0, "from_node": 131, "to_node": 136, "length_km": 214.12133588883887, "delaunay_k": 2, "edge_set": "Delaunay2" }, "geometry": { "type": "LineString", "coordinates": [ [ 26.843719, 64.556111 ], [ 27.398529, 66.450241 ] ] } },
{ "type": "Feature", "properties": { "voltage_kv": 220.0, "from_node": 132, "to_node": 135, "length_km": 102.92358838305289, "delaunay_k": 2, "edge_set": "Delaunay2" }, "geometry": { "type": "LineString", "coordinates": [ [ 27.030487, 66.33089 ], [ 27.387543, 67.23753 ] ] } },
{ "type": "Feature", "properties": { "voltage_kv": 220.0, "from_node": 134, "to_node": 135, "length_km": 289.36132169436945, "delaunay_k": 2, "edge_set": "Delaunay2" }, "geometry": { "type": "LineString", "coordinates": [ [ 27.239227, 69.817839 ], [ 27.387543, 67.23753 ] ] } },
{ "type": "Feature", "properties": { "voltage_kv": 220.0, "from_node": 136, "to_node": 137, "length_km": 246.5346999474483, "delaunay_k": 2, "edge_set": "Delaunay2" }, "geometry": { "type": "LineString", "coordinates": [ [ 27.398529, 66.450241 ], [ 27.674561, 68.645556 ] ] } }
]
}
