{
"type": "FeatureCollection",
"name": "n490_380kv_delaunay3",
"crs": { "type": "name", "properties": { "name": "urn:ogc:def:crs:OGC:1.3:CRS84" } },
"features": [
{ "type": "Feature", "properties": { "voltage_kv": 380.0, "from_node": 0, "to_node": 20, "length_km": 135.46338764249469, "delaunay_k": 3, "edge_set": "Delaunay3" }, "geometry": { "type": "LineString", "coordinates": [ [ 6.156464, 60.504583 ], [ 8.596802, 60.357527 ] ] } },
{ "type": "Feature", "properties": { "voltage_kv": 380.0, "from_node": 0, "to_node": 21, "length_km": 161.30892239993614, "delaunay_k": 3, "edge_set": "Delaunay3" }, "geometry": { "type": "LineString", "coordinates": [ [ 6.156464, 60.504583 ], [ 9.026642, 60.232994 ] ] } },
{ "type": "Feature", "properties": { "voltage_kv": 380.0, "from_node": 0, "to_node": 22, "length_km": 235.81700422428048, "delaunay_k": 3, "edge_set": "Delaunay3" }, "geometry": { "type": "LineString", "coordinates": [ [ 6.156464, 60.504583 ], [ 9.593811, 59.282019 ] ] } },
{ "type": "Feature", "properties": { "voltage_kv": 380.0, "from_node": 0, "to_node": 24, "length_km": 224.57949552613073, "delaunay_k": 3, "edge_set": "Delaunay3" }, "geometry": { "type": "LineString", "coordinates": [ [ 6.156464, 60.504583 ], [ 10.214539, 60.322868 ] ] } },
{ "type": "Feature", "properties": { "voltage_kv": 380.0, "from_node": 0, "to_node": 35, "length_km": 407.38728142467426, "delaunay_k": 3, "edge_set": "Delaunay3" }, "geometry": { "type": "LineString", "coordinates": [ [ 6.156464, 60.504583 ], [ 11.727905, 63.035662 ] ] } },
{ "type": "Feature", "properties": { "voltage_kv": 380.0, "from_node": 0, "to_node": 51, "length_km": 463.12972963675617, "delaunay_k": 3, "edge_set": "Delaunay3" }, "geometry": { "type": "LineString", "coordinates": [ [ 6.156464, 60.504583 ], [ 12.568359, 63.361367 ] ] } },
{ "type": "Feature", "properties": { "voltage_kv": 380.0, "from_node": 1, "to_node": 10, "length_km": 157.48108412867825, "delaunay_k": 3, "edge_set": "Delaunay3" }, "geometry": { "type": "LineString", "coordinates": [ [ 6.432495, 59.667741 ], [ 7.395172, 60.997087 ] ] } },
{ "type": "Feature", "properties": { "voltage_kv": 380.0, "from_node": 1, "to_node": 12, "length_km": 152.01923385405493, "delaunay_k": 3, "edge_set": "Delaunay3" }, "geometry": { "type": "LineString", "coordinates": [ [ 6.432495, 59.667741 ], [ 7.462463, 60.931767 ] ] } },
{ "type": "Feature", "properties": { "voltage_kv": 380.0, "from_node": 1, "to_node": 14, "length_km": 327.08681627181278, "delaunay_k": 3, "edge_set": "Delaunay3" }, "geometry": { "type": "LineString", "coordinates": [ [ 6.432495, 59.667741 ], [ 7.7948, 62.526259 ] ] } },
{ "type": "Feature", "properties": { "voltage_kv": 380.0, "from_node": 1, "to_node": 16, "length_km": 144.62788020529612, "delaunay_k": 3, "edge_set": "Delaunay3" }, "geometry": { "type": "LineString", "coordinates": [ [ 6.432495, 59.667741 ], [ 8.084564, 60.670488 ] ] } },
{ "type": "Feature", "properties": { "voltage_kv": 380.0, "from_node": 1, "to_node": 19, "length_km": 353.41758950224892, "delaunay_k": 3, "edge_set": "Delaunay3" }, "geometry": { "type": "LineString", "coordinates": [ [ 6.432495, 59.667741 ], [ 8.480072, 62.679816 ] ] } },
{ "type": "Feature", "properties": { "voltage_kv": 380.0, "from_node": 1, "to_node": 20, "length_km": 143.1792802932149, "delaunay_k": 3, "edge_set": "Delaunay3" }, "geometry": { "type": "LineString", "coordinates": [ [ 6.432495, 59.667741 ], [ 8.596802, 60.357527 ] ] } },
{ "type": "Feature", "properties": { "voltage_kv": 380.0, "from_node": 1, "to_node": 21, "length_km": 158.12620694549776, "delaunay_k": 3, "edge_set": "Delaunay3" }, "geometry": { "type": "LineString", "coordinates": [ [ 6.432495, 59.667741 ], [ 9.026642, 60.232994 ] ] } },
{ "type": "Feature", "properties": { "voltage_kv": 380.0, "from_node": 1, "to_node": 22, "length_km": 184.33530265152703, "delaunay_k": 3, "edge_set": "Delaunay3" }, "geometry": { "type": "LineString", "coordinates": [ [ 6.432495, 59.667741 ], [ 9.593811, 59.282019 ] ] } },
{ "type": "Feature", "properties": { "voltage_kv": 380.0, "from_node": 1, "to_node": 26, "length_km": 455.8040571881059, "delaunay_k": 3, "edge_set": "Delaunay3" }, "geometry": { "type": "LineString", "coordinates": [ [ 6.432495, 59.667741 ], [ 10.457611, 63.276888 ] ] } },
{ "type": "Feature", "properties": { "voltage_kv": 380.0, "from_node": 2, "to_node": 10, "length_km": 178.50620111594031, "delaunay_k": 3, "edge_set": "Delaunay3" }, "geometry": { "type": "LineString", "coordinates": [ [ 6.491547, 59.460431 ], [ 7.395172, 60.997087 ] ] } },
{ "type": "Feature", "properties": { "voltage_kv": 380.0, "from_node": 2, "to_node": 12, "length_km": 172.66915460659612, "delaunay_k": 3, "edge_set": "Delaunay3" }, "geometry": { "type": "LineString", "coordinates": [ [ 6.491547, 59.460431 ], [ 7.462463, 60.931767 ] ] } },
{ "type": "Feature", "properties": { "voltage_kv": 380.0, "from_node": 2, "to_node": 14, "length_km": 349.03290737703213, "delaunay_k": 3, "edge_set": "Delaunay3" }, "geometry": { "type": "LineString", "coordinates": [ [ 6.491547, 59.460431 ], [ 7.7948, 62.526259 ] ] } },
{ "type": "Feature", "properties": { "voltage_kv": 380.0, "from_node": 2, "to_node": 15, "length_km": 152.10066880908218, "delaunay_k": 3, "edge_set": "Delaunay3" }, "geometry": { "type": "LineString", "coordinates": [ [ 6.491547, 59.460431 ], [ 7.893677, 60.630775 ] ] } },
{ "type": "Feature", "properties": { "voltage_kv": 380.0, "from_node": 2, "to_node": 16, "length_km": 161.47892629364142, "delaunay_k": 3, "edge_set": "Delaunay3" }, "geometry": { "type": "LineString", "coordinates": [ [ 6.491547, 59.460431 ], [ 8.084564, 60.670488 ] ] } },
{ "type": "Feature", "properties": { "voltage_kv": 380.0, "from_node": 2, "to_node": 17, "length_km": 147.25073398651944, "delaunay_k": 3, "edge_set": "Delaunay3" }, "geometry": { "type": "LineString", "coordinates": [ [ 6.491547, 59.460431 ], [ 8.088684, 60.511343 ] ] } },
{ "type": "Feature", "properties": { "voltage_kv": 380.0, "from_node": 2, "to_node": 19, "length_km": 374.61949972201541, "delaunay_k": 3, "edge_set": "Delaunay3" }, "geometry": { "type": "LineString", "coordinates": [ [ 6.491547, 59.460431 ], [ 8.480072, 62.679816 ] ] } },
{ "type": "Feature", "properties": { "voltage_kv": 380.0, "from_node": 2, "to_node": 20, "length_km": 154.55806213128295, "delaunay_k": 3, "edge_set": "Delaunay3" }, "geometry": { "type": "LineString", "coordinates": [ [ 6.491547, 59.460431 ], [ 8.596802, 60.357527 ] ] } },
{ "type": "Feature", "properties": { "voltage_kv": 380.0, "from_node": 2, "to_node": 21, "length_km": 166.21395675542129, "delaunay_k": 3, "edge_set": "Delaunay3" }, "geometry": { "type": "LineString", "coordinates": [ [ 6.491547, 59.460431 ], [ 9.026642, 60.232994 ] ] } },
{ "type": "Feature", "properties": { "voltage_kv": 380.0, "from_node": 2, "to_node": 25, "length_km": 219.22664284066076, "delaunay_k": 3, "edge_set": "Delaunay3" }, "geometry": { "type": "LineString", "coordinates": [ [ 6.491547, 59.460431 ], [ 10.288696, 59.88687 ] ] } },
{ "type": "Feature", "properties": { "voltage_kv": 380.0, "from_node": 2, "to_node": 27, "length_km": 243.17852535671619, "delaunay_k": 3, "edge_set": "Delaunay3" }, "geometry": { "type": "LineString", "coordinates": [ [ 6.491547, 59.460431 ], [ 10.780334, 59.580242 ] ] } },
{ "type": "Feature", "properties": { "voltage_kv": 380.0, "from_node": 2, "to_node": 31, "length_km": 267.00228579038168, "delaunay_k": 3, "edge_set": "Delaunay3" }, "geometry": { "type": "LineString", "coordinates": [ [ 6.491547, 59.460431 ], [ 11.181335, 59.317776 ] ] } },
{ "type": "Feature", "properties": { "voltage_kv": 380.0, "from_node": 2, "to_node": 33, "length_km": 282.329354540591, "delaunay_k": 3, "edge_set": "Delaunay3" }, "geometry": { "type": "LineString", "coordinates": [ [ 6.491547, 59.460431 ], [ 11.409302, 59.147769 ] ] } },
{ "type": "Feature", "properties": { "voltage_kv": 380.0, "from_node": 3, "to_node": 5, "length_km": 336.9782000225461, "delaunay_k": 3, "edge_set": "Delaunay3" }, "geometry": { "type": "LineString", "coordinates": [ [ 6.650848, 59.461826 ], [ 7.033997, 62.47807 ] ] } },
{ "type": "Feature", "properties": { "voltage_kv": 380.0, "from_node": 3, "to_node": 6, "length_km": 121.53895431673703, "delaunay_k": 3, "edge_set": "Delaunay3" }, "geometry": { "type": "LineString", "coordinates": [ [ 6.650848, 59.461826 ], [ 7.108154, 60.527563 ] ] } },
{ "type": "Feature", "properties": { "voltage_kv": 380.0, "from_node": 3, "to_node": 7, "length_km": 168.918305857984, "delaunay_k": 3, "edge_set": "Delaunay3" }, "geometry": { "type": "LineString", "coordinates": [ [ 6.650848, 59.461826 ], [ 7.216644, 60.950443 ] ] } },
{ "type": "Feature", "properties": { "voltage_kv": 380.0, "from_node": 3, "to_node": 9, "length_km": 198.2374163023334, "delaunay_k": 3, "edge_set": "Delaunay3" }, "geometry": { "type": "LineString", "coordinates": [ [ 6.650848, 59.461826 ], [ 7.338867, 61.206798 ] ] } },
{ "type": "Feature", "properties": { "voltage_kv": 380.0, "from_node": 3, "to_node": 15, "length_km": 147.59135049919578, "delaunay_k": 3, "edge_set": "Delaunay3" }, "geometry": { "type": "LineString", "coordinates": [ [ 6.650848, 59.461826 ], [ 7.893677, 60.630775 ] ] } },
{ "type": "Feature", "properties": { "voltage_kv": 380.0, "from_node": 3, "to_node": 17, "length_km": 141.90502296732808, "delaunay_k": 3, "edge_set": "Delaunay3" }, "geometry": { "type": "LineString", "coordinates": [ [ 6.650848, 59.461826 ], [ 8.088684, 60.511343 ] ] } },
{ "type": "Feature", "properties": { "voltage_kv": 380.0, "from_node": 3, "to_node": 20, "length_km": 147.7615710543358, "delaunay_k": 3, "edge_set": "Delaunay3" }, "geometry": { "type": "LineString", "coordinates": [ [ 6.650848, 59.461826 ], [ 8.596802, 60.357527 ] ] } },
{ "type": "Feature", "properties": { "voltage_kv": 380.0, "from_node": 3, "to_node": 21, "length_km": 158.55080132282154, "delaunay_k": 3, "edge_set": "Delaunay3" }, "geometry": { "type": "LineString", "coordinates": [ [ 6.650848, 59.461826 ], [ 9.026642, 60.232994 ] ] } },
{ "type": "Feature", "properties": { "voltage_kv": 380.0, "from_node": 3, "to_node": 25, "length_km": 210.42919024911154, "delaunay_k": 3, "edge_set": "Delaunay3" }, "geometry": { "type": "LineString", "coordinates": [ [ 6.650848, 59.461826 ], [ 10.288696, 59.88687 ] ] } },
{ "type": "Feature", "properties": { "voltage_kv": 380.0, "from_node": 3, "to_node": 27, "length_km": 234.15819386164597, "delaunay_k": 3, "edge_set": "Delaunay3" }, "geometry": { "type": "LineString", "coordinates": [ [ 6.650848, 59.461826 ], [ 10.780334, 59.580242 ] ] } },
{ "type": "Feature", "properties": { "voltage_kv": 380.0, "from_node": 3, "to_node": 31, "length_km": 257.96827883034734, "delaunay_k": 3, "edge_set": "Delaunay3" }, "geometry": { "type": "LineString", "coordinates": [ [ 6.650848, 59.461826 ], [ 11.181335, 59.317776 ] ] } },
{ "type": "Feature", "properties": { "voltage_kv": 380.0, "from_node": 3, "to_node": 33, "length_km": 273.33829397488887, "delaunay_k": 3, "edge_set": "Delaunay3" }, "geometry": { "type": "LineString", "coordinates": [ [ 6.650848, 59.461826 ], [ 11.409302, 59.147769 ] ] } },
{ "type": "Feature", "properties": { "voltage_kv": 380.0, "from_node": 4, "to_node": 5, "length_km": 329.41032388105629, "delaunay_k": 3, "edge_set": "Delaunay3" }, "geometry": { "type": "LineString", "coordinates": [ [ 6.992798, 59.523872 ], [ 7.033997, 62.47807 ] ] } },
{ "type": "Feature", "properties": { "voltage_kv": 380.0, "from_node": 4, "to_node": 7, "length_km": 159.53289485895789, "delaunay_k": 3, "edge_set": "Delaunay3" }, "geometry": { "type": "LineString", "coordinates": [ [ 6.992798, 59.523872 ], [ 7.216644, 60.950443 ] ] } },
{ "type": "Feature", "properties": { "voltage_kv": 380.0, "from_node": 4, "to_node": 9, "length_km": 188.60024368529804, "delaunay_k": 3, "edge_set": "Delaunay3" }, "geometry": { "type": "LineString", "coordinates": [ [ 6.992798, 59.523872 ], [ 7.338867, 61.206798 ] ] } },
{ "type": "Feature", "properties": { "voltage_kv": 380.0, "from_node": 4, "to_node": 12, "length_km": 159.10648072963448, "delaunay_k": 3, "edge_set": "Delaunay3" }, "geometry": { "type": "LineString", "coordinates": [ [ 6.992798, 59.523872 ], [ 7.462463, 60.931767 ] ] } },
{ "type": "Feature", "properties": { "voltage_kv": 380.0, "from_node": 4, "to_node": 16, "length_km": 141.52775688997153, "delaunay_k": 3, "edge_set": "Delaunay3" }, "geometry": { "type": "LineString", "coordinates": [ [ 6.992798, 59.523872 ], [ 8.084564, 60.670488 ] ] } },
{ "type": "Feature", "properties": { "voltage_kv": 380.0, "from_node": 4, "to_node": 23, "length_km": 189.26998978171198, "delaunay_k": 3, "edge_set": "Delaunay3" }, "geometry": { "type": "LineString", "coordinates": [ [ 6.992798, 59.523872 ], [ 10.092316, 60.198203 ] ] } },
{ "type": "Feature", "properties": { "voltage_kv": 380.0, "from_node": 4, "to_node": 24, "length_km": 201.01375446973825, "delaunay_k": 3, "edge_set": "Delaunay3" }, "geometry": { "type": "LineString", "coordinates": [ [ 6.992798, 59.523872 ], [ 10.214539, 60.322868 ] ] } },
{ "type": "Feature", "properties": { "voltage_kv": 380.0, "from_node": 4, "to_node": 25, "length_km": 189.93893994832217, "delaunay_k": 3, "edge_set": "Delaunay3" }, "geometry": { "type": "LineString", "coordinates": [ [ 6.992798, 59.523872 ], [ 10.288696, 59.88687 ] ] } },
{ "type": "Feature", "properties": { "voltage_kv": 380.0, "from_node": 4, "to_node": 27, "length_km": 214.31848961839242, "delaunay_k": 3, "edge_set": "Delaunay3" }, "geometry": { "type": "LineString", "coordinates": [ [ 6.992798, 59.523872 ], [ 10.780334, 59.580242 ] ] } },
{ "type": "Feature", "properties": { "voltage_kv": 380.0, "from_node": 4, "to_node": 31, "length_km": 238.92020155019864, "delaunay_k": 3, "edge_set": "Delaunay3" }, "geometry": { "type": "LineString", "coordinates": [ [ 6.992798, 59.523872 ], [ 11.181335, 59.317776 ] ] } },
{ "type": "Feature", "properties": { "voltage_kv": 380.0, "from_node": 4, "to_node": 33, "length_km": 254.84408983505321, "delaunay_k": 3, "edge_set": "Delaunay3" }, "geometry": { "type": "LineString", "coordinates": [ [ 6.992798, 59.523872 ], [ 11.409302, 59.147769 ] ] } },
{ "type": "Feature", "properties": { "voltage_kv": 380.0, "from_node": 5, "to_node": 11, "length_km": 335.15376173664612, "delaunay_k": 3, "edge_set": "Delaunay3" }, "geometry": { "type": "LineString", "coordinates": [ [ 7.033997, 62.47807 ], [ 7.462463, 59.479266 ] ] } },
{ "type": "Feature", "properties": { "voltage_kv": 380.0, "from_node": 5, "to_node": 13, "length_km": 392.39546086815108, "delaunay_k": 3, "edge_set": "Delaunay3" }, "geometry": { "type": "LineString", "coordinates": [ [ 7.033997, 62.47807 ], [ 7.727509, 58.974791 ] ] } },
{ "type": "Feature", "properties": { "voltage_kv": 380.0, "from_node": 5, "to_node": 15, "length_km": 210.97491868810025, "delaunay_k": 3, "edge_set": "Delaunay3" }, "geometry": { "type": "LineString", "coordinates": [ [ 7.033997, 62.47807 ], [ 7.893677, 60.630775 ] ] } },
{ "type": "Feature", "properties": { "voltage_kv": 380.0, "from_node": 5, "to_node": 17, "length_km": 226.35486745997457, "delaunay_k": 3, "edge_set": "Delaunay3" }, "geometry": { "type": "LineString", "coordinates": [ [ 7.033997, 62.47807 ], [ 8.088684, 60.511343 ] ] } },
{ "type": "Feature", "properties": { "voltage_kv": 380.0, "from_node": 5, "to_node": 20, "length_km": 250.69517327376047, "delaunay_k": 3, "edge_set": "Delaunay3" }, "geometry": { "type": "LineString", "coordinates": [ [ 7.033997, 62.47807 ], [ 8.596802, 60.357527 ] ] } },
{ "type": "Feature", "properties": { "voltage_kv": 380.0, "from_node": 5, "to_node": 21, "length_km": 272.02068680638621, "delaunay_k": 3, "edge_set": "Delaunay3" }, "geometry": { "type": "LineString", "coordinates": [ [ 7.033997, 62.47807 ], [ 9.026642, 60.232994 ] ] } },
{ "type": "Feature", "properties": { "voltage_kv": 380.0, "from_node": 5, "to_node": 23, "length_km": 302.25015395583949, "delaunay_k": 3, "edge_set": "Delaunay3" }, "geometry": { "type": "LineString", "coordinates": [ [ 7.033997, 62.47807 ], [ 10.092316, 60.198203 ] ] } },
{ "type": "Feature", "properties": { "voltage_kv": 380.0, "from_node": 5, "to_node": 29, "length_km": 347.29676988522169, "delaunay_k": 3, "edge_set": "Delaunay3" }, "geometry": { "type": "LineString", "coordinates": [ [ 7.033997, 62.47807 ], [ 10.839386, 59.958448 ] ] } },
{ "type": "Feature", "properties": { "voltage_kv": 380.0, "from_node": 5, "to_node": 61, "length_km": 341.03566544012921, "delaunay_k": 3, "edge_set": "Delaunay3" }, "geometry": { "type": "LineString", "coordinates": [ [ 7.033997, 62.47807 ], [ 13.458252, 63.368755 ] ] } },
{ "type": "Feature", "properties": { "voltage_kv": 380.0, "from_node": 5, "to_node": 69, "length_km": 385.49719740919249, "delaunay_k": 3, "edge_set": "Delaunay3" }, "geometry": { "type": "LineString", "coordinates": [ [ 7.033997, 62.47807 ], [ 14.515686, 62.516121 ] ] } },
{ "type": "Feature", "properties": { "voltage_kv": 380.0, "from_node": 6, "to_node": 13, "length_km": 176.56252156075334, "delaunay_k": 3, "edge_set": "Delaunay3" }, "geometry": { "type": "LineString", "coordinates": [ [ 7.108154, 60.527563 ], [ 7.727509, 58.974791 ] ] } },
{ "type": "Feature", "properties": { "voltage_kv": 380.0, "from_node": 6, "to_node": 14, "length_km": 225.82227575277861, "delaunay_k": 3, "edge_set": "Delaunay3" }, "geometry": { "type": "LineString", "coordinates": [ [ 7.108154, 60.527563 ], [ 7.7948, 62.526259 ] ] } },
{ "type": "Feature", "properties": { "voltage_kv": 380.0, "from_node": 6, "to_node": 18, "length_km": 260.67215721443023, "delaunay_k": 3, "edge_set": "Delaunay3" }, "geometry": { "type": "LineString", "coordinates": [ [ 7.108154, 60.527563 ], [ 8.102417, 58.2445 ] ] } },
{ "type": "Feature", "properties": { "voltage_kv": 380.0, "from_node": 6, "to_node": 19, "length_km": 250.75228716698135, "delaunay_k": 3, "edge_set": "Delaunay3" }, "geometry": { "type": "LineString", "coordinates": [ [ 7.108154, 60.527563 ], [ 8.480072, 62.679816 ] ] } },
{ "type": "Feature", "properties": { "voltage_kv": 380.0, "from_node": 6, "to_node": 20, "length_km": 84.152192803612081, "delaunay_k": 3, "edge_set": "Delaunay3" }, "geometry": { "type": "LineString", "coordinates": [ [ 7.108154, 60.527563 ], [ 8.596802, 60.357527 ] ] } },
{ "type": "Feature", "properties": { "voltage_kv": 380.0, "from_node": 6, "to_node": 21, "length_km": 110.83384879691154, "delaunay_k": 3, "edge_set": "Delaunay3" }, "geometry": { "type": "LineString", "coordinates": [ [ 7.108154, 60.527563 ], [ 9.026642, 60.232994 ] ] } },
{ "type": "Feature", "properties": { "voltage_kv": 380.0, "from_node": 6, "to_node": 22, "length_km": 196.52465305971077, "delaunay_k": 3, "edge_set": "Delaunay3" }, "geometry": { "type": "LineString", "coordinates": [ [ 7.108154, 60.527563 ], [ 9.593811, 59.282019 ] ] } },
{ "type": "Feature", "properties": { "voltage_kv": 380.0, "from_node": 6, "to_node": 24, "length_km": 172.65455894854247, "delaunay_k": 3, "edge_set": "Delaunay3" }, "geometry": { "type": "LineString", "coordinates": [ [ 7.108154, 60.527563 ], [ 10.214539, 60.322868 ] ] } },
{ "type": "Feature", "properties": { "voltage_kv": 380.0, "from_node": 6, "to_node": 26, "length_km": 353.36945844124415, "delaunay_k": 3, "edge_set": "Delaunay3" }, "geometry": { "type": "LineString", "coordinates": [ [ 7.108154, 60.527563 ], [ 10.457611, 63.276888 ] ] } },
{ "type": "Feature", "properties": { "voltage_kv": 380.0, "from_node": 7, "to_node": 11, "length_km": 164.57592053422155, "delaunay_k": 3, "edge_set": "Delaunay3" }, "geometry": { "type": "LineString", "coordinates": [ [ 7.216644, 60.950443 ], [ 7.462463, 59.479266 ] ] } },
{ "type": "Feature", "properties": { "voltage_kv": 380.0, "from_node": 7, "to_node": 13, "length_km": 222.07660032526812, "delaunay_k": 3, "edge_set": "Delaunay3" }, "geometry": { "type": "LineString", "coordinates": [ [ 7.216644, 60.950443 ], [ 7.727509, 58.974791 ] ] } },
{ "type": "Feature", "properties": { "voltage_kv": 380.0, "from_node": 7, "to_node": 17, "length_km": 68.28142982803513, "delaunay_k": 3, "edge_set": "Delaunay3" }, "geometry": { "type": "LineString", "coordinates": [ [ 7.216644, 60.950443 ], [ 8.088684, 60.511343 ] ] } },
{ "type": "Feature", "properties": { "voltage_kv": 380.0, "from_node": 7, "to_node": 18, "length_km": 305.73078891114068, "delaunay_k": 3, "edge_set": "Delaunay3" }, "geometry": { "type": "LineString", "coordinates": [ [ 7.216644, 60.950443 ], [ 8.102417, 58.2445 ] ] } },
{ "type": "Feature", "properties": { "voltage_kv": 380.0, "from_node": 7, "to_node": 20, "length_km": 100.35395789714626, "delaunay_k": 3, "edge_set": "Delaunay3" }, "geometry": { "type": "LineString", "coordinates": [ [ 7.216644, 60.950443 ], [ 8.596802, 60.357527 ] ] } },
{ "type": "Feature", "properties": { "voltage_kv": 380.0, "from_node": 7, "to_node": 24, "length_km": 178.36697180197905, "delaunay_k": 3, "edge_set": "Delaunay3" }, "geometry": { "type": "LineString", "coordinates": [ [ 7.216644, 60.950443 ], [ 10.214539, 60.322868 ] ] } },
{ "type": "Feature", "properties": { "voltage_kv": 380.0, "from_node": 7, "to_node": 26, "length_km": 309.58829909382541, "delaunay_k": 3, "edge_set": "Delaunay3" }, "geometry": { "type": "LineString", "coordinates": [ [ 7.216644, 60.950443 ], [ 10.457611, 63.276888 ] ] } },
{ "type": "Feature", "properties": { "voltage_kv": 380.0, "from_node": 7, "to_node": 35, "length_km": 331.44150816492476, "delaunay_k": 3, "edge_set": "Delaunay3" }, "geometry": { "type": "LineString", "coordinates": [ [ 7.216644, 60.950443 ], [ 11.727905, 63.035662 ] ] } },
{ "type": "Feature", "properties": { "voltage_kv": 380.0, "from_node": 8, "to_node": 10, "length_km": 57.754369852562903, "delaunay_k": 3, "edge_set": "Delaunay3" }, "geometry": { "type": "LineString", "coordinates": [ [ 7.23587, 60.484968 ], [ 7.395172, 60.997087 ] ] } },
{ "type": "Feature", "properties": { "voltage_kv": 380.0, "from_node": 8, "to_node": 14, "length_km": 229.5291131733901, "delaunay_k": 3, "edge_set": "Delaunay3" }, "geometry": { "type": "LineString", "coordinates": [ [ 7.23587, 60.484968 ], [ 7.7948, 62.526259 ] ] } },
{ "type": "Feature", "properties": { "voltage_kv": 380.0, "from_node": 8, "to_node": 18, "length_km": 254.53727219839226, "delaunay_k": 3, "edge_set": "Delaunay3" }, "geometry": { "type": "LineString", "coordinates": [ [ 7.23587, 60.484968 ], [ 8.102417, 58.2445 ] ] } },
{ "type": "Feature", "properties": { "voltage_kv": 380.0, "from_node": 8, "to_node": 19, "length_km": 253.45751630146316, "delaunay_k": 3, "edge_set": "Delaunay3" }, "geometry": { "type": "LineString", "coordinates": [ [ 7.23587, 60.484968 ], [ 8.480072, 62.679816 ] ] } },
{ "type": "Feature", "properties": { "voltage_kv": 380.0, "from_node": 8, "to_node": 23, "length_km": 160.97996798336069, "delaunay_k": 3, "edge_set": "Delaunay3" }, "geometry": { "type": "LineString", "coordinates": [ [ 7.23587, 60.484968 ], [ 10.092316, 60.198203 ] ] } },
{ "type": "Feature", "properties": { "voltage_kv": 380.0, "from_node": 8, "to_node": 24, "length_km": 165.20175511098688, "delaunay_k": 3, "edge_set": "Delaunay3" }, "geometry": { "type": "LineString", "coordinates": [ [ 7.23587, 60.484968 ], [ 10.214539, 60.322868 ] ] } },
{ "type": "Feature", "properties": { "voltage_kv": 380.0, "from_node": 8, "to_node": 25, "length_km": 182.05589881316988, "delaunay_k": 3, "edge_set": "Delaunay3" }, "geometry": { "type": "LineString", "coordinates": [ [ 7.23587, 60.484968 ], [ 10.288696, 59.88687 ] ] } },
{ "type": "Feature", "properties": { "voltage_kv": 380.0, "from_node": 8, "to_node": 26, "length_km": 354.29191425918208, "delaunay_k": 3, "edge_set": "Delaunay3" }, "geometry": { "type": "LineString", "coordinates": [ [ 7.23587, 60.484968 ], [ 10.457611, 63.276888 ] ] } },
{ "type": "Feature", "properties": { "voltage_kv": 380.0, "from_node": 8, "to_node": 27, "length_km": 221.82625742804797, "delaunay_k": 3, "edge_set": "Delaunay3" }, "geometry": { "type": "LineString", "coordinates": [ [ 7.23587, 60.484968 ], [ 10.780334, 59.580242 ] ] } },
{ "type": "Feature", "properties": { "voltage_kv": 380.0, "from_node": 8, "to_node": 31, "length_km": 256.25178415777117, "delaunay_k": 3, "edge_set": "Delaunay3" }, "geometry": { "type": "LineString", "coordinates": [ [ 7.23587, 60.484968 ], [ 11.181335, 59.317776 ] ] } },
{ "type": "Feature", "properties": { "voltage_kv": 380.0, "from_node": 8, "to_node": 33, "length_km": 277.51918377520724, "delaunay_k": 3, "edge_set": "Delaunay3" }, "geometry": { "type": "LineString", "coordinates": [ [ 7.23587, 60.484968 ], [ 11.409302, 59.147769 ] ] } },
{ "type": "Feature", "properties": { "voltage_kv": 380.0, "from_node": 9, "to_node": 11, "length_km": 192.70983671587865, "delaunay_k": 3, "edge_set": "Delaunay3" }, "geometry": { "type": "LineString", "coordinates": [ [ 7.338867, 61.206798 ], [ 7.462463, 59.479266 ] ] } },
{ "type": "Feature", "properties": { "voltage_kv": 380.0, "from_node": 9, "to_node": 13, "length_km": 249.74944567874951, "delaunay_k": 3, "edge_set": "Delaunay3" }, "geometry": { "type": "LineString", "coordinates": [ [ 7.338867, 61.206798 ], [ 7.727509, 58.974791 ] ] } },
{ "type": "Feature", "properties": { "voltage_kv": 380.0, "from_node": 9, "to_node": 18, "length_km": 332.96664265589209, "delaunay_k": 3, "edge_set": "Delaunay3" }, "geometry": { "type": "LineString", "coordinates": [ [ 7.338867, 61.206798 ], [ 8.102417, 58.2445 ] ] } },
{ "type": "Feature", "properties": { "voltage_kv": 380.0, "from_node": 9, "to_node": 21, "length_km": 142.38176418527726, "delaunay_k": 3, "edge_set": "Delaunay3" }, "geometry": { "type": "LineString", "coordinates": [ [ 7.338867, 61.206798 ], [ 9.026642, 60.232994 ] ] } },
{ "type": "Feature", "properties": { "voltage_kv": 380.0, "from_node": 9, "to_node": 23, "length_km": 187.75336064253295, "delaunay_k": 3, "edge_set": "Delaunay3" }, "geometry": { "type": "LineString", "coordinates": [ [ 7.338867, 61.206798 ], [ 10.092316, 60.198203 ] ] } },
{ "type": "Feature", "properties": { "voltage_kv": 380.0, "from_node": 9, "to_node": 29, "length_km": 236.99605777799445, "delaunay_k": 3, "edge_set": "Delaunay3" }, "geometry": { "type": "LineString", "coordinates": [ [ 7.338867, 61.206798 ], [ 10.839386, 59.958448 ] ] } },
{ "type": "Feature", "properties": { "voltage_kv": 380.0, "from_node": 9, "to_node": 51, "length_km": 362.28316361529426, "delaunay_k": 3, "edge_set": "Delaunay3" }, "geometry": { "type": "LineString", "coordinates": [ [ 7.338867, 61.206798 ], [ 12.568359, 63.361367 ] ] } },
{ "type": "Feature", "properties": { "voltage_kv": 380.0, "from_node": 9, "to_node": 61, "length_km": 398.45464368327106, "delaunay_k": 3, "edge_set": "Delaunay3" }, "geometry": { "type": "LineString", "coordinates": [ [ 7.338867, 61.206798 ], [ 13.458252, 63.368755 ] ] } },
{ "type": "Feature", "properties": { "voltage_kv": 380.0, "from_node": 9, "to_node": 69, "length_km": 404.75789758663637, "delaunay_k": 3, "edge_set": "Delaunay3" }, "geometry": { "type": "LineString", "coordinates": [ [ 7.338867, 61.206798 ], [ 14.515686, 62.516121 ] ] } },
{ "type": "Feature", "properties": { "voltage_kv": 380.0, "from_node": 9, "to_node": 77, "length_km": 436.0588811797852, "delaunay_k": 3, "edge_set": "Delaunay3" }, "geometry": { "type": "LineString", "coordinates": [ [ 7.338867, 61.206798 ], [ 15.188599, 60.415208 ] ] } },
{ "type": "Feature", "properties": { "voltage_kv": 380.0, "from_node": 10, "to_node": 17, "length_km": 66.055101827702387, "delaunay_k": 3, "edge_set": "Delaunay3" }, "geometry": { "type": "LineString", "coordinates": [ [ 7.395172, 60.997087 ], [ 8.088684, 60.511343 ] ] } },
{ "type": "Feature", "properties": { "voltage_kv": 380.0, "from_node": 10, "to_node": 20, "length_km": 96.946811710931954, "delaunay_k": 3, "edge_set": "Delaunay3" }, "geometry": { "type": "LineString", "coordinates": [ [ 7.395172, 60.997087 ], [ 8.596802, 60.357527 ] ] } },
{ "type": "Feature", "properties": { "voltage_kv": 380.0, "from_node": 10, "to_node": 24, "length_km": 171.53005554488104, "delaunay_k": 3, "edge_set": "Delaunay3" }, "geometry": { "type": "LineString", "coordinates": [ [ 7.395172, 60.997087 ], [ 10.214539, 60.322868 ] ] } },
{ "type": "Feature", "properties": { "voltage_kv": 380.0, "from_node": 10, "to_node": 26, "length_km": 300.12030227248312, "delaunay_k": 3, "edge_set": "Delaunay3" }, "geometry": { "type": "LineString", "coordinates": [ [ 7.395172, 60.997087 ], [ 10.457611, 63.276888 ] ] } },
{ "type": "Feature", "properties": { "voltage_kv": 380.0, "from_node": 10, "to_node": 35, "length_km": 321.02164246239909, "delaunay_k": 3, "edge_set": "Delaunay3" }, "geometry": { "type": "LineString", "coordinates": [ [ 7.395172, 60.997087 ], [ 11.727905, 63.035662 ] ] } },
{ "type": "Feature", "properties": { "voltage_kv": 380.0, "from_node": 11, "to_node": 12, "length_km": 161.92245739974152, "delaunay_k": 3, "edge_set": "Delaunay3" }, "geometry": { "type": "LineString", "coordinates": [ [ 7.462463, 59.479266 ], [ 7.462463, 60.931767 ] ] } },
{ "type": "Feature", "properties": { "voltage_kv": 380.0, "from_node": 11, "to_node": 19, "length_km": 360.97994291779247, "delaunay_k": 3, "edge_set": "Delaunay3" }, "geometry": { "type": "LineString", "coordinates": [ [ 7.462463, 59.479266 ], [ 8.480072, 62.679816 ] ] } },
{ "type": "Feature", "properties": { "voltage_kv": 380.0, "from_node": 11, "to_node": 28, "length_km": 191.78132922530622, "delaunay_k": 3, "edge_set": "Delaunay3" }, "geometry": { "type": "LineString", "coordinates": [ [ 7.462463, 59.479266 ], [ 10.82428, 59.721792 ] ] } },
{ "type": "Feature", "properties": { "voltage_kv": 380.0, "from_node": 11, "to_node": 29, "length_km": 197.40455341194203, "delaunay_k": 3, "edge_set": "Delaunay3" }, "geometry": { "type": "LineString", "coordinates": [ [ 7.462463, 59.479266 ], [ 10.839386, 59.958448 ] ] } },
{ "type": "Feature", "properties": { "voltage_kv": 380.0, "from_node": 11, "to_node": 35, "length_km": 457.52848154141884, "delaunay_k": 3, "edge_set": "Delaunay3" }, "geometry": { "type": "LineString", "coordinates": [ [ 7.462463, 59.479266 ], [ 11.727905, 63.035662 ] ] } },
{ "type": "Feature", "properties": { "voltage_kv": 380.0, "from_node": 11, "to_node": 54, "length_km": 313.57894220468012, "delaunay_k": 3, "edge_set": "Delaunay3" }, "geometry": { "type": "LineString", "coordinates": [ [ 7.462463, 59.479266 ], [ 12.9776, 59.337392 ] ] } },
{ "type": "Feature", "properties": { "voltage_kv": 380.0, "from_node": 11, "to_node": 77, "length_km": 444.01894301087583, "delaunay_k": 3, "edge_set": "Delaunay3" }, "geometry": { "type": "LineString", "coordinates": [ [ 7.462463, 59.479266 ], [ 15.188599, 60.415208 ] ] } },
{ "type": "Feature", "properties": { "voltage_kv": 380.0, "from_node": 12, "to_node": 21, "length_km": 115.85348817351283, "delaunay_k": 3, "edge_set": "Delaunay3" }, "geometry": { "type": "LineString", "coordinates": [ [ 7.462463, 60.931767 ], [ 9.026642, 60.232994 ] ] } },
{ "type": "Feature", "properties": { "voltage_kv": 380.0, "from_node": 12, "to_node": 23, "length_km": 165.81097655249107, "delaunay_k": 3, "edge_set": "Delaunay3" }, "geometry": { "type": "LineString", "coordinates": [ [ 7.462463, 60.931767 ], [ 10.092316, 60.198203 ] ] } },
{ "type": "Feature", "properties": { "voltage_kv": 380.0, "from_node": 12, "to_node": 26, "length_km": 304.57729037588007, "delaunay_k": 3, "edge_set": "Delaunay3" }, "geometry": { "type": "LineString", "coordinates": [ [ 7.462463, 60.931767 ], [ 10.457611, 63.276888 ] ] } },
{ "type": "Feature", "properties": { "voltage_kv": 380.0, "from_node": 12, "to_node": 29, "length_km": 215.22303989045716, "delaunay_k": 3, "edge_set": "Delaunay3" }, "geometry": { "type": "LineString", "coordinates": [ [ 7.462463, 60.931767 ], [ 10.839386, 59.958448 ] ] } },
{ "type": "Feature", "properties": { "voltage_kv": 380.0, "from_node": 12, "to_node": 35, "length_km": 323.93498393340963, "delaunay_k": 3, "edge_set": "Delaunay3" }, "geometry": { "type": "LineString", "coordinates": [ [ 7.462463, 60.931767 ], [ 11.727905, 63.035662 ] ] } },
{ "type": "Feature", "properties": { "voltage_kv": 380.0, "from_node": 12, "to_node": 69, "length_km": 412.3784334883166, "delaunay_k": 3, "edge_set": "Delaunay3" }, "geometry": { "type": "LineString", "coordinates": [ [ 7.462463, 60.931767 ], [ 14.515686, 62.516121 ] ] } },
{ "type": "Feature", "properties": { "voltage_kv": 380.0, "from_node": 12, "to_node": 77, "length_km": 426.05398283131035, "delaunay_k": 3, "edge_set": "Delaunay3" }, "geometry": { "type": "LineString", "coordinates": [ [ 7.462463, 60.931767 ], [ 15.188599, 60.415208 ] ] } },
{ "type": "Feature", "properties": { "voltage_kv": 380.0, "from_node": 13, "to_node": 15, "length_km": 184.81515539609597, "delaunay_k": 3, "edge_set": "Delaunay3" }, "geometry": { "type": "LineString", "coordinates": [ [ 7.727509, 58.974791 ], [ 7.893677, 60.630775 ] ] } },
{ "type": "Feature", "properties": { "voltage_kv": 380.0, "from_node": 13, "to_node": 16, "length_km": 190.06058829638152, "delaunay_k": 3, "edge_set": "Delaunay3" }, "geometry": { "type": "LineString", "coordinates": [ [ 7.727509, 58.974791 ], [ 8.084564, 60.670488 ] ] } },
{ "type": "Feature", "properties": { "voltage_kv": 380.0, "from_node": 13, "to_node": 23, "length_km": 190.8795994763021, "delaunay_k": 3, "edge_set": "Delaunay3" }, "geometry": { "type": "LineString", "coordinates": [ [ 7.727509, 58.974791 ], [ 10.092316, 60.198203 ] ] } },
{ "type": "Feature", "properties": { "voltage_kv": 380.0, "from_node": 13, "to_node": 24, "length_km": 205.50736123880557, "delaunay_k": 3, "edge_set": "Delaunay3" }, "geometry": { "type": "LineString", "coordinates": [ [ 7.727509, 58.974791 ], [ 10.214539, 60.322868 ] ] } },
{ "type": "Feature", "properties": { "voltage_kv": 380.0, "from_node": 13, "to_node": 28, "length_km": 194.86573519786199, "delaunay_k": 3, "edge_set": "Delaunay3" }, "geometry": { "type": "LineString", "coordinates": [ [ 7.727509, 58.974791 ], [ 10.82428, 59.721792 ] ] } },
{ "type": "Feature", "properties": { "voltage_kv": 380.0, "from_node": 13, "to_node": 29, "length_km": 207.7028119929459, "delaunay_k": 3, "edge_set": "Delaunay3" }, "geometry": { "type": "LineString", "coordinates": [ [ 7.727509, 58.974791 ], [ 10.839386, 59.958448 ] ] } },
{ "type": "Feature", "properties": { "voltage_kv": 380.0, "from_node": 13, "to_node": 54, "length_km": 303.04711990259949, "delaunay_k": 3, "edge_set": "Delaunay3" }, "geometry": { "type": "LineString", "coordinates": [ [ 7.727509, 58.974791 ], [ 12.9776, 59.337392 ] ] } },
{ "type": "Feature", "properties": { "voltage_kv": 380.0, "from_node": 14, "to_node": 15, "length_km": 211.38399717584707, "delaunay_k": 3, "edge_set": "Delaunay3" }, "geometry": { "type": "LineString", "coordinates": [ [ 7.7948, 62.526259 ], [ 7.893677, 60.630775 ] ] } },
{ "type": "Feature", "properties": { "voltage_kv": 380.0, "from_node": 14, "to_node": 17, "length_km": 225.17039466255565, "delaunay_k": 3, "edge_set": "Delaunay3" }, "geometry": { "type": "LineString", "coordinates": [ [ 7.7948, 62.526259 ], [ 8.088684, 60.511343 ] ] } },
{ "type": "Feature", "properties": { "voltage_kv": 380.0, "from_node": 14, "to_node": 20, "length_km": 245.51318291339217, "delaunay_k": 3, "edge_set": "Delaunay3" }, "geometry": { "type": "LineString", "coordinates": [ [ 7.7948, 62.526259 ], [ 8.596802, 60.357527 ] ] } },
{ "type": "Feature", "properties": { "voltage_kv": 380.0, "from_node": 14, "to_node": 21, "length_km": 263.96584056296246, "delaunay_k": 3, "edge_set": "Delaunay3" }, "geometry": { "type": "LineString", "coordinates": [ [ 7.7948, 62.526259 ], [ 9.026642, 60.232994 ] ] } },
{ "type": "Feature", "properties": { "voltage_kv": 380.0, "from_node": 14, "to_node": 23, "length_km": 287.0803061314694, "delaunay_k": 3, "edge_set": "Delaunay3" }, "geometry": { "type": "LineString", "coordinates": [ [ 7.7948, 62.526259 ], [ 10.092316, 60.198203 ] ] } },
{ "type": "Feature", "properties": { "voltage_kv": 380.0, "from_node": 14, "to_node": 29, "length_km": 329.51748888483121, "delaunay_k": 3, "edge_set": "Delaunay3" }, "geometry": { "type": "LineString", "coordinates": [ [ 7.7948, 62.526259 ], [ 10.839386, 59.958448 ] ] } },
{ "type": "Feature", "properties": { "voltage_kv": 380.0, "from_node": 14, "to_node": 51, "length_km": 259.56627759991301, "delaunay_k": 3, "edge_set": "Delaunay3" }, "geometry": { "type": "LineString", "coordinates": [ [ 7.7948, 62.526259 ], [ 12.568359, 63.361367 ] ] } },
{ "type": "Feature", "properties": { "voltage_kv": 380.0, "from_node": 14, "to_node": 61, "length_km": 302.35915793977625, "delaunay_k": 3, "edge_set": "Delaunay3" }, "geometry": { "type": "LineString", "coordinates": [ [ 7.7948, 62.526259 ], [ 13.458252, 63.368755 ] ] } },
{ "type": "Feature", "properties": { "voltage_kv": 380.0, "from_node": 14, "to_node": 69, "length_km": 346.02229004482103, "delaunay_k": 3, "edge_set": "Delaunay3" }, "geometry": { "type": "LineString", "coordinates": [ [ 7.7948, 62.526259 ], [ 14.515686, 62.516121 ] ] } },
{ "type": "Feature", "properties": { "voltage_kv": 380.0, "from_node": 14, "to_node": 77, "length_km": 458.67811032184835, "delaunay_k": 3, "edge_set": "Delaunay3" }, "geometry": { "type": "LineString", "coordinates": [ [ 7.7948, 62.526259 ], [ 15.188599, 60.415208 ] ] } },
{ "type": "Feature", "properties": { "voltage_kv": 380.0, "from_node": 15, "to_node": 21, "length_km": 76.554904339514735, "delaunay_k": 3, "edge_set": "Delaunay3" }, "geometry": { "type": "LineString", "coordinates": [ [ 7.893677, 60.630775 ], [ 9.026642, 60.232994 ] ] } },
{ "type": "Feature", "properties": { "voltage_kv": 380.0, "from_node": 15, "to_node": 22, "length_km": 177.80770339835669, "delaunay_k": 3, "edge_set": "Delaunay3" }, "geometry": { "type": "LineString", "coordinates": [ [ 7.893677, 60.630775 ], [ 9.593811, 59.282019 ] ] } },
{ "type": "Feature", "properties": { "voltage_kv": 380.0, "from_node": 15, "to_node": 23, "length_km": 130.40195811193561, "delaunay_k": 3, "edge_set": "Delaunay3" }, "geometry": { "type": "LineString", "coordinates": [ [ 7.893677, 60.630775 ], [ 10.092316, 60.198203 ] ] } },
{ "type": "Feature", "properties": { "voltage_kv": 380.0, "from_node": 15, "to_node": 26, "length_km": 324.13971193013174, "delaunay_k": 3, "edge_set": "Delaunay3" }, "geometry": { "type": "LineString", "coordinates": [ [ 7.893677, 60.630775 ], [ 10.457611, 63.276888 ] ] } },
{ "type": "Feature", "properties": { "voltage_kv": 380.0, "from_node": 15, "to_node": 29, "length_km": 179.31389402360679, "delaunay_k": 3, "edge_set": "Delaunay3" }, "geometry": { "type": "LineString", "coordinates": [ [ 7.893677, 60.630775 ], [ 10.839386, 59.958448 ] ] } },
{ "type": "Feature", "properties": { "voltage_kv": 380.0, "from_node": 15, "to_node": 35, "length_km": 335.53412039099106, "delaunay_k": 3, "edge_set": "Delaunay3" }, "geometry": { "type": "LineString", "coordinates": [ [ 7.893677, 60.630775 ], [ 11.727905, 63.035662 ] ] } },
{ "type": "Feature", "properties": { "voltage_kv": 380.0, "from_node": 15, "to_node": 69, "length_km": 409.55364120083601, "delaunay_k": 3, "edge_set": "Delaunay3" }, "geometry": { "type": "LineString", "coordinates": [ [ 7.893677, 60.630775 ], [ 14.515686, 62.516121 ] ] } },
{ "type": "Feature", "properties": { "voltage_kv": 380.0, "from_node": 15, "to_node": 77, "length_km": 401.19597259148168, "delaunay_k": 3, "edge_set": "Delaunay3" }, "geometry": { "type": "LineString", "coordinates": [ [ 7.893677, 60.630775 ], [ 15.188599, 60.415208 ] ] } },
{ "type": "Feature", "properties": { "voltage_kv": 380.0, "from_node": 16, "to_node": 22, "length_km": 176.19110032178369, "delaunay_k": 3, "edge_set": "Delaunay3" }, "geometry": { "type": "LineString", "coordinates": [ [ 8.084564, 60.670488 ], [ 9.593811, 59.282019 ] ] } },
{ "type": "Feature", "properties": { "voltage_kv": 380.0, "from_node": 16, "to_node": 25, "length_km": 150.00117918503017, "delaunay_k": 3, "edge_set": "Delaunay3" }, "geometry": { "type": "LineString", "coordinates": [ [ 8.084564, 60.670488 ], [ 10.288696, 59.88687 ] ] } },
{ "type": "Feature", "properties": { "voltage_kv": 380.0, "from_node": 16, "to_node": 28, "length_km": 185.1197590752339, "delaunay_k": 3, "edge_set": "Delaunay3" }, "geometry": { "type": "LineString", "coordinates": [ [ 8.084564, 60.670488 ], [ 10.82428, 59.721792 ] ] } },
{ "type": "Feature", "properties": { "voltage_kv": 380.0, "from_node": 16, "to_node": 51, "length_km": 380.73987255892354, "delaunay_k": 3, "edge_set": "Delaunay3" }, "geometry": { "type": "LineString", "coordinates": [ [ 8.084564, 60.670488 ], [ 12.568359, 63.361367 ] ] } },
{ "type": "Feature", "properties": { "voltage_kv": 380.0, "from_node": 16, "to_node": 54, "length_km": 310.70804517647304, "delaunay_k": 3, "edge_set": "Delaunay3" }, "geometry": { "type": "LineString", "coordinates": [ [ 8.084564, 60.670488 ], [ 12.9776, 59.337392 ] ] } },
{ "type": "Feature", "properties": { "voltage_kv": 380.0, "from_node": 16, "to_node": 61, "length_km": 411.61466915826162, "delaunay_k": 3, "edge_set": "Delaunay3" }, "geometry": { "type": "LineString", "coordinates": [ [ 8.084564, 60.670488 ], [ 13.458252, 63.368755 ] ] } },
{ "type": "Feature", "properties": { "voltage_kv": 380.0, "from_node": 16, "to_node": 71, "length_km": 409.2467392014384, "delaunay_k": 3, "edge_set": "Delaunay3" }, "geometry": { "type": "LineString", "coordinates": [ [ 8.084564, 60.670488 ], [ 14.734039, 62.533228 ] ] } },
{ "type": "Feature", "properties": { "voltage_kv": 380.0, "from_node": 16, "to_node": 79, "length_km": 470.32224144835436, "delaunay_k": 3, "edge_set": "Delaunay3" }, "geometry": { "type": "LineString", "coordinates": [ [ 8.084564, 60.670488 ], [ 15.206451, 63.237956 ] ] } },
{ "type": "Feature", "properties": { "voltage_kv": 380.0, "from_node": 16, "to_node": 81, "length_km": 408.75190685400094, "delaunay_k": 3, "edge_set": "Delaunay3" }, "geometry": { "type": "LineString", "coordinates": [ [ 8.084564, 60.670488 ], [ 15.387726, 60.052503 ] ] } },
{ "type": "Feature", "properties": { "voltage_kv": 380.0, "from_node": 16, "to_node": 82, "length_km": 404.82155402209588, "delaunay_k": 3, "edge_set": "Delaunay3" }, "geometry": { "type": "LineString", "coordinates": [ [ 8.084564, 60.670488 ], [ 15.442657, 60.406393 ] ] } },
{ "type": "Feature", "properties": { "voltage_kv": 380.0, "from_node": 17, "to_node": 18, "length_km": 252.63561617731827, "delaunay_k": 3, "edge_set": "Delaunay3" }, "geometry": { "type": "LineString", "coordinates": [ [ 8.088684, 60.511343 ], [ 8.102417, 58.2445 ] ] } },
{ "type": "Feature", "properties": { "voltage_kv": 380.0, "from_node": 17, "to_node": 23, "length_km": 115.9937333868817, "delaunay_k": 3, "edge_set": "Delaunay3" }, "geometry": { "type": "LineString", "coordinates": [ [ 8.088684, 60.511343 ], [ 10.092316, 60.198203 ] ] } },
{ "type": "Feature", "properties": { "voltage_kv": 380.0, "from_node": 17, "to_node": 25, "length_km": 140.48061153978045, "delaunay_k": 3, "edge_set": "Delaunay3" }, "geometry": { "type": "LineString", "coordinates": [ [ 8.088684, 60.511343 ], [ 10.288696, 59.88687 ] ] } },
{ "type": "Feature", "properties": { "voltage_kv": 380.0, "from_node": 17, "to_node": 26, "length_km": 332.42303952346964, "delaunay_k": 3, "edge_set": "Delaunay3" }, "geometry": { "type": "LineString", "coordinates": [ [ 8.088684, 60.511343 ], [ 10.457611, 63.276888 ] ] } },
{ "type": "Feature", "properties": { "voltage_kv": 380.0, "from_node": 17, "to_node": 27, "length_km": 182.37249790172112, "delaunay_k": 3, "edge_set": "Delaunay3" }, "geometry": { "type": "LineString", "coordinates": [ [ 8.088684, 60.511343 ], [ 10.780334, 59.580242 ] ] } },
{ "type": "Feature", "properties": { "voltage_kv": 380.0, "from_node": 17, "to_node": 29, "length_km": 164.38864123907067, "delaunay_k": 3, "edge_set": "Delaunay3" }, "geometry": { "type": "LineString", "coordinates": [ [ 8.088684, 60.511343 ], [ 10.839386, 59.958448 ] ] } },
{ "type": "Feature", "properties": { "voltage_kv": 380.0, "from_node": 17, "to_node": 31, "length_km": 218.20583090396912, "delaunay_k": 3, "edge_set": "Delaunay3" }, "geometry": { "type": "LineString", "coordinates": [ [ 8.088684, 60.511343 ], [ 11.181335, 59.317776 ] ] } },
{ "type": "Feature", "properties": { "voltage_kv": 380.0, "from_node": 17, "to_node": 33, "length_km": 240.32478384554199, "delaunay_k": 3, "edge_set": "Delaunay3" }, "geometry": { "type": "LineString", "coordinates": [ [ 8.088684, 60.511343 ], [ 11.409302, 59.147769 ] ] } },
{ "type": "Feature", "properties": { "voltage_kv": 380.0, "from_node": 17, "to_node": 35, "length_km": 340.57512665089195, "delaunay_k": 3, "edge_set": "Delaunay3" }, "geometry": { "type": "LineString", "coordinates": [ [ 8.088684, 60.511343 ], [ 11.727905, 63.035662 ] ] } },
{ "type": "Feature", "properties": { "voltage_kv": 380.0, "from_node": 17, "to_node": 69, "length_km": 408.37421316403191, "delaunay_k": 3, "edge_set": "Delaunay3" }, "geometry": { "type": "LineString", "coordinates": [ [ 8.088684, 60.511343 ], [ 14.515686, 62.516121 ] ] } },
{ "type": "Feature", "properties": { "voltage_kv": 380.0, "from_node": 17, "to_node": 77, "length_km": 390.64516997875273, "delaunay_k": 3, "edge_set": "Delaunay3" }, "geometry": { "type": "LineString", "coordinates": [ [ 8.088684, 60.511343 ], [ 15.188599, 60.415208 ] ] } },
{ "type": "Feature", "properties": { "voltage_kv": 380.0, "from_node": 18, "to_node": 20, "length_km": 237.15371867007218, "delaunay_k": 3, "edge_set": "Delaunay3" }, "geometry": { "type": "LineString", "coordinates": [ [ 8.102417, 58.2445 ], [ 8.596802, 60.357527 ] ] } },
{ "type": "Feature", "properties": { "voltage_kv": 380.0, "from_node": 18, "to_node": 23, "length_km": 245.54853418826923, "delaunay_k": 3, "edge_set": "Delaunay3" }, "geometry": { "type": "LineString", "coordinates": [ [ 8.102417, 58.2445 ], [ 10.092316, 60.198203 ] ] } },
{ "type": "Feature", "properties": { "voltage_kv": 380.0, "from_node": 18, "to_node": 24, "length_km": 260.98585562568263, "delaunay_k": 3, "edge_set": "Delaunay3" }, "geometry": { "type": "LineString", "coordinates": [ [ 8.102417, 58.2445 ], [ 10.214539, 60.322868 ] ] } },
{ "type": "Feature", "properties": { "voltage_kv": 380.0, "from_node": 18, "to_node": 28, "length_km": 227.11273451360995, "delaunay_k": 3, "edge_set": "Delaunay3" }, "geometry": { "type": "LineString", "coordinates": [ [ 8.102417, 58.2445 ], [ 10.82428, 59.721792 ] ] } },
{ "type": "Feature", "properties": { "voltage_kv": 380.0, "from_node": 18, "to_node": 29, "length_km": 247.09210270941159, "delaunay_k": 3, "edge_set": "Delaunay3" }, "geometry": { "type": "LineString", "coordinates": [ [ 8.102417, 58.2445 ], [ 10.839386, 59.958448 ] ] } },
{ "type": "Feature", "properties": { "voltage_kv": 380.0, "from_node": 19, "to_node": 22, "length_km": 383.44033601342034, "delaunay_k": 3, "edge_set": "Delaunay3" }, "geometry": { "type": "LineString", "coordinates": [ [ 8.480072, 62.679816 ], [ 9.593811, 59.282019 ] ] } },
{ "type": "Feature", "properties": { "voltage_kv": 380.0, "from_node": 19, "to_node": 25, "length_km": 326.00288062346362, "delaunay_k": 3, "edge_set": "Delaunay3" }, "geometry": { "type": "LineString", "coordinates": [ [ 8.480072, 62.679816 ], [ 10.288696, 59.88687 ] ] } },
{ "type": "Feature", "properties": { "voltage_kv": 380.0, "from_node": 19, "to_node": 28, "length_km": 352.87633708812592, "delaunay_k": 3, "edge_set": "Delaunay3" }, "geometry": { "type": "LineString", "coordinates": [ [ 8.480072, 62.679816 ], [ 10.82428, 59.721792 ] ] } },
{ "type": "Feature", "properties": { "voltage_kv": 380.0, "from_node": 19, "to_node": 54, "length_km": 444.6632652451749, "delaunay_k": 3, "edge_set": "Delaunay3" }, "geometry": { "type": "LineString", "coordinates": [ [ 8.480072, 62.679816 ], [ 12.9776, 59.337392 ] ] } },
{ "type": "Feature", "properties": { "voltage_kv": 380.0, "from_node": 19, "to_node": 71, "length_km": 321.48938754483942, "delaunay_k": 3, "edge_set": "Delaunay3" }, "geometry": { "type": "LineString", "coordinates": [ [ 8.480072, 62.679816 ], [ 14.734039, 62.533228 ] ] } },
{ "type": "Feature", "properties": { "voltage_kv": 380.0, "from_node": 19, "to_node": 79, "length_km": 346.82323448522931, "delaunay_k": 3, "edge_set": "Delaunay3" }, "geometry": { "type": "LineString", "coordinates": [ [ 8.480072, 62.679816 ], [ 15.206451, 63.237956 ] ] } },
{ "type": "Feature", "properties": { "voltage_kv": 380.0, "from_node": 19, "to_node": 81, "length_km": 471.05170320590429, "delaunay_k": 3, "edge_set": "Delaunay3" }, "geometry": { "type": "LineString", "coordinates": [ [ 8.480072, 62.679816 ], [ 15.387726, 60.052503 ] ] } },
{ "type": "Feature", "properties": { "voltage_kv": 380.0, "from_node": 19, "to_node": 82, "length_km": 448.3593268290835, "delaunay_k": 3, "edge_set": "Delaunay3" }, "geometry": { "type": "LineString", "coordinates": [ [ 8.480072, 62.679816 ], [ 15.442657, 60.406393 ] ] } },
{ "type": "Feature", "properties": { "voltage_kv": 380.0, "from_node": 19, "to_node": 85, "length_km": 384.7907626688098, "delaunay_k": 3, "edge_set": "Delaunay3" }, "geometry": { "type": "LineString", "coordinates": [ [ 8.480072, 62.679816 ], [ 15.846405, 63.582177 ] ] } },
{ "type": "Feature", "properties": { "voltage_kv": 380.0, "from_node": 20, "to_node": 26, "length_km": 339.81360891418609, "delaunay_k": 3, "edge_set": "Delaunay3" }, "geometry": { "type": "LineString", "coordinates": [ [ 8.596802, 60.357527 ], [ 10.457611, 63.276888 ] ] } },
{ "type": "Feature", "properties": { "voltage_kv": 380.0, "from_node": 20, "to_node": 27, "length_km": 149.57997724181698, "delaunay_k": 3, "edge_set": "Delaunay3" }, "geometry": { "type": "LineString", "coordinates": [ [ 8.596802, 60.357527 ], [ 10.780334, 59.580242 ] ] } },
{ "type": "Feature", "properties": { "voltage_kv": 380.0, "from_node": 20, "to_node": 28, "length_km": 142.93475577398954, "delaunay_k": 3, "edge_set": "Delaunay3" }, "geometry": { "type": "LineString", "coordinates": [ [ 8.596802, 60.357527 ], [ 10.82428, 59.721792 ] ] } },
{ "type": "Feature", "properties": { "voltage_kv": 380.0, "from_node": 20, "to_node": 31, "length_km": 185.52569269493057, "delaunay_k": 3, "edge_set": "Delaunay3" }, "geometry": { "type": "LineString", "coordinates": [ [ 8.596802, 60.357527 ], [ 11.181335, 59.317776 ] ] } },
{ "type": "Feature", "properties": { "voltage_kv": 380.0, "from_node": 20, "to_node": 33, "length_km": 207.74501805526097, "delaunay_k": 3, "edge_set": "Delaunay3" }, "geometry": { "type": "LineString", "coordinates": [ [ 8.596802, 60.357527 ], [ 11.409302, 59.147769 ] ] } },
{ "type": "Feature", "properties": { "voltage_kv": 380.0, "from_node": 20, "to_node": 51, "length_km": 394.54209595857105, "delaunay_k": 3, "edge_set": "Delaunay3" }, "geometry": { "type": "LineString", "coordinates": [ [ 8.596802, 60.357527 ], [ 12.568359, 63.361367 ] ] } },
{ "type": "Feature", "properties": { "voltage_kv": 380.0, "from_node": 20, "to_node": 54, "length_km": 270.54848333950849, "delaunay_k": 3, "edge_set": "Delaunay3" }, "geometry": { "type": "LineString", "coordinates": [ [ 8.596802, 60.357527 ], [ 12.9776, 59.337392 ] ] } },
{ "type": "Feature", "properties": { "voltage_kv": 380.0, "from_node": 20, "to_node": 61, "length_km": 421.79364836529868, "delaunay_k": 3, "edge_set": "Delaunay3" }, "geometry": { "type": "LineString", "coordinates": [ [ 8.596802, 60.357527 ], [ 13.458252, 63.368755 ] ] } },
{ "type": "Feature", "properties": { "voltage_kv": 380.0, "from_node": 20, "to_node": 71, "length_km": 407.18192491003998, "delaunay_k": 3, "edge_set": "Delaunay3" }, "geometry": { "type": "LineString", "coordinates": [ [ 8.596802, 60.357527 ], [ 14.734039, 62.533228 ] ] } },
{ "type": "Feature", "properties": { "voltage_kv": 380.0, "from_node": 20, "to_node": 79, "length_km": 473.54593241961334, "delaunay_k": 3, "edge_set": "Delaunay3" }, "geometry": { "type": "LineString", "coordinates": [ [ 8.596802, 60.357527 ], [ 15.206451, 63.237956 ] ] } },
{ "type": "Feature", "properties": { "voltage_kv": 380.0, "from_node": 20, "to_node": 81, "length_km": 378.01108929953654, "delaunay_k": 3, "edge_set": "Delaunay3" }, "geometry": { "type": "LineString", "coordinates": [ [ 8.596802, 60.357527 ], [ 15.387726, 60.052503 ] ] } },
{ "type": "Feature", "properties": { "voltage_kv": 380.0, "from_node": 20, "to_node": 82, "length_km": 377.52036433951184, "delaunay_k": 3, "edge_set": "Delaunay3" }, "geometry": { "type": "LineString", "coordinates": [ [ 8.596802, 60.357527 ], [ 15.442657, 60.406393 ] ] } },
{ "type": "Feature", "properties": { "voltage_kv": 380.0, "from_node": 20, "to_node": 96, "length_km": 459.02010504348965, "delaunay_k": 3, "edge_set": "Delaunay3" }, "geometry": { "type": "LineString", "coordinates": [ [ 8.596802, 60.357527 ], [ 16.931305, 60.692679 ] ] } },
{ "type": "Feature", "properties": { "voltage_kv": 380.0, "from_node": 21, "to_node": 26, "length_km": 347.54675436748096, "delaunay_k": 3, "edge_set": "Delaunay3" }, "geometry": { "type": "LineString", "coordinates": [ [ 9.026642, 60.232994 ], [ 10.457611, 63.276888 ] ] } },
{ "type": "Feature", "properties": { "voltage_kv": 380.0, "from_node": 21, "to_node": 34, "length_km": 217.61210840881083, "delaunay_k": 3, "edge_set": "Delaunay3" }, "geometry": { "type": "LineString", "coordinates": [ [ 9.026642, 60.232994 ], [ 11.629028, 58.795248 ] ] } },
{ "type": "Feature", "properties": { "voltage_kv": 380.0, "from_node": 21, "to_node": 51, "length_km": 395.41459437149206, "delaunay_k": 3, "edge_set": "Delaunay3" }, "geometry": { "type": "LineString", "coordinates": [ [ 9.026642, 60.232994 ], [ 12.568359, 63.361367 ] ] } },
{ "type": "Feature", "properties": { "voltage_kv": 380.0, "from_node": 21, "to_node": 54, "length_km": 243.25663851572787, "delaunay_k": 3, "edge_set": "Delaunay3" }, "geometry": { "type": "LineString", "coordinates": [ [ 9.026642, 60.232994 ], [ 12.9776, 59.337392 ] ] } },
{ "type": "Feature", "properties": { "voltage_kv": 380.0, "from_node": 21, "to_node": 61, "length_km": 420.22703564359927, "delaunay_k": 3, "edge_set": "Delaunay3" }, "geometry": { "type": "LineString", "coordinates": [ [ 9.026642, 60.232994 ], [ 13.458252, 63.368755 ] ] } },
{ "type": "Feature", "properties": { "voltage_kv": 380.0, "from_node": 21, "to_node": 71, "length_km": 398.26834371006129, "delaunay_k": 3, "edge_set": "Delaunay3" }, "geometry": { "type": "LineString", "coordinates": [ [ 9.026642, 60.232994 ], [ 14.734039, 62.533228 ] ] } },
{ "type": "Feature", "properties": { "voltage_kv": 380.0, "from_node": 21, "to_node": 79, "length_km": 467.45724549948977, "delaunay_k": 3, "edge_set": "Delaunay3" }, "geometry": { "type": "LineString", "coordinates": [ [ 9.026642, 60.232994 ], [ 15.206451, 63.237956 ] ] } },
{ "type": "Feature", "properties": { "voltage_kv": 380.0, "from_node": 21, "to_node": 81, "length_km": 353.91042357318173, "delaunay_k": 3, "edge_set": "Delaunay3" }, "geometry": { "type": "LineString", "coordinates": [ [ 9.026642, 60.232994 ], [ 15.387726, 60.052503 ] ] } },
{ "type": "Feature", "properties": { "voltage_kv": 380.0, "from_node": 21, "to_node": 82, "length_km": 354.9976012688939, "delaunay_k": 3, "edge_set": "Delaunay3" }, "geometry": { "type": "LineString", "coordinates": [ [ 9.026642, 60.232994 ], [ 15.442657, 60.406393 ] ] } },
{ "type": "Feature", "properties": { "voltage_kv": 380.0, "from_node": 21, "to_node": 96, "length_km": 437.76912964610585, "delaunay_k": 3, "edge_set": "Delaunay3" }, "geometry": { "type": "LineString", "coordinates": [ [ 9.026642, 60.232994 ], [ 16.931305, 60.692679 ] ] } },
{ "type": "Feature", "properties": { "voltage_kv": 380.0, "from_node": 22, "to_node": 35, "length_km": 433.72286745546796, "delaunay_k": 3, "edge_set": "Delaunay3" }, "geometry": { "type": "LineString", "coordinates": [ [ 9.593811, 59.282019 ], [ 11.727905, 63.035662 ] ] } },
{ "type": "Feature", "properties": { "voltage_kv": 380.0, "from_node": 22, "to_node": 69, "length_km": 448.37081553623563, "delaunay_k": 3, "edge_set": "Delaunay3" }, "geometry": { "type": "LineString", "coordinates": [ [ 9.593811, 59.282019 ], [ 14.515686, 62.516121 ] ] } },
{ "type": "Feature", "properties": { "voltage_kv": 380.0, "from_node": 22, "to_node": 75, "length_km": 317.39423206352848, "delaunay_k": 3, "edge_set": "Delaunay3" }, "geometry": { "type": "LineString", "coordinates": [ [ 9.593811, 59.282019 ], [ 15.125427, 59.05115 ] ] } },
{ "type": "Feature", "properties": { "voltage_kv": 380.0, "from_node": 22, "to_node": 76, "length_km": 319.38308598888466, "delaunay_k": 3, "edge_set": "Delaunay3" }, "geometry": { "type": "LineString", "coordinates": [ [ 9.593811, 59.282019 ], [ 15.184479, 59.173817 ] ] } },
{ "type": "Feature", "properties": { "voltage_kv": 380.0, "from_node": 22, "to_node": 77, "length_km": 337.98794474304833, "delaunay_k": 3, "edge_set": "Delaunay3" }, "geometry": { "type": "LineString", "coordinates": [ [ 9.593811, 59.282019 ], [ 15.188599, 60.415208 ] ] } },
{ "type": "Feature", "properties": { "voltage_kv": 380.0, "from_node": 22, "to_node": 80, "length_km": 321.09695459898086, "delaunay_k": 3, "edge_set": "Delaunay3" }, "geometry": { "type": "LineString", "coordinates": [ [ 9.593811, 59.282019 ], [ 15.231171, 59.466013 ] ] } },
{ "type": "Feature", "properties": { "voltage_kv": 380.0, "from_node": 22, "to_node": 81, "length_km": 337.56711482181015, "delaunay_k": 3, "edge_set": "Delaunay3" }, "geometry": { "type": "LineString", "coordinates": [ [ 9.593811, 59.282019 ], [ 15.387726, 60.052503 ] ] } },
{ "type": "Feature", "properties": { "voltage_kv": 380.0, "from_node": 23, "to_node": 26, "length_km": 343.64838243781332, "delaunay_k": 3, "edge_set": "Delaunay3" }, "geometry": { "type": "LineString", "coordinates": [ [ 10.092316, 60.198203 ], [ 10.457611, 63.276888 ] ] } },
{ "type": "Feature", "properties": { "voltage_kv": 380.0, "from_node": 23, "to_node": 31, "length_km": 115.61852336535354, "delaunay_k": 3, "edge_set": "Delaunay3" }, "geometry": { "type": "LineString", "coordinates": [ [ 10.092316, 60.198203 ], [ 11.181335, 59.317776 ] ] } },
{ "type": "Feature", "properties": { "voltage_kv": 380.0, "from_node": 23, "to_node": 33, "length_km": 138.5696020411159, "delaunay_k": 3, "edge_set": "Delaunay3" }, "geometry": { "type": "LineString", "coordinates": [ [ 10.092316, 60.198203 ], [ 11.409302, 59.147769 ] ] } },
{ "type": "Feature", "properties": { "voltage_kv": 380.0, "from_node": 23, "to_node": 34, "length_km": 178.89251063739499, "delaunay_k": 3, "edge_set": "Delaunay3" }, "geometry": { "type": "LineString", "coordinates": [ [ 10.092316, 60.198203 ], [ 11.629028, 58.795248 ] ] } },
{ "type": "Feature", "properties": { "voltage_kv": 380.0, "from_node": 23, "to_node": 44, "length_km": 245.65869714188537, "delaunay_k": 3, "edge_set": "Delaunay3" }, "geometry": { "type": "LineString", "coordinates": [ [ 10.092316, 60.198203 ], [ 12.299194, 58.304438 ] ] } },
{ "type": "Feature", "properties": { "voltage_kv": 380.0, "from_node": 23, "to_node": 51, "length_km": 375.89035622478599, "delaunay_k": 3, "edge_set": "Delaunay3" }, "geometry": { "type": "LineString", "coordinates": [ [ 10.092316, 60.198203 ], [ 12.568359, 63.361367 ] ] } },
{ "type": "Feature", "properties": { "voltage_kv": 380.0, "from_node": 23, "to_node": 61, "length_km": 395.35615364601603, "delaunay_k": 3, "edge_set": "Delaunay3" }, "geometry": { "type": "LineString", "coordinates": [ [ 10.092316, 60.198203 ], [ 13.458252, 63.368755 ] ] } },
{ "type": "Feature", "properties": { "voltage_kv": 380.0, "from_node": 23, "to_node": 65, "length_km": 282.03944048229238, "delaunay_k": 3, "edge_set": "Delaunay3" }, "geometry": { "type": "LineString", "coordinates": [ [ 10.092316, 60.198203 ], [ 13.878479, 58.56109 ] ] } },
{ "type": "Feature", "properties": { "voltage_kv": 380.0, "from_node": 23, "to_node": 71, "length_km": 359.50637770762523, "delaunay_k": 3, "edge_set": "Delaunay3" }, "geometry": { "type": "LineString", "coordinates": [ [ 10.092316, 60.198203 ], [ 14.734039, 62.533228 ] ] } },
{ "type": "Feature", "properties": { "voltage_kv": 380.0, "from_node": 23, "to_node": 75, "length_km": 311.39195458532998, "delaunay_k": 3, "edge_set": "Delaunay3" }, "geometry": { "type": "LineString", "coordinates": [ [ 10.092316, 60.198203 ], [ 15.125427, 59.05115 ] ] } },
{ "type": "Feature", "properties": { "voltage_kv": 380.0, "from_node": 23, "to_node": 76, "length_km": 308.65135273030728, "delaunay_k": 3, "edge_set": "Delaunay3" }, "geometry": { "type": "LineString", "coordinates": [ [ 10.092316, 60.198203 ], [ 15.184479, 59.173817 ] ] } },
{ "type": "Feature", "properties": { "voltage_kv": 380.0, "from_node": 23, "to_node": 79, "length_km": 433.25344229730376, "delaunay_k": 3, "edge_set": "Delaunay3" }, "geometry": { "type": "LineString", "coordinates": [ [ 10.092316, 60.198203 ], [ 15.206451, 63.237956 ] ] } },
{ "type": "Feature", "properties": { "voltage_kv": 380.0, "from_node": 23, "to_node": 80, "length_km": 299.48306533447072, "delaunay_k": 3, "edge_set": "Delaunay3" }, "geometry": { "type": "LineString", "coordinates": [ [ 10.092316, 60.198203 ], [ 15.231171, 59.466013 ] ] } },
{ "type": "Feature", "properties": { "voltage_kv": 380.0, "from_node": 23, "to_node": 81, "length_km": 294.7841018366571, "delaunay_k": 3, "edge_set": "Delaunay3" }, "geometry": { "type": "LineString", "coordinates": [ [ 10.092316, 60.198203 ], [ 15.387726, 60.052503 ] ] } },
{ "type": "Feature", "properties": { "voltage_kv": 380.0, "from_node": 23, "to_node": 82, "length_km": 296.69822670564804, "delaunay_k": 3, "edge_set": "Delaunay3" }, "geometry": { "type": "LineString", "coordinates": [ [ 10.092316, 60.198203 ], [ 15.442657, 60.406393 ] ] } },
{ "type": "Feature", "properties": { "voltage_kv": 380.0, "from_node": 23, "to_node": 96, "length_km": 380.42812595893099, "delaunay_k": 3, "edge_set": "Delaunay3" }, "geometry": { "type": "LineString", "coordinates": [ [ 10.092316, 60.198203 ], [ 16.931305, 60.692679 ] ] } },
{ "type": "Feature", "properties": { "voltage_kv": 380.0, "from_node": 24, "to_node": 27, "length_km": 88.574478477387231, "delaunay_k": 3, "edge_set": "Delaunay3" }, "geometry": { "type": "LineString", "coordinates": [ [ 10.214539, 60.322868 ], [ 10.780334, 59.580242 ] ] } },
{ "type": "Feature", "properties": { "voltage_kv": 380.0, "from_node": 24, "to_node": 31, "length_km": 124.42093249472896, "delaunay_k": 3, "edge_set": "Delaunay3" }, "geometry": { "type": "LineString", "coordinates": [ [ 10.214539, 60.322868 ], [ 11.181335, 59.317776 ] ] } },
{ "type": "Feature", "properties": { "voltage_kv": 380.0, "from_node": 24, "to_node": 33, "length_km": 147.15206149315188, "delaunay_k": 3, "edge_set": "Delaunay3" }, "geometry": { "type": "LineString", "coordinates": [ [ 10.214539, 60.322868 ], [ 11.409302, 59.147769 ] ] } },
{ "type": "Feature", "properties": { "voltage_kv": 380.0, "from_node": 24, "to_node": 34, "length_km": 188.03241206932339, "delaunay_k": 3, "edge_set": "Delaunay3" }, "geometry": { "type": "LineString", "coordinates": [ [ 10.214539, 60.322868 ], [ 11.629028, 58.795248 ] ] } },
{ "type": "Feature", "properties": { "voltage_kv": 380.0, "from_node": 24, "to_node": 44, "length_km": 254.24889525285747, "delaunay_k": 3, "edge_set": "Delaunay3" }, "geometry": { "type": "LineString", "coordinates": [ [ 10.214539, 60.322868 ], [ 12.299194, 58.304438 ] ] } },
{ "type": "Feature", "properties": { "voltage_kv": 380.0, "from_node": 24, "to_node": 65, "length_km": 285.83885236867042, "delaunay_k": 3, "edge_set": "Delaunay3" }, "geometry": { "type": "LineString", "coordinates": [ [ 10.214539, 60.322868 ], [ 13.878479, 58.56109 ] ] } },
{ "type": "Feature", "properties": { "voltage_kv": 380.0, "from_node": 24, "to_node": 75, "length_km": 310.7291529422447, "delaunay_k": 3, "edge_set": "Delaunay3" }, "geometry": { "type": "LineString", "coordinates": [ [ 10.214539, 60.322868 ], [ 15.125427, 59.05115 ] ] } },
{ "type": "Feature", "properties": { "voltage_kv": 380.0, "from_node": 24, "to_node": 76, "length_km": 307.30390057208245, "delaunay_k": 3, "edge_set": "Delaunay3" }, "geometry": { "type": "LineString", "coordinates": [ [ 10.214539, 60.322868 ], [ 15.184479, 59.173817 ] ] } },
{ "type": "Feature", "properties": { "voltage_kv": 380.0, "from_node": 24, "to_node": 80, "length_km": 296.56345441932518, "delaunay_k": 3, "edge_set": "Delaunay3" }, "geometry": { "type": "LineString", "coordinates": [ [ 10.214539, 60.322868 ], [ 15.231171, 59.466013 ] ] } },
{ "type": "Feature", "properties": { "voltage_kv": 380.0, "from_node": 24, "to_node": 85, "length_km": 468.01813270231099, "delaunay_k": 3, "edge_set": "Delaunay3" }, "geometry": { "type": "LineString", "coordinates": [ [ 10.214539, 60.322868 ], [ 15.846405, 63.582177 ] ] } },
{ "type": "Feature", "properties": { "voltage_kv": 380.0, "from_node": 24, "to_node": 97, "length_km": 372.98048168037161, "delaunay_k": 3, "edge_set": "Delaunay3" }, "geometry": { "type": "LineString", "coordinates": [ [ 10.214539, 60.322868 ], [ 16.972504, 60.570102 ] ] } },
{ "type": "Feature", "properties": { "voltage_kv": 380.0, "from_node": 24, "to_node": 98, "length_km": 439.3285487436392, "delaunay_k": 3, "edge_set": "Delaunay3" }, "geometry": { "type": "LineString", "coordinates": [ [ 10.214539, 60.322868 ], [ 17.024689, 62.540828 ] ] } },
{ "type": "Feature", "properties": { "voltage_kv": 380.0, "from_node": 24, "to_node": 99, "length_km": 377.15306285703548, "delaunay_k": 3, "edge_set": "Delaunay3" }, "geometry": { "type": "LineString", "coordinates": [ [ 10.214539, 60.322868 ], [ 17.045288, 60.624713 ] ] } },
{ "type": "Feature", "properties": { "voltage_kv": 380.0, "from_node": 24, "to_node": 105, "length_km": 402.43771509664435, "delaunay_k": 3, "edge_set": "Delaunay3" }, "geometry": { "type": "LineString", "coordinates": [ [ 10.214539, 60.322868 ], [ 17.329559, 59.716945 ] ] } },
{ "type": "Feature", "properties": { "voltage_kv": 380.0, "from_node": 24, "to_node": 106, "length_km": 454.74783384473608, "delaunay_k": 3, "edge_set": "Delaunay3" }, "geometry": { "type": "LineString", "coordinates": [ [ 10.214539, 60.322868 ], [ 17.468262, 62.460297 ] ] } },
{ "type": "Feature", "properties": { "voltage_kv": 380.0, "from_node": 24, "to_node": 113, "length_km": 430.51723205234288, "delaunay_k": 3, "edge_set": "Delaunay3" }, "geometry": { "type": "LineString", "coordinates": [ [ 10.214539, 60.322868 ], [ 18.020325, 60.532293 ] ] } },
{ "type": "Feature", "properties": { "voltage_kv": 380.0, "from_node": 25, "to_node": 34, "length_km": 143.54367625296067, "delaunay_k": 3, "edge_set": "Delaunay3" }, "geometry": { "type": "LineString", "coordinates": [ [ 10.288696, 59.88687 ], [ 11.629028, 58.795248 ] ] } },
{ "type": "Feature", "properties": { "voltage_kv": 380.0, "from_node": 25, "to_node": 35, "length_km": 359.16668735651251, "delaunay_k": 3, "edge_set": "Delaunay3" }, "geometry": { "type": "LineString", "coordinates": [ [ 10.288696, 59.88687 ], [ 11.727905, 63.035662 ] ] } },
{ "type": "Feature", "properties": { "voltage_kv": 380.0, "from_node": 25, "to_node": 44, "length_km": 210.58343386787038, "delaunay_k": 3, "edge_set": "Delaunay3" }, "geometry": { "type": "LineString", "coordinates": [ [ 10.288696, 59.88687 ], [ 12.299194, 58.304438 ] ] } },
{ "type": "Feature", "properties": { "voltage_kv": 380.0, "from_node": 25, "to_node": 65, "length_km": 252.61043819284541, "delaunay_k": 3, "edge_set": "Delaunay3" }, "geometry": { "type": "LineString", "coordinates": [ [ 10.288696, 59.88687 ], [ 13.878479, 58.56109 ] ] } },
{ "type": "Feature", "properties": { "voltage_kv": 380.0, "from_node": 25, "to_node": 69, "length_km": 370.66892398571196, "delaunay_k": 3, "edge_set": "Delaunay3" }, "geometry": { "type": "LineString", "coordinates": [ [ 10.288696, 59.88687 ], [ 14.515686, 62.516121 ] ] } },
{ "type": "Feature", "properties": { "voltage_kv": 380.0, "from_node": 25, "to_node": 71, "length_km": 379.40488896480366, "delaunay_k": 3, "edge_set": "Delaunay3" }, "geometry": { "type": "LineString", "coordinates": [ [ 10.288696, 59.88687 ], [ 14.734039, 62.533228 ] ] } },
{ "type": "Feature", "properties": { "voltage_kv": 380.0, "from_node": 25, "to_node": 75, "length_km": 289.54562259412563, "delaunay_k": 3, "edge_set": "Delaunay3" }, "geometry": { "type": "LineString", "coordinates": [ [ 10.288696, 59.88687 ], [ 15.125427, 59.05115 ] ] } },
{ "type": "Feature", "properties": { "voltage_kv": 380.0, "from_node": 25, "to_node": 76, "length_km": 288.18260938943911, "delaunay_k": 3, "edge_set": "Delaunay3" }, "geometry": { "type": "LineString", "coordinates": [ [ 10.288696, 59.88687 ], [ 15.184479, 59.173817 ] ] } },
{ "type": "Feature", "properties": { "voltage_kv": 380.0, "from_node": 25, "to_node": 80, "length_km": 282.37648319830225, "delaunay_k": 3, "edge_set": "Delaunay3" }, "geometry": { "type": "LineString", "coordinates": [ [ 10.288696, 59.88687 ], [ 15.231171, 59.466013 ] ] } },
{ "type": "Feature", "properties": { "voltage_kv": 380.0, "from_node": 25, "to_node": 81, "length_km": 285.36267258519604, "delaunay_k": 3, "edge_set": "Delaunay3" }, "geometry": { "type": "LineString", "coordinates": [ [ 10.288696, 59.88687 ], [ 15.387726, 60.052503 ] ] } },
{ "type": "Feature", "properties": { "voltage_kv": 380.0, "from_node": 25, "to_node": 82, "length_km": 292.08080594056025, "delaunay_k": 3, "edge_set": "Delaunay3" }, "geometry": { "type": "LineString", "coordinates": [ [ 10.288696, 59.88687 ], [ 15.442657, 60.406393 ] ] } },
{ "type": "Feature", "properties": { "voltage_kv": 380.0, "from_node": 25, "to_node": 96, "length_km": 378.16664946162712, "delaunay_k": 3, "edge_set": "Delaunay3" }, "geometry": { "type": "LineString", "coordinates": [ [ 10.288696, 59.88687 ], [ 16.931305, 60.692679 ] ] } },
{ "type": "Feature", "properties": { "voltage_kv": 380.0, "from_node": 26, "to_node": 29, "length_km": 370.36433246856342, "delaunay_k": 3, "edge_set": "Delaunay3" }, "geometry": { "type": "LineString", "coordinates": [ [ 10.457611, 63.276888 ], [ 10.839386, 59.958448 ] ] } },
{ "type": "Feature", "properties": { "voltage_kv": 380.0, "from_node": 26, "to_node": 71, "length_km": 232.63790516690321, "delaunay_k": 3, "edge_set": "Delaunay3" }, "geometry": { "type": "LineString", "coordinates": [ [ 10.457611, 63.276888 ], [ 14.734039, 62.533228 ] ] } },
{ "type": "Feature", "properties": { "voltage_kv": 380.0, "from_node": 26, "to_node": 77, "length_km": 404.54573195681883, "delaunay_k": 3, "edge_set": "Delaunay3" }, "geometry": { "type": "LineString", "coordinates": [ [ 10.457611, 63.276888 ], [ 15.188599, 60.415208 ] ] } },
{ "type": "Feature", "properties": { "voltage_kv": 380.0, "from_node": 26, "to_node": 79, "length_km": 238.5331520828031, "delaunay_k": 3, "edge_set": "Delaunay3" }, "geometry": { "type": "LineString", "coordinates": [ [ 10.457611, 63.276888 ], [ 15.206451, 63.237956 ] ] } },
{ "type": "Feature", "properties": { "voltage_kv": 380.0, "from_node": 26, "to_node": 85, "length_km": 271.15553101230932, "delaunay_k": 3, "edge_set": "Delaunay3" }, "geometry": { "type": "LineString", "coordinates": [ [ 10.457611, 63.276888 ], [ 15.846405, 63.582177 ] ] } },
{ "type": "Feature", "properties": { "voltage_kv": 380.0, "from_node": 26, "to_node": 100, "length_km": 386.02711690096237, "delaunay_k": 3, "edge_set": "Delaunay3" }, "geometry": { "type": "LineString", "coordinates": [ [ 10.457611, 63.276888 ], [ 17.049408, 65.221045 ] ] } },
{ "type": "Feature", "properties": { "voltage_kv": 380.0, "from_node": 27, "to_node": 34, "length_km": 100.00153256106282, "delaunay_k": 3, "edge_set": "Delaunay3" }, "geometry": { "type": "LineString", "coordinates": [ [ 10.780334, 59.580242 ], [ 11.629028, 58.795248 ] ] } },
{ "type": "Feature", "properties": { "voltage_kv": 380.0, "from_node": 27, "to_node": 44, "length_km": 166.8566896299142, "delaunay_k": 3, "edge_set": "Delaunay3" }, "geometry": { "type": "LineString", "coordinates": [ [ 10.780334, 59.580242 ], [ 12.299194, 58.304438 ] ] } },
{ "type": "Feature", "properties": { "voltage_kv": 380.0, "from_node": 27, "to_node": 65, "length_km": 210.85745374676077, "delaunay_k": 3, "edge_set": "Delaunay3" }, "geometry": { "type": "LineString", "coordinates": [ [ 10.780334, 59.580242 ], [ 13.878479, 58.56109 ] ] } },
{ "type": "Feature", "properties": { "voltage_kv": 380.0, "from_node": 27, "to_node": 75, "length_km": 254.36340376768095, "delaunay_k": 3, "edge_set": "Delaunay3" }, "geometry": { "type": "LineString", "coordinates": [ [ 10.780334, 59.580242 ], [ 15.125427, 59.05115 ] ] } },
{ "type": "Feature", "properties": { "voltage_kv": 380.0, "from_node": 27, "to_node": 76, "length_km": 254.41469888002013, "delaunay_k": 3, "edge_set": "Delaunay3" }, "geometry": { "type": "LineString", "coordinates": [ [ 10.780334, 59.580242 ], [ 15.184479, 59.173817 ] ] } },
{ "type": "Feature", "properties": { "voltage_kv": 380.0, "from_node": 27, "to_node": 77, "length_km": 262.98143349654543, "delaunay_k": 3, "edge_set": "Delaunay3" }, "geometry": { "type": "LineString", "coordinates": [ [ 10.780334, 59.580242 ], [ 15.188599, 60.415208 ] ] } },
{ "type": "Feature", "properties": { "voltage_kv": 380.0, "from_node": 27, "to_node": 80, "length_km": 252.24258310266296, "delaunay_k": 3, "edge_set": "Delaunay3" }, "geometry": { "type": "LineString", "coordinates": [ [ 10.780334, 59.580242 ], [ 15.231171, 59.466013 ] ] } },
{ "type": "Feature", "properties": { "voltage_kv": 380.0, "from_node": 27, "to_node": 81, "length_km": 263.80847733385133, "delaunay_k": 3, "edge_set": "Delaunay3" }, "geometry": { "type": "LineString", "coordinates": [ [ 10.780334, 59.580242 ], [ 15.387726, 60.052503 ] ] } },
{ "type": "Feature", "properties": { "voltage_kv": 380.0, "from_node": 28, "to_node": 35, "length_km": 372.42180874047909, "delaunay_k": 3, "edge_set": "Delaunay3" }, "geometry": { "type": "LineString", "coordinates": [ [ 10.82428, 59.721792 ], [ 11.727905, 63.035662 ] ] } },
{ "type": "Feature", "properties": { "voltage_kv": 380.0, "from_node": 28, "to_node": 37, "length_km": 231.73160779821004, "delaunay_k": 3, "edge_set": "Delaunay3" }, "geometry": { "type": "LineString", "coordinates": [ [ 10.82428, 59.721792 ], [ 11.954498, 57.726153 ] ] } },
{ "type": "Feature", "properties": { "voltage_kv": 380.0, "from_node": 28, "to_node": 43, "length_km": 212.22408742381316, "delaunay_k": 3, "edge_set": "Delaunay3" }, "geometry": { "type": "LineString", "coordinates": [ [ 10.82428, 59.721792 ], [ 12.244263, 57.964417 ] ] } },
{ "type": "Feature", "properties": { "voltage_kv": 380.0, "from_node": 28, "to_node": 47, "length_km": 231.17768206166531, "delaunay_k": 3, "edge_set": "Delaunay3" }, "geometry": { "type": "LineString", "coordinates": [ [ 10.82428, 59.721792 ], [ 12.407684, 57.816235 ] ] } },
{ "type": "Feature", "properties": { "voltage_kv": 380.0, "from_node": 28, "to_node": 60, "length_km": 285.92396696209136, "delaunay_k": 3, "edge_set": "Delaunay3" }, "geometry": { "type": "LineString", "coordinates": [ [ 10.82428, 59.721792 ], [ 13.414307, 57.53868 ] ] } },
{ "type": "Feature", "properties": { "voltage_kv": 380.0, "from_node": 28, "to_node": 67, "length_km": 296.55475834106204, "delaunay_k": 3, "edge_set": "Delaunay3" }, "geometry": { "type": "LineString", "coordinates": [ [ 10.82428, 59.721792 ], [ 14.197083, 57.718819 ] ] } },
{ "type": "Feature", "properties": { "voltage_kv": 380.0, "from_node": 28, "to_node": 69, "length_km": 369.43398244835635, "delaunay_k": 3, "edge_set": "Delaunay3" }, "geometry": { "type": "LineString", "coordinates": [ [ 10.82428, 59.721792 ], [ 14.515686, 62.516121 ] ] } },
{ "type": "Feature", "properties": { "voltage_kv": 380.0, "from_node": 28, "to_node": 70, "length_km": 307.01853650290104, "delaunay_k": 3, "edge_set": "Delaunay3" }, "geometry": { "type": "LineString", "coordinates": [ [ 10.82428, 59.721792 ], [ 14.625549, 57.798676 ] ] } },
{ "type": "Feature", "properties": { "voltage_kv": 380.0, "from_node": 28, "to_node": 71, "length_km": 377.4417208656256, "delaunay_k": 3, "edge_set": "Delaunay3" }, "geometry": { "type": "LineString", "coordinates": [ [ 10.82428, 59.721792 ], [ 14.734039, 62.533228 ] ] } },
{ "type": "Feature", "properties": { "voltage_kv": 380.0, "from_node": 28, "to_node": 78, "length_km": 297.88175227749173, "delaunay_k": 3, "edge_set": "Delaunay3" }, "geometry": { "type": "LineString", "coordinates": [ [ 10.82428, 59.721792 ], [ 15.195465, 58.28423 ] ] } },
{ "type": "Feature", "properties": { "voltage_kv": 380.0, "from_node": 28, "to_node": 82, "length_km": 268.26549509030832, "delaunay_k": 3, "edge_set": "Delaunay3" }, "geometry": { "type": "LineString", "coordinates": [ [ 10.82428, 59.721792 ], [ 15.442657, 60.406393 ] ] } },
{ "type": "Feature", "properties": { "voltage_kv": 380.0, "from_node": 28, "to_node": 87, "length_km": 318.50191624239568, "delaunay_k": 3, "edge_set": "Delaunay3" }, "geometry": { "type": "LineString", "coordinates": [ [ 10.82428, 59.721792 ], [ 16.035919, 58.70477 ] ] } },
{ "type": "Feature", "properties": { "voltage_kv": 380.0, "from_node": 28, "to_node": 91, "length_km": 342.01410195643336, "delaunay_k": 3, "edge_set": "Delaunay3" }, "geometry": { "type": "LineString", "coordinates": [ [ 10.82428, 59.721792 ], [ 16.660767, 58.984699 ] ] } },
{ "type": "Feature", "properties": { "voltage_kv": 380.0, "from_node": 28, "to_node": 96, "length_km": 355.46938448505631, "delaunay_k": 3, "edge_set": "Delaunay3" }, "geometry": { "type": "LineString", "coordinates": [ [ 10.82428, 59.721792 ], [ 16.931305, 60.692679 ] ] } },
{ "type": "Feature", "properties": { "voltage_kv": 380.0, "from_node": 28, "to_node": 97, "length_km": 354.37540806490352, "delaunay_k": 3, "edge_set": "Delaunay3" }, "geometry": { "type": "LineString", "coordinates": [ [ 10.82428, 59.721792 ], [ 16.972504, 60.570102 ] ] } },
{ "type": "Feature", "properties": { "voltage_kv": 380.0, "from_node": 28, "to_node": 103, "length_km": 366.71353675978094, "delaunay_k": 3, "edge_set": "Delaunay3" }, "geometry": { "type": "LineString", "coordinates": [ [ 10.82428, 59.721792 ], [ 17.218323, 59.22234 ] ] } },
{ "type": "Feature", "properties": { "voltage_kv": 380.0, "from_node": 28, "to_node": 105, "length_km": 366.07906984582633, "delaunay_k": 3, "edge_set": "Delaunay3" }, "geometry": { "type": "LineString", "coordinates": [ [ 10.82428, 59.721792 ], [ 17.329559, 59.716945 ] ] } },
{ "type": "Feature", "properties": { "voltage_kv": 380.0, "from_node": 29, "to_node": 37, "length_km": 256.85380146178341, "delaunay_k": 3, "edge_set": "Delaunay3" }, "geometry": { "type": "LineString", "coordinates": [ [ 10.839386, 59.958448 ], [ 11.954498, 57.726153 ] ] } },
{ "type": "Feature", "properties": { "voltage_kv": 380.0, "from_node": 29, "to_node": 43, "length_km": 236.36590282259911, "delaunay_k": 3, "edge_set": "Delaunay3" }, "geometry": { "type": "LineString", "coordinates": [ [ 10.839386, 59.958448 ], [ 12.244263, 57.964417 ] ] } },
{ "type": "Feature", "properties": { "voltage_kv": 380.0, "from_node": 29, "to_node": 47, "length_km": 255.17564514780358, "delaunay_k": 3, "edge_set": "Delaunay3" }, "geometry": { "type": "LineString", "coordinates": [ [ 10.839386, 59.958448 ], [ 12.407684, 57.816235 ] ] } },
{ "type": "Feature", "properties": { "voltage_kv": 380.0, "from_node": 29, "to_node": 51, "length_km": 390.0983070154586, "delaunay_k": 3, "edge_set": "Delaunay3" }, "geometry": { "type": "LineString", "coordinates": [ [ 10.839386, 59.958448 ], [ 12.568359, 63.361367 ] ] } },
{ "type": "Feature", "properties": { "voltage_kv": 380.0, "from_node": 29, "to_node": 60, "length_km": 307.98132699936832, "delaunay_k": 3, "edge_set": "Delaunay3" }, "geometry": { "type": "LineString", "coordinates": [ [ 10.839386, 59.958448 ], [ 13.414307, 57.53868 ] ] } },
{ "type": "Feature", "properties": { "voltage_kv": 380.0, "from_node": 29, "to_node": 61, "length_km": 404.51024272417669, "delaunay_k": 3, "edge_set": "Delaunay3" }, "geometry": { "type": "LineString", "coordinates": [ [ 10.839386, 59.958448 ], [ 13.458252, 63.368755 ] ] } },
{ "type": "Feature", "properties": { "voltage_kv": 380.0, "from_node": 29, "to_node": 67, "length_km": 315.91347058144851, "delaunay_k": 3, "edge_set": "Delaunay3" }, "geometry": { "type": "LineString", "coordinates": [ [ 10.839386, 59.958448 ], [ 14.197083, 57.718819 ] ] } },
{ "type": "Feature", "properties": { "voltage_kv": 380.0, "from_node": 29, "to_node": 70, "length_km": 324.8611689449603, "delaunay_k": 3, "edge_set": "Delaunay3" }, "geometry": { "type": "LineString", "coordinates": [ [ 10.839386, 59.958448 ], [ 14.625549, 57.798676 ] ] } },
{ "type": "Feature", "properties": { "voltage_kv": 380.0, "from_node": 29, "to_node": 78, "length_km": 311.44972878902945, "delaunay_k": 3, "edge_set": "Delaunay3" }, "geometry": { "type": "LineString", "coordinates": [ [ 10.839386, 59.958448 ], [ 15.195465, 58.28423 ] ] } },
{ "type": "Feature", "properties": { "voltage_kv": 380.0, "from_node": 29, "to_node": 79, "length_km": 432.64310553381, "delaunay_k": 3, "edge_set": "Delaunay3" }, "geometry": { "type": "LineString", "coordinates": [ [ 10.839386, 59.958448 ], [ 15.206451, 63.237956 ] ] } },
{ "type": "Feature", "properties": { "voltage_kv": 380.0, "from_node": 29, "to_node": 87, "length_km": 327.08351393635064, "delaunay_k": 3, "edge_set": "Delaunay3" }, "geometry": { "type": "LineString", "coordinates": [ [ 10.839386, 59.958448 ], [ 16.035919, 58.70477 ] ] } },
{ "type": "Feature", "properties": { "voltage_kv": 380.0, "from_node": 29, "to_node": 91, "length_km": 347.361241605038, "delaunay_k": 3, "edge_set": "Delaunay3" }, "geometry": { "type": "LineString", "coordinates": [ [ 10.839386, 59.958448 ], [ 16.660767, 58.984699 ] ] } },
{ "type": "Feature", "properties": { "voltage_kv": 380.0, "from_node": 29, "to_node": 97, "length_km": 346.25899921242274, "delaunay_k": 3, "edge_set": "Delaunay3" }, "geometry": { "type": "LineString", "coordinates": [ [ 10.839386, 59.958448 ], [ 16.972504, 60.570102 ] ] } },
{ "type": "Feature", "properties": { "voltage_kv": 380.0, "from_node": 29, "to_node": 98, "length_km": 439.20287350644077, "delaunay_k": 3, "edge_set": "Delaunay3" }, "geometry": { "type": "LineString", "coordinates": [ [ 10.839386, 59.958448 ], [ 17.024689, 62.540828 ] ] } },
{ "type": "Feature", "properties": { "voltage_kv": 380.0, "from_node": 29, "to_node": 99, "length_km": 351.16270576391764, "delaunay_k": 3, "edge_set": "Delaunay3" }, "geometry": { "type": "LineString", "coordinates": [ [ 10.839386, 59.958448 ], [ 17.045288, 60.624713 ] ] } },
{ "type": "Feature", "properties": { "voltage_kv": 380.0, "from_node": 29, "to_node": 103, "length_km": 369.5523918692478, "delaunay_k": 3, "edge_set": "Delaunay3" }, "geometry": { "type": "LineString", "coordinates": [ [ 10.839386, 59.958448 ], [ 17.218323, 59.22234 ] ] } },
{ "type": "Feature", "properties": { "voltage_kv": 380.0, "from_node": 29, "to_node": 105, "length_km": 364.93041328985527, "delaunay_k": 3, "edge_set": "Delaunay3" }, "geometry": { "type": "LineString", "coordinates": [ [ 10.839386, 59.958448 ], [ 17.329559, 59.716945 ] ] } },
{ "type": "Feature", "properties": { "voltage_kv": 380.0, "from_node": 29, "to_node": 106, "length_km": 452.22420758884039, "delaunay_k": 3, "edge_set": "Delaunay3" }, "geometry": { "type": "LineString", "coordinates": [ [ 10.839386, 59.958448 ], [ 17.468262, 62.460297 ] ] } },
{ "type": "Feature", "properties": { "voltage_kv": 380.0, "from_node": 29, "to_node": 113, "length_km": 402.83170991302984, "delaunay_k": 3, "edge_set": "Delaunay3" }, "geometry": { "type": "LineString", "coordinates": [ [ 10.839386, 59.958448 ], [ 18.020325, 60.532293 ] ] } },
{ "type": "Feature", "properties": { "voltage_kv": 380.0, "from_node": 30, "to_node": 45, "length_km": 76.922148407860703, "delaunay_k": 3, "edge_set": "Delaunay3" }, "geometry": { "type": "LineString", "coordinates": [ [ 11.089325, 55.66132 ], [ 12.311554, 55.670615 ] ] } },
{ "type": "Feature", "properties": { "voltage_kv": 380.0, "from_node": 30, "to_node": 48, "length_km": 83.517783915096516, "delaunay_k": 3, "edge_set": "Delaunay3" }, "geometry": { "type": "LineString", "coordinates": [ [ 11.089325, 55.66132 ], [ 12.415924, 55.648924 ] ] } },
{ "type": "Feature", "properties": { "voltage_kv": 380.0, "from_node": 30, "to_node": 50, "length_km": 93.871764697701039, "delaunay_k": 3, "edge_set": "Delaunay3" }, "geometry": { "type": "LineString", "coordinates": [ [ 11.089325, 55.66132 ], [ 12.56424, 55.795877 ] ] } },
{ "type": "Feature", "properties": { "voltage_kv": 380.0, "from_node": 30, "to_node": 55, "length_km": 130.84584942987874, "delaunay_k": 3, "edge_set": "Delaunay3" }, "geometry": { "type": "LineString", "coordinates": [ [ 11.089325, 55.66132 ], [ 12.984467, 56.159318 ] ] } },
{ "type": "Feature", "properties": { "voltage_kv": 380.0, "from_node": 30, "to_node": 59, "length_km": 132.58893518780687, "delaunay_k": 3, "edge_set": "Delaunay3" }, "geometry": { "type": "LineString", "coordinates": [ [ 11.089325, 55.66132 ], [ 13.189087, 55.58145 ] ] } },
{ "type": "Feature", "properties": { "voltage_kv": 380.0, "from_node": 31, "to_node": 37, "length_km": 182.91933770956203, "delaunay_k": 3, "edge_set": "Delaunay3" }, "geometry": { "type": "LineString", "coordinates": [ [ 11.181335, 59.317776 ], [ 11.954498, 57.726153 ] ] } },
{ "type": "Feature", "properties": { "voltage_kv": 380.0, "from_node": 31, "to_node": 43, "length_km": 162.89474696613843, "delaunay_k": 3, "edge_set": "Delaunay3" }, "geometry": { "type": "LineString", "coordinates": [ [ 11.181335, 59.317776 ], [ 12.244263, 57.964417 ] ] } },
{ "type": "Feature", "properties": { "voltage_kv": 380.0, "from_node": 31, "to_node": 47, "length_km": 181.83941238828317, "delaunay_k": 3, "edge_set": "Delaunay3" }, "geometry": { "type": "LineString", "coordinates": [ [ 11.181335, 59.317776 ], [ 12.407684, 57.816235 ] ] } },
{ "type": "Feature", "properties": { "voltage_kv": 380.0, "from_node": 31, "to_node": 60, "length_km": 237.24128023838568, "delaunay_k": 3, "edge_set": "Delaunay3" }, "geometry": { "type": "LineString", "coordinates": [ [ 11.181335, 59.317776 ], [ 13.414307, 57.53868 ] ] } },
{ "type": "Feature", "properties": { "voltage_kv": 380.0, "from_node": 31, "to_node": 67, "length_km": 250.19822261960942, "delaunay_k": 3, "edge_set": "Delaunay3" }, "geometry": { "type": "LineString", "coordinates": [ [ 11.181335, 59.317776 ], [ 14.197083, 57.718819 ] ] } },
{ "type": "Feature", "properties": { "voltage_kv": 380.0, "from_node": 31, "to_node": 69, "length_km": 399.58290705903119, "delaunay_k": 3, "edge_set": "Delaunay3" }, "geometry": { "type": "LineString", "coordinates": [ [ 11.181335, 59.317776 ], [ 14.515686, 62.516121 ] ] } },
{ "type": "Feature", "properties": { "voltage_kv": 380.0, "from_node": 31, "to_node": 70, "length_km": 262.33268531821489, "delaunay_k": 3, "edge_set": "Delaunay3" }, "geometry": { "type": "LineString", "coordinates": [ [ 11.181335, 59.317776 ], [ 14.625549, 57.798676 ] ] } },
{ "type": "Feature", "properties": { "voltage_kv": 380.0, "from_node": 31, "to_node": 71, "length_km": 406.72556268725856, "delaunay_k": 3, "edge_set": "Delaunay3" }, "geometry": { "type": "LineString", "coordinates": [ [ 11.181335, 59.317776 ], [ 14.734039, 62.533228 ] ] } },
{ "type": "Feature", "properties": { "voltage_kv": 380.0, "from_node": 31, "to_node": 78, "length_km": 259.03179500035935, "delaunay_k": 3, "edge_set": "Delaunay3" }, "geometry": { "type": "LineString", "coordinates": [ [ 11.181335, 59.317776 ], [ 15.195465, 58.28423 ] ] } },
{ "type": "Feature", "properties": { "voltage_kv": 380.0, "from_node": 31, "to_node": 82, "length_km": 267.79593694531331, "delaunay_k": 3, "edge_set": "Delaunay3" }, "geometry": { "type": "LineString", "coordinates": [ [ 11.181335, 59.317776 ], [ 15.442657, 60.406393 ] ] } },
{ "type": "Feature", "properties": { "voltage_kv": 380.0, "from_node": 31, "to_node": 87, "length_km": 287.18050459212503, "delaunay_k": 3, "edge_set": "Delaunay3" }, "geometry": { "type": "LineString", "coordinates": [ [ 11.181335, 59.317776 ], [ 16.035919, 58.70477 ] ] } },
{ "type": "Feature", "properties": { "voltage_kv": 380.0, "from_node": 31, "to_node": 91, "length_km": 315.76712200323385, "delaunay_k": 3, "edge_set": "Delaunay3" }, "geometry": { "type": "LineString", "coordinates": [ [ 11.181335, 59.317776 ], [ 16.660767, 58.984699 ] ] } },
{ "type": "Feature", "properties": { "voltage_kv": 380.0, "from_node": 31, "to_node": 96, "length_km": 355.46860372886391, "delaunay_k": 3, "edge_set": "Delaunay3" }, "geometry": { "type": "LineString", "coordinates": [ [ 11.181335, 59.317776 ], [ 16.931305, 60.692679 ] ] } },
{ "type": "Feature", "properties": { "voltage_kv": 380.0, "from_node": 31, "to_node": 97, "length_km": 352.46705828429316, "delaunay_k": 3, "edge_set": "Delaunay3" }, "geometry": { "type": "LineString", "coordinates": [ [ 11.181335, 59.317776 ], [ 16.972504, 60.570102 ] ] } },
{ "type": "Feature", "properties": { "voltage_kv": 380.0, "from_node": 31, "to_node": 103, "length_km": 344.46165036494494, "delaunay_k": 3, "edge_set": "Delaunay3" }, "geometry": { "type": "LineString", "coordinates": [ [ 11.181335, 59.317776 ], [ 17.218323, 59.22234 ] ] } },
{ "type": "Feature", "properties": { "voltage_kv": 380.0, "from_node": 31, "to_node": 105, "length_km": 350.91800787653204, "delaunay_k": 3, "edge_set": "Delaunay3" }, "geometry": { "type": "LineString", "coordinates": [ [ 11.181335, 59.317776 ], [ 17.329559, 59.716945 ] ] } },
{ "type": "Feature", "properties": { "voltage_kv": 380.0, "from_node": 32, "to_node": 50, "length_km": 89.473058593839738, "delaunay_k": 3, "edge_set": "Delaunay3" }, "geometry": { "type": "LineString", "coordinates": [ [ 11.211548, 55.548058 ], [ 12.56424, 55.795877 ] ] } },
{ "type": "Feature", "properties": { "voltage_kv": 380.0, "from_node": 32, "to_node": 53, "length_km": 113.84500316355073, "delaunay_k": 3, "edge_set": "Delaunay3" }, "geometry": { "type": "LineString", "coordinates": [ [ 11.211548, 55.548058 ], [ 12.970734, 55.786613 ] ] } },
{ "type": "Feature", "properties": { "voltage_kv": 380.0, "from_node": 32, "to_node": 55, "length_km": 130.23285410176217, "delaunay_k": 3, "edge_set": "Delaunay3" }, "geometry": { "type": "LineString", "coordinates": [ [ 11.211548, 55.548058 ], [ 12.984467, 56.159318 ] ] } },
{ "type": "Feature", "properties": { "voltage_kv": 380.0, "from_node": 32, "to_node": 58, "length_km": 123.56303323845447, "delaunay_k": 3, "edge_set": "Delaunay3" }, "geometry": { "type": "LineString", "coordinates": [ [ 11.211548, 55.548058 ], [ 13.145142, 55.737162 ] ] } },
{ "type": "Feature", "properties": { "voltage_kv": 380.0, "from_node": 32, "to_node": 62, "length_km": 152.94782490556238, "delaunay_k": 3, "edge_set": "Delaunay3" }, "geometry": { "type": "LineString", "coordinates": [ [ 11.211548, 55.548058 ], [ 13.580475, 55.86067 ] ] } },
{ "type": "Feature", "properties": { "voltage_kv": 380.0, "from_node": 32, "to_node": 74, "length_km": 237.97460981587327, "delaunay_k": 3, "edge_set": "Delaunay3" }, "geometry": { "type": "LineString", "coordinates": [ [ 11.211548, 55.548058 ], [ 14.845276, 56.173846 ] ] } },
{ "type": "Feature", "properties": { "voltage_kv": 380.0, "from_node": 33, "to_node": 39, "length_km": 180.29093273284533, "delaunay_k": 3, "edge_set": "Delaunay3" }, "geometry": { "type": "LineString", "coordinates": [ [ 11.409302, 59.147769 ], [ 12.087708, 57.568888 ] ] } },
{ "type": "Feature", "properties": { "voltage_kv": 380.0, "from_node": 33, "to_node": 43, "length_km": 140.48678490958997, "delaunay_k": 3, "edge_set": "Delaunay3" }, "geometry": { "type": "LineString", "coordinates": [ [ 11.409302, 59.147769 ], [ 12.244263, 57.964417 ] ] } },
{ "type": "Feature", "properties": { "voltage_kv": 380.0, "from_node": 33, "to_node": 47, "length_km": 159.33957595617915, "delaunay_k": 3, "edge_set": "Delaunay3" }, "geometry": { "type": "LineString", "coordinates": [ [ 11.409302, 59.147769 ], [ 12.407684, 57.816235 ] ] } },
{ "type": "Feature", "properties": { "voltage_kv": 380.0, "from_node": 33, "to_node": 60, "length_km": 214.26248361429955, "delaunay_k": 3, "edge_set": "Delaunay3" }, "geometry": { "type": "LineString", "coordinates": [ [ 11.409302, 59.147769 ], [ 13.414307, 57.53868 ] ] } },
{ "type": "Feature", "properties": { "voltage_kv": 380.0, "from_node": 33, "to_node": 67, "length_km": 227.71014157999142, "delaunay_k": 3, "edge_set": "Delaunay3" }, "geometry": { "type": "LineString", "coordinates": [ [ 11.409302, 59.147769 ], [ 14.197083, 57.718819 ] ] } },
{ "type": "Feature", "properties": { "voltage_kv": 380.0, "from_node": 33, "to_node": 69, "length_km": 411.53947430561323, "delaunay_k": 3, "edge_set": "Delaunay3" }, "geometry": { "type": "LineString", "coordinates": [ [ 11.409302, 59.147769 ], [ 14.515686, 62.516121 ] ] } },
{ "type": "Feature", "properties": { "voltage_kv": 380.0, "from_node": 33, "to_node": 70, "length_km": 240.41528511214258, "delaunay_k": 3, "edge_set": "Delaunay3" }, "geometry": { "type": "LineString", "coordinates": [ [ 11.409302, 59.147769 ], [ 14.625549, 57.798676 ] ] } },
{ "type": "Feature", "properties": { "voltage_kv": 380.0, "from_node": 33, "to_node": 71, "length_km": 418.24420128384156, "delaunay_k": 3, "edge_set": "Delaunay3" }, "geometry": { "type": "LineString", "coordinates": [ [ 11.409302, 59.147769 ], [ 14.734039, 62.533228 ] ] } },
{ "type": "Feature", "properties": { "voltage_kv": 380.0, "from_node": 33, "to_node": 78, "length_km": 239.56933841580678, "delaunay_k": 3, "edge_set": "Delaunay3" }, "geometry": { "type": "LineString", "coordinates": [ [ 11.409302, 59.147769 ], [ 15.195465, 58.28423 ] ] } },
{ "type": "Feature", "properties": { "voltage_kv": 380.0, "from_node": 33, "to_node": 82, "length_km": 266.44549276024009, "delaunay_k": 3, "edge_set": "Delaunay3" }, "geometry": { "type": "LineString", "coordinates": [ [ 11.409302, 59.147769 ], [ 15.442657, 60.406393 ] ] } },
{ "type": "Feature", "properties": { "voltage_kv": 380.0, "from_node": 33, "to_node": 87, "length_km": 271.04325035634849, "delaunay_k": 3, "edge_set": "Delaunay3" }, "geometry": { "type": "LineString", "coordinates": [ [ 11.409302, 59.147769 ], [ 16.035919, 58.70477 ] ] } },
{ "type": "Feature", "properties": { "voltage_kv": 380.0, "from_node": 33, "to_node": 91, "length_km": 301.83916706954875, "delaunay_k": 3, "edge_set": "Delaunay3" }, "geometry": { "type": "LineString", "coordinates": [ [ 11.409302, 59.147769 ], [ 16.660767, 58.984699 ] ] } },
{ "type": "Feature", "properties": { "voltage_kv": 380.0, "from_node": 33, "to_node": 96, "length_km": 353.57065820255877, "delaunay_k": 3, "edge_set": "Delaunay3" }, "geometry": { "type": "LineString", "coordinates": [ [ 11.409302, 59.147769 ], [ 16.931305, 60.692679 ] ] } },
{ "type": "Feature", "properties": { "voltage_kv": 380.0, "from_node": 33, "to_node": 97, "length_km": 349.69915438754731, "delaunay_k": 3, "edge_set": "Delaunay3" }, "geometry": { "type": "LineString", "coordinates": [ [ 11.409302, 59.147769 ], [ 16.972504, 60.570102 ] ] } },
{ "type": "Feature", "properties": { "voltage_kv": 380.0, "from_node": 33, "to_node": 103, "length_km": 332.23976627000644, "delaunay_k": 3, "edge_set": "Delaunay3" }, "geometry": { "type": "LineString", "coordinates": [ [ 11.409302, 59.147769 ], [ 17.218323, 59.22234 ] ] } },
{ "type": "Feature", "properties": { "voltage_kv": 380.0, "from_node": 33, "to_node": 105, "length_km": 341.96674441468923, "delaunay_k": 3, "edge_set": "Delaunay3" }, "geometry": { "type": "LineString", "coordinates": [ [ 11.409302, 59.147769 ], [ 17.329559, 59.716945 ] ] } },
{ "type": "Feature", "properties": { "voltage_kv": 380.0, "from_node": 34, "to_node": 40, "length_km": 167.24082359689686, "delaunay_k": 3, "edge_set": "Delaunay3" }, "geometry": { "type": "LineString", "coordinates": [ [ 11.629028, 58.795248 ], [ 12.237396, 57.328745 ] ] } },
{ "type": "Feature", "properties": { "voltage_kv": 380.0, "from_node": 34, "to_node": 49, "length_km": 149.36921546233259, "delaunay_k": 3, "edge_set": "Delaunay3" }, "geometry": { "type": "LineString", "coordinates": [ [ 11.629028, 58.795248 ], [ 12.562866, 57.548261 ] ] } },
{ "type": "Feature", "properties": { "voltage_kv": 380.0, "from_node": 34, "to_node": 60, "length_km": 175.01332963379591, "delaunay_k": 3, "edge_set": "Delaunay3" }, "geometry": { "type": "LineString", "coordinates": [ [ 11.629028, 58.795248 ], [ 13.414307, 57.53868 ] ] } },
{ "type": "Feature", "properties": { "voltage_kv": 380.0, "from_node": 34, "to_node": 67, "length_km": 192.63246486722394, "delaunay_k": 3, "edge_set": "Delaunay3" }, "geometry": { "type": "LineString", "coordinates": [ [ 11.629028, 58.795248 ], [ 14.197083, 57.718819 ] ] } },
{ "type": "Feature", "properties": { "voltage_kv": 380.0, "from_node": 34, "to_node": 69, "length_km": 443.58432502464927, "delaunay_k": 3, "edge_set": "Delaunay3" }, "geometry": { "type": "LineString", "coordinates": [ [ 11.629028, 58.795248 ], [ 14.515686, 62.516121 ] ] } },
{ "type": "Feature", "properties": { "voltage_kv": 380.0, "from_node": 34, "to_node": 70, "length_km": 207.85490303047479, "delaunay_k": 3, "edge_set": "Delaunay3" }, "geometry": { "type": "LineString", "coordinates": [ [ 11.629028, 58.795248 ], [ 14.625549, 57.798676 ] ] } },
{ "type": "Feature", "properties": { "voltage_kv": 380.0, "from_node": 34, "to_node": 71, "length_km": 449.71218167080241, "delaunay_k": 3, "edge_set": "Delaunay3" }, "geometry": { "type": "LineString", "coordinates": [ [ 11.629028, 58.795248 ], [ 14.734039, 62.533228 ] ] } },
{ "type": "Feature", "properties": { "voltage_kv": 380.0, "from_node": 34, "to_node": 78, "length_km": 215.39052363792908, "delaunay_k": 3, "edge_set": "Delaunay3" }, "geometry": { "type": "LineString", "coordinates": [ [ 11.629028, 58.795248 ], [ 15.195465, 58.28423 ] ] } },
{ "type": "Feature", "properties": { "voltage_kv": 380.0, "from_node": 34, "to_node": 82, "length_km": 280.34076163868065, "delaunay_k": 3, "edge_set": "Delaunay3" }, "geometry": { "type": "LineString", "coordinates": [ [ 11.629028, 58.795248 ], [ 15.442657, 60.406393 ] ] } },
{ "type": "Feature", "properties": { "voltage_kv": 380.0, "from_node": 34, "to_node": 87, "length_km": 255.35922460212655, "delaunay_k": 3, "edge_set": "Delaunay3" }, "geometry": { "type": "LineString", "coordinates": [ [ 11.629028, 58.795248 ], [ 16.035919, 58.70477 ] ] } },
{ "type": "Feature", "properties": { "voltage_kv": 380.0, "from_node": 34, "to_node": 91, "length_km": 290.94132001622091, "delaunay_k": 3, "edge_set": "Delaunay3" }, "geometry": { "type": "LineString", "coordinates": [ [ 11.629028, 58.795248 ], [ 16.660767, 58.984699 ] ] } },
{ "type": "Feature", "properties": { "voltage_kv": 380.0, "from_node": 34, "to_node": 96, "length_km": 365.46211960231096, "delaunay_k": 3, "edge_set": "Delaunay3" }, "geometry": { "type": "LineString", "coordinates": [ [ 11.629028, 58.795248 ], [ 16.931305, 60.692679 ] ] } },
{ "type": "Feature", "properties": { "voltage_kv": 380.0, "from_node": 34, "to_node": 97, "length_km": 360.13720495076075, "delaunay_k": 3, "edge_set": "Delaunay3" }, "geometry": { "type": "LineString", "coordinates": [ [ 11.629028, 58.795248 ], [ 16.972504, 60.570102 ] ] } },
{ "type": "Feature", "properties": { "voltage_kv": 380.0, "from_node": 34, "to_node": 103, "length_km": 324.73132344232374, "delaunay_k": 3, "edge_set": "Delaunay3" }, "geometry": { "type": "LineString", "coordinates": [ [ 11.629028, 58.795248 ], [ 17.218323, 59.22234 ] ] } },
{ "type": "Feature", "properties": { "voltage_kv": 380.0, "from_node": 34, "to_node": 105, "length_km": 341.07229400137214, "delaunay_k": 3, "edge_set": "Delaunay3" }, "geometry": { "type": "LineString", "coordinates": [ [ 11.629028, 58.795248 ], [ 17.329559, 59.716945 ] ] } },
{ "type": "Feature", "properties": { "voltage_kv": 380.0, "from_node": 35, "to_node": 54, "length_km": 417.55351364169519, "delaunay_k": 3, "edge_set": "Delaunay3" }, "geometry": { "type": "LineString", "coordinates": [ [ 11.727905, 63.035662 ], [ 12.9776, 59.337392 ] ] } },
{ "type": "Feature", "properties": { "voltage_kv": 380.0, "from_node": 35, "to_node": 64, "length_km": 421.08217480902454, "delaunay_k": 3, "edge_set": "Delaunay3" }, "geometry": { "type": "LineString", "coordinates": [ [ 11.727905, 63.035662 ], [ 13.807068, 66.707884 ] ] } },
{ "type": "Feature", "properties": { "voltage_kv": 380.0, "from_node": 35, "to_node": 66, "length_km": 380.58006823283756, "delaunay_k": 3, "edge_set": "Delaunay3" }, "geometry": { "type": "LineString", "coordinates": [ [ 11.727905, 63.035662 ], [ 14.191589, 66.282328 ] ] } },
{ "type": "Feature", "properties": { "voltage_kv": 380.0, "from_node": 35, "to_node": 81, "length_km": 385.17417709534902, "delaunay_k": 3, "edge_set": "Delaunay3" }, "geometry": { "type": "LineString", "coordinates": [ [ 11.727905, 63.035662 ], [ 15.387726, 60.052503 ] ] } },
{ "type": "Feature", "properties": { "voltage_kv": 380.0, "from_node": 35, "to_node": 82, "length_km": 352.71548559145117, "delaunay_k": 3, "edge_set": "Delaunay3" }, "geometry": { "type": "LineString", "coordinates": [ [ 11.727905, 63.035662 ], [ 15.442657, 60.406393 ] ] } },
{ "type": "Feature", "properties": { "voltage_kv": 380.0, "from_node": 35, "to_node": 89, "length_km": 233.6213926970176, "delaunay_k": 3, "edge_set": "Delaunay3" }, "geometry": { "type": "LineString", "coordinates": [ [ 11.727905, 63.035662 ], [ 16.254272, 63.524685 ] ] } },
{ "type": "Feature", "properties": { "voltage_kv": 380.0, "from_node": 35, "to_node": 93, "length_km": 262.55973776496756, "delaunay_k": 3, "edge_set": "Delaunay3" }, "geometry": { "type": "LineString", "coordinates": [ [ 11.727905, 63.035662 ], [ 16.791229, 63.646259 ] ] } },
{ "type": "Feature", "properties": { "voltage_kv": 380.0, "from_node": 35, "to_node": 96, "length_km": 378.3363649714351, "delaunay_k": 3, "edge_set": "Delaunay3" }, "geometry": { "type": "LineString", "coordinates": [ [ 11.727905, 63.035662 ], [ 16.931305, 60.692679 ] ] } },
{ "type": "Feature", "properties": { "voltage_kv": 380.0, "from_node": 35, "to_node": 98, "length_km": 275.93562628692933, "delaunay_k": 3, "edge_set": "Delaunay3" }, "geometry": { "type": "LineString", "coordinates": [ [ 11.727905, 63.035662 ], [ 17.024689, 62.540828 ] ] } },
{ "type": "Feature", "properties": { "voltage_kv": 380.0, "from_node": 35, "to_node": 100, "length_km": 355.62092712925437, "delaunay_k": 3, "edge_set": "Delaunay3" }, "geometry": { "type": "LineString", "coordinates": [ [ 11.727905, 63.035662 ], [ 17.049408, 65.221045 ] ] } },
{ "type": "Feature", "properties": { "voltage_kv": 380.0, "from_node": 35, "to_node": 102, "length_km": 275.12678712357939, "delaunay_k": 3, "edge_set": "Delaunay3" }, "geometry": { "type": "LineString", "coordinates": [ [ 11.727905, 63.035662 ], [ 17.167511, 63.184727 ] ] } },
{ "type": "Feature", "properties": { "voltage_kv": 380.0, "from_node": 35, "to_node": 107, "length_km": 358.53407800649916, "delaunay_k": 3, "edge_set": "Delaunay3" }, "geometry": { "type": "LineString", "coordinates": [ [ 11.727905, 63.035662 ], [ 17.541046, 64.996778 ] ] } },
{ "type": "Feature", "properties": { "voltage_kv": 380.0, "from_node": 36, "to_node": 53, "length_km": 68.122830605641411, "delaunay_k": 3, "edge_set": "Delaunay3" }, "geometry": { "type": "LineString", "coordinates": [ [ 11.885834, 55.816715 ], [ 12.970734, 55.786613 ] ] } },
{ "type": "Feature", "properties": { "voltage_kv": 380.0, "from_node": 36, "to_node": 58, "length_km": 79.523967120897368, "delaunay_k": 3, "edge_set": "Delaunay3" }, "geometry": { "type": "LineString", "coordinates": [ [ 11.885834, 55.816715 ], [ 13.145142, 55.737162 ] ] } },
{ "type": "Feature", "properties": { "voltage_kv": 380.0, "from_node": 36, "to_node": 62, "length_km": 106.29564599491626, "delaunay_k": 3, "edge_set": "Delaunay3" }, "geometry": { "type": "LineString", "coordinates": [ [ 11.885834, 55.816715 ], [ 13.580475, 55.86067 ] ] } },
{ "type": "Feature", "properties": { "voltage_kv": 380.0, "from_node": 36, "to_node": 68, "length_km": 190.92394804301784, "delaunay_k": 3, "edge_set": "Delaunay3" }, "geometry": { "type": "LineString", "coordinates": [ [ 11.885834, 55.816715 ], [ 14.40033, 56.809901 ] ] } },
{ "type": "Feature", "properties": { "voltage_kv": 380.0, "from_node": 36, "to_node": 72, "length_km": 187.13566223798239, "delaunay_k": 3, "edge_set": "Delaunay3" }, "geometry": { "type": "LineString", "coordinates": [ [ 11.885834, 55.816715 ], [ 14.749146, 56.325675 ] ] } },
{ "type": "Feature", "properties": { "voltage_kv": 380.0, "from_node": 36, "to_node": 74, "length_km": 188.93235480418147, "delaunay_k": 3, "edge_set": "Delaunay3" }, "geometry": { "type": "LineString", "coordinates": [ [ 11.885834, 55.816715 ], [ 14.845276, 56.173846 ] ] } },
{ "type": "Feature", "properties": { "voltage_kv": 380.0, "from_node": 37, "to_node": 52, "length_km": 59.508334962905963, "delaunay_k": 3, "edge_set": "Delaunay3" }, "geometry": { "type": "LineString", "coordinates": [ [ 11.954498, 57.726153 ], [ 12.671356, 57.356164 ] ] } },
{ "type": "Feature", "properties": { "voltage_kv": 380.0, "from_node": 37, "to_node": 56, "length_km": 123.3716578115462, "delaunay_k": 3, "edge_set": "Delaunay3" }, "geometry": { "type": "LineString", "coordinates": [ [ 11.954498, 57.726153 ], [ 12.991333, 56.771541 ] ] } },
{ "type": "Feature", "properties": { "voltage_kv": 380.0, "from_node": 37, "to_node": 57, "length_km": 110.47249675329407, "delaunay_k": 3, "edge_set": "Delaunay3" }, "geometry": { "type": "LineString", "coordinates": [ [ 11.954498, 57.726153 ], [ 13.066864, 56.937483 ] ] } },
{ "type": "Feature", "properties": { "voltage_kv": 380.0, "from_node": 37, "to_node": 67, "length_km": 133.65269107677457, "delaunay_k": 3, "edge_set": "Delaunay3" }, "geometry": { "type": "LineString", "coordinates": [ [ 11.954498, 57.726153 ], [ 14.197083, 57.718819 ] ] } },
{ "type": "Feature", "properties": { "voltage_kv": 380.0, "from_node": 37, "to_node": 68, "length_km": 179.42713412945787, "delaunay_k": 3, "edge_set": "Delaunay3" }, "geometry": { "type": "LineString", "coordinates": [ [ 11.954498, 57.726153 ], [ 14.40033, 56.809901 ] ] } },
{ "type": "Feature", "properties": { "voltage_kv": 380.0, "from_node": 37, "to_node": 70, "length_km": 159.21853280646974, "delaunay_k": 3, "edge_set": "Delaunay3" }, "geometry": { "type": "LineString", "coordinates": [ [ 11.954498, 57.726153 ], [ 14.625549, 57.798676 ] ] } },
{ "type": "Feature", "properties": { "voltage_kv": 380.0, "from_node": 37, "to_node": 75, "length_km": 237.03888966793815, "delaunay_k": 3, "edge_set": "Delaunay3" }, "geometry": { "type": "LineString", "coordinates": [ [ 11.954498, 57.726153 ], [ 15.125427, 59.05115 ] ] } },
{ "type": "Feature", "properties": { "voltage_kv": 380.0, "from_node": 37, "to_node": 76, "length_km": 248.14580455136084, "delaunay_k": 3, "edge_set": "Delaunay3" }, "geometry": { "type": "LineString", "coordinates": [ [ 11.954498, 57.726153 ], [ 15.184479, 59.173817 ] ] } },
{ "type": "Feature", "properties": { "voltage_kv": 380.0, "from_node": 37, "to_node": 77, "length_km": 352.32456299748225, "delaunay_k": 3, "edge_set": "Delaunay3" }, "geometry": { "type": "LineString", "coordinates": [ [ 11.954498, 57.726153 ], [ 15.188599, 60.415208 ] ] } },
{ "type": "Feature", "properties": { "voltage_kv": 380.0, "from_node": 37, "to_node": 78, "length_km": 201.47780784458141, "delaunay_k": 3, "edge_set": "Delaunay3" }, "geometry": { "type": "LineString", "coordinates": [ [ 11.954498, 57.726153 ], [ 15.195465, 58.28423 ] ] } },
{ "type": "Feature", "properties": { "voltage_kv": 380.0, "from_node": 37, "to_node": 80, "length_km": 271.77893679864121, "delaunay_k": 3, "edge_set": "Delaunay3" }, "geometry": { "type": "LineString", "coordinates": [ [ 11.954498, 57.726153 ], [ 15.231171, 59.466013 ] ] } },
{ "type": "Feature", "properties": { "voltage_kv": 380.0, "from_node": 37, "to_node": 81, "length_km": 326.09434210448666, "delaunay_k": 3, "edge_set": "Delaunay3" }, "geometry": { "type": "LineString", "coordinates": [ [ 11.954498, 57.726153 ], [ 15.387726, 60.052503 ] ] } },
{ "type": "Feature", "properties": { "voltage_kv": 380.0, "from_node": 38, "to_node": 55, "length_km": 102.15716304107829, "delaunay_k": 3, "edge_set": "Delaunay3" }, "geometry": { "type": "LineString", "coordinates": [ [ 11.961365, 55.445374 ], [ 12.984467, 56.159318 ] ] } },
{ "type": "Feature", "properties": { "voltage_kv": 380.0, "from_node": 38, "to_node": 56, "length_km": 160.97365495682297, "delaunay_k": 3, "edge_set": "Delaunay3" }, "geometry": { "type": "LineString", "coordinates": [ [ 11.961365, 55.445374 ], [ 12.991333, 56.771541 ] ] } },
{ "type": "Feature", "properties": { "voltage_kv": 380.0, "from_node": 38, "to_node": 72, "length_km": 200.12444523647989, "delaunay_k": 3, "edge_set": "Delaunay3" }, "geometry": { "type": "LineString", "coordinates": [ [ 11.961365, 55.445374 ], [ 14.749146, 56.325675 ] ] } },
{ "type": "Feature", "properties": { "voltage_kv": 380.0, "from_node": 38, "to_node": 73, "length_km": 199.07783456901691, "delaunay_k": 3, "edge_set": "Delaunay3" }, "geometry": { "type": "LineString", "coordinates": [ [ 11.961365, 55.445374 ], [ 14.790344, 56.260134 ] ] } },
{ "type": "Feature", "properties": { "voltage_kv": 380.0, "from_node": 38, "to_node": 83, "length_km": 260.39605299353406, "delaunay_k": 3, "edge_set": "Delaunay3" }, "geometry": { "type": "LineString", "coordinates": [ [ 11.961365, 55.445374 ], [ 15.542908, 56.649432 ] ] } },
{ "type": "Feature", "properties": { "voltage_kv": 380.0, "from_node": 39, "to_node": 54, "length_km": 203.73176861951777, "delaunay_k": 3, "edge_set": "Delaunay3" }, "geometry": { "type": "LineString", "coordinates": [ [ 12.087708, 57.568888 ], [ 12.9776, 59.337392 ] ] } },
{ "type": "Feature", "properties": { "voltage_kv": 380.0, "from_node": 39, "to_node": 67, "length_km": 127.0874208247396, "delaunay_k": 3, "edge_set": "Delaunay3" }, "geometry": { "type": "LineString", "coordinates": [ [ 12.087708, 57.568888 ], [ 14.197083, 57.718819 ] ] } },
{ "type": "Feature", "properties": { "voltage_kv": 380.0, "from_node": 39, "to_node": 68, "length_km": 163.40880804754559, "delaunay_k": 3, "edge_set": "Delaunay3" }, "geometry": { "type": "LineString", "coordinates": [ [ 12.087708, 57.568888 ], [ 14.40033, 56.809901 ] ] } },
{ "type": "Feature", "properties": { "voltage_kv": 380.0, "from_node": 39, "to_node": 70, "length_km": 153.56125059737795, "delaunay_k": 3, "edge_set": "Delaunay3" }, "geometry": { "type": "LineString", "coordinates": [ [ 12.087708, 57.568888 ], [ 14.625549, 57.798676 ] ] } },
{ "type": "Feature", "properties": { "voltage_kv": 380.0, "from_node": 39, "to_node": 75, "length_km": 242.85113178507427, "delaunay_k": 3, "edge_set": "Delaunay3" }, "geometry": { "type": "LineString", "coordinates": [ [ 12.087708, 57.568888 ], [ 15.125427, 59.05115 ] ] } },
{ "type": "Feature", "properties": { "voltage_kv": 380.0, "from_node": 39, "to_node": 78, "length_km": 200.67308391712794, "delaunay_k": 3, "edge_set": "Delaunay3" }, "geometry": { "type": "LineString", "coordinates": [ [ 12.087708, 57.568888 ], [ 15.195465, 58.28423 ] ] } },
{ "type": "Feature", "properties": { "voltage_kv": 380.0, "from_node": 40, "to_node": 43, "length_km": 70.799991754280185, "delaunay_k": 3, "edge_set": "Delaunay3" }, "geometry": { "type": "LineString", "coordinates": [ [ 12.237396, 57.328745 ], [ 12.244263, 57.964417 ] ] } },
{ "type": "Feature", "properties": { "voltage_kv": 380.0, "from_node": 40, "to_node": 44, "length_km": 108.73426916747911, "delaunay_k": 3, "edge_set": "Delaunay3" }, "geometry": { "type": "LineString", "coordinates": [ [ 12.237396, 57.328745 ], [ 12.299194, 58.304438 ] ] } },
{ "type": "Feature", "properties": { "voltage_kv": 380.0, "from_node": 40, "to_node": 62, "length_km": 183.1310617080205, "delaunay_k": 3, "edge_set": "Delaunay3" }, "geometry": { "type": "LineString", "coordinates": [ [ 12.237396, 57.328745 ], [ 13.580475, 55.86067 ] ] } },
{ "type": "Feature", "properties": { "voltage_kv": 380.0, "from_node": 40, "to_node": 65, "length_km": 168.19461148305859, "delaunay_k": 3, "edge_set": "Delaunay3" }, "geometry": { "type": "LineString", "coordinates": [ [ 12.237396, 57.328745 ], [ 13.878479, 58.56109 ] ] } },
{ "type": "Feature", "properties": { "voltage_kv": 380.0, "from_node": 40, "to_node": 67, "length_km": 125.21197231698848, "delaunay_k": 3, "edge_set": "Delaunay3" }, "geometry": { "type": "LineString", "coordinates": [ [ 12.237396, 57.328745 ], [ 14.197083, 57.718819 ] ] } },
{ "type": "Feature", "properties": { "voltage_kv": 380.0, "from_node": 40, "to_node": 70, "length_km": 152.23613896852257, "delaunay_k": 3, "edge_set": "Delaunay3" }, "geometry": { "type": "LineString", "coordinates": [ [ 12.237396, 57.328745 ], [ 14.625549, 57.798676 ] ] } },
{ "type": "Feature", "properties": { "voltage_kv": 380.0, "from_node": 40, "to_node": 72, "length_km": 189.74705019101816, "delaunay_k": 3, "edge_set": "Delaunay3" }, "geometry": { "type": "LineString", "coordinates": [ [ 12.237396, 57.328745 ], [ 14.749146, 56.325675 ] ] } },
{ "type": "Feature", "properties": { "voltage_kv": 380.0, "from_node": 40, "to_node": 83, "length_km": 214.75856805704919, "delaunay_k": 3, "edge_set": "Delaunay3" }, "geometry": { "type": "LineString", "coordinates": [ [ 12.237396, 57.328745 ], [ 15.542908, 56.649432 ] ] } },
{ "type": "Feature", "properties": { "voltage_kv": 380.0, "from_node": 41, "to_node": 57, "length_km": 140.29487927337522, "delaunay_k": 3, "edge_set": "Delaunay3" }, "geometry": { "type": "LineString", "coordinates": [ [ 12.240143, 55.764213 ], [ 13.066864, 56.937483 ] ] } },
{ "type": "Feature", "properties": { "voltage_kv": 380.0, "from_node": 41, "to_node": 58, "length_km": 56.91351645719898, "delaunay_k": 3, "edge_set": "Delaunay3" }, "geometry": { "type": "LineString", "coordinates": [ [ 12.240143, 55.764213 ], [ 13.145142, 55.737162 ] ] } },
{ "type": "Feature", "properties": { "voltage_kv": 380.0, "from_node": 41, "to_node": 59, "length_km": 63.084624177847829, "delaunay_k": 3, "edge_set": "Delaunay3" }, "geometry": { "type": "LineString", "coordinates": [ [ 12.240143, 55.764213 ], [ 13.189087, 55.58145 ] ] } },
{ "type": "Feature", "properties": { "voltage_kv": 380.0, "from_node": 41, "to_node": 62, "length_km": 84.725285692783103, "delaunay_k": 3, "edge_set": "Delaunay3" }, "geometry": { "type": "LineString", "coordinates": [ [ 12.240143, 55.764213 ], [ 13.580475, 55.86067 ] ] } },
{ "type": "Feature", "properties": { "voltage_kv": 380.0, "from_node": 41, "to_node": 68, "length_km": 177.37478294957737, "delaunay_k": 3, "edge_set": "Delaunay3" }, "geometry": { "type": "LineString", "coordinates": [ [ 12.240143, 55.764213 ], [ 14.40033, 56.809901 ] ] } },
{ "type": "Feature", "properties": { "voltage_kv": 380.0, "from_node": 41, "to_node": 72, "length_km": 168.42653045023164, "delaunay_k": 3, "edge_set": "Delaunay3" }, "geometry": { "type": "LineString", "coordinates": [ [ 12.240143, 55.764213 ], [ 14.749146, 56.325675 ] ] } },
{ "type": "Feature", "properties": { "voltage_kv": 380.0, "from_node": 42, "to_node": 53, "length_km": 46.892175395871107, "delaunay_k": 3, "edge_set": "Delaunay3" }, "geometry": { "type": "LineString", "coordinates": [ [ 12.242889, 55.693068 ], [ 12.970734, 55.786613 ] ] } },
{ "type": "Feature", "properties": { "voltage_kv": 380.0, "from_node": 42, "to_node": 55, "length_km": 69.603597838322784, "delaunay_k": 3, "edge_set": "Delaunay3" }, "geometry": { "type": "LineString", "coordinates": [ [ 12.242889, 55.693068 ], [ 12.984467, 56.159318 ] ] } },
{ "type": "Feature", "properties": { "voltage_kv": 380.0, "from_node": 42, "to_node": 56, "length_km": 128.75187992185798, "delaunay_k": 3, "edge_set": "Delaunay3" }, "geometry": { "type": "LineString", "coordinates": [ [ 12.242889, 55.693068 ], [ 12.991333, 56.771541 ] ] } },
{ "type": "Feature", "properties": { "voltage_kv": 380.0, "from_node": 42, "to_node": 58, "length_km": 56.924994120468583, "delaunay_k": 3, "edge_set": "Delaunay3" }, "geometry": { "type": "LineString", "coordinates": [ [ 12.242889, 55.693068 ], [ 13.145142, 55.737162 ] ] } },
{ "type": "Feature", "properties": { "voltage_kv": 380.0, "from_node": 42, "to_node": 62, "length_km": 85.995458495148128, "delaunay_k": 3, "edge_set": "Delaunay3" }, "geometry": { "type": "LineString", "coordinates": [ [ 12.242889, 55.693068 ], [ 13.580475, 55.86067 ] ] } },
{ "type": "Feature", "properties": { "voltage_kv": 380.0, "from_node": 42, "to_node": 74, "length_km": 171.26510856346172, "delaunay_k": 3, "edge_set": "Delaunay3" }, "geometry": { "type": "LineString", "coordinates": [ [ 12.242889, 55.693068 ], [ 14.845276, 56.173846 ] ] } },
{ "type": "Feature", "properties": { "voltage_kv": 380.0, "from_node": 43, "to_node": 52, "length_km": 72.384830926204188, "delaunay_k": 3, "edge_set": "Delaunay3" }, "geometry": { "type": "LineString", "coordinates": [ [ 12.244263, 57.964417 ], [ 12.671356, 57.356164 ] ] } },
{ "type": "Feature", "properties": { "voltage_kv": 380.0, "from_node": 43, "to_node": 57, "length_km": 124.58337468713204, "delaunay_k": 3, "edge_set": "Delaunay3" }, "geometry": { "type": "LineString", "coordinates": [ [ 12.244263, 57.964417 ], [ 13.066864, 56.937483 ] ] } },
{ "type": "Feature", "properties": { "voltage_kv": 380.0, "from_node": 43, "to_node": 67, "length_km": 119.18373060253492, "delaunay_k": 3, "edge_set": "Delaunay3" }, "geometry": { "type": "LineString", "coordinates": [ [ 12.244263, 57.964417 ], [ 14.197083, 57.718819 ] ] } },
{ "type": "Feature", "properties": { "voltage_kv": 380.0, "from_node": 43, "to_node": 68, "length_km": 182.62585824173692, "delaunay_k": 3, "edge_set": "Delaunay3" }, "geometry": { "type": "LineString", "coordinates": [ [ 12.244263, 57.964417 ], [ 14.40033, 56.809901 ] ] } },
{ "type": "Feature", "properties": { "voltage_kv": 380.0, "from_node": 43, "to_node": 70, "length_km": 142.50185930703398, "delaunay_k": 3, "edge_set": "Delaunay3" }, "geometry": { "type": "LineString", "coordinates": [ [ 12.244263, 57.964417 ], [ 14.625549, 57.798676 ] ] } },
{ "type": "Feature", "properties": { "voltage_kv": 380.0, "from_node": 43, "to_node": 75, "length_km": 207.05406475804458, "delaunay_k": 3, "edge_set": "Delaunay3" }, "geometry": { "type": "LineString", "coordinates": [ [ 12.244263, 57.964417 ], [ 15.125427, 59.05115 ] ] } },
{ "type": "Feature", "properties": { "voltage_kv": 380.0, "from_node": 43, "to_node": 76, "length_km": 217.78968585700031, "delaunay_k": 3, "edge_set": "Delaunay3" }, "geometry": { "type": "LineString", "coordinates": [ [ 12.244263, 57.964417 ], [ 15.184479, 59.173817 ] ] } },
{ "type": "Feature", "properties": { "voltage_kv": 380.0, "from_node": 43, "to_node": 77, "length_km": 320.72795152602265, "delaunay_k": 3, "edge_set": "Delaunay3" }, "geometry": { "type": "LineString", "coordinates": [ [ 12.244263, 57.964417 ], [ 15.188599, 60.415208 ] ] } },
{ "type": "Feature", "properties": { "voltage_kv": 380.0, "from_node": 43, "to_node": 78, "length_km": 177.55296301388617, "delaunay_k": 3, "edge_set": "Delaunay3" }, "geometry": { "type": "LineString", "coordinates": [ [ 12.244263, 57.964417 ], [ 15.195465, 58.28423 ] ] } },
{ "type": "Feature", "properties": { "voltage_kv": 380.0, "from_node": 43, "to_node": 80, "length_km": 240.72276858291829, "delaunay_k": 3, "edge_set": "Delaunay3" }, "geometry": { "type": "LineString", "coordinates": [ [ 12.244263, 57.964417 ], [ 15.231171, 59.466013 ] ] } },
{ "type": "Feature", "properties": { "voltage_kv": 380.0, "from_node": 43, "to_node": 81, "length_km": 294.51532345564425, "delaunay_k": 3, "edge_set": "Delaunay3" }, "geometry": { "type": "LineString", "coordinates": [ [ 12.244263, 57.964417 ], [ 15.387726, 60.052503 ] ] } },
{ "type": "Feature", "properties": { "voltage_kv": 380.0, "from_node": 44, "to_node": 52, "length_km": 107.91018596074898, "delaunay_k": 3, "edge_set": "Delaunay3" }, "geometry": { "type": "LineString", "coordinates": [ [ 12.299194, 58.304438 ], [ 12.671356, 57.356164 ] ] } },
{ "type": "Feature", "properties": { "voltage_kv": 380.0, "from_node": 44, "to_node": 57, "length_km": 159.01217676739202, "delaunay_k": 3, "edge_set": "Delaunay3" }, "geometry": { "type": "LineString", "coordinates": [ [ 12.299194, 58.304438 ], [ 13.066864, 56.937483 ] ] } },
{ "type": "Feature", "properties": { "voltage_kv": 380.0, "from_node": 44, "to_node": 68, "length_km": 208.64692143494312, "delaunay_k": 3, "edge_set": "Delaunay3" }, "geometry": { "type": "LineString", "coordinates": [ [ 12.299194, 58.304438 ], [ 14.40033, 56.809901 ] ] } },
{ "type": "Feature", "properties": { "voltage_kv": 380.0, "from_node": 44, "to_node": 82, "length_km": 294.63892843200483, "delaunay_k": 3, "edge_set": "Delaunay3" }, "geometry": { "type": "LineString", "coordinates": [ [ 12.299194, 58.304438 ], [ 15.442657, 60.406393 ] ] } },
{ "type": "Feature", "properties": { "voltage_kv": 380.0, "from_node": 44, "to_node": 83, "length_km": 268.07264418749304, "delaunay_k": 3, "edge_set": "Delaunay3" }, "geometry": { "type": "LineString", "coordinates": [ [ 12.299194, 58.304438 ], [ 15.542908, 56.649432 ] ] } },
{ "type": "Feature", "properties": { "voltage_kv": 380.0, "from_node": 44, "to_node": 87, "length_km": 222.41882902411001, "delaunay_k": 3, "edge_set": "Delaunay3" }, "geometry": { "type": "LineString", "coordinates": [ [ 12.299194, 58.304438 ], [ 16.035919, 58.70477 ] ] } },
{ "type": "Feature", "properties": { "voltage_kv": 380.0, "from_node": 44, "to_node": 88, "length_km": 223.08595882612039, "delaunay_k": 3, "edge_set": "Delaunay3" }, "geometry": { "type": "LineString", "coordinates": [ [ 12.299194, 58.304438 ], [ 16.096344, 58.492976 ] ] } },
{ "type": "Feature", "properties": { "voltage_kv": 380.0, "from_node": 44, "to_node": 90, "length_km": 276.3721279047009, "delaunay_k": 3, "edge_set": "Delaunay3" }, "geometry": { "type": "LineString", "coordinates": [ [ 12.299194, 58.304438 ], [ 16.660767, 57.43682 ] ] } },
{ "type": "Feature", "properties": { "voltage_kv": 380.0, "from_node": 44, "to_node": 91, "length_km": 264.42485403699999, "delaunay_k": 3, "edge_set": "Delaunay3" }, "geometry": { "type": "LineString", "coordinates": [ [ 12.299194, 58.304438 ], [ 16.660767, 58.984699 ] ] } },
{ "type": "Feature", "properties": { "voltage_kv": 380.0, "from_node": 44, "to_node": 96, "length_km": 373.67927015150951, "delaunay_k": 3, "edge_set": "Delaunay3" }, "geometry": { "type": "LineString", "coordinates": [ [ 12.299194, 58.304438 ], [ 16.931305, 60.692679 ] ] } },
{ "type": "Feature", "properties": { "voltage_kv": 380.0, "from_node": 44, "to_node": 97, "length_km": 366.11961597472884, "delaunay_k": 3, "edge_set": "Delaunay3" }, "geometry": { "type": "LineString", "coordinates": [ [ 12.299194, 58.304438 ], [ 16.972504, 60.570102 ] ] } },
{ "type": "Feature", "properties": { "voltage_kv": 380.0, "from_node": 44, "to_node": 103, "length_km": 302.55545245288903, "delaunay_k": 3, "edge_set": "Delaunay3" }, "geometry": { "type": "LineString", "coordinates": [ [ 12.299194, 58.304438 ], [ 17.218323, 59.22234 ] ] } },
{ "type": "Feature", "properties": { "voltage_kv": 380.0, "from_node": 44, "to_node": 105, "length_km": 329.15305304769311, "delaunay_k": 3, "edge_set": "Delaunay3" }, "geometry": { "type": "LineString", "coordinates": [ [ 12.299194, 58.304438 ], [ 17.329559, 59.716945 ] ] } },
{ "type": "Feature", "properties": { "voltage_kv": 380.0, "from_node": 45, "to_node": 56, "length_km": 129.64477541298407, "delaunay_k": 3, "edge_set": "Delaunay3" }, "geometry": { "type": "LineString", "coordinates": [ [ 12.311554, 55.670615 ], [ 12.991333, 56.771541 ] ] } },
{ "type": "Feature", "properties": { "voltage_kv": 380.0, "from_node": 45, "to_node": 58, "length_km": 52.93328714976748, "delaunay_k": 3, "edge_set": "Delaunay3" }, "geometry": { "type": "LineString", "coordinates": [ [ 12.311554, 55.670615 ], [ 13.145142, 55.737162 ] ] } },
{ "type": "Feature", "properties": { "voltage_kv": 380.0, "from_node": 45, "to_node": 62, "length_km": 82.423148726038548, "delaunay_k": 3, "edge_set": "Delaunay3" }, "geometry": { "type": "LineString", "coordinates": [ [ 12.311554, 55.670615 ], [ 13.580475, 55.86067 ] ] } },
{ "type": "Feature", "properties": { "voltage_kv": 380.0, "from_node": 45, "to_node": 68, "length_km": 181.31475892652452, "delaunay_k": 3, "edge_set": "Delaunay3" }, "geometry": { "type": "LineString", "coordinates": [ [ 12.311554, 55.670615 ], [ 14.40033, 56.809901 ] ] } },
{ "type": "Feature", "properties": { "voltage_kv": 380.0, "from_node": 45, "to_node": 72, "length_km": 168.71052921662047, "delaunay_k": 3, "edge_set": "Delaunay3" }, "geometry": { "type": "LineString", "coordinates": [ [ 12.311554, 55.670615 ], [ 14.749146, 56.325675 ] ] } },
{ "type": "Feature", "properties": { "voltage_kv": 380.0, "from_node": 45, "to_node": 74, "length_km": 168.05513818374575, "delaunay_k": 3, "edge_set": "Delaunay3" }, "geometry": { "type": "LineString", "coordinates": [ [ 12.311554, 55.670615 ], [ 14.845276, 56.173846 ] ] } },
{ "type": "Feature", "properties": { "voltage_kv": 380.0, "from_node": 46, "to_node": 58, "length_km": 52.781399412354205, "delaunay_k": 3, "edge_set": "Delaunay3" }, "geometry": { "type": "LineString", "coordinates": [ [ 12.385712, 55.942279 ], [ 13.145142, 55.737162 ] ] } },
{ "type": "Feature", "properties": { "voltage_kv": 380.0, "from_node": 46, "to_node": 59, "length_km": 64.484432960506695, "delaunay_k": 3, "edge_set": "Delaunay3" }, "geometry": { "type": "LineString", "coordinates": [ [ 12.385712, 55.942279 ], [ 13.189087, 55.58145 ] ] } },
{ "type": "Feature", "properties": { "voltage_kv": 380.0, "from_node": 46, "to_node": 60, "length_km": 188.60019411150077, "delaunay_k": 3, "edge_set": "Delaunay3" }, "geometry": { "type": "LineString", "coordinates": [ [ 12.385712, 55.942279 ], [ 13.414307, 57.53868 ] ] } },
{ "type": "Feature", "properties": { "voltage_kv": 380.0, "from_node": 46, "to_node": 67, "length_km": 226.66278848348756, "delaunay_k": 3, "edge_set": "Delaunay3" }, "geometry": { "type": "LineString", "coordinates": [ [ 12.385712, 55.942279 ], [ 14.197083, 57.718819 ] ] } },
{ "type": "Feature", "properties": { "voltage_kv": 380.0, "from_node": 46, "to_node": 70, "length_km": 247.80352776607208, "delaunay_k": 3, "edge_set": "Delaunay3" }, "geometry": { "type": "LineString", "coordinates": [ [ 12.385712, 55.942279 ], [ 14.625549, 57.798676 ] ] } },
{ "type": "Feature", "properties": { "voltage_kv": 380.0, "from_node": 46, "to_node": 73, "length_km": 153.80098969899313, "delaunay_k": 3, "edge_set": "Delaunay3" }, "geometry": { "type": "LineString", "coordinates": [ [ 12.385712, 55.942279 ], [ 14.790344, 56.260134 ] ] } },
{ "type": "Feature", "properties": { "voltage_kv": 380.0, "from_node": 46, "to_node": 74, "length_km": 155.41808922661986, "delaunay_k": 3, "edge_set": "Delaunay3" }, "geometry": { "type": "LineString", "coordinates": [ [ 12.385712, 55.942279 ], [ 14.845276, 56.173846 ] ] } },
{ "type": "Feature", "properties": { "voltage_kv": 380.0, "from_node": 46, "to_node": 83, "length_km": 210.79474036251227, "delaunay_k": 3, "edge_set": "Delaunay3" }, "geometry": { "type": "LineString", "coordinates": [ [ 12.385712, 55.942279 ], [ 15.542908, 56.649432 ] ] } },
{ "type": "Feature", "properties": { "voltage_kv": 380.0, "from_node": 47, "to_node": 55, "length_km": 187.8318962147367, "delaunay_k": 3, "edge_set": "Delaunay3" }, "geometry": { "type": "LineString", "coordinates": [ [ 12.407684, 57.816235 ], [ 12.984467, 56.159318 ] ] } },
{ "type": "Feature", "properties": { "voltage_kv": 380.0, "from_node": 47, "to_node": 56, "length_km": 121.55810666296445, "delaunay_k": 3, "edge_set": "Delaunay3" }, "geometry": { "type": "LineString", "coordinates": [ [ 12.407684, 57.816235 ], [ 12.991333, 56.771541 ] ] } },
{ "type": "Feature", "properties": { "voltage_kv": 380.0, "from_node": 47, "to_node": 72, "length_km": 218.49022256852399, "delaunay_k": 3, "edge_set": "Delaunay3" }, "geometry": { "type": "LineString", "coordinates": [ [ 12.407684, 57.816235 ], [ 14.749146, 56.325675 ] ] } },
{ "type": "Feature", "properties": { "voltage_kv": 380.0, "from_node": 47, "to_node": 76, "length_km": 221.58499648195823, "delaunay_k": 3, "edge_set": "Delaunay3" }, "geometry": { "type": "LineString", "coordinates": [ [ 12.407684, 57.816235 ], [ 15.184479, 59.173817 ] ] } },
{ "type": "Feature", "properties": { "voltage_kv": 380.0, "from_node": 47, "to_node": 77, "length_km": 330.46945104296083, "delaunay_k": 3, "edge_set": "Delaunay3" }, "geometry": { "type": "LineString", "coordinates": [ [ 12.407684, 57.816235 ], [ 15.188599, 60.415208 ] ] } },
{ "type": "Feature", "properties": { "voltage_kv": 380.0, "from_node": 47, "to_node": 80, "length_km": 246.31056893026849, "delaunay_k": 3, "edge_set": "Delaunay3" }, "geometry": { "type": "LineString", "coordinates": [ [ 12.407684, 57.816235 ], [ 15.231171, 59.466013 ] ] } },
{ "type": "Feature", "properties": { "voltage_kv": 380.0, "from_node": 47, "to_node": 81, "length_km": 302.51733738434518, "delaunay_k": 3, "edge_set": "Delaunay3" }, "geometry": { "type": "LineString", "coordinates": [ [ 12.407684, 57.816235 ], [ 15.387726, 60.052503 ] ] } },
{ "type": "Feature", "properties": { "voltage_kv": 380.0, "from_node": 47, "to_node": 83, "length_km": 229.68989771255883, "delaunay_k": 3, "edge_set": "Delaunay3" }, "geometry": { "type": "LineString", "coordinates": [ [ 12.407684, 57.816235 ], [ 15.542908, 56.649432 ] ] } },
{ "type": "Feature", "properties": { "voltage_kv": 380.0, "from_node": 47, "to_node": 87, "length_km": 234.91201154997208, "delaunay_k": 3, "edge_set": "Delaunay3" }, "geometry": { "type": "LineString", "coordinates": [ [ 12.407684, 57.816235 ], [ 16.035919, 58.70477 ] ] } },
{ "type": "Feature", "properties": { "voltage_kv": 380.0, "from_node": 47, "to_node": 88, "length_km": 229.94810068815272, "delaunay_k": 3, "edge_set": "Delaunay3" }, "geometry": { "type": "LineString", "coordinates": [ [ 12.407684, 57.816235 ], [ 16.096344, 58.492976 ] ] } },
{ "type": "Feature", "properties": { "voltage_kv": 380.0, "from_node": 47, "to_node": 90, "length_km": 257.69138824561423, "delaunay_k": 3, "edge_set": "Delaunay3" }, "geometry": { "type": "LineString", "coordinates": [ [ 12.407684, 57.816235 ], [ 16.660767, 57.43682 ] ] } },
{ "type": "Feature", "properties": { "voltage_kv": 380.0, "from_node": 48, "to_node": 56, "length_km": 130.00990222465973, "delaunay_k": 3, "edge_set": "Delaunay3" }, "geometry": { "type": "LineString", "coordinates": [ [ 12.415924, 55.648924 ], [ 12.991333, 56.771541 ] ] } },
{ "type": "Feature", "properties": { "voltage_kv": 380.0, "from_node": 48, "to_node": 68, "length_km": 178.51704441059488, "delaunay_k": 3, "edge_set": "Delaunay3" }, "geometry": { "type": "LineString", "coordinates": [ [ 12.415924, 55.648924 ], [ 14.40033, 56.809901 ] ] } },
{ "type": "Feature", "properties": { "voltage_kv": 380.0, "from_node": 48, "to_node": 72, "length_km": 163.99625369576026, "delaunay_k": 3, "edge_set": "Delaunay3" }, "geometry": { "type": "LineString", "coordinates": [ [ 12.415924, 55.648924 ], [ 14.749146, 56.325675 ] ] } },
{ "type": "Feature", "properties": { "voltage_kv": 380.0, "from_node": 48, "to_node": 73, "length_km": 163.22138169429317, "delaunay_k": 3, "edge_set": "Delaunay3" }, "geometry": { "type": "LineString", "coordinates": [ [ 12.415924, 55.648924 ], [ 14.790344, 56.260134 ] ] } },
{ "type": "Feature", "properties": { "voltage_kv": 380.0, "from_node": 48, "to_node": 83, "length_km": 224.06612082943406, "delaunay_k": 3, "edge_set": "Delaunay3" }, "geometry": { "type": "LineString", "coordinates": [ [ 12.415924, 55.648924 ], [ 15.542908, 56.649432 ] ] } },
{ "type": "Feature", "properties": { "voltage_kv": 380.0, "from_node": 49, "to_node": 54, "length_km": 200.7676218174536, "delaunay_k": 3, "edge_set": "Delaunay3" }, "geometry": { "type": "LineString", "coordinates": [ [ 12.562866, 57.548261 ], [ 12.9776, 59.337392 ] ] } },
{ "type": "Feature", "properties": { "voltage_kv": 380.0, "from_node": 49, "to_node": 55, "length_km": 156.80881509764416, "delaunay_k": 3, "edge_set": "Delaunay3" }, "geometry": { "type": "LineString", "coordinates": [ [ 12.562866, 57.548261 ], [ 12.984467, 56.159318 ] ] } },
{ "type": "Feature", "properties": { "voltage_kv": 380.0, "from_node": 49, "to_node": 70, "length_km": 126.22682848060133, "delaunay_k": 3, "edge_set": "Delaunay3" }, "geometry": { "type": "LineString", "coordinates": [ [ 12.562866, 57.548261 ], [ 14.625549, 57.798676 ] ] } },
{ "type": "Feature", "properties": { "voltage_kv": 380.0, "from_node": 49, "to_node": 72, "length_km": 190.4253259483045, "delaunay_k": 3, "edge_set": "Delaunay3" }, "geometry": { "type": "LineString", "coordinates": [ [ 12.562866, 57.548261 ], [ 14.749146, 56.325675 ] ] } },
{ "type": "Feature", "properties": { "voltage_kv": 380.0, "from_node": 49, "to_node": 75, "length_km": 224.97984591513665, "delaunay_k": 3, "edge_set": "Delaunay3" }, "geometry": { "type": "LineString", "coordinates": [ [ 12.562866, 57.548261 ], [ 15.125427, 59.05115 ] ] } },
{ "type": "Feature", "properties": { "voltage_kv": 380.0, "from_node": 49, "to_node": 78, "length_km": 176.29449481436063, "delaunay_k": 3, "edge_set": "Delaunay3" }, "geometry": { "type": "LineString", "coordinates": [ [ 12.562866, 57.548261 ], [ 15.195465, 58.28423 ] ] } },
{ "type": "Feature", "properties": { "voltage_kv": 380.0, "from_node": 49, "to_node": 83, "length_km": 206.55733197052876, "delaunay_k": 3, "edge_set": "Delaunay3" }, "geometry": { "type": "LineString", "coordinates": [ [ 12.562866, 57.548261 ], [ 15.542908, 56.649432 ] ] } },
{ "type": "Feature", "properties": { "voltage_kv": 380.0, "from_node": 50, "to_node": 57, "length_km": 130.87013274783985, "delaunay_k": 3, "edge_set": "Delaunay3" }, "geometry": { "type": "LineString", "coordinates": [ [ 12.56424, 55.795877 ], [ 13.066864, 56.937483 ] ] } },
{ "type": "Feature", "properties": { "voltage_kv": 380.0, "from_node": 50, "to_node": 60, "length_km": 200.96833597182641, "delaunay_k": 3, "edge_set": "Delaunay3" }, "geometry": { "type": "LineString", "coordinates": [ [ 12.56424, 55.795877 ], [ 13.414307, 57.53868 ] ] } },
{ "type": "Feature", "properties": { "voltage_kv": 380.0, "from_node": 50, "to_node": 67, "length_km": 236.30973326710551, "delaunay_k": 3, "edge_set": "Delaunay3" }, "geometry": { "type": "LineString", "coordinates": [ [ 12.56424, 55.795877 ], [ 14.197083, 57.718819 ] ] } },
{ "type": "Feature", "properties": { "voltage_kv": 380.0, "from_node": 50, "to_node": 70, "length_km": 256.16887388818907, "delaunay_k": 3, "edge_set": "Delaunay3" }, "geometry": { "type": "LineString", "coordinates": [ [ 12.56424, 55.795877 ], [ 14.625549, 57.798676 ] ] } },
{ "type": "Feature", "properties": { "voltage_kv": 380.0, "from_node": 50, "to_node": 73, "length_km": 148.14060692395444, "delaunay_k": 3, "edge_set": "Delaunay3" }, "geometry": { "type": "LineString", "coordinates": [ [ 12.56424, 55.795877 ], [ 14.790344, 56.260134 ] ] } },
{ "type": "Feature", "properties": { "voltage_kv": 380.0, "from_node": 50, "to_node": 74, "length_km": 148.50155268143968, "delaunay_k": 3, "edge_set": "Delaunay3" }, "geometry": { "type": "LineString", "coordinates": [ [ 12.56424, 55.795877 ], [ 14.845276, 56.173846 ] ] } },
{ "type": "Feature", "properties": { "voltage_kv": 380.0, "from_node": 50, "to_node": 83, "length_km": 207.84333624463065, "delaunay_k": 3, "edge_set": "Delaunay3" }, "geometry": { "type": "LineString", "coordinates": [ [ 12.56424, 55.795877 ], [ 15.542908, 56.649432 ] ] } },
{ "type": "Feature", "properties": { "voltage_kv": 380.0, "from_node": 51, "to_node": 71, "length_km": 143.56543984880057, "delaunay_k": 3, "edge_set": "Delaunay3" }, "geometry": { "type": "LineString", "coordinates": [ [ 12.568359, 63.361367 ], [ 14.734039, 62.533228 ] ] } },
{ "type": "Feature", "properties": { "voltage_kv": 380.0, "from_node": 51, "to_node": 77, "length_km": 356.09766683997879, "delaunay_k": 3, "edge_set": "Delaunay3" }, "geometry": { "type": "LineString", "coordinates": [ [ 12.568359, 63.361367 ], [ 15.188599, 60.415208 ] ] } },
{ "type": "Feature", "properties": { "voltage_kv": 380.0, "from_node": 51, "to_node": 84, "length_km": 462.34705272387043, "delaunay_k": 3, "edge_set": "Delaunay3" }, "geometry": { "type": "LineString", "coordinates": [ [ 12.568359, 63.361367 ], [ 15.757141, 67.288485 ] ] } },
{ "type": "Feature", "properties": { "voltage_kv": 380.0, "from_node": 51, "to_node": 89, "length_km": 184.87362474503269, "delaunay_k": 3, "edge_set": "Delaunay3" }, "geometry": { "type": "LineString", "coordinates": [ [ 12.568359, 63.361367 ], [ 16.254272, 63.524685 ] ] } },
{ "type": "Feature", "properties": { "voltage_kv": 380.0, "from_node": 51, "to_node": 93, "length_km": 212.71609798024684, "delaunay_k": 3, "edge_set": "Delaunay3" }, "geometry": { "type": "LineString", "coordinates": [ [ 12.568359, 63.361367 ], [ 16.791229, 63.646259 ] ] } },
{ "type": "Feature", "properties": { "voltage_kv": 380.0, "from_node": 51, "to_node": 98, "length_km": 244.02839704005936, "delaunay_k": 3, "edge_set": "Delaunay3" }, "geometry": { "type": "LineString", "coordinates": [ [ 12.568359, 63.361367 ], [ 17.024689, 62.540828 ] ] } },
{ "type": "Feature", "properties": { "voltage_kv": 380.0, "from_node": 51, "to_node": 100, "length_km": 300.09083310986148, "delaunay_k": 3, "edge_set": "Delaunay3" }, "geometry": { "type": "LineString", "coordinates": [ [ 12.568359, 63.361367 ], [ 17.049408, 65.221045 ] ] } },
{ "type": "Feature", "properties": { "voltage_kv": 380.0, "from_node": 51, "to_node": 102, "length_km": 231.7651781272277, "delaunay_k": 3, "edge_set": "Delaunay3" }, "geometry": { "type": "LineString", "coordinates": [ [ 12.568359, 63.361367 ], [ 17.167511, 63.184727 ] ] } },
{ "type": "Feature", "properties": { "voltage_kv": 380.0, "from_node": 51, "to_node": 107, "length_km": 302.79806545283412, "delaunay_k": 3, "edge_set": "Delaunay3" }, "geometry": { "type": "LineString", "coordinates": [ [ 12.568359, 63.361367 ], [ 17.541046, 64.996778 ] ] } },
{ "type": "Feature", "properties": { "voltage_kv": 380.0, "from_node": 52, "to_node": 54, "length_km": 221.4260406058898, "delaunay_k": 3, "edge_set": "Delaunay3" }, "geometry": { "type": "LineString", "coordinates": [ [ 12.671356, 57.356164 ], [ 12.9776, 59.337392 ] ] } },
{ "type": "Feature", "properties": { "voltage_kv": 380.0, "from_node": 52, "to_node": 55, "length_km": 134.65926836294213, "delaunay_k": 3, "edge_set": "Delaunay3" }, "geometry": { "type": "LineString", "coordinates": [ [ 12.671356, 57.356164 ], [ 12.984467, 56.159318 ] ] } },
{ "type": "Feature", "properties": { "voltage_kv": 380.0, "from_node": 52, "to_node": 70, "length_km": 126.9045191228854, "delaunay_k": 3, "edge_set": "Delaunay3" }, "geometry": { "type": "LineString", "coordinates": [ [ 12.671356, 57.356164 ], [ 14.625549, 57.798676 ] ] } },
{ "type": "Feature", "properties": { "voltage_kv": 380.0, "from_node": 52, "to_node": 72, "length_km": 171.05887031528991, "delaunay_k": 3, "edge_set": "Delaunay3" }, "geometry": { "type": "LineString", "coordinates": [ [ 12.671356, 57.356164 ], [ 14.749146, 56.325675 ] ] } },
{ "type": "Feature", "properties": { "voltage_kv": 380.0, "from_node": 52, "to_node": 75, "length_km": 237.65533013556387, "delaunay_k": 3, "edge_set": "Delaunay3" }, "geometry": { "type": "LineString", "coordinates": [ [ 12.671356, 57.356164 ], [ 15.125427, 59.05115 ] ] } },
{ "type": "Feature", "properties": { "voltage_kv": 380.0, "from_node": 52, "to_node": 78, "length_km": 182.2087358575518, "delaunay_k": 3, "edge_set": "Delaunay3" }, "geometry": { "type": "LineString", "coordinates": [ [ 12.671356, 57.356164 ], [ 15.195465, 58.28423 ] ] } },
{ "type": "Feature", "properties": { "voltage_kv": 380.0, "from_node": 52, "to_node": 83, "length_km": 191.48035474418276, "delaunay_k": 3, "edge_set": "Delaunay3" }, "geometry": { "type": "LineString", "coordinates": [ [ 12.671356, 57.356164 ], [ 15.542908, 56.649432 ] ] } },
{ "type": "Feature", "properties": { "voltage_kv": 380.0, "from_node": 53, "to_node": 57, "length_km": 128.30351466095155, "delaunay_k": 3, "edge_set": "Delaunay3" }, "geometry": { "type": "LineString", "coordinates": [ [ 12.970734, 55.786613 ], [ 13.066864, 56.937483 ] ] } },
{ "type": "Feature", "properties": { "voltage_kv": 380.0, "from_node": 53, "to_node": 60, "length_km": 197.018500711749, "delaunay_k": 3, "edge_set": "Delaunay3" }, "geometry": { "type": "LineString", "coordinates": [ [ 12.970734, 55.786613 ], [ 13.414307, 57.53868 ] ] } },
{ "type": "Feature", "properties": { "voltage_kv": 380.0, "from_node": 53, "to_node": 67, "length_km": 227.91179720596975, "delaunay_k": 3, "edge_set": "Delaunay3" }, "geometry": { "type": "LineString", "coordinates": [ [ 12.970734, 55.786613 ], [ 14.197083, 57.718819 ] ] } },
{ "type": "Feature", "properties": { "voltage_kv": 380.0, "from_node": 53, "to_node": 70, "length_km": 245.87356203642082, "delaunay_k": 3, "edge_set": "Delaunay3" }, "geometry": { "type": "LineString", "coordinates": [ [ 12.970734, 55.786613 ], [ 14.625549, 57.798676 ] ] } },
{ "type": "Feature", "properties": { "voltage_kv": 380.0, "from_node": 53, "to_node": 83, "length_km": 186.33107613866568, "delaunay_k": 3, "edge_set": "Delaunay3" }, "geometry": { "type": "LineString", "coordinates": [ [ 12.970734, 55.786613 ], [ 15.542908, 56.649432 ] ] } },
{ "type": "Feature", "properties": { "voltage_kv": 380.0, "from_node": 54, "to_node": 57, "length_km": 267.38866896612205, "delaunay_k": 3, "edge_set": "Delaunay3" }, "geometry": { "type": "LineString", "coordinates": [ [ 12.9776, 59.337392 ], [ 13.066864, 56.937483 ] ] } },
{ "type": "Feature", "properties": { "voltage_kv": 380.0, "from_node": 54, "to_node": 61, "length_km": 450.02541355586078, "delaunay_k": 3, "edge_set": "Delaunay3" }, "geometry": { "type": "LineString", "coordinates": [ [ 12.9776, 59.337392 ], [ 13.458252, 63.368755 ] ] } },
{ "type": "Feature", "properties": { "voltage_kv": 380.0, "from_node": 54, "to_node": 68, "length_km": 293.82172561565295, "delaunay_k": 3, "edge_set": "Delaunay3" }, "geometry": { "type": "LineString", "coordinates": [ [ 12.9776, 59.337392 ], [ 14.40033, 56.809901 ] ] } },
{ "type": "Feature", "properties": { "voltage_kv": 380.0, "from_node": 54, "to_node": 79, "length_km": 450.83881373086206, "delaunay_k": 3, "edge_set": "Delaunay3" }, "geometry": { "type": "LineString", "coordinates": [ [ 12.9776, 59.337392 ], [ 15.206451, 63.237956 ] ] } },
{ "type": "Feature", "properties": { "voltage_kv": 380.0, "from_node": 54, "to_node": 83, "length_km": 335.71096768448047, "delaunay_k": 3, "edge_set": "Delaunay3" }, "geometry": { "type": "LineString", "coordinates": [ [ 12.9776, 59.337392 ], [ 15.542908, 56.649432 ] ] } },
{ "type": "Feature", "properties": { "voltage_kv": 380.0, "from_node": 54, "to_node": 88, "length_km": 202.88948707410384, "delaunay_k": 3, "edge_set": "Delaunay3" }, "geometry": { "type": "LineString", "coordinates": [ [ 12.9776, 59.337392 ], [ 16.096344, 58.492976 ] ] } },
{ "type": "Feature", "properties": { "voltage_kv": 380.0, "from_node": 54, "to_node": 90, "length_km": 302.13752314840002, "delaunay_k": 3, "edge_set": "Delaunay3" }, "geometry": { "type": "LineString", "coordinates": [ [ 12.9776, 59.337392 ], [ 16.660767, 57.43682 ] ] } },
{ "type": "Feature", "properties": { "voltage_kv": 380.0, "from_node": 54, "to_node": 98, "length_km": 419.02155784074603, "delaunay_k": 3, "edge_set": "Delaunay3" }, "geometry": { "type": "LineString", "coordinates": [ [ 12.9776, 59.337392 ], [ 17.024689, 62.540828 ] ] } },
{ "type": "Feature", "properties": { "voltage_kv": 380.0, "from_node": 54, "to_node": 99, "length_km": 268.6847806090455, "delaunay_k": 3, "edge_set": "Delaunay3" }, "geometry": { "type": "LineString", "coordinates": [ [ 12.9776, 59.337392 ], [ 17.045288, 60.624713 ] ] } },
{ "type": "Feature", "properties": { "voltage_kv": 380.0, "from_node": 54, "to_node": 101, "length_km": 265.24415347876067, "delaunay_k": 3, "edge_set": "Delaunay3" }, "geometry": { "type": "LineString", "coordinates": [ [ 12.9776, 59.337392 ], [ 17.059021, 60.550528 ] ] } },
{ "type": "Feature", "properties": { "voltage_kv": 380.0, "from_node": 54, "to_node": 106, "length_km": 424.88857846244156, "delaunay_k": 3, "edge_set": "Delaunay3" }, "geometry": { "type": "LineString", "coordinates": [ [ 12.9776, 59.337392 ], [ 17.468262, 62.460297 ] ] } },
{ "type": "Feature", "properties": { "voltage_kv": 380.0, "from_node": 54, "to_node": 109, "length_km": 267.93441992333243, "delaunay_k": 3, "edge_set": "Delaunay3" }, "geometry": { "type": "LineString", "coordinates": [ [ 12.9776, 59.337392 ], [ 17.683868, 59.349996 ] ] } },
{ "type": "Feature", "properties": { "voltage_kv": 380.0, "from_node": 54, "to_node": 110, "length_km": 273.44372648142013, "delaunay_k": 3, "edge_set": "Delaunay3" }, "geometry": { "type": "LineString", "coordinates": [ [ 12.9776, 59.337392 ], [ 17.766266, 59.221637 ] ] } },
{ "type": "Feature", "properties": { "voltage_kv": 380.0, "from_node": 54, "to_node": 111, "length_km": 284.43431078415927, "delaunay_k": 3, "edge_set": "Delaunay3" }, "geometry": { "type": "LineString", "coordinates": [ [ 12.9776, 59.337392 ], [ 17.932434, 59.094909 ] ] } },
{ "type": "Feature", "properties": { "voltage_kv": 380.0, "from_node": 54, "to_node": 113, "length_km": 311.90942231337152, "delaunay_k": 3, "edge_set": "Delaunay3" }, "geometry": { "type": "LineString", "coordinates": [ [ 12.9776, 59.337392 ], [ 18.020325, 60.532293 ] ] } },
{ "type": "Feature", "properties": { "voltage_kv": 380.0, "from_node": 54, "to_node": 116, "length_km": 312.93273931603284, "delaunay_k": 3, "edge_set": "Delaunay3" }, "geometry": { "type": "LineString", "coordinates": [ [ 12.9776, 59.337392 ], [ 18.123322, 60.430121 ] ] } },
{ "type": "Feature", "properties": { "voltage_kv": 380.0, "from_node": 54, "to_node": 117, "length_km": 293.52373010862738, "delaunay_k": 3, "edge_set": "Delaunay3" }, "geometry": { "type": "LineString", "coordinates": [ [ 12.9776, 59.337392 ], [ 18.135681, 59.473686 ] ] } },
{ "type": "Feature", "properties": { "voltage_kv": 380.0, "from_node": 54, "to_node": 118, "length_km": 304.55433623000374, "delaunay_k": 3, "edge_set": "Delaunay3" }, "geometry": { "type": "LineString", "coordinates": [ [ 12.9776, 59.337392 ], [ 18.233185, 59.961198 ] ] } },
{ "type": "Feature", "properties": { "voltage_kv": 380.0, "from_node": 55, "to_node": 65, "length_km": 272.88391815686623, "delaunay_k": 3, "edge_set": "Delaunay3" }, "geometry": { "type": "LineString", "coordinates": [ [ 12.984467, 56.159318 ], [ 13.878479, 58.56109 ] ] } },
{ "type": "Feature", "properties": { "voltage_kv": 380.0, "from_node": 55, "to_node": 78, "length_km": 271.79500602440669, "delaunay_k": 3, "edge_set": "Delaunay3" }, "geometry": { "type": "LineString", "coordinates": [ [ 12.984467, 56.159318 ], [ 15.195465, 58.28423 ] ] } },
{ "type": "Feature", "properties": { "voltage_kv": 380.0, "from_node": 55, "to_node": 90, "length_km": 265.99088054416256, "delaunay_k": 3, "edge_set": "Delaunay3" }, "geometry": { "type": "LineString", "coordinates": [ [ 12.984467, 56.159318 ], [ 16.660767, 57.43682 ] ] } },
{ "type": "Feature", "properties": { "voltage_kv": 380.0, "from_node": 56, "to_node": 58, "length_km": 115.58584332304713, "delaunay_k": 3, "edge_set": "Delaunay3" }, "geometry": { "type": "LineString", "coordinates": [ [ 12.991333, 56.771541 ], [ 13.145142, 55.737162 ] ] } },
{ "type": "Feature", "properties": { "voltage_kv": 380.0, "from_node": 56, "to_node": 59, "length_km": 133.09942263746413, "delaunay_k": 3, "edge_set": "Delaunay3" }, "geometry": { "type": "LineString", "coordinates": [ [ 12.991333, 56.771541 ], [ 13.189087, 55.58145 ] ] } },
{ "type": "Feature", "properties": { "voltage_kv": 380.0, "from_node": 56, "to_node": 65, "length_km": 206.2552930992756, "delaunay_k": 3, "edge_set": "Delaunay3" }, "geometry": { "type": "LineString", "coordinates": [ [ 12.991333, 56.771541 ], [ 13.878479, 58.56109 ] ] } },
{ "type": "Feature", "properties": { "voltage_kv": 380.0, "from_node": 56, "to_node": 73, "length_km": 124.56457679242872, "delaunay_k": 3, "edge_set": "Delaunay3" }, "geometry": { "type": "LineString", "coordinates": [ [ 12.991333, 56.771541 ], [ 14.790344, 56.260134 ] ] } },
{ "type": "Feature", "properties": { "voltage_kv": 380.0, "from_node": 56, "to_node": 74, "length_km": 132.26543543566652, "delaunay_k": 3, "edge_set": "Delaunay3" }, "geometry": { "type": "LineString", "coordinates": [ [ 12.991333, 56.771541 ], [ 14.845276, 56.173846 ] ] } },
{ "type": "Feature", "properties": { "voltage_kv": 380.0, "from_node": 56, "to_node": 78, "length_km": 214.10383957314281, "delaunay_k": 3, "edge_set": "Delaunay3" }, "geometry": { "type": "LineString", "coordinates": [ [ 12.991333, 56.771541 ], [ 15.195465, 58.28423 ] ] } },
{ "type": "Feature", "properties": { "voltage_kv": 380.0, "from_node": 56, "to_node": 90, "length_km": 234.49970690617872, "delaunay_k": 3, "edge_set": "Delaunay3" }, "geometry": { "type": "LineString", "coordinates": [ [ 12.991333, 56.771541 ], [ 16.660767, 57.43682 ] ] } },
{ "type": "Feature", "properties": { "voltage_kv": 380.0, "from_node": 57, "to_node": 62, "length_km": 124.04915158561596, "delaunay_k": 3, "edge_set": "Delaunay3" }, "geometry": { "type": "LineString", "coordinates": [ [ 13.066864, 56.937483 ], [ 13.580475, 55.86067 ] ] } },
{ "type": "Feature", "properties": { "voltage_kv": 380.0, "from_node": 57, "to_node": 73, "length_km": 130.02261904337877, "delaunay_k": 3, "edge_set": "Delaunay3" }, "geometry": { "type": "LineString", "coordinates": [ [ 13.066864, 56.937483 ], [ 14.790344, 56.260134 ] ] } },
{ "type": "Feature", "properties": { "voltage_kv": 380.0, "from_node": 57, "to_node": 74, "length_km": 138.57113830801941, "delaunay_k": 3, "edge_set": "Delaunay3" }, "geometry": { "type": "LineString", "coordinates": [ [ 13.066864, 56.937483 ], [ 14.845276, 56.173846 ] ] } },
{ "type": "Feature", "properties": { "voltage_kv": 380.0, "from_node": 57, "to_node": 75, "length_km": 265.09520897726509, "delaunay_k": 3, "edge_set": "Delaunay3" }, "geometry": { "type": "LineString", "coordinates": [ [ 13.066864, 56.937483 ], [ 15.125427, 59.05115 ] ] } },
{ "type": "Feature", "properties": { "voltage_kv": 380.0, "from_node": 57, "to_node": 78, "length_km": 196.73658909461264, "delaunay_k": 3, "edge_set": "Delaunay3" }, "geometry": { "type": "LineString", "coordinates": [ [ 13.066864, 56.937483 ], [ 15.195465, 58.28423 ] ] } },
{ "type": "Feature", "properties": { "voltage_kv": 380.0, "from_node": 57, "to_node": 90, "length_km": 224.42191685035954, "delaunay_k": 3, "edge_set": "Delaunay3" }, "geometry": { "type": "LineString", "coordinates": [ [ 13.066864, 56.937483 ], [ 16.660767, 57.43682 ] ] } },
{ "type": "Feature", "properties": { "voltage_kv": 380.0, "from_node": 58, "to_node": 68, "length_km": 142.56418268399867, "delaunay_k": 3, "edge_set": "Delaunay3" }, "geometry": { "type": "LineString", "coordinates": [ [ 13.145142, 55.737162 ], [ 14.40033, 56.809901 ] ] } },
{ "type": "Feature", "properties": { "voltage_kv": 380.0, "from_node": 58, "to_node": 83, "length_km": 180.27724228622731, "delaunay_k": 3, "edge_set": "Delaunay3" }, "geometry": { "type": "LineString", "coordinates": [ [ 13.145142, 55.737162 ], [ 15.542908, 56.649432 ] ] } },
{ "type": "Feature", "properties": { "voltage_kv": 380.0, "from_node": 59, "to_node": 68, "length_km": 156.12777958449294, "delaunay_k": 3, "edge_set": "Delaunay3" }, "geometry": { "type": "LineString", "coordinates": [ [ 13.189087, 55.58145 ], [ 14.40033, 56.809901 ] ] } },
{ "type": "Feature", "properties": { "voltage_kv": 380.0, "from_node": 59, "to_node": 70, "length_km": 262.18685239246963, "delaunay_k": 3, "edge_set": "Delaunay3" }, "geometry": { "type": "LineString", "coordinates": [ [ 13.189087, 55.58145 ], [ 14.625549, 57.798676 ] ] } },
{ "type": "Feature", "properties": { "voltage_kv": 380.0, "from_node": 59, "to_node": 90, "length_km": 297.39606686498257, "delaunay_k": 3, "edge_set": "Delaunay3" }, "geometry": { "type": "LineString", "coordinates": [ [ 13.189087, 55.58145 ], [ 16.660767, 57.43682 ] ] } },
{ "type": "Feature", "properties": { "voltage_kv": 380.0, "from_node": 60, "to_node": 62, "length_km": 187.17336899139144, "delaunay_k": 3, "edge_set": "Delaunay3" }, "geometry": { "type": "LineString", "coordinates": [ [ 13.414307, 57.53868 ], [ 13.580475, 55.86067 ] ] } },
{ "type": "Feature", "properties": { "voltage_kv": 380.0, "from_node": 60, "to_node": 73, "length_km": 165.28665319829992, "delaunay_k": 3, "edge_set": "Delaunay3" }, "geometry": { "type": "LineString", "coordinates": [ [ 13.414307, 57.53868 ], [ 14.790344, 56.260134 ] ] } },
{ "type": "Feature", "properties": { "voltage_kv": 380.0, "from_node": 60, "to_node": 74, "length_km": 175.32952081106976, "delaunay_k": 3, "edge_set": "Delaunay3" }, "geometry": { "type": "LineString", "coordinates": [ [ 13.414307, 57.53868 ], [ 14.845276, 56.173846 ] ] } },
{ "type": "Feature", "properties": { "voltage_kv": 380.0, "from_node": 60, "to_node": 76, "length_km": 209.61230105739804, "delaunay_k": 3, "edge_set": "Delaunay3" }, "geometry": { "type": "LineString", "coordinates": [ [ 13.414307, 57.53868 ], [ 15.184479, 59.173817 ] ] } },
{ "type": "Feature", "properties": { "voltage_kv": 380.0, "from_node": 60, "to_node": 77, "length_km": 336.3791376905196, "delaunay_k": 3, "edge_set": "Delaunay3" }, "geometry": { "type": "LineString", "coordinates": [ [ 13.414307, 57.53868 ], [ 15.188599, 60.415208 ] ] } },
{ "type": "Feature", "properties": { "voltage_kv": 380.0, "from_node": 60, "to_node": 80, "length_km": 239.46161741785616, "delaunay_k": 3, "edge_set": "Delaunay3" }, "geometry": { "type": "LineString", "coordinates": [ [ 13.414307, 57.53868 ], [ 15.231171, 59.466013 ] ] } },
{ "type": "Feature", "properties": { "voltage_kv": 380.0, "from_node": 60, "to_node": 81, "length_km": 302.45788700512338, "delaunay_k": 3, "edge_set": "Delaunay3" }, "geometry": { "type": "LineString", "coordinates": [ [ 13.414307, 57.53868 ], [ 15.387726, 60.052503 ] ] } },
{ "type": "Feature", "properties": { "voltage_kv": 380.0, "from_node": 60, "to_node": 87, "length_km": 201.91558921765431, "delaunay_k": 3, "edge_set": "Delaunay3" }, "geometry": { "type": "LineString", "coordinates": [ [ 13.414307, 57.53868 ], [ 16.035919, 58.70477 ] ] } },
{ "type": "Feature", "properties": { "voltage_kv": 380.0, "from_node": 60, "to_node": 88, "length_km": 190.9403257865624, "delaunay_k": 3, "edge_set": "Delaunay3" }, "geometry": { "type": "LineString", "coordinates": [ [ 13.414307, 57.53868 ], [ 16.096344, 58.492976 ] ] } },
{ "type": "Feature", "properties": { "voltage_kv": 380.0, "from_node": 60, "to_node": 90, "length_km": 195.14612328399875, "delaunay_k": 3, "edge_set": "Delaunay3" }, "geometry": { "type": "LineString", "coordinates": [ [ 13.414307, 57.53868 ], [ 16.660767, 57.43682 ] ] } },
{ "type": "Feature", "properties": { "voltage_kv": 380.0, "from_node": 61, "to_node": 81, "length_km": 383.49413311400673, "delaunay_k": 3, "edge_set": "Delaunay3" }, "geometry": { "type": "LineString", "coordinates": [ [ 13.458252, 63.368755 ], [ 15.387726, 60.052503 ] ] } },
{ "type": "Feature", "properties": { "voltage_kv": 380.0, "from_node": 61, "to_node": 82, "length_km": 346.32394075179843, "delaunay_k": 3, "edge_set": "Delaunay3" }, "geometry": { "type": "LineString", "coordinates": [ [ 13.458252, 63.368755 ], [ 15.442657, 60.406393 ] ] } },
{ "type": "Feature", "properties": { "voltage_kv": 380.0, "from_node": 61, "to_node": 84, "length_km": 450.02689414776944, "delaunay_k": 3, "edge_set": "Delaunay3" }, "geometry": { "type": "LineString", "coordinates": [ [ 13.458252, 63.368755 ], [ 15.757141, 67.288485 ] ] } },
{ "type": "Feature", "properties": { "voltage_kv": 380.0, "from_node": 61, "to_node": 92, "length_km": 160.63477345577334, "delaunay_k": 3, "edge_set": "Delaunay3" }, "geometry": { "type": "LineString", "coordinates": [ [ 13.458252, 63.368755 ], [ 16.663513, 63.486702 ] ] } },
{ "type": "Feature", "properties": { "voltage_kv": 380.0, "from_node": 61, "to_node": 95, "length_km": 174.03995162322965, "delaunay_k": 3, "edge_set": "Delaunay3" }, "geometry": { "type": "LineString", "coordinates": [ [ 13.458252, 63.368755 ], [ 16.923065, 63.549164 ] ] } },
{ "type": "Feature", "properties": { "voltage_kv": 380.0, "from_node": 61, "to_node": 96, "length_km": 349.36863383032346, "delaunay_k": 3, "edge_set": "Delaunay3" }, "geometry": { "type": "LineString", "coordinates": [ [ 13.458252, 63.368755 ], [ 16.931305, 60.692679 ] ] } },
{ "type": "Feature", "properties": { "voltage_kv": 380.0, "from_node": 61, "to_node": 106, "length_km": 227.64584550405863, "delaunay_k": 3, "edge_set": "Delaunay3" }, "geometry": { "type": "LineString", "coordinates": [ [ 13.458252, 63.368755 ], [ 17.468262, 62.460297 ] ] } },
{ "type": "Feature", "properties": { "voltage_kv": 380.0, "from_node": 61, "to_node": 119, "length_km": 239.38562324825639, "delaunay_k": 3, "edge_set": "Delaunay3" }, "geometry": { "type": "LineString", "coordinates": [ [ 13.458252, 63.368755 ], [ 18.242798, 63.401361 ] ] } },
{ "type": "Feature", "properties": { "voltage_kv": 380.0, "from_node": 61, "to_node": 123, "length_km": 298.5936860219897, "delaunay_k": 3, "edge_set": "Delaunay3" }, "geometry": { "type": "LineString", "coordinates": [ [ 13.458252, 63.368755 ], [ 19.029694, 64.440225 ] ] } },
{ "type": "Feature", "properties": { "voltage_kv": 380.0, "from_node": 61, "to_node": 125, "length_km": 357.07677774971575, "delaunay_k": 3, "edge_set": "Delaunay3" }, "geometry": { "type": "LineString", "coordinates": [ [ 13.458252, 63.368755 ], [ 19.736938, 65.032742 ] ] } },
{ "type": "Feature", "properties": { "voltage_kv": 380.0, "from_node": 62, "to_node": 67, "length_km": 210.3825290298621, "delaunay_k": 3, "edge_set": "Delaunay3" }, "geometry": { "type": "LineString", "coordinates": [ [ 13.580475, 55.86067 ], [ 14.197083, 57.718819 ] ] } },
{ "type": "Feature", "properties": { "voltage_kv": 380.0, "from_node": 62, "to_node": 70, "length_km": 225.11810727437478, "delaunay_k": 3, "edge_set": "Delaunay3" }, "geometry": { "type": "LineString", "coordinates": [ [ 13.580475, 55.86067 ], [ 14.625549, 57.798676 ] ] } },
{ "type": "Feature", "properties": { "voltage_kv": 380.0, "from_node": 62, "to_node": 90, "length_km": 258.02539823593656, "delaunay_k": 3, "edge_set": "Delaunay3" }, "geometry": { "type": "LineString", "coordinates": [ [ 13.580475, 55.86067 ], [ 16.660767, 57.43682 ] ] } },
{ "type": "Feature", "properties": { "voltage_kv": 380.0, "from_node": 63, "to_node": 71, "length_km": 405.21886641723785, "delaunay_k": 3, "edge_set": "Delaunay3" }, "geometry": { "type": "LineString", "coordinates": [ [ 13.763123, 66.142743 ], [ 14.734039, 62.533228 ] ] } },
{ "type": "Feature", "properties": { "voltage_kv": 380.0, "from_node": 63, "to_node": 89, "length_km": 315.00222846901727, "delaunay_k": 3, "edge_set": "Delaunay3" }, "geometry": { "type": "LineString", "coordinates": [ [ 13.763123, 66.142743 ], [ 16.254272, 63.524685 ] ] } },
{ "type": "Feature", "properties": { "voltage_kv": 380.0, "from_node": 63, "to_node": 93, "length_km": 313.17877223906254, "delaunay_k": 3, "edge_set": "Delaunay3" }, "geometry": { "type": "LineString", "coordinates": [ [ 13.763123, 66.142743 ], [ 16.791229, 63.646259 ] ] } },
{ "type": "Feature", "properties": { "voltage_kv": 380.0, "from_node": 63, "to_node": 98, "length_km": 431.47991196558951, "delaunay_k": 3, "edge_set": "Delaunay3" }, "geometry": { "type": "LineString", "coordinates": [ [ 13.763123, 66.142743 ], [ 17.024689, 62.540828 ] ] } },
{ "type": "Feature", "properties": { "voltage_kv": 380.0, "from_node": 63, "to_node": 102, "length_km": 367.77332267220709, "delaunay_k": 3, "edge_set": "Delaunay3" }, "geometry": { "type": "LineString", "coordinates": [ [ 13.763123, 66.142743 ], [ 17.167511, 63.184727 ] ] } },
{ "type": "Feature", "properties": { "voltage_kv": 380.0, "from_node": 63, "to_node": 104, "length_km": 271.87761360064212, "delaunay_k": 3, "edge_set": "Delaunay3" }, "geometry": { "type": "LineString", "coordinates": [ [ 13.763123, 66.142743 ], [ 17.288361, 68.158786 ] ] } },
{ "type": "Feature", "properties": { "voltage_kv": 380.0, "from_node": 63, "to_node": 107, "length_km": 216.27522902901504, "delaunay_k": 3, "edge_set": "Delaunay3" }, "geometry": { "type": "LineString", "coordinates": [ [ 13.763123, 66.142743 ], [ 17.541046, 64.996778 ] ] } },
{ "type": "Feature", "properties": { "voltage_kv": 380.0, "from_node": 63, "to_node": 112, "length_km": 247.36062999570404, "delaunay_k": 3, "edge_set": "Delaunay3" }, "geometry": { "type": "LineString", "coordinates": [ [ 13.763123, 66.142743 ], [ 17.992859, 67.610267 ] ] } },
{ "type": "Feature", "properties": { "voltage_kv": 380.0, "from_node": 63, "to_node": 120, "length_km": 252.21273489684341, "delaunay_k": 3, "edge_set": "Delaunay3" }, "geometry": { "type": "LineString", "coordinates": [ [ 13.763123, 66.142743 ], [ 18.366394, 67.492803 ] ] } },
{ "type": "Feature", "properties": { "voltage_kv": 380.0, "from_node": 63, "to_node": 122, "length_km": 389.07599774794454, "delaunay_k": 3, "edge_set": "Delaunay3" }, "geometry": { "type": "LineString", "coordinates": [ [ 13.763123, 66.142743 ], [ 18.864899, 69.038124 ] ] } },
{ "type": "Feature", "properties": { "voltage_kv": 380.0, "from_node": 63, "to_node": 125, "length_km": 302.2338579287599, "delaunay_k": 3, "edge_set": "Delaunay3" }, "geometry": { "type": "LineString", "coordinates": [ [ 13.763123, 66.142743 ], [ 19.736938, 65.032742 ] ] } },
{ "type": "Feature", "properties": { "voltage_kv": 380.0, "from_node": 63, "to_node": 126, "length_km": 282.78238950293292, "delaunay_k": 3, "edge_set": "Delaunay3" }, "geometry": { "type": "LineString", "coordinates": [ [ 13.763123, 66.142743 ], [ 19.864655, 66.843267 ] ] } },
{ "type": "Feature", "properties": { "voltage_kv": 380.0, "from_node": 63, "to_node": 127, "length_km": 286.56712055519131, "delaunay_k": 3, "edge_set": "Delaunay3" }, "geometry": { "type": "LineString", "coordinates": [ [ 13.763123, 66.142743 ], [ 19.866028, 66.975221 ] ] } },
{ "type": "Feature", "properties": { "voltage_kv": 380.0, "from_node": 63, "to_node": 128, "length_km": 287.67073599008211, "delaunay_k": 3, "edge_set": "Delaunay3" }, "geometry": { "type": "LineString", "coordinates": [ [ 13.763123, 66.142743 ], [ 20.037689, 66.729595 ] ] } },
{ "type": "Feature", "properties": { "voltage_kv": 380.0, "from_node": 63, "to_node": 131, "length_km": 304.7196796092519, "delaunay_k": 3, "edge_set": "Delaunay3" }, "geometry": { "type": "LineString", "coordinates": [ [ 13.763123, 66.142743 ], [ 20.452423, 66.669299 ] ] } },
{ "type": "Feature", "properties": { "voltage_kv": 380.0, "from_node": 63, "to_node": 135, "length_km": 360.53775939824686, "delaunay_k": 3, "edge_set": "Delaunay3" }, "geometry": { "type": "LineString", "coordinates": [ [ 13.763123, 66.142743 ], [ 21.656799, 65.826407 ] ] } },
{ "type": "Feature", "properties": { "voltage_kv": 380.0, "from_node": 63, "to_node": 145, "length_km": 422.86860799959351, "delaunay_k": 3, "edge_set": "Delaunay3" }, "geometry": { "type": "LineString", "coordinates": [ [ 13.763123, 66.142743 ], [ 23.072662, 65.938074 ] ] } },
{ "type": "Feature", "properties": { "voltage_kv": 380.0, "from_node": 64, "to_node": 69, "length_km": 468.65895835660734, "delaunay_k": 3, "edge_set": "Delaunay3" }, "geometry": { "type": "LineString", "coordinates": [ [ 13.807068, 66.707884 ], [ 14.515686, 62.516121 ] ] } },
{ "type": "Feature", "properties": { "voltage_kv": 380.0, "from_node": 64, "to_node": 79, "length_km": 392.56524972857295, "delaunay_k": 3, "edge_set": "Delaunay3" }, "geometry": { "type": "LineString", "coordinates": [ [ 13.807068, 66.707884 ], [ 15.206451, 63.237956 ] ] } },
{ "type": "Feature", "properties": { "voltage_kv": 380.0, "from_node": 64, "to_node": 85, "length_km": 361.48001461736618, "delaunay_k": 3, "edge_set": "Delaunay3" }, "geometry": { "type": "LineString", "coordinates": [ [ 13.807068, 66.707884 ], [ 15.846405, 63.582177 ] ] } },
{ "type": "Feature", "properties": { "voltage_kv": 380.0, "from_node": 64, "to_node": 100, "length_km": 221.90634685805159, "delaunay_k": 3, "edge_set": "Delaunay3" }, "geometry": { "type": "LineString", "coordinates": [ [ 13.807068, 66.707884 ], [ 17.049408, 65.221045 ] ] } },
{ "type": "Feature", "properties": { "voltage_kv": 380.0, "from_node": 64, "to_node": 124, "length_km": 358.08844604079081, "delaunay_k": 3, "edge_set": "Delaunay3" }, "geometry": { "type": "LineString", "coordinates": [ [ 13.807068, 66.707884 ], [ 19.24942, 69.183065 ] ] } },
{ "type": "Feature", "properties": { "voltage_kv": 380.0, "from_node": 64, "to_node": 126, "length_km": 267.1989421809908, "delaunay_k": 3, "edge_set": "Delaunay3" }, "geometry": { "type": "LineString", "coordinates": [ [ 13.807068, 66.707884 ], [ 19.864655, 66.843267 ] ] } },
{ "type": "Feature", "properties": { "voltage_kv": 380.0, "from_node": 64, "to_node": 127, "length_km": 267.77871290251875, "delaunay_k": 3, "edge_set": "Delaunay3" }, "geometry": { "type": "LineString", "coordinates": [ [ 13.807068, 66.707884 ], [ 19.866028, 66.975221 ] ] } },
{ "type": "Feature", "properties": { "voltage_kv": 380.0, "from_node": 64, "to_node": 128, "length_km": 275.03982973265471, "delaunay_k": 3, "edge_set": "Delaunay3" }, "geometry": { "type": "LineString", "coordinates": [ [ 13.807068, 66.707884 ], [ 20.037689, 66.729595 ] ] } },
{ "type": "Feature", "properties": { "voltage_kv": 380.0, "from_node": 64, "to_node": 130, "length_km": 294.51049199597992, "delaunay_k": 3, "edge_set": "Delaunay3" }, "geometry": { "type": "LineString", "coordinates": [ [ 13.807068, 66.707884 ], [ 20.429077, 66.505049 ] ] } },
{ "type": "Feature", "properties": { "voltage_kv": 380.0, "from_node": 65, "to_node": 69, "length_km": 442.19140213897504, "delaunay_k": 3, "edge_set": "Delaunay3" }, "geometry": { "type": "LineString", "coordinates": [ [ 13.878479, 58.56109 ], [ 14.515686, 62.516121 ] ] } },
{ "type": "Feature", "properties": { "voltage_kv": 380.0, "from_node": 65, "to_node": 71, "length_km": 445.20169006759812, "delaunay_k": 3, "edge_set": "Delaunay3" }, "geometry": { "type": "LineString", "coordinates": [ [ 13.878479, 58.56109 ], [ 14.734039, 62.533228 ] ] } },
{ "type": "Feature", "properties": { "voltage_kv": 380.0, "from_node": 65, "to_node": 72, "length_km": 254.48287798460655, "delaunay_k": 3, "edge_set": "Delaunay3" }, "geometry": { "type": "LineString", "coordinates": [ [ 13.878479, 58.56109 ], [ 14.749146, 56.325675 ] ] } },
{ "type": "Feature", "properties": { "voltage_kv": 380.0, "from_node": 65, "to_node": 73, "length_km": 262.14940435596981, "delaunay_k": 3, "edge_set": "Delaunay3" }, "geometry": { "type": "LineString", "coordinates": [ [ 13.878479, 58.56109 ], [ 14.790344, 56.260134 ] ] } },
{ "type": "Feature", "properties": { "voltage_kv": 380.0, "from_node": 65, "to_node": 74, "length_km": 272.25823576115965, "delaunay_k": 3, "edge_set": "Delaunay3" }, "geometry": { "type": "LineString", "coordinates": [ [ 13.878479, 58.56109 ], [ 14.845276, 56.173846 ] ] } },
{ "type": "Feature", "properties": { "voltage_kv": 380.0, "from_node": 65, "to_node": 82, "length_km": 223.95302701085501, "delaunay_k": 3, "edge_set": "Delaunay3" }, "geometry": { "type": "LineString", "coordinates": [ [ 13.878479, 58.56109 ], [ 15.442657, 60.406393 ] ] } },
{ "type": "Feature", "properties": { "voltage_kv": 380.0, "from_node": 65, "to_node": 91, "length_km": 167.83675784034455, "delaunay_k": 3, "edge_set": "Delaunay3" }, "geometry": { "type": "LineString", "coordinates": [ [ 13.878479, 58.56109 ], [ 16.660767, 58.984699 ] ] } },
{ "type": "Feature", "properties": { "voltage_kv": 380.0, "from_node": 65, "to_node": 96, "length_km": 293.5025460646217, "delaunay_k": 3, "edge_set": "Delaunay3" }, "geometry": { "type": "LineString", "coordinates": [ [ 13.878479, 58.56109 ], [ 16.931305, 60.692679 ] ] } },
{ "type": "Feature", "properties": { "voltage_kv": 380.0, "from_node": 65, "to_node": 97, "length_km": 284.17986965246217, "delaunay_k": 3, "edge_set": "Delaunay3" }, "geometry": { "type": "LineString", "coordinates": [ [ 13.878479, 58.56109 ], [ 16.972504, 60.570102 ] ] } },
{ "type": "Feature", "properties": { "voltage_kv": 380.0, "from_node": 65, "to_node": 103, "length_km": 206.29867509228296, "delaunay_k": 3, "edge_set": "Delaunay3" }, "geometry": { "type": "LineString", "coordinates": [ [ 13.878479, 58.56109 ], [ 17.218323, 59.22234 ] ] } },
{ "type": "Feature", "properties": { "voltage_kv": 380.0, "from_node": 65, "to_node": 105, "length_km": 235.94591224735564, "delaunay_k": 3, "edge_set": "Delaunay3" }, "geometry": { "type": "LineString", "coordinates": [ [ 13.878479, 58.56109 ], [ 17.329559, 59.716945 ] ] } },
{ "type": "Feature", "properties": { "voltage_kv": 380.0, "from_node": 65, "to_node": 111, "length_km": 241.77468536914716, "delaunay_k": 3, "edge_set": "Delaunay3" }, "geometry": { "type": "LineString", "coordinates": [ [ 13.878479, 58.56109 ], [ 17.932434, 59.094909 ] ] } },
{ "type": "Feature", "properties": { "voltage_kv": 380.0, "from_node": 66, "to_node": 69, "length_km": 420.27320687929529, "delaunay_k": 3, "edge_set": "Delaunay3" }, "geometry": { "type": "LineString", "coordinates": [ [ 14.191589, 66.282328 ], [ 14.515686, 62.516121 ] ] } },
{ "type": "Feature", "properties": { "voltage_kv": 380.0, "from_node": 66, "to_node": 79, "length_km": 342.93668635496186, "delaunay_k": 3, "edge_set": "Delaunay3" }, "geometry": { "type": "LineString", "coordinates": [ [ 14.191589, 66.282328 ], [ 15.206451, 63.237956 ] ] } },
{ "type": "Feature", "properties": { "voltage_kv": 380.0, "from_node": 66, "to_node": 89, "length_km": 322.69234669517789, "delaunay_k": 3, "edge_set": "Delaunay3" }, "geometry": { "type": "LineString", "coordinates": [ [ 14.191589, 66.282328 ], [ 16.254272, 63.524685 ] ] } },
{ "type": "Feature", "properties": { "voltage_kv": 380.0, "from_node": 66, "to_node": 93, "length_km": 318.62504781408609, "delaunay_k": 3, "edge_set": "Delaunay3" }, "geometry": { "type": "LineString", "coordinates": [ [ 14.191589, 66.282328 ], [ 16.791229, 63.646259 ] ] } },
{ "type": "Feature", "properties": { "voltage_kv": 380.0, "from_node": 66, "to_node": 104, "length_km": 248.46699409543086, "delaunay_k": 3, "edge_set": "Delaunay3" }, "geometry": { "type": "LineString", "coordinates": [ [ 14.191589, 66.282328 ], [ 17.288361, 68.158786 ] ] } },
{ "type": "Feature", "properties": { "voltage_kv": 380.0, "from_node": 66, "to_node": 107, "length_km": 210.62374324377549, "delaunay_k": 3, "edge_set": "Delaunay3" }, "geometry": { "type": "LineString", "coordinates": [ [ 14.191589, 66.282328 ], [ 17.541046, 64.996778 ] ] } },
{ "type": "Feature", "properties": { "voltage_kv": 380.0, "from_node": 66, "to_node": 122, "length_km": 365.77883000038582, "delaunay_k": 3, "edge_set": "Delaunay3" }, "geometry": { "type": "LineString", "coordinates": [ [ 14.191589, 66.282328 ], [ 18.864899, 69.038124 ] ] } },
{ "type": "Feature", "properties": { "voltage_kv": 380.0, "from_node": 66, "to_node": 124, "length_km": 387.85558253301673, "delaunay_k": 3, "edge_set": "Delaunay3" }, "geometry": { "type": "LineString", "coordinates": [ [ 14.191589, 66.282328 ], [ 19.24942, 69.183065 ] ] } },
{ "type": "Feature", "properties": { "voltage_kv": 380.0, "from_node": 66, "to_node": 125, "length_km": 290.84698268311018, "delaunay_k": 3, "edge_set": "Delaunay3" }, "geometry": { "type": "LineString", "coordinates": [ [ 14.191589, 66.282328 ], [ 19.736938, 65.032742 ] ] } },
{ "type": "Feature", "properties": { "voltage_kv": 380.0, "from_node": 66, "to_node": 131, "length_km": 282.42706369208702, "delaunay_k": 3, "edge_set": "Delaunay3" }, "geometry": { "type": "LineString", "coordinates": [ [ 14.191589, 66.282328 ], [ 20.452423, 66.669299 ] ] } },
{ "type": "Feature", "properties": { "voltage_kv": 380.0, "from_node": 66, "to_node": 135, "length_km": 342.24187246185488, "delaunay_k": 3, "edge_set": "Delaunay3" }, "geometry": { "type": "LineString", "coordinates": [ [ 14.191589, 66.282328 ], [ 21.656799, 65.826407 ] ] } },
{ "type": "Feature", "properties": { "voltage_kv": 380.0, "from_node": 66, "to_node": 145, "length_km": 403.5987466125863, "delaunay_k": 3, "edge_set": "Delaunay3" }, "geometry": { "type": "LineString", "coordinates": [ [ 14.191589, 66.282328 ], [ 23.072662, 65.938074 ] ] } },
{ "type": "Feature", "properties": { "voltage_kv": 380.0, "from_node": 67, "to_node": 73, "length_km": 166.47029879337424, "delaunay_k": 3, "edge_set": "Delaunay3" }, "geometry": { "type": "LineString", "coordinates": [ [ 14.197083, 57.718819 ], [ 14.790344, 56.260134 ] ] } },
{ "type": "Feature", "properties": { "voltage_kv": 380.0, "from_node": 67, "to_node": 74, "length_km": 176.59358206151083, "delaunay_k": 3, "edge_set": "Delaunay3" }, "geometry": { "type": "LineString", "coordinates": [ [ 14.197083, 57.718819 ], [ 14.845276, 56.173846 ] ] } },
{ "type": "Feature", "properties": { "voltage_kv": 380.0, "from_node": 67, "to_node": 76, "length_km": 172.09544507633882, "delaunay_k": 3, "edge_set": "Delaunay3" }, "geometry": { "type": "LineString", "coordinates": [ [ 14.197083, 57.718819 ], [ 15.184479, 59.173817 ] ] } },
{ "type": "Feature", "properties": { "voltage_kv": 380.0, "from_node": 67, "to_node": 77, "length_km": 305.8378111810934, "delaunay_k": 3, "edge_set": "Delaunay3" }, "geometry": { "type": "LineString", "coordinates": [ [ 14.197083, 57.718819 ], [ 15.188599, 60.415208 ] ] } },
{ "type": "Feature", "properties": { "voltage_kv": 380.0, "from_node": 67, "to_node": 80, "length_km": 203.78798043189821, "delaunay_k": 3, "edge_set": "Delaunay3" }, "geometry": { "type": "LineString", "coordinates": [ [ 14.197083, 57.718819 ], [ 15.231171, 59.466013 ] ] } },
{ "type": "Feature", "properties": { "voltage_kv": 380.0, "from_node": 67, "to_node": 81, "length_km": 268.99298562854676, "delaunay_k": 3, "edge_set": "Delaunay3" }, "geometry": { "type": "LineString", "coordinates": [ [ 14.197083, 57.718819 ], [ 15.387726, 60.052503 ] ] } },
{ "type": "Feature", "properties": { "voltage_kv": 380.0, "from_node": 67, "to_node": 87, "length_km": 154.17601506960736, "delaunay_k": 3, "edge_set": "Delaunay3" }, "geometry": { "type": "LineString", "coordinates": [ [ 14.197083, 57.718819 ], [ 16.035919, 58.70477 ] ] } },
{ "type": "Feature", "properties": { "voltage_kv": 380.0, "from_node": 67, "to_node": 88, "length_km": 141.41001026839629, "delaunay_k": 3, "edge_set": "Delaunay3" }, "geometry": { "type": "LineString", "coordinates": [ [ 14.197083, 57.718819 ], [ 16.096344, 58.492976 ] ] } },
{ "type": "Feature", "properties": { "voltage_kv": 380.0, "from_node": 68, "to_node": 75, "length_km": 253.41884880659649, "delaunay_k": 3, "edge_set": "Delaunay3" }, "geometry": { "type": "LineString", "coordinates": [ [ 14.40033, 56.809901 ], [ 15.125427, 59.05115 ] ] } },
{ "type": "Feature", "properties": { "voltage_kv": 380.0, "from_node": 68, "to_node": 87, "length_km": 232.55655859944684, "delaunay_k": 3, "edge_set": "Delaunay3" }, "geometry": { "type": "LineString", "coordinates": [ [ 14.40033, 56.809901 ], [ 16.035919, 58.70477 ] ] } },
{ "type": "Feature", "properties": { "voltage_kv": 380.0, "from_node": 68, "to_node": 88, "length_km": 213.18029663485225, "delaunay_k": 3, "edge_set": "Delaunay3" }, "geometry": { "type": "LineString", "coordinates": [ [ 14.40033, 56.809901 ], [ 16.096344, 58.492976 ] ] } },
{ "type": "Feature", "properties": { "voltage_kv": 380.0, "from_node": 69, "to_node": 75, "length_km": 387.68591525912495, "delaunay_k": 3, "edge_set": "Delaunay3" }, "geometry": { "type": "LineString", "coordinates": [ [ 14.515686, 62.516121 ], [ 15.125427, 59.05115 ] ] } },
{ "type": "Feature", "properties": { "voltage_kv": 380.0, "from_node": 69, "to_node": 76, "length_km": 374.36151817567071, "delaunay_k": 3, "edge_set": "Delaunay3" }, "geometry": { "type": "LineString", "coordinates": [ [ 14.515686, 62.516121 ], [ 15.184479, 59.173817 ] ] } },
{ "type": "Feature", "properties": { "voltage_kv": 380.0, "from_node": 69, "to_node": 80, "length_km": 342.22397152901124, "delaunay_k": 3, "edge_set": "Delaunay3" }, "geometry": { "type": "LineString", "coordinates": [ [ 14.515686, 62.516121 ], [ 15.231171, 59.466013 ] ] } },
{ "type": "Feature", "properties": { "voltage_kv": 380.0, "from_node": 69, "to_node": 92, "length_km": 153.52757762068549, "delaunay_k": 3, "edge_set": "Delaunay3" }, "geometry": { "type": "LineString", "coordinates": [ [ 14.515686, 62.516121 ], [ 16.663513, 63.486702 ] ] } },
{ "type": "Feature", "properties": { "voltage_kv": 380.0, "from_node": 69, "to_node": 93, "length_km": 170.64130337146852, "delaunay_k": 3, "edge_set": "Delaunay3" }, "geometry": { "type": "LineString", "coordinates": [ [ 14.515686, 62.516121 ], [ 16.791229, 63.646259 ] ] } },
{ "type": "Feature", "properties": { "voltage_kv": 380.0, "from_node": 69, "to_node": 95, "length_km": 167.73394277077071, "delaunay_k": 3, "edge_set": "Delaunay3" }, "geometry": { "type": "LineString", "coordinates": [ [ 14.515686, 62.516121 ], [ 16.923065, 63.549164 ] ] } },
{ "type": "Feature", "properties": { "voltage_kv": 380.0, "from_node": 69, "to_node": 97, "length_km": 253.32105442500824, "delaunay_k": 3, "edge_set": "Delaunay3" }, "geometry": { "type": "LineString", "coordinates": [ [ 14.515686, 62.516121 ], [ 16.972504, 60.570102 ] ] } },
{ "type": "Feature", "properties": { "voltage_kv": 380.0, "from_node": 69, "to_node": 99, "length_km": 250.12580798341614, "delaunay_k": 3, "edge_set": "Delaunay3" }, "geometry": { "type": "LineString", "coordinates": [ [ 14.515686, 62.516121 ], [ 17.045288, 60.624713 ] ] } },
{ "type": "Feature", "properties": { "voltage_kv": 380.0, "from_node": 69, "to_node": 100, "length_km": 326.37745845599352, "delaunay_k": 3, "edge_set": "Delaunay3" }, "geometry": { "type": "LineString", "coordinates": [ [ 14.515686, 62.516121 ], [ 17.049408, 65.221045 ] ] } },
{ "type": "Feature", "properties": { "voltage_kv": 380.0, "from_node": 69, "to_node": 105, "length_km": 347.05097852830357, "delaunay_k": 3, "edge_set": "Delaunay3" }, "geometry": { "type": "LineString", "coordinates": [ [ 14.515686, 62.516121 ], [ 17.329559, 59.716945 ] ] } },
{ "type": "Feature", "properties": { "voltage_kv": 380.0, "from_node": 69, "to_node": 106, "length_km": 152.45558030729708, "delaunay_k": 3, "edge_set": "Delaunay3" }, "geometry": { "type": "LineString", "coordinates": [ [ 14.515686, 62.516121 ], [ 17.468262, 62.460297 ] ] } },
{ "type": "Feature", "properties": { "voltage_kv": 380.0, "from_node": 69, "to_node": 107, "length_km": 314.39792545869352, "delaunay_k": 3, "edge_set": "Delaunay3" }, "geometry": { "type": "LineString", "coordinates": [ [ 14.515686, 62.516121 ], [ 17.541046, 64.996778 ] ] } },
{ "type": "Feature", "properties": { "voltage_kv": 380.0, "from_node": 69, "to_node": 119, "length_km": 213.45564898593835, "delaunay_k": 3, "edge_set": "Delaunay3" }, "geometry": { "type": "LineString", "coordinates": [ [ 14.515686, 62.516121 ], [ 18.242798, 63.401361 ] ] } },
{ "type": "Feature", "properties": { "voltage_kv": 380.0, "from_node": 70, "to_node": 76, "length_km": 156.68662533382644, "delaunay_k": 3, "edge_set": "Delaunay3" }, "geometry": { "type": "LineString", "coordinates": [ [ 14.625549, 57.798676 ], [ 15.184479, 59.173817 ] ] } },
{ "type": "Feature", "properties": { "voltage_kv": 380.0, "from_node": 70, "to_node": 77, "length_km": 293.40427403353016, "delaunay_k": 3, "edge_set": "Delaunay3" }, "geometry": { "type": "LineString", "coordinates": [ [ 14.625549, 57.798676 ], [ 15.188599, 60.415208 ] ] } },
{ "type": "Feature", "properties": { "voltage_kv": 380.0, "from_node": 70, "to_node": 80, "length_km": 189.12600952437742, "delaunay_k": 3, "edge_set": "Delaunay3" }, "geometry": { "type": "LineString", "coordinates": [ [ 14.625549, 57.798676 ], [ 15.231171, 59.466013 ] ] } },
{ "type": "Feature", "properties": { "voltage_kv": 380.0, "from_node": 70, "to_node": 81, "length_km": 255.00963228262978, "delaunay_k": 3, "edge_set": "Delaunay3" }, "geometry": { "type": "LineString", "coordinates": [ [ 14.625549, 57.798676 ], [ 15.387726, 60.052503 ] ] } },
{ "type": "Feature", "properties": { "voltage_kv": 380.0, "from_node": 70, "to_node": 91, "length_km": 177.94678582854459, "delaunay_k": 3, "edge_set": "Delaunay3" }, "geometry": { "type": "LineString", "coordinates": [ [ 14.625549, 57.798676 ], [ 16.660767, 58.984699 ] ] } },
{ "type": "Feature", "properties": { "voltage_kv": 380.0, "from_node": 70, "to_node": 111, "length_km": 241.32238247347931, "delaunay_k": 3, "edge_set": "Delaunay3" }, "geometry": { "type": "LineString", "coordinates": [ [ 14.625549, 57.798676 ], [ 17.932434, 59.094909 ] ] } },
{ "type": "Feature", "properties": { "voltage_kv": 380.0, "from_node": 71, "to_node": 75, "length_km": 388.76455027015641, "delaunay_k": 3, "edge_set": "Delaunay3" }, "geometry": { "type": "LineString", "coordinates": [ [ 14.734039, 62.533228 ], [ 15.125427, 59.05115 ] ] } },
{ "type": "Feature", "properties": { "voltage_kv": 380.0, "from_node": 71, "to_node": 76, "length_km": 375.30999873417034, "delaunay_k": 3, "edge_set": "Delaunay3" }, "geometry": { "type": "LineString", "coordinates": [ [ 14.734039, 62.533228 ], [ 15.184479, 59.173817 ] ] } },
{ "type": "Feature", "properties": { "voltage_kv": 380.0, "from_node": 71, "to_node": 80, "length_km": 343.00058312671524, "delaunay_k": 3, "edge_set": "Delaunay3" }, "geometry": { "type": "LineString", "coordinates": [ [ 14.734039, 62.533228 ], [ 15.231171, 59.466013 ] ] } },
{ "type": "Feature", "properties": { "voltage_kv": 380.0, "from_node": 71, "to_node": 92, "length_km": 144.46303781674595, "delaunay_k": 3, "edge_set": "Delaunay3" }, "geometry": { "type": "LineString", "coordinates": [ [ 14.734039, 62.533228 ], [ 16.663513, 63.486702 ] ] } },
{ "type": "Feature", "properties": { "voltage_kv": 380.0, "from_node": 71, "to_node": 93, "length_km": 161.92338216714262, "delaunay_k": 3, "edge_set": "Delaunay3" }, "geometry": { "type": "LineString", "coordinates": [ [ 14.734039, 62.533228 ], [ 16.791229, 63.646259 ] ] } },
{ "type": "Feature", "properties": { "voltage_kv": 380.0, "from_node": 71, "to_node": 94, "length_km": 325.92108686306756, "delaunay_k": 3, "edge_set": "Delaunay3" }, "geometry": { "type": "LineString", "coordinates": [ [ 14.734039, 62.533228 ], [ 16.876373, 65.299207 ] ] } },
{ "type": "Feature", "properties": { "voltage_kv": 380.0, "from_node": 71, "to_node": 95, "length_km": 158.49269445406406, "delaunay_k": 3, "edge_set": "Delaunay3" }, "geometry": { "type": "LineString", "coordinates": [ [ 14.734039, 62.533228 ], [ 16.923065, 63.549164 ] ] } },
{ "type": "Feature", "properties": { "voltage_kv": 380.0, "from_node": 71, "to_node": 100, "length_km": 320.65234469932864, "delaunay_k": 3, "edge_set": "Delaunay3" }, "geometry": { "type": "LineString", "coordinates": [ [ 14.734039, 62.533228 ], [ 17.049408, 65.221045 ] ] } },
{ "type": "Feature", "properties": { "voltage_kv": 380.0, "from_node": 71, "to_node": 101, "length_km": 253.35150279922047, "delaunay_k": 3, "edge_set": "Delaunay3" }, "geometry": { "type": "LineString", "coordinates": [ [ 14.734039, 62.533228 ], [ 17.059021, 60.550528 ] ] } },
{ "type": "Feature", "properties": { "voltage_kv": 380.0, "from_node": 71, "to_node": 105, "length_km": 343.81058790427693, "delaunay_k": 3, "edge_set": "Delaunay3" }, "geometry": { "type": "LineString", "coordinates": [ [ 14.734039, 62.533228 ], [ 17.329559, 59.716945 ] ] } },
{ "type": "Feature", "properties": { "voltage_kv": 380.0, "from_node": 71, "to_node": 107, "length_km": 307.71604606220876, "delaunay_k": 3, "edge_set": "Delaunay3" }, "geometry": { "type": "LineString", "coordinates": [ [ 14.734039, 62.533228 ], [ 17.541046, 64.996778 ] ] } },
{ "type": "Feature", "properties": { "voltage_kv": 380.0, "from_node": 71, "to_node": 119, "length_km": 202.73704666312437, "delaunay_k": 3, "edge_set": "Delaunay3" }, "geometry": { "type": "LineString", "coordinates": [ [ 14.734039, 62.533228 ], [ 18.242798, 63.401361 ] ] } },
{ "type": "Feature", "properties": { "voltage_kv": 380.0, "from_node": 72, "to_node": 78, "length_km": 219.89877542626698, "delaunay_k": 3, "edge_set": "Delaunay3" }, "geometry": { "type": "LineString", "coordinates": [ [ 14.749146, 56.325675 ], [ 15.195465, 58.28423 ] ] } },
{ "type": "Feature", "properties": { "voltage_kv": 380.0, "from_node": 72, "to_node": 88, "length_km": 254.76418383481112, "delaunay_k": 3, "edge_set": "Delaunay3" }, "geometry": { "type": "LineString", "coordinates": [ [ 14.749146, 56.325675 ], [ 16.096344, 58.492976 ] ] } },
{ "type": "Feature", "properties": { "voltage_kv": 380.0, "from_node": 73, "to_node": 78, "length_km": 226.87111011496543, "delaunay_k": 3, "edge_set": "Delaunay3" }, "geometry": { "type": "LineString", "coordinates": [ [ 14.790344, 56.260134 ], [ 15.195465, 58.28423 ] ] } },
{ "type": "Feature", "properties": { "voltage_kv": 380.0, "from_node": 73, "to_node": 88, "length_km": 260.9656674515897, "delaunay_k": 3, "edge_set": "Delaunay3" }, "geometry": { "type": "LineString", "coordinates": [ [ 14.790344, 56.260134 ], [ 16.096344, 58.492976 ] ] } },
{ "type": "Feature", "properties": { "voltage_kv": 380.0, "from_node": 74, "to_node": 78, "length_km": 236.11605078787778, "delaunay_k": 3, "edge_set": "Delaunay3" }, "geometry": { "type": "LineString", "coordinates": [ [ 14.845276, 56.173846 ], [ 15.195465, 58.28423 ] ] } },
{ "type": "Feature", "properties": { "voltage_kv": 380.0, "from_node": 74, "to_node": 88, "length_km": 269.23412084580019, "delaunay_k": 3, "edge_set": "Delaunay3" }, "geometry": { "type": "LineString", "coordinates": [ [ 14.845276, 56.173846 ], [ 16.096344, 58.492976 ] ] } },
{ "type": "Feature", "properties": { "voltage_kv": 380.0, "from_node": 75, "to_node": 82, "length_km": 152.12894155837853, "delaunay_k": 3, "edge_set": "Delaunay3" }, "geometry": { "type": "LineString", "coordinates": [ [ 15.125427, 59.05115 ], [ 15.442657, 60.406393 ] ] } },
{ "type": "Feature", "properties": { "voltage_kv": 380.0, "from_node": 75, "to_node": 83, "length_km": 268.82686434842901, "delaunay_k": 3, "edge_set": "Delaunay3" }, "geometry": { "type": "LineString", "coordinates": [ [ 15.125427, 59.05115 ], [ 15.542908, 56.649432 ] ] } },
{ "type": "Feature", "properties": { "voltage_kv": 380.0, "from_node": 75, "to_node": 96, "length_km": 209.15702137661268, "delaunay_k": 3, "edge_set": "Delaunay3" }, "geometry": { "type": "LineString", "coordinates": [ [ 15.125427, 59.05115 ], [ 16.931305, 60.692679 ] ] } },
{ "type": "Feature", "properties": { "voltage_kv": 380.0, "from_node": 75, "to_node": 97, "length_km": 198.60371055143943, "delaunay_k": 3, "edge_set": "Delaunay3" }, "geometry": { "type": "LineString", "coordinates": [ [ 15.125427, 59.05115 ], [ 16.972504, 60.570102 ] ] } },
{ "type": "Feature", "properties": { "voltage_kv": 380.0, "from_node": 75, "to_node": 103, "length_km": 121.43295922581876, "delaunay_k": 3, "edge_set": "Delaunay3" }, "geometry": { "type": "LineString", "coordinates": [ [ 15.125427, 59.05115 ], [ 17.218323, 59.22234 ] ] } },
{ "type": "Feature", "properties": { "voltage_kv": 380.0, "from_node": 75, "to_node": 105, "length_km": 145.71177387609595, "delaunay_k": 3, "edge_set": "Delaunay3" }, "geometry": { "type": "LineString", "coordinates": [ [ 15.125427, 59.05115 ], [ 17.329559, 59.716945 ] ] } },
{ "type": "Feature", "properties": { "voltage_kv": 380.0, "from_node": 75, "to_node": 111, "length_km": 161.23562118480632, "delaunay_k": 3, "edge_set": "Delaunay3" }, "geometry": { "type": "LineString", "coordinates": [ [ 15.125427, 59.05115 ], [ 17.932434, 59.094909 ] ] } },
{ "type": "Feature", "properties": { "voltage_kv": 380.0, "from_node": 76, "to_node": 82, "length_km": 138.1688698316276, "delaunay_k": 3, "edge_set": "Delaunay3" }, "geometry": { "type": "LineString", "coordinates": [ [ 15.184479, 59.173817 ], [ 15.442657, 60.406393 ] ] } },
{ "type": "Feature", "properties": { "voltage_kv": 380.0, "from_node": 76, "to_node": 90, "length_km": 212.13214889617265, "delaunay_k": 3, "edge_set": "Delaunay3" }, "geometry": { "type": "LineString", "coordinates": [ [ 15.184479, 59.173817 ], [ 16.660767, 57.43682 ] ] } },
{ "type": "Feature", "properties": { "voltage_kv": 380.0, "from_node": 76, "to_node": 96, "length_km": 195.53603203907377, "delaunay_k": 3, "edge_set": "Delaunay3" }, "geometry": { "type": "LineString", "coordinates": [ [ 15.184479, 59.173817 ], [ 16.931305, 60.692679 ] ] } },
{ "type": "Feature", "properties": { "voltage_kv": 380.0, "from_node": 76, "to_node": 97, "length_km": 185.16276917812863, "delaunay_k": 3, "edge_set": "Delaunay3" }, "geometry": { "type": "LineString", "coordinates": [ [ 15.184479, 59.173817 ], [ 16.972504, 60.570102 ] ] } },
{ "type": "Feature", "properties": { "voltage_kv": 380.0, "from_node": 76, "to_node": 101, "length_km": 186.0470413804581, "delaunay_k": 3, "edge_set": "Delaunay3" }, "geometry": { "type": "LineString", "coordinates": [ [ 15.184479, 59.173817 ], [ 17.059021, 60.550528 ] ] } },
{ "type": "Feature", "properties": { "voltage_kv": 380.0, "from_node": 76, "to_node": 109, "length_km": 144.05072437171307, "delaunay_k": 3, "edge_set": "Delaunay3" }, "geometry": { "type": "LineString", "coordinates": [ [ 15.184479, 59.173817 ], [ 17.683868, 59.349996 ] ] } },
{ "type": "Feature", "properties": { "voltage_kv": 380.0, "from_node": 76, "to_node": 110, "length_km": 147.78591616988317, "delaunay_k": 3, "edge_set": "Delaunay3" }, "geometry": { "type": "LineString", "coordinates": [ [ 15.184479, 59.173817 ], [ 17.766266, 59.221637 ] ] } },
{ "type": "Feature", "properties": { "voltage_kv": 380.0, "from_node": 76, "to_node": 115, "length_km": 167.55031870487443, "delaunay_k": 3, "edge_set": "Delaunay3" }, "geometry": { "type": "LineString", "coordinates": [ [ 15.184479, 59.173817 ], [ 18.110962, 59.168187 ] ] } },
{ "type": "Feature", "properties": { "voltage_kv": 380.0, "from_node": 76, "to_node": 116, "length_km": 216.54884922929884, "delaunay_k": 3, "edge_set": "Delaunay3" }, "geometry": { "type": "LineString", "coordinates": [ [ 15.184479, 59.173817 ], [ 18.123322, 60.430121 ] ] } },
{ "type": "Feature", "properties": { "voltage_kv": 380.0, "from_node": 76, "to_node": 117, "length_km": 171.49946147380635, "delaunay_k": 3, "edge_set": "Delaunay3" }, "geometry": { "type": "LineString", "coordinates": [ [ 15.184479, 59.173817 ], [ 18.135681, 59.473686 ] ] } },
{ "type": "Feature", "properties": { "voltage_kv": 380.0, "from_node": 76, "to_node": 118, "length_km": 193.57367379607652, "delaunay_k": 3, "edge_set": "Delaunay3" }, "geometry": { "type": "LineString", "coordinates": [ [ 15.184479, 59.173817 ], [ 18.233185, 59.961198 ] ] } },
{ "type": "Feature", "properties": { "voltage_kv": 380.0, "from_node": 77, "to_node": 78, "length_km": 237.53711624222419, "delaunay_k": 3, "edge_set": "Delaunay3" }, "geometry": { "type": "LineString", "coordinates": [ [ 15.188599, 60.415208 ], [ 15.195465, 58.28423 ] ] } },
{ "type": "Feature", "properties": { "voltage_kv": 380.0, "from_node": 77, "to_node": 85, "length_km": 354.82992909839521, "delaunay_k": 3, "edge_set": "Delaunay3" }, "geometry": { "type": "LineString", "coordinates": [ [ 15.188599, 60.415208 ], [ 15.846405, 63.582177 ] ] } },
{ "type": "Feature", "properties": { "voltage_kv": 380.0, "from_node": 77, "to_node": 87, "length_km": 196.62168188210208, "delaunay_k": 3, "edge_set": "Delaunay3" }, "geometry": { "type": "LineString", "coordinates": [ [ 15.188599, 60.415208 ], [ 16.035919, 58.70477 ] ] } },
{ "type": "Feature", "properties": { "voltage_kv": 380.0, "from_node": 77, "to_node": 89, "length_km": 351.23126247733683, "delaunay_k": 3, "edge_set": "Delaunay3" }, "geometry": { "type": "LineString", "coordinates": [ [ 15.188599, 60.415208 ], [ 16.254272, 63.524685 ] ] } },
{ "type": "Feature", "properties": { "voltage_kv": 380.0, "from_node": 77, "to_node": 91, "length_km": 179.77798728417088, "delaunay_k": 3, "edge_set": "Delaunay3" }, "geometry": { "type": "LineString", "coordinates": [ [ 15.188599, 60.415208 ], [ 16.660767, 58.984699 ] ] } },
{ "type": "Feature", "properties": { "voltage_kv": 380.0, "from_node": 77, "to_node": 101, "length_km": 104.03140710444259, "delaunay_k": 3, "edge_set": "Delaunay3" }, "geometry": { "type": "LineString", "coordinates": [ [ 15.188599, 60.415208 ], [ 17.059021, 60.550528 ] ] } },
{ "type": "Feature", "properties": { "voltage_kv": 380.0, "from_node": 77, "to_node": 102, "length_km": 326.03446918723796, "delaunay_k": 3, "edge_set": "Delaunay3" }, "geometry": { "type": "LineString", "coordinates": [ [ 15.188599, 60.415208 ], [ 17.167511, 63.184727 ] ] } },
{ "type": "Feature", "properties": { "voltage_kv": 380.0, "from_node": 77, "to_node": 103, "length_km": 175.16345596668671, "delaunay_k": 3, "edge_set": "Delaunay3" }, "geometry": { "type": "LineString", "coordinates": [ [ 15.188599, 60.415208 ], [ 17.218323, 59.22234 ] ] } },
{ "type": "Feature", "properties": { "voltage_kv": 380.0, "from_node": 77, "to_node": 109, "length_km": 183.49526639858396, "delaunay_k": 3, "edge_set": "Delaunay3" }, "geometry": { "type": "LineString", "coordinates": [ [ 15.188599, 60.415208 ], [ 17.683868, 59.349996 ] ] } },
{ "type": "Feature", "properties": { "voltage_kv": 380.0, "from_node": 77, "to_node": 116, "length_km": 161.83628475833257, "delaunay_k": 3, "edge_set": "Delaunay3" }, "geometry": { "type": "LineString", "coordinates": [ [ 15.188599, 60.415208 ], [ 18.123322, 60.430121 ] ] } },
{ "type": "Feature", "properties": { "voltage_kv": 380.0, "from_node": 77, "to_node": 117, "length_km": 195.48222260130674, "delaunay_k": 3, "edge_set": "Delaunay3" }, "geometry": { "type": "LineString", "coordinates": [ [ 15.188599, 60.415208 ], [ 18.135681, 59.473686 ] ] } },
{ "type": "Feature", "properties": { "voltage_kv": 380.0, "from_node": 77, "to_node": 118, "length_km": 176.51553111693107, "delaunay_k": 3, "edge_set": "Delaunay3" }, "geometry": { "type": "LineString", "coordinates": [ [ 15.188599, 60.415208 ], [ 18.233185, 59.961198 ] ] } },
{ "type": "Feature", "properties": { "voltage_kv": 380.0, "from_node": 77, "to_node": 119, "length_km": 369.743319169367, "delaunay_k": 3, "edge_set": "Delaunay3" }, "geometry": { "type": "LineString", "coordinates": [ [ 15.188599, 60.415208 ], [ 18.242798, 63.401361 ] ] } },
{ "type": "Feature", "properties": { "voltage_kv": 380.0, "from_node": 78, "to_node": 80, "length_km": 131.74105302610789, "delaunay_k": 3, "edge_set": "Delaunay3" }, "geometry": { "type": "LineString", "coordinates": [ [ 15.195465, 58.28423 ], [ 15.231171, 59.466013 ] ] } },
{ "type": "Feature", "properties": { "voltage_kv": 380.0, "from_node": 78, "to_node": 81, "length_km": 197.4150379175972, "delaunay_k": 3, "edge_set": "Delaunay3" }, "geometry": { "type": "LineString", "coordinates": [ [ 15.195465, 58.28423 ], [ 15.387726, 60.052503 ] ] } },
{ "type": "Feature", "properties": { "voltage_kv": 380.0, "from_node": 78, "to_node": 103, "length_km": 157.08639920972223, "delaunay_k": 3, "edge_set": "Delaunay3" }, "geometry": { "type": "LineString", "coordinates": [ [ 15.195465, 58.28423 ], [ 17.218323, 59.22234 ] ] } },
{ "type": "Feature", "properties": { "voltage_kv": 380.0, "from_node": 78, "to_node": 110, "length_km": 181.97698702000091, "delaunay_k": 3, "edge_set": "Delaunay3" }, "geometry": { "type": "LineString", "coordinates": [ [ 15.195465, 58.28423 ], [ 17.766266, 59.221637 ] ] } },
{ "type": "Feature", "properties": { "voltage_kv": 380.0, "from_node": 78, "to_node": 115, "length_km": 195.7127672538922, "delaunay_k": 3, "edge_set": "Delaunay3" }, "geometry": { "type": "LineString", "coordinates": [ [ 15.195465, 58.28423 ], [ 18.110962, 59.168187 ] ] } },
{ "type": "Feature", "properties": { "voltage_kv": 380.0, "from_node": 79, "to_node": 81, "length_km": 355.3125940456261, "delaunay_k": 3, "edge_set": "Delaunay3" }, "geometry": { "type": "LineString", "coordinates": [ [ 15.206451, 63.237956 ], [ 15.387726, 60.052503 ] ] } },
{ "type": "Feature", "properties": { "voltage_kv": 380.0, "from_node": 79, "to_node": 82, "length_km": 315.97740342061797, "delaunay_k": 3, "edge_set": "Delaunay3" }, "geometry": { "type": "LineString", "coordinates": [ [ 15.206451, 63.237956 ], [ 15.442657, 60.406393 ] ] } },
{ "type": "Feature", "properties": { "voltage_kv": 380.0, "from_node": 79, "to_node": 97, "length_km": 311.69169911290669, "delaunay_k": 3, "edge_set": "Delaunay3" }, "geometry": { "type": "LineString", "coordinates": [ [ 15.206451, 63.237956 ], [ 16.972504, 60.570102 ] ] } },
{ "type": "Feature", "properties": { "voltage_kv": 380.0, "from_node": 79, "to_node": 99, "length_km": 307.04310298670509, "delaunay_k": 3, "edge_set": "Delaunay3" }, "geometry": { "type": "LineString", "coordinates": [ [ 15.206451, 63.237956 ], [ 17.045288, 60.624713 ] ] } },
{ "type": "Feature", "properties": { "voltage_kv": 380.0, "from_node": 79, "to_node": 121, "length_km": 446.53381266194685, "delaunay_k": 3, "edge_set": "Delaunay3" }, "geometry": { "type": "LineString", "coordinates": [ [ 15.206451, 63.237956 ], [ 18.639679, 66.970387 ] ] } },
{ "type": "Feature", "properties": { "voltage_kv": 380.0, "from_node": 79, "to_node": 123, "length_km": 231.18100710082933, "delaunay_k": 3, "edge_set": "Delaunay3" }, "geometry": { "type": "LineString", "coordinates": [ [ 15.206451, 63.237956 ], [ 19.029694, 64.440225 ] ] } },
{ "type": "Feature", "properties": { "voltage_kv": 380.0, "from_node": 79, "to_node": 125, "length_km": 298.0360938319082, "delaunay_k": 3, "edge_set": "Delaunay3" }, "geometry": { "type": "LineString", "coordinates": [ [ 15.206451, 63.237956 ], [ 19.736938, 65.032742 ] ] } },
{ "type": "Feature", "properties": { "voltage_kv": 380.0, "from_node": 79, "to_node": 129, "length_km": 251.71887475745061, "delaunay_k": 3, "edge_set": "Delaunay3" }, "geometry": { "type": "LineString", "coordinates": [ [ 15.206451, 63.237956 ], [ 20.047302, 63.896314 ] ] } },
{ "type": "Feature", "properties": { "voltage_kv": 380.0, "from_node": 79, "to_node": 130, "length_km": 440.6075708349623, "delaunay_k": 3, "edge_set": "Delaunay3" }, "geometry": { "type": "LineString", "coordinates": [ [ 15.206451, 63.237956 ], [ 20.429077, 66.505049 ] ] } },
{ "type": "Feature", "properties": { "voltage_kv": 380.0, "from_node": 80, "to_node": 90, "length_km": 241.15091271473864, "delaunay_k": 3, "edge_set": "Delaunay3" }, "geometry": { "type": "LineString", "coordinates": [ [ 15.231171, 59.466013 ], [ 16.660767, 57.43682 ] ] } },
{ "type": "Feature", "properties": { "voltage_kv": 380.0, "from_node": 80, "to_node": 96, "length_km": 166.3700325128533, "delaunay_k": 3, "edge_set": "Delaunay3" }, "geometry": { "type": "LineString", "coordinates": [ [ 15.231171, 59.466013 ], [ 16.931305, 60.692679 ] ] } },
{ "type": "Feature", "properties": { "voltage_kv": 380.0, "from_node": 80, "to_node": 99, "length_km": 164.098679639984, "delaunay_k": 3, "edge_set": "Delaunay3" }, "geometry": { "type": "LineString", "coordinates": [ [ 15.231171, 59.466013 ], [ 17.045288, 60.624713 ] ] } },
{ "type": "Feature", "properties": { "voltage_kv": 380.0, "from_node": 80, "to_node": 113, "length_km": 195.98354402303769, "delaunay_k": 3, "edge_set": "Delaunay3" }, "geometry": { "type": "LineString", "coordinates": [ [ 15.231171, 59.466013 ], [ 18.020325, 60.532293 ] ] } },
{ "type": "Feature", "properties": { "voltage_kv": 380.0, "from_node": 80, "to_node": 114, "length_km": 163.79712061062983, "delaunay_k": 3, "edge_set": "Delaunay3" }, "geometry": { "type": "LineString", "coordinates": [ [ 15.231171, 59.466013 ], [ 18.095856, 59.317075 ] ] } },
{ "type": "Feature", "properties": { "voltage_kv": 380.0, "from_node": 80, "to_node": 115, "length_km": 167.49792255606414, "delaunay_k": 3, "edge_set": "Delaunay3" }, "geometry": { "type": "LineString", "coordinates": [ [ 15.231171, 59.466013 ], [ 18.110962, 59.168187 ] ] } },
{ "type": "Feature", "properties": { "voltage_kv": 380.0, "from_node": 81, "to_node": 87, "length_km": 154.71291481743836, "delaunay_k": 3, "edge_set": "Delaunay3" }, "geometry": { "type": "LineString", "coordinates": [ [ 15.387726, 60.052503 ], [ 16.035919, 58.70477 ] ] } },
{ "type": "Feature", "properties": { "voltage_kv": 380.0, "from_node": 81, "to_node": 88, "length_km": 178.50678638240234, "delaunay_k": 3, "edge_set": "Delaunay3" }, "geometry": { "type": "LineString", "coordinates": [ [ 15.387726, 60.052503 ], [ 16.096344, 58.492976 ] ] } },
{ "type": "Feature", "properties": { "voltage_kv": 380.0, "from_node": 81, "to_node": 98, "length_km": 291.05729481705595, "delaunay_k": 3, "edge_set": "Delaunay3" }, "geometry": { "type": "LineString", "coordinates": [ [ 15.387726, 60.052503 ], [ 17.024689, 62.540828 ] ] } },
{ "type": "Feature", "properties": { "voltage_kv": 380.0, "from_node": 81, "to_node": 106, "length_km": 290.84891980843821, "delaunay_k": 3, "edge_set": "Delaunay3" }, "geometry": { "type": "LineString", "coordinates": [ [ 15.387726, 60.052503 ], [ 17.468262, 62.460297 ] ] } },
{ "type": "Feature", "properties": { "voltage_kv": 380.0, "from_node": 81, "to_node": 110, "length_km": 163.17091671580266, "delaunay_k": 3, "edge_set": "Delaunay3" }, "geometry": { "type": "LineString", "coordinates": [ [ 15.387726, 60.052503 ], [ 17.766266, 59.221637 ] ] } },
{ "type": "Feature", "properties": { "voltage_kv": 380.0, "from_node": 81, "to_node": 111, "length_km": 179.25200054051029, "delaunay_k": 3, "edge_set": "Delaunay3" }, "geometry": { "type": "LineString", "coordinates": [ [ 15.387726, 60.052503 ], [ 17.932434, 59.094909 ] ] } },
{ "type": "Feature", "properties": { "voltage_kv": 380.0, "from_node": 81, "to_node": 113, "length_km": 155.2632786636004, "delaunay_k": 3, "edge_set": "Delaunay3" }, "geometry": { "type": "LineString", "coordinates": [ [ 15.387726, 60.052503 ], [ 18.020325, 60.532293 ] ] } },
{ "type": "Feature", "properties": { "voltage_kv": 380.0, "from_node": 81, "to_node": 114, "length_km": 173.345534482315, "delaunay_k": 3, "edge_set": "Delaunay3" }, "geometry": { "type": "LineString", "coordinates": [ [ 15.387726, 60.052503 ], [ 18.095856, 59.317075 ] ] } },
{ "type": "Feature", "properties": { "voltage_kv": 380.0, "from_node": 81, "to_node": 115, "length_km": 182.79376466633607, "delaunay_k": 3, "edge_set": "Delaunay3" }, "geometry": { "type": "LineString", "coordinates": [ [ 15.387726, 60.052503 ], [ 18.110962, 59.168187 ] ] } },
{ "type": "Feature", "properties": { "voltage_kv": 380.0, "from_node": 82, "to_node": 91, "length_km": 172.74874918460898, "delaunay_k": 3, "edge_set": "Delaunay3" }, "geometry": { "type": "LineString", "coordinates": [ [ 15.442657, 60.406393 ], [ 16.660767, 58.984699 ] ] } },
{ "type": "Feature", "properties": { "voltage_kv": 380.0, "from_node": 82, "to_node": 102, "length_km": 322.95862336943776, "delaunay_k": 3, "edge_set": "Delaunay3" }, "geometry": { "type": "LineString", "coordinates": [ [ 15.442657, 60.406393 ], [ 17.167511, 63.184727 ] ] } },
{ "type": "Feature", "properties": { "voltage_kv": 380.0, "from_node": 82, "to_node": 103, "length_km": 165.4668162489348, "delaunay_k": 3, "edge_set": "Delaunay3" }, "geometry": { "type": "LineString", "coordinates": [ [ 15.442657, 60.406393 ], [ 17.218323, 59.22234 ] ] } },
{ "type": "Feature", "properties": { "voltage_kv": 380.0, "from_node": 82, "to_node": 109, "length_km": 172.2367707549991, "delaunay_k": 3, "edge_set": "Delaunay3" }, "geometry": { "type": "LineString", "coordinates": [ [ 15.442657, 60.406393 ], [ 17.683868, 59.349996 ] ] } },
{ "type": "Feature", "properties": { "voltage_kv": 380.0, "from_node": 82, "to_node": 116, "length_km": 147.87099214373407, "delaunay_k": 3, "edge_set": "Delaunay3" }, "geometry": { "type": "LineString", "coordinates": [ [ 15.442657, 60.406393 ], [ 18.123322, 60.430121 ] ] } },
{ "type": "Feature", "properties": { "voltage_kv": 380.0, "from_node": 82, "to_node": 117, "length_km": 183.11922566202011, "delaunay_k": 3, "edge_set": "Delaunay3" }, "geometry": { "type": "LineString", "coordinates": [ [ 15.442657, 60.406393 ], [ 18.135681, 59.473686 ] ] } },
{ "type": "Feature", "properties": { "voltage_kv": 380.0, "from_node": 82, "to_node": 118, "length_km": 162.77571103630504, "delaunay_k": 3, "edge_set": "Delaunay3" }, "geometry": { "type": "LineString", "coordinates": [ [ 15.442657, 60.406393 ], [ 18.233185, 59.961198 ] ] } },
{ "type": "Feature", "properties": { "voltage_kv": 380.0, "from_node": 82, "to_node": 119, "length_km": 365.07519974896803, "delaunay_k": 3, "edge_set": "Delaunay3" }, "geometry": { "type": "LineString", "coordinates": [ [ 15.442657, 60.406393 ], [ 18.242798, 63.401361 ] ] } },
{ "type": "Feature", "properties": { "voltage_kv": 380.0, "from_node": 83, "to_node": 87, "length_km": 230.99035673232711, "delaunay_k": 3, "edge_set": "Delaunay3" }, "geometry": { "type": "LineString", "coordinates": [ [ 15.542908, 56.649432 ], [ 16.035919, 58.70477 ] ] } },
{ "type": "Feature", "properties": { "voltage_kv": 380.0, "from_node": 83, "to_node": 91, "length_km": 268.69777523170455, "delaunay_k": 3, "edge_set": "Delaunay3" }, "geometry": { "type": "LineString", "coordinates": [ [ 15.542908, 56.649432 ], [ 16.660767, 58.984699 ] ] } },
{ "type": "Feature", "properties": { "voltage_kv": 380.0, "from_node": 84, "to_node": 85, "length_km": 413.49272991369338, "delaunay_k": 3, "edge_set": "Delaunay3" }, "geometry": { "type": "LineString", "coordinates": [ [ 15.757141, 67.288485 ], [ 15.846405, 63.582177 ] ] } },
{ "type": "Feature", "properties": { "voltage_kv": 380.0, "from_node": 84, "to_node": 100, "length_km": 237.89196049258061, "delaunay_k": 3, "edge_set": "Delaunay3" }, "geometry": { "type": "LineString", "coordinates": [ [ 15.757141, 67.288485 ], [ 17.049408, 65.221045 ] ] } },
{ "type": "Feature", "properties": { "voltage_kv": 380.0, "from_node": 84, "to_node": 122, "length_km": 234.07980017889639, "delaunay_k": 3, "edge_set": "Delaunay3" }, "geometry": { "type": "LineString", "coordinates": [ [ 15.757141, 67.288485 ], [ 18.864899, 69.038124 ] ] } },
{ "type": "Feature", "properties": { "voltage_kv": 380.0, "from_node": 84, "to_node": 124, "length_km": 256.15818325321209, "delaunay_k": 3, "edge_set": "Delaunay3" }, "geometry": { "type": "LineString", "coordinates": [ [ 15.757141, 67.288485 ], [ 19.24942, 69.183065 ] ] } },
{ "type": "Feature", "properties": { "voltage_kv": 380.0, "from_node": 84, "to_node": 125, "length_km": 309.26785064253011, "delaunay_k": 3, "edge_set": "Delaunay3" }, "geometry": { "type": "LineString", "coordinates": [ [ 15.757141, 67.288485 ], [ 19.736938, 65.032742 ] ] } },
{ "type": "Feature", "properties": { "voltage_kv": 380.0, "from_node": 84, "to_node": 131, "length_km": 216.48596526824753, "delaunay_k": 3, "edge_set": "Delaunay3" }, "geometry": { "type": "LineString", "coordinates": [ [ 15.757141, 67.288485 ], [ 20.452423, 66.669299 ] ] } },
{ "type": "Feature", "properties": { "voltage_kv": 380.0, "from_node": 84, "to_node": 135, "length_km": 308.85621514718332, "delaunay_k": 3, "edge_set": "Delaunay3" }, "geometry": { "type": "LineString", "coordinates": [ [ 15.757141, 67.288485 ], [ 21.656799, 65.826407 ] ] } },
{ "type": "Feature", "properties": { "voltage_kv": 380.0, "from_node": 84, "to_node": 145, "length_km": 357.76957525136999, "delaunay_k": 3, "edge_set": "Delaunay3" }, "geometry": { "type": "LineString", "coordinates": [ [ 15.757141, 67.288485 ], [ 23.072662, 65.938074 ] ] } },
{ "type": "Feature", "properties": { "voltage_kv": 380.0, "from_node": 84, "to_node": 163, "length_km": 439.9376149551149, "delaunay_k": 3, "edge_set": "Delaunay3" }, "geometry": { "type": "LineString", "coordinates": [ [ 15.757141, 67.288485 ], [ 25.415497, 66.285642 ] ] } },
{ "type": "Feature", "properties": { "voltage_kv": 380.0, "from_node": 85, "to_node": 96, "length_km": 327.23804375890933, "delaunay_k": 3, "edge_set": "Delaunay3" }, "geometry": { "type": "LineString", "coordinates": [ [ 15.846405, 63.582177 ], [ 16.931305, 60.692679 ] ] } },
{ "type": "Feature", "properties": { "voltage_kv": 380.0, "from_node": 85, "to_node": 106, "length_km": 149.73025863180297, "delaunay_k": 3, "edge_set": "Delaunay3" }, "geometry": { "type": "LineString", "coordinates": [ [ 15.846405, 63.582177 ], [ 17.468262, 62.460297 ] ] } },
{ "type": "Feature", "properties": { "voltage_kv": 380.0, "from_node": 85, "to_node": 112, "length_km": 460.21772869865521, "delaunay_k": 3, "edge_set": "Delaunay3" }, "geometry": { "type": "LineString", "coordinates": [ [ 15.846405, 63.582177 ], [ 17.992859, 67.610267 ] ] } },
{ "type": "Feature", "properties": { "voltage_kv": 380.0, "from_node": 85, "to_node": 120, "length_km": 451.62363440685493, "delaunay_k": 3, "edge_set": "Delaunay3" }, "geometry": { "type": "LineString", "coordinates": [ [ 15.846405, 63.582177 ], [ 18.366394, 67.492803 ] ] } },
{ "type": "Feature", "properties": { "voltage_kv": 380.0, "from_node": 85, "to_node": 126, "length_km": 409.62206837094368, "delaunay_k": 3, "edge_set": "Delaunay3" }, "geometry": { "type": "LineString", "coordinates": [ [ 15.846405, 63.582177 ], [ 19.864655, 66.843267 ] ] } },
{ "type": "Feature", "properties": { "voltage_kv": 380.0, "from_node": 85, "to_node": 127, "length_km": 422.5700282938929, "delaunay_k": 3, "edge_set": "Delaunay3" }, "geometry": { "type": "LineString", "coordinates": [ [ 15.846405, 63.582177 ], [ 19.866028, 66.975221 ] ] } },
{ "type": "Feature", "properties": { "voltage_kv": 380.0, "from_node": 85, "to_node": 128, "length_km": 402.49729055255875, "delaunay_k": 3, "edge_set": "Delaunay3" }, "geometry": { "type": "LineString", "coordinates": [ [ 15.846405, 63.582177 ], [ 20.037689, 66.729595 ] ] } },
{ "type": "Feature", "properties": { "voltage_kv": 380.0, "from_node": 85, "to_node": 129, "length_km": 210.64995760474162, "delaunay_k": 3, "edge_set": "Delaunay3" }, "geometry": { "type": "LineString", "coordinates": [ [ 15.846405, 63.582177 ], [ 20.047302, 63.896314 ] ] } },
{ "type": "Feature", "properties": { "voltage_kv": 380.0, "from_node": 85, "to_node": 131, "length_km": 406.77462634900087, "delaunay_k": 3, "edge_set": "Delaunay3" }, "geometry": { "type": "LineString", "coordinates": [ [ 15.846405, 63.582177 ], [ 20.452423, 66.669299 ] ] } },
{ "type": "Feature", "properties": { "voltage_kv": 380.0, "from_node": 85, "to_node": 132, "length_km": 318.44437361200107, "delaunay_k": 3, "edge_set": "Delaunay3" }, "geometry": { "type": "LineString", "coordinates": [ [ 15.846405, 63.582177 ], [ 21.169281, 65.270498 ] ] } },
{ "type": "Feature", "properties": { "voltage_kv": 380.0, "from_node": 85, "to_node": 135, "length_km": 373.68895276462752, "delaunay_k": 3, "edge_set": "Delaunay3" }, "geometry": { "type": "LineString", "coordinates": [ [ 15.846405, 63.582177 ], [ 21.656799, 65.826407 ] ] } },
{ "type": "Feature", "properties": { "voltage_kv": 380.0, "from_node": 85, "to_node": 145, "length_km": 433.15264815931619, "delaunay_k": 3, "edge_set": "Delaunay3" }, "geometry": { "type": "LineString", "coordinates": [ [ 15.846405, 63.582177 ], [ 23.072662, 65.938074 ] ] } },
{ "type": "Feature", "properties": { "voltage_kv": 380.0, "from_node": 86, "to_node": 94, "length_km": 260.5816908514758, "delaunay_k": 3, "edge_set": "Delaunay3" }, "geometry": { "type": "LineString", "coordinates": [ [ 15.850525, 67.598233 ], [ 16.876373, 65.299207 ] ] } },
{ "type": "Feature", "properties": { "voltage_kv": 380.0, "from_node": 86, "to_node": 124, "length_km": 225.45578641757149, "delaunay_k": 3, "edge_set": "Delaunay3" }, "geometry": { "type": "LineString", "coordinates": [ [ 15.850525, 67.598233 ], [ 19.24942, 69.183065 ] ] } },
{ "type": "Feature", "properties": { "voltage_kv": 380.0, "from_node": 86, "to_node": 126, "length_km": 193.00747132845083, "delaunay_k": 3, "edge_set": "Delaunay3" }, "geometry": { "type": "LineString", "coordinates": [ [ 15.850525, 67.598233 ], [ 19.864655, 66.843267 ] ] } },
{ "type": "Feature", "properties": { "voltage_kv": 380.0, "from_node": 86, "to_node": 127, "length_km": 186.66335439339156, "delaunay_k": 3, "edge_set": "Delaunay3" }, "geometry": { "type": "LineString", "coordinates": [ [ 15.850525, 67.598233 ], [ 19.866028, 66.975221 ] ] } },
{ "type": "Feature", "properties": { "voltage_kv": 380.0, "from_node": 86, "to_node": 128, "length_km": 205.81892576162898, "delaunay_k": 3, "edge_set": "Delaunay3" }, "geometry": { "type": "LineString", "coordinates": [ [ 15.850525, 67.598233 ], [ 20.037689, 66.729595 ] ] } },
{ "type": "Feature", "properties": { "voltage_kv": 380.0, "from_node": 86, "to_node": 130, "length_km": 233.80821330040436, "delaunay_k": 3, "edge_set": "Delaunay3" }, "geometry": { "type": "LineString", "coordinates": [ [ 15.850525, 67.598233 ], [ 20.429077, 66.505049 ] ] } },
{ "type": "Feature", "properties": { "voltage_kv": 380.0, "from_node": 87, "to_node": 105, "length_km": 134.96363286221086, "delaunay_k": 3, "edge_set": "Delaunay3" }, "geometry": { "type": "LineString", "coordinates": [ [ 16.035919, 58.70477 ], [ 17.329559, 59.716945 ] ] } },
{ "type": "Feature", "properties": { "voltage_kv": 380.0, "from_node": 87, "to_node": 109, "length_km": 118.98379224890435, "delaunay_k": 3, "edge_set": "Delaunay3" }, "geometry": { "type": "LineString", "coordinates": [ [ 16.035919, 58.70477 ], [ 17.683868, 59.349996 ] ] } },
{ "type": "Feature", "properties": { "voltage_kv": 380.0, "from_node": 87, "to_node": 110, "length_km": 115.15019373797296, "delaunay_k": 3, "edge_set": "Delaunay3" }, "geometry": { "type": "LineString", "coordinates": [ [ 16.035919, 58.70477 ], [ 17.766266, 59.221637 ] ] } },
{ "type": "Feature", "properties": { "voltage_kv": 380.0, "from_node": 87, "to_node": 115, "length_km": 130.3284116123414, "delaunay_k": 3, "edge_set": "Delaunay3" }, "geometry": { "type": "LineString", "coordinates": [ [ 16.035919, 58.70477 ], [ 18.110962, 59.168187 ] ] } },
{ "type": "Feature", "properties": { "voltage_kv": 380.0, "from_node": 88, "to_node": 105, "length_km": 153.74457986735229, "delaunay_k": 3, "edge_set": "Delaunay3" }, "geometry": { "type": "LineString", "coordinates": [ [ 16.096344, 58.492976 ], [ 17.329559, 59.716945 ] ] } },
{ "type": "Feature", "properties": { "voltage_kv": 380.0, "from_node": 88, "to_node": 109, "length_km": 132.36282089466363, "delaunay_k": 3, "edge_set": "Delaunay3" }, "geometry": { "type": "LineString", "coordinates": [ [ 16.096344, 58.492976 ], [ 17.683868, 59.349996 ] ] } },
{ "type": "Feature", "properties": { "voltage_kv": 380.0, "from_node": 88, "to_node": 114, "length_km": 147.52518996043648, "delaunay_k": 3, "edge_set": "Delaunay3" }, "geometry": { "type": "LineString", "coordinates": [ [ 16.096344, 58.492976 ], [ 18.095856, 59.317075 ] ] } },
{ "type": "Feature", "properties": { "voltage_kv": 380.0, "from_node": 88, "to_node": 117, "length_km": 160.47758451145285, "delaunay_k": 3, "edge_set": "Delaunay3" }, "geometry": { "type": "LineString", "coordinates": [ [ 16.096344, 58.492976 ], [ 18.135681, 59.473686 ] ] } },
{ "type": "Feature", "properties": { "voltage_kv": 380.0, "from_node": 89, "to_node": 96, "length_km": 317.88840357588691, "delaunay_k": 3, "edge_set": "Delaunay3" }, "geometry": { "type": "LineString", "coordinates": [ [ 16.254272, 63.524685 ], [ 16.931305, 60.692679 ] ] } },
{ "type": "Feature", "properties": { "voltage_kv": 380.0, "from_node": 89, "to_node": 121, "length_km": 400.35638629998192, "delaunay_k": 3, "edge_set": "Delaunay3" }, "geometry": { "type": "LineString", "coordinates": [ [ 16.254272, 63.524685 ], [ 18.639679, 66.970387 ] ] } },
{ "type": "Feature", "properties": { "voltage_kv": 380.0, "from_node": 89, "to_node": 125, "length_km": 238.42256690067242, "delaunay_k": 3, "edge_set": "Delaunay3" }, "geometry": { "type": "LineString", "coordinates": [ [ 16.254272, 63.524685 ], [ 19.736938, 65.032742 ] ] } },
{ "type": "Feature", "properties": { "voltage_kv": 380.0, "from_node": 89, "to_node": 129, "length_km": 192.28260360258494, "delaunay_k": 3, "edge_set": "Delaunay3" }, "geometry": { "type": "LineString", "coordinates": [ [ 16.254272, 63.524685 ], [ 20.047302, 63.896314 ] ] } },
{ "type": "Feature", "properties": { "voltage_kv": 380.0, "from_node": 89, "to_node": 130, "length_km": 386.54101946515999, "delaunay_k": 3, "edge_set": "Delaunay3" }, "geometry": { "type": "LineString", "coordinates": [ [ 16.254272, 63.524685 ], [ 20.429077, 66.505049 ] ] } },
{ "type": "Feature", "properties": { "voltage_kv": 380.0, "from_node": 91, "to_node": 97, "length_km": 177.7015512409389, "delaunay_k": 3, "edge_set": "Delaunay3" }, "geometry": { "type": "LineString", "coordinates": [ [ 16.660767, 58.984699 ], [ 16.972504, 60.570102 ] ] } },
{ "type": "Feature", "properties": { "voltage_kv": 380.0, "from_node": 91, "to_node": 101, "length_km": 176.08517836546594, "delaunay_k": 3, "edge_set": "Delaunay3" }, "geometry": { "type": "LineString", "coordinates": [ [ 16.660767, 58.984699 ], [ 17.059021, 60.550528 ] ] } },
{ "type": "Feature", "properties": { "voltage_kv": 380.0, "from_node": 91, "to_node": 114, "length_km": 90.213631135554465, "delaunay_k": 3, "edge_set": "Delaunay3" }, "geometry": { "type": "LineString", "coordinates": [ [ 16.660767, 58.984699 ], [ 18.095856, 59.317075 ] ] } },
{ "type": "Feature", "properties": { "voltage_kv": 380.0, "from_node": 91, "to_node": 116, "length_km": 181.10611320725516, "delaunay_k": 3, "edge_set": "Delaunay3" }, "geometry": { "type": "LineString", "coordinates": [ [ 16.660767, 58.984699 ], [ 18.123322, 60.430121 ] ] } },
{ "type": "Feature", "properties": { "voltage_kv": 380.0, "from_node": 91, "to_node": 117, "length_km": 100.4360194837214, "delaunay_k": 3, "edge_set": "Delaunay3" }, "geometry": { "type": "LineString", "coordinates": [ [ 16.660767, 58.984699 ], [ 18.135681, 59.473686 ] ] } },
{ "type": "Feature", "properties": { "voltage_kv": 380.0, "from_node": 91, "to_node": 118, "length_km": 140.83877787059564, "delaunay_k": 3, "edge_set": "Delaunay3" }, "geometry": { "type": "LineString", "coordinates": [ [ 16.660767, 58.984699 ], [ 18.233185, 59.961198 ] ] } },
{ "type": "Feature", "properties": { "voltage_kv": 380.0, "from_node": 92, "to_node": 94, "length_km": 202.49729217600623, "delaunay_k": 3, "edge_set": "Delaunay3" }, "geometry": { "type": "LineString", "coordinates": [ [ 16.663513, 63.486702 ], [ 16.876373, 65.299207 ] ] } },
{ "type": "Feature", "properties": { "voltage_kv": 380.0, "from_node": 92, "to_node": 96, "length_km": 312.0152254283488, "delaunay_k": 3, "edge_set": "Delaunay3" }, "geometry": { "type": "LineString", "coordinates": [ [ 16.663513, 63.486702 ], [ 16.931305, 60.692679 ] ] } },
{ "type": "Feature", "properties": { "voltage_kv": 380.0, "from_node": 92, "to_node": 100, "length_km": 194.41648907212348, "delaunay_k": 3, "edge_set": "Delaunay3" }, "geometry": { "type": "LineString", "coordinates": [ [ 16.663513, 63.486702 ], [ 17.049408, 65.221045 ] ] } },
{ "type": "Feature", "properties": { "voltage_kv": 380.0, "from_node": 92, "to_node": 125, "length_km": 228.08619994156399, "delaunay_k": 3, "edge_set": "Delaunay3" }, "geometry": { "type": "LineString", "coordinates": [ [ 16.663513, 63.486702 ], [ 19.736938, 65.032742 ] ] } },
{ "type": "Feature", "properties": { "voltage_kv": 380.0, "from_node": 92, "to_node": 129, "length_km": 173.75201453425197, "delaunay_k": 3, "edge_set": "Delaunay3" }, "geometry": { "type": "LineString", "coordinates": [ [ 16.663513, 63.486702 ], [ 20.047302, 63.896314 ] ] } },
{ "type": "Feature", "properties": { "voltage_kv": 380.0, "from_node": 93, "to_node": 96, "length_km": 329.59174000811555, "delaunay_k": 3, "edge_set": "Delaunay3" }, "geometry": { "type": "LineString", "coordinates": [ [ 16.791229, 63.646259 ], [ 16.931305, 60.692679 ] ] } },
{ "type": "Feature", "properties": { "voltage_kv": 380.0, "from_node": 93, "to_node": 98, "length_km": 123.89956585748631, "delaunay_k": 3, "edge_set": "Delaunay3" }, "geometry": { "type": "LineString", "coordinates": [ [ 16.791229, 63.646259 ], [ 17.024689, 62.540828 ] ] } },
{ "type": "Feature", "properties": { "voltage_kv": 380.0, "from_node": 93, "to_node": 121, "length_km": 380.88918838239709, "delaunay_k": 3, "edge_set": "Delaunay3" }, "geometry": { "type": "LineString", "coordinates": [ [ 16.791229, 63.646259 ], [ 18.639679, 66.970387 ] ] } },
{ "type": "Feature", "properties": { "voltage_kv": 380.0, "from_node": 93, "to_node": 130, "length_km": 362.15105005727258, "delaunay_k": 3, "edge_set": "Delaunay3" }, "geometry": { "type": "LineString", "coordinates": [ [ 16.791229, 63.646259 ], [ 20.429077, 66.505049 ] ] } },
{ "type": "Feature", "properties": { "voltage_kv": 380.0, "from_node": 93, "to_node": 132, "length_km": 278.18419458140505, "delaunay_k": 3, "edge_set": "Delaunay3" }, "geometry": { "type": "LineString", "coordinates": [ [ 16.791229, 63.646259 ], [ 21.169281, 65.270498 ] ] } },
{ "type": "Feature", "properties": { "voltage_kv": 380.0, "from_node": 93, "to_node": 135, "length_km": 336.27303199909591, "delaunay_k": 3, "edge_set": "Delaunay3" }, "geometry": { "type": "LineString", "coordinates": [ [ 16.791229, 63.646259 ], [ 21.656799, 65.826407 ] ] } },
{ "type": "Feature", "properties": { "voltage_kv": 380.0, "from_node": 94, "to_node": 95, "length_km": 195.28887591398257, "delaunay_k": 3, "edge_set": "Delaunay3" }, "geometry": { "type": "LineString", "coordinates": [ [ 16.876373, 65.299207 ], [ 16.923065, 63.549164 ] ] } },
{ "type": "Feature", "properties": { "voltage_kv": 380.0, "from_node": 94, "to_node": 98, "length_km": 307.86964705292183, "delaunay_k": 3, "edge_set": "Delaunay3" }, "geometry": { "type": "LineString", "coordinates": [ [ 16.876373, 65.299207 ], [ 17.024689, 62.540828 ] ] } },
{ "type": "Feature", "properties": { "voltage_kv": 380.0, "from_node": 94, "to_node": 102, "length_km": 236.37020443818389, "delaunay_k": 3, "edge_set": "Delaunay3" }, "geometry": { "type": "LineString", "coordinates": [ [ 16.876373, 65.299207 ], [ 17.167511, 63.184727 ] ] } },
{ "type": "Feature", "properties": { "voltage_kv": 380.0, "from_node": 94, "to_node": 104, "length_km": 319.6632495054713, "delaunay_k": 3, "edge_set": "Delaunay3" }, "geometry": { "type": "LineString", "coordinates": [ [ 16.876373, 65.299207 ], [ 17.288361, 68.158786 ] ] } },
{ "type": "Feature", "properties": { "voltage_kv": 380.0, "from_node": 94, "to_node": 108, "length_km": 360.47579115302375, "delaunay_k": 3, "edge_set": "Delaunay3" }, "geometry": { "type": "LineString", "coordinates": [ [ 16.876373, 65.299207 ], [ 17.579498, 68.517173 ] ] } },
{ "type": "Feature", "properties": { "voltage_kv": 380.0, "from_node": 94, "to_node": 119, "length_km": 221.87797800459435, "delaunay_k": 3, "edge_set": "Delaunay3" }, "geometry": { "type": "LineString", "coordinates": [ [ 16.876373, 65.299207 ], [ 18.242798, 63.401361 ] ] } },
{ "type": "Feature", "properties": { "voltage_kv": 380.0, "from_node": 94, "to_node": 122, "length_km": 426.13952097563345, "delaunay_k": 3, "edge_set": "Delaunay3" }, "geometry": { "type": "LineString", "coordinates": [ [ 16.876373, 65.299207 ], [ 18.864899, 69.038124 ] ] } },
{ "type": "Feature", "properties": { "voltage_kv": 380.0, "from_node": 94, "to_node": 123, "length_km": 140.12933779480275, "delaunay_k": 3, "edge_set": "Delaunay3" }, "geometry": { "type": "LineString", "coordinates": [ [ 16.876373, 65.299207 ], [ 19.029694, 64.440225 ] ] } },
{ "type": "Feature", "properties": { "voltage_kv": 380.0, "from_node": 94, "to_node": 124, "length_km": 445.47585629777916, "delaunay_k": 3, "edge_set": "Delaunay3" }, "geometry": { "type": "LineString", "coordinates": [ [ 16.876373, 65.299207 ], [ 19.24942, 69.183065 ] ] } },
{ "type": "Feature", "properties": { "voltage_kv": 380.0, "from_node": 94, "to_node": 129, "length_km": 218.256526690492, "delaunay_k": 3, "edge_set": "Delaunay3" }, "geometry": { "type": "LineString", "coordinates": [ [ 16.876373, 65.299207 ], [ 20.047302, 63.896314 ] ] } },
{ "type": "Feature", "properties": { "voltage_kv": 380.0, "from_node": 94, "to_node": 132, "length_km": 200.67387860372958, "delaunay_k": 3, "edge_set": "Delaunay3" }, "geometry": { "type": "LineString", "coordinates": [ [ 16.876373, 65.299207 ], [ 21.169281, 65.270498 ] ] } },
{ "type": "Feature", "properties": { "voltage_kv": 380.0, "from_node": 94, "to_node": 155, "length_km": 363.29752257638791, "delaunay_k": 3, "edge_set": "Delaunay3" }, "geometry": { "type": "LineString", "coordinates": [ [ 16.876373, 65.299207 ], [ 24.612122, 65.877531 ] ] } },
{ "type": "Feature", "properties": { "voltage_kv": 380.0, "from_node": 94, "to_node": 163, "length_km": 406.72229711317783, "delaunay_k": 3, "edge_set": "Delaunay3" }, "geometry": { "type": "LineString", "coordinates": [ [ 16.876373, 65.299207 ], [ 25.415497, 66.285642 ] ] } },
{ "type": "Feature", "properties": { "voltage_kv": 380.0, "from_node": 95, "to_node": 96, "length_km": 318.68510748725475, "delaunay_k": 3, "edge_set": "Delaunay3" }, "geometry": { "type": "LineString", "coordinates": [ [ 16.923065, 63.549164 ], [ 16.931305, 60.692679 ] ] } },
{ "type": "Feature", "properties": { "voltage_kv": 380.0, "from_node": 95, "to_node": 100, "length_km": 186.65843445849254, "delaunay_k": 3, "edge_set": "Delaunay3" }, "geometry": { "type": "LineString", "coordinates": [ [ 16.923065, 63.549164 ], [ 17.049408, 65.221045 ] ] } },
{ "type": "Feature", "properties": { "voltage_kv": 380.0, "from_node": 95, "to_node": 125, "length_km": 214.55129921585441, "delaunay_k": 3, "edge_set": "Delaunay3" }, "geometry": { "type": "LineString", "coordinates": [ [ 16.923065, 63.549164 ], [ 19.736938, 65.032742 ] ] } },
{ "type": "Feature", "properties": { "voltage_kv": 380.0, "from_node": 95, "to_node": 132, "length_km": 280.97565689259545, "delaunay_k": 3, "edge_set": "Delaunay3" }, "geometry": { "type": "LineString", "coordinates": [ [ 16.923065, 63.549164 ], [ 21.169281, 65.270498 ] ] } },
{ "type": "Feature", "properties": { "voltage_kv": 380.0, "from_node": 96, "to_node": 103, "length_km": 164.80581684824546, "delaunay_k": 3, "edge_set": "Delaunay3" }, "geometry": { "type": "LineString", "coordinates": [ [ 16.931305, 60.692679 ], [ 17.218323, 59.22234 ] ] } },
{ "type": "Feature", "properties": { "voltage_kv": 380.0, "from_node": 96, "to_node": 109, "length_km": 155.57893485314156, "delaunay_k": 3, "edge_set": "Delaunay3" }, "geometry": { "type": "LineString", "coordinates": [ [ 16.931305, 60.692679 ], [ 17.683868, 59.349996 ] ] } },
{ "type": "Feature", "properties": { "voltage_kv": 380.0, "from_node": 96, "to_node": 117, "length_km": 151.67462582350402, "delaunay_k": 3, "edge_set": "Delaunay3" }, "geometry": { "type": "LineString", "coordinates": [ [ 16.931305, 60.692679 ], [ 18.135681, 59.473686 ] ] } },
{ "type": "Feature", "properties": { "voltage_kv": 380.0, "from_node": 96, "to_node": 118, "length_km": 108.85762324253346, "delaunay_k": 3, "edge_set": "Delaunay3" }, "geometry": { "type": "LineString", "coordinates": [ [ 16.931305, 60.692679 ], [ 18.233185, 59.961198 ] ] } },
{ "type": "Feature", "properties": { "voltage_kv": 380.0, "from_node": 97, "to_node": 102, "length_km": 291.89200271662349, "delaunay_k": 3, "edge_set": "Delaunay3" }, "geometry": { "type": "LineString", "coordinates": [ [ 16.972504, 60.570102 ], [ 17.167511, 63.184727 ] ] } },
{ "type": "Feature", "properties": { "voltage_kv": 380.0, "from_node": 97, "to_node": 110, "length_km": 156.88537742877969, "delaunay_k": 3, "edge_set": "Delaunay3" }, "geometry": { "type": "LineString", "coordinates": [ [ 16.972504, 60.570102 ], [ 17.766266, 59.221637 ] ] } },
{ "type": "Feature", "properties": { "voltage_kv": 380.0, "from_node": 97, "to_node": 111, "length_km": 173.19206741486357, "delaunay_k": 3, "edge_set": "Delaunay3" }, "geometry": { "type": "LineString", "coordinates": [ [ 16.972504, 60.570102 ], [ 17.932434, 59.094909 ] ] } },
{ "type": "Feature", "properties": { "voltage_kv": 380.0, "from_node": 97, "to_node": 114, "length_km": 153.29613956815058, "delaunay_k": 3, "edge_set": "Delaunay3" }, "geometry": { "type": "LineString", "coordinates": [ [ 16.972504, 60.570102 ], [ 18.095856, 59.317075 ] ] } },
{ "type": "Feature", "properties": { "voltage_kv": 380.0, "from_node": 97, "to_node": 115, "length_km": 168.95520801113898, "delaunay_k": 3, "edge_set": "Delaunay3" }, "geometry": { "type": "LineString", "coordinates": [ [ 16.972504, 60.570102 ], [ 18.110962, 59.168187 ] ] } },
{ "type": "Feature", "properties": { "voltage_kv": 380.0, "from_node": 98, "to_node": 100, "length_km": 299.07196737306077, "delaunay_k": 3, "edge_set": "Delaunay3" }, "geometry": { "type": "LineString", "coordinates": [ [ 17.024689, 62.540828 ], [ 17.049408, 65.221045 ] ] } },
{ "type": "Feature", "properties": { "voltage_kv": 380.0, "from_node": 98, "to_node": 101, "length_km": 222.05640385159461, "delaunay_k": 3, "edge_set": "Delaunay3" }, "geometry": { "type": "LineString", "coordinates": [ [ 17.024689, 62.540828 ], [ 17.059021, 60.550528 ] ] } },
{ "type": "Feature", "properties": { "voltage_kv": 380.0, "from_node": 98, "to_node": 105, "length_km": 315.48498806672126, "delaunay_k": 3, "edge_set": "Delaunay3" }, "geometry": { "type": "LineString", "coordinates": [ [ 17.024689, 62.540828 ], [ 17.329559, 59.716945 ] ] } },
{ "type": "Feature", "properties": { "voltage_kv": 380.0, "from_node": 98, "to_node": 107, "length_km": 275.24643376369011, "delaunay_k": 3, "edge_set": "Delaunay3" }, "geometry": { "type": "LineString", "coordinates": [ [ 17.024689, 62.540828 ], [ 17.541046, 64.996778 ] ] } },
{ "type": "Feature", "properties": { "voltage_kv": 380.0, "from_node": 98, "to_node": 123, "length_km": 234.39834106275794, "delaunay_k": 3, "edge_set": "Delaunay3" }, "geometry": { "type": "LineString", "coordinates": [ [ 17.024689, 62.540828 ], [ 19.029694, 64.440225 ] ] } },
{ "type": "Feature", "properties": { "voltage_kv": 380.0, "from_node": 98, "to_node": 129, "length_km": 214.63566812591941, "delaunay_k": 3, "edge_set": "Delaunay3" }, "geometry": { "type": "LineString", "coordinates": [ [ 17.024689, 62.540828 ], [ 20.047302, 63.896314 ] ] } },
{ "type": "Feature", "properties": { "voltage_kv": 380.0, "from_node": 99, "to_node": 102, "length_km": 285.6958170794353, "delaunay_k": 3, "edge_set": "Delaunay3" }, "geometry": { "type": "LineString", "coordinates": [ [ 17.045288, 60.624713 ], [ 17.167511, 63.184727 ] ] } },
{ "type": "Feature", "properties": { "voltage_kv": 380.0, "from_node": 99, "to_node": 103, "length_km": 156.7433948752803, "delaunay_k": 3, "edge_set": "Delaunay3" }, "geometry": { "type": "LineString", "coordinates": [ [ 17.045288, 60.624713 ], [ 17.218323, 59.22234 ] ] } },
{ "type": "Feature", "properties": { "voltage_kv": 380.0, "from_node": 99, "to_node": 109, "length_km": 146.62868311209411, "delaunay_k": 3, "edge_set": "Delaunay3" }, "geometry": { "type": "LineString", "coordinates": [ [ 17.045288, 60.624713 ], [ 17.683868, 59.349996 ] ] } },
{ "type": "Feature", "properties": { "voltage_kv": 380.0, "from_node": 99, "to_node": 117, "length_km": 142.11291879606523, "delaunay_k": 3, "edge_set": "Delaunay3" }, "geometry": { "type": "LineString", "coordinates": [ [ 17.045288, 60.624713 ], [ 18.135681, 59.473686 ] ] } },
{ "type": "Feature", "properties": { "voltage_kv": 380.0, "from_node": 99, "to_node": 118, "length_km": 99.047593027356555, "delaunay_k": 3, "edge_set": "Delaunay3" }, "geometry": { "type": "LineString", "coordinates": [ [ 17.045288, 60.624713 ], [ 18.233185, 59.961198 ] ] } },
{ "type": "Feature", "properties": { "voltage_kv": 380.0, "from_node": 100, "to_node": 102, "length_km": 227.30393360116389, "delaunay_k": 3, "edge_set": "Delaunay3" }, "geometry": { "type": "LineString", "coordinates": [ [ 17.049408, 65.221045 ], [ 17.167511, 63.184727 ] ] } },
{ "type": "Feature", "properties": { "voltage_kv": 380.0, "from_node": 100, "to_node": 112, "length_km": 269.98729834393146, "delaunay_k": 3, "edge_set": "Delaunay3" }, "geometry": { "type": "LineString", "coordinates": [ [ 17.049408, 65.221045 ], [ 17.992859, 67.610267 ] ] } },
{ "type": "Feature", "properties": { "voltage_kv": 380.0, "from_node": 100, "to_node": 119, "length_km": 211.15735849814078, "delaunay_k": 3, "edge_set": "Delaunay3" }, "geometry": { "type": "LineString", "coordinates": [ [ 17.049408, 65.221045 ], [ 18.242798, 63.401361 ] ] } },
{ "type": "Feature", "properties": { "voltage_kv": 380.0, "from_node": 100, "to_node": 120, "length_km": 260.34545151344844, "delaunay_k": 3, "edge_set": "Delaunay3" }, "geometry": { "type": "LineString", "coordinates": [ [ 17.049408, 65.221045 ], [ 18.366394, 67.492803 ] ] } },
{ "type": "Feature", "properties": { "voltage_kv": 380.0, "from_node": 100, "to_node": 126, "length_km": 221.64175828346711, "delaunay_k": 3, "edge_set": "Delaunay3" }, "geometry": { "type": "LineString", "coordinates": [ [ 17.049408, 65.221045 ], [ 19.864655, 66.843267 ] ] } },
{ "type": "Feature", "properties": { "voltage_kv": 380.0, "from_node": 100, "to_node": 127, "length_km": 233.68171828610841, "delaunay_k": 3, "edge_set": "Delaunay3" }, "geometry": { "type": "LineString", "coordinates": [ [ 17.049408, 65.221045 ], [ 19.866028, 66.975221 ] ] } },
{ "type": "Feature", "properties": { "voltage_kv": 380.0, "from_node": 100, "to_node": 155, "length_km": 357.65452783472927, "delaunay_k": 3, "edge_set": "Delaunay3" }, "geometry": { "type": "LineString", "coordinates": [ [ 17.049408, 65.221045 ], [ 24.612122, 65.877531 ] ] } },
{ "type": "Feature", "properties": { "voltage_kv": 380.0, "from_node": 100, "to_node": 163, "length_km": 402.16598779494052, "delaunay_k": 3, "edge_set": "Delaunay3" }, "geometry": { "type": "LineString", "coordinates": [ [ 17.049408, 65.221045 ], [ 25.415497, 66.285642 ] ] } },
{ "type": "Feature", "properties": { "voltage_kv": 380.0, "from_node": 101, "to_node": 110, "length_km": 153.47525683450147, "delaunay_k": 3, "edge_set": "Delaunay3" }, "geometry": { "type": "LineString", "coordinates": [ [ 17.059021, 60.550528 ], [ 17.766266, 59.221637 ] ] } },
{ "type": "Feature", "properties": { "voltage_kv": 380.0, "from_node": 101, "to_node": 111, "length_km": 169.65797683939235, "delaunay_k": 3, "edge_set": "Delaunay3" }, "geometry": { "type": "LineString", "coordinates": [ [ 17.059021, 60.550528 ], [ 17.932434, 59.094909 ] ] } },
{ "type": "Feature", "properties": { "voltage_kv": 380.0, "from_node": 101, "to_node": 114, "length_km": 149.3695426086806, "delaunay_k": 3, "edge_set": "Delaunay3" }, "geometry": { "type": "LineString", "coordinates": [ [ 17.059021, 60.550528 ], [ 18.095856, 59.317075 ] ] } },
{ "type": "Feature", "properties": { "voltage_kv": 380.0, "from_node": 101, "to_node": 115, "length_km": 165.14933811156823, "delaunay_k": 3, "edge_set": "Delaunay3" }, "geometry": { "type": "LineString", "coordinates": [ [ 17.059021, 60.550528 ], [ 18.110962, 59.168187 ] ] } },
{ "type": "Feature", "properties": { "voltage_kv": 380.0, "from_node": 102, "to_node": 107, "length_km": 203.04031058091147, "delaunay_k": 3, "edge_set": "Delaunay3" }, "geometry": { "type": "LineString", "coordinates": [ [ 17.167511, 63.184727 ], [ 17.541046, 64.996778 ] ] } },
{ "type": "Feature", "properties": { "voltage_kv": 380.0, "from_node": 102, "to_node": 125, "length_km": 241.40778477154905, "delaunay_k": 3, "edge_set": "Delaunay3" }, "geometry": { "type": "LineString", "coordinates": [ [ 17.167511, 63.184727 ], [ 19.736938, 65.032742 ] ] } },
{ "type": "Feature", "properties": { "voltage_kv": 380.0, "from_node": 102, "to_node": 132, "length_km": 303.38673970670351, "delaunay_k": 3, "edge_set": "Delaunay3" }, "geometry": { "type": "LineString", "coordinates": [ [ 17.167511, 63.184727 ], [ 21.169281, 65.270498 ] ] } },
{ "type": "Feature", "properties": { "voltage_kv": 380.0, "from_node": 103, "to_node": 113, "length_km": 152.92887327909389, "delaunay_k": 3, "edge_set": "Delaunay3" }, "geometry": { "type": "LineString", "coordinates": [ [ 17.218323, 59.22234 ], [ 18.020325, 60.532293 ] ] } },
{ "type": "Feature", "properties": { "voltage_kv": 380.0, "from_node": 104, "to_node": 124, "length_km": 139.38881329960972, "delaunay_k": 3, "edge_set": "Delaunay3" }, "geometry": { "type": "LineString", "coordinates": [ [ 17.288361, 68.158786 ], [ 19.24942, 69.183065 ] ] } },
{ "type": "Feature", "properties": { "voltage_kv": 380.0, "from_node": 104, "to_node": 126, "length_km": 183.60109951636289, "delaunay_k": 3, "edge_set": "Delaunay3" }, "geometry": { "type": "LineString", "coordinates": [ [ 17.288361, 68.158786 ], [ 19.864655, 66.843267 ] ] } },
{ "type": "Feature", "properties": { "voltage_kv": 380.0, "from_node": 104, "to_node": 127, "length_km": 171.88601075865387, "delaunay_k": 3, "edge_set": "Delaunay3" }, "geometry": { "type": "LineString", "coordinates": [ [ 17.288361, 68.158786 ], [ 19.866028, 66.975221 ] ] } },
{ "type": "Feature", "properties": { "voltage_kv": 380.0, "from_node": 104, "to_node": 128, "length_km": 198.36938536974591, "delaunay_k": 3, "edge_set": "Delaunay3" }, "geometry": { "type": "LineString", "coordinates": [ [ 17.288361, 68.158786 ], [ 20.037689, 66.729595 ] ] } },
{ "type": "Feature", "properties": { "voltage_kv": 380.0, "from_node": 104, "to_node": 130, "length_km": 228.88537043090108, "delaunay_k": 3, "edge_set": "Delaunay3" }, "geometry": { "type": "LineString", "coordinates": [ [ 17.288361, 68.158786 ], [ 20.429077, 66.505049 ] ] } },
{ "type": "Feature", "properties": { "voltage_kv": 380.0, "from_node": 106, "to_node": 107, "length_km": 283.09748578643485, "delaunay_k": 3, "edge_set": "Delaunay3" }, "geometry": { "type": "LineString", "coordinates": [ [ 17.468262, 62.460297 ], [ 17.541046, 64.996778 ] ] } },
{ "type": "Feature", "properties": { "voltage_kv": 380.0, "from_node": 106, "to_node": 125, "length_km": 308.29662742093126, "delaunay_k": 3, "edge_set": "Delaunay3" }, "geometry": { "type": "LineString", "coordinates": [ [ 17.468262, 62.460297 ], [ 19.736938, 65.032742 ] ] } },
{ "type": "Feature", "properties": { "voltage_kv": 380.0, "from_node": 106, "to_node": 132, "length_km": 362.82501010002346, "delaunay_k": 3, "edge_set": "Delaunay3" }, "geometry": { "type": "LineString", "coordinates": [ [ 17.468262, 62.460297 ], [ 21.169281, 65.270498 ] ] } },
{ "type": "Feature", "properties": { "voltage_kv": 380.0, "from_node": 107, "to_node": 121, "length_km": 225.91360147370537, "delaunay_k": 3, "edge_set": "Delaunay3" }, "geometry": { "type": "LineString", "coordinates": [ [ 17.541046, 64.996778 ], [ 18.639679, 66.970387 ] ] } },
{ "type": "Feature", "properties": { "voltage_kv": 380.0, "from_node": 107, "to_node": 128, "length_km": 224.6044793699115, "delaunay_k": 3, "edge_set": "Delaunay3" }, "geometry": { "type": "LineString", "coordinates": [ [ 17.541046, 64.996778 ], [ 20.037689, 66.729595 ] ] } },
{ "type": "Feature", "properties": { "voltage_kv": 380.0, "from_node": 107, "to_node": 131, "length_km": 229.38679479577524, "delaunay_k": 3, "edge_set": "Delaunay3" }, "geometry": { "type": "LineString", "coordinates": [ [ 17.541046, 64.996778 ], [ 20.452423, 66.669299 ] ] } },
{ "type": "Feature", "properties": { "voltage_kv": 380.0, "from_node": 107, "to_node": 145, "length_km": 277.51801323520647, "delaunay_k": 3, "edge_set": "Delaunay3" }, "geometry": { "type": "LineString", "coordinates": [ [ 17.541046, 64.996778 ], [ 23.072662, 65.938074 ] ] } },
{ "type": "Feature", "properties": { "voltage_kv": 380.0, "from_node": 108, "to_node": 126, "length_km": 210.56370677214349, "delaunay_k": 3, "edge_set": "Delaunay3" }, "geometry": { "type": "LineString", "coordinates": [ [ 17.579498, 68.517173 ], [ 19.864655, 66.843267 ] ] } },
{ "type": "Feature", "properties": { "voltage_kv": 380.0, "from_node": 108, "to_node": 128, "length_km": 225.33161958333983, "delaunay_k": 3, "edge_set": "Delaunay3" }, "geometry": { "type": "LineString", "coordinates": [ [ 17.579498, 68.517173 ], [ 20.037689, 66.729595 ] ] } },
{ "type": "Feature", "properties": { "voltage_kv": 380.0, "from_node": 108, "to_node": 130, "length_km": 255.56587442684707, "delaunay_k": 3, "edge_set": "Delaunay3" }, "geometry": { "type": "LineString", "coordinates": [ [ 17.579498, 68.517173 ], [ 20.429077, 66.505049 ] ] } },
{ "type": "Feature", "properties": { "voltage_kv": 380.0, "from_node": 108, "to_node": 131, "length_km": 239.89624094187297, "delaunay_k": 3, "edge_set": "Delaunay3" }, "geometry": { "type": "LineString", "coordinates": [ [ 17.579498, 68.517173 ], [ 20.452423, 66.669299 ] ] } },
{ "type": "Feature", "properties": { "voltage_kv": 380.0, "from_node": 108, "to_node": 163, "length_km": 418.83354323429967, "delaunay_k": 3, "edge_set": "Delaunay3" }, "geometry": { "type": "LineString", "coordinates": [ [ 17.579498, 68.517173 ], [ 25.415497, 66.285642 ] ] } },
{ "type": "Feature", "properties": { "voltage_kv": 380.0, "from_node": 108, "to_node": 171, "length_km": 473.476928053432, "delaunay_k": 3, "edge_set": "Delaunay3" }, "geometry": { "type": "LineString", "coordinates": [ [ 17.579498, 68.517173 ], [ 27.030487, 66.33089 ] ] } },
{ "type": "Feature", "properties": { "voltage_kv": 380.0, "from_node": 109, "to_node": 113, "length_km": 133.27506501884955, "delaunay_k": 3, "edge_set": "Delaunay3" }, "geometry": { "type": "LineString", "coordinates": [ [ 17.683868, 59.349996 ], [ 18.020325, 60.532293 ] ] } },
{ "type": "Feature", "properties": { "voltage_kv": 380.0, "from_node": 110, "to_node": 116, "length_km": 136.34869975972325, "delaunay_k": 3, "edge_set": "Delaunay3" }, "geometry": { "type": "LineString", "coordinates": [ [ 17.766266, 59.221637 ], [ 18.123322, 60.430121 ] ] } },
{ "type": "Feature", "properties": { "voltage_kv": 380.0, "from_node": 110, "to_node": 118, "length_km": 86.660629744505385, "delaunay_k": 3, "edge_set": "Delaunay3" }, "geometry": { "type": "LineString", "coordinates": [ [ 17.766266, 59.221637 ], [ 18.233185, 59.961198 ] ] } },
{ "type": "Feature", "properties": { "voltage_kv": 380.0, "from_node": 111, "to_node": 116, "length_km": 149.40066006040914, "delaunay_k": 3, "edge_set": "Delaunay3" }, "geometry": { "type": "LineString", "coordinates": [ [ 17.932434, 59.094909 ], [ 18.123322, 60.430121 ] ] } },
{ "type": "Feature", "properties": { "voltage_kv": 380.0, "from_node": 111, "to_node": 118, "length_km": 98.174055489763646, "delaunay_k": 3, "edge_set": "Delaunay3" }, "geometry": { "type": "LineString", "coordinates": [ [ 17.932434, 59.094909 ], [ 18.233185, 59.961198 ] ] } },
{ "type": "Feature", "properties": { "voltage_kv": 380.0, "from_node": 112, "to_node": 124, "length_km": 183.0689503105269, "delaunay_k": 3, "edge_set": "Delaunay3" }, "geometry": { "type": "LineString", "coordinates": [ [ 17.992859, 67.610267 ], [ 19.24942, 69.183065 ] ] } },
{ "type": "Feature", "properties": { "voltage_kv": 380.0, "from_node": 112, "to_node": 125, "length_km": 298.26855558126761, "delaunay_k": 3, "edge_set": "Delaunay3" }, "geometry": { "type": "LineString", "coordinates": [ [ 17.992859, 67.610267 ], [ 19.736938, 65.032742 ] ] } },
{ "type": "Feature", "properties": { "voltage_kv": 380.0, "from_node": 112, "to_node": 131, "length_km": 149.83463476500401, "delaunay_k": 3, "edge_set": "Delaunay3" }, "geometry": { "type": "LineString", "coordinates": [ [ 17.992859, 67.610267 ], [ 20.452423, 66.669299 ] ] } },
{ "type": "Feature", "properties": { "voltage_kv": 380.0, "from_node": 112, "to_node": 135, "length_km": 256.7128090435358, "delaunay_k": 3, "edge_set": "Delaunay3" }, "geometry": { "type": "LineString", "coordinates": [ [ 17.992859, 67.610267 ], [ 21.656799, 65.826407 ] ] } },
{ "type": "Feature", "properties": { "voltage_kv": 380.0, "from_node": 112, "to_node": 145, "length_km": 291.64364136628944, "delaunay_k": 3, "edge_set": "Delaunay3" }, "geometry": { "type": "LineString", "coordinates": [ [ 17.992859, 67.610267 ], [ 23.072662, 65.938074 ] ] } },
{ "type": "Feature", "properties": { "voltage_kv": 380.0, "from_node": 112, "to_node": 163, "length_km": 357.17513947525953, "delaunay_k": 3, "edge_set": "Delaunay3" }, "geometry": { "type": "LineString", "coordinates": [ [ 17.992859, 67.610267 ], [ 25.415497, 66.285642 ] ] } },
{ "type": "Feature", "properties": { "voltage_kv": 380.0, "from_node": 113, "to_node": 117, "length_km": 118.32422392945269, "delaunay_k": 3, "edge_set": "Delaunay3" }, "geometry": { "type": "LineString", "coordinates": [ [ 18.020325, 60.532293 ], [ 18.135681, 59.473686 ] ] } },
{ "type": "Feature", "properties": { "voltage_kv": 380.0, "from_node": 114, "to_node": 116, "length_km": 124.23501349238232, "delaunay_k": 3, "edge_set": "Delaunay3" }, "geometry": { "type": "LineString", "coordinates": [ [ 18.095856, 59.317075 ], [ 18.123322, 60.430121 ] ] } },
{ "type": "Feature", "properties": { "voltage_kv": 380.0, "from_node": 115, "to_node": 116, "length_km": 140.84442715484235, "delaunay_k": 3, "edge_set": "Delaunay3" }, "geometry": { "type": "LineString", "coordinates": [ [ 18.110962, 59.168187 ], [ 18.123322, 60.430121 ] ] } },
{ "type": "Feature", "properties": { "voltage_kv": 380.0, "from_node": 119, "to_node": 130, "length_km": 361.7028064815828, "delaunay_k": 3, "edge_set": "Delaunay3" }, "geometry": { "type": "LineString", "coordinates": [ [ 18.242798, 63.401361 ], [ 20.429077, 66.505049 ] ] } },
{ "type": "Feature", "properties": { "voltage_kv": 380.0, "from_node": 119, "to_node": 135, "length_km": 316.44351769526156, "delaunay_k": 3, "edge_set": "Delaunay3" }, "geometry": { "type": "LineString", "coordinates": [ [ 18.242798, 63.401361 ], [ 21.656799, 65.826407 ] ] } },
{ "type": "Feature", "properties": { "voltage_kv": 380.0, "from_node": 120, "to_node": 125, "length_km": 281.55816179809972, "delaunay_k": 3, "edge_set": "Delaunay3" }, "geometry": { "type": "LineString", "coordinates": [ [ 18.366394, 67.492803 ], [ 19.736938, 65.032742 ] ] } },
{ "type": "Feature", "properties": { "voltage_kv": 380.0, "from_node": 120, "to_node": 135, "length_km": 236.41000614999413, "delaunay_k": 3, "edge_set": "Delaunay3" }, "geometry": { "type": "LineString", "coordinates": [ [ 18.366394, 67.492803 ], [ 21.656799, 65.826407 ] ] } },
{ "type": "Feature", "properties": { "voltage_kv": 380.0, "from_node": 120, "to_node": 145, "length_km": 271.01235219613494, "delaunay_k": 3, "edge_set": "Delaunay3" }, "geometry": { "type": "LineString", "coordinates": [ [ 18.366394, 67.492803 ], [ 23.072662, 65.938074 ] ] } },
{ "type": "Feature", "properties": { "voltage_kv": 380.0, "from_node": 120, "to_node": 155, "length_km": 330.17308157360827, "delaunay_k": 3, "edge_set": "Delaunay3" }, "geometry": { "type": "LineString", "coordinates": [ [ 18.366394, 67.492803 ], [ 24.612122, 65.877531 ] ] } },
{ "type": "Feature", "properties": { "voltage_kv": 380.0, "from_node": 120, "to_node": 171, "length_km": 401.71148950766667, "delaunay_k": 3, "edge_set": "Delaunay3" }, "geometry": { "type": "LineString", "coordinates": [ [ 18.366394, 67.492803 ], [ 27.030487, 66.33089 ] ] } },
{ "type": "Feature", "properties": { "voltage_kv": 380.0, "from_node": 121, "to_node": 123, "length_km": 283.10271837650873, "delaunay_k": 3, "edge_set": "Delaunay3" }, "geometry": { "type": "LineString", "coordinates": [ [ 18.639679, 66.970387 ], [ 19.029694, 64.440225 ] ] } },
{ "type": "Feature", "properties": { "voltage_kv": 380.0, "from_node": 121, "to_node": 129, "length_km": 349.50672066841975, "delaunay_k": 3, "edge_set": "Delaunay3" }, "geometry": { "type": "LineString", "coordinates": [ [ 18.639679, 66.970387 ], [ 20.047302, 63.896314 ] ] } },
{ "type": "Feature", "properties": { "voltage_kv": 380.0, "from_node": 121, "to_node": 132, "length_km": 221.73215727615937, "delaunay_k": 3, "edge_set": "Delaunay3" }, "geometry": { "type": "LineString", "coordinates": [ [ 18.639679, 66.970387 ], [ 21.169281, 65.270498 ] ] } },
{ "type": "Feature", "properties": { "voltage_kv": 380.0, "from_node": 121, "to_node": 153, "length_km": 290.85111584358293, "delaunay_k": 3, "edge_set": "Delaunay3" }, "geometry": { "type": "LineString", "coordinates": [ [ 18.639679, 66.970387 ], [ 24.411621, 65.781941 ] ] } },
{ "type": "Feature", "properties": { "voltage_kv": 380.0, "from_node": 121, "to_node": 155, "length_km": 293.83126808857912, "delaunay_k": 3, "edge_set": "Delaunay3" }, "geometry": { "type": "LineString", "coordinates": [ [ 18.639679, 66.970387 ], [ 24.612122, 65.877531 ] ] } },
{ "type": "Feature", "properties": { "voltage_kv": 380.0, "from_node": 121, "to_node": 171, "length_km": 378.98737173854988, "delaunay_k": 3, "edge_set": "Delaunay3" }, "geometry": { "type": "LineString", "coordinates": [ [ 18.639679, 66.970387 ], [ 27.030487, 66.33089 ] ] } },
{ "type": "Feature", "properties": { "voltage_kv": 380.0, "from_node": 122, "to_node": 128, "length_km": 262.52344968747042, "delaunay_k": 3, "edge_set": "Delaunay3" }, "geometry": { "type": "LineString", "coordinates": [ [ 18.864899, 69.038124 ], [ 20.037689, 66.729595 ] ] } },
{ "type": "Feature", "properties": { "voltage_kv": 380.0, "from_node": 122, "to_node": 130, "length_km": 290.56438496930599, "delaunay_k": 3, "edge_set": "Delaunay3" }, "geometry": { "type": "LineString", "coordinates": [ [ 18.864899, 69.038124 ], [ 20.429077, 66.505049 ] ] } },
{ "type": "Feature", "properties": { "voltage_kv": 380.0, "from_node": 122, "to_node": 145, "length_km": 390.37664140185672, "delaunay_k": 3, "edge_set": "Delaunay3" }, "geometry": { "type": "LineString", "coordinates": [ [ 18.864899, 69.038124 ], [ 23.072662, 65.938074 ] ] } },
{ "type": "Feature", "properties": { "voltage_kv": 380.0, "from_node": 122, "to_node": 155, "length_km": 430.56877679356313, "delaunay_k": 3, "edge_set": "Delaunay3" }, "geometry": { "type": "LineString", "coordinates": [ [ 18.864899, 69.038124 ], [ 24.612122, 65.877531 ] ] } },
{ "type": "Feature", "properties": { "voltage_kv": 380.0, "from_node": 123, "to_node": 128, "length_km": 259.91604360590628, "delaunay_k": 3, "edge_set": "Delaunay3" }, "geometry": { "type": "LineString", "coordinates": [ [ 19.029694, 64.440225 ], [ 20.037689, 66.729595 ] ] } },
{ "type": "Feature", "properties": { "voltage_kv": 380.0, "from_node": 123, "to_node": 131, "length_km": 257.54317752957837, "delaunay_k": 3, "edge_set": "Delaunay3" }, "geometry": { "type": "LineString", "coordinates": [ [ 19.029694, 64.440225 ], [ 20.452423, 66.669299 ] ] } },
{ "type": "Feature", "properties": { "voltage_kv": 380.0, "from_node": 123, "to_node": 145, "length_km": 253.05164086393239, "delaunay_k": 3, "edge_set": "Delaunay3" }, "geometry": { "type": "LineString", "coordinates": [ [ 19.029694, 64.440225 ], [ 23.072662, 65.938074 ] ] } },
{ "type": "Feature", "properties": { "voltage_kv": 380.0, "from_node": 124, "to_node": 128, "length_km": 276.04230190287632, "delaunay_k": 3, "edge_set": "Delaunay3" }, "geometry": { "type": "LineString", "coordinates": [ [ 19.24942, 69.183065 ], [ 20.037689, 66.729595 ] ] } },
{ "type": "Feature", "properties": { "voltage_kv": 380.0, "from_node": 124, "to_node": 130, "length_km": 303.25875995643003, "delaunay_k": 3, "edge_set": "Delaunay3" }, "geometry": { "type": "LineString", "coordinates": [ [ 19.24942, 69.183065 ], [ 20.429077, 66.505049 ] ] } },
{ "type": "Feature", "properties": { "voltage_kv": 380.0, "from_node": 124, "to_node": 132, "length_km": 444.93515715562035, "delaunay_k": 3, "edge_set": "Delaunay3" }, "geometry": { "type": "LineString", "coordinates": [ [ 19.24942, 69.183065 ], [ 21.169281, 65.270498 ] ] } },
{ "type": "Feature", "properties": { "voltage_kv": 380.0, "from_node": 124, "to_node": 135, "length_km": 388.90071440116964, "delaunay_k": 3, "edge_set": "Delaunay3" }, "geometry": { "type": "LineString", "coordinates": [ [ 19.24942, 69.183065 ], [ 21.656799, 65.826407 ] ] } },
{ "type": "Feature", "properties": { "voltage_kv": 380.0, "from_node": 124, "to_node": 153, "length_km": 439.67532072308148, "delaunay_k": 3, "edge_set": "Delaunay3" }, "geometry": { "type": "LineString", "coordinates": [ [ 19.24942, 69.183065 ], [ 24.411621, 65.781941 ] ] } },
{ "type": "Feature", "properties": { "voltage_kv": 380.0, "from_node": 125, "to_node": 126, "length_km": 202.33756922405314, "delaunay_k": 3, "edge_set": "Delaunay3" }, "geometry": { "type": "LineString", "coordinates": [ [ 19.736938, 65.032742 ], [ 19.864655, 66.843267 ] ] } },
{ "type": "Feature", "properties": { "voltage_kv": 380.0, "from_node": 125, "to_node": 127, "length_km": 217.0736068472286, "delaunay_k": 3, "edge_set": "Delaunay3" }, "geometry": { "type": "LineString", "coordinates": [ [ 19.736938, 65.032742 ], [ 19.866028, 66.975221 ] ] } },
{ "type": "Feature", "properties": { "voltage_kv": 380.0, "from_node": 126, "to_node": 132, "length_km": 185.45456480168147, "delaunay_k": 3, "edge_set": "Delaunay3" }, "geometry": { "type": "LineString", "coordinates": [ [ 19.864655, 66.843267 ], [ 21.169281, 65.270498 ] ] } },
{ "type": "Feature", "properties": { "voltage_kv": 380.0, "from_node": 126, "to_node": 135, "length_km": 139.24262234473528, "delaunay_k": 3, "edge_set": "Delaunay3" }, "geometry": { "type": "LineString", "coordinates": [ [ 19.864655, 66.843267 ], [ 21.656799, 65.826407 ] ] } },
{ "type": "Feature", "properties": { "voltage_kv": 380.0, "from_node": 126, "to_node": 153, "length_km": 236.39186707973158, "delaunay_k": 3, "edge_set": "Delaunay3" }, "geometry": { "type": "LineString", "coordinates": [ [ 19.864655, 66.843267 ], [ 24.411621, 65.781941 ] ] } },
{ "type": "Feature", "properties": { "voltage_kv": 380.0, "from_node": 126, "to_node": 155, "length_km": 238.86881976690108, "delaunay_k": 3, "edge_set": "Delaunay3" }, "geometry": { "type": "LineString", "coordinates": [ [ 19.864655, 66.843267 ], [ 24.612122, 65.877531 ] ] } },
{ "type": "Feature", "properties": { "voltage_kv": 380.0, "from_node": 126, "to_node": 171, "length_km": 323.94524944998506, "delaunay_k": 3, "edge_set": "Delaunay3" }, "geometry": { "type": "LineString", "coordinates": [ [ 19.864655, 66.843267 ], [ 27.030487, 66.33089 ] ] } },
{ "type": "Feature", "properties": { "voltage_kv": 380.0, "from_node": 127, "to_node": 132, "length_km": 199.41828238542624, "delaunay_k": 3, "edge_set": "Delaunay3" }, "geometry": { "type": "LineString", "coordinates": [ [ 19.866028, 66.975221 ], [ 21.169281, 65.270498 ] ] } },
{ "type": "Feature", "properties": { "voltage_kv": 380.0, "from_node": 127, "to_node": 135, "length_km": 151.37030478659031, "delaunay_k": 3, "edge_set": "Delaunay3" }, "geometry": { "type": "LineString", "coordinates": [ [ 19.866028, 66.975221 ], [ 21.656799, 65.826407 ] ] } },
{ "type": "Feature", "properties": { "voltage_kv": 380.0, "from_node": 127, "to_node": 153, "length_km": 243.62266131595797, "delaunay_k": 3, "edge_set": "Delaunay3" }, "geometry": { "type": "LineString", "coordinates": [ [ 19.866028, 66.975221 ], [ 24.411621, 65.781941 ] ] } },
{ "type": "Feature", "properties": { "voltage_kv": 380.0, "from_node": 128, "to_node": 129, "length_km": 316.54367797536412, "delaunay_k": 3, "edge_set": "Delaunay3" }, "geometry": { "type": "LineString", "coordinates": [ [ 20.037689, 66.729595 ], [ 20.047302, 63.896314 ] ] } },
{ "type": "Feature", "properties": { "voltage_kv": 380.0, "from_node": 128, "to_node": 132, "length_km": 170.98620041638577, "delaunay_k": 3, "edge_set": "Delaunay3" }, "geometry": { "type": "LineString", "coordinates": [ [ 20.037689, 66.729595 ], [ 21.169281, 65.270498 ] ] } },
{ "type": "Feature", "properties": { "voltage_kv": 380.0, "from_node": 128, "to_node": 153, "length_km": 223.80659124154488, "delaunay_k": 3, "edge_set": "Delaunay3" }, "geometry": { "type": "LineString", "coordinates": [ [ 20.037689, 66.729595 ], [ 24.411621, 65.781941 ] ] } },
{ "type": "Feature", "properties": { "voltage_kv": 380.0, "from_node": 128, "to_node": 155, "length_km": 226.77374017077807, "delaunay_k": 3, "edge_set": "Delaunay3" }, "geometry": { "type": "LineString", "coordinates": [ [ 20.037689, 66.729595 ], [ 24.612122, 65.877531 ] ] } },
{ "type": "Feature", "properties": { "voltage_kv": 380.0, "from_node": 128, "to_node": 171, "length_km": 315.05124089948157, "delaunay_k": 3, "edge_set": "Delaunay3" }, "geometry": { "type": "LineString", "coordinates": [ [ 20.037689, 66.729595 ], [ 27.030487, 66.33089 ] ] } },
{ "type": "Feature", "properties": { "voltage_kv": 380.0, "from_node": 129, "to_node": 131, "length_km": 310.41223096192408, "delaunay_k": 3, "edge_set": "Delaunay3" }, "geometry": { "type": "LineString", "coordinates": [ [ 20.047302, 63.896314 ], [ 20.452423, 66.669299 ] ] } },
{ "type": "Feature", "properties": { "voltage_kv": 380.0, "from_node": 130, "to_node": 171, "length_km": 296.44997253932638, "delaunay_k": 3, "edge_set": "Delaunay3" }, "geometry": { "type": "LineString", "coordinates": [ [ 20.429077, 66.505049 ], [ 27.030487, 66.33089 ] ] } },
{ "type": "Feature", "properties": { "voltage_kv": 380.0, "from_node": 133, "to_node": 138, "length_km": 213.81986978906085, "delaunay_k": 3, "edge_set": "Delaunay3" }, "geometry": { "type": "LineString", "coordinates": [ [ 21.538696, 61.125998 ], [ 21.902618, 63.030057 ] ] } },
{ "type": "Feature", "properties": { "voltage_kv": 380.0, "from_node": 133, "to_node": 141, "length_km": 194.87186461670717, "delaunay_k": 3, "edge_set": "Delaunay3" }, "geometry": { "type": "LineString", "coordinates": [ [ 21.538696, 61.125998 ], [ 22.633209, 62.789912 ] ] } },
{ "type": "Feature", "properties": { "voltage_kv": 380.0, "from_node": 133, "to_node": 143, "length_km": 113.78787176057244, "delaunay_k": 3, "edge_set": "Delaunay3" }, "geometry": { "type": "LineString", "coordinates": [ [ 21.538696, 61.125998 ], [ 22.913361, 60.363639 ] ] } },
{ "type": "Feature", "properties": { "voltage_kv": 380.0, "from_node": 133, "to_node": 147, "length_km": 115.82345378423516, "delaunay_k": 3, "edge_set": "Delaunay3" }, "geometry": { "type": "LineString", "coordinates": [ [ 21.538696, 61.125998 ], [ 23.579407, 60.830188 ] ] } },
{ "type": "Feature", "properties": { "voltage_kv": 380.0, "from_node": 133, "to_node": 151, "length_km": 252.41301320388374, "delaunay_k": 3, "edge_set": "Delaunay3" }, "geometry": { "type": "LineString", "coordinates": [ [ 21.538696, 61.125998 ], [ 24.285278, 62.976446 ] ] } },
{ "type": "Feature", "properties": { "voltage_kv": 380.0, "from_node": 133, "to_node": 152, "length_km": 156.40792360159327, "delaunay_k": 3, "edge_set": "Delaunay3" }, "geometry": { "type": "LineString", "coordinates": [ [ 21.538696, 61.125998 ], [ 24.403381, 61.338151 ] ] } },
{ "type": "Feature", "properties": { "voltage_kv": 380.0, "from_node": 133, "to_node": 161, "length_km": 210.28850704527514, "delaunay_k": 3, "edge_set": "Delaunay3" }, "geometry": { "type": "LineString", "coordinates": [ [ 21.538696, 61.125998 ], [ 25.158691, 61.855501 ] ] } },
{ "type": "Feature", "properties": { "voltage_kv": 380.0, "from_node": 134, "to_node": 140, "length_km": 191.72082168489453, "delaunay_k": 3, "edge_set": "Delaunay3" }, "geometry": { "type": "LineString", "coordinates": [ [ 21.604614, 62.184091 ], [ 22.457428, 60.52013 ] ] } },
{ "type": "Feature", "properties": { "voltage_kv": 380.0, "from_node": 134, "to_node": 143, "length_km": 215.5609290755495, "delaunay_k": 3, "edge_set": "Delaunay3" }, "geometry": { "type": "LineString", "coordinates": [ [ 21.604614, 62.184091 ], [ 22.913361, 60.363639 ] ] } },
{ "type": "Feature", "properties": { "voltage_kv": 380.0, "from_node": 134, "to_node": 146, "length_km": 201.34396642982617, "delaunay_k": 3, "edge_set": "Delaunay3" }, "geometry": { "type": "LineString", "coordinates": [ [ 21.604614, 62.184091 ], [ 23.1427, 63.842485 ] ] } },
{ "type": "Feature", "properties": { "voltage_kv": 380.0, "from_node": 134, "to_node": 150, "length_km": 252.32203143086949, "delaunay_k": 3, "edge_set": "Delaunay3" }, "geometry": { "type": "LineString", "coordinates": [ [ 21.604614, 62.184091 ], [ 24.186401, 60.304505 ] ] } },
{ "type": "Feature", "properties": { "voltage_kv": 380.0, "from_node": 134, "to_node": 157, "length_km": 227.51957481153954, "delaunay_k": 3, "edge_set": "Delaunay3" }, "geometry": { "type": "LineString", "coordinates": [ [ 21.604614, 62.184091 ], [ 24.915619, 60.906402 ] ] } },
{ "type": "Feature", "properties": { "voltage_kv": 380.0, "from_node": 134, "to_node": 159, "length_km": 265.9741203887869, "delaunay_k": 3, "edge_set": "Delaunay3" }, "geometry": { "type": "LineString", "coordinates": [ [ 21.604614, 62.184091 ], [ 24.965057, 64.008479 ] ] } },
{ "type": "Feature", "properties": { "voltage_kv": 380.0, "from_node": 134, "to_node": 167, "length_km": 231.80451358170117, "delaunay_k": 3, "edge_set": "Delaunay3" }, "geometry": { "type": "LineString", "coordinates": [ [ 21.604614, 62.184091 ], [ 26.032104, 62.340686 ] ] } },
{ "type": "Feature", "properties": { "voltage_kv": 380.0, "from_node": 134, "to_node": 170, "length_km": 306.35170299362409, "delaunay_k": 3, "edge_set": "Delaunay3" }, "geometry": { "type": "LineString", "coordinates": [ [ 21.604614, 62.184091 ], [ 26.621246, 60.865644 ] ] } },
{ "type": "Feature", "properties": { "voltage_kv": 380.0, "from_node": 134, "to_node": 174, "length_km": 311.84729413510422, "delaunay_k": 3, "edge_set": "Delaunay3" }, "geometry": { "type": "LineString", "coordinates": [ [ 21.604614, 62.184091 ], [ 27.305145, 61.489282 ] ] } },
{ "type": "Feature", "properties": { "voltage_kv": 380.0, "from_node": 134, "to_node": 175, "length_km": 326.71295535853574, "delaunay_k": 3, "edge_set": "Delaunay3" }, "geometry": { "type": "LineString", "coordinates": [ [ 21.604614, 62.184091 ], [ 27.585297, 63.154975 ] ] } },
{ "type": "Feature", "properties": { "voltage_kv": 380.0, "from_node": 135, "to_node": 171, "length_km": 250.6347595424368, "delaunay_k": 3, "edge_set": "Delaunay3" }, "geometry": { "type": "LineString", "coordinates": [ [ 21.656799, 65.826407 ], [ 27.030487, 66.33089 ] ] } },
{ "type": "Feature", "properties": { "voltage_kv": 380.0, "from_node": 136, "to_node": 140, "length_km": 123.29509262582737, "delaunay_k": 3, "edge_set": "Delaunay3" }, "geometry": { "type": "LineString", "coordinates": [ [ 21.660919, 61.552147 ], [ 22.457428, 60.52013 ] ] } },
{ "type": "Feature", "properties": { "voltage_kv": 380.0, "from_node": 136, "to_node": 144, "length_km": 261.09909221493615, "delaunay_k": 3, "edge_set": "Delaunay3" }, "geometry": { "type": "LineString", "coordinates": [ [ 21.660919, 61.552147 ], [ 23.047943, 63.797043 ] ] } },
{ "type": "Feature", "properties": { "voltage_kv": 380.0, "from_node": 136, "to_node": 147, "length_km": 131.42106881980939, "delaunay_k": 3, "edge_set": "Delaunay3" }, "geometry": { "type": "LineString", "coordinates": [ [ 21.660919, 61.552147 ], [ 23.579407, 60.830188 ] ] } },
{ "type": "Feature", "properties": { "voltage_kv": 380.0, "from_node": 136, "to_node": 151, "length_km": 210.13717509554073, "delaunay_k": 3, "edge_set": "Delaunay3" }, "geometry": { "type": "LineString", "coordinates": [ [ 21.660919, 61.552147 ], [ 24.285278, 62.976446 ] ] } },
{ "type": "Feature", "properties": { "voltage_kv": 380.0, "from_node": 136, "to_node": 152, "length_km": 148.9357240938925, "delaunay_k": 3, "edge_set": "Delaunay3" }, "geometry": { "type": "LineString", "coordinates": [ [ 21.660919, 61.552147 ], [ 24.403381, 61.338151 ] ] } },
{ "type": "Feature", "properties": { "voltage_kv": 380.0, "from_node": 136, "to_node": 161, "length_km": 189.03452763832206, "delaunay_k": 3, "edge_set": "Delaunay3" }, "geometry": { "type": "LineString", "coordinates": [ [ 21.660919, 61.552147 ], [ 25.158691, 61.855501 ] ] } },
{ "type": "Feature", "properties": { "voltage_kv": 380.0, "from_node": 137, "to_node": 138, "length_km": 236.06811542340159, "delaunay_k": 3, "edge_set": "Delaunay3" }, "geometry": { "type": "LineString", "coordinates": [ [ 21.895752, 60.919755 ], [ 21.902618, 63.030057 ] ] } },
{ "type": "Feature", "properties": { "voltage_kv": 380.0, "from_node": 137, "to_node": 141, "length_km": 212.85600429061674, "delaunay_k": 3, "edge_set": "Delaunay3" }, "geometry": { "type": "LineString", "coordinates": [ [ 21.895752, 60.919755 ], [ 22.633209, 62.789912 ] ] } },
{ "type": "Feature", "properties": { "voltage_kv": 380.0, "from_node": 137, "to_node": 148, "length_km": 144.33683066889523, "delaunay_k": 3, "edge_set": "Delaunay3" }, "geometry": { "type": "LineString", "coordinates": [ [ 21.895752, 60.919755 ], [ 23.819733, 60.047704 ] ] } },
{ "type": "Feature", "properties": { "voltage_kv": 380.0, "from_node": 137, "to_node": 150, "length_km": 143.67034695808002, "delaunay_k": 3, "edge_set": "Delaunay3" }, "geometry": { "type": "LineString", "coordinates": [ [ 21.895752, 60.919755 ], [ 24.186401, 60.304505 ] ] } },
{ "type": "Feature", "properties": { "voltage_kv": 380.0, "from_node": 137, "to_node": 151, "length_km": 262.44639911650842, "delaunay_k": 3, "edge_set": "Delaunay3" }, "geometry": { "type": "LineString", "coordinates": [ [ 21.895752, 60.919755 ], [ 24.285278, 62.976446 ] ] } },
{ "type": "Feature", "properties": { "voltage_kv": 380.0, "from_node": 137, "to_node": 152, "length_km": 143.64684477801882, "delaunay_k": 3, "edge_set": "Delaunay3" }, "geometry": { "type": "LineString", "coordinates": [ [ 21.895752, 60.919755 ], [ 24.403381, 61.338151 ] ] } },
{ "type": "Feature", "properties": { "voltage_kv": 380.0, "from_node": 137, "to_node": 157, "length_km": 164.69952954958532, "delaunay_k": 3, "edge_set": "Delaunay3" }, "geometry": { "type": "LineString", "coordinates": [ [ 21.895752, 60.919755 ], [ 24.915619, 60.906402 ] ] } },
{ "type": "Feature", "properties": { "voltage_kv": 380.0, "from_node": 137, "to_node": 161, "length_km": 204.21164386755243, "delaunay_k": 3, "edge_set": "Delaunay3" }, "geometry": { "type": "LineString", "coordinates": [ [ 21.895752, 60.919755 ], [ 25.158691, 61.855501 ] ] } },
{ "type": "Feature", "properties": { "voltage_kv": 380.0, "from_node": 138, "to_node": 142, "length_km": 212.67389520907736, "delaunay_k": 3, "edge_set": "Delaunay3" }, "geometry": { "type": "LineString", "coordinates": [ [ 21.902618, 63.030057 ], [ 22.822723, 61.179005 ] ] } },
{ "type": "Feature", "properties": { "voltage_kv": 380.0, "from_node": 138, "to_node": 147, "length_km": 261.63133435925164, "delaunay_k": 3, "edge_set": "Delaunay3" }, "geometry": { "type": "LineString", "coordinates": [ [ 21.902618, 63.030057 ], [ 23.579407, 60.830188 ] ] } },
{ "type": "Feature", "properties": { "voltage_kv": 380.0, "from_node": 138, "to_node": 152, "length_km": 230.20656954495968, "delaunay_k": 3, "edge_set": "Delaunay3" }, "geometry": { "type": "LineString", "coordinates": [ [ 21.902618, 63.030057 ], [ 24.403381, 61.338151 ] ] } },
{ "type": "Feature", "properties": { "voltage_kv": 380.0, "from_node": 138, "to_node": 154, "length_km": 202.8101680957856, "delaunay_k": 3, "edge_set": "Delaunay3" }, "geometry": { "type": "LineString", "coordinates": [ [ 21.902618, 63.030057 ], [ 24.517365, 64.423037 ] ] } },
{ "type": "Feature", "properties": { "voltage_kv": 380.0, "from_node": 138, "to_node": 159, "length_km": 188.21892365327824, "delaunay_k": 3, "edge_set": "Delaunay3" }, "geometry": { "type": "LineString", "coordinates": [ [ 21.902618, 63.030057 ], [ 24.965057, 64.008479 ] ] } },
{ "type": "Feature", "properties": { "voltage_kv": 380.0, "from_node": 138, "to_node": 161, "length_km": 214.08723089223429, "delaunay_k": 3, "edge_set": "Delaunay3" }, "geometry": { "type": "LineString", "coordinates": [ [ 21.902618, 63.030057 ], [ 25.158691, 61.855501 ] ] } },
{ "type": "Feature", "properties": { "voltage_kv": 380.0, "from_node": 138, "to_node": 167, "length_km": 226.14121411784393, "delaunay_k": 3, "edge_set": "Delaunay3" }, "geometry": { "type": "LineString", "coordinates": [ [ 21.902618, 63.030057 ], [ 26.032104, 62.340686 ] ] } },
{ "type": "Feature", "properties": { "voltage_kv": 380.0, "from_node": 138, "to_node": 175, "length_km": 288.91344898814924, "delaunay_k": 3, "edge_set": "Delaunay3" }, "geometry": { "type": "LineString", "coordinates": [ [ 21.902618, 63.030057 ], [ 27.585297, 63.154975 ] ] } },
{ "type": "Feature", "properties": { "voltage_kv": 380.0, "from_node": 139, "to_node": 143, "length_km": 132.68965016381239, "delaunay_k": 3, "edge_set": "Delaunay3" }, "geometry": { "type": "LineString", "coordinates": [ [ 22.105865, 61.482071 ], [ 22.913361, 60.363639 ] ] } },
{ "type": "Feature", "properties": { "voltage_kv": 380.0, "from_node": 139, "to_node": 144, "length_km": 263.56076941498657, "delaunay_k": 3, "edge_set": "Delaunay3" }, "geometry": { "type": "LineString", "coordinates": [ [ 22.105865, 61.482071 ], [ 23.047943, 63.797043 ] ] } },
{ "type": "Feature", "properties": { "voltage_kv": 380.0, "from_node": 139, "to_node": 146, "length_km": 269.48323242721654, "delaunay_k": 3, "edge_set": "Delaunay3" }, "geometry": { "type": "LineString", "coordinates": [ [ 22.105865, 61.482071 ], [ 23.1427, 63.842485 ] ] } },
{ "type": "Feature", "properties": { "voltage_kv": 380.0, "from_node": 139, "to_node": 150, "length_km": 173.99155483123741, "delaunay_k": 3, "edge_set": "Delaunay3" }, "geometry": { "type": "LineString", "coordinates": [ [ 22.105865, 61.482071 ], [ 24.186401, 60.304505 ] ] } },
{ "type": "Feature", "properties": { "voltage_kv": 380.0, "from_node": 139, "to_node": 157, "length_km": 165.00167434030124, "delaunay_k": 3, "edge_set": "Delaunay3" }, "geometry": { "type": "LineString", "coordinates": [ [ 22.105865, 61.482071 ], [ 24.915619, 60.906402 ] ] } },
{ "type": "Feature", "properties": { "voltage_kv": 380.0, "from_node": 139, "to_node": 159, "length_km": 318.67353459428745, "delaunay_k": 3, "edge_set": "Delaunay3" }, "geometry": { "type": "LineString", "coordinates": [ [ 22.105865, 61.482071 ], [ 24.965057, 64.008479 ] ] } },
{ "type": "Feature", "properties": { "voltage_kv": 380.0, "from_node": 139, "to_node": 167, "length_km": 228.63005581286973, "delaunay_k": 3, "edge_set": "Delaunay3" }, "geometry": { "type": "LineString", "coordinates": [ [ 22.105865, 61.482071 ], [ 26.032104, 62.340686 ] ] } },
{ "type": "Feature", "properties": { "voltage_kv": 380.0, "from_node": 139, "to_node": 170, "length_km": 253.97825400377593, "delaunay_k": 3, "edge_set": "Delaunay3" }, "geometry": { "type": "LineString", "coordinates": [ [ 22.105865, 61.482071 ], [ 26.621246, 60.865644 ] ] } },
{ "type": "Feature", "properties": { "voltage_kv": 380.0, "from_node": 139, "to_node": 174, "length_km": 278.6752240880341, "delaunay_k": 3, "edge_set": "Delaunay3" }, "geometry": { "type": "LineString", "coordinates": [ [ 22.105865, 61.482071 ], [ 27.305145, 61.489282 ] ] } },
{ "type": "Feature", "properties": { "voltage_kv": 380.0, "from_node": 139, "to_node": 175, "length_km": 341.67878255591171, "delaunay_k": 3, "edge_set": "Delaunay3" }, "geometry": { "type": "LineString", "coordinates": [ [ 22.105865, 61.482071 ], [ 27.585297, 63.154975 ] ] } },
{ "type": "Feature", "properties": { "voltage_kv": 380.0, "from_node": 140, "to_node": 141, "length_km": 254.20858193008237, "delaunay_k": 3, "edge_set": "Delaunay3" }, "geometry": { "type": "LineString", "coordinates": [ [ 22.457428, 60.52013 ], [ 22.633209, 62.789912 ] ] } },
{ "type": "Feature", "properties": { "voltage_kv": 380.0, "from_node": 140, "to_node": 151, "length_km": 291.66558452815724, "delaunay_k": 3, "edge_set": "Delaunay3" }, "geometry": { "type": "LineString", "coordinates": [ [ 22.457428, 60.52013 ], [ 24.285278, 62.976446 ] ] } },
{ "type": "Feature", "properties": { "voltage_kv": 380.0, "from_node": 140, "to_node": 156, "length_km": 126.99224856308959, "delaunay_k": 3, "edge_set": "Delaunay3" }, "geometry": { "type": "LineString", "coordinates": [ [ 22.457428, 60.52013 ], [ 24.656067, 60.20571 ] ] } },
{ "type": "Feature", "properties": { "voltage_kv": 380.0, "from_node": 140, "to_node": 158, "length_km": 138.64201231514272, "delaunay_k": 3, "edge_set": "Delaunay3" }, "geometry": { "type": "LineString", "coordinates": [ [ 22.457428, 60.52013 ], [ 24.930725, 60.330347 ] ] } },
{ "type": "Feature", "properties": { "voltage_kv": 380.0, "from_node": 140, "to_node": 160, "length_km": 142.68314561691002, "delaunay_k": 3, "edge_set": "Delaunay3" }, "geometry": { "type": "LineString", "coordinates": [ [ 22.457428, 60.52013 ], [ 25.040588, 60.5755 ] ] } },
{ "type": "Feature", "properties": { "voltage_kv": 380.0, "from_node": 140, "to_node": 161, "length_km": 209.08210338708048, "delaunay_k": 3, "edge_set": "Delaunay3" }, "geometry": { "type": "LineString", "coordinates": [ [ 22.457428, 60.52013 ], [ 25.158691, 61.855501 ] ] } },
{ "type": "Feature", "properties": { "voltage_kv": 380.0, "from_node": 140, "to_node": 164, "length_km": 177.15642413367854, "delaunay_k": 3, "edge_set": "Delaunay3" }, "geometry": { "type": "LineString", "coordinates": [ [ 22.457428, 60.52013 ], [ 25.659943, 60.469404 ] ] } },
{ "type": "Feature", "properties": { "voltage_kv": 380.0, "from_node": 140, "to_node": 169, "length_km": 212.67362354110318, "delaunay_k": 3, "edge_set": "Delaunay3" }, "geometry": { "type": "LineString", "coordinates": [ [ 22.457428, 60.52013 ], [ 26.294403, 60.418598 ] ] } },
{ "type": "Feature", "properties": { "voltage_kv": 380.0, "from_node": 140, "to_node": 170, "length_km": 232.13197472121865, "delaunay_k": 3, "edge_set": "Delaunay3" }, "geometry": { "type": "LineString", "coordinates": [ [ 22.457428, 60.52013 ], [ 26.621246, 60.865644 ] ] } },
{ "type": "Feature", "properties": { "voltage_kv": 380.0, "from_node": 141, "to_node": 143, "length_km": 272.01481930874644, "delaunay_k": 3, "edge_set": "Delaunay3" }, "geometry": { "type": "LineString", "coordinates": [ [ 22.633209, 62.789912 ], [ 22.913361, 60.363639 ] ] } },
{ "type": "Feature", "properties": { "voltage_kv": 380.0, "from_node": 141, "to_node": 150, "length_km": 290.46809970947027, "delaunay_k": 3, "edge_set": "Delaunay3" }, "geometry": { "type": "LineString", "coordinates": [ [ 22.633209, 62.789912 ], [ 24.186401, 60.304505 ] ] } },
{ "type": "Feature", "properties": { "voltage_kv": 380.0, "from_node": 141, "to_node": 154, "length_km": 205.54609122476759, "delaunay_k": 3, "edge_set": "Delaunay3" }, "geometry": { "type": "LineString", "coordinates": [ [ 22.633209, 62.789912 ], [ 24.517365, 64.423037 ] ] } },
{ "type": "Feature", "properties": { "voltage_kv": 380.0, "from_node": 141, "to_node": 157, "length_km": 243.12496721173909, "delaunay_k": 3, "edge_set": "Delaunay3" }, "geometry": { "type": "LineString", "coordinates": [ [ 22.633209, 62.789912 ], [ 24.915619, 60.906402 ] ] } },
{ "type": "Feature", "properties": { "voltage_kv": 380.0, "from_node": 141, "to_node": 166, "length_km": 290.29131321798633, "delaunay_k": 3, "edge_set": "Delaunay3" }, "geometry": { "type": "LineString", "coordinates": [ [ 22.633209, 62.789912 ], [ 25.808258, 64.971807 ] ] } },
{ "type": "Feature", "properties": { "voltage_kv": 380.0, "from_node": 141, "to_node": 168, "length_km": 296.61318667784184, "delaunay_k": 3, "edge_set": "Delaunay3" }, "geometry": { "type": "LineString", "coordinates": [ [ 22.633209, 62.789912 ], [ 26.05957, 64.965416 ] ] } },
{ "type": "Feature", "properties": { "voltage_kv": 380.0, "from_node": 141, "to_node": 170, "length_km": 301.97422769415613, "delaunay_k": 3, "edge_set": "Delaunay3" }, "geometry": { "type": "LineString", "coordinates": [ [ 22.633209, 62.789912 ], [ 26.621246, 60.865644 ] ] } },
{ "type": "Feature", "properties": { "voltage_kv": 380.0, "from_node": 141, "to_node": 171, "length_km": 449.5367858514814, "delaunay_k": 3, "edge_set": "Delaunay3" }, "geometry": { "type": "LineString", "coordinates": [ [ 22.633209, 62.789912 ], [ 27.030487, 66.33089 ] ] } },
{ "type": "Feature", "properties": { "voltage_kv": 380.0, "from_node": 141, "to_node": 173, "length_km": 272.37299924518732, "delaunay_k": 3, "edge_set": "Delaunay3" }, "geometry": { "type": "LineString", "coordinates": [ [ 22.633209, 62.789912 ], [ 27.204895, 64.101606 ] ] } },
{ "type": "Feature", "properties": { "voltage_kv": 380.0, "from_node": 141, "to_node": 174, "length_km": 285.21417105845848, "delaunay_k": 3, "edge_set": "Delaunay3" }, "geometry": { "type": "LineString", "coordinates": [ [ 22.633209, 62.789912 ], [ 27.305145, 61.489282 ] ] } },
{ "type": "Feature", "properties": { "voltage_kv": 380.0, "from_node": 141, "to_node": 176, "length_km": 272.42024972011029, "delaunay_k": 3, "edge_set": "Delaunay3" }, "geometry": { "type": "LineString", "coordinates": [ [ 22.633209, 62.789912 ], [ 27.766571, 62.262171 ] ] } },
{ "type": "Feature", "properties": { "voltage_kv": 380.0, "from_node": 142, "to_node": 144, "length_km": 293.29632844408644, "delaunay_k": 3, "edge_set": "Delaunay3" }, "geometry": { "type": "LineString", "coordinates": [ [ 22.822723, 61.179005 ], [ 23.047943, 63.797043 ] ] } },
{ "type": "Feature", "properties": { "voltage_kv": 380.0, "from_node": 142, "to_node": 146, "length_km": 298.61889452018011, "delaunay_k": 3, "edge_set": "Delaunay3" }, "geometry": { "type": "LineString", "coordinates": [ [ 22.822723, 61.179005 ], [ 23.1427, 63.842485 ] ] } },
{ "type": "Feature", "properties": { "voltage_kv": 380.0, "from_node": 142, "to_node": 148, "length_km": 138.09178585639685, "delaunay_k": 3, "edge_set": "Delaunay3" }, "geometry": { "type": "LineString", "coordinates": [ [ 22.822723, 61.179005 ], [ 23.819733, 60.047704 ] ] } },
{ "type": "Feature", "properties": { "voltage_kv": 380.0, "from_node": 142, "to_node": 156, "length_km": 148.44355844411672, "delaunay_k": 3, "edge_set": "Delaunay3" }, "geometry": { "type": "LineString", "coordinates": [ [ 22.822723, 61.179005 ], [ 24.656067, 60.20571 ] ] } },
{ "type": "Feature", "properties": { "voltage_kv": 380.0, "from_node": 142, "to_node": 158, "length_km": 149.6796978624447, "delaunay_k": 3, "edge_set": "Delaunay3" }, "geometry": { "type": "LineString", "coordinates": [ [ 22.822723, 61.179005 ], [ 24.930725, 60.330347 ] ] } },
{ "type": "Feature", "properties": { "voltage_kv": 380.0, "from_node": 142, "to_node": 159, "length_km": 335.65093302987685, "delaunay_k": 3, "edge_set": "Delaunay3" }, "geometry": { "type": "LineString", "coordinates": [ [ 22.822723, 61.179005 ], [ 24.965057, 64.008479 ] ] } },
{ "type": "Feature", "properties": { "voltage_kv": 380.0, "from_node": 142, "to_node": 160, "length_km": 138.74692256488032, "delaunay_k": 3, "edge_set": "Delaunay3" }, "geometry": { "type": "LineString", "coordinates": [ [ 22.822723, 61.179005 ], [ 25.040588, 60.5755 ] ] } },
{ "type": "Feature", "properties": { "voltage_kv": 380.0, "from_node": 142, "to_node": 164, "length_km": 174.46601269865005, "delaunay_k": 3, "edge_set": "Delaunay3" }, "geometry": { "type": "LineString", "coordinates": [ [ 22.822723, 61.179005 ], [ 25.659943, 60.469404 ] ] } },
{ "type": "Feature", "properties": { "voltage_kv": 380.0, "from_node": 142, "to_node": 167, "length_km": 214.47623072824072, "delaunay_k": 3, "edge_set": "Delaunay3" }, "geometry": { "type": "LineString", "coordinates": [ [ 22.822723, 61.179005 ], [ 26.032104, 62.340686 ] ] } },
{ "type": "Feature", "properties": { "voltage_kv": 380.0, "from_node": 142, "to_node": 170, "length_km": 209.64211370577956, "delaunay_k": 3, "edge_set": "Delaunay3" }, "geometry": { "type": "LineString", "coordinates": [ [ 22.822723, 61.179005 ], [ 26.621246, 60.865644 ] ] } },
{ "type": "Feature", "properties": { "voltage_kv": 380.0, "from_node": 142, "to_node": 174, "length_km": 244.01426035161001, "delaunay_k": 3, "edge_set": "Delaunay3" }, "geometry": { "type": "LineString", "coordinates": [ [ 22.822723, 61.179005 ], [ 27.305145, 61.489282 ] ] } },
{ "type": "Feature", "properties": { "voltage_kv": 380.0, "from_node": 142, "to_node": 175, "length_km": 333.74652456252346, "delaunay_k": 3, "edge_set": "Delaunay3" }, "geometry": { "type": "LineString", "coordinates": [ [ 22.822723, 61.179005 ], [ 27.585297, 63.154975 ] ] } },
{ "type": "Feature", "properties": { "voltage_kv": 380.0, "from_node": 143, "to_node": 151, "length_km": 301.62300882988404, "delaunay_k": 3, "edge_set": "Delaunay3" }, "geometry": { "type": "LineString", "coordinates": [ [ 22.913361, 60.363639 ], [ 24.285278, 62.976446 ] ] } },
{ "type": "Feature", "properties": { "voltage_kv": 380.0, "from_node": 143, "to_node": 161, "length_km": 206.80326954494112, "delaunay_k": 3, "edge_set": "Delaunay3" }, "geometry": { "type": "LineString", "coordinates": [ [ 22.913361, 60.363639 ], [ 25.158691, 61.855501 ] ] } },
{ "type": "Feature", "properties": { "voltage_kv": 380.0, "from_node": 143, "to_node": 162, "length_km": 127.45681619085236, "delaunay_k": 3, "edge_set": "Delaunay3" }, "geometry": { "type": "LineString", "coordinates": [ [ 22.913361, 60.363639 ], [ 25.209503, 60.378575 ] ] } },
{ "type": "Feature", "properties": { "voltage_kv": 380.0, "from_node": 143, "to_node": 164, "length_km": 152.72258303759136, "delaunay_k": 3, "edge_set": "Delaunay3" }, "geometry": { "type": "LineString", "coordinates": [ [ 22.913361, 60.363639 ], [ 25.659943, 60.469404 ] ] } },
{ "type": "Feature", "properties": { "voltage_kv": 380.0, "from_node": 143, "to_node": 170, "length_km": 211.97534291037269, "delaunay_k": 3, "edge_set": "Delaunay3" }, "geometry": { "type": "LineString", "coordinates": [ [ 22.913361, 60.363639 ], [ 26.621246, 60.865644 ] ] } },
{ "type": "Feature", "properties": { "voltage_kv": 380.0, "from_node": 143, "to_node": 172, "length_km": 233.03734817804178, "delaunay_k": 3, "edge_set": "Delaunay3" }, "geometry": { "type": "LineString", "coordinates": [ [ 22.913361, 60.363639 ], [ 27.063446, 60.737015 ] ] } },
{ "type": "Feature", "properties": { "voltage_kv": 380.0, "from_node": 143, "to_node": 177, "length_km": 282.25713592290748, "delaunay_k": 3, "edge_set": "Delaunay3" }, "geometry": { "type": "LineString", "coordinates": [ [ 22.913361, 60.363639 ], [ 27.919006, 60.893713 ] ] } },
{ "type": "Feature", "properties": { "voltage_kv": 380.0, "from_node": 144, "to_node": 147, "length_km": 333.37168919170546, "delaunay_k": 3, "edge_set": "Delaunay3" }, "geometry": { "type": "LineString", "coordinates": [ [ 23.047943, 63.797043 ], [ 23.579407, 60.830188 ] ] } },
{ "type": "Feature", "properties": { "voltage_kv": 380.0, "from_node": 144, "to_node": 152, "length_km": 284.17445057334078, "delaunay_k": 3, "edge_set": "Delaunay3" }, "geometry": { "type": "LineString", "coordinates": [ [ 23.047943, 63.797043 ], [ 24.403381, 61.338151 ] ] } },
{ "type": "Feature", "properties": { "voltage_kv": 380.0, "from_node": 144, "to_node": 157, "length_km": 338.11997976910732, "delaunay_k": 3, "edge_set": "Delaunay3" }, "geometry": { "type": "LineString", "coordinates": [ [ 23.047943, 63.797043 ], [ 24.915619, 60.906402 ] ] } },
{ "type": "Feature", "properties": { "voltage_kv": 380.0, "from_node": 144, "to_node": 166, "length_km": 187.68153244262592, "delaunay_k": 3, "edge_set": "Delaunay3" }, "geometry": { "type": "LineString", "coordinates": [ [ 23.047943, 63.797043 ], [ 25.808258, 64.971807 ] ] } },
{ "type": "Feature", "properties": { "voltage_kv": 380.0, "from_node": 144, "to_node": 168, "length_km": 196.10409423779811, "delaunay_k": 3, "edge_set": "Delaunay3" }, "geometry": { "type": "LineString", "coordinates": [ [ 23.047943, 63.797043 ], [ 26.05957, 64.965416 ] ] } },
{ "type": "Feature", "properties": { "voltage_kv": 380.0, "from_node": 144, "to_node": 170, "length_km": 377.70736911887053, "delaunay_k": 3, "edge_set": "Delaunay3" }, "geometry": { "type": "LineString", "coordinates": [ [ 23.047943, 63.797043 ], [ 26.621246, 60.865644 ] ] } },
{ "type": "Feature", "properties": { "voltage_kv": 380.0, "from_node": 144, "to_node": 173, "length_km": 207.69889079847397, "delaunay_k": 3, "edge_set": "Delaunay3" }, "geometry": { "type": "LineString", "coordinates": [ [ 23.047943, 63.797043 ], [ 27.204895, 64.101606 ] ] } },
{ "type": "Feature", "properties": { "voltage_kv": 380.0, "from_node": 144, "to_node": 174, "length_km": 339.3722918830664, "delaunay_k": 3, "edge_set": "Delaunay3" }, "geometry": { "type": "LineString", "coordinates": [ [ 23.047943, 63.797043 ], [ 27.305145, 61.489282 ] ] } },
{ "type": "Feature", "properties": { "voltage_kv": 380.0, "from_node": 144, "to_node": 176, "length_km": 295.54271091241151, "delaunay_k": 3, "edge_set": "Delaunay3" }, "geometry": { "type": "LineString", "coordinates": [ [ 23.047943, 63.797043 ], [ 27.766571, 62.262171 ] ] } },
{ "type": "Feature", "properties": { "voltage_kv": 380.0, "from_node": 146, "to_node": 147, "length_km": 338.08482374661037, "delaunay_k": 3, "edge_set": "Delaunay3" }, "geometry": { "type": "LineString", "coordinates": [ [ 23.1427, 63.842485 ], [ 23.579407, 60.830188 ] ] } },
{ "type": "Feature", "properties": { "voltage_kv": 380.0, "from_node": 146, "to_node": 152, "length_km": 287.9625482128954, "delaunay_k": 3, "edge_set": "Delaunay3" }, "geometry": { "type": "LineString", "coordinates": [ [ 23.1427, 63.842485 ], [ 24.403381, 61.338151 ] ] } },
{ "type": "Feature", "properties": { "voltage_kv": 380.0, "from_node": 146, "to_node": 157, "length_km": 341.62838695046037, "delaunay_k": 3, "edge_set": "Delaunay3" }, "geometry": { "type": "LineString", "coordinates": [ [ 23.1427, 63.842485 ], [ 24.915619, 60.906402 ] ] } },
{ "type": "Feature", "properties": { "voltage_kv": 380.0, "from_node": 146, "to_node": 170, "length_km": 379.7159280770378, "delaunay_k": 3, "edge_set": "Delaunay3" }, "geometry": { "type": "LineString", "coordinates": [ [ 23.1427, 63.842485 ], [ 26.621246, 60.865644 ] ] } },
{ "type": "Feature", "properties": { "voltage_kv": 380.0, "from_node": 146, "to_node": 174, "length_km": 340.07537717199898, "delaunay_k": 3, "edge_set": "Delaunay3" }, "geometry": { "type": "LineString", "coordinates": [ [ 23.1427, 63.842485 ], [ 27.305145, 61.489282 ] ] } },
{ "type": "Feature", "properties": { "voltage_kv": 380.0, "from_node": 146, "to_node": 176, "length_km": 294.53278902754096, "delaunay_k": 3, "edge_set": "Delaunay3" }, "geometry": { "type": "LineString", "coordinates": [ [ 23.1427, 63.842485 ], [ 27.766571, 62.262171 ] ] } },
{ "type": "Feature", "properties": { "voltage_kv": 380.0, "from_node": 147, "to_node": 159, "length_km": 363.3286946581544, "delaunay_k": 3, "edge_set": "Delaunay3" }, "geometry": { "type": "LineString", "coordinates": [ [ 23.579407, 60.830188 ], [ 24.965057, 64.008479 ] ] } },
{ "type": "Feature", "properties": { "voltage_kv": 380.0, "from_node": 147, "to_node": 162, "length_km": 103.13541447989417, "delaunay_k": 3, "edge_set": "Delaunay3" }, "geometry": { "type": "LineString", "coordinates": [ [ 23.579407, 60.830188 ], [ 25.209503, 60.378575 ] ] } },
{ "type": "Feature", "properties": { "voltage_kv": 380.0, "from_node": 147, "to_node": 167, "length_km": 214.13562952381145, "delaunay_k": 3, "edge_set": "Delaunay3" }, "geometry": { "type": "LineString", "coordinates": [ [ 23.579407, 60.830188 ], [ 26.032104, 62.340686 ] ] } },
{ "type": "Feature", "properties": { "voltage_kv": 380.0, "from_node": 147, "to_node": 169, "length_km": 156.591037917531, "delaunay_k": 3, "edge_set": "Delaunay3" }, "geometry": { "type": "LineString", "coordinates": [ [ 23.579407, 60.830188 ], [ 26.294403, 60.418598 ] ] } },
{ "type": "Feature", "properties": { "voltage_kv": 380.0, "from_node": 147, "to_node": 172, "length_km": 191.40656137462224, "delaunay_k": 3, "edge_set": "Delaunay3" }, "geometry": { "type": "LineString", "coordinates": [ [ 23.579407, 60.830188 ], [ 27.063446, 60.737015 ] ] } },
{ "type": "Feature", "properties": { "voltage_kv": 380.0, "from_node": 147, "to_node": 174, "length_km": 215.06676991597644, "delaunay_k": 3, "edge_set": "Delaunay3" }, "geometry": { "type": "LineString", "coordinates": [ [ 23.579407, 60.830188 ], [ 27.305145, 61.489282 ] ] } },
{ "type": "Feature", "properties": { "voltage_kv": 380.0, "from_node": 147, "to_node": 175, "length_km": 335.59294211301352, "delaunay_k": 3, "edge_set": "Delaunay3" }, "geometry": { "type": "LineString", "coordinates": [ [ 23.579407, 60.830188 ], [ 27.585297, 63.154975 ] ] } },
{ "type": "Feature", "properties": { "voltage_kv": 380.0, "from_node": 148, "to_node": 149, "length_km": 165.19855079361878, "delaunay_k": 3, "edge_set": "Delaunay3" }, "geometry": { "type": "LineString", "coordinates": [ [ 23.819733, 60.047704 ], [ 24.083405, 61.516146 ] ] } },
{ "type": "Feature", "properties": { "voltage_kv": 380.0, "from_node": 148, "to_node": 152, "length_km": 148.15359731190907, "delaunay_k": 3, "edge_set": "Delaunay3" }, "geometry": { "type": "LineString", "coordinates": [ [ 23.819733, 60.047704 ], [ 24.403381, 61.338151 ] ] } },
{ "type": "Feature", "properties": { "voltage_kv": 380.0, "from_node": 148, "to_node": 161, "length_km": 215.42154840569776, "delaunay_k": 3, "edge_set": "Delaunay3" }, "geometry": { "type": "LineString", "coordinates": [ [ 23.819733, 60.047704 ], [ 25.158691, 61.855501 ] ] } },
{ "type": "Feature", "properties": { "voltage_kv": 380.0, "from_node": 148, "to_node": 174, "length_km": 250.52693587886435, "delaunay_k": 3, "edge_set": "Delaunay3" }, "geometry": { "type": "LineString", "coordinates": [ [ 23.819733, 60.047704 ], [ 27.305145, 61.489282 ] ] } },
{ "type": "Feature", "properties": { "voltage_kv": 380.0, "from_node": 148, "to_node": 176, "length_km": 327.92722677255119, "delaunay_k": 3, "edge_set": "Delaunay3" }, "geometry": { "type": "LineString", "coordinates": [ [ 23.819733, 60.047704 ], [ 27.766571, 62.262171 ] ] } },
{ "type": "Feature", "properties": { "voltage_kv": 380.0, "from_node": 149, "to_node": 154, "length_km": 326.4601658035433, "delaunay_k": 3, "edge_set": "Delaunay3" }, "geometry": { "type": "LineString", "coordinates": [ [ 24.083405, 61.516146 ], [ 24.517365, 64.423037 ] ] } },
{ "type": "Feature", "properties": { "voltage_kv": 380.0, "from_node": 149, "to_node": 156, "length_km": 150.21173927141959, "delaunay_k": 3, "edge_set": "Delaunay3" }, "geometry": { "type": "LineString", "coordinates": [ [ 24.083405, 61.516146 ], [ 24.656067, 60.20571 ] ] } },
{ "type": "Feature", "properties": { "voltage_kv": 380.0, "from_node": 149, "to_node": 158, "length_km": 140.76547429393898, "delaunay_k": 3, "edge_set": "Delaunay3" }, "geometry": { "type": "LineString", "coordinates": [ [ 24.083405, 61.516146 ], [ 24.930725, 60.330347 ] ] } },
{ "type": "Feature", "properties": { "voltage_kv": 380.0, "from_node": 149, "to_node": 160, "length_km": 117.60706951115893, "delaunay_k": 3, "edge_set": "Delaunay3" }, "geometry": { "type": "LineString", "coordinates": [ [ 24.083405, 61.516146 ], [ 25.040588, 60.5755 ] ] } },
{ "type": "Feature", "properties": { "voltage_kv": 380.0, "from_node": 149, "to_node": 164, "length_km": 145.45409105481329, "delaunay_k": 3, "edge_set": "Delaunay3" }, "geometry": { "type": "LineString", "coordinates": [ [ 24.083405, 61.516146 ], [ 25.659943, 60.469404 ] ] } },
{ "type": "Feature", "properties": { "voltage_kv": 380.0, "from_node": 149, "to_node": 166, "length_km": 397.00998704627744, "delaunay_k": 3, "edge_set": "Delaunay3" }, "geometry": { "type": "LineString", "coordinates": [ [ 24.083405, 61.516146 ], [ 25.808258, 64.971807 ] ] } },
{ "type": "Feature", "properties": { "voltage_kv": 380.0, "from_node": 149, "to_node": 168, "length_km": 399.32635032190933, "delaunay_k": 3, "edge_set": "Delaunay3" }, "geometry": { "type": "LineString", "coordinates": [ [ 24.083405, 61.516146 ], [ 26.05957, 64.965416 ] ] } },
{ "type": "Feature", "properties": { "voltage_kv": 380.0, "from_node": 149, "to_node": 169, "length_km": 172.33005617024295, "delaunay_k": 3, "edge_set": "Delaunay3" }, "geometry": { "type": "LineString", "coordinates": [ [ 24.083405, 61.516146 ], [ 26.294403, 60.418598 ] ] } },
{ "type": "Feature", "properties": { "voltage_kv": 380.0, "from_node": 149, "to_node": 172, "length_km": 183.85936825791129, "delaunay_k": 3, "edge_set": "Delaunay3" }, "geometry": { "type": "LineString", "coordinates": [ [ 24.083405, 61.516146 ], [ 27.063446, 60.737015 ] ] } },
{ "type": "Feature", "properties": { "voltage_kv": 380.0, "from_node": 149, "to_node": 173, "length_km": 331.25113536423123, "delaunay_k": 3, "edge_set": "Delaunay3" }, "geometry": { "type": "LineString", "coordinates": [ [ 24.083405, 61.516146 ], [ 27.204895, 64.101606 ] ] } },
{ "type": "Feature", "properties": { "voltage_kv": 380.0, "from_node": 149, "to_node": 176, "length_km": 212.25329288047988, "delaunay_k": 3, "edge_set": "Delaunay3" }, "geometry": { "type": "LineString", "coordinates": [ [ 24.083405, 61.516146 ], [ 27.766571, 62.262171 ] ] } },
{ "type": "Feature", "properties": { "voltage_kv": 380.0, "from_node": 149, "to_node": 177, "length_km": 219.1699647077545, "delaunay_k": 3, "edge_set": "Delaunay3" }, "geometry": { "type": "LineString", "coordinates": [ [ 24.083405, 61.516146 ], [ 27.919006, 60.893713 ] ] } },
{ "type": "Feature", "properties": { "voltage_kv": 380.0, "from_node": 150, "to_node": 151, "length_km": 299.50640852632068, "delaunay_k": 3, "edge_set": "Delaunay3" }, "geometry": { "type": "LineString", "coordinates": [ [ 24.186401, 60.304505 ], [ 24.285278, 62.976446 ] ] } },
{ "type": "Feature", "properties": { "voltage_kv": 380.0, "from_node": 150, "to_node": 167, "length_km": 249.10919261264567, "delaunay_k": 3, "edge_set": "Delaunay3" }, "geometry": { "type": "LineString", "coordinates": [ [ 24.186401, 60.304505 ], [ 26.032104, 62.340686 ] ] } },
{ "type": "Feature", "properties": { "voltage_kv": 380.0, "from_node": 150, "to_node": 172, "length_km": 166.42028458170847, "delaunay_k": 3, "edge_set": "Delaunay3" }, "geometry": { "type": "LineString", "coordinates": [ [ 24.186401, 60.304505 ], [ 27.063446, 60.737015 ] ] } },
{ "type": "Feature", "properties": { "voltage_kv": 380.0, "from_node": 150, "to_node": 174, "length_km": 216.24184377055815, "delaunay_k": 3, "edge_set": "Delaunay3" }, "geometry": { "type": "LineString", "coordinates": [ [ 24.186401, 60.304505 ], [ 27.305145, 61.489282 ] ] } },
{ "type": "Feature", "properties": { "voltage_kv": 380.0, "from_node": 150, "to_node": 177, "length_km": 216.44924479256255, "delaunay_k": 3, "edge_set": "Delaunay3" }, "geometry": { "type": "LineString", "coordinates": [ [ 24.186401, 60.304505 ], [ 27.919006, 60.893713 ] ] } },
{ "type": "Feature", "properties": { "voltage_kv": 380.0, "from_node": 151, "to_node": 160, "length_km": 272.15313035150064, "delaunay_k": 3, "edge_set": "Delaunay3" }, "geometry": { "type": "LineString", "coordinates": [ [ 24.285278, 62.976446 ], [ 25.040588, 60.5755 ] ] } },
{ "type": "Feature", "properties": { "voltage_kv": 380.0, "from_node": 151, "to_node": 164, "length_km": 290.51128281398684, "delaunay_k": 3, "edge_set": "Delaunay3" }, "geometry": { "type": "LineString", "coordinates": [ [ 24.285278, 62.976446 ], [ 25.659943, 60.469404 ] ] } },
{ "type": "Feature", "properties": { "voltage_kv": 380.0, "from_node": 151, "to_node": 165, "length_km": 267.18438698480185, "delaunay_k": 3, "edge_set": "Delaunay3" }, "geometry": { "type": "LineString", "coordinates": [ [ 24.285278, 62.976446 ], [ 25.694275, 65.279688 ] ] } },
{ "type": "Feature", "properties": { "voltage_kv": 380.0, "from_node": 151, "to_node": 169, "length_km": 306.23355846295084, "delaunay_k": 3, "edge_set": "Delaunay3" }, "geometry": { "type": "LineString", "coordinates": [ [ 24.285278, 62.976446 ], [ 26.294403, 60.418598 ] ] } },
{ "type": "Feature", "properties": { "voltage_kv": 380.0, "from_node": 151, "to_node": 172, "length_km": 291.2375699829368, "delaunay_k": 3, "edge_set": "Delaunay3" }, "geometry": { "type": "LineString", "coordinates": [ [ 24.285278, 62.976446 ], [ 27.063446, 60.737015 ] ] } },
{ "type": "Feature", "properties": { "voltage_kv": 380.0, "from_node": 151, "to_node": 177, "length_km": 302.60663586201343, "delaunay_k": 3, "edge_set": "Delaunay3" }, "geometry": { "type": "LineString", "coordinates": [ [ 24.285278, 62.976446 ], [ 27.919006, 60.893713 ] ] } },
{ "type": "Feature", "properties": { "voltage_kv": 380.0, "from_node": 152, "to_node": 156, "length_km": 127.73309070088887, "delaunay_k": 3, "edge_set": "Delaunay3" }, "geometry": { "type": "LineString", "coordinates": [ [ 24.403381, 61.338151 ], [ 24.656067, 60.20571 ] ] } },
{ "type": "Feature", "properties": { "voltage_kv": 380.0, "from_node": 152, "to_node": 158, "length_km": 116.6444203320074, "delaunay_k": 3, "edge_set": "Delaunay3" }, "geometry": { "type": "LineString", "coordinates": [ [ 24.403381, 61.338151 ], [ 24.930725, 60.330347 ] ] } },
{ "type": "Feature", "properties": { "voltage_kv": 380.0, "from_node": 152, "to_node": 159, "length_km": 300.71168342968031, "delaunay_k": 3, "edge_set": "Delaunay3" }, "geometry": { "type": "LineString", "coordinates": [ [ 24.403381, 61.338151 ], [ 24.965057, 64.008479 ] ] } },
{ "type": "Feature", "properties": { "voltage_kv": 380.0, "from_node": 152, "to_node": 162, "length_km": 116.30487138610468, "delaunay_k": 3, "edge_set": "Delaunay3" }, "geometry": { "type": "LineString", "coordinates": [ [ 24.403381, 61.338151 ], [ 25.209503, 60.378575 ] ] } },
{ "type": "Feature", "properties": { "voltage_kv": 380.0, "from_node": 152, "to_node": 169, "length_km": 146.0966595173295, "delaunay_k": 3, "edge_set": "Delaunay3" }, "geometry": { "type": "LineString", "coordinates": [ [ 24.403381, 61.338151 ], [ 26.294403, 60.418598 ] ] } },
{ "type": "Feature", "properties": { "voltage_kv": 380.0, "from_node": 152, "to_node": 172, "length_km": 159.75872413257625, "delaunay_k": 3, "edge_set": "Delaunay3" }, "geometry": { "type": "LineString", "coordinates": [ [ 24.403381, 61.338151 ], [ 27.063446, 60.737015 ] ] } },
{ "type": "Feature", "properties": { "voltage_kv": 380.0, "from_node": 152, "to_node": 175, "length_km": 263.21074713225312, "delaunay_k": 3, "edge_set": "Delaunay3" }, "geometry": { "type": "LineString", "coordinates": [ [ 24.403381, 61.338151 ], [ 27.585297, 63.154975 ] ] } },
{ "type": "Feature", "properties": { "voltage_kv": 380.0, "from_node": 152, "to_node": 176, "length_km": 206.57427506691863, "delaunay_k": 3, "edge_set": "Delaunay3" }, "geometry": { "type": "LineString", "coordinates": [ [ 24.403381, 61.338151 ], [ 27.766571, 62.262171 ] ] } },
{ "type": "Feature", "properties": { "voltage_kv": 380.0, "from_node": 152, "to_node": 177, "length_km": 197.39653594761916, "delaunay_k": 3, "edge_set": "Delaunay3" }, "geometry": { "type": "LineString", "coordinates": [ [ 24.403381, 61.338151 ], [ 27.919006, 60.893713 ] ] } },
{ "type": "Feature", "properties": { "voltage_kv": 380.0, "from_node": 153, "to_node": 171, "length_km": 134.17963876493914, "delaunay_k": 3, "edge_set": "Delaunay3" }, "geometry": { "type": "LineString", "coordinates": [ [ 24.411621, 65.781941 ], [ 27.030487, 66.33089 ] ] } },
{ "type": "Feature", "properties": { "voltage_kv": 380.0, "from_node": 154, "to_node": 161, "length_km": 289.63736811670827, "delaunay_k": 3, "edge_set": "Delaunay3" }, "geometry": { "type": "LineString", "coordinates": [ [ 24.517365, 64.423037 ], [ 25.158691, 61.855501 ] ] } },
{ "type": "Feature", "properties": { "voltage_kv": 380.0, "from_node": 154, "to_node": 167, "length_km": 245.59857970909525, "delaunay_k": 3, "edge_set": "Delaunay3" }, "geometry": { "type": "LineString", "coordinates": [ [ 24.517365, 64.423037 ], [ 26.032104, 62.340686 ] ] } },
{ "type": "Feature", "properties": { "voltage_kv": 380.0, "from_node": 154, "to_node": 176, "length_km": 292.56438784456128, "delaunay_k": 3, "edge_set": "Delaunay3" }, "geometry": { "type": "LineString", "coordinates": [ [ 24.517365, 64.423037 ], [ 27.766571, 62.262171 ] ] } },
{ "type": "Feature", "properties": { "voltage_kv": 380.0, "from_node": 156, "to_node": 161, "length_km": 187.04971903419778, "delaunay_k": 3, "edge_set": "Delaunay3" }, "geometry": { "type": "LineString", "coordinates": [ [ 24.656067, 60.20571 ], [ 25.158691, 61.855501 ] ] } },
{ "type": "Feature", "properties": { "voltage_kv": 380.0, "from_node": 156, "to_node": 174, "length_km": 204.50611393461, "delaunay_k": 3, "edge_set": "Delaunay3" }, "geometry": { "type": "LineString", "coordinates": [ [ 24.656067, 60.20571 ], [ 27.305145, 61.489282 ] ] } },
{ "type": "Feature", "properties": { "voltage_kv": 380.0, "from_node": 156, "to_node": 176, "length_km": 285.71138397809472, "delaunay_k": 3, "edge_set": "Delaunay3" }, "geometry": { "type": "LineString", "coordinates": [ [ 24.656067, 60.20571 ], [ 27.766571, 62.262171 ] ] } },
{ "type": "Feature", "properties": { "voltage_kv": 380.0, "from_node": 157, "to_node": 159, "length_km": 347.82222410643044, "delaunay_k": 3, "edge_set": "Delaunay3" }, "geometry": { "type": "LineString", "coordinates": [ [ 24.915619, 60.906402 ], [ 24.965057, 64.008479 ] ] } },
{ "type": "Feature", "properties": { "voltage_kv": 380.0, "from_node": 157, "to_node": 175, "length_km": 288.98259348080029, "delaunay_k": 3, "edge_set": "Delaunay3" }, "geometry": { "type": "LineString", "coordinates": [ [ 24.915619, 60.906402 ], [ 27.585297, 63.154975 ] ] } },
{ "type": "Feature", "properties": { "voltage_kv": 380.0, "from_node": 157, "to_node": 176, "length_km": 215.51124329977921, "delaunay_k": 3, "edge_set": "Delaunay3" }, "geometry": { "type": "LineString", "coordinates": [ [ 24.915619, 60.906402 ], [ 27.766571, 62.262171 ] ] } },
{ "type": "Feature", "properties": { "voltage_kv": 380.0, "from_node": 157, "to_node": 177, "length_km": 164.34060383393958, "delaunay_k": 3, "edge_set": "Delaunay3" }, "geometry": { "type": "LineString", "coordinates": [ [ 24.915619, 60.906402 ], [ 27.919006, 60.893713 ] ] } },
{ "type": "Feature", "properties": { "voltage_kv": 380.0, "from_node": 158, "to_node": 161, "length_km": 171.52922213679511, "delaunay_k": 3, "edge_set": "Delaunay3" }, "geometry": { "type": "LineString", "coordinates": [ [ 24.930725, 60.330347 ], [ 25.158691, 61.855501 ] ] } },
{ "type": "Feature", "properties": { "voltage_kv": 380.0, "from_node": 158, "to_node": 170, "length_km": 111.00075466655576, "delaunay_k": 3, "edge_set": "Delaunay3" }, "geometry": { "type": "LineString", "coordinates": [ [ 24.930725, 60.330347 ], [ 26.621246, 60.865644 ] ] } },
{ "type": "Feature", "properties": { "voltage_kv": 380.0, "from_node": 158, "to_node": 172, "length_km": 126.52964366394353, "delaunay_k": 3, "edge_set": "Delaunay3" }, "geometry": { "type": "LineString", "coordinates": [ [ 24.930725, 60.330347 ], [ 27.063446, 60.737015 ] ] } },
{ "type": "Feature", "properties": { "voltage_kv": 380.0, "from_node": 158, "to_node": 177, "length_km": 176.71957712024303, "delaunay_k": 3, "edge_set": "Delaunay3" }, "geometry": { "type": "LineString", "coordinates": [ [ 24.930725, 60.330347 ], [ 27.919006, 60.893713 ] ] } },
{ "type": "Feature", "properties": { "voltage_kv": 380.0, "from_node": 159, "to_node": 170, "length_km": 363.00645663919062, "delaunay_k": 3, "edge_set": "Delaunay3" }, "geometry": { "type": "LineString", "coordinates": [ [ 24.965057, 64.008479 ], [ 26.621246, 60.865644 ] ] } },
{ "type": "Feature", "properties": { "voltage_kv": 380.0, "from_node": 159, "to_node": 174, "length_km": 307.28884003767462, "delaunay_k": 3, "edge_set": "Delaunay3" }, "geometry": { "type": "LineString", "coordinates": [ [ 24.965057, 64.008479 ], [ 27.305145, 61.489282 ] ] } },
{ "type": "Feature", "properties": { "voltage_kv": 380.0, "from_node": 159, "to_node": 177, "length_km": 381.91496727610809, "delaunay_k": 3, "edge_set": "Delaunay3" }, "geometry": { "type": "LineString", "coordinates": [ [ 24.965057, 64.008479 ], [ 27.919006, 60.893713 ] ] } },
{ "type": "Feature", "properties": { "voltage_kv": 380.0, "from_node": 160, "to_node": 167, "length_km": 205.10224287182828, "delaunay_k": 3, "edge_set": "Delaunay3" }, "geometry": { "type": "LineString", "coordinates": [ [ 25.040588, 60.5755 ], [ 26.032104, 62.340686 ] ] } },
{ "type": "Feature", "properties": { "voltage_kv": 380.0, "from_node": 160, "to_node": 172, "length_km": 112.96693135016989, "delaunay_k": 3, "edge_set": "Delaunay3" }, "geometry": { "type": "LineString", "coordinates": [ [ 25.040588, 60.5755 ], [ 27.063446, 60.737015 ] ] } },
{ "type": "Feature", "properties": { "voltage_kv": 380.0, "from_node": 160, "to_node": 174, "length_km": 160.44826095864022, "delaunay_k": 3, "edge_set": "Delaunay3" }, "geometry": { "type": "LineString", "coordinates": [ [ 25.040588, 60.5755 ], [ 27.305145, 61.489282 ] ] } },
{ "type": "Feature", "properties": { "voltage_kv": 380.0, "from_node": 160, "to_node": 177, "length_km": 162.31904876936298, "delaunay_k": 3, "edge_set": "Delaunay3" }, "geometry": { "type": "LineString", "coordinates": [ [ 25.040588, 60.5755 ], [ 27.919006, 60.893713 ] ] } },
{ "type": "Feature", "properties": { "voltage_kv": 380.0, "from_node": 161, "to_node": 162, "length_km": 165.7168625447095, "delaunay_k": 3, "edge_set": "Delaunay3" }, "geometry": { "type": "LineString", "coordinates": [ [ 25.158691, 61.855501 ], [ 25.209503, 60.378575 ] ] } },
{ "type": "Feature", "properties": { "voltage_kv": 380.0, "from_node": 161, "to_node": 166, "length_km": 350.99005389489315, "delaunay_k": 3, "edge_set": "Delaunay3" }, "geometry": { "type": "LineString", "coordinates": [ [ 25.158691, 61.855501 ], [ 25.808258, 64.971807 ] ] } },
{ "type": "Feature", "properties": { "voltage_kv": 380.0, "from_node": 161, "to_node": 168, "length_km": 351.70982437645807, "delaunay_k": 3, "edge_set": "Delaunay3" }, "geometry": { "type": "LineString", "coordinates": [ [ 25.158691, 61.855501 ], [ 26.05957, 64.965416 ] ] } },
{ "type": "Feature", "properties": { "voltage_kv": 380.0, "from_node": 161, "to_node": 173, "length_km": 272.82724873909098, "delaunay_k": 3, "edge_set": "Delaunay3" }, "geometry": { "type": "LineString", "coordinates": [ [ 25.158691, 61.855501 ], [ 27.204895, 64.101606 ] ] } },
{ "type": "Feature", "properties": { "voltage_kv": 380.0, "from_node": 162, "to_node": 174, "length_km": 169.33214818416559, "delaunay_k": 3, "edge_set": "Delaunay3" }, "geometry": { "type": "LineString", "coordinates": [ [ 25.209503, 60.378575 ], [ 27.305145, 61.489282 ] ] } },
{ "type": "Feature", "properties": { "voltage_kv": 380.0, "from_node": 162, "to_node": 176, "length_km": 252.58536299320818, "delaunay_k": 3, "edge_set": "Delaunay3" }, "geometry": { "type": "LineString", "coordinates": [ [ 25.209503, 60.378575 ], [ 27.766571, 62.262171 ] ] } },
{ "type": "Feature", "properties": { "voltage_kv": 380.0, "from_node": 163, "to_node": 167, "length_km": 443.40518741028978, "delaunay_k": 3, "edge_set": "Delaunay3" }, "geometry": { "type": "LineString", "coordinates": [ [ 25.415497, 66.285642 ], [ 26.032104, 62.340686 ] ] } },
{ "type": "Feature", "properties": { "voltage_kv": 380.0, "from_node": 164, "to_node": 167, "length_km": 211.00313853277808, "delaunay_k": 3, "edge_set": "Delaunay3" }, "geometry": { "type": "LineString", "coordinates": [ [ 25.659943, 60.469404 ], [ 26.032104, 62.340686 ] ] } },
{ "type": "Feature", "properties": { "voltage_kv": 380.0, "from_node": 164, "to_node": 176, "length_km": 231.2103597856028, "delaunay_k": 3, "edge_set": "Delaunay3" }, "geometry": { "type": "LineString", "coordinates": [ [ 25.659943, 60.469404 ], [ 27.766571, 62.262171 ] ] } },
{ "type": "Feature", "properties": { "voltage_kv": 380.0, "from_node": 165, "to_node": 167, "length_km": 330.09019827873573, "delaunay_k": 3, "edge_set": "Delaunay3" }, "geometry": { "type": "LineString", "coordinates": [ [ 25.694275, 65.279688 ], [ 26.032104, 62.340686 ] ] } },
{ "type": "Feature", "properties": { "voltage_kv": 380.0, "from_node": 165, "to_node": 174, "length_km": 433.11558817216763, "delaunay_k": 3, "edge_set": "Delaunay3" }, "geometry": { "type": "LineString", "coordinates": [ [ 25.694275, 65.279688 ], [ 27.305145, 61.489282 ] ] } },
{ "type": "Feature", "properties": { "voltage_kv": 380.0, "from_node": 166, "to_node": 167, "length_km": 295.36863632350645, "delaunay_k": 3, "edge_set": "Delaunay3" }, "geometry": { "type": "LineString", "coordinates": [ [ 25.808258, 64.971807 ], [ 26.032104, 62.340686 ] ] } },
{ "type": "Feature", "properties": { "voltage_kv": 380.0, "from_node": 166, "to_node": 176, "length_km": 319.52440405373005, "delaunay_k": 3, "edge_set": "Delaunay3" }, "geometry": { "type": "LineString", "coordinates": [ [ 25.808258, 64.971807 ], [ 27.766571, 62.262171 ] ] } },
{ "type": "Feature", "properties": { "voltage_kv": 380.0, "from_node": 167, "to_node": 168, "length_km": 294.4744444155732, "delaunay_k": 3, "edge_set": "Delaunay3" }, "geometry": { "type": "LineString", "coordinates": [ [ 26.032104, 62.340686 ], [ 26.05957, 64.965416 ] ] } },
{ "type": "Feature", "properties": { "voltage_kv": 380.0, "from_node": 167, "to_node": 169, "length_km": 216.28916128859603, "delaunay_k": 3, "edge_set": "Delaunay3" }, "geometry": { "type": "LineString", "coordinates": [ [ 26.032104, 62.340686 ], [ 26.294403, 60.418598 ] ] } },
{ "type": "Feature", "properties": { "voltage_kv": 380.0, "from_node": 168, "to_node": 174, "length_km": 395.3332584970035, "delaunay_k": 3, "edge_set": "Delaunay3" }, "geometry": { "type": "LineString", "coordinates": [ [ 26.05957, 64.965416 ], [ 27.305145, 61.489282 ] ] } },
{ "type": "Feature", "properties": { "voltage_kv": 380.0, "from_node": 168, "to_node": 177, "length_km": 467.10611713692538, "delaunay_k": 3, "edge_set": "Delaunay3" }, "geometry": { "type": "LineString", "coordinates": [ [ 26.05957, 64.965416 ], [ 27.919006, 60.893713 ] ] } },
{ "type": "Feature", "properties": { "voltage_kv": 380.0, "from_node": 169, "to_node": 175, "length_km": 315.00677114211027, "delaunay_k": 3, "edge_set": "Delaunay3" }, "geometry": { "type": "LineString", "coordinates": [ [ 26.294403, 60.418598 ], [ 27.585297, 63.154975 ] ] } },
{ "type": "Feature", "properties": { "voltage_kv": 380.0, "from_node": 170, "to_node": 175, "length_km": 262.22548369928245, "delaunay_k": 3, "edge_set": "Delaunay3" }, "geometry": { "type": "LineString", "coordinates": [ [ 26.621246, 60.865644 ], [ 27.585297, 63.154975 ] ] } },
{ "type": "Feature", "properties": { "voltage_kv": 380.0, "from_node": 172, "to_node": 175, "length_km": 273.16645994385999, "delaunay_k": 3, "edge_set": "Delaunay3" }, "geometry": { "type": "LineString", "coordinates": [ [ 27.063446, 60.737015 ], [ 27.585297, 63.154975 ] ] } },
{ "type": "Feature", "properties": { "voltage_kv": 380.0, "from_node": 173, "to_node": 174, "length_km": 293.54161812547392, "delaunay_k": 3, "edge_set": "Delaunay3" }, "geometry": { "type": "LineString", "coordinates": [ [ 27.204895, 64.101606 ], [ 27.305145, 61.489282 ] ] } },
{ "type": "Feature", "properties": { "voltage_kv": 380.0, "from_node": 173, "to_node": 177, "length_km": 362.47291740540794, "delaunay_k": 3, "edge_set": "Delaunay3" }, "geometry": { "type": "LineString", "coordinates": [ [ 27.204895, 64.101606 ], [ 27.919006, 60.893713 ] ] } }
]
}
