{
"type": "FeatureCollection",
"name": "n490_delaunay2",
"crs": { "type": "name", "properties": { "name": "urn:ogc:def:crs:OGC:1.3:CRS84" } },
"features": [
{ "type": "Feature", "properties": { "from_node": 2, "to_node": 3, "length_km": 30.034864396298165, "delaunay_k": 2, "edge_set": "Delaunay2" }, "geometry": { "type": "LineString", "coordinates": [ [ 11.504059, 54.717482 ], [ 11.965485, 54.756331 ] ] } },
{ "type": "Feature", "properties": { "from_node": 2, "to_node": 5, "length_km": 31.149053197059128, "delaunay_k": 2, "edge_set": "Delaunay2" }, "geometry": { "type": "LineString", "coordinates": [ [ 11.504059, 54.717482 ], [ 11.921539, 54.859221 ] ] } },
{ "type": "Feature", "properties": { "from_node": 2, "to_node": 7, "length_km": 32.493497178185258, "delaunay_k": 2, "edge_set": "Delaunay2" }, "geometry": { "type": "LineString", "coordinates": [ [ 11.504059, 54.717482 ], [ 11.851501, 54.929509 ] ] } },
{ "type": "Feature", "properties": { "from_node": 2, "to_node": 10, "length_km": 52.337891478000785, "delaunay_k": 2, "edge_set": "Delaunay2" }, "geometry": { "type": "LineString", "coordinates": [ [ 11.504059, 54.717482 ], [ 11.797943, 55.15612 ] ] } },
{ "type": "Feature", "properties": { "from_node": 3, "to_node": 6, "length_km": 51.323340260197817, "delaunay_k": 2, "edge_set": "Delaunay2" }, "geometry": { "type": "LineString", "coordinates": [ [ 11.965485, 54.756331 ], [ 11.190948, 54.867915 ] ] } },
{ "type": "Feature", "properties": { "from_node": 3, "to_node": 7, "length_km": 20.622700627942933, "delaunay_k": 2, "edge_set": "Delaunay2" }, "geometry": { "type": "LineString", "coordinates": [ [ 11.965485, 54.756331 ], [ 11.851501, 54.929509 ] ] } },
{ "type": "Feature", "properties": { "from_node": 3, "to_node": 8, "length_km": 26.611575539957467, "delaunay_k": 2, "edge_set": "Delaunay2" }, "geometry": { "type": "LineString", "coordinates": [ [ 11.965485, 54.756331 ], [ 11.902313, 54.992585 ] ] } },
{ "type": "Feature", "properties": { "from_node": 4, "to_node": 8, "length_km": 26.676788507435969, "delaunay_k": 2, "edge_set": "Delaunay2" }, "geometry": { "type": "LineString", "coordinates": [ [ 11.712799, 54.779306 ], [ 11.902313, 54.992585 ] ] } },
{ "type": "Feature", "properties": { "from_node": 4, "to_node": 10, "length_km": 42.301670731565245, "delaunay_k": 2, "edge_set": "Delaunay2" }, "geometry": { "type": "LineString", "coordinates": [ [ 11.712799, 54.779306 ], [ 11.797943, 55.15612 ] ] } },
{ "type": "Feature", "properties": { "from_node": 5, "to_node": 6, "length_km": 46.922348102483788, "delaunay_k": 2, "edge_set": "Delaunay2" }, "geometry": { "type": "LineString", "coordinates": [ [ 11.921539, 54.859221 ], [ 11.190948, 54.867915 ] ] } },
{ "type": "Feature", "properties": { "from_node": 5, "to_node": 9, "length_km": 29.915280032580981, "delaunay_k": 2, "edge_set": "Delaunay2" }, "geometry": { "type": "LineString", "coordinates": [ [ 11.921539, 54.859221 ], [ 11.932526, 55.127864 ] ] } },
{ "type": "Feature", "properties": { "from_node": 5, "to_node": 10, "length_km": 33.985449644573897, "delaunay_k": 2, "edge_set": "Delaunay2" }, "geometry": { "type": "LineString", "coordinates": [ [ 11.921539, 54.859221 ], [ 11.797943, 55.15612 ] ] } },
{ "type": "Feature", "properties": { "from_node": 6, "to_node": 8, "length_km": 47.667533198522648, "delaunay_k": 2, "edge_set": "Delaunay2" }, "geometry": { "type": "LineString", "coordinates": [ [ 11.190948, 54.867915 ], [ 11.902313, 54.992585 ] ] } },
{ "type": "Feature", "properties": { "from_node": 6, "to_node": 9, "length_km": 55.58618856655194, "delaunay_k": 2, "edge_set": "Delaunay2" }, "geometry": { "type": "LineString", "coordinates": [ [ 11.190948, 54.867915 ], [ 11.932526, 55.127864 ] ] } },
{ "type": "Feature", "properties": { "from_node": 6, "to_node": 12, "length_km": 61.661878315768348, "delaunay_k": 2, "edge_set": "Delaunay2" }, "geometry": { "type": "LineString", "coordinates": [ [ 11.190948, 54.867915 ], [ 11.933899, 55.22119 ] ] } },
{ "type": "Feature", "properties": { "from_node": 6, "to_node": 13, "length_km": 54.051837978227944, "delaunay_k": 2, "edge_set": "Delaunay2" }, "geometry": { "type": "LineString", "coordinates": [ [ 11.190948, 54.867915 ], [ 11.762238, 55.22589 ] ] } },
{ "type": "Feature", "properties": { "from_node": 6, "to_node": 14, "length_km": 44.344496234838601, "delaunay_k": 2, "edge_set": "Delaunay2" }, "geometry": { "type": "LineString", "coordinates": [ [ 11.190948, 54.867915 ], [ 11.416168, 55.244684 ] ] } },
{ "type": "Feature", "properties": { "from_node": 6, "to_node": 15, "length_km": 60.18549630419939, "delaunay_k": 2, "edge_set": "Delaunay2" }, "geometry": { "type": "LineString", "coordinates": [ [ 11.190948, 54.867915 ], [ 11.8480685, 55.255251001923504 ] ] } },
{ "type": "Feature", "properties": { "from_node": 7, "to_node": 9, "length_km": 22.68196658504851, "delaunay_k": 2, "edge_set": "Delaunay2" }, "geometry": { "type": "LineString", "coordinates": [ [ 11.851501, 54.929509 ], [ 11.932526, 55.127864 ] ] } },
{ "type": "Feature", "properties": { "from_node": 7, "to_node": 11, "length_km": 47.954537735673071, "delaunay_k": 2, "edge_set": "Delaunay2" }, "geometry": { "type": "LineString", "coordinates": [ [ 11.851501, 54.929509 ], [ 11.295319, 55.21884 ] ] } },
{ "type": "Feature", "properties": { "from_node": 7, "to_node": 12, "length_km": 32.89588852782547, "delaunay_k": 2, "edge_set": "Delaunay2" }, "geometry": { "type": "LineString", "coordinates": [ [ 11.851501, 54.929509 ], [ 11.933899, 55.22119 ] ] } },
{ "type": "Feature", "properties": { "from_node": 7, "to_node": 13, "length_km": 33.484165945558196, "delaunay_k": 2, "edge_set": "Delaunay2" }, "geometry": { "type": "LineString", "coordinates": [ [ 11.851501, 54.929509 ], [ 11.762238, 55.22589 ] ] } },
{ "type": "Feature", "properties": { "from_node": 7, "to_node": 14, "length_km": 44.764635956594574, "delaunay_k": 2, "edge_set": "Delaunay2" }, "geometry": { "type": "LineString", "coordinates": [ [ 11.851501, 54.929509 ], [ 11.416168, 55.244684 ] ] } },
{ "type": "Feature", "properties": { "from_node": 7, "to_node": 15, "length_km": 36.264718466166656, "delaunay_k": 2, "edge_set": "Delaunay2" }, "geometry": { "type": "LineString", "coordinates": [ [ 11.851501, 54.929509 ], [ 11.8480685, 55.255251001923504 ] ] } },
{ "type": "Feature", "properties": { "from_node": 8, "to_node": 11, "length_km": 46.210294971509441, "delaunay_k": 2, "edge_set": "Delaunay2" }, "geometry": { "type": "LineString", "coordinates": [ [ 11.902313, 54.992585 ], [ 11.295319, 55.21884 ] ] } },
{ "type": "Feature", "properties": { "from_node": 8, "to_node": 12, "length_km": 25.52991477150146, "delaunay_k": 2, "edge_set": "Delaunay2" }, "geometry": { "type": "LineString", "coordinates": [ [ 11.902313, 54.992585 ], [ 11.933899, 55.22119 ] ] } },
{ "type": "Feature", "properties": { "from_node": 8, "to_node": 13, "length_km": 27.468753627082481, "delaunay_k": 2, "edge_set": "Delaunay2" }, "geometry": { "type": "LineString", "coordinates": [ [ 11.902313, 54.992585 ], [ 11.762238, 55.22589 ] ] } },
{ "type": "Feature", "properties": { "from_node": 8, "to_node": 14, "length_km": 41.831001026236599, "delaunay_k": 2, "edge_set": "Delaunay2" }, "geometry": { "type": "LineString", "coordinates": [ [ 11.902313, 54.992585 ], [ 11.416168, 55.244684 ] ] } },
{ "type": "Feature", "properties": { "from_node": 8, "to_node": 15, "length_km": 29.446219610901093, "delaunay_k": 2, "edge_set": "Delaunay2" }, "geometry": { "type": "LineString", "coordinates": [ [ 11.902313, 54.992585 ], [ 11.8480685, 55.255251001923504 ] ] } },
{ "type": "Feature", "properties": { "from_node": 8, "to_node": 18, "length_km": 40.656523541278169, "delaunay_k": 2, "edge_set": "Delaunay2" }, "geometry": { "type": "LineString", "coordinates": [ [ 11.902313, 54.992585 ], [ 12.024536, 55.351012 ] ] } },
{ "type": "Feature", "properties": { "from_node": 9, "to_node": 11, "length_km": 41.846024832826529, "delaunay_k": 2, "edge_set": "Delaunay2" }, "geometry": { "type": "LineString", "coordinates": [ [ 11.932526, 55.127864 ], [ 11.295319, 55.21884 ] ] } },
{ "type": "Feature", "properties": { "from_node": 9, "to_node": 13, "length_km": 15.38868824930112, "delaunay_k": 2, "edge_set": "Delaunay2" }, "geometry": { "type": "LineString", "coordinates": [ [ 11.932526, 55.127864 ], [ 11.762238, 55.22589 ] ] } },
{ "type": "Feature", "properties": { "from_node": 9, "to_node": 14, "length_km": 35.36884956089272, "delaunay_k": 2, "edge_set": "Delaunay2" }, "geometry": { "type": "LineString", "coordinates": [ [ 11.932526, 55.127864 ], [ 11.416168, 55.244684 ] ] } },
{ "type": "Feature", "properties": { "from_node": 9, "to_node": 15, "length_km": 15.167811818396716, "delaunay_k": 2, "edge_set": "Delaunay2" }, "geometry": { "type": "LineString", "coordinates": [ [ 11.932526, 55.127864 ], [ 11.8480685, 55.255251001923504 ] ] } },
{ "type": "Feature", "properties": { "from_node": 9, "to_node": 16, "length_km": 18.602042293534137, "delaunay_k": 2, "edge_set": "Delaunay2" }, "geometry": { "type": "LineString", "coordinates": [ [ 11.932526, 55.127864 ], [ 11.90094, 55.293974 ] ] } },
{ "type": "Feature", "properties": { "from_node": 9, "to_node": 21, "length_km": 35.396397567871396, "delaunay_k": 2, "edge_set": "Delaunay2" }, "geometry": { "type": "LineString", "coordinates": [ [ 11.932526, 55.127864 ], [ 11.961365, 55.445374 ] ] } },
{ "type": "Feature", "properties": { "from_node": 9, "to_node": 24, "length_km": 43.995960398046094, "delaunay_k": 2, "edge_set": "Delaunay2" }, "geometry": { "type": "LineString", "coordinates": [ [ 11.932526, 55.127864 ], [ 12.170105, 55.499083 ] ] } },
{ "type": "Feature", "properties": { "from_node": 10, "to_node": 16, "length_km": 16.688289714088029, "delaunay_k": 2, "edge_set": "Delaunay2" }, "geometry": { "type": "LineString", "coordinates": [ [ 11.797943, 55.15612 ], [ 11.90094, 55.293974 ] ] } },
{ "type": "Feature", "properties": { "from_node": 10, "to_node": 17, "length_km": 18.874411786595115, "delaunay_k": 2, "edge_set": "Delaunay2" }, "geometry": { "type": "LineString", "coordinates": [ [ 11.797943, 55.15612 ], [ 11.715546, 55.318987 ] ] } },
{ "type": "Feature", "properties": { "from_node": 10, "to_node": 18, "length_km": 26.046310210646489, "delaunay_k": 2, "edge_set": "Delaunay2" }, "geometry": { "type": "LineString", "coordinates": [ [ 11.797943, 55.15612 ], [ 12.024536, 55.351012 ] ] } },
{ "type": "Feature", "properties": { "from_node": 10, "to_node": 22, "length_km": 43.865674895920286, "delaunay_k": 2, "edge_set": "Delaunay2" }, "geometry": { "type": "LineString", "coordinates": [ [ 11.797943, 55.15612 ], [ 11.348877, 55.455499 ] ] } },
{ "type": "Feature", "properties": { "from_node": 10, "to_node": 25, "length_km": 57.337258283872316, "delaunay_k": 2, "edge_set": "Delaunay2" }, "geometry": { "type": "LineString", "coordinates": [ [ 11.797943, 55.15612 ], [ 11.211548, 55.548058 ] ] } },
{ "type": "Feature", "properties": { "from_node": 10, "to_node": 34, "length_km": 71.959047410304393, "delaunay_k": 2, "edge_set": "Delaunay2" }, "geometry": { "type": "LineString", "coordinates": [ [ 11.797943, 55.15612 ], [ 11.089325, 55.66132 ] ] } },
{ "type": "Feature", "properties": { "from_node": 11, "to_node": 12, "length_km": 40.642658740364951, "delaunay_k": 2, "edge_set": "Delaunay2" }, "geometry": { "type": "LineString", "coordinates": [ [ 11.295319, 55.21884 ], [ 11.933899, 55.22119 ] ] } },
{ "type": "Feature", "properties": { "from_node": 11, "to_node": 13, "length_km": 29.725185672272893, "delaunay_k": 2, "edge_set": "Delaunay2" }, "geometry": { "type": "LineString", "coordinates": [ [ 11.295319, 55.21884 ], [ 11.762238, 55.22589 ] ] } },
{ "type": "Feature", "properties": { "from_node": 11, "to_node": 15, "length_km": 35.397031185414825, "delaunay_k": 2, "edge_set": "Delaunay2" }, "geometry": { "type": "LineString", "coordinates": [ [ 11.295319, 55.21884 ], [ 11.8480685, 55.255251001923504 ] ] } },
{ "type": "Feature", "properties": { "from_node": 11, "to_node": 17, "length_km": 28.945499476565129, "delaunay_k": 2, "edge_set": "Delaunay2" }, "geometry": { "type": "LineString", "coordinates": [ [ 11.295319, 55.21884 ], [ 11.715546, 55.318987 ] ] } },
{ "type": "Feature", "properties": { "from_node": 11, "to_node": 19, "length_km": 32.903956834946605, "delaunay_k": 2, "edge_set": "Delaunay2" }, "geometry": { "type": "LineString", "coordinates": [ [ 11.295319, 55.21884 ], [ 11.727905, 55.381451 ] ] } },
{ "type": "Feature", "properties": { "from_node": 11, "to_node": 26, "length_km": 43.681219799850872, "delaunay_k": 2, "edge_set": "Delaunay2" }, "geometry": { "type": "LineString", "coordinates": [ [ 11.295319, 55.21884 ], [ 11.670227, 55.548058 ] ] } },
{ "type": "Feature", "properties": { "from_node": 11, "to_node": 39, "length_km": 58.516651474340122, "delaunay_k": 2, "edge_set": "Delaunay2" }, "geometry": { "type": "LineString", "coordinates": [ [ 11.295319, 55.21884 ], [ 11.550751, 55.724017 ] ] } },
{ "type": "Feature", "properties": { "from_node": 11, "to_node": 51, "length_km": 75.379076348513777, "delaunay_k": 2, "edge_set": "Delaunay2" }, "geometry": { "type": "LineString", "coordinates": [ [ 11.295319, 55.21884 ], [ 11.641388, 55.866835 ] ] } },
{ "type": "Feature", "properties": { "from_node": 12, "to_node": 13, "length_km": 10.936885325633991, "delaunay_k": 2, "edge_set": "Delaunay2" }, "geometry": { "type": "LineString", "coordinates": [ [ 11.933899, 55.22119 ], [ 11.762238, 55.22589 ] ] } },
{ "type": "Feature", "properties": { "from_node": 12, "to_node": 14, "length_km": 33.043585594177721, "delaunay_k": 2, "edge_set": "Delaunay2" }, "geometry": { "type": "LineString", "coordinates": [ [ 11.933899, 55.22119 ], [ 11.416168, 55.244684 ] ] } },
{ "type": "Feature", "properties": { "from_node": 12, "to_node": 17, "length_km": 17.640465937318574, "delaunay_k": 2, "edge_set": "Delaunay2" }, "geometry": { "type": "LineString", "coordinates": [ [ 11.933899, 55.22119 ], [ 11.715546, 55.318987 ] ] } },
{ "type": "Feature", "properties": { "from_node": 12, "to_node": 19, "length_km": 22.125126251057008, "delaunay_k": 2, "edge_set": "Delaunay2" }, "geometry": { "type": "LineString", "coordinates": [ [ 11.933899, 55.22119 ], [ 11.727905, 55.381451 ] ] } },
{ "type": "Feature", "properties": { "from_node": 12, "to_node": 20, "length_km": 26.157487922221499, "delaunay_k": 2, "edge_set": "Delaunay2" }, "geometry": { "type": "LineString", "coordinates": [ [ 11.933899, 55.22119 ], [ 11.786957, 55.4407 ] ] } },
{ "type": "Feature", "properties": { "from_node": 12, "to_node": 21, "length_km": 25.01977796100417, "delaunay_k": 2, "edge_set": "Delaunay2" }, "geometry": { "type": "LineString", "coordinates": [ [ 11.933899, 55.22119 ], [ 11.961365, 55.445374 ] ] } },
{ "type": "Feature", "properties": { "from_node": 12, "to_node": 24, "length_km": 34.374864380727857, "delaunay_k": 2, "edge_set": "Delaunay2" }, "geometry": { "type": "LineString", "coordinates": [ [ 11.933899, 55.22119 ], [ 12.170105, 55.499083 ] ] } },
{ "type": "Feature", "properties": { "from_node": 12, "to_node": 29, "length_km": 89.069269417522307, "delaunay_k": 2, "edge_set": "Delaunay2" }, "geometry": { "type": "LineString", "coordinates": [ [ 11.933899, 55.22119 ], [ 13.189087, 55.58145 ] ] } },
{ "type": "Feature", "properties": { "from_node": 13, "to_node": 16, "length_km": 11.628635422605855, "delaunay_k": 2, "edge_set": "Delaunay2" }, "geometry": { "type": "LineString", "coordinates": [ [ 11.762238, 55.22589 ], [ 11.90094, 55.293974 ] ] } },
{ "type": "Feature", "properties": { "from_node": 13, "to_node": 19, "length_km": 17.455465987853763, "delaunay_k": 2, "edge_set": "Delaunay2" }, "geometry": { "type": "LineString", "coordinates": [ [ 11.762238, 55.22589 ], [ 11.727905, 55.381451 ] ] } },
{ "type": "Feature", "properties": { "from_node": 13, "to_node": 22, "length_km": 36.624597686203643, "delaunay_k": 2, "edge_set": "Delaunay2" }, "geometry": { "type": "LineString", "coordinates": [ [ 11.762238, 55.22589 ], [ 11.348877, 55.455499 ] ] } },
{ "type": "Feature", "properties": { "from_node": 14, "to_node": 15, "length_km": 27.492469870387435, "delaunay_k": 2, "edge_set": "Delaunay2" }, "geometry": { "type": "LineString", "coordinates": [ [ 11.416168, 55.244684 ], [ 11.8480685, 55.255251001923504 ] ] } },
{ "type": "Feature", "properties": { "from_node": 14, "to_node": 16, "length_km": 31.299535429827838, "delaunay_k": 2, "edge_set": "Delaunay2" }, "geometry": { "type": "LineString", "coordinates": [ [ 11.416168, 55.244684 ], [ 11.90094, 55.293974 ] ] } },
{ "type": "Feature", "properties": { "from_node": 14, "to_node": 19, "length_km": 24.972735107341297, "delaunay_k": 2, "edge_set": "Delaunay2" }, "geometry": { "type": "LineString", "coordinates": [ [ 11.416168, 55.244684 ], [ 11.727905, 55.381451 ] ] } },
{ "type": "Feature", "properties": { "from_node": 14, "to_node": 25, "length_km": 36.178010796688199, "delaunay_k": 2, "edge_set": "Delaunay2" }, "geometry": { "type": "LineString", "coordinates": [ [ 11.416168, 55.244684 ], [ 11.211548, 55.548058 ] ] } },
{ "type": "Feature", "properties": { "from_node": 14, "to_node": 26, "length_km": 37.415182511155429, "delaunay_k": 2, "edge_set": "Delaunay2" }, "geometry": { "type": "LineString", "coordinates": [ [ 11.416168, 55.244684 ], [ 11.670227, 55.548058 ] ] } },
{ "type": "Feature", "properties": { "from_node": 14, "to_node": 34, "length_km": 50.786071839271472, "delaunay_k": 2, "edge_set": "Delaunay2" }, "geometry": { "type": "LineString", "coordinates": [ [ 11.416168, 55.244684 ], [ 11.089325, 55.66132 ] ] } },
{ "type": "Feature", "properties": { "from_node": 15, "to_node": 18, "length_km": 15.468634611163628, "delaunay_k": 2, "edge_set": "Delaunay2" }, "geometry": { "type": "LineString", "coordinates": [ [ 11.8480685, 55.255251001923504 ], [ 12.024536, 55.351012 ] ] } },
{ "type": "Feature", "properties": { "from_node": 15, "to_node": 19, "length_km": 15.987577708315186, "delaunay_k": 2, "edge_set": "Delaunay2" }, "geometry": { "type": "LineString", "coordinates": [ [ 11.8480685, 55.255251001923504 ], [ 11.727905, 55.381451 ] ] } },
{ "type": "Feature", "properties": { "from_node": 15, "to_node": 20, "length_km": 21.007258258486821, "delaunay_k": 2, "edge_set": "Delaunay2" }, "geometry": { "type": "LineString", "coordinates": [ [ 11.8480685, 55.255251001923504 ], [ 11.786957, 55.4407 ] ] } },
{ "type": "Feature", "properties": { "from_node": 15, "to_node": 21, "length_km": 22.353799149357588, "delaunay_k": 2, "edge_set": "Delaunay2" }, "geometry": { "type": "LineString", "coordinates": [ [ 11.8480685, 55.255251001923504 ], [ 11.961365, 55.445374 ] ] } },
{ "type": "Feature", "properties": { "from_node": 15, "to_node": 22, "length_km": 38.723798573641879, "delaunay_k": 2, "edge_set": "Delaunay2" }, "geometry": { "type": "LineString", "coordinates": [ [ 11.8480685, 55.255251001923504 ], [ 11.348877, 55.455499 ] ] } },
{ "type": "Feature", "properties": { "from_node": 16, "to_node": 22, "length_km": 39.348631709815621, "delaunay_k": 2, "edge_set": "Delaunay2" }, "geometry": { "type": "LineString", "coordinates": [ [ 11.90094, 55.293974 ], [ 11.348877, 55.455499 ] ] } },
{ "type": "Feature", "properties": { "from_node": 16, "to_node": 23, "length_km": 23.441524075539629, "delaunay_k": 2, "edge_set": "Delaunay2" }, "geometry": { "type": "LineString", "coordinates": [ [ 11.90094, 55.293974 ], [ 11.990204, 55.498305 ] ] } },
{ "type": "Feature", "properties": { "from_node": 16, "to_node": 24, "length_km": 28.501712665511175, "delaunay_k": 2, "edge_set": "Delaunay2" }, "geometry": { "type": "LineString", "coordinates": [ [ 11.90094, 55.293974 ], [ 12.170105, 55.499083 ] ] } },
{ "type": "Feature", "properties": { "from_node": 16, "to_node": 26, "length_km": 31.837808862487488, "delaunay_k": 2, "edge_set": "Delaunay2" }, "geometry": { "type": "LineString", "coordinates": [ [ 11.90094, 55.293974 ], [ 11.670227, 55.548058 ] ] } },
{ "type": "Feature", "properties": { "from_node": 16, "to_node": 28, "length_km": 29.827530207592861, "delaunay_k": 2, "edge_set": "Delaunay2" }, "geometry": { "type": "LineString", "coordinates": [ [ 11.90094, 55.293974 ], [ 11.949005, 55.560486 ] ] } },
{ "type": "Feature", "properties": { "from_node": 16, "to_node": 29, "length_km": 87.59670392902963, "delaunay_k": 2, "edge_set": "Delaunay2" }, "geometry": { "type": "LineString", "coordinates": [ [ 11.90094, 55.293974 ], [ 13.189087, 55.58145 ] ] } },
{ "type": "Feature", "properties": { "from_node": 17, "to_node": 18, "length_km": 19.930380665999902, "delaunay_k": 2, "edge_set": "Delaunay2" }, "geometry": { "type": "LineString", "coordinates": [ [ 11.715546, 55.318987 ], [ 12.024536, 55.351012 ] ] } },
{ "type": "Feature", "properties": { "from_node": 17, "to_node": 20, "length_km": 14.286676617950492, "delaunay_k": 2, "edge_set": "Delaunay2" }, "geometry": { "type": "LineString", "coordinates": [ [ 11.715546, 55.318987 ], [ 11.786957, 55.4407 ] ] } },
{ "type": "Feature", "properties": { "from_node": 17, "to_node": 21, "length_km": 20.994592756586353, "delaunay_k": 2, "edge_set": "Delaunay2" }, "geometry": { "type": "LineString", "coordinates": [ [ 11.715546, 55.318987 ], [ 11.961365, 55.445374 ] ] } },
{ "type": "Feature", "properties": { "from_node": 17, "to_node": 25, "length_km": 40.844666695307005, "delaunay_k": 2, "edge_set": "Delaunay2" }, "geometry": { "type": "LineString", "coordinates": [ [ 11.715546, 55.318987 ], [ 11.211548, 55.548058 ] ] } },
{ "type": "Feature", "properties": { "from_node": 17, "to_node": 26, "length_km": 25.664004767248141, "delaunay_k": 2, "edge_set": "Delaunay2" }, "geometry": { "type": "LineString", "coordinates": [ [ 11.715546, 55.318987 ], [ 11.670227, 55.548058 ] ] } },
{ "type": "Feature", "properties": { "from_node": 18, "to_node": 19, "length_km": 19.112593048277908, "delaunay_k": 2, "edge_set": "Delaunay2" }, "geometry": { "type": "LineString", "coordinates": [ [ 12.024536, 55.351012 ], [ 11.727905, 55.381451 ] ] } },
{ "type": "Feature", "properties": { "from_node": 18, "to_node": 20, "length_km": 18.064530348347859, "delaunay_k": 2, "edge_set": "Delaunay2" }, "geometry": { "type": "LineString", "coordinates": [ [ 12.024536, 55.351012 ], [ 11.786957, 55.4407 ] ] } },
{ "type": "Feature", "properties": { "from_node": 18, "to_node": 23, "length_km": 16.542276117041744, "delaunay_k": 2, "edge_set": "Delaunay2" }, "geometry": { "type": "LineString", "coordinates": [ [ 12.024536, 55.351012 ], [ 11.990204, 55.498305 ] ] } },
{ "type": "Feature", "properties": { "from_node": 18, "to_node": 27, "length_km": 27.912179883481137, "delaunay_k": 2, "edge_set": "Delaunay2" }, "geometry": { "type": "LineString", "coordinates": [ [ 12.024536, 55.351012 ], [ 12.268982, 55.559709 ] ] } },
{ "type": "Feature", "properties": { "from_node": 18, "to_node": 30, "length_km": 29.504550088733534, "delaunay_k": 2, "edge_set": "Delaunay2" }, "geometry": { "type": "LineString", "coordinates": [ [ 12.024536, 55.351012 ], [ 12.108307, 55.611711 ] ] } },
{ "type": "Feature", "properties": { "from_node": 18, "to_node": 35, "length_km": 49.466912102060277, "delaunay_k": 2, "edge_set": "Delaunay2" }, "geometry": { "type": "LineString", "coordinates": [ [ 12.024536, 55.351012 ], [ 12.583466, 55.662095 ] ] } },
{ "type": "Feature", "properties": { "from_node": 18, "to_node": 42, "length_km": 82.784047372143235, "delaunay_k": 2, "edge_set": "Delaunay2" }, "geometry": { "type": "LineString", "coordinates": [ [ 12.024536, 55.351012 ], [ 13.145142, 55.737162 ] ] } },
{ "type": "Feature", "properties": { "from_node": 18, "to_node": 46, "length_km": 76.914238173383623, "delaunay_k": 2, "edge_set": "Delaunay2" }, "geometry": { "type": "LineString", "coordinates": [ [ 12.024536, 55.351012 ], [ 12.970734, 55.786613 ] ] } },
{ "type": "Feature", "properties": { "from_node": 18, "to_node": 50, "length_km": 113.30835714086783, "delaunay_k": 2, "edge_set": "Delaunay2" }, "geometry": { "type": "LineString", "coordinates": [ [ 12.024536, 55.351012 ], [ 13.580475, 55.86067 ] ] } },
{ "type": "Feature", "properties": { "from_node": 18, "to_node": 60, "length_km": 199.3965450631664, "delaunay_k": 2, "edge_set": "Delaunay2" }, "geometry": { "type": "LineString", "coordinates": [ [ 12.024536, 55.351012 ], [ 14.845276, 56.173846 ] ] } },
{ "type": "Feature", "properties": { "from_node": 19, "to_node": 21, "length_km": 16.409895208498341, "delaunay_k": 2, "edge_set": "Delaunay2" }, "geometry": { "type": "LineString", "coordinates": [ [ 11.727905, 55.381451 ], [ 11.961365, 55.445374 ] ] } },
{ "type": "Feature", "properties": { "from_node": 19, "to_node": 23, "length_km": 21.092052149368083, "delaunay_k": 2, "edge_set": "Delaunay2" }, "geometry": { "type": "LineString", "coordinates": [ [ 11.727905, 55.381451 ], [ 11.990204, 55.498305 ] ] } },
{ "type": "Feature", "properties": { "from_node": 19, "to_node": 25, "length_km": 37.560535813125156, "delaunay_k": 2, "edge_set": "Delaunay2" }, "geometry": { "type": "LineString", "coordinates": [ [ 11.727905, 55.381451 ], [ 11.211548, 55.548058 ] ] } },
{ "type": "Feature", "properties": { "from_node": 19, "to_node": 28, "length_km": 24.348355884344837, "delaunay_k": 2, "edge_set": "Delaunay2" }, "geometry": { "type": "LineString", "coordinates": [ [ 11.727905, 55.381451 ], [ 11.949005, 55.560486 ] ] } },
{ "type": "Feature", "properties": { "from_node": 19, "to_node": 33, "length_km": 32.149844577696314, "delaunay_k": 2, "edge_set": "Delaunay2" }, "geometry": { "type": "LineString", "coordinates": [ [ 11.727905, 55.381451 ], [ 11.877594, 55.657447 ] ] } },
{ "type": "Feature", "properties": { "from_node": 19, "to_node": 39, "length_km": 39.744549707901875, "delaunay_k": 2, "edge_set": "Delaunay2" }, "geometry": { "type": "LineString", "coordinates": [ [ 11.727905, 55.381451 ], [ 11.550751, 55.724017 ] ] } },
{ "type": "Feature", "properties": { "from_node": 20, "to_node": 22, "length_km": 27.770405864772457, "delaunay_k": 2, "edge_set": "Delaunay2" }, "geometry": { "type": "LineString", "coordinates": [ [ 11.786957, 55.4407 ], [ 11.348877, 55.455499 ] ] } },
{ "type": "Feature", "properties": { "from_node": 20, "to_node": 24, "length_km": 25.089151245174303, "delaunay_k": 2, "edge_set": "Delaunay2" }, "geometry": { "type": "LineString", "coordinates": [ [ 11.786957, 55.4407 ], [ 12.170105, 55.499083 ] ] } },
{ "type": "Feature", "properties": { "from_node": 20, "to_node": 25, "length_km": 38.282592867100618, "delaunay_k": 2, "edge_set": "Delaunay2" }, "geometry": { "type": "LineString", "coordinates": [ [ 11.786957, 55.4407 ], [ 11.211548, 55.548058 ] ] } },
{ "type": "Feature", "properties": { "from_node": 20, "to_node": 30, "length_km": 27.827977478146643, "delaunay_k": 2, "edge_set": "Delaunay2" }, "geometry": { "type": "LineString", "coordinates": [ [ 11.786957, 55.4407 ], [ 12.108307, 55.611711 ] ] } },
{ "type": "Feature", "properties": { "from_node": 20, "to_node": 33, "length_km": 24.80054185029628, "delaunay_k": 2, "edge_set": "Delaunay2" }, "geometry": { "type": "LineString", "coordinates": [ [ 11.786957, 55.4407 ], [ 11.877594, 55.657447 ] ] } },
{ "type": "Feature", "properties": { "from_node": 20, "to_node": 39, "length_km": 34.883712880911304, "delaunay_k": 2, "edge_set": "Delaunay2" }, "geometry": { "type": "LineString", "coordinates": [ [ 11.786957, 55.4407 ], [ 11.550751, 55.724017 ] ] } },
{ "type": "Feature", "properties": { "from_node": 21, "to_node": 26, "length_km": 21.66283907510314, "delaunay_k": 2, "edge_set": "Delaunay2" }, "geometry": { "type": "LineString", "coordinates": [ [ 11.961365, 55.445374 ], [ 11.670227, 55.548058 ] ] } },
{ "type": "Feature", "properties": { "from_node": 21, "to_node": 27, "length_km": 23.236676906036859, "delaunay_k": 2, "edge_set": "Delaunay2" }, "geometry": { "type": "LineString", "coordinates": [ [ 11.961365, 55.445374 ], [ 12.268982, 55.559709 ] ] } },
{ "type": "Feature", "properties": { "from_node": 21, "to_node": 28, "length_km": 12.839856633978028, "delaunay_k": 2, "edge_set": "Delaunay2" }, "geometry": { "type": "LineString", "coordinates": [ [ 11.961365, 55.445374 ], [ 11.949005, 55.560486 ] ] } },
{ "type": "Feature", "properties": { "from_node": 21, "to_node": 29, "length_km": 79.032391470072596, "delaunay_k": 2, "edge_set": "Delaunay2" }, "geometry": { "type": "LineString", "coordinates": [ [ 11.961365, 55.445374 ], [ 13.189087, 55.58145 ] ] } },
{ "type": "Feature", "properties": { "from_node": 21, "to_node": 30, "length_km": 20.714289088071148, "delaunay_k": 2, "edge_set": "Delaunay2" }, "geometry": { "type": "LineString", "coordinates": [ [ 11.961365, 55.445374 ], [ 12.108307, 55.611711 ] ] } },
{ "type": "Feature", "properties": { "from_node": 22, "to_node": 28, "length_km": 39.678971825288528, "delaunay_k": 2, "edge_set": "Delaunay2" }, "geometry": { "type": "LineString", "coordinates": [ [ 11.348877, 55.455499 ], [ 11.949005, 55.560486 ] ] } },
{ "type": "Feature", "properties": { "from_node": 22, "to_node": 33, "length_km": 40.233748945947205, "delaunay_k": 2, "edge_set": "Delaunay2" }, "geometry": { "type": "LineString", "coordinates": [ [ 11.348877, 55.455499 ], [ 11.877594, 55.657447 ] ] } },
{ "type": "Feature", "properties": { "from_node": 22, "to_node": 34, "length_km": 28.166420873259181, "delaunay_k": 2, "edge_set": "Delaunay2" }, "geometry": { "type": "LineString", "coordinates": [ [ 11.348877, 55.455499 ], [ 11.089325, 55.66132 ] ] } },
{ "type": "Feature", "properties": { "from_node": 22, "to_node": 39, "length_km": 32.492414314613292, "delaunay_k": 2, "edge_set": "Delaunay2" }, "geometry": { "type": "LineString", "coordinates": [ [ 11.348877, 55.455499 ], [ 11.550751, 55.724017 ] ] } },
{ "type": "Feature", "properties": { "from_node": 23, "to_node": 26, "length_km": 20.955109089133721, "delaunay_k": 2, "edge_set": "Delaunay2" }, "geometry": { "type": "LineString", "coordinates": [ [ 11.990204, 55.498305 ], [ 11.670227, 55.548058 ] ] } },
{ "type": "Feature", "properties": { "from_node": 23, "to_node": 27, "length_km": 18.886159248134724, "delaunay_k": 2, "edge_set": "Delaunay2" }, "geometry": { "type": "LineString", "coordinates": [ [ 11.990204, 55.498305 ], [ 12.268982, 55.559709 ] ] } },
{ "type": "Feature", "properties": { "from_node": 23, "to_node": 29, "length_km": 76.257910750609696, "delaunay_k": 2, "edge_set": "Delaunay2" }, "geometry": { "type": "LineString", "coordinates": [ [ 11.990204, 55.498305 ], [ 13.189087, 55.58145 ] ] } },
{ "type": "Feature", "properties": { "from_node": 23, "to_node": 33, "length_km": 19.088951762962175, "delaunay_k": 2, "edge_set": "Delaunay2" }, "geometry": { "type": "LineString", "coordinates": [ [ 11.990204, 55.498305 ], [ 11.877594, 55.657447 ] ] } },
{ "type": "Feature", "properties": { "from_node": 23, "to_node": 36, "length_km": 27.905870005960601, "delaunay_k": 2, "edge_set": "Delaunay2" }, "geometry": { "type": "LineString", "coordinates": [ [ 11.990204, 55.498305 ], [ 12.311554, 55.670615 ] ] } },
{ "type": "Feature", "properties": { "from_node": 23, "to_node": 38, "length_km": 26.907321013192913, "delaunay_k": 2, "edge_set": "Delaunay2" }, "geometry": { "type": "LineString", "coordinates": [ [ 11.990204, 55.498305 ], [ 12.242889, 55.693068 ] ] } },
{ "type": "Feature", "properties": { "from_node": 23, "to_node": 43, "length_km": 28.629429350414259, "delaunay_k": 2, "edge_set": "Delaunay2" }, "geometry": { "type": "LineString", "coordinates": [ [ 11.990204, 55.498305 ], [ 12.154999, 55.737935 ] ] } },
{ "type": "Feature", "properties": { "from_node": 24, "to_node": 28, "length_km": 15.546345926615514, "delaunay_k": 2, "edge_set": "Delaunay2" }, "geometry": { "type": "LineString", "coordinates": [ [ 12.170105, 55.499083 ], [ 11.949005, 55.560486 ] ] } },
{ "type": "Feature", "properties": { "from_node": 24, "to_node": 31, "length_km": 17.573569573125312, "delaunay_k": 2, "edge_set": "Delaunay2" }, "geometry": { "type": "LineString", "coordinates": [ [ 12.170105, 55.499083 ], [ 12.362366, 55.613262 ] ] } },
{ "type": "Feature", "properties": { "from_node": 24, "to_node": 33, "length_km": 25.519816773858963, "delaunay_k": 2, "edge_set": "Delaunay2" }, "geometry": { "type": "LineString", "coordinates": [ [ 12.170105, 55.499083 ], [ 11.877594, 55.657447 ] ] } },
{ "type": "Feature", "properties": { "from_node": 24, "to_node": 35, "length_km": 31.766501269873952, "delaunay_k": 2, "edge_set": "Delaunay2" }, "geometry": { "type": "LineString", "coordinates": [ [ 12.170105, 55.499083 ], [ 12.583466, 55.662095 ] ] } },
{ "type": "Feature", "properties": { "from_node": 24, "to_node": 36, "length_km": 21.078785969177311, "delaunay_k": 2, "edge_set": "Delaunay2" }, "geometry": { "type": "LineString", "coordinates": [ [ 12.170105, 55.499083 ], [ 12.311554, 55.670615 ] ] } },
{ "type": "Feature", "properties": { "from_node": 24, "to_node": 38, "length_km": 22.080258024498459, "delaunay_k": 2, "edge_set": "Delaunay2" }, "geometry": { "type": "LineString", "coordinates": [ [ 12.170105, 55.499083 ], [ 12.242889, 55.693068 ] ] } },
{ "type": "Feature", "properties": { "from_node": 24, "to_node": 42, "length_km": 66.91397518672332, "delaunay_k": 2, "edge_set": "Delaunay2" }, "geometry": { "type": "LineString", "coordinates": [ [ 12.170105, 55.499083 ], [ 13.145142, 55.737162 ] ] } },
{ "type": "Feature", "properties": { "from_node": 24, "to_node": 43, "length_km": 26.610693787487655, "delaunay_k": 2, "edge_set": "Delaunay2" }, "geometry": { "type": "LineString", "coordinates": [ [ 12.170105, 55.499083 ], [ 12.154999, 55.737935 ] ] } },
{ "type": "Feature", "properties": { "from_node": 24, "to_node": 46, "length_km": 59.722822979677851, "delaunay_k": 2, "edge_set": "Delaunay2" }, "geometry": { "type": "LineString", "coordinates": [ [ 12.170105, 55.499083 ], [ 12.970734, 55.786613 ] ] } },
{ "type": "Feature", "properties": { "from_node": 24, "to_node": 50, "length_km": 97.439638823815883, "delaunay_k": 2, "edge_set": "Delaunay2" }, "geometry": { "type": "LineString", "coordinates": [ [ 12.170105, 55.499083 ], [ 13.580475, 55.86067 ] ] } },
{ "type": "Feature", "properties": { "from_node": 24, "to_node": 60, "length_km": 183.7143768693827, "delaunay_k": 2, "edge_set": "Delaunay2" }, "geometry": { "type": "LineString", "coordinates": [ [ 12.170105, 55.499083 ], [ 14.845276, 56.173846 ] ] } },
{ "type": "Feature", "properties": { "from_node": 25, "to_node": 28, "length_km": 46.561031548565019, "delaunay_k": 2, "edge_set": "Delaunay2" }, "geometry": { "type": "LineString", "coordinates": [ [ 11.211548, 55.548058 ], [ 11.949005, 55.560486 ] ] } },
{ "type": "Feature", "properties": { "from_node": 25, "to_node": 33, "length_km": 43.712799879328855, "delaunay_k": 2, "edge_set": "Delaunay2" }, "geometry": { "type": "LineString", "coordinates": [ [ 11.211548, 55.548058 ], [ 11.877594, 55.657447 ] ] } },
{ "type": "Feature", "properties": { "from_node": 25, "to_node": 48, "length_km": 51.901121537304618, "delaunay_k": 2, "edge_set": "Delaunay2" }, "geometry": { "type": "LineString", "coordinates": [ [ 11.211548, 55.548058 ], [ 11.885834, 55.816715 ] ] } },
{ "type": "Feature", "properties": { "from_node": 25, "to_node": 51, "length_km": 44.607209966212281, "delaunay_k": 2, "edge_set": "Delaunay2" }, "geometry": { "type": "LineString", "coordinates": [ [ 11.211548, 55.548058 ], [ 11.641388, 55.866835 ] ] } },
{ "type": "Feature", "properties": { "from_node": 26, "to_node": 30, "length_km": 28.523791424666172, "delaunay_k": 2, "edge_set": "Delaunay2" }, "geometry": { "type": "LineString", "coordinates": [ [ 11.670227, 55.548058 ], [ 12.108307, 55.611711 ] ] } },
{ "type": "Feature", "properties": { "from_node": 26, "to_node": 34, "length_km": 38.723991638619424, "delaunay_k": 2, "edge_set": "Delaunay2" }, "geometry": { "type": "LineString", "coordinates": [ [ 11.670227, 55.548058 ], [ 11.089325, 55.66132 ] ] } },
{ "type": "Feature", "properties": { "from_node": 26, "to_node": 43, "length_km": 37.130890500617269, "delaunay_k": 2, "edge_set": "Delaunay2" }, "geometry": { "type": "LineString", "coordinates": [ [ 11.670227, 55.548058 ], [ 12.154999, 55.737935 ] ] } },
{ "type": "Feature", "properties": { "from_node": 26, "to_node": 48, "length_km": 32.842865805565914, "delaunay_k": 2, "edge_set": "Delaunay2" }, "geometry": { "type": "LineString", "coordinates": [ [ 11.670227, 55.548058 ], [ 11.885834, 55.816715 ] ] } },
{ "type": "Feature", "properties": { "from_node": 26, "to_node": 51, "length_km": 35.538209993460356, "delaunay_k": 2, "edge_set": "Delaunay2" }, "geometry": { "type": "LineString", "coordinates": [ [ 11.670227, 55.548058 ], [ 11.641388, 55.866835 ] ] } },
{ "type": "Feature", "properties": { "from_node": 27, "to_node": 28, "length_km": 20.191356241689022, "delaunay_k": 2, "edge_set": "Delaunay2" }, "geometry": { "type": "LineString", "coordinates": [ [ 12.268982, 55.559709 ], [ 11.949005, 55.560486 ] ] } },
{ "type": "Feature", "properties": { "from_node": 27, "to_node": 32, "length_km": 13.581490619559418, "delaunay_k": 2, "edge_set": "Delaunay2" }, "geometry": { "type": "LineString", "coordinates": [ [ 12.268982, 55.559709 ], [ 12.415924, 55.648924 ] ] } },
{ "type": "Feature", "properties": { "from_node": 27, "to_node": 33, "length_km": 26.960539867946014, "delaunay_k": 2, "edge_set": "Delaunay2" }, "geometry": { "type": "LineString", "coordinates": [ [ 12.268982, 55.559709 ], [ 11.877594, 55.657447 ] ] } },
{ "type": "Feature", "properties": { "from_node": 27, "to_node": 37, "length_km": 18.711169036322744, "delaunay_k": 2, "edge_set": "Delaunay2" }, "geometry": { "type": "LineString", "coordinates": [ [ 12.268982, 55.559709 ], [ 12.490645134825497, 55.671527244775099 ] ] } },
{ "type": "Feature", "properties": { "from_node": 27, "to_node": 38, "length_km": 14.938976278903565, "delaunay_k": 2, "edge_set": "Delaunay2" }, "geometry": { "type": "LineString", "coordinates": [ [ 12.268982, 55.559709 ], [ 12.242889, 55.693068 ] ] } },
{ "type": "Feature", "properties": { "from_node": 27, "to_node": 40, "length_km": 27.607421806877785, "delaunay_k": 2, "edge_set": "Delaunay2" }, "geometry": { "type": "LineString", "coordinates": [ [ 12.268982, 55.559709 ], [ 12.580719, 55.73407 ] ] } },
{ "type": "Feature", "properties": { "from_node": 27, "to_node": 41, "length_km": 25.386980524394179, "delaunay_k": 2, "edge_set": "Delaunay2" }, "geometry": { "type": "LineString", "coordinates": [ [ 12.268982, 55.559709 ], [ 12.527161, 55.734843 ] ] } },
{ "type": "Feature", "properties": { "from_node": 27, "to_node": 42, "length_km": 58.598232418615204, "delaunay_k": 2, "edge_set": "Delaunay2" }, "geometry": { "type": "LineString", "coordinates": [ [ 12.268982, 55.559709 ], [ 13.145142, 55.737162 ] ] } },
{ "type": "Feature", "properties": { "from_node": 27, "to_node": 43, "length_km": 21.101562767389371, "delaunay_k": 2, "edge_set": "Delaunay2" }, "geometry": { "type": "LineString", "coordinates": [ [ 12.268982, 55.559709 ], [ 12.154999, 55.737935 ] ] } },
{ "type": "Feature", "properties": { "from_node": 27, "to_node": 44, "length_km": 23.680742498860649, "delaunay_k": 2, "edge_set": "Delaunay2" }, "geometry": { "type": "LineString", "coordinates": [ [ 12.268982, 55.559709 ], [ 12.389832, 55.761123 ] ] } },
{ "type": "Feature", "properties": { "from_node": 27, "to_node": 46, "length_km": 50.873627773259621, "delaunay_k": 2, "edge_set": "Delaunay2" }, "geometry": { "type": "LineString", "coordinates": [ [ 12.268982, 55.559709 ], [ 12.970734, 55.786613 ] ] } },
{ "type": "Feature", "properties": { "from_node": 27, "to_node": 50, "length_km": 88.999169435803054, "delaunay_k": 2, "edge_set": "Delaunay2" }, "geometry": { "type": "LineString", "coordinates": [ [ 12.268982, 55.559709 ], [ 13.580475, 55.86067 ] ] } },
{ "type": "Feature", "properties": { "from_node": 27, "to_node": 60, "length_km": 175.22367449281768, "delaunay_k": 2, "edge_set": "Delaunay2" }, "geometry": { "type": "LineString", "coordinates": [ [ 12.268982, 55.559709 ], [ 14.845276, 56.173846 ] ] } },
{ "type": "Feature", "properties": { "from_node": 28, "to_node": 36, "length_km": 25.927929602857169, "delaunay_k": 2, "edge_set": "Delaunay2" }, "geometry": { "type": "LineString", "coordinates": [ [ 11.949005, 55.560486 ], [ 12.311554, 55.670615 ] ] } },
{ "type": "Feature", "properties": { "from_node": 28, "to_node": 38, "length_km": 23.677873327369767, "delaunay_k": 2, "edge_set": "Delaunay2" }, "geometry": { "type": "LineString", "coordinates": [ [ 11.949005, 55.560486 ], [ 12.242889, 55.693068 ] ] } },
{ "type": "Feature", "properties": { "from_node": 28, "to_node": 39, "length_km": 30.989991471023963, "delaunay_k": 2, "edge_set": "Delaunay2" }, "geometry": { "type": "LineString", "coordinates": [ [ 11.949005, 55.560486 ], [ 11.550751, 55.724017 ] ] } },
{ "type": "Feature", "properties": { "from_node": 28, "to_node": 43, "length_km": 23.633390604929684, "delaunay_k": 2, "edge_set": "Delaunay2" }, "geometry": { "type": "LineString", "coordinates": [ [ 11.949005, 55.560486 ], [ 12.154999, 55.737935 ] ] } },
{ "type": "Feature", "properties": { "from_node": 28, "to_node": 48, "length_km": 28.803579072376174, "delaunay_k": 2, "edge_set": "Delaunay2" }, "geometry": { "type": "LineString", "coordinates": [ [ 11.949005, 55.560486 ], [ 11.885834, 55.816715 ] ] } },
{ "type": "Feature", "properties": { "from_node": 29, "to_node": 30, "length_km": 68.222874056692817, "delaunay_k": 2, "edge_set": "Delaunay2" }, "geometry": { "type": "LineString", "coordinates": [ [ 13.189087, 55.58145 ], [ 12.108307, 55.611711 ] ] } },
{ "type": "Feature", "properties": { "from_node": 29, "to_node": 31, "length_km": 52.242252171680882, "delaunay_k": 2, "edge_set": "Delaunay2" }, "geometry": { "type": "LineString", "coordinates": [ [ 13.189087, 55.58145 ], [ 12.362366, 55.613262 ] ] } },
{ "type": "Feature", "properties": { "from_node": 29, "to_node": 32, "length_km": 49.299304737010864, "delaunay_k": 2, "edge_set": "Delaunay2" }, "geometry": { "type": "LineString", "coordinates": [ [ 13.189087, 55.58145 ], [ 12.415924, 55.648924 ] ] } },
{ "type": "Feature", "properties": { "from_node": 29, "to_node": 36, "length_km": 56.16934399391544, "delaunay_k": 2, "edge_set": "Delaunay2" }, "geometry": { "type": "LineString", "coordinates": [ [ 13.189087, 55.58145 ], [ 12.311554, 55.670615 ] ] } },
{ "type": "Feature", "properties": { "from_node": 29, "to_node": 37, "length_km": 45.130893018489189, "delaunay_k": 2, "edge_set": "Delaunay2" }, "geometry": { "type": "LineString", "coordinates": [ [ 13.189087, 55.58145 ], [ 12.490645134825497, 55.671527244775099 ] ] } },
{ "type": "Feature", "properties": { "from_node": 29, "to_node": 40, "length_km": 41.898468884512425, "delaunay_k": 2, "edge_set": "Delaunay2" }, "geometry": { "type": "LineString", "coordinates": [ [ 13.189087, 55.58145 ], [ 12.580719, 55.73407 ] ] } },
{ "type": "Feature", "properties": { "from_node": 29, "to_node": 41, "length_km": 45.032983778446408, "delaunay_k": 2, "edge_set": "Delaunay2" }, "geometry": { "type": "LineString", "coordinates": [ [ 13.189087, 55.58145 ], [ 12.527161, 55.734843 ] ] } },
{ "type": "Feature", "properties": { "from_node": 29, "to_node": 47, "length_km": 45.987502538155319, "delaunay_k": 2, "edge_set": "Delaunay2" }, "geometry": { "type": "LineString", "coordinates": [ [ 13.189087, 55.58145 ], [ 12.56424, 55.795877 ] ] } },
{ "type": "Feature", "properties": { "from_node": 29, "to_node": 53, "length_km": 57.47117935570715, "delaunay_k": 2, "edge_set": "Delaunay2" }, "geometry": { "type": "LineString", "coordinates": [ [ 13.189087, 55.58145 ], [ 12.520294, 55.933818 ] ] } },
{ "type": "Feature", "properties": { "from_node": 29, "to_node": 58, "length_km": 56.7636102695161, "delaunay_k": 2, "edge_set": "Delaunay2" }, "geometry": { "type": "LineString", "coordinates": [ [ 13.189087, 55.58145 ], [ 12.933655, 56.070502 ] ] } },
{ "type": "Feature", "properties": { "from_node": 29, "to_node": 59, "length_km": 65.61258773473962, "delaunay_k": 2, "edge_set": "Delaunay2" }, "geometry": { "type": "LineString", "coordinates": [ [ 13.189087, 55.58145 ], [ 12.984467, 56.159318 ] ] } },
{ "type": "Feature", "properties": { "from_node": 29, "to_node": 61, "length_km": 125.46811783988827, "delaunay_k": 2, "edge_set": "Delaunay2" }, "geometry": { "type": "LineString", "coordinates": [ [ 13.189087, 55.58145 ], [ 14.790344, 56.260134 ] ] } },
{ "type": "Feature", "properties": { "from_node": 29, "to_node": 62, "length_km": 127.95879141421038, "delaunay_k": 2, "edge_set": "Delaunay2" }, "geometry": { "type": "LineString", "coordinates": [ [ 13.189087, 55.58145 ], [ 14.749146, 56.325675 ] ] } },
{ "type": "Feature", "properties": { "from_node": 29, "to_node": 63, "length_km": 188.69673782335175, "delaunay_k": 2, "edge_set": "Delaunay2" }, "geometry": { "type": "LineString", "coordinates": [ [ 13.189087, 55.58145 ], [ 15.542908, 56.649432 ] ] } },
{ "type": "Feature", "properties": { "from_node": 30, "to_node": 31, "length_km": 16.011382846949552, "delaunay_k": 2, "edge_set": "Delaunay2" }, "geometry": { "type": "LineString", "coordinates": [ [ 12.108307, 55.611711 ], [ 12.362366, 55.613262 ] ] } },
{ "type": "Feature", "properties": { "from_node": 30, "to_node": 32, "length_km": 19.814877395414797, "delaunay_k": 2, "edge_set": "Delaunay2" }, "geometry": { "type": "LineString", "coordinates": [ [ 12.108307, 55.611711 ], [ 12.415924, 55.648924 ] ] } },
{ "type": "Feature", "properties": { "from_node": 30, "to_node": 35, "length_km": 30.446820564352759, "delaunay_k": 2, "edge_set": "Delaunay2" }, "geometry": { "type": "LineString", "coordinates": [ [ 12.108307, 55.611711 ], [ 12.583466, 55.662095 ] ] } },
{ "type": "Feature", "properties": { "from_node": 30, "to_node": 39, "length_km": 37.247303624467897, "delaunay_k": 2, "edge_set": "Delaunay2" }, "geometry": { "type": "LineString", "coordinates": [ [ 12.108307, 55.611711 ], [ 11.550751, 55.724017 ] ] } },
{ "type": "Feature", "properties": { "from_node": 30, "to_node": 44, "length_km": 24.296481684329457, "delaunay_k": 2, "edge_set": "Delaunay2" }, "geometry": { "type": "LineString", "coordinates": [ [ 12.108307, 55.611711 ], [ 12.389832, 55.761123 ] ] } },
{ "type": "Feature", "properties": { "from_node": 30, "to_node": 45, "length_km": 18.896279539439075, "delaunay_k": 2, "edge_set": "Delaunay2" }, "geometry": { "type": "LineString", "coordinates": [ [ 12.108307, 55.611711 ], [ 12.240143, 55.764213 ] ] } },
{ "type": "Feature", "properties": { "from_node": 30, "to_node": 48, "length_km": 26.767876661186751, "delaunay_k": 2, "edge_set": "Delaunay2" }, "geometry": { "type": "LineString", "coordinates": [ [ 12.108307, 55.611711 ], [ 11.885834, 55.816715 ] ] } },
{ "type": "Feature", "properties": { "from_node": 30, "to_node": 49, "length_km": 24.735988667189051, "delaunay_k": 2, "edge_set": "Delaunay2" }, "geometry": { "type": "LineString", "coordinates": [ [ 12.108307, 55.611711 ], [ 12.23465, 55.822116 ] ] } },
{ "type": "Feature", "properties": { "from_node": 31, "to_node": 37, "length_km": 10.360512665753584, "delaunay_k": 2, "edge_set": "Delaunay2" }, "geometry": { "type": "LineString", "coordinates": [ [ 12.362366, 55.613262 ], [ 12.490645134825497, 55.671527244775099 ] ] } },
{ "type": "Feature", "properties": { "from_node": 31, "to_node": 38, "length_km": 11.641711269923062, "delaunay_k": 2, "edge_set": "Delaunay2" }, "geometry": { "type": "LineString", "coordinates": [ [ 12.362366, 55.613262 ], [ 12.242889, 55.693068 ] ] } },
{ "type": "Feature", "properties": { "from_node": 31, "to_node": 40, "length_km": 19.227610065280373, "delaunay_k": 2, "edge_set": "Delaunay2" }, "geometry": { "type": "LineString", "coordinates": [ [ 12.362366, 55.613262 ], [ 12.580719, 55.73407 ] ] } },
{ "type": "Feature", "properties": { "from_node": 31, "to_node": 41, "length_km": 17.052137085500867, "delaunay_k": 2, "edge_set": "Delaunay2" }, "geometry": { "type": "LineString", "coordinates": [ [ 12.362366, 55.613262 ], [ 12.527161, 55.734843 ] ] } },
{ "type": "Feature", "properties": { "from_node": 31, "to_node": 44, "length_km": 16.553680026217389, "delaunay_k": 2, "edge_set": "Delaunay2" }, "geometry": { "type": "LineString", "coordinates": [ [ 12.362366, 55.613262 ], [ 12.389832, 55.761123 ] ] } },
{ "type": "Feature", "properties": { "from_node": 31, "to_node": 46, "length_km": 42.848611855098362, "delaunay_k": 2, "edge_set": "Delaunay2" }, "geometry": { "type": "LineString", "coordinates": [ [ 12.362366, 55.613262 ], [ 12.970734, 55.786613 ] ] } },
{ "type": "Feature", "properties": { "from_node": 32, "to_node": 38, "length_km": 11.946247244384558, "delaunay_k": 2, "edge_set": "Delaunay2" }, "geometry": { "type": "LineString", "coordinates": [ [ 12.415924, 55.648924 ], [ 12.242889, 55.693068 ] ] } },
{ "type": "Feature", "properties": { "from_node": 32, "to_node": 40, "length_km": 14.046507703553583, "delaunay_k": 2, "edge_set": "Delaunay2" }, "geometry": { "type": "LineString", "coordinates": [ [ 12.415924, 55.648924 ], [ 12.580719, 55.73407 ] ] } },
{ "type": "Feature", "properties": { "from_node": 32, "to_node": 41, "length_km": 11.851730170659838, "delaunay_k": 2, "edge_set": "Delaunay2" }, "geometry": { "type": "LineString", "coordinates": [ [ 12.415924, 55.648924 ], [ 12.527161, 55.734843 ] ] } },
{ "type": "Feature", "properties": { "from_node": 32, "to_node": 45, "length_km": 16.938225018010307, "delaunay_k": 2, "edge_set": "Delaunay2" }, "geometry": { "type": "LineString", "coordinates": [ [ 12.415924, 55.648924 ], [ 12.240143, 55.764213 ] ] } },
{ "type": "Feature", "properties": { "from_node": 32, "to_node": 46, "length_km": 38.092778601341365, "delaunay_k": 2, "edge_set": "Delaunay2" }, "geometry": { "type": "LineString", "coordinates": [ [ 12.415924, 55.648924 ], [ 12.970734, 55.786613 ] ] } },
{ "type": "Feature", "properties": { "from_node": 32, "to_node": 47, "length_km": 18.831009727860245, "delaunay_k": 2, "edge_set": "Delaunay2" }, "geometry": { "type": "LineString", "coordinates": [ [ 12.415924, 55.648924 ], [ 12.56424, 55.795877 ] ] } },
{ "type": "Feature", "properties": { "from_node": 32, "to_node": 49, "length_km": 22.395271802972228, "delaunay_k": 2, "edge_set": "Delaunay2" }, "geometry": { "type": "LineString", "coordinates": [ [ 12.415924, 55.648924 ], [ 12.23465, 55.822116 ] ] } },
{ "type": "Feature", "properties": { "from_node": 32, "to_node": 54, "length_km": 32.107379838090623, "delaunay_k": 2, "edge_set": "Delaunay2" }, "geometry": { "type": "LineString", "coordinates": [ [ 12.415924, 55.648924 ], [ 12.474976, 55.935356 ] ] } },
{ "type": "Feature", "properties": { "from_node": 32, "to_node": 55, "length_km": 32.71860070430656, "delaunay_k": 2, "edge_set": "Delaunay2" }, "geometry": { "type": "LineString", "coordinates": [ [ 12.415924, 55.648924 ], [ 12.385712, 55.942279 ] ] } },
{ "type": "Feature", "properties": { "from_node": 33, "to_node": 34, "length_km": 49.61607459869434, "delaunay_k": 2, "edge_set": "Delaunay2" }, "geometry": { "type": "LineString", "coordinates": [ [ 11.877594, 55.657447 ], [ 11.089325, 55.66132 ] ] } },
{ "type": "Feature", "properties": { "from_node": 33, "to_node": 36, "length_km": 27.350669282730859, "delaunay_k": 2, "edge_set": "Delaunay2" }, "geometry": { "type": "LineString", "coordinates": [ [ 11.877594, 55.657447 ], [ 12.311554, 55.670615 ] ] } },
{ "type": "Feature", "properties": { "from_node": 33, "to_node": 38, "length_km": 23.322947565714177, "delaunay_k": 2, "edge_set": "Delaunay2" }, "geometry": { "type": "LineString", "coordinates": [ [ 11.877594, 55.657447 ], [ 12.242889, 55.693068 ] ] } },
{ "type": "Feature", "properties": { "from_node": 33, "to_node": 45, "length_km": 25.703752943684439, "delaunay_k": 2, "edge_set": "Delaunay2" }, "geometry": { "type": "LineString", "coordinates": [ [ 11.877594, 55.657447 ], [ 12.240143, 55.764213 ] ] } },
{ "type": "Feature", "properties": { "from_node": 33, "to_node": 49, "length_km": 28.968218520543463, "delaunay_k": 2, "edge_set": "Delaunay2" }, "geometry": { "type": "LineString", "coordinates": [ [ 11.877594, 55.657447 ], [ 12.23465, 55.822116 ] ] } },
{ "type": "Feature", "properties": { "from_node": 33, "to_node": 51, "length_km": 27.629221846761236, "delaunay_k": 2, "edge_set": "Delaunay2" }, "geometry": { "type": "LineString", "coordinates": [ [ 11.877594, 55.657447 ], [ 11.641388, 55.866835 ] ] } },
{ "type": "Feature", "properties": { "from_node": 33, "to_node": 56, "length_km": 36.576763012349552, "delaunay_k": 2, "edge_set": "Delaunay2" }, "geometry": { "type": "LineString", "coordinates": [ [ 11.877594, 55.657447 ], [ 12.061615, 55.969187 ] ] } },
{ "type": "Feature", "properties": { "from_node": 34, "to_node": 48, "length_km": 52.937972962012076, "delaunay_k": 2, "edge_set": "Delaunay2" }, "geometry": { "type": "LineString", "coordinates": [ [ 11.089325, 55.66132 ], [ 11.885834, 55.816715 ] ] } },
{ "type": "Feature", "properties": { "from_node": 34, "to_node": 56, "length_km": 69.929997316754012, "delaunay_k": 2, "edge_set": "Delaunay2" }, "geometry": { "type": "LineString", "coordinates": [ [ 11.089325, 55.66132 ], [ 12.061615, 55.969187 ] ] } },
{ "type": "Feature", "properties": { "from_node": 35, "to_node": 36, "length_km": 17.13866293207494, "delaunay_k": 2, "edge_set": "Delaunay2" }, "geometry": { "type": "LineString", "coordinates": [ [ 12.583466, 55.662095 ], [ 12.311554, 55.670615 ] ] } },
{ "type": "Feature", "properties": { "from_node": 35, "to_node": 42, "length_km": 36.295730874716959, "delaunay_k": 2, "edge_set": "Delaunay2" }, "geometry": { "type": "LineString", "coordinates": [ [ 12.583466, 55.662095 ], [ 13.145142, 55.737162 ] ] } },
{ "type": "Feature", "properties": { "from_node": 35, "to_node": 44, "length_km": 16.42367425421482, "delaunay_k": 2, "edge_set": "Delaunay2" }, "geometry": { "type": "LineString", "coordinates": [ [ 12.583466, 55.662095 ], [ 12.389832, 55.761123 ] ] } },
{ "type": "Feature", "properties": { "from_node": 35, "to_node": 47, "length_km": 14.945024544857375, "delaunay_k": 2, "edge_set": "Delaunay2" }, "geometry": { "type": "LineString", "coordinates": [ [ 12.583466, 55.662095 ], [ 12.56424, 55.795877 ] ] } },
{ "type": "Feature", "properties": { "from_node": 35, "to_node": 50, "length_km": 66.389007906474887, "delaunay_k": 2, "edge_set": "Delaunay2" }, "geometry": { "type": "LineString", "coordinates": [ [ 12.583466, 55.662095 ], [ 13.580475, 55.86067 ] ] } },
{ "type": "Feature", "properties": { "from_node": 35, "to_node": 53, "length_km": 30.513933568075736, "delaunay_k": 2, "edge_set": "Delaunay2" }, "geometry": { "type": "LineString", "coordinates": [ [ 12.583466, 55.662095 ], [ 12.520294, 55.933818 ] ] } },
{ "type": "Feature", "properties": { "from_node": 35, "to_node": 58, "length_km": 50.486686257028232, "delaunay_k": 2, "edge_set": "Delaunay2" }, "geometry": { "type": "LineString", "coordinates": [ [ 12.583466, 55.662095 ], [ 12.933655, 56.070502 ] ] } },
{ "type": "Feature", "properties": { "from_node": 35, "to_node": 60, "length_km": 152.50324119779782, "delaunay_k": 2, "edge_set": "Delaunay2" }, "geometry": { "type": "LineString", "coordinates": [ [ 12.583466, 55.662095 ], [ 14.845276, 56.173846 ] ] } },
{ "type": "Feature", "properties": { "from_node": 36, "to_node": 37, "length_km": 11.269889121937243, "delaunay_k": 2, "edge_set": "Delaunay2" }, "geometry": { "type": "LineString", "coordinates": [ [ 12.311554, 55.670615 ], [ 12.490645134825497, 55.671527244775099 ] ] } },
{ "type": "Feature", "properties": { "from_node": 36, "to_node": 41, "length_km": 15.326939878006854, "delaunay_k": 2, "edge_set": "Delaunay2" }, "geometry": { "type": "LineString", "coordinates": [ [ 12.311554, 55.670615 ], [ 12.527161, 55.734843 ] ] } },
{ "type": "Feature", "properties": { "from_node": 36, "to_node": 43, "length_km": 12.371904503591105, "delaunay_k": 2, "edge_set": "Delaunay2" }, "geometry": { "type": "LineString", "coordinates": [ [ 12.311554, 55.670615 ], [ 12.154999, 55.737935 ] ] } },
{ "type": "Feature", "properties": { "from_node": 36, "to_node": 45, "length_km": 11.346815429952068, "delaunay_k": 2, "edge_set": "Delaunay2" }, "geometry": { "type": "LineString", "coordinates": [ [ 12.311554, 55.670615 ], [ 12.240143, 55.764213 ] ] } },
{ "type": "Feature", "properties": { "from_node": 36, "to_node": 47, "length_km": 21.131709172978795, "delaunay_k": 2, "edge_set": "Delaunay2" }, "geometry": { "type": "LineString", "coordinates": [ [ 12.311554, 55.670615 ], [ 12.56424, 55.795877 ] ] } },
{ "type": "Feature", "properties": { "from_node": 36, "to_node": 49, "length_km": 17.546396497268972, "delaunay_k": 2, "edge_set": "Delaunay2" }, "geometry": { "type": "LineString", "coordinates": [ [ 12.311554, 55.670615 ], [ 12.23465, 55.822116 ] ] } },
{ "type": "Feature", "properties": { "from_node": 36, "to_node": 54, "length_km": 31.208472665575705, "delaunay_k": 2, "edge_set": "Delaunay2" }, "geometry": { "type": "LineString", "coordinates": [ [ 12.311554, 55.670615 ], [ 12.474976, 55.935356 ] ] } },
{ "type": "Feature", "properties": { "from_node": 36, "to_node": 55, "length_km": 30.603743398206429, "delaunay_k": 2, "edge_set": "Delaunay2" }, "geometry": { "type": "LineString", "coordinates": [ [ 12.311554, 55.670615 ], [ 12.385712, 55.942279 ] ] } },
{ "type": "Feature", "properties": { "from_node": 37, "to_node": 38, "length_km": 15.769160029876968, "delaunay_k": 2, "edge_set": "Delaunay2" }, "geometry": { "type": "LineString", "coordinates": [ [ 12.490645134825497, 55.671527244775099 ], [ 12.242889, 55.693068 ] ] } },
{ "type": "Feature", "properties": { "from_node": 37, "to_node": 40, "length_km": 8.9760667927728797, "delaunay_k": 2, "edge_set": "Delaunay2" }, "geometry": { "type": "LineString", "coordinates": [ [ 12.490645134825497, 55.671527244775099 ], [ 12.580719, 55.73407 ] ] } },
{ "type": "Feature", "properties": { "from_node": 37, "to_node": 45, "length_km": 18.824950960192393, "delaunay_k": 2, "edge_set": "Delaunay2" }, "geometry": { "type": "LineString", "coordinates": [ [ 12.490645134825497, 55.671527244775099 ], [ 12.240143, 55.764213 ] ] } },
{ "type": "Feature", "properties": { "from_node": 37, "to_node": 46, "length_km": 32.775356257387941, "delaunay_k": 2, "edge_set": "Delaunay2" }, "geometry": { "type": "LineString", "coordinates": [ [ 12.490645134825497, 55.671527244775099 ], [ 12.970734, 55.786613 ] ] } },
{ "type": "Feature", "properties": { "from_node": 37, "to_node": 47, "length_km": 14.597420679850503, "delaunay_k": 2, "edge_set": "Delaunay2" }, "geometry": { "type": "LineString", "coordinates": [ [ 12.490645134825497, 55.671527244775099 ], [ 12.56424, 55.795877 ] ] } },
{ "type": "Feature", "properties": { "from_node": 37, "to_node": 49, "length_km": 23.229740123169449, "delaunay_k": 2, "edge_set": "Delaunay2" }, "geometry": { "type": "LineString", "coordinates": [ [ 12.490645134825497, 55.671527244775099 ], [ 12.23465, 55.822116 ] ] } },
{ "type": "Feature", "properties": { "from_node": 37, "to_node": 54, "length_km": 29.392799584394908, "delaunay_k": 2, "edge_set": "Delaunay2" }, "geometry": { "type": "LineString", "coordinates": [ [ 12.490645134825497, 55.671527244775099 ], [ 12.474976, 55.935356 ] ] } },
{ "type": "Feature", "properties": { "from_node": 37, "to_node": 55, "length_km": 30.85683605524682, "delaunay_k": 2, "edge_set": "Delaunay2" }, "geometry": { "type": "LineString", "coordinates": [ [ 12.490645134825497, 55.671527244775099 ], [ 12.385712, 55.942279 ] ] } },
{ "type": "Feature", "properties": { "from_node": 38, "to_node": 41, "length_km": 18.463884993337405, "delaunay_k": 2, "edge_set": "Delaunay2" }, "geometry": { "type": "LineString", "coordinates": [ [ 12.242889, 55.693068 ], [ 12.527161, 55.734843 ] ] } },
{ "type": "Feature", "properties": { "from_node": 38, "to_node": 47, "length_km": 23.203564386728925, "delaunay_k": 2, "edge_set": "Delaunay2" }, "geometry": { "type": "LineString", "coordinates": [ [ 12.242889, 55.693068 ], [ 12.56424, 55.795877 ] ] } },
{ "type": "Feature", "properties": { "from_node": 38, "to_node": 48, "length_km": 26.308719789020657, "delaunay_k": 2, "edge_set": "Delaunay2" }, "geometry": { "type": "LineString", "coordinates": [ [ 12.242889, 55.693068 ], [ 11.885834, 55.816715 ] ] } },
{ "type": "Feature", "properties": { "from_node": 38, "to_node": 49, "length_km": 14.377869375558959, "delaunay_k": 2, "edge_set": "Delaunay2" }, "geometry": { "type": "LineString", "coordinates": [ [ 12.242889, 55.693068 ], [ 12.23465, 55.822116 ] ] } },
{ "type": "Feature", "properties": { "from_node": 38, "to_node": 54, "length_km": 30.651477288116304, "delaunay_k": 2, "edge_set": "Delaunay2" }, "geometry": { "type": "LineString", "coordinates": [ [ 12.242889, 55.693068 ], [ 12.474976, 55.935356 ] ] } },
{ "type": "Feature", "properties": { "from_node": 38, "to_node": 55, "length_km": 29.157042991537718, "delaunay_k": 2, "edge_set": "Delaunay2" }, "geometry": { "type": "LineString", "coordinates": [ [ 12.242889, 55.693068 ], [ 12.385712, 55.942279 ] ] } },
{ "type": "Feature", "properties": { "from_node": 39, "to_node": 43, "length_km": 37.994500053229579, "delaunay_k": 2, "edge_set": "Delaunay2" }, "geometry": { "type": "LineString", "coordinates": [ [ 11.550751, 55.724017 ], [ 12.154999, 55.737935 ] ] } },
{ "type": "Feature", "properties": { "from_node": 39, "to_node": 49, "length_km": 44.288835032410802, "delaunay_k": 2, "edge_set": "Delaunay2" }, "geometry": { "type": "LineString", "coordinates": [ [ 11.550751, 55.724017 ], [ 12.23465, 55.822116 ] ] } },
{ "type": "Feature", "properties": { "from_node": 39, "to_node": 56, "length_km": 42.061852351267085, "delaunay_k": 2, "edge_set": "Delaunay2" }, "geometry": { "type": "LineString", "coordinates": [ [ 11.550751, 55.724017 ], [ 12.061615, 55.969187 ] ] } },
{ "type": "Feature", "properties": { "from_node": 40, "to_node": 42, "length_km": 35.461931853459397, "delaunay_k": 2, "edge_set": "Delaunay2" }, "geometry": { "type": "LineString", "coordinates": [ [ 12.580719, 55.73407 ], [ 13.145142, 55.737162 ] ] } },
{ "type": "Feature", "properties": { "from_node": 40, "to_node": 44, "length_km": 12.360987083150457, "delaunay_k": 2, "edge_set": "Delaunay2" }, "geometry": { "type": "LineString", "coordinates": [ [ 12.580719, 55.73407 ], [ 12.389832, 55.761123 ] ] } },
{ "type": "Feature", "properties": { "from_node": 40, "to_node": 53, "length_km": 22.561512987288669, "delaunay_k": 2, "edge_set": "Delaunay2" }, "geometry": { "type": "LineString", "coordinates": [ [ 12.580719, 55.73407 ], [ 12.520294, 55.933818 ] ] } },
{ "type": "Feature", "properties": { "from_node": 40, "to_node": 54, "length_km": 23.371681951649371, "delaunay_k": 2, "edge_set": "Delaunay2" }, "geometry": { "type": "LineString", "coordinates": [ [ 12.580719, 55.73407 ], [ 12.474976, 55.935356 ] ] } },
{ "type": "Feature", "properties": { "from_node": 40, "to_node": 58, "length_km": 43.48425541023628, "delaunay_k": 2, "edge_set": "Delaunay2" }, "geometry": { "type": "LineString", "coordinates": [ [ 12.580719, 55.73407 ], [ 12.933655, 56.070502 ] ] } },
{ "type": "Feature", "properties": { "from_node": 41, "to_node": 45, "length_km": 18.318855318681784, "delaunay_k": 2, "edge_set": "Delaunay2" }, "geometry": { "type": "LineString", "coordinates": [ [ 12.527161, 55.734843 ], [ 12.240143, 55.764213 ] ] } },
{ "type": "Feature", "properties": { "from_node": 41, "to_node": 46, "length_km": 28.439773591577328, "delaunay_k": 2, "edge_set": "Delaunay2" }, "geometry": { "type": "LineString", "coordinates": [ [ 12.527161, 55.734843 ], [ 12.970734, 55.786613 ] ] } },
{ "type": "Feature", "properties": { "from_node": 41, "to_node": 49, "length_km": 20.769402870967848, "delaunay_k": 2, "edge_set": "Delaunay2" }, "geometry": { "type": "LineString", "coordinates": [ [ 12.527161, 55.734843 ], [ 12.23465, 55.822116 ] ] } },
{ "type": "Feature", "properties": { "from_node": 41, "to_node": 53, "length_km": 22.159532486650903, "delaunay_k": 2, "edge_set": "Delaunay2" }, "geometry": { "type": "LineString", "coordinates": [ [ 12.527161, 55.734843 ], [ 12.520294, 55.933818 ] ] } },
{ "type": "Feature", "properties": { "from_node": 41, "to_node": 54, "length_km": 22.564753192014468, "delaunay_k": 2, "edge_set": "Delaunay2" }, "geometry": { "type": "LineString", "coordinates": [ [ 12.527161, 55.734843 ], [ 12.474976, 55.935356 ] ] } },
{ "type": "Feature", "properties": { "from_node": 41, "to_node": 55, "length_km": 24.739310619125099, "delaunay_k": 2, "edge_set": "Delaunay2" }, "geometry": { "type": "LineString", "coordinates": [ [ 12.527161, 55.734843 ], [ 12.385712, 55.942279 ] ] } },
{ "type": "Feature", "properties": { "from_node": 42, "to_node": 47, "length_km": 37.048112898946343, "delaunay_k": 2, "edge_set": "Delaunay2" }, "geometry": { "type": "LineString", "coordinates": [ [ 13.145142, 55.737162 ], [ 12.56424, 55.795877 ] ] } },
{ "type": "Feature", "properties": { "from_node": 42, "to_node": 53, "length_km": 44.863201397744291, "delaunay_k": 2, "edge_set": "Delaunay2" }, "geometry": { "type": "LineString", "coordinates": [ [ 13.145142, 55.737162 ], [ 12.520294, 55.933818 ] ] } },
{ "type": "Feature", "properties": { "from_node": 42, "to_node": 57, "length_km": 49.49122809680798, "delaunay_k": 2, "edge_set": "Delaunay2" }, "geometry": { "type": "LineString", "coordinates": [ [ 13.145142, 55.737162 ], [ 12.571106, 56.042897 ] ] } },
{ "type": "Feature", "properties": { "from_node": 42, "to_node": 59, "length_km": 48.070576988271029, "delaunay_k": 2, "edge_set": "Delaunay2" }, "geometry": { "type": "LineString", "coordinates": [ [ 13.145142, 55.737162 ], [ 12.984467, 56.159318 ] ] } },
{ "type": "Feature", "properties": { "from_node": 42, "to_node": 60, "length_km": 116.83693374850485, "delaunay_k": 2, "edge_set": "Delaunay2" }, "geometry": { "type": "LineString", "coordinates": [ [ 13.145142, 55.737162 ], [ 14.845276, 56.173846 ] ] } },
{ "type": "Feature", "properties": { "from_node": 42, "to_node": 61, "length_km": 118.05441658881423, "delaunay_k": 2, "edge_set": "Delaunay2" }, "geometry": { "type": "LineString", "coordinates": [ [ 13.145142, 55.737162 ], [ 14.790344, 56.260134 ] ] } },
{ "type": "Feature", "properties": { "from_node": 42, "to_node": 62, "length_km": 119.59058733219408, "delaunay_k": 2, "edge_set": "Delaunay2" }, "geometry": { "type": "LineString", "coordinates": [ [ 13.145142, 55.737162 ], [ 14.749146, 56.325675 ] ] } },
{ "type": "Feature", "properties": { "from_node": 43, "to_node": 44, "length_km": 14.971545266813507, "delaunay_k": 2, "edge_set": "Delaunay2" }, "geometry": { "type": "LineString", "coordinates": [ [ 12.154999, 55.737935 ], [ 12.389832, 55.761123 ] ] } },
{ "type": "Feature", "properties": { "from_node": 43, "to_node": 51, "length_km": 35.262342515971525, "delaunay_k": 2, "edge_set": "Delaunay2" }, "geometry": { "type": "LineString", "coordinates": [ [ 12.154999, 55.737935 ], [ 11.641388, 55.866835 ] ] } },
{ "type": "Feature", "properties": { "from_node": 43, "to_node": 52, "length_km": 20.087727189617713, "delaunay_k": 2, "edge_set": "Delaunay2" }, "geometry": { "type": "LineString", "coordinates": [ [ 12.154999, 55.737935 ], [ 12.22641, 55.913812 ] ] } },
{ "type": "Feature", "properties": { "from_node": 43, "to_node": 55, "length_km": 26.955963309298838, "delaunay_k": 2, "edge_set": "Delaunay2" }, "geometry": { "type": "LineString", "coordinates": [ [ 12.154999, 55.737935 ], [ 12.385712, 55.942279 ] ] } },
{ "type": "Feature", "properties": { "from_node": 43, "to_node": 56, "length_km": 26.404260502523506, "delaunay_k": 2, "edge_set": "Delaunay2" }, "geometry": { "type": "LineString", "coordinates": [ [ 12.154999, 55.737935 ], [ 12.061615, 55.969187 ] ] } },
{ "type": "Feature", "properties": { "from_node": 44, "to_node": 46, "length_km": 36.56922148309841, "delaunay_k": 2, "edge_set": "Delaunay2" }, "geometry": { "type": "LineString", "coordinates": [ [ 12.389832, 55.761123 ], [ 12.970734, 55.786613 ] ] } },
{ "type": "Feature", "properties": { "from_node": 44, "to_node": 48, "length_km": 32.218378659714261, "delaunay_k": 2, "edge_set": "Delaunay2" }, "geometry": { "type": "LineString", "coordinates": [ [ 12.389832, 55.761123 ], [ 11.885834, 55.816715 ] ] } },
{ "type": "Feature", "properties": { "from_node": 44, "to_node": 52, "length_km": 19.846638944318133, "delaunay_k": 2, "edge_set": "Delaunay2" }, "geometry": { "type": "LineString", "coordinates": [ [ 12.389832, 55.761123 ], [ 12.22641, 55.913812 ] ] } },
{ "type": "Feature", "properties": { "from_node": 44, "to_node": 53, "length_km": 20.893656011985613, "delaunay_k": 2, "edge_set": "Delaunay2" }, "geometry": { "type": "LineString", "coordinates": [ [ 12.389832, 55.761123 ], [ 12.520294, 55.933818 ] ] } },
{ "type": "Feature", "properties": { "from_node": 44, "to_node": 56, "length_km": 30.968097609763653, "delaunay_k": 2, "edge_set": "Delaunay2" }, "geometry": { "type": "LineString", "coordinates": [ [ 12.389832, 55.761123 ], [ 12.061615, 55.969187 ] ] } },
{ "type": "Feature", "properties": { "from_node": 44, "to_node": 57, "length_km": 33.361279918299594, "delaunay_k": 2, "edge_set": "Delaunay2" }, "geometry": { "type": "LineString", "coordinates": [ [ 12.389832, 55.761123 ], [ 12.571106, 56.042897 ] ] } },
{ "type": "Feature", "properties": { "from_node": 45, "to_node": 47, "length_km": 20.640630076571089, "delaunay_k": 2, "edge_set": "Delaunay2" }, "geometry": { "type": "LineString", "coordinates": [ [ 12.240143, 55.764213 ], [ 12.56424, 55.795877 ] ] } },
{ "type": "Feature", "properties": { "from_node": 45, "to_node": 48, "length_km": 22.982370486716029, "delaunay_k": 2, "edge_set": "Delaunay2" }, "geometry": { "type": "LineString", "coordinates": [ [ 12.240143, 55.764213 ], [ 11.885834, 55.816715 ] ] } },
{ "type": "Feature", "properties": { "from_node": 45, "to_node": 52, "length_km": 16.679185437748046, "delaunay_k": 2, "edge_set": "Delaunay2" }, "geometry": { "type": "LineString", "coordinates": [ [ 12.240143, 55.764213 ], [ 12.22641, 55.913812 ] ] } },
{ "type": "Feature", "properties": { "from_node": 45, "to_node": 54, "length_km": 24.072838447540228, "delaunay_k": 2, "edge_set": "Delaunay2" }, "geometry": { "type": "LineString", "coordinates": [ [ 12.240143, 55.764213 ], [ 12.474976, 55.935356 ] ] } },
{ "type": "Feature", "properties": { "from_node": 45, "to_node": 55, "length_km": 21.822638146808863, "delaunay_k": 2, "edge_set": "Delaunay2" }, "geometry": { "type": "LineString", "coordinates": [ [ 12.240143, 55.764213 ], [ 12.385712, 55.942279 ] ] } },
{ "type": "Feature", "properties": { "from_node": 45, "to_node": 56, "length_km": 25.412780018149267, "delaunay_k": 2, "edge_set": "Delaunay2" }, "geometry": { "type": "LineString", "coordinates": [ [ 12.240143, 55.764213 ], [ 12.061615, 55.969187 ] ] } },
{ "type": "Feature", "properties": { "from_node": 46, "to_node": 50, "length_km": 39.103318289668032, "delaunay_k": 2, "edge_set": "Delaunay2" }, "geometry": { "type": "LineString", "coordinates": [ [ 12.970734, 55.786613 ], [ 13.580475, 55.86067 ] ] } },
{ "type": "Feature", "properties": { "from_node": 46, "to_node": 54, "length_km": 35.187487683062876, "delaunay_k": 2, "edge_set": "Delaunay2" }, "geometry": { "type": "LineString", "coordinates": [ [ 12.970734, 55.786613 ], [ 12.474976, 55.935356 ] ] } },
{ "type": "Feature", "properties": { "from_node": 46, "to_node": 57, "length_km": 37.933816552243385, "delaunay_k": 2, "edge_set": "Delaunay2" }, "geometry": { "type": "LineString", "coordinates": [ [ 12.970734, 55.786613 ], [ 12.571106, 56.042897 ] ] } },
{ "type": "Feature", "properties": { "from_node": 46, "to_node": 59, "length_km": 41.512119392972515, "delaunay_k": 2, "edge_set": "Delaunay2" }, "geometry": { "type": "LineString", "coordinates": [ [ 12.970734, 55.786613 ], [ 12.984467, 56.159318 ] ] } },
{ "type": "Feature", "properties": { "from_node": 46, "to_node": 60, "length_km": 124.74541027764511, "delaunay_k": 2, "edge_set": "Delaunay2" }, "geometry": { "type": "LineString", "coordinates": [ [ 12.970734, 55.786613 ], [ 14.845276, 56.173846 ] ] } },
{ "type": "Feature", "properties": { "from_node": 47, "to_node": 49, "length_km": 20.872128657742561, "delaunay_k": 2, "edge_set": "Delaunay2" }, "geometry": { "type": "LineString", "coordinates": [ [ 12.56424, 55.795877 ], [ 12.23465, 55.822116 ] ] } },
{ "type": "Feature", "properties": { "from_node": 47, "to_node": 55, "length_km": 19.765364223365761, "delaunay_k": 2, "edge_set": "Delaunay2" }, "geometry": { "type": "LineString", "coordinates": [ [ 12.56424, 55.795877 ], [ 12.385712, 55.942279 ] ] } },
{ "type": "Feature", "properties": { "from_node": 47, "to_node": 57, "length_km": 27.508908651893005, "delaunay_k": 2, "edge_set": "Delaunay2" }, "geometry": { "type": "LineString", "coordinates": [ [ 12.56424, 55.795877 ], [ 12.571106, 56.042897 ] ] } },
{ "type": "Feature", "properties": { "from_node": 47, "to_node": 58, "length_km": 38.318826497839048, "delaunay_k": 2, "edge_set": "Delaunay2" }, "geometry": { "type": "LineString", "coordinates": [ [ 12.56424, 55.795877 ], [ 12.933655, 56.070502 ] ] } },
{ "type": "Feature", "properties": { "from_node": 48, "to_node": 52, "length_km": 23.908019432677008, "delaunay_k": 2, "edge_set": "Delaunay2" }, "geometry": { "type": "LineString", "coordinates": [ [ 11.885834, 55.816715 ], [ 12.22641, 55.913812 ] ] } },
{ "type": "Feature", "properties": { "from_node": 48, "to_node": 55, "length_km": 34.268530727958812, "delaunay_k": 2, "edge_set": "Delaunay2" }, "geometry": { "type": "LineString", "coordinates": [ [ 11.885834, 55.816715 ], [ 12.385712, 55.942279 ] ] } },
{ "type": "Feature", "properties": { "from_node": 48, "to_node": 57, "length_km": 49.690125448379163, "delaunay_k": 2, "edge_set": "Delaunay2" }, "geometry": { "type": "LineString", "coordinates": [ [ 11.885834, 55.816715 ], [ 12.571106, 56.042897 ] ] } },
{ "type": "Feature", "properties": { "from_node": 49, "to_node": 51, "length_km": 37.496689829127966, "delaunay_k": 2, "edge_set": "Delaunay2" }, "geometry": { "type": "LineString", "coordinates": [ [ 12.23465, 55.822116 ], [ 11.641388, 55.866835 ] ] } },
{ "type": "Feature", "properties": { "from_node": 49, "to_node": 54, "length_km": 19.627944885154712, "delaunay_k": 2, "edge_set": "Delaunay2" }, "geometry": { "type": "LineString", "coordinates": [ [ 12.23465, 55.822116 ], [ 12.474976, 55.935356 ] ] } },
{ "type": "Feature", "properties": { "from_node": 49, "to_node": 57, "length_km": 32.351455735318503, "delaunay_k": 2, "edge_set": "Delaunay2" }, "geometry": { "type": "LineString", "coordinates": [ [ 12.23465, 55.822116 ], [ 12.571106, 56.042897 ] ] } },
{ "type": "Feature", "properties": { "from_node": 50, "to_node": 53, "length_km": 66.830992054232425, "delaunay_k": 2, "edge_set": "Delaunay2" }, "geometry": { "type": "LineString", "coordinates": [ [ 13.580475, 55.86067 ], [ 12.520294, 55.933818 ] ] } },
{ "type": "Feature", "properties": { "from_node": 50, "to_node": 57, "length_km": 66.249446302928746, "delaunay_k": 2, "edge_set": "Delaunay2" }, "geometry": { "type": "LineString", "coordinates": [ [ 13.580475, 55.86067 ], [ 12.571106, 56.042897 ] ] } },
{ "type": "Feature", "properties": { "from_node": 50, "to_node": 63, "length_km": 150.09542919967288, "delaunay_k": 2, "edge_set": "Delaunay2" }, "geometry": { "type": "LineString", "coordinates": [ [ 13.580475, 55.86067 ], [ 15.542908, 56.649432 ] ] } },
{ "type": "Feature", "properties": { "from_node": 50, "to_node": 64, "length_km": 107.79644690340903, "delaunay_k": 2, "edge_set": "Delaunay2" }, "geometry": { "type": "LineString", "coordinates": [ [ 13.580475, 55.86067 ], [ 12.991333, 56.771541 ] ] } },
{ "type": "Feature", "properties": { "from_node": 50, "to_node": 65, "length_km": 117.26818575087879, "delaunay_k": 2, "edge_set": "Delaunay2" }, "geometry": { "type": "LineString", "coordinates": [ [ 13.580475, 55.86067 ], [ 14.40033, 56.809901 ] ] } },
{ "type": "Feature", "properties": { "from_node": 51, "to_node": 52, "length_km": 36.977100721854043, "delaunay_k": 2, "edge_set": "Delaunay2" }, "geometry": { "type": "LineString", "coordinates": [ [ 11.641388, 55.866835 ], [ 12.22641, 55.913812 ] ] } },
{ "type": "Feature", "properties": { "from_node": 51, "to_node": 55, "length_km": 47.307834715290298, "delaunay_k": 2, "edge_set": "Delaunay2" }, "geometry": { "type": "LineString", "coordinates": [ [ 11.641388, 55.866835 ], [ 12.385712, 55.942279 ] ] } },
{ "type": "Feature", "properties": { "from_node": 51, "to_node": 57, "length_km": 61.296333012403437, "delaunay_k": 2, "edge_set": "Delaunay2" }, "geometry": { "type": "LineString", "coordinates": [ [ 11.641388, 55.866835 ], [ 12.571106, 56.042897 ] ] } },
{ "type": "Feature", "properties": { "from_node": 52, "to_node": 54, "length_km": 15.723872919611221, "delaunay_k": 2, "edge_set": "Delaunay2" }, "geometry": { "type": "LineString", "coordinates": [ [ 12.22641, 55.913812 ], [ 12.474976, 55.935356 ] ] } },
{ "type": "Feature", "properties": { "from_node": 52, "to_node": 57, "length_km": 25.878560187728137, "delaunay_k": 2, "edge_set": "Delaunay2" }, "geometry": { "type": "LineString", "coordinates": [ [ 12.22641, 55.913812 ], [ 12.571106, 56.042897 ] ] } },
{ "type": "Feature", "properties": { "from_node": 53, "to_node": 55, "length_km": 8.4635498293517237, "delaunay_k": 2, "edge_set": "Delaunay2" }, "geometry": { "type": "LineString", "coordinates": [ [ 12.520294, 55.933818 ], [ 12.385712, 55.942279 ] ] } },
{ "type": "Feature", "properties": { "from_node": 53, "to_node": 56, "length_km": 28.924906808896171, "delaunay_k": 2, "edge_set": "Delaunay2" }, "geometry": { "type": "LineString", "coordinates": [ [ 12.520294, 55.933818 ], [ 12.061615, 55.969187 ] ] } },
{ "type": "Feature", "properties": { "from_node": 53, "to_node": 59, "length_km": 38.30699930578497, "delaunay_k": 2, "edge_set": "Delaunay2" }, "geometry": { "type": "LineString", "coordinates": [ [ 12.520294, 55.933818 ], [ 12.984467, 56.159318 ] ] } },
{ "type": "Feature", "properties": { "from_node": 53, "to_node": 64, "length_km": 97.728665933011953, "delaunay_k": 2, "edge_set": "Delaunay2" }, "geometry": { "type": "LineString", "coordinates": [ [ 12.520294, 55.933818 ], [ 12.991333, 56.771541 ] ] } },
{ "type": "Feature", "properties": { "from_node": 54, "to_node": 56, "length_km": 26.097090337848467, "delaunay_k": 2, "edge_set": "Delaunay2" }, "geometry": { "type": "LineString", "coordinates": [ [ 12.474976, 55.935356 ], [ 12.061615, 55.969187 ] ] } },
{ "type": "Feature", "properties": { "from_node": 54, "to_node": 58, "length_km": 32.334321864635484, "delaunay_k": 2, "edge_set": "Delaunay2" }, "geometry": { "type": "LineString", "coordinates": [ [ 12.474976, 55.935356 ], [ 12.933655, 56.070502 ] ] } },
{ "type": "Feature", "properties": { "from_node": 54, "to_node": 59, "length_km": 40.375685105837647, "delaunay_k": 2, "edge_set": "Delaunay2" }, "geometry": { "type": "LineString", "coordinates": [ [ 12.474976, 55.935356 ], [ 12.984467, 56.159318 ] ] } },
{ "type": "Feature", "properties": { "from_node": 54, "to_node": 64, "length_km": 98.437340825814232, "delaunay_k": 2, "edge_set": "Delaunay2" }, "geometry": { "type": "LineString", "coordinates": [ [ 12.474976, 55.935356 ], [ 12.991333, 56.771541 ] ] } },
{ "type": "Feature", "properties": { "from_node": 55, "to_node": 58, "length_km": 37.047033872852708, "delaunay_k": 2, "edge_set": "Delaunay2" }, "geometry": { "type": "LineString", "coordinates": [ [ 12.385712, 55.942279 ], [ 12.933655, 56.070502 ] ] } },
{ "type": "Feature", "properties": { "from_node": 55, "to_node": 59, "length_km": 44.455663382309716, "delaunay_k": 2, "edge_set": "Delaunay2" }, "geometry": { "type": "LineString", "coordinates": [ [ 12.385712, 55.942279 ], [ 12.984467, 56.159318 ] ] } },
{ "type": "Feature", "properties": { "from_node": 55, "to_node": 64, "length_km": 99.646260808776589, "delaunay_k": 2, "edge_set": "Delaunay2" }, "geometry": { "type": "LineString", "coordinates": [ [ 12.385712, 55.942279 ], [ 12.991333, 56.771541 ] ] } },
{ "type": "Feature", "properties": { "from_node": 56, "to_node": 58, "length_km": 55.54264342973201, "delaunay_k": 2, "edge_set": "Delaunay2" }, "geometry": { "type": "LineString", "coordinates": [ [ 12.061615, 55.969187 ], [ 12.933655, 56.070502 ] ] } },
{ "type": "Feature", "properties": { "from_node": 56, "to_node": 59, "length_km": 61.262246839850434, "delaunay_k": 2, "edge_set": "Delaunay2" }, "geometry": { "type": "LineString", "coordinates": [ [ 12.061615, 55.969187 ], [ 12.984467, 56.159318 ] ] } },
{ "type": "Feature", "properties": { "from_node": 57, "to_node": 62, "length_km": 138.89638033453528, "delaunay_k": 2, "edge_set": "Delaunay2" }, "geometry": { "type": "LineString", "coordinates": [ [ 12.571106, 56.042897 ], [ 14.749146, 56.325675 ] ] } },
{ "type": "Feature", "properties": { "from_node": 57, "to_node": 65, "length_km": 141.56687121875143, "delaunay_k": 2, "edge_set": "Delaunay2" }, "geometry": { "type": "LineString", "coordinates": [ [ 12.571106, 56.042897 ], [ 14.40033, 56.809901 ] ] } },
{ "type": "Feature", "properties": { "from_node": 57, "to_node": 66, "length_km": 104.19998487664232, "delaunay_k": 2, "edge_set": "Delaunay2" }, "geometry": { "type": "LineString", "coordinates": [ [ 12.571106, 56.042897 ], [ 13.066864, 56.937483 ] ] } },
{ "type": "Feature", "properties": { "from_node": 58, "to_node": 60, "length_km": 119.48658524846525, "delaunay_k": 2, "edge_set": "Delaunay2" }, "geometry": { "type": "LineString", "coordinates": [ [ 12.933655, 56.070502 ], [ 14.845276, 56.173846 ] ] } },
{ "type": "Feature", "properties": { "from_node": 58, "to_node": 61, "length_km": 117.30017623646486, "delaunay_k": 2, "edge_set": "Delaunay2" }, "geometry": { "type": "LineString", "coordinates": [ [ 12.933655, 56.070502 ], [ 14.790344, 56.260134 ] ] } },
{ "type": "Feature", "properties": { "from_node": 58, "to_node": 62, "length_km": 116.25345430299875, "delaunay_k": 2, "edge_set": "Delaunay2" }, "geometry": { "type": "LineString", "coordinates": [ [ 12.933655, 56.070502 ], [ 14.749146, 56.325675 ] ] } },
{ "type": "Feature", "properties": { "from_node": 58, "to_node": 64, "length_km": 78.151885827172251, "delaunay_k": 2, "edge_set": "Delaunay2" }, "geometry": { "type": "LineString", "coordinates": [ [ 12.933655, 56.070502 ], [ 12.991333, 56.771541 ] ] } },
{ "type": "Feature", "properties": { "from_node": 58, "to_node": 65, "length_km": 122.3510437259779, "delaunay_k": 2, "edge_set": "Delaunay2" }, "geometry": { "type": "LineString", "coordinates": [ [ 12.933655, 56.070502 ], [ 14.40033, 56.809901 ] ] } },
{ "type": "Feature", "properties": { "from_node": 59, "to_node": 60, "length_km": 115.64842858850766, "delaunay_k": 2, "edge_set": "Delaunay2" }, "geometry": { "type": "LineString", "coordinates": [ [ 12.984467, 56.159318 ], [ 14.845276, 56.173846 ] ] } },
{ "type": "Feature", "properties": { "from_node": 59, "to_node": 61, "length_km": 112.65775255236333, "delaunay_k": 2, "edge_set": "Delaunay2" }, "geometry": { "type": "LineString", "coordinates": [ [ 12.984467, 56.159318 ], [ 14.790344, 56.260134 ] ] } },
{ "type": "Feature", "properties": { "from_node": 59, "to_node": 63, "length_km": 167.18014750228886, "delaunay_k": 2, "edge_set": "Delaunay2" }, "geometry": { "type": "LineString", "coordinates": [ [ 12.984467, 56.159318 ], [ 15.542908, 56.649432 ] ] } },
{ "type": "Feature", "properties": { "from_node": 59, "to_node": 66, "length_km": 86.810511067359712, "delaunay_k": 2, "edge_set": "Delaunay2" }, "geometry": { "type": "LineString", "coordinates": [ [ 12.984467, 56.159318 ], [ 13.066864, 56.937483 ] ] } },
{ "type": "Feature", "properties": { "from_node": 59, "to_node": 70, "length_km": 155.85051049675457, "delaunay_k": 2, "edge_set": "Delaunay2" }, "geometry": { "type": "LineString", "coordinates": [ [ 12.984467, 56.159318 ], [ 13.414307, 57.53868 ] ] } },
{ "type": "Feature", "properties": { "from_node": 59, "to_node": 73, "length_km": 188.7386256624317, "delaunay_k": 2, "edge_set": "Delaunay2" }, "geometry": { "type": "LineString", "coordinates": [ [ 12.984467, 56.159318 ], [ 14.197083, 57.718819 ] ] } },
{ "type": "Feature", "properties": { "from_node": 59, "to_node": 75, "length_km": 208.09750519124748, "delaunay_k": 2, "edge_set": "Delaunay2" }, "geometry": { "type": "LineString", "coordinates": [ [ 12.984467, 56.159318 ], [ 14.625549, 57.798676 ] ] } },
{ "type": "Feature", "properties": { "from_node": 60, "to_node": 62, "length_km": 17.93551783422242, "delaunay_k": 2, "edge_set": "Delaunay2" }, "geometry": { "type": "LineString", "coordinates": [ [ 14.845276, 56.173846 ], [ 14.749146, 56.325675 ] ] } },
{ "type": "Feature", "properties": { "from_node": 60, "to_node": 65, "length_km": 75.98236208139771, "delaunay_k": 2, "edge_set": "Delaunay2" }, "geometry": { "type": "LineString", "coordinates": [ [ 14.845276, 56.173846 ], [ 14.40033, 56.809901 ] ] } },
{ "type": "Feature", "properties": { "from_node": 60, "to_node": 69, "length_km": 179.25939582459122, "delaunay_k": 2, "edge_set": "Delaunay2" }, "geometry": { "type": "LineString", "coordinates": [ [ 14.845276, 56.173846 ], [ 16.660767, 57.43682 ] ] } },
{ "type": "Feature", "properties": { "from_node": 60, "to_node": 75, "length_km": 181.53049492464768, "delaunay_k": 2, "edge_set": "Delaunay2" }, "geometry": { "type": "LineString", "coordinates": [ [ 14.845276, 56.173846 ], [ 14.625549, 57.798676 ] ] } },
{ "type": "Feature", "properties": { "from_node": 61, "to_node": 65, "length_km": 65.78587951632403, "delaunay_k": 2, "edge_set": "Delaunay2" }, "geometry": { "type": "LineString", "coordinates": [ [ 14.790344, 56.260134 ], [ 14.40033, 56.809901 ] ] } },
{ "type": "Feature", "properties": { "from_node": 61, "to_node": 69, "length_km": 173.91213022477183, "delaunay_k": 2, "edge_set": "Delaunay2" }, "geometry": { "type": "LineString", "coordinates": [ [ 14.790344, 56.260134 ], [ 16.660767, 57.43682 ] ] } },
{ "type": "Feature", "properties": { "from_node": 61, "to_node": 75, "length_km": 171.71535975343124, "delaunay_k": 2, "edge_set": "Delaunay2" }, "geometry": { "type": "LineString", "coordinates": [ [ 14.790344, 56.260134 ], [ 14.625549, 57.798676 ] ] } },
{ "type": "Feature", "properties": { "from_node": 62, "to_node": 64, "length_km": 119.00461858570216, "delaunay_k": 2, "edge_set": "Delaunay2" }, "geometry": { "type": "LineString", "coordinates": [ [ 14.749146, 56.325675 ], [ 12.991333, 56.771541 ] ] } },
{ "type": "Feature", "properties": { "from_node": 62, "to_node": 66, "length_km": 123.7312058057361, "delaunay_k": 2, "edge_set": "Delaunay2" }, "geometry": { "type": "LineString", "coordinates": [ [ 14.749146, 56.325675 ], [ 13.066864, 56.937483 ] ] } },
{ "type": "Feature", "properties": { "from_node": 62, "to_node": 69, "length_km": 170.11720596115052, "delaunay_k": 2, "edge_set": "Delaunay2" }, "geometry": { "type": "LineString", "coordinates": [ [ 14.749146, 56.325675 ], [ 16.660767, 57.43682 ] ] } },
{ "type": "Feature", "properties": { "from_node": 62, "to_node": 70, "length_km": 157.69214231734685, "delaunay_k": 2, "edge_set": "Delaunay2" }, "geometry": { "type": "LineString", "coordinates": [ [ 14.749146, 56.325675 ], [ 13.414307, 57.53868 ] ] } },
{ "type": "Feature", "properties": { "from_node": 62, "to_node": 73, "length_km": 158.79484066689707, "delaunay_k": 2, "edge_set": "Delaunay2" }, "geometry": { "type": "LineString", "coordinates": [ [ 14.749146, 56.325675 ], [ 14.197083, 57.718819 ] ] } },
{ "type": "Feature", "properties": { "from_node": 62, "to_node": 75, "length_km": 164.29178420065509, "delaunay_k": 2, "edge_set": "Delaunay2" }, "geometry": { "type": "LineString", "coordinates": [ [ 14.749146, 56.325675 ], [ 14.625549, 57.798676 ] ] } },
{ "type": "Feature", "properties": { "from_node": 63, "to_node": 64, "length_km": 156.91630888686731, "delaunay_k": 2, "edge_set": "Delaunay2" }, "geometry": { "type": "LineString", "coordinates": [ [ 15.542908, 56.649432 ], [ 12.991333, 56.771541 ] ] } },
{ "type": "Feature", "properties": { "from_node": 63, "to_node": 66, "length_km": 154.72897182559873, "delaunay_k": 2, "edge_set": "Delaunay2" }, "geometry": { "type": "LineString", "coordinates": [ [ 15.542908, 56.649432 ], [ 13.066864, 56.937483 ] ] } },
{ "type": "Feature", "properties": { "from_node": 63, "to_node": 70, "length_km": 162.71904181232651, "delaunay_k": 2, "edge_set": "Delaunay2" }, "geometry": { "type": "LineString", "coordinates": [ [ 15.542908, 56.649432 ], [ 13.414307, 57.53868 ] ] } },
{ "type": "Feature", "properties": { "from_node": 63, "to_node": 73, "length_km": 144.32084324162071, "delaunay_k": 2, "edge_set": "Delaunay2" }, "geometry": { "type": "LineString", "coordinates": [ [ 15.542908, 56.649432 ], [ 14.197083, 57.718819 ] ] } },
{ "type": "Feature", "properties": { "from_node": 63, "to_node": 81, "length_km": 183.38870913770836, "delaunay_k": 2, "edge_set": "Delaunay2" }, "geometry": { "type": "LineString", "coordinates": [ [ 15.542908, 56.649432 ], [ 15.195465, 58.28423 ] ] } },
{ "type": "Feature", "properties": { "from_node": 63, "to_node": 84, "length_km": 208.15371794917661, "delaunay_k": 2, "edge_set": "Delaunay2" }, "geometry": { "type": "LineString", "coordinates": [ [ 15.542908, 56.649432 ], [ 16.096344, 58.492976 ] ] } },
{ "type": "Feature", "properties": { "from_node": 63, "to_node": 86, "length_km": 235.11465414323396, "delaunay_k": 2, "edge_set": "Delaunay2" }, "geometry": { "type": "LineString", "coordinates": [ [ 15.542908, 56.649432 ], [ 13.878479, 58.56109 ] ] } },
{ "type": "Feature", "properties": { "from_node": 63, "to_node": 88, "length_km": 233.40142996194689, "delaunay_k": 2, "edge_set": "Delaunay2" }, "geometry": { "type": "LineString", "coordinates": [ [ 15.542908, 56.649432 ], [ 14.111938, 58.598318 ] ] } },
{ "type": "Feature", "properties": { "from_node": 64, "to_node": 68, "length_km": 67.944103652765605, "delaunay_k": 2, "edge_set": "Delaunay2" }, "geometry": { "type": "LineString", "coordinates": [ [ 12.991333, 56.771541 ], [ 12.671356, 57.356164 ] ] } },
{ "type": "Feature", "properties": { "from_node": 64, "to_node": 70, "length_km": 89.197728271283154, "delaunay_k": 2, "edge_set": "Delaunay2" }, "geometry": { "type": "LineString", "coordinates": [ [ 12.991333, 56.771541 ], [ 13.414307, 57.53868 ] ] } },
{ "type": "Feature", "properties": { "from_node": 64, "to_node": 71, "length_km": 90.30875625113994, "delaunay_k": 2, "edge_set": "Delaunay2" }, "geometry": { "type": "LineString", "coordinates": [ [ 12.991333, 56.771541 ], [ 12.562866, 57.548261 ] ] } },
{ "type": "Feature", "properties": { "from_node": 64, "to_node": 72, "length_km": 104.27834672463696, "delaunay_k": 2, "edge_set": "Delaunay2" }, "geometry": { "type": "LineString", "coordinates": [ [ 12.991333, 56.771541 ], [ 12.087708, 57.568888 ] ] } },
{ "type": "Feature", "properties": { "from_node": 64, "to_node": 73, "length_km": 128.19710936622749, "delaunay_k": 2, "edge_set": "Delaunay2" }, "geometry": { "type": "LineString", "coordinates": [ [ 12.991333, 56.771541 ], [ 14.197083, 57.718819 ] ] } },
{ "type": "Feature", "properties": { "from_node": 64, "to_node": 75, "length_km": 151.0229917564933, "delaunay_k": 2, "edge_set": "Delaunay2" }, "geometry": { "type": "LineString", "coordinates": [ [ 12.991333, 56.771541 ], [ 14.625549, 57.798676 ] ] } },
{ "type": "Feature", "properties": { "from_node": 65, "to_node": 67, "length_km": 143.38221538390667, "delaunay_k": 2, "edge_set": "Delaunay2" }, "geometry": { "type": "LineString", "coordinates": [ [ 14.40033, 56.809901 ], [ 12.237396, 57.328745 ] ] } },
{ "type": "Feature", "properties": { "from_node": 65, "to_node": 68, "length_km": 121.23437889271807, "delaunay_k": 2, "edge_set": "Delaunay2" }, "geometry": { "type": "LineString", "coordinates": [ [ 14.40033, 56.809901 ], [ 12.671356, 57.356164 ] ] } },
{ "type": "Feature", "properties": { "from_node": 65, "to_node": 69, "length_km": 153.80492081760238, "delaunay_k": 2, "edge_set": "Delaunay2" }, "geometry": { "type": "LineString", "coordinates": [ [ 14.40033, 56.809901 ], [ 16.660767, 57.43682 ] ] } },
{ "type": "Feature", "properties": { "from_node": 65, "to_node": 71, "length_km": 138.26679136907038, "delaunay_k": 2, "edge_set": "Delaunay2" }, "geometry": { "type": "LineString", "coordinates": [ [ 14.40033, 56.809901 ], [ 12.562866, 57.548261 ] ] } },
{ "type": "Feature", "properties": { "from_node": 65, "to_node": 76, "length_km": 164.27581307096594, "delaunay_k": 2, "edge_set": "Delaunay2" }, "geometry": { "type": "LineString", "coordinates": [ [ 14.40033, 56.809901 ], [ 12.407684, 57.816235 ] ] } },
{ "type": "Feature", "properties": { "from_node": 65, "to_node": 81, "length_km": 171.04810866040583, "delaunay_k": 2, "edge_set": "Delaunay2" }, "geometry": { "type": "LineString", "coordinates": [ [ 14.40033, 56.809901 ], [ 15.195465, 58.28423 ] ] } },
{ "type": "Feature", "properties": { "from_node": 65, "to_node": 86, "length_km": 197.5713251757104, "delaunay_k": 2, "edge_set": "Delaunay2" }, "geometry": { "type": "LineString", "coordinates": [ [ 14.40033, 56.809901 ], [ 13.878479, 58.56109 ] ] } },
{ "type": "Feature", "properties": { "from_node": 65, "to_node": 88, "length_km": 199.99775322667062, "delaunay_k": 2, "edge_set": "Delaunay2" }, "geometry": { "type": "LineString", "coordinates": [ [ 14.40033, 56.809901 ], [ 14.111938, 58.598318 ] ] } },
{ "type": "Feature", "properties": { "from_node": 66, "to_node": 71, "length_km": 74.522694992169789, "delaunay_k": 2, "edge_set": "Delaunay2" }, "geometry": { "type": "LineString", "coordinates": [ [ 13.066864, 56.937483 ], [ 12.562866, 57.548261 ] ] } },
{ "type": "Feature", "properties": { "from_node": 66, "to_node": 72, "length_km": 91.860124402619221, "delaunay_k": 2, "edge_set": "Delaunay2" }, "geometry": { "type": "LineString", "coordinates": [ [ 13.066864, 56.937483 ], [ 12.087708, 57.568888 ] ] } },
{ "type": "Feature", "properties": { "from_node": 66, "to_node": 73, "length_km": 110.5067773772378, "delaunay_k": 2, "edge_set": "Delaunay2" }, "geometry": { "type": "LineString", "coordinates": [ [ 13.066864, 56.937483 ], [ 14.197083, 57.718819 ] ] } },
{ "type": "Feature", "properties": { "from_node": 66, "to_node": 75, "length_km": 134.17683372989779, "delaunay_k": 2, "edge_set": "Delaunay2" }, "geometry": { "type": "LineString", "coordinates": [ [ 13.066864, 56.937483 ], [ 14.625549, 57.798676 ] ] } },
{ "type": "Feature", "properties": { "from_node": 66, "to_node": 76, "length_km": 105.60146272309524, "delaunay_k": 2, "edge_set": "Delaunay2" }, "geometry": { "type": "LineString", "coordinates": [ [ 13.066864, 56.937483 ], [ 12.407684, 57.816235 ] ] } },
{ "type": "Feature", "properties": { "from_node": 66, "to_node": 86, "length_km": 187.20871587437867, "delaunay_k": 2, "edge_set": "Delaunay2" }, "geometry": { "type": "LineString", "coordinates": [ [ 13.066864, 56.937483 ], [ 13.878479, 58.56109 ] ] } },
{ "type": "Feature", "properties": { "from_node": 67, "to_node": 70, "length_km": 74.462653577050673, "delaunay_k": 2, "edge_set": "Delaunay2" }, "geometry": { "type": "LineString", "coordinates": [ [ 12.237396, 57.328745 ], [ 13.414307, 57.53868 ] ] } },
{ "type": "Feature", "properties": { "from_node": 67, "to_node": 74, "length_km": 47.394640908094985, "delaunay_k": 2, "edge_set": "Delaunay2" }, "geometry": { "type": "LineString", "coordinates": [ [ 12.237396, 57.328745 ], [ 11.954498, 57.726153 ] ] } },
{ "type": "Feature", "properties": { "from_node": 67, "to_node": 76, "length_km": 55.242470484076321, "delaunay_k": 2, "edge_set": "Delaunay2" }, "geometry": { "type": "LineString", "coordinates": [ [ 12.237396, 57.328745 ], [ 12.407684, 57.816235 ] ] } },
{ "type": "Feature", "properties": { "from_node": 68, "to_node": 72, "length_km": 42.289755010722857, "delaunay_k": 2, "edge_set": "Delaunay2" }, "geometry": { "type": "LineString", "coordinates": [ [ 12.671356, 57.356164 ], [ 12.087708, 57.568888 ] ] } },
{ "type": "Feature", "properties": { "from_node": 68, "to_node": 73, "length_km": 99.92685789069121, "delaunay_k": 2, "edge_set": "Delaunay2" }, "geometry": { "type": "LineString", "coordinates": [ [ 12.671356, 57.356164 ], [ 14.197083, 57.718819 ] ] } },
{ "type": "Feature", "properties": { "from_node": 68, "to_node": 76, "length_km": 53.614326752108383, "delaunay_k": 2, "edge_set": "Delaunay2" }, "geometry": { "type": "LineString", "coordinates": [ [ 12.671356, 57.356164 ], [ 12.407684, 57.816235 ] ] } },
{ "type": "Feature", "properties": { "from_node": 68, "to_node": 86, "length_km": 152.0630828471601, "delaunay_k": 2, "edge_set": "Delaunay2" }, "geometry": { "type": "LineString", "coordinates": [ [ 12.671356, 57.356164 ], [ 13.878479, 58.56109 ] ] } },
{ "type": "Feature", "properties": { "from_node": 69, "to_node": 73, "length_km": 150.81184189855119, "delaunay_k": 2, "edge_set": "Delaunay2" }, "geometry": { "type": "LineString", "coordinates": [ [ 16.660767, 57.43682 ], [ 14.197083, 57.718819 ] ] } },
{ "type": "Feature", "properties": { "from_node": 69, "to_node": 86, "length_km": 206.88031040261882, "delaunay_k": 2, "edge_set": "Delaunay2" }, "geometry": { "type": "LineString", "coordinates": [ [ 16.660767, 57.43682 ], [ 13.878479, 58.56109 ] ] } },
{ "type": "Feature", "properties": { "from_node": 69, "to_node": 88, "length_km": 198.69388453508441, "delaunay_k": 2, "edge_set": "Delaunay2" }, "geometry": { "type": "LineString", "coordinates": [ [ 16.660767, 57.43682 ], [ 14.111938, 58.598318 ] ] } },
{ "type": "Feature", "properties": { "from_node": 69, "to_node": 90, "length_km": 146.116073869677, "delaunay_k": 2, "edge_set": "Delaunay2" }, "geometry": { "type": "LineString", "coordinates": [ [ 16.660767, 57.43682 ], [ 16.035919, 58.70477 ] ] } },
{ "type": "Feature", "properties": { "from_node": 69, "to_node": 98, "length_km": 172.61494825280275, "delaunay_k": 2, "edge_set": "Delaunay2" }, "geometry": { "type": "LineString", "coordinates": [ [ 16.660767, 57.43682 ], [ 16.660767, 58.984699 ] ] } },
{ "type": "Feature", "properties": { "from_node": 69, "to_node": 101, "length_km": 201.32080628555161, "delaunay_k": 2, "edge_set": "Delaunay2" }, "geometry": { "type": "LineString", "coordinates": [ [ 16.660767, 57.43682 ], [ 15.125427, 59.05115 ] ] } },
{ "type": "Feature", "properties": { "from_node": 70, "to_node": 72, "length_km": 79.497255663216706, "delaunay_k": 2, "edge_set": "Delaunay2" }, "geometry": { "type": "LineString", "coordinates": [ [ 13.414307, 57.53868 ], [ 12.087708, 57.568888 ] ] } },
{ "type": "Feature", "properties": { "from_node": 70, "to_node": 74, "length_km": 89.676880787089104, "delaunay_k": 2, "edge_set": "Delaunay2" }, "geometry": { "type": "LineString", "coordinates": [ [ 13.414307, 57.53868 ], [ 11.954498, 57.726153 ] ] } },
{ "type": "Feature", "properties": { "from_node": 70, "to_node": 75, "length_km": 77.893078707504557, "delaunay_k": 2, "edge_set": "Delaunay2" }, "geometry": { "type": "LineString", "coordinates": [ [ 13.414307, 57.53868 ], [ 14.625549, 57.798676 ] ] } },
{ "type": "Feature", "properties": { "from_node": 70, "to_node": 77, "length_km": 84.279128413021269, "delaunay_k": 2, "edge_set": "Delaunay2" }, "geometry": { "type": "LineString", "coordinates": [ [ 13.414307, 57.53868 ], [ 12.244263, 57.964417 ] ] } },
{ "type": "Feature", "properties": { "from_node": 70, "to_node": 82, "length_km": 107.90283553765495, "delaunay_k": 2, "edge_set": "Delaunay2" }, "geometry": { "type": "LineString", "coordinates": [ [ 13.414307, 57.53868 ], [ 12.299194, 58.304438 ] ] } },
{ "type": "Feature", "properties": { "from_node": 70, "to_node": 88, "length_km": 125.02853029725354, "delaunay_k": 2, "edge_set": "Delaunay2" }, "geometry": { "type": "LineString", "coordinates": [ [ 13.414307, 57.53868 ], [ 14.111938, 58.598318 ] ] } },
{ "type": "Feature", "properties": { "from_node": 70, "to_node": 119, "length_km": 201.99784511261586, "delaunay_k": 2, "edge_set": "Delaunay2" }, "geometry": { "type": "LineString", "coordinates": [ [ 13.414307, 57.53868 ], [ 12.9776, 59.337392 ] ] } },
{ "type": "Feature", "properties": { "from_node": 71, "to_node": 73, "length_km": 99.469669506605825, "delaunay_k": 2, "edge_set": "Delaunay2" }, "geometry": { "type": "LineString", "coordinates": [ [ 12.562866, 57.548261 ], [ 14.197083, 57.718819 ] ] } },
{ "type": "Feature", "properties": { "from_node": 71, "to_node": 74, "length_km": 41.389445616901455, "delaunay_k": 2, "edge_set": "Delaunay2" }, "geometry": { "type": "LineString", "coordinates": [ [ 12.562866, 57.548261 ], [ 11.954498, 57.726153 ] ] } },
{ "type": "Feature", "properties": { "from_node": 71, "to_node": 77, "length_km": 50.082485140666662, "delaunay_k": 2, "edge_set": "Delaunay2" }, "geometry": { "type": "LineString", "coordinates": [ [ 12.562866, 57.548261 ], [ 12.244263, 57.964417 ] ] } },
{ "type": "Feature", "properties": { "from_node": 71, "to_node": 82, "length_km": 85.662176415137424, "delaunay_k": 2, "edge_set": "Delaunay2" }, "geometry": { "type": "LineString", "coordinates": [ [ 12.562866, 57.548261 ], [ 12.299194, 58.304438 ] ] } },
{ "type": "Feature", "properties": { "from_node": 71, "to_node": 86, "length_km": 136.98170406300429, "delaunay_k": 2, "edge_set": "Delaunay2" }, "geometry": { "type": "LineString", "coordinates": [ [ 12.562866, 57.548261 ], [ 13.878479, 58.56109 ] ] } },
{ "type": "Feature", "properties": { "from_node": 72, "to_node": 77, "length_km": 45.027791800216526, "delaunay_k": 2, "edge_set": "Delaunay2" }, "geometry": { "type": "LineString", "coordinates": [ [ 12.087708, 57.568888 ], [ 12.244263, 57.964417 ] ] } },
{ "type": "Feature", "properties": { "from_node": 72, "to_node": 82, "length_km": 82.878553513920593, "delaunay_k": 2, "edge_set": "Delaunay2" }, "geometry": { "type": "LineString", "coordinates": [ [ 12.087708, 57.568888 ], [ 12.299194, 58.304438 ] ] } },
{ "type": "Feature", "properties": { "from_node": 72, "to_node": 86, "length_km": 152.93313171332954, "delaunay_k": 2, "edge_set": "Delaunay2" }, "geometry": { "type": "LineString", "coordinates": [ [ 12.087708, 57.568888 ], [ 13.878479, 58.56109 ] ] } },
{ "type": "Feature", "properties": { "from_node": 72, "to_node": 91, "length_km": 139.23496830472303, "delaunay_k": 2, "edge_set": "Delaunay2" }, "geometry": { "type": "LineString", "coordinates": [ [ 12.087708, 57.568888 ], [ 11.629028, 58.795248 ] ] } },
{ "type": "Feature", "properties": { "from_node": 73, "to_node": 76, "length_km": 107.06562884465831, "delaunay_k": 2, "edge_set": "Delaunay2" }, "geometry": { "type": "LineString", "coordinates": [ [ 14.197083, 57.718819 ], [ 12.407684, 57.816235 ] ] } },
{ "type": "Feature", "properties": { "from_node": 73, "to_node": 81, "length_km": 86.359620494700707, "delaunay_k": 2, "edge_set": "Delaunay2" }, "geometry": { "type": "LineString", "coordinates": [ [ 14.197083, 57.718819 ], [ 15.195465, 58.28423 ] ] } },
{ "type": "Feature", "properties": { "from_node": 73, "to_node": 82, "length_km": 129.79028545163541, "delaunay_k": 2, "edge_set": "Delaunay2" }, "geometry": { "type": "LineString", "coordinates": [ [ 14.197083, 57.718819 ], [ 12.299194, 58.304438 ] ] } },
{ "type": "Feature", "properties": { "from_node": 73, "to_node": 88, "length_km": 98.121513497946651, "delaunay_k": 2, "edge_set": "Delaunay2" }, "geometry": { "type": "LineString", "coordinates": [ [ 14.197083, 57.718819 ], [ 14.111938, 58.598318 ] ] } },
{ "type": "Feature", "properties": { "from_node": 73, "to_node": 119, "length_km": 193.81827113883384, "delaunay_k": 2, "edge_set": "Delaunay2" }, "geometry": { "type": "LineString", "coordinates": [ [ 14.197083, 57.718819 ], [ 12.9776, 59.337392 ] ] } },
{ "type": "Feature", "properties": { "from_node": 74, "to_node": 86, "length_km": 146.59792783685111, "delaunay_k": 2, "edge_set": "Delaunay2" }, "geometry": { "type": "LineString", "coordinates": [ [ 11.954498, 57.726153 ], [ 13.878479, 58.56109 ] ] } },
{ "type": "Feature", "properties": { "from_node": 74, "to_node": 107, "length_km": 161.51826790670805, "delaunay_k": 2, "edge_set": "Delaunay2" }, "geometry": { "type": "LineString", "coordinates": [ [ 11.954498, 57.726153 ], [ 11.409302, 59.147769 ] ] } },
{ "type": "Feature", "properties": { "from_node": 74, "to_node": 119, "length_km": 189.11459608842418, "delaunay_k": 2, "edge_set": "Delaunay2" }, "geometry": { "type": "LineString", "coordinates": [ [ 11.954498, 57.726153 ], [ 12.9776, 59.337392 ] ] } },
{ "type": "Feature", "properties": { "from_node": 75, "to_node": 76, "length_km": 131.89157256674559, "delaunay_k": 2, "edge_set": "Delaunay2" }, "geometry": { "type": "LineString", "coordinates": [ [ 14.625549, 57.798676 ], [ 12.407684, 57.816235 ] ] } },
{ "type": "Feature", "properties": { "from_node": 75, "to_node": 82, "length_km": 148.4913890943736, "delaunay_k": 2, "edge_set": "Delaunay2" }, "geometry": { "type": "LineString", "coordinates": [ [ 14.625549, 57.798676 ], [ 12.299194, 58.304438 ] ] } },
{ "type": "Feature", "properties": { "from_node": 75, "to_node": 84, "length_km": 116.19334582855073, "delaunay_k": 2, "edge_set": "Delaunay2" }, "geometry": { "type": "LineString", "coordinates": [ [ 14.625549, 57.798676 ], [ 16.096344, 58.492976 ] ] } },
{ "type": "Feature", "properties": { "from_node": 75, "to_node": 90, "length_km": 130.63496733147124, "delaunay_k": 2, "edge_set": "Delaunay2" }, "geometry": { "type": "LineString", "coordinates": [ [ 14.625549, 57.798676 ], [ 16.035919, 58.70477 ] ] } },
{ "type": "Feature", "properties": { "from_node": 75, "to_node": 101, "length_km": 142.60734443470517, "delaunay_k": 2, "edge_set": "Delaunay2" }, "geometry": { "type": "LineString", "coordinates": [ [ 14.625549, 57.798676 ], [ 15.125427, 59.05115 ] ] } },
{ "type": "Feature", "properties": { "from_node": 75, "to_node": 119, "length_km": 196.44004838907782, "delaunay_k": 2, "edge_set": "Delaunay2" }, "geometry": { "type": "LineString", "coordinates": [ [ 14.625549, 57.798676 ], [ 12.9776, 59.337392 ] ] } },
{ "type": "Feature", "properties": { "from_node": 76, "to_node": 88, "length_km": 132.78273919777163, "delaunay_k": 2, "edge_set": "Delaunay2" }, "geometry": { "type": "LineString", "coordinates": [ [ 12.407684, 57.816235 ], [ 14.111938, 58.598318 ] ] } },
{ "type": "Feature", "properties": { "from_node": 76, "to_node": 91, "length_km": 118.2171000550734, "delaunay_k": 2, "edge_set": "Delaunay2" }, "geometry": { "type": "LineString", "coordinates": [ [ 12.407684, 57.816235 ], [ 11.629028, 58.795248 ] ] } },
{ "type": "Feature", "properties": { "from_node": 76, "to_node": 119, "length_km": 172.66510972745763, "delaunay_k": 2, "edge_set": "Delaunay2" }, "geometry": { "type": "LineString", "coordinates": [ [ 12.407684, 57.816235 ], [ 12.9776, 59.337392 ] ] } },
{ "type": "Feature", "properties": { "from_node": 77, "to_node": 86, "length_km": 116.71114491778766, "delaunay_k": 2, "edge_set": "Delaunay2" }, "geometry": { "type": "LineString", "coordinates": [ [ 12.244263, 57.964417 ], [ 13.878479, 58.56109 ] ] } },
{ "type": "Feature", "properties": { "from_node": 77, "to_node": 91, "length_km": 99.296585087328296, "delaunay_k": 2, "edge_set": "Delaunay2" }, "geometry": { "type": "LineString", "coordinates": [ [ 12.244263, 57.964417 ], [ 11.629028, 58.795248 ] ] } },
{ "type": "Feature", "properties": { "from_node": 77, "to_node": 119, "length_km": 158.75955208952641, "delaunay_k": 2, "edge_set": "Delaunay2" }, "geometry": { "type": "LineString", "coordinates": [ [ 12.244263, 57.964417 ], [ 12.9776, 59.337392 ] ] } },
{ "type": "Feature", "properties": { "from_node": 78, "to_node": 87, "length_km": 128.92793204288537, "delaunay_k": 2, "edge_set": "Delaunay2" }, "geometry": { "type": "LineString", "coordinates": [ [ 6.764832, 58.11344 ], [ 8.782196, 58.575413 ] ] } },
{ "type": "Feature", "properties": { "from_node": 78, "to_node": 89, "length_km": 61.001703408997344, "delaunay_k": 2, "edge_set": "Delaunay2" }, "geometry": { "type": "LineString", "coordinates": [ [ 6.764832, 58.11344 ], [ 6.82251, 58.659799 ] ] } },
{ "type": "Feature", "properties": { "from_node": 78, "to_node": 92, "length_km": 98.942031013479337, "delaunay_k": 2, "edge_set": "Delaunay2" }, "geometry": { "type": "LineString", "coordinates": [ [ 6.764832, 58.11344 ], [ 5.756836, 58.82654 ] ] } },
{ "type": "Feature", "properties": { "from_node": 78, "to_node": 93, "length_km": 83.692722524470582, "delaunay_k": 2, "edge_set": "Delaunay2" }, "geometry": { "type": "LineString", "coordinates": [ [ 6.764832, 58.11344 ], [ 7.115021, 58.841464 ] ] } },
{ "type": "Feature", "properties": { "from_node": 78, "to_node": 94, "length_km": 85.280481493643165, "delaunay_k": 2, "edge_set": "Delaunay2" }, "geometry": { "type": "LineString", "coordinates": [ [ 6.764832, 58.11344 ], [ 6.756592, 58.878393 ] ] } },
{ "type": "Feature", "properties": { "from_node": 78, "to_node": 97, "length_km": 111.19558453552651, "delaunay_k": 2, "edge_set": "Delaunay2" }, "geometry": { "type": "LineString", "coordinates": [ [ 6.764832, 58.11344 ], [ 7.727509, 58.974791 ] ] } },
{ "type": "Feature", "properties": { "from_node": 79, "to_node": 83, "length_km": 91.923331218955511, "delaunay_k": 2, "edge_set": "Delaunay2" }, "geometry": { "type": "LineString", "coordinates": [ [ 8.102417, 58.2445 ], [ 6.554718, 58.373638 ] ] } },
{ "type": "Feature", "properties": { "from_node": 79, "to_node": 85, "length_km": 126.2205550803524, "delaunay_k": 2, "edge_set": "Delaunay2" }, "geometry": { "type": "LineString", "coordinates": [ [ 8.102417, 58.2445 ], [ 6.008148, 58.513066 ] ] } },
{ "type": "Feature", "properties": { "from_node": 79, "to_node": 89, "length_km": 87.939921565697162, "delaunay_k": 2, "edge_set": "Delaunay2" }, "geometry": { "type": "LineString", "coordinates": [ [ 8.102417, 58.2445 ], [ 6.82251, 58.659799 ] ] } },
{ "type": "Feature", "properties": { "from_node": 79, "to_node": 95, "length_km": 101.28924929235386, "delaunay_k": 2, "edge_set": "Delaunay2" }, "geometry": { "type": "LineString", "coordinates": [ [ 8.102417, 58.2445 ], [ 6.892548, 58.897552 ] ] } },
{ "type": "Feature", "properties": { "from_node": 79, "to_node": 99, "length_km": 101.23123390970902, "delaunay_k": 2, "edge_set": "Delaunay2" }, "geometry": { "type": "LineString", "coordinates": [ [ 8.102417, 58.2445 ], [ 7.120514, 58.994604 ] ] } },
{ "type": "Feature", "properties": { "from_node": 79, "to_node": 106, "length_km": 112.12029155807579, "delaunay_k": 2, "edge_set": "Delaunay2" }, "geometry": { "type": "LineString", "coordinates": [ [ 8.102417, 58.2445 ], [ 7.119141, 59.110423 ] ] } },
{ "type": "Feature", "properties": { "from_node": 79, "to_node": 108, "length_km": 133.83003354135136, "delaunay_k": 2, "edge_set": "Delaunay2" }, "geometry": { "type": "LineString", "coordinates": [ [ 8.102417, 58.2445 ], [ 9.61441, 59.151995 ] ] } },
{ "type": "Feature", "properties": { "from_node": 79, "to_node": 122, "length_km": 138.60073155291659, "delaunay_k": 2, "edge_set": "Delaunay2" }, "geometry": { "type": "LineString", "coordinates": [ [ 8.102417, 58.2445 ], [ 8.87146, 59.422728 ] ] } },
{ "type": "Feature", "properties": { "from_node": 79, "to_node": 123, "length_km": 135.69031273336333, "delaunay_k": 2, "edge_set": "Delaunay2" }, "geometry": { "type": "LineString", "coordinates": [ [ 8.102417, 58.2445 ], [ 7.901917, 59.457639 ] ] } },
{ "type": "Feature", "properties": { "from_node": 79, "to_node": 128, "length_km": 142.48622351310325, "delaunay_k": 2, "edge_set": "Delaunay2" }, "geometry": { "type": "LineString", "coordinates": [ [ 8.102417, 58.2445 ], [ 7.462463, 59.479266 ] ] } },
{ "type": "Feature", "properties": { "from_node": 80, "to_node": 85, "length_km": 63.633664228153911, "delaunay_k": 2, "edge_set": "Delaunay2" }, "geometry": { "type": "LineString", "coordinates": [ [ 7.001038, 58.28062 ], [ 6.008148, 58.513066 ] ] } },
{ "type": "Feature", "properties": { "from_node": 80, "to_node": 87, "length_km": 109.17393887195908, "delaunay_k": 2, "edge_set": "Delaunay2" }, "geometry": { "type": "LineString", "coordinates": [ [ 7.001038, 58.28062 ], [ 8.782196, 58.575413 ] ] } },
{ "type": "Feature", "properties": { "from_node": 80, "to_node": 94, "length_km": 68.141802521809694, "delaunay_k": 2, "edge_set": "Delaunay2" }, "geometry": { "type": "LineString", "coordinates": [ [ 7.001038, 58.28062 ], [ 6.756592, 58.878393 ] ] } },
{ "type": "Feature", "properties": { "from_node": 80, "to_node": 95, "length_km": 69.062558486278391, "delaunay_k": 2, "edge_set": "Delaunay2" }, "geometry": { "type": "LineString", "coordinates": [ [ 7.001038, 58.28062 ], [ 6.892548, 58.897552 ] ] } },
{ "type": "Feature", "properties": { "from_node": 80, "to_node": 97, "length_km": 88.14695781486968, "delaunay_k": 2, "edge_set": "Delaunay2" }, "geometry": { "type": "LineString", "coordinates": [ [ 7.001038, 58.28062 ], [ 7.727509, 58.974791 ] ] } },
{ "type": "Feature", "properties": { "from_node": 80, "to_node": 99, "length_km": 79.891869967218767, "delaunay_k": 2, "edge_set": "Delaunay2" }, "geometry": { "type": "LineString", "coordinates": [ [ 7.001038, 58.28062 ], [ 7.120514, 58.994604 ] ] } },
{ "type": "Feature", "properties": { "from_node": 81, "to_node": 86, "length_km": 82.941624556369291, "delaunay_k": 2, "edge_set": "Delaunay2" }, "geometry": { "type": "LineString", "coordinates": [ [ 15.195465, 58.28423 ], [ 13.878479, 58.56109 ] ] } },
{ "type": "Feature", "properties": { "from_node": 81, "to_node": 98, "length_km": 115.56002317872068, "delaunay_k": 2, "edge_set": "Delaunay2" }, "geometry": { "type": "LineString", "coordinates": [ [ 15.195465, 58.28423 ], [ 16.660767, 58.984699 ] ] } },
{ "type": "Feature", "properties": { "from_node": 81, "to_node": 104, "length_km": 182.80306805165387, "delaunay_k": 2, "edge_set": "Delaunay2" }, "geometry": { "type": "LineString", "coordinates": [ [ 15.195465, 58.28423 ], [ 17.932434, 59.094909 ] ] } },
{ "type": "Feature", "properties": { "from_node": 81, "to_node": 110, "length_km": 99.155516931998449, "delaunay_k": 2, "edge_set": "Delaunay2" }, "geometry": { "type": "LineString", "coordinates": [ [ 15.195465, 58.28423 ], [ 15.184479, 59.173817 ] ] } },
{ "type": "Feature", "properties": { "from_node": 81, "to_node": 119, "length_km": 173.79676329270256, "delaunay_k": 2, "edge_set": "Delaunay2" }, "geometry": { "type": "LineString", "coordinates": [ [ 15.195465, 58.28423 ], [ 12.9776, 59.337392 ] ] } },
{ "type": "Feature", "properties": { "from_node": 82, "to_node": 88, "length_km": 110.80133077756734, "delaunay_k": 2, "edge_set": "Delaunay2" }, "geometry": { "type": "LineString", "coordinates": [ [ 12.299194, 58.304438 ], [ 14.111938, 58.598318 ] ] } },
{ "type": "Feature", "properties": { "from_node": 82, "to_node": 101, "length_km": 183.87405377033915, "delaunay_k": 2, "edge_set": "Delaunay2" }, "geometry": { "type": "LineString", "coordinates": [ [ 12.299194, 58.304438 ], [ 15.125427, 59.05115 ] ] } },
{ "type": "Feature", "properties": { "from_node": 82, "to_node": 107, "length_km": 107.15497879742966, "delaunay_k": 2, "edge_set": "Delaunay2" }, "geometry": { "type": "LineString", "coordinates": [ [ 12.299194, 58.304438 ], [ 11.409302, 59.147769 ] ] } },
{ "type": "Feature", "properties": { "from_node": 82, "to_node": 110, "length_km": 193.1495722447479, "delaunay_k": 2, "edge_set": "Delaunay2" }, "geometry": { "type": "LineString", "coordinates": [ [ 12.299194, 58.304438 ], [ 15.184479, 59.173817 ] ] } },
{ "type": "Feature", "properties": { "from_node": 82, "to_node": 118, "length_km": 130.05436322827396, "delaunay_k": 2, "edge_set": "Delaunay2" }, "geometry": { "type": "LineString", "coordinates": [ [ 12.299194, 58.304438 ], [ 11.181335, 59.317776 ] ] } },
{ "type": "Feature", "properties": { "from_node": 82, "to_node": 126, "length_km": 212.93278813119181, "delaunay_k": 2, "edge_set": "Delaunay2" }, "geometry": { "type": "LineString", "coordinates": [ [ 12.299194, 58.304438 ], [ 15.231171, 59.466013 ] ] } },
{ "type": "Feature", "properties": { "from_node": 82, "to_node": 148, "length_km": 179.18204623001725, "delaunay_k": 2, "edge_set": "Delaunay2" }, "geometry": { "type": "LineString", "coordinates": [ [ 12.299194, 58.304438 ], [ 10.82428, 59.721792 ] ] } },
{ "type": "Feature", "properties": { "from_node": 82, "to_node": 166, "length_km": 202.31542853751802, "delaunay_k": 2, "edge_set": "Delaunay2" }, "geometry": { "type": "LineString", "coordinates": [ [ 12.299194, 58.304438 ], [ 10.839386, 59.958448 ] ] } },
{ "type": "Feature", "properties": { "from_node": 82, "to_node": 169, "length_km": 262.90101610348438, "delaunay_k": 2, "edge_set": "Delaunay2" }, "geometry": { "type": "LineString", "coordinates": [ [ 12.299194, 58.304438 ], [ 15.387726, 60.052503 ] ] } },
{ "type": "Feature", "properties": { "from_node": 82, "to_node": 186, "length_km": 238.54871742876031, "delaunay_k": 2, "edge_set": "Delaunay2" }, "geometry": { "type": "LineString", "coordinates": [ [ 12.299194, 58.304438 ], [ 11.288452, 60.382648 ] ] } },
{ "type": "Feature", "properties": { "from_node": 82, "to_node": 191, "length_km": 286.89089701595901, "delaunay_k": 2, "edge_set": "Delaunay2" }, "geometry": { "type": "LineString", "coordinates": [ [ 12.299194, 58.304438 ], [ 15.188599, 60.415208 ] ] } },
{ "type": "Feature", "properties": { "from_node": 83, "to_node": 92, "length_km": 68.609009518049064, "delaunay_k": 2, "edge_set": "Delaunay2" }, "geometry": { "type": "LineString", "coordinates": [ [ 6.554718, 58.373638 ], [ 5.756836, 58.82654 ] ] } },
{ "type": "Feature", "properties": { "from_node": 83, "to_node": 93, "length_km": 61.501991026788822, "delaunay_k": 2, "edge_set": "Delaunay2" }, "geometry": { "type": "LineString", "coordinates": [ [ 6.554718, 58.373638 ], [ 7.115021, 58.841464 ] ] } },
{ "type": "Feature", "properties": { "from_node": 83, "to_node": 94, "length_km": 57.485839133200869, "delaunay_k": 2, "edge_set": "Delaunay2" }, "geometry": { "type": "LineString", "coordinates": [ [ 6.554718, 58.373638 ], [ 6.756592, 58.878393 ] ] } },
{ "type": "Feature", "properties": { "from_node": 83, "to_node": 95, "length_km": 61.622143326315069, "delaunay_k": 2, "edge_set": "Delaunay2" }, "geometry": { "type": "LineString", "coordinates": [ [ 6.554718, 58.373638 ], [ 6.892548, 58.897552 ] ] } },
{ "type": "Feature", "properties": { "from_node": 84, "to_node": 88, "length_km": 116.21503895180592, "delaunay_k": 2, "edge_set": "Delaunay2" }, "geometry": { "type": "LineString", "coordinates": [ [ 16.096344, 58.492976 ], [ 14.111938, 58.598318 ] ] } },
{ "type": "Feature", "properties": { "from_node": 84, "to_node": 101, "length_km": 83.85496692357242, "delaunay_k": 2, "edge_set": "Delaunay2" }, "geometry": { "type": "LineString", "coordinates": [ [ 16.096344, 58.492976 ], [ 15.125427, 59.05115 ] ] } },
{ "type": "Feature", "properties": { "from_node": 84, "to_node": 103, "length_km": 134.70383027197943, "delaunay_k": 2, "edge_set": "Delaunay2" }, "geometry": { "type": "LineString", "coordinates": [ [ 16.096344, 58.492976 ], [ 18.124695, 59.084327 ] ] } },
{ "type": "Feature", "properties": { "from_node": 84, "to_node": 109, "length_km": 138.73430693491667, "delaunay_k": 2, "edge_set": "Delaunay2" }, "geometry": { "type": "LineString", "coordinates": [ [ 16.096344, 58.492976 ], [ 18.110962, 59.168187 ] ] } },
{ "type": "Feature", "properties": { "from_node": 84, "to_node": 110, "length_km": 92.401562558449385, "delaunay_k": 2, "edge_set": "Delaunay2" }, "geometry": { "type": "LineString", "coordinates": [ [ 16.096344, 58.492976 ], [ 15.184479, 59.173817 ] ] } },
{ "type": "Feature", "properties": { "from_node": 84, "to_node": 111, "length_km": 126.15925092583265, "delaunay_k": 2, "edge_set": "Delaunay2" }, "geometry": { "type": "LineString", "coordinates": [ [ 16.096344, 58.492976 ], [ 17.766266, 59.221637 ] ] } },
{ "type": "Feature", "properties": { "from_node": 84, "to_node": 112, "length_km": 104.01172347015708, "delaunay_k": 2, "edge_set": "Delaunay2" }, "geometry": { "type": "LineString", "coordinates": [ [ 16.096344, 58.492976 ], [ 17.218323, 59.22234 ] ] } },
{ "type": "Feature", "properties": { "from_node": 84, "to_node": 131, "length_km": 112.14202830444205, "delaunay_k": 2, "edge_set": "Delaunay2" }, "geometry": { "type": "LineString", "coordinates": [ [ 16.096344, 58.492976 ], [ 15.971375, 59.496697 ] ] } },
{ "type": "Feature", "properties": { "from_node": 84, "to_node": 132, "length_km": 114.05103155673586, "delaunay_k": 2, "edge_set": "Delaunay2" }, "geometry": { "type": "LineString", "coordinates": [ [ 16.096344, 58.492976 ], [ 16.417694, 59.502273 ] ] } },
{ "type": "Feature", "properties": { "from_node": 85, "to_node": 93, "length_km": 73.968698254301174, "delaunay_k": 2, "edge_set": "Delaunay2" }, "geometry": { "type": "LineString", "coordinates": [ [ 6.008148, 58.513066 ], [ 7.115021, 58.841464 ] ] } },
{ "type": "Feature", "properties": { "from_node": 85, "to_node": 95, "length_km": 66.865009694332684, "delaunay_k": 2, "edge_set": "Delaunay2" }, "geometry": { "type": "LineString", "coordinates": [ [ 6.008148, 58.513066 ], [ 6.892548, 58.897552 ] ] } },
{ "type": "Feature", "properties": { "from_node": 85, "to_node": 96, "length_km": 49.14537551799701, "delaunay_k": 2, "edge_set": "Delaunay2" }, "geometry": { "type": "LineString", "coordinates": [ [ 6.008148, 58.513066 ], [ 5.715637, 58.926626 ] ] } },
{ "type": "Feature", "properties": { "from_node": 85, "to_node": 100, "length_km": 59.3118704970096, "delaunay_k": 2, "edge_set": "Delaunay2" }, "geometry": { "type": "LineString", "coordinates": [ [ 6.008148, 58.513066 ], [ 5.623627, 59.00592 ] ] } },
{ "type": "Feature", "properties": { "from_node": 85, "to_node": 102, "length_km": 73.5935068693299, "delaunay_k": 2, "edge_set": "Delaunay2" }, "geometry": { "type": "LineString", "coordinates": [ [ 6.008148, 58.513066 ], [ 6.696167, 59.068096 ] ] } },
{ "type": "Feature", "properties": { "from_node": 86, "to_node": 91, "length_km": 133.08131219227786, "delaunay_k": 2, "edge_set": "Delaunay2" }, "geometry": { "type": "LineString", "coordinates": [ [ 13.878479, 58.56109 ], [ 11.629028, 58.795248 ] ] } },
{ "type": "Feature", "properties": { "from_node": 86, "to_node": 101, "length_km": 90.447367435499274, "delaunay_k": 2, "edge_set": "Delaunay2" }, "geometry": { "type": "LineString", "coordinates": [ [ 13.878479, 58.56109 ], [ 15.125427, 59.05115 ] ] } },
{ "type": "Feature", "properties": { "from_node": 86, "to_node": 107, "length_km": 156.78799184662515, "delaunay_k": 2, "edge_set": "Delaunay2" }, "geometry": { "type": "LineString", "coordinates": [ [ 13.878479, 58.56109 ], [ 11.409302, 59.147769 ] ] } },
{ "type": "Feature", "properties": { "from_node": 86, "to_node": 110, "length_km": 101.70836387626116, "delaunay_k": 2, "edge_set": "Delaunay2" }, "geometry": { "type": "LineString", "coordinates": [ [ 13.878479, 58.56109 ], [ 15.184479, 59.173817 ] ] } },
{ "type": "Feature", "properties": { "from_node": 86, "to_node": 118, "length_km": 176.69057517052124, "delaunay_k": 2, "edge_set": "Delaunay2" }, "geometry": { "type": "LineString", "coordinates": [ [ 13.878479, 58.56109 ], [ 11.181335, 59.317776 ] ] } },
{ "type": "Feature", "properties": { "from_node": 86, "to_node": 126, "length_km": 127.33412345878371, "delaunay_k": 2, "edge_set": "Delaunay2" }, "geometry": { "type": "LineString", "coordinates": [ [ 13.878479, 58.56109 ], [ 15.231171, 59.466013 ] ] } },
{ "type": "Feature", "properties": { "from_node": 86, "to_node": 148, "length_km": 217.42426377670617, "delaunay_k": 2, "edge_set": "Delaunay2" }, "geometry": { "type": "LineString", "coordinates": [ [ 13.878479, 58.56109 ], [ 10.82428, 59.721792 ] ] } },
{ "type": "Feature", "properties": { "from_node": 86, "to_node": 166, "length_km": 232.96673122322582, "delaunay_k": 2, "edge_set": "Delaunay2" }, "geometry": { "type": "LineString", "coordinates": [ [ 13.878479, 58.56109 ], [ 10.839386, 59.958448 ] ] } },
{ "type": "Feature", "properties": { "from_node": 86, "to_node": 169, "length_km": 187.14155003309745, "delaunay_k": 2, "edge_set": "Delaunay2" }, "geometry": { "type": "LineString", "coordinates": [ [ 13.878479, 58.56109 ], [ 15.387726, 60.052503 ] ] } },
{ "type": "Feature", "properties": { "from_node": 86, "to_node": 186, "length_km": 250.45519413569463, "delaunay_k": 2, "edge_set": "Delaunay2" }, "geometry": { "type": "LineString", "coordinates": [ [ 13.878479, 58.56109 ], [ 11.288452, 60.382648 ] ] } },
{ "type": "Feature", "properties": { "from_node": 86, "to_node": 191, "length_km": 219.56883429763027, "delaunay_k": 2, "edge_set": "Delaunay2" }, "geometry": { "type": "LineString", "coordinates": [ [ 13.878479, 58.56109 ], [ 15.188599, 60.415208 ] ] } },
{ "type": "Feature", "properties": { "from_node": 87, "to_node": 93, "length_km": 101.11769795732801, "delaunay_k": 2, "edge_set": "Delaunay2" }, "geometry": { "type": "LineString", "coordinates": [ [ 8.782196, 58.575413 ], [ 7.115021, 58.841464 ] ] } },
{ "type": "Feature", "properties": { "from_node": 87, "to_node": 99, "length_km": 106.89067531096704, "delaunay_k": 2, "edge_set": "Delaunay2" }, "geometry": { "type": "LineString", "coordinates": [ [ 8.782196, 58.575413 ], [ 7.120514, 58.994604 ] ] } },
{ "type": "Feature", "properties": { "from_node": 87, "to_node": 106, "length_km": 113.05941563795956, "delaunay_k": 2, "edge_set": "Delaunay2" }, "geometry": { "type": "LineString", "coordinates": [ [ 8.782196, 58.575413 ], [ 7.119141, 59.110423 ] ] } },
{ "type": "Feature", "properties": { "from_node": 87, "to_node": 114, "length_km": 91.561236859233247, "delaunay_k": 2, "edge_set": "Delaunay2" }, "geometry": { "type": "LineString", "coordinates": [ [ 8.782196, 58.575413 ], [ 9.593811, 59.282019 ] ] } },
{ "type": "Feature", "properties": { "from_node": 87, "to_node": 121, "length_km": 128.56721082428135, "delaunay_k": 2, "edge_set": "Delaunay2" }, "geometry": { "type": "LineString", "coordinates": [ [ 8.782196, 58.575413 ], [ 10.37796, 59.383584 ] ] } },
{ "type": "Feature", "properties": { "from_node": 87, "to_node": 123, "length_km": 110.56139636164386, "delaunay_k": 2, "edge_set": "Delaunay2" }, "geometry": { "type": "LineString", "coordinates": [ [ 8.782196, 58.575413 ], [ 7.901917, 59.457639 ] ] } },
{ "type": "Feature", "properties": { "from_node": 87, "to_node": 128, "length_km": 126.0710955468563, "delaunay_k": 2, "edge_set": "Delaunay2" }, "geometry": { "type": "LineString", "coordinates": [ [ 8.782196, 58.575413 ], [ 7.462463, 59.479266 ] ] } },
{ "type": "Feature", "properties": { "from_node": 87, "to_node": 135, "length_km": 106.04966202867217, "delaunay_k": 2, "edge_set": "Delaunay2" }, "geometry": { "type": "LineString", "coordinates": [ [ 8.782196, 58.575413 ], [ 8.87558, 59.525961 ] ] } },
{ "type": "Feature", "properties": { "from_node": 88, "to_node": 90, "length_km": 112.38808596984737, "delaunay_k": 2, "edge_set": "Delaunay2" }, "geometry": { "type": "LineString", "coordinates": [ [ 14.111938, 58.598318 ], [ 16.035919, 58.70477 ] ] } },
{ "type": "Feature", "properties": { "from_node": 88, "to_node": 91, "length_km": 145.6302440127088, "delaunay_k": 2, "edge_set": "Delaunay2" }, "geometry": { "type": "LineString", "coordinates": [ [ 14.111938, 58.598318 ], [ 11.629028, 58.795248 ] ] } },
{ "type": "Feature", "properties": { "from_node": 88, "to_node": 107, "length_km": 167.49458848040078, "delaunay_k": 2, "edge_set": "Delaunay2" }, "geometry": { "type": "LineString", "coordinates": [ [ 14.111938, 58.598318 ], [ 11.409302, 59.147769 ] ] } },
{ "type": "Feature", "properties": { "from_node": 88, "to_node": 110, "length_km": 89.116917351003309, "delaunay_k": 2, "edge_set": "Delaunay2" }, "geometry": { "type": "LineString", "coordinates": [ [ 14.111938, 58.598318 ], [ 15.184479, 59.173817 ] ] } },
{ "type": "Feature", "properties": { "from_node": 88, "to_node": 118, "length_km": 186.71586809431435, "delaunay_k": 2, "edge_set": "Delaunay2" }, "geometry": { "type": "LineString", "coordinates": [ [ 14.111938, 58.598318 ], [ 11.181335, 59.317776 ] ] } },
{ "type": "Feature", "properties": { "from_node": 88, "to_node": 126, "length_km": 116.12394309955756, "delaunay_k": 2, "edge_set": "Delaunay2" }, "geometry": { "type": "LineString", "coordinates": [ [ 14.111938, 58.598318 ], [ 15.231171, 59.466013 ] ] } },
{ "type": "Feature", "properties": { "from_node": 88, "to_node": 148, "length_km": 225.89850013244529, "delaunay_k": 2, "edge_set": "Delaunay2" }, "geometry": { "type": "LineString", "coordinates": [ [ 14.111938, 58.598318 ], [ 10.82428, 59.721792 ] ] } },
{ "type": "Feature", "properties": { "from_node": 88, "to_node": 166, "length_km": 240.32344953650568, "delaunay_k": 2, "edge_set": "Delaunay2" }, "geometry": { "type": "LineString", "coordinates": [ [ 14.111938, 58.598318 ], [ 10.839386, 59.958448 ] ] } },
{ "type": "Feature", "properties": { "from_node": 88, "to_node": 169, "length_km": 177.61168694765249, "delaunay_k": 2, "edge_set": "Delaunay2" }, "geometry": { "type": "LineString", "coordinates": [ [ 14.111938, 58.598318 ], [ 15.387726, 60.052503 ] ] } },
{ "type": "Feature", "properties": { "from_node": 88, "to_node": 186, "length_km": 255.13558626118228, "delaunay_k": 2, "edge_set": "Delaunay2" }, "geometry": { "type": "LineString", "coordinates": [ [ 14.111938, 58.598318 ], [ 11.288452, 60.382648 ] ] } },
{ "type": "Feature", "properties": { "from_node": 88, "to_node": 191, "length_km": 211.47832156328323, "delaunay_k": 2, "edge_set": "Delaunay2" }, "geometry": { "type": "LineString", "coordinates": [ [ 14.111938, 58.598318 ], [ 15.188599, 60.415208 ] ] } },
{ "type": "Feature", "properties": { "from_node": 89, "to_node": 92, "length_km": 64.506459281506821, "delaunay_k": 2, "edge_set": "Delaunay2" }, "geometry": { "type": "LineString", "coordinates": [ [ 6.82251, 58.659799 ], [ 5.756836, 58.82654 ] ] } },
{ "type": "Feature", "properties": { "from_node": 89, "to_node": 97, "length_km": 63.013197490444973, "delaunay_k": 2, "edge_set": "Delaunay2" }, "geometry": { "type": "LineString", "coordinates": [ [ 6.82251, 58.659799 ], [ 7.727509, 58.974791 ] ] } },
{ "type": "Feature", "properties": { "from_node": 89, "to_node": 99, "length_km": 41.10722303772674, "delaunay_k": 2, "edge_set": "Delaunay2" }, "geometry": { "type": "LineString", "coordinates": [ [ 6.82251, 58.659799 ], [ 7.120514, 58.994604 ] ] } },
{ "type": "Feature", "properties": { "from_node": 89, "to_node": 102, "length_km": 46.100967514732289, "delaunay_k": 2, "edge_set": "Delaunay2" }, "geometry": { "type": "LineString", "coordinates": [ [ 6.82251, 58.659799 ], [ 6.696167, 59.068096 ] ] } },
{ "type": "Feature", "properties": { "from_node": 89, "to_node": 105, "length_km": 50.387076624054984, "delaunay_k": 2, "edge_set": "Delaunay2" }, "geometry": { "type": "LineString", "coordinates": [ [ 6.82251, 58.659799 ], [ 6.889801, 59.110423 ] ] } },
{ "type": "Feature", "properties": { "from_node": 90, "to_node": 104, "length_km": 117.7914824035082, "delaunay_k": 2, "edge_set": "Delaunay2" }, "geometry": { "type": "LineString", "coordinates": [ [ 16.035919, 58.70477 ], [ 17.932434, 59.094909 ] ] } },
{ "type": "Feature", "properties": { "from_node": 90, "to_node": 112, "length_km": 89.275951214648643, "delaunay_k": 2, "edge_set": "Delaunay2" }, "geometry": { "type": "LineString", "coordinates": [ [ 16.035919, 58.70477 ], [ 17.218323, 59.22234 ] ] } },
{ "type": "Feature", "properties": { "from_node": 90, "to_node": 119, "length_km": 189.34262275525228, "delaunay_k": 2, "edge_set": "Delaunay2" }, "geometry": { "type": "LineString", "coordinates": [ [ 16.035919, 58.70477 ], [ 12.9776, 59.337392 ] ] } },
{ "type": "Feature", "properties": { "from_node": 90, "to_node": 126, "length_km": 96.611118663922625, "delaunay_k": 2, "edge_set": "Delaunay2" }, "geometry": { "type": "LineString", "coordinates": [ [ 16.035919, 58.70477 ], [ 15.231171, 59.466013 ] ] } },
{ "type": "Feature", "properties": { "from_node": 90, "to_node": 131, "length_km": 88.374550191047604, "delaunay_k": 2, "edge_set": "Delaunay2" }, "geometry": { "type": "LineString", "coordinates": [ [ 16.035919, 58.70477 ], [ 15.971375, 59.496697 ] ] } },
{ "type": "Feature", "properties": { "from_node": 90, "to_node": 132, "length_km": 91.582418391948949, "delaunay_k": 2, "edge_set": "Delaunay2" }, "geometry": { "type": "LineString", "coordinates": [ [ 16.035919, 58.70477 ], [ 16.417694, 59.502273 ] ] } },
{ "type": "Feature", "properties": { "from_node": 91, "to_node": 101, "length_km": 203.43174697887915, "delaunay_k": 2, "edge_set": "Delaunay2" }, "geometry": { "type": "LineString", "coordinates": [ [ 11.629028, 58.795248 ], [ 15.125427, 59.05115 ] ] } },
{ "type": "Feature", "properties": { "from_node": 91, "to_node": 110, "length_km": 208.76622931849985, "delaunay_k": 2, "edge_set": "Delaunay2" }, "geometry": { "type": "LineString", "coordinates": [ [ 11.629028, 58.795248 ], [ 15.184479, 59.173817 ] ] } },
{ "type": "Feature", "properties": { "from_node": 91, "to_node": 118, "length_km": 63.624407810902831, "delaunay_k": 2, "edge_set": "Delaunay2" }, "geometry": { "type": "LineString", "coordinates": [ [ 11.629028, 58.795248 ], [ 11.181335, 59.317776 ] ] } },
{ "type": "Feature", "properties": { "from_node": 91, "to_node": 121, "length_km": 97.152641947427924, "delaunay_k": 2, "edge_set": "Delaunay2" }, "geometry": { "type": "LineString", "coordinates": [ [ 11.629028, 58.795248 ], [ 10.37796, 59.383584 ] ] } },
{ "type": "Feature", "properties": { "from_node": 91, "to_node": 126, "length_km": 219.3833616755758, "delaunay_k": 2, "edge_set": "Delaunay2" }, "geometry": { "type": "LineString", "coordinates": [ [ 11.629028, 58.795248 ], [ 15.231171, 59.466013 ] ] } },
{ "type": "Feature", "properties": { "from_node": 91, "to_node": 148, "length_km": 112.96361123382198, "delaunay_k": 2, "edge_set": "Delaunay2" }, "geometry": { "type": "LineString", "coordinates": [ [ 11.629028, 58.795248 ], [ 10.82428, 59.721792 ] ] } },
{ "type": "Feature", "properties": { "from_node": 91, "to_node": 166, "length_km": 137.13549138945831, "delaunay_k": 2, "edge_set": "Delaunay2" }, "geometry": { "type": "LineString", "coordinates": [ [ 11.629028, 58.795248 ], [ 10.839386, 59.958448 ] ] } },
{ "type": "Feature", "properties": { "from_node": 91, "to_node": 169, "length_km": 255.236107470359, "delaunay_k": 2, "edge_set": "Delaunay2" }, "geometry": { "type": "LineString", "coordinates": [ [ 11.629028, 58.795248 ], [ 15.387726, 60.052503 ] ] } },
{ "type": "Feature", "properties": { "from_node": 91, "to_node": 186, "length_km": 177.88880761936446, "delaunay_k": 2, "edge_set": "Delaunay2" }, "geometry": { "type": "LineString", "coordinates": [ [ 11.629028, 58.795248 ], [ 11.288452, 60.382648 ] ] } },
{ "type": "Feature", "properties": { "from_node": 91, "to_node": 191, "length_km": 270.11180904084205, "delaunay_k": 2, "edge_set": "Delaunay2" }, "geometry": { "type": "LineString", "coordinates": [ [ 11.629028, 58.795248 ], [ 15.188599, 60.415208 ] ] } },
{ "type": "Feature", "properties": { "from_node": 92, "to_node": 95, "length_km": 66.078602955405202, "delaunay_k": 2, "edge_set": "Delaunay2" }, "geometry": { "type": "LineString", "coordinates": [ [ 5.756836, 58.82654 ], [ 6.892548, 58.897552 ] ] } },
{ "type": "Feature", "properties": { "from_node": 92, "to_node": 105, "length_km": 72.515913787269824, "delaunay_k": 2, "edge_set": "Delaunay2" }, "geometry": { "type": "LineString", "coordinates": [ [ 5.756836, 58.82654 ], [ 6.889801, 59.110423 ] ] } },
{ "type": "Feature", "properties": { "from_node": 92, "to_node": 115, "length_km": 75.27540904821744, "delaunay_k": 2, "edge_set": "Delaunay2" }, "geometry": { "type": "LineString", "coordinates": [ [ 5.756836, 58.82654 ], [ 6.663208, 59.314272 ] ] } },
{ "type": "Feature", "properties": { "from_node": 92, "to_node": 116, "length_km": 55.770773744918458, "delaunay_k": 2, "edge_set": "Delaunay2" }, "geometry": { "type": "LineString", "coordinates": [ [ 5.756836, 58.82654 ], [ 5.568695, 59.317075 ] ] } },
{ "type": "Feature", "properties": { "from_node": 93, "to_node": 94, "length_km": 21.106034001888446, "delaunay_k": 2, "edge_set": "Delaunay2" }, "geometry": { "type": "LineString", "coordinates": [ [ 7.115021, 58.841464 ], [ 6.756592, 58.878393 ] ] } },
{ "type": "Feature", "properties": { "from_node": 93, "to_node": 102, "length_km": 34.933125350036207, "delaunay_k": 2, "edge_set": "Delaunay2" }, "geometry": { "type": "LineString", "coordinates": [ [ 7.115021, 58.841464 ], [ 6.696167, 59.068096 ] ] } },
{ "type": "Feature", "properties": { "from_node": 93, "to_node": 105, "length_km": 32.665625530458442, "delaunay_k": 2, "edge_set": "Delaunay2" }, "geometry": { "type": "LineString", "coordinates": [ [ 7.115021, 58.841464 ], [ 6.889801, 59.110423 ] ] } },
{ "type": "Feature", "properties": { "from_node": 93, "to_node": 106, "length_km": 29.983022168052994, "delaunay_k": 2, "edge_set": "Delaunay2" }, "geometry": { "type": "LineString", "coordinates": [ [ 7.115021, 58.841464 ], [ 7.119141, 59.110423 ] ] } },
{ "type": "Feature", "properties": { "from_node": 93, "to_node": 122, "length_km": 119.65694803724971, "delaunay_k": 2, "edge_set": "Delaunay2" }, "geometry": { "type": "LineString", "coordinates": [ [ 7.115021, 58.841464 ], [ 8.87146, 59.422728 ] ] } },
{ "type": "Feature", "properties": { "from_node": 93, "to_node": 123, "length_km": 82.140169216019473, "delaunay_k": 2, "edge_set": "Delaunay2" }, "geometry": { "type": "LineString", "coordinates": [ [ 7.115021, 58.841464 ], [ 7.901917, 59.457639 ] ] } },
{ "type": "Feature", "properties": { "from_node": 93, "to_node": 128, "length_km": 73.825647608759667, "delaunay_k": 2, "edge_set": "Delaunay2" }, "geometry": { "type": "LineString", "coordinates": [ [ 7.115021, 58.841464 ], [ 7.462463, 59.479266 ] ] } },
{ "type": "Feature", "properties": { "from_node": 94, "to_node": 96, "length_km": 60.301235241857945, "delaunay_k": 2, "edge_set": "Delaunay2" }, "geometry": { "type": "LineString", "coordinates": [ [ 6.756592, 58.878393 ], [ 5.715637, 58.926626 ] ] } },
{ "type": "Feature", "properties": { "from_node": 94, "to_node": 99, "length_km": 24.65029535998983, "delaunay_k": 2, "edge_set": "Delaunay2" }, "geometry": { "type": "LineString", "coordinates": [ [ 6.756592, 58.878393 ], [ 7.120514, 58.994604 ] ] } },
{ "type": "Feature", "properties": { "from_node": 94, "to_node": 100, "length_km": 66.826347097670364, "delaunay_k": 2, "edge_set": "Delaunay2" }, "geometry": { "type": "LineString", "coordinates": [ [ 6.756592, 58.878393 ], [ 5.623627, 59.00592 ] ] } },
{ "type": "Feature", "properties": { "from_node": 94, "to_node": 105, "length_km": 26.97951061150949, "delaunay_k": 2, "edge_set": "Delaunay2" }, "geometry": { "type": "LineString", "coordinates": [ [ 6.756592, 58.878393 ], [ 6.889801, 59.110423 ] ] } },
{ "type": "Feature", "properties": { "from_node": 94, "to_node": 115, "length_km": 48.891395597323793, "delaunay_k": 2, "edge_set": "Delaunay2" }, "geometry": { "type": "LineString", "coordinates": [ [ 6.756592, 58.878393 ], [ 6.663208, 59.314272 ] ] } },
{ "type": "Feature", "properties": { "from_node": 95, "to_node": 96, "length_km": 67.961813248411161, "delaunay_k": 2, "edge_set": "Delaunay2" }, "geometry": { "type": "LineString", "coordinates": [ [ 6.892548, 58.897552 ], [ 5.715637, 58.926626 ] ] } },
{ "type": "Feature", "properties": { "from_node": 95, "to_node": 97, "length_km": 48.873963705146458, "delaunay_k": 2, "edge_set": "Delaunay2" }, "geometry": { "type": "LineString", "coordinates": [ [ 6.892548, 58.897552 ], [ 7.727509, 58.974791 ] ] } },
{ "type": "Feature", "properties": { "from_node": 95, "to_node": 100, "length_km": 74.100675197525206, "delaunay_k": 2, "edge_set": "Delaunay2" }, "geometry": { "type": "LineString", "coordinates": [ [ 6.892548, 58.897552 ], [ 5.623627, 59.00592 ] ] } },
{ "type": "Feature", "properties": { "from_node": 95, "to_node": 106, "length_km": 27.073451519216864, "delaunay_k": 2, "edge_set": "Delaunay2" }, "geometry": { "type": "LineString", "coordinates": [ [ 6.892548, 58.897552 ], [ 7.119141, 59.110423 ] ] } },
{ "type": "Feature", "properties": { "from_node": 95, "to_node": 115, "length_km": 48.285419172842929, "delaunay_k": 2, "edge_set": "Delaunay2" }, "geometry": { "type": "LineString", "coordinates": [ [ 6.892548, 58.897552 ], [ 6.663208, 59.314272 ] ] } },
{ "type": "Feature", "properties": { "from_node": 96, "to_node": 105, "length_km": 70.559158246956841, "delaunay_k": 2, "edge_set": "Delaunay2" }, "geometry": { "type": "LineString", "coordinates": [ [ 5.715637, 58.926626 ], [ 6.889801, 59.110423 ] ] } },
{ "type": "Feature", "properties": { "from_node": 96, "to_node": 113, "length_km": 42.324923785442188, "delaunay_k": 2, "edge_set": "Delaunay2" }, "geometry": { "type": "LineString", "coordinates": [ [ 5.715637, 58.926626 ], [ 5.262451, 59.225853 ] ] } },
{ "type": "Feature", "properties": { "from_node": 96, "to_node": 115, "length_km": 69.427753309979963, "delaunay_k": 2, "edge_set": "Delaunay2" }, "geometry": { "type": "LineString", "coordinates": [ [ 5.715637, 58.926626 ], [ 6.663208, 59.314272 ] ] } },
{ "type": "Feature", "properties": { "from_node": 96, "to_node": 116, "length_km": 44.358886249582497, "delaunay_k": 2, "edge_set": "Delaunay2" }, "geometry": { "type": "LineString", "coordinates": [ [ 5.715637, 58.926626 ], [ 5.568695, 59.317075 ] ] } },
{ "type": "Feature", "properties": { "from_node": 97, "to_node": 105, "length_km": 50.438207125912918, "delaunay_k": 2, "edge_set": "Delaunay2" }, "geometry": { "type": "LineString", "coordinates": [ [ 7.727509, 58.974791 ], [ 6.889801, 59.110423 ] ] } },
{ "type": "Feature", "properties": { "from_node": 97, "to_node": 108, "length_km": 110.06479657510661, "delaunay_k": 2, "edge_set": "Delaunay2" }, "geometry": { "type": "LineString", "coordinates": [ [ 7.727509, 58.974791 ], [ 9.61441, 59.151995 ] ] } },
{ "type": "Feature", "properties": { "from_node": 97, "to_node": 114, "length_km": 112.24230700100476, "delaunay_k": 2, "edge_set": "Delaunay2" }, "geometry": { "type": "LineString", "coordinates": [ [ 7.727509, 58.974791 ], [ 9.593811, 59.282019 ] ] } },
{ "type": "Feature", "properties": { "from_node": 97, "to_node": 115, "length_km": 71.746809667918953, "delaunay_k": 2, "edge_set": "Delaunay2" }, "geometry": { "type": "LineString", "coordinates": [ [ 7.727509, 58.974791 ], [ 6.663208, 59.314272 ] ] } },
{ "type": "Feature", "properties": { "from_node": 97, "to_node": 134, "length_km": 74.200088135156477, "delaunay_k": 2, "edge_set": "Delaunay2" }, "geometry": { "type": "LineString", "coordinates": [ [ 7.727509, 58.974791 ], [ 6.992798, 59.523872 ] ] } },
{ "type": "Feature", "properties": { "from_node": 97, "to_node": 135, "length_km": 89.814150987032463, "delaunay_k": 2, "edge_set": "Delaunay2" }, "geometry": { "type": "LineString", "coordinates": [ [ 7.727509, 58.974791 ], [ 8.87558, 59.525961 ] ] } },
{ "type": "Feature", "properties": { "from_node": 97, "to_node": 141, "length_km": 73.476692783786561, "delaunay_k": 2, "edge_set": "Delaunay2" }, "geometry": { "type": "LineString", "coordinates": [ [ 7.727509, 58.974791 ], [ 7.819519, 59.632352 ] ] } },
{ "type": "Feature", "properties": { "from_node": 97, "to_node": 149, "length_km": 91.342282951560279, "delaunay_k": 2, "edge_set": "Delaunay2" }, "geometry": { "type": "LineString", "coordinates": [ [ 7.727509, 58.974791 ], [ 7.086182, 59.725947 ] ] } },
{ "type": "Feature", "properties": { "from_node": 97, "to_node": 151, "length_km": 88.500542857240532, "delaunay_k": 2, "edge_set": "Delaunay2" }, "geometry": { "type": "LineString", "coordinates": [ [ 7.727509, 58.974791 ], [ 7.36908, 59.747402 ] ] } },
{ "type": "Feature", "properties": { "from_node": 98, "to_node": 101, "length_km": 88.582847305783318, "delaunay_k": 2, "edge_set": "Delaunay2" }, "geometry": { "type": "LineString", "coordinates": [ [ 16.660767, 58.984699 ], [ 15.125427, 59.05115 ] ] } },
{ "type": "Feature", "properties": { "from_node": 98, "to_node": 103, "length_km": 84.910933069698359, "delaunay_k": 2, "edge_set": "Delaunay2" }, "geometry": { "type": "LineString", "coordinates": [ [ 16.660767, 58.984699 ], [ 18.124695, 59.084327 ] ] } },
{ "type": "Feature", "properties": { "from_node": 98, "to_node": 109, "length_km": 85.766973999415242, "delaunay_k": 2, "edge_set": "Delaunay2" }, "geometry": { "type": "LineString", "coordinates": [ [ 16.660767, 58.984699 ], [ 18.110962, 59.168187 ] ] } },
{ "type": "Feature", "properties": { "from_node": 98, "to_node": 111, "length_km": 68.723082976651426, "delaunay_k": 2, "edge_set": "Delaunay2" }, "geometry": { "type": "LineString", "coordinates": [ [ 16.660767, 58.984699 ], [ 17.766266, 59.221637 ] ] } },
{ "type": "Feature", "properties": { "from_node": 98, "to_node": 119, "length_km": 214.42186689889385, "delaunay_k": 2, "edge_set": "Delaunay2" }, "geometry": { "type": "LineString", "coordinates": [ [ 16.660767, 58.984699 ], [ 12.9776, 59.337392 ] ] } },
{ "type": "Feature", "properties": { "from_node": 98, "to_node": 120, "length_km": 71.373287217581989, "delaunay_k": 2, "edge_set": "Delaunay2" }, "geometry": { "type": "LineString", "coordinates": [ [ 16.660767, 58.984699 ], [ 17.683868, 59.349996 ] ] } },
{ "type": "Feature", "properties": { "from_node": 98, "to_node": 126, "length_km": 97.745683017189648, "delaunay_k": 2, "edge_set": "Delaunay2" }, "geometry": { "type": "LineString", "coordinates": [ [ 16.660767, 58.984699 ], [ 15.231171, 59.466013 ] ] } },
{ "type": "Feature", "properties": { "from_node": 98, "to_node": 137, "length_km": 66.227632210330654, "delaunay_k": 2, "edge_set": "Delaunay2" }, "geometry": { "type": "LineString", "coordinates": [ [ 16.660767, 58.984699 ], [ 16.368256, 59.559375 ] ] } },
{ "type": "Feature", "properties": { "from_node": 98, "to_node": 142, "length_km": 72.936772484823123, "delaunay_k": 2, "edge_set": "Delaunay2" }, "geometry": { "type": "LineString", "coordinates": [ [ 16.660767, 58.984699 ], [ 16.679993, 59.6386 ] ] } },
{ "type": "Feature", "properties": { "from_node": 98, "to_node": 145, "length_km": 90.124488044523332, "delaunay_k": 2, "edge_set": "Delaunay2" }, "geometry": { "type": "LineString", "coordinates": [ [ 16.660767, 58.984699 ], [ 17.329559, 59.716945 ] ] } },
{ "type": "Feature", "properties": { "from_node": 98, "to_node": 169, "length_km": 139.20173651137898, "delaunay_k": 2, "edge_set": "Delaunay2" }, "geometry": { "type": "LineString", "coordinates": [ [ 16.660767, 58.984699 ], [ 15.387726, 60.052503 ] ] } },
{ "type": "Feature", "properties": { "from_node": 99, "to_node": 102, "length_km": 25.725962746712845, "delaunay_k": 2, "edge_set": "Delaunay2" }, "geometry": { "type": "LineString", "coordinates": [ [ 7.120514, 58.994604 ], [ 6.696167, 59.068096 ] ] } },
{ "type": "Feature", "properties": { "from_node": 99, "to_node": 115, "length_km": 44.224542362586313, "delaunay_k": 2, "edge_set": "Delaunay2" }, "geometry": { "type": "LineString", "coordinates": [ [ 7.120514, 58.994604 ], [ 6.663208, 59.314272 ] ] } },
{ "type": "Feature", "properties": { "from_node": 99, "to_node": 122, "length_km": 110.86061627641466, "delaunay_k": 2, "edge_set": "Delaunay2" }, "geometry": { "type": "LineString", "coordinates": [ [ 7.120514, 58.994604 ], [ 8.87146, 59.422728 ] ] } },
{ "type": "Feature", "properties": { "from_node": 99, "to_node": 123, "length_km": 68.239378546307748, "delaunay_k": 2, "edge_set": "Delaunay2" }, "geometry": { "type": "LineString", "coordinates": [ [ 7.120514, 58.994604 ], [ 7.901917, 59.457639 ] ] } },
{ "type": "Feature", "properties": { "from_node": 99, "to_node": 128, "length_km": 57.447860946860686, "delaunay_k": 2, "edge_set": "Delaunay2" }, "geometry": { "type": "LineString", "coordinates": [ [ 7.120514, 58.994604 ], [ 7.462463, 59.479266 ] ] } },
{ "type": "Feature", "properties": { "from_node": 99, "to_node": 134, "length_km": 59.451685387875344, "delaunay_k": 2, "edge_set": "Delaunay2" }, "geometry": { "type": "LineString", "coordinates": [ [ 7.120514, 58.994604 ], [ 6.992798, 59.523872 ] ] } },
{ "type": "Feature", "properties": { "from_node": 100, "to_node": 105, "length_km": 73.652996581717431, "delaunay_k": 2, "edge_set": "Delaunay2" }, "geometry": { "type": "LineString", "coordinates": [ [ 5.623627, 59.00592 ], [ 6.889801, 59.110423 ] ] } },
{ "type": "Feature", "properties": { "from_node": 100, "to_node": 106, "length_km": 86.680433480533566, "delaunay_k": 2, "edge_set": "Delaunay2" }, "geometry": { "type": "LineString", "coordinates": [ [ 5.623627, 59.00592 ], [ 7.119141, 59.110423 ] ] } },
{ "type": "Feature", "properties": { "from_node": 100, "to_node": 124, "length_km": 70.918435922261693, "delaunay_k": 2, "edge_set": "Delaunay2" }, "geometry": { "type": "LineString", "coordinates": [ [ 5.623627, 59.00592 ], [ 6.491547, 59.460431 ] ] } },
{ "type": "Feature", "properties": { "from_node": 100, "to_node": 125, "length_km": 77.657143440776835, "delaunay_k": 2, "edge_set": "Delaunay2" }, "geometry": { "type": "LineString", "coordinates": [ [ 5.623627, 59.00592 ], [ 6.650848, 59.461826 ] ] } },
{ "type": "Feature", "properties": { "from_node": 100, "to_node": 130, "length_km": 56.068225682812496, "delaunay_k": 2, "edge_set": "Delaunay2" }, "geometry": { "type": "LineString", "coordinates": [ [ 5.623627, 59.00592 ], [ 5.39978, 59.495303 ] ] } },
{ "type": "Feature", "properties": { "from_node": 100, "to_node": 134, "length_km": 97.187745830933437, "delaunay_k": 2, "edge_set": "Delaunay2" }, "geometry": { "type": "LineString", "coordinates": [ [ 5.623627, 59.00592 ], [ 6.992798, 59.523872 ] ] } },
{ "type": "Feature", "properties": { "from_node": 100, "to_node": 138, "length_km": 79.644364014183154, "delaunay_k": 2, "edge_set": "Delaunay2" }, "geometry": { "type": "LineString", "coordinates": [ [ 5.623627, 59.00592 ], [ 6.481934, 59.569114 ] ] } },
{ "type": "Feature", "properties": { "from_node": 101, "to_node": 107, "length_km": 213.25746669398586, "delaunay_k": 2, "edge_set": "Delaunay2" }, "geometry": { "type": "LineString", "coordinates": [ [ 15.125427, 59.05115 ], [ 11.409302, 59.147769 ] ] } },
{ "type": "Feature", "properties": { "from_node": 101, "to_node": 118, "length_km": 227.43219199149092, "delaunay_k": 2, "edge_set": "Delaunay2" }, "geometry": { "type": "LineString", "coordinates": [ [ 15.125427, 59.05115 ], [ 11.181335, 59.317776 ] ] } },
{ "type": "Feature", "properties": { "from_node": 101, "to_node": 126, "length_km": 46.635655766621923, "delaunay_k": 2, "edge_set": "Delaunay2" }, "geometry": { "type": "LineString", "coordinates": [ [ 15.125427, 59.05115 ], [ 15.231171, 59.466013 ] ] } },
{ "type": "Feature", "properties": { "from_node": 101, "to_node": 131, "length_km": 69.259411298995829, "delaunay_k": 2, "edge_set": "Delaunay2" }, "geometry": { "type": "LineString", "coordinates": [ [ 15.125427, 59.05115 ], [ 15.971375, 59.496697 ] ] } },
{ "type": "Feature", "properties": { "from_node": 101, "to_node": 148, "length_km": 255.58929931134963, "delaunay_k": 2, "edge_set": "Delaunay2" }, "geometry": { "type": "LineString", "coordinates": [ [ 15.125427, 59.05115 ], [ 10.82428, 59.721792 ] ] } },
{ "type": "Feature", "properties": { "from_node": 101, "to_node": 166, "length_km": 262.91680917092475, "delaunay_k": 2, "edge_set": "Delaunay2" }, "geometry": { "type": "LineString", "coordinates": [ [ 15.125427, 59.05115 ], [ 10.839386, 59.958448 ] ] } },
{ "type": "Feature", "properties": { "from_node": 101, "to_node": 169, "length_km": 112.6064056719063, "delaunay_k": 2, "edge_set": "Delaunay2" }, "geometry": { "type": "LineString", "coordinates": [ [ 15.125427, 59.05115 ], [ 15.387726, 60.052503 ] ] } },
{ "type": "Feature", "properties": { "from_node": 101, "to_node": 186, "length_km": 261.9620109392319, "delaunay_k": 2, "edge_set": "Delaunay2" }, "geometry": { "type": "LineString", "coordinates": [ [ 15.125427, 59.05115 ], [ 11.288452, 60.382648 ] ] } },
{ "type": "Feature", "properties": { "from_node": 101, "to_node": 191, "length_km": 152.09628976159743, "delaunay_k": 2, "edge_set": "Delaunay2" }, "geometry": { "type": "LineString", "coordinates": [ [ 15.125427, 59.05115 ], [ 15.188599, 60.415208 ] ] } },
{ "type": "Feature", "properties": { "from_node": 102, "to_node": 106, "length_km": 24.721140379466942, "delaunay_k": 2, "edge_set": "Delaunay2" }, "geometry": { "type": "LineString", "coordinates": [ [ 6.696167, 59.068096 ], [ 7.119141, 59.110423 ] ] } },
{ "type": "Feature", "properties": { "from_node": 102, "to_node": 113, "length_km": 84.007320950297341, "delaunay_k": 2, "edge_set": "Delaunay2" }, "geometry": { "type": "LineString", "coordinates": [ [ 6.696167, 59.068096 ], [ 5.262451, 59.225853 ] ] } },
{ "type": "Feature", "properties": { "from_node": 102, "to_node": 116, "length_km": 70.229646050862087, "delaunay_k": 2, "edge_set": "Delaunay2" }, "geometry": { "type": "LineString", "coordinates": [ [ 6.696167, 59.068096 ], [ 5.568695, 59.317075 ] ] } },
{ "type": "Feature", "properties": { "from_node": 102, "to_node": 124, "length_km": 45.277484272306651, "delaunay_k": 2, "edge_set": "Delaunay2" }, "geometry": { "type": "LineString", "coordinates": [ [ 6.696167, 59.068096 ], [ 6.491547, 59.460431 ] ] } },
{ "type": "Feature", "properties": { "from_node": 102, "to_node": 125, "length_km": 43.975299187361792, "delaunay_k": 2, "edge_set": "Delaunay2" }, "geometry": { "type": "LineString", "coordinates": [ [ 6.696167, 59.068096 ], [ 6.650848, 59.461826 ] ] } },
{ "type": "Feature", "properties": { "from_node": 102, "to_node": 134, "length_km": 53.555602516045873, "delaunay_k": 2, "edge_set": "Delaunay2" }, "geometry": { "type": "LineString", "coordinates": [ [ 6.696167, 59.068096 ], [ 6.992798, 59.523872 ] ] } },
{ "type": "Feature", "properties": { "from_node": 103, "to_node": 111, "length_km": 25.630466871040174, "delaunay_k": 2, "edge_set": "Delaunay2" }, "geometry": { "type": "LineString", "coordinates": [ [ 18.124695, 59.084327 ], [ 17.766266, 59.221637 ] ] } },
{ "type": "Feature", "properties": { "from_node": 103, "to_node": 112, "length_km": 54.180828257601739, "delaunay_k": 2, "edge_set": "Delaunay2" }, "geometry": { "type": "LineString", "coordinates": [ [ 18.124695, 59.084327 ], [ 17.218323, 59.22234 ] ] } },
{ "type": "Feature", "properties": { "from_node": 103, "to_node": 117, "length_km": 26.028288515568359, "delaunay_k": 2, "edge_set": "Delaunay2" }, "geometry": { "type": "LineString", "coordinates": [ [ 18.124695, 59.084327 ], [ 18.095856, 59.317075 ] ] } },
{ "type": "Feature", "properties": { "from_node": 103, "to_node": 127, "length_km": 43.459626329584118, "delaunay_k": 2, "edge_set": "Delaunay2" }, "geometry": { "type": "LineString", "coordinates": [ [ 18.124695, 59.084327 ], [ 18.135681, 59.473686 ] ] } },
{ "type": "Feature", "properties": { "from_node": 103, "to_node": 150, "length_km": 73.030377727360857, "delaunay_k": 2, "edge_set": "Delaunay2" }, "geometry": { "type": "LineString", "coordinates": [ [ 18.124695, 59.084327 ], [ 17.925568, 59.730792 ] ] } },
{ "type": "Feature", "properties": { "from_node": 103, "to_node": 158, "length_km": 88.732221116411921, "delaunay_k": 2, "edge_set": "Delaunay2" }, "geometry": { "type": "LineString", "coordinates": [ [ 18.124695, 59.084327 ], [ 18.621826, 59.837916 ] ] } },
{ "type": "Feature", "properties": { "from_node": 104, "to_node": 110, "length_km": 157.73727399837173, "delaunay_k": 2, "edge_set": "Delaunay2" }, "geometry": { "type": "LineString", "coordinates": [ [ 17.932434, 59.094909 ], [ 15.184479, 59.173817 ] ] } },
{ "type": "Feature", "properties": { "from_node": 104, "to_node": 117, "length_km": 26.499191523049817, "delaunay_k": 2, "edge_set": "Delaunay2" }, "geometry": { "type": "LineString", "coordinates": [ [ 17.932434, 59.094909 ], [ 18.095856, 59.317075 ] ] } },
{ "type": "Feature", "properties": { "from_node": 104, "to_node": 120, "length_km": 31.817950874648343, "delaunay_k": 2, "edge_set": "Delaunay2" }, "geometry": { "type": "LineString", "coordinates": [ [ 17.932434, 59.094909 ], [ 17.683868, 59.349996 ] ] } },
{ "type": "Feature", "properties": { "from_node": 104, "to_node": 129, "length_km": 50.806035931469488, "delaunay_k": 2, "edge_set": "Delaunay2" }, "geometry": { "type": "LineString", "coordinates": [ [ 17.932434, 59.094909 ], [ 18.404846, 59.480661 ] ] } },
{ "type": "Feature", "properties": { "from_node": 104, "to_node": 131, "length_km": 120.52437132205922, "delaunay_k": 2, "edge_set": "Delaunay2" }, "geometry": { "type": "LineString", "coordinates": [ [ 17.932434, 59.094909 ], [ 15.971375, 59.496697 ] ] } },
{ "type": "Feature", "properties": { "from_node": 104, "to_node": 132, "length_km": 97.640622438328265, "delaunay_k": 2, "edge_set": "Delaunay2" }, "geometry": { "type": "LineString", "coordinates": [ [ 17.932434, 59.094909 ], [ 16.417694, 59.502273 ] ] } },
{ "type": "Feature", "properties": { "from_node": 104, "to_node": 142, "length_km": 93.621815666623135, "delaunay_k": 2, "edge_set": "Delaunay2" }, "geometry": { "type": "LineString", "coordinates": [ [ 17.932434, 59.094909 ], [ 16.679993, 59.6386 ] ] } },
{ "type": "Feature", "properties": { "from_node": 104, "to_node": 145, "length_km": 77.416477237053158, "delaunay_k": 2, "edge_set": "Delaunay2" }, "geometry": { "type": "LineString", "coordinates": [ [ 17.932434, 59.094909 ], [ 17.329559, 59.716945 ] ] } },
{ "type": "Feature", "properties": { "from_node": 105, "to_node": 116, "length_km": 78.973718472313976, "delaunay_k": 2, "edge_set": "Delaunay2" }, "geometry": { "type": "LineString", "coordinates": [ [ 6.889801, 59.110423 ], [ 5.568695, 59.317075 ] ] } },
{ "type": "Feature", "properties": { "from_node": 105, "to_node": 124, "length_km": 45.155745939440131, "delaunay_k": 2, "edge_set": "Delaunay2" }, "geometry": { "type": "LineString", "coordinates": [ [ 6.889801, 59.110423 ], [ 6.491547, 59.460431 ] ] } },
{ "type": "Feature", "properties": { "from_node": 105, "to_node": 125, "length_km": 41.482039337281414, "delaunay_k": 2, "edge_set": "Delaunay2" }, "geometry": { "type": "LineString", "coordinates": [ [ 6.889801, 59.110423 ], [ 6.650848, 59.461826 ] ] } },
{ "type": "Feature", "properties": { "from_node": 105, "to_node": 128, "length_km": 52.506299308548158, "delaunay_k": 2, "edge_set": "Delaunay2" }, "geometry": { "type": "LineString", "coordinates": [ [ 6.889801, 59.110423 ], [ 7.462463, 59.479266 ] ] } },
{ "type": "Feature", "properties": { "from_node": 105, "to_node": 134, "length_km": 46.465806275318229, "delaunay_k": 2, "edge_set": "Delaunay2" }, "geometry": { "type": "LineString", "coordinates": [ [ 6.889801, 59.110423 ], [ 6.992798, 59.523872 ] ] } },
{ "type": "Feature", "properties": { "from_node": 106, "to_node": 116, "length_km": 91.591372731237612, "delaunay_k": 2, "edge_set": "Delaunay2" }, "geometry": { "type": "LineString", "coordinates": [ [ 7.119141, 59.110423 ], [ 5.568695, 59.317075 ] ] } },
{ "type": "Feature", "properties": { "from_node": 106, "to_node": 122, "length_km": 105.86244008203117, "delaunay_k": 2, "edge_set": "Delaunay2" }, "geometry": { "type": "LineString", "coordinates": [ [ 7.119141, 59.110423 ], [ 8.87146, 59.422728 ] ] } },
{ "type": "Feature", "properties": { "from_node": 106, "to_node": 123, "length_km": 59.084559736835189, "delaunay_k": 2, "edge_set": "Delaunay2" }, "geometry": { "type": "LineString", "coordinates": [ [ 7.119141, 59.110423 ], [ 7.901917, 59.457639 ] ] } },
{ "type": "Feature", "properties": { "from_node": 106, "to_node": 124, "length_km": 52.956983925579216, "delaunay_k": 2, "edge_set": "Delaunay2" }, "geometry": { "type": "LineString", "coordinates": [ [ 7.119141, 59.110423 ], [ 6.491547, 59.460431 ] ] } },
{ "type": "Feature", "properties": { "from_node": 106, "to_node": 125, "length_km": 47.417013860007209, "delaunay_k": 2, "edge_set": "Delaunay2" }, "geometry": { "type": "LineString", "coordinates": [ [ 7.119141, 59.110423 ], [ 6.650848, 59.461826 ] ] } },
{ "type": "Feature", "properties": { "from_node": 106, "to_node": 138, "length_km": 62.708149515441612, "delaunay_k": 2, "edge_set": "Delaunay2" }, "geometry": { "type": "LineString", "coordinates": [ [ 7.119141, 59.110423 ], [ 6.481934, 59.569114 ] ] } },
{ "type": "Feature", "properties": { "from_node": 106, "to_node": 141, "length_km": 70.513014073587357, "delaunay_k": 2, "edge_set": "Delaunay2" }, "geometry": { "type": "LineString", "coordinates": [ [ 7.119141, 59.110423 ], [ 7.819519, 59.632352 ] ] } },
{ "type": "Feature", "properties": { "from_node": 106, "to_node": 144, "length_km": 68.020988068220802, "delaunay_k": 2, "edge_set": "Delaunay2" }, "geometry": { "type": "LineString", "coordinates": [ [ 7.119141, 59.110423 ], [ 6.904907, 59.710712 ] ] } },
{ "type": "Feature", "properties": { "from_node": 106, "to_node": 149, "length_km": 68.644580909669457, "delaunay_k": 2, "edge_set": "Delaunay2" }, "geometry": { "type": "LineString", "coordinates": [ [ 7.119141, 59.110423 ], [ 7.086182, 59.725947 ] ] } },
{ "type": "Feature", "properties": { "from_node": 106, "to_node": 151, "length_km": 72.412647125697134, "delaunay_k": 2, "edge_set": "Delaunay2" }, "geometry": { "type": "LineString", "coordinates": [ [ 7.119141, 59.110423 ], [ 7.36908, 59.747402 ] ] } },
{ "type": "Feature", "properties": { "from_node": 107, "to_node": 110, "length_km": 216.0034517953128, "delaunay_k": 2, "edge_set": "Delaunay2" }, "geometry": { "type": "LineString", "coordinates": [ [ 11.409302, 59.147769 ], [ 15.184479, 59.173817 ] ] } },
{ "type": "Feature", "properties": { "from_node": 107, "to_node": 114, "length_km": 104.76896342890119, "delaunay_k": 2, "edge_set": "Delaunay2" }, "geometry": { "type": "LineString", "coordinates": [ [ 11.409302, 59.147769 ], [ 9.593811, 59.282019 ] ] } },
{ "type": "Feature", "properties": { "from_node": 107, "to_node": 122, "length_km": 147.86450580755411, "delaunay_k": 2, "edge_set": "Delaunay2" }, "geometry": { "type": "LineString", "coordinates": [ [ 11.409302, 59.147769 ], [ 8.87146, 59.422728 ] ] } },
{ "type": "Feature", "properties": { "from_node": 107, "to_node": 126, "length_km": 220.58800843501112, "delaunay_k": 2, "edge_set": "Delaunay2" }, "geometry": { "type": "LineString", "coordinates": [ [ 11.409302, 59.147769 ], [ 15.231171, 59.466013 ] ] } },
{ "type": "Feature", "properties": { "from_node": 107, "to_node": 133, "length_km": 54.307237105083075, "delaunay_k": 2, "edge_set": "Delaunay2" }, "geometry": { "type": "LineString", "coordinates": [ [ 11.409302, 59.147769 ], [ 10.770721, 59.509939 ] ] } },
{ "type": "Feature", "properties": { "from_node": 107, "to_node": 136, "length_km": 86.051374502722126, "delaunay_k": 2, "edge_set": "Delaunay2" }, "geometry": { "type": "LineString", "coordinates": [ [ 11.409302, 59.147769 ], [ 10.122528, 59.553808 ] ] } },
{ "type": "Feature", "properties": { "from_node": 107, "to_node": 139, "length_km": 60.003878662038034, "delaunay_k": 2, "edge_set": "Delaunay2" }, "geometry": { "type": "LineString", "coordinates": [ [ 11.409302, 59.147769 ], [ 10.780334, 59.580242 ] ] } },
{ "type": "Feature", "properties": { "from_node": 107, "to_node": 140, "length_km": 76.450827741414571, "delaunay_k": 2, "edge_set": "Delaunay2" }, "geometry": { "type": "LineString", "coordinates": [ [ 11.409302, 59.147769 ], [ 10.434265, 59.620547 ] ] } },
{ "type": "Feature", "properties": { "from_node": 107, "to_node": 148, "length_km": 72.052065636856952, "delaunay_k": 2, "edge_set": "Delaunay2" }, "geometry": { "type": "LineString", "coordinates": [ [ 11.409302, 59.147769 ], [ 10.82428, 59.721792 ] ] } },
{ "type": "Feature", "properties": { "from_node": 107, "to_node": 166, "length_km": 95.891674520893744, "delaunay_k": 2, "edge_set": "Delaunay2" }, "geometry": { "type": "LineString", "coordinates": [ [ 11.409302, 59.147769 ], [ 10.839386, 59.958448 ] ] } },
{ "type": "Feature", "properties": { "from_node": 107, "to_node": 169, "length_km": 246.24615585161064, "delaunay_k": 2, "edge_set": "Delaunay2" }, "geometry": { "type": "LineString", "coordinates": [ [ 11.409302, 59.147769 ], [ 15.387726, 60.052503 ] ] } },
{ "type": "Feature", "properties": { "from_node": 107, "to_node": 186, "length_km": 137.74402241164796, "delaunay_k": 2, "edge_set": "Delaunay2" }, "geometry": { "type": "LineString", "coordinates": [ [ 11.409302, 59.147769 ], [ 11.288452, 60.382648 ] ] } },
{ "type": "Feature", "properties": { "from_node": 107, "to_node": 191, "length_km": 254.93933660641773, "delaunay_k": 2, "edge_set": "Delaunay2" }, "geometry": { "type": "LineString", "coordinates": [ [ 11.409302, 59.147769 ], [ 15.188599, 60.415208 ] ] } },
{ "type": "Feature", "properties": { "from_node": 108, "to_node": 118, "length_km": 91.334017024104753, "delaunay_k": 2, "edge_set": "Delaunay2" }, "geometry": { "type": "LineString", "coordinates": [ [ 9.61441, 59.151995 ], [ 11.181335, 59.317776 ] ] } },
{ "type": "Feature", "properties": { "from_node": 108, "to_node": 119, "length_km": 193.02253960600547, "delaunay_k": 2, "edge_set": "Delaunay2" }, "geometry": { "type": "LineString", "coordinates": [ [ 9.61441, 59.151995 ], [ 12.9776, 59.337392 ] ] } },
{ "type": "Feature", "properties": { "from_node": 108, "to_node": 123, "length_km": 103.3505387722343, "delaunay_k": 2, "edge_set": "Delaunay2" }, "geometry": { "type": "LineString", "coordinates": [ [ 9.61441, 59.151995 ], [ 7.901917, 59.457639 ] ] } },
{ "type": "Feature", "properties": { "from_node": 108, "to_node": 133, "length_km": 76.95994058910621, "delaunay_k": 2, "edge_set": "Delaunay2" }, "geometry": { "type": "LineString", "coordinates": [ [ 9.61441, 59.151995 ], [ 10.770721, 59.509939 ] ] } },
{ "type": "Feature", "properties": { "from_node": 108, "to_node": 135, "length_km": 59.199837292810521, "delaunay_k": 2, "edge_set": "Delaunay2" }, "geometry": { "type": "LineString", "coordinates": [ [ 9.61441, 59.151995 ], [ 8.87558, 59.525961 ] ] } },
{ "type": "Feature", "properties": { "from_node": 108, "to_node": 136, "length_km": 53.288238099065424, "delaunay_k": 2, "edge_set": "Delaunay2" }, "geometry": { "type": "LineString", "coordinates": [ [ 9.61441, 59.151995 ], [ 10.122528, 59.553808 ] ] } },
{ "type": "Feature", "properties": { "from_node": 108, "to_node": 140, "length_km": 69.971617192910585, "delaunay_k": 2, "edge_set": "Delaunay2" }, "geometry": { "type": "LineString", "coordinates": [ [ 9.61441, 59.151995 ], [ 10.434265, 59.620547 ] ] } },
{ "type": "Feature", "properties": { "from_node": 108, "to_node": 147, "length_km": 65.860408776803254, "delaunay_k": 2, "edge_set": "Delaunay2" }, "geometry": { "type": "LineString", "coordinates": [ [ 9.61441, 59.151995 ], [ 9.923401, 59.721792 ] ] } },
{ "type": "Feature", "properties": { "from_node": 109, "to_node": 112, "length_km": 51.452385060385097, "delaunay_k": 2, "edge_set": "Delaunay2" }, "geometry": { "type": "LineString", "coordinates": [ [ 18.110962, 59.168187 ], [ 17.218323, 59.22234 ] ] } },
{ "type": "Feature", "properties": { "from_node": 109, "to_node": 120, "length_km": 31.736785943626629, "delaunay_k": 2, "edge_set": "Delaunay2" }, "geometry": { "type": "LineString", "coordinates": [ [ 18.110962, 59.168187 ], [ 17.683868, 59.349996 ] ] } },
{ "type": "Feature", "properties": { "from_node": 109, "to_node": 127, "length_km": 34.1248377826252, "delaunay_k": 2, "edge_set": "Delaunay2" }, "geometry": { "type": "LineString", "coordinates": [ [ 18.110962, 59.168187 ], [ 18.135681, 59.473686 ] ] } },
{ "type": "Feature", "properties": { "from_node": 109, "to_node": 150, "length_km": 63.664960614181659, "delaunay_k": 2, "edge_set": "Delaunay2" }, "geometry": { "type": "LineString", "coordinates": [ [ 18.110962, 59.168187 ], [ 17.925568, 59.730792 ] ] } },
{ "type": "Feature", "properties": { "from_node": 109, "to_node": 158, "length_km": 80.179958086327218, "delaunay_k": 2, "edge_set": "Delaunay2" }, "geometry": { "type": "LineString", "coordinates": [ [ 18.110962, 59.168187 ], [ 18.621826, 59.837916 ] ] } },
{ "type": "Feature", "properties": { "from_node": 110, "to_node": 112, "length_km": 116.45847297496076, "delaunay_k": 2, "edge_set": "Delaunay2" }, "geometry": { "type": "LineString", "coordinates": [ [ 15.184479, 59.173817 ], [ 17.218323, 59.22234 ] ] } },
{ "type": "Feature", "properties": { "from_node": 110, "to_node": 118, "length_km": 229.01329881252224, "delaunay_k": 2, "edge_set": "Delaunay2" }, "geometry": { "type": "LineString", "coordinates": [ [ 15.184479, 59.173817 ], [ 11.181335, 59.317776 ] ] } },
{ "type": "Feature", "properties": { "from_node": 110, "to_node": 132, "length_km": 79.211441482260142, "delaunay_k": 2, "edge_set": "Delaunay2" }, "geometry": { "type": "LineString", "coordinates": [ [ 15.184479, 59.173817 ], [ 16.417694, 59.502273 ] ] } },
{ "type": "Feature", "properties": { "from_node": 110, "to_node": 137, "length_km": 79.911535828472566, "delaunay_k": 2, "edge_set": "Delaunay2" }, "geometry": { "type": "LineString", "coordinates": [ [ 15.184479, 59.173817 ], [ 16.368256, 59.559375 ] ] } },
{ "type": "Feature", "properties": { "from_node": 110, "to_node": 148, "length_km": 254.75945926969206, "delaunay_k": 2, "edge_set": "Delaunay2" }, "geometry": { "type": "LineString", "coordinates": [ [ 15.184479, 59.173817 ], [ 10.82428, 59.721792 ] ] } },
{ "type": "Feature", "properties": { "from_node": 110, "to_node": 166, "length_km": 260.70378610169178, "delaunay_k": 2, "edge_set": "Delaunay2" }, "geometry": { "type": "LineString", "coordinates": [ [ 15.184479, 59.173817 ], [ 10.839386, 59.958448 ] ] } },
{ "type": "Feature", "properties": { "from_node": 110, "to_node": 169, "length_km": 98.622009209455115, "delaunay_k": 2, "edge_set": "Delaunay2" }, "geometry": { "type": "LineString", "coordinates": [ [ 15.184479, 59.173817 ], [ 15.387726, 60.052503 ] ] } },
{ "type": "Feature", "properties": { "from_node": 110, "to_node": 186, "length_km": 256.96114163862717, "delaunay_k": 2, "edge_set": "Delaunay2" }, "geometry": { "type": "LineString", "coordinates": [ [ 15.184479, 59.173817 ], [ 11.288452, 60.382648 ] ] } },
{ "type": "Feature", "properties": { "from_node": 110, "to_node": 191, "length_km": 138.38322554108356, "delaunay_k": 2, "edge_set": "Delaunay2" }, "geometry": { "type": "LineString", "coordinates": [ [ 15.184479, 59.173817 ], [ 15.188599, 60.415208 ] ] } },
{ "type": "Feature", "properties": { "from_node": 111, "to_node": 127, "length_km": 35.134929045969201, "delaunay_k": 2, "edge_set": "Delaunay2" }, "geometry": { "type": "LineString", "coordinates": [ [ 17.766266, 59.221637 ], [ 18.135681, 59.473686 ] ] } },
{ "type": "Feature", "properties": { "from_node": 111, "to_node": 129, "length_km": 46.478101073781858, "delaunay_k": 2, "edge_set": "Delaunay2" }, "geometry": { "type": "LineString", "coordinates": [ [ 17.766266, 59.221637 ], [ 18.404846, 59.480661 ] ] } },
{ "type": "Feature", "properties": { "from_node": 111, "to_node": 132, "length_km": 82.930692274791227, "delaunay_k": 2, "edge_set": "Delaunay2" }, "geometry": { "type": "LineString", "coordinates": [ [ 17.766266, 59.221637 ], [ 16.417694, 59.502273 ] ] } },
{ "type": "Feature", "properties": { "from_node": 111, "to_node": 142, "length_km": 77.299206317398841, "delaunay_k": 2, "edge_set": "Delaunay2" }, "geometry": { "type": "LineString", "coordinates": [ [ 17.766266, 59.221637 ], [ 16.679993, 59.6386 ] ] } },
{ "type": "Feature", "properties": { "from_node": 111, "to_node": 145, "length_km": 60.571215019133483, "delaunay_k": 2, "edge_set": "Delaunay2" }, "geometry": { "type": "LineString", "coordinates": [ [ 17.766266, 59.221637 ], [ 17.329559, 59.716945 ] ] } },
{ "type": "Feature", "properties": { "from_node": 111, "to_node": 146, "length_km": 55.594970027037142, "delaunay_k": 2, "edge_set": "Delaunay2" }, "geometry": { "type": "LineString", "coordinates": [ [ 17.766266, 59.221637 ], [ 17.789612, 59.719715 ] ] } },
{ "type": "Feature", "properties": { "from_node": 112, "to_node": 117, "length_km": 51.224251724212294, "delaunay_k": 2, "edge_set": "Delaunay2" }, "geometry": { "type": "LineString", "coordinates": [ [ 17.218323, 59.22234 ], [ 18.095856, 59.317075 ] ] } },
{ "type": "Feature", "properties": { "from_node": 112, "to_node": 127, "length_km": 59.32377441150917, "delaunay_k": 2, "edge_set": "Delaunay2" }, "geometry": { "type": "LineString", "coordinates": [ [ 17.218323, 59.22234 ], [ 18.135681, 59.473686 ] ] } },
{ "type": "Feature", "properties": { "from_node": 112, "to_node": 131, "length_km": 77.31064769438629, "delaunay_k": 2, "edge_set": "Delaunay2" }, "geometry": { "type": "LineString", "coordinates": [ [ 17.218323, 59.22234 ], [ 15.971375, 59.496697 ] ] } },
{ "type": "Feature", "properties": { "from_node": 112, "to_node": 137, "length_km": 61.251865601748307, "delaunay_k": 2, "edge_set": "Delaunay2" }, "geometry": { "type": "LineString", "coordinates": [ [ 17.218323, 59.22234 ], [ 16.368256, 59.559375 ] ] } },
{ "type": "Feature", "properties": { "from_node": 112, "to_node": 146, "length_km": 64.276111213604992, "delaunay_k": 2, "edge_set": "Delaunay2" }, "geometry": { "type": "LineString", "coordinates": [ [ 17.218323, 59.22234 ], [ 17.789612, 59.719715 ] ] } },
{ "type": "Feature", "properties": { "from_node": 112, "to_node": 156, "length_km": 68.925910261692067, "delaunay_k": 2, "edge_set": "Delaunay2" }, "geometry": { "type": "LineString", "coordinates": [ [ 17.218323, 59.22234 ], [ 16.884613, 59.816518 ] ] } },
{ "type": "Feature", "properties": { "from_node": 112, "to_node": 165, "length_km": 84.487796237222653, "delaunay_k": 2, "edge_set": "Delaunay2" }, "geometry": { "type": "LineString", "coordinates": [ [ 17.218323, 59.22234 ], [ 17.748413, 59.930248 ] ] } },
{ "type": "Feature", "properties": { "from_node": 113, "to_node": 115, "length_km": 80.573548058658631, "delaunay_k": 2, "edge_set": "Delaunay2" }, "geometry": { "type": "LineString", "coordinates": [ [ 5.262451, 59.225853 ], [ 6.663208, 59.314272 ] ] } },
{ "type": "Feature", "properties": { "from_node": 113, "to_node": 124, "length_km": 74.747898904701955, "delaunay_k": 2, "edge_set": "Delaunay2" }, "geometry": { "type": "LineString", "coordinates": [ [ 5.262451, 59.225853 ], [ 6.491547, 59.460431 ] ] } },
{ "type": "Feature", "properties": { "from_node": 113, "to_node": 138, "length_km": 79.225002935348272, "delaunay_k": 2, "edge_set": "Delaunay2" }, "geometry": { "type": "LineString", "coordinates": [ [ 5.262451, 59.225853 ], [ 6.481934, 59.569114 ] ] } },
{ "type": "Feature", "properties": { "from_node": 113, "to_node": 143, "length_km": 82.734062254507052, "delaunay_k": 2, "edge_set": "Delaunay2" }, "geometry": { "type": "LineString", "coordinates": [ [ 5.262451, 59.225853 ], [ 6.432495, 59.667741 ] ] } },
{ "type": "Feature", "properties": { "from_node": 113, "to_node": 152, "length_km": 61.543617351550424, "delaunay_k": 2, "edge_set": "Delaunay2" }, "geometry": { "type": "LineString", "coordinates": [ [ 5.262451, 59.225853 ], [ 5.461578, 59.768152 ] ] } },
{ "type": "Feature", "properties": { "from_node": 114, "to_node": 118, "length_km": 90.538596766882932, "delaunay_k": 2, "edge_set": "Delaunay2" }, "geometry": { "type": "LineString", "coordinates": [ [ 9.593811, 59.282019 ], [ 11.181335, 59.317776 ] ] } },
{ "type": "Feature", "properties": { "from_node": 114, "to_node": 123, "length_km": 98.190629187897713, "delaunay_k": 2, "edge_set": "Delaunay2" }, "geometry": { "type": "LineString", "coordinates": [ [ 9.593811, 59.282019 ], [ 7.901917, 59.457639 ] ] } },
{ "type": "Feature", "properties": { "from_node": 114, "to_node": 133, "length_km": 71.526659249826963, "delaunay_k": 2, "edge_set": "Delaunay2" }, "geometry": { "type": "LineString", "coordinates": [ [ 9.593811, 59.282019 ], [ 10.770721, 59.509939 ] ] } },
{ "type": "Feature", "properties": { "from_node": 114, "to_node": 140, "length_km": 60.789167472486071, "delaunay_k": 2, "edge_set": "Delaunay2" }, "geometry": { "type": "LineString", "coordinates": [ [ 9.593811, 59.282019 ], [ 10.434265, 59.620547 ] ] } },
{ "type": "Feature", "properties": { "from_node": 114, "to_node": 141, "length_km": 107.95277513044077, "delaunay_k": 2, "edge_set": "Delaunay2" }, "geometry": { "type": "LineString", "coordinates": [ [ 9.593811, 59.282019 ], [ 7.819519, 59.632352 ] ] } },
{ "type": "Feature", "properties": { "from_node": 114, "to_node": 161, "length_km": 77.991703845863739, "delaunay_k": 2, "edge_set": "Delaunay2" }, "geometry": { "type": "LineString", "coordinates": [ [ 9.593811, 59.282019 ], [ 10.288696, 59.88687 ] ] } },
{ "type": "Feature", "properties": { "from_node": 114, "to_node": 162, "length_km": 92.653817625637018, "delaunay_k": 2, "edge_set": "Delaunay2" }, "geometry": { "type": "LineString", "coordinates": [ [ 9.593811, 59.282019 ], [ 8.524017, 59.912353 ] ] } },
{ "type": "Feature", "properties": { "from_node": 114, "to_node": 163, "length_km": 85.00229733507156, "delaunay_k": 2, "edge_set": "Delaunay2" }, "geometry": { "type": "LineString", "coordinates": [ [ 9.593811, 59.282019 ], [ 8.760223, 59.917172 ] ] } },
{ "type": "Feature", "properties": { "from_node": 114, "to_node": 175, "length_km": 105.85881196847559, "delaunay_k": 2, "edge_set": "Delaunay2" }, "geometry": { "type": "LineString", "coordinates": [ [ 9.593811, 59.282019 ], [ 10.092316, 60.198203 ] ] } },
{ "type": "Feature", "properties": { "from_node": 114, "to_node": 177, "length_km": 110.65538817347282, "delaunay_k": 2, "edge_set": "Delaunay2" }, "geometry": { "type": "LineString", "coordinates": [ [ 9.593811, 59.282019 ], [ 9.026642, 60.232994 ] ] } },
{ "type": "Feature", "properties": { "from_node": 115, "to_node": 128, "length_km": 49.021805854038391, "delaunay_k": 2, "edge_set": "Delaunay2" }, "geometry": { "type": "LineString", "coordinates": [ [ 6.663208, 59.314272 ], [ 7.462463, 59.479266 ] ] } },
{ "type": "Feature", "properties": { "from_node": 115, "to_node": 130, "length_km": 74.623063633918761, "delaunay_k": 2, "edge_set": "Delaunay2" }, "geometry": { "type": "LineString", "coordinates": [ [ 6.663208, 59.314272 ], [ 5.39978, 59.495303 ] ] } },
{ "type": "Feature", "properties": { "from_node": 115, "to_node": 138, "length_km": 30.222497189048305, "delaunay_k": 2, "edge_set": "Delaunay2" }, "geometry": { "type": "LineString", "coordinates": [ [ 6.663208, 59.314272 ], [ 6.481934, 59.569114 ] ] } },
{ "type": "Feature", "properties": { "from_node": 115, "to_node": 144, "length_km": 46.273866006945177, "delaunay_k": 2, "edge_set": "Delaunay2" }, "geometry": { "type": "LineString", "coordinates": [ [ 6.663208, 59.314272 ], [ 6.904907, 59.710712 ] ] } },
{ "type": "Feature", "properties": { "from_node": 115, "to_node": 149, "length_km": 51.775959576372514, "delaunay_k": 2, "edge_set": "Delaunay2" }, "geometry": { "type": "LineString", "coordinates": [ [ 6.663208, 59.314272 ], [ 7.086182, 59.725947 ] ] } },
{ "type": "Feature", "properties": { "from_node": 116, "to_node": 125, "length_km": 63.640130226041087, "delaunay_k": 2, "edge_set": "Delaunay2" }, "geometry": { "type": "LineString", "coordinates": [ [ 5.568695, 59.317075 ], [ 6.650848, 59.461826 ] ] } },
{ "type": "Feature", "properties": { "from_node": 116, "to_node": 134, "length_km": 84.1517749409592, "delaunay_k": 2, "edge_set": "Delaunay2" }, "geometry": { "type": "LineString", "coordinates": [ [ 5.568695, 59.317075 ], [ 6.992798, 59.523872 ] ] } },
{ "type": "Feature", "properties": { "from_node": 116, "to_node": 143, "length_km": 62.685983150998801, "delaunay_k": 2, "edge_set": "Delaunay2" }, "geometry": { "type": "LineString", "coordinates": [ [ 5.568695, 59.317075 ], [ 6.432495, 59.667741 ] ] } },
{ "type": "Feature", "properties": { "from_node": 116, "to_node": 144, "length_km": 87.529820110944485, "delaunay_k": 2, "edge_set": "Delaunay2" }, "geometry": { "type": "LineString", "coordinates": [ [ 5.568695, 59.317075 ], [ 6.904907, 59.710712 ] ] } },
{ "type": "Feature", "properties": { "from_node": 116, "to_node": 152, "length_km": 50.682732060446767, "delaunay_k": 2, "edge_set": "Delaunay2" }, "geometry": { "type": "LineString", "coordinates": [ [ 5.568695, 59.317075 ], [ 5.461578, 59.768152 ] ] } },
{ "type": "Feature", "properties": { "from_node": 116, "to_node": 214, "length_km": 157.91185602533531, "delaunay_k": 2, "edge_set": "Delaunay2" }, "geometry": { "type": "LineString", "coordinates": [ [ 5.568695, 59.317075 ], [ 4.998779, 60.703432 ] ] } },
{ "type": "Feature", "properties": { "from_node": 117, "to_node": 145, "length_km": 62.279956009174114, "delaunay_k": 2, "edge_set": "Delaunay2" }, "geometry": { "type": "LineString", "coordinates": [ [ 18.095856, 59.317075 ], [ 17.329559, 59.716945 ] ] } },
{ "type": "Feature", "properties": { "from_node": 117, "to_node": 146, "length_km": 48.172481368782698, "delaunay_k": 2, "edge_set": "Delaunay2" }, "geometry": { "type": "LineString", "coordinates": [ [ 18.095856, 59.317075 ], [ 17.789612, 59.719715 ] ] } },
{ "type": "Feature", "properties": { "from_node": 117, "to_node": 150, "length_km": 47.169948102832571, "delaunay_k": 2, "edge_set": "Delaunay2" }, "geometry": { "type": "LineString", "coordinates": [ [ 18.095856, 59.317075 ], [ 17.925568, 59.730792 ] ] } },
{ "type": "Feature", "properties": { "from_node": 117, "to_node": 158, "length_km": 65.320402868900231, "delaunay_k": 2, "edge_set": "Delaunay2" }, "geometry": { "type": "LineString", "coordinates": [ [ 18.095856, 59.317075 ], [ 18.621826, 59.837916 ] ] } },
{ "type": "Feature", "properties": { "from_node": 118, "to_node": 126, "length_km": 230.71742753697333, "delaunay_k": 2, "edge_set": "Delaunay2" }, "geometry": { "type": "LineString", "coordinates": [ [ 11.181335, 59.317776 ], [ 15.231171, 59.466013 ] ] } },
{ "type": "Feature", "properties": { "from_node": 118, "to_node": 136, "length_km": 65.587012059172181, "delaunay_k": 2, "edge_set": "Delaunay2" }, "geometry": { "type": "LineString", "coordinates": [ [ 11.181335, 59.317776 ], [ 10.122528, 59.553808 ] ] } },
{ "type": "Feature", "properties": { "from_node": 118, "to_node": 140, "length_km": 54.143043895395188, "delaunay_k": 2, "edge_set": "Delaunay2" }, "geometry": { "type": "LineString", "coordinates": [ [ 11.181335, 59.317776 ], [ 10.434265, 59.620547 ] ] } },
{ "type": "Feature", "properties": { "from_node": 118, "to_node": 161, "length_km": 80.996099839877274, "delaunay_k": 2, "edge_set": "Delaunay2" }, "geometry": { "type": "LineString", "coordinates": [ [ 11.181335, 59.317776 ], [ 10.288696, 59.88687 ] ] } },
{ "type": "Feature", "properties": { "from_node": 118, "to_node": 166, "length_km": 73.93566485014432, "delaunay_k": 2, "edge_set": "Delaunay2" }, "geometry": { "type": "LineString", "coordinates": [ [ 11.181335, 59.317776 ], [ 10.839386, 59.958448 ] ] } },
{ "type": "Feature", "properties": { "from_node": 118, "to_node": 169, "length_km": 250.68367580135907, "delaunay_k": 2, "edge_set": "Delaunay2" }, "geometry": { "type": "LineString", "coordinates": [ [ 11.181335, 59.317776 ], [ 15.387726, 60.052503 ] ] } },
{ "type": "Feature", "properties": { "from_node": 118, "to_node": 186, "length_km": 118.78962634469114, "delaunay_k": 2, "edge_set": "Delaunay2" }, "geometry": { "type": "LineString", "coordinates": [ [ 11.181335, 59.317776 ], [ 11.288452, 60.382648 ] ] } },
{ "type": "Feature", "properties": { "from_node": 118, "to_node": 191, "length_km": 255.62715256321385, "delaunay_k": 2, "edge_set": "Delaunay2" }, "geometry": { "type": "LineString", "coordinates": [ [ 11.181335, 59.317776 ], [ 15.188599, 60.415208 ] ] } },
{ "type": "Feature", "properties": { "from_node": 119, "to_node": 121, "length_km": 147.93544985220359, "delaunay_k": 2, "edge_set": "Delaunay2" }, "geometry": { "type": "LineString", "coordinates": [ [ 12.9776, 59.337392 ], [ 10.37796, 59.383584 ] ] } },
{ "type": "Feature", "properties": { "from_node": 119, "to_node": 131, "length_km": 170.96550081663034, "delaunay_k": 2, "edge_set": "Delaunay2" }, "geometry": { "type": "LineString", "coordinates": [ [ 12.9776, 59.337392 ], [ 15.971375, 59.496697 ] ] } },
{ "type": "Feature", "properties": { "from_node": 119, "to_node": 133, "length_km": 126.7437703954332, "delaunay_k": 2, "edge_set": "Delaunay2" }, "geometry": { "type": "LineString", "coordinates": [ [ 12.9776, 59.337392 ], [ 10.770721, 59.509939 ] ] } },
{ "type": "Feature", "properties": { "from_node": 119, "to_node": 137, "length_km": 193.99542785547098, "delaunay_k": 2, "edge_set": "Delaunay2" }, "geometry": { "type": "LineString", "coordinates": [ [ 12.9776, 59.337392 ], [ 16.368256, 59.559375 ] ] } },
{ "type": "Feature", "properties": { "from_node": 119, "to_node": 139, "length_km": 127.50560284444555, "delaunay_k": 2, "edge_set": "Delaunay2" }, "geometry": { "type": "LineString", "coordinates": [ [ 12.9776, 59.337392 ], [ 10.780334, 59.580242 ] ] } },
{ "type": "Feature", "properties": { "from_node": 119, "to_node": 140, "length_km": 147.54991867064282, "delaunay_k": 2, "edge_set": "Delaunay2" }, "geometry": { "type": "LineString", "coordinates": [ [ 12.9776, 59.337392 ], [ 10.434265, 59.620547 ] ] } },
{ "type": "Feature", "properties": { "from_node": 119, "to_node": 156, "length_km": 227.24022263242824, "delaunay_k": 2, "edge_set": "Delaunay2" }, "geometry": { "type": "LineString", "coordinates": [ [ 12.9776, 59.337392 ], [ 16.884613, 59.816518 ] ] } },
{ "type": "Feature", "properties": { "from_node": 119, "to_node": 161, "length_km": 163.66290343320142, "delaunay_k": 2, "edge_set": "Delaunay2" }, "geometry": { "type": "LineString", "coordinates": [ [ 12.9776, 59.337392 ], [ 10.288696, 59.88687 ] ] } },
{ "type": "Feature", "properties": { "from_node": 119, "to_node": 175, "length_km": 188.34899486400028, "delaunay_k": 2, "edge_set": "Delaunay2" }, "geometry": { "type": "LineString", "coordinates": [ [ 12.9776, 59.337392 ], [ 10.092316, 60.198203 ] ] } },
{ "type": "Feature", "properties": { "from_node": 119, "to_node": 179, "length_km": 189.90131972255787, "delaunay_k": 2, "edge_set": "Delaunay2" }, "geometry": { "type": "LineString", "coordinates": [ [ 12.9776, 59.337392 ], [ 10.214539, 60.322868 ] ] } },
{ "type": "Feature", "properties": { "from_node": 119, "to_node": 184, "length_km": 218.2246942376247, "delaunay_k": 2, "edge_set": "Delaunay2" }, "geometry": { "type": "LineString", "coordinates": [ [ 12.9776, 59.337392 ], [ 16.284446847098103, 60.370428457277711 ] ] } },
{ "type": "Feature", "properties": { "from_node": 119, "to_node": 188, "length_km": 214.69435619503724, "delaunay_k": 2, "edge_set": "Delaunay2" }, "geometry": { "type": "LineString", "coordinates": [ [ 12.9776, 59.337392 ], [ 16.177368, 60.396897 ] ] } },
{ "type": "Feature", "properties": { "from_node": 119, "to_node": 189, "length_km": 182.38942867875357, "delaunay_k": 2, "edge_set": "Delaunay2" }, "geometry": { "type": "LineString", "coordinates": [ [ 12.9776, 59.337392 ], [ 15.442657, 60.406393 ] ] } },
{ "type": "Feature", "properties": { "from_node": 119, "to_node": 217, "length_km": 193.37674553749437, "delaunay_k": 2, "edge_set": "Delaunay2" }, "geometry": { "type": "LineString", "coordinates": [ [ 12.9776, 59.337392 ], [ 11.160736, 60.816799 ] ] } },
{ "type": "Feature", "properties": { "from_node": 119, "to_node": 218, "length_km": 211.38649727032333, "delaunay_k": 2, "edge_set": "Delaunay2" }, "geometry": { "type": "LineString", "coordinates": [ [ 12.9776, 59.337392 ], [ 10.604553, 60.818808 ] ] } },
{ "type": "Feature", "properties": { "from_node": 119, "to_node": 226, "length_km": 269.44219000369139, "delaunay_k": 2, "edge_set": "Delaunay2" }, "geometry": { "type": "LineString", "coordinates": [ [ 12.9776, 59.337392 ], [ 16.637421, 60.922424 ] ] } },
{ "type": "Feature", "properties": { "from_node": 119, "to_node": 242, "length_km": 299.89664489423711, "delaunay_k": 2, "edge_set": "Delaunay2" }, "geometry": { "type": "LineString", "coordinates": [ [ 12.9776, 59.337392 ], [ 16.44928, 61.407894 ] ] } },
{ "type": "Feature", "properties": { "from_node": 119, "to_node": 259, "length_km": 324.32004094671441, "delaunay_k": 2, "edge_set": "Delaunay2" }, "geometry": { "type": "LineString", "coordinates": [ [ 12.9776, 59.337392 ], [ 15.843658, 61.88399 ] ] } },
{ "type": "Feature", "properties": { "from_node": 119, "to_node": 261, "length_km": 311.56331888540541, "delaunay_k": 2, "edge_set": "Delaunay2" }, "geometry": { "type": "LineString", "coordinates": [ [ 12.9776, 59.337392 ], [ 14.16687, 62.071739 ] ] } },
{ "type": "Feature", "properties": { "from_node": 120, "to_node": 129, "length_km": 43.527008013985927, "delaunay_k": 2, "edge_set": "Delaunay2" }, "geometry": { "type": "LineString", "coordinates": [ [ 17.683868, 59.349996 ], [ 18.404846, 59.480661 ] ] } },
{ "type": "Feature", "properties": { "from_node": 120, "to_node": 132, "length_km": 73.94308082453442, "delaunay_k": 2, "edge_set": "Delaunay2" }, "geometry": { "type": "LineString", "coordinates": [ [ 17.683868, 59.349996 ], [ 16.417694, 59.502273 ] ] } },
{ "type": "Feature", "properties": { "from_node": 120, "to_node": 142, "length_km": 65.416603621891596, "delaunay_k": 2, "edge_set": "Delaunay2" }, "geometry": { "type": "LineString", "coordinates": [ [ 17.683868, 59.349996 ], [ 16.679993, 59.6386 ] ] } },
{ "type": "Feature", "properties": { "from_node": 120, "to_node": 150, "length_km": 44.64537207988878, "delaunay_k": 2, "edge_set": "Delaunay2" }, "geometry": { "type": "LineString", "coordinates": [ [ 17.683868, 59.349996 ], [ 17.925568, 59.730792 ] ] } },
{ "type": "Feature", "properties": { "from_node": 120, "to_node": 156, "length_km": 68.946674027341658, "delaunay_k": 2, "edge_set": "Delaunay2" }, "geometry": { "type": "LineString", "coordinates": [ [ 17.683868, 59.349996 ], [ 16.884613, 59.816518 ] ] } },
{ "type": "Feature", "properties": { "from_node": 120, "to_node": 165, "length_km": 64.849941718011877, "delaunay_k": 2, "edge_set": "Delaunay2" }, "geometry": { "type": "LineString", "coordinates": [ [ 17.683868, 59.349996 ], [ 17.748413, 59.930248 ] ] } },
{ "type": "Feature", "properties": { "from_node": 121, "to_node": 122, "length_km": 85.692130851671465, "delaunay_k": 2, "edge_set": "Delaunay2" }, "geometry": { "type": "LineString", "coordinates": [ [ 10.37796, 59.383584 ], [ 8.87146, 59.422728 ] ] } },
{ "type": "Feature", "properties": { "from_node": 121, "to_node": 135, "length_km": 86.680830081368256, "delaunay_k": 2, "edge_set": "Delaunay2" }, "geometry": { "type": "LineString", "coordinates": [ [ 10.37796, 59.383584 ], [ 8.87558, 59.525961 ] ] } },
{ "type": "Feature", "properties": { "from_node": 121, "to_node": 139, "length_km": 31.622512140804577, "delaunay_k": 2, "edge_set": "Delaunay2" }, "geometry": { "type": "LineString", "coordinates": [ [ 10.37796, 59.383584 ], [ 10.780334, 59.580242 ] ] } },
{ "type": "Feature", "properties": { "from_node": 121, "to_node": 147, "length_km": 45.61414510544958, "delaunay_k": 2, "edge_set": "Delaunay2" }, "geometry": { "type": "LineString", "coordinates": [ [ 10.37796, 59.383584 ], [ 9.923401, 59.721792 ] ] } },
{ "type": "Feature", "properties": { "from_node": 121, "to_node": 148, "length_km": 45.351701287672419, "delaunay_k": 2, "edge_set": "Delaunay2" }, "geometry": { "type": "LineString", "coordinates": [ [ 10.37796, 59.383584 ], [ 10.82428, 59.721792 ] ] } },
{ "type": "Feature", "properties": { "from_node": 121, "to_node": 161, "length_km": 56.297188494924185, "delaunay_k": 2, "edge_set": "Delaunay2" }, "geometry": { "type": "LineString", "coordinates": [ [ 10.37796, 59.383584 ], [ 10.288696, 59.88687 ] ] } },
{ "type": "Feature", "properties": { "from_node": 122, "to_node": 128, "length_km": 80.199399379686767, "delaunay_k": 2, "edge_set": "Delaunay2" }, "geometry": { "type": "LineString", "coordinates": [ [ 8.87146, 59.422728 ], [ 7.462463, 59.479266 ] ] } },
{ "type": "Feature", "properties": { "from_node": 122, "to_node": 136, "length_km": 72.38234976541159, "delaunay_k": 2, "edge_set": "Delaunay2" }, "geometry": { "type": "LineString", "coordinates": [ [ 8.87146, 59.422728 ], [ 10.122528, 59.553808 ] ] } },
{ "type": "Feature", "properties": { "from_node": 122, "to_node": 141, "length_km": 63.971416053086259, "delaunay_k": 2, "edge_set": "Delaunay2" }, "geometry": { "type": "LineString", "coordinates": [ [ 8.87146, 59.422728 ], [ 7.819519, 59.632352 ] ] } },
{ "type": "Feature", "properties": { "from_node": 122, "to_node": 147, "length_km": 68.162494344773378, "delaunay_k": 2, "edge_set": "Delaunay2" }, "geometry": { "type": "LineString", "coordinates": [ [ 8.87146, 59.422728 ], [ 9.923401, 59.721792 ] ] } },
{ "type": "Feature", "properties": { "from_node": 122, "to_node": 162, "length_km": 57.971170206243762, "delaunay_k": 2, "edge_set": "Delaunay2" }, "geometry": { "type": "LineString", "coordinates": [ [ 8.87146, 59.422728 ], [ 8.524017, 59.912353 ] ] } },
{ "type": "Feature", "properties": { "from_node": 122, "to_node": 163, "length_km": 55.453586998292195, "delaunay_k": 2, "edge_set": "Delaunay2" }, "geometry": { "type": "LineString", "coordinates": [ [ 8.87146, 59.422728 ], [ 8.760223, 59.917172 ] ] } },
{ "type": "Feature", "properties": { "from_node": 123, "to_node": 134, "length_km": 52.062725774661786, "delaunay_k": 2, "edge_set": "Delaunay2" }, "geometry": { "type": "LineString", "coordinates": [ [ 7.901917, 59.457639 ], [ 6.992798, 59.523872 ] ] } },
{ "type": "Feature", "properties": { "from_node": 123, "to_node": 147, "length_km": 117.94705418601427, "delaunay_k": 2, "edge_set": "Delaunay2" }, "geometry": { "type": "LineString", "coordinates": [ [ 7.901917, 59.457639 ], [ 9.923401, 59.721792 ] ] } },
{ "type": "Feature", "properties": { "from_node": 123, "to_node": 149, "length_km": 54.954703518985717, "delaunay_k": 2, "edge_set": "Delaunay2" }, "geometry": { "type": "LineString", "coordinates": [ [ 7.901917, 59.457639 ], [ 7.086182, 59.725947 ] ] } },
{ "type": "Feature", "properties": { "from_node": 123, "to_node": 151, "length_km": 44.152329594538841, "delaunay_k": 2, "edge_set": "Delaunay2" }, "geometry": { "type": "LineString", "coordinates": [ [ 7.901917, 59.457639 ], [ 7.36908, 59.747402 ] ] } },
{ "type": "Feature", "properties": { "from_node": 123, "to_node": 154, "length_km": 36.726995181665728, "delaunay_k": 2, "edge_set": "Delaunay2" }, "geometry": { "type": "LineString", "coordinates": [ [ 7.901917, 59.457639 ], [ 7.772827, 59.780596 ] ] } },
{ "type": "Feature", "properties": { "from_node": 123, "to_node": 162, "length_km": 61.620279481817825, "delaunay_k": 2, "edge_set": "Delaunay2" }, "geometry": { "type": "LineString", "coordinates": [ [ 7.901917, 59.457639 ], [ 8.524017, 59.912353 ] ] } },
{ "type": "Feature", "properties": { "from_node": 123, "to_node": 163, "length_km": 70.437849654992434, "delaunay_k": 2, "edge_set": "Delaunay2" }, "geometry": { "type": "LineString", "coordinates": [ [ 7.901917, 59.457639 ], [ 8.760223, 59.917172 ] ] } },
{ "type": "Feature", "properties": { "from_node": 124, "to_node": 130, "length_km": 62.069734757005108, "delaunay_k": 2, "edge_set": "Delaunay2" }, "geometry": { "type": "LineString", "coordinates": [ [ 6.491547, 59.460431 ], [ 5.39978, 59.495303 ] ] } },
{ "type": "Feature", "properties": { "from_node": 124, "to_node": 134, "length_km": 29.287712372008986, "delaunay_k": 2, "edge_set": "Delaunay2" }, "geometry": { "type": "LineString", "coordinates": [ [ 6.491547, 59.460431 ], [ 6.992798, 59.523872 ] ] } },
{ "type": "Feature", "properties": { "from_node": 124, "to_node": 143, "length_km": 23.356920175648092, "delaunay_k": 2, "edge_set": "Delaunay2" }, "geometry": { "type": "LineString", "coordinates": [ [ 6.491547, 59.460431 ], [ 6.432495, 59.667741 ] ] } },
{ "type": "Feature", "properties": { "from_node": 124, "to_node": 144, "length_km": 36.400862752986122, "delaunay_k": 2, "edge_set": "Delaunay2" }, "geometry": { "type": "LineString", "coordinates": [ [ 6.491547, 59.460431 ], [ 6.904907, 59.710712 ] ] } },
{ "type": "Feature", "properties": { "from_node": 125, "to_node": 128, "length_km": 46.083592379876464, "delaunay_k": 2, "edge_set": "Delaunay2" }, "geometry": { "type": "LineString", "coordinates": [ [ 6.650848, 59.461826 ], [ 7.462463, 59.479266 ] ] } },
{ "type": "Feature", "properties": { "from_node": 125, "to_node": 130, "length_km": 71.080766812915783, "delaunay_k": 2, "edge_set": "Delaunay2" }, "geometry": { "type": "LineString", "coordinates": [ [ 6.650848, 59.461826 ], [ 5.39978, 59.495303 ] ] } },
{ "type": "Feature", "properties": { "from_node": 125, "to_node": 143, "length_km": 26.073380327278603, "delaunay_k": 2, "edge_set": "Delaunay2" }, "geometry": { "type": "LineString", "coordinates": [ [ 6.650848, 59.461826 ], [ 6.432495, 59.667741 ] ] } },
{ "type": "Feature", "properties": { "from_node": 125, "to_node": 144, "length_km": 31.247103540336809, "delaunay_k": 2, "edge_set": "Delaunay2" }, "geometry": { "type": "LineString", "coordinates": [ [ 6.650848, 59.461826 ], [ 6.904907, 59.710712 ] ] } },
{ "type": "Feature", "properties": { "from_node": 125, "to_node": 149, "length_km": 38.375479278834462, "delaunay_k": 2, "edge_set": "Delaunay2" }, "geometry": { "type": "LineString", "coordinates": [ [ 6.650848, 59.461826 ], [ 7.086182, 59.725947 ] ] } },
{ "type": "Feature", "properties": { "from_node": 126, "to_node": 132, "length_km": 67.411064857547544, "delaunay_k": 2, "edge_set": "Delaunay2" }, "geometry": { "type": "LineString", "coordinates": [ [ 15.231171, 59.466013 ], [ 16.417694, 59.502273 ] ] } },
{ "type": "Feature", "properties": { "from_node": 126, "to_node": 137, "length_km": 65.266331872601469, "delaunay_k": 2, "edge_set": "Delaunay2" }, "geometry": { "type": "LineString", "coordinates": [ [ 15.231171, 59.466013 ], [ 16.368256, 59.559375 ] ] } },
{ "type": "Feature", "properties": { "from_node": 126, "to_node": 148, "length_km": 250.53705369215089, "delaunay_k": 2, "edge_set": "Delaunay2" }, "geometry": { "type": "LineString", "coordinates": [ [ 15.231171, 59.466013 ], [ 10.82428, 59.721792 ] ] } },
{ "type": "Feature", "properties": { "from_node": 126, "to_node": 156, "length_km": 101.1907009094174, "delaunay_k": 2, "edge_set": "Delaunay2" }, "geometry": { "type": "LineString", "coordinates": [ [ 15.231171, 59.466013 ], [ 16.884613, 59.816518 ] ] } },
{ "type": "Feature", "properties": { "from_node": 126, "to_node": 166, "length_km": 253.19753892459045, "delaunay_k": 2, "edge_set": "Delaunay2" }, "geometry": { "type": "LineString", "coordinates": [ [ 15.231171, 59.466013 ], [ 10.839386, 59.958448 ] ] } },
{ "type": "Feature", "properties": { "from_node": 126, "to_node": 184, "length_km": 116.80880160888239, "delaunay_k": 2, "edge_set": "Delaunay2" }, "geometry": { "type": "LineString", "coordinates": [ [ 15.231171, 59.466013 ], [ 16.284446847098103, 60.370428457277711 ] ] } },
{ "type": "Feature", "properties": { "from_node": 126, "to_node": 186, "length_km": 243.0057293425661, "delaunay_k": 2, "edge_set": "Delaunay2" }, "geometry": { "type": "LineString", "coordinates": [ [ 15.231171, 59.466013 ], [ 11.288452, 60.382648 ] ] } },
{ "type": "Feature", "properties": { "from_node": 126, "to_node": 188, "length_km": 116.51031049641529, "delaunay_k": 2, "edge_set": "Delaunay2" }, "geometry": { "type": "LineString", "coordinates": [ [ 15.231171, 59.466013 ], [ 16.177368, 60.396897 ] ] } },
{ "type": "Feature", "properties": { "from_node": 126, "to_node": 189, "length_km": 105.49989142349281, "delaunay_k": 2, "edge_set": "Delaunay2" }, "geometry": { "type": "LineString", "coordinates": [ [ 15.231171, 59.466013 ], [ 15.442657, 60.406393 ] ] } },
{ "type": "Feature", "properties": { "from_node": 126, "to_node": 191, "length_km": 105.84009090634201, "delaunay_k": 2, "edge_set": "Delaunay2" }, "geometry": { "type": "LineString", "coordinates": [ [ 15.231171, 59.466013 ], [ 15.188599, 60.415208 ] ] } },
{ "type": "Feature", "properties": { "from_node": 127, "to_node": 145, "length_km": 53.070167130710587, "delaunay_k": 2, "edge_set": "Delaunay2" }, "geometry": { "type": "LineString", "coordinates": [ [ 18.135681, 59.473686 ], [ 17.329559, 59.716945 ] ] } },
{ "type": "Feature", "properties": { "from_node": 127, "to_node": 158, "length_km": 49.061950782296577, "delaunay_k": 2, "edge_set": "Delaunay2" }, "geometry": { "type": "LineString", "coordinates": [ [ 18.135681, 59.473686 ], [ 18.621826, 59.837916 ] ] } },
{ "type": "Feature", "properties": { "from_node": 127, "to_node": 165, "length_km": 55.435149880298006, "delaunay_k": 2, "edge_set": "Delaunay2" }, "geometry": { "type": "LineString", "coordinates": [ [ 18.135681, 59.473686 ], [ 17.748413, 59.930248 ] ] } },
{ "type": "Feature", "properties": { "from_node": 127, "to_node": 167, "length_km": 54.689228767497454, "delaunay_k": 2, "edge_set": "Delaunay2" }, "geometry": { "type": "LineString", "coordinates": [ [ 18.135681, 59.473686 ], [ 18.233185, 59.961198 ] ] } },
{ "type": "Feature", "properties": { "from_node": 128, "to_node": 135, "length_km": 80.231906097933802, "delaunay_k": 2, "edge_set": "Delaunay2" }, "geometry": { "type": "LineString", "coordinates": [ [ 7.462463, 59.479266 ], [ 8.87558, 59.525961 ] ] } },
{ "type": "Feature", "properties": { "from_node": 128, "to_node": 138, "length_km": 56.434168766622285, "delaunay_k": 2, "edge_set": "Delaunay2" }, "geometry": { "type": "LineString", "coordinates": [ [ 7.462463, 59.479266 ], [ 6.481934, 59.569114 ] ] } },
{ "type": "Feature", "properties": { "from_node": 128, "to_node": 144, "length_km": 40.727435800292483, "delaunay_k": 2, "edge_set": "Delaunay2" }, "geometry": { "type": "LineString", "coordinates": [ [ 7.462463, 59.479266 ], [ 6.904907, 59.710712 ] ] } },
{ "type": "Feature", "properties": { "from_node": 128, "to_node": 153, "length_km": 39.653348420461271, "delaunay_k": 2, "edge_set": "Delaunay2" }, "geometry": { "type": "LineString", "coordinates": [ [ 7.462463, 59.479266 ], [ 7.080688, 59.777831 ] ] } },
{ "type": "Feature", "properties": { "from_node": 128, "to_node": 154, "length_km": 37.883009770644534, "delaunay_k": 2, "edge_set": "Delaunay2" }, "geometry": { "type": "LineString", "coordinates": [ [ 7.462463, 59.479266 ], [ 7.772827, 59.780596 ] ] } },
{ "type": "Feature", "properties": { "from_node": 128, "to_node": 155, "length_km": 37.011236363663855, "delaunay_k": 2, "edge_set": "Delaunay2" }, "geometry": { "type": "LineString", "coordinates": [ [ 7.462463, 59.479266 ], [ 7.34024, 59.805469 ] ] } },
{ "type": "Feature", "properties": { "from_node": 128, "to_node": 162, "length_km": 76.852105318864346, "delaunay_k": 2, "edge_set": "Delaunay2" }, "geometry": { "type": "LineString", "coordinates": [ [ 7.462463, 59.479266 ], [ 8.524017, 59.912353 ] ] } },
{ "type": "Feature", "properties": { "from_node": 129, "to_node": 146, "length_km": 43.855081047390868, "delaunay_k": 2, "edge_set": "Delaunay2" }, "geometry": { "type": "LineString", "coordinates": [ [ 18.404846, 59.480661 ], [ 17.789612, 59.719715 ] ] } },
{ "type": "Feature", "properties": { "from_node": 129, "to_node": 165, "length_km": 62.35462739903496, "delaunay_k": 2, "edge_set": "Delaunay2" }, "geometry": { "type": "LineString", "coordinates": [ [ 18.404846, 59.480661 ], [ 17.748413, 59.930248 ] ] } },
{ "type": "Feature", "properties": { "from_node": 129, "to_node": 167, "length_km": 54.503705594495557, "delaunay_k": 2, "edge_set": "Delaunay2" }, "geometry": { "type": "LineString", "coordinates": [ [ 18.404846, 59.480661 ], [ 18.233185, 59.961198 ] ] } },
{ "type": "Feature", "properties": { "from_node": 129, "to_node": 170, "length_km": 69.348712425113945, "delaunay_k": 2, "edge_set": "Delaunay2" }, "geometry": { "type": "LineString", "coordinates": [ [ 18.404846, 59.480661 ], [ 18.8237, 60.06484 ] ] } },
{ "type": "Feature", "properties": { "from_node": 129, "to_node": 172, "length_km": 67.113236531215023, "delaunay_k": 2, "edge_set": "Delaunay2" }, "geometry": { "type": "LineString", "coordinates": [ [ 18.404846, 59.480661 ], [ 18.623199, 60.071693 ] ] } },
{ "type": "Feature", "properties": { "from_node": 130, "to_node": 134, "length_km": 90.350417259905797, "delaunay_k": 2, "edge_set": "Delaunay2" }, "geometry": { "type": "LineString", "coordinates": [ [ 5.39978, 59.495303 ], [ 6.992798, 59.523872 ] ] } },
{ "type": "Feature", "properties": { "from_node": 130, "to_node": 144, "length_km": 88.403880509407927, "delaunay_k": 2, "edge_set": "Delaunay2" }, "geometry": { "type": "LineString", "coordinates": [ [ 5.39978, 59.495303 ], [ 6.904907, 59.710712 ] ] } },
{ "type": "Feature", "properties": { "from_node": 130, "to_node": 159, "length_km": 58.013583777673297, "delaunay_k": 2, "edge_set": "Delaunay2" }, "geometry": { "type": "LineString", "coordinates": [ [ 5.39978, 59.495303 ], [ 6.113892, 59.869641 ] ] } },
{ "type": "Feature", "properties": { "from_node": 130, "to_node": 160, "length_km": 86.692331328604922, "delaunay_k": 2, "edge_set": "Delaunay2" }, "geometry": { "type": "LineString", "coordinates": [ [ 5.39978, 59.495303 ], [ 6.745605, 59.871019 ] ] } },
{ "type": "Feature", "properties": { "from_node": 130, "to_node": 164, "length_km": 54.557638352023602, "delaunay_k": 2, "edge_set": "Delaunay2" }, "geometry": { "type": "LineString", "coordinates": [ [ 5.39978, 59.495303 ], [ 5.868073, 59.923367 ] ] } },
{ "type": "Feature", "properties": { "from_node": 130, "to_node": 181, "length_km": 95.092469863186992, "delaunay_k": 2, "edge_set": "Delaunay2" }, "geometry": { "type": "LineString", "coordinates": [ [ 5.39978, 59.495303 ], [ 5.449219, 60.347337 ] ] } },
{ "type": "Feature", "properties": { "from_node": 130, "to_node": 195, "length_km": 107.52537131496013, "delaunay_k": 2, "edge_set": "Delaunay2" }, "geometry": { "type": "LineString", "coordinates": [ [ 5.39978, 59.495303 ], [ 5.259705, 60.456541 ] ] } },
{ "type": "Feature", "properties": { "from_node": 130, "to_node": 209, "length_km": 132.4139014287241, "delaunay_k": 2, "edge_set": "Delaunay2" }, "geometry": { "type": "LineString", "coordinates": [ [ 5.39978, 59.495303 ], [ 5.847473, 60.661069 ] ] } },
{ "type": "Feature", "properties": { "from_node": 130, "to_node": 220, "length_km": 152.95079083440078, "delaunay_k": 2, "edge_set": "Delaunay2" }, "geometry": { "type": "LineString", "coordinates": [ [ 5.39978, 59.495303 ], [ 5.968323, 60.836881 ] ] } },
{ "type": "Feature", "properties": { "from_node": 130, "to_node": 238, "length_km": 197.61142736517255, "delaunay_k": 2, "edge_set": "Delaunay2" }, "geometry": { "type": "LineString", "coordinates": [ [ 5.39978, 59.495303 ], [ 6.093292, 61.233245 ] ] } },
{ "type": "Feature", "properties": { "from_node": 130, "to_node": 247, "length_km": 223.63239011021494, "delaunay_k": 2, "edge_set": "Delaunay2" }, "geometry": { "type": "LineString", "coordinates": [ [ 5.39978, 59.495303 ], [ 5.748596, 61.49256 ] ] } },
{ "type": "Feature", "properties": { "from_node": 130, "to_node": 254, "length_km": 249.8380649454991, "delaunay_k": 2, "edge_set": "Delaunay2" }, "geometry": { "type": "LineString", "coordinates": [ [ 5.39978, 59.495303 ], [ 5.218506, 61.732826 ] ] } },
{ "type": "Feature", "properties": { "from_node": 131, "to_node": 142, "length_km": 43.104876572712946, "delaunay_k": 2, "edge_set": "Delaunay2" }, "geometry": { "type": "LineString", "coordinates": [ [ 15.971375, 59.496697 ], [ 16.679993, 59.6386 ] ] } },
{ "type": "Feature", "properties": { "from_node": 131, "to_node": 156, "length_km": 62.675760653170336, "delaunay_k": 2, "edge_set": "Delaunay2" }, "geometry": { "type": "LineString", "coordinates": [ [ 15.971375, 59.496697 ], [ 16.884613, 59.816518 ] ] } },
{ "type": "Feature", "properties": { "from_node": 131, "to_node": 184, "length_km": 98.992922870633578, "delaunay_k": 2, "edge_set": "Delaunay2" }, "geometry": { "type": "LineString", "coordinates": [ [ 15.971375, 59.496697 ], [ 16.284446847098103, 60.370428457277711 ] ] } },
{ "type": "Feature", "properties": { "from_node": 131, "to_node": 188, "length_km": 101.03929955276486, "delaunay_k": 2, "edge_set": "Delaunay2" }, "geometry": { "type": "LineString", "coordinates": [ [ 15.971375, 59.496697 ], [ 16.177368, 60.396897 ] ] } },
{ "type": "Feature", "properties": { "from_node": 131, "to_node": 189, "length_km": 105.64745109236185, "delaunay_k": 2, "edge_set": "Delaunay2" }, "geometry": { "type": "LineString", "coordinates": [ [ 15.971375, 59.496697 ], [ 15.442657, 60.406393 ] ] } },
{ "type": "Feature", "properties": { "from_node": 131, "to_node": 191, "length_km": 111.36436786437713, "delaunay_k": 2, "edge_set": "Delaunay2" }, "geometry": { "type": "LineString", "coordinates": [ [ 15.971375, 59.496697 ], [ 15.188599, 60.415208 ] ] } },
{ "type": "Feature", "properties": { "from_node": 132, "to_node": 145, "length_km": 56.832709235251947, "delaunay_k": 2, "edge_set": "Delaunay2" }, "geometry": { "type": "LineString", "coordinates": [ [ 16.417694, 59.502273 ], [ 17.329559, 59.716945 ] ] } },
{ "type": "Feature", "properties": { "from_node": 132, "to_node": 156, "length_km": 43.84872196418619, "delaunay_k": 2, "edge_set": "Delaunay2" }, "geometry": { "type": "LineString", "coordinates": [ [ 16.417694, 59.502273 ], [ 16.884613, 59.816518 ] ] } },
{ "type": "Feature", "properties": { "from_node": 132, "to_node": 169, "length_km": 84.360545675321575, "delaunay_k": 2, "edge_set": "Delaunay2" }, "geometry": { "type": "LineString", "coordinates": [ [ 16.417694, 59.502273 ], [ 15.387726, 60.052503 ] ] } },
{ "type": "Feature", "properties": { "from_node": 133, "to_node": 136, "length_km": 37.004277795763244, "delaunay_k": 2, "edge_set": "Delaunay2" }, "geometry": { "type": "LineString", "coordinates": [ [ 10.770721, 59.509939 ], [ 10.122528, 59.553808 ] ] } },
{ "type": "Feature", "properties": { "from_node": 133, "to_node": 147, "length_km": 53.335737045911181, "delaunay_k": 2, "edge_set": "Delaunay2" }, "geometry": { "type": "LineString", "coordinates": [ [ 10.770721, 59.509939 ], [ 9.923401, 59.721792 ] ] } },
{ "type": "Feature", "properties": { "from_node": 133, "to_node": 148, "length_km": 23.79485372680276, "delaunay_k": 2, "edge_set": "Delaunay2" }, "geometry": { "type": "LineString", "coordinates": [ [ 10.770721, 59.509939 ], [ 10.82428, 59.721792 ] ] } },
{ "type": "Feature", "properties": { "from_node": 133, "to_node": 161, "length_km": 50.001740903554733, "delaunay_k": 2, "edge_set": "Delaunay2" }, "geometry": { "type": "LineString", "coordinates": [ [ 10.770721, 59.509939 ], [ 10.288696, 59.88687 ] ] } },
{ "type": "Feature", "properties": { "from_node": 134, "to_node": 141, "length_km": 48.283705318396478, "delaunay_k": 2, "edge_set": "Delaunay2" }, "geometry": { "type": "LineString", "coordinates": [ [ 6.992798, 59.523872 ], [ 7.819519, 59.632352 ] ] } },
{ "type": "Feature", "properties": { "from_node": 134, "to_node": 143, "length_km": 35.502212150447015, "delaunay_k": 2, "edge_set": "Delaunay2" }, "geometry": { "type": "LineString", "coordinates": [ [ 6.992798, 59.523872 ], [ 6.432495, 59.667741 ] ] } },
{ "type": "Feature", "properties": { "from_node": 134, "to_node": 151, "length_km": 32.743735303796591, "delaunay_k": 2, "edge_set": "Delaunay2" }, "geometry": { "type": "LineString", "coordinates": [ [ 6.992798, 59.523872 ], [ 7.36908, 59.747402 ] ] } },
{ "type": "Feature", "properties": { "from_node": 134, "to_node": 153, "length_km": 28.74395007114698, "delaunay_k": 2, "edge_set": "Delaunay2" }, "geometry": { "type": "LineString", "coordinates": [ [ 6.992798, 59.523872 ], [ 7.080688, 59.777831 ] ] } },
{ "type": "Feature", "properties": { "from_node": 134, "to_node": 157, "length_km": 35.040018023160599, "delaunay_k": 2, "edge_set": "Delaunay2" }, "geometry": { "type": "LineString", "coordinates": [ [ 6.992798, 59.523872 ], [ 6.968079, 59.837916 ] ] } },
{ "type": "Feature", "properties": { "from_node": 134, "to_node": 160, "length_km": 41.134742436713758, "delaunay_k": 2, "edge_set": "Delaunay2" }, "geometry": { "type": "LineString", "coordinates": [ [ 6.992798, 59.523872 ], [ 6.745605, 59.871019 ] ] } },
{ "type": "Feature", "properties": { "from_node": 135, "to_node": 136, "length_km": 70.620559245434748, "delaunay_k": 2, "edge_set": "Delaunay2" }, "geometry": { "type": "LineString", "coordinates": [ [ 8.87558, 59.525961 ], [ 10.122528, 59.553808 ] ] } },
{ "type": "Feature", "properties": { "from_node": 135, "to_node": 140, "length_km": 88.728901832577606, "delaunay_k": 2, "edge_set": "Delaunay2" }, "geometry": { "type": "LineString", "coordinates": [ [ 8.87558, 59.525961 ], [ 10.434265, 59.620547 ] ] } },
{ "type": "Feature", "properties": { "from_node": 135, "to_node": 151, "length_km": 88.524843675014097, "delaunay_k": 2, "edge_set": "Delaunay2" }, "geometry": { "type": "LineString", "coordinates": [ [ 8.87558, 59.525961 ], [ 7.36908, 59.747402 ] ] } },
{ "type": "Feature", "properties": { "from_node": 135, "to_node": 154, "length_km": 68.365263464349425, "delaunay_k": 2, "edge_set": "Delaunay2" }, "geometry": { "type": "LineString", "coordinates": [ [ 8.87558, 59.525961 ], [ 7.772827, 59.780596 ] ] } },
{ "type": "Feature", "properties": { "from_node": 135, "to_node": 161, "length_km": 89.14252011919578, "delaunay_k": 2, "edge_set": "Delaunay2" }, "geometry": { "type": "LineString", "coordinates": [ [ 8.87558, 59.525961 ], [ 10.288696, 59.88687 ] ] } },
{ "type": "Feature", "properties": { "from_node": 135, "to_node": 175, "length_km": 101.28861563611719, "delaunay_k": 2, "edge_set": "Delaunay2" }, "geometry": { "type": "LineString", "coordinates": [ [ 8.87558, 59.525961 ], [ 10.092316, 60.198203 ] ] } },
{ "type": "Feature", "properties": { "from_node": 135, "to_node": 177, "length_km": 79.241017462205946, "delaunay_k": 2, "edge_set": "Delaunay2" }, "geometry": { "type": "LineString", "coordinates": [ [ 8.87558, 59.525961 ], [ 9.026642, 60.232994 ] ] } },
{ "type": "Feature", "properties": { "from_node": 135, "to_node": 182, "length_km": 93.971312310761292, "delaunay_k": 2, "edge_set": "Delaunay2" }, "geometry": { "type": "LineString", "coordinates": [ [ 8.87558, 59.525961 ], [ 8.596802, 60.357527 ] ] } },
{ "type": "Feature", "properties": { "from_node": 135, "to_node": 199, "length_km": 118.26453572186712, "delaunay_k": 2, "edge_set": "Delaunay2" }, "geometry": { "type": "LineString", "coordinates": [ [ 8.87558, 59.525961 ], [ 8.088684, 60.511343 ] ] } },
{ "type": "Feature", "properties": { "from_node": 136, "to_node": 139, "length_km": 37.301753955668616, "delaunay_k": 2, "edge_set": "Delaunay2" }, "geometry": { "type": "LineString", "coordinates": [ [ 10.122528, 59.553808 ], [ 10.780334, 59.580242 ] ] } },
{ "type": "Feature", "properties": { "from_node": 136, "to_node": 148, "length_km": 43.787097212199228, "delaunay_k": 2, "edge_set": "Delaunay2" }, "geometry": { "type": "LineString", "coordinates": [ [ 10.122528, 59.553808 ], [ 10.82428, 59.721792 ] ] } },
{ "type": "Feature", "properties": { "from_node": 136, "to_node": 161, "length_km": 38.267583857445473, "delaunay_k": 2, "edge_set": "Delaunay2" }, "geometry": { "type": "LineString", "coordinates": [ [ 10.122528, 59.553808 ], [ 10.288696, 59.88687 ] ] } },
{ "type": "Feature", "properties": { "from_node": 136, "to_node": 163, "length_km": 86.669352675635807, "delaunay_k": 2, "edge_set": "Delaunay2" }, "geometry": { "type": "LineString", "coordinates": [ [ 10.122528, 59.553808 ], [ 8.760223, 59.917172 ] ] } },
{ "type": "Feature", "properties": { "from_node": 136, "to_node": 175, "length_km": 71.816490148307921, "delaunay_k": 2, "edge_set": "Delaunay2" }, "geometry": { "type": "LineString", "coordinates": [ [ 10.122528, 59.553808 ], [ 10.092316, 60.198203 ] ] } },
{ "type": "Feature", "properties": { "from_node": 136, "to_node": 177, "length_km": 97.421769878079942, "delaunay_k": 2, "edge_set": "Delaunay2" }, "geometry": { "type": "LineString", "coordinates": [ [ 10.122528, 59.553808 ], [ 9.026642, 60.232994 ] ] } },
{ "type": "Feature", "properties": { "from_node": 137, "to_node": 145, "length_km": 57.064022098421283, "delaunay_k": 2, "edge_set": "Delaunay2" }, "geometry": { "type": "LineString", "coordinates": [ [ 16.368256, 59.559375 ], [ 17.329559, 59.716945 ] ] } },
{ "type": "Feature", "properties": { "from_node": 137, "to_node": 165, "length_km": 88.02990527276053, "delaunay_k": 2, "edge_set": "Delaunay2" }, "geometry": { "type": "LineString", "coordinates": [ [ 16.368256, 59.559375 ], [ 17.748413, 59.930248 ] ] } },
{ "type": "Feature", "properties": { "from_node": 137, "to_node": 184, "length_km": 90.56962922389431, "delaunay_k": 2, "edge_set": "Delaunay2" }, "geometry": { "type": "LineString", "coordinates": [ [ 16.368256, 59.559375 ], [ 16.284446847098103, 60.370428457277711 ] ] } },
{ "type": "Feature", "properties": { "from_node": 137, "to_node": 187, "length_km": 92.620611252730043, "delaunay_k": 2, "edge_set": "Delaunay2" }, "geometry": { "type": "LineString", "coordinates": [ [ 16.368256, 59.559375 ], [ 16.512451, 60.38672 ] ] } },
{ "type": "Feature", "properties": { "from_node": 137, "to_node": 188, "length_km": 94.005604775834868, "delaunay_k": 2, "edge_set": "Delaunay2" }, "geometry": { "type": "LineString", "coordinates": [ [ 16.368256, 59.559375 ], [ 16.177368, 60.396897 ] ] } },
{ "type": "Feature", "properties": { "from_node": 137, "to_node": 189, "length_km": 107.67567086881189, "delaunay_k": 2, "edge_set": "Delaunay2" }, "geometry": { "type": "LineString", "coordinates": [ [ 16.368256, 59.559375 ], [ 15.442657, 60.406393 ] ] } },
{ "type": "Feature", "properties": { "from_node": 137, "to_node": 190, "length_km": 107.79927685642186, "delaunay_k": 2, "edge_set": "Delaunay2" }, "geometry": { "type": "LineString", "coordinates": [ [ 16.368256, 59.559375 ], [ 17.274628, 60.412496 ] ] } },
{ "type": "Feature", "properties": { "from_node": 137, "to_node": 191, "length_km": 115.96474836675439, "delaunay_k": 2, "edge_set": "Delaunay2" }, "geometry": { "type": "LineString", "coordinates": [ [ 16.368256, 59.559375 ], [ 15.188599, 60.415208 ] ] } },
{ "type": "Feature", "properties": { "from_node": 138, "to_node": 149, "length_km": 38.323989561225027, "delaunay_k": 2, "edge_set": "Delaunay2" }, "geometry": { "type": "LineString", "coordinates": [ [ 6.481934, 59.569114 ], [ 7.086182, 59.725947 ] ] } },
{ "type": "Feature", "properties": { "from_node": 138, "to_node": 152, "length_km": 61.699330315122772, "delaunay_k": 2, "edge_set": "Delaunay2" }, "geometry": { "type": "LineString", "coordinates": [ [ 6.481934, 59.569114 ], [ 5.461578, 59.768152 ] ] } },
{ "type": "Feature", "properties": { "from_node": 138, "to_node": 153, "length_km": 41.008378689199908, "delaunay_k": 2, "edge_set": "Delaunay2" }, "geometry": { "type": "LineString", "coordinates": [ [ 6.481934, 59.569114 ], [ 7.080688, 59.777831 ] ] } },
{ "type": "Feature", "properties": { "from_node": 138, "to_node": 157, "length_km": 40.602410042870503, "delaunay_k": 2, "edge_set": "Delaunay2" }, "geometry": { "type": "LineString", "coordinates": [ [ 6.481934, 59.569114 ], [ 6.968079, 59.837916 ] ] } },
{ "type": "Feature", "properties": { "from_node": 138, "to_node": 159, "length_km": 39.407086489180351, "delaunay_k": 2, "edge_set": "Delaunay2" }, "geometry": { "type": "LineString", "coordinates": [ [ 6.481934, 59.569114 ], [ 6.113892, 59.869641 ] ] } },
{ "type": "Feature", "properties": { "from_node": 138, "to_node": 160, "length_km": 36.79311968846396, "delaunay_k": 2, "edge_set": "Delaunay2" }, "geometry": { "type": "LineString", "coordinates": [ [ 6.481934, 59.569114 ], [ 6.745605, 59.871019 ] ] } },
{ "type": "Feature", "properties": { "from_node": 138, "to_node": 214, "length_km": 151.04897691971328, "delaunay_k": 2, "edge_set": "Delaunay2" }, "geometry": { "type": "LineString", "coordinates": [ [ 6.481934, 59.569114 ], [ 4.998779, 60.703432 ] ] } },
{ "type": "Feature", "properties": { "from_node": 139, "to_node": 147, "length_km": 50.829539266882378, "delaunay_k": 2, "edge_set": "Delaunay2" }, "geometry": { "type": "LineString", "coordinates": [ [ 10.780334, 59.580242 ], [ 9.923401, 59.721792 ] ] } },
{ "type": "Feature", "properties": { "from_node": 139, "to_node": 161, "length_km": 43.951975070109675, "delaunay_k": 2, "edge_set": "Delaunay2" }, "geometry": { "type": "LineString", "coordinates": [ [ 10.780334, 59.580242 ], [ 10.288696, 59.88687 ] ] } },
{ "type": "Feature", "properties": { "from_node": 139, "to_node": 166, "length_km": 42.266400555008957, "delaunay_k": 2, "edge_set": "Delaunay2" }, "geometry": { "type": "LineString", "coordinates": [ [ 10.780334, 59.580242 ], [ 10.839386, 59.958448 ] ] } },
{ "type": "Feature", "properties": { "from_node": 140, "to_node": 163, "length_km": 99.707916041134425, "delaunay_k": 2, "edge_set": "Delaunay2" }, "geometry": { "type": "LineString", "coordinates": [ [ 10.434265, 59.620547 ], [ 8.760223, 59.917172 ] ] } },
{ "type": "Feature", "properties": { "from_node": 140, "to_node": 166, "length_km": 43.985872089391044, "delaunay_k": 2, "edge_set": "Delaunay2" }, "geometry": { "type": "LineString", "coordinates": [ [ 10.434265, 59.620547 ], [ 10.839386, 59.958448 ] ] } },
{ "type": "Feature", "properties": { "from_node": 140, "to_node": 175, "length_km": 67.14389846767402, "delaunay_k": 2, "edge_set": "Delaunay2" }, "geometry": { "type": "LineString", "coordinates": [ [ 10.434265, 59.620547 ], [ 10.092316, 60.198203 ] ] } },
{ "type": "Feature", "properties": { "from_node": 140, "to_node": 177, "length_km": 104.18225308641016, "delaunay_k": 2, "edge_set": "Delaunay2" }, "geometry": { "type": "LineString", "coordinates": [ [ 10.434265, 59.620547 ], [ 9.026642, 60.232994 ] ] } },
{ "type": "Feature", "properties": { "from_node": 141, "to_node": 147, "length_km": 118.98169658845893, "delaunay_k": 2, "edge_set": "Delaunay2" }, "geometry": { "type": "LineString", "coordinates": [ [ 7.819519, 59.632352 ], [ 9.923401, 59.721792 ] ] } },
{ "type": "Feature", "properties": { "from_node": 141, "to_node": 149, "length_km": 42.635912555637368, "delaunay_k": 2, "edge_set": "Delaunay2" }, "geometry": { "type": "LineString", "coordinates": [ [ 7.819519, 59.632352 ], [ 7.086182, 59.725947 ] ] } },
{ "type": "Feature", "properties": { "from_node": 141, "to_node": 153, "length_km": 44.665109794697699, "delaunay_k": 2, "edge_set": "Delaunay2" }, "geometry": { "type": "LineString", "coordinates": [ [ 7.819519, 59.632352 ], [ 7.080688, 59.777831 ] ] } },
{ "type": "Feature", "properties": { "from_node": 141, "to_node": 155, "length_km": 33.174653171855006, "delaunay_k": 2, "edge_set": "Delaunay2" }, "geometry": { "type": "LineString", "coordinates": [ [ 7.819519, 59.632352 ], [ 7.34024, 59.805469 ] ] } },
{ "type": "Feature", "properties": { "from_node": 141, "to_node": 163, "length_km": 61.663582242143036, "delaunay_k": 2, "edge_set": "Delaunay2" }, "geometry": { "type": "LineString", "coordinates": [ [ 7.819519, 59.632352 ], [ 8.760223, 59.917172 ] ] } },
{ "type": "Feature", "properties": { "from_node": 141, "to_node": 177, "length_km": 95.073412185345063, "delaunay_k": 2, "edge_set": "Delaunay2" }, "geometry": { "type": "LineString", "coordinates": [ [ 7.819519, 59.632352 ], [ 9.026642, 60.232994 ] ] } },
{ "type": "Feature", "properties": { "from_node": 141, "to_node": 182, "length_km": 91.735175198520025, "delaunay_k": 2, "edge_set": "Delaunay2" }, "geometry": { "type": "LineString", "coordinates": [ [ 7.819519, 59.632352 ], [ 8.596802, 60.357527 ] ] } },
{ "type": "Feature", "properties": { "from_node": 141, "to_node": 197, "length_km": 100.45577802886314, "delaunay_k": 2, "edge_set": "Delaunay2" }, "geometry": { "type": "LineString", "coordinates": [ [ 7.819519, 59.632352 ], [ 7.23587, 60.484968 ] ] } },
{ "type": "Feature", "properties": { "from_node": 141, "to_node": 199, "length_km": 99.114278315308894, "delaunay_k": 2, "edge_set": "Delaunay2" }, "geometry": { "type": "LineString", "coordinates": [ [ 7.819519, 59.632352 ], [ 8.088684, 60.511343 ] ] } },
{ "type": "Feature", "properties": { "from_node": 142, "to_node": 146, "length_km": 63.251069448670521, "delaunay_k": 2, "edge_set": "Delaunay2" }, "geometry": { "type": "LineString", "coordinates": [ [ 16.679993, 59.6386 ], [ 17.789612, 59.719715 ] ] } },
{ "type": "Feature", "properties": { "from_node": 142, "to_node": 165, "length_km": 68.328910780927956, "delaunay_k": 2, "edge_set": "Delaunay2" }, "geometry": { "type": "LineString", "coordinates": [ [ 16.679993, 59.6386 ], [ 17.748413, 59.930248 ] ] } },
{ "type": "Feature", "properties": { "from_node": 142, "to_node": 169, "length_km": 85.947996577882066, "delaunay_k": 2, "edge_set": "Delaunay2" }, "geometry": { "type": "LineString", "coordinates": [ [ 16.679993, 59.6386 ], [ 15.387726, 60.052503 ] ] } },
{ "type": "Feature", "properties": { "from_node": 142, "to_node": 184, "length_km": 84.554944789927802, "delaunay_k": 2, "edge_set": "Delaunay2" }, "geometry": { "type": "LineString", "coordinates": [ [ 16.679993, 59.6386 ], [ 16.284446847098103, 60.370428457277711 ] ] } },
{ "type": "Feature", "properties": { "from_node": 142, "to_node": 187, "length_km": 83.961998496034028, "delaunay_k": 2, "edge_set": "Delaunay2" }, "geometry": { "type": "LineString", "coordinates": [ [ 16.679993, 59.6386 ], [ 16.512451, 60.38672 ] ] } },
{ "type": "Feature", "properties": { "from_node": 142, "to_node": 190, "length_km": 92.489255344872021, "delaunay_k": 2, "edge_set": "Delaunay2" }, "geometry": { "type": "LineString", "coordinates": [ [ 16.679993, 59.6386 ], [ 17.274628, 60.412496 ] ] } },
{ "type": "Feature", "properties": { "from_node": 143, "to_node": 149, "length_km": 37.405861672426468, "delaunay_k": 2, "edge_set": "Delaunay2" }, "geometry": { "type": "LineString", "coordinates": [ [ 6.432495, 59.667741 ], [ 7.086182, 59.725947 ] ] } },
{ "type": "Feature", "properties": { "from_node": 143, "to_node": 153, "length_km": 38.509334704839617, "delaunay_k": 2, "edge_set": "Delaunay2" }, "geometry": { "type": "LineString", "coordinates": [ [ 6.432495, 59.667741 ], [ 7.080688, 59.777831 ] ] } },
{ "type": "Feature", "properties": { "from_node": 143, "to_node": 157, "length_km": 35.609405115686727, "delaunay_k": 2, "edge_set": "Delaunay2" }, "geometry": { "type": "LineString", "coordinates": [ [ 6.432495, 59.667741 ], [ 6.968079, 59.837916 ] ] } },
{ "type": "Feature", "properties": { "from_node": 143, "to_node": 164, "length_km": 42.649292873666042, "delaunay_k": 2, "edge_set": "Delaunay2" }, "geometry": { "type": "LineString", "coordinates": [ [ 6.432495, 59.667741 ], [ 5.868073, 59.923367 ] ] } },
{ "type": "Feature", "properties": { "from_node": 143, "to_node": 171, "length_km": 46.925448238496124, "delaunay_k": 2, "edge_set": "Delaunay2" }, "geometry": { "type": "LineString", "coordinates": [ [ 6.432495, 59.667741 ], [ 6.70166, 60.066211 ] ] } },
{ "type": "Feature", "properties": { "from_node": 143, "to_node": 173, "length_km": 50.726063561247273, "delaunay_k": 2, "edge_set": "Delaunay2" }, "geometry": { "type": "LineString", "coordinates": [ [ 6.432495, 59.667741 ], [ 6.297913, 60.117566 ] ] } },
{ "type": "Feature", "properties": { "from_node": 143, "to_node": 181, "length_km": 93.5985894005468, "delaunay_k": 2, "edge_set": "Delaunay2" }, "geometry": { "type": "LineString", "coordinates": [ [ 6.432495, 59.667741 ], [ 5.449219, 60.347337 ] ] } },
{ "type": "Feature", "properties": { "from_node": 143, "to_node": 195, "length_km": 109.61961789304839, "delaunay_k": 2, "edge_set": "Delaunay2" }, "geometry": { "type": "LineString", "coordinates": [ [ 6.432495, 59.667741 ], [ 5.259705, 60.456541 ] ] } },
{ "type": "Feature", "properties": { "from_node": 143, "to_node": 214, "length_km": 140.31558426094014, "delaunay_k": 2, "edge_set": "Delaunay2" }, "geometry": { "type": "LineString", "coordinates": [ [ 6.432495, 59.667741 ], [ 4.998779, 60.703432 ] ] } },
{ "type": "Feature", "properties": { "from_node": 144, "to_node": 151, "length_km": 26.448255827906699, "delaunay_k": 2, "edge_set": "Delaunay2" }, "geometry": { "type": "LineString", "coordinates": [ [ 6.904907, 59.710712 ], [ 7.36908, 59.747402 ] ] } },
{ "type": "Feature", "properties": { "from_node": 144, "to_node": 152, "length_km": 81.504168595185774, "delaunay_k": 2, "edge_set": "Delaunay2" }, "geometry": { "type": "LineString", "coordinates": [ [ 6.904907, 59.710712 ], [ 5.461578, 59.768152 ] ] } },
{ "type": "Feature", "properties": { "from_node": 144, "to_node": 155, "length_km": 26.667008443623626, "delaunay_k": 2, "edge_set": "Delaunay2" }, "geometry": { "type": "LineString", "coordinates": [ [ 6.904907, 59.710712 ], [ 7.34024, 59.805469 ] ] } },
{ "type": "Feature", "properties": { "from_node": 144, "to_node": 159, "length_km": 47.859270969002026, "delaunay_k": 2, "edge_set": "Delaunay2" }, "geometry": { "type": "LineString", "coordinates": [ [ 6.904907, 59.710712 ], [ 6.113892, 59.869641 ] ] } },
{ "type": "Feature", "properties": { "from_node": 144, "to_node": 171, "length_km": 41.240824898228524, "delaunay_k": 2, "edge_set": "Delaunay2" }, "geometry": { "type": "LineString", "coordinates": [ [ 6.904907, 59.710712 ], [ 6.70166, 60.066211 ] ] } },
{ "type": "Feature", "properties": { "from_node": 144, "to_node": 174, "length_km": 50.068574791087265, "delaunay_k": 2, "edge_set": "Delaunay2" }, "geometry": { "type": "LineString", "coordinates": [ [ 6.904907, 59.710712 ], [ 6.797791, 60.156543 ] ] } },
{ "type": "Feature", "properties": { "from_node": 145, "to_node": 150, "length_km": 33.621575090228042, "delaunay_k": 2, "edge_set": "Delaunay2" }, "geometry": { "type": "LineString", "coordinates": [ [ 17.329559, 59.716945 ], [ 17.925568, 59.730792 ] ] } },
{ "type": "Feature", "properties": { "from_node": 145, "to_node": 167, "length_km": 57.604577504444705, "delaunay_k": 2, "edge_set": "Delaunay2" }, "geometry": { "type": "LineString", "coordinates": [ [ 17.329559, 59.716945 ], [ 18.233185, 59.961198 ] ] } },
{ "type": "Feature", "properties": { "from_node": 145, "to_node": 169, "length_km": 115.08824996192619, "delaunay_k": 2, "edge_set": "Delaunay2" }, "geometry": { "type": "LineString", "coordinates": [ [ 17.329559, 59.716945 ], [ 15.387726, 60.052503 ] ] } },
{ "type": "Feature", "properties": { "from_node": 145, "to_node": 184, "length_km": 93.34079302262073, "delaunay_k": 2, "edge_set": "Delaunay2" }, "geometry": { "type": "LineString", "coordinates": [ [ 17.329559, 59.716945 ], [ 16.284446847098103, 60.370428457277711 ] ] } },
{ "type": "Feature", "properties": { "from_node": 145, "to_node": 187, "length_km": 87.515557910582515, "delaunay_k": 2, "edge_set": "Delaunay2" }, "geometry": { "type": "LineString", "coordinates": [ [ 17.329559, 59.716945 ], [ 16.512451, 60.38672 ] ] } },
{ "type": "Feature", "properties": { "from_node": 145, "to_node": 190, "length_km": 77.660271979894915, "delaunay_k": 2, "edge_set": "Delaunay2" }, "geometry": { "type": "LineString", "coordinates": [ [ 17.329559, 59.716945 ], [ 17.274628, 60.412496 ] ] } },
{ "type": "Feature", "properties": { "from_node": 145, "to_node": 194, "length_km": 91.061636622160307, "delaunay_k": 2, "edge_set": "Delaunay2" }, "geometry": { "type": "LineString", "coordinates": [ [ 17.329559, 59.716945 ], [ 18.123322, 60.430121 ] ] } },
{ "type": "Feature", "properties": { "from_node": 146, "to_node": 156, "length_km": 52.055978016416887, "delaunay_k": 2, "edge_set": "Delaunay2" }, "geometry": { "type": "LineString", "coordinates": [ [ 17.789612, 59.719715 ], [ 16.884613, 59.816518 ] ] } },
{ "type": "Feature", "properties": { "from_node": 146, "to_node": 158, "length_km": 48.655719955202478, "delaunay_k": 2, "edge_set": "Delaunay2" }, "geometry": { "type": "LineString", "coordinates": [ [ 17.789612, 59.719715 ], [ 18.621826, 59.837916 ] ] } },
{ "type": "Feature", "properties": { "from_node": 146, "to_node": 167, "length_km": 36.701313623012595, "delaunay_k": 2, "edge_set": "Delaunay2" }, "geometry": { "type": "LineString", "coordinates": [ [ 17.789612, 59.719715 ], [ 18.233185, 59.961198 ] ] } },
{ "type": "Feature", "properties": { "from_node": 146, "to_node": 190, "length_km": 82.461909929233528, "delaunay_k": 2, "edge_set": "Delaunay2" }, "geometry": { "type": "LineString", "coordinates": [ [ 17.789612, 59.719715 ], [ 17.274628, 60.412496 ] ] } },
{ "type": "Feature", "properties": { "from_node": 146, "to_node": 194, "length_km": 81.436548964856684, "delaunay_k": 2, "edge_set": "Delaunay2" }, "geometry": { "type": "LineString", "coordinates": [ [ 17.789612, 59.719715 ], [ 18.123322, 60.430121 ] ] } },
{ "type": "Feature", "properties": { "from_node": 147, "to_node": 148, "length_km": 50.692267100830641, "delaunay_k": 2, "edge_set": "Delaunay2" }, "geometry": { "type": "LineString", "coordinates": [ [ 9.923401, 59.721792 ], [ 10.82428, 59.721792 ] ] } },
{ "type": "Feature", "properties": { "from_node": 147, "to_node": 162, "length_km": 81.348740149764524, "delaunay_k": 2, "edge_set": "Delaunay2" }, "geometry": { "type": "LineString", "coordinates": [ [ 9.923401, 59.721792 ], [ 8.524017, 59.912353 ] ] } },
{ "type": "Feature", "properties": { "from_node": 147, "to_node": 166, "length_km": 57.732442702400171, "delaunay_k": 2, "edge_set": "Delaunay2" }, "geometry": { "type": "LineString", "coordinates": [ [ 9.923401, 59.721792 ], [ 10.839386, 59.958448 ] ] } },
{ "type": "Feature", "properties": { "from_node": 147, "to_node": 179, "length_km": 68.911492687897137, "delaunay_k": 2, "edge_set": "Delaunay2" }, "geometry": { "type": "LineString", "coordinates": [ [ 9.923401, 59.721792 ], [ 10.214539, 60.322868 ] ] } },
{ "type": "Feature", "properties": { "from_node": 147, "to_node": 182, "length_km": 102.40139458505571, "delaunay_k": 2, "edge_set": "Delaunay2" }, "geometry": { "type": "LineString", "coordinates": [ [ 9.923401, 59.721792 ], [ 8.596802, 60.357527 ] ] } },
{ "type": "Feature", "properties": { "from_node": 147, "to_node": 206, "length_km": 116.53074679718475, "delaunay_k": 2, "edge_set": "Delaunay2" }, "geometry": { "type": "LineString", "coordinates": [ [ 9.923401, 59.721792 ], [ 8.75885, 60.591688 ] ] } },
{ "type": "Feature", "properties": { "from_node": 148, "to_node": 169, "length_km": 258.14666632658185, "delaunay_k": 2, "edge_set": "Delaunay2" }, "geometry": { "type": "LineString", "coordinates": [ [ 10.82428, 59.721792 ], [ 15.387726, 60.052503 ] ] } },
{ "type": "Feature", "properties": { "from_node": 148, "to_node": 175, "length_km": 67.005021608921155, "delaunay_k": 2, "edge_set": "Delaunay2" }, "geometry": { "type": "LineString", "coordinates": [ [ 10.82428, 59.721792 ], [ 10.092316, 60.198203 ] ] } },
{ "type": "Feature", "properties": { "from_node": 148, "to_node": 179, "length_km": 75.106025029936035, "delaunay_k": 2, "edge_set": "Delaunay2" }, "geometry": { "type": "LineString", "coordinates": [ [ 10.82428, 59.721792 ], [ 10.214539, 60.322868 ] ] } },
{ "type": "Feature", "properties": { "from_node": 148, "to_node": 186, "length_km": 78.037574831592977, "delaunay_k": 2, "edge_set": "Delaunay2" }, "geometry": { "type": "LineString", "coordinates": [ [ 10.82428, 59.721792 ], [ 11.288452, 60.382648 ] ] } },
{ "type": "Feature", "properties": { "from_node": 148, "to_node": 191, "length_km": 254.99700258576252, "delaunay_k": 2, "edge_set": "Delaunay2" }, "geometry": { "type": "LineString", "coordinates": [ [ 10.82428, 59.721792 ], [ 15.188599, 60.415208 ] ] } },
{ "type": "Feature", "properties": { "from_node": 149, "to_node": 154, "length_km": 39.099766502641927, "delaunay_k": 2, "edge_set": "Delaunay2" }, "geometry": { "type": "LineString", "coordinates": [ [ 7.086182, 59.725947 ], [ 7.772827, 59.780596 ] ] } },
{ "type": "Feature", "properties": { "from_node": 149, "to_node": 155, "length_km": 16.813027224311384, "delaunay_k": 2, "edge_set": "Delaunay2" }, "geometry": { "type": "LineString", "coordinates": [ [ 7.086182, 59.725947 ], [ 7.34024, 59.805469 ] ] } },
{ "type": "Feature", "properties": { "from_node": 149, "to_node": 157, "length_km": 14.1384535896052, "delaunay_k": 2, "edge_set": "Delaunay2" }, "geometry": { "type": "LineString", "coordinates": [ [ 7.086182, 59.725947 ], [ 6.968079, 59.837916 ] ] } },
{ "type": "Feature", "properties": { "from_node": 149, "to_node": 160, "length_km": 25.0543159489314, "delaunay_k": 2, "edge_set": "Delaunay2" }, "geometry": { "type": "LineString", "coordinates": [ [ 7.086182, 59.725947 ], [ 6.745605, 59.871019 ] ] } },
{ "type": "Feature", "properties": { "from_node": 150, "to_node": 156, "length_km": 59.341341748544117, "delaunay_k": 2, "edge_set": "Delaunay2" }, "geometry": { "type": "LineString", "coordinates": [ [ 17.925568, 59.730792 ], [ 16.884613, 59.816518 ] ] } },
{ "type": "Feature", "properties": { "from_node": 150, "to_node": 170, "length_km": 62.666489387753856, "delaunay_k": 2, "edge_set": "Delaunay2" }, "geometry": { "type": "LineString", "coordinates": [ [ 17.925568, 59.730792 ], [ 18.8237, 60.06484 ] ] } },
{ "type": "Feature", "properties": { "from_node": 150, "to_node": 172, "length_km": 54.570273187146185, "delaunay_k": 2, "edge_set": "Delaunay2" }, "geometry": { "type": "LineString", "coordinates": [ [ 17.925568, 59.730792 ], [ 18.623199, 60.071693 ] ] } },
{ "type": "Feature", "properties": { "from_node": 150, "to_node": 190, "length_km": 84.281852397017985, "delaunay_k": 2, "edge_set": "Delaunay2" }, "geometry": { "type": "LineString", "coordinates": [ [ 17.925568, 59.730792 ], [ 17.274628, 60.412496 ] ] } },
{ "type": "Feature", "properties": { "from_node": 150, "to_node": 194, "length_km": 78.82340770198438, "delaunay_k": 2, "edge_set": "Delaunay2" }, "geometry": { "type": "LineString", "coordinates": [ [ 17.925568, 59.730792 ], [ 18.123322, 60.430121 ] ] } },
{ "type": "Feature", "properties": { "from_node": 151, "to_node": 157, "length_km": 24.687154068513255, "delaunay_k": 2, "edge_set": "Delaunay2" }, "geometry": { "type": "LineString", "coordinates": [ [ 7.36908, 59.747402 ], [ 6.968079, 59.837916 ] ] } },
{ "type": "Feature", "properties": { "from_node": 151, "to_node": 162, "length_km": 67.361429358951824, "delaunay_k": 2, "edge_set": "Delaunay2" }, "geometry": { "type": "LineString", "coordinates": [ [ 7.36908, 59.747402 ], [ 8.524017, 59.912353 ] ] } },
{ "type": "Feature", "properties": { "from_node": 151, "to_node": 174, "length_km": 55.688164478273841, "delaunay_k": 2, "edge_set": "Delaunay2" }, "geometry": { "type": "LineString", "coordinates": [ [ 7.36908, 59.747402 ], [ 6.797791, 60.156543 ] ] } },
{ "type": "Feature", "properties": { "from_node": 151, "to_node": 197, "length_km": 82.55899797935713, "delaunay_k": 2, "edge_set": "Delaunay2" }, "geometry": { "type": "LineString", "coordinates": [ [ 7.36908, 59.747402 ], [ 7.23587, 60.484968 ] ] } },
{ "type": "Feature", "properties": { "from_node": 151, "to_node": 199, "length_km": 94.088464512009665, "delaunay_k": 2, "edge_set": "Delaunay2" }, "geometry": { "type": "LineString", "coordinates": [ [ 7.36908, 59.747402 ], [ 8.088684, 60.511343 ] ] } },
{ "type": "Feature", "properties": { "from_node": 152, "to_node": 160, "length_km": 73.020040015463636, "delaunay_k": 2, "edge_set": "Delaunay2" }, "geometry": { "type": "LineString", "coordinates": [ [ 5.461578, 59.768152 ], [ 6.745605, 59.871019 ] ] } },
{ "type": "Feature", "properties": { "from_node": 152, "to_node": 171, "length_km": 76.987615049698391, "delaunay_k": 2, "edge_set": "Delaunay2" }, "geometry": { "type": "LineString", "coordinates": [ [ 5.461578, 59.768152 ], [ 6.70166, 60.066211 ] ] } },
{ "type": "Feature", "properties": { "from_node": 152, "to_node": 173, "length_km": 60.902549980824261, "delaunay_k": 2, "edge_set": "Delaunay2" }, "geometry": { "type": "LineString", "coordinates": [ [ 5.461578, 59.768152 ], [ 6.297913, 60.117566 ] ] } },
{ "type": "Feature", "properties": { "from_node": 152, "to_node": 193, "length_km": 72.888044441382675, "delaunay_k": 2, "edge_set": "Delaunay2" }, "geometry": { "type": "LineString", "coordinates": [ [ 5.461578, 59.768152 ], [ 5.494537, 60.42131 ] ] } },
{ "type": "Feature", "properties": { "from_node": 152, "to_node": 198, "length_km": 90.784918860300664, "delaunay_k": 2, "edge_set": "Delaunay2" }, "geometry": { "type": "LineString", "coordinates": [ [ 5.461578, 59.768152 ], [ 6.156464, 60.504583 ] ] } },
{ "type": "Feature", "properties": { "from_node": 152, "to_node": 209, "length_km": 101.88191418224484, "delaunay_k": 2, "edge_set": "Delaunay2" }, "geometry": { "type": "LineString", "coordinates": [ [ 5.461578, 59.768152 ], [ 5.847473, 60.661069 ] ] } },
{ "type": "Feature", "properties": { "from_node": 152, "to_node": 220, "length_km": 122.46997493829215, "delaunay_k": 2, "edge_set": "Delaunay2" }, "geometry": { "type": "LineString", "coordinates": [ [ 5.461578, 59.768152 ], [ 5.968323, 60.836881 ] ] } },
{ "type": "Feature", "properties": { "from_node": 152, "to_node": 238, "length_km": 167.08051573460375, "delaunay_k": 2, "edge_set": "Delaunay2" }, "geometry": { "type": "LineString", "coordinates": [ [ 5.461578, 59.768152 ], [ 6.093292, 61.233245 ] ] } },
{ "type": "Feature", "properties": { "from_node": 152, "to_node": 247, "length_km": 193.01040728518743, "delaunay_k": 2, "edge_set": "Delaunay2" }, "geometry": { "type": "LineString", "coordinates": [ [ 5.461578, 59.768152 ], [ 5.748596, 61.49256 ] ] } },
{ "type": "Feature", "properties": { "from_node": 152, "to_node": 254, "length_km": 219.59885083857048, "delaunay_k": 2, "edge_set": "Delaunay2" }, "geometry": { "type": "LineString", "coordinates": [ [ 5.461578, 59.768152 ], [ 5.218506, 61.732826 ] ] } },
{ "type": "Feature", "properties": { "from_node": 153, "to_node": 154, "length_km": 38.90234513747945, "delaunay_k": 2, "edge_set": "Delaunay2" }, "geometry": { "type": "LineString", "coordinates": [ [ 7.080688, 59.777831 ], [ 7.772827, 59.780596 ] ] } },
{ "type": "Feature", "properties": { "from_node": 153, "to_node": 160, "length_km": 21.489273454655212, "delaunay_k": 2, "edge_set": "Delaunay2" }, "geometry": { "type": "LineString", "coordinates": [ [ 7.080688, 59.777831 ], [ 6.745605, 59.871019 ] ] } },
{ "type": "Feature", "properties": { "from_node": 153, "to_node": 171, "length_km": 38.521321637523933, "delaunay_k": 2, "edge_set": "Delaunay2" }, "geometry": { "type": "LineString", "coordinates": [ [ 7.080688, 59.777831 ], [ 6.70166, 60.066211 ] ] } },
{ "type": "Feature", "properties": { "from_node": 153, "to_node": 174, "length_km": 45.087672561898891, "delaunay_k": 2, "edge_set": "Delaunay2" }, "geometry": { "type": "LineString", "coordinates": [ [ 7.080688, 59.777831 ], [ 6.797791, 60.156543 ] ] } },
{ "type": "Feature", "properties": { "from_node": 153, "to_node": 197, "length_km": 79.308011315118591, "delaunay_k": 2, "edge_set": "Delaunay2" }, "geometry": { "type": "LineString", "coordinates": [ [ 7.080688, 59.777831 ], [ 7.23587, 60.484968 ] ] } },
{ "type": "Feature", "properties": { "from_node": 154, "to_node": 157, "length_km": 45.639738048216195, "delaunay_k": 2, "edge_set": "Delaunay2" }, "geometry": { "type": "LineString", "coordinates": [ [ 7.772827, 59.780596 ], [ 6.968079, 59.837916 ] ] } },
{ "type": "Feature", "properties": { "from_node": 154, "to_node": 163, "length_km": 57.421544564648755, "delaunay_k": 2, "edge_set": "Delaunay2" }, "geometry": { "type": "LineString", "coordinates": [ [ 7.772827, 59.780596 ], [ 8.760223, 59.917172 ] ] } },
{ "type": "Feature", "properties": { "from_node": 154, "to_node": 174, "length_km": 68.744675194165566, "delaunay_k": 2, "edge_set": "Delaunay2" }, "geometry": { "type": "LineString", "coordinates": [ [ 7.772827, 59.780596 ], [ 6.797791, 60.156543 ] ] } },
{ "type": "Feature", "properties": { "from_node": 154, "to_node": 177, "length_km": 86.242690270995695, "delaunay_k": 2, "edge_set": "Delaunay2" }, "geometry": { "type": "LineString", "coordinates": [ [ 7.772827, 59.780596 ], [ 9.026642, 60.232994 ] ] } },
{ "type": "Feature", "properties": { "from_node": 154, "to_node": 182, "length_km": 79.002041431235327, "delaunay_k": 2, "edge_set": "Delaunay2" }, "geometry": { "type": "LineString", "coordinates": [ [ 7.772827, 59.780596 ], [ 8.596802, 60.357527 ] ] } },
{ "type": "Feature", "properties": { "from_node": 154, "to_node": 201, "length_km": 91.094237793361842, "delaunay_k": 2, "edge_set": "Delaunay2" }, "geometry": { "type": "LineString", "coordinates": [ [ 7.772827, 59.780596 ], [ 7.108154, 60.527563 ] ] } },
{ "type": "Feature", "properties": { "from_node": 154, "to_node": 206, "length_km": 105.67462673764381, "delaunay_k": 2, "edge_set": "Delaunay2" }, "geometry": { "type": "LineString", "coordinates": [ [ 7.772827, 59.780596 ], [ 8.75885, 60.591688 ] ] } },
{ "type": "Feature", "properties": { "from_node": 154, "to_node": 208, "length_km": 95.003785944761859, "delaunay_k": 2, "edge_set": "Delaunay2" }, "geometry": { "type": "LineString", "coordinates": [ [ 7.772827, 59.780596 ], [ 7.893677, 60.630775 ] ] } },
{ "type": "Feature", "properties": { "from_node": 154, "to_node": 211, "length_km": 100.68580163132185, "delaunay_k": 2, "edge_set": "Delaunay2" }, "geometry": { "type": "LineString", "coordinates": [ [ 7.772827, 59.780596 ], [ 8.084564, 60.670488 ] ] } },
{ "type": "Feature", "properties": { "from_node": 155, "to_node": 160, "length_km": 34.156860084640712, "delaunay_k": 2, "edge_set": "Delaunay2" }, "geometry": { "type": "LineString", "coordinates": [ [ 7.34024, 59.805469 ], [ 6.745605, 59.871019 ] ] } },
{ "type": "Feature", "properties": { "from_node": 155, "to_node": 162, "length_km": 67.425399417780113, "delaunay_k": 2, "edge_set": "Delaunay2" }, "geometry": { "type": "LineString", "coordinates": [ [ 7.34024, 59.805469 ], [ 8.524017, 59.912353 ] ] } },
{ "type": "Feature", "properties": { "from_node": 155, "to_node": 171, "length_km": 46.059381018205656, "delaunay_k": 2, "edge_set": "Delaunay2" }, "geometry": { "type": "LineString", "coordinates": [ [ 7.34024, 59.805469 ], [ 6.70166, 60.066211 ] ] } },
{ "type": "Feature", "properties": { "from_node": 155, "to_node": 173, "length_km": 67.872672990958975, "delaunay_k": 2, "edge_set": "Delaunay2" }, "geometry": { "type": "LineString", "coordinates": [ [ 7.34024, 59.805469 ], [ 6.297913, 60.117566 ] ] } },
{ "type": "Feature", "properties": { "from_node": 155, "to_node": 198, "length_km": 102.00675197138105, "delaunay_k": 2, "edge_set": "Delaunay2" }, "geometry": { "type": "LineString", "coordinates": [ [ 7.34024, 59.805469 ], [ 6.156464, 60.504583 ] ] } },
{ "type": "Feature", "properties": { "from_node": 155, "to_node": 199, "length_km": 88.995244269960821, "delaunay_k": 2, "edge_set": "Delaunay2" }, "geometry": { "type": "LineString", "coordinates": [ [ 7.34024, 59.805469 ], [ 8.088684, 60.511343 ] ] } },
{ "type": "Feature", "properties": { "from_node": 155, "to_node": 201, "length_km": 81.529046923052363, "delaunay_k": 2, "edge_set": "Delaunay2" }, "geometry": { "type": "LineString", "coordinates": [ [ 7.34024, 59.805469 ], [ 7.108154, 60.527563 ] ] } },
{ "type": "Feature", "properties": { "from_node": 155, "to_node": 208, "length_km": 96.984457102700048, "delaunay_k": 2, "edge_set": "Delaunay2" }, "geometry": { "type": "LineString", "coordinates": [ [ 7.34024, 59.805469 ], [ 7.893677, 60.630775 ] ] } },
{ "type": "Feature", "properties": { "from_node": 156, "to_node": 167, "length_km": 77.319046506755996, "delaunay_k": 2, "edge_set": "Delaunay2" }, "geometry": { "type": "LineString", "coordinates": [ [ 16.884613, 59.816518 ], [ 18.233185, 59.961198 ] ] } },
{ "type": "Feature", "properties": { "from_node": 156, "to_node": 188, "length_km": 75.765658880941558, "delaunay_k": 2, "edge_set": "Delaunay2" }, "geometry": { "type": "LineString", "coordinates": [ [ 16.884613, 59.816518 ], [ 16.177368, 60.396897 ] ] } },
{ "type": "Feature", "properties": { "from_node": 156, "to_node": 189, "length_km": 103.77080323480502, "delaunay_k": 2, "edge_set": "Delaunay2" }, "geometry": { "type": "LineString", "coordinates": [ [ 16.884613, 59.816518 ], [ 15.442657, 60.406393 ] ] } },
{ "type": "Feature", "properties": { "from_node": 156, "to_node": 191, "length_km": 115.60596696307871, "delaunay_k": 2, "edge_set": "Delaunay2" }, "geometry": { "type": "LineString", "coordinates": [ [ 16.884613, 59.816518 ], [ 15.188599, 60.415208 ] ] } },
{ "type": "Feature", "properties": { "from_node": 156, "to_node": 194, "length_km": 97.173074912403038, "delaunay_k": 2, "edge_set": "Delaunay2" }, "geometry": { "type": "LineString", "coordinates": [ [ 16.884613, 59.816518 ], [ 18.123322, 60.430121 ] ] } },
{ "type": "Feature", "properties": { "from_node": 156, "to_node": 202, "length_km": 101.79695389014546, "delaunay_k": 2, "edge_set": "Delaunay2" }, "geometry": { "type": "LineString", "coordinates": [ [ 16.884613, 59.816518 ], [ 18.020325, 60.532293 ] ] } },
{ "type": "Feature", "properties": { "from_node": 156, "to_node": 203, "length_km": 82.450614019442099, "delaunay_k": 2, "edge_set": "Delaunay2" }, "geometry": { "type": "LineString", "coordinates": [ [ 16.884613, 59.816518 ], [ 17.059021, 60.550528 ] ] } },
{ "type": "Feature", "properties": { "from_node": 156, "to_node": 204, "length_km": 84.20296315542852, "delaunay_k": 2, "edge_set": "Delaunay2" }, "geometry": { "type": "LineString", "coordinates": [ [ 16.884613, 59.816518 ], [ 16.972504, 60.570102 ] ] } },
{ "type": "Feature", "properties": { "from_node": 156, "to_node": 212, "length_km": 97.768580221444665, "delaunay_k": 2, "edge_set": "Delaunay2" }, "geometry": { "type": "LineString", "coordinates": [ [ 16.884613, 59.816518 ], [ 16.931305, 60.692679 ] ] } },
{ "type": "Feature", "properties": { "from_node": 156, "to_node": 213, "length_km": 99.913529061423688, "delaunay_k": 2, "edge_set": "Delaunay2" }, "geometry": { "type": "LineString", "coordinates": [ [ 16.884613, 59.816518 ], [ 17.179871, 60.700072 ] ] } },
{ "type": "Feature", "properties": { "from_node": 157, "to_node": 159, "length_km": 48.046066177295067, "delaunay_k": 2, "edge_set": "Delaunay2" }, "geometry": { "type": "LineString", "coordinates": [ [ 6.968079, 59.837916 ], [ 6.113892, 59.869641 ] ] } },
{ "type": "Feature", "properties": { "from_node": 157, "to_node": 173, "length_km": 48.7334352949796, "delaunay_k": 2, "edge_set": "Delaunay2" }, "geometry": { "type": "LineString", "coordinates": [ [ 6.968079, 59.837916 ], [ 6.297913, 60.117566 ] ] } },
{ "type": "Feature", "properties": { "from_node": 157, "to_node": 197, "length_km": 73.658339792981295, "delaunay_k": 2, "edge_set": "Delaunay2" }, "geometry": { "type": "LineString", "coordinates": [ [ 6.968079, 59.837916 ], [ 7.23587, 60.484968 ] ] } },
{ "type": "Feature", "properties": { "from_node": 157, "to_node": 198, "length_km": 86.945646291070446, "delaunay_k": 2, "edge_set": "Delaunay2" }, "geometry": { "type": "LineString", "coordinates": [ [ 6.968079, 59.837916 ], [ 6.156464, 60.504583 ] ] } },
{ "type": "Feature", "properties": { "from_node": 157, "to_node": 201, "length_km": 77.282920538637157, "delaunay_k": 2, "edge_set": "Delaunay2" }, "geometry": { "type": "LineString", "coordinates": [ [ 6.968079, 59.837916 ], [ 7.108154, 60.527563 ] ] } },
{ "type": "Feature", "properties": { "from_node": 158, "to_node": 165, "length_km": 50.067635204579233, "delaunay_k": 2, "edge_set": "Delaunay2" }, "geometry": { "type": "LineString", "coordinates": [ [ 18.621826, 59.837916 ], [ 17.748413, 59.930248 ] ] } },
{ "type": "Feature", "properties": { "from_node": 158, "to_node": 194, "length_km": 71.695448167554929, "delaunay_k": 2, "edge_set": "Delaunay2" }, "geometry": { "type": "LineString", "coordinates": [ [ 18.621826, 59.837916 ], [ 18.123322, 60.430121 ] ] } },
{ "type": "Feature", "properties": { "from_node": 159, "to_node": 174, "length_km": 49.812828728002991, "delaunay_k": 2, "edge_set": "Delaunay2" }, "geometry": { "type": "LineString", "coordinates": [ [ 6.113892, 59.869641 ], [ 6.797791, 60.156543 ] ] } },
{ "type": "Feature", "properties": { "from_node": 159, "to_node": 181, "length_km": 64.875511471953502, "delaunay_k": 2, "edge_set": "Delaunay2" }, "geometry": { "type": "LineString", "coordinates": [ [ 6.113892, 59.869641 ], [ 5.449219, 60.347337 ] ] } },
{ "type": "Feature", "properties": { "from_node": 159, "to_node": 195, "length_km": 80.87446917190077, "delaunay_k": 2, "edge_set": "Delaunay2" }, "geometry": { "type": "LineString", "coordinates": [ [ 6.113892, 59.869641 ], [ 5.259705, 60.456541 ] ] } },
{ "type": "Feature", "properties": { "from_node": 159, "to_node": 198, "length_km": 70.853492540184334, "delaunay_k": 2, "edge_set": "Delaunay2" }, "geometry": { "type": "LineString", "coordinates": [ [ 6.113892, 59.869641 ], [ 6.156464, 60.504583 ] ] } },
{ "type": "Feature", "properties": { "from_node": 159, "to_node": 214, "length_km": 111.64800278420097, "delaunay_k": 2, "edge_set": "Delaunay2" }, "geometry": { "type": "LineString", "coordinates": [ [ 6.113892, 59.869641 ], [ 4.998779, 60.703432 ] ] } },
{ "type": "Feature", "properties": { "from_node": 160, "to_node": 164, "length_km": 49.510590492541041, "delaunay_k": 2, "edge_set": "Delaunay2" }, "geometry": { "type": "LineString", "coordinates": [ [ 6.745605, 59.871019 ], [ 5.868073, 59.923367 ] ] } },
{ "type": "Feature", "properties": { "from_node": 160, "to_node": 173, "length_km": 37.164472529987371, "delaunay_k": 2, "edge_set": "Delaunay2" }, "geometry": { "type": "LineString", "coordinates": [ [ 6.745605, 59.871019 ], [ 6.297913, 60.117566 ] ] } },
{ "type": "Feature", "properties": { "from_node": 160, "to_node": 174, "length_km": 31.969040946119833, "delaunay_k": 2, "edge_set": "Delaunay2" }, "geometry": { "type": "LineString", "coordinates": [ [ 6.745605, 59.871019 ], [ 6.797791, 60.156543 ] ] } },
{ "type": "Feature", "properties": { "from_node": 161, "to_node": 163, "length_km": 85.617119033491079, "delaunay_k": 2, "edge_set": "Delaunay2" }, "geometry": { "type": "LineString", "coordinates": [ [ 10.288696, 59.88687 ], [ 8.760223, 59.917172 ] ] } },
{ "type": "Feature", "properties": { "from_node": 161, "to_node": 177, "length_km": 80.185210219474783, "delaunay_k": 2, "edge_set": "Delaunay2" }, "geometry": { "type": "LineString", "coordinates": [ [ 10.288696, 59.88687 ], [ 9.026642, 60.232994 ] ] } },
{ "type": "Feature", "properties": { "from_node": 161, "to_node": 179, "length_km": 48.753464695493463, "delaunay_k": 2, "edge_set": "Delaunay2" }, "geometry": { "type": "LineString", "coordinates": [ [ 10.288696, 59.88687 ], [ 10.214539, 60.322868 ] ] } },
{ "type": "Feature", "properties": { "from_node": 161, "to_node": 186, "length_km": 78.345015833639991, "delaunay_k": 2, "edge_set": "Delaunay2" }, "geometry": { "type": "LineString", "coordinates": [ [ 10.288696, 59.88687 ], [ 11.288452, 60.382648 ] ] } },
{ "type": "Feature", "properties": { "from_node": 162, "to_node": 175, "length_km": 93.001459968545717, "delaunay_k": 2, "edge_set": "Delaunay2" }, "geometry": { "type": "LineString", "coordinates": [ [ 8.524017, 59.912353 ], [ 10.092316, 60.198203 ] ] } },
{ "type": "Feature", "properties": { "from_node": 162, "to_node": 179, "length_km": 104.5454678889989, "delaunay_k": 2, "edge_set": "Delaunay2" }, "geometry": { "type": "LineString", "coordinates": [ [ 8.524017, 59.912353 ], [ 10.214539, 60.322868 ] ] } },
{ "type": "Feature", "properties": { "from_node": 162, "to_node": 197, "length_km": 95.825970314749014, "delaunay_k": 2, "edge_set": "Delaunay2" }, "geometry": { "type": "LineString", "coordinates": [ [ 8.524017, 59.912353 ], [ 7.23587, 60.484968 ] ] } },
{ "type": "Feature", "properties": { "from_node": 162, "to_node": 206, "length_km": 76.818960812052595, "delaunay_k": 2, "edge_set": "Delaunay2" }, "geometry": { "type": "LineString", "coordinates": [ [ 8.524017, 59.912353 ], [ 8.75885, 60.591688 ] ] } },
{ "type": "Feature", "properties": { "from_node": 162, "to_node": 208, "length_km": 87.346551464784838, "delaunay_k": 2, "edge_set": "Delaunay2" }, "geometry": { "type": "LineString", "coordinates": [ [ 8.524017, 59.912353 ], [ 7.893677, 60.630775 ] ] } },
{ "type": "Feature", "properties": { "from_node": 162, "to_node": 211, "length_km": 87.926302349754309, "delaunay_k": 2, "edge_set": "Delaunay2" }, "geometry": { "type": "LineString", "coordinates": [ [ 8.524017, 59.912353 ], [ 8.084564, 60.670488 ] ] } },
{ "type": "Feature", "properties": { "from_node": 163, "to_node": 175, "length_km": 80.546850330939961, "delaunay_k": 2, "edge_set": "Delaunay2" }, "geometry": { "type": "LineString", "coordinates": [ [ 8.760223, 59.917172 ], [ 10.092316, 60.198203 ] ] } },
{ "type": "Feature", "properties": { "from_node": 163, "to_node": 179, "length_km": 92.642976794685154, "delaunay_k": 2, "edge_set": "Delaunay2" }, "geometry": { "type": "LineString", "coordinates": [ [ 8.760223, 59.917172 ], [ 10.214539, 60.322868 ] ] } },
{ "type": "Feature", "properties": { "from_node": 163, "to_node": 182, "length_km": 49.908612472780398, "delaunay_k": 2, "edge_set": "Delaunay2" }, "geometry": { "type": "LineString", "coordinates": [ [ 8.760223, 59.917172 ], [ 8.596802, 60.357527 ] ] } },
{ "type": "Feature", "properties": { "from_node": 163, "to_node": 199, "length_km": 75.973806183411597, "delaunay_k": 2, "edge_set": "Delaunay2" }, "geometry": { "type": "LineString", "coordinates": [ [ 8.760223, 59.917172 ], [ 8.088684, 60.511343 ] ] } },
{ "type": "Feature", "properties": { "from_node": 163, "to_node": 206, "length_km": 75.171064556373182, "delaunay_k": 2, "edge_set": "Delaunay2" }, "geometry": { "type": "LineString", "coordinates": [ [ 8.760223, 59.917172 ], [ 8.75885, 60.591688 ] ] } },
{ "type": "Feature", "properties": { "from_node": 164, "to_node": 171, "length_km": 49.215553844608785, "delaunay_k": 2, "edge_set": "Delaunay2" }, "geometry": { "type": "LineString", "coordinates": [ [ 5.868073, 59.923367 ], [ 6.70166, 60.066211 ] ] } },
{ "type": "Feature", "properties": { "from_node": 164, "to_node": 174, "length_km": 58.017827098565895, "delaunay_k": 2, "edge_set": "Delaunay2" }, "geometry": { "type": "LineString", "coordinates": [ [ 5.868073, 59.923367 ], [ 6.797791, 60.156543 ] ] } },
{ "type": "Feature", "properties": { "from_node": 164, "to_node": 193, "length_km": 59.297298384386664, "delaunay_k": 2, "edge_set": "Delaunay2" }, "geometry": { "type": "LineString", "coordinates": [ [ 5.868073, 59.923367 ], [ 5.494537, 60.42131 ] ] } },
{ "type": "Feature", "properties": { "from_node": 164, "to_node": 195, "length_km": 68.407477942699572, "delaunay_k": 2, "edge_set": "Delaunay2" }, "geometry": { "type": "LineString", "coordinates": [ [ 5.868073, 59.923367 ], [ 5.259705, 60.456541 ] ] } },
{ "type": "Feature", "properties": { "from_node": 164, "to_node": 198, "length_km": 66.771808592014295, "delaunay_k": 2, "edge_set": "Delaunay2" }, "geometry": { "type": "LineString", "coordinates": [ [ 5.868073, 59.923367 ], [ 6.156464, 60.504583 ] ] } },
{ "type": "Feature", "properties": { "from_node": 164, "to_node": 214, "length_km": 99.436025529530582, "delaunay_k": 2, "edge_set": "Delaunay2" }, "geometry": { "type": "LineString", "coordinates": [ [ 5.868073, 59.923367 ], [ 4.998779, 60.703432 ] ] } },
{ "type": "Feature", "properties": { "from_node": 165, "to_node": 169, "length_km": 132.598589609962, "delaunay_k": 2, "edge_set": "Delaunay2" }, "geometry": { "type": "LineString", "coordinates": [ [ 17.748413, 59.930248 ], [ 15.387726, 60.052503 ] ] } },
{ "type": "Feature", "properties": { "from_node": 165, "to_node": 170, "length_km": 61.96517900455764, "delaunay_k": 2, "edge_set": "Delaunay2" }, "geometry": { "type": "LineString", "coordinates": [ [ 17.748413, 59.930248 ], [ 18.8237, 60.06484 ] ] } },
{ "type": "Feature", "properties": { "from_node": 165, "to_node": 172, "length_km": 51.384744949895598, "delaunay_k": 2, "edge_set": "Delaunay2" }, "geometry": { "type": "LineString", "coordinates": [ [ 17.748413, 59.930248 ], [ 18.623199, 60.071693 ] ] } },
{ "type": "Feature", "properties": { "from_node": 165, "to_node": 184, "length_km": 95.077576003982259, "delaunay_k": 2, "edge_set": "Delaunay2" }, "geometry": { "type": "LineString", "coordinates": [ [ 17.748413, 59.930248 ], [ 16.284446847098103, 60.370428457277711 ] ] } },
{ "type": "Feature", "properties": { "from_node": 165, "to_node": 187, "length_km": 85.533508605502959, "delaunay_k": 2, "edge_set": "Delaunay2" }, "geometry": { "type": "LineString", "coordinates": [ [ 17.748413, 59.930248 ], [ 16.512451, 60.38672 ] ] } },
{ "type": "Feature", "properties": { "from_node": 165, "to_node": 202, "length_km": 68.860724925013784, "delaunay_k": 2, "edge_set": "Delaunay2" }, "geometry": { "type": "LineString", "coordinates": [ [ 17.748413, 59.930248 ], [ 18.020325, 60.532293 ] ] } },
{ "type": "Feature", "properties": { "from_node": 165, "to_node": 203, "length_km": 79.068582855727115, "delaunay_k": 2, "edge_set": "Delaunay2" }, "geometry": { "type": "LineString", "coordinates": [ [ 17.748413, 59.930248 ], [ 17.059021, 60.550528 ] ] } },
{ "type": "Feature", "properties": { "from_node": 165, "to_node": 213, "length_km": 91.475910377572063, "delaunay_k": 2, "edge_set": "Delaunay2" }, "geometry": { "type": "LineString", "coordinates": [ [ 17.748413, 59.930248 ], [ 17.179871, 60.700072 ] ] } },
{ "type": "Feature", "properties": { "from_node": 166, "to_node": 169, "length_km": 253.97112430902087, "delaunay_k": 2, "edge_set": "Delaunay2" }, "geometry": { "type": "LineString", "coordinates": [ [ 10.839386, 59.958448 ], [ 15.387726, 60.052503 ] ] } },
{ "type": "Feature", "properties": { "from_node": 166, "to_node": 177, "length_km": 105.40037565739549, "delaunay_k": 2, "edge_set": "Delaunay2" }, "geometry": { "type": "LineString", "coordinates": [ [ 10.839386, 59.958448 ], [ 9.026642, 60.232994 ] ] } },
{ "type": "Feature", "properties": { "from_node": 166, "to_node": 191, "length_km": 246.61762244353082, "delaunay_k": 2, "edge_set": "Delaunay2" }, "geometry": { "type": "LineString", "coordinates": [ [ 10.839386, 59.958448 ], [ 15.188599, 60.415208 ] ] } },
{ "type": "Feature", "properties": { "from_node": 166, "to_node": 206, "length_km": 135.03241176884802, "delaunay_k": 2, "edge_set": "Delaunay2" }, "geometry": { "type": "LineString", "coordinates": [ [ 10.839386, 59.958448 ], [ 8.75885, 60.591688 ] ] } },
{ "type": "Feature", "properties": { "from_node": 166, "to_node": 217, "length_km": 97.26510051983729, "delaunay_k": 2, "edge_set": "Delaunay2" }, "geometry": { "type": "LineString", "coordinates": [ [ 10.839386, 59.958448 ], [ 11.160736, 60.816799 ] ] } },
{ "type": "Feature", "properties": { "from_node": 166, "to_node": 218, "length_km": 96.732703357497726, "delaunay_k": 2, "edge_set": "Delaunay2" }, "geometry": { "type": "LineString", "coordinates": [ [ 10.839386, 59.958448 ], [ 10.604553, 60.818808 ] ] } },
{ "type": "Feature", "properties": { "from_node": 167, "to_node": 170, "length_km": 34.972483473974705, "delaunay_k": 2, "edge_set": "Delaunay2" }, "geometry": { "type": "LineString", "coordinates": [ [ 18.233185, 59.961198 ], [ 18.8237, 60.06484 ] ] } },
{ "type": "Feature", "properties": { "from_node": 167, "to_node": 190, "length_km": 73.305109168646041, "delaunay_k": 2, "edge_set": "Delaunay2" }, "geometry": { "type": "LineString", "coordinates": [ [ 18.233185, 59.961198 ], [ 17.274628, 60.412496 ] ] } },
{ "type": "Feature", "properties": { "from_node": 167, "to_node": 202, "length_km": 64.825500315605481, "delaunay_k": 2, "edge_set": "Delaunay2" }, "geometry": { "type": "LineString", "coordinates": [ [ 18.233185, 59.961198 ], [ 18.020325, 60.532293 ] ] } },
{ "type": "Feature", "properties": { "from_node": 168, "to_node": 180, "length_km": 69.6590937353768, "delaunay_k": 2, "edge_set": "Delaunay2" }, "geometry": { "type": "LineString", "coordinates": [ [ 23.819733, 60.047704 ], [ 24.930725, 60.330347 ] ] } },
{ "type": "Feature", "properties": { "from_node": 168, "to_node": 185, "length_km": 85.969348502326881, "delaunay_k": 2, "edge_set": "Delaunay2" }, "geometry": { "type": "LineString", "coordinates": [ [ 23.819733, 60.047704 ], [ 25.209503, 60.378575 ] ] } },
{ "type": "Feature", "properties": { "from_node": 168, "to_node": 196, "length_km": 112.94283162937322, "delaunay_k": 2, "edge_set": "Delaunay2" }, "geometry": { "type": "LineString", "coordinates": [ [ 23.819733, 60.047704 ], [ 25.659943, 60.469404 ] ] } },
{ "type": "Feature", "properties": { "from_node": 168, "to_node": 200, "length_km": 92.403860472543968, "delaunay_k": 2, "edge_set": "Delaunay2" }, "geometry": { "type": "LineString", "coordinates": [ [ 23.819733, 60.047704 ], [ 22.457428, 60.52013 ] ] } },
{ "type": "Feature", "properties": { "from_node": 168, "to_node": 205, "length_km": 90.079519979031687, "delaunay_k": 2, "edge_set": "Delaunay2" }, "geometry": { "type": "LineString", "coordinates": [ [ 23.819733, 60.047704 ], [ 25.040588, 60.5755 ] ] } },
{ "type": "Feature", "properties": { "from_node": 168, "to_node": 215, "length_km": 196.05412957775238, "delaunay_k": 2, "edge_set": "Delaunay2" }, "geometry": { "type": "LineString", "coordinates": [ [ 23.819733, 60.047704 ], [ 27.063446, 60.737015 ] ] } },
{ "type": "Feature", "properties": { "from_node": 168, "to_node": 219, "length_km": 88.682392926506168, "delaunay_k": 2, "edge_set": "Delaunay2" }, "geometry": { "type": "LineString", "coordinates": [ [ 23.819733, 60.047704 ], [ 23.579407, 60.830188 ] ] } },
{ "type": "Feature", "properties": { "from_node": 168, "to_node": 221, "length_km": 180.34060358220228, "delaunay_k": 2, "edge_set": "Delaunay2" }, "geometry": { "type": "LineString", "coordinates": [ [ 23.819733, 60.047704 ], [ 26.621246, 60.865644 ] ] } },
{ "type": "Feature", "properties": { "from_node": 168, "to_node": 223, "length_km": 246.24320869915249, "delaunay_k": 2, "edge_set": "Delaunay2" }, "geometry": { "type": "LineString", "coordinates": [ [ 23.819733, 60.047704 ], [ 27.919006, 60.893713 ] ] } },
{ "type": "Feature", "properties": { "from_node": 168, "to_node": 224, "length_km": 113.78143790999817, "delaunay_k": 2, "edge_set": "Delaunay2" }, "geometry": { "type": "LineString", "coordinates": [ [ 23.819733, 60.047704 ], [ 24.915619, 60.906402 ] ] } },
{ "type": "Feature", "properties": { "from_node": 169, "to_node": 186, "length_km": 230.20426213731608, "delaunay_k": 2, "edge_set": "Delaunay2" }, "geometry": { "type": "LineString", "coordinates": [ [ 15.387726, 60.052503 ], [ 11.288452, 60.382648 ] ] } },
{ "type": "Feature", "properties": { "from_node": 169, "to_node": 187, "length_km": 72.675454419815409, "delaunay_k": 2, "edge_set": "Delaunay2" }, "geometry": { "type": "LineString", "coordinates": [ [ 15.387726, 60.052503 ], [ 16.512451, 60.38672 ] ] } },
{ "type": "Feature", "properties": { "from_node": 169, "to_node": 190, "length_km": 112.08200292937889, "delaunay_k": 2, "edge_set": "Delaunay2" }, "geometry": { "type": "LineString", "coordinates": [ [ 15.387726, 60.052503 ], [ 17.274628, 60.412496 ] ] } },
{ "type": "Feature", "properties": { "from_node": 169, "to_node": 212, "length_km": 111.17940251263202, "delaunay_k": 2, "edge_set": "Delaunay2" }, "geometry": { "type": "LineString", "coordinates": [ [ 15.387726, 60.052503 ], [ 16.931305, 60.692679 ] ] } },
{ "type": "Feature", "properties": { "from_node": 169, "to_node": 217, "length_km": 247.85147444167532, "delaunay_k": 2, "edge_set": "Delaunay2" }, "geometry": { "type": "LineString", "coordinates": [ [ 15.387726, 60.052503 ], [ 11.160736, 60.816799 ] ] } },
{ "type": "Feature", "properties": { "from_node": 169, "to_node": 226, "length_km": 118.90086788677222, "delaunay_k": 2, "edge_set": "Delaunay2" }, "geometry": { "type": "LineString", "coordinates": [ [ 15.387726, 60.052503 ], [ 16.637421, 60.922424 ] ] } },
{ "type": "Feature", "properties": { "from_node": 169, "to_node": 242, "length_km": 161.87195903648953, "delaunay_k": 2, "edge_set": "Delaunay2" }, "geometry": { "type": "LineString", "coordinates": [ [ 15.387726, 60.052503 ], [ 16.44928, 61.407894 ] ] } },
{ "type": "Feature", "properties": { "from_node": 169, "to_node": 259, "length_km": 205.70496759141031, "delaunay_k": 2, "edge_set": "Delaunay2" }, "geometry": { "type": "LineString", "coordinates": [ [ 15.387726, 60.052503 ], [ 15.843658, 61.88399 ] ] } },
{ "type": "Feature", "properties": { "from_node": 169, "to_node": 261, "length_km": 234.55774930876296, "delaunay_k": 2, "edge_set": "Delaunay2" }, "geometry": { "type": "LineString", "coordinates": [ [ 15.387726, 60.052503 ], [ 14.16687, 62.071739 ] ] } },
{ "type": "Feature", "properties": { "from_node": 170, "to_node": 190, "length_km": 94.310848235429646, "delaunay_k": 2, "edge_set": "Delaunay2" }, "geometry": { "type": "LineString", "coordinates": [ [ 18.8237, 60.06484 ], [ 17.274628, 60.412496 ] ] } },
{ "type": "Feature", "properties": { "from_node": 171, "to_node": 181, "length_km": 76.263576473257444, "delaunay_k": 2, "edge_set": "Delaunay2" }, "geometry": { "type": "LineString", "coordinates": [ [ 6.70166, 60.066211 ], [ 5.449219, 60.347337 ] ] } },
{ "type": "Feature", "properties": { "from_node": 171, "to_node": 197, "length_km": 55.2718570142411, "delaunay_k": 2, "edge_set": "Delaunay2" }, "geometry": { "type": "LineString", "coordinates": [ [ 6.70166, 60.066211 ], [ 7.23587, 60.484968 ] ] } },
{ "type": "Feature", "properties": { "from_node": 171, "to_node": 198, "length_km": 57.454451536088641, "delaunay_k": 2, "edge_set": "Delaunay2" }, "geometry": { "type": "LineString", "coordinates": [ [ 6.70166, 60.066211 ], [ 6.156464, 60.504583 ] ] } },
{ "type": "Feature", "properties": { "from_node": 171, "to_node": 201, "length_km": 56.143619377006388, "delaunay_k": 2, "edge_set": "Delaunay2" }, "geometry": { "type": "LineString", "coordinates": [ [ 6.70166, 60.066211 ], [ 7.108154, 60.527563 ] ] } },
{ "type": "Feature", "properties": { "from_node": 172, "to_node": 190, "length_km": 83.934213252225476, "delaunay_k": 2, "edge_set": "Delaunay2" }, "geometry": { "type": "LineString", "coordinates": [ [ 18.623199, 60.071693 ], [ 17.274628, 60.412496 ] ] } },
{ "type": "Feature", "properties": { "from_node": 173, "to_node": 193, "length_km": 55.938439750990248, "delaunay_k": 2, "edge_set": "Delaunay2" }, "geometry": { "type": "LineString", "coordinates": [ [ 6.297913, 60.117566 ], [ 5.494537, 60.42131 ] ] } },
{ "type": "Feature", "properties": { "from_node": 173, "to_node": 195, "length_km": 68.81314433140524, "delaunay_k": 2, "edge_set": "Delaunay2" }, "geometry": { "type": "LineString", "coordinates": [ [ 6.297913, 60.117566 ], [ 5.259705, 60.456541 ] ] } },
{ "type": "Feature", "properties": { "from_node": 173, "to_node": 197, "length_km": 66.120783230797102, "delaunay_k": 2, "edge_set": "Delaunay2" }, "geometry": { "type": "LineString", "coordinates": [ [ 6.297913, 60.117566 ], [ 7.23587, 60.484968 ] ] } },
{ "type": "Feature", "properties": { "from_node": 173, "to_node": 201, "length_km": 64.01248431993794, "delaunay_k": 2, "edge_set": "Delaunay2" }, "geometry": { "type": "LineString", "coordinates": [ [ 6.297913, 60.117566 ], [ 7.108154, 60.527563 ] ] } },
{ "type": "Feature", "properties": { "from_node": 173, "to_node": 209, "length_km": 65.519310122002395, "delaunay_k": 2, "edge_set": "Delaunay2" }, "geometry": { "type": "LineString", "coordinates": [ [ 6.297913, 60.117566 ], [ 5.847473, 60.661069 ] ] } },
{ "type": "Feature", "properties": { "from_node": 173, "to_node": 210, "length_km": 61.959667638784893, "delaunay_k": 2, "edge_set": "Delaunay2" }, "geometry": { "type": "LineString", "coordinates": [ [ 6.297913, 60.117566 ], [ 6.100159, 60.664433 ] ] } },
{ "type": "Feature", "properties": { "from_node": 174, "to_node": 181, "length_km": 77.721560298951331, "delaunay_k": 2, "edge_set": "Delaunay2" }, "geometry": { "type": "LineString", "coordinates": [ [ 6.797791, 60.156543 ], [ 5.449219, 60.347337 ] ] } },
{ "type": "Feature", "properties": { "from_node": 174, "to_node": 193, "length_km": 77.965693698152506, "delaunay_k": 2, "edge_set": "Delaunay2" }, "geometry": { "type": "LineString", "coordinates": [ [ 6.797791, 60.156543 ], [ 5.494537, 60.42131 ] ] } },
{ "type": "Feature", "properties": { "from_node": 174, "to_node": 199, "length_km": 81.573940561592906, "delaunay_k": 2, "edge_set": "Delaunay2" }, "geometry": { "type": "LineString", "coordinates": [ [ 6.797791, 60.156543 ], [ 8.088684, 60.511343 ] ] } },
{ "type": "Feature", "properties": { "from_node": 174, "to_node": 208, "length_km": 80.312805450531485, "delaunay_k": 2, "edge_set": "Delaunay2" }, "geometry": { "type": "LineString", "coordinates": [ [ 6.797791, 60.156543 ], [ 7.893677, 60.630775 ] ] } },
{ "type": "Feature", "properties": { "from_node": 174, "to_node": 209, "length_km": 76.899903569823195, "delaunay_k": 2, "edge_set": "Delaunay2" }, "geometry": { "type": "LineString", "coordinates": [ [ 6.797791, 60.156543 ], [ 5.847473, 60.661069 ] ] } },
{ "type": "Feature", "properties": { "from_node": 174, "to_node": 210, "length_km": 68.472068573873798, "delaunay_k": 2, "edge_set": "Delaunay2" }, "geometry": { "type": "LineString", "coordinates": [ [ 6.797791, 60.156543 ], [ 6.100159, 60.664433 ] ] } },
{ "type": "Feature", "properties": { "from_node": 174, "to_node": 227, "length_km": 93.823235504373358, "delaunay_k": 2, "edge_set": "Delaunay2" }, "geometry": { "type": "LineString", "coordinates": [ [ 6.797791, 60.156543 ], [ 7.462463, 60.931767 ] ] } },
{ "type": "Feature", "properties": { "from_node": 174, "to_node": 228, "length_km": 91.456390613405745, "delaunay_k": 2, "edge_set": "Delaunay2" }, "geometry": { "type": "LineString", "coordinates": [ [ 6.797791, 60.156543 ], [ 7.216644, 60.950443 ] ] } },
{ "type": "Feature", "properties": { "from_node": 174, "to_node": 230, "length_km": 99.458680251501661, "delaunay_k": 2, "edge_set": "Delaunay2" }, "geometry": { "type": "LineString", "coordinates": [ [ 6.797791, 60.156543 ], [ 6.60965, 61.043662 ] ] } },
{ "type": "Feature", "properties": { "from_node": 175, "to_node": 182, "length_km": 84.642796634540417, "delaunay_k": 2, "edge_set": "Delaunay2" }, "geometry": { "type": "LineString", "coordinates": [ [ 10.092316, 60.198203 ], [ 8.596802, 60.357527 ] ] } },
{ "type": "Feature", "properties": { "from_node": 175, "to_node": 186, "length_km": 69.277314427509879, "delaunay_k": 2, "edge_set": "Delaunay2" }, "geometry": { "type": "LineString", "coordinates": [ [ 10.092316, 60.198203 ], [ 11.288452, 60.382648 ] ] } },
{ "type": "Feature", "properties": { "from_node": 175, "to_node": 206, "length_km": 85.608319832572619, "delaunay_k": 2, "edge_set": "Delaunay2" }, "geometry": { "type": "LineString", "coordinates": [ [ 10.092316, 60.198203 ], [ 8.75885, 60.591688 ] ] } },
{ "type": "Feature", "properties": { "from_node": 175, "to_node": 218, "length_km": 74.658545583270907, "delaunay_k": 2, "edge_set": "Delaunay2" }, "geometry": { "type": "LineString", "coordinates": [ [ 10.092316, 60.198203 ], [ 10.604553, 60.818808 ] ] } },
{ "type": "Feature", "properties": { "from_node": 176, "to_node": 183, "length_km": 98.565442652499229, "delaunay_k": 2, "edge_set": "Delaunay2" }, "geometry": { "type": "LineString", "coordinates": [ [ 24.656067, 60.20571 ], [ 22.913361, 60.363639 ] ] } },
{ "type": "Feature", "properties": { "from_node": 176, "to_node": 196, "length_km": 63.193225735521814, "delaunay_k": 2, "edge_set": "Delaunay2" }, "geometry": { "type": "LineString", "coordinates": [ [ 24.656067, 60.20571 ], [ 25.659943, 60.469404 ] ] } },
{ "type": "Feature", "properties": { "from_node": 176, "to_node": 205, "length_km": 46.650938432277407, "delaunay_k": 2, "edge_set": "Delaunay2" }, "geometry": { "type": "LineString", "coordinates": [ [ 24.656067, 60.20571 ], [ 25.040588, 60.5755 ] ] } },
{ "type": "Feature", "properties": { "from_node": 176, "to_node": 215, "length_km": 146.16322400167053, "delaunay_k": 2, "edge_set": "Delaunay2" }, "geometry": { "type": "LineString", "coordinates": [ [ 24.656067, 60.20571 ], [ 27.063446, 60.737015 ] ] } },
{ "type": "Feature", "properties": { "from_node": 176, "to_node": 219, "length_km": 91.863643005973557, "delaunay_k": 2, "edge_set": "Delaunay2" }, "geometry": { "type": "LineString", "coordinates": [ [ 24.656067, 60.20571 ], [ 23.579407, 60.830188 ] ] } },
{ "type": "Feature", "properties": { "from_node": 176, "to_node": 221, "length_km": 131.5274555591362, "delaunay_k": 2, "edge_set": "Delaunay2" }, "geometry": { "type": "LineString", "coordinates": [ [ 24.656067, 60.20571 ], [ 26.621246, 60.865644 ] ] } },
{ "type": "Feature", "properties": { "from_node": 176, "to_node": 223, "length_km": 196.33263516140167, "delaunay_k": 2, "edge_set": "Delaunay2" }, "geometry": { "type": "LineString", "coordinates": [ [ 24.656067, 60.20571 ], [ 27.919006, 60.893713 ] ] } },
{ "type": "Feature", "properties": { "from_node": 176, "to_node": 224, "length_km": 79.887329449325506, "delaunay_k": 2, "edge_set": "Delaunay2" }, "geometry": { "type": "LineString", "coordinates": [ [ 24.656067, 60.20571 ], [ 24.915619, 60.906402 ] ] } },
{ "type": "Feature", "properties": { "from_node": 177, "to_node": 186, "length_km": 126.14420029065536, "delaunay_k": 2, "edge_set": "Delaunay2" }, "geometry": { "type": "LineString", "coordinates": [ [ 9.026642, 60.232994 ], [ 11.288452, 60.382648 ] ] } },
{ "type": "Feature", "properties": { "from_node": 177, "to_node": 199, "length_km": 60.347335870977659, "delaunay_k": 2, "edge_set": "Delaunay2" }, "geometry": { "type": "LineString", "coordinates": [ [ 9.026642, 60.232994 ], [ 8.088684, 60.511343 ] ] } },
{ "type": "Feature", "properties": { "from_node": 177, "to_node": 211, "length_km": 71.184654605697048, "delaunay_k": 2, "edge_set": "Delaunay2" }, "geometry": { "type": "LineString", "coordinates": [ [ 9.026642, 60.232994 ], [ 8.084564, 60.670488 ] ] } },
{ "type": "Feature", "properties": { "from_node": 177, "to_node": 216, "length_km": 65.701278317025796, "delaunay_k": 2, "edge_set": "Delaunay2" }, "geometry": { "type": "LineString", "coordinates": [ [ 9.026642, 60.232994 ], [ 8.690186, 60.798714 ] ] } },
{ "type": "Feature", "properties": { "from_node": 177, "to_node": 218, "length_km": 108.4862152714432, "delaunay_k": 2, "edge_set": "Delaunay2" }, "geometry": { "type": "LineString", "coordinates": [ [ 9.026642, 60.232994 ], [ 10.604553, 60.818808 ] ] } },
{ "type": "Feature", "properties": { "from_node": 178, "to_node": 185, "length_km": 57.478330537878456, "delaunay_k": 2, "edge_set": "Delaunay2" }, "geometry": { "type": "LineString", "coordinates": [ [ 24.186401, 60.304505 ], [ 25.209503, 60.378575 ] ] } },
{ "type": "Feature", "properties": { "from_node": 178, "to_node": 192, "length_km": 117.86979597281008, "delaunay_k": 2, "edge_set": "Delaunay2" }, "geometry": { "type": "LineString", "coordinates": [ [ 24.186401, 60.304505 ], [ 26.294403, 60.418598 ] ] } },
{ "type": "Feature", "properties": { "from_node": 178, "to_node": 196, "length_km": 83.881925435023746, "delaunay_k": 2, "edge_set": "Delaunay2" }, "geometry": { "type": "LineString", "coordinates": [ [ 24.186401, 60.304505 ], [ 25.659943, 60.469404 ] ] } },
{ "type": "Feature", "properties": { "from_node": 178, "to_node": 200, "length_km": 98.77865149149595, "delaunay_k": 2, "edge_set": "Delaunay2" }, "geometry": { "type": "LineString", "coordinates": [ [ 24.186401, 60.304505 ], [ 22.457428, 60.52013 ] ] } },
{ "type": "Feature", "properties": { "from_node": 178, "to_node": 221, "length_km": 148.43456115841261, "delaunay_k": 2, "edge_set": "Delaunay2" }, "geometry": { "type": "LineString", "coordinates": [ [ 24.186401, 60.304505 ], [ 26.621246, 60.865644 ] ] } },
{ "type": "Feature", "properties": { "from_node": 178, "to_node": 236, "length_km": 123.24446624829558, "delaunay_k": 2, "edge_set": "Delaunay2" }, "geometry": { "type": "LineString", "coordinates": [ [ 24.186401, 60.304505 ], [ 22.822723, 61.179005 ] ] } },
{ "type": "Feature", "properties": { "from_node": 178, "to_node": 241, "length_km": 116.48144055323118, "delaunay_k": 2, "edge_set": "Delaunay2" }, "geometry": { "type": "LineString", "coordinates": [ [ 24.186401, 60.304505 ], [ 24.403381, 61.338151 ] ] } },
{ "type": "Feature", "properties": { "from_node": 178, "to_node": 248, "length_km": 135.92227185251502, "delaunay_k": 2, "edge_set": "Delaunay2" }, "geometry": { "type": "LineString", "coordinates": [ [ 24.186401, 60.304505 ], [ 24.083405, 61.516146 ] ] } },
{ "type": "Feature", "properties": { "from_node": 178, "to_node": 257, "length_km": 181.75383394551238, "delaunay_k": 2, "edge_set": "Delaunay2" }, "geometry": { "type": "LineString", "coordinates": [ [ 24.186401, 60.304505 ], [ 25.158691, 61.855501 ] ] } },
{ "type": "Feature", "properties": { "from_node": 179, "to_node": 182, "length_km": 89.435818497458158, "delaunay_k": 2, "edge_set": "Delaunay2" }, "geometry": { "type": "LineString", "coordinates": [ [ 10.214539, 60.322868 ], [ 8.596802, 60.357527 ] ] } },
{ "type": "Feature", "properties": { "from_node": 179, "to_node": 191, "length_km": 274.62547709952304, "delaunay_k": 2, "edge_set": "Delaunay2" }, "geometry": { "type": "LineString", "coordinates": [ [ 10.214539, 60.322868 ], [ 15.188599, 60.415208 ] ] } },
{ "type": "Feature", "properties": { "from_node": 179, "to_node": 199, "length_km": 119.01127353160163, "delaunay_k": 2, "edge_set": "Delaunay2" }, "geometry": { "type": "LineString", "coordinates": [ [ 10.214539, 60.322868 ], [ 8.088684, 60.511343 ] ] } },
{ "type": "Feature", "properties": { "from_node": 179, "to_node": 211, "length_km": 123.32448104271862, "delaunay_k": 2, "edge_set": "Delaunay2" }, "geometry": { "type": "LineString", "coordinates": [ [ 10.214539, 60.322868 ], [ 8.084564, 60.670488 ] ] } },
{ "type": "Feature", "properties": { "from_node": 179, "to_node": 216, "length_km": 99.018050972142603, "delaunay_k": 2, "edge_set": "Delaunay2" }, "geometry": { "type": "LineString", "coordinates": [ [ 10.214539, 60.322868 ], [ 8.690186, 60.798714 ] ] } },
{ "type": "Feature", "properties": { "from_node": 179, "to_node": 217, "length_km": 75.638261691094598, "delaunay_k": 2, "edge_set": "Delaunay2" }, "geometry": { "type": "LineString", "coordinates": [ [ 10.214539, 60.322868 ], [ 11.160736, 60.816799 ] ] } },
{ "type": "Feature", "properties": { "from_node": 179, "to_node": 235, "length_km": 95.847033599911342, "delaunay_k": 2, "edge_set": "Delaunay2" }, "geometry": { "type": "LineString", "coordinates": [ [ 10.214539, 60.322868 ], [ 10.421906, 61.177019 ] ] } },
{ "type": "Feature", "properties": { "from_node": 180, "to_node": 183, "length_km": 112.10480804832081, "delaunay_k": 2, "edge_set": "Delaunay2" }, "geometry": { "type": "LineString", "coordinates": [ [ 24.930725, 60.330347 ], [ 22.913361, 60.363639 ] ] } },
{ "type": "Feature", "properties": { "from_node": 180, "to_node": 192, "length_km": 76.444130258908601, "delaunay_k": 2, "edge_set": "Delaunay2" }, "geometry": { "type": "LineString", "coordinates": [ [ 24.930725, 60.330347 ], [ 26.294403, 60.418598 ] ] } },
{ "type": "Feature", "properties": { "from_node": 180, "to_node": 196, "length_km": 43.391702780985099, "delaunay_k": 2, "edge_set": "Delaunay2" }, "geometry": { "type": "LineString", "coordinates": [ [ 24.930725, 60.330347 ], [ 25.659943, 60.469404 ] ] } },
{ "type": "Feature", "properties": { "from_node": 180, "to_node": 219, "length_km": 93.245443243384415, "delaunay_k": 2, "edge_set": "Delaunay2" }, "geometry": { "type": "LineString", "coordinates": [ [ 24.930725, 60.330347 ], [ 23.579407, 60.830188 ] ] } },
{ "type": "Feature", "properties": { "from_node": 180, "to_node": 224, "length_km": 64.624542849557059, "delaunay_k": 2, "edge_set": "Delaunay2" }, "geometry": { "type": "LineString", "coordinates": [ [ 24.930725, 60.330347 ], [ 24.915619, 60.906402 ] ] } },
{ "type": "Feature", "properties": { "from_node": 181, "to_node": 201, "length_km": 93.611367537144744, "delaunay_k": 2, "edge_set": "Delaunay2" }, "geometry": { "type": "LineString", "coordinates": [ [ 5.449219, 60.347337 ], [ 7.108154, 60.527563 ] ] } },
{ "type": "Feature", "properties": { "from_node": 181, "to_node": 209, "length_km": 41.290007614531334, "delaunay_k": 2, "edge_set": "Delaunay2" }, "geometry": { "type": "LineString", "coordinates": [ [ 5.449219, 60.347337 ], [ 5.847473, 60.661069 ] ] } },
{ "type": "Feature", "properties": { "from_node": 181, "to_node": 210, "length_km": 50.331299949312196, "delaunay_k": 2, "edge_set": "Delaunay2" }, "geometry": { "type": "LineString", "coordinates": [ [ 5.449219, 60.347337 ], [ 6.100159, 60.664433 ] ] } },
{ "type": "Feature", "properties": { "from_node": 181, "to_node": 214, "length_km": 46.818958736653443, "delaunay_k": 2, "edge_set": "Delaunay2" }, "geometry": { "type": "LineString", "coordinates": [ [ 5.449219, 60.347337 ], [ 4.998779, 60.703432 ] ] } },
{ "type": "Feature", "properties": { "from_node": 182, "to_node": 197, "length_km": 76.337287545612156, "delaunay_k": 2, "edge_set": "Delaunay2" }, "geometry": { "type": "LineString", "coordinates": [ [ 8.596802, 60.357527 ], [ 7.23587, 60.484968 ] ] } },
{ "type": "Feature", "properties": { "from_node": 182, "to_node": 208, "length_km": 49.216336208413416, "delaunay_k": 2, "edge_set": "Delaunay2" }, "geometry": { "type": "LineString", "coordinates": [ [ 8.596802, 60.357527 ], [ 7.893677, 60.630775 ] ] } },
{ "type": "Feature", "properties": { "from_node": 182, "to_node": 211, "length_km": 44.822075035020191, "delaunay_k": 2, "edge_set": "Delaunay2" }, "geometry": { "type": "LineString", "coordinates": [ [ 8.596802, 60.357527 ], [ 8.084564, 60.670488 ] ] } },
{ "type": "Feature", "properties": { "from_node": 182, "to_node": 216, "length_km": 49.437024319977887, "delaunay_k": 2, "edge_set": "Delaunay2" }, "geometry": { "type": "LineString", "coordinates": [ [ 8.596802, 60.357527 ], [ 8.690186, 60.798714 ] ] } },
{ "type": "Feature", "properties": { "from_node": 182, "to_node": 218, "length_km": 121.45824092481826, "delaunay_k": 2, "edge_set": "Delaunay2" }, "geometry": { "type": "LineString", "coordinates": [ [ 8.596802, 60.357527 ], [ 10.604553, 60.818808 ] ] } },
{ "type": "Feature", "properties": { "from_node": 183, "to_node": 192, "length_km": 187.73535590933591, "delaunay_k": 2, "edge_set": "Delaunay2" }, "geometry": { "type": "LineString", "coordinates": [ [ 22.913361, 60.363639 ], [ 26.294403, 60.418598 ] ] } },
{ "type": "Feature", "properties": { "from_node": 183, "to_node": 205, "length_km": 120.07128187044982, "delaunay_k": 2, "edge_set": "Delaunay2" }, "geometry": { "type": "LineString", "coordinates": [ [ 22.913361, 60.363639 ], [ 25.040588, 60.5755 ] ] } },
{ "type": "Feature", "properties": { "from_node": 183, "to_node": 224, "length_km": 125.87633936323188, "delaunay_k": 2, "edge_set": "Delaunay2" }, "geometry": { "type": "LineString", "coordinates": [ [ 22.913361, 60.363639 ], [ 24.915619, 60.906402 ] ] } },
{ "type": "Feature", "properties": { "from_node": 183, "to_node": 225, "length_km": 83.678431990990589, "delaunay_k": 2, "edge_set": "Delaunay2" }, "geometry": { "type": "LineString", "coordinates": [ [ 22.913361, 60.363639 ], [ 21.895752, 60.919755 ] ] } },
{ "type": "Feature", "properties": { "from_node": 183, "to_node": 236, "length_km": 91.426706481952593, "delaunay_k": 2, "edge_set": "Delaunay2" }, "geometry": { "type": "LineString", "coordinates": [ [ 22.913361, 60.363639 ], [ 22.822723, 61.179005 ] ] } },
{ "type": "Feature", "properties": { "from_node": 183, "to_node": 241, "length_km": 136.20407995859048, "delaunay_k": 2, "edge_set": "Delaunay2" }, "geometry": { "type": "LineString", "coordinates": [ [ 22.913361, 60.363639 ], [ 24.403381, 61.338151 ] ] } },
{ "type": "Feature", "properties": { "from_node": 183, "to_node": 248, "length_km": 143.98617511280372, "delaunay_k": 2, "edge_set": "Delaunay2" }, "geometry": { "type": "LineString", "coordinates": [ [ 22.913361, 60.363639 ], [ 24.083405, 61.516146 ] ] } },
{ "type": "Feature", "properties": { "from_node": 184, "to_node": 189, "length_km": 46.628890497715744, "delaunay_k": 2, "edge_set": "Delaunay2" }, "geometry": { "type": "LineString", "coordinates": [ [ 16.284446847098103, 60.370428457277711 ], [ 15.442657, 60.406393 ] ] } },
{ "type": "Feature", "properties": { "from_node": 184, "to_node": 190, "length_km": 54.859886995302261, "delaunay_k": 2, "edge_set": "Delaunay2" }, "geometry": { "type": "LineString", "coordinates": [ [ 16.284446847098103, 60.370428457277711 ], [ 17.274628, 60.412496 ] ] } },
{ "type": "Feature", "properties": { "from_node": 184, "to_node": 191, "length_km": 60.671753119357874, "delaunay_k": 2, "edge_set": "Delaunay2" }, "geometry": { "type": "LineString", "coordinates": [ [ 16.284446847098103, 60.370428457277711 ], [ 15.188599, 60.415208 ] ] } },
{ "type": "Feature", "properties": { "from_node": 184, "to_node": 203, "length_km": 47.15716271598469, "delaunay_k": 2, "edge_set": "Delaunay2" }, "geometry": { "type": "LineString", "coordinates": [ [ 16.284446847098103, 60.370428457277711 ], [ 17.059021, 60.550528 ] ] } },
{ "type": "Feature", "properties": { "from_node": 184, "to_node": 204, "length_km": 43.947994762647873, "delaunay_k": 2, "edge_set": "Delaunay2" }, "geometry": { "type": "LineString", "coordinates": [ [ 16.284446847098103, 60.370428457277711 ], [ 16.972504, 60.570102 ] ] } },
{ "type": "Feature", "properties": { "from_node": 184, "to_node": 212, "length_km": 50.554303840096509, "delaunay_k": 2, "edge_set": "Delaunay2" }, "geometry": { "type": "LineString", "coordinates": [ [ 16.284446847098103, 60.370428457277711 ], [ 16.931305, 60.692679 ] ] } },
{ "type": "Feature", "properties": { "from_node": 184, "to_node": 226, "length_km": 64.528110922566896, "delaunay_k": 2, "edge_set": "Delaunay2" }, "geometry": { "type": "LineString", "coordinates": [ [ 16.284446847098103, 60.370428457277711 ], [ 16.637421, 60.922424 ] ] } },
{ "type": "Feature", "properties": { "from_node": 185, "to_node": 215, "length_km": 110.13673808364778, "delaunay_k": 2, "edge_set": "Delaunay2" }, "geometry": { "type": "LineString", "coordinates": [ [ 25.209503, 60.378575 ], [ 27.063446, 60.737015 ] ] } },
{ "type": "Feature", "properties": { "from_node": 185, "to_node": 221, "length_km": 95.171522953692502, "delaunay_k": 2, "edge_set": "Delaunay2" }, "geometry": { "type": "LineString", "coordinates": [ [ 25.209503, 60.378575 ], [ 26.621246, 60.865644 ] ] } },
{ "type": "Feature", "properties": { "from_node": 185, "to_node": 223, "length_km": 160.32919343831523, "delaunay_k": 2, "edge_set": "Delaunay2" }, "geometry": { "type": "LineString", "coordinates": [ [ 25.209503, 60.378575 ], [ 27.919006, 60.893713 ] ] } },
{ "type": "Feature", "properties": { "from_node": 185, "to_node": 224, "length_km": 61.390230089740115, "delaunay_k": 2, "edge_set": "Delaunay2" }, "geometry": { "type": "LineString", "coordinates": [ [ 25.209503, 60.378575 ], [ 24.915619, 60.906402 ] ] } },
{ "type": "Feature", "properties": { "from_node": 186, "to_node": 189, "length_km": 229.06621747119195, "delaunay_k": 2, "edge_set": "Delaunay2" }, "geometry": { "type": "LineString", "coordinates": [ [ 11.288452, 60.382648 ], [ 15.442657, 60.406393 ] ] } },
{ "type": "Feature", "properties": { "from_node": 186, "to_node": 206, "length_km": 141.01120755341591, "delaunay_k": 2, "edge_set": "Delaunay2" }, "geometry": { "type": "LineString", "coordinates": [ [ 11.288452, 60.382648 ], [ 8.75885, 60.591688 ] ] } },
{ "type": "Feature", "properties": { "from_node": 186, "to_node": 216, "length_km": 149.74908598304586, "delaunay_k": 2, "edge_set": "Delaunay2" }, "geometry": { "type": "LineString", "coordinates": [ [ 11.288452, 60.382648 ], [ 8.690186, 60.798714 ] ] } },
{ "type": "Feature", "properties": { "from_node": 186, "to_node": 226, "length_km": 298.70596120373057, "delaunay_k": 2, "edge_set": "Delaunay2" }, "geometry": { "type": "LineString", "coordinates": [ [ 11.288452, 60.382648 ], [ 16.637421, 60.922424 ] ] } },
{ "type": "Feature", "properties": { "from_node": 186, "to_node": 235, "length_km": 100.31615924531455, "delaunay_k": 2, "edge_set": "Delaunay2" }, "geometry": { "type": "LineString", "coordinates": [ [ 11.288452, 60.382648 ], [ 10.421906, 61.177019 ] ] } },
{ "type": "Feature", "properties": { "from_node": 186, "to_node": 242, "length_km": 302.54555063437772, "delaunay_k": 2, "edge_set": "Delaunay2" }, "geometry": { "type": "LineString", "coordinates": [ [ 11.288452, 60.382648 ], [ 16.44928, 61.407894 ] ] } },
{ "type": "Feature", "properties": { "from_node": 186, "to_node": 256, "length_km": 162.32798142064485, "delaunay_k": 2, "edge_set": "Delaunay2" }, "geometry": { "type": "LineString", "coordinates": [ [ 11.288452, 60.382648 ], [ 11.12915, 61.837358 ] ] } },
{ "type": "Feature", "properties": { "from_node": 186, "to_node": 259, "length_km": 296.99739240555988, "delaunay_k": 2, "edge_set": "Delaunay2" }, "geometry": { "type": "LineString", "coordinates": [ [ 11.288452, 60.382648 ], [ 15.843658, 61.88399 ] ] } },
{ "type": "Feature", "properties": { "from_node": 186, "to_node": 261, "length_km": 243.56930754694653, "delaunay_k": 2, "edge_set": "Delaunay2" }, "geometry": { "type": "LineString", "coordinates": [ [ 11.288452, 60.382648 ], [ 14.16687, 62.071739 ] ] } },
{ "type": "Feature", "properties": { "from_node": 187, "to_node": 189, "length_km": 59.067185066115329, "delaunay_k": 2, "edge_set": "Delaunay2" }, "geometry": { "type": "LineString", "coordinates": [ [ 16.512451, 60.38672 ], [ 15.442657, 60.406393 ] ] } },
{ "type": "Feature", "properties": { "from_node": 187, "to_node": 194, "length_km": 89.026282835189505, "delaunay_k": 2, "edge_set": "Delaunay2" }, "geometry": { "type": "LineString", "coordinates": [ [ 16.512451, 60.38672 ], [ 18.123322, 60.430121 ] ] } },
{ "type": "Feature", "properties": { "from_node": 187, "to_node": 202, "length_km": 84.650551875303648, "delaunay_k": 2, "edge_set": "Delaunay2" }, "geometry": { "type": "LineString", "coordinates": [ [ 16.512451, 60.38672 ], [ 18.020325, 60.532293 ] ] } },
{ "type": "Feature", "properties": { "from_node": 187, "to_node": 207, "length_km": 39.544794260962718, "delaunay_k": 2, "edge_set": "Delaunay2" }, "geometry": { "type": "LineString", "coordinates": [ [ 16.512451, 60.38672 ], [ 17.045288, 60.624713 ] ] } },
{ "type": "Feature", "properties": { "from_node": 187, "to_node": 213, "length_km": 50.66069399319619, "delaunay_k": 2, "edge_set": "Delaunay2" }, "geometry": { "type": "LineString", "coordinates": [ [ 16.512451, 60.38672 ], [ 17.179871, 60.700072 ] ] } },
{ "type": "Feature", "properties": { "from_node": 187, "to_node": 226, "length_km": 60.141340904762096, "delaunay_k": 2, "edge_set": "Delaunay2" }, "geometry": { "type": "LineString", "coordinates": [ [ 16.512451, 60.38672 ], [ 16.637421, 60.922424 ] ] } },
{ "type": "Feature", "properties": { "from_node": 188, "to_node": 190, "length_km": 60.568664447779483, "delaunay_k": 2, "edge_set": "Delaunay2" }, "geometry": { "type": "LineString", "coordinates": [ [ 16.177368, 60.396897 ], [ 17.274628, 60.412496 ] ] } },
{ "type": "Feature", "properties": { "from_node": 188, "to_node": 191, "length_km": 54.572792430819469, "delaunay_k": 2, "edge_set": "Delaunay2" }, "geometry": { "type": "LineString", "coordinates": [ [ 16.177368, 60.396897 ], [ 15.188599, 60.415208 ] ] } },
{ "type": "Feature", "properties": { "from_node": 188, "to_node": 203, "length_km": 51.477449149064604, "delaunay_k": 2, "edge_set": "Delaunay2" }, "geometry": { "type": "LineString", "coordinates": [ [ 16.177368, 60.396897 ], [ 17.059021, 60.550528 ] ] } },
{ "type": "Feature", "properties": { "from_node": 188, "to_node": 204, "length_km": 47.838524211899667, "delaunay_k": 2, "edge_set": "Delaunay2" }, "geometry": { "type": "LineString", "coordinates": [ [ 16.177368, 60.396897 ], [ 16.972504, 60.570102 ] ] } },
{ "type": "Feature", "properties": { "from_node": 188, "to_node": 207, "length_km": 54.072952697919042, "delaunay_k": 2, "edge_set": "Delaunay2" }, "geometry": { "type": "LineString", "coordinates": [ [ 16.177368, 60.396897 ], [ 17.045288, 60.624713 ] ] } },
{ "type": "Feature", "properties": { "from_node": 188, "to_node": 213, "length_km": 64.622949032872171, "delaunay_k": 2, "edge_set": "Delaunay2" }, "geometry": { "type": "LineString", "coordinates": [ [ 16.177368, 60.396897 ], [ 17.179871, 60.700072 ] ] } },
{ "type": "Feature", "properties": { "from_node": 188, "to_node": 234, "length_km": 101.92581625016598, "delaunay_k": 2, "edge_set": "Delaunay2" }, "geometry": { "type": "LineString", "coordinates": [ [ 16.177368, 60.396897 ], [ 17.166138, 61.172384 ] ] } },
{ "type": "Feature", "properties": { "from_node": 188, "to_node": 242, "length_km": 113.71831305669151, "delaunay_k": 2, "edge_set": "Delaunay2" }, "geometry": { "type": "LineString", "coordinates": [ [ 16.177368, 60.396897 ], [ 16.44928, 61.407894 ] ] } },
{ "type": "Feature", "properties": { "from_node": 189, "to_node": 212, "length_km": 87.767919153089352, "delaunay_k": 2, "edge_set": "Delaunay2" }, "geometry": { "type": "LineString", "coordinates": [ [ 15.442657, 60.406393 ], [ 16.931305, 60.692679 ] ] } },
{ "type": "Feature", "properties": { "from_node": 189, "to_node": 213, "length_km": 100.86470137627576, "delaunay_k": 2, "edge_set": "Delaunay2" }, "geometry": { "type": "LineString", "coordinates": [ [ 15.442657, 60.406393 ], [ 17.179871, 60.700072 ] ] } },
{ "type": "Feature", "properties": { "from_node": 189, "to_node": 217, "length_km": 238.92887213433073, "delaunay_k": 2, "edge_set": "Delaunay2" }, "geometry": { "type": "LineString", "coordinates": [ [ 15.442657, 60.406393 ], [ 11.160736, 60.816799 ] ] } },
{ "type": "Feature", "properties": { "from_node": 189, "to_node": 234, "length_km": 126.98024388187734, "delaunay_k": 2, "edge_set": "Delaunay2" }, "geometry": { "type": "LineString", "coordinates": [ [ 15.442657, 60.406393 ], [ 17.166138, 61.172384 ] ] } },
{ "type": "Feature", "properties": { "from_node": 189, "to_node": 242, "length_km": 124.34031813234805, "delaunay_k": 2, "edge_set": "Delaunay2" }, "geometry": { "type": "LineString", "coordinates": [ [ 15.442657, 60.406393 ], [ 16.44928, 61.407894 ] ] } },
{ "type": "Feature", "properties": { "from_node": 189, "to_node": 259, "length_km": 166.17212942546567, "delaunay_k": 2, "edge_set": "Delaunay2" }, "geometry": { "type": "LineString", "coordinates": [ [ 15.442657, 60.406393 ], [ 15.843658, 61.88399 ] ] } },
{ "type": "Feature", "properties": { "from_node": 189, "to_node": 261, "length_km": 197.89615462661823, "delaunay_k": 2, "edge_set": "Delaunay2" }, "geometry": { "type": "LineString", "coordinates": [ [ 15.442657, 60.406393 ], [ 14.16687, 62.071739 ] ] } },
{ "type": "Feature", "properties": { "from_node": 190, "to_node": 204, "length_km": 24.200493354960841, "delaunay_k": 2, "edge_set": "Delaunay2" }, "geometry": { "type": "LineString", "coordinates": [ [ 17.274628, 60.412496 ], [ 16.972504, 60.570102 ] ] } },
{ "type": "Feature", "properties": { "from_node": 190, "to_node": 207, "length_km": 26.82532383465886, "delaunay_k": 2, "edge_set": "Delaunay2" }, "geometry": { "type": "LineString", "coordinates": [ [ 17.274628, 60.412496 ], [ 17.045288, 60.624713 ] ] } },
{ "type": "Feature", "properties": { "from_node": 190, "to_node": 212, "length_km": 36.506527231387821, "delaunay_k": 2, "edge_set": "Delaunay2" }, "geometry": { "type": "LineString", "coordinates": [ [ 17.274628, 60.412496 ], [ 16.931305, 60.692679 ] ] } },
{ "type": "Feature", "properties": { "from_node": 190, "to_node": 226, "length_km": 66.725482382142204, "delaunay_k": 2, "edge_set": "Delaunay2" }, "geometry": { "type": "LineString", "coordinates": [ [ 17.274628, 60.412496 ], [ 16.637421, 60.922424 ] ] } },
{ "type": "Feature", "properties": { "from_node": 190, "to_node": 234, "length_km": 84.985075537041723, "delaunay_k": 2, "edge_set": "Delaunay2" }, "geometry": { "type": "LineString", "coordinates": [ [ 17.274628, 60.412496 ], [ 17.166138, 61.172384 ] ] } },
{ "type": "Feature", "properties": { "from_node": 191, "to_node": 212, "length_km": 100.56828129026431, "delaunay_k": 2, "edge_set": "Delaunay2" }, "geometry": { "type": "LineString", "coordinates": [ [ 15.188599, 60.415208 ], [ 16.931305, 60.692679 ] ] } },
{ "type": "Feature", "properties": { "from_node": 191, "to_node": 213, "length_km": 113.85183688850142, "delaunay_k": 2, "edge_set": "Delaunay2" }, "geometry": { "type": "LineString", "coordinates": [ [ 15.188599, 60.415208 ], [ 17.179871, 60.700072 ] ] } },
{ "type": "Feature", "properties": { "from_node": 191, "to_node": 218, "length_km": 254.99510017429981, "delaunay_k": 2, "edge_set": "Delaunay2" }, "geometry": { "type": "LineString", "coordinates": [ [ 15.188599, 60.415208 ], [ 10.604553, 60.818808 ] ] } },
{ "type": "Feature", "properties": { "from_node": 191, "to_node": 234, "length_km": 136.91532829300161, "delaunay_k": 2, "edge_set": "Delaunay2" }, "geometry": { "type": "LineString", "coordinates": [ [ 15.188599, 60.415208 ], [ 17.166138, 61.172384 ] ] } },
{ "type": "Feature", "properties": { "from_node": 191, "to_node": 235, "length_km": 273.06294322800574, "delaunay_k": 2, "edge_set": "Delaunay2" }, "geometry": { "type": "LineString", "coordinates": [ [ 15.188599, 60.415208 ], [ 10.421906, 61.177019 ] ] } },
{ "type": "Feature", "properties": { "from_node": 191, "to_node": 255, "length_km": 163.05619466483492, "delaunay_k": 2, "edge_set": "Delaunay2" }, "geometry": { "type": "LineString", "coordinates": [ [ 15.188599, 60.415208 ], [ 16.316071, 61.771824 ] ] } },
{ "type": "Feature", "properties": { "from_node": 191, "to_node": 256, "length_km": 270.11162256918965, "delaunay_k": 2, "edge_set": "Delaunay2" }, "geometry": { "type": "LineString", "coordinates": [ [ 15.188599, 60.415208 ], [ 11.12915, 61.837358 ] ] } },
{ "type": "Feature", "properties": { "from_node": 191, "to_node": 262, "length_km": 203.20995116388627, "delaunay_k": 2, "edge_set": "Delaunay2" }, "geometry": { "type": "LineString", "coordinates": [ [ 15.188599, 60.415208 ], [ 13.973236, 62.141768 ] ] } },
{ "type": "Feature", "properties": { "from_node": 191, "to_node": 268, "length_km": 229.41756569017556, "delaunay_k": 2, "edge_set": "Delaunay2" }, "geometry": { "type": "LineString", "coordinates": [ [ 15.188599, 60.415208 ], [ 16.333923, 62.398006 ] ] } },
{ "type": "Feature", "properties": { "from_node": 191, "to_node": 269, "length_km": 222.98287464989156, "delaunay_k": 2, "edge_set": "Delaunay2" }, "geometry": { "type": "LineString", "coordinates": [ [ 15.188599, 60.415208 ], [ 15.005951, 62.413273 ] ] } },
{ "type": "Feature", "properties": { "from_node": 191, "to_node": 271, "length_km": 226.70051326574068, "delaunay_k": 2, "edge_set": "Delaunay2" }, "geometry": { "type": "LineString", "coordinates": [ [ 15.188599, 60.415208 ], [ 15.544281, 62.441242 ] ] } },
{ "type": "Feature", "properties": { "from_node": 191, "to_node": 275, "length_km": 236.95447762342332, "delaunay_k": 2, "edge_set": "Delaunay2" }, "geometry": { "type": "LineString", "coordinates": [ [ 15.188599, 60.415208 ], [ 14.515686, 62.516121 ] ] } },
{ "type": "Feature", "properties": { "from_node": 192, "to_node": 205, "length_km": 71.630534704656142, "delaunay_k": 2, "edge_set": "Delaunay2" }, "geometry": { "type": "LineString", "coordinates": [ [ 26.294403, 60.418598 ], [ 25.040588, 60.5755 ] ] } },
{ "type": "Feature", "properties": { "from_node": 192, "to_node": 224, "length_km": 93.630083363308856, "delaunay_k": 2, "edge_set": "Delaunay2" }, "geometry": { "type": "LineString", "coordinates": [ [ 26.294403, 60.418598 ], [ 24.915619, 60.906402 ] ] } },
{ "type": "Feature", "properties": { "from_node": 192, "to_node": 246, "length_km": 132.39035090777494, "delaunay_k": 2, "edge_set": "Delaunay2" }, "geometry": { "type": "LineString", "coordinates": [ [ 26.294403, 60.418598 ], [ 27.305145, 61.489282 ] ] } },
{ "type": "Feature", "properties": { "from_node": 192, "to_node": 257, "length_km": 172.66038720737581, "delaunay_k": 2, "edge_set": "Delaunay2" }, "geometry": { "type": "LineString", "coordinates": [ [ 26.294403, 60.418598 ], [ 25.158691, 61.855501 ] ] } },
{ "type": "Feature", "properties": { "from_node": 192, "to_node": 258, "length_km": 173.52653396455548, "delaunay_k": 2, "edge_set": "Delaunay2" }, "geometry": { "type": "LineString", "coordinates": [ [ 26.294403, 60.418598 ], [ 25.252075, 61.880107 ] ] } },
{ "type": "Feature", "properties": { "from_node": 192, "to_node": 265, "length_km": 221.89954731084609, "delaunay_k": 2, "edge_set": "Delaunay2" }, "geometry": { "type": "LineString", "coordinates": [ [ 26.294403, 60.418598 ], [ 27.766571, 62.262171 ] ] } },
{ "type": "Feature", "properties": { "from_node": 193, "to_node": 201, "length_km": 89.615636006516908, "delaunay_k": 2, "edge_set": "Delaunay2" }, "geometry": { "type": "LineString", "coordinates": [ [ 5.494537, 60.42131 ], [ 7.108154, 60.527563 ] ] } },
{ "type": "Feature", "properties": { "from_node": 193, "to_node": 210, "length_km": 42.927111903536371, "delaunay_k": 2, "edge_set": "Delaunay2" }, "geometry": { "type": "LineString", "coordinates": [ [ 5.494537, 60.42131 ], [ 6.100159, 60.664433 ] ] } },
{ "type": "Feature", "properties": { "from_node": 193, "to_node": 214, "length_km": 41.62009062050835, "delaunay_k": 2, "edge_set": "Delaunay2" }, "geometry": { "type": "LineString", "coordinates": [ [ 5.494537, 60.42131 ], [ 4.998779, 60.703432 ] ] } },
{ "type": "Feature", "properties": { "from_node": 193, "to_node": 220, "length_km": 53.132458689442835, "delaunay_k": 2, "edge_set": "Delaunay2" }, "geometry": { "type": "LineString", "coordinates": [ [ 5.494537, 60.42131 ], [ 5.968323, 60.836881 ] ] } },
{ "type": "Feature", "properties": { "from_node": 194, "to_node": 203, "length_km": 60.112913425431557, "delaunay_k": 2, "edge_set": "Delaunay2" }, "geometry": { "type": "LineString", "coordinates": [ [ 18.123322, 60.430121 ], [ 17.059021, 60.550528 ] ] } },
{ "type": "Feature", "properties": { "from_node": 194, "to_node": 213, "length_km": 59.939645983744818, "delaunay_k": 2, "edge_set": "Delaunay2" }, "geometry": { "type": "LineString", "coordinates": [ [ 18.123322, 60.430121 ], [ 17.179871, 60.700072 ] ] } },
{ "type": "Feature", "properties": { "from_node": 195, "to_node": 198, "length_km": 49.658864360544449, "delaunay_k": 2, "edge_set": "Delaunay2" }, "geometry": { "type": "LineString", "coordinates": [ [ 5.259705, 60.456541 ], [ 6.156464, 60.504583 ] ] } },
{ "type": "Feature", "properties": { "from_node": 195, "to_node": 210, "length_km": 51.653966540434183, "delaunay_k": 2, "edge_set": "Delaunay2" }, "geometry": { "type": "LineString", "coordinates": [ [ 5.259705, 60.456541 ], [ 6.100159, 60.664433 ] ] } },
{ "type": "Feature", "properties": { "from_node": 195, "to_node": 220, "length_km": 57.503208323647954, "delaunay_k": 2, "edge_set": "Delaunay2" }, "geometry": { "type": "LineString", "coordinates": [ [ 5.259705, 60.456541 ], [ 5.968323, 60.836881 ] ] } },
{ "type": "Feature", "properties": { "from_node": 195, "to_node": 238, "length_km": 97.806011208627766, "delaunay_k": 2, "edge_set": "Delaunay2" }, "geometry": { "type": "LineString", "coordinates": [ [ 5.259705, 60.456541 ], [ 6.093292, 61.233245 ] ] } },
{ "type": "Feature", "properties": { "from_node": 195, "to_node": 247, "length_km": 118.58202001245434, "delaunay_k": 2, "edge_set": "Delaunay2" }, "geometry": { "type": "LineString", "coordinates": [ [ 5.259705, 60.456541 ], [ 5.748596, 61.49256 ] ] } },
{ "type": "Feature", "properties": { "from_node": 195, "to_node": 254, "length_km": 142.4217409446168, "delaunay_k": 2, "edge_set": "Delaunay2" }, "geometry": { "type": "LineString", "coordinates": [ [ 5.259705, 60.456541 ], [ 5.218506, 61.732826 ] ] } },
{ "type": "Feature", "properties": { "from_node": 196, "to_node": 215, "length_km": 83.14306611828826, "delaunay_k": 2, "edge_set": "Delaunay2" }, "geometry": { "type": "LineString", "coordinates": [ [ 25.659943, 60.469404 ], [ 27.063446, 60.737015 ] ] } },
{ "type": "Feature", "properties": { "from_node": 196, "to_node": 219, "length_km": 121.47485614074775, "delaunay_k": 2, "edge_set": "Delaunay2" }, "geometry": { "type": "LineString", "coordinates": [ [ 25.659943, 60.469404 ], [ 23.579407, 60.830188 ] ] } },
{ "type": "Feature", "properties": { "from_node": 196, "to_node": 223, "length_km": 133.33545138016095, "delaunay_k": 2, "edge_set": "Delaunay2" }, "geometry": { "type": "LineString", "coordinates": [ [ 25.659943, 60.469404 ], [ 27.919006, 60.893713 ] ] } },
{ "type": "Feature", "properties": { "from_node": 196, "to_node": 241, "length_km": 119.20649088985576, "delaunay_k": 2, "edge_set": "Delaunay2" }, "geometry": { "type": "LineString", "coordinates": [ [ 25.659943, 60.469404 ], [ 24.403381, 61.338151 ] ] } },
{ "type": "Feature", "properties": { "from_node": 196, "to_node": 246, "length_km": 145.56328090651002, "delaunay_k": 2, "edge_set": "Delaunay2" }, "geometry": { "type": "LineString", "coordinates": [ [ 25.659943, 60.469404 ], [ 27.305145, 61.489282 ] ] } },
{ "type": "Feature", "properties": { "from_node": 196, "to_node": 257, "length_km": 157.89126804742111, "delaunay_k": 2, "edge_set": "Delaunay2" }, "geometry": { "type": "LineString", "coordinates": [ [ 25.659943, 60.469404 ], [ 25.158691, 61.855501 ] ] } },
{ "type": "Feature", "properties": { "from_node": 196, "to_node": 258, "length_km": 159.83904179108694, "delaunay_k": 2, "edge_set": "Delaunay2" }, "geometry": { "type": "LineString", "coordinates": [ [ 25.659943, 60.469404 ], [ 25.252075, 61.880107 ] ] } },
{ "type": "Feature", "properties": { "from_node": 197, "to_node": 198, "length_km": 59.416009833848719, "delaunay_k": 2, "edge_set": "Delaunay2" }, "geometry": { "type": "LineString", "coordinates": [ [ 7.23587, 60.484968 ], [ 6.156464, 60.504583 ] ] } },
{ "type": "Feature", "properties": { "from_node": 197, "to_node": 206, "length_km": 84.47256736364227, "delaunay_k": 2, "edge_set": "Delaunay2" }, "geometry": { "type": "LineString", "coordinates": [ [ 7.23587, 60.484968 ], [ 8.75885, 60.591688 ] ] } },
{ "type": "Feature", "properties": { "from_node": 197, "to_node": 210, "length_km": 65.453567502102857, "delaunay_k": 2, "edge_set": "Delaunay2" }, "geometry": { "type": "LineString", "coordinates": [ [ 7.23587, 60.484968 ], [ 6.100159, 60.664433 ] ] } },
{ "type": "Feature", "properties": { "from_node": 197, "to_node": 211, "length_km": 50.93889784850321, "delaunay_k": 2, "edge_set": "Delaunay2" }, "geometry": { "type": "LineString", "coordinates": [ [ 7.23587, 60.484968 ], [ 8.084564, 60.670488 ] ] } },
{ "type": "Feature", "properties": { "from_node": 197, "to_node": 227, "length_km": 51.328216086697346, "delaunay_k": 2, "edge_set": "Delaunay2" }, "geometry": { "type": "LineString", "coordinates": [ [ 7.23587, 60.484968 ], [ 7.462463, 60.931767 ] ] } },
{ "type": "Feature", "properties": { "from_node": 197, "to_node": 228, "length_km": 51.907687032118446, "delaunay_k": 2, "edge_set": "Delaunay2" }, "geometry": { "type": "LineString", "coordinates": [ [ 7.23587, 60.484968 ], [ 7.216644, 60.950443 ] ] } },
{ "type": "Feature", "properties": { "from_node": 197, "to_node": 230, "length_km": 71.045815728907982, "delaunay_k": 2, "edge_set": "Delaunay2" }, "geometry": { "type": "LineString", "coordinates": [ [ 7.23587, 60.484968 ], [ 6.60965, 61.043662 ] ] } },
{ "type": "Feature", "properties": { "from_node": 198, "to_node": 208, "length_km": 96.36649723345954, "delaunay_k": 2, "edge_set": "Delaunay2" }, "geometry": { "type": "LineString", "coordinates": [ [ 6.156464, 60.504583 ], [ 7.893677, 60.630775 ] ] } },
{ "type": "Feature", "properties": { "from_node": 198, "to_node": 214, "length_km": 67.257057513315289, "delaunay_k": 2, "edge_set": "Delaunay2" }, "geometry": { "type": "LineString", "coordinates": [ [ 6.156464, 60.504583 ], [ 4.998779, 60.703432 ] ] } },
{ "type": "Feature", "properties": { "from_node": 198, "to_node": 220, "length_km": 38.466600023444656, "delaunay_k": 2, "edge_set": "Delaunay2" }, "geometry": { "type": "LineString", "coordinates": [ [ 6.156464, 60.504583 ], [ 5.968323, 60.836881 ] ] } },
{ "type": "Feature", "properties": { "from_node": 198, "to_node": 227, "length_km": 85.781380591155852, "delaunay_k": 2, "edge_set": "Delaunay2" }, "geometry": { "type": "LineString", "coordinates": [ [ 6.156464, 60.504583 ], [ 7.462463, 60.931767 ] ] } },
{ "type": "Feature", "properties": { "from_node": 198, "to_node": 228, "length_km": 76.316005436497321, "delaunay_k": 2, "edge_set": "Delaunay2" }, "geometry": { "type": "LineString", "coordinates": [ [ 6.156464, 60.504583 ], [ 7.216644, 60.950443 ] ] } },
{ "type": "Feature", "properties": { "from_node": 198, "to_node": 230, "length_km": 65.002481148359024, "delaunay_k": 2, "edge_set": "Delaunay2" }, "geometry": { "type": "LineString", "coordinates": [ [ 6.156464, 60.504583 ], [ 6.60965, 61.043662 ] ] } },
{ "type": "Feature", "properties": { "from_node": 199, "to_node": 201, "length_km": 53.911231259857061, "delaunay_k": 2, "edge_set": "Delaunay2" }, "geometry": { "type": "LineString", "coordinates": [ [ 8.088684, 60.511343 ], [ 7.108154, 60.527563 ] ] } },
{ "type": "Feature", "properties": { "from_node": 199, "to_node": 216, "length_km": 45.922426689415445, "delaunay_k": 2, "edge_set": "Delaunay2" }, "geometry": { "type": "LineString", "coordinates": [ [ 8.088684, 60.511343 ], [ 8.690186, 60.798714 ] ] } },
{ "type": "Feature", "properties": { "from_node": 199, "to_node": 218, "length_km": 141.77397429320936, "delaunay_k": 2, "edge_set": "Delaunay2" }, "geometry": { "type": "LineString", "coordinates": [ [ 8.088684, 60.511343 ], [ 10.604553, 60.818808 ] ] } },
{ "type": "Feature", "properties": { "from_node": 199, "to_node": 222, "length_km": 42.176263172622129, "delaunay_k": 2, "edge_set": "Delaunay2" }, "geometry": { "type": "LineString", "coordinates": [ [ 8.088684, 60.511343 ], [ 8.311157, 60.873666 ] ] } },
{ "type": "Feature", "properties": { "from_node": 199, "to_node": 227, "length_km": 58.015281095349913, "delaunay_k": 2, "edge_set": "Delaunay2" }, "geometry": { "type": "LineString", "coordinates": [ [ 8.088684, 60.511343 ], [ 7.462463, 60.931767 ] ] } },
{ "type": "Feature", "properties": { "from_node": 199, "to_node": 231, "length_km": 60.441356493176258, "delaunay_k": 2, "edge_set": "Delaunay2" }, "geometry": { "type": "LineString", "coordinates": [ [ 8.088684, 60.511343 ], [ 7.892303, 61.044991 ] ] } },
{ "type": "Feature", "properties": { "from_node": 200, "to_node": 224, "length_km": 141.71108795742927, "delaunay_k": 2, "edge_set": "Delaunay2" }, "geometry": { "type": "LineString", "coordinates": [ [ 22.457428, 60.52013 ], [ 24.915619, 60.906402 ] ] } },
{ "type": "Feature", "properties": { "from_node": 200, "to_node": 233, "length_km": 84.346730939067385, "delaunay_k": 2, "edge_set": "Delaunay2" }, "geometry": { "type": "LineString", "coordinates": [ [ 22.457428, 60.52013 ], [ 21.538696, 61.125998 ] ] } },
{ "type": "Feature", "properties": { "from_node": 200, "to_node": 241, "length_km": 140.16441916491729, "delaunay_k": 2, "edge_set": "Delaunay2" }, "geometry": { "type": "LineString", "coordinates": [ [ 22.457428, 60.52013 ], [ 24.403381, 61.338151 ] ] } },
{ "type": "Feature", "properties": { "from_node": 200, "to_node": 245, "length_km": 109.33089558528251, "delaunay_k": 2, "edge_set": "Delaunay2" }, "geometry": { "type": "LineString", "coordinates": [ [ 22.457428, 60.52013 ], [ 22.105865, 61.482071 ] ] } },
{ "type": "Feature", "properties": { "from_node": 200, "to_node": 248, "length_km": 142.30620037927494, "delaunay_k": 2, "edge_set": "Delaunay2" }, "geometry": { "type": "LineString", "coordinates": [ [ 22.457428, 60.52013 ], [ 24.083405, 61.516146 ] ] } },
{ "type": "Feature", "properties": { "from_node": 201, "to_node": 209, "length_km": 70.723988953242497, "delaunay_k": 2, "edge_set": "Delaunay2" }, "geometry": { "type": "LineString", "coordinates": [ [ 7.108154, 60.527563 ], [ 5.847473, 60.661069 ] ] } },
{ "type": "Feature", "properties": { "from_node": 201, "to_node": 211, "length_km": 55.843894751852353, "delaunay_k": 2, "edge_set": "Delaunay2" }, "geometry": { "type": "LineString", "coordinates": [ [ 7.108154, 60.527563 ], [ 8.084564, 60.670488 ] ] } },
{ "type": "Feature", "properties": { "from_node": 201, "to_node": 220, "length_km": 71.24630979281298, "delaunay_k": 2, "edge_set": "Delaunay2" }, "geometry": { "type": "LineString", "coordinates": [ [ 7.108154, 60.527563 ], [ 5.968323, 60.836881 ] ] } },
{ "type": "Feature", "properties": { "from_node": 201, "to_node": 229, "length_km": 54.639042883206479, "delaunay_k": 2, "edge_set": "Delaunay2" }, "geometry": { "type": "LineString", "coordinates": [ [ 7.108154, 60.527563 ], [ 7.395172, 60.997087 ] ] } },
{ "type": "Feature", "properties": { "from_node": 201, "to_node": 231, "length_km": 71.79017715586059, "delaunay_k": 2, "edge_set": "Delaunay2" }, "geometry": { "type": "LineString", "coordinates": [ [ 7.108154, 60.527563 ], [ 7.892303, 61.044991 ] ] } },
{ "type": "Feature", "properties": { "from_node": 201, "to_node": 232, "length_km": 65.41489838709181, "delaunay_k": 2, "edge_set": "Delaunay2" }, "geometry": { "type": "LineString", "coordinates": [ [ 7.108154, 60.527563 ], [ 6.871948, 61.10278 ] ] } },
{ "type": "Feature", "properties": { "from_node": 201, "to_node": 237, "length_km": 76.762690411239703, "delaunay_k": 2, "edge_set": "Delaunay2" }, "geometry": { "type": "LineString", "coordinates": [ [ 7.108154, 60.527563 ], [ 7.338867, 61.206798 ] ] } },
{ "type": "Feature", "properties": { "from_node": 201, "to_node": 238, "length_km": 96.100924566954447, "delaunay_k": 2, "edge_set": "Delaunay2" }, "geometry": { "type": "LineString", "coordinates": [ [ 7.108154, 60.527563 ], [ 6.093292, 61.233245 ] ] } },
{ "type": "Feature", "properties": { "from_node": 202, "to_node": 203, "length_km": 52.876560268131328, "delaunay_k": 2, "edge_set": "Delaunay2" }, "geometry": { "type": "LineString", "coordinates": [ [ 18.020325, 60.532293 ], [ 17.059021, 60.550528 ] ] } },
{ "type": "Feature", "properties": { "from_node": 202, "to_node": 207, "length_km": 54.514758738197315, "delaunay_k": 2, "edge_set": "Delaunay2" }, "geometry": { "type": "LineString", "coordinates": [ [ 18.020325, 60.532293 ], [ 17.045288, 60.624713 ] ] } },
{ "type": "Feature", "properties": { "from_node": 202, "to_node": 212, "length_km": 62.347101464380536, "delaunay_k": 2, "edge_set": "Delaunay2" }, "geometry": { "type": "LineString", "coordinates": [ [ 18.020325, 60.532293 ], [ 16.931305, 60.692679 ] ] } },
{ "type": "Feature", "properties": { "from_node": 203, "to_node": 212, "length_km": 17.334325078678138, "delaunay_k": 2, "edge_set": "Delaunay2" }, "geometry": { "type": "LineString", "coordinates": [ [ 17.059021, 60.550528 ], [ 16.931305, 60.692679 ] ] } },
{ "type": "Feature", "properties": { "from_node": 203, "to_node": 226, "length_km": 47.446789034117636, "delaunay_k": 2, "edge_set": "Delaunay2" }, "geometry": { "type": "LineString", "coordinates": [ [ 17.059021, 60.550528 ], [ 16.637421, 60.922424 ] ] } },
{ "type": "Feature", "properties": { "from_node": 203, "to_node": 234, "length_km": 69.620527971671848, "delaunay_k": 2, "edge_set": "Delaunay2" }, "geometry": { "type": "LineString", "coordinates": [ [ 17.059021, 60.550528 ], [ 17.166138, 61.172384 ] ] } },
{ "type": "Feature", "properties": { "from_node": 204, "to_node": 213, "length_km": 18.421129506357378, "delaunay_k": 2, "edge_set": "Delaunay2" }, "geometry": { "type": "LineString", "coordinates": [ [ 16.972504, 60.570102 ], [ 17.179871, 60.700072 ] ] } },
{ "type": "Feature", "properties": { "from_node": 204, "to_node": 226, "length_km": 43.350437919457008, "delaunay_k": 2, "edge_set": "Delaunay2" }, "geometry": { "type": "LineString", "coordinates": [ [ 16.972504, 60.570102 ], [ 16.637421, 60.922424 ] ] } },
{ "type": "Feature", "properties": { "from_node": 205, "to_node": 219, "length_km": 85.212152213140712, "delaunay_k": 2, "edge_set": "Delaunay2" }, "geometry": { "type": "LineString", "coordinates": [ [ 25.040588, 60.5755 ], [ 23.579407, 60.830188 ] ] } },
{ "type": "Feature", "properties": { "from_node": 205, "to_node": 221, "length_km": 92.833761768797658, "delaunay_k": 2, "edge_set": "Delaunay2" }, "geometry": { "type": "LineString", "coordinates": [ [ 25.040588, 60.5755 ], [ 26.621246, 60.865644 ] ] } },
{ "type": "Feature", "properties": { "from_node": 205, "to_node": 241, "length_km": 92.314576391527439, "delaunay_k": 2, "edge_set": "Delaunay2" }, "geometry": { "type": "LineString", "coordinates": [ [ 25.040588, 60.5755 ], [ 24.403381, 61.338151 ] ] } },
{ "type": "Feature", "properties": { "from_node": 205, "to_node": 257, "length_km": 143.72735786063427, "delaunay_k": 2, "edge_set": "Delaunay2" }, "geometry": { "type": "LineString", "coordinates": [ [ 25.040588, 60.5755 ], [ 25.158691, 61.855501 ] ] } },
{ "type": "Feature", "properties": { "from_node": 206, "to_node": 208, "length_km": 47.598641847913996, "delaunay_k": 2, "edge_set": "Delaunay2" }, "geometry": { "type": "LineString", "coordinates": [ [ 8.75885, 60.591688 ], [ 7.893677, 60.630775 ] ] } },
{ "type": "Feature", "properties": { "from_node": 206, "to_node": 217, "length_km": 133.54730616912835, "delaunay_k": 2, "edge_set": "Delaunay2" }, "geometry": { "type": "LineString", "coordinates": [ [ 8.75885, 60.591688 ], [ 11.160736, 60.816799 ] ] } },
{ "type": "Feature", "properties": { "from_node": 206, "to_node": 222, "length_km": 39.808726910571387, "delaunay_k": 2, "edge_set": "Delaunay2" }, "geometry": { "type": "LineString", "coordinates": [ [ 8.75885, 60.591688 ], [ 8.311157, 60.873666 ] ] } },
{ "type": "Feature", "properties": { "from_node": 206, "to_node": 227, "length_km": 80.216001442675619, "delaunay_k": 2, "edge_set": "Delaunay2" }, "geometry": { "type": "LineString", "coordinates": [ [ 8.75885, 60.591688 ], [ 7.462463, 60.931767 ] ] } },
{ "type": "Feature", "properties": { "from_node": 206, "to_node": 231, "length_km": 69.121243699526246, "delaunay_k": 2, "edge_set": "Delaunay2" }, "geometry": { "type": "LineString", "coordinates": [ [ 8.75885, 60.591688 ], [ 7.892303, 61.044991 ] ] } },
{ "type": "Feature", "properties": { "from_node": 206, "to_node": 235, "length_km": 111.40797690892423, "delaunay_k": 2, "edge_set": "Delaunay2" }, "geometry": { "type": "LineString", "coordinates": [ [ 8.75885, 60.591688 ], [ 10.421906, 61.177019 ] ] } },
{ "type": "Feature", "properties": { "from_node": 206, "to_node": 244, "length_km": 103.2008692316528, "delaunay_k": 2, "edge_set": "Delaunay2" }, "geometry": { "type": "LineString", "coordinates": [ [ 8.75885, 60.591688 ], [ 9.341125, 61.473546 ] ] } },
{ "type": "Feature", "properties": { "from_node": 207, "to_node": 226, "length_km": 39.974400041297777, "delaunay_k": 2, "edge_set": "Delaunay2" }, "geometry": { "type": "LineString", "coordinates": [ [ 17.045288, 60.624713 ], [ 16.637421, 60.922424 ] ] } },
{ "type": "Feature", "properties": { "from_node": 207, "to_node": 234, "length_km": 61.451805899034099, "delaunay_k": 2, "edge_set": "Delaunay2" }, "geometry": { "type": "LineString", "coordinates": [ [ 17.045288, 60.624713 ], [ 17.166138, 61.172384 ] ] } },
{ "type": "Feature", "properties": { "from_node": 208, "to_node": 210, "length_km": 98.25281522132029, "delaunay_k": 2, "edge_set": "Delaunay2" }, "geometry": { "type": "LineString", "coordinates": [ [ 7.893677, 60.630775 ], [ 6.100159, 60.664433 ] ] } },
{ "type": "Feature", "properties": { "from_node": 208, "to_node": 216, "length_km": 47.354157873252518, "delaunay_k": 2, "edge_set": "Delaunay2" }, "geometry": { "type": "LineString", "coordinates": [ [ 7.893677, 60.630775 ], [ 8.690186, 60.798714 ] ] } },
{ "type": "Feature", "properties": { "from_node": 208, "to_node": 222, "length_km": 35.378414969581826, "delaunay_k": 2, "edge_set": "Delaunay2" }, "geometry": { "type": "LineString", "coordinates": [ [ 7.893677, 60.630775 ], [ 8.311157, 60.873666 ] ] } },
{ "type": "Feature", "properties": { "from_node": 208, "to_node": 228, "length_km": 51.293762614701862, "delaunay_k": 2, "edge_set": "Delaunay2" }, "geometry": { "type": "LineString", "coordinates": [ [ 7.893677, 60.630775 ], [ 7.216644, 60.950443 ] ] } },
{ "type": "Feature", "properties": { "from_node": 208, "to_node": 229, "length_km": 49.034684090553057, "delaunay_k": 2, "edge_set": "Delaunay2" }, "geometry": { "type": "LineString", "coordinates": [ [ 7.893677, 60.630775 ], [ 7.395172, 60.997087 ] ] } },
{ "type": "Feature", "properties": { "from_node": 208, "to_node": 230, "length_km": 83.671981716930432, "delaunay_k": 2, "edge_set": "Delaunay2" }, "geometry": { "type": "LineString", "coordinates": [ [ 7.893677, 60.630775 ], [ 6.60965, 61.043662 ] ] } },
{ "type": "Feature", "properties": { "from_node": 208, "to_node": 231, "length_km": 46.174403701169773, "delaunay_k": 2, "edge_set": "Delaunay2" }, "geometry": { "type": "LineString", "coordinates": [ [ 7.893677, 60.630775 ], [ 7.892303, 61.044991 ] ] } },
{ "type": "Feature", "properties": { "from_node": 209, "to_node": 230, "length_km": 59.501911767636884, "delaunay_k": 2, "edge_set": "Delaunay2" }, "geometry": { "type": "LineString", "coordinates": [ [ 5.847473, 60.661069 ], [ 6.60965, 61.043662 ] ] } },
{ "type": "Feature", "properties": { "from_node": 209, "to_node": 238, "length_km": 65.200599412138985, "delaunay_k": 2, "edge_set": "Delaunay2" }, "geometry": { "type": "LineString", "coordinates": [ [ 5.847473, 60.661069 ], [ 6.093292, 61.233245 ] ] } },
{ "type": "Feature", "properties": { "from_node": 209, "to_node": 247, "length_km": 92.907768232367303, "delaunay_k": 2, "edge_set": "Delaunay2" }, "geometry": { "type": "LineString", "coordinates": [ [ 5.847473, 60.661069 ], [ 5.748596, 61.49256 ] ] } },
{ "type": "Feature", "properties": { "from_node": 209, "to_node": 254, "length_km": 124.27022378427588, "delaunay_k": 2, "edge_set": "Delaunay2" }, "geometry": { "type": "LineString", "coordinates": [ [ 5.847473, 60.661069 ], [ 5.218506, 61.732826 ] ] } },
{ "type": "Feature", "properties": { "from_node": 210, "to_node": 214, "length_km": 60.413638798748877, "delaunay_k": 2, "edge_set": "Delaunay2" }, "geometry": { "type": "LineString", "coordinates": [ [ 6.100159, 60.664433 ], [ 4.998779, 60.703432 ] ] } },
{ "type": "Feature", "properties": { "from_node": 210, "to_node": 227, "length_km": 79.994260574283473, "delaunay_k": 2, "edge_set": "Delaunay2" }, "geometry": { "type": "LineString", "coordinates": [ [ 6.100159, 60.664433 ], [ 7.462463, 60.931767 ] ] } },
{ "type": "Feature", "properties": { "from_node": 210, "to_node": 228, "length_km": 68.67754038687373, "delaunay_k": 2, "edge_set": "Delaunay2" }, "geometry": { "type": "LineString", "coordinates": [ [ 6.100159, 60.664433 ], [ 7.216644, 60.950443 ] ] } },
{ "type": "Feature", "properties": { "from_node": 210, "to_node": 232, "length_km": 64.414764382496571, "delaunay_k": 2, "edge_set": "Delaunay2" }, "geometry": { "type": "LineString", "coordinates": [ [ 6.100159, 60.664433 ], [ 6.871948, 61.10278 ] ] } },
{ "type": "Feature", "properties": { "from_node": 210, "to_node": 238, "length_km": 63.444995080170784, "delaunay_k": 2, "edge_set": "Delaunay2" }, "geometry": { "type": "LineString", "coordinates": [ [ 6.100159, 60.664433 ], [ 6.093292, 61.233245 ] ] } },
{ "type": "Feature", "properties": { "from_node": 211, "to_node": 218, "length_km": 138.44764519661646, "delaunay_k": 2, "edge_set": "Delaunay2" }, "geometry": { "type": "LineString", "coordinates": [ [ 8.084564, 60.670488 ], [ 10.604553, 60.818808 ] ] } },
{ "type": "Feature", "properties": { "from_node": 211, "to_node": 228, "length_km": 56.637645133275299, "delaunay_k": 2, "edge_set": "Delaunay2" }, "geometry": { "type": "LineString", "coordinates": [ [ 8.084564, 60.670488 ], [ 7.216644, 60.950443 ] ] } },
{ "type": "Feature", "properties": { "from_node": 211, "to_node": 229, "length_km": 52.276265908863394, "delaunay_k": 2, "edge_set": "Delaunay2" }, "geometry": { "type": "LineString", "coordinates": [ [ 8.084564, 60.670488 ], [ 7.395172, 60.997087 ] ] } },
{ "type": "Feature", "properties": { "from_node": 211, "to_node": 235, "length_km": 138.78193590120227, "delaunay_k": 2, "edge_set": "Delaunay2" }, "geometry": { "type": "LineString", "coordinates": [ [ 8.084564, 60.670488 ], [ 10.421906, 61.177019 ] ] } },
{ "type": "Feature", "properties": { "from_node": 211, "to_node": 237, "length_km": 72.182045878846779, "delaunay_k": 2, "edge_set": "Delaunay2" }, "geometry": { "type": "LineString", "coordinates": [ [ 8.084564, 60.670488 ], [ 7.338867, 61.206798 ] ] } },
{ "type": "Feature", "properties": { "from_node": 211, "to_node": 240, "length_km": 77.67192428169389, "delaunay_k": 2, "edge_set": "Delaunay2" }, "geometry": { "type": "LineString", "coordinates": [ [ 8.084564, 60.670488 ], [ 7.439117, 61.292669 ] ] } },
{ "type": "Feature", "properties": { "from_node": 211, "to_node": 244, "length_km": 112.31480043862176, "delaunay_k": 2, "edge_set": "Delaunay2" }, "geometry": { "type": "LineString", "coordinates": [ [ 8.084564, 60.670488 ], [ 9.341125, 61.473546 ] ] } },
{ "type": "Feature", "properties": { "from_node": 211, "to_node": 249, "length_km": 96.246735285975845, "delaunay_k": 2, "edge_set": "Delaunay2" }, "geometry": { "type": "LineString", "coordinates": [ [ 8.084564, 60.670488 ], [ 7.738495, 61.517456 ] ] } },
{ "type": "Feature", "properties": { "from_node": 212, "to_node": 234, "length_km": 55.013605262530525, "delaunay_k": 2, "edge_set": "Delaunay2" }, "geometry": { "type": "LineString", "coordinates": [ [ 16.931305, 60.692679 ], [ 17.166138, 61.172384 ] ] } },
{ "type": "Feature", "properties": { "from_node": 212, "to_node": 242, "length_km": 83.929472982404448, "delaunay_k": 2, "edge_set": "Delaunay2" }, "geometry": { "type": "LineString", "coordinates": [ [ 16.931305, 60.692679 ], [ 16.44928, 61.407894 ] ] } },
{ "type": "Feature", "properties": { "from_node": 213, "to_node": 242, "length_km": 88.289374592497111, "delaunay_k": 2, "edge_set": "Delaunay2" }, "geometry": { "type": "LineString", "coordinates": [ [ 17.179871, 60.700072 ], [ 16.44928, 61.407894 ] ] } },
{ "type": "Feature", "properties": { "from_node": 213, "to_node": 255, "length_km": 128.25474995701464, "delaunay_k": 2, "edge_set": "Delaunay2" }, "geometry": { "type": "LineString", "coordinates": [ [ 17.179871, 60.700072 ], [ 16.316071, 61.771824 ] ] } },
{ "type": "Feature", "properties": { "from_node": 214, "to_node": 230, "length_km": 95.468068122190061, "delaunay_k": 2, "edge_set": "Delaunay2" }, "geometry": { "type": "LineString", "coordinates": [ [ 4.998779, 60.703432 ], [ 6.60965, 61.043662 ] ] } },
{ "type": "Feature", "properties": { "from_node": 214, "to_node": 232, "length_km": 111.08555248712108, "delaunay_k": 2, "edge_set": "Delaunay2" }, "geometry": { "type": "LineString", "coordinates": [ [ 4.998779, 60.703432 ], [ 6.871948, 61.10278 ] ] } },
{ "type": "Feature", "properties": { "from_node": 214, "to_node": 239, "length_km": 138.93310189077295, "delaunay_k": 2, "edge_set": "Delaunay2" }, "geometry": { "type": "LineString", "coordinates": [ [ 4.998779, 60.703432 ], [ 7.293549, 61.259009 ] ] } },
{ "type": "Feature", "properties": { "from_node": 214, "to_node": 252, "length_km": 161.99959323855663, "delaunay_k": 2, "edge_set": "Delaunay2" }, "geometry": { "type": "LineString", "coordinates": [ [ 4.998779, 60.703432 ], [ 7.410278, 61.569805 ] ] } },
{ "type": "Feature", "properties": { "from_node": 214, "to_node": 273, "length_km": 225.56433918617481, "delaunay_k": 2, "edge_set": "Delaunay2" }, "geometry": { "type": "LineString", "coordinates": [ [ 4.998779, 60.703432 ], [ 7.033997, 62.47807 ] ] } },
{ "type": "Feature", "properties": { "from_node": 215, "to_node": 224, "length_km": 119.29125814395398, "delaunay_k": 2, "edge_set": "Delaunay2" }, "geometry": { "type": "LineString", "coordinates": [ [ 27.063446, 60.737015 ], [ 24.915619, 60.906402 ] ] } },
{ "type": "Feature", "properties": { "from_node": 215, "to_node": 257, "length_km": 162.33921872435525, "delaunay_k": 2, "edge_set": "Delaunay2" }, "geometry": { "type": "LineString", "coordinates": [ [ 27.063446, 60.737015 ], [ 25.158691, 61.855501 ] ] } },
{ "type": "Feature", "properties": { "from_node": 215, "to_node": 258, "length_km": 161.36358748501283, "delaunay_k": 2, "edge_set": "Delaunay2" }, "geometry": { "type": "LineString", "coordinates": [ [ 27.063446, 60.737015 ], [ 25.252075, 61.880107 ] ] } },
{ "type": "Feature", "properties": { "from_node": 215, "to_node": 265, "length_km": 175.5796342767847, "delaunay_k": 2, "edge_set": "Delaunay2" }, "geometry": { "type": "LineString", "coordinates": [ [ 27.063446, 60.737015 ], [ 27.766571, 62.262171 ] ] } },
{ "type": "Feature", "properties": { "from_node": 215, "to_node": 266, "length_km": 188.42517086982028, "delaunay_k": 2, "edge_set": "Delaunay2" }, "geometry": { "type": "LineString", "coordinates": [ [ 27.063446, 60.737015 ], [ 26.032104, 62.340686 ] ] } },
{ "type": "Feature", "properties": { "from_node": 215, "to_node": 367, "length_km": 438.02536183046539, "delaunay_k": 2, "edge_set": "Delaunay2" }, "geometry": { "type": "LineString", "coordinates": [ [ 27.063446, 60.737015 ], [ 28.45047, 64.58147 ] ] } },
{ "type": "Feature", "properties": { "from_node": 216, "to_node": 217, "length_km": 134.5020828295863, "delaunay_k": 2, "edge_set": "Delaunay2" }, "geometry": { "type": "LineString", "coordinates": [ [ 8.690186, 60.798714 ], [ 11.160736, 60.816799 ] ] } },
{ "type": "Feature", "properties": { "from_node": 216, "to_node": 227, "length_km": 68.363154373800612, "delaunay_k": 2, "edge_set": "Delaunay2" }, "geometry": { "type": "LineString", "coordinates": [ [ 8.690186, 60.798714 ], [ 7.462463, 60.931767 ] ] } },
{ "type": "Feature", "properties": { "from_node": 216, "to_node": 231, "length_km": 51.261215978784826, "delaunay_k": 2, "edge_set": "Delaunay2" }, "geometry": { "type": "LineString", "coordinates": [ [ 8.690186, 60.798714 ], [ 7.892303, 61.044991 ] ] } },
{ "type": "Feature", "properties": { "from_node": 216, "to_node": 249, "length_km": 95.108543716752948, "delaunay_k": 2, "edge_set": "Delaunay2" }, "geometry": { "type": "LineString", "coordinates": [ [ 8.690186, 60.798714 ], [ 7.738495, 61.517456 ] ] } },
{ "type": "Feature", "properties": { "from_node": 216, "to_node": 250, "length_km": 112.27759003565735, "delaunay_k": 2, "edge_set": "Delaunay2" }, "geometry": { "type": "LineString", "coordinates": [ [ 8.690186, 60.798714 ], [ 10.134888, 61.525314 ] ] } },
{ "type": "Feature", "properties": { "from_node": 216, "to_node": 253, "length_km": 106.44091896515049, "delaunay_k": 2, "edge_set": "Delaunay2" }, "geometry": { "type": "LineString", "coordinates": [ [ 8.690186, 60.798714 ], [ 9.821777, 61.582225 ] ] } },
{ "type": "Feature", "properties": { "from_node": 216, "to_node": 256, "length_km": 174.53527358678767, "delaunay_k": 2, "edge_set": "Delaunay2" }, "geometry": { "type": "LineString", "coordinates": [ [ 8.690186, 60.798714 ], [ 11.12915, 61.837358 ] ] } },
{ "type": "Feature", "properties": { "from_node": 216, "to_node": 260, "length_km": 122.81811269908712, "delaunay_k": 2, "edge_set": "Delaunay2" }, "geometry": { "type": "LineString", "coordinates": [ [ 8.690186, 60.798714 ], [ 9.063721, 61.885931 ] ] } },
{ "type": "Feature", "properties": { "from_node": 217, "to_node": 226, "length_km": 297.7898721603205, "delaunay_k": 2, "edge_set": "Delaunay2" }, "geometry": { "type": "LineString", "coordinates": [ [ 11.160736, 60.816799 ], [ 16.637421, 60.922424 ] ] } },
{ "type": "Feature", "properties": { "from_node": 217, "to_node": 242, "length_km": 292.64741075361468, "delaunay_k": 2, "edge_set": "Delaunay2" }, "geometry": { "type": "LineString", "coordinates": [ [ 11.160736, 60.816799 ], [ 16.44928, 61.407894 ] ] } },
{ "type": "Feature", "properties": { "from_node": 217, "to_node": 244, "length_km": 122.31303492682773, "delaunay_k": 2, "edge_set": "Delaunay2" }, "geometry": { "type": "LineString", "coordinates": [ [ 11.160736, 60.816799 ], [ 9.341125, 61.473546 ] ] } },
{ "type": "Feature", "properties": { "from_node": 217, "to_node": 250, "length_km": 96.338475382808028, "delaunay_k": 2, "edge_set": "Delaunay2" }, "geometry": { "type": "LineString", "coordinates": [ [ 11.160736, 60.816799 ], [ 10.134888, 61.525314 ] ] } },
{ "type": "Feature", "properties": { "from_node": 217, "to_node": 253, "length_km": 111.61424759738766, "delaunay_k": 2, "edge_set": "Delaunay2" }, "geometry": { "type": "LineString", "coordinates": [ [ 11.160736, 60.816799 ], [ 9.821777, 61.582225 ] ] } },
{ "type": "Feature", "properties": { "from_node": 217, "to_node": 259, "length_km": 277.35171676783534, "delaunay_k": 2, "edge_set": "Delaunay2" }, "geometry": { "type": "LineString", "coordinates": [ [ 11.160736, 60.816799 ], [ 15.843658, 61.88399 ] ] } },
{ "type": "Feature", "properties": { "from_node": 217, "to_node": 262, "length_km": 210.37324069424372, "delaunay_k": 2, "edge_set": "Delaunay2" }, "geometry": { "type": "LineString", "coordinates": [ [ 11.160736, 60.816799 ], [ 13.973236, 62.141768 ] ] } },
{ "type": "Feature", "properties": { "from_node": 217, "to_node": 269, "length_km": 270.65752068052177, "delaunay_k": 2, "edge_set": "Delaunay2" }, "geometry": { "type": "LineString", "coordinates": [ [ 11.160736, 60.816799 ], [ 15.005951, 62.413273 ] ] } },
{ "type": "Feature", "properties": { "from_node": 217, "to_node": 275, "length_km": 259.66430648437256, "delaunay_k": 2, "edge_set": "Delaunay2" }, "geometry": { "type": "LineString", "coordinates": [ [ 11.160736, 60.816799 ], [ 14.515686, 62.516121 ] ] } },
{ "type": "Feature", "properties": { "from_node": 217, "to_node": 280, "length_km": 209.69822539048008, "delaunay_k": 2, "edge_set": "Delaunay2" }, "geometry": { "type": "LineString", "coordinates": [ [ 11.160736, 60.816799 ], [ 12.590332, 62.571841 ] ] } },
{ "type": "Feature", "properties": { "from_node": 217, "to_node": 281, "length_km": 207.38014477863805, "delaunay_k": 2, "edge_set": "Delaunay2" }, "geometry": { "type": "LineString", "coordinates": [ [ 11.160736, 60.816799 ], [ 10.266724, 62.628719 ] ] } },
{ "type": "Feature", "properties": { "from_node": 218, "to_node": 222, "length_km": 124.85073682786563, "delaunay_k": 2, "edge_set": "Delaunay2" }, "geometry": { "type": "LineString", "coordinates": [ [ 10.604553, 60.818808 ], [ 8.311157, 60.873666 ] ] } },
{ "type": "Feature", "properties": { "from_node": 218, "to_node": 244, "length_km": 99.769880925610835, "delaunay_k": 2, "edge_set": "Delaunay2" }, "geometry": { "type": "LineString", "coordinates": [ [ 10.604553, 60.818808 ], [ 9.341125, 61.473546 ] ] } },
{ "type": "Feature", "properties": { "from_node": 218, "to_node": 250, "length_km": 82.687567861864565, "delaunay_k": 2, "edge_set": "Delaunay2" }, "geometry": { "type": "LineString", "coordinates": [ [ 10.604553, 60.818808 ], [ 10.134888, 61.525314 ] ] } },
{ "type": "Feature", "properties": { "from_node": 218, "to_node": 256, "length_km": 116.92686966675279, "delaunay_k": 2, "edge_set": "Delaunay2" }, "geometry": { "type": "LineString", "coordinates": [ [ 10.604553, 60.818808 ], [ 11.12915, 61.837358 ] ] } },
{ "type": "Feature", "properties": { "from_node": 218, "to_node": 261, "length_km": 235.78583919866998, "delaunay_k": 2, "edge_set": "Delaunay2" }, "geometry": { "type": "LineString", "coordinates": [ [ 10.604553, 60.818808 ], [ 14.16687, 62.071739 ] ] } },
{ "type": "Feature", "properties": { "from_node": 219, "to_node": 221, "length_km": 166.5384022417181, "delaunay_k": 2, "edge_set": "Delaunay2" }, "geometry": { "type": "LineString", "coordinates": [ [ 23.579407, 60.830188 ], [ 26.621246, 60.865644 ] ] } },
{ "type": "Feature", "properties": { "from_node": 219, "to_node": 225, "length_km": 92.429576795170092, "delaunay_k": 2, "edge_set": "Delaunay2" }, "geometry": { "type": "LineString", "coordinates": [ [ 23.579407, 60.830188 ], [ 21.895752, 60.919755 ] ] } },
{ "type": "Feature", "properties": { "from_node": 219, "to_node": 245, "length_km": 108.07167611146481, "delaunay_k": 2, "edge_set": "Delaunay2" }, "geometry": { "type": "LineString", "coordinates": [ [ 23.579407, 60.830188 ], [ 22.105865, 61.482071 ] ] } },
{ "type": "Feature", "properties": { "from_node": 219, "to_node": 257, "length_km": 142.95898795548752, "delaunay_k": 2, "edge_set": "Delaunay2" }, "geometry": { "type": "LineString", "coordinates": [ [ 23.579407, 60.830188 ], [ 25.158691, 61.855501 ] ] } },
{ "type": "Feature", "properties": { "from_node": 219, "to_node": 263, "length_km": 184.69519115298539, "delaunay_k": 2, "edge_set": "Delaunay2" }, "geometry": { "type": "LineString", "coordinates": [ [ 23.579407, 60.830188 ], [ 21.604614, 62.184091 ] ] } },
{ "type": "Feature", "properties": { "from_node": 219, "to_node": 264, "length_km": 181.85750553051358, "delaunay_k": 2, "edge_set": "Delaunay2" }, "geometry": { "type": "LineString", "coordinates": [ [ 23.579407, 60.830188 ], [ 25.180664, 62.261532 ] ] } },
{ "type": "Feature", "properties": { "from_node": 219, "to_node": 288, "length_km": 225.07521348765212, "delaunay_k": 2, "edge_set": "Delaunay2" }, "geometry": { "type": "LineString", "coordinates": [ [ 23.579407, 60.830188 ], [ 22.633209, 62.789912 ] ] } },
{ "type": "Feature", "properties": { "from_node": 220, "to_node": 228, "length_km": 68.995305525193345, "delaunay_k": 2, "edge_set": "Delaunay2" }, "geometry": { "type": "LineString", "coordinates": [ [ 5.968323, 60.836881 ], [ 7.216644, 60.950443 ] ] } },
{ "type": "Feature", "properties": { "from_node": 220, "to_node": 232, "length_km": 57.258172035968514, "delaunay_k": 2, "edge_set": "Delaunay2" }, "geometry": { "type": "LineString", "coordinates": [ [ 5.968323, 60.836881 ], [ 6.871948, 61.10278 ] ] } },
{ "type": "Feature", "properties": { "from_node": 220, "to_node": 239, "length_km": 85.73117591051556, "delaunay_k": 2, "edge_set": "Delaunay2" }, "geometry": { "type": "LineString", "coordinates": [ [ 5.968323, 60.836881 ], [ 7.293549, 61.259009 ] ] } },
{ "type": "Feature", "properties": { "from_node": 220, "to_node": 247, "length_km": 74.09273467597626, "delaunay_k": 2, "edge_set": "Delaunay2" }, "geometry": { "type": "LineString", "coordinates": [ [ 5.968323, 60.836881 ], [ 5.748596, 61.49256 ] ] } },
{ "type": "Feature", "properties": { "from_node": 220, "to_node": 252, "length_km": 112.68616439655901, "delaunay_k": 2, "edge_set": "Delaunay2" }, "geometry": { "type": "LineString", "coordinates": [ [ 5.968323, 60.836881 ], [ 7.410278, 61.569805 ] ] } },
{ "type": "Feature", "properties": { "from_node": 220, "to_node": 254, "length_km": 107.75279191139343, "delaunay_k": 2, "edge_set": "Delaunay2" }, "geometry": { "type": "LineString", "coordinates": [ [ 5.968323, 60.836881 ], [ 5.218506, 61.732826 ] ] } },
{ "type": "Feature", "properties": { "from_node": 221, "to_node": 223, "length_km": 71.194316736613089, "delaunay_k": 2, "edge_set": "Delaunay2" }, "geometry": { "type": "LineString", "coordinates": [ [ 26.621246, 60.865644 ], [ 27.919006, 60.893713 ] ] } },
{ "type": "Feature", "properties": { "from_node": 221, "to_node": 241, "length_km": 131.61895041703201, "delaunay_k": 2, "edge_set": "Delaunay2" }, "geometry": { "type": "LineString", "coordinates": [ [ 26.621246, 60.865644 ], [ 24.403381, 61.338151 ] ] } },
{ "type": "Feature", "properties": { "from_node": 221, "to_node": 248, "length_km": 155.60613958491086, "delaunay_k": 2, "edge_set": "Delaunay2" }, "geometry": { "type": "LineString", "coordinates": [ [ 26.621246, 60.865644 ], [ 24.083405, 61.516146 ] ] } },
{ "type": "Feature", "properties": { "from_node": 221, "to_node": 264, "length_km": 174.63489785430096, "delaunay_k": 2, "edge_set": "Delaunay2" }, "geometry": { "type": "LineString", "coordinates": [ [ 26.621246, 60.865644 ], [ 25.180664, 62.261532 ] ] } },
{ "type": "Feature", "properties": { "from_node": 221, "to_node": 265, "length_km": 168.53901169579194, "delaunay_k": 2, "edge_set": "Delaunay2" }, "geometry": { "type": "LineString", "coordinates": [ [ 26.621246, 60.865644 ], [ 27.766571, 62.262171 ] ] } },
{ "type": "Feature", "properties": { "from_node": 221, "to_node": 266, "length_km": 168.61366413302989, "delaunay_k": 2, "edge_set": "Delaunay2" }, "geometry": { "type": "LineString", "coordinates": [ [ 26.621246, 60.865644 ], [ 26.032104, 62.340686 ] ] } },
{ "type": "Feature", "properties": { "from_node": 222, "to_node": 227, "length_km": 46.533456483138515, "delaunay_k": 2, "edge_set": "Delaunay2" }, "geometry": { "type": "LineString", "coordinates": [ [ 8.311157, 60.873666 ], [ 7.462463, 60.931767 ] ] } },
{ "type": "Feature", "properties": { "from_node": 222, "to_node": 229, "length_km": 51.553356002018297, "delaunay_k": 2, "edge_set": "Delaunay2" }, "geometry": { "type": "LineString", "coordinates": [ [ 8.311157, 60.873666 ], [ 7.395172, 60.997087 ] ] } },
{ "type": "Feature", "properties": { "from_node": 222, "to_node": 235, "length_km": 119.02970467799, "delaunay_k": 2, "edge_set": "Delaunay2" }, "geometry": { "type": "LineString", "coordinates": [ [ 8.311157, 60.873666 ], [ 10.421906, 61.177019 ] ] } },
{ "type": "Feature", "properties": { "from_node": 222, "to_node": 237, "length_km": 64.359098389875271, "delaunay_k": 2, "edge_set": "Delaunay2" }, "geometry": { "type": "LineString", "coordinates": [ [ 8.311157, 60.873666 ], [ 7.338867, 61.206798 ] ] } },
{ "type": "Feature", "properties": { "from_node": 222, "to_node": 240, "length_km": 66.3191567466517, "delaunay_k": 2, "edge_set": "Delaunay2" }, "geometry": { "type": "LineString", "coordinates": [ [ 8.311157, 60.873666 ], [ 7.439117, 61.292669 ] ] } },
{ "type": "Feature", "properties": { "from_node": 222, "to_node": 249, "length_km": 78.098675563788689, "delaunay_k": 2, "edge_set": "Delaunay2" }, "geometry": { "type": "LineString", "coordinates": [ [ 8.311157, 60.873666 ], [ 7.738495, 61.517456 ] ] } },
{ "type": "Feature", "properties": { "from_node": 222, "to_node": 250, "length_km": 122.0312177902631, "delaunay_k": 2, "edge_set": "Delaunay2" }, "geometry": { "type": "LineString", "coordinates": [ [ 8.311157, 60.873666 ], [ 10.134888, 61.525314 ] ] } },
{ "type": "Feature", "properties": { "from_node": 222, "to_node": 253, "length_km": 113.23918415158013, "delaunay_k": 2, "edge_set": "Delaunay2" }, "geometry": { "type": "LineString", "coordinates": [ [ 8.311157, 60.873666 ], [ 9.821777, 61.582225 ] ] } },
{ "type": "Feature", "properties": { "from_node": 222, "to_node": 260, "length_km": 119.78990143231977, "delaunay_k": 2, "edge_set": "Delaunay2" }, "geometry": { "type": "LineString", "coordinates": [ [ 8.311157, 60.873666 ], [ 9.063721, 61.885931 ] ] } },
{ "type": "Feature", "properties": { "from_node": 223, "to_node": 258, "length_km": 181.44047101403646, "delaunay_k": 2, "edge_set": "Delaunay2" }, "geometry": { "type": "LineString", "coordinates": [ [ 27.919006, 60.893713 ], [ 25.252075, 61.880107 ] ] } },
{ "type": "Feature", "properties": { "from_node": 223, "to_node": 266, "length_km": 191.37473540774755, "delaunay_k": 2, "edge_set": "Delaunay2" }, "geometry": { "type": "LineString", "coordinates": [ [ 27.919006, 60.893713 ], [ 26.032104, 62.340686 ] ] } },
{ "type": "Feature", "properties": { "from_node": 223, "to_node": 302, "length_km": 254.87735863408858, "delaunay_k": 2, "edge_set": "Delaunay2" }, "geometry": { "type": "LineString", "coordinates": [ [ 27.919006, 60.893713 ], [ 27.585297, 63.154975 ] ] } },
{ "type": "Feature", "properties": { "from_node": 223, "to_node": 352, "length_km": 362.47291740540794, "delaunay_k": 2, "edge_set": "Delaunay2" }, "geometry": { "type": "LineString", "coordinates": [ [ 27.919006, 60.893713 ], [ 27.204895, 64.101606 ] ] } },
{ "type": "Feature", "properties": { "from_node": 223, "to_node": 365, "length_km": 415.25835628640226, "delaunay_k": 2, "edge_set": "Delaunay2" }, "geometry": { "type": "LineString", "coordinates": [ [ 27.919006, 60.893713 ], [ 26.843719, 64.556111 ] ] } },
{ "type": "Feature", "properties": { "from_node": 223, "to_node": 375, "length_km": 440.22472404719633, "delaunay_k": 2, "edge_set": "Delaunay2" }, "geometry": { "type": "LineString", "coordinates": [ [ 27.919006, 60.893713 ], [ 26.51825, 64.759489 ] ] } },
{ "type": "Feature", "properties": { "from_node": 224, "to_node": 236, "length_km": 117.75040231766445, "delaunay_k": 2, "edge_set": "Delaunay2" }, "geometry": { "type": "LineString", "coordinates": [ [ 24.915619, 60.906402 ], [ 22.822723, 61.179005 ] ] } },
{ "type": "Feature", "properties": { "from_node": 224, "to_node": 246, "length_km": 145.0641782991417, "delaunay_k": 2, "edge_set": "Delaunay2" }, "geometry": { "type": "LineString", "coordinates": [ [ 24.915619, 60.906402 ], [ 27.305145, 61.489282 ] ] } },
{ "type": "Feature", "properties": { "from_node": 224, "to_node": 248, "length_km": 81.843061293616756, "delaunay_k": 2, "edge_set": "Delaunay2" }, "geometry": { "type": "LineString", "coordinates": [ [ 24.915619, 60.906402 ], [ 24.083405, 61.516146 ] ] } },
{ "type": "Feature", "properties": { "from_node": 224, "to_node": 258, "length_km": 110.70795798107963, "delaunay_k": 2, "edge_set": "Delaunay2" }, "geometry": { "type": "LineString", "coordinates": [ [ 24.915619, 60.906402 ], [ 25.252075, 61.880107 ] ] } },
{ "type": "Feature", "properties": { "from_node": 224, "to_node": 264, "length_km": 152.64858787531446, "delaunay_k": 2, "edge_set": "Delaunay2" }, "geometry": { "type": "LineString", "coordinates": [ [ 24.915619, 60.906402 ], [ 25.180664, 62.261532 ] ] } },
{ "type": "Feature", "properties": { "from_node": 225, "to_node": 248, "length_km": 135.67975297411945, "delaunay_k": 2, "edge_set": "Delaunay2" }, "geometry": { "type": "LineString", "coordinates": [ [ 21.895752, 60.919755 ], [ 24.083405, 61.516146 ] ] } },
{ "type": "Feature", "properties": { "from_node": 225, "to_node": 251, "length_km": 71.865233424443559, "delaunay_k": 2, "edge_set": "Delaunay2" }, "geometry": { "type": "LineString", "coordinates": [ [ 21.895752, 60.919755 ], [ 21.660919, 61.552147 ] ] } },
{ "type": "Feature", "properties": { "from_node": 225, "to_node": 263, "length_km": 142.27618537986629, "delaunay_k": 2, "edge_set": "Delaunay2" }, "geometry": { "type": "LineString", "coordinates": [ [ 21.895752, 60.919755 ], [ 21.604614, 62.184091 ] ] } },
{ "type": "Feature", "properties": { "from_node": 226, "to_node": 255, "length_km": 96.292849313244616, "delaunay_k": 2, "edge_set": "Delaunay2" }, "geometry": { "type": "LineString", "coordinates": [ [ 16.637421, 60.922424 ], [ 16.316071, 61.771824 ] ] } },
{ "type": "Feature", "properties": { "from_node": 226, "to_node": 259, "length_km": 115.33483798179084, "delaunay_k": 2, "edge_set": "Delaunay2" }, "geometry": { "type": "LineString", "coordinates": [ [ 16.637421, 60.922424 ], [ 15.843658, 61.88399 ] ] } },
{ "type": "Feature", "properties": { "from_node": 226, "to_node": 261, "length_km": 183.71206271715587, "delaunay_k": 2, "edge_set": "Delaunay2" }, "geometry": { "type": "LineString", "coordinates": [ [ 16.637421, 60.922424 ], [ 14.16687, 62.071739 ] ] } },
{ "type": "Feature", "properties": { "from_node": 227, "to_node": 230, "length_km": 47.846852437460953, "delaunay_k": 2, "edge_set": "Delaunay2" }, "geometry": { "type": "LineString", "coordinates": [ [ 7.462463, 60.931767 ], [ 6.60965, 61.043662 ] ] } },
{ "type": "Feature", "properties": { "from_node": 227, "to_node": 232, "length_km": 37.210236310429458, "delaunay_k": 2, "edge_set": "Delaunay2" }, "geometry": { "type": "LineString", "coordinates": [ [ 7.462463, 60.931767 ], [ 6.871948, 61.10278 ] ] } },
{ "type": "Feature", "properties": { "from_node": 227, "to_node": 237, "length_km": 31.382066507593457, "delaunay_k": 2, "edge_set": "Delaunay2" }, "geometry": { "type": "LineString", "coordinates": [ [ 7.462463, 60.931767 ], [ 7.338867, 61.206798 ] ] } },
{ "type": "Feature", "properties": { "from_node": 227, "to_node": 240, "length_km": 40.256872883333763, "delaunay_k": 2, "edge_set": "Delaunay2" }, "geometry": { "type": "LineString", "coordinates": [ [ 7.462463, 60.931767 ], [ 7.439117, 61.292669 ] ] } },
{ "type": "Feature", "properties": { "from_node": 227, "to_node": 244, "length_km": 117.69997995886852, "delaunay_k": 2, "edge_set": "Delaunay2" }, "geometry": { "type": "LineString", "coordinates": [ [ 7.462463, 60.931767 ], [ 9.341125, 61.473546 ] ] } },
{ "type": "Feature", "properties": { "from_node": 227, "to_node": 249, "length_km": 66.961388074704971, "delaunay_k": 2, "edge_set": "Delaunay2" }, "geometry": { "type": "LineString", "coordinates": [ [ 7.462463, 60.931767 ], [ 7.738495, 61.517456 ] ] } },
{ "type": "Feature", "properties": { "from_node": 228, "to_node": 231, "length_km": 38.067785441417506, "delaunay_k": 2, "edge_set": "Delaunay2" }, "geometry": { "type": "LineString", "coordinates": [ [ 7.216644, 60.950443 ], [ 7.892303, 61.044991 ] ] } },
{ "type": "Feature", "properties": { "from_node": 228, "to_node": 238, "length_km": 68.36129181351491, "delaunay_k": 2, "edge_set": "Delaunay2" }, "geometry": { "type": "LineString", "coordinates": [ [ 7.216644, 60.950443 ], [ 6.093292, 61.233245 ] ] } },
{ "type": "Feature", "properties": { "from_node": 228, "to_node": 239, "length_km": 34.653437118446583, "delaunay_k": 2, "edge_set": "Delaunay2" }, "geometry": { "type": "LineString", "coordinates": [ [ 7.216644, 60.950443 ], [ 7.293549, 61.259009 ] ] } },
{ "type": "Feature", "properties": { "from_node": 228, "to_node": 240, "length_km": 39.99823608013466, "delaunay_k": 2, "edge_set": "Delaunay2" }, "geometry": { "type": "LineString", "coordinates": [ [ 7.216644, 60.950443 ], [ 7.439117, 61.292669 ] ] } },
{ "type": "Feature", "properties": { "from_node": 229, "to_node": 230, "length_km": 42.819693519764463, "delaunay_k": 2, "edge_set": "Delaunay2" }, "geometry": { "type": "LineString", "coordinates": [ [ 7.395172, 60.997087 ], [ 6.60965, 61.043662 ] ] } },
{ "type": "Feature", "properties": { "from_node": 229, "to_node": 232, "length_km": 30.640471319302371, "delaunay_k": 2, "edge_set": "Delaunay2" }, "geometry": { "type": "LineString", "coordinates": [ [ 7.395172, 60.997087 ], [ 6.871948, 61.10278 ] ] } },
{ "type": "Feature", "properties": { "from_node": 229, "to_node": 239, "length_km": 29.712368853362335, "delaunay_k": 2, "edge_set": "Delaunay2" }, "geometry": { "type": "LineString", "coordinates": [ [ 7.395172, 60.997087 ], [ 7.293549, 61.259009 ] ] } },
{ "type": "Feature", "properties": { "from_node": 229, "to_node": 240, "length_km": 33.040015866436178, "delaunay_k": 2, "edge_set": "Delaunay2" }, "geometry": { "type": "LineString", "coordinates": [ [ 7.395172, 60.997087 ], [ 7.439117, 61.292669 ] ] } },
{ "type": "Feature", "properties": { "from_node": 229, "to_node": 244, "length_km": 117.25532186749837, "delaunay_k": 2, "edge_set": "Delaunay2" }, "geometry": { "type": "LineString", "coordinates": [ [ 7.395172, 60.997087 ], [ 9.341125, 61.473546 ] ] } },
{ "type": "Feature", "properties": { "from_node": 229, "to_node": 249, "length_km": 60.873805440614071, "delaunay_k": 2, "edge_set": "Delaunay2" }, "geometry": { "type": "LineString", "coordinates": [ [ 7.395172, 60.997087 ], [ 7.738495, 61.517456 ] ] } },
{ "type": "Feature", "properties": { "from_node": 230, "to_node": 237, "length_km": 43.330154421909427, "delaunay_k": 2, "edge_set": "Delaunay2" }, "geometry": { "type": "LineString", "coordinates": [ [ 6.60965, 61.043662 ], [ 7.338867, 61.206798 ] ] } },
{ "type": "Feature", "properties": { "from_node": 230, "to_node": 239, "length_km": 43.985497258558389, "delaunay_k": 2, "edge_set": "Delaunay2" }, "geometry": { "type": "LineString", "coordinates": [ [ 6.60965, 61.043662 ], [ 7.293549, 61.259009 ] ] } },
{ "type": "Feature", "properties": { "from_node": 230, "to_node": 247, "length_km": 68.152926169325596, "delaunay_k": 2, "edge_set": "Delaunay2" }, "geometry": { "type": "LineString", "coordinates": [ [ 6.60965, 61.043662 ], [ 5.748596, 61.49256 ] ] } },
{ "type": "Feature", "properties": { "from_node": 230, "to_node": 252, "length_km": 72.69691843260722, "delaunay_k": 2, "edge_set": "Delaunay2" }, "geometry": { "type": "LineString", "coordinates": [ [ 6.60965, 61.043662 ], [ 7.410278, 61.569805 ] ] } },
{ "type": "Feature", "properties": { "from_node": 231, "to_node": 232, "length_km": 55.486060832695472, "delaunay_k": 2, "edge_set": "Delaunay2" }, "geometry": { "type": "LineString", "coordinates": [ [ 7.892303, 61.044991 ], [ 6.871948, 61.10278 ] ] } },
{ "type": "Feature", "properties": { "from_node": 231, "to_node": 235, "length_km": 137.20098895069196, "delaunay_k": 2, "edge_set": "Delaunay2" }, "geometry": { "type": "LineString", "coordinates": [ [ 7.892303, 61.044991 ], [ 10.421906, 61.177019 ] ] } },
{ "type": "Feature", "properties": { "from_node": 231, "to_node": 239, "length_km": 40.123267710018965, "delaunay_k": 2, "edge_set": "Delaunay2" }, "geometry": { "type": "LineString", "coordinates": [ [ 7.892303, 61.044991 ], [ 7.293549, 61.259009 ] ] } },
{ "type": "Feature", "properties": { "from_node": 231, "to_node": 243, "length_km": 51.102130597321874, "delaunay_k": 2, "edge_set": "Delaunay2" }, "geometry": { "type": "LineString", "coordinates": [ [ 7.892303, 61.044991 ], [ 7.436371, 61.447302 ] ] } },
{ "type": "Feature", "properties": { "from_node": 231, "to_node": 250, "length_km": 131.64374673663633, "delaunay_k": 2, "edge_set": "Delaunay2" }, "geometry": { "type": "LineString", "coordinates": [ [ 7.892303, 61.044991 ], [ 10.134888, 61.525314 ] ] } },
{ "type": "Feature", "properties": { "from_node": 231, "to_node": 252, "length_km": 63.961925048764556, "delaunay_k": 2, "edge_set": "Delaunay2" }, "geometry": { "type": "LineString", "coordinates": [ [ 7.892303, 61.044991 ], [ 7.410278, 61.569805 ] ] } },
{ "type": "Feature", "properties": { "from_node": 231, "to_node": 253, "length_km": 119.4732439085391, "delaunay_k": 2, "edge_set": "Delaunay2" }, "geometry": { "type": "LineString", "coordinates": [ [ 7.892303, 61.044991 ], [ 9.821777, 61.582225 ] ] } },
{ "type": "Feature", "properties": { "from_node": 231, "to_node": 260, "length_km": 112.64422961683233, "delaunay_k": 2, "edge_set": "Delaunay2" }, "geometry": { "type": "LineString", "coordinates": [ [ 7.892303, 61.044991 ], [ 9.063721, 61.885931 ] ] } },
{ "type": "Feature", "properties": { "from_node": 231, "to_node": 277, "length_km": 165.22404774545072, "delaunay_k": 2, "edge_set": "Delaunay2" }, "geometry": { "type": "LineString", "coordinates": [ [ 7.892303, 61.044991 ], [ 7.7948, 62.526259 ] ] } },
{ "type": "Feature", "properties": { "from_node": 232, "to_node": 240, "length_km": 37.141588633177896, "delaunay_k": 2, "edge_set": "Delaunay2" }, "geometry": { "type": "LineString", "coordinates": [ [ 6.871948, 61.10278 ], [ 7.439117, 61.292669 ] ] } },
{ "type": "Feature", "properties": { "from_node": 232, "to_node": 243, "length_km": 48.922179492370837, "delaunay_k": 2, "edge_set": "Delaunay2" }, "geometry": { "type": "LineString", "coordinates": [ [ 6.871948, 61.10278 ], [ 7.436371, 61.447302 ] ] } },
{ "type": "Feature", "properties": { "from_node": 232, "to_node": 247, "length_km": 74.307453094934971, "delaunay_k": 2, "edge_set": "Delaunay2" }, "geometry": { "type": "LineString", "coordinates": [ [ 6.871948, 61.10278 ], [ 5.748596, 61.49256 ] ] } },
{ "type": "Feature", "properties": { "from_node": 232, "to_node": 252, "length_km": 59.525669838752329, "delaunay_k": 2, "edge_set": "Delaunay2" }, "geometry": { "type": "LineString", "coordinates": [ [ 6.871948, 61.10278 ], [ 7.410278, 61.569805 ] ] } },
{ "type": "Feature", "properties": { "from_node": 233, "to_node": 236, "length_km": 69.683229861132432, "delaunay_k": 2, "edge_set": "Delaunay2" }, "geometry": { "type": "LineString", "coordinates": [ [ 21.538696, 61.125998 ], [ 22.822723, 61.179005 ] ] } },
{ "type": "Feature", "properties": { "from_node": 233, "to_node": 248, "length_km": 143.71382159752241, "delaunay_k": 2, "edge_set": "Delaunay2" }, "geometry": { "type": "LineString", "coordinates": [ [ 21.538696, 61.125998 ], [ 24.083405, 61.516146 ] ] } },
{ "type": "Feature", "properties": { "from_node": 233, "to_node": 263, "length_km": 118.39131492238012, "delaunay_k": 2, "edge_set": "Delaunay2" }, "geometry": { "type": "LineString", "coordinates": [ [ 21.538696, 61.125998 ], [ 21.604614, 62.184091 ] ] } },
{ "type": "Feature", "properties": { "from_node": 234, "to_node": 259, "length_km": 106.11390726758647, "delaunay_k": 2, "edge_set": "Delaunay2" }, "geometry": { "type": "LineString", "coordinates": [ [ 17.166138, 61.172384 ], [ 15.843658, 61.88399 ] ] } },
{ "type": "Feature", "properties": { "from_node": 234, "to_node": 268, "length_km": 143.61493227582179, "delaunay_k": 2, "edge_set": "Delaunay2" }, "geometry": { "type": "LineString", "coordinates": [ [ 17.166138, 61.172384 ], [ 16.333923, 62.398006 ] ] } },
{ "type": "Feature", "properties": { "from_node": 234, "to_node": 270, "length_km": 141.50633169442176, "delaunay_k": 2, "edge_set": "Delaunay2" }, "geometry": { "type": "LineString", "coordinates": [ [ 17.166138, 61.172384 ], [ 16.993103, 62.438065 ] ] } },
{ "type": "Feature", "properties": { "from_node": 235, "to_node": 249, "length_km": 148.54894115055333, "delaunay_k": 2, "edge_set": "Delaunay2" }, "geometry": { "type": "LineString", "coordinates": [ [ 10.421906, 61.177019 ], [ 7.738495, 61.517456 ] ] } },
{ "type": "Feature", "properties": { "from_node": 235, "to_node": 253, "length_km": 55.394333695015625, "delaunay_k": 2, "edge_set": "Delaunay2" }, "geometry": { "type": "LineString", "coordinates": [ [ 10.421906, 61.177019 ], [ 9.821777, 61.582225 ] ] } },
{ "type": "Feature", "properties": { "from_node": 235, "to_node": 260, "length_km": 107.0665843039862, "delaunay_k": 2, "edge_set": "Delaunay2" }, "geometry": { "type": "LineString", "coordinates": [ [ 10.421906, 61.177019 ], [ 9.063721, 61.885931 ] ] } },
{ "type": "Feature", "properties": { "from_node": 235, "to_node": 261, "length_km": 222.23300767363008, "delaunay_k": 2, "edge_set": "Delaunay2" }, "geometry": { "type": "LineString", "coordinates": [ [ 10.421906, 61.177019 ], [ 14.16687, 62.071739 ] ] } },
{ "type": "Feature", "properties": { "from_node": 235, "to_node": 262, "length_km": 216.67960303016415, "delaunay_k": 2, "edge_set": "Delaunay2" }, "geometry": { "type": "LineString", "coordinates": [ [ 10.421906, 61.177019 ], [ 13.973236, 62.141768 ] ] } },
{ "type": "Feature", "properties": { "from_node": 235, "to_node": 280, "length_km": 192.80040645103625, "delaunay_k": 2, "edge_set": "Delaunay2" }, "geometry": { "type": "LineString", "coordinates": [ [ 10.421906, 61.177019 ], [ 12.590332, 62.571841 ] ] } },
{ "type": "Feature", "properties": { "from_node": 235, "to_node": 281, "length_km": 161.99460737449974, "delaunay_k": 2, "edge_set": "Delaunay2" }, "geometry": { "type": "LineString", "coordinates": [ [ 10.421906, 61.177019 ], [ 10.266724, 62.628719 ] ] } },
{ "type": "Feature", "properties": { "from_node": 236, "to_node": 241, "length_km": 87.121252840795506, "delaunay_k": 2, "edge_set": "Delaunay2" }, "geometry": { "type": "LineString", "coordinates": [ [ 22.822723, 61.179005 ], [ 24.403381, 61.338151 ] ] } },
{ "type": "Feature", "properties": { "from_node": 236, "to_node": 251, "length_km": 75.07820858257341, "delaunay_k": 2, "edge_set": "Delaunay2" }, "geometry": { "type": "LineString", "coordinates": [ [ 22.822723, 61.179005 ], [ 21.660919, 61.552147 ] ] } },
{ "type": "Feature", "properties": { "from_node": 236, "to_node": 257, "length_km": 146.19554980039308, "delaunay_k": 2, "edge_set": "Delaunay2" }, "geometry": { "type": "LineString", "coordinates": [ [ 22.822723, 61.179005 ], [ 25.158691, 61.855501 ] ] } },
{ "type": "Feature", "properties": { "from_node": 236, "to_node": 263, "length_km": 129.76911002790592, "delaunay_k": 2, "edge_set": "Delaunay2" }, "geometry": { "type": "LineString", "coordinates": [ [ 22.822723, 61.179005 ], [ 21.604614, 62.184091 ] ] } },
{ "type": "Feature", "properties": { "from_node": 236, "to_node": 264, "length_km": 174.42048962021542, "delaunay_k": 2, "edge_set": "Delaunay2" }, "geometry": { "type": "LineString", "coordinates": [ [ 22.822723, 61.179005 ], [ 25.180664, 62.261532 ] ] } },
{ "type": "Feature", "properties": { "from_node": 236, "to_node": 288, "length_km": 180.58813199932874, "delaunay_k": 2, "edge_set": "Delaunay2" }, "geometry": { "type": "LineString", "coordinates": [ [ 22.822723, 61.179005 ], [ 22.633209, 62.789912 ] ] } },
{ "type": "Feature", "properties": { "from_node": 237, "to_node": 238, "length_km": 67.04265282865488, "delaunay_k": 2, "edge_set": "Delaunay2" }, "geometry": { "type": "LineString", "coordinates": [ [ 7.338867, 61.206798 ], [ 6.093292, 61.233245 ] ] } },
{ "type": "Feature", "properties": { "from_node": 237, "to_node": 243, "length_km": 27.319209269399213, "delaunay_k": 2, "edge_set": "Delaunay2" }, "geometry": { "type": "LineString", "coordinates": [ [ 7.338867, 61.206798 ], [ 7.436371, 61.447302 ] ] } },
{ "type": "Feature", "properties": { "from_node": 237, "to_node": 244, "length_km": 111.25368626796276, "delaunay_k": 2, "edge_set": "Delaunay2" }, "geometry": { "type": "LineString", "coordinates": [ [ 7.338867, 61.206798 ], [ 9.341125, 61.473546 ] ] } },
{ "type": "Feature", "properties": { "from_node": 237, "to_node": 249, "length_km": 40.706510548728225, "delaunay_k": 2, "edge_set": "Delaunay2" }, "geometry": { "type": "LineString", "coordinates": [ [ 7.338867, 61.206798 ], [ 7.738495, 61.517456 ] ] } },
{ "type": "Feature", "properties": { "from_node": 237, "to_node": 252, "length_km": 40.653726824696385, "delaunay_k": 2, "edge_set": "Delaunay2" }, "geometry": { "type": "LineString", "coordinates": [ [ 7.338867, 61.206798 ], [ 7.410278, 61.569805 ] ] } },
{ "type": "Feature", "properties": { "from_node": 238, "to_node": 240, "length_km": 72.571598718001994, "delaunay_k": 2, "edge_set": "Delaunay2" }, "geometry": { "type": "LineString", "coordinates": [ [ 6.093292, 61.233245 ], [ 7.439117, 61.292669 ] ] } },
{ "type": "Feature", "properties": { "from_node": 238, "to_node": 243, "length_km": 75.799915614630294, "delaunay_k": 2, "edge_set": "Delaunay2" }, "geometry": { "type": "LineString", "coordinates": [ [ 6.093292, 61.233245 ], [ 7.436371, 61.447302 ] ] } },
{ "type": "Feature", "properties": { "from_node": 238, "to_node": 249, "length_km": 93.554561062883664, "delaunay_k": 2, "edge_set": "Delaunay2" }, "geometry": { "type": "LineString", "coordinates": [ [ 6.093292, 61.233245 ], [ 7.738495, 61.517456 ] ] } },
{ "type": "Feature", "properties": { "from_node": 238, "to_node": 254, "length_km": 72.688435985357387, "delaunay_k": 2, "edge_set": "Delaunay2" }, "geometry": { "type": "LineString", "coordinates": [ [ 6.093292, 61.233245 ], [ 5.218506, 61.732826 ] ] } },
{ "type": "Feature", "properties": { "from_node": 238, "to_node": 273, "length_km": 147.41238478089511, "delaunay_k": 2, "edge_set": "Delaunay2" }, "geometry": { "type": "LineString", "coordinates": [ [ 6.093292, 61.233245 ], [ 7.033997, 62.47807 ] ] } },
{ "type": "Feature", "properties": { "from_node": 238, "to_node": 277, "length_km": 169.73430745514955, "delaunay_k": 2, "edge_set": "Delaunay2" }, "geometry": { "type": "LineString", "coordinates": [ [ 6.093292, 61.233245 ], [ 7.7948, 62.526259 ] ] } },
{ "type": "Feature", "properties": { "from_node": 239, "to_node": 247, "length_km": 86.675019250633568, "delaunay_k": 2, "edge_set": "Delaunay2" }, "geometry": { "type": "LineString", "coordinates": [ [ 7.293549, 61.259009 ], [ 5.748596, 61.49256 ] ] } },
{ "type": "Feature", "properties": { "from_node": 239, "to_node": 249, "length_km": 37.36805292271324, "delaunay_k": 2, "edge_set": "Delaunay2" }, "geometry": { "type": "LineString", "coordinates": [ [ 7.293549, 61.259009 ], [ 7.738495, 61.517456 ] ] } },
{ "type": "Feature", "properties": { "from_node": 239, "to_node": 273, "length_km": 136.6209908519171, "delaunay_k": 2, "edge_set": "Delaunay2" }, "geometry": { "type": "LineString", "coordinates": [ [ 7.293549, 61.259009 ], [ 7.033997, 62.47807 ] ] } },
{ "type": "Feature", "properties": { "from_node": 239, "to_node": 277, "length_km": 143.73445889090911, "delaunay_k": 2, "edge_set": "Delaunay2" }, "geometry": { "type": "LineString", "coordinates": [ [ 7.293549, 61.259009 ], [ 7.7948, 62.526259 ] ] } },
{ "type": "Feature", "properties": { "from_node": 240, "to_node": 244, "length_km": 103.67841402158443, "delaunay_k": 2, "edge_set": "Delaunay2" }, "geometry": { "type": "LineString", "coordinates": [ [ 7.439117, 61.292669 ], [ 9.341125, 61.473546 ] ] } },
{ "type": "Feature", "properties": { "from_node": 240, "to_node": 252, "length_km": 30.937754814771193, "delaunay_k": 2, "edge_set": "Delaunay2" }, "geometry": { "type": "LineString", "coordinates": [ [ 7.439117, 61.292669 ], [ 7.410278, 61.569805 ] ] } },
{ "type": "Feature", "properties": { "from_node": 240, "to_node": 260, "length_km": 108.72086773468808, "delaunay_k": 2, "edge_set": "Delaunay2" }, "geometry": { "type": "LineString", "coordinates": [ [ 7.439117, 61.292669 ], [ 9.063721, 61.885931 ] ] } },
{ "type": "Feature", "properties": { "from_node": 240, "to_node": 277, "length_km": 138.80557415953984, "delaunay_k": 2, "edge_set": "Delaunay2" }, "geometry": { "type": "LineString", "coordinates": [ [ 7.439117, 61.292669 ], [ 7.7948, 62.526259 ] ] } },
{ "type": "Feature", "properties": { "from_node": 241, "to_node": 245, "length_km": 124.35934869401272, "delaunay_k": 2, "edge_set": "Delaunay2" }, "geometry": { "type": "LineString", "coordinates": [ [ 24.403381, 61.338151 ], [ 22.105865, 61.482071 ] ] } },
{ "type": "Feature", "properties": { "from_node": 241, "to_node": 258, "length_km": 75.809145752637448, "delaunay_k": 2, "edge_set": "Delaunay2" }, "geometry": { "type": "LineString", "coordinates": [ [ 24.403381, 61.338151 ], [ 25.252075, 61.880107 ] ] } },
{ "type": "Feature", "properties": { "from_node": 241, "to_node": 263, "length_km": 176.10280003010257, "delaunay_k": 2, "edge_set": "Delaunay2" }, "geometry": { "type": "LineString", "coordinates": [ [ 24.403381, 61.338151 ], [ 21.604614, 62.184091 ] ] } },
{ "type": "Feature", "properties": { "from_node": 241, "to_node": 264, "length_km": 111.44685534647709, "delaunay_k": 2, "edge_set": "Delaunay2" }, "geometry": { "type": "LineString", "coordinates": [ [ 24.403381, 61.338151 ], [ 25.180664, 62.261532 ] ] } },
{ "type": "Feature", "properties": { "from_node": 241, "to_node": 288, "length_km": 187.31298450859592, "delaunay_k": 2, "edge_set": "Delaunay2" }, "geometry": { "type": "LineString", "coordinates": [ [ 24.403381, 61.338151 ], [ 22.633209, 62.789912 ] ] } },
{ "type": "Feature", "properties": { "from_node": 242, "to_node": 261, "length_km": 141.56288679208765, "delaunay_k": 2, "edge_set": "Delaunay2" }, "geometry": { "type": "LineString", "coordinates": [ [ 16.44928, 61.407894 ], [ 14.16687, 62.071739 ] ] } },
{ "type": "Feature", "properties": { "from_node": 242, "to_node": 267, "length_km": 115.79964881596331, "delaunay_k": 2, "edge_set": "Delaunay2" }, "geometry": { "type": "LineString", "coordinates": [ [ 16.44928, 61.407894 ], [ 17.362518, 62.352158 ] ] } },
{ "type": "Feature", "properties": { "from_node": 242, "to_node": 268, "length_km": 110.6057399058169, "delaunay_k": 2, "edge_set": "Delaunay2" }, "geometry": { "type": "LineString", "coordinates": [ [ 16.44928, 61.407894 ], [ 16.333923, 62.398006 ] ] } },
{ "type": "Feature", "properties": { "from_node": 242, "to_node": 269, "length_km": 135.38740566579403, "delaunay_k": 2, "edge_set": "Delaunay2" }, "geometry": { "type": "LineString", "coordinates": [ [ 16.44928, 61.407894 ], [ 15.005951, 62.413273 ] ] } },
{ "type": "Feature", "properties": { "from_node": 242, "to_node": 270, "length_km": 118.42399257052327, "delaunay_k": 2, "edge_set": "Delaunay2" }, "geometry": { "type": "LineString", "coordinates": [ [ 16.44928, 61.407894 ], [ 16.993103, 62.438065 ] ] } },
{ "type": "Feature", "properties": { "from_node": 242, "to_node": 271, "length_km": 124.67755976817392, "delaunay_k": 2, "edge_set": "Delaunay2" }, "geometry": { "type": "LineString", "coordinates": [ [ 16.44928, 61.407894 ], [ 15.544281, 62.441242 ] ] } },
{ "type": "Feature", "properties": { "from_node": 243, "to_node": 244, "length_km": 101.63660393236444, "delaunay_k": 2, "edge_set": "Delaunay2" }, "geometry": { "type": "LineString", "coordinates": [ [ 7.436371, 61.447302 ], [ 9.341125, 61.473546 ] ] } },
{ "type": "Feature", "properties": { "from_node": 243, "to_node": 247, "length_km": 90.17860884439375, "delaunay_k": 2, "edge_set": "Delaunay2" }, "geometry": { "type": "LineString", "coordinates": [ [ 7.436371, 61.447302 ], [ 5.748596, 61.49256 ] ] } },
{ "type": "Feature", "properties": { "from_node": 243, "to_node": 260, "length_km": 99.124552495055212, "delaunay_k": 2, "edge_set": "Delaunay2" }, "geometry": { "type": "LineString", "coordinates": [ [ 7.436371, 61.447302 ], [ 9.063721, 61.885931 ] ] } },
{ "type": "Feature", "properties": { "from_node": 243, "to_node": 273, "length_km": 116.862536097671, "delaunay_k": 2, "edge_set": "Delaunay2" }, "geometry": { "type": "LineString", "coordinates": [ [ 7.436371, 61.447302 ], [ 7.033997, 62.47807 ] ] } },
{ "type": "Feature", "properties": { "from_node": 243, "to_node": 277, "length_km": 121.75999976140838, "delaunay_k": 2, "edge_set": "Delaunay2" }, "geometry": { "type": "LineString", "coordinates": [ [ 7.436371, 61.447302 ], [ 7.7948, 62.526259 ] ] } },
{ "type": "Feature", "properties": { "from_node": 244, "to_node": 252, "length_km": 103.34251102784772, "delaunay_k": 2, "edge_set": "Delaunay2" }, "geometry": { "type": "LineString", "coordinates": [ [ 9.341125, 61.473546 ], [ 7.410278, 61.569805 ] ] } },
{ "type": "Feature", "properties": { "from_node": 244, "to_node": 256, "length_km": 103.05706476441048, "delaunay_k": 2, "edge_set": "Delaunay2" }, "geometry": { "type": "LineString", "coordinates": [ [ 9.341125, 61.473546 ], [ 11.12915, 61.837358 ] ] } },
{ "type": "Feature", "properties": { "from_node": 244, "to_node": 277, "length_km": 142.60870319917518, "delaunay_k": 2, "edge_set": "Delaunay2" }, "geometry": { "type": "LineString", "coordinates": [ [ 9.341125, 61.473546 ], [ 7.7948, 62.526259 ] ] } },
{ "type": "Feature", "properties": { "from_node": 244, "to_node": 281, "length_km": 137.55200521184372, "delaunay_k": 2, "edge_set": "Delaunay2" }, "geometry": { "type": "LineString", "coordinates": [ [ 9.341125, 61.473546 ], [ 10.266724, 62.628719 ] ] } },
{ "type": "Feature", "properties": { "from_node": 244, "to_node": 282, "length_km": 141.79277842900368, "delaunay_k": 2, "edge_set": "Delaunay2" }, "geometry": { "type": "LineString", "coordinates": [ [ 9.341125, 61.473546 ], [ 8.480072, 62.679816 ] ] } },
{ "type": "Feature", "properties": { "from_node": 244, "to_node": 283, "length_km": 140.71336358337086, "delaunay_k": 2, "edge_set": "Delaunay2" }, "geometry": { "type": "LineString", "coordinates": [ [ 9.341125, 61.473546 ], [ 10.122528, 62.681707 ] ] } },
{ "type": "Feature", "properties": { "from_node": 244, "to_node": 287, "length_km": 147.16692295147212, "delaunay_k": 2, "edge_set": "Delaunay2" }, "geometry": { "type": "LineString", "coordinates": [ [ 9.341125, 61.473546 ], [ 9.930267, 62.764783 ] ] } },
{ "type": "Feature", "properties": { "from_node": 245, "to_node": 257, "length_km": 167.81614460562309, "delaunay_k": 2, "edge_set": "Delaunay2" }, "geometry": { "type": "LineString", "coordinates": [ [ 22.105865, 61.482071 ], [ 25.158691, 61.855501 ] ] } },
{ "type": "Feature", "properties": { "from_node": 245, "to_node": 264, "length_km": 184.55066372439043, "delaunay_k": 2, "edge_set": "Delaunay2" }, "geometry": { "type": "LineString", "coordinates": [ [ 22.105865, 61.482071 ], [ 25.180664, 62.261532 ] ] } },
{ "type": "Feature", "properties": { "from_node": 245, "to_node": 288, "length_km": 148.92900369125536, "delaunay_k": 2, "edge_set": "Delaunay2" }, "geometry": { "type": "LineString", "coordinates": [ [ 22.105865, 61.482071 ], [ 22.633209, 62.789912 ] ] } },
{ "type": "Feature", "properties": { "from_node": 245, "to_node": 294, "length_km": 173.49669429732509, "delaunay_k": 2, "edge_set": "Delaunay2" }, "geometry": { "type": "LineString", "coordinates": [ [ 22.105865, 61.482071 ], [ 21.902618, 63.030057 ] ] } },
{ "type": "Feature", "properties": { "from_node": 246, "to_node": 257, "length_km": 121.6899132503914, "delaunay_k": 2, "edge_set": "Delaunay2" }, "geometry": { "type": "LineString", "coordinates": [ [ 27.305145, 61.489282 ], [ 25.158691, 61.855501 ] ] } },
{ "type": "Feature", "properties": { "from_node": 246, "to_node": 264, "length_km": 142.11487813927823, "delaunay_k": 2, "edge_set": "Delaunay2" }, "geometry": { "type": "LineString", "coordinates": [ [ 27.305145, 61.489282 ], [ 25.180664, 62.261532 ] ] } },
{ "type": "Feature", "properties": { "from_node": 246, "to_node": 292, "length_km": 229.85628945841364, "delaunay_k": 2, "edge_set": "Delaunay2" }, "geometry": { "type": "LineString", "coordinates": [ [ 27.305145, 61.489282 ], [ 24.285278, 62.976446 ] ] } },
{ "type": "Feature", "properties": { "from_node": 246, "to_node": 302, "length_km": 187.78378297498284, "delaunay_k": 2, "edge_set": "Delaunay2" }, "geometry": { "type": "LineString", "coordinates": [ [ 27.305145, 61.489282 ], [ 27.585297, 63.154975 ] ] } },
{ "type": "Feature", "properties": { "from_node": 246, "to_node": 367, "length_km": 352.44090358065938, "delaunay_k": 2, "edge_set": "Delaunay2" }, "geometry": { "type": "LineString", "coordinates": [ [ 27.305145, 61.489282 ], [ 28.45047, 64.58147 ] ] } },
{ "type": "Feature", "properties": { "from_node": 247, "to_node": 249, "length_km": 106.06544552456056, "delaunay_k": 2, "edge_set": "Delaunay2" }, "geometry": { "type": "LineString", "coordinates": [ [ 5.748596, 61.49256 ], [ 7.738495, 61.517456 ] ] } },
{ "type": "Feature", "properties": { "from_node": 247, "to_node": 277, "length_km": 157.45052783722824, "delaunay_k": 2, "edge_set": "Delaunay2" }, "geometry": { "type": "LineString", "coordinates": [ [ 5.748596, 61.49256 ], [ 7.7948, 62.526259 ] ] } },
{ "type": "Feature", "properties": { "from_node": 247, "to_node": 282, "length_km": 194.71066517626292, "delaunay_k": 2, "edge_set": "Delaunay2" }, "geometry": { "type": "LineString", "coordinates": [ [ 5.748596, 61.49256 ], [ 8.480072, 62.679816 ] ] } },
{ "type": "Feature", "properties": { "from_node": 247, "to_node": 313, "length_km": 293.63582389415842, "delaunay_k": 2, "edge_set": "Delaunay2" }, "geometry": { "type": "LineString", "coordinates": [ [ 5.748596, 61.49256 ], [ 9.933014, 63.271947 ] ] } },
{ "type": "Feature", "properties": { "from_node": 247, "to_node": 360, "length_km": 444.38401487953524, "delaunay_k": 2, "edge_set": "Delaunay2" }, "geometry": { "type": "LineString", "coordinates": [ [ 5.748596, 61.49256 ], [ 11.620789, 64.453849 ] ] } },
{ "type": "Feature", "properties": { "from_node": 248, "to_node": 251, "length_km": 129.51930455246378, "delaunay_k": 2, "edge_set": "Delaunay2" }, "geometry": { "type": "LineString", "coordinates": [ [ 24.083405, 61.516146 ], [ 21.660919, 61.552147 ] ] } },
{ "type": "Feature", "properties": { "from_node": 248, "to_node": 258, "length_km": 74.403071238882887, "delaunay_k": 2, "edge_set": "Delaunay2" }, "geometry": { "type": "LineString", "coordinates": [ [ 24.083405, 61.516146 ], [ 25.252075, 61.880107 ] ] } },
{ "type": "Feature", "properties": { "from_node": 248, "to_node": 266, "length_km": 138.4053668585145, "delaunay_k": 2, "edge_set": "Delaunay2" }, "geometry": { "type": "LineString", "coordinates": [ [ 24.083405, 61.516146 ], [ 26.032104, 62.340686 ] ] } },
{ "type": "Feature", "properties": { "from_node": 248, "to_node": 292, "length_km": 163.97478303765337, "delaunay_k": 2, "edge_set": "Delaunay2" }, "geometry": { "type": "LineString", "coordinates": [ [ 24.083405, 61.516146 ], [ 24.285278, 62.976446 ] ] } },
{ "type": "Feature", "properties": { "from_node": 248, "to_node": 294, "length_km": 204.10031980685278, "delaunay_k": 2, "edge_set": "Delaunay2" }, "geometry": { "type": "LineString", "coordinates": [ [ 24.083405, 61.516146 ], [ 21.902618, 63.030057 ] ] } },
{ "type": "Feature", "properties": { "from_node": 248, "to_node": 340, "length_km": 260.94800854907925, "delaunay_k": 2, "edge_set": "Delaunay2" }, "geometry": { "type": "LineString", "coordinates": [ [ 24.083405, 61.516146 ], [ 23.047943, 63.797043 ] ] } },
{ "type": "Feature", "properties": { "from_node": 249, "to_node": 250, "length_km": 127.5556371838012, "delaunay_k": 2, "edge_set": "Delaunay2" }, "geometry": { "type": "LineString", "coordinates": [ [ 7.738495, 61.517456 ], [ 10.134888, 61.525314 ] ] } },
{ "type": "Feature", "properties": { "from_node": 249, "to_node": 253, "length_km": 111.02422079385764, "delaunay_k": 2, "edge_set": "Delaunay2" }, "geometry": { "type": "LineString", "coordinates": [ [ 7.738495, 61.517456 ], [ 9.821777, 61.582225 ] ] } },
{ "type": "Feature", "properties": { "from_node": 249, "to_node": 273, "length_km": 113.30000672536899, "delaunay_k": 2, "edge_set": "Delaunay2" }, "geometry": { "type": "LineString", "coordinates": [ [ 7.738495, 61.517456 ], [ 7.033997, 62.47807 ] ] } },
{ "type": "Feature", "properties": { "from_node": 249, "to_node": 281, "length_km": 181.1310193844233, "delaunay_k": 2, "edge_set": "Delaunay2" }, "geometry": { "type": "LineString", "coordinates": [ [ 7.738495, 61.517456 ], [ 10.266724, 62.628719 ] ] } },
{ "type": "Feature", "properties": { "from_node": 249, "to_node": 282, "length_km": 135.25311354734598, "delaunay_k": 2, "edge_set": "Delaunay2" }, "geometry": { "type": "LineString", "coordinates": [ [ 7.738495, 61.517456 ], [ 8.480072, 62.679816 ] ] } },
{ "type": "Feature", "properties": { "from_node": 249, "to_node": 283, "length_km": 179.84622609430278, "delaunay_k": 2, "edge_set": "Delaunay2" }, "geometry": { "type": "LineString", "coordinates": [ [ 7.738495, 61.517456 ], [ 10.122528, 62.681707 ] ] } },
{ "type": "Feature", "properties": { "from_node": 249, "to_node": 287, "length_km": 179.99809421930934, "delaunay_k": 2, "edge_set": "Delaunay2" }, "geometry": { "type": "LineString", "coordinates": [ [ 7.738495, 61.517456 ], [ 9.930267, 62.764783 ] ] } },
{ "type": "Feature", "properties": { "from_node": 250, "to_node": 260, "length_km": 69.477730176198151, "delaunay_k": 2, "edge_set": "Delaunay2" }, "geometry": { "type": "LineString", "coordinates": [ [ 10.134888, 61.525314 ], [ 9.063721, 61.885931 ] ] } },
{ "type": "Feature", "properties": { "from_node": 250, "to_node": 261, "length_km": 221.18426059704171, "delaunay_k": 2, "edge_set": "Delaunay2" }, "geometry": { "type": "LineString", "coordinates": [ [ 10.134888, 61.525314 ], [ 14.16687, 62.071739 ] ] } },
{ "type": "Feature", "properties": { "from_node": 250, "to_node": 262, "length_km": 213.54563931145799, "delaunay_k": 2, "edge_set": "Delaunay2" }, "geometry": { "type": "LineString", "coordinates": [ [ 10.134888, 61.525314 ], [ 13.973236, 62.141768 ] ] } },
{ "type": "Feature", "properties": { "from_node": 250, "to_node": 280, "length_km": 173.48758833851912, "delaunay_k": 2, "edge_set": "Delaunay2" }, "geometry": { "type": "LineString", "coordinates": [ [ 10.134888, 61.525314 ], [ 12.590332, 62.571841 ] ] } },
{ "type": "Feature", "properties": { "from_node": 250, "to_node": 281, "length_km": 123.16958834358333, "delaunay_k": 2, "edge_set": "Delaunay2" }, "geometry": { "type": "LineString", "coordinates": [ [ 10.134888, 61.525314 ], [ 10.266724, 62.628719 ] ] } },
{ "type": "Feature", "properties": { "from_node": 251, "to_node": 288, "length_km": 147.52138688273186, "delaunay_k": 2, "edge_set": "Delaunay2" }, "geometry": { "type": "LineString", "coordinates": [ [ 21.660919, 61.552147 ], [ 22.633209, 62.789912 ] ] } },
{ "type": "Feature", "properties": { "from_node": 251, "to_node": 294, "length_km": 165.78502128318044, "delaunay_k": 2, "edge_set": "Delaunay2" }, "geometry": { "type": "LineString", "coordinates": [ [ 21.660919, 61.552147 ], [ 21.902618, 63.030057 ] ] } },
{ "type": "Feature", "properties": { "from_node": 252, "to_node": 254, "length_km": 117.66436532627735, "delaunay_k": 2, "edge_set": "Delaunay2" }, "geometry": { "type": "LineString", "coordinates": [ [ 7.410278, 61.569805 ], [ 5.218506, 61.732826 ] ] } },
{ "type": "Feature", "properties": { "from_node": 252, "to_node": 260, "length_km": 94.270104465623021, "delaunay_k": 2, "edge_set": "Delaunay2" }, "geometry": { "type": "LineString", "coordinates": [ [ 7.410278, 61.569805 ], [ 9.063721, 61.885931 ] ] } },
{ "type": "Feature", "properties": { "from_node": 252, "to_node": 282, "length_km": 135.76932843725024, "delaunay_k": 2, "edge_set": "Delaunay2" }, "geometry": { "type": "LineString", "coordinates": [ [ 7.410278, 61.569805 ], [ 8.480072, 62.679816 ] ] } },
{ "type": "Feature", "properties": { "from_node": 252, "to_node": 313, "length_km": 230.20190634964868, "delaunay_k": 2, "edge_set": "Delaunay2" }, "geometry": { "type": "LineString", "coordinates": [ [ 7.410278, 61.569805 ], [ 9.933014, 63.271947 ] ] } },
{ "type": "Feature", "properties": { "from_node": 252, "to_node": 360, "length_km": 385.66177588057235, "delaunay_k": 2, "edge_set": "Delaunay2" }, "geometry": { "type": "LineString", "coordinates": [ [ 7.410278, 61.569805 ], [ 11.620789, 64.453849 ] ] } },
{ "type": "Feature", "properties": { "from_node": 253, "to_node": 261, "length_km": 235.34270404754719, "delaunay_k": 2, "edge_set": "Delaunay2" }, "geometry": { "type": "LineString", "coordinates": [ [ 9.821777, 61.582225 ], [ 14.16687, 62.071739 ] ] } },
{ "type": "Feature", "properties": { "from_node": 253, "to_node": 262, "length_km": 227.20539496038566, "delaunay_k": 2, "edge_set": "Delaunay2" }, "geometry": { "type": "LineString", "coordinates": [ [ 9.821777, 61.582225 ], [ 13.973236, 62.141768 ] ] } },
{ "type": "Feature", "properties": { "from_node": 253, "to_node": 277, "length_km": 149.38383498456048, "delaunay_k": 2, "edge_set": "Delaunay2" }, "geometry": { "type": "LineString", "coordinates": [ [ 9.821777, 61.582225 ], [ 7.7948, 62.526259 ] ] } },
{ "type": "Feature", "properties": { "from_node": 253, "to_node": 280, "length_km": 181.91962196421144, "delaunay_k": 2, "edge_set": "Delaunay2" }, "geometry": { "type": "LineString", "coordinates": [ [ 9.821777, 61.582225 ], [ 12.590332, 62.571841 ] ] } },
{ "type": "Feature", "properties": { "from_node": 253, "to_node": 282, "length_km": 140.95332272281237, "delaunay_k": 2, "edge_set": "Delaunay2" }, "geometry": { "type": "LineString", "coordinates": [ [ 9.821777, 61.582225 ], [ 8.480072, 62.679816 ] ] } },
{ "type": "Feature", "properties": { "from_node": 253, "to_node": 283, "length_km": 123.54302864413106, "delaunay_k": 2, "edge_set": "Delaunay2" }, "geometry": { "type": "LineString", "coordinates": [ [ 9.821777, 61.582225 ], [ 10.122528, 62.681707 ] ] } },
{ "type": "Feature", "properties": { "from_node": 253, "to_node": 287, "length_km": 131.92504440604412, "delaunay_k": 2, "edge_set": "Delaunay2" }, "geometry": { "type": "LineString", "coordinates": [ [ 9.821777, 61.582225 ], [ 9.930267, 62.764783 ] ] } },
{ "type": "Feature", "properties": { "from_node": 253, "to_node": 295, "length_km": 189.75986160358698, "delaunay_k": 2, "edge_set": "Delaunay2" }, "geometry": { "type": "LineString", "coordinates": [ [ 9.821777, 61.582225 ], [ 11.727905, 63.035662 ] ] } },
{ "type": "Feature", "properties": { "from_node": 253, "to_node": 314, "length_km": 191.71682375703435, "delaunay_k": 2, "edge_set": "Delaunay2" }, "geometry": { "type": "LineString", "coordinates": [ [ 9.821777, 61.582225 ], [ 10.457611, 63.276888 ] ] } },
{ "type": "Feature", "properties": { "from_node": 254, "to_node": 277, "length_km": 161.00759459244529, "delaunay_k": 2, "edge_set": "Delaunay2" }, "geometry": { "type": "LineString", "coordinates": [ [ 5.218506, 61.732826 ], [ 7.7948, 62.526259 ] ] } },
{ "type": "Feature", "properties": { "from_node": 254, "to_node": 282, "length_km": 199.98528235804955, "delaunay_k": 2, "edge_set": "Delaunay2" }, "geometry": { "type": "LineString", "coordinates": [ [ 5.218506, 61.732826 ], [ 8.480072, 62.679816 ] ] } },
{ "type": "Feature", "properties": { "from_node": 254, "to_node": 313, "length_km": 297.45439386704203, "delaunay_k": 2, "edge_set": "Delaunay2" }, "geometry": { "type": "LineString", "coordinates": [ [ 5.218506, 61.732826 ], [ 9.933014, 63.271947 ] ] } },
{ "type": "Feature", "properties": { "from_node": 254, "to_node": 360, "length_km": 443.15937079343001, "delaunay_k": 2, "edge_set": "Delaunay2" }, "geometry": { "type": "LineString", "coordinates": [ [ 5.218506, 61.732826 ], [ 11.620789, 64.453849 ] ] } },
{ "type": "Feature", "properties": { "from_node": 255, "to_node": 261, "length_km": 117.8041041692756, "delaunay_k": 2, "edge_set": "Delaunay2" }, "geometry": { "type": "LineString", "coordinates": [ [ 16.316071, 61.771824 ], [ 14.16687, 62.071739 ] ] } },
{ "type": "Feature", "properties": { "from_node": 255, "to_node": 269, "length_km": 99.02727198072624, "delaunay_k": 2, "edge_set": "Delaunay2" }, "geometry": { "type": "LineString", "coordinates": [ [ 16.316071, 61.771824 ], [ 15.005951, 62.413273 ] ] } },
{ "type": "Feature", "properties": { "from_node": 255, "to_node": 271, "length_km": 84.853156677172862, "delaunay_k": 2, "edge_set": "Delaunay2" }, "geometry": { "type": "LineString", "coordinates": [ [ 16.316071, 61.771824 ], [ 15.544281, 62.441242 ] ] } },
{ "type": "Feature", "properties": { "from_node": 255, "to_node": 272, "length_km": 97.589619094395843, "delaunay_k": 2, "edge_set": "Delaunay2" }, "geometry": { "type": "LineString", "coordinates": [ [ 16.316071, 61.771824 ], [ 17.468262, 62.460297 ] ] } },
{ "type": "Feature", "properties": { "from_node": 255, "to_node": 274, "length_km": 81.114110991079485, "delaunay_k": 2, "edge_set": "Delaunay2" }, "geometry": { "type": "LineString", "coordinates": [ [ 16.316071, 61.771824 ], [ 16.329803, 62.499004 ] ] } },
{ "type": "Feature", "properties": { "from_node": 255, "to_node": 276, "length_km": 84.109368242684312, "delaunay_k": 2, "edge_set": "Delaunay2" }, "geometry": { "type": "LineString", "coordinates": [ [ 16.316071, 61.771824 ], [ 16.074371, 62.517388 ] ] } },
{ "type": "Feature", "properties": { "from_node": 255, "to_node": 279, "length_km": 93.414342831262459, "delaunay_k": 2, "edge_set": "Delaunay2" }, "geometry": { "type": "LineString", "coordinates": [ [ 16.316071, 61.771824 ], [ 17.024689, 62.540828 ] ] } },
{ "type": "Feature", "properties": { "from_node": 256, "to_node": 259, "length_km": 248.2161359302589, "delaunay_k": 2, "edge_set": "Delaunay2" }, "geometry": { "type": "LineString", "coordinates": [ [ 11.12915, 61.837358 ], [ 15.843658, 61.88399 ] ] } },
{ "type": "Feature", "properties": { "from_node": 256, "to_node": 260, "length_km": 108.85274029017538, "delaunay_k": 2, "edge_set": "Delaunay2" }, "geometry": { "type": "LineString", "coordinates": [ [ 11.12915, 61.837358 ], [ 9.063721, 61.885931 ] ] } },
{ "type": "Feature", "properties": { "from_node": 256, "to_node": 269, "length_km": 212.23365047169878, "delaunay_k": 2, "edge_set": "Delaunay2" }, "geometry": { "type": "LineString", "coordinates": [ [ 11.12915, 61.837358 ], [ 15.005951, 62.413273 ] ] } },
{ "type": "Feature", "properties": { "from_node": 256, "to_node": 275, "length_km": 191.94596014177617, "delaunay_k": 2, "edge_set": "Delaunay2" }, "geometry": { "type": "LineString", "coordinates": [ [ 11.12915, 61.837358 ], [ 14.515686, 62.516121 ] ] } },
{ "type": "Feature", "properties": { "from_node": 256, "to_node": 283, "length_km": 107.65714038446517, "delaunay_k": 2, "edge_set": "Delaunay2" }, "geometry": { "type": "LineString", "coordinates": [ [ 11.12915, 61.837358 ], [ 10.122528, 62.681707 ] ] } },
{ "type": "Feature", "properties": { "from_node": 256, "to_node": 285, "length_km": 175.37518233648584, "delaunay_k": 2, "edge_set": "Delaunay2" }, "geometry": { "type": "LineString", "coordinates": [ [ 11.12915, 61.837358 ], [ 13.903198, 62.735859 ] ] } },
{ "type": "Feature", "properties": { "from_node": 256, "to_node": 295, "length_km": 137.08699505080094, "delaunay_k": 2, "edge_set": "Delaunay2" }, "geometry": { "type": "LineString", "coordinates": [ [ 11.12915, 61.837358 ], [ 11.727905, 63.035662 ] ] } },
{ "type": "Feature", "properties": { "from_node": 256, "to_node": 308, "length_km": 200.45028228540625, "delaunay_k": 2, "edge_set": "Delaunay2" }, "geometry": { "type": "LineString", "coordinates": [ [ 11.12915, 61.837358 ], [ 13.587341, 63.23239 ] ] } },
{ "type": "Feature", "properties": { "from_node": 256, "to_node": 314, "length_km": 164.11880217377458, "delaunay_k": 2, "edge_set": "Delaunay2" }, "geometry": { "type": "LineString", "coordinates": [ [ 11.12915, 61.837358 ], [ 10.457611, 63.276888 ] ] } },
{ "type": "Feature", "properties": { "from_node": 256, "to_node": 318, "length_km": 185.24133312359686, "delaunay_k": 2, "edge_set": "Delaunay2" }, "geometry": { "type": "LineString", "coordinates": [ [ 11.12915, 61.837358 ], [ 12.568359, 63.361367 ] ] } },
{ "type": "Feature", "properties": { "from_node": 257, "to_node": 263, "length_km": 190.57986349059411, "delaunay_k": 2, "edge_set": "Delaunay2" }, "geometry": { "type": "LineString", "coordinates": [ [ 25.158691, 61.855501 ], [ 21.604614, 62.184091 ] ] } },
{ "type": "Feature", "properties": { "from_node": 257, "to_node": 266, "length_km": 71.221208349942685, "delaunay_k": 2, "edge_set": "Delaunay2" }, "geometry": { "type": "LineString", "coordinates": [ [ 25.158691, 61.855501 ], [ 26.032104, 62.340686 ] ] } },
{ "type": "Feature", "properties": { "from_node": 257, "to_node": 288, "length_km": 168.14762163241841, "delaunay_k": 2, "edge_set": "Delaunay2" }, "geometry": { "type": "LineString", "coordinates": [ [ 25.158691, 61.855501 ], [ 22.633209, 62.789912 ] ] } },
{ "type": "Feature", "properties": { "from_node": 257, "to_node": 292, "length_km": 133.61038480762116, "delaunay_k": 2, "edge_set": "Delaunay2" }, "geometry": { "type": "LineString", "coordinates": [ [ 25.158691, 61.855501 ], [ 24.285278, 62.976446 ] ] } },
{ "type": "Feature", "properties": { "from_node": 258, "to_node": 265, "length_km": 139.21863225242745, "delaunay_k": 2, "edge_set": "Delaunay2" }, "geometry": { "type": "LineString", "coordinates": [ [ 25.252075, 61.880107 ], [ 27.766571, 62.262171 ] ] } },
{ "type": "Feature", "properties": { "from_node": 258, "to_node": 288, "length_km": 170.2796362335184, "delaunay_k": 2, "edge_set": "Delaunay2" }, "geometry": { "type": "LineString", "coordinates": [ [ 25.252075, 61.880107 ], [ 22.633209, 62.789912 ] ] } },
{ "type": "Feature", "properties": { "from_node": 258, "to_node": 292, "length_km": 132.77646967494573, "delaunay_k": 2, "edge_set": "Delaunay2" }, "geometry": { "type": "LineString", "coordinates": [ [ 25.252075, 61.880107 ], [ 24.285278, 62.976446 ] ] } },
{ "type": "Feature", "properties": { "from_node": 258, "to_node": 302, "length_km": 187.43394429929987, "delaunay_k": 2, "edge_set": "Delaunay2" }, "geometry": { "type": "LineString", "coordinates": [ [ 25.252075, 61.880107 ], [ 27.585297, 63.154975 ] ] } },
{ "type": "Feature", "properties": { "from_node": 259, "to_node": 262, "length_km": 102.13288435932269, "delaunay_k": 2, "edge_set": "Delaunay2" }, "geometry": { "type": "LineString", "coordinates": [ [ 15.843658, 61.88399 ], [ 13.973236, 62.141768 ] ] } },
{ "type": "Feature", "properties": { "from_node": 259, "to_node": 267, "length_km": 94.992512356659063, "delaunay_k": 2, "edge_set": "Delaunay2" }, "geometry": { "type": "LineString", "coordinates": [ [ 15.843658, 61.88399 ], [ 17.362518, 62.352158 ] ] } },
{ "type": "Feature", "properties": { "from_node": 259, "to_node": 270, "length_km": 86.1103111613549, "delaunay_k": 2, "edge_set": "Delaunay2" }, "geometry": { "type": "LineString", "coordinates": [ [ 15.843658, 61.88399 ], [ 16.993103, 62.438065 ] ] } },
{ "type": "Feature", "properties": { "from_node": 259, "to_node": 274, "length_km": 73.12254141844042, "delaunay_k": 2, "edge_set": "Delaunay2" }, "geometry": { "type": "LineString", "coordinates": [ [ 15.843658, 61.88399 ], [ 16.329803, 62.499004 ] ] } },
{ "type": "Feature", "properties": { "from_node": 259, "to_node": 275, "length_km": 98.746901587449187, "delaunay_k": 2, "edge_set": "Delaunay2" }, "geometry": { "type": "LineString", "coordinates": [ [ 15.843658, 61.88399 ], [ 14.515686, 62.516121 ] ] } },
{ "type": "Feature", "properties": { "from_node": 259, "to_node": 276, "length_km": 71.657376138677392, "delaunay_k": 2, "edge_set": "Delaunay2" }, "geometry": { "type": "LineString", "coordinates": [ [ 15.843658, 61.88399 ], [ 16.074371, 62.517388 ] ] } },
{ "type": "Feature", "properties": { "from_node": 259, "to_node": 278, "length_km": 92.620789748324839, "delaunay_k": 2, "edge_set": "Delaunay2" }, "geometry": { "type": "LineString", "coordinates": [ [ 15.843658, 61.88399 ], [ 14.734039, 62.533228 ] ] } },
{ "type": "Feature", "properties": { "from_node": 259, "to_node": 290, "length_km": 107.20608109074229, "delaunay_k": 2, "edge_set": "Delaunay2" }, "geometry": { "type": "LineString", "coordinates": [ [ 15.843658, 61.88399 ], [ 16.160889, 62.833835 ] ] } },
{ "type": "Feature", "properties": { "from_node": 259, "to_node": 300, "length_km": 140.98596416260551, "delaunay_k": 2, "edge_set": "Delaunay2" }, "geometry": { "type": "LineString", "coordinates": [ [ 15.843658, 61.88399 ], [ 15.490723, 63.137606 ] ] } },
{ "type": "Feature", "properties": { "from_node": 260, "to_node": 273, "length_km": 124.66310797863696, "delaunay_k": 2, "edge_set": "Delaunay2" }, "geometry": { "type": "LineString", "coordinates": [ [ 9.063721, 61.885931 ], [ 7.033997, 62.47807 ] ] } },
{ "type": "Feature", "properties": { "from_node": 260, "to_node": 280, "length_km": 198.671140808947, "delaunay_k": 2, "edge_set": "Delaunay2" }, "geometry": { "type": "LineString", "coordinates": [ [ 9.063721, 61.885931 ], [ 12.590332, 62.571841 ] ] } },
{ "type": "Feature", "properties": { "from_node": 260, "to_node": 295, "length_km": 187.9253313742681, "delaunay_k": 2, "edge_set": "Delaunay2" }, "geometry": { "type": "LineString", "coordinates": [ [ 9.063721, 61.885931 ], [ 11.727905, 63.035662 ] ] } },
{ "type": "Feature", "properties": { "from_node": 260, "to_node": 296, "length_km": 133.57446314215565, "delaunay_k": 2, "edge_set": "Delaunay2" }, "geometry": { "type": "LineString", "coordinates": [ [ 9.063721, 61.885931 ], [ 9.602051, 63.058071 ] ] } },
{ "type": "Feature", "properties": { "from_node": 260, "to_node": 313, "length_km": 160.82549190335772, "delaunay_k": 2, "edge_set": "Delaunay2" }, "geometry": { "type": "LineString", "coordinates": [ [ 9.063721, 61.885931 ], [ 9.933014, 63.271947 ] ] } },
{ "type": "Feature", "properties": { "from_node": 260, "to_node": 314, "length_km": 170.78807678327246, "delaunay_k": 2, "edge_set": "Delaunay2" }, "geometry": { "type": "LineString", "coordinates": [ [ 9.063721, 61.885931 ], [ 10.457611, 63.276888 ] ] } },
{ "type": "Feature", "properties": { "from_node": 261, "to_node": 268, "length_km": 118.45295473350207, "delaunay_k": 2, "edge_set": "Delaunay2" }, "geometry": { "type": "LineString", "coordinates": [ [ 14.16687, 62.071739 ], [ 16.333923, 62.398006 ] ] } },
{ "type": "Feature", "properties": { "from_node": 261, "to_node": 271, "length_km": 82.601672556254215, "delaunay_k": 2, "edge_set": "Delaunay2" }, "geometry": { "type": "LineString", "coordinates": [ [ 14.16687, 62.071739 ], [ 15.544281, 62.441242 ] ] } },
{ "type": "Feature", "properties": { "from_node": 261, "to_node": 278, "length_km": 59.273847457168074, "delaunay_k": 2, "edge_set": "Delaunay2" }, "geometry": { "type": "LineString", "coordinates": [ [ 14.16687, 62.071739 ], [ 14.734039, 62.533228 ] ] } },
{ "type": "Feature", "properties": { "from_node": 261, "to_node": 280, "length_km": 98.941597656782605, "delaunay_k": 2, "edge_set": "Delaunay2" }, "geometry": { "type": "LineString", "coordinates": [ [ 14.16687, 62.071739 ], [ 12.590332, 62.571841 ] ] } },
{ "type": "Feature", "properties": { "from_node": 261, "to_node": 281, "length_km": 211.31143245018947, "delaunay_k": 2, "edge_set": "Delaunay2" }, "geometry": { "type": "LineString", "coordinates": [ [ 14.16687, 62.071739 ], [ 10.266724, 62.628719 ] ] } },
{ "type": "Feature", "properties": { "from_node": 261, "to_node": 285, "length_km": 75.281222432576925, "delaunay_k": 2, "edge_set": "Delaunay2" }, "geometry": { "type": "LineString", "coordinates": [ [ 14.16687, 62.071739 ], [ 13.903198, 62.735859 ] ] } },
{ "type": "Feature", "properties": { "from_node": 262, "to_node": 269, "length_km": 61.588608480408411, "delaunay_k": 2, "edge_set": "Delaunay2" }, "geometry": { "type": "LineString", "coordinates": [ [ 13.973236, 62.141768 ], [ 15.005951, 62.413273 ] ] } },
{ "type": "Feature", "properties": { "from_node": 262, "to_node": 278, "length_km": 58.819241735297567, "delaunay_k": 2, "edge_set": "Delaunay2" }, "geometry": { "type": "LineString", "coordinates": [ [ 13.973236, 62.141768 ], [ 14.734039, 62.533228 ] ] } },
{ "type": "Feature", "properties": { "from_node": 262, "to_node": 281, "length_km": 199.27134544781174, "delaunay_k": 2, "edge_set": "Delaunay2" }, "geometry": { "type": "LineString", "coordinates": [ [ 13.973236, 62.141768 ], [ 10.266724, 62.628719 ] ] } },
{ "type": "Feature", "properties": { "from_node": 262, "to_node": 295, "length_km": 152.43783198430143, "delaunay_k": 2, "edge_set": "Delaunay2" }, "geometry": { "type": "LineString", "coordinates": [ [ 13.973236, 62.141768 ], [ 11.727905, 63.035662 ] ] } },
{ "type": "Feature", "properties": { "from_node": 262, "to_node": 308, "length_km": 123.17770171818755, "delaunay_k": 2, "edge_set": "Delaunay2" }, "geometry": { "type": "LineString", "coordinates": [ [ 13.973236, 62.141768 ], [ 13.587341, 63.23239 ] ] } },
{ "type": "Feature", "properties": { "from_node": 262, "to_node": 311, "length_km": 130.15460639256546, "delaunay_k": 2, "edge_set": "Delaunay2" }, "geometry": { "type": "LineString", "coordinates": [ [ 13.973236, 62.141768 ], [ 14.736786, 63.255266 ] ] } },
{ "type": "Feature", "properties": { "from_node": 262, "to_node": 318, "length_km": 153.74044715632883, "delaunay_k": 2, "edge_set": "Delaunay2" }, "geometry": { "type": "LineString", "coordinates": [ [ 13.973236, 62.141768 ], [ 12.568359, 63.361367 ] ] } },
{ "type": "Feature", "properties": { "from_node": 263, "to_node": 264, "length_km": 187.08576072776819, "delaunay_k": 2, "edge_set": "Delaunay2" }, "geometry": { "type": "LineString", "coordinates": [ [ 21.604614, 62.184091 ], [ 25.180664, 62.261532 ] ] } },
{ "type": "Feature", "properties": { "from_node": 263, "to_node": 292, "length_km": 164.34893907239189, "delaunay_k": 2, "edge_set": "Delaunay2" }, "geometry": { "type": "LineString", "coordinates": [ [ 21.604614, 62.184091 ], [ 24.285278, 62.976446 ] ] } },
{ "type": "Feature", "properties": { "from_node": 263, "to_node": 340, "length_km": 194.82130237357165, "delaunay_k": 2, "edge_set": "Delaunay2" }, "geometry": { "type": "LineString", "coordinates": [ [ 21.604614, 62.184091 ], [ 23.047943, 63.797043 ] ] } },
{ "type": "Feature", "properties": { "from_node": 264, "to_node": 265, "length_km": 135.33506384589012, "delaunay_k": 2, "edge_set": "Delaunay2" }, "geometry": { "type": "LineString", "coordinates": [ [ 25.180664, 62.261532 ], [ 27.766571, 62.262171 ] ] } },
{ "type": "Feature", "properties": { "from_node": 264, "to_node": 294, "length_km": 189.56320664981985, "delaunay_k": 2, "edge_set": "Delaunay2" }, "geometry": { "type": "LineString", "coordinates": [ [ 25.180664, 62.261532 ], [ 21.902618, 63.030057 ] ] } },
{ "type": "Feature", "properties": { "from_node": 264, "to_node": 302, "length_km": 159.42797128319418, "delaunay_k": 2, "edge_set": "Delaunay2" }, "geometry": { "type": "LineString", "coordinates": [ [ 25.180664, 62.261532 ], [ 27.585297, 63.154975 ] ] } },
{ "type": "Feature", "properties": { "from_node": 264, "to_node": 340, "length_km": 203.37476935734904, "delaunay_k": 2, "edge_set": "Delaunay2" }, "geometry": { "type": "LineString", "coordinates": [ [ 25.180664, 62.261532 ], [ 23.047943, 63.797043 ] ] } },
{ "type": "Feature", "properties": { "from_node": 264, "to_node": 341, "length_km": 205.18768590231448, "delaunay_k": 2, "edge_set": "Delaunay2" }, "geometry": { "type": "LineString", "coordinates": [ [ 25.180664, 62.261532 ], [ 23.1427, 63.842485 ] ] } },
{ "type": "Feature", "properties": { "from_node": 264, "to_node": 349, "length_km": 196.16541977390486, "delaunay_k": 2, "edge_set": "Delaunay2" }, "geometry": { "type": "LineString", "coordinates": [ [ 25.180664, 62.261532 ], [ 24.965057, 64.008479 ] ] } },
{ "type": "Feature", "properties": { "from_node": 264, "to_node": 350, "length_km": 200.21882136588727, "delaunay_k": 2, "edge_set": "Delaunay2" }, "geometry": { "type": "LineString", "coordinates": [ [ 25.180664, 62.261532 ], [ 25.333099, 64.045767 ] ] } },
{ "type": "Feature", "properties": { "from_node": 265, "to_node": 292, "length_km": 196.96097478097147, "delaunay_k": 2, "edge_set": "Delaunay2" }, "geometry": { "type": "LineString", "coordinates": [ [ 27.766571, 62.262171 ], [ 24.285278, 62.976446 ] ] } },
{ "type": "Feature", "properties": { "from_node": 265, "to_node": 350, "length_km": 235.24658202463274, "delaunay_k": 2, "edge_set": "Delaunay2" }, "geometry": { "type": "LineString", "coordinates": [ [ 27.766571, 62.262171 ], [ 25.333099, 64.045767 ] ] } },
{ "type": "Feature", "properties": { "from_node": 265, "to_node": 352, "length_km": 208.6325810587644, "delaunay_k": 2, "edge_set": "Delaunay2" }, "geometry": { "type": "LineString", "coordinates": [ [ 27.766571, 62.262171 ], [ 27.204895, 64.101606 ] ] } },
{ "type": "Feature", "properties": { "from_node": 265, "to_node": 365, "length_km": 261.82894921283207, "delaunay_k": 2, "edge_set": "Delaunay2" }, "geometry": { "type": "LineString", "coordinates": [ [ 27.766571, 62.262171 ], [ 26.843719, 64.556111 ] ] } },
{ "type": "Feature", "properties": { "from_node": 265, "to_node": 375, "length_km": 287.36606121174873, "delaunay_k": 2, "edge_set": "Delaunay2" }, "geometry": { "type": "LineString", "coordinates": [ [ 27.766571, 62.262171 ], [ 26.51825, 64.759489 ] ] } },
{ "type": "Feature", "properties": { "from_node": 265, "to_node": 404, "length_km": 458.32625253177474, "delaunay_k": 2, "edge_set": "Delaunay2" }, "geometry": { "type": "LineString", "coordinates": [ [ 27.766571, 62.262171 ], [ 27.030487, 66.33089 ] ] } },
{ "type": "Feature", "properties": { "from_node": 265, "to_node": 407, "length_km": 470.72710495042497, "delaunay_k": 2, "edge_set": "Delaunay2" }, "geometry": { "type": "LineString", "coordinates": [ [ 27.766571, 62.262171 ], [ 27.398529, 66.450241 ] ] } },
{ "type": "Feature", "properties": { "from_node": 266, "to_node": 288, "length_km": 182.79088508741003, "delaunay_k": 2, "edge_set": "Delaunay2" }, "geometry": { "type": "LineString", "coordinates": [ [ 26.032104, 62.340686 ], [ 22.633209, 62.789912 ] ] } },
{ "type": "Feature", "properties": { "from_node": 266, "to_node": 340, "length_km": 222.77949473920074, "delaunay_k": 2, "edge_set": "Delaunay2" }, "geometry": { "type": "LineString", "coordinates": [ [ 26.032104, 62.340686 ], [ 23.047943, 63.797043 ] ] } },
{ "type": "Feature", "properties": { "from_node": 266, "to_node": 341, "length_km": 223.27359192778465, "delaunay_k": 2, "edge_set": "Delaunay2" }, "geometry": { "type": "LineString", "coordinates": [ [ 26.032104, 62.340686 ], [ 23.1427, 63.842485 ] ] } },
{ "type": "Feature", "properties": { "from_node": 266, "to_node": 349, "length_km": 194.7085547968517, "delaunay_k": 2, "edge_set": "Delaunay2" }, "geometry": { "type": "LineString", "coordinates": [ [ 26.032104, 62.340686 ], [ 24.965057, 64.008479 ] ] } },
{ "type": "Feature", "properties": { "from_node": 266, "to_node": 350, "length_km": 194.51158378032792, "delaunay_k": 2, "edge_set": "Delaunay2" }, "geometry": { "type": "LineString", "coordinates": [ [ 26.032104, 62.340686 ], [ 25.333099, 64.045767 ] ] } },
{ "type": "Feature", "properties": { "from_node": 266, "to_node": 352, "length_km": 206.40736479577174, "delaunay_k": 2, "edge_set": "Delaunay2" }, "geometry": { "type": "LineString", "coordinates": [ [ 26.032104, 62.340686 ], [ 27.204895, 64.101606 ] ] } },
{ "type": "Feature", "properties": { "from_node": 266, "to_node": 367, "length_km": 279.42718238287819, "delaunay_k": 2, "edge_set": "Delaunay2" }, "geometry": { "type": "LineString", "coordinates": [ [ 26.032104, 62.340686 ], [ 28.45047, 64.58147 ] ] } },
{ "type": "Feature", "properties": { "from_node": 267, "to_node": 268, "length_km": 53.531181546828392, "delaunay_k": 2, "edge_set": "Delaunay2" }, "geometry": { "type": "LineString", "coordinates": [ [ 17.362518, 62.352158 ], [ 16.333923, 62.398006 ] ] } },
{ "type": "Feature", "properties": { "from_node": 267, "to_node": 274, "length_km": 55.86551410544358, "delaunay_k": 2, "edge_set": "Delaunay2" }, "geometry": { "type": "LineString", "coordinates": [ [ 17.362518, 62.352158 ], [ 16.329803, 62.499004 ] ] } },
{ "type": "Feature", "properties": { "from_node": 267, "to_node": 279, "length_km": 27.351159943472762, "delaunay_k": 2, "edge_set": "Delaunay2" }, "geometry": { "type": "LineString", "coordinates": [ [ 17.362518, 62.352158 ], [ 17.024689, 62.540828 ] ] } },
{ "type": "Feature", "properties": { "from_node": 267, "to_node": 286, "length_km": 51.559630654088643, "delaunay_k": 2, "edge_set": "Delaunay2" }, "geometry": { "type": "LineString", "coordinates": [ [ 17.362518, 62.352158 ], [ 16.88324, 62.757869 ] ] } },
{ "type": "Feature", "properties": { "from_node": 267, "to_node": 306, "length_km": 93.435543730652554, "delaunay_k": 2, "edge_set": "Delaunay2" }, "geometry": { "type": "LineString", "coordinates": [ [ 17.362518, 62.352158 ], [ 17.167511, 63.184727 ] ] } },
{ "type": "Feature", "properties": { "from_node": 267, "to_node": 322, "length_km": 125.39402524900046, "delaunay_k": 2, "edge_set": "Delaunay2" }, "geometry": { "type": "LineString", "coordinates": [ [ 17.362518, 62.352158 ], [ 18.242798, 63.401361 ] ] } },
{ "type": "Feature", "properties": { "from_node": 268, "to_node": 269, "length_km": 68.719877257517567, "delaunay_k": 2, "edge_set": "Delaunay2" }, "geometry": { "type": "LineString", "coordinates": [ [ 16.333923, 62.398006 ], [ 15.005951, 62.413273 ] ] } },
{ "type": "Feature", "properties": { "from_node": 268, "to_node": 272, "length_km": 59.069475585100832, "delaunay_k": 2, "edge_set": "Delaunay2" }, "geometry": { "type": "LineString", "coordinates": [ [ 16.333923, 62.398006 ], [ 17.468262, 62.460297 ] ] } },
{ "type": "Feature", "properties": { "from_node": 268, "to_node": 278, "length_km": 83.961102093996189, "delaunay_k": 2, "edge_set": "Delaunay2" }, "geometry": { "type": "LineString", "coordinates": [ [ 16.333923, 62.398006 ], [ 14.734039, 62.533228 ] ] } },
{ "type": "Feature", "properties": { "from_node": 268, "to_node": 279, "length_km": 39.066974312308567, "delaunay_k": 2, "edge_set": "Delaunay2" }, "geometry": { "type": "LineString", "coordinates": [ [ 16.333923, 62.398006 ], [ 17.024689, 62.540828 ] ] } },
{ "type": "Feature", "properties": { "from_node": 268, "to_node": 284, "length_km": 42.12409611502278, "delaunay_k": 2, "edge_set": "Delaunay2" }, "geometry": { "type": "LineString", "coordinates": [ [ 16.333923, 62.398006 ], [ 16.792603, 62.710685 ] ] } },
{ "type": "Feature", "properties": { "from_node": 268, "to_node": 289, "length_km": 47.120532300047245, "delaunay_k": 2, "edge_set": "Delaunay2" }, "geometry": { "type": "LineString", "coordinates": [ [ 16.333923, 62.398006 ], [ 16.294098, 62.820038 ] ] } },
{ "type": "Feature", "properties": { "from_node": 268, "to_node": 290, "length_km": 49.420226235957117, "delaunay_k": 2, "edge_set": "Delaunay2" }, "geometry": { "type": "LineString", "coordinates": [ [ 16.333923, 62.398006 ], [ 16.160889, 62.833835 ] ] } },
{ "type": "Feature", "properties": { "from_node": 268, "to_node": 300, "length_km": 93.068056419641508, "delaunay_k": 2, "edge_set": "Delaunay2" }, "geometry": { "type": "LineString", "coordinates": [ [ 16.333923, 62.398006 ], [ 15.490723, 63.137606 ] ] } },
{ "type": "Feature", "properties": { "from_node": 269, "to_node": 276, "length_km": 56.368333027118709, "delaunay_k": 2, "edge_set": "Delaunay2" }, "geometry": { "type": "LineString", "coordinates": [ [ 15.005951, 62.413273 ], [ 16.074371, 62.517388 ] ] } },
{ "type": "Feature", "properties": { "from_node": 269, "to_node": 285, "length_km": 67.151835319595548, "delaunay_k": 2, "edge_set": "Delaunay2" }, "geometry": { "type": "LineString", "coordinates": [ [ 15.005951, 62.413273 ], [ 13.903198, 62.735859 ] ] } },
{ "type": "Feature", "properties": { "from_node": 269, "to_node": 290, "length_km": 75.613430100638098, "delaunay_k": 2, "edge_set": "Delaunay2" }, "geometry": { "type": "LineString", "coordinates": [ [ 15.005951, 62.413273 ], [ 16.160889, 62.833835 ] ] } },
{ "type": "Feature", "properties": { "from_node": 269, "to_node": 300, "length_km": 84.484018410410016, "delaunay_k": 2, "edge_set": "Delaunay2" }, "geometry": { "type": "LineString", "coordinates": [ [ 15.005951, 62.413273 ], [ 15.490723, 63.137606 ] ] } },
{ "type": "Feature", "properties": { "from_node": 269, "to_node": 311, "length_km": 94.883526913658969, "delaunay_k": 2, "edge_set": "Delaunay2" }, "geometry": { "type": "LineString", "coordinates": [ [ 15.005951, 62.413273 ], [ 14.736786, 63.255266 ] ] } },
{ "type": "Feature", "properties": { "from_node": 270, "to_node": 271, "length_km": 74.879739249868877, "delaunay_k": 2, "edge_set": "Delaunay2" }, "geometry": { "type": "LineString", "coordinates": [ [ 16.993103, 62.438065 ], [ 15.544281, 62.441242 ] ] } },
{ "type": "Feature", "properties": { "from_node": 270, "to_node": 276, "length_km": 48.244976008401686, "delaunay_k": 2, "edge_set": "Delaunay2" }, "geometry": { "type": "LineString", "coordinates": [ [ 16.993103, 62.438065 ], [ 16.074371, 62.517388 ] ] } },
{ "type": "Feature", "properties": { "from_node": 270, "to_node": 284, "length_km": 32.118067220928175, "delaunay_k": 2, "edge_set": "Delaunay2" }, "geometry": { "type": "LineString", "coordinates": [ [ 16.993103, 62.438065 ], [ 16.792603, 62.710685 ] ] } },
{ "type": "Feature", "properties": { "from_node": 270, "to_node": 286, "length_km": 36.124958327118648, "delaunay_k": 2, "edge_set": "Delaunay2" }, "geometry": { "type": "LineString", "coordinates": [ [ 16.993103, 62.438065 ], [ 16.88324, 62.757869 ] ] } },
{ "type": "Feature", "properties": { "from_node": 270, "to_node": 289, "length_km": 55.720168872333055, "delaunay_k": 2, "edge_set": "Delaunay2" }, "geometry": { "type": "LineString", "coordinates": [ [ 16.993103, 62.438065 ], [ 16.294098, 62.820038 ] ] } },
{ "type": "Feature", "properties": { "from_node": 270, "to_node": 306, "length_km": 83.784993427420105, "delaunay_k": 2, "edge_set": "Delaunay2" }, "geometry": { "type": "LineString", "coordinates": [ [ 16.993103, 62.438065 ], [ 17.167511, 63.184727 ] ] } },
{ "type": "Feature", "properties": { "from_node": 270, "to_node": 322, "length_km": 124.8931633688064, "delaunay_k": 2, "edge_set": "Delaunay2" }, "geometry": { "type": "LineString", "coordinates": [ [ 16.993103, 62.438065 ], [ 18.242798, 63.401361 ] ] } },
{ "type": "Feature", "properties": { "from_node": 271, "to_node": 274, "length_km": 41.0611991267075, "delaunay_k": 2, "edge_set": "Delaunay2" }, "geometry": { "type": "LineString", "coordinates": [ [ 15.544281, 62.441242 ], [ 16.329803, 62.499004 ] ] } },
{ "type": "Feature", "properties": { "from_node": 271, "to_node": 275, "length_km": 53.725625776377925, "delaunay_k": 2, "edge_set": "Delaunay2" }, "geometry": { "type": "LineString", "coordinates": [ [ 15.544281, 62.441242 ], [ 14.515686, 62.516121 ] ] } },
{ "type": "Feature", "properties": { "from_node": 271, "to_node": 285, "length_km": 90.526480606688821, "delaunay_k": 2, "edge_set": "Delaunay2" }, "geometry": { "type": "LineString", "coordinates": [ [ 15.544281, 62.441242 ], [ 13.903198, 62.735859 ] ] } },
{ "type": "Feature", "properties": { "from_node": 271, "to_node": 289, "length_km": 57.159169586352036, "delaunay_k": 2, "edge_set": "Delaunay2" }, "geometry": { "type": "LineString", "coordinates": [ [ 15.544281, 62.441242 ], [ 16.294098, 62.820038 ] ] } },
{ "type": "Feature", "properties": { "from_node": 271, "to_node": 297, "length_km": 79.02927132921036, "delaunay_k": 2, "edge_set": "Delaunay2" }, "geometry": { "type": "LineString", "coordinates": [ [ 15.544281, 62.441242 ], [ 16.280365, 63.064292 ] ] } },
{ "type": "Feature", "properties": { "from_node": 271, "to_node": 298, "length_km": 78.310734335223842, "delaunay_k": 2, "edge_set": "Delaunay2" }, "geometry": { "type": "LineString", "coordinates": [ [ 15.544281, 62.441242 ], [ 16.11145, 63.093516 ] ] } },
{ "type": "Feature", "properties": { "from_node": 271, "to_node": 301, "length_km": 79.989797219329589, "delaunay_k": 2, "edge_set": "Delaunay2" }, "geometry": { "type": "LineString", "coordinates": [ [ 15.544281, 62.441242 ], [ 15.746155, 63.152495 ] ] } },
{ "type": "Feature", "properties": { "from_node": 271, "to_node": 307, "length_km": 83.784223112024677, "delaunay_k": 2, "edge_set": "Delaunay2" }, "geometry": { "type": "LineString", "coordinates": [ [ 15.544281, 62.441242 ], [ 15.493469, 63.19216 ] ] } },
{ "type": "Feature", "properties": { "from_node": 271, "to_node": 309, "length_km": 90.501707410495428, "delaunay_k": 2, "edge_set": "Delaunay2" }, "geometry": { "type": "LineString", "coordinates": [ [ 15.544281, 62.441242 ], [ 15.206451, 63.237956 ] ] } },
{ "type": "Feature", "properties": { "from_node": 271, "to_node": 311, "length_km": 99.663432658159735, "delaunay_k": 2, "edge_set": "Delaunay2" }, "geometry": { "type": "LineString", "coordinates": [ [ 15.544281, 62.441242 ], [ 14.736786, 63.255266 ] ] } },
{ "type": "Feature", "properties": { "from_node": 272, "to_node": 274, "length_km": 58.931265792250741, "delaunay_k": 2, "edge_set": "Delaunay2" }, "geometry": { "type": "LineString", "coordinates": [ [ 17.468262, 62.460297 ], [ 16.329803, 62.499004 ] ] } },
{ "type": "Feature", "properties": { "from_node": 272, "to_node": 284, "length_km": 44.595613586658494, "delaunay_k": 2, "edge_set": "Delaunay2" }, "geometry": { "type": "LineString", "coordinates": [ [ 17.468262, 62.460297 ], [ 16.792603, 62.710685 ] ] } },
{ "type": "Feature", "properties": { "from_node": 272, "to_node": 291, "length_km": 60.823487278874822, "delaunay_k": 2, "edge_set": "Delaunay2" }, "geometry": { "type": "LineString", "coordinates": [ [ 17.468262, 62.460297 ], [ 16.717072, 62.882075 ] ] } },
{ "type": "Feature", "properties": { "from_node": 272, "to_node": 293, "length_km": 71.734308349268261, "delaunay_k": 2, "edge_set": "Delaunay2" }, "geometry": { "type": "LineString", "coordinates": [ [ 17.468262, 62.460297 ], [ 16.682739, 62.992664 ] ] } },
{ "type": "Feature", "properties": { "from_node": 272, "to_node": 303, "length_km": 84.16216068530629, "delaunay_k": 2, "edge_set": "Delaunay2" }, "geometry": { "type": "LineString", "coordinates": [ [ 17.468262, 62.460297 ], [ 16.876373, 63.164276 ] ] } },
{ "type": "Feature", "properties": { "from_node": 272, "to_node": 312, "length_km": 91.131206799293523, "delaunay_k": 2, "edge_set": "Delaunay2" }, "geometry": { "type": "LineString", "coordinates": [ [ 17.468262, 62.460297 ], [ 17.082367, 63.257738 ] ] } },
{ "type": "Feature", "properties": { "from_node": 272, "to_node": 316, "length_km": 99.227461828692597, "delaunay_k": 2, "edge_set": "Delaunay2" }, "geometry": { "type": "LineString", "coordinates": [ [ 17.468262, 62.460297 ], [ 17.230682, 63.342889 ] ] } },
{ "type": "Feature", "properties": { "from_node": 272, "to_node": 323, "length_km": 107.82759690835812, "delaunay_k": 2, "edge_set": "Delaunay2" }, "geometry": { "type": "LineString", "coordinates": [ [ 17.468262, 62.460297 ], [ 17.122192, 63.413656 ] ] } },
{ "type": "Feature", "properties": { "from_node": 272, "to_node": 326, "length_km": 116.0706723929533, "delaunay_k": 2, "edge_set": "Delaunay2" }, "geometry": { "type": "LineString", "coordinates": [ [ 17.468262, 62.460297 ], [ 17.043915, 63.48241 ] ] } },
{ "type": "Feature", "properties": { "from_node": 272, "to_node": 336, "length_km": 144.15103449645986, "delaunay_k": 2, "edge_set": "Delaunay2" }, "geometry": { "type": "LineString", "coordinates": [ [ 17.468262, 62.460297 ], [ 17.041168, 63.737555 ] ] } },
{ "type": "Feature", "properties": { "from_node": 272, "to_node": 342, "length_km": 155.37382379679428, "delaunay_k": 2, "edge_set": "Delaunay2" }, "geometry": { "type": "LineString", "coordinates": [ [ 17.468262, 62.460297 ], [ 17.156525, 63.845512 ] ] } },
{ "type": "Feature", "properties": { "from_node": 272, "to_node": 343, "length_km": 206.45802741196243, "delaunay_k": 2, "edge_set": "Delaunay2" }, "geometry": { "type": "LineString", "coordinates": [ [ 17.468262, 62.460297 ], [ 20.047302, 63.896314 ] ] } },
{ "type": "Feature", "properties": { "from_node": 272, "to_node": 344, "length_km": 163.83932132999962, "delaunay_k": 2, "edge_set": "Delaunay2" }, "geometry": { "type": "LineString", "coordinates": [ [ 17.468262, 62.460297 ], [ 17.168884, 63.922284 ] ] } },
{ "type": "Feature", "properties": { "from_node": 272, "to_node": 354, "length_km": 192.25767156491392, "delaunay_k": 2, "edge_set": "Delaunay2" }, "geometry": { "type": "LineString", "coordinates": [ [ 17.468262, 62.460297 ], [ 17.449036, 64.183063 ] ] } },
{ "type": "Feature", "properties": { "from_node": 272, "to_node": 359, "length_km": 234.36966330992163, "delaunay_k": 2, "edge_set": "Delaunay2" }, "geometry": { "type": "LineString", "coordinates": [ [ 17.468262, 62.460297 ], [ 19.029694, 64.440225 ] ] } },
{ "type": "Feature", "properties": { "from_node": 273, "to_node": 287, "length_km": 152.08487556669425, "delaunay_k": 2, "edge_set": "Delaunay2" }, "geometry": { "type": "LineString", "coordinates": [ [ 7.033997, 62.47807 ], [ 9.930267, 62.764783 ] ] } },
{ "type": "Feature", "properties": { "from_node": 273, "to_node": 296, "length_km": 146.25915717679811, "delaunay_k": 2, "edge_set": "Delaunay2" }, "geometry": { "type": "LineString", "coordinates": [ [ 7.033997, 62.47807 ], [ 9.602051, 63.058071 ] ] } },
{ "type": "Feature", "properties": { "from_node": 273, "to_node": 314, "length_km": 195.65957098972194, "delaunay_k": 2, "edge_set": "Delaunay2" }, "geometry": { "type": "LineString", "coordinates": [ [ 7.033997, 62.47807 ], [ 10.457611, 63.276888 ] ] } },
{ "type": "Feature", "properties": { "from_node": 273, "to_node": 321, "length_km": 201.25215083332381, "delaunay_k": 2, "edge_set": "Delaunay2" }, "geometry": { "type": "LineString", "coordinates": [ [ 7.033997, 62.47807 ], [ 10.439758, 63.401361 ] ] } },
{ "type": "Feature", "properties": { "from_node": 273, "to_node": 337, "length_km": 335.82780823732014, "delaunay_k": 2, "edge_set": "Delaunay2" }, "geometry": { "type": "LineString", "coordinates": [ [ 7.033997, 62.47807 ], [ 13.065491, 63.752742 ] ] } },
{ "type": "Feature", "properties": { "from_node": 273, "to_node": 346, "length_km": 279.11236187154282, "delaunay_k": 2, "edge_set": "Delaunay2" }, "geometry": { "type": "LineString", "coordinates": [ [ 7.033997, 62.47807 ], [ 11.477966, 63.979576 ] ] } },
{ "type": "Feature", "properties": { "from_node": 273, "to_node": 373, "length_km": 379.20635331171349, "delaunay_k": 2, "edge_set": "Delaunay2" }, "geometry": { "type": "LineString", "coordinates": [ [ 7.033997, 62.47807 ], [ 12.800446, 64.712014 ] ] } },
{ "type": "Feature", "properties": { "from_node": 274, "to_node": 286, "length_km": 40.52116521417306, "delaunay_k": 2, "edge_set": "Delaunay2" }, "geometry": { "type": "LineString", "coordinates": [ [ 16.329803, 62.499004 ], [ 16.88324, 62.757869 ] ] } },
{ "type": "Feature", "properties": { "from_node": 274, "to_node": 290, "length_km": 38.340164285085642, "delaunay_k": 2, "edge_set": "Delaunay2" }, "geometry": { "type": "LineString", "coordinates": [ [ 16.329803, 62.499004 ], [ 16.160889, 62.833835 ] ] } },
{ "type": "Feature", "properties": { "from_node": 274, "to_node": 291, "length_km": 47.117907742340954, "delaunay_k": 2, "edge_set": "Delaunay2" }, "geometry": { "type": "LineString", "coordinates": [ [ 16.329803, 62.499004 ], [ 16.717072, 62.882075 ] ] } },
{ "type": "Feature", "properties": { "from_node": 274, "to_node": 293, "length_km": 57.954038345019704, "delaunay_k": 2, "edge_set": "Delaunay2" }, "geometry": { "type": "LineString", "coordinates": [ [ 16.329803, 62.499004 ], [ 16.682739, 62.992664 ] ] } },
{ "type": "Feature", "properties": { "from_node": 274, "to_node": 297, "length_km": 63.107086879046996, "delaunay_k": 2, "edge_set": "Delaunay2" }, "geometry": { "type": "LineString", "coordinates": [ [ 16.329803, 62.499004 ], [ 16.280365, 63.064292 ] ] } },
{ "type": "Feature", "properties": { "from_node": 275, "to_node": 280, "length_km": 99.290410197110418, "delaunay_k": 2, "edge_set": "Delaunay2" }, "geometry": { "type": "LineString", "coordinates": [ [ 14.515686, 62.516121 ], [ 12.590332, 62.571841 ] ] } },
{ "type": "Feature", "properties": { "from_node": 275, "to_node": 300, "length_km": 85.29081096098426, "delaunay_k": 2, "edge_set": "Delaunay2" }, "geometry": { "type": "LineString", "coordinates": [ [ 14.515686, 62.516121 ], [ 15.490723, 63.137606 ] ] } },
{ "type": "Feature", "properties": { "from_node": 275, "to_node": 308, "length_km": 92.787507937089742, "delaunay_k": 2, "edge_set": "Delaunay2" }, "geometry": { "type": "LineString", "coordinates": [ [ 14.515686, 62.516121 ], [ 13.587341, 63.23239 ] ] } },
{ "type": "Feature", "properties": { "from_node": 275, "to_node": 311, "length_km": 83.178578269128394, "delaunay_k": 2, "edge_set": "Delaunay2" }, "geometry": { "type": "LineString", "coordinates": [ [ 14.515686, 62.516121 ], [ 14.736786, 63.255266 ] ] } },
{ "type": "Feature", "properties": { "from_node": 276, "to_node": 278, "length_km": 69.078549464363036, "delaunay_k": 2, "edge_set": "Delaunay2" }, "geometry": { "type": "LineString", "coordinates": [ [ 16.074371, 62.517388 ], [ 14.734039, 62.533228 ] ] } },
{ "type": "Feature", "properties": { "from_node": 276, "to_node": 279, "length_km": 49.042616850207274, "delaunay_k": 2, "edge_set": "Delaunay2" }, "geometry": { "type": "LineString", "coordinates": [ [ 16.074371, 62.517388 ], [ 17.024689, 62.540828 ] ] } },
{ "type": "Feature", "properties": { "from_node": 276, "to_node": 284, "length_km": 42.742956494889953, "delaunay_k": 2, "edge_set": "Delaunay2" }, "geometry": { "type": "LineString", "coordinates": [ [ 16.074371, 62.517388 ], [ 16.792603, 62.710685 ] ] } },
{ "type": "Feature", "properties": { "from_node": 276, "to_node": 291, "length_km": 52.33736419922618, "delaunay_k": 2, "edge_set": "Delaunay2" }, "geometry": { "type": "LineString", "coordinates": [ [ 16.074371, 62.517388 ], [ 16.717072, 62.882075 ] ] } },
{ "type": "Feature", "properties": { "from_node": 276, "to_node": 293, "length_km": 61.470742136267177, "delaunay_k": 2, "edge_set": "Delaunay2" }, "geometry": { "type": "LineString", "coordinates": [ [ 16.074371, 62.517388 ], [ 16.682739, 62.992664 ] ] } },
{ "type": "Feature", "properties": { "from_node": 276, "to_node": 297, "length_km": 61.903922193344457, "delaunay_k": 2, "edge_set": "Delaunay2" }, "geometry": { "type": "LineString", "coordinates": [ [ 16.074371, 62.517388 ], [ 16.280365, 63.064292 ] ] } },
{ "type": "Feature", "properties": { "from_node": 276, "to_node": 298, "length_km": 64.289453221435167, "delaunay_k": 2, "edge_set": "Delaunay2" }, "geometry": { "type": "LineString", "coordinates": [ [ 16.074371, 62.517388 ], [ 16.11145, 63.093516 ] ] } },
{ "type": "Feature", "properties": { "from_node": 276, "to_node": 300, "length_km": 75.306154467027952, "delaunay_k": 2, "edge_set": "Delaunay2" }, "geometry": { "type": "LineString", "coordinates": [ [ 16.074371, 62.517388 ], [ 15.490723, 63.137606 ] ] } },
{ "type": "Feature", "properties": { "from_node": 276, "to_node": 301, "length_km": 72.786691360447193, "delaunay_k": 2, "edge_set": "Delaunay2" }, "geometry": { "type": "LineString", "coordinates": [ [ 16.074371, 62.517388 ], [ 15.746155, 63.152495 ] ] } },
{ "type": "Feature", "properties": { "from_node": 277, "to_node": 281, "length_km": 127.5946819798138, "delaunay_k": 2, "edge_set": "Delaunay2" }, "geometry": { "type": "LineString", "coordinates": [ [ 7.7948, 62.526259 ], [ 10.266724, 62.628719 ] ] } },
{ "type": "Feature", "properties": { "from_node": 277, "to_node": 283, "length_km": 120.81362720864611, "delaunay_k": 2, "edge_set": "Delaunay2" }, "geometry": { "type": "LineString", "coordinates": [ [ 7.7948, 62.526259 ], [ 10.122528, 62.681707 ] ] } },
{ "type": "Feature", "properties": { "from_node": 277, "to_node": 287, "length_km": 112.7185865427297, "delaunay_k": 2, "edge_set": "Delaunay2" }, "geometry": { "type": "LineString", "coordinates": [ [ 7.7948, 62.526259 ], [ 9.930267, 62.764783 ] ] } },
{ "type": "Feature", "properties": { "from_node": 277, "to_node": 296, "length_km": 109.6539376206959, "delaunay_k": 2, "edge_set": "Delaunay2" }, "geometry": { "type": "LineString", "coordinates": [ [ 7.7948, 62.526259 ], [ 9.602051, 63.058071 ] ] } },
{ "type": "Feature", "properties": { "from_node": 277, "to_node": 313, "length_km": 136.87002947824615, "delaunay_k": 2, "edge_set": "Delaunay2" }, "geometry": { "type": "LineString", "coordinates": [ [ 7.7948, 62.526259 ], [ 9.933014, 63.271947 ] ] } },
{ "type": "Feature", "properties": { "from_node": 277, "to_node": 360, "length_km": 287.17289418779814, "delaunay_k": 2, "edge_set": "Delaunay2" }, "geometry": { "type": "LineString", "coordinates": [ [ 7.7948, 62.526259 ], [ 11.620789, 64.453849 ] ] } },
{ "type": "Feature", "properties": { "from_node": 278, "to_node": 280, "length_km": 110.38772376079648, "delaunay_k": 2, "edge_set": "Delaunay2" }, "geometry": { "type": "LineString", "coordinates": [ [ 14.734039, 62.533228 ], [ 12.590332, 62.571841 ] ] } },
{ "type": "Feature", "properties": { "from_node": 278, "to_node": 290, "length_km": 80.440809281894829, "delaunay_k": 2, "edge_set": "Delaunay2" }, "geometry": { "type": "LineString", "coordinates": [ [ 14.734039, 62.533228 ], [ 16.160889, 62.833835 ] ] } },
{ "type": "Feature", "properties": { "from_node": 278, "to_node": 301, "length_km": 86.196629277864318, "delaunay_k": 2, "edge_set": "Delaunay2" }, "geometry": { "type": "LineString", "coordinates": [ [ 14.734039, 62.533228 ], [ 15.746155, 63.152495 ] ] } },
{ "type": "Feature", "properties": { "from_node": 278, "to_node": 307, "length_km": 83.036639406892292, "delaunay_k": 2, "edge_set": "Delaunay2" }, "geometry": { "type": "LineString", "coordinates": [ [ 14.734039, 62.533228 ], [ 15.493469, 63.19216 ] ] } },
{ "type": "Feature", "properties": { "from_node": 278, "to_node": 308, "length_km": 97.369374471216545, "delaunay_k": 2, "edge_set": "Delaunay2" }, "geometry": { "type": "LineString", "coordinates": [ [ 14.734039, 62.533228 ], [ 13.587341, 63.23239 ] ] } },
{ "type": "Feature", "properties": { "from_node": 278, "to_node": 309, "length_km": 82.177768718207204, "delaunay_k": 2, "edge_set": "Delaunay2" }, "geometry": { "type": "LineString", "coordinates": [ [ 14.734039, 62.533228 ], [ 15.206451, 63.237956 ] ] } },
{ "type": "Feature", "properties": { "from_node": 278, "to_node": 315, "length_km": 103.11826806155005, "delaunay_k": 2, "edge_set": "Delaunay2" }, "geometry": { "type": "LineString", "coordinates": [ [ 14.734039, 62.533228 ], [ 13.639526, 63.312066 ] ] } },
{ "type": "Feature", "properties": { "from_node": 278, "to_node": 317, "length_km": 90.940886344493265, "delaunay_k": 2, "edge_set": "Delaunay2" }, "geometry": { "type": "LineString", "coordinates": [ [ 14.734039, 62.533228 ], [ 14.788971, 63.348433 ] ] } },
{ "type": "Feature", "properties": { "from_node": 279, "to_node": 289, "length_km": 48.71790964491602, "delaunay_k": 2, "edge_set": "Delaunay2" }, "geometry": { "type": "LineString", "coordinates": [ [ 17.024689, 62.540828 ], [ 16.294098, 62.820038 ] ] } },
{ "type": "Feature", "properties": { "from_node": 279, "to_node": 291, "length_km": 41.204150269256701, "delaunay_k": 2, "edge_set": "Delaunay2" }, "geometry": { "type": "LineString", "coordinates": [ [ 17.024689, 62.540828 ], [ 16.717072, 62.882075 ] ] } },
{ "type": "Feature", "properties": { "from_node": 279, "to_node": 306, "length_km": 72.212987916602486, "delaunay_k": 2, "edge_set": "Delaunay2" }, "geometry": { "type": "LineString", "coordinates": [ [ 17.024689, 62.540828 ], [ 17.167511, 63.184727 ] ] } },
{ "type": "Feature", "properties": { "from_node": 279, "to_node": 322, "length_km": 114.23351514694463, "delaunay_k": 2, "edge_set": "Delaunay2" }, "geometry": { "type": "LineString", "coordinates": [ [ 17.024689, 62.540828 ], [ 18.242798, 63.401361 ] ] } },
{ "type": "Feature", "properties": { "from_node": 280, "to_node": 283, "length_km": 127.22993589657764, "delaunay_k": 2, "edge_set": "Delaunay2" }, "geometry": { "type": "LineString", "coordinates": [ [ 12.590332, 62.571841 ], [ 10.122528, 62.681707 ] ] } },
{ "type": "Feature", "properties": { "from_node": 280, "to_node": 311, "length_km": 133.06680395516167, "delaunay_k": 2, "edge_set": "Delaunay2" }, "geometry": { "type": "LineString", "coordinates": [ [ 12.590332, 62.571841 ], [ 14.736786, 63.255266 ] ] } },
{ "type": "Feature", "properties": { "from_node": 280, "to_node": 314, "length_km": 133.84017251609254, "delaunay_k": 2, "edge_set": "Delaunay2" }, "geometry": { "type": "LineString", "coordinates": [ [ 12.590332, 62.571841 ], [ 10.457611, 63.276888 ] ] } },
{ "type": "Feature", "properties": { "from_node": 280, "to_node": 315, "length_km": 98.217338877993171, "delaunay_k": 2, "edge_set": "Delaunay2" }, "geometry": { "type": "LineString", "coordinates": [ [ 12.590332, 62.571841 ], [ 13.639526, 63.312066 ] ] } },
{ "type": "Feature", "properties": { "from_node": 280, "to_node": 319, "length_km": 99.144289345676967, "delaunay_k": 2, "edge_set": "Delaunay2" }, "geometry": { "type": "LineString", "coordinates": [ [ 12.590332, 62.571841 ], [ 13.458252, 63.368755 ] ] } },
{ "type": "Feature", "properties": { "from_node": 280, "to_node": 325, "length_km": 126.81077537517672, "delaunay_k": 2, "edge_set": "Delaunay2" }, "geometry": { "type": "LineString", "coordinates": [ [ 12.590332, 62.571841 ], [ 11.017914, 63.45726 ] ] } },
{ "type": "Feature", "properties": { "from_node": 280, "to_node": 337, "length_km": 133.79768643096139, "delaunay_k": 2, "edge_set": "Delaunay2" }, "geometry": { "type": "LineString", "coordinates": [ [ 12.590332, 62.571841 ], [ 13.065491, 63.752742 ] ] } },
{ "type": "Feature", "properties": { "from_node": 280, "to_node": 339, "length_km": 145.90551138437974, "delaunay_k": 2, "edge_set": "Delaunay2" }, "geometry": { "type": "LineString", "coordinates": [ [ 12.590332, 62.571841 ], [ 11.472473, 63.779452 ] ] } },
{ "type": "Feature", "properties": { "from_node": 281, "to_node": 282, "length_km": 91.78997247229006, "delaunay_k": 2, "edge_set": "Delaunay2" }, "geometry": { "type": "LineString", "coordinates": [ [ 10.266724, 62.628719 ], [ 8.480072, 62.679816 ] ] } },
{ "type": "Feature", "properties": { "from_node": 281, "to_node": 285, "length_km": 186.63886761743578, "delaunay_k": 2, "edge_set": "Delaunay2" }, "geometry": { "type": "LineString", "coordinates": [ [ 10.266724, 62.628719 ], [ 13.903198, 62.735859 ] ] } },
{ "type": "Feature", "properties": { "from_node": 281, "to_node": 287, "length_km": 22.951429194553462, "delaunay_k": 2, "edge_set": "Delaunay2" }, "geometry": { "type": "LineString", "coordinates": [ [ 10.266724, 62.628719 ], [ 9.930267, 62.764783 ] ] } },
{ "type": "Feature", "properties": { "from_node": 281, "to_node": 296, "length_km": 58.62662285253424, "delaunay_k": 2, "edge_set": "Delaunay2" }, "geometry": { "type": "LineString", "coordinates": [ [ 10.266724, 62.628719 ], [ 9.602051, 63.058071 ] ] } },
{ "type": "Feature", "properties": { "from_node": 281, "to_node": 308, "length_km": 181.5724219781257, "delaunay_k": 2, "edge_set": "Delaunay2" }, "geometry": { "type": "LineString", "coordinates": [ [ 10.266724, 62.628719 ], [ 13.587341, 63.23239 ] ] } },
{ "type": "Feature", "properties": { "from_node": 281, "to_node": 313, "length_km": 73.672140136930395, "delaunay_k": 2, "edge_set": "Delaunay2" }, "geometry": { "type": "LineString", "coordinates": [ [ 10.266724, 62.628719 ], [ 9.933014, 63.271947 ] ] } },
{ "type": "Feature", "properties": { "from_node": 281, "to_node": 318, "length_km": 142.38322690338123, "delaunay_k": 2, "edge_set": "Delaunay2" }, "geometry": { "type": "LineString", "coordinates": [ [ 10.266724, 62.628719 ], [ 12.568359, 63.361367 ] ] } },
{ "type": "Feature", "properties": { "from_node": 281, "to_node": 321, "length_km": 86.567799177371242, "delaunay_k": 2, "edge_set": "Delaunay2" }, "geometry": { "type": "LineString", "coordinates": [ [ 10.266724, 62.628719 ], [ 10.439758, 63.401361 ] ] } },
{ "type": "Feature", "properties": { "from_node": 281, "to_node": 325, "length_km": 99.86742761226499, "delaunay_k": 2, "edge_set": "Delaunay2" }, "geometry": { "type": "LineString", "coordinates": [ [ 10.266724, 62.628719 ], [ 11.017914, 63.45726 ] ] } },
{ "type": "Feature", "properties": { "from_node": 282, "to_node": 283, "length_km": 84.145383296692813, "delaunay_k": 2, "edge_set": "Delaunay2" }, "geometry": { "type": "LineString", "coordinates": [ [ 8.480072, 62.679816 ], [ 10.122528, 62.681707 ] ] } },
{ "type": "Feature", "properties": { "from_node": 282, "to_node": 314, "length_km": 120.36209855448089, "delaunay_k": 2, "edge_set": "Delaunay2" }, "geometry": { "type": "LineString", "coordinates": [ [ 8.480072, 62.679816 ], [ 10.457611, 63.276888 ] ] } },
{ "type": "Feature", "properties": { "from_node": 282, "to_node": 321, "length_km": 127.6853127032679, "delaunay_k": 2, "edge_set": "Delaunay2" }, "geometry": { "type": "LineString", "coordinates": [ [ 8.480072, 62.679816 ], [ 10.439758, 63.401361 ] ] } },
{ "type": "Feature", "properties": { "from_node": 282, "to_node": 360, "length_km": 251.87180628643927, "delaunay_k": 2, "edge_set": "Delaunay2" }, "geometry": { "type": "LineString", "coordinates": [ [ 8.480072, 62.679816 ], [ 11.620789, 64.453849 ] ] } },
{ "type": "Feature", "properties": { "from_node": 283, "to_node": 295, "length_km": 90.762649936608739, "delaunay_k": 2, "edge_set": "Delaunay2" }, "geometry": { "type": "LineString", "coordinates": [ [ 10.122528, 62.681707 ], [ 11.727905, 63.035662 ] ] } },
{ "type": "Feature", "properties": { "from_node": 283, "to_node": 296, "length_km": 49.61717640071798, "delaunay_k": 2, "edge_set": "Delaunay2" }, "geometry": { "type": "LineString", "coordinates": [ [ 10.122528, 62.681707 ], [ 9.602051, 63.058071 ] ] } },
{ "type": "Feature", "properties": { "from_node": 283, "to_node": 313, "length_km": 66.490946721543409, "delaunay_k": 2, "edge_set": "Delaunay2" }, "geometry": { "type": "LineString", "coordinates": [ [ 10.122528, 62.681707 ], [ 9.933014, 63.271947 ] ] } },
{ "type": "Feature", "properties": { "from_node": 283, "to_node": 321, "length_km": 81.807621502281265, "delaunay_k": 2, "edge_set": "Delaunay2" }, "geometry": { "type": "LineString", "coordinates": [ [ 10.122528, 62.681707 ], [ 10.439758, 63.401361 ] ] } },
{ "type": "Feature", "properties": { "from_node": 283, "to_node": 325, "length_km": 97.578981314161865, "delaunay_k": 2, "edge_set": "Delaunay2" }, "geometry": { "type": "LineString", "coordinates": [ [ 10.122528, 62.681707 ], [ 11.017914, 63.45726 ] ] } },
{ "type": "Feature", "properties": { "from_node": 284, "to_node": 290, "length_km": 35.088502827575397, "delaunay_k": 2, "edge_set": "Delaunay2" }, "geometry": { "type": "LineString", "coordinates": [ [ 16.792603, 62.710685 ], [ 16.160889, 62.833835 ] ] } },
{ "type": "Feature", "properties": { "from_node": 284, "to_node": 293, "length_km": 31.953408458306633, "delaunay_k": 2, "edge_set": "Delaunay2" }, "geometry": { "type": "LineString", "coordinates": [ [ 16.792603, 62.710685 ], [ 16.682739, 62.992664 ] ] } },
{ "type": "Feature", "properties": { "from_node": 284, "to_node": 297, "length_km": 47.288334126611922, "delaunay_k": 2, "edge_set": "Delaunay2" }, "geometry": { "type": "LineString", "coordinates": [ [ 16.792603, 62.710685 ], [ 16.280365, 63.064292 ] ] } },
{ "type": "Feature", "properties": { "from_node": 284, "to_node": 306, "length_km": 56.217168557994569, "delaunay_k": 2, "edge_set": "Delaunay2" }, "geometry": { "type": "LineString", "coordinates": [ [ 16.792603, 62.710685 ], [ 17.167511, 63.184727 ] ] } },
{ "type": "Feature", "properties": { "from_node": 285, "to_node": 295, "length_km": 115.59808474946101, "delaunay_k": 2, "edge_set": "Delaunay2" }, "geometry": { "type": "LineString", "coordinates": [ [ 13.903198, 62.735859 ], [ 11.727905, 63.035662 ] ] } },
{ "type": "Feature", "properties": { "from_node": 285, "to_node": 300, "length_km": 92.250648833116088, "delaunay_k": 2, "edge_set": "Delaunay2" }, "geometry": { "type": "LineString", "coordinates": [ [ 13.903198, 62.735859 ], [ 15.490723, 63.137606 ] ] } },
{ "type": "Feature", "properties": { "from_node": 285, "to_node": 309, "length_km": 86.612666709324998, "delaunay_k": 2, "edge_set": "Delaunay2" }, "geometry": { "type": "LineString", "coordinates": [ [ 13.903198, 62.735859 ], [ 15.206451, 63.237956 ] ] } },
{ "type": "Feature", "properties": { "from_node": 285, "to_node": 315, "length_km": 65.610807158427107, "delaunay_k": 2, "edge_set": "Delaunay2" }, "geometry": { "type": "LineString", "coordinates": [ [ 13.903198, 62.735859 ], [ 13.639526, 63.312066 ] ] } },
{ "type": "Feature", "properties": { "from_node": 285, "to_node": 317, "length_km": 81.697707430367544, "delaunay_k": 2, "edge_set": "Delaunay2" }, "geometry": { "type": "LineString", "coordinates": [ [ 13.903198, 62.735859 ], [ 14.788971, 63.348433 ] ] } },
{ "type": "Feature", "properties": { "from_node": 285, "to_node": 318, "length_km": 97.070195896654923, "delaunay_k": 2, "edge_set": "Delaunay2" }, "geometry": { "type": "LineString", "coordinates": [ [ 13.903198, 62.735859 ], [ 12.568359, 63.361367 ] ] } },
{ "type": "Feature", "properties": { "from_node": 285, "to_node": 319, "length_km": 74.060507069190621, "delaunay_k": 2, "edge_set": "Delaunay2" }, "geometry": { "type": "LineString", "coordinates": [ [ 13.903198, 62.735859 ], [ 13.458252, 63.368755 ] ] } },
{ "type": "Feature", "properties": { "from_node": 286, "to_node": 289, "length_km": 30.884399039847615, "delaunay_k": 2, "edge_set": "Delaunay2" }, "geometry": { "type": "LineString", "coordinates": [ [ 16.88324, 62.757869 ], [ 16.294098, 62.820038 ] ] } },
{ "type": "Feature", "properties": { "from_node": 286, "to_node": 293, "length_km": 28.115685460535456, "delaunay_k": 2, "edge_set": "Delaunay2" }, "geometry": { "type": "LineString", "coordinates": [ [ 16.88324, 62.757869 ], [ 16.682739, 62.992664 ] ] } },
{ "type": "Feature", "properties": { "from_node": 286, "to_node": 303, "length_km": 45.344437670287512, "delaunay_k": 2, "edge_set": "Delaunay2" }, "geometry": { "type": "LineString", "coordinates": [ [ 16.88324, 62.757869 ], [ 16.876373, 63.164276 ] ] } },
{ "type": "Feature", "properties": { "from_node": 286, "to_node": 312, "length_km": 56.679599450130496, "delaunay_k": 2, "edge_set": "Delaunay2" }, "geometry": { "type": "LineString", "coordinates": [ [ 16.88324, 62.757869 ], [ 17.082367, 63.257738 ] ] } },
{ "type": "Feature", "properties": { "from_node": 286, "to_node": 316, "length_km": 67.604769108913871, "delaunay_k": 2, "edge_set": "Delaunay2" }, "geometry": { "type": "LineString", "coordinates": [ [ 16.88324, 62.757869 ], [ 17.230682, 63.342889 ] ] } },
{ "type": "Feature", "properties": { "from_node": 286, "to_node": 322, "length_km": 99.440210786157493, "delaunay_k": 2, "edge_set": "Delaunay2" }, "geometry": { "type": "LineString", "coordinates": [ [ 16.88324, 62.757869 ], [ 18.242798, 63.401361 ] ] } },
{ "type": "Feature", "properties": { "from_node": 287, "to_node": 295, "length_km": 96.257937284377093, "delaunay_k": 2, "edge_set": "Delaunay2" }, "geometry": { "type": "LineString", "coordinates": [ [ 9.930267, 62.764783 ], [ 11.727905, 63.035662 ] ] } },
{ "type": "Feature", "properties": { "from_node": 287, "to_node": 313, "length_km": 56.533350068881148, "delaunay_k": 2, "edge_set": "Delaunay2" }, "geometry": { "type": "LineString", "coordinates": [ [ 9.930267, 62.764783 ], [ 9.933014, 63.271947 ] ] } },
{ "type": "Feature", "properties": { "from_node": 287, "to_node": 321, "length_km": 75.483658044174803, "delaunay_k": 2, "edge_set": "Delaunay2" }, "geometry": { "type": "LineString", "coordinates": [ [ 9.930267, 62.764783 ], [ 10.439758, 63.401361 ] ] } },
{ "type": "Feature", "properties": { "from_node": 287, "to_node": 325, "length_km": 94.721731734361938, "delaunay_k": 2, "edge_set": "Delaunay2" }, "geometry": { "type": "LineString", "coordinates": [ [ 9.930267, 62.764783 ], [ 11.017914, 63.45726 ] ] } },
{ "type": "Feature", "properties": { "from_node": 288, "to_node": 302, "length_km": 255.90198835753066, "delaunay_k": 2, "edge_set": "Delaunay2" }, "geometry": { "type": "LineString", "coordinates": [ [ 22.633209, 62.789912 ], [ 27.585297, 63.154975 ] ] } },
{ "type": "Feature", "properties": { "from_node": 288, "to_node": 341, "length_km": 120.56483846662992, "delaunay_k": 2, "edge_set": "Delaunay2" }, "geometry": { "type": "LineString", "coordinates": [ [ 22.633209, 62.789912 ], [ 23.1427, 63.842485 ] ] } },
{ "type": "Feature", "properties": { "from_node": 288, "to_node": 349, "length_km": 179.79974120109168, "delaunay_k": 2, "edge_set": "Delaunay2" }, "geometry": { "type": "LineString", "coordinates": [ [ 22.633209, 62.789912 ], [ 24.965057, 64.008479 ] ] } },
{ "type": "Feature", "properties": { "from_node": 288, "to_node": 350, "length_km": 195.28741054593996, "delaunay_k": 2, "edge_set": "Delaunay2" }, "geometry": { "type": "LineString", "coordinates": [ [ 22.633209, 62.789912 ], [ 25.333099, 64.045767 ] ] } },
{ "type": "Feature", "properties": { "from_node": 289, "to_node": 298, "length_km": 31.884439887942619, "delaunay_k": 2, "edge_set": "Delaunay2" }, "geometry": { "type": "LineString", "coordinates": [ [ 16.294098, 62.820038 ], [ 16.11145, 63.093516 ] ] } },
{ "type": "Feature", "properties": { "from_node": 289, "to_node": 299, "length_km": 38.164441007407291, "delaunay_k": 2, "edge_set": "Delaunay2" }, "geometry": { "type": "LineString", "coordinates": [ [ 16.294098, 62.820038 ], [ 16.730635536972599, 63.098502635448106 ] ] } },
{ "type": "Feature", "properties": { "from_node": 289, "to_node": 300, "length_km": 54.003623425103498, "delaunay_k": 2, "edge_set": "Delaunay2" }, "geometry": { "type": "LineString", "coordinates": [ [ 16.294098, 62.820038 ], [ 15.490723, 63.137606 ] ] } },
{ "type": "Feature", "properties": { "from_node": 289, "to_node": 301, "length_km": 46.344566013884133, "delaunay_k": 2, "edge_set": "Delaunay2" }, "geometry": { "type": "LineString", "coordinates": [ [ 16.294098, 62.820038 ], [ 15.746155, 63.152495 ] ] } },
{ "type": "Feature", "properties": { "from_node": 289, "to_node": 303, "length_km": 48.449340359555272, "delaunay_k": 2, "edge_set": "Delaunay2" }, "geometry": { "type": "LineString", "coordinates": [ [ 16.294098, 62.820038 ], [ 16.876373, 63.164276 ] ] } },
{ "type": "Feature", "properties": { "from_node": 289, "to_node": 304, "length_km": 39.809811141742337, "delaunay_k": 2, "edge_set": "Delaunay2" }, "geometry": { "type": "LineString", "coordinates": [ [ 16.294098, 62.820038 ], [ 16.401215, 63.173574 ] ] } },
{ "type": "Feature", "properties": { "from_node": 289, "to_node": 305, "length_km": 40.646508714448252, "delaunay_k": 2, "edge_set": "Delaunay2" }, "geometry": { "type": "LineString", "coordinates": [ [ 16.294098, 62.820038 ], [ 16.166382, 63.179771 ] ] } },
{ "type": "Feature", "properties": { "from_node": 289, "to_node": 306, "length_km": 60.144940443240685, "delaunay_k": 2, "edge_set": "Delaunay2" }, "geometry": { "type": "LineString", "coordinates": [ [ 16.294098, 62.820038 ], [ 17.167511, 63.184727 ] ] } },
{ "type": "Feature", "properties": { "from_node": 290, "to_node": 291, "length_km": 28.85027622815198, "delaunay_k": 2, "edge_set": "Delaunay2" }, "geometry": { "type": "LineString", "coordinates": [ [ 16.160889, 62.833835 ], [ 16.717072, 62.882075 ] ] } },
{ "type": "Feature", "properties": { "from_node": 290, "to_node": 293, "length_km": 31.914018780573901, "delaunay_k": 2, "edge_set": "Delaunay2" }, "geometry": { "type": "LineString", "coordinates": [ [ 16.160889, 62.833835 ], [ 16.682739, 62.992664 ] ] } },
{ "type": "Feature", "properties": { "from_node": 290, "to_node": 299, "length_km": 41.334463823847493, "delaunay_k": 2, "edge_set": "Delaunay2" }, "geometry": { "type": "LineString", "coordinates": [ [ 16.160889, 62.833835 ], [ 16.730635536972599, 63.098502635448106 ] ] } },
{ "type": "Feature", "properties": { "from_node": 290, "to_node": 304, "length_km": 39.808480132064219, "delaunay_k": 2, "edge_set": "Delaunay2" }, "geometry": { "type": "LineString", "coordinates": [ [ 16.160889, 62.833835 ], [ 16.401215, 63.173574 ] ] } },
{ "type": "Feature", "properties": { "from_node": 290, "to_node": 305, "length_km": 38.588421593741472, "delaunay_k": 2, "edge_set": "Delaunay2" }, "geometry": { "type": "LineString", "coordinates": [ [ 16.160889, 62.833835 ], [ 16.166382, 63.179771 ] ] } },
{ "type": "Feature", "properties": { "from_node": 290, "to_node": 307, "length_km": 52.358831940806247, "delaunay_k": 2, "edge_set": "Delaunay2" }, "geometry": { "type": "LineString", "coordinates": [ [ 16.160889, 62.833835 ], [ 15.493469, 63.19216 ] ] } },
{ "type": "Feature", "properties": { "from_node": 290, "to_node": 309, "length_km": 66.086919137121654, "delaunay_k": 2, "edge_set": "Delaunay2" }, "geometry": { "type": "LineString", "coordinates": [ [ 16.160889, 62.833835 ], [ 15.206451, 63.237956 ] ] } },
{ "type": "Feature", "properties": { "from_node": 290, "to_node": 310, "length_km": 49.695008895553933, "delaunay_k": 2, "edge_set": "Delaunay2" }, "geometry": { "type": "LineString", "coordinates": [ [ 16.160889, 62.833835 ], [ 15.805206, 63.249085 ] ] } },
{ "type": "Feature", "properties": { "from_node": 290, "to_node": 311, "length_km": 86.057230404908751, "delaunay_k": 2, "edge_set": "Delaunay2" }, "geometry": { "type": "LineString", "coordinates": [ [ 16.160889, 62.833835 ], [ 14.736786, 63.255266 ] ] } },
{ "type": "Feature", "properties": { "from_node": 291, "to_node": 297, "length_km": 30.077198255559587, "delaunay_k": 2, "edge_set": "Delaunay2" }, "geometry": { "type": "LineString", "coordinates": [ [ 16.717072, 62.882075 ], [ 16.280365, 63.064292 ] ] } },
{ "type": "Feature", "properties": { "from_node": 291, "to_node": 299, "length_km": 24.155534924155678, "delaunay_k": 2, "edge_set": "Delaunay2" }, "geometry": { "type": "LineString", "coordinates": [ [ 16.717072, 62.882075 ], [ 16.730635536972599, 63.098502635448106 ] ] } },
{ "type": "Feature", "properties": { "from_node": 291, "to_node": 303, "length_km": 32.503217548812295, "delaunay_k": 2, "edge_set": "Delaunay2" }, "geometry": { "type": "LineString", "coordinates": [ [ 16.717072, 62.882075 ], [ 16.876373, 63.164276 ] ] } },
{ "type": "Feature", "properties": { "from_node": 291, "to_node": 312, "length_km": 45.808362956502222, "delaunay_k": 2, "edge_set": "Delaunay2" }, "geometry": { "type": "LineString", "coordinates": [ [ 16.717072, 62.882075 ], [ 17.082367, 63.257738 ] ] } },
{ "type": "Feature", "properties": { "from_node": 291, "to_node": 316, "length_km": 57.593546930247925, "delaunay_k": 2, "edge_set": "Delaunay2" }, "geometry": { "type": "LineString", "coordinates": [ [ 16.717072, 62.882075 ], [ 17.230682, 63.342889 ] ] } },
{ "type": "Feature", "properties": { "from_node": 291, "to_node": 322, "length_km": 96.390022454059633, "delaunay_k": 2, "edge_set": "Delaunay2" }, "geometry": { "type": "LineString", "coordinates": [ [ 16.717072, 62.882075 ], [ 18.242798, 63.401361 ] ] } },
{ "type": "Feature", "properties": { "from_node": 292, "to_node": 294, "length_km": 121.38971976943007, "delaunay_k": 2, "edge_set": "Delaunay2" }, "geometry": { "type": "LineString", "coordinates": [ [ 24.285278, 62.976446 ], [ 21.902618, 63.030057 ] ] } },
{ "type": "Feature", "properties": { "from_node": 292, "to_node": 352, "length_km": 193.03923794643941, "delaunay_k": 2, "edge_set": "Delaunay2" }, "geometry": { "type": "LineString", "coordinates": [ [ 24.285278, 62.976446 ], [ 27.204895, 64.101606 ] ] } },
{ "type": "Feature", "properties": { "from_node": 292, "to_node": 358, "length_km": 162.48540396710715, "delaunay_k": 2, "edge_set": "Delaunay2" }, "geometry": { "type": "LineString", "coordinates": [ [ 24.285278, 62.976446 ], [ 24.517365, 64.423037 ] ] } },
{ "type": "Feature", "properties": { "from_node": 292, "to_node": 365, "length_km": 217.91985532803284, "delaunay_k": 2, "edge_set": "Delaunay2" }, "geometry": { "type": "LineString", "coordinates": [ [ 24.285278, 62.976446 ], [ 26.843719, 64.556111 ] ] } },
{ "type": "Feature", "properties": { "from_node": 292, "to_node": 367, "length_km": 274.1245744668368, "delaunay_k": 2, "edge_set": "Delaunay2" }, "geometry": { "type": "LineString", "coordinates": [ [ 24.285278, 62.976446 ], [ 28.45047, 64.58147 ] ] } },
{ "type": "Feature", "properties": { "from_node": 292, "to_node": 371, "length_km": 221.9934132250859, "delaunay_k": 2, "edge_set": "Delaunay2" }, "geometry": { "type": "LineString", "coordinates": [ [ 24.285278, 62.976446 ], [ 26.455078, 64.709668 ] ] } },
{ "type": "Feature", "properties": { "from_node": 292, "to_node": 376, "length_km": 221.29856835979953, "delaunay_k": 2, "edge_set": "Delaunay2" }, "geometry": { "type": "LineString", "coordinates": [ [ 24.285278, 62.976446 ], [ 26.115875, 64.778222 ] ] } },
{ "type": "Feature", "properties": { "from_node": 293, "to_node": 298, "length_km": 31.040240515440363, "delaunay_k": 2, "edge_set": "Delaunay2" }, "geometry": { "type": "LineString", "coordinates": [ [ 16.682739, 62.992664 ], [ 16.11145, 63.093516 ] ] } },
{ "type": "Feature", "properties": { "from_node": 293, "to_node": 304, "length_km": 24.698530173094266, "delaunay_k": 2, "edge_set": "Delaunay2" }, "geometry": { "type": "LineString", "coordinates": [ [ 16.682739, 62.992664 ], [ 16.401215, 63.173574 ] ] } },
{ "type": "Feature", "properties": { "from_node": 293, "to_node": 305, "length_km": 33.427066845587476, "delaunay_k": 2, "edge_set": "Delaunay2" }, "geometry": { "type": "LineString", "coordinates": [ [ 16.682739, 62.992664 ], [ 16.166382, 63.179771 ] ] } },
{ "type": "Feature", "properties": { "from_node": 293, "to_node": 312, "length_km": 35.80532807336342, "delaunay_k": 2, "edge_set": "Delaunay2" }, "geometry": { "type": "LineString", "coordinates": [ [ 16.682739, 62.992664 ], [ 17.082367, 63.257738 ] ] } },
{ "type": "Feature", "properties": { "from_node": 293, "to_node": 316, "length_km": 47.859866362337804, "delaunay_k": 2, "edge_set": "Delaunay2" }, "geometry": { "type": "LineString", "coordinates": [ [ 16.682739, 62.992664 ], [ 17.230682, 63.342889 ] ] } },
{ "type": "Feature", "properties": { "from_node": 293, "to_node": 320, "length_km": 45.073051470526423, "delaunay_k": 2, "edge_set": "Delaunay2" }, "geometry": { "type": "LineString", "coordinates": [ [ 16.682739, 62.992664 ], [ 16.98761, 63.372448 ] ] } },
{ "type": "Feature", "properties": { "from_node": 293, "to_node": 322, "length_km": 90.881448550022711, "delaunay_k": 2, "edge_set": "Delaunay2" }, "geometry": { "type": "LineString", "coordinates": [ [ 16.682739, 62.992664 ], [ 18.242798, 63.401361 ] ] } },
{ "type": "Feature", "properties": { "from_node": 294, "to_node": 341, "length_km": 110.10697930130473, "delaunay_k": 2, "edge_set": "Delaunay2" }, "geometry": { "type": "LineString", "coordinates": [ [ 21.902618, 63.030057 ], [ 23.1427, 63.842485 ] ] } },
{ "type": "Feature", "properties": { "from_node": 295, "to_node": 296, "length_km": 107.57768344393196, "delaunay_k": 2, "edge_set": "Delaunay2" }, "geometry": { "type": "LineString", "coordinates": [ [ 11.727905, 63.035662 ], [ 9.602051, 63.058071 ] ] } },
{ "type": "Feature", "properties": { "from_node": 295, "to_node": 308, "length_km": 96.323028544435928, "delaunay_k": 2, "edge_set": "Delaunay2" }, "geometry": { "type": "LineString", "coordinates": [ [ 11.727905, 63.035662 ], [ 13.587341, 63.23239 ] ] } },
{ "type": "Feature", "properties": { "from_node": 295, "to_node": 313, "length_km": 94.227265767693041, "delaunay_k": 2, "edge_set": "Delaunay2" }, "geometry": { "type": "LineString", "coordinates": [ [ 11.727905, 63.035662 ], [ 9.933014, 63.271947 ] ] } },
{ "type": "Feature", "properties": { "from_node": 295, "to_node": 319, "length_km": 94.662030049776575, "delaunay_k": 2, "edge_set": "Delaunay2" }, "geometry": { "type": "LineString", "coordinates": [ [ 11.727905, 63.035662 ], [ 13.458252, 63.368755 ] ] } },
{ "type": "Feature", "properties": { "from_node": 295, "to_node": 321, "length_km": 76.541454354921896, "delaunay_k": 2, "edge_set": "Delaunay2" }, "geometry": { "type": "LineString", "coordinates": [ [ 11.727905, 63.035662 ], [ 10.439758, 63.401361 ] ] } },
{ "type": "Feature", "properties": { "from_node": 295, "to_node": 337, "length_km": 104.21066711978644, "delaunay_k": 2, "edge_set": "Delaunay2" }, "geometry": { "type": "LineString", "coordinates": [ [ 11.727905, 63.035662 ], [ 13.065491, 63.752742 ] ] } },
{ "type": "Feature", "properties": { "from_node": 295, "to_node": 339, "length_km": 83.885984183832591, "delaunay_k": 2, "edge_set": "Delaunay2" }, "geometry": { "type": "LineString", "coordinates": [ [ 11.727905, 63.035662 ], [ 11.472473, 63.779452 ] ] } },
{ "type": "Feature", "properties": { "from_node": 296, "to_node": 321, "length_km": 56.904958289034084, "delaunay_k": 2, "edge_set": "Delaunay2" }, "geometry": { "type": "LineString", "coordinates": [ [ 9.602051, 63.058071 ], [ 10.439758, 63.401361 ] ] } },
{ "type": "Feature", "properties": { "from_node": 296, "to_node": 325, "length_km": 83.886979456345344, "delaunay_k": 2, "edge_set": "Delaunay2" }, "geometry": { "type": "LineString", "coordinates": [ [ 9.602051, 63.058071 ], [ 11.017914, 63.45726 ] ] } },
{ "type": "Feature", "properties": { "from_node": 296, "to_node": 360, "length_km": 184.74868784649502, "delaunay_k": 2, "edge_set": "Delaunay2" }, "geometry": { "type": "LineString", "coordinates": [ [ 9.602051, 63.058071 ], [ 11.620789, 64.453849 ] ] } },
{ "type": "Feature", "properties": { "from_node": 297, "to_node": 300, "length_km": 40.730543175942771, "delaunay_k": 2, "edge_set": "Delaunay2" }, "geometry": { "type": "LineString", "coordinates": [ [ 16.280365, 63.064292 ], [ 15.490723, 63.137606 ] ] } },
{ "type": "Feature", "properties": { "from_node": 297, "to_node": 301, "length_km": 28.725505913724948, "delaunay_k": 2, "edge_set": "Delaunay2" }, "geometry": { "type": "LineString", "coordinates": [ [ 16.280365, 63.064292 ], [ 15.746155, 63.152495 ] ] } },
{ "type": "Feature", "properties": { "from_node": 297, "to_node": 303, "length_km": 32.109064628566387, "delaunay_k": 2, "edge_set": "Delaunay2" }, "geometry": { "type": "LineString", "coordinates": [ [ 16.280365, 63.064292 ], [ 16.876373, 63.164276 ] ] } },
{ "type": "Feature", "properties": { "from_node": 297, "to_node": 306, "length_km": 46.774805931287446, "delaunay_k": 2, "edge_set": "Delaunay2" }, "geometry": { "type": "LineString", "coordinates": [ [ 16.280365, 63.064292 ], [ 17.167511, 63.184727 ] ] } },
{ "type": "Feature", "properties": { "from_node": 297, "to_node": 310, "length_km": 31.610059786714533, "delaunay_k": 2, "edge_set": "Delaunay2" }, "geometry": { "type": "LineString", "coordinates": [ [ 16.280365, 63.064292 ], [ 15.805206, 63.249085 ] ] } },
{ "type": "Feature", "properties": { "from_node": 297, "to_node": 320, "length_km": 49.490778020957208, "delaunay_k": 2, "edge_set": "Delaunay2" }, "geometry": { "type": "LineString", "coordinates": [ [ 16.280365, 63.064292 ], [ 16.98761, 63.372448 ] ] } },
{ "type": "Feature", "properties": { "from_node": 297, "to_node": 327, "length_km": 50.902530093500715, "delaunay_k": 2, "edge_set": "Delaunay2" }, "geometry": { "type": "LineString", "coordinates": [ [ 16.280365, 63.064292 ], [ 16.663513, 63.486702 ] ] } },
{ "type": "Feature", "properties": { "from_node": 297, "to_node": 328, "length_km": 51.374174903215952, "delaunay_k": 2, "edge_set": "Delaunay2" }, "geometry": { "type": "LineString", "coordinates": [ [ 16.280365, 63.064292 ], [ 16.254272, 63.524685 ] ] } },
{ "type": "Feature", "properties": { "from_node": 298, "to_node": 299, "length_km": 31.303344285988874, "delaunay_k": 2, "edge_set": "Delaunay2" }, "geometry": { "type": "LineString", "coordinates": [ [ 16.11145, 63.093516 ], [ 16.730635536972599, 63.098502635448106 ] ] } },
{ "type": "Feature", "properties": { "from_node": 298, "to_node": 300, "length_km": 31.732744244809698, "delaunay_k": 2, "edge_set": "Delaunay2" }, "geometry": { "type": "LineString", "coordinates": [ [ 16.11145, 63.093516 ], [ 15.490723, 63.137606 ] ] } },
{ "type": "Feature", "properties": { "from_node": 298, "to_node": 304, "length_km": 17.137978815483397, "delaunay_k": 2, "edge_set": "Delaunay2" }, "geometry": { "type": "LineString", "coordinates": [ [ 16.11145, 63.093516 ], [ 16.401215, 63.173574 ] ] } },
{ "type": "Feature", "properties": { "from_node": 298, "to_node": 307, "length_km": 33.065507660972479, "delaunay_k": 2, "edge_set": "Delaunay2" }, "geometry": { "type": "LineString", "coordinates": [ [ 16.11145, 63.093516 ], [ 15.493469, 63.19216 ] ] } },
{ "type": "Feature", "properties": { "from_node": 298, "to_node": 310, "length_km": 23.2253698340154, "delaunay_k": 2, "edge_set": "Delaunay2" }, "geometry": { "type": "LineString", "coordinates": [ [ 16.11145, 63.093516 ], [ 15.805206, 63.249085 ] ] } },
{ "type": "Feature", "properties": { "from_node": 298, "to_node": 328, "length_km": 48.627179297010642, "delaunay_k": 2, "edge_set": "Delaunay2" }, "geometry": { "type": "LineString", "coordinates": [ [ 16.11145, 63.093516 ], [ 16.254272, 63.524685 ] ] } },
{ "type": "Feature", "properties": { "from_node": 299, "to_node": 305, "length_km": 29.887811373146175, "delaunay_k": 2, "edge_set": "Delaunay2" }, "geometry": { "type": "LineString", "coordinates": [ [ 16.730635536972599, 63.098502635448106 ], [ 16.166382, 63.179771 ] ] } },
{ "type": "Feature", "properties": { "from_node": 299, "to_node": 306, "length_km": 24.059435265394047, "delaunay_k": 2, "edge_set": "Delaunay2" }, "geometry": { "type": "LineString", "coordinates": [ [ 16.730635536972599, 63.098502635448106 ], [ 17.167511, 63.184727 ] ] } },
{ "type": "Feature", "properties": { "from_node": 299, "to_node": 312, "length_km": 25.101051491793292, "delaunay_k": 2, "edge_set": "Delaunay2" }, "geometry": { "type": "LineString", "coordinates": [ [ 16.730635536972599, 63.098502635448106 ], [ 17.082367, 63.257738 ] ] } },
{ "type": "Feature", "properties": { "from_node": 299, "to_node": 320, "length_km": 33.186656464700256, "delaunay_k": 2, "edge_set": "Delaunay2" }, "geometry": { "type": "LineString", "coordinates": [ [ 16.730635536972599, 63.098502635448106 ], [ 16.98761, 63.372448 ] ] } },
{ "type": "Feature", "properties": { "from_node": 299, "to_node": 327, "length_km": 43.441008759944978, "delaunay_k": 2, "edge_set": "Delaunay2" }, "geometry": { "type": "LineString", "coordinates": [ [ 16.730635536972599, 63.098502635448106 ], [ 16.663513, 63.486702 ] ] } },
{ "type": "Feature", "properties": { "from_node": 299, "to_node": 328, "length_km": 53.213876508373737, "delaunay_k": 2, "edge_set": "Delaunay2" }, "geometry": { "type": "LineString", "coordinates": [ [ 16.730635536972599, 63.098502635448106 ], [ 16.254272, 63.524685 ] ] } },
{ "type": "Feature", "properties": { "from_node": 300, "to_node": 305, "length_km": 34.396296241652401, "delaunay_k": 2, "edge_set": "Delaunay2" }, "geometry": { "type": "LineString", "coordinates": [ [ 15.490723, 63.137606 ], [ 16.166382, 63.179771 ] ] } },
{ "type": "Feature", "properties": { "from_node": 300, "to_node": 308, "length_km": 96.448603769023265, "delaunay_k": 2, "edge_set": "Delaunay2" }, "geometry": { "type": "LineString", "coordinates": [ [ 15.490723, 63.137606 ], [ 13.587341, 63.23239 ] ] } },
{ "type": "Feature", "properties": { "from_node": 300, "to_node": 310, "length_km": 20.136499958693086, "delaunay_k": 2, "edge_set": "Delaunay2" }, "geometry": { "type": "LineString", "coordinates": [ [ 15.490723, 63.137606 ], [ 15.805206, 63.249085 ] ] } },
{ "type": "Feature", "properties": { "from_node": 300, "to_node": 315, "length_km": 95.121895047194613, "delaunay_k": 2, "edge_set": "Delaunay2" }, "geometry": { "type": "LineString", "coordinates": [ [ 15.490723, 63.137606 ], [ 13.639526, 63.312066 ] ] } },
{ "type": "Feature", "properties": { "from_node": 300, "to_node": 317, "length_km": 42.395903187726681, "delaunay_k": 2, "edge_set": "Delaunay2" }, "geometry": { "type": "LineString", "coordinates": [ [ 15.490723, 63.137606 ], [ 14.788971, 63.348433 ] ] } },
{ "type": "Feature", "properties": { "from_node": 300, "to_node": 332, "length_km": 52.686229479239962, "delaunay_k": 2, "edge_set": "Delaunay2" }, "geometry": { "type": "LineString", "coordinates": [ [ 15.490723, 63.137606 ], [ 15.846405, 63.582177 ] ] } },
{ "type": "Feature", "properties": { "from_node": 301, "to_node": 304, "length_km": 33.115441354194004, "delaunay_k": 2, "edge_set": "Delaunay2" }, "geometry": { "type": "LineString", "coordinates": [ [ 15.746155, 63.152495 ], [ 16.401215, 63.173574 ] ] } },
{ "type": "Feature", "properties": { "from_node": 301, "to_node": 309, "length_km": 28.802905678375772, "delaunay_k": 2, "edge_set": "Delaunay2" }, "geometry": { "type": "LineString", "coordinates": [ [ 15.746155, 63.152495 ], [ 15.206451, 63.237956 ] ] } },
{ "type": "Feature", "properties": { "from_node": 301, "to_node": 311, "length_km": 52.091187291657398, "delaunay_k": 2, "edge_set": "Delaunay2" }, "geometry": { "type": "LineString", "coordinates": [ [ 15.746155, 63.152495 ], [ 14.736786, 63.255266 ] ] } },
{ "type": "Feature", "properties": { "from_node": 301, "to_node": 328, "length_km": 48.703351865678727, "delaunay_k": 2, "edge_set": "Delaunay2" }, "geometry": { "type": "LineString", "coordinates": [ [ 15.746155, 63.152495 ], [ 16.254272, 63.524685 ] ] } },
{ "type": "Feature", "properties": { "from_node": 301, "to_node": 332, "length_km": 48.18749459403044, "delaunay_k": 2, "edge_set": "Delaunay2" }, "geometry": { "type": "LineString", "coordinates": [ [ 15.746155, 63.152495 ], [ 15.846405, 63.582177 ] ] } },
{ "type": "Feature", "properties": { "from_node": 302, "to_node": 340, "length_km": 238.58171636519299, "delaunay_k": 2, "edge_set": "Delaunay2" }, "geometry": { "type": "LineString", "coordinates": [ [ 27.585297, 63.154975 ], [ 23.047943, 63.797043 ] ] } },
{ "type": "Feature", "properties": { "from_node": 302, "to_node": 341, "length_km": 235.51442107010487, "delaunay_k": 2, "edge_set": "Delaunay2" }, "geometry": { "type": "LineString", "coordinates": [ [ 27.585297, 63.154975 ], [ 23.1427, 63.842485 ] ] } },
{ "type": "Feature", "properties": { "from_node": 302, "to_node": 349, "length_km": 162.26040233591939, "delaunay_k": 2, "edge_set": "Delaunay2" }, "geometry": { "type": "LineString", "coordinates": [ [ 27.585297, 63.154975 ], [ 24.965057, 64.008479 ] ] } },
{ "type": "Feature", "properties": { "from_node": 302, "to_node": 358, "length_km": 208.31673893383041, "delaunay_k": 2, "edge_set": "Delaunay2" }, "geometry": { "type": "LineString", "coordinates": [ [ 27.585297, 63.154975 ], [ 24.517365, 64.423037 ] ] } },
{ "type": "Feature", "properties": { "from_node": 302, "to_node": 365, "length_km": 161.57834264999892, "delaunay_k": 2, "edge_set": "Delaunay2" }, "geometry": { "type": "LineString", "coordinates": [ [ 27.585297, 63.154975 ], [ 26.843719, 64.556111 ] ] } },
{ "type": "Feature", "properties": { "from_node": 302, "to_node": 371, "length_km": 183.26381417530578, "delaunay_k": 2, "edge_set": "Delaunay2" }, "geometry": { "type": "LineString", "coordinates": [ [ 27.585297, 63.154975 ], [ 26.455078, 64.709668 ] ] } },
{ "type": "Feature", "properties": { "from_node": 302, "to_node": 375, "length_km": 187.68993163849146, "delaunay_k": 2, "edge_set": "Delaunay2" }, "geometry": { "type": "LineString", "coordinates": [ [ 27.585297, 63.154975 ], [ 26.51825, 64.759489 ] ] } },
{ "type": "Feature", "properties": { "from_node": 302, "to_node": 376, "length_km": 196.10479417589659, "delaunay_k": 2, "edge_set": "Delaunay2" }, "geometry": { "type": "LineString", "coordinates": [ [ 27.585297, 63.154975 ], [ 26.115875, 64.778222 ] ] } },
{ "type": "Feature", "properties": { "from_node": 302, "to_node": 404, "length_km": 357.55451521931815, "delaunay_k": 2, "edge_set": "Delaunay2" }, "geometry": { "type": "LineString", "coordinates": [ [ 27.585297, 63.154975 ], [ 27.030487, 66.33089 ] ] } },
{ "type": "Feature", "properties": { "from_node": 302, "to_node": 407, "length_km": 370.11914694280966, "delaunay_k": 2, "edge_set": "Delaunay2" }, "geometry": { "type": "LineString", "coordinates": [ [ 27.585297, 63.154975 ], [ 27.398529, 66.450241 ] ] } },
{ "type": "Feature", "properties": { "from_node": 303, "to_node": 305, "length_km": 35.837347615530419, "delaunay_k": 2, "edge_set": "Delaunay2" }, "geometry": { "type": "LineString", "coordinates": [ [ 16.876373, 63.164276 ], [ 16.166382, 63.179771 ] ] } },
{ "type": "Feature", "properties": { "from_node": 303, "to_node": 316, "length_km": 26.732022518725501, "delaunay_k": 2, "edge_set": "Delaunay2" }, "geometry": { "type": "LineString", "coordinates": [ [ 16.876373, 63.164276 ], [ 17.230682, 63.342889 ] ] } },
{ "type": "Feature", "properties": { "from_node": 303, "to_node": 322, "length_km": 73.573435116296011, "delaunay_k": 2, "edge_set": "Delaunay2" }, "geometry": { "type": "LineString", "coordinates": [ [ 16.876373, 63.164276 ], [ 18.242798, 63.401361 ] ] } },
{ "type": "Feature", "properties": { "from_node": 303, "to_node": 323, "length_km": 30.441007704607575, "delaunay_k": 2, "edge_set": "Delaunay2" }, "geometry": { "type": "LineString", "coordinates": [ [ 16.876373, 63.164276 ], [ 17.122192, 63.413656 ] ] } },
{ "type": "Feature", "properties": { "from_node": 303, "to_node": 324, "length_km": 30.067427770336689, "delaunay_k": 2, "edge_set": "Delaunay2" }, "geometry": { "type": "LineString", "coordinates": [ [ 16.876373, 63.164276 ], [ 16.910706, 63.433317 ] ] } },
{ "type": "Feature", "properties": { "from_node": 303, "to_node": 327, "length_km": 37.52361129938091, "delaunay_k": 2, "edge_set": "Delaunay2" }, "geometry": { "type": "LineString", "coordinates": [ [ 16.876373, 63.164276 ], [ 16.663513, 63.486702 ] ] } },
{ "type": "Feature", "properties": { "from_node": 303, "to_node": 328, "length_km": 50.879520460658604, "delaunay_k": 2, "edge_set": "Delaunay2" }, "geometry": { "type": "LineString", "coordinates": [ [ 16.876373, 63.164276 ], [ 16.254272, 63.524685 ] ] } },
{ "type": "Feature", "properties": { "from_node": 304, "to_node": 306, "length_km": 38.64822770767136, "delaunay_k": 2, "edge_set": "Delaunay2" }, "geometry": { "type": "LineString", "coordinates": [ [ 16.401215, 63.173574 ], [ 17.167511, 63.184727 ] ] } },
{ "type": "Feature", "properties": { "from_node": 304, "to_node": 310, "length_km": 31.164181606359275, "delaunay_k": 2, "edge_set": "Delaunay2" }, "geometry": { "type": "LineString", "coordinates": [ [ 16.401215, 63.173574 ], [ 15.805206, 63.249085 ] ] } },
{ "type": "Feature", "properties": { "from_node": 304, "to_node": 312, "length_km": 35.554721175007444, "delaunay_k": 2, "edge_set": "Delaunay2" }, "geometry": { "type": "LineString", "coordinates": [ [ 16.401215, 63.173574 ], [ 17.082367, 63.257738 ] ] } },
{ "type": "Feature", "properties": { "from_node": 304, "to_node": 316, "length_km": 45.777976760519181, "delaunay_k": 2, "edge_set": "Delaunay2" }, "geometry": { "type": "LineString", "coordinates": [ [ 16.401215, 63.173574 ], [ 17.230682, 63.342889 ] ] } },
{ "type": "Feature", "properties": { "from_node": 304, "to_node": 323, "length_km": 45.031844631156211, "delaunay_k": 2, "edge_set": "Delaunay2" }, "geometry": { "type": "LineString", "coordinates": [ [ 16.401215, 63.173574 ], [ 17.122192, 63.413656 ] ] } },
{ "type": "Feature", "properties": { "from_node": 304, "to_node": 324, "length_km": 38.647523919785613, "delaunay_k": 2, "edge_set": "Delaunay2" }, "geometry": { "type": "LineString", "coordinates": [ [ 16.401215, 63.173574 ], [ 16.910706, 63.433317 ] ] } },
{ "type": "Feature", "properties": { "from_node": 304, "to_node": 329, "length_km": 49.387165491659665, "delaunay_k": 2, "edge_set": "Delaunay2" }, "geometry": { "type": "LineString", "coordinates": [ [ 16.401215, 63.173574 ], [ 16.923065, 63.549164 ] ] } },
{ "type": "Feature", "properties": { "from_node": 304, "to_node": 331, "length_km": 48.431653811056563, "delaunay_k": 2, "edge_set": "Delaunay2" }, "geometry": { "type": "LineString", "coordinates": [ [ 16.401215, 63.173574 ], [ 16.756897, 63.577288 ] ] } },
{ "type": "Feature", "properties": { "from_node": 304, "to_node": 332, "length_km": 53.371571192205607, "delaunay_k": 2, "edge_set": "Delaunay2" }, "geometry": { "type": "LineString", "coordinates": [ [ 16.401215, 63.173574 ], [ 15.846405, 63.582177 ] ] } },
{ "type": "Feature", "properties": { "from_node": 304, "to_node": 333, "length_km": 56.224955647542558, "delaunay_k": 2, "edge_set": "Delaunay2" }, "geometry": { "type": "LineString", "coordinates": [ [ 16.401215, 63.173574 ], [ 16.791229, 63.646259 ] ] } },
{ "type": "Feature", "properties": { "from_node": 305, "to_node": 307, "length_km": 33.931041753370096, "delaunay_k": 2, "edge_set": "Delaunay2" }, "geometry": { "type": "LineString", "coordinates": [ [ 16.166382, 63.179771 ], [ 15.493469, 63.19216 ] ] } },
{ "type": "Feature", "properties": { "from_node": 305, "to_node": 309, "length_km": 48.756979125664849, "delaunay_k": 2, "edge_set": "Delaunay2" }, "geometry": { "type": "LineString", "coordinates": [ [ 16.166382, 63.179771 ], [ 15.206451, 63.237956 ] ] } },
{ "type": "Feature", "properties": { "from_node": 305, "to_node": 320, "length_km": 46.519531651748494, "delaunay_k": 2, "edge_set": "Delaunay2" }, "geometry": { "type": "LineString", "coordinates": [ [ 16.166382, 63.179771 ], [ 16.98761, 63.372448 ] ] } },
{ "type": "Feature", "properties": { "from_node": 305, "to_node": 327, "length_km": 42.350390336374353, "delaunay_k": 2, "edge_set": "Delaunay2" }, "geometry": { "type": "LineString", "coordinates": [ [ 16.166382, 63.179771 ], [ 16.663513, 63.486702 ] ] } },
{ "type": "Feature", "properties": { "from_node": 305, "to_node": 331, "length_km": 53.294541857146676, "delaunay_k": 2, "edge_set": "Delaunay2" }, "geometry": { "type": "LineString", "coordinates": [ [ 16.166382, 63.179771 ], [ 16.756897, 63.577288 ] ] } },
{ "type": "Feature", "properties": { "from_node": 305, "to_node": 332, "length_km": 47.656642028911286, "delaunay_k": 2, "edge_set": "Delaunay2" }, "geometry": { "type": "LineString", "coordinates": [ [ 16.166382, 63.179771 ], [ 15.846405, 63.582177 ] ] } },
{ "type": "Feature", "properties": { "from_node": 305, "to_node": 333, "length_km": 60.697404371313802, "delaunay_k": 2, "edge_set": "Delaunay2" }, "geometry": { "type": "LineString", "coordinates": [ [ 16.166382, 63.179771 ], [ 16.791229, 63.646259 ] ] } },
{ "type": "Feature", "properties": { "from_node": 306, "to_node": 320, "length_km": 22.812965248474214, "delaunay_k": 2, "edge_set": "Delaunay2" }, "geometry": { "type": "LineString", "coordinates": [ [ 17.167511, 63.184727 ], [ 16.98761, 63.372448 ] ] } },
{ "type": "Feature", "properties": { "from_node": 306, "to_node": 323, "length_km": 25.645909506081296, "delaunay_k": 2, "edge_set": "Delaunay2" }, "geometry": { "type": "LineString", "coordinates": [ [ 17.167511, 63.184727 ], [ 17.122192, 63.413656 ] ] } },
{ "type": "Feature", "properties": { "from_node": 306, "to_node": 326, "length_km": 33.789496719098771, "delaunay_k": 2, "edge_set": "Delaunay2" }, "geometry": { "type": "LineString", "coordinates": [ [ 17.167511, 63.184727 ], [ 17.043915, 63.48241 ] ] } },
{ "type": "Feature", "properties": { "from_node": 306, "to_node": 336, "length_km": 62.008092182837679, "delaunay_k": 2, "edge_set": "Delaunay2" }, "geometry": { "type": "LineString", "coordinates": [ [ 17.167511, 63.184727 ], [ 17.041168, 63.737555 ] ] } },
{ "type": "Feature", "properties": { "from_node": 306, "to_node": 342, "length_km": 73.736499144385078, "delaunay_k": 2, "edge_set": "Delaunay2" }, "geometry": { "type": "LineString", "coordinates": [ [ 17.167511, 63.184727 ], [ 17.156525, 63.845512 ] ] } },
{ "type": "Feature", "properties": { "from_node": 306, "to_node": 343, "length_km": 163.96549751556458, "delaunay_k": 2, "edge_set": "Delaunay2" }, "geometry": { "type": "LineString", "coordinates": [ [ 17.167511, 63.184727 ], [ 20.047302, 63.896314 ] ] } },
{ "type": "Feature", "properties": { "from_node": 306, "to_node": 344, "length_km": 82.301578889546491, "delaunay_k": 2, "edge_set": "Delaunay2" }, "geometry": { "type": "LineString", "coordinates": [ [ 17.167511, 63.184727 ], [ 17.168884, 63.922284 ] ] } },
{ "type": "Feature", "properties": { "from_node": 306, "to_node": 354, "length_km": 112.27660036537546, "delaunay_k": 2, "edge_set": "Delaunay2" }, "geometry": { "type": "LineString", "coordinates": [ [ 17.167511, 63.184727 ], [ 17.449036, 64.183063 ] ] } },
{ "type": "Feature", "properties": { "from_node": 306, "to_node": 359, "length_km": 167.55207046646998, "delaunay_k": 2, "edge_set": "Delaunay2" }, "geometry": { "type": "LineString", "coordinates": [ [ 17.167511, 63.184727 ], [ 19.029694, 64.440225 ] ] } },
{ "type": "Feature", "properties": { "from_node": 307, "to_node": 311, "length_km": 38.711692365934013, "delaunay_k": 2, "edge_set": "Delaunay2" }, "geometry": { "type": "LineString", "coordinates": [ [ 15.493469, 63.19216 ], [ 14.736786, 63.255266 ] ] } },
{ "type": "Feature", "properties": { "from_node": 307, "to_node": 317, "length_km": 39.443154902978122, "delaunay_k": 2, "edge_set": "Delaunay2" }, "geometry": { "type": "LineString", "coordinates": [ [ 15.493469, 63.19216 ], [ 14.788971, 63.348433 ] ] } },
{ "type": "Feature", "properties": { "from_node": 307, "to_node": 328, "length_km": 53.173515718333533, "delaunay_k": 2, "edge_set": "Delaunay2" }, "geometry": { "type": "LineString", "coordinates": [ [ 15.493469, 63.19216 ], [ 16.254272, 63.524685 ] ] } },
{ "type": "Feature", "properties": { "from_node": 307, "to_node": 332, "length_km": 46.946854560043363, "delaunay_k": 2, "edge_set": "Delaunay2" }, "geometry": { "type": "LineString", "coordinates": [ [ 15.493469, 63.19216 ], [ 15.846405, 63.582177 ] ] } },
{ "type": "Feature", "properties": { "from_node": 308, "to_node": 309, "length_km": 81.409441081005028, "delaunay_k": 2, "edge_set": "Delaunay2" }, "geometry": { "type": "LineString", "coordinates": [ [ 13.587341, 63.23239 ], [ 15.206451, 63.237956 ] ] } },
{ "type": "Feature", "properties": { "from_node": 308, "to_node": 317, "length_km": 61.671743244223237, "delaunay_k": 2, "edge_set": "Delaunay2" }, "geometry": { "type": "LineString", "coordinates": [ [ 13.587341, 63.23239 ], [ 14.788971, 63.348433 ] ] } },
{ "type": "Feature", "properties": { "from_node": 308, "to_node": 325, "length_km": 131.07841316156026, "delaunay_k": 2, "edge_set": "Delaunay2" }, "geometry": { "type": "LineString", "coordinates": [ [ 13.587341, 63.23239 ], [ 11.017914, 63.45726 ] ] } },
{ "type": "Feature", "properties": { "from_node": 308, "to_node": 330, "length_km": 36.235801177244575, "delaunay_k": 2, "edge_set": "Delaunay2" }, "geometry": { "type": "LineString", "coordinates": [ [ 13.587341, 63.23239 ], [ 13.657379, 63.555892 ] ] } },
{ "type": "Feature", "properties": { "from_node": 308, "to_node": 337, "length_km": 63.570670589015926, "delaunay_k": 2, "edge_set": "Delaunay2" }, "geometry": { "type": "LineString", "coordinates": [ [ 13.587341, 63.23239 ], [ 13.065491, 63.752742 ] ] } },
{ "type": "Feature", "properties": { "from_node": 308, "to_node": 339, "length_km": 121.68857442945398, "delaunay_k": 2, "edge_set": "Delaunay2" }, "geometry": { "type": "LineString", "coordinates": [ [ 13.587341, 63.23239 ], [ 11.472473, 63.779452 ] ] } },
{ "type": "Feature", "properties": { "from_node": 309, "to_node": 315, "length_km": 79.107929732480414, "delaunay_k": 2, "edge_set": "Delaunay2" }, "geometry": { "type": "LineString", "coordinates": [ [ 15.206451, 63.237956 ], [ 13.639526, 63.312066 ] ] } },
{ "type": "Feature", "properties": { "from_node": 309, "to_node": 328, "length_km": 61.416141537411761, "delaunay_k": 2, "edge_set": "Delaunay2" }, "geometry": { "type": "LineString", "coordinates": [ [ 15.206451, 63.237956 ], [ 16.254272, 63.524685 ] ] } },
{ "type": "Feature", "properties": { "from_node": 309, "to_node": 330, "length_km": 85.177016128271333, "delaunay_k": 2, "edge_set": "Delaunay2" }, "geometry": { "type": "LineString", "coordinates": [ [ 15.206451, 63.237956 ], [ 13.657379, 63.555892 ] ] } },
{ "type": "Feature", "properties": { "from_node": 309, "to_node": 333, "length_km": 91.307536012312227, "delaunay_k": 2, "edge_set": "Delaunay2" }, "geometry": { "type": "LineString", "coordinates": [ [ 15.206451, 63.237956 ], [ 16.791229, 63.646259 ] ] } },
{ "type": "Feature", "properties": { "from_node": 309, "to_node": 334, "length_km": 87.45458947931175, "delaunay_k": 2, "edge_set": "Delaunay2" }, "geometry": { "type": "LineString", "coordinates": [ [ 15.206451, 63.237956 ], [ 13.811188, 63.713238 ] ] } },
{ "type": "Feature", "properties": { "from_node": 309, "to_node": 348, "length_km": 87.630721199992976, "delaunay_k": 2, "edge_set": "Delaunay2" }, "geometry": { "type": "LineString", "coordinates": [ [ 15.206451, 63.237956 ], [ 15.619812, 64.001858 ] ] } },
{ "type": "Feature", "properties": { "from_node": 310, "to_node": 311, "length_km": 53.70263911981975, "delaunay_k": 2, "edge_set": "Delaunay2" }, "geometry": { "type": "LineString", "coordinates": [ [ 15.805206, 63.249085 ], [ 14.736786, 63.255266 ] ] } },
{ "type": "Feature", "properties": { "from_node": 310, "to_node": 317, "length_km": 52.183102737015702, "delaunay_k": 2, "edge_set": "Delaunay2" }, "geometry": { "type": "LineString", "coordinates": [ [ 15.805206, 63.249085 ], [ 14.788971, 63.348433 ] ] } },
{ "type": "Feature", "properties": { "from_node": 310, "to_node": 327, "length_km": 50.492945420721256, "delaunay_k": 2, "edge_set": "Delaunay2" }, "geometry": { "type": "LineString", "coordinates": [ [ 15.805206, 63.249085 ], [ 16.663513, 63.486702 ] ] } },
{ "type": "Feature", "properties": { "from_node": 310, "to_node": 331, "length_km": 60.033419692879825, "delaunay_k": 2, "edge_set": "Delaunay2" }, "geometry": { "type": "LineString", "coordinates": [ [ 15.805206, 63.249085 ], [ 16.756897, 63.577288 ] ] } },
{ "type": "Feature", "properties": { "from_node": 310, "to_node": 333, "length_km": 66.234588947635004, "delaunay_k": 2, "edge_set": "Delaunay2" }, "geometry": { "type": "LineString", "coordinates": [ [ 15.805206, 63.249085 ], [ 16.791229, 63.646259 ] ] } },
{ "type": "Feature", "properties": { "from_node": 310, "to_node": 348, "length_km": 84.464521549015629, "delaunay_k": 2, "edge_set": "Delaunay2" }, "geometry": { "type": "LineString", "coordinates": [ [ 15.805206, 63.249085 ], [ 15.619812, 64.001858 ] ] } },
{ "type": "Feature", "properties": { "from_node": 311, "to_node": 318, "length_km": 109.37642183958953, "delaunay_k": 2, "edge_set": "Delaunay2" }, "geometry": { "type": "LineString", "coordinates": [ [ 14.736786, 63.255266 ], [ 12.568359, 63.361367 ] ] } },
{ "type": "Feature", "properties": { "from_node": 311, "to_node": 319, "length_km": 65.346113847059428, "delaunay_k": 2, "edge_set": "Delaunay2" }, "geometry": { "type": "LineString", "coordinates": [ [ 14.736786, 63.255266 ], [ 13.458252, 63.368755 ] ] } },
{ "type": "Feature", "properties": { "from_node": 311, "to_node": 330, "length_km": 63.5141596331475, "delaunay_k": 2, "edge_set": "Delaunay2" }, "geometry": { "type": "LineString", "coordinates": [ [ 14.736786, 63.255266 ], [ 13.657379, 63.555892 ] ] } },
{ "type": "Feature", "properties": { "from_node": 311, "to_node": 332, "length_km": 66.358791963208944, "delaunay_k": 2, "edge_set": "Delaunay2" }, "geometry": { "type": "LineString", "coordinates": [ [ 14.736786, 63.255266 ], [ 15.846405, 63.582177 ] ] } },
{ "type": "Feature", "properties": { "from_node": 311, "to_node": 334, "length_km": 68.818212675218248, "delaunay_k": 2, "edge_set": "Delaunay2" }, "geometry": { "type": "LineString", "coordinates": [ [ 14.736786, 63.255266 ], [ 13.811188, 63.713238 ] ] } },
{ "type": "Feature", "properties": { "from_node": 311, "to_node": 348, "length_km": 94.077808790090671, "delaunay_k": 2, "edge_set": "Delaunay2" }, "geometry": { "type": "LineString", "coordinates": [ [ 14.736786, 63.255266 ], [ 15.619812, 64.001858 ] ] } },
{ "type": "Feature", "properties": { "from_node": 312, "to_node": 322, "length_km": 60.376631893645062, "delaunay_k": 2, "edge_set": "Delaunay2" }, "geometry": { "type": "LineString", "coordinates": [ [ 17.082367, 63.257738 ], [ 18.242798, 63.401361 ] ] } },
{ "type": "Feature", "properties": { "from_node": 312, "to_node": 323, "length_km": 17.511935994278378, "delaunay_k": 2, "edge_set": "Delaunay2" }, "geometry": { "type": "LineString", "coordinates": [ [ 17.082367, 63.257738 ], [ 17.122192, 63.413656 ] ] } },
{ "type": "Feature", "properties": { "from_node": 312, "to_node": 324, "length_km": 21.396987543559163, "delaunay_k": 2, "edge_set": "Delaunay2" }, "geometry": { "type": "LineString", "coordinates": [ [ 17.082367, 63.257738 ], [ 16.910706, 63.433317 ] ] } },
{ "type": "Feature", "properties": { "from_node": 312, "to_node": 327, "length_km": 33.053163517822931, "delaunay_k": 2, "edge_set": "Delaunay2" }, "geometry": { "type": "LineString", "coordinates": [ [ 17.082367, 63.257738 ], [ 16.663513, 63.486702 ] ] } },
{ "type": "Feature", "properties": { "from_node": 313, "to_node": 325, "length_km": 58.086083213913732, "delaunay_k": 2, "edge_set": "Delaunay2" }, "geometry": { "type": "LineString", "coordinates": [ [ 9.933014, 63.271947 ], [ 11.017914, 63.45726 ] ] } },
{ "type": "Feature", "properties": { "from_node": 313, "to_node": 337, "length_km": 164.8806058289268, "delaunay_k": 2, "edge_set": "Delaunay2" }, "geometry": { "type": "LineString", "coordinates": [ [ 9.933014, 63.271947 ], [ 13.065491, 63.752742 ] ] } },
{ "type": "Feature", "properties": { "from_node": 313, "to_node": 339, "length_km": 95.22575231048981, "delaunay_k": 2, "edge_set": "Delaunay2" }, "geometry": { "type": "LineString", "coordinates": [ [ 9.933014, 63.271947 ], [ 11.472473, 63.779452 ] ] } },
{ "type": "Feature", "properties": { "from_node": 313, "to_node": 346, "length_km": 109.95452723672697, "delaunay_k": 2, "edge_set": "Delaunay2" }, "geometry": { "type": "LineString", "coordinates": [ [ 9.933014, 63.271947 ], [ 11.477966, 63.979576 ] ] } },
{ "type": "Feature", "properties": { "from_node": 313, "to_node": 373, "length_km": 213.19952095871923, "delaunay_k": 2, "edge_set": "Delaunay2" }, "geometry": { "type": "LineString", "coordinates": [ [ 9.933014, 63.271947 ], [ 12.800446, 64.712014 ] ] } },
{ "type": "Feature", "properties": { "from_node": 313, "to_node": 383, "length_km": 255.08005336409977, "delaunay_k": 2, "edge_set": "Delaunay2" }, "geometry": { "type": "LineString", "coordinates": [ [ 9.933014, 63.271947 ], [ 12.7565, 65.20262 ] ] } },
{ "type": "Feature", "properties": { "from_node": 313, "to_node": 396, "length_km": 328.45115200451932, "delaunay_k": 2, "edge_set": "Delaunay2" }, "geometry": { "type": "LineString", "coordinates": [ [ 9.933014, 63.271947 ], [ 13.289337, 65.841024 ] ] } },
{ "type": "Feature", "properties": { "from_node": 314, "to_node": 318, "length_km": 106.20369238246835, "delaunay_k": 2, "edge_set": "Delaunay2" }, "geometry": { "type": "LineString", "coordinates": [ [ 10.457611, 63.276888 ], [ 12.568359, 63.361367 ] ] } },
{ "type": "Feature", "properties": { "from_node": 314, "to_node": 339, "length_km": 75.418222418153746, "delaunay_k": 2, "edge_set": "Delaunay2" }, "geometry": { "type": "LineString", "coordinates": [ [ 10.457611, 63.276888 ], [ 11.472473, 63.779452 ] ] } },
{ "type": "Feature", "properties": { "from_node": 314, "to_node": 346, "length_km": 93.245005775885502, "delaunay_k": 2, "edge_set": "Delaunay2" }, "geometry": { "type": "LineString", "coordinates": [ [ 10.457611, 63.276888 ], [ 11.477966, 63.979576 ] ] } },
{ "type": "Feature", "properties": { "from_node": 314, "to_node": 360, "length_km": 143.12058644221972, "delaunay_k": 2, "edge_set": "Delaunay2" }, "geometry": { "type": "LineString", "coordinates": [ [ 10.457611, 63.276888 ], [ 11.620789, 64.453849 ] ] } },
{ "type": "Feature", "properties": { "from_node": 315, "to_node": 318, "length_km": 53.93882666388366, "delaunay_k": 2, "edge_set": "Delaunay2" }, "geometry": { "type": "LineString", "coordinates": [ [ 13.639526, 63.312066 ], [ 12.568359, 63.361367 ] ] } },
{ "type": "Feature", "properties": { "from_node": 315, "to_node": 332, "length_km": 114.19361341773688, "delaunay_k": 2, "edge_set": "Delaunay2" }, "geometry": { "type": "LineString", "coordinates": [ [ 13.639526, 63.312066 ], [ 15.846405, 63.582177 ] ] } },
{ "type": "Feature", "properties": { "from_node": 315, "to_node": 334, "length_km": 45.536069953101126, "delaunay_k": 2, "edge_set": "Delaunay2" }, "geometry": { "type": "LineString", "coordinates": [ [ 13.639526, 63.312066 ], [ 13.811188, 63.713238 ] ] } },
{ "type": "Feature", "properties": { "from_node": 315, "to_node": 337, "length_km": 56.826895360438662, "delaunay_k": 2, "edge_set": "Delaunay2" }, "geometry": { "type": "LineString", "coordinates": [ [ 13.639526, 63.312066 ], [ 13.065491, 63.752742 ] ] } },
{ "type": "Feature", "properties": { "from_node": 315, "to_node": 338, "length_km": 49.996003499021832, "delaunay_k": 2, "edge_set": "Delaunay2" }, "geometry": { "type": "LineString", "coordinates": [ [ 13.639526, 63.312066 ], [ 13.493958, 63.755779 ] ] } },
{ "type": "Feature", "properties": { "from_node": 315, "to_node": 348, "length_km": 124.66557019272656, "delaunay_k": 2, "edge_set": "Delaunay2" }, "geometry": { "type": "LineString", "coordinates": [ [ 13.639526, 63.312066 ], [ 15.619812, 64.001858 ] ] } },
{ "type": "Feature", "properties": { "from_node": 316, "to_node": 324, "length_km": 18.928359670889598, "delaunay_k": 2, "edge_set": "Delaunay2" }, "geometry": { "type": "LineString", "coordinates": [ [ 17.230682, 63.342889 ], [ 16.910706, 63.433317 ] ] } },
{ "type": "Feature", "properties": { "from_node": 316, "to_node": 326, "length_km": 18.155094434780448, "delaunay_k": 2, "edge_set": "Delaunay2" }, "geometry": { "type": "LineString", "coordinates": [ [ 17.230682, 63.342889 ], [ 17.043915, 63.48241 ] ] } },
{ "type": "Feature", "properties": { "from_node": 316, "to_node": 327, "length_km": 32.583975196105868, "delaunay_k": 2, "edge_set": "Delaunay2" }, "geometry": { "type": "LineString", "coordinates": [ [ 17.230682, 63.342889 ], [ 16.663513, 63.486702 ] ] } },
{ "type": "Feature", "properties": { "from_node": 316, "to_node": 336, "length_km": 45.038264274049567, "delaunay_k": 2, "edge_set": "Delaunay2" }, "geometry": { "type": "LineString", "coordinates": [ [ 17.230682, 63.342889 ], [ 17.041168, 63.737555 ] ] } },
{ "type": "Feature", "properties": { "from_node": 316, "to_node": 342, "length_km": 56.207625883567914, "delaunay_k": 2, "edge_set": "Delaunay2" }, "geometry": { "type": "LineString", "coordinates": [ [ 17.230682, 63.342889 ], [ 17.156525, 63.845512 ] ] } },
{ "type": "Feature", "properties": { "from_node": 316, "to_node": 343, "length_km": 152.94048651494455, "delaunay_k": 2, "edge_set": "Delaunay2" }, "geometry": { "type": "LineString", "coordinates": [ [ 17.230682, 63.342889 ], [ 20.047302, 63.896314 ] ] } },
{ "type": "Feature", "properties": { "from_node": 316, "to_node": 344, "length_km": 64.726534321627881, "delaunay_k": 2, "edge_set": "Delaunay2" }, "geometry": { "type": "LineString", "coordinates": [ [ 17.230682, 63.342889 ], [ 17.168884, 63.922284 ] ] } },
{ "type": "Feature", "properties": { "from_node": 316, "to_node": 354, "length_km": 94.377467117855645, "delaunay_k": 2, "edge_set": "Delaunay2" }, "geometry": { "type": "LineString", "coordinates": [ [ 17.230682, 63.342889 ], [ 17.449036, 64.183063 ] ] } },
{ "type": "Feature", "properties": { "from_node": 316, "to_node": 359, "length_km": 151.10224639853237, "delaunay_k": 2, "edge_set": "Delaunay2" }, "geometry": { "type": "LineString", "coordinates": [ [ 17.230682, 63.342889 ], [ 19.029694, 64.440225 ] ] } },
{ "type": "Feature", "properties": { "from_node": 317, "to_node": 319, "length_km": 66.657053945553201, "delaunay_k": 2, "edge_set": "Delaunay2" }, "geometry": { "type": "LineString", "coordinates": [ [ 14.788971, 63.348433 ], [ 13.458252, 63.368755 ] ] } },
{ "type": "Feature", "properties": { "from_node": 317, "to_node": 328, "length_km": 75.77259879308852, "delaunay_k": 2, "edge_set": "Delaunay2" }, "geometry": { "type": "LineString", "coordinates": [ [ 14.788971, 63.348433 ], [ 16.254272, 63.524685 ] ] } },
{ "type": "Feature", "properties": { "from_node": 317, "to_node": 333, "length_km": 105.1709393479983, "delaunay_k": 2, "edge_set": "Delaunay2" }, "geometry": { "type": "LineString", "coordinates": [ [ 14.788971, 63.348433 ], [ 16.791229, 63.646259 ] ] } },
{ "type": "Feature", "properties": { "from_node": 317, "to_node": 335, "length_km": 112.44320619467675, "delaunay_k": 2, "edge_set": "Delaunay2" }, "geometry": { "type": "LineString", "coordinates": [ [ 14.788971, 63.348433 ], [ 16.894226, 63.713846 ] ] } },
{ "type": "Feature", "properties": { "from_node": 317, "to_node": 337, "length_km": 96.831632152922992, "delaunay_k": 2, "edge_set": "Delaunay2" }, "geometry": { "type": "LineString", "coordinates": [ [ 14.788971, 63.348433 ], [ 13.065491, 63.752742 ] ] } },
{ "type": "Feature", "properties": { "from_node": 317, "to_node": 338, "length_km": 78.799197907817558, "delaunay_k": 2, "edge_set": "Delaunay2" }, "geometry": { "type": "LineString", "coordinates": [ [ 14.788971, 63.348433 ], [ 13.493958, 63.755779 ] ] } },
{ "type": "Feature", "properties": { "from_node": 317, "to_node": 345, "length_km": 83.322221327906675, "delaunay_k": 2, "edge_set": "Delaunay2" }, "geometry": { "type": "LineString", "coordinates": [ [ 14.788971, 63.348433 ], [ 13.769989, 63.942802 ] ] } },
{ "type": "Feature", "properties": { "from_node": 317, "to_node": 347, "length_km": 129.5386437814405, "delaunay_k": 2, "edge_set": "Delaunay2" }, "geometry": { "type": "LineString", "coordinates": [ [ 14.788971, 63.348433 ], [ 16.962891, 63.994031 ] ] } },
{ "type": "Feature", "properties": { "from_node": 317, "to_node": 351, "length_km": 91.077792385467959, "delaunay_k": 2, "edge_set": "Delaunay2" }, "geometry": { "type": "LineString", "coordinates": [ [ 14.788971, 63.348433 ], [ 15.674744, 64.064393 ] ] } },
{ "type": "Feature", "properties": { "from_node": 317, "to_node": 356, "length_km": 107.1043064166433, "delaunay_k": 2, "edge_set": "Delaunay2" }, "geometry": { "type": "LineString", "coordinates": [ [ 14.788971, 63.348433 ], [ 14.859009, 64.308372 ] ] } },
{ "type": "Feature", "properties": { "from_node": 318, "to_node": 321, "length_km": 106.54312274086456, "delaunay_k": 2, "edge_set": "Delaunay2" }, "geometry": { "type": "LineString", "coordinates": [ [ 12.568359, 63.361367 ], [ 10.439758, 63.401361 ] ] } },
{ "type": "Feature", "properties": { "from_node": 318, "to_node": 330, "length_km": 58.489788989806485, "delaunay_k": 2, "edge_set": "Delaunay2" }, "geometry": { "type": "LineString", "coordinates": [ [ 12.568359, 63.361367 ], [ 13.657379, 63.555892 ] ] } },
{ "type": "Feature", "properties": { "from_node": 318, "to_node": 338, "length_km": 63.639509167366789, "delaunay_k": 2, "edge_set": "Delaunay2" }, "geometry": { "type": "LineString", "coordinates": [ [ 12.568359, 63.361367 ], [ 13.493958, 63.755779 ] ] } },
{ "type": "Feature", "properties": { "from_node": 318, "to_node": 345, "length_km": 88.00919119302317, "delaunay_k": 2, "edge_set": "Delaunay2" }, "geometry": { "type": "LineString", "coordinates": [ [ 12.568359, 63.361367 ], [ 13.769989, 63.942802 ] ] } },
{ "type": "Feature", "properties": { "from_node": 318, "to_node": 346, "length_km": 87.538783387698032, "delaunay_k": 2, "edge_set": "Delaunay2" }, "geometry": { "type": "LineString", "coordinates": [ [ 12.568359, 63.361367 ], [ 11.477966, 63.979576 ] ] } },
{ "type": "Feature", "properties": { "from_node": 318, "to_node": 360, "length_km": 130.36764964263739, "delaunay_k": 2, "edge_set": "Delaunay2" }, "geometry": { "type": "LineString", "coordinates": [ [ 12.568359, 63.361367 ], [ 11.620789, 64.453849 ] ] } },
{ "type": "Feature", "properties": { "from_node": 318, "to_node": 373, "length_km": 151.00280455196477, "delaunay_k": 2, "edge_set": "Delaunay2" }, "geometry": { "type": "LineString", "coordinates": [ [ 12.568359, 63.361367 ], [ 12.800446, 64.712014 ] ] } },
{ "type": "Feature", "properties": { "from_node": 319, "to_node": 325, "length_km": 122.30545725390435, "delaunay_k": 2, "edge_set": "Delaunay2" }, "geometry": { "type": "LineString", "coordinates": [ [ 13.458252, 63.368755 ], [ 11.017914, 63.45726 ] ] } },
{ "type": "Feature", "properties": { "from_node": 319, "to_node": 334, "length_km": 42.228100683942422, "delaunay_k": 2, "edge_set": "Delaunay2" }, "geometry": { "type": "LineString", "coordinates": [ [ 13.458252, 63.368755 ], [ 13.811188, 63.713238 ] ] } },
{ "type": "Feature", "properties": { "from_node": 319, "to_node": 338, "length_km": 43.184645831484247, "delaunay_k": 2, "edge_set": "Delaunay2" }, "geometry": { "type": "LineString", "coordinates": [ [ 13.458252, 63.368755 ], [ 13.493958, 63.755779 ] ] } },
{ "type": "Feature", "properties": { "from_node": 319, "to_node": 339, "length_km": 108.74973201627463, "delaunay_k": 2, "edge_set": "Delaunay2" }, "geometry": { "type": "LineString", "coordinates": [ [ 13.458252, 63.368755 ], [ 11.472473, 63.779452 ] ] } },
{ "type": "Feature", "properties": { "from_node": 319, "to_node": 345, "length_km": 65.837541940321032, "delaunay_k": 2, "edge_set": "Delaunay2" }, "geometry": { "type": "LineString", "coordinates": [ [ 13.458252, 63.368755 ], [ 13.769989, 63.942802 ] ] } },
{ "type": "Feature", "properties": { "from_node": 319, "to_node": 346, "length_km": 119.35187549772748, "delaunay_k": 2, "edge_set": "Delaunay2" }, "geometry": { "type": "LineString", "coordinates": [ [ 13.458252, 63.368755 ], [ 11.477966, 63.979576 ] ] } },
{ "type": "Feature", "properties": { "from_node": 319, "to_node": 360, "length_km": 150.88361311100991, "delaunay_k": 2, "edge_set": "Delaunay2" }, "geometry": { "type": "LineString", "coordinates": [ [ 13.458252, 63.368755 ], [ 11.620789, 64.453849 ] ] } },
{ "type": "Feature", "properties": { "from_node": 319, "to_node": 373, "length_km": 153.16828747436281, "delaunay_k": 2, "edge_set": "Delaunay2" }, "geometry": { "type": "LineString", "coordinates": [ [ 13.458252, 63.368755 ], [ 12.800446, 64.712014 ] ] } },
{ "type": "Feature", "properties": { "from_node": 320, "to_node": 322, "length_km": 62.919358018491003, "delaunay_k": 2, "edge_set": "Delaunay2" }, "geometry": { "type": "LineString", "coordinates": [ [ 16.98761, 63.372448 ], [ 18.242798, 63.401361 ] ] } },
{ "type": "Feature", "properties": { "from_node": 320, "to_node": 326, "length_km": 12.588124427904566, "delaunay_k": 2, "edge_set": "Delaunay2" }, "geometry": { "type": "LineString", "coordinates": [ [ 16.98761, 63.372448 ], [ 17.043915, 63.48241 ] ] } },
{ "type": "Feature", "properties": { "from_node": 320, "to_node": 328, "length_km": 40.367315221515746, "delaunay_k": 2, "edge_set": "Delaunay2" }, "geometry": { "type": "LineString", "coordinates": [ [ 16.98761, 63.372448 ], [ 16.254272, 63.524685 ] ] } },
{ "type": "Feature", "properties": { "from_node": 320, "to_node": 329, "length_km": 19.979107537156111, "delaunay_k": 2, "edge_set": "Delaunay2" }, "geometry": { "type": "LineString", "coordinates": [ [ 16.98761, 63.372448 ], [ 16.923065, 63.549164 ] ] } },
{ "type": "Feature", "properties": { "from_node": 320, "to_node": 331, "length_km": 25.590257471201149, "delaunay_k": 2, "edge_set": "Delaunay2" }, "geometry": { "type": "LineString", "coordinates": [ [ 16.98761, 63.372448 ], [ 16.756897, 63.577288 ] ] } },
{ "type": "Feature", "properties": { "from_node": 321, "to_node": 337, "length_km": 136.16754018105854, "delaunay_k": 2, "edge_set": "Delaunay2" }, "geometry": { "type": "LineString", "coordinates": [ [ 10.439758, 63.401361 ], [ 13.065491, 63.752742 ] ] } },
{ "type": "Feature", "properties": { "from_node": 321, "to_node": 373, "length_km": 186.08893887791695, "delaunay_k": 2, "edge_set": "Delaunay2" }, "geometry": { "type": "LineString", "coordinates": [ [ 10.439758, 63.401361 ], [ 12.800446, 64.712014 ] ] } },
{ "type": "Feature", "properties": { "from_node": 321, "to_node": 383, "length_km": 229.96703988698971, "delaunay_k": 2, "edge_set": "Delaunay2" }, "geometry": { "type": "LineString", "coordinates": [ [ 10.439758, 63.401361 ], [ 12.7565, 65.20262 ] ] } },
{ "type": "Feature", "properties": { "from_node": 321, "to_node": 396, "length_km": 304.1827699416383, "delaunay_k": 2, "edge_set": "Delaunay2" }, "geometry": { "type": "LineString", "coordinates": [ [ 10.439758, 63.401361 ], [ 13.289337, 65.841024 ] ] } },
{ "type": "Feature", "properties": { "from_node": 321, "to_node": 410, "length_km": 401.17657668282413, "delaunay_k": 2, "edge_set": "Delaunay2" }, "geometry": { "type": "LineString", "coordinates": [ [ 10.439758, 63.401361 ], [ 13.807068, 66.707884 ] ] } },
{ "type": "Feature", "properties": { "from_node": 322, "to_node": 324, "length_km": 66.71004372468235, "delaunay_k": 2, "edge_set": "Delaunay2" }, "geometry": { "type": "LineString", "coordinates": [ [ 18.242798, 63.401361 ], [ 16.910706, 63.433317 ] ] } },
{ "type": "Feature", "properties": { "from_node": 322, "to_node": 329, "length_km": 67.897288057160011, "delaunay_k": 2, "edge_set": "Delaunay2" }, "geometry": { "type": "LineString", "coordinates": [ [ 18.242798, 63.401361 ], [ 16.923065, 63.549164 ] ] } },
{ "type": "Feature", "properties": { "from_node": 322, "to_node": 335, "length_km": 75.627971554159458, "delaunay_k": 2, "edge_set": "Delaunay2" }, "geometry": { "type": "LineString", "coordinates": [ [ 18.242798, 63.401361 ], [ 16.894226, 63.713846 ] ] } },
{ "type": "Feature", "properties": { "from_node": 322, "to_node": 347, "length_km": 91.605745613747544, "delaunay_k": 2, "edge_set": "Delaunay2" }, "geometry": { "type": "LineString", "coordinates": [ [ 18.242798, 63.401361 ], [ 16.962891, 63.994031 ] ] } },
{ "type": "Feature", "properties": { "from_node": 322, "to_node": 353, "length_km": 96.754188717075792, "delaunay_k": 2, "edge_set": "Delaunay2" }, "geometry": { "type": "LineString", "coordinates": [ [ 18.242798, 63.401361 ], [ 17.271881, 64.154341 ] ] } },
{ "type": "Feature", "properties": { "from_node": 322, "to_node": 355, "length_km": 106.71384216348171, "delaunay_k": 2, "edge_set": "Delaunay2" }, "geometry": { "type": "LineString", "coordinates": [ [ 18.242798, 63.401361 ], [ 17.310333, 64.26428 ] ] } },
{ "type": "Feature", "properties": { "from_node": 322, "to_node": 381, "length_km": 181.32155773496845, "delaunay_k": 2, "edge_set": "Delaunay2" }, "geometry": { "type": "LineString", "coordinates": [ [ 18.242798, 63.401361 ], [ 17.541046, 64.996778 ] ] } },
{ "type": "Feature", "properties": { "from_node": 322, "to_node": 382, "length_km": 196.12043709668202, "delaunay_k": 2, "edge_set": "Delaunay2" }, "geometry": { "type": "LineString", "coordinates": [ [ 18.242798, 63.401361 ], [ 19.736938, 65.032742 ] ] } },
{ "type": "Feature", "properties": { "from_node": 322, "to_node": 385, "length_km": 252.31339296621266, "delaunay_k": 2, "edge_set": "Delaunay2" }, "geometry": { "type": "LineString", "coordinates": [ [ 18.242798, 63.401361 ], [ 21.169281, 65.270498 ] ] } },
{ "type": "Feature", "properties": { "from_node": 323, "to_node": 327, "length_km": 24.312488551119849, "delaunay_k": 2, "edge_set": "Delaunay2" }, "geometry": { "type": "LineString", "coordinates": [ [ 17.122192, 63.413656 ], [ 16.663513, 63.486702 ] ] } },
{ "type": "Feature", "properties": { "from_node": 323, "to_node": 329, "length_km": 18.091263233222545, "delaunay_k": 2, "edge_set": "Delaunay2" }, "geometry": { "type": "LineString", "coordinates": [ [ 17.122192, 63.413656 ], [ 16.923065, 63.549164 ] ] } },
{ "type": "Feature", "properties": { "from_node": 323, "to_node": 336, "length_km": 36.36562784902884, "delaunay_k": 2, "edge_set": "Delaunay2" }, "geometry": { "type": "LineString", "coordinates": [ [ 17.122192, 63.413656 ], [ 17.041168, 63.737555 ] ] } },
{ "type": "Feature", "properties": { "from_node": 323, "to_node": 342, "length_km": 48.219258652059175, "delaunay_k": 2, "edge_set": "Delaunay2" }, "geometry": { "type": "LineString", "coordinates": [ [ 17.122192, 63.413656 ], [ 17.156525, 63.845512 ] ] } },
{ "type": "Feature", "properties": { "from_node": 323, "to_node": 343, "length_km": 154.79067336674535, "delaunay_k": 2, "edge_set": "Delaunay2" }, "geometry": { "type": "LineString", "coordinates": [ [ 17.122192, 63.413656 ], [ 20.047302, 63.896314 ] ] } },
{ "type": "Feature", "properties": { "from_node": 323, "to_node": 344, "length_km": 56.803260035081237, "delaunay_k": 2, "edge_set": "Delaunay2" }, "geometry": { "type": "LineString", "coordinates": [ [ 17.122192, 63.413656 ], [ 17.168884, 63.922284 ] ] } },
{ "type": "Feature", "properties": { "from_node": 323, "to_node": 354, "length_km": 87.361285258000336, "delaunay_k": 2, "edge_set": "Delaunay2" }, "geometry": { "type": "LineString", "coordinates": [ [ 17.122192, 63.413656 ], [ 17.449036, 64.183063 ] ] } },
{ "type": "Feature", "properties": { "from_node": 323, "to_node": 359, "length_km": 148.01607740797016, "delaunay_k": 2, "edge_set": "Delaunay2" }, "geometry": { "type": "LineString", "coordinates": [ [ 17.122192, 63.413656 ], [ 19.029694, 64.440225 ] ] } },
{ "type": "Feature", "properties": { "from_node": 324, "to_node": 328, "length_km": 34.294786076072306, "delaunay_k": 2, "edge_set": "Delaunay2" }, "geometry": { "type": "LineString", "coordinates": [ [ 16.910706, 63.433317 ], [ 16.254272, 63.524685 ] ] } },
{ "type": "Feature", "properties": { "from_node": 324, "to_node": 331, "length_km": 17.79885335261363, "delaunay_k": 2, "edge_set": "Delaunay2" }, "geometry": { "type": "LineString", "coordinates": [ [ 16.910706, 63.433317 ], [ 16.756897, 63.577288 ] ] } },
{ "type": "Feature", "properties": { "from_node": 324, "to_node": 333, "length_km": 24.49203343059504, "delaunay_k": 2, "edge_set": "Delaunay2" }, "geometry": { "type": "LineString", "coordinates": [ [ 16.910706, 63.433317 ], [ 16.791229, 63.646259 ] ] } },
{ "type": "Feature", "properties": { "from_node": 324, "to_node": 335, "length_km": 31.311208366388755, "delaunay_k": 2, "edge_set": "Delaunay2" }, "geometry": { "type": "LineString", "coordinates": [ [ 16.910706, 63.433317 ], [ 16.894226, 63.713846 ] ] } },
{ "type": "Feature", "properties": { "from_node": 324, "to_node": 336, "length_km": 34.560481887591472, "delaunay_k": 2, "edge_set": "Delaunay2" }, "geometry": { "type": "LineString", "coordinates": [ [ 16.910706, 63.433317 ], [ 17.041168, 63.737555 ] ] } },
{ "type": "Feature", "properties": { "from_node": 325, "to_node": 337, "length_km": 106.80689174370373, "delaunay_k": 2, "edge_set": "Delaunay2" }, "geometry": { "type": "LineString", "coordinates": [ [ 11.017914, 63.45726 ], [ 13.065491, 63.752742 ] ] } },
{ "type": "Feature", "properties": { "from_node": 325, "to_node": 346, "length_km": 62.506310191730492, "delaunay_k": 2, "edge_set": "Delaunay2" }, "geometry": { "type": "LineString", "coordinates": [ [ 11.017914, 63.45726 ], [ 11.477966, 63.979576 ] ] } },
{ "type": "Feature", "properties": { "from_node": 325, "to_node": 360, "length_km": 114.95775280428461, "delaunay_k": 2, "edge_set": "Delaunay2" }, "geometry": { "type": "LineString", "coordinates": [ [ 11.017914, 63.45726 ], [ 11.620789, 64.453849 ] ] } },
{ "type": "Feature", "properties": { "from_node": 326, "to_node": 327, "length_km": 18.979684590369583, "delaunay_k": 2, "edge_set": "Delaunay2" }, "geometry": { "type": "LineString", "coordinates": [ [ 17.043915, 63.48241 ], [ 16.663513, 63.486702 ] ] } },
{ "type": "Feature", "properties": { "from_node": 326, "to_node": 331, "length_km": 17.786687979275367, "delaunay_k": 2, "edge_set": "Delaunay2" }, "geometry": { "type": "LineString", "coordinates": [ [ 17.043915, 63.48241 ], [ 16.756897, 63.577288 ] ] } },
{ "type": "Feature", "properties": { "from_node": 326, "to_node": 333, "length_km": 22.185369762218578, "delaunay_k": 2, "edge_set": "Delaunay2" }, "geometry": { "type": "LineString", "coordinates": [ [ 17.043915, 63.48241 ], [ 16.791229, 63.646259 ] ] } },
{ "type": "Feature", "properties": { "from_node": 326, "to_node": 335, "length_km": 26.872978090311523, "delaunay_k": 2, "edge_set": "Delaunay2" }, "geometry": { "type": "LineString", "coordinates": [ [ 17.043915, 63.48241 ], [ 16.894226, 63.713846 ] ] } },
{ "type": "Feature", "properties": { "from_node": 326, "to_node": 342, "length_km": 40.899374859043697, "delaunay_k": 2, "edge_set": "Delaunay2" }, "geometry": { "type": "LineString", "coordinates": [ [ 17.043915, 63.48241 ], [ 17.156525, 63.845512 ] ] } },
{ "type": "Feature", "properties": { "from_node": 326, "to_node": 343, "length_km": 155.8184799933174, "delaunay_k": 2, "edge_set": "Delaunay2" }, "geometry": { "type": "LineString", "coordinates": [ [ 17.043915, 63.48241 ], [ 20.047302, 63.896314 ] ] } },
{ "type": "Feature", "properties": { "from_node": 326, "to_node": 344, "length_km": 49.471789520103684, "delaunay_k": 2, "edge_set": "Delaunay2" }, "geometry": { "type": "LineString", "coordinates": [ [ 17.043915, 63.48241 ], [ 17.168884, 63.922284 ] ] } },
{ "type": "Feature", "properties": { "from_node": 326, "to_node": 354, "length_km": 80.694857884604446, "delaunay_k": 2, "edge_set": "Delaunay2" }, "geometry": { "type": "LineString", "coordinates": [ [ 17.043915, 63.48241 ], [ 17.449036, 64.183063 ] ] } },
{ "type": "Feature", "properties": { "from_node": 326, "to_node": 359, "length_km": 144.63859868064819, "delaunay_k": 2, "edge_set": "Delaunay2" }, "geometry": { "type": "LineString", "coordinates": [ [ 17.043915, 63.48241 ], [ 19.029694, 64.440225 ] ] } },
{ "type": "Feature", "properties": { "from_node": 327, "to_node": 332, "length_km": 42.047746665695257, "delaunay_k": 2, "edge_set": "Delaunay2" }, "geometry": { "type": "LineString", "coordinates": [ [ 16.663513, 63.486702 ], [ 15.846405, 63.582177 ] ] } },
{ "type": "Feature", "properties": { "from_node": 327, "to_node": 333, "length_km": 18.900982336017659, "delaunay_k": 2, "edge_set": "Delaunay2" }, "geometry": { "type": "LineString", "coordinates": [ [ 16.663513, 63.486702 ], [ 16.791229, 63.646259 ] ] } },
{ "type": "Feature", "properties": { "from_node": 327, "to_node": 335, "length_km": 27.813818512466263, "delaunay_k": 2, "edge_set": "Delaunay2" }, "geometry": { "type": "LineString", "coordinates": [ [ 16.663513, 63.486702 ], [ 16.894226, 63.713846 ] ] } },
{ "type": "Feature", "properties": { "from_node": 327, "to_node": 336, "length_km": 33.690181619881493, "delaunay_k": 2, "edge_set": "Delaunay2" }, "geometry": { "type": "LineString", "coordinates": [ [ 16.663513, 63.486702 ], [ 17.041168, 63.737555 ] ] } },
{ "type": "Feature", "properties": { "from_node": 328, "to_node": 329, "length_km": 33.40566966995425, "delaunay_k": 2, "edge_set": "Delaunay2" }, "geometry": { "type": "LineString", "coordinates": [ [ 16.254272, 63.524685 ], [ 16.923065, 63.549164 ] ] } },
{ "type": "Feature", "properties": { "from_node": 328, "to_node": 335, "length_km": 38.137067701763101, "delaunay_k": 2, "edge_set": "Delaunay2" }, "geometry": { "type": "LineString", "coordinates": [ [ 16.254272, 63.524685 ], [ 16.894226, 63.713846 ] ] } },
{ "type": "Feature", "properties": { "from_node": 328, "to_node": 348, "length_km": 61.761004018863019, "delaunay_k": 2, "edge_set": "Delaunay2" }, "geometry": { "type": "LineString", "coordinates": [ [ 16.254272, 63.524685 ], [ 15.619812, 64.001858 ] ] } },
{ "type": "Feature", "properties": { "from_node": 329, "to_node": 332, "length_km": 53.667056653832589, "delaunay_k": 2, "edge_set": "Delaunay2" }, "geometry": { "type": "LineString", "coordinates": [ [ 16.923065, 63.549164 ], [ 15.846405, 63.582177 ] ] } },
{ "type": "Feature", "properties": { "from_node": 329, "to_node": 342, "length_km": 35.029163499867956, "delaunay_k": 2, "edge_set": "Delaunay2" }, "geometry": { "type": "LineString", "coordinates": [ [ 16.923065, 63.549164 ], [ 17.156525, 63.845512 ] ] } },
{ "type": "Feature", "properties": { "from_node": 329, "to_node": 347, "length_km": 49.677092765154462, "delaunay_k": 2, "edge_set": "Delaunay2" }, "geometry": { "type": "LineString", "coordinates": [ [ 16.923065, 63.549164 ], [ 16.962891, 63.994031 ] ] } },
{ "type": "Feature", "properties": { "from_node": 329, "to_node": 348, "length_km": 81.781515399864091, "delaunay_k": 2, "edge_set": "Delaunay2" }, "geometry": { "type": "LineString", "coordinates": [ [ 16.923065, 63.549164 ], [ 15.619812, 64.001858 ] ] } },
{ "type": "Feature", "properties": { "from_node": 330, "to_node": 332, "length_km": 108.83459866762203, "delaunay_k": 2, "edge_set": "Delaunay2" }, "geometry": { "type": "LineString", "coordinates": [ [ 13.657379, 63.555892 ], [ 15.846405, 63.582177 ] ] } },
{ "type": "Feature", "properties": { "from_node": 330, "to_node": 339, "length_km": 111.01381640290482, "delaunay_k": 2, "edge_set": "Delaunay2" }, "geometry": { "type": "LineString", "coordinates": [ [ 13.657379, 63.555892 ], [ 11.472473, 63.779452 ] ] } },
{ "type": "Feature", "properties": { "from_node": 330, "to_node": 345, "length_km": 43.49478615287736, "delaunay_k": 2, "edge_set": "Delaunay2" }, "geometry": { "type": "LineString", "coordinates": [ [ 13.657379, 63.555892 ], [ 13.769989, 63.942802 ] ] } },
{ "type": "Feature", "properties": { "from_node": 330, "to_node": 346, "length_km": 117.44209492816117, "delaunay_k": 2, "edge_set": "Delaunay2" }, "geometry": { "type": "LineString", "coordinates": [ [ 13.657379, 63.555892 ], [ 11.477966, 63.979576 ] ] } },
{ "type": "Feature", "properties": { "from_node": 330, "to_node": 348, "length_km": 108.83581681270302, "delaunay_k": 2, "edge_set": "Delaunay2" }, "geometry": { "type": "LineString", "coordinates": [ [ 13.657379, 63.555892 ], [ 15.619812, 64.001858 ] ] } },
{ "type": "Feature", "properties": { "from_node": 330, "to_node": 360, "length_km": 141.23387781828686, "delaunay_k": 2, "edge_set": "Delaunay2" }, "geometry": { "type": "LineString", "coordinates": [ [ 13.657379, 63.555892 ], [ 11.620789, 64.453849 ] ] } },
{ "type": "Feature", "properties": { "from_node": 330, "to_node": 373, "length_km": 135.48388548429597, "delaunay_k": 2, "edge_set": "Delaunay2" }, "geometry": { "type": "LineString", "coordinates": [ [ 13.657379, 63.555892 ], [ 12.800446, 64.712014 ] ] } },
{ "type": "Feature", "properties": { "from_node": 331, "to_node": 332, "length_km": 45.257183719161432, "delaunay_k": 2, "edge_set": "Delaunay2" }, "geometry": { "type": "LineString", "coordinates": [ [ 16.756897, 63.577288 ], [ 15.846405, 63.582177 ] ] } },
{ "type": "Feature", "properties": { "from_node": 331, "to_node": 335, "length_km": 16.68941049364712, "delaunay_k": 2, "edge_set": "Delaunay2" }, "geometry": { "type": "LineString", "coordinates": [ [ 16.756897, 63.577288 ], [ 16.894226, 63.713846 ] ] } },
{ "type": "Feature", "properties": { "from_node": 331, "to_node": 336, "length_km": 22.768126496897075, "delaunay_k": 2, "edge_set": "Delaunay2" }, "geometry": { "type": "LineString", "coordinates": [ [ 16.756897, 63.577288 ], [ 17.041168, 63.737555 ] ] } },
{ "type": "Feature", "properties": { "from_node": 331, "to_node": 348, "length_km": 73.416014595474223, "delaunay_k": 2, "edge_set": "Delaunay2" }, "geometry": { "type": "LineString", "coordinates": [ [ 16.756897, 63.577288 ], [ 15.619812, 64.001858 ] ] } },
{ "type": "Feature", "properties": { "from_node": 332, "to_node": 334, "length_km": 101.926643793479, "delaunay_k": 2, "edge_set": "Delaunay2" }, "geometry": { "type": "LineString", "coordinates": [ [ 15.846405, 63.582177 ], [ 13.811188, 63.713238 ] ] } },
{ "type": "Feature", "properties": { "from_node": 332, "to_node": 335, "length_km": 53.991828506703825, "delaunay_k": 2, "edge_set": "Delaunay2" }, "geometry": { "type": "LineString", "coordinates": [ [ 15.846405, 63.582177 ], [ 16.894226, 63.713846 ] ] } },
{ "type": "Feature", "properties": { "from_node": 332, "to_node": 345, "length_km": 110.10393191602972, "delaunay_k": 2, "edge_set": "Delaunay2" }, "geometry": { "type": "LineString", "coordinates": [ [ 15.846405, 63.582177 ], [ 13.769989, 63.942802 ] ] } },
{ "type": "Feature", "properties": { "from_node": 332, "to_node": 347, "length_km": 71.732351394900775, "delaunay_k": 2, "edge_set": "Delaunay2" }, "geometry": { "type": "LineString", "coordinates": [ [ 15.846405, 63.582177 ], [ 16.962891, 63.994031 ] ] } },
{ "type": "Feature", "properties": { "from_node": 332, "to_node": 351, "length_km": 54.447646473421521, "delaunay_k": 2, "edge_set": "Delaunay2" }, "geometry": { "type": "LineString", "coordinates": [ [ 15.846405, 63.582177 ], [ 15.674744, 64.064393 ] ] } },
{ "type": "Feature", "properties": { "from_node": 332, "to_node": 356, "length_km": 94.367644798552661, "delaunay_k": 2, "edge_set": "Delaunay2" }, "geometry": { "type": "LineString", "coordinates": [ [ 15.846405, 63.582177 ], [ 14.859009, 64.308372 ] ] } },
{ "type": "Feature", "properties": { "from_node": 333, "to_node": 334, "length_km": 147.73541459008521, "delaunay_k": 2, "edge_set": "Delaunay2" }, "geometry": { "type": "LineString", "coordinates": [ [ 16.791229, 63.646259 ], [ 13.811188, 63.713238 ] ] } },
{ "type": "Feature", "properties": { "from_node": 333, "to_node": 336, "length_km": 16.029218545818026, "delaunay_k": 2, "edge_set": "Delaunay2" }, "geometry": { "type": "LineString", "coordinates": [ [ 16.791229, 63.646259 ], [ 17.041168, 63.737555 ] ] } },
{ "type": "Feature", "properties": { "from_node": 333, "to_node": 342, "length_km": 28.639867194161916, "delaunay_k": 2, "edge_set": "Delaunay2" }, "geometry": { "type": "LineString", "coordinates": [ [ 16.791229, 63.646259 ], [ 17.156525, 63.845512 ] ] } },
{ "type": "Feature", "properties": { "from_node": 333, "to_node": 345, "length_km": 152.60453599719057, "delaunay_k": 2, "edge_set": "Delaunay2" }, "geometry": { "type": "LineString", "coordinates": [ [ 16.791229, 63.646259 ], [ 13.769989, 63.942802 ] ] } },
{ "type": "Feature", "properties": { "from_node": 333, "to_node": 347, "length_km": 39.71540851792431, "delaunay_k": 2, "edge_set": "Delaunay2" }, "geometry": { "type": "LineString", "coordinates": [ [ 16.791229, 63.646259 ], [ 16.962891, 63.994031 ] ] } },
{ "type": "Feature", "properties": { "from_node": 333, "to_node": 351, "length_km": 72.079595997190026, "delaunay_k": 2, "edge_set": "Delaunay2" }, "geometry": { "type": "LineString", "coordinates": [ [ 16.791229, 63.646259 ], [ 15.674744, 64.064393 ] ] } },
{ "type": "Feature", "properties": { "from_node": 333, "to_node": 356, "length_km": 120.07222007575447, "delaunay_k": 2, "edge_set": "Delaunay2" }, "geometry": { "type": "LineString", "coordinates": [ [ 16.791229, 63.646259 ], [ 14.859009, 64.308372 ] ] } },
{ "type": "Feature", "properties": { "from_node": 334, "to_node": 335, "length_km": 152.46518504769853, "delaunay_k": 2, "edge_set": "Delaunay2" }, "geometry": { "type": "LineString", "coordinates": [ [ 13.811188, 63.713238 ], [ 16.894226, 63.713846 ] ] } },
{ "type": "Feature", "properties": { "from_node": 334, "to_node": 337, "length_km": 37.10341897902056, "delaunay_k": 2, "edge_set": "Delaunay2" }, "geometry": { "type": "LineString", "coordinates": [ [ 13.811188, 63.713238 ], [ 13.065491, 63.752742 ] ] } },
{ "type": "Feature", "properties": { "from_node": 334, "to_node": 347, "length_km": 158.21780707369723, "delaunay_k": 2, "edge_set": "Delaunay2" }, "geometry": { "type": "LineString", "coordinates": [ [ 13.811188, 63.713238 ], [ 16.962891, 63.994031 ] ] } },
{ "type": "Feature", "properties": { "from_node": 334, "to_node": 351, "length_km": 99.598313748940171, "delaunay_k": 2, "edge_set": "Delaunay2" }, "geometry": { "type": "LineString", "coordinates": [ [ 13.811188, 63.713238 ], [ 15.674744, 64.064393 ] ] } },
{ "type": "Feature", "properties": { "from_node": 334, "to_node": 356, "length_km": 83.855757504405716, "delaunay_k": 2, "edge_set": "Delaunay2" }, "geometry": { "type": "LineString", "coordinates": [ [ 13.811188, 63.713238 ], [ 14.859009, 64.308372 ] ] } },
{ "type": "Feature", "properties": { "from_node": 334, "to_node": 361, "length_km": 88.071955039064264, "delaunay_k": 2, "edge_set": "Delaunay2" }, "geometry": { "type": "LineString", "coordinates": [ [ 13.811188, 63.713238 ], [ 14.180603, 64.486402 ] ] } },
{ "type": "Feature", "properties": { "from_node": 334, "to_node": 369, "length_km": 104.8822916079408, "delaunay_k": 2, "edge_set": "Delaunay2" }, "geometry": { "type": "LineString", "coordinates": [ [ 13.811188, 63.713238 ], [ 13.807068, 64.653876 ] ] } },
{ "type": "Feature", "properties": { "from_node": 334, "to_node": 373, "length_km": 121.6934561160203, "delaunay_k": 2, "edge_set": "Delaunay2" }, "geometry": { "type": "LineString", "coordinates": [ [ 13.811188, 63.713238 ], [ 12.800446, 64.712014 ] ] } },
{ "type": "Feature", "properties": { "from_node": 335, "to_node": 344, "length_km": 26.912355785871402, "delaunay_k": 2, "edge_set": "Delaunay2" }, "geometry": { "type": "LineString", "coordinates": [ [ 16.894226, 63.713846 ], [ 17.168884, 63.922284 ] ] } },
{ "type": "Feature", "properties": { "from_node": 335, "to_node": 345, "length_km": 155.97815210948414, "delaunay_k": 2, "edge_set": "Delaunay2" }, "geometry": { "type": "LineString", "coordinates": [ [ 16.894226, 63.713846 ], [ 13.769989, 63.942802 ] ] } },
{ "type": "Feature", "properties": { "from_node": 335, "to_node": 351, "length_km": 71.577352676835957, "delaunay_k": 2, "edge_set": "Delaunay2" }, "geometry": { "type": "LineString", "coordinates": [ [ 16.894226, 63.713846 ], [ 15.674744, 64.064393 ] ] } },
{ "type": "Feature", "properties": { "from_node": 335, "to_node": 353, "length_km": 52.533660575314109, "delaunay_k": 2, "edge_set": "Delaunay2" }, "geometry": { "type": "LineString", "coordinates": [ [ 16.894226, 63.713846 ], [ 17.271881, 64.154341 ] ] } },
{ "type": "Feature", "properties": { "from_node": 335, "to_node": 355, "length_km": 64.716805821510334, "delaunay_k": 2, "edge_set": "Delaunay2" }, "geometry": { "type": "LineString", "coordinates": [ [ 16.894226, 63.713846 ], [ 17.310333, 64.26428 ] ] } },
{ "type": "Feature", "properties": { "from_node": 335, "to_node": 356, "length_km": 119.65857880792822, "delaunay_k": 2, "edge_set": "Delaunay2" }, "geometry": { "type": "LineString", "coordinates": [ [ 16.894226, 63.713846 ], [ 14.859009, 64.308372 ] ] } },
{ "type": "Feature", "properties": { "from_node": 336, "to_node": 343, "length_km": 149.33167159671098, "delaunay_k": 2, "edge_set": "Delaunay2" }, "geometry": { "type": "LineString", "coordinates": [ [ 17.041168, 63.737555 ], [ 20.047302, 63.896314 ] ] } },
{ "type": "Feature", "properties": { "from_node": 336, "to_node": 344, "length_km": 21.55260164784745, "delaunay_k": 2, "edge_set": "Delaunay2" }, "geometry": { "type": "LineString", "coordinates": [ [ 17.041168, 63.737555 ], [ 17.168884, 63.922284 ] ] } },
{ "type": "Feature", "properties": { "from_node": 336, "to_node": 347, "length_km": 28.876406207770767, "delaunay_k": 2, "edge_set": "Delaunay2" }, "geometry": { "type": "LineString", "coordinates": [ [ 17.041168, 63.737555 ], [ 16.962891, 63.994031 ] ] } },
{ "type": "Feature", "properties": { "from_node": 336, "to_node": 348, "length_km": 75.886317862964233, "delaunay_k": 2, "edge_set": "Delaunay2" }, "geometry": { "type": "LineString", "coordinates": [ [ 17.041168, 63.737555 ], [ 15.619812, 64.001858 ] ] } },
{ "type": "Feature", "properties": { "from_node": 336, "to_node": 354, "length_km": 53.589799798870608, "delaunay_k": 2, "edge_set": "Delaunay2" }, "geometry": { "type": "LineString", "coordinates": [ [ 17.041168, 63.737555 ], [ 17.449036, 64.183063 ] ] } },
{ "type": "Feature", "properties": { "from_node": 336, "to_node": 359, "length_km": 124.82956052184784, "delaunay_k": 2, "edge_set": "Delaunay2" }, "geometry": { "type": "LineString", "coordinates": [ [ 17.041168, 63.737555 ], [ 19.029694, 64.440225 ] ] } },
{ "type": "Feature", "properties": { "from_node": 337, "to_node": 348, "length_km": 128.5982773937121, "delaunay_k": 2, "edge_set": "Delaunay2" }, "geometry": { "type": "LineString", "coordinates": [ [ 13.065491, 63.752742 ], [ 15.619812, 64.001858 ] ] } },
{ "type": "Feature", "properties": { "from_node": 337, "to_node": 356, "length_km": 107.35598797951816, "delaunay_k": 2, "edge_set": "Delaunay2" }, "geometry": { "type": "LineString", "coordinates": [ [ 13.065491, 63.752742 ], [ 14.859009, 64.308372 ] ] } },
{ "type": "Feature", "properties": { "from_node": 337, "to_node": 361, "length_km": 98.202024535515932, "delaunay_k": 2, "edge_set": "Delaunay2" }, "geometry": { "type": "LineString", "coordinates": [ [ 13.065491, 63.752742 ], [ 14.180603, 64.486402 ] ] } },
{ "type": "Feature", "properties": { "from_node": 337, "to_node": 369, "length_km": 106.73500614324557, "delaunay_k": 2, "edge_set": "Delaunay2" }, "geometry": { "type": "LineString", "coordinates": [ [ 13.065491, 63.752742 ], [ 13.807068, 64.653876 ] ] } },
{ "type": "Feature", "properties": { "from_node": 337, "to_node": 377, "length_km": 129.50840951090859, "delaunay_k": 2, "edge_set": "Delaunay2" }, "geometry": { "type": "LineString", "coordinates": [ [ 13.065491, 63.752742 ], [ 13.099823, 64.914228 ] ] } },
{ "type": "Feature", "properties": { "from_node": 337, "to_node": 383, "length_km": 162.3332557819698, "delaunay_k": 2, "edge_set": "Delaunay2" }, "geometry": { "type": "LineString", "coordinates": [ [ 13.065491, 63.752742 ], [ 12.7565, 65.20262 ] ] } },
{ "type": "Feature", "properties": { "from_node": 337, "to_node": 396, "length_km": 233.08791146376981, "delaunay_k": 2, "edge_set": "Delaunay2" }, "geometry": { "type": "LineString", "coordinates": [ [ 13.065491, 63.752742 ], [ 13.289337, 65.841024 ] ] } },
{ "type": "Feature", "properties": { "from_node": 337, "to_node": 410, "length_km": 331.34211377464533, "delaunay_k": 2, "edge_set": "Delaunay2" }, "geometry": { "type": "LineString", "coordinates": [ [ 13.065491, 63.752742 ], [ 13.807068, 66.707884 ] ] } },
{ "type": "Feature", "properties": { "from_node": 338, "to_node": 339, "length_km": 99.771909848595385, "delaunay_k": 2, "edge_set": "Delaunay2" }, "geometry": { "type": "LineString", "coordinates": [ [ 13.493958, 63.755779 ], [ 11.472473, 63.779452 ] ] } },
{ "type": "Feature", "properties": { "from_node": 338, "to_node": 346, "length_km": 102.20491769408255, "delaunay_k": 2, "edge_set": "Delaunay2" }, "geometry": { "type": "LineString", "coordinates": [ [ 13.493958, 63.755779 ], [ 11.477966, 63.979576 ] ] } },
{ "type": "Feature", "properties": { "from_node": 338, "to_node": 348, "length_km": 108.04313923598409, "delaunay_k": 2, "edge_set": "Delaunay2" }, "geometry": { "type": "LineString", "coordinates": [ [ 13.493958, 63.755779 ], [ 15.619812, 64.001858 ] ] } },
{ "type": "Feature", "properties": { "from_node": 338, "to_node": 356, "length_km": 90.826900569031423, "delaunay_k": 2, "edge_set": "Delaunay2" }, "geometry": { "type": "LineString", "coordinates": [ [ 13.493958, 63.755779 ], [ 14.859009, 64.308372 ] ] } },
{ "type": "Feature", "properties": { "from_node": 338, "to_node": 360, "length_km": 119.97477244998124, "delaunay_k": 2, "edge_set": "Delaunay2" }, "geometry": { "type": "LineString", "coordinates": [ [ 13.493958, 63.755779 ], [ 11.620789, 64.453849 ] ] } },
{ "type": "Feature", "properties": { "from_node": 338, "to_node": 361, "length_km": 88.067400425807904, "delaunay_k": 2, "edge_set": "Delaunay2" }, "geometry": { "type": "LineString", "coordinates": [ [ 13.493958, 63.755779 ], [ 14.180603, 64.486402 ] ] } },
{ "type": "Feature", "properties": { "from_node": 338, "to_node": 369, "length_km": 101.2851760078902, "delaunay_k": 2, "edge_set": "Delaunay2" }, "geometry": { "type": "LineString", "coordinates": [ [ 13.493958, 63.755779 ], [ 13.807068, 64.653876 ] ] } },
{ "type": "Feature", "properties": { "from_node": 338, "to_node": 373, "length_km": 111.79723379523439, "delaunay_k": 2, "edge_set": "Delaunay2" }, "geometry": { "type": "LineString", "coordinates": [ [ 13.493958, 63.755779 ], [ 12.800446, 64.712014 ] ] } },
{ "type": "Feature", "properties": { "from_node": 339, "to_node": 345, "length_km": 114.4385930335409, "delaunay_k": 2, "edge_set": "Delaunay2" }, "geometry": { "type": "LineString", "coordinates": [ [ 11.472473, 63.779452 ], [ 13.769989, 63.942802 ] ] } },
{ "type": "Feature", "properties": { "from_node": 339, "to_node": 360, "length_km": 75.528291960890428, "delaunay_k": 2, "edge_set": "Delaunay2" }, "geometry": { "type": "LineString", "coordinates": [ [ 11.472473, 63.779452 ], [ 11.620789, 64.453849 ] ] } },
{ "type": "Feature", "properties": { "from_node": 339, "to_node": 373, "length_km": 122.29579139962779, "delaunay_k": 2, "edge_set": "Delaunay2" }, "geometry": { "type": "LineString", "coordinates": [ [ 11.472473, 63.779452 ], [ 12.800446, 64.712014 ] ] } },
{ "type": "Feature", "properties": { "from_node": 340, "to_node": 349, "length_km": 97.493976910616112, "delaunay_k": 2, "edge_set": "Delaunay2" }, "geometry": { "type": "LineString", "coordinates": [ [ 23.047943, 63.797043 ], [ 24.965057, 64.008479 ] ] } },
{ "type": "Feature", "properties": { "from_node": 340, "to_node": 350, "length_km": 116.06182498892022, "delaunay_k": 2, "edge_set": "Delaunay2" }, "geometry": { "type": "LineString", "coordinates": [ [ 23.047943, 63.797043 ], [ 25.333099, 64.045767 ] ] } },
{ "type": "Feature", "properties": { "from_node": 340, "to_node": 358, "length_km": 100.43994991571651, "delaunay_k": 2, "edge_set": "Delaunay2" }, "geometry": { "type": "LineString", "coordinates": [ [ 23.047943, 63.797043 ], [ 24.517365, 64.423037 ] ] } },
{ "type": "Feature", "properties": { "from_node": 341, "to_node": 350, "length_km": 110.28901850979094, "delaunay_k": 2, "edge_set": "Delaunay2" }, "geometry": { "type": "LineString", "coordinates": [ [ 23.1427, 63.842485 ], [ 25.333099, 64.045767 ] ] } },
{ "type": "Feature", "properties": { "from_node": 341, "to_node": 376, "length_km": 178.57270320527957, "delaunay_k": 2, "edge_set": "Delaunay2" }, "geometry": { "type": "LineString", "coordinates": [ [ 23.1427, 63.842485 ], [ 26.115875, 64.778222 ] ] } },
{ "type": "Feature", "properties": { "from_node": 341, "to_node": 380, "length_km": 180.76860000972619, "delaunay_k": 2, "edge_set": "Delaunay2" }, "geometry": { "type": "LineString", "coordinates": [ [ 23.1427, 63.842485 ], [ 25.808258, 64.971807 ] ] } },
{ "type": "Feature", "properties": { "from_node": 342, "to_node": 343, "length_km": 142.43028472450976, "delaunay_k": 2, "edge_set": "Delaunay2" }, "geometry": { "type": "LineString", "coordinates": [ [ 17.156525, 63.845512 ], [ 20.047302, 63.896314 ] ] } },
{ "type": "Feature", "properties": { "from_node": 342, "to_node": 348, "length_km": 77.444914460797463, "delaunay_k": 2, "edge_set": "Delaunay2" }, "geometry": { "type": "LineString", "coordinates": [ [ 17.156525, 63.845512 ], [ 15.619812, 64.001858 ] ] } },
{ "type": "Feature", "properties": { "from_node": 342, "to_node": 351, "length_km": 76.669828569451013, "delaunay_k": 2, "edge_set": "Delaunay2" }, "geometry": { "type": "LineString", "coordinates": [ [ 17.156525, 63.845512 ], [ 15.674744, 64.064393 ] ] } },
{ "type": "Feature", "properties": { "from_node": 342, "to_node": 353, "length_km": 34.922903982260593, "delaunay_k": 2, "edge_set": "Delaunay2" }, "geometry": { "type": "LineString", "coordinates": [ [ 17.156525, 63.845512 ], [ 17.271881, 64.154341 ] ] } },
{ "type": "Feature", "properties": { "from_node": 342, "to_node": 354, "length_km": 40.299392871568237, "delaunay_k": 2, "edge_set": "Delaunay2" }, "geometry": { "type": "LineString", "coordinates": [ [ 17.156525, 63.845512 ], [ 17.449036, 64.183063 ] ] } },
{ "type": "Feature", "properties": { "from_node": 342, "to_node": 355, "length_km": 47.332549713260185, "delaunay_k": 2, "edge_set": "Delaunay2" }, "geometry": { "type": "LineString", "coordinates": [ [ 17.156525, 63.845512 ], [ 17.310333, 64.26428 ] ] } },
{ "type": "Feature", "properties": { "from_node": 342, "to_node": 359, "length_km": 112.88675902658858, "delaunay_k": 2, "edge_set": "Delaunay2" }, "geometry": { "type": "LineString", "coordinates": [ [ 17.156525, 63.845512 ], [ 19.029694, 64.440225 ] ] } },
{ "type": "Feature", "properties": { "from_node": 343, "to_node": 344, "length_km": 141.5452544215542, "delaunay_k": 2, "edge_set": "Delaunay2" }, "geometry": { "type": "LineString", "coordinates": [ [ 20.047302, 63.896314 ], [ 17.168884, 63.922284 ] ] } },
{ "type": "Feature", "properties": { "from_node": 343, "to_node": 354, "length_km": 131.12406228382005, "delaunay_k": 2, "edge_set": "Delaunay2" }, "geometry": { "type": "LineString", "coordinates": [ [ 20.047302, 63.896314 ], [ 17.449036, 64.183063 ] ] } },
{ "type": "Feature", "properties": { "from_node": 343, "to_node": 355, "length_km": 139.91013047227756, "delaunay_k": 2, "edge_set": "Delaunay2" }, "geometry": { "type": "LineString", "coordinates": [ [ 20.047302, 63.896314 ], [ 17.310333, 64.26428 ] ] } },
{ "type": "Feature", "properties": { "from_node": 343, "to_node": 381, "length_km": 172.34150374595515, "delaunay_k": 2, "edge_set": "Delaunay2" }, "geometry": { "type": "LineString", "coordinates": [ [ 20.047302, 63.896314 ], [ 17.541046, 64.996778 ] ] } },
{ "type": "Feature", "properties": { "from_node": 343, "to_node": 384, "length_km": 206.37302923582916, "delaunay_k": 2, "edge_set": "Delaunay2" }, "geometry": { "type": "LineString", "coordinates": [ [ 20.047302, 63.896314 ], [ 17.049408, 65.221045 ] ] } },
{ "type": "Feature", "properties": { "from_node": 343, "to_node": 394, "length_km": 228.87018217946223, "delaunay_k": 2, "edge_set": "Delaunay2" }, "geometry": { "type": "LineString", "coordinates": [ [ 20.047302, 63.896314 ], [ 21.656799, 65.826407 ] ] } },
{ "type": "Feature", "properties": { "from_node": 343, "to_node": 408, "length_km": 292.03053887645251, "delaunay_k": 2, "edge_set": "Delaunay2" }, "geometry": { "type": "LineString", "coordinates": [ [ 20.047302, 63.896314 ], [ 20.429077, 66.505049 ] ] } },
{ "type": "Feature", "properties": { "from_node": 344, "to_node": 348, "length_km": 76.475165938402952, "delaunay_k": 2, "edge_set": "Delaunay2" }, "geometry": { "type": "LineString", "coordinates": [ [ 17.168884, 63.922284 ], [ 15.619812, 64.001858 ] ] } },
{ "type": "Feature", "properties": { "from_node": 344, "to_node": 351, "length_km": 74.880881310739198, "delaunay_k": 2, "edge_set": "Delaunay2" }, "geometry": { "type": "LineString", "coordinates": [ [ 17.168884, 63.922284 ], [ 15.674744, 64.064393 ] ] } },
{ "type": "Feature", "properties": { "from_node": 344, "to_node": 355, "length_km": 38.784173794328716, "delaunay_k": 2, "edge_set": "Delaunay2" }, "geometry": { "type": "LineString", "coordinates": [ [ 17.168884, 63.922284 ], [ 17.310333, 64.26428 ] ] } },
{ "type": "Feature", "properties": { "from_node": 344, "to_node": 359, "length_km": 107.45657643669897, "delaunay_k": 2, "edge_set": "Delaunay2" }, "geometry": { "type": "LineString", "coordinates": [ [ 17.168884, 63.922284 ], [ 19.029694, 64.440225 ] ] } },
{ "type": "Feature", "properties": { "from_node": 345, "to_node": 346, "length_km": 112.38479815358478, "delaunay_k": 2, "edge_set": "Delaunay2" }, "geometry": { "type": "LineString", "coordinates": [ [ 13.769989, 63.942802 ], [ 11.477966, 63.979576 ] ] } },
{ "type": "Feature", "properties": { "from_node": 345, "to_node": 347, "length_km": 156.57882605381951, "delaunay_k": 2, "edge_set": "Delaunay2" }, "geometry": { "type": "LineString", "coordinates": [ [ 13.769989, 63.942802 ], [ 16.962891, 63.994031 ] ] } },
{ "type": "Feature", "properties": { "from_node": 345, "to_node": 351, "length_km": 94.201449043157751, "delaunay_k": 2, "edge_set": "Delaunay2" }, "geometry": { "type": "LineString", "coordinates": [ [ 13.769989, 63.942802 ], [ 15.674744, 64.064393 ] ] } },
{ "type": "Feature", "properties": { "from_node": 345, "to_node": 357, "length_km": 73.624359147899455, "delaunay_k": 2, "edge_set": "Delaunay2" }, "geometry": { "type": "LineString", "coordinates": [ [ 13.769989, 63.942802 ], [ 14.959259, 64.35061 ] ] } },
{ "type": "Feature", "properties": { "from_node": 345, "to_node": 360, "length_km": 118.94942834283867, "delaunay_k": 2, "edge_set": "Delaunay2" }, "geometry": { "type": "LineString", "coordinates": [ [ 13.769989, 63.942802 ], [ 11.620789, 64.453849 ] ] } },
{ "type": "Feature", "properties": { "from_node": 345, "to_node": 363, "length_km": 72.491862454078813, "delaunay_k": 2, "edge_set": "Delaunay2" }, "geometry": { "type": "LineString", "coordinates": [ [ 13.769989, 63.942802 ], [ 14.381104, 64.536044 ] ] } },
{ "type": "Feature", "properties": { "from_node": 345, "to_node": 366, "length_km": 71.492322650240524, "delaunay_k": 2, "edge_set": "Delaunay2" }, "geometry": { "type": "LineString", "coordinates": [ [ 13.769989, 63.942802 ], [ 14.06662, 64.570857 ] ] } },
{ "type": "Feature", "properties": { "from_node": 345, "to_node": 368, "length_km": 76.553886716445973, "delaunay_k": 2, "edge_set": "Delaunay2" }, "geometry": { "type": "LineString", "coordinates": [ [ 13.769989, 63.942802 ], [ 14.250641, 64.596791 ] ] } },
{ "type": "Feature", "properties": { "from_node": 345, "to_node": 374, "length_km": 88.128313958995619, "delaunay_k": 2, "edge_set": "Delaunay2" }, "geometry": { "type": "LineString", "coordinates": [ [ 13.769989, 63.942802 ], [ 14.146271, 64.71612 ] ] } },
{ "type": "Feature", "properties": { "from_node": 345, "to_node": 377, "length_km": 113.02329977761683, "delaunay_k": 2, "edge_set": "Delaunay2" }, "geometry": { "type": "LineString", "coordinates": [ [ 13.769989, 63.942802 ], [ 13.099823, 64.914228 ] ] } },
{ "type": "Feature", "properties": { "from_node": 345, "to_node": 383, "length_km": 148.6273043772764, "delaunay_k": 2, "edge_set": "Delaunay2" }, "geometry": { "type": "LineString", "coordinates": [ [ 13.769989, 63.942802 ], [ 12.7565, 65.20262 ] ] } },
{ "type": "Feature", "properties": { "from_node": 346, "to_node": 373, "length_km": 103.69009995763567, "delaunay_k": 2, "edge_set": "Delaunay2" }, "geometry": { "type": "LineString", "coordinates": [ [ 11.477966, 63.979576 ], [ 12.800446, 64.712014 ] ] } },
{ "type": "Feature", "properties": { "from_node": 346, "to_node": 383, "length_km": 149.46898963641027, "delaunay_k": 2, "edge_set": "Delaunay2" }, "geometry": { "type": "LineString", "coordinates": [ [ 11.477966, 63.979576 ], [ 12.7565, 65.20262 ] ] } },
{ "type": "Feature", "properties": { "from_node": 346, "to_node": 396, "length_km": 224.53566635288911, "delaunay_k": 2, "edge_set": "Delaunay2" }, "geometry": { "type": "LineString", "coordinates": [ [ 11.477966, 63.979576 ], [ 13.289337, 65.841024 ] ] } },
{ "type": "Feature", "properties": { "from_node": 346, "to_node": 410, "length_km": 322.92247706755251, "delaunay_k": 2, "edge_set": "Delaunay2" }, "geometry": { "type": "LineString", "coordinates": [ [ 11.477966, 63.979576 ], [ 13.807068, 66.707884 ] ] } },
{ "type": "Feature", "properties": { "from_node": 347, "to_node": 354, "length_km": 31.755330619155139, "delaunay_k": 2, "edge_set": "Delaunay2" }, "geometry": { "type": "LineString", "coordinates": [ [ 16.962891, 63.994031 ], [ 17.449036, 64.183063 ] ] } },
{ "type": "Feature", "properties": { "from_node": 347, "to_node": 356, "length_km": 108.28292583110839, "delaunay_k": 2, "edge_set": "Delaunay2" }, "geometry": { "type": "LineString", "coordinates": [ [ 16.962891, 63.994031 ], [ 14.859009, 64.308372 ] ] } },
{ "type": "Feature", "properties": { "from_node": 347, "to_node": 357, "length_km": 105.29579171650585, "delaunay_k": 2, "edge_set": "Delaunay2" }, "geometry": { "type": "LineString", "coordinates": [ [ 16.962891, 63.994031 ], [ 14.959259, 64.35061 ] ] } },
{ "type": "Feature", "properties": { "from_node": 347, "to_node": 359, "length_km": 112.1372864908413, "delaunay_k": 2, "edge_set": "Delaunay2" }, "geometry": { "type": "LineString", "coordinates": [ [ 16.962891, 63.994031 ], [ 19.029694, 64.440225 ] ] } },
{ "type": "Feature", "properties": { "from_node": 347, "to_node": 362, "length_km": 88.295012918103239, "delaunay_k": 2, "edge_set": "Delaunay2" }, "geometry": { "type": "LineString", "coordinates": [ [ 16.962891, 63.994031 ], [ 15.622559, 64.529548 ] ] } },
{ "type": "Feature", "properties": { "from_node": 347, "to_node": 372, "length_km": 94.399899872033998, "delaunay_k": 2, "edge_set": "Delaunay2" }, "geometry": { "type": "LineString", "coordinates": [ [ 16.962891, 63.994031 ], [ 15.923309, 64.710254 ] ] } },
{ "type": "Feature", "properties": { "from_node": 347, "to_node": 381, "length_km": 115.30728553971377, "delaunay_k": 2, "edge_set": "Delaunay2" }, "geometry": { "type": "LineString", "coordinates": [ [ 16.962891, 63.994031 ], [ 17.541046, 64.996778 ] ] } },
{ "type": "Feature", "properties": { "from_node": 348, "to_node": 353, "length_km": 82.447379916407584, "delaunay_k": 2, "edge_set": "Delaunay2" }, "geometry": { "type": "LineString", "coordinates": [ [ 15.619812, 64.001858 ], [ 17.271881, 64.154341 ] ] } },
{ "type": "Feature", "properties": { "from_node": 348, "to_node": 355, "length_km": 87.43500213213207, "delaunay_k": 2, "edge_set": "Delaunay2" }, "geometry": { "type": "LineString", "coordinates": [ [ 15.619812, 64.001858 ], [ 17.310333, 64.26428 ] ] } },
{ "type": "Feature", "properties": { "from_node": 348, "to_node": 357, "length_km": 50.452669463732072, "delaunay_k": 2, "edge_set": "Delaunay2" }, "geometry": { "type": "LineString", "coordinates": [ [ 15.619812, 64.001858 ], [ 14.959259, 64.35061 ] ] } },
{ "type": "Feature", "properties": { "from_node": 348, "to_node": 361, "length_km": 88.297311668424996, "delaunay_k": 2, "edge_set": "Delaunay2" }, "geometry": { "type": "LineString", "coordinates": [ [ 15.619812, 64.001858 ], [ 14.180603, 64.486402 ] ] } },
{ "type": "Feature", "properties": { "from_node": 348, "to_node": 362, "length_km": 58.859599773542882, "delaunay_k": 2, "edge_set": "Delaunay2" }, "geometry": { "type": "LineString", "coordinates": [ [ 15.619812, 64.001858 ], [ 15.622559, 64.529548 ] ] } },
{ "type": "Feature", "properties": { "from_node": 348, "to_node": 363, "length_km": 84.588287250173593, "delaunay_k": 2, "edge_set": "Delaunay2" }, "geometry": { "type": "LineString", "coordinates": [ [ 15.619812, 64.001858 ], [ 14.381104, 64.536044 ] ] } },
{ "type": "Feature", "properties": { "from_node": 348, "to_node": 369, "length_km": 113.90891796514313, "delaunay_k": 2, "edge_set": "Delaunay2" }, "geometry": { "type": "LineString", "coordinates": [ [ 15.619812, 64.001858 ], [ 13.807068, 64.653876 ] ] } },
{ "type": "Feature", "properties": { "from_node": 348, "to_node": 373, "length_km": 157.55545700937375, "delaunay_k": 2, "edge_set": "Delaunay2" }, "geometry": { "type": "LineString", "coordinates": [ [ 15.619812, 64.001858 ], [ 12.800446, 64.712014 ] ] } },
{ "type": "Feature", "properties": { "from_node": 349, "to_node": 352, "length_km": 110.56231427819441, "delaunay_k": 2, "edge_set": "Delaunay2" }, "geometry": { "type": "LineString", "coordinates": [ [ 24.965057, 64.008479 ], [ 27.204895, 64.101606 ] ] } },
{ "type": "Feature", "properties": { "from_node": 349, "to_node": 365, "length_km": 110.23563931620959, "delaunay_k": 2, "edge_set": "Delaunay2" }, "geometry": { "type": "LineString", "coordinates": [ [ 24.965057, 64.008479 ], [ 26.843719, 64.556111 ] ] } },
{ "type": "Feature", "properties": { "from_node": 349, "to_node": 371, "length_km": 106.87376512537074, "delaunay_k": 2, "edge_set": "Delaunay2" }, "geometry": { "type": "LineString", "coordinates": [ [ 24.965057, 64.008479 ], [ 26.455078, 64.709668 ] ] } },
{ "type": "Feature", "properties": { "from_node": 349, "to_node": 376, "length_km": 102.78616760930367, "delaunay_k": 2, "edge_set": "Delaunay2" }, "geometry": { "type": "LineString", "coordinates": [ [ 24.965057, 64.008479 ], [ 26.115875, 64.778222 ] ] } },
{ "type": "Feature", "properties": { "from_node": 349, "to_node": 380, "length_km": 115.42504127745383, "delaunay_k": 2, "edge_set": "Delaunay2" }, "geometry": { "type": "LineString", "coordinates": [ [ 24.965057, 64.008479 ], [ 25.808258, 64.971807 ] ] } },
{ "type": "Feature", "properties": { "from_node": 349, "to_node": 386, "length_km": 146.73786999355565, "delaunay_k": 2, "edge_set": "Delaunay2" }, "geometry": { "type": "LineString", "coordinates": [ [ 24.965057, 64.008479 ], [ 25.694275, 65.279688 ] ] } },
{ "type": "Feature", "properties": { "from_node": 350, "to_node": 367, "length_km": 163.31208815041134, "delaunay_k": 2, "edge_set": "Delaunay2" }, "geometry": { "type": "LineString", "coordinates": [ [ 25.333099, 64.045767 ], [ 28.45047, 64.58147 ] ] } },
{ "type": "Feature", "properties": { "from_node": 350, "to_node": 375, "length_km": 98.553625133304323, "delaunay_k": 2, "edge_set": "Delaunay2" }, "geometry": { "type": "LineString", "coordinates": [ [ 25.333099, 64.045767 ], [ 26.51825, 64.759489 ] ] } },
{ "type": "Feature", "properties": { "from_node": 350, "to_node": 378, "length_km": 108.92957963773385, "delaunay_k": 2, "edge_set": "Delaunay2" }, "geometry": { "type": "LineString", "coordinates": [ [ 25.333099, 64.045767 ], [ 26.05957, 64.965416 ] ] } },
{ "type": "Feature", "properties": { "from_node": 350, "to_node": 380, "length_km": 106.33284333040487, "delaunay_k": 2, "edge_set": "Delaunay2" }, "geometry": { "type": "LineString", "coordinates": [ [ 25.333099, 64.045767 ], [ 25.808258, 64.971807 ] ] } },
{ "type": "Feature", "properties": { "from_node": 350, "to_node": 386, "length_km": 139.416195148236, "delaunay_k": 2, "edge_set": "Delaunay2" }, "geometry": { "type": "LineString", "coordinates": [ [ 25.333099, 64.045767 ], [ 25.694275, 65.279688 ] ] } },
{ "type": "Feature", "properties": { "from_node": 351, "to_node": 353, "length_km": 78.547858950983496, "delaunay_k": 2, "edge_set": "Delaunay2" }, "geometry": { "type": "LineString", "coordinates": [ [ 15.674744, 64.064393 ], [ 17.271881, 64.154341 ] ] } },
{ "type": "Feature", "properties": { "from_node": 351, "to_node": 354, "length_km": 87.509804695724156, "delaunay_k": 2, "edge_set": "Delaunay2" }, "geometry": { "type": "LineString", "coordinates": [ [ 15.674744, 64.064393 ], [ 17.449036, 64.183063 ] ] } },
{ "type": "Feature", "properties": { "from_node": 351, "to_node": 359, "length_km": 168.14906902747836, "delaunay_k": 2, "edge_set": "Delaunay2" }, "geometry": { "type": "LineString", "coordinates": [ [ 15.674744, 64.064393 ], [ 19.029694, 64.440225 ] ] } },
{ "type": "Feature", "properties": { "from_node": 351, "to_node": 361, "length_km": 86.365303311757373, "delaunay_k": 2, "edge_set": "Delaunay2" }, "geometry": { "type": "LineString", "coordinates": [ [ 15.674744, 64.064393 ], [ 14.180603, 64.486402 ] ] } },
{ "type": "Feature", "properties": { "from_node": 351, "to_node": 363, "length_km": 81.798543338640854, "delaunay_k": 2, "edge_set": "Delaunay2" }, "geometry": { "type": "LineString", "coordinates": [ [ 15.674744, 64.064393 ], [ 14.381104, 64.536044 ] ] } },
{ "type": "Feature", "properties": { "from_node": 351, "to_node": 364, "length_km": 55.19703332554829, "delaunay_k": 2, "edge_set": "Delaunay2" }, "geometry": { "type": "LineString", "coordinates": [ [ 15.674744, 64.064393 ], [ 15.450897, 64.54962 ] ] } },
{ "type": "Feature", "properties": { "from_node": 351, "to_node": 370, "length_km": 71.053240670381186, "delaunay_k": 2, "edge_set": "Delaunay2" }, "geometry": { "type": "LineString", "coordinates": [ [ 15.674744, 64.064393 ], [ 15.761261, 64.700279 ] ] } },
{ "type": "Feature", "properties": { "from_node": 351, "to_node": 372, "length_km": 73.037059794015505, "delaunay_k": 2, "edge_set": "Delaunay2" }, "geometry": { "type": "LineString", "coordinates": [ [ 15.674744, 64.064393 ], [ 15.923309, 64.710254 ] ] } },
{ "type": "Feature", "properties": { "from_node": 351, "to_node": 381, "length_km": 137.32325122128913, "delaunay_k": 2, "edge_set": "Delaunay2" }, "geometry": { "type": "LineString", "coordinates": [ [ 15.674744, 64.064393 ], [ 17.541046, 64.996778 ] ] } },
{ "type": "Feature", "properties": { "from_node": 352, "to_node": 358, "length_km": 135.91469589667781, "delaunay_k": 2, "edge_set": "Delaunay2" }, "geometry": { "type": "LineString", "coordinates": [ [ 27.204895, 64.101606 ], [ 24.517365, 64.423037 ] ] } },
{ "type": "Feature", "properties": { "from_node": 352, "to_node": 371, "length_km": 77.347832914343186, "delaunay_k": 2, "edge_set": "Delaunay2" }, "geometry": { "type": "LineString", "coordinates": [ [ 27.204895, 64.101606 ], [ 26.455078, 64.709668 ] ] } },
{ "type": "Feature", "properties": { "from_node": 352, "to_node": 375, "length_km": 81.003487413097744, "delaunay_k": 2, "edge_set": "Delaunay2" }, "geometry": { "type": "LineString", "coordinates": [ [ 27.204895, 64.101606 ], [ 26.51825, 64.759489 ] ] } },
{ "type": "Feature", "properties": { "from_node": 352, "to_node": 376, "length_km": 92.478615833616914, "delaunay_k": 2, "edge_set": "Delaunay2" }, "geometry": { "type": "LineString", "coordinates": [ [ 27.204895, 64.101606 ], [ 26.115875, 64.778222 ] ] } },
{ "type": "Feature", "properties": { "from_node": 352, "to_node": 404, "length_km": 250.3325175923427, "delaunay_k": 2, "edge_set": "Delaunay2" }, "geometry": { "type": "LineString", "coordinates": [ [ 27.204895, 64.101606 ], [ 27.030487, 66.33089 ] ] } },
{ "type": "Feature", "properties": { "from_node": 352, "to_node": 407, "length_km": 263.78128255251715, "delaunay_k": 2, "edge_set": "Delaunay2" }, "geometry": { "type": "LineString", "coordinates": [ [ 27.204895, 64.101606 ], [ 27.398529, 66.450241 ] ] } },
{ "type": "Feature", "properties": { "from_node": 353, "to_node": 359, "length_km": 90.989278914897852, "delaunay_k": 2, "edge_set": "Delaunay2" }, "geometry": { "type": "LineString", "coordinates": [ [ 17.271881, 64.154341 ], [ 19.029694, 64.440225 ] ] } },
{ "type": "Feature", "properties": { "from_node": 353, "to_node": 362, "length_km": 90.089867978004605, "delaunay_k": 2, "edge_set": "Delaunay2" }, "geometry": { "type": "LineString", "coordinates": [ [ 17.271881, 64.154341 ], [ 15.622559, 64.529548 ] ] } },
{ "type": "Feature", "properties": { "from_node": 353, "to_node": 372, "length_km": 89.855420996689915, "delaunay_k": 2, "edge_set": "Delaunay2" }, "geometry": { "type": "LineString", "coordinates": [ [ 17.271881, 64.154341 ], [ 15.923309, 64.710254 ] ] } },
{ "type": "Feature", "properties": { "from_node": 353, "to_node": 381, "length_km": 94.90093935096624, "delaunay_k": 2, "edge_set": "Delaunay2" }, "geometry": { "type": "LineString", "coordinates": [ [ 17.271881, 64.154341 ], [ 17.541046, 64.996778 ] ] } },
{ "type": "Feature", "properties": { "from_node": 354, "to_node": 362, "length_km": 96.389854080738871, "delaunay_k": 2, "edge_set": "Delaunay2" }, "geometry": { "type": "LineString", "coordinates": [ [ 17.449036, 64.183063 ], [ 15.622559, 64.529548 ] ] } },
{ "type": "Feature", "properties": { "from_node": 354, "to_node": 372, "length_km": 94.154282236451436, "delaunay_k": 2, "edge_set": "Delaunay2" }, "geometry": { "type": "LineString", "coordinates": [ [ 17.449036, 64.183063 ], [ 15.923309, 64.710254 ] ] } },
{ "type": "Feature", "properties": { "from_node": 354, "to_node": 381, "length_km": 90.923078557823786, "delaunay_k": 2, "edge_set": "Delaunay2" }, "geometry": { "type": "LineString", "coordinates": [ [ 17.449036, 64.183063 ], [ 17.541046, 64.996778 ] ] } },
{ "type": "Feature", "properties": { "from_node": 354, "to_node": 382, "length_km": 144.9983199375209, "delaunay_k": 2, "edge_set": "Delaunay2" }, "geometry": { "type": "LineString", "coordinates": [ [ 17.449036, 64.183063 ], [ 19.736938, 65.032742 ] ] } },
{ "type": "Feature", "properties": { "from_node": 355, "to_node": 356, "length_km": 118.89317832239125, "delaunay_k": 2, "edge_set": "Delaunay2" }, "geometry": { "type": "LineString", "coordinates": [ [ 17.310333, 64.26428 ], [ 14.859009, 64.308372 ] ] } },
{ "type": "Feature", "properties": { "from_node": 355, "to_node": 357, "length_km": 114.25459708237747, "delaunay_k": 2, "edge_set": "Delaunay2" }, "geometry": { "type": "LineString", "coordinates": [ [ 17.310333, 64.26428 ], [ 14.959259, 64.35061 ] ] } },
{ "type": "Feature", "properties": { "from_node": 355, "to_node": 364, "length_km": 95.202626955331539, "delaunay_k": 2, "edge_set": "Delaunay2" }, "geometry": { "type": "LineString", "coordinates": [ [ 17.310333, 64.26428 ], [ 15.450897, 64.54962 ] ] } },
{ "type": "Feature", "properties": { "from_node": 355, "to_node": 370, "length_km": 89.012160900681295, "delaunay_k": 2, "edge_set": "Delaunay2" }, "geometry": { "type": "LineString", "coordinates": [ [ 17.310333, 64.26428 ], [ 15.761261, 64.700279 ] ] } },
{ "type": "Feature", "properties": { "from_node": 355, "to_node": 379, "length_km": 107.22542855300469, "delaunay_k": 2, "edge_set": "Delaunay2" }, "geometry": { "type": "LineString", "coordinates": [ [ 17.310333, 64.26428 ], [ 15.783234, 64.967159 ] ] } },
{ "type": "Feature", "properties": { "from_node": 355, "to_node": 382, "length_km": 144.38576403532906, "delaunay_k": 2, "edge_set": "Delaunay2" }, "geometry": { "type": "LineString", "coordinates": [ [ 17.310333, 64.26428 ], [ 19.736938, 65.032742 ] ] } },
{ "type": "Feature", "properties": { "from_node": 355, "to_node": 384, "length_km": 107.49317473016504, "delaunay_k": 2, "edge_set": "Delaunay2" }, "geometry": { "type": "LineString", "coordinates": [ [ 17.310333, 64.26428 ], [ 17.049408, 65.221045 ] ] } },
{ "type": "Feature", "properties": { "from_node": 356, "to_node": 362, "length_km": 44.317616157263735, "delaunay_k": 2, "edge_set": "Delaunay2" }, "geometry": { "type": "LineString", "coordinates": [ [ 14.859009, 64.308372 ], [ 15.622559, 64.529548 ] ] } },
{ "type": "Feature", "properties": { "from_node": 356, "to_node": 364, "length_km": 39.215804485120962, "delaunay_k": 2, "edge_set": "Delaunay2" }, "geometry": { "type": "LineString", "coordinates": [ [ 14.859009, 64.308372 ], [ 15.450897, 64.54962 ] ] } },
{ "type": "Feature", "properties": { "from_node": 356, "to_node": 366, "length_km": 48.104008222510998, "delaunay_k": 2, "edge_set": "Delaunay2" }, "geometry": { "type": "LineString", "coordinates": [ [ 14.859009, 64.308372 ], [ 14.06662, 64.570857 ] ] } },
{ "type": "Feature", "properties": { "from_node": 356, "to_node": 368, "length_km": 43.505097654482292, "delaunay_k": 2, "edge_set": "Delaunay2" }, "geometry": { "type": "LineString", "coordinates": [ [ 14.859009, 64.308372 ], [ 14.250641, 64.596791 ] ] } },
{ "type": "Feature", "properties": { "from_node": 356, "to_node": 369, "length_km": 63.597617520783075, "delaunay_k": 2, "edge_set": "Delaunay2" }, "geometry": { "type": "LineString", "coordinates": [ [ 14.859009, 64.308372 ], [ 13.807068, 64.653876 ] ] } },
{ "type": "Feature", "properties": { "from_node": 356, "to_node": 373, "length_km": 108.66070569907579, "delaunay_k": 2, "edge_set": "Delaunay2" }, "geometry": { "type": "LineString", "coordinates": [ [ 14.859009, 64.308372 ], [ 12.800446, 64.712014 ] ] } },
{ "type": "Feature", "properties": { "from_node": 356, "to_node": 374, "length_km": 56.923928672722035, "delaunay_k": 2, "edge_set": "Delaunay2" }, "geometry": { "type": "LineString", "coordinates": [ [ 14.859009, 64.308372 ], [ 14.146271, 64.71612 ] ] } },
{ "type": "Feature", "properties": { "from_node": 357, "to_node": 361, "length_km": 40.480559698591463, "delaunay_k": 2, "edge_set": "Delaunay2" }, "geometry": { "type": "LineString", "coordinates": [ [ 14.959259, 64.35061 ], [ 14.180603, 64.486402 ] ] } },
{ "type": "Feature", "properties": { "from_node": 357, "to_node": 368, "length_km": 43.775072957083978, "delaunay_k": 2, "edge_set": "Delaunay2" }, "geometry": { "type": "LineString", "coordinates": [ [ 14.959259, 64.35061 ], [ 14.250641, 64.596791 ] ] } },
{ "type": "Feature", "properties": { "from_node": 357, "to_node": 370, "length_km": 54.818129950776239, "delaunay_k": 2, "edge_set": "Delaunay2" }, "geometry": { "type": "LineString", "coordinates": [ [ 14.959259, 64.35061 ], [ 15.761261, 64.700279 ] ] } },
{ "type": "Feature", "properties": { "from_node": 357, "to_node": 372, "length_km": 61.258824275588246, "delaunay_k": 2, "edge_set": "Delaunay2" }, "geometry": { "type": "LineString", "coordinates": [ [ 14.959259, 64.35061 ], [ 15.923309, 64.710254 ] ] } },
{ "type": "Feature", "properties": { "from_node": 357, "to_node": 374, "length_km": 56.435507112619966, "delaunay_k": 2, "edge_set": "Delaunay2" }, "geometry": { "type": "LineString", "coordinates": [ [ 14.959259, 64.35061 ], [ 14.146271, 64.71612 ] ] } },
{ "type": "Feature", "properties": { "from_node": 357, "to_node": 379, "length_km": 79.247624939542888, "delaunay_k": 2, "edge_set": "Delaunay2" }, "geometry": { "type": "LineString", "coordinates": [ [ 14.959259, 64.35061 ], [ 15.783234, 64.967159 ] ] } },
{ "type": "Feature", "properties": { "from_node": 358, "to_node": 365, "length_km": 113.46248144058711, "delaunay_k": 2, "edge_set": "Delaunay2" }, "geometry": { "type": "LineString", "coordinates": [ [ 24.517365, 64.423037 ], [ 26.843719, 64.556111 ] ] } },
{ "type": "Feature", "properties": { "from_node": 358, "to_node": 371, "length_km": 98.779507815071483, "delaunay_k": 2, "edge_set": "Delaunay2" }, "geometry": { "type": "LineString", "coordinates": [ [ 24.517365, 64.423037 ], [ 26.455078, 64.709668 ] ] } },
{ "type": "Feature", "properties": { "from_node": 358, "to_node": 375, "length_km": 103.48366131144418, "delaunay_k": 2, "edge_set": "Delaunay2" }, "geometry": { "type": "LineString", "coordinates": [ [ 24.517365, 64.423037 ], [ 26.51825, 64.759489 ] ] } },
{ "type": "Feature", "properties": { "from_node": 358, "to_node": 378, "length_km": 95.751330220205659, "delaunay_k": 2, "edge_set": "Delaunay2" }, "geometry": { "type": "LineString", "coordinates": [ [ 24.517365, 64.423037 ], [ 26.05957, 64.965416 ] ] } },
{ "type": "Feature", "properties": { "from_node": 358, "to_node": 404, "length_km": 243.99625152826391, "delaunay_k": 2, "edge_set": "Delaunay2" }, "geometry": { "type": "LineString", "coordinates": [ [ 24.517365, 64.423037 ], [ 27.030487, 66.33089 ] ] } },
{ "type": "Feature", "properties": { "from_node": 359, "to_node": 362, "length_km": 164.27795956034177, "delaunay_k": 2, "edge_set": "Delaunay2" }, "geometry": { "type": "LineString", "coordinates": [ [ 19.029694, 64.440225 ], [ 15.622559, 64.529548 ] ] } },
{ "type": "Feature", "properties": { "from_node": 359, "to_node": 372, "length_km": 152.03207820040868, "delaunay_k": 2, "edge_set": "Delaunay2" }, "geometry": { "type": "LineString", "coordinates": [ [ 19.029694, 64.440225 ], [ 15.923309, 64.710254 ] ] } },
{ "type": "Feature", "properties": { "from_node": 359, "to_node": 384, "length_km": 128.27931054936334, "delaunay_k": 2, "edge_set": "Delaunay2" }, "geometry": { "type": "LineString", "coordinates": [ [ 19.029694, 64.440225 ], [ 17.049408, 65.221045 ] ] } },
{ "type": "Feature", "properties": { "from_node": 359, "to_node": 385, "length_km": 137.6366838882393, "delaunay_k": 2, "edge_set": "Delaunay2" }, "geometry": { "type": "LineString", "coordinates": [ [ 19.029694, 64.440225 ], [ 21.169281, 65.270498 ] ] } },
{ "type": "Feature", "properties": { "from_node": 359, "to_node": 394, "length_km": 198.11958359772584, "delaunay_k": 2, "edge_set": "Delaunay2" }, "geometry": { "type": "LineString", "coordinates": [ [ 19.029694, 64.440225 ], [ 21.656799, 65.826407 ] ] } },
{ "type": "Feature", "properties": { "from_node": 359, "to_node": 408, "length_km": 239.61313258067597, "delaunay_k": 2, "edge_set": "Delaunay2" }, "geometry": { "type": "LineString", "coordinates": [ [ 19.029694, 64.440225 ], [ 20.429077, 66.505049 ] ] } },
{ "type": "Feature", "properties": { "from_node": 360, "to_node": 369, "length_km": 107.20293636718921, "delaunay_k": 2, "edge_set": "Delaunay2" }, "geometry": { "type": "LineString", "coordinates": [ [ 11.620789, 64.453849 ], [ 13.807068, 64.653876 ] ] } },
{ "type": "Feature", "properties": { "from_node": 360, "to_node": 377, "length_km": 87.283582337950037, "delaunay_k": 2, "edge_set": "Delaunay2" }, "geometry": { "type": "LineString", "coordinates": [ [ 11.620789, 64.453849 ], [ 13.099823, 64.914228 ] ] } },
{ "type": "Feature", "properties": { "from_node": 360, "to_node": 391, "length_km": 197.4056353824503, "delaunay_k": 2, "edge_set": "Delaunay2" }, "geometry": { "type": "LineString", "coordinates": [ [ 11.620789, 64.453849 ], [ 14.765625, 65.62429 ] ] } },
{ "type": "Feature", "properties": { "from_node": 360, "to_node": 401, "length_km": 213.16832233848001, "delaunay_k": 2, "edge_set": "Delaunay2" }, "geometry": { "type": "LineString", "coordinates": [ [ 11.620789, 64.453849 ], [ 13.763123, 66.142743 ] ] } },
{ "type": "Feature", "properties": { "from_node": 360, "to_node": 402, "length_km": 236.34392704088552, "delaunay_k": 2, "edge_set": "Delaunay2" }, "geometry": { "type": "LineString", "coordinates": [ [ 11.620789, 64.453849 ], [ 14.191589, 66.282328 ] ] } },
{ "type": "Feature", "properties": { "from_node": 360, "to_node": 416, "length_km": 368.03634195547198, "delaunay_k": 2, "edge_set": "Delaunay2" }, "geometry": { "type": "LineString", "coordinates": [ [ 11.620789, 64.453849 ], [ 15.757141, 67.288485 ] ] } },
{ "type": "Feature", "properties": { "from_node": 360, "to_node": 420, "length_km": 399.54413037038751, "delaunay_k": 2, "edge_set": "Delaunay2" }, "geometry": { "type": "LineString", "coordinates": [ [ 11.620789, 64.453849 ], [ 15.850525, 67.598233 ] ] } },
{ "type": "Feature", "properties": { "from_node": 361, "to_node": 364, "length_km": 61.431060455536297, "delaunay_k": 2, "edge_set": "Delaunay2" }, "geometry": { "type": "LineString", "coordinates": [ [ 14.180603, 64.486402 ], [ 15.450897, 64.54962 ] ] } },
{ "type": "Feature", "properties": { "from_node": 361, "to_node": 373, "length_km": 70.716965441377823, "delaunay_k": 2, "edge_set": "Delaunay2" }, "geometry": { "type": "LineString", "coordinates": [ [ 14.180603, 64.486402 ], [ 12.800446, 64.712014 ] ] } },
{ "type": "Feature", "properties": { "from_node": 361, "to_node": 374, "length_km": 25.669195757783044, "delaunay_k": 2, "edge_set": "Delaunay2" }, "geometry": { "type": "LineString", "coordinates": [ [ 14.180603, 64.486402 ], [ 14.146271, 64.71612 ] ] } },
{ "type": "Feature", "properties": { "from_node": 361, "to_node": 377, "length_km": 70.246065197365539, "delaunay_k": 2, "edge_set": "Delaunay2" }, "geometry": { "type": "LineString", "coordinates": [ [ 14.180603, 64.486402 ], [ 13.099823, 64.914228 ] ] } },
{ "type": "Feature", "properties": { "from_node": 362, "to_node": 363, "length_km": 59.61416997781388, "delaunay_k": 2, "edge_set": "Delaunay2" }, "geometry": { "type": "LineString", "coordinates": [ [ 15.622559, 64.529548 ], [ 14.381104, 64.536044 ] ] } },
{ "type": "Feature", "properties": { "from_node": 362, "to_node": 374, "length_km": 73.649739499704651, "delaunay_k": 2, "edge_set": "Delaunay2" }, "geometry": { "type": "LineString", "coordinates": [ [ 15.622559, 64.529548 ], [ 14.146271, 64.71612 ] ] } },
{ "type": "Feature", "properties": { "from_node": 362, "to_node": 379, "length_km": 49.411729309178611, "delaunay_k": 2, "edge_set": "Delaunay2" }, "geometry": { "type": "LineString", "coordinates": [ [ 15.622559, 64.529548 ], [ 15.783234, 64.967159 ] ] } },
{ "type": "Feature", "properties": { "from_node": 362, "to_node": 381, "length_km": 105.19627607091127, "delaunay_k": 2, "edge_set": "Delaunay2" }, "geometry": { "type": "LineString", "coordinates": [ [ 15.622559, 64.529548 ], [ 17.541046, 64.996778 ] ] } },
{ "type": "Feature", "properties": { "from_node": 362, "to_node": 384, "length_km": 102.61942309731835, "delaunay_k": 2, "edge_set": "Delaunay2" }, "geometry": { "type": "LineString", "coordinates": [ [ 15.622559, 64.529548 ], [ 17.049408, 65.221045 ] ] } },
{ "type": "Feature", "properties": { "from_node": 363, "to_node": 366, "length_km": 15.57830757068092, "delaunay_k": 2, "edge_set": "Delaunay2" }, "geometry": { "type": "LineString", "coordinates": [ [ 14.381104, 64.536044 ], [ 14.06662, 64.570857 ] ] } },
{ "type": "Feature", "properties": { "from_node": 363, "to_node": 369, "length_km": 30.474098291604609, "delaunay_k": 2, "edge_set": "Delaunay2" }, "geometry": { "type": "LineString", "coordinates": [ [ 14.381104, 64.536044 ], [ 13.807068, 64.653876 ] ] } },
{ "type": "Feature", "properties": { "from_node": 363, "to_node": 370, "length_km": 68.555261230346957, "delaunay_k": 2, "edge_set": "Delaunay2" }, "geometry": { "type": "LineString", "coordinates": [ [ 14.381104, 64.536044 ], [ 15.761261, 64.700279 ] ] } },
{ "type": "Feature", "properties": { "from_node": 363, "to_node": 377, "length_km": 74.218151982887861, "delaunay_k": 2, "edge_set": "Delaunay2" }, "geometry": { "type": "LineString", "coordinates": [ [ 14.381104, 64.536044 ], [ 13.099823, 64.914228 ] ] } },
{ "type": "Feature", "properties": { "from_node": 363, "to_node": 379, "length_km": 82.292508154991054, "delaunay_k": 2, "edge_set": "Delaunay2" }, "geometry": { "type": "LineString", "coordinates": [ [ 14.381104, 64.536044 ], [ 15.783234, 64.967159 ] ] } },
{ "type": "Feature", "properties": { "from_node": 363, "to_node": 391, "length_km": 122.70866207556554, "delaunay_k": 2, "edge_set": "Delaunay2" }, "geometry": { "type": "LineString", "coordinates": [ [ 14.381104, 64.536044 ], [ 14.765625, 65.62429 ] ] } },
{ "type": "Feature", "properties": { "from_node": 364, "to_node": 366, "length_km": 66.439483474738509, "delaunay_k": 2, "edge_set": "Delaunay2" }, "geometry": { "type": "LineString", "coordinates": [ [ 15.450897, 64.54962 ], [ 14.06662, 64.570857 ] ] } },
{ "type": "Feature", "properties": { "from_node": 364, "to_node": 368, "length_km": 57.784477466796751, "delaunay_k": 2, "edge_set": "Delaunay2" }, "geometry": { "type": "LineString", "coordinates": [ [ 15.450897, 64.54962 ], [ 14.250641, 64.596791 ] ] } },
{ "type": "Feature", "properties": { "from_node": 364, "to_node": 369, "length_km": 79.578108651300298, "delaunay_k": 2, "edge_set": "Delaunay2" }, "geometry": { "type": "LineString", "coordinates": [ [ 15.450897, 64.54962 ], [ 13.807068, 64.653876 ] ] } },
{ "type": "Feature", "properties": { "from_node": 364, "to_node": 372, "length_km": 28.846290184797251, "delaunay_k": 2, "edge_set": "Delaunay2" }, "geometry": { "type": "LineString", "coordinates": [ [ 15.450897, 64.54962 ], [ 15.923309, 64.710254 ] ] } },
{ "type": "Feature", "properties": { "from_node": 364, "to_node": 377, "length_km": 119.19366187127424, "delaunay_k": 2, "edge_set": "Delaunay2" }, "geometry": { "type": "LineString", "coordinates": [ [ 15.450897, 64.54962 ], [ 13.099823, 64.914228 ] ] } },
{ "type": "Feature", "properties": { "from_node": 364, "to_node": 384, "length_km": 106.55235585912959, "delaunay_k": 2, "edge_set": "Delaunay2" }, "geometry": { "type": "LineString", "coordinates": [ [ 15.450897, 64.54962 ], [ 17.049408, 65.221045 ] ] } },
{ "type": "Feature", "properties": { "from_node": 364, "to_node": 388, "length_km": 96.792050380067835, "delaunay_k": 2, "edge_set": "Delaunay2" }, "geometry": { "type": "LineString", "coordinates": [ [ 15.450897, 64.54962 ], [ 16.387482, 65.321005 ] ] } },
{ "type": "Feature", "properties": { "from_node": 364, "to_node": 390, "length_km": 105.79184297587861, "delaunay_k": 2, "edge_set": "Delaunay2" }, "geometry": { "type": "LineString", "coordinates": [ [ 15.450897, 64.54962 ], [ 15.812073, 65.485626 ] ] } },
{ "type": "Feature", "properties": { "from_node": 364, "to_node": 391, "length_km": 124.12410083932541, "delaunay_k": 2, "edge_set": "Delaunay2" }, "geometry": { "type": "LineString", "coordinates": [ [ 15.450897, 64.54962 ], [ 14.765625, 65.62429 ] ] } },
{ "type": "Feature", "properties": { "from_node": 365, "to_node": 376, "length_km": 42.951353459092722, "delaunay_k": 2, "edge_set": "Delaunay2" }, "geometry": { "type": "LineString", "coordinates": [ [ 26.843719, 64.556111 ], [ 26.115875, 64.778222 ] ] } },
{ "type": "Feature", "properties": { "from_node": 365, "to_node": 378, "length_km": 59.321845028799217, "delaunay_k": 2, "edge_set": "Delaunay2" }, "geometry": { "type": "LineString", "coordinates": [ [ 26.843719, 64.556111 ], [ 26.05957, 64.965416 ] ] } },
{ "type": "Feature", "properties": { "from_node": 365, "to_node": 404, "length_km": 199.33150969761559, "delaunay_k": 2, "edge_set": "Delaunay2" }, "geometry": { "type": "LineString", "coordinates": [ [ 26.843719, 64.556111 ], [ 27.030487, 66.33089 ] ] } },
{ "type": "Feature", "properties": { "from_node": 365, "to_node": 407, "length_km": 214.12133588883887, "delaunay_k": 2, "edge_set": "Delaunay2" }, "geometry": { "type": "LineString", "coordinates": [ [ 26.843719, 64.556111 ], [ 27.398529, 66.450241 ] ] } },
{ "type": "Feature", "properties": { "from_node": 366, "to_node": 373, "length_km": 62.551518279571575, "delaunay_k": 2, "edge_set": "Delaunay2" }, "geometry": { "type": "LineString", "coordinates": [ [ 14.06662, 64.570857 ], [ 12.800446, 64.712014 ] ] } },
{ "type": "Feature", "properties": { "from_node": 366, "to_node": 377, "length_km": 59.890398601338994, "delaunay_k": 2, "edge_set": "Delaunay2" }, "geometry": { "type": "LineString", "coordinates": [ [ 14.06662, 64.570857 ], [ 13.099823, 64.914228 ] ] } },
{ "type": "Feature", "properties": { "from_node": 366, "to_node": 379, "length_km": 92.89550492105775, "delaunay_k": 2, "edge_set": "Delaunay2" }, "geometry": { "type": "LineString", "coordinates": [ [ 14.06662, 64.570857 ], [ 15.783234, 64.967159 ] ] } },
{ "type": "Feature", "properties": { "from_node": 366, "to_node": 391, "length_km": 121.99108563456595, "delaunay_k": 2, "edge_set": "Delaunay2" }, "geometry": { "type": "LineString", "coordinates": [ [ 14.06662, 64.570857 ], [ 14.765625, 65.62429 ] ] } },
{ "type": "Feature", "properties": { "from_node": 367, "to_node": 371, "length_km": 97.133310332902951, "delaunay_k": 2, "edge_set": "Delaunay2" }, "geometry": { "type": "LineString", "coordinates": [ [ 28.45047, 64.58147 ], [ 26.455078, 64.709668 ] ] } },
{ "type": "Feature", "properties": { "from_node": 367, "to_node": 376, "length_km": 114.38181639956547, "delaunay_k": 2, "edge_set": "Delaunay2" }, "geometry": { "type": "LineString", "coordinates": [ [ 28.45047, 64.58147 ], [ 26.115875, 64.778222 ] ] } },
{ "type": "Feature", "properties": { "from_node": 367, "to_node": 378, "length_km": 122.37115569154474, "delaunay_k": 2, "edge_set": "Delaunay2" }, "geometry": { "type": "LineString", "coordinates": [ [ 28.45047, 64.58147 ], [ 26.05957, 64.965416 ] ] } },
{ "type": "Feature", "properties": { "from_node": 367, "to_node": 386, "length_km": 152.84060325707702, "delaunay_k": 2, "edge_set": "Delaunay2" }, "geometry": { "type": "LineString", "coordinates": [ [ 28.45047, 64.58147 ], [ 25.694275, 65.279688 ] ] } },
{ "type": "Feature", "properties": { "from_node": 367, "to_node": 403, "length_km": 237.9865660800275, "delaunay_k": 2, "edge_set": "Delaunay2" }, "geometry": { "type": "LineString", "coordinates": [ [ 28.45047, 64.58147 ], [ 25.415497, 66.285642 ] ] } },
{ "type": "Feature", "properties": { "from_node": 367, "to_node": 405, "length_km": 216.46712265854788, "delaunay_k": 2, "edge_set": "Delaunay2" }, "geometry": { "type": "LineString", "coordinates": [ [ 28.45047, 64.58147 ], [ 26.769562, 66.378809 ] ] } },
{ "type": "Feature", "properties": { "from_node": 367, "to_node": 415, "length_km": 302.16853478958376, "delaunay_k": 2, "edge_set": "Delaunay2" }, "geometry": { "type": "LineString", "coordinates": [ [ 28.45047, 64.58147 ], [ 27.387543, 67.23753 ] ] } },
{ "type": "Feature", "properties": { "from_node": 368, "to_node": 369, "length_km": 22.157006671547396, "delaunay_k": 2, "edge_set": "Delaunay2" }, "geometry": { "type": "LineString", "coordinates": [ [ 14.250641, 64.596791 ], [ 13.807068, 64.653876 ] ] } },
{ "type": "Feature", "properties": { "from_node": 368, "to_node": 377, "length_km": 65.232181286528615, "delaunay_k": 2, "edge_set": "Delaunay2" }, "geometry": { "type": "LineString", "coordinates": [ [ 14.250641, 64.596791 ], [ 13.099823, 64.914228 ] ] } },
{ "type": "Feature", "properties": { "from_node": 368, "to_node": 379, "length_km": 83.80270712332954, "delaunay_k": 2, "edge_set": "Delaunay2" }, "geometry": { "type": "LineString", "coordinates": [ [ 14.250641, 64.596791 ], [ 15.783234, 64.967159 ] ] } },
{ "type": "Feature", "properties": { "from_node": 368, "to_node": 391, "length_km": 117.11920153167962, "delaunay_k": 2, "edge_set": "Delaunay2" }, "geometry": { "type": "LineString", "coordinates": [ [ 14.250641, 64.596791 ], [ 14.765625, 65.62429 ] ] } },
{ "type": "Feature", "properties": { "from_node": 369, "to_node": 379, "length_km": 100.20286373566046, "delaunay_k": 2, "edge_set": "Delaunay2" }, "geometry": { "type": "LineString", "coordinates": [ [ 13.807068, 64.653876 ], [ 15.783234, 64.967159 ] ] } },
{ "type": "Feature", "properties": { "from_node": 369, "to_node": 383, "length_km": 78.826594854806359, "delaunay_k": 2, "edge_set": "Delaunay2" }, "geometry": { "type": "LineString", "coordinates": [ [ 13.807068, 64.653876 ], [ 12.7565, 65.20262 ] ] } },
{ "type": "Feature", "properties": { "from_node": 369, "to_node": 391, "length_km": 117.20075498647893, "delaunay_k": 2, "edge_set": "Delaunay2" }, "geometry": { "type": "LineString", "coordinates": [ [ 13.807068, 64.653876 ], [ 14.765625, 65.62429 ] ] } },
{ "type": "Feature", "properties": { "from_node": 370, "to_node": 374, "length_km": 77.065699206683902, "delaunay_k": 2, "edge_set": "Delaunay2" }, "geometry": { "type": "LineString", "coordinates": [ [ 15.761261, 64.700279 ], [ 14.146271, 64.71612 ] ] } },
{ "type": "Feature", "properties": { "from_node": 370, "to_node": 381, "length_km": 90.745999123088609, "delaunay_k": 2, "edge_set": "Delaunay2" }, "geometry": { "type": "LineString", "coordinates": [ [ 15.761261, 64.700279 ], [ 17.541046, 64.996778 ] ] } },
{ "type": "Feature", "properties": { "from_node": 370, "to_node": 384, "length_km": 84.169393381855613, "delaunay_k": 2, "edge_set": "Delaunay2" }, "geometry": { "type": "LineString", "coordinates": [ [ 15.761261, 64.700279 ], [ 17.049408, 65.221045 ] ] } },
{ "type": "Feature", "properties": { "from_node": 370, "to_node": 388, "length_km": 75.2895458898642, "delaunay_k": 2, "edge_set": "Delaunay2" }, "geometry": { "type": "LineString", "coordinates": [ [ 15.761261, 64.700279 ], [ 16.387482, 65.321005 ] ] } },
{ "type": "Feature", "properties": { "from_node": 370, "to_node": 390, "length_km": 87.642062590673206, "delaunay_k": 2, "edge_set": "Delaunay2" }, "geometry": { "type": "LineString", "coordinates": [ [ 15.761261, 64.700279 ], [ 15.812073, 65.485626 ] ] } },
{ "type": "Feature", "properties": { "from_node": 370, "to_node": 391, "length_km": 113.15209750826648, "delaunay_k": 2, "edge_set": "Delaunay2" }, "geometry": { "type": "LineString", "coordinates": [ [ 15.761261, 64.700279 ], [ 14.765625, 65.62429 ] ] } },
{ "type": "Feature", "properties": { "from_node": 371, "to_node": 378, "length_km": 34.345318639519867, "delaunay_k": 2, "edge_set": "Delaunay2" }, "geometry": { "type": "LineString", "coordinates": [ [ 26.455078, 64.709668 ], [ 26.05957, 64.965416 ] ] } },
{ "type": "Feature", "properties": { "from_node": 371, "to_node": 380, "length_km": 42.636962885461195, "delaunay_k": 2, "edge_set": "Delaunay2" }, "geometry": { "type": "LineString", "coordinates": [ [ 26.455078, 64.709668 ], [ 25.808258, 64.971807 ] ] } },
{ "type": "Feature", "properties": { "from_node": 371, "to_node": 404, "length_km": 183.83618223651698, "delaunay_k": 2, "edge_set": "Delaunay2" }, "geometry": { "type": "LineString", "coordinates": [ [ 26.455078, 64.709668 ], [ 27.030487, 66.33089 ] ] } },
{ "type": "Feature", "properties": { "from_node": 372, "to_node": 374, "length_km": 84.764124187548646, "delaunay_k": 2, "edge_set": "Delaunay2" }, "geometry": { "type": "LineString", "coordinates": [ [ 15.923309, 64.710254 ], [ 14.146271, 64.71612 ] ] } },
{ "type": "Feature", "properties": { "from_node": 372, "to_node": 382, "length_km": 184.50550069746626, "delaunay_k": 2, "edge_set": "Delaunay2" }, "geometry": { "type": "LineString", "coordinates": [ [ 15.923309, 64.710254 ], [ 19.736938, 65.032742 ] ] } },
{ "type": "Feature", "properties": { "from_node": 372, "to_node": 387, "length_km": 79.632076161888179, "delaunay_k": 2, "edge_set": "Delaunay2" }, "geometry": { "type": "LineString", "coordinates": [ [ 15.923309, 64.710254 ], [ 16.876373, 65.299207 ] ] } },
{ "type": "Feature", "properties": { "from_node": 372, "to_node": 388, "length_km": 71.570331745012979, "delaunay_k": 2, "edge_set": "Delaunay2" }, "geometry": { "type": "LineString", "coordinates": [ [ 15.923309, 64.710254 ], [ 16.387482, 65.321005 ] ] } },
{ "type": "Feature", "properties": { "from_node": 372, "to_node": 390, "length_km": 86.656510854277585, "delaunay_k": 2, "edge_set": "Delaunay2" }, "geometry": { "type": "LineString", "coordinates": [ [ 15.923309, 64.710254 ], [ 15.812073, 65.485626 ] ] } },
{ "type": "Feature", "properties": { "from_node": 372, "to_node": 391, "length_km": 115.50867316712656, "delaunay_k": 2, "edge_set": "Delaunay2" }, "geometry": { "type": "LineString", "coordinates": [ [ 15.923309, 64.710254 ], [ 14.765625, 65.62429 ] ] } },
{ "type": "Feature", "properties": { "from_node": 372, "to_node": 408, "length_km": 288.66799478637824, "delaunay_k": 2, "edge_set": "Delaunay2" }, "geometry": { "type": "LineString", "coordinates": [ [ 15.923309, 64.710254 ], [ 20.429077, 66.505049 ] ] } },
{ "type": "Feature", "properties": { "from_node": 373, "to_node": 374, "length_km": 64.177324743736534, "delaunay_k": 2, "edge_set": "Delaunay2" }, "geometry": { "type": "LineString", "coordinates": [ [ 12.800446, 64.712014 ], [ 14.146271, 64.71612 ] ] } },
{ "type": "Feature", "properties": { "from_node": 373, "to_node": 391, "length_km": 137.24475149968248, "delaunay_k": 2, "edge_set": "Delaunay2" }, "geometry": { "type": "LineString", "coordinates": [ [ 12.800446, 64.712014 ], [ 14.765625, 65.62429 ] ] } },
{ "type": "Feature", "properties": { "from_node": 373, "to_node": 396, "length_km": 127.94358878745496, "delaunay_k": 2, "edge_set": "Delaunay2" }, "geometry": { "type": "LineString", "coordinates": [ [ 12.800446, 64.712014 ], [ 13.289337, 65.841024 ] ] } },
{ "type": "Feature", "properties": { "from_node": 373, "to_node": 410, "length_km": 227.31256760346011, "delaunay_k": 2, "edge_set": "Delaunay2" }, "geometry": { "type": "LineString", "coordinates": [ [ 12.800446, 64.712014 ], [ 13.807068, 66.707884 ] ] } },
{ "type": "Feature", "properties": { "from_node": 374, "to_node": 383, "length_km": 85.176872861910752, "delaunay_k": 2, "edge_set": "Delaunay2" }, "geometry": { "type": "LineString", "coordinates": [ [ 14.146271, 64.71612 ], [ 12.7565, 65.20262 ] ] } },
{ "type": "Feature", "properties": { "from_node": 374, "to_node": 384, "length_km": 148.28462542553299, "delaunay_k": 2, "edge_set": "Delaunay2" }, "geometry": { "type": "LineString", "coordinates": [ [ 14.146271, 64.71612 ], [ 17.049408, 65.221045 ] ] } },
{ "type": "Feature", "properties": { "from_node": 374, "to_node": 388, "length_km": 125.39022182014091, "delaunay_k": 2, "edge_set": "Delaunay2" }, "geometry": { "type": "LineString", "coordinates": [ [ 14.146271, 64.71612 ], [ 16.387482, 65.321005 ] ] } },
{ "type": "Feature", "properties": { "from_node": 374, "to_node": 390, "length_km": 116.182185597363, "delaunay_k": 2, "edge_set": "Delaunay2" }, "geometry": { "type": "LineString", "coordinates": [ [ 14.146271, 64.71612 ], [ 15.812073, 65.485626 ] ] } },
{ "type": "Feature", "properties": { "from_node": 374, "to_node": 392, "length_km": 118.51577861350047, "delaunay_k": 2, "edge_set": "Delaunay2" }, "geometry": { "type": "LineString", "coordinates": [ [ 14.146271, 64.71612 ], [ 14.965643971847902, 65.721629736713297 ] ] } },
{ "type": "Feature", "properties": { "from_node": 374, "to_node": 396, "length_km": 131.6671694749416, "delaunay_k": 2, "edge_set": "Delaunay2" }, "geometry": { "type": "LineString", "coordinates": [ [ 14.146271, 64.71612 ], [ 13.289337, 65.841024 ] ] } },
{ "type": "Feature", "properties": { "from_node": 374, "to_node": 401, "length_km": 160.08811632468769, "delaunay_k": 2, "edge_set": "Delaunay2" }, "geometry": { "type": "LineString", "coordinates": [ [ 14.146271, 64.71612 ], [ 13.763123, 66.142743 ] ] } },
{ "type": "Feature", "properties": { "from_node": 375, "to_node": 380, "length_km": 41.398564730254492, "delaunay_k": 2, "edge_set": "Delaunay2" }, "geometry": { "type": "LineString", "coordinates": [ [ 26.51825, 64.759489 ], [ 25.808258, 64.971807 ] ] } },
{ "type": "Feature", "properties": { "from_node": 375, "to_node": 386, "length_km": 70.21377873610605, "delaunay_k": 2, "edge_set": "Delaunay2" }, "geometry": { "type": "LineString", "coordinates": [ [ 26.51825, 64.759489 ], [ 25.694275, 65.279688 ] ] } },
{ "type": "Feature", "properties": { "from_node": 375, "to_node": 403, "length_km": 178.62960856176636, "delaunay_k": 2, "edge_set": "Delaunay2" }, "geometry": { "type": "LineString", "coordinates": [ [ 26.51825, 64.759489 ], [ 25.415497, 66.285642 ] ] } },
{ "type": "Feature", "properties": { "from_node": 375, "to_node": 405, "length_km": 182.02215065158637, "delaunay_k": 2, "edge_set": "Delaunay2" }, "geometry": { "type": "LineString", "coordinates": [ [ 26.51825, 64.759489 ], [ 26.769562, 66.378809 ] ] } },
{ "type": "Feature", "properties": { "from_node": 375, "to_node": 407, "length_km": 194.04449086441025, "delaunay_k": 2, "edge_set": "Delaunay2" }, "geometry": { "type": "LineString", "coordinates": [ [ 26.51825, 64.759489 ], [ 27.398529, 66.450241 ] ] } },
{ "type": "Feature", "properties": { "from_node": 376, "to_node": 386, "length_km": 59.674379320372225, "delaunay_k": 2, "edge_set": "Delaunay2" }, "geometry": { "type": "LineString", "coordinates": [ [ 26.115875, 64.778222 ], [ 25.694275, 65.279688 ] ] } },
{ "type": "Feature", "properties": { "from_node": 376, "to_node": 404, "length_km": 179.26759541806246, "delaunay_k": 2, "edge_set": "Delaunay2" }, "geometry": { "type": "LineString", "coordinates": [ [ 26.115875, 64.778222 ], [ 27.030487, 66.33089 ] ] } },
{ "type": "Feature", "properties": { "from_node": 377, "to_node": 379, "length_km": 127.03646169604581, "delaunay_k": 2, "edge_set": "Delaunay2" }, "geometry": { "type": "LineString", "coordinates": [ [ 13.099823, 64.914228 ], [ 15.783234, 64.967159 ] ] } },
{ "type": "Feature", "properties": { "from_node": 377, "to_node": 390, "length_km": 142.10358327350536, "delaunay_k": 2, "edge_set": "Delaunay2" }, "geometry": { "type": "LineString", "coordinates": [ [ 13.099823, 64.914228 ], [ 15.812073, 65.485626 ] ] } },
{ "type": "Feature", "properties": { "from_node": 377, "to_node": 392, "length_km": 125.19044117205011, "delaunay_k": 2, "edge_set": "Delaunay2" }, "geometry": { "type": "LineString", "coordinates": [ [ 13.099823, 64.914228 ], [ 14.965643971847902, 65.721629736713297 ] ] } },
{ "type": "Feature", "properties": { "from_node": 377, "to_node": 396, "length_km": 103.72161178875125, "delaunay_k": 2, "edge_set": "Delaunay2" }, "geometry": { "type": "LineString", "coordinates": [ [ 13.099823, 64.914228 ], [ 13.289337, 65.841024 ] ] } },
{ "type": "Feature", "properties": { "from_node": 377, "to_node": 401, "length_km": 140.38735602113252, "delaunay_k": 2, "edge_set": "Delaunay2" }, "geometry": { "type": "LineString", "coordinates": [ [ 13.099823, 64.914228 ], [ 13.763123, 66.142743 ] ] } },
{ "type": "Feature", "properties": { "from_node": 378, "to_node": 399, "length_km": 127.56817415526223, "delaunay_k": 2, "edge_set": "Delaunay2" }, "geometry": { "type": "LineString", "coordinates": [ [ 26.05957, 64.965416 ], [ 24.892273, 65.995123 ] ] } },
{ "type": "Feature", "properties": { "from_node": 378, "to_node": 400, "length_km": 139.5061418610978, "delaunay_k": 2, "edge_set": "Delaunay2" }, "geometry": { "type": "LineString", "coordinates": [ [ 26.05957, 64.965416 ], [ 25.069427, 66.140521 ] ] } },
{ "type": "Feature", "properties": { "from_node": 378, "to_node": 403, "length_km": 150.97013875696547, "delaunay_k": 2, "edge_set": "Delaunay2" }, "geometry": { "type": "LineString", "coordinates": [ [ 26.05957, 64.965416 ], [ 25.415497, 66.285642 ] ] } },
{ "type": "Feature", "properties": { "from_node": 378, "to_node": 405, "length_km": 161.87745360480989, "delaunay_k": 2, "edge_set": "Delaunay2" }, "geometry": { "type": "LineString", "coordinates": [ [ 26.05957, 64.965416 ], [ 26.769562, 66.378809 ] ] } },
{ "type": "Feature", "properties": { "from_node": 378, "to_node": 407, "length_km": 177.66849741985709, "delaunay_k": 2, "edge_set": "Delaunay2" }, "geometry": { "type": "LineString", "coordinates": [ [ 26.05957, 64.965416 ], [ 27.398529, 66.450241 ] ] } },
{ "type": "Feature", "properties": { "from_node": 379, "to_node": 381, "length_km": 83.110513709508353, "delaunay_k": 2, "edge_set": "Delaunay2" }, "geometry": { "type": "LineString", "coordinates": [ [ 15.783234, 64.967159 ], [ 17.541046, 64.996778 ] ] } },
{ "type": "Feature", "properties": { "from_node": 379, "to_node": 382, "length_km": 186.84964578099616, "delaunay_k": 2, "edge_set": "Delaunay2" }, "geometry": { "type": "LineString", "coordinates": [ [ 15.783234, 64.967159 ], [ 19.736938, 65.032742 ] ] } },
{ "type": "Feature", "properties": { "from_node": 379, "to_node": 383, "length_km": 144.75883783503238, "delaunay_k": 2, "edge_set": "Delaunay2" }, "geometry": { "type": "LineString", "coordinates": [ [ 15.783234, 64.967159 ], [ 12.7565, 65.20262 ] ] } },
{ "type": "Feature", "properties": { "from_node": 379, "to_node": 387, "length_km": 63.315836677970744, "delaunay_k": 2, "edge_set": "Delaunay2" }, "geometry": { "type": "LineString", "coordinates": [ [ 15.783234, 64.967159 ], [ 16.876373, 65.299207 ] ] } },
{ "type": "Feature", "properties": { "from_node": 379, "to_node": 389, "length_km": 57.289915626968039, "delaunay_k": 2, "edge_set": "Delaunay2" }, "geometry": { "type": "LineString", "coordinates": [ [ 15.783234, 64.967159 ], [ 16.489105, 65.386291 ] ] } },
{ "type": "Feature", "properties": { "from_node": 379, "to_node": 392, "length_km": 92.376001685217531, "delaunay_k": 2, "edge_set": "Delaunay2" }, "geometry": { "type": "LineString", "coordinates": [ [ 15.783234, 64.967159 ], [ 14.965643971847902, 65.721629736713297 ] ] } },
{ "type": "Feature", "properties": { "from_node": 379, "to_node": 396, "length_km": 151.41843074165172, "delaunay_k": 2, "edge_set": "Delaunay2" }, "geometry": { "type": "LineString", "coordinates": [ [ 15.783234, 64.967159 ], [ 13.289337, 65.841024 ] ] } },
{ "type": "Feature", "properties": { "from_node": 379, "to_node": 401, "length_km": 160.94003236823974, "delaunay_k": 2, "edge_set": "Delaunay2" }, "geometry": { "type": "LineString", "coordinates": [ [ 15.783234, 64.967159 ], [ 13.763123, 66.142743 ] ] } },
{ "type": "Feature", "properties": { "from_node": 379, "to_node": 408, "length_km": 273.75642123060879, "delaunay_k": 2, "edge_set": "Delaunay2" }, "geometry": { "type": "LineString", "coordinates": [ [ 15.783234, 64.967159 ], [ 20.429077, 66.505049 ] ] } },
{ "type": "Feature", "properties": { "from_node": 379, "to_node": 413, "length_km": 258.54413697178438, "delaunay_k": 2, "edge_set": "Delaunay2" }, "geometry": { "type": "LineString", "coordinates": [ [ 15.783234, 64.967159 ], [ 18.639679, 66.970387 ] ] } },
{ "type": "Feature", "properties": { "from_node": 380, "to_node": 399, "length_km": 122.35459966939847, "delaunay_k": 2, "edge_set": "Delaunay2" }, "geometry": { "type": "LineString", "coordinates": [ [ 25.808258, 64.971807 ], [ 24.892273, 65.995123 ] ] } },
{ "type": "Feature", "properties": { "from_node": 380, "to_node": 400, "length_km": 135.40090461971772, "delaunay_k": 2, "edge_set": "Delaunay2" }, "geometry": { "type": "LineString", "coordinates": [ [ 25.808258, 64.971807 ], [ 25.069427, 66.140521 ] ] } },
{ "type": "Feature", "properties": { "from_node": 380, "to_node": 403, "length_km": 148.38324469464067, "delaunay_k": 2, "edge_set": "Delaunay2" }, "geometry": { "type": "LineString", "coordinates": [ [ 25.808258, 64.971807 ], [ 25.415497, 66.285642 ] ] } },
{ "type": "Feature", "properties": { "from_node": 380, "to_node": 404, "length_km": 162.57863856063128, "delaunay_k": 2, "edge_set": "Delaunay2" }, "geometry": { "type": "LineString", "coordinates": [ [ 25.808258, 64.971807 ], [ 27.030487, 66.33089 ] ] } },
{ "type": "Feature", "properties": { "from_node": 381, "to_node": 385, "length_km": 173.30155349868087, "delaunay_k": 2, "edge_set": "Delaunay2" }, "geometry": { "type": "LineString", "coordinates": [ [ 17.541046, 64.996778 ], [ 21.169281, 65.270498 ] ] } },
{ "type": "Feature", "properties": { "from_node": 381, "to_node": 387, "length_km": 45.970566439184395, "delaunay_k": 2, "edge_set": "Delaunay2" }, "geometry": { "type": "LineString", "coordinates": [ [ 17.541046, 64.996778 ], [ 16.876373, 65.299207 ] ] } },
{ "type": "Feature", "properties": { "from_node": 381, "to_node": 388, "length_km": 65.118400598196914, "delaunay_k": 2, "edge_set": "Delaunay2" }, "geometry": { "type": "LineString", "coordinates": [ [ 17.541046, 64.996778 ], [ 16.387482, 65.321005 ] ] } },
{ "type": "Feature", "properties": { "from_node": 381, "to_node": 394, "length_km": 212.70903759986177, "delaunay_k": 2, "edge_set": "Delaunay2" }, "geometry": { "type": "LineString", "coordinates": [ [ 17.541046, 64.996778 ], [ 21.656799, 65.826407 ] ] } },
{ "type": "Feature", "properties": { "from_node": 381, "to_node": 408, "length_km": 214.32494538806799, "delaunay_k": 2, "edge_set": "Delaunay2" }, "geometry": { "type": "LineString", "coordinates": [ [ 17.541046, 64.996778 ], [ 20.429077, 66.505049 ] ] } },
{ "type": "Feature", "properties": { "from_node": 382, "to_node": 387, "length_km": 137.53339664870714, "delaunay_k": 2, "edge_set": "Delaunay2" }, "geometry": { "type": "LineString", "coordinates": [ [ 19.736938, 65.032742 ], [ 16.876373, 65.299207 ] ] } },
{ "type": "Feature", "properties": { "from_node": 382, "to_node": 388, "length_km": 160.4044636277242, "delaunay_k": 2, "edge_set": "Delaunay2" }, "geometry": { "type": "LineString", "coordinates": [ [ 19.736938, 65.032742 ], [ 16.387482, 65.321005 ] ] } },
{ "type": "Feature", "properties": { "from_node": 382, "to_node": 395, "length_km": 180.45882460689043, "delaunay_k": 2, "edge_set": "Delaunay2" }, "geometry": { "type": "LineString", "coordinates": [ [ 19.736938, 65.032742 ], [ 23.100128, 65.837089 ] ] } },
{ "type": "Feature", "properties": { "from_node": 382, "to_node": 398, "length_km": 185.01271605509277, "delaunay_k": 2, "edge_set": "Delaunay2" }, "geometry": { "type": "LineString", "coordinates": [ [ 19.736938, 65.032742 ], [ 23.072662, 65.938074 ] ] } },
{ "type": "Feature", "properties": { "from_node": 382, "to_node": 409, "length_km": 185.7476065881946, "delaunay_k": 2, "edge_set": "Delaunay2" }, "geometry": { "type": "LineString", "coordinates": [ [ 19.736938, 65.032742 ], [ 20.452423, 66.669299 ] ] } },
{ "type": "Feature", "properties": { "from_node": 382, "to_node": 411, "length_km": 190.05951476013232, "delaunay_k": 2, "edge_set": "Delaunay2" }, "geometry": { "type": "LineString", "coordinates": [ [ 19.736938, 65.032742 ], [ 20.037689, 66.729595 ] ] } },
{ "type": "Feature", "properties": { "from_node": 382, "to_node": 413, "length_km": 222.07233144041473, "delaunay_k": 2, "edge_set": "Delaunay2" }, "geometry": { "type": "LineString", "coordinates": [ [ 19.736938, 65.032742 ], [ 18.639679, 66.970387 ] ] } },
{ "type": "Feature", "properties": { "from_node": 383, "to_node": 390, "length_km": 145.77015813542678, "delaunay_k": 2, "edge_set": "Delaunay2" }, "geometry": { "type": "LineString", "coordinates": [ [ 12.7565, 65.20262 ], [ 15.812073, 65.485626 ] ] } },
{ "type": "Feature", "properties": { "from_node": 383, "to_node": 392, "length_km": 117.64519557294904, "delaunay_k": 2, "edge_set": "Delaunay2" }, "geometry": { "type": "LineString", "coordinates": [ [ 12.7565, 65.20262 ], [ 14.965643971847902, 65.721629736713297 ] ] } },
{ "type": "Feature", "properties": { "from_node": 383, "to_node": 401, "length_km": 114.60066123307793, "delaunay_k": 2, "edge_set": "Delaunay2" }, "geometry": { "type": "LineString", "coordinates": [ [ 12.7565, 65.20262 ], [ 13.763123, 66.142743 ] ] } },
{ "type": "Feature", "properties": { "from_node": 383, "to_node": 410, "length_km": 174.52856095260313, "delaunay_k": 2, "edge_set": "Delaunay2" }, "geometry": { "type": "LineString", "coordinates": [ [ 12.7565, 65.20262 ], [ 13.807068, 66.707884 ] ] } },
{ "type": "Feature", "properties": { "from_node": 384, "to_node": 385, "length_km": 192.93451276226318, "delaunay_k": 2, "edge_set": "Delaunay2" }, "geometry": { "type": "LineString", "coordinates": [ [ 17.049408, 65.221045 ], [ 21.169281, 65.270498 ] ] } },
{ "type": "Feature", "properties": { "from_node": 384, "to_node": 389, "length_km": 31.999601335076996, "delaunay_k": 2, "edge_set": "Delaunay2" }, "geometry": { "type": "LineString", "coordinates": [ [ 17.049408, 65.221045 ], [ 16.489105, 65.386291 ] ] } },
{ "type": "Feature", "properties": { "from_node": 384, "to_node": 390, "length_km": 64.758891365018087, "delaunay_k": 2, "edge_set": "Delaunay2" }, "geometry": { "type": "LineString", "coordinates": [ [ 17.049408, 65.221045 ], [ 15.812073, 65.485626 ] ] } },
{ "type": "Feature", "properties": { "from_node": 384, "to_node": 391, "length_km": 115.2301414423352, "delaunay_k": 2, "edge_set": "Delaunay2" }, "geometry": { "type": "LineString", "coordinates": [ [ 17.049408, 65.221045 ], [ 14.765625, 65.62429 ] ] } },
{ "type": "Feature", "properties": { "from_node": 384, "to_node": 394, "length_km": 223.85113577030464, "delaunay_k": 2, "edge_set": "Delaunay2" }, "geometry": { "type": "LineString", "coordinates": [ [ 17.049408, 65.221045 ], [ 21.656799, 65.826407 ] ] } },
{ "type": "Feature", "properties": { "from_node": 384, "to_node": 398, "length_km": 289.70925717989553, "delaunay_k": 2, "edge_set": "Delaunay2" }, "geometry": { "type": "LineString", "coordinates": [ [ 17.049408, 65.221045 ], [ 23.072662, 65.938074 ] ] } },
{ "type": "Feature", "properties": { "from_node": 384, "to_node": 409, "length_km": 223.9867822593819, "delaunay_k": 2, "edge_set": "Delaunay2" }, "geometry": { "type": "LineString", "coordinates": [ [ 17.049408, 65.221045 ], [ 20.452423, 66.669299 ] ] } },
{ "type": "Feature", "properties": { "from_node": 384, "to_node": 411, "length_km": 216.4350288851781, "delaunay_k": 2, "edge_set": "Delaunay2" }, "geometry": { "type": "LineString", "coordinates": [ [ 17.049408, 65.221045 ], [ 20.037689, 66.729595 ] ] } },
{ "type": "Feature", "properties": { "from_node": 384, "to_node": 413, "length_km": 208.11348154336886, "delaunay_k": 2, "edge_set": "Delaunay2" }, "geometry": { "type": "LineString", "coordinates": [ [ 17.049408, 65.221045 ], [ 18.639679, 66.970387 ] ] } },
{ "type": "Feature", "properties": { "from_node": 385, "to_node": 398, "length_km": 115.41522679453685, "delaunay_k": 2, "edge_set": "Delaunay2" }, "geometry": { "type": "LineString", "coordinates": [ [ 21.169281, 65.270498 ], [ 23.072662, 65.938074 ] ] } },
{ "type": "Feature", "properties": { "from_node": 385, "to_node": 408, "length_km": 142.06042900002799, "delaunay_k": 2, "edge_set": "Delaunay2" }, "geometry": { "type": "LineString", "coordinates": [ [ 21.169281, 65.270498 ], [ 20.429077, 66.505049 ] ] } },
{ "type": "Feature", "properties": { "from_node": 386, "to_node": 405, "length_km": 132.78149710184167, "delaunay_k": 2, "edge_set": "Delaunay2" }, "geometry": { "type": "LineString", "coordinates": [ [ 25.694275, 65.279688 ], [ 26.769562, 66.378809 ] ] } },
{ "type": "Feature", "properties": { "from_node": 386, "to_node": 406, "length_km": 127.08606608650859, "delaunay_k": 2, "edge_set": "Delaunay2" }, "geometry": { "type": "LineString", "coordinates": [ [ 25.694275, 65.279688 ], [ 25.717621, 66.413451 ] ] } },
{ "type": "Feature", "properties": { "from_node": 386, "to_node": 407, "length_km": 152.81858583343987, "delaunay_k": 2, "edge_set": "Delaunay2" }, "geometry": { "type": "LineString", "coordinates": [ [ 25.694275, 65.279688 ], [ 27.398529, 66.450241 ] ] } },
{ "type": "Feature", "properties": { "from_node": 386, "to_node": 418, "length_km": 250.06199430809642, "delaunay_k": 2, "edge_set": "Delaunay2" }, "geometry": { "type": "LineString", "coordinates": [ [ 25.694275, 65.279688 ], [ 25.085907, 67.498059 ] ] } },
{ "type": "Feature", "properties": { "from_node": 387, "to_node": 390, "length_km": 53.695915167766827, "delaunay_k": 2, "edge_set": "Delaunay2" }, "geometry": { "type": "LineString", "coordinates": [ [ 16.876373, 65.299207 ], [ 15.812073, 65.485626 ] ] } },
{ "type": "Feature", "properties": { "from_node": 387, "to_node": 392, "length_km": 100.23072805935405, "delaunay_k": 2, "edge_set": "Delaunay2" }, "geometry": { "type": "LineString", "coordinates": [ [ 16.876373, 65.299207 ], [ 14.965643971847902, 65.721629736713297 ] ] } },
{ "type": "Feature", "properties": { "from_node": 387, "to_node": 394, "length_km": 228.77772066812372, "delaunay_k": 2, "edge_set": "Delaunay2" }, "geometry": { "type": "LineString", "coordinates": [ [ 16.876373, 65.299207 ], [ 21.656799, 65.826407 ] ] } },
{ "type": "Feature", "properties": { "from_node": 387, "to_node": 398, "length_km": 294.74243327051448, "delaunay_k": 2, "edge_set": "Delaunay2" }, "geometry": { "type": "LineString", "coordinates": [ [ 16.876373, 65.299207 ], [ 23.072662, 65.938074 ] ] } },
{ "type": "Feature", "properties": { "from_node": 387, "to_node": 409, "length_km": 223.26124224057304, "delaunay_k": 2, "edge_set": "Delaunay2" }, "geometry": { "type": "LineString", "coordinates": [ [ 16.876373, 65.299207 ], [ 20.452423, 66.669299 ] ] } },
{ "type": "Feature", "properties": { "from_node": 387, "to_node": 411, "length_km": 214.74903104447367, "delaunay_k": 2, "edge_set": "Delaunay2" }, "geometry": { "type": "LineString", "coordinates": [ [ 16.876373, 65.299207 ], [ 20.037689, 66.729595 ] ] } },
{ "type": "Feature", "properties": { "from_node": 387, "to_node": 412, "length_km": 219.20312183248214, "delaunay_k": 2, "edge_set": "Delaunay2" }, "geometry": { "type": "LineString", "coordinates": [ [ 16.876373, 65.299207 ], [ 19.864655, 66.843267 ] ] } },
{ "type": "Feature", "properties": { "from_node": 387, "to_node": 414, "length_km": 230.7915619189603, "delaunay_k": 2, "edge_set": "Delaunay2" }, "geometry": { "type": "LineString", "coordinates": [ [ 16.876373, 65.299207 ], [ 19.866028, 66.975221 ] ] } },
{ "type": "Feature", "properties": { "from_node": 387, "to_node": 416, "length_km": 227.5789399869501, "delaunay_k": 2, "edge_set": "Delaunay2" }, "geometry": { "type": "LineString", "coordinates": [ [ 16.876373, 65.299207 ], [ 15.757141, 67.288485 ] ] } },
{ "type": "Feature", "properties": { "from_node": 387, "to_node": 417, "length_km": 253.74745019415755, "delaunay_k": 2, "edge_set": "Delaunay2" }, "geometry": { "type": "LineString", "coordinates": [ [ 16.876373, 65.299207 ], [ 18.366394, 67.492803 ] ] } },
{ "type": "Feature", "properties": { "from_node": 387, "to_node": 422, "length_km": 262.70888228761135, "delaunay_k": 2, "edge_set": "Delaunay2" }, "geometry": { "type": "LineString", "coordinates": [ [ 16.876373, 65.299207 ], [ 17.992859, 67.610267 ] ] } },
{ "type": "Feature", "properties": { "from_node": 388, "to_node": 391, "length_km": 82.452031455027054, "delaunay_k": 2, "edge_set": "Delaunay2" }, "geometry": { "type": "LineString", "coordinates": [ [ 16.387482, 65.321005 ], [ 14.765625, 65.62429 ] ] } },
{ "type": "Feature", "properties": { "from_node": 388, "to_node": 392, "length_km": 79.539676785745542, "delaunay_k": 2, "edge_set": "Delaunay2" }, "geometry": { "type": "LineString", "coordinates": [ [ 16.387482, 65.321005 ], [ 14.965643971847902, 65.721629736713297 ] ] } },
{ "type": "Feature", "properties": { "from_node": 388, "to_node": 408, "length_km": 226.79928774546784, "delaunay_k": 2, "edge_set": "Delaunay2" }, "geometry": { "type": "LineString", "coordinates": [ [ 16.387482, 65.321005 ], [ 20.429077, 66.505049 ] ] } },
{ "type": "Feature", "properties": { "from_node": 388, "to_node": 413, "length_km": 210.32681501393498, "delaunay_k": 2, "edge_set": "Delaunay2" }, "geometry": { "type": "LineString", "coordinates": [ [ 16.387482, 65.321005 ], [ 18.639679, 66.970387 ] ] } },
{ "type": "Feature", "properties": { "from_node": 389, "to_node": 391, "length_km": 84.104428393210043, "delaunay_k": 2, "edge_set": "Delaunay2" }, "geometry": { "type": "LineString", "coordinates": [ [ 16.489105, 65.386291 ], [ 14.765625, 65.62429 ] ] } },
{ "type": "Feature", "properties": { "from_node": 389, "to_node": 392, "length_km": 79.73291637438885, "delaunay_k": 2, "edge_set": "Delaunay2" }, "geometry": { "type": "LineString", "coordinates": [ [ 16.489105, 65.386291 ], [ 14.965643971847902, 65.721629736713297 ] ] } },
{ "type": "Feature", "properties": { "from_node": 389, "to_node": 408, "length_km": 218.63049785571985, "delaunay_k": 2, "edge_set": "Delaunay2" }, "geometry": { "type": "LineString", "coordinates": [ [ 16.489105, 65.386291 ], [ 20.429077, 66.505049 ] ] } },
{ "type": "Feature", "properties": { "from_node": 389, "to_node": 411, "length_km": 219.93516453437167, "delaunay_k": 2, "edge_set": "Delaunay2" }, "geometry": { "type": "LineString", "coordinates": [ [ 16.489105, 65.386291 ], [ 20.037689, 66.729595 ] ] } },
{ "type": "Feature", "properties": { "from_node": 389, "to_node": 412, "length_km": 223.08377528657147, "delaunay_k": 2, "edge_set": "Delaunay2" }, "geometry": { "type": "LineString", "coordinates": [ [ 16.489105, 65.386291 ], [ 19.864655, 66.843267 ] ] } },
{ "type": "Feature", "properties": { "from_node": 389, "to_node": 414, "length_km": 233.81475823320608, "delaunay_k": 2, "edge_set": "Delaunay2" }, "geometry": { "type": "LineString", "coordinates": [ [ 16.489105, 65.386291 ], [ 19.866028, 66.975221 ] ] } },
{ "type": "Feature", "properties": { "from_node": 389, "to_node": 416, "length_km": 214.75893669656304, "delaunay_k": 2, "edge_set": "Delaunay2" }, "geometry": { "type": "LineString", "coordinates": [ [ 16.489105, 65.386291 ], [ 15.757141, 67.288485 ] ] } },
{ "type": "Feature", "properties": { "from_node": 389, "to_node": 417, "length_km": 249.59303147824468, "delaunay_k": 2, "edge_set": "Delaunay2" }, "geometry": { "type": "LineString", "coordinates": [ [ 16.489105, 65.386291 ], [ 18.366394, 67.492803 ] ] } },
{ "type": "Feature", "properties": { "from_node": 389, "to_node": 422, "length_km": 257.08104187610098, "delaunay_k": 2, "edge_set": "Delaunay2" }, "geometry": { "type": "LineString", "coordinates": [ [ 16.489105, 65.386291 ], [ 17.992859, 67.610267 ] ] } },
{ "type": "Feature", "properties": { "from_node": 390, "to_node": 396, "length_km": 122.65735835882565, "delaunay_k": 2, "edge_set": "Delaunay2" }, "geometry": { "type": "LineString", "coordinates": [ [ 15.812073, 65.485626 ], [ 13.289337, 65.841024 ] ] } },
{ "type": "Feature", "properties": { "from_node": 390, "to_node": 401, "length_km": 118.98308446847641, "delaunay_k": 2, "edge_set": "Delaunay2" }, "geometry": { "type": "LineString", "coordinates": [ [ 15.812073, 65.485626 ], [ 13.763123, 66.142743 ] ] } },
{ "type": "Feature", "properties": { "from_node": 390, "to_node": 402, "length_km": 115.59797310205285, "delaunay_k": 2, "edge_set": "Delaunay2" }, "geometry": { "type": "LineString", "coordinates": [ [ 15.812073, 65.485626 ], [ 14.191589, 66.282328 ] ] } },
{ "type": "Feature", "properties": { "from_node": 390, "to_node": 408, "length_km": 238.70797284126385, "delaunay_k": 2, "edge_set": "Delaunay2" }, "geometry": { "type": "LineString", "coordinates": [ [ 15.812073, 65.485626 ], [ 20.429077, 66.505049 ] ] } },
{ "type": "Feature", "properties": { "from_node": 390, "to_node": 411, "length_km": 236.28355298888056, "delaunay_k": 2, "edge_set": "Delaunay2" }, "geometry": { "type": "LineString", "coordinates": [ [ 15.812073, 65.485626 ], [ 20.037689, 66.729595 ] ] } },
{ "type": "Feature", "properties": { "from_node": 390, "to_node": 412, "length_km": 237.54219612096503, "delaunay_k": 2, "edge_set": "Delaunay2" }, "geometry": { "type": "LineString", "coordinates": [ [ 15.812073, 65.485626 ], [ 19.864655, 66.843267 ] ] } },
{ "type": "Feature", "properties": { "from_node": 390, "to_node": 414, "length_km": 246.8818756933758, "delaunay_k": 2, "edge_set": "Delaunay2" }, "geometry": { "type": "LineString", "coordinates": [ [ 15.812073, 65.485626 ], [ 19.866028, 66.975221 ] ] } },
{ "type": "Feature", "properties": { "from_node": 390, "to_node": 416, "length_km": 201.15700159401641, "delaunay_k": 2, "edge_set": "Delaunay2" }, "geometry": { "type": "LineString", "coordinates": [ [ 15.812073, 65.485626 ], [ 15.757141, 67.288485 ] ] } },
{ "type": "Feature", "properties": { "from_node": 390, "to_node": 417, "length_km": 251.23110575514079, "delaunay_k": 2, "edge_set": "Delaunay2" }, "geometry": { "type": "LineString", "coordinates": [ [ 15.812073, 65.485626 ], [ 18.366394, 67.492803 ] ] } },
{ "type": "Feature", "properties": { "from_node": 390, "to_node": 422, "length_km": 256.1305083528452, "delaunay_k": 2, "edge_set": "Delaunay2" }, "geometry": { "type": "LineString", "coordinates": [ [ 15.812073, 65.485626 ], [ 17.992859, 67.610267 ] ] } },
{ "type": "Feature", "properties": { "from_node": 391, "to_node": 402, "length_km": 77.902891263055011, "delaunay_k": 2, "edge_set": "Delaunay2" }, "geometry": { "type": "LineString", "coordinates": [ [ 14.765625, 65.62429 ], [ 14.191589, 66.282328 ] ] } },
{ "type": "Feature", "properties": { "from_node": 391, "to_node": 410, "length_km": 128.36105840262621, "delaunay_k": 2, "edge_set": "Delaunay2" }, "geometry": { "type": "LineString", "coordinates": [ [ 14.765625, 65.62429 ], [ 13.807068, 66.707884 ] ] } },
{ "type": "Feature", "properties": { "from_node": 391, "to_node": 413, "length_km": 229.78302138364117, "delaunay_k": 2, "edge_set": "Delaunay2" }, "geometry": { "type": "LineString", "coordinates": [ [ 14.765625, 65.62429 ], [ 18.639679, 66.970387 ] ] } },
{ "type": "Feature", "properties": { "from_node": 391, "to_node": 416, "length_km": 190.84225287425085, "delaunay_k": 2, "edge_set": "Delaunay2" }, "geometry": { "type": "LineString", "coordinates": [ [ 14.765625, 65.62429 ], [ 15.757141, 67.288485 ] ] } },
{ "type": "Feature", "properties": { "from_node": 392, "to_node": 396, "length_km": 77.923694797942133, "delaunay_k": 2, "edge_set": "Delaunay2" }, "geometry": { "type": "LineString", "coordinates": [ [ 14.965643971847902, 65.721629736713297 ], [ 13.289337, 65.841024 ] ] } },
{ "type": "Feature", "properties": { "from_node": 392, "to_node": 408, "length_km": 262.13557815662165, "delaunay_k": 2, "edge_set": "Delaunay2" }, "geometry": { "type": "LineString", "coordinates": [ [ 14.965643971847902, 65.721629736713297 ], [ 20.429077, 66.505049 ] ] } },
{ "type": "Feature", "properties": { "from_node": 392, "to_node": 410, "length_km": 121.74605726296573, "delaunay_k": 2, "edge_set": "Delaunay2" }, "geometry": { "type": "LineString", "coordinates": [ [ 14.965643971847902, 65.721629736713297 ], [ 13.807068, 66.707884 ] ] } },
{ "type": "Feature", "properties": { "from_node": 392, "to_node": 411, "length_km": 254.58281284028081, "delaunay_k": 2, "edge_set": "Delaunay2" }, "geometry": { "type": "LineString", "coordinates": [ [ 14.965643971847902, 65.721629736713297 ], [ 20.037689, 66.729595 ] ] } },
{ "type": "Feature", "properties": { "from_node": 392, "to_node": 412, "length_km": 253.1885301767654, "delaunay_k": 2, "edge_set": "Delaunay2" }, "geometry": { "type": "LineString", "coordinates": [ [ 14.965643971847902, 65.721629736713297 ], [ 19.864655, 66.843267 ] ] } },
{ "type": "Feature", "properties": { "from_node": 392, "to_node": 414, "length_km": 260.33748755554711, "delaunay_k": 2, "edge_set": "Delaunay2" }, "geometry": { "type": "LineString", "coordinates": [ [ 14.965643971847902, 65.721629736713297 ], [ 19.866028, 66.975221 ] ] } },
{ "type": "Feature", "properties": { "from_node": 392, "to_node": 417, "length_km": 248.55801777696914, "delaunay_k": 2, "edge_set": "Delaunay2" }, "geometry": { "type": "LineString", "coordinates": [ [ 14.965643971847902, 65.721629736713297 ], [ 18.366394, 67.492803 ] ] } },
{ "type": "Feature", "properties": { "from_node": 392, "to_node": 420, "length_km": 212.98186605425136, "delaunay_k": 2, "edge_set": "Delaunay2" }, "geometry": { "type": "LineString", "coordinates": [ [ 14.965643971847902, 65.721629736713297 ], [ 15.850525, 67.598233 ] ] } },
{ "type": "Feature", "properties": { "from_node": 392, "to_node": 422, "length_km": 249.65003492355601, "delaunay_k": 2, "edge_set": "Delaunay2" }, "geometry": { "type": "LineString", "coordinates": [ [ 14.965643971847902, 65.721629736713297 ], [ 17.992859, 67.610267 ] ] } },
{ "type": "Feature", "properties": { "from_node": 393, "to_node": 394, "length_km": 126.57079006929828, "delaunay_k": 2, "edge_set": "Delaunay2" }, "geometry": { "type": "LineString", "coordinates": [ [ 24.411621, 65.781941 ], [ 21.656799, 65.826407 ] ] } },
{ "type": "Feature", "properties": { "from_node": 393, "to_node": 399, "length_km": 32.479194475891163, "delaunay_k": 2, "edge_set": "Delaunay2" }, "geometry": { "type": "LineString", "coordinates": [ [ 24.411621, 65.781941 ], [ 24.892273, 65.995123 ] ] } },
{ "type": "Feature", "properties": { "from_node": 393, "to_node": 400, "length_km": 50.160103737018616, "delaunay_k": 2, "edge_set": "Delaunay2" }, "geometry": { "type": "LineString", "coordinates": [ [ 24.411621, 65.781941 ], [ 25.069427, 66.140521 ] ] } },
{ "type": "Feature", "properties": { "from_node": 393, "to_node": 408, "length_km": 197.62939272935844, "delaunay_k": 2, "edge_set": "Delaunay2" }, "geometry": { "type": "LineString", "coordinates": [ [ 24.411621, 65.781941 ], [ 20.429077, 66.505049 ] ] } },
{ "type": "Feature", "properties": { "from_node": 393, "to_node": 409, "length_km": 204.38946100401105, "delaunay_k": 2, "edge_set": "Delaunay2" }, "geometry": { "type": "LineString", "coordinates": [ [ 24.411621, 65.781941 ], [ 20.452423, 66.669299 ] ] } },
{ "type": "Feature", "properties": { "from_node": 393, "to_node": 418, "length_km": 194.5146909995363, "delaunay_k": 2, "edge_set": "Delaunay2" }, "geometry": { "type": "LineString", "coordinates": [ [ 24.411621, 65.781941 ], [ 25.085907, 67.498059 ] ] } },
{ "type": "Feature", "properties": { "from_node": 394, "to_node": 397, "length_km": 135.55157185972627, "delaunay_k": 2, "edge_set": "Delaunay2" }, "geometry": { "type": "LineString", "coordinates": [ [ 21.656799, 65.826407 ], [ 24.612122, 65.877531 ] ] } },
{ "type": "Feature", "properties": { "from_node": 394, "to_node": 399, "length_km": 149.13631027139402, "delaunay_k": 2, "edge_set": "Delaunay2" }, "geometry": { "type": "LineString", "coordinates": [ [ 21.656799, 65.826407 ], [ 24.892273, 65.995123 ] ] } },
{ "type": "Feature", "properties": { "from_node": 394, "to_node": 400, "length_km": 159.51615275139804, "delaunay_k": 2, "edge_set": "Delaunay2" }, "geometry": { "type": "LineString", "coordinates": [ [ 21.656799, 65.826407 ], [ 25.069427, 66.140521 ] ] } },
{ "type": "Feature", "properties": { "from_node": 394, "to_node": 409, "length_km": 108.72648232591683, "delaunay_k": 2, "edge_set": "Delaunay2" }, "geometry": { "type": "LineString", "coordinates": [ [ 21.656799, 65.826407 ], [ 20.452423, 66.669299 ] ] } },
{ "type": "Feature", "properties": { "from_node": 394, "to_node": 411, "length_km": 124.49304502135128, "delaunay_k": 2, "edge_set": "Delaunay2" }, "geometry": { "type": "LineString", "coordinates": [ [ 21.656799, 65.826407 ], [ 20.037689, 66.729595 ] ] } },
{ "type": "Feature", "properties": { "from_node": 394, "to_node": 413, "length_km": 185.95448155204869, "delaunay_k": 2, "edge_set": "Delaunay2" }, "geometry": { "type": "LineString", "coordinates": [ [ 21.656799, 65.826407 ], [ 18.639679, 66.970387 ] ] } },
{ "type": "Feature", "properties": { "from_node": 394, "to_node": 418, "length_km": 241.06504560537343, "delaunay_k": 2, "edge_set": "Delaunay2" }, "geometry": { "type": "LineString", "coordinates": [ [ 21.656799, 65.826407 ], [ 25.085907, 67.498059 ] ] } },
{ "type": "Feature", "properties": { "from_node": 395, "to_node": 397, "length_km": 69.456280160115938, "delaunay_k": 2, "edge_set": "Delaunay2" }, "geometry": { "type": "LineString", "coordinates": [ [ 23.100128, 65.837089 ], [ 24.612122, 65.877531 ] ] } },
{ "type": "Feature", "properties": { "from_node": 395, "to_node": 399, "length_km": 83.85488725540344, "delaunay_k": 2, "edge_set": "Delaunay2" }, "geometry": { "type": "LineString", "coordinates": [ [ 23.100128, 65.837089 ], [ 24.892273, 65.995123 ] ] } },
{ "type": "Feature", "properties": { "from_node": 395, "to_node": 400, "length_km": 96.025501495545484, "delaunay_k": 2, "edge_set": "Delaunay2" }, "geometry": { "type": "LineString", "coordinates": [ [ 23.100128, 65.837089 ], [ 25.069427, 66.140521 ] ] } },
{ "type": "Feature", "properties": { "from_node": 395, "to_node": 408, "length_km": 142.00259496453734, "delaunay_k": 2, "edge_set": "Delaunay2" }, "geometry": { "type": "LineString", "coordinates": [ [ 23.100128, 65.837089 ], [ 20.429077, 66.505049 ] ] } },
{ "type": "Feature", "properties": { "from_node": 395, "to_node": 409, "length_km": 151.31768353449615, "delaunay_k": 2, "edge_set": "Delaunay2" }, "geometry": { "type": "LineString", "coordinates": [ [ 23.100128, 65.837089 ], [ 20.452423, 66.669299 ] ] } },
{ "type": "Feature", "properties": { "from_node": 395, "to_node": 418, "length_km": 205.74837440993883, "delaunay_k": 2, "edge_set": "Delaunay2" }, "geometry": { "type": "LineString", "coordinates": [ [ 23.100128, 65.837089 ], [ 25.085907, 67.498059 ] ] } },
{ "type": "Feature", "properties": { "from_node": 396, "to_node": 402, "length_km": 63.97500457332692, "delaunay_k": 2, "edge_set": "Delaunay2" }, "geometry": { "type": "LineString", "coordinates": [ [ 13.289337, 65.841024 ], [ 14.191589, 66.282328 ] ] } },
{ "type": "Feature", "properties": { "from_node": 396, "to_node": 416, "length_km": 195.10730067747906, "delaunay_k": 2, "edge_set": "Delaunay2" }, "geometry": { "type": "LineString", "coordinates": [ [ 13.289337, 65.841024 ], [ 15.757141, 67.288485 ] ] } },
{ "type": "Feature", "properties": { "from_node": 396, "to_node": 420, "length_km": 226.22578877446139, "delaunay_k": 2, "edge_set": "Delaunay2" }, "geometry": { "type": "LineString", "coordinates": [ [ 13.289337, 65.841024 ], [ 15.850525, 67.598233 ] ] } },
{ "type": "Feature", "properties": { "from_node": 397, "to_node": 400, "length_km": 36.091757134781091, "delaunay_k": 2, "edge_set": "Delaunay2" }, "geometry": { "type": "LineString", "coordinates": [ [ 24.612122, 65.877531 ], [ 25.069427, 66.140521 ] ] } },
{ "type": "Feature", "properties": { "from_node": 397, "to_node": 403, "length_km": 58.520196101604881, "delaunay_k": 2, "edge_set": "Delaunay2" }, "geometry": { "type": "LineString", "coordinates": [ [ 24.612122, 65.877531 ], [ 25.415497, 66.285642 ] ] } },
{ "type": "Feature", "properties": { "from_node": 397, "to_node": 404, "length_km": 121.09321432158603, "delaunay_k": 2, "edge_set": "Delaunay2" }, "geometry": { "type": "LineString", "coordinates": [ [ 24.612122, 65.877531 ], [ 27.030487, 66.33089 ] ] } },
{ "type": "Feature", "properties": { "from_node": 397, "to_node": 408, "length_km": 201.66203076152644, "delaunay_k": 2, "edge_set": "Delaunay2" }, "geometry": { "type": "LineString", "coordinates": [ [ 24.612122, 65.877531 ], [ 20.429077, 66.505049 ] ] } },
{ "type": "Feature", "properties": { "from_node": 397, "to_node": 409, "length_km": 207.25278024199355, "delaunay_k": 2, "edge_set": "Delaunay2" }, "geometry": { "type": "LineString", "coordinates": [ [ 24.612122, 65.877531 ], [ 20.452423, 66.669299 ] ] } },
{ "type": "Feature", "properties": { "from_node": 397, "to_node": 418, "length_km": 182.71083078083376, "delaunay_k": 2, "edge_set": "Delaunay2" }, "geometry": { "type": "LineString", "coordinates": [ [ 24.612122, 65.877531 ], [ 25.085907, 67.498059 ] ] } },
{ "type": "Feature", "properties": { "from_node": 398, "to_node": 403, "length_km": 113.2379484455481, "delaunay_k": 2, "edge_set": "Delaunay2" }, "geometry": { "type": "LineString", "coordinates": [ [ 23.072662, 65.938074 ], [ 25.415497, 66.285642 ] ] } },
{ "type": "Feature", "properties": { "from_node": 398, "to_node": 406, "length_km": 131.05405943892131, "delaunay_k": 2, "edge_set": "Delaunay2" }, "geometry": { "type": "LineString", "coordinates": [ [ 23.072662, 65.938074 ], [ 25.717621, 66.413451 ] ] } },
{ "type": "Feature", "properties": { "from_node": 398, "to_node": 411, "length_km": 162.52558178986453, "delaunay_k": 2, "edge_set": "Delaunay2" }, "geometry": { "type": "LineString", "coordinates": [ [ 23.072662, 65.938074 ], [ 20.037689, 66.729595 ] ] } },
{ "type": "Feature", "properties": { "from_node": 398, "to_node": 412, "length_km": 175.80077021197107, "delaunay_k": 2, "edge_set": "Delaunay2" }, "geometry": { "type": "LineString", "coordinates": [ [ 23.072662, 65.938074 ], [ 19.864655, 66.843267 ] ] } },
{ "type": "Feature", "properties": { "from_node": 398, "to_node": 413, "length_km": 229.21256775722205, "delaunay_k": 2, "edge_set": "Delaunay2" }, "geometry": { "type": "LineString", "coordinates": [ [ 23.072662, 65.938074 ], [ 18.639679, 66.970387 ] ] } },
{ "type": "Feature", "properties": { "from_node": 398, "to_node": 414, "length_km": 184.33754274405871, "delaunay_k": 2, "edge_set": "Delaunay2" }, "geometry": { "type": "LineString", "coordinates": [ [ 23.072662, 65.938074 ], [ 19.866028, 66.975221 ] ] } },
{ "type": "Feature", "properties": { "from_node": 398, "to_node": 419, "length_km": 228.78470256674549, "delaunay_k": 2, "edge_set": "Delaunay2" }, "geometry": { "type": "LineString", "coordinates": [ [ 23.072662, 65.938074 ], [ 26.098022, 67.596139 ] ] } },
{ "type": "Feature", "properties": { "from_node": 398, "to_node": 425, "length_km": 362.62942882914189, "delaunay_k": 2, "edge_set": "Delaunay2" }, "geometry": { "type": "LineString", "coordinates": [ [ 23.072662, 65.938074 ], [ 27.674561, 68.645556 ] ] } },
{ "type": "Feature", "properties": { "from_node": 398, "to_node": 428, "length_km": 387.00595307613906, "delaunay_k": 2, "edge_set": "Delaunay2" }, "geometry": { "type": "LineString", "coordinates": [ [ 23.072662, 65.938074 ], [ 20.376892, 69.243986 ] ] } },
{ "type": "Feature", "properties": { "from_node": 398, "to_node": 429, "length_km": 400.00250646136209, "delaunay_k": 2, "edge_set": "Delaunay2" }, "geometry": { "type": "LineString", "coordinates": [ [ 23.072662, 65.938074 ], [ 21.041565, 69.431516 ] ] } },
{ "type": "Feature", "properties": { "from_node": 398, "to_node": 433, "length_km": 420.62464685653066, "delaunay_k": 2, "edge_set": "Delaunay2" }, "geometry": { "type": "LineString", "coordinates": [ [ 23.072662, 65.938074 ], [ 23.990021, 69.68142 ] ] } },
{ "type": "Feature", "properties": { "from_node": 399, "to_node": 403, "length_km": 40.285141903337681, "delaunay_k": 2, "edge_set": "Delaunay2" }, "geometry": { "type": "LineString", "coordinates": [ [ 24.892273, 65.995123 ], [ 25.415497, 66.285642 ] ] } },
{ "type": "Feature", "properties": { "from_node": 399, "to_node": 404, "length_km": 104.01618805010317, "delaunay_k": 2, "edge_set": "Delaunay2" }, "geometry": { "type": "LineString", "coordinates": [ [ 24.892273, 65.995123 ], [ 27.030487, 66.33089 ] ] } },
{ "type": "Feature", "properties": { "from_node": 399, "to_node": 408, "length_km": 209.18497391222135, "delaunay_k": 2, "edge_set": "Delaunay2" }, "geometry": { "type": "LineString", "coordinates": [ [ 24.892273, 65.995123 ], [ 20.429077, 66.505049 ] ] } },
{ "type": "Feature", "properties": { "from_node": 399, "to_node": 409, "length_km": 213.31978924634052, "delaunay_k": 2, "edge_set": "Delaunay2" }, "geometry": { "type": "LineString", "coordinates": [ [ 24.892273, 65.995123 ], [ 20.452423, 66.669299 ] ] } },
{ "type": "Feature", "properties": { "from_node": 399, "to_node": 418, "length_km": 168.55968859595586, "delaunay_k": 2, "edge_set": "Delaunay2" }, "geometry": { "type": "LineString", "coordinates": [ [ 24.892273, 65.995123 ], [ 25.085907, 67.498059 ] ] } },
{ "type": "Feature", "properties": { "from_node": 400, "to_node": 404, "length_km": 91.215036357597157, "delaunay_k": 2, "edge_set": "Delaunay2" }, "geometry": { "type": "LineString", "coordinates": [ [ 25.069427, 66.140521 ], [ 27.030487, 66.33089 ] ] } },
{ "type": "Feature", "properties": { "from_node": 400, "to_node": 405, "length_km": 81.315384344459915, "delaunay_k": 2, "edge_set": "Delaunay2" }, "geometry": { "type": "LineString", "coordinates": [ [ 25.069427, 66.140521 ], [ 26.769562, 66.378809 ] ] } },
{ "type": "Feature", "properties": { "from_node": 400, "to_node": 406, "length_km": 42.319418834467697, "delaunay_k": 2, "edge_set": "Delaunay2" }, "geometry": { "type": "LineString", "coordinates": [ [ 25.069427, 66.140521 ], [ 25.717621, 66.413451 ] ] } },
{ "type": "Feature", "properties": { "from_node": 400, "to_node": 408, "length_km": 212.59783252685918, "delaunay_k": 2, "edge_set": "Delaunay2" }, "geometry": { "type": "LineString", "coordinates": [ [ 25.069427, 66.140521 ], [ 20.429077, 66.505049 ] ] } },
{ "type": "Feature", "properties": { "from_node": 400, "to_node": 409, "length_km": 215.20426666664238, "delaunay_k": 2, "edge_set": "Delaunay2" }, "geometry": { "type": "LineString", "coordinates": [ [ 25.069427, 66.140521 ], [ 20.452423, 66.669299 ] ] } },
{ "type": "Feature", "properties": { "from_node": 400, "to_node": 414, "length_km": 249.79866925116247, "delaunay_k": 2, "edge_set": "Delaunay2" }, "geometry": { "type": "LineString", "coordinates": [ [ 25.069427, 66.140521 ], [ 19.866028, 66.975221 ] ] } },
{ "type": "Feature", "properties": { "from_node": 400, "to_node": 419, "length_km": 169.27199789802404, "delaunay_k": 2, "edge_set": "Delaunay2" }, "geometry": { "type": "LineString", "coordinates": [ [ 25.069427, 66.140521 ], [ 26.098022, 67.596139 ] ] } },
{ "type": "Feature", "properties": { "from_node": 400, "to_node": 425, "length_km": 302.35674466423677, "delaunay_k": 2, "edge_set": "Delaunay2" }, "geometry": { "type": "LineString", "coordinates": [ [ 25.069427, 66.140521 ], [ 27.674561, 68.645556 ] ] } },
{ "type": "Feature", "properties": { "from_node": 400, "to_node": 428, "length_km": 400.12626895258552, "delaunay_k": 2, "edge_set": "Delaunay2" }, "geometry": { "type": "LineString", "coordinates": [ [ 25.069427, 66.140521 ], [ 20.376892, 69.243986 ] ] } },
{ "type": "Feature", "properties": { "from_node": 400, "to_node": 429, "length_km": 405.57011016520823, "delaunay_k": 2, "edge_set": "Delaunay2" }, "geometry": { "type": "LineString", "coordinates": [ [ 25.069427, 66.140521 ], [ 21.041565, 69.431516 ] ] } },
{ "type": "Feature", "properties": { "from_node": 400, "to_node": 433, "length_km": 399.00444534150495, "delaunay_k": 2, "edge_set": "Delaunay2" }, "geometry": { "type": "LineString", "coordinates": [ [ 25.069427, 66.140521 ], [ 23.990021, 69.68142 ] ] } },
{ "type": "Feature", "properties": { "from_node": 401, "to_node": 413, "length_km": 235.49353288573874, "delaunay_k": 2, "edge_set": "Delaunay2" }, "geometry": { "type": "LineString", "coordinates": [ [ 13.763123, 66.142743 ], [ 18.639679, 66.970387 ] ] } },
{ "type": "Feature", "properties": { "from_node": 401, "to_node": 416, "length_km": 155.16832266929492, "delaunay_k": 2, "edge_set": "Delaunay2" }, "geometry": { "type": "LineString", "coordinates": [ [ 13.763123, 66.142743 ], [ 15.757141, 67.288485 ] ] } },
{ "type": "Feature", "properties": { "from_node": 401, "to_node": 420, "length_km": 186.37952575033114, "delaunay_k": 2, "edge_set": "Delaunay2" }, "geometry": { "type": "LineString", "coordinates": [ [ 13.763123, 66.142743 ], [ 15.850525, 67.598233 ] ] } },
{ "type": "Feature", "properties": { "from_node": 401, "to_node": 432, "length_km": 449.23992219083135, "delaunay_k": 2, "edge_set": "Delaunay2" }, "geometry": { "type": "LineString", "coordinates": [ [ 13.763123, 66.142743 ], [ 19.158783, 69.620772 ] ] } },
{ "type": "Feature", "properties": { "from_node": 402, "to_node": 413, "length_km": 211.49604477393211, "delaunay_k": 2, "edge_set": "Delaunay2" }, "geometry": { "type": "LineString", "coordinates": [ [ 14.191589, 66.282328 ], [ 18.639679, 66.970387 ] ] } },
{ "type": "Feature", "properties": { "from_node": 402, "to_node": 420, "length_km": 163.74108550295142, "delaunay_k": 2, "edge_set": "Delaunay2" }, "geometry": { "type": "LineString", "coordinates": [ [ 14.191589, 66.282328 ], [ 15.850525, 67.598233 ] ] } },
{ "type": "Feature", "properties": { "from_node": 402, "to_node": 422, "length_km": 222.6448209511903, "delaunay_k": 2, "edge_set": "Delaunay2" }, "geometry": { "type": "LineString", "coordinates": [ [ 14.191589, 66.282328 ], [ 17.992859, 67.610267 ] ] } },
{ "type": "Feature", "properties": { "from_node": 402, "to_node": 432, "length_km": 426.54945009452882, "delaunay_k": 2, "edge_set": "Delaunay2" }, "geometry": { "type": "LineString", "coordinates": [ [ 14.191589, 66.282328 ], [ 19.158783, 69.620772 ] ] } },
{ "type": "Feature", "properties": { "from_node": 403, "to_node": 407, "length_km": 91.113667182814567, "delaunay_k": 2, "edge_set": "Delaunay2" }, "geometry": { "type": "LineString", "coordinates": [ [ 25.415497, 66.285642 ], [ 27.398529, 66.450241 ] ] } },
{ "type": "Feature", "properties": { "from_node": 403, "to_node": 409, "length_km": 225.91006152438266, "delaunay_k": 2, "edge_set": "Delaunay2" }, "geometry": { "type": "LineString", "coordinates": [ [ 25.415497, 66.285642 ], [ 20.452423, 66.669299 ] ] } },
{ "type": "Feature", "properties": { "from_node": 403, "to_node": 414, "length_km": 258.19566386860612, "delaunay_k": 2, "edge_set": "Delaunay2" }, "geometry": { "type": "LineString", "coordinates": [ [ 25.415497, 66.285642 ], [ 19.866028, 66.975221 ] ] } },
{ "type": "Feature", "properties": { "from_node": 403, "to_node": 415, "length_km": 137.878775106467, "delaunay_k": 2, "edge_set": "Delaunay2" }, "geometry": { "type": "LineString", "coordinates": [ [ 25.415497, 66.285642 ], [ 27.387543, 67.23753 ] ] } },
{ "type": "Feature", "properties": { "from_node": 403, "to_node": 419, "length_km": 149.87977353098537, "delaunay_k": 2, "edge_set": "Delaunay2" }, "geometry": { "type": "LineString", "coordinates": [ [ 25.415497, 66.285642 ], [ 26.098022, 67.596139 ] ] } },
{ "type": "Feature", "properties": { "from_node": 403, "to_node": 425, "length_km": 281.76229794847865, "delaunay_k": 2, "edge_set": "Delaunay2" }, "geometry": { "type": "LineString", "coordinates": [ [ 25.415497, 66.285642 ], [ 27.674561, 68.645556 ] ] } },
{ "type": "Feature", "properties": { "from_node": 403, "to_node": 428, "length_km": 393.57921959406417, "delaunay_k": 2, "edge_set": "Delaunay2" }, "geometry": { "type": "LineString", "coordinates": [ [ 25.415497, 66.285642 ], [ 20.376892, 69.243986 ] ] } },
{ "type": "Feature", "properties": { "from_node": 403, "to_node": 429, "length_km": 397.24714361067691, "delaunay_k": 2, "edge_set": "Delaunay2" }, "geometry": { "type": "LineString", "coordinates": [ [ 25.415497, 66.285642 ], [ 21.041565, 69.431516 ] ] } },
{ "type": "Feature", "properties": { "from_node": 403, "to_node": 433, "length_km": 384.8680489384098, "delaunay_k": 2, "edge_set": "Delaunay2" }, "geometry": { "type": "LineString", "coordinates": [ [ 25.415497, 66.285642 ], [ 23.990021, 69.68142 ] ] } },
{ "type": "Feature", "properties": { "from_node": 404, "to_node": 406, "length_km": 59.782590401941334, "delaunay_k": 2, "edge_set": "Delaunay2" }, "geometry": { "type": "LineString", "coordinates": [ [ 27.030487, 66.33089 ], [ 25.717621, 66.413451 ] ] } },
{ "type": "Feature", "properties": { "from_node": 404, "to_node": 415, "length_km": 102.92358838305289, "delaunay_k": 2, "edge_set": "Delaunay2" }, "geometry": { "type": "LineString", "coordinates": [ [ 27.030487, 66.33089 ], [ 27.387543, 67.23753 ] ] } },
{ "type": "Feature", "properties": { "from_node": 404, "to_node": 418, "length_km": 156.29566093723571, "delaunay_k": 2, "edge_set": "Delaunay2" }, "geometry": { "type": "LineString", "coordinates": [ [ 27.030487, 66.33089 ], [ 25.085907, 67.498059 ] ] } },
{ "type": "Feature", "properties": { "from_node": 405, "to_node": 418, "length_km": 145.62351584295322, "delaunay_k": 2, "edge_set": "Delaunay2" }, "geometry": { "type": "LineString", "coordinates": [ [ 26.769562, 66.378809 ], [ 25.085907, 67.498059 ] ] } },
{ "type": "Feature", "properties": { "from_node": 405, "to_node": 419, "length_km": 139.61519486888093, "delaunay_k": 2, "edge_set": "Delaunay2" }, "geometry": { "type": "LineString", "coordinates": [ [ 26.769562, 66.378809 ], [ 26.098022, 67.596139 ] ] } },
{ "type": "Feature", "properties": { "from_node": 405, "to_node": 421, "length_km": 137.22820923227991, "delaunay_k": 2, "edge_set": "Delaunay2" }, "geometry": { "type": "LineString", "coordinates": [ [ 26.769562, 66.378809 ], [ 26.820374, 67.602419 ] ] } },
{ "type": "Feature", "properties": { "from_node": 405, "to_node": 425, "length_km": 257.15431022744912, "delaunay_k": 2, "edge_set": "Delaunay2" }, "geometry": { "type": "LineString", "coordinates": [ [ 26.769562, 66.378809 ], [ 27.674561, 68.645556 ] ] } },
{ "type": "Feature", "properties": { "from_node": 406, "to_node": 407, "length_km": 75.558480657164239, "delaunay_k": 2, "edge_set": "Delaunay2" }, "geometry": { "type": "LineString", "coordinates": [ [ 25.717621, 66.413451 ], [ 27.398529, 66.450241 ] ] } },
{ "type": "Feature", "properties": { "from_node": 406, "to_node": 409, "length_km": 236.44527654868068, "delaunay_k": 2, "edge_set": "Delaunay2" }, "geometry": { "type": "LineString", "coordinates": [ [ 25.717621, 66.413451 ], [ 20.452423, 66.669299 ] ] } },
{ "type": "Feature", "properties": { "from_node": 406, "to_node": 414, "length_km": 266.67527726010309, "delaunay_k": 2, "edge_set": "Delaunay2" }, "geometry": { "type": "LineString", "coordinates": [ [ 25.717621, 66.413451 ], [ 19.866028, 66.975221 ] ] } },
{ "type": "Feature", "properties": { "from_node": 406, "to_node": 421, "length_km": 141.76352153148818, "delaunay_k": 2, "edge_set": "Delaunay2" }, "geometry": { "type": "LineString", "coordinates": [ [ 25.717621, 66.413451 ], [ 26.820374, 67.602419 ] ] } },
{ "type": "Feature", "properties": { "from_node": 406, "to_node": 425, "length_km": 263.89857057768569, "delaunay_k": 2, "edge_set": "Delaunay2" }, "geometry": { "type": "LineString", "coordinates": [ [ 25.717621, 66.413451 ], [ 27.674561, 68.645556 ] ] } },
{ "type": "Feature", "properties": { "from_node": 406, "to_node": 428, "length_km": 388.59494787903247, "delaunay_k": 2, "edge_set": "Delaunay2" }, "geometry": { "type": "LineString", "coordinates": [ [ 25.717621, 66.413451 ], [ 20.376892, 69.243986 ] ] } },
{ "type": "Feature", "properties": { "from_node": 406, "to_node": 429, "length_km": 390.65399132490774, "delaunay_k": 2, "edge_set": "Delaunay2" }, "geometry": { "type": "LineString", "coordinates": [ [ 25.717621, 66.413451 ], [ 21.041565, 69.431516 ] ] } },
{ "type": "Feature", "properties": { "from_node": 406, "to_node": 433, "length_km": 372.97914511144916, "delaunay_k": 2, "edge_set": "Delaunay2" }, "geometry": { "type": "LineString", "coordinates": [ [ 25.717621, 66.413451 ], [ 23.990021, 69.68142 ] ] } },
{ "type": "Feature", "properties": { "from_node": 407, "to_node": 419, "length_km": 140.55424698145484, "delaunay_k": 2, "edge_set": "Delaunay2" }, "geometry": { "type": "LineString", "coordinates": [ [ 27.398529, 66.450241 ], [ 26.098022, 67.596139 ] ] } },
{ "type": "Feature", "properties": { "from_node": 407, "to_node": 421, "length_km": 131.68662906345079, "delaunay_k": 2, "edge_set": "Delaunay2" }, "geometry": { "type": "LineString", "coordinates": [ [ 27.398529, 66.450241 ], [ 26.820374, 67.602419 ] ] } },
{ "type": "Feature", "properties": { "from_node": 407, "to_node": 425, "length_km": 246.5346999474483, "delaunay_k": 2, "edge_set": "Delaunay2" }, "geometry": { "type": "LineString", "coordinates": [ [ 27.398529, 66.450241 ], [ 27.674561, 68.645556 ] ] } },
{ "type": "Feature", "properties": { "from_node": 408, "to_node": 412, "length_km": 45.306126444148077, "delaunay_k": 2, "edge_set": "Delaunay2" }, "geometry": { "type": "LineString", "coordinates": [ [ 20.429077, 66.505049 ], [ 19.864655, 66.843267 ] ] } },
{ "type": "Feature", "properties": { "from_node": 408, "to_node": 414, "length_km": 58.118565421941369, "delaunay_k": 2, "edge_set": "Delaunay2" }, "geometry": { "type": "LineString", "coordinates": [ [ 20.429077, 66.505049 ], [ 19.866028, 66.975221 ] ] } },
{ "type": "Feature", "properties": { "from_node": 408, "to_node": 416, "length_km": 222.70642791050363, "delaunay_k": 2, "edge_set": "Delaunay2" }, "geometry": { "type": "LineString", "coordinates": [ [ 20.429077, 66.505049 ], [ 15.757141, 67.288485 ] ] } },
{ "type": "Feature", "properties": { "from_node": 408, "to_node": 417, "length_km": 142.43780758569002, "delaunay_k": 2, "edge_set": "Delaunay2" }, "geometry": { "type": "LineString", "coordinates": [ [ 20.429077, 66.505049 ], [ 18.366394, 67.492803 ] ] } },
{ "type": "Feature", "properties": { "from_node": 408, "to_node": 418, "length_km": 231.96588970722368, "delaunay_k": 2, "edge_set": "Delaunay2" }, "geometry": { "type": "LineString", "coordinates": [ [ 20.429077, 66.505049 ], [ 25.085907, 67.498059 ] ] } },
{ "type": "Feature", "properties": { "from_node": 408, "to_node": 422, "length_km": 162.79375857692867, "delaunay_k": 2, "edge_set": "Delaunay2" }, "geometry": { "type": "LineString", "coordinates": [ [ 20.429077, 66.505049 ], [ 17.992859, 67.610267 ] ] } },
{ "type": "Feature", "properties": { "from_node": 409, "to_node": 413, "length_km": 86.579250035657751, "delaunay_k": 2, "edge_set": "Delaunay2" }, "geometry": { "type": "LineString", "coordinates": [ [ 20.452423, 66.669299 ], [ 18.639679, 66.970387 ] ] } },
{ "type": "Feature", "properties": { "from_node": 409, "to_node": 417, "length_km": 129.25525006981621, "delaunay_k": 2, "edge_set": "Delaunay2" }, "geometry": { "type": "LineString", "coordinates": [ [ 20.452423, 66.669299 ], [ 18.366394, 67.492803 ] ] } },
{ "type": "Feature", "properties": { "from_node": 409, "to_node": 419, "length_km": 266.58755320027268, "delaunay_k": 2, "edge_set": "Delaunay2" }, "geometry": { "type": "LineString", "coordinates": [ [ 20.452423, 66.669299 ], [ 26.098022, 67.596139 ] ] } },
{ "type": "Feature", "properties": { "from_node": 409, "to_node": 425, "length_km": 378.48093354543255, "delaunay_k": 2, "edge_set": "Delaunay2" }, "geometry": { "type": "LineString", "coordinates": [ [ 20.452423, 66.669299 ], [ 27.674561, 68.645556 ] ] } },
{ "type": "Feature", "properties": { "from_node": 409, "to_node": 428, "length_km": 287.6961248541898, "delaunay_k": 2, "edge_set": "Delaunay2" }, "geometry": { "type": "LineString", "coordinates": [ [ 20.452423, 66.669299 ], [ 20.376892, 69.243986 ] ] } },
{ "type": "Feature", "properties": { "from_node": 409, "to_node": 429, "length_km": 309.64569805474258, "delaunay_k": 2, "edge_set": "Delaunay2" }, "geometry": { "type": "LineString", "coordinates": [ [ 20.452423, 66.669299 ], [ 21.041565, 69.431516 ] ] } },
{ "type": "Feature", "properties": { "from_node": 409, "to_node": 433, "length_km": 367.40391347814221, "delaunay_k": 2, "edge_set": "Delaunay2" }, "geometry": { "type": "LineString", "coordinates": [ [ 20.452423, 66.669299 ], [ 23.990021, 69.68142 ] ] } },
{ "type": "Feature", "properties": { "from_node": 410, "to_node": 413, "length_km": 214.27586013498404, "delaunay_k": 2, "edge_set": "Delaunay2" }, "geometry": { "type": "LineString", "coordinates": [ [ 13.807068, 66.707884 ], [ 18.639679, 66.970387 ] ] } },
{ "type": "Feature", "properties": { "from_node": 410, "to_node": 422, "length_km": 207.48408912105859, "delaunay_k": 2, "edge_set": "Delaunay2" }, "geometry": { "type": "LineString", "coordinates": [ [ 13.807068, 66.707884 ], [ 17.992859, 67.610267 ] ] } },
{ "type": "Feature", "properties": { "from_node": 410, "to_node": 423, "length_km": 220.09511614077334, "delaunay_k": 2, "edge_set": "Delaunay2" }, "geometry": { "type": "LineString", "coordinates": [ [ 13.807068, 66.707884 ], [ 17.288361, 68.158786 ] ] } },
{ "type": "Feature", "properties": { "from_node": 410, "to_node": 424, "length_km": 257.7964289525728, "delaunay_k": 2, "edge_set": "Delaunay2" }, "geometry": { "type": "LineString", "coordinates": [ [ 13.807068, 66.707884 ], [ 17.579498, 68.517173 ] ] } },
{ "type": "Feature", "properties": { "from_node": 410, "to_node": 426, "length_km": 335.80518639842364, "delaunay_k": 2, "edge_set": "Delaunay2" }, "geometry": { "type": "LineString", "coordinates": [ [ 13.807068, 66.707884 ], [ 18.864899, 69.038124 ] ] } },
{ "type": "Feature", "properties": { "from_node": 410, "to_node": 427, "length_km": 358.08844604079081, "delaunay_k": 2, "edge_set": "Delaunay2" }, "geometry": { "type": "LineString", "coordinates": [ [ 13.807068, 66.707884 ], [ 19.24942, 69.183065 ] ] } },
{ "type": "Feature", "properties": { "from_node": 410, "to_node": 431, "length_km": 404.38847422995786, "delaunay_k": 2, "edge_set": "Delaunay2" }, "geometry": { "type": "LineString", "coordinates": [ [ 13.807068, 66.707884 ], [ 19.820709, 69.558512 ] ] } },
{ "type": "Feature", "properties": { "from_node": 411, "to_node": 414, "length_km": 28.459061187872045, "delaunay_k": 2, "edge_set": "Delaunay2" }, "geometry": { "type": "LineString", "coordinates": [ [ 20.037689, 66.729595 ], [ 19.866028, 66.975221 ] ] } },
{ "type": "Feature", "properties": { "from_node": 411, "to_node": 416, "length_km": 196.94032061270116, "delaunay_k": 2, "edge_set": "Delaunay2" }, "geometry": { "type": "LineString", "coordinates": [ [ 20.037689, 66.729595 ], [ 15.757141, 67.288485 ] ] } },
{ "type": "Feature", "properties": { "from_node": 411, "to_node": 417, "length_km": 112.00638793770602, "delaunay_k": 2, "edge_set": "Delaunay2" }, "geometry": { "type": "LineString", "coordinates": [ [ 20.037689, 66.729595 ], [ 18.366394, 67.492803 ] ] } },
{ "type": "Feature", "properties": { "from_node": 411, "to_node": 418, "length_km": 235.93580714772875, "delaunay_k": 2, "edge_set": "Delaunay2" }, "geometry": { "type": "LineString", "coordinates": [ [ 20.037689, 66.729595 ], [ 25.085907, 67.498059 ] ] } },
{ "type": "Feature", "properties": { "from_node": 411, "to_node": 422, "length_km": 132.42481090312657, "delaunay_k": 2, "edge_set": "Delaunay2" }, "geometry": { "type": "LineString", "coordinates": [ [ 20.037689, 66.729595 ], [ 17.992859, 67.610267 ] ] } },
{ "type": "Feature", "properties": { "from_node": 412, "to_node": 416, "length_km": 185.60504479387714, "delaunay_k": 2, "edge_set": "Delaunay2" }, "geometry": { "type": "LineString", "coordinates": [ [ 19.864655, 66.843267 ], [ 15.757141, 67.288485 ] ] } },
{ "type": "Feature", "properties": { "from_node": 412, "to_node": 417, "length_km": 97.393088919428237, "delaunay_k": 2, "edge_set": "Delaunay2" }, "geometry": { "type": "LineString", "coordinates": [ [ 19.864655, 66.843267 ], [ 18.366394, 67.492803 ] ] } },
{ "type": "Feature", "properties": { "from_node": 412, "to_node": 418, "length_km": 238.24740545111655, "delaunay_k": 2, "edge_set": "Delaunay2" }, "geometry": { "type": "LineString", "coordinates": [ [ 19.864655, 66.843267 ], [ 25.085907, 67.498059 ] ] } },
{ "type": "Feature", "properties": { "from_node": 412, "to_node": 422, "length_km": 117.87528510559162, "delaunay_k": 2, "edge_set": "Delaunay2" }, "geometry": { "type": "LineString", "coordinates": [ [ 19.864655, 66.843267 ], [ 17.992859, 67.610267 ] ] } },
{ "type": "Feature", "properties": { "from_node": 412, "to_node": 428, "length_km": 269.05960749862317, "delaunay_k": 2, "edge_set": "Delaunay2" }, "geometry": { "type": "LineString", "coordinates": [ [ 19.864655, 66.843267 ], [ 20.376892, 69.243986 ] ] } },
{ "type": "Feature", "properties": { "from_node": 413, "to_node": 418, "length_km": 285.22050652263601, "delaunay_k": 2, "edge_set": "Delaunay2" }, "geometry": { "type": "LineString", "coordinates": [ [ 18.639679, 66.970387 ], [ 25.085907, 67.498059 ] ] } },
{ "type": "Feature", "properties": { "from_node": 413, "to_node": 420, "length_km": 139.23947736279732, "delaunay_k": 2, "edge_set": "Delaunay2" }, "geometry": { "type": "LineString", "coordinates": [ [ 18.639679, 66.970387 ], [ 15.850525, 67.598233 ] ] } },
{ "type": "Feature", "properties": { "from_node": 413, "to_node": 423, "length_km": 144.64256154328768, "delaunay_k": 2, "edge_set": "Delaunay2" }, "geometry": { "type": "LineString", "coordinates": [ [ 18.639679, 66.970387 ], [ 17.288361, 68.158786 ] ] } },
{ "type": "Feature", "properties": { "from_node": 413, "to_node": 424, "length_km": 178.42144712398118, "delaunay_k": 2, "edge_set": "Delaunay2" }, "geometry": { "type": "LineString", "coordinates": [ [ 18.639679, 66.970387 ], [ 17.579498, 68.517173 ] ] } },
{ "type": "Feature", "properties": { "from_node": 413, "to_node": 426, "length_km": 231.09190887307173, "delaunay_k": 2, "edge_set": "Delaunay2" }, "geometry": { "type": "LineString", "coordinates": [ [ 18.639679, 66.970387 ], [ 18.864899, 69.038124 ] ] } },
{ "type": "Feature", "properties": { "from_node": 413, "to_node": 428, "length_km": 264.04631932017588, "delaunay_k": 2, "edge_set": "Delaunay2" }, "geometry": { "type": "LineString", "coordinates": [ [ 18.639679, 66.970387 ], [ 20.376892, 69.243986 ] ] } },
{ "type": "Feature", "properties": { "from_node": 414, "to_node": 416, "length_km": 181.79772272680978, "delaunay_k": 2, "edge_set": "Delaunay2" }, "geometry": { "type": "LineString", "coordinates": [ [ 19.866028, 66.975221 ], [ 15.757141, 67.288485 ] ] } },
{ "type": "Feature", "properties": { "from_node": 414, "to_node": 419, "length_km": 278.15790851012957, "delaunay_k": 2, "edge_set": "Delaunay2" }, "geometry": { "type": "LineString", "coordinates": [ [ 19.866028, 66.975221 ], [ 26.098022, 67.596139 ] ] } },
{ "type": "Feature", "properties": { "from_node": 414, "to_node": 422, "length_km": 107.52417701290327, "delaunay_k": 2, "edge_set": "Delaunay2" }, "geometry": { "type": "LineString", "coordinates": [ [ 19.866028, 66.975221 ], [ 17.992859, 67.610267 ] ] } },
{ "type": "Feature", "properties": { "from_node": 414, "to_node": 424, "length_km": 197.49885034309224, "delaunay_k": 2, "edge_set": "Delaunay2" }, "geometry": { "type": "LineString", "coordinates": [ [ 19.866028, 66.975221 ], [ 17.579498, 68.517173 ] ] } },
{ "type": "Feature", "properties": { "from_node": 414, "to_node": 425, "length_km": 379.16958986326688, "delaunay_k": 2, "edge_set": "Delaunay2" }, "geometry": { "type": "LineString", "coordinates": [ [ 19.866028, 66.975221 ], [ 27.674561, 68.645556 ] ] } },
{ "type": "Feature", "properties": { "from_node": 414, "to_node": 426, "length_km": 234.18327050688742, "delaunay_k": 2, "edge_set": "Delaunay2" }, "geometry": { "type": "LineString", "coordinates": [ [ 19.866028, 66.975221 ], [ 18.864899, 69.038124 ] ] } },
{ "type": "Feature", "properties": { "from_node": 414, "to_node": 427, "length_km": 247.94975085484154, "delaunay_k": 2, "edge_set": "Delaunay2" }, "geometry": { "type": "LineString", "coordinates": [ [ 19.866028, 66.975221 ], [ 19.24942, 69.183065 ] ] } },
{ "type": "Feature", "properties": { "from_node": 414, "to_node": 429, "length_km": 278.74284605937476, "delaunay_k": 2, "edge_set": "Delaunay2" }, "geometry": { "type": "LineString", "coordinates": [ [ 19.866028, 66.975221 ], [ 21.041565, 69.431516 ] ] } },
{ "type": "Feature", "properties": { "from_node": 414, "to_node": 431, "length_km": 288.58322095112987, "delaunay_k": 2, "edge_set": "Delaunay2" }, "geometry": { "type": "LineString", "coordinates": [ [ 19.866028, 66.975221 ], [ 19.820709, 69.558512 ] ] } },
{ "type": "Feature", "properties": { "from_node": 414, "to_node": 433, "length_km": 347.06350758041236, "delaunay_k": 2, "edge_set": "Delaunay2" }, "geometry": { "type": "LineString", "coordinates": [ [ 19.866028, 66.975221 ], [ 23.990021, 69.68142 ] ] } },
{ "type": "Feature", "properties": { "from_node": 415, "to_node": 418, "length_km": 103.56483523749301, "delaunay_k": 2, "edge_set": "Delaunay2" }, "geometry": { "type": "LineString", "coordinates": [ [ 27.387543, 67.23753 ], [ 25.085907, 67.498059 ] ] } },
{ "type": "Feature", "properties": { "from_node": 415, "to_node": 433, "length_km": 307.31650994267386, "delaunay_k": 2, "edge_set": "Delaunay2" }, "geometry": { "type": "LineString", "coordinates": [ [ 27.387543, 67.23753 ], [ 23.990021, 69.68142 ] ] } },
{ "type": "Feature", "properties": { "from_node": 415, "to_node": 436, "length_km": 289.36132169436945, "delaunay_k": 2, "edge_set": "Delaunay2" }, "geometry": { "type": "LineString", "coordinates": [ [ 27.387543, 67.23753 ], [ 27.239227, 69.817839 ] ] } },
{ "type": "Feature", "properties": { "from_node": 416, "to_node": 417, "length_km": 114.35906195879461, "delaunay_k": 2, "edge_set": "Delaunay2" }, "geometry": { "type": "LineString", "coordinates": [ [ 15.757141, 67.288485 ], [ 18.366394, 67.492803 ] ] } },
{ "type": "Feature", "properties": { "from_node": 416, "to_node": 423, "length_km": 116.77189568907076, "delaunay_k": 2, "edge_set": "Delaunay2" }, "geometry": { "type": "LineString", "coordinates": [ [ 15.757141, 67.288485 ], [ 17.288361, 68.158786 ] ] } },
{ "type": "Feature", "properties": { "from_node": 416, "to_node": 424, "length_km": 157.04632057649516, "delaunay_k": 2, "edge_set": "Delaunay2" }, "geometry": { "type": "LineString", "coordinates": [ [ 15.757141, 67.288485 ], [ 17.579498, 68.517173 ] ] } },
{ "type": "Feature", "properties": { "from_node": 416, "to_node": 432, "length_km": 295.30090678127982, "delaunay_k": 2, "edge_set": "Delaunay2" }, "geometry": { "type": "LineString", "coordinates": [ [ 15.757141, 67.288485 ], [ 19.158783, 69.620772 ] ] } },
{ "type": "Feature", "properties": { "from_node": 417, "to_node": 418, "length_km": 287.70289208857645, "delaunay_k": 2, "edge_set": "Delaunay2" }, "geometry": { "type": "LineString", "coordinates": [ [ 18.366394, 67.492803 ], [ 25.085907, 67.498059 ] ] } },
{ "type": "Feature", "properties": { "from_node": 417, "to_node": 420, "length_km": 107.99536564416735, "delaunay_k": 2, "edge_set": "Delaunay2" }, "geometry": { "type": "LineString", "coordinates": [ [ 18.366394, 67.492803 ], [ 15.850525, 67.598233 ] ] } },
{ "type": "Feature", "properties": { "from_node": 417, "to_node": 423, "length_km": 87.145662473326766, "delaunay_k": 2, "edge_set": "Delaunay2" }, "geometry": { "type": "LineString", "coordinates": [ [ 18.366394, 67.492803 ], [ 17.288361, 68.158786 ] ] } },
{ "type": "Feature", "properties": { "from_node": 417, "to_node": 427, "length_km": 192.23077145321125, "delaunay_k": 2, "edge_set": "Delaunay2" }, "geometry": { "type": "LineString", "coordinates": [ [ 18.366394, 67.492803 ], [ 19.24942, 69.183065 ] ] } },
{ "type": "Feature", "properties": { "from_node": 417, "to_node": 429, "length_km": 242.75183658029326, "delaunay_k": 2, "edge_set": "Delaunay2" }, "geometry": { "type": "LineString", "coordinates": [ [ 18.366394, 67.492803 ], [ 21.041565, 69.431516 ] ] } },
{ "type": "Feature", "properties": { "from_node": 417, "to_node": 431, "length_km": 238.23384259213893, "delaunay_k": 2, "edge_set": "Delaunay2" }, "geometry": { "type": "LineString", "coordinates": [ [ 18.366394, 67.492803 ], [ 19.820709, 69.558512 ] ] } },
{ "type": "Feature", "properties": { "from_node": 417, "to_node": 432, "length_km": 239.81862341228472, "delaunay_k": 2, "edge_set": "Delaunay2" }, "geometry": { "type": "LineString", "coordinates": [ [ 18.366394, 67.492803 ], [ 19.158783, 69.620772 ] ] } },
{ "type": "Feature", "properties": { "from_node": 418, "to_node": 421, "length_km": 75.204043867478177, "delaunay_k": 2, "edge_set": "Delaunay2" }, "geometry": { "type": "LineString", "coordinates": [ [ 25.085907, 67.498059 ], [ 26.820374, 67.602419 ] ] } },
{ "type": "Feature", "properties": { "from_node": 418, "to_node": 426, "length_km": 309.80476579367905, "delaunay_k": 2, "edge_set": "Delaunay2" }, "geometry": { "type": "LineString", "coordinates": [ [ 25.085907, 67.498059 ], [ 18.864899, 69.038124 ] ] } },
{ "type": "Feature", "properties": { "from_node": 418, "to_node": 427, "length_km": 305.79790021972173, "delaunay_k": 2, "edge_set": "Delaunay2" }, "geometry": { "type": "LineString", "coordinates": [ [ 25.085907, 67.498059 ], [ 19.24942, 69.183065 ] ] } },
{ "type": "Feature", "properties": { "from_node": 418, "to_node": 430, "length_km": 284.84792080584828, "delaunay_k": 2, "edge_set": "Delaunay2" }, "geometry": { "type": "LineString", "coordinates": [ [ 25.085907, 67.498059 ], [ 29.549103, 69.440681 ] ] } },
{ "type": "Feature", "properties": { "from_node": 418, "to_node": 431, "length_km": 315.45442888429483, "delaunay_k": 2, "edge_set": "Delaunay2" }, "geometry": { "type": "LineString", "coordinates": [ [ 25.085907, 67.498059 ], [ 19.820709, 69.558512 ] ] } },
{ "type": "Feature", "properties": { "from_node": 418, "to_node": 435, "length_km": 275.48926693660923, "delaunay_k": 2, "edge_set": "Delaunay2" }, "geometry": { "type": "LineString", "coordinates": [ [ 25.085907, 67.498059 ], [ 22.138824, 69.713346 ] ] } },
{ "type": "Feature", "properties": { "from_node": 418, "to_node": 436, "length_km": 274.29893257626009, "delaunay_k": 2, "edge_set": "Delaunay2" }, "geometry": { "type": "LineString", "coordinates": [ [ 25.085907, 67.498059 ], [ 27.239227, 69.817839 ] ] } },
{ "type": "Feature", "properties": { "from_node": 418, "to_node": 438, "length_km": 281.09860965884184, "delaunay_k": 2, "edge_set": "Delaunay2" }, "geometry": { "type": "LineString", "coordinates": [ [ 25.085907, 67.498059 ], [ 23.410492, 69.935012 ] ] } },
{ "type": "Feature", "properties": { "from_node": 418, "to_node": 439, "length_km": 275.61643280026141, "delaunay_k": 2, "edge_set": "Delaunay2" }, "geometry": { "type": "LineString", "coordinates": [ [ 25.085907, 67.498059 ], [ 25.157318, 69.959498 ] ] } },
{ "type": "Feature", "properties": { "from_node": 419, "to_node": 428, "length_km": 298.98945360857431, "delaunay_k": 2, "edge_set": "Delaunay2" }, "geometry": { "type": "LineString", "coordinates": [ [ 26.098022, 67.596139 ], [ 20.376892, 69.243986 ] ] } },
{ "type": "Feature", "properties": { "from_node": 419, "to_node": 429, "length_km": 291.72166102666489, "delaunay_k": 2, "edge_set": "Delaunay2" }, "geometry": { "type": "LineString", "coordinates": [ [ 26.098022, 67.596139 ], [ 21.041565, 69.431516 ] ] } },
{ "type": "Feature", "properties": { "from_node": 419, "to_node": 430, "length_km": 250.75037962080344, "delaunay_k": 2, "edge_set": "Delaunay2" }, "geometry": { "type": "LineString", "coordinates": [ [ 26.098022, 67.596139 ], [ 29.549103, 69.440681 ] ] } },
{ "type": "Feature", "properties": { "from_node": 419, "to_node": 433, "length_km": 248.80527087553574, "delaunay_k": 2, "edge_set": "Delaunay2" }, "geometry": { "type": "LineString", "coordinates": [ [ 26.098022, 67.596139 ], [ 23.990021, 69.68142 ] ] } },
{ "type": "Feature", "properties": { "from_node": 419, "to_node": 436, "length_km": 253.26318814780905, "delaunay_k": 2, "edge_set": "Delaunay2" }, "geometry": { "type": "LineString", "coordinates": [ [ 26.098022, 67.596139 ], [ 27.239227, 69.817839 ] ] } },
{ "type": "Feature", "properties": { "from_node": 420, "to_node": 426, "length_km": 203.2154591304465, "delaunay_k": 2, "edge_set": "Delaunay2" }, "geometry": { "type": "LineString", "coordinates": [ [ 15.850525, 67.598233 ], [ 18.864899, 69.038124 ] ] } },
{ "type": "Feature", "properties": { "from_node": 420, "to_node": 427, "length_km": 225.45578641757149, "delaunay_k": 2, "edge_set": "Delaunay2" }, "geometry": { "type": "LineString", "coordinates": [ [ 15.850525, 67.598233 ], [ 19.24942, 69.183065 ] ] } },
{ "type": "Feature", "properties": { "from_node": 420, "to_node": 431, "length_km": 272.18435265542735, "delaunay_k": 2, "edge_set": "Delaunay2" }, "geometry": { "type": "LineString", "coordinates": [ [ 15.850525, 67.598233 ], [ 19.820709, 69.558512 ] ] } },
{ "type": "Feature", "properties": { "from_node": 420, "to_node": 435, "length_km": 347.90142150133101, "delaunay_k": 2, "edge_set": "Delaunay2" }, "geometry": { "type": "LineString", "coordinates": [ [ 15.850525, 67.598233 ], [ 22.138824, 69.713346 ] ] } },
{ "type": "Feature", "properties": { "from_node": 420, "to_node": 442, "length_km": 467.14031463950499, "delaunay_k": 2, "edge_set": "Delaunay2" }, "geometry": { "type": "LineString", "coordinates": [ [ 15.850525, 67.598233 ], [ 24.613495, 70.363091 ] ] } },
{ "type": "Feature", "properties": { "from_node": 421, "to_node": 430, "length_km": 234.69471035881855, "delaunay_k": 2, "edge_set": "Delaunay2" }, "geometry": { "type": "LineString", "coordinates": [ [ 26.820374, 67.602419 ], [ 29.549103, 69.440681 ] ] } },
{ "type": "Feature", "properties": { "from_node": 421, "to_node": 433, "length_km": 259.86669547143788, "delaunay_k": 2, "edge_set": "Delaunay2" }, "geometry": { "type": "LineString", "coordinates": [ [ 26.820374, 67.602419 ], [ 23.990021, 69.68142 ] ] } },
{ "type": "Feature", "properties": { "from_node": 421, "to_node": 436, "length_km": 248.90948051987274, "delaunay_k": 2, "edge_set": "Delaunay2" }, "geometry": { "type": "LineString", "coordinates": [ [ 26.820374, 67.602419 ], [ 27.239227, 69.817839 ] ] } },
{ "type": "Feature", "properties": { "from_node": 422, "to_node": 426, "length_km": 163.4401554570093, "delaunay_k": 2, "edge_set": "Delaunay2" }, "geometry": { "type": "LineString", "coordinates": [ [ 17.992859, 67.610267 ], [ 18.864899, 69.038124 ] ] } },
{ "type": "Feature", "properties": { "from_node": 422, "to_node": 428, "length_km": 207.07120971470408, "delaunay_k": 2, "edge_set": "Delaunay2" }, "geometry": { "type": "LineString", "coordinates": [ [ 17.992859, 67.610267 ], [ 20.376892, 69.243986 ] ] } },
{ "type": "Feature", "properties": { "from_node": 422, "to_node": 432, "length_km": 229.46086929168735, "delaunay_k": 2, "edge_set": "Delaunay2" }, "geometry": { "type": "LineString", "coordinates": [ [ 17.992859, 67.610267 ], [ 19.158783, 69.620772 ] ] } },
{ "type": "Feature", "properties": { "from_node": 423, "to_node": 426, "length_km": 117.34313514295926, "delaunay_k": 2, "edge_set": "Delaunay2" }, "geometry": { "type": "LineString", "coordinates": [ [ 17.288361, 68.158786 ], [ 18.864899, 69.038124 ] ] } },
{ "type": "Feature", "properties": { "from_node": 423, "to_node": 432, "length_km": 179.73873639616295, "delaunay_k": 2, "edge_set": "Delaunay2" }, "geometry": { "type": "LineString", "coordinates": [ [ 17.288361, 68.158786 ], [ 19.158783, 69.620772 ] ] } },
{ "type": "Feature", "properties": { "from_node": 424, "to_node": 427, "length_km": 100.30544423540502, "delaunay_k": 2, "edge_set": "Delaunay2" }, "geometry": { "type": "LineString", "coordinates": [ [ 17.579498, 68.517173 ], [ 19.24942, 69.183065 ] ] } },
{ "type": "Feature", "properties": { "from_node": 424, "to_node": 428, "length_km": 138.83635827291346, "delaunay_k": 2, "edge_set": "Delaunay2" }, "geometry": { "type": "LineString", "coordinates": [ [ 17.579498, 68.517173 ], [ 20.376892, 69.243986 ] ] } },
{ "type": "Feature", "properties": { "from_node": 424, "to_node": 431, "length_km": 146.78875573772714, "delaunay_k": 2, "edge_set": "Delaunay2" }, "geometry": { "type": "LineString", "coordinates": [ [ 17.579498, 68.517173 ], [ 19.820709, 69.558512 ] ] } },
{ "type": "Feature", "properties": { "from_node": 424, "to_node": 435, "length_km": 225.47029412732513, "delaunay_k": 2, "edge_set": "Delaunay2" }, "geometry": { "type": "LineString", "coordinates": [ [ 17.579498, 68.517173 ], [ 22.138824, 69.713346 ] ] } },
{ "type": "Feature", "properties": { "from_node": 424, "to_node": 442, "length_km": 344.47206059421939, "delaunay_k": 2, "edge_set": "Delaunay2" }, "geometry": { "type": "LineString", "coordinates": [ [ 17.579498, 68.517173 ], [ 24.613495, 70.363091 ] ] } },
{ "type": "Feature", "properties": { "from_node": 425, "to_node": 428, "length_km": 301.01100768721841, "delaunay_k": 2, "edge_set": "Delaunay2" }, "geometry": { "type": "LineString", "coordinates": [ [ 27.674561, 68.645556 ], [ 20.376892, 69.243986 ] ] } },
{ "type": "Feature", "properties": { "from_node": 425, "to_node": 429, "length_km": 279.83352177651375, "delaunay_k": 2, "edge_set": "Delaunay2" }, "geometry": { "type": "LineString", "coordinates": [ [ 27.674561, 68.645556 ], [ 21.041565, 69.431516 ] ] } },
{ "type": "Feature", "properties": { "from_node": 425, "to_node": 434, "length_km": 151.8891075593902, "delaunay_k": 2, "edge_set": "Delaunay2" }, "geometry": { "type": "LineString", "coordinates": [ [ 27.674561, 68.645556 ], [ 30.120392, 69.682374 ] ] } },
{ "type": "Feature", "properties": { "from_node": 425, "to_node": 435, "length_km": 250.66873390105593, "delaunay_k": 2, "edge_set": "Delaunay2" }, "geometry": { "type": "LineString", "coordinates": [ [ 27.674561, 68.645556 ], [ 22.138824, 69.713346 ] ] } },
{ "type": "Feature", "properties": { "from_node": 425, "to_node": 437, "length_km": 138.53196551347867, "delaunay_k": 2, "edge_set": "Delaunay2" }, "geometry": { "type": "LineString", "coordinates": [ [ 27.674561, 68.645556 ], [ 27.071686, 69.862801 ] ] } },
{ "type": "Feature", "properties": { "from_node": 425, "to_node": 438, "length_km": 222.20970571200914, "delaunay_k": 2, "edge_set": "Delaunay2" }, "geometry": { "type": "LineString", "coordinates": [ [ 27.674561, 68.645556 ], [ 23.410492, 69.935012 ] ] } },
{ "type": "Feature", "properties": { "from_node": 425, "to_node": 439, "length_km": 177.79406443267632, "delaunay_k": 2, "edge_set": "Delaunay2" }, "geometry": { "type": "LineString", "coordinates": [ [ 27.674561, 68.645556 ], [ 25.157318, 69.959498 ] ] } },
{ "type": "Feature", "properties": { "from_node": 425, "to_node": 440, "length_km": 173.83445134980619, "delaunay_k": 2, "edge_set": "Delaunay2" }, "geometry": { "type": "LineString", "coordinates": [ [ 27.674561, 68.645556 ], [ 28.572693, 70.163212 ] ] } },
{ "type": "Feature", "properties": { "from_node": 426, "to_node": 429, "length_km": 96.822437618519984, "delaunay_k": 2, "edge_set": "Delaunay2" }, "geometry": { "type": "LineString", "coordinates": [ [ 18.864899, 69.038124 ], [ 21.041565, 69.431516 ] ] } },
{ "type": "Feature", "properties": { "from_node": 426, "to_node": 431, "length_km": 69.314535765781542, "delaunay_k": 2, "edge_set": "Delaunay2" }, "geometry": { "type": "LineString", "coordinates": [ [ 18.864899, 69.038124 ], [ 19.820709, 69.558512 ] ] } },
{ "type": "Feature", "properties": { "from_node": 426, "to_node": 435, "length_km": 149.37761680533106, "delaunay_k": 2, "edge_set": "Delaunay2" }, "geometry": { "type": "LineString", "coordinates": [ [ 18.864899, 69.038124 ], [ 22.138824, 69.713346 ] ] } },
{ "type": "Feature", "properties": { "from_node": 426, "to_node": 442, "length_km": 267.6272581335682, "delaunay_k": 2, "edge_set": "Delaunay2" }, "geometry": { "type": "LineString", "coordinates": [ [ 18.864899, 69.038124 ], [ 24.613495, 70.363091 ] ] } },
{ "type": "Feature", "properties": { "from_node": 427, "to_node": 429, "length_km": 76.049802438801791, "delaunay_k": 2, "edge_set": "Delaunay2" }, "geometry": { "type": "LineString", "coordinates": [ [ 19.24942, 69.183065 ], [ 21.041565, 69.431516 ] ] } },
{ "type": "Feature", "properties": { "from_node": 427, "to_node": 435, "length_km": 127.96158241195981, "delaunay_k": 2, "edge_set": "Delaunay2" }, "geometry": { "type": "LineString", "coordinates": [ [ 19.24942, 69.183065 ], [ 22.138824, 69.713346 ] ] } },
{ "type": "Feature", "properties": { "from_node": 427, "to_node": 442, "length_km": 245.73953320547915, "delaunay_k": 2, "edge_set": "Delaunay2" }, "geometry": { "type": "LineString", "coordinates": [ [ 19.24942, 69.183065 ], [ 24.613495, 70.363091 ] ] } },
{ "type": "Feature", "properties": { "from_node": 428, "to_node": 432, "length_km": 63.719269252491493, "delaunay_k": 2, "edge_set": "Delaunay2" }, "geometry": { "type": "LineString", "coordinates": [ [ 20.376892, 69.243986 ], [ 19.158783, 69.620772 ] ] } },
{ "type": "Feature", "properties": { "from_node": 428, "to_node": 433, "length_km": 150.00038805771231, "delaunay_k": 2, "edge_set": "Delaunay2" }, "geometry": { "type": "LineString", "coordinates": [ [ 20.376892, 69.243986 ], [ 23.990021, 69.68142 ] ] } },
{ "type": "Feature", "properties": { "from_node": 428, "to_node": 435, "length_km": 86.739812085961788, "delaunay_k": 2, "edge_set": "Delaunay2" }, "geometry": { "type": "LineString", "coordinates": [ [ 20.376892, 69.243986 ], [ 22.138824, 69.713346 ] ] } },
{ "type": "Feature", "properties": { "from_node": 429, "to_node": 432, "length_km": 76.60510824455109, "delaunay_k": 2, "edge_set": "Delaunay2" }, "geometry": { "type": "LineString", "coordinates": [ [ 21.041565, 69.431516 ], [ 19.158783, 69.620772 ] ] } },
{ "type": "Feature", "properties": { "from_node": 429, "to_node": 436, "length_km": 245.37555281035426, "delaunay_k": 2, "edge_set": "Delaunay2" }, "geometry": { "type": "LineString", "coordinates": [ [ 21.041565, 69.431516 ], [ 27.239227, 69.817839 ] ] } },
{ "type": "Feature", "properties": { "from_node": 429, "to_node": 438, "length_km": 107.87216822469415, "delaunay_k": 2, "edge_set": "Delaunay2" }, "geometry": { "type": "LineString", "coordinates": [ [ 21.041565, 69.431516 ], [ 23.410492, 69.935012 ] ] } },
{ "type": "Feature", "properties": { "from_node": 429, "to_node": 439, "length_km": 170.37912979550535, "delaunay_k": 2, "edge_set": "Delaunay2" }, "geometry": { "type": "LineString", "coordinates": [ [ 21.041565, 69.431516 ], [ 25.157318, 69.959498 ] ] } },
{ "type": "Feature", "properties": { "from_node": 429, "to_node": 442, "length_km": 172.37856629812808, "delaunay_k": 2, "edge_set": "Delaunay2" }, "geometry": { "type": "LineString", "coordinates": [ [ 21.041565, 69.431516 ], [ 24.613495, 70.363091 ] ] } },
{ "type": "Feature", "properties": { "from_node": 430, "to_node": 433, "length_km": 219.28538034583792, "delaunay_k": 2, "edge_set": "Delaunay2" }, "geometry": { "type": "LineString", "coordinates": [ [ 29.549103, 69.440681 ], [ 23.990021, 69.68142 ] ] } },
{ "type": "Feature", "properties": { "from_node": 430, "to_node": 437, "length_km": 107.64051150299611, "delaunay_k": 2, "edge_set": "Delaunay2" }, "geometry": { "type": "LineString", "coordinates": [ [ 29.549103, 69.440681 ], [ 27.071686, 69.862801 ] ] } },
{ "type": "Feature", "properties": { "from_node": 430, "to_node": 439, "length_km": 180.48502751664986, "delaunay_k": 2, "edge_set": "Delaunay2" }, "geometry": { "type": "LineString", "coordinates": [ [ 29.549103, 69.440681 ], [ 25.157318, 69.959498 ] ] } },
{ "type": "Feature", "properties": { "from_node": 430, "to_node": 441, "length_km": 149.83408004820896, "delaunay_k": 2, "edge_set": "Delaunay2" }, "geometry": { "type": "LineString", "coordinates": [ [ 29.549103, 69.440681 ], [ 26.545715, 70.286801 ] ] } },
{ "type": "Feature", "properties": { "from_node": 431, "to_node": 433, "length_km": 162.99327193133269, "delaunay_k": 2, "edge_set": "Delaunay2" }, "geometry": { "type": "LineString", "coordinates": [ [ 19.820709, 69.558512 ], [ 23.990021, 69.68142 ] ] } },
{ "type": "Feature", "properties": { "from_node": 431, "to_node": 438, "length_km": 145.21843890720737, "delaunay_k": 2, "edge_set": "Delaunay2" }, "geometry": { "type": "LineString", "coordinates": [ [ 19.820709, 69.558512 ], [ 23.410492, 69.935012 ] ] } },
{ "type": "Feature", "properties": { "from_node": 431, "to_node": 442, "length_km": 204.5138496888066, "delaunay_k": 2, "edge_set": "Delaunay2" }, "geometry": { "type": "LineString", "coordinates": [ [ 19.820709, 69.558512 ], [ 24.613495, 70.363091 ] ] } },
{ "type": "Feature", "properties": { "from_node": 432, "to_node": 433, "length_km": 188.01058503919799, "delaunay_k": 2, "edge_set": "Delaunay2" }, "geometry": { "type": "LineString", "coordinates": [ [ 19.158783, 69.620772 ], [ 23.990021, 69.68142 ] ] } },
{ "type": "Feature", "properties": { "from_node": 432, "to_node": 438, "length_km": 168.05650704546179, "delaunay_k": 2, "edge_set": "Delaunay2" }, "geometry": { "type": "LineString", "coordinates": [ [ 19.158783, 69.620772 ], [ 23.410492, 69.935012 ] ] } },
{ "type": "Feature", "properties": { "from_node": 432, "to_node": 439, "length_km": 234.83852622732581, "delaunay_k": 2, "edge_set": "Delaunay2" }, "geometry": { "type": "LineString", "coordinates": [ [ 19.158783, 69.620772 ], [ 25.157318, 69.959498 ] ] } },
{ "type": "Feature", "properties": { "from_node": 432, "to_node": 441, "length_km": 292.80756843121765, "delaunay_k": 2, "edge_set": "Delaunay2" }, "geometry": { "type": "LineString", "coordinates": [ [ 19.158783, 69.620772 ], [ 26.545715, 70.286801 ] ] } },
{ "type": "Feature", "properties": { "from_node": 433, "to_node": 437, "length_km": 121.09692368343241, "delaunay_k": 2, "edge_set": "Delaunay2" }, "geometry": { "type": "LineString", "coordinates": [ [ 23.990021, 69.68142 ], [ 27.071686, 69.862801 ] ] } },
{ "type": "Feature", "properties": { "from_node": 433, "to_node": 440, "length_km": 184.36584829804744, "delaunay_k": 2, "edge_set": "Delaunay2" }, "geometry": { "type": "LineString", "coordinates": [ [ 23.990021, 69.68142 ], [ 28.572693, 70.163212 ] ] } },
{ "type": "Feature", "properties": { "from_node": 433, "to_node": 441, "length_km": 119.13713336808982, "delaunay_k": 2, "edge_set": "Delaunay2" }, "geometry": { "type": "LineString", "coordinates": [ [ 23.990021, 69.68142 ], [ 26.545715, 70.286801 ] ] } },
{ "type": "Feature", "properties": { "from_node": 433, "to_node": 442, "length_km": 79.916540380974922, "delaunay_k": 2, "edge_set": "Delaunay2" }, "geometry": { "type": "LineString", "coordinates": [ [ 23.990021, 69.68142 ], [ 24.613495, 70.363091 ] ] } },
{ "type": "Feature", "properties": { "from_node": 434, "to_node": 436, "length_km": 112.95550745228176, "delaunay_k": 2, "edge_set": "Delaunay2" }, "geometry": { "type": "LineString", "coordinates": [ [ 30.120392, 69.682374 ], [ 27.239227, 69.817839 ] ] } },
{ "type": "Feature", "properties": { "from_node": 434, "to_node": 437, "length_km": 120.02118877399454, "delaunay_k": 2, "edge_set": "Delaunay2" }, "geometry": { "type": "LineString", "coordinates": [ [ 30.120392, 69.682374 ], [ 27.071686, 69.862801 ] ] } },
{ "type": "Feature", "properties": { "from_node": 434, "to_node": 441, "length_km": 153.08804491772494, "delaunay_k": 2, "edge_set": "Delaunay2" }, "geometry": { "type": "LineString", "coordinates": [ [ 30.120392, 69.682374 ], [ 26.545715, 70.286801 ] ] } },
{ "type": "Feature", "properties": { "from_node": 435, "to_node": 436, "length_km": 197.88183556415029, "delaunay_k": 2, "edge_set": "Delaunay2" }, "geometry": { "type": "LineString", "coordinates": [ [ 22.138824, 69.713346 ], [ 27.239227, 69.817839 ] ] } },
{ "type": "Feature", "properties": { "from_node": 435, "to_node": 439, "length_km": 119.68382668665269, "delaunay_k": 2, "edge_set": "Delaunay2" }, "geometry": { "type": "LineString", "coordinates": [ [ 22.138824, 69.713346 ], [ 25.157318, 69.959498 ] ] } },
{ "type": "Feature", "properties": { "from_node": 435, "to_node": 441, "length_km": 180.52457906634388, "delaunay_k": 2, "edge_set": "Delaunay2" }, "geometry": { "type": "LineString", "coordinates": [ [ 22.138824, 69.713346 ], [ 26.545715, 70.286801 ] ] } },
{ "type": "Feature", "properties": { "from_node": 436, "to_node": 438, "length_km": 148.14641672456884, "delaunay_k": 2, "edge_set": "Delaunay2" }, "geometry": { "type": "LineString", "coordinates": [ [ 27.239227, 69.817839 ], [ 23.410492, 69.935012 ] ] } },
{ "type": "Feature", "properties": { "from_node": 436, "to_node": 441, "length_km": 58.857135422142449, "delaunay_k": 2, "edge_set": "Delaunay2" }, "geometry": { "type": "LineString", "coordinates": [ [ 27.239227, 69.817839 ], [ 26.545715, 70.286801 ] ] } },
{ "type": "Feature", "properties": { "from_node": 436, "to_node": 442, "length_km": 117.32875146473739, "delaunay_k": 2, "edge_set": "Delaunay2" }, "geometry": { "type": "LineString", "coordinates": [ [ 27.239227, 69.817839 ], [ 24.613495, 70.363091 ] ] } },
{ "type": "Feature", "properties": { "from_node": 437, "to_node": 438, "length_km": 141.18298533415435, "delaunay_k": 2, "edge_set": "Delaunay2" }, "geometry": { "type": "LineString", "coordinates": [ [ 27.071686, 69.862801 ], [ 23.410492, 69.935012 ] ] } },
{ "type": "Feature", "properties": { "from_node": 437, "to_node": 442, "length_km": 109.1630356015842, "delaunay_k": 2, "edge_set": "Delaunay2" }, "geometry": { "type": "LineString", "coordinates": [ [ 27.071686, 69.862801 ], [ 24.613495, 70.363091 ] ] } },
{ "type": "Feature", "properties": { "from_node": 438, "to_node": 441, "length_km": 125.77941135061344, "delaunay_k": 2, "edge_set": "Delaunay2" }, "geometry": { "type": "LineString", "coordinates": [ [ 23.410492, 69.935012 ], [ 26.545715, 70.286801 ] ] } },
{ "type": "Feature", "properties": { "from_node": 439, "to_node": 440, "length_km": 132.54833432046973, "delaunay_k": 2, "edge_set": "Delaunay2" }, "geometry": { "type": "LineString", "coordinates": [ [ 25.157318, 69.959498 ], [ 28.572693, 70.163212 ] ] } },
{ "type": "Feature", "properties": { "from_node": 440, "to_node": 442, "length_km": 151.5153634886712, "delaunay_k": 2, "edge_set": "Delaunay2" }, "geometry": { "type": "LineString", "coordinates": [ [ 28.572693, 70.163212 ], [ 24.613495, 70.363091 ] ] } }
]
}
