{
"type": "FeatureCollection",
"name": "n490_380kv_delaunay5",
"crs": { "type": "name", "properties": { "name": "urn:ogc:def:crs:OGC:1.3:CRS84" } },
"features": [
{ "type": "Feature", "properties": { "voltage_kv": 380.0, "from_node": 0, "to_node": 28, "length_km": 273.86363719438134, "delaunay_k": 5, "edge_set": "Delaunay5" }, "geometry": { "type": "LineString", "coordinates": [ [ 6.156464, 60.504583 ], [ 10.82428, 59.721792 ] ] } },
{ "type": "Feature", "properties": { "voltage_kv": 380.0, "from_node": 0, "to_node": 54, "length_km": 402.96133519216994, "delaunay_k": 5, "edge_set": "Delaunay5" }, "geometry": { "type": "LineString", "coordinates": [ [ 6.156464, 60.504583 ], [ 12.9776, 59.337392 ] ] } },
{ "type": "Feature", "properties": { "voltage_kv": 380.0, "from_node": 1, "to_node": 28, "length_km": 247.42944359767949, "delaunay_k": 5, "edge_set": "Delaunay5" }, "geometry": { "type": "LineString", "coordinates": [ [ 6.432495, 59.667741 ], [ 10.82428, 59.721792 ] ] } },
{ "type": "Feature", "properties": { "voltage_kv": 380.0, "from_node": 1, "to_node": 29, "length_km": 249.44055607832709, "delaunay_k": 5, "edge_set": "Delaunay5" }, "geometry": { "type": "LineString", "coordinates": [ [ 6.432495, 59.667741 ], [ 10.839386, 59.958448 ] ] } },
{ "type": "Feature", "properties": { "voltage_kv": 380.0, "from_node": 1, "to_node": 54, "length_km": 372.44491177423549, "delaunay_k": 5, "edge_set": "Delaunay5" }, "geometry": { "type": "LineString", "coordinates": [ [ 6.432495, 59.667741 ], [ 12.9776, 59.337392 ] ] } },
{ "type": "Feature", "properties": { "voltage_kv": 380.0, "from_node": 4, "to_node": 75, "length_km": 466.31198991610182, "delaunay_k": 5, "edge_set": "Delaunay5" }, "geometry": { "type": "LineString", "coordinates": [ [ 6.992798, 59.523872 ], [ 15.125427, 59.05115 ] ] } },
{ "type": "Feature", "properties": { "voltage_kv": 380.0, "from_node": 4, "to_node": 76, "length_km": 467.48416255409518, "delaunay_k": 5, "edge_set": "Delaunay5" }, "geometry": { "type": "LineString", "coordinates": [ [ 6.992798, 59.523872 ], [ 15.184479, 59.173817 ] ] } },
{ "type": "Feature", "properties": { "voltage_kv": 380.0, "from_node": 4, "to_node": 80, "length_km": 466.54277502491487, "delaunay_k": 5, "edge_set": "Delaunay5" }, "geometry": { "type": "LineString", "coordinates": [ [ 6.992798, 59.523872 ], [ 15.231171, 59.466013 ] ] } },
{ "type": "Feature", "properties": { "voltage_kv": 380.0, "from_node": 5, "to_node": 27, "length_km": 381.10761292008016, "delaunay_k": 5, "edge_set": "Delaunay5" }, "geometry": { "type": "LineString", "coordinates": [ [ 7.033997, 62.47807 ], [ 10.780334, 59.580242 ] ] } },
{ "type": "Feature", "properties": { "voltage_kv": 380.0, "from_node": 5, "to_node": 31, "length_km": 417.8559764167349, "delaunay_k": 5, "edge_set": "Delaunay5" }, "geometry": { "type": "LineString", "coordinates": [ [ 7.033997, 62.47807 ], [ 11.181335, 59.317776 ] ] } },
{ "type": "Feature", "properties": { "voltage_kv": 380.0, "from_node": 5, "to_node": 33, "length_km": 440.7866655549206, "delaunay_k": 5, "edge_set": "Delaunay5" }, "geometry": { "type": "LineString", "coordinates": [ [ 7.033997, 62.47807 ], [ 11.409302, 59.147769 ] ] } },
{ "type": "Feature", "properties": { "voltage_kv": 380.0, "from_node": 6, "to_node": 28, "length_km": 225.25879427042165, "delaunay_k": 5, "edge_set": "Delaunay5" }, "geometry": { "type": "LineString", "coordinates": [ [ 7.108154, 60.527563 ], [ 10.82428, 59.721792 ] ] } },
{ "type": "Feature", "properties": { "voltage_kv": 380.0, "from_node": 6, "to_node": 34, "length_km": 319.61973566760406, "delaunay_k": 5, "edge_set": "Delaunay5" }, "geometry": { "type": "LineString", "coordinates": [ [ 7.108154, 60.527563 ], [ 11.629028, 58.795248 ] ] } },
{ "type": "Feature", "properties": { "voltage_kv": 380.0, "from_node": 6, "to_node": 54, "length_km": 353.8635299240276, "delaunay_k": 5, "edge_set": "Delaunay5" }, "geometry": { "type": "LineString", "coordinates": [ [ 7.108154, 60.527563 ], [ 12.9776, 59.337392 ] ] } },
{ "type": "Feature", "properties": { "voltage_kv": 380.0, "from_node": 6, "to_node": 61, "length_km": 459.41875740495834, "delaunay_k": 5, "edge_set": "Delaunay5" }, "geometry": { "type": "LineString", "coordinates": [ [ 7.108154, 60.527563 ], [ 13.458252, 63.368755 ] ] } },
{ "type": "Feature", "properties": { "voltage_kv": 380.0, "from_node": 6, "to_node": 71, "length_km": 462.88913887500388, "delaunay_k": 5, "edge_set": "Delaunay5" }, "geometry": { "type": "LineString", "coordinates": [ [ 7.108154, 60.527563 ], [ 14.734039, 62.533228 ] ] } },
{ "type": "Feature", "properties": { "voltage_kv": 380.0, "from_node": 6, "to_node": 81, "length_km": 460.7882192170851, "delaunay_k": 5, "edge_set": "Delaunay5" }, "geometry": { "type": "LineString", "coordinates": [ [ 7.108154, 60.527563 ], [ 15.387726, 60.052503 ] ] } },
{ "type": "Feature", "properties": { "voltage_kv": 380.0, "from_node": 6, "to_node": 82, "length_km": 458.48841109981936, "delaunay_k": 5, "edge_set": "Delaunay5" }, "geometry": { "type": "LineString", "coordinates": [ [ 7.108154, 60.527563 ], [ 15.442657, 60.406393 ] ] } },
{ "type": "Feature", "properties": { "voltage_kv": 380.0, "from_node": 7, "to_node": 25, "length_km": 206.63472604432809, "delaunay_k": 5, "edge_set": "Delaunay5" }, "geometry": { "type": "LineString", "coordinates": [ [ 7.216644, 60.950443 ], [ 10.288696, 59.88687 ] ] } },
{ "type": "Feature", "properties": { "voltage_kv": 380.0, "from_node": 7, "to_node": 27, "length_km": 249.43622459900155, "delaunay_k": 5, "edge_set": "Delaunay5" }, "geometry": { "type": "LineString", "coordinates": [ [ 7.216644, 60.950443 ], [ 10.780334, 59.580242 ] ] } },
{ "type": "Feature", "properties": { "voltage_kv": 380.0, "from_node": 7, "to_node": 28, "length_km": 241.75712652226662, "delaunay_k": 5, "edge_set": "Delaunay5" }, "geometry": { "type": "LineString", "coordinates": [ [ 7.216644, 60.950443 ], [ 10.82428, 59.721792 ] ] } },
{ "type": "Feature", "properties": { "voltage_kv": 380.0, "from_node": 7, "to_node": 31, "length_km": 285.69666364850451, "delaunay_k": 5, "edge_set": "Delaunay5" }, "geometry": { "type": "LineString", "coordinates": [ [ 7.216644, 60.950443 ], [ 11.181335, 59.317776 ] ] } },
{ "type": "Feature", "properties": { "voltage_kv": 380.0, "from_node": 7, "to_node": 33, "length_km": 308.03010804641559, "delaunay_k": 5, "edge_set": "Delaunay5" }, "geometry": { "type": "LineString", "coordinates": [ [ 7.216644, 60.950443 ], [ 11.409302, 59.147769 ] ] } },
{ "type": "Feature", "properties": { "voltage_kv": 380.0, "from_node": 7, "to_node": 54, "length_km": 366.94472829900781, "delaunay_k": 5, "edge_set": "Delaunay5" }, "geometry": { "type": "LineString", "coordinates": [ [ 7.216644, 60.950443 ], [ 12.9776, 59.337392 ] ] } },
{ "type": "Feature", "properties": { "voltage_kv": 380.0, "from_node": 7, "to_node": 71, "length_km": 434.37056055864252, "delaunay_k": 5, "edge_set": "Delaunay5" }, "geometry": { "type": "LineString", "coordinates": [ [ 7.216644, 60.950443 ], [ 14.734039, 62.533228 ] ] } },
{ "type": "Feature", "properties": { "voltage_kv": 380.0, "from_node": 7, "to_node": 81, "length_km": 459.80886455729922, "delaunay_k": 5, "edge_set": "Delaunay5" }, "geometry": { "type": "LineString", "coordinates": [ [ 7.216644, 60.950443 ], [ 15.387726, 60.052503 ] ] } },
{ "type": "Feature", "properties": { "voltage_kv": 380.0, "from_node": 7, "to_node": 82, "length_km": 453.43743650275297, "delaunay_k": 5, "edge_set": "Delaunay5" }, "geometry": { "type": "LineString", "coordinates": [ [ 7.216644, 60.950443 ], [ 15.442657, 60.406393 ] ] } },
{ "type": "Feature", "properties": { "voltage_kv": 380.0, "from_node": 8, "to_node": 61, "length_km": 458.06548416184046, "delaunay_k": 5, "edge_set": "Delaunay5" }, "geometry": { "type": "LineString", "coordinates": [ [ 7.23587, 60.484968 ], [ 13.458252, 63.368755 ] ] } },
{ "type": "Feature", "properties": { "voltage_kv": 380.0, "from_node": 8, "to_node": 65, "length_km": 432.56571263936485, "delaunay_k": 5, "edge_set": "Delaunay5" }, "geometry": { "type": "LineString", "coordinates": [ [ 7.23587, 60.484968 ], [ 13.878479, 58.56109 ] ] } },
{ "type": "Feature", "properties": { "voltage_kv": 380.0, "from_node": 8, "to_node": 71, "length_km": 459.5291733293538, "delaunay_k": 5, "edge_set": "Delaunay5" }, "geometry": { "type": "LineString", "coordinates": [ [ 7.23587, 60.484968 ], [ 14.734039, 62.533228 ] ] } },
{ "type": "Feature", "properties": { "voltage_kv": 380.0, "from_node": 8, "to_node": 75, "length_km": 470.9604110904487, "delaunay_k": 5, "edge_set": "Delaunay5" }, "geometry": { "type": "LineString", "coordinates": [ [ 7.23587, 60.484968 ], [ 15.125427, 59.05115 ] ] } },
{ "type": "Feature", "properties": { "voltage_kv": 380.0, "from_node": 8, "to_node": 76, "length_km": 468.88763621712434, "delaunay_k": 5, "edge_set": "Delaunay5" }, "geometry": { "type": "LineString", "coordinates": [ [ 7.23587, 60.484968 ], [ 15.184479, 59.173817 ] ] } },
{ "type": "Feature", "properties": { "voltage_kv": 380.0, "from_node": 8, "to_node": 80, "length_km": 460.45065666739009, "delaunay_k": 5, "edge_set": "Delaunay5" }, "geometry": { "type": "LineString", "coordinates": [ [ 7.23587, 60.484968 ], [ 15.231171, 59.466013 ] ] } },
{ "type": "Feature", "properties": { "voltage_kv": 380.0, "from_node": 8, "to_node": 81, "length_km": 453.54559885288216, "delaunay_k": 5, "edge_set": "Delaunay5" }, "geometry": { "type": "LineString", "coordinates": [ [ 7.23587, 60.484968 ], [ 15.387726, 60.052503 ] ] } },
{ "type": "Feature", "properties": { "voltage_kv": 380.0, "from_node": 8, "to_node": 82, "length_km": 451.65425647576251, "delaunay_k": 5, "edge_set": "Delaunay5" }, "geometry": { "type": "LineString", "coordinates": [ [ 7.23587, 60.484968 ], [ 15.442657, 60.406393 ] ] } },
{ "type": "Feature", "properties": { "voltage_kv": 380.0, "from_node": 9, "to_node": 27, "length_km": 262.38496357958172, "delaunay_k": 5, "edge_set": "Delaunay5" }, "geometry": { "type": "LineString", "coordinates": [ [ 7.338867, 61.206798 ], [ 10.780334, 59.580242 ] ] } },
{ "type": "Feature", "properties": { "voltage_kv": 380.0, "from_node": 9, "to_node": 31, "length_km": 299.20476561837023, "delaunay_k": 5, "edge_set": "Delaunay5" }, "geometry": { "type": "LineString", "coordinates": [ [ 7.338867, 61.206798 ], [ 11.181335, 59.317776 ] ] } },
{ "type": "Feature", "properties": { "voltage_kv": 380.0, "from_node": 9, "to_node": 33, "length_km": 321.91858453041175, "delaunay_k": 5, "edge_set": "Delaunay5" }, "geometry": { "type": "LineString", "coordinates": [ [ 7.338867, 61.206798 ], [ 11.409302, 59.147769 ] ] } },
{ "type": "Feature", "properties": { "voltage_kv": 380.0, "from_node": 9, "to_node": 34, "length_km": 359.76704242360603, "delaunay_k": 5, "edge_set": "Delaunay5" }, "geometry": { "type": "LineString", "coordinates": [ [ 7.338867, 61.206798 ], [ 11.629028, 58.795248 ] ] } },
{ "type": "Feature", "properties": { "voltage_kv": 380.0, "from_node": 9, "to_node": 44, "length_km": 426.7935362546566, "delaunay_k": 5, "edge_set": "Delaunay5" }, "geometry": { "type": "LineString", "coordinates": [ [ 7.338867, 61.206798 ], [ 12.299194, 58.304438 ] ] } },
{ "type": "Feature", "properties": { "voltage_kv": 380.0, "from_node": 9, "to_node": 65, "length_km": 469.78528315655569, "delaunay_k": 5, "edge_set": "Delaunay5" }, "geometry": { "type": "LineString", "coordinates": [ [ 7.338867, 61.206798 ], [ 13.878479, 58.56109 ] ] } },
{ "type": "Feature", "properties": { "voltage_kv": 380.0, "from_node": 10, "to_node": 22, "length_km": 226.84173526720892, "delaunay_k": 5, "edge_set": "Delaunay5" }, "geometry": { "type": "LineString", "coordinates": [ [ 7.395172, 60.997087 ], [ 9.593811, 59.282019 ] ] } },
{ "type": "Feature", "properties": { "voltage_kv": 380.0, "from_node": 10, "to_node": 25, "length_km": 201.70870071032783, "delaunay_k": 5, "edge_set": "Delaunay5" }, "geometry": { "type": "LineString", "coordinates": [ [ 7.395172, 60.997087 ], [ 10.288696, 59.88687 ] ] } },
{ "type": "Feature", "properties": { "voltage_kv": 380.0, "from_node": 10, "to_node": 28, "length_km": 236.66835720416245, "delaunay_k": 5, "edge_set": "Delaunay5" }, "geometry": { "type": "LineString", "coordinates": [ [ 7.395172, 60.997087 ], [ 10.82428, 59.721792 ] ] } },
{ "type": "Feature", "properties": { "voltage_kv": 380.0, "from_node": 10, "to_node": 54, "length_km": 360.77665403310573, "delaunay_k": 5, "edge_set": "Delaunay5" }, "geometry": { "type": "LineString", "coordinates": [ [ 7.395172, 60.997087 ], [ 12.9776, 59.337392 ] ] } },
{ "type": "Feature", "properties": { "voltage_kv": 380.0, "from_node": 10, "to_node": 71, "length_km": 423.39014765176023, "delaunay_k": 5, "edge_set": "Delaunay5" }, "geometry": { "type": "LineString", "coordinates": [ [ 7.395172, 60.997087 ], [ 14.734039, 62.533228 ] ] } },
{ "type": "Feature", "properties": { "voltage_kv": 380.0, "from_node": 10, "to_node": 81, "length_km": 451.1237534326811, "delaunay_k": 5, "edge_set": "Delaunay5" }, "geometry": { "type": "LineString", "coordinates": [ [ 7.395172, 60.997087 ], [ 15.387726, 60.052503 ] ] } },
{ "type": "Feature", "properties": { "voltage_kv": 380.0, "from_node": 10, "to_node": 82, "length_km": 444.20518906956374, "delaunay_k": 5, "edge_set": "Delaunay5" }, "geometry": { "type": "LineString", "coordinates": [ [ 7.395172, 60.997087 ], [ 15.442657, 60.406393 ] ] } },
{ "type": "Feature", "properties": { "voltage_kv": 380.0, "from_node": 12, "to_node": 27, "length_km": 237.53611741886394, "delaunay_k": 5, "edge_set": "Delaunay5" }, "geometry": { "type": "LineString", "coordinates": [ [ 7.462463, 60.931767 ], [ 10.780334, 59.580242 ] ] } },
{ "type": "Feature", "properties": { "voltage_kv": 380.0, "from_node": 12, "to_node": 31, "length_km": 273.97491926972589, "delaunay_k": 5, "edge_set": "Delaunay5" }, "geometry": { "type": "LineString", "coordinates": [ [ 7.462463, 60.931767 ], [ 11.181335, 59.317776 ] ] } },
{ "type": "Feature", "properties": { "voltage_kv": 380.0, "from_node": 12, "to_node": 33, "length_km": 296.42856980501921, "delaunay_k": 5, "edge_set": "Delaunay5" }, "geometry": { "type": "LineString", "coordinates": [ [ 7.462463, 60.931767 ], [ 11.409302, 59.147769 ] ] } },
{ "type": "Feature", "properties": { "voltage_kv": 380.0, "from_node": 12, "to_node": 34, "length_km": 333.33833331108667, "delaunay_k": 5, "edge_set": "Delaunay5" }, "geometry": { "type": "LineString", "coordinates": [ [ 7.462463, 60.931767 ], [ 11.629028, 58.795248 ] ] } },
{ "type": "Feature", "properties": { "voltage_kv": 380.0, "from_node": 12, "to_node": 44, "length_km": 400.1072067546516, "delaunay_k": 5, "edge_set": "Delaunay5" }, "geometry": { "type": "LineString", "coordinates": [ [ 7.462463, 60.931767 ], [ 12.299194, 58.304438 ] ] } },
{ "type": "Feature", "properties": { "voltage_kv": 380.0, "from_node": 12, "to_node": 65, "length_km": 446.84514250193467, "delaunay_k": 5, "edge_set": "Delaunay5" }, "geometry": { "type": "LineString", "coordinates": [ [ 7.462463, 60.931767 ], [ 13.878479, 58.56109 ] ] } },
{ "type": "Feature", "properties": { "voltage_kv": 380.0, "from_node": 12, "to_node": 76, "length_km": 472.4036741760936, "delaunay_k": 5, "edge_set": "Delaunay5" }, "geometry": { "type": "LineString", "coordinates": [ [ 7.462463, 60.931767 ], [ 15.184479, 59.173817 ] ] } },
{ "type": "Feature", "properties": { "voltage_kv": 380.0, "from_node": 12, "to_node": 80, "length_km": 460.54447633268211, "delaunay_k": 5, "edge_set": "Delaunay5" }, "geometry": { "type": "LineString", "coordinates": [ [ 7.462463, 60.931767 ], [ 15.231171, 59.466013 ] ] } },
{ "type": "Feature", "properties": { "voltage_kv": 380.0, "from_node": 13, "to_node": 82, "length_km": 462.62339118826264, "delaunay_k": 5, "edge_set": "Delaunay5" }, "geometry": { "type": "LineString", "coordinates": [ [ 7.727509, 58.974791 ], [ 15.442657, 60.406393 ] ] } },
{ "type": "Feature", "properties": { "voltage_kv": 380.0, "from_node": 14, "to_node": 27, "length_km": 365.71759002892588, "delaunay_k": 5, "edge_set": "Delaunay5" }, "geometry": { "type": "LineString", "coordinates": [ [ 7.7948, 62.526259 ], [ 10.780334, 59.580242 ] ] } },
{ "type": "Feature", "properties": { "voltage_kv": 380.0, "from_node": 14, "to_node": 31, "length_km": 401.87233544234084, "delaunay_k": 5, "edge_set": "Delaunay5" }, "geometry": { "type": "LineString", "coordinates": [ [ 7.7948, 62.526259 ], [ 11.181335, 59.317776 ] ] } },
{ "type": "Feature", "properties": { "voltage_kv": 380.0, "from_node": 14, "to_node": 33, "length_km": 424.59040180206216, "delaunay_k": 5, "edge_set": "Delaunay5" }, "geometry": { "type": "LineString", "coordinates": [ [ 7.7948, 62.526259 ], [ 11.409302, 59.147769 ] ] } },
{ "type": "Feature", "properties": { "voltage_kv": 380.0, "from_node": 14, "to_node": 34, "length_km": 465.47255467739842, "delaunay_k": 5, "edge_set": "Delaunay5" }, "geometry": { "type": "LineString", "coordinates": [ [ 7.7948, 62.526259 ], [ 11.629028, 58.795248 ] ] } },
{ "type": "Feature", "properties": { "voltage_kv": 380.0, "from_node": 14, "to_node": 89, "length_km": 442.23933823212769, "delaunay_k": 5, "edge_set": "Delaunay5" }, "geometry": { "type": "LineString", "coordinates": [ [ 7.7948, 62.526259 ], [ 16.254272, 63.524685 ] ] } },
{ "type": "Feature", "properties": { "voltage_kv": 380.0, "from_node": 14, "to_node": 93, "length_km": 471.02750894296707, "delaunay_k": 5, "edge_set": "Delaunay5" }, "geometry": { "type": "LineString", "coordinates": [ [ 7.7948, 62.526259 ], [ 16.791229, 63.646259 ] ] } },
{ "type": "Feature", "properties": { "voltage_kv": 380.0, "from_node": 15, "to_node": 34, "length_km": 293.24059373833296, "delaunay_k": 5, "edge_set": "Delaunay5" }, "geometry": { "type": "LineString", "coordinates": [ [ 7.893677, 60.630775 ], [ 11.629028, 58.795248 ] ] } },
{ "type": "Feature", "properties": { "voltage_kv": 380.0, "from_node": 15, "to_node": 44, "length_km": 359.82370869844283, "delaunay_k": 5, "edge_set": "Delaunay5" }, "geometry": { "type": "LineString", "coordinates": [ [ 7.893677, 60.630775 ], [ 12.299194, 58.304438 ] ] } },
{ "type": "Feature", "properties": { "voltage_kv": 380.0, "from_node": 15, "to_node": 65, "length_km": 408.97806043520802, "delaunay_k": 5, "edge_set": "Delaunay5" }, "geometry": { "type": "LineString", "coordinates": [ [ 7.893677, 60.630775 ], [ 13.878479, 58.56109 ] ] } },
{ "type": "Feature", "properties": { "voltage_kv": 380.0, "from_node": 15, "to_node": 75, "length_km": 441.78868003114695, "delaunay_k": 5, "edge_set": "Delaunay5" }, "geometry": { "type": "LineString", "coordinates": [ [ 7.893677, 60.630775 ], [ 15.125427, 59.05115 ] ] } },
{ "type": "Feature", "properties": { "voltage_kv": 380.0, "from_node": 15, "to_node": 76, "length_km": 438.91345202850016, "delaunay_k": 5, "edge_set": "Delaunay5" }, "geometry": { "type": "LineString", "coordinates": [ [ 7.893677, 60.630775 ], [ 15.184479, 59.173817 ] ] } },
{ "type": "Feature", "properties": { "voltage_kv": 380.0, "from_node": 15, "to_node": 80, "length_km": 428.7454097270749, "delaunay_k": 5, "edge_set": "Delaunay5" }, "geometry": { "type": "LineString", "coordinates": [ [ 7.893677, 60.630775 ], [ 15.231171, 59.466013 ] ] } },
{ "type": "Feature", "properties": { "voltage_kv": 380.0, "from_node": 16, "to_node": 60, "length_km": 463.42163591432916, "delaunay_k": 5, "edge_set": "Delaunay5" }, "geometry": { "type": "LineString", "coordinates": [ [ 8.084564, 60.670488 ], [ 13.414307, 57.53868 ] ] } },
{ "type": "Feature", "properties": { "voltage_kv": 380.0, "from_node": 17, "to_node": 44, "length_km": 342.87913014240854, "delaunay_k": 5, "edge_set": "Delaunay5" }, "geometry": { "type": "LineString", "coordinates": [ [ 8.088684, 60.511343 ], [ 12.299194, 58.304438 ] ] } },
{ "type": "Feature", "properties": { "voltage_kv": 380.0, "from_node": 17, "to_node": 65, "length_km": 392.91539226691896, "delaunay_k": 5, "edge_set": "Delaunay5" }, "geometry": { "type": "LineString", "coordinates": [ [ 8.088684, 60.511343 ], [ 13.878479, 58.56109 ] ] } },
{ "type": "Feature", "properties": { "voltage_kv": 380.0, "from_node": 17, "to_node": 75, "length_km": 427.21316564192466, "delaunay_k": 5, "edge_set": "Delaunay5" }, "geometry": { "type": "LineString", "coordinates": [ [ 8.088684, 60.511343 ], [ 15.125427, 59.05115 ] ] } },
{ "type": "Feature", "properties": { "voltage_kv": 380.0, "from_node": 17, "to_node": 76, "length_km": 424.62933468440616, "delaunay_k": 5, "edge_set": "Delaunay5" }, "geometry": { "type": "LineString", "coordinates": [ [ 8.088684, 60.511343 ], [ 15.184479, 59.173817 ] ] } },
{ "type": "Feature", "properties": { "voltage_kv": 380.0, "from_node": 17, "to_node": 80, "length_km": 415.18270180327039, "delaunay_k": 5, "edge_set": "Delaunay5" }, "geometry": { "type": "LineString", "coordinates": [ [ 8.088684, 60.511343 ], [ 15.231171, 59.466013 ] ] } },
{ "type": "Feature", "properties": { "voltage_kv": 380.0, "from_node": 19, "to_node": 92, "length_km": 422.94405258768876, "delaunay_k": 5, "edge_set": "Delaunay5" }, "geometry": { "type": "LineString", "coordinates": [ [ 8.480072, 62.679816 ], [ 16.663513, 63.486702 ] ] } },
{ "type": "Feature", "properties": { "voltage_kv": 380.0, "from_node": 19, "to_node": 95, "length_km": 436.78886776410928, "delaunay_k": 5, "edge_set": "Delaunay5" }, "geometry": { "type": "LineString", "coordinates": [ [ 8.480072, 62.679816 ], [ 16.923065, 63.549164 ] ] } },
{ "type": "Feature", "properties": { "voltage_kv": 380.0, "from_node": 20, "to_node": 60, "length_km": 418.74578781449429, "delaunay_k": 5, "edge_set": "Delaunay5" }, "geometry": { "type": "LineString", "coordinates": [ [ 8.596802, 60.357527 ], [ 13.414307, 57.53868 ] ] } },
{ "type": "Feature", "properties": { "voltage_kv": 380.0, "from_node": 20, "to_node": 67, "length_km": 435.41806042512121, "delaunay_k": 5, "edge_set": "Delaunay5" }, "geometry": { "type": "LineString", "coordinates": [ [ 8.596802, 60.357527 ], [ 14.197083, 57.718819 ] ] } },
{ "type": "Feature", "properties": { "voltage_kv": 380.0, "from_node": 20, "to_node": 70, "length_km": 447.83977120724023, "delaunay_k": 5, "edge_set": "Delaunay5" }, "geometry": { "type": "LineString", "coordinates": [ [ 8.596802, 60.357527 ], [ 14.625549, 57.798676 ] ] } },
{ "type": "Feature", "properties": { "voltage_kv": 380.0, "from_node": 20, "to_node": 78, "length_km": 440.81648814629375, "delaunay_k": 5, "edge_set": "Delaunay5" }, "geometry": { "type": "LineString", "coordinates": [ [ 8.596802, 60.357527 ], [ 15.195465, 58.28423 ] ] } },
{ "type": "Feature", "properties": { "voltage_kv": 380.0, "from_node": 20, "to_node": 87, "length_km": 459.2458306881511, "delaunay_k": 5, "edge_set": "Delaunay5" }, "geometry": { "type": "LineString", "coordinates": [ [ 8.596802, 60.357527 ], [ 16.035919, 58.70477 ] ] } },
{ "type": "Feature", "properties": { "voltage_kv": 380.0, "from_node": 20, "to_node": 101, "length_km": 466.02543757653075, "delaunay_k": 5, "edge_set": "Delaunay5" }, "geometry": { "type": "LineString", "coordinates": [ [ 8.596802, 60.357527 ], [ 17.059021, 60.550528 ] ] } },
{ "type": "Feature", "properties": { "voltage_kv": 380.0, "from_node": 21, "to_node": 60, "length_km": 392.40798093234201, "delaunay_k": 5, "edge_set": "Delaunay5" }, "geometry": { "type": "LineString", "coordinates": [ [ 9.026642, 60.232994 ], [ 13.414307, 57.53868 ] ] } },
{ "type": "Feature", "properties": { "voltage_kv": 380.0, "from_node": 21, "to_node": 67, "length_km": 408.32599273161344, "delaunay_k": 5, "edge_set": "Delaunay5" }, "geometry": { "type": "LineString", "coordinates": [ [ 9.026642, 60.232994 ], [ 14.197083, 57.718819 ] ] } },
{ "type": "Feature", "properties": { "voltage_kv": 380.0, "from_node": 21, "to_node": 70, "length_km": 420.51535282641782, "delaunay_k": 5, "edge_set": "Delaunay5" }, "geometry": { "type": "LineString", "coordinates": [ [ 9.026642, 60.232994 ], [ 14.625549, 57.798676 ] ] } },
{ "type": "Feature", "properties": { "voltage_kv": 380.0, "from_node": 21, "to_node": 78, "length_km": 413.29425385239279, "delaunay_k": 5, "edge_set": "Delaunay5" }, "geometry": { "type": "LineString", "coordinates": [ [ 9.026642, 60.232994 ], [ 15.195465, 58.28423 ] ] } },
{ "type": "Feature", "properties": { "voltage_kv": 380.0, "from_node": 21, "to_node": 87, "length_km": 432.13348782481916, "delaunay_k": 5, "edge_set": "Delaunay5" }, "geometry": { "type": "LineString", "coordinates": [ [ 9.026642, 60.232994 ], [ 16.035919, 58.70477 ] ] } },
{ "type": "Feature", "properties": { "voltage_kv": 380.0, "from_node": 21, "to_node": 91, "length_km": 452.7134758540962, "delaunay_k": 5, "edge_set": "Delaunay5" }, "geometry": { "type": "LineString", "coordinates": [ [ 9.026642, 60.232994 ], [ 16.660767, 58.984699 ] ] } },
{ "type": "Feature", "properties": { "voltage_kv": 380.0, "from_node": 21, "to_node": 101, "length_km": 444.16832941360462, "delaunay_k": 5, "edge_set": "Delaunay5" }, "geometry": { "type": "LineString", "coordinates": [ [ 9.026642, 60.232994 ], [ 17.059021, 60.550528 ] ] } },
{ "type": "Feature", "properties": { "voltage_kv": 380.0, "from_node": 22, "to_node": 88, "length_km": 385.04410323052542, "delaunay_k": 5, "edge_set": "Delaunay5" }, "geometry": { "type": "LineString", "coordinates": [ [ 9.593811, 59.282019 ], [ 16.096344, 58.492976 ] ] } },
{ "type": "Feature", "properties": { "voltage_kv": 380.0, "from_node": 22, "to_node": 99, "length_km": 442.27991076908859, "delaunay_k": 5, "edge_set": "Delaunay5" }, "geometry": { "type": "LineString", "coordinates": [ [ 9.593811, 59.282019 ], [ 17.045288, 60.624713 ] ] } },
{ "type": "Feature", "properties": { "voltage_kv": 380.0, "from_node": 22, "to_node": 101, "length_km": 440.72946872440883, "delaunay_k": 5, "edge_set": "Delaunay5" }, "geometry": { "type": "LineString", "coordinates": [ [ 9.593811, 59.282019 ], [ 17.059021, 60.550528 ] ] } },
{ "type": "Feature", "properties": { "voltage_kv": 380.0, "from_node": 22, "to_node": 109, "length_km": 460.69083855667691, "delaunay_k": 5, "edge_set": "Delaunay5" }, "geometry": { "type": "LineString", "coordinates": [ [ 9.593811, 59.282019 ], [ 17.683868, 59.349996 ] ] } },
{ "type": "Feature", "properties": { "voltage_kv": 380.0, "from_node": 22, "to_node": 110, "length_km": 466.24709993072946, "delaunay_k": 5, "edge_set": "Delaunay5" }, "geometry": { "type": "LineString", "coordinates": [ [ 9.593811, 59.282019 ], [ 17.766266, 59.221637 ] ] } },
{ "type": "Feature", "properties": { "voltage_kv": 380.0, "from_node": 23, "to_node": 49, "length_km": 327.7424208071007, "delaunay_k": 5, "edge_set": "Delaunay5" }, "geometry": { "type": "LineString", "coordinates": [ [ 10.092316, 60.198203 ], [ 12.562866, 57.548261 ] ] } },
{ "type": "Feature", "properties": { "voltage_kv": 380.0, "from_node": 23, "to_node": 52, "length_km": 349.91594426569344, "delaunay_k": 5, "edge_set": "Delaunay5" }, "geometry": { "type": "LineString", "coordinates": [ [ 10.092316, 60.198203 ], [ 12.671356, 57.356164 ] ] } },
{ "type": "Feature", "properties": { "voltage_kv": 380.0, "from_node": 23, "to_node": 57, "length_km": 402.26352490752055, "delaunay_k": 5, "edge_set": "Delaunay5" }, "geometry": { "type": "LineString", "coordinates": [ [ 10.092316, 60.198203 ], [ 13.066864, 56.937483 ] ] } },
{ "type": "Feature", "properties": { "voltage_kv": 380.0, "from_node": 23, "to_node": 68, "length_km": 453.18799335855647, "delaunay_k": 5, "edge_set": "Delaunay5" }, "geometry": { "type": "LineString", "coordinates": [ [ 10.092316, 60.198203 ], [ 14.40033, 56.809901 ] ] } },
{ "type": "Feature", "properties": { "voltage_kv": 380.0, "from_node": 23, "to_node": 88, "length_km": 390.78110894367563, "delaunay_k": 5, "edge_set": "Delaunay5" }, "geometry": { "type": "LineString", "coordinates": [ [ 10.092316, 60.198203 ], [ 16.096344, 58.492976 ] ] } },
{ "type": "Feature", "properties": { "voltage_kv": 380.0, "from_node": 23, "to_node": 101, "length_km": 386.28982679585744, "delaunay_k": 5, "edge_set": "Delaunay5" }, "geometry": { "type": "LineString", "coordinates": [ [ 10.092316, 60.198203 ], [ 17.059021, 60.550528 ] ] } },
{ "type": "Feature", "properties": { "voltage_kv": 380.0, "from_node": 23, "to_node": 109, "length_km": 436.77305023663121, "delaunay_k": 5, "edge_set": "Delaunay5" }, "geometry": { "type": "LineString", "coordinates": [ [ 10.092316, 60.198203 ], [ 17.683868, 59.349996 ] ] } },
{ "type": "Feature", "properties": { "voltage_kv": 380.0, "from_node": 23, "to_node": 110, "length_km": 445.36974960720846, "delaunay_k": 5, "edge_set": "Delaunay5" }, "geometry": { "type": "LineString", "coordinates": [ [ 10.092316, 60.198203 ], [ 17.766266, 59.221637 ] ] } },
{ "type": "Feature", "properties": { "voltage_kv": 380.0, "from_node": 23, "to_node": 111, "length_km": 458.82474363479321, "delaunay_k": 5, "edge_set": "Delaunay5" }, "geometry": { "type": "LineString", "coordinates": [ [ 10.092316, 60.198203 ], [ 17.932434, 59.094909 ] ] } },
{ "type": "Feature", "properties": { "voltage_kv": 380.0, "from_node": 23, "to_node": 116, "length_km": 444.56919410240101, "delaunay_k": 5, "edge_set": "Delaunay5" }, "geometry": { "type": "LineString", "coordinates": [ [ 10.092316, 60.198203 ], [ 18.123322, 60.430121 ] ] } },
{ "type": "Feature", "properties": { "voltage_kv": 380.0, "from_node": 23, "to_node": 117, "length_km": 458.14591821390292, "delaunay_k": 5, "edge_set": "Delaunay5" }, "geometry": { "type": "LineString", "coordinates": [ [ 10.092316, 60.198203 ], [ 18.135681, 59.473686 ] ] } },
{ "type": "Feature", "properties": { "voltage_kv": 380.0, "from_node": 23, "to_node": 118, "length_km": 453.88641674398815, "delaunay_k": 5, "edge_set": "Delaunay5" }, "geometry": { "type": "LineString", "coordinates": [ [ 10.092316, 60.198203 ], [ 18.233185, 59.961198 ] ] } },
{ "type": "Feature", "properties": { "voltage_kv": 380.0, "from_node": 24, "to_node": 39, "length_km": 325.14884607006917, "delaunay_k": 5, "edge_set": "Delaunay5" }, "geometry": { "type": "LineString", "coordinates": [ [ 10.214539, 60.322868 ], [ 12.087708, 57.568888 ] ] } },
{ "type": "Feature", "properties": { "voltage_kv": 380.0, "from_node": 24, "to_node": 49, "length_km": 337.31722284110612, "delaunay_k": 5, "edge_set": "Delaunay5" }, "geometry": { "type": "LineString", "coordinates": [ [ 10.214539, 60.322868 ], [ 12.562866, 57.548261 ] ] } },
{ "type": "Feature", "properties": { "voltage_kv": 380.0, "from_node": 24, "to_node": 52, "length_km": 359.5797282912194, "delaunay_k": 5, "edge_set": "Delaunay5" }, "geometry": { "type": "LineString", "coordinates": [ [ 10.214539, 60.322868 ], [ 12.671356, 57.356164 ] ] } },
{ "type": "Feature", "properties": { "voltage_kv": 380.0, "from_node": 24, "to_node": 57, "length_km": 411.81383484884753, "delaunay_k": 5, "edge_set": "Delaunay5" }, "geometry": { "type": "LineString", "coordinates": [ [ 10.214539, 60.322868 ], [ 13.066864, 56.937483 ] ] } },
{ "type": "Feature", "properties": { "voltage_kv": 380.0, "from_node": 24, "to_node": 68, "length_km": 460.78120690521956, "delaunay_k": 5, "edge_set": "Delaunay5" }, "geometry": { "type": "LineString", "coordinates": [ [ 10.214539, 60.322868 ], [ 14.40033, 56.809901 ] ] } },
{ "type": "Feature", "properties": { "voltage_kv": 380.0, "from_node": 24, "to_node": 88, "length_km": 391.23630156619657, "delaunay_k": 5, "edge_set": "Delaunay5" }, "geometry": { "type": "LineString", "coordinates": [ [ 10.214539, 60.322868 ], [ 16.096344, 58.492976 ] ] } },
{ "type": "Feature", "properties": { "voltage_kv": 380.0, "from_node": 24, "to_node": 110, "length_km": 441.59324392653645, "delaunay_k": 5, "edge_set": "Delaunay5" }, "geometry": { "type": "LineString", "coordinates": [ [ 10.214539, 60.322868 ], [ 17.766266, 59.221637 ] ] } },
{ "type": "Feature", "properties": { "voltage_kv": 380.0, "from_node": 24, "to_node": 111, "length_km": 455.39010046550504, "delaunay_k": 5, "edge_set": "Delaunay5" }, "geometry": { "type": "LineString", "coordinates": [ [ 10.214539, 60.322868 ], [ 17.932434, 59.094909 ] ] } },
{ "type": "Feature", "properties": { "voltage_kv": 380.0, "from_node": 24, "to_node": 114, "length_km": 456.0790426492423, "delaunay_k": 5, "edge_set": "Delaunay5" }, "geometry": { "type": "LineString", "coordinates": [ [ 10.214539, 60.322868 ], [ 18.095856, 59.317075 ] ] } },
{ "type": "Feature", "properties": { "voltage_kv": 380.0, "from_node": 24, "to_node": 115, "length_km": 462.18754200047835, "delaunay_k": 5, "edge_set": "Delaunay5" }, "geometry": { "type": "LineString", "coordinates": [ [ 10.214539, 60.322868 ], [ 18.110962, 59.168187 ] ] } },
{ "type": "Feature", "properties": { "voltage_kv": 380.0, "from_node": 25, "to_node": 49, "length_km": 291.89901224723042, "delaunay_k": 5, "edge_set": "Delaunay5" }, "geometry": { "type": "LineString", "coordinates": [ [ 10.288696, 59.88687 ], [ 12.562866, 57.548261 ] ] } },
{ "type": "Feature", "properties": { "voltage_kv": 380.0, "from_node": 25, "to_node": 52, "length_km": 314.01381067746286, "delaunay_k": 5, "edge_set": "Delaunay5" }, "geometry": { "type": "LineString", "coordinates": [ [ 10.288696, 59.88687 ], [ 12.671356, 57.356164 ] ] } },
{ "type": "Feature", "properties": { "voltage_kv": 380.0, "from_node": 25, "to_node": 57, "length_km": 366.39966345463125, "delaunay_k": 5, "edge_set": "Delaunay5" }, "geometry": { "type": "LineString", "coordinates": [ [ 10.288696, 59.88687 ], [ 13.066864, 56.937483 ] ] } },
{ "type": "Feature", "properties": { "voltage_kv": 380.0, "from_node": 25, "to_node": 68, "length_km": 418.72275691103357, "delaunay_k": 5, "edge_set": "Delaunay5" }, "geometry": { "type": "LineString", "coordinates": [ [ 10.288696, 59.88687 ], [ 14.40033, 56.809901 ] ] } },
{ "type": "Feature", "properties": { "voltage_kv": 380.0, "from_node": 25, "to_node": 88, "length_km": 366.41278361162051, "delaunay_k": 5, "edge_set": "Delaunay5" }, "geometry": { "type": "LineString", "coordinates": [ [ 10.288696, 59.88687 ], [ 16.096344, 58.492976 ] ] } },
{ "type": "Feature", "properties": { "voltage_kv": 380.0, "from_node": 25, "to_node": 90, "length_km": 459.46610201988102, "delaunay_k": 5, "edge_set": "Delaunay5" }, "geometry": { "type": "LineString", "coordinates": [ [ 10.288696, 59.88687 ], [ 16.660767, 57.43682 ] ] } },
{ "type": "Feature", "properties": { "voltage_kv": 380.0, "from_node": 25, "to_node": 101, "length_km": 382.45509916397754, "delaunay_k": 5, "edge_set": "Delaunay5" }, "geometry": { "type": "LineString", "coordinates": [ [ 10.288696, 59.88687 ], [ 17.059021, 60.550528 ] ] } },
{ "type": "Feature", "properties": { "voltage_kv": 380.0, "from_node": 25, "to_node": 109, "length_km": 421.62708284352038, "delaunay_k": 5, "edge_set": "Delaunay5" }, "geometry": { "type": "LineString", "coordinates": [ [ 10.288696, 59.88687 ], [ 17.683868, 59.349996 ] ] } },
{ "type": "Feature", "properties": { "voltage_kv": 380.0, "from_node": 25, "to_node": 110, "length_km": 429.26071813940268, "delaunay_k": 5, "edge_set": "Delaunay5" }, "geometry": { "type": "LineString", "coordinates": [ [ 10.288696, 59.88687 ], [ 17.766266, 59.221637 ] ] } },
{ "type": "Feature", "properties": { "voltage_kv": 380.0, "from_node": 25, "to_node": 111, "length_km": 441.91551289642138, "delaunay_k": 5, "edge_set": "Delaunay5" }, "geometry": { "type": "LineString", "coordinates": [ [ 10.288696, 59.88687 ], [ 17.932434, 59.094909 ] ] } },
{ "type": "Feature", "properties": { "voltage_kv": 380.0, "from_node": 25, "to_node": 116, "length_km": 439.22234951290289, "delaunay_k": 5, "edge_set": "Delaunay5" }, "geometry": { "type": "LineString", "coordinates": [ [ 10.288696, 59.88687 ], [ 18.123322, 60.430121 ] ] } },
{ "type": "Feature", "properties": { "voltage_kv": 380.0, "from_node": 25, "to_node": 117, "length_km": 444.44404866520586, "delaunay_k": 5, "edge_set": "Delaunay5" }, "geometry": { "type": "LineString", "coordinates": [ [ 10.288696, 59.88687 ], [ 18.135681, 59.473686 ] ] } },
{ "type": "Feature", "properties": { "voltage_kv": 380.0, "from_node": 25, "to_node": 118, "length_km": 444.36812365266093, "delaunay_k": 5, "edge_set": "Delaunay5" }, "geometry": { "type": "LineString", "coordinates": [ [ 10.288696, 59.88687 ], [ 18.233185, 59.961198 ] ] } },
{ "type": "Feature", "properties": { "voltage_kv": 380.0, "from_node": 26, "to_node": 27, "length_km": 412.30721581898479, "delaunay_k": 5, "edge_set": "Delaunay5" }, "geometry": { "type": "LineString", "coordinates": [ [ 10.457611, 63.276888 ], [ 10.780334, 59.580242 ] ] } },
{ "type": "Feature", "properties": { "voltage_kv": 380.0, "from_node": 26, "to_node": 31, "length_km": 442.88022082511111, "delaunay_k": 5, "edge_set": "Delaunay5" }, "geometry": { "type": "LineString", "coordinates": [ [ 10.457611, 63.276888 ], [ 11.181335, 59.317776 ] ] } },
{ "type": "Feature", "properties": { "voltage_kv": 380.0, "from_node": 26, "to_node": 33, "length_km": 462.94422243085432, "delaunay_k": 5, "edge_set": "Delaunay5" }, "geometry": { "type": "LineString", "coordinates": [ [ 10.457611, 63.276888 ], [ 11.409302, 59.147769 ] ] } },
{ "type": "Feature", "properties": { "voltage_kv": 380.0, "from_node": 26, "to_node": 92, "length_km": 311.19340422243391, "delaunay_k": 5, "edge_set": "Delaunay5" }, "geometry": { "type": "LineString", "coordinates": [ [ 10.457611, 63.276888 ], [ 16.663513, 63.486702 ] ] } },
{ "type": "Feature", "properties": { "voltage_kv": 380.0, "from_node": 26, "to_node": 95, "length_km": 324.3595372627064, "delaunay_k": 5, "edge_set": "Delaunay5" }, "geometry": { "type": "LineString", "coordinates": [ [ 10.457611, 63.276888 ], [ 16.923065, 63.549164 ] ] } },
{ "type": "Feature", "properties": { "voltage_kv": 380.0, "from_node": 26, "to_node": 97, "length_km": 455.97215883362344, "delaunay_k": 5, "edge_set": "Delaunay5" }, "geometry": { "type": "LineString", "coordinates": [ [ 10.457611, 63.276888 ], [ 16.972504, 60.570102 ] ] } },
{ "type": "Feature", "properties": { "voltage_kv": 380.0, "from_node": 26, "to_node": 99, "length_km": 454.63963086778926, "delaunay_k": 5, "edge_set": "Delaunay5" }, "geometry": { "type": "LineString", "coordinates": [ [ 10.457611, 63.276888 ], [ 17.045288, 60.624713 ] ] } },
{ "type": "Feature", "properties": { "voltage_kv": 380.0, "from_node": 26, "to_node": 106, "length_km": 368.19873664848467, "delaunay_k": 5, "edge_set": "Delaunay5" }, "geometry": { "type": "LineString", "coordinates": [ [ 10.457611, 63.276888 ], [ 17.468262, 62.460297 ] ] } },
{ "type": "Feature", "properties": { "voltage_kv": 380.0, "from_node": 26, "to_node": 119, "length_km": 390.09284945764347, "delaunay_k": 5, "edge_set": "Delaunay5" }, "geometry": { "type": "LineString", "coordinates": [ [ 10.457611, 63.276888 ], [ 18.242798, 63.401361 ] ] } },
{ "type": "Feature", "properties": { "voltage_kv": 380.0, "from_node": 26, "to_node": 123, "length_km": 440.89096408246678, "delaunay_k": 5, "edge_set": "Delaunay5" }, "geometry": { "type": "LineString", "coordinates": [ [ 10.457611, 63.276888 ], [ 19.029694, 64.440225 ] ] } },
{ "type": "Feature", "properties": { "voltage_kv": 380.0, "from_node": 27, "to_node": 39, "length_km": 236.59234958524488, "delaunay_k": 5, "edge_set": "Delaunay5" }, "geometry": { "type": "LineString", "coordinates": [ [ 10.780334, 59.580242 ], [ 12.087708, 57.568888 ] ] } },
{ "type": "Feature", "properties": { "voltage_kv": 380.0, "from_node": 27, "to_node": 49, "length_km": 248.96437955883454, "delaunay_k": 5, "edge_set": "Delaunay5" }, "geometry": { "type": "LineString", "coordinates": [ [ 10.780334, 59.580242 ], [ 12.562866, 57.548261 ] ] } },
{ "type": "Feature", "properties": { "voltage_kv": 380.0, "from_node": 27, "to_node": 51, "length_km": 431.96572725458361, "delaunay_k": 5, "edge_set": "Delaunay5" }, "geometry": { "type": "LineString", "coordinates": [ [ 10.780334, 59.580242 ], [ 12.568359, 63.361367 ] ] } },
{ "type": "Feature", "properties": { "voltage_kv": 380.0, "from_node": 27, "to_node": 52, "length_km": 271.18057920019379, "delaunay_k": 5, "edge_set": "Delaunay5" }, "geometry": { "type": "LineString", "coordinates": [ [ 10.780334, 59.580242 ], [ 12.671356, 57.356164 ] ] } },
{ "type": "Feature", "properties": { "voltage_kv": 380.0, "from_node": 27, "to_node": 57, "length_km": 323.48540686389163, "delaunay_k": 5, "edge_set": "Delaunay5" }, "geometry": { "type": "LineString", "coordinates": [ [ 10.780334, 59.580242 ], [ 13.066864, 56.937483 ] ] } },
{ "type": "Feature", "properties": { "voltage_kv": 380.0, "from_node": 27, "to_node": 61, "length_km": 445.57692074171968, "delaunay_k": 5, "edge_set": "Delaunay5" }, "geometry": { "type": "LineString", "coordinates": [ [ 10.780334, 59.580242 ], [ 13.458252, 63.368755 ] ] } },
{ "type": "Feature", "properties": { "voltage_kv": 380.0, "from_node": 27, "to_node": 68, "length_km": 374.81230605504504, "delaunay_k": 5, "edge_set": "Delaunay5" }, "geometry": { "type": "LineString", "coordinates": [ [ 10.780334, 59.580242 ], [ 14.40033, 56.809901 ] ] } },
{ "type": "Feature", "properties": { "voltage_kv": 380.0, "from_node": 27, "to_node": 79, "length_km": 471.01319219603897, "delaunay_k": 5, "edge_set": "Delaunay5" }, "geometry": { "type": "LineString", "coordinates": [ [ 10.780334, 59.580242 ], [ 15.206451, 63.237956 ] ] } },
{ "type": "Feature", "properties": { "voltage_kv": 380.0, "from_node": 27, "to_node": 83, "length_km": 430.43451019290239, "delaunay_k": 5, "edge_set": "Delaunay5" }, "geometry": { "type": "LineString", "coordinates": [ [ 10.780334, 59.580242 ], [ 15.542908, 56.649432 ] ] } },
{ "type": "Feature", "properties": { "voltage_kv": 380.0, "from_node": 27, "to_node": 88, "length_km": 328.34969266621897, "delaunay_k": 5, "edge_set": "Delaunay5" }, "geometry": { "type": "LineString", "coordinates": [ [ 10.780334, 59.580242 ], [ 16.096344, 58.492976 ] ] } },
{ "type": "Feature", "properties": { "voltage_kv": 380.0, "from_node": 27, "to_node": 90, "length_km": 417.65967532203905, "delaunay_k": 5, "edge_set": "Delaunay5" }, "geometry": { "type": "LineString", "coordinates": [ [ 10.780334, 59.580242 ], [ 16.660767, 57.43682 ] ] } },
{ "type": "Feature", "properties": { "voltage_kv": 380.0, "from_node": 27, "to_node": 98, "length_km": 471.52665096347272, "delaunay_k": 5, "edge_set": "Delaunay5" }, "geometry": { "type": "LineString", "coordinates": [ [ 10.780334, 59.580242 ], [ 17.024689, 62.540828 ] ] } },
{ "type": "Feature", "properties": { "voltage_kv": 380.0, "from_node": 27, "to_node": 99, "length_km": 367.38508883646148, "delaunay_k": 5, "edge_set": "Delaunay5" }, "geometry": { "type": "LineString", "coordinates": [ [ 10.780334, 59.580242 ], [ 17.045288, 60.624713 ] ] } },
{ "type": "Feature", "properties": { "voltage_kv": 380.0, "from_node": 27, "to_node": 101, "length_km": 365.96109892728691, "delaunay_k": 5, "edge_set": "Delaunay5" }, "geometry": { "type": "LineString", "coordinates": [ [ 10.780334, 59.580242 ], [ 17.059021, 60.550528 ] ] } },
{ "type": "Feature", "properties": { "voltage_kv": 380.0, "from_node": 27, "to_node": 109, "length_km": 392.27689069654252, "delaunay_k": 5, "edge_set": "Delaunay5" }, "geometry": { "type": "LineString", "coordinates": [ [ 10.780334, 59.580242 ], [ 17.683868, 59.349996 ] ] } },
{ "type": "Feature", "properties": { "voltage_kv": 380.0, "from_node": 27, "to_node": 110, "length_km": 398.86617364205108, "delaunay_k": 5, "edge_set": "Delaunay5" }, "geometry": { "type": "LineString", "coordinates": [ [ 10.780334, 59.580242 ], [ 17.766266, 59.221637 ] ] } },
{ "type": "Feature", "properties": { "voltage_kv": 380.0, "from_node": 27, "to_node": 111, "length_km": 410.63421965179447, "delaunay_k": 5, "edge_set": "Delaunay5" }, "geometry": { "type": "LineString", "coordinates": [ [ 10.780334, 59.580242 ], [ 17.932434, 59.094909 ] ] } },
{ "type": "Feature", "properties": { "voltage_kv": 380.0, "from_node": 27, "to_node": 113, "length_km": 416.99665440165808, "delaunay_k": 5, "edge_set": "Delaunay5" }, "geometry": { "type": "LineString", "coordinates": [ [ 10.780334, 59.580242 ], [ 18.020325, 60.532293 ] ] } },
{ "type": "Feature", "properties": { "voltage_kv": 380.0, "from_node": 27, "to_node": 116, "length_km": 420.45921436546041, "delaunay_k": 5, "edge_set": "Delaunay5" }, "geometry": { "type": "LineString", "coordinates": [ [ 10.780334, 59.580242 ], [ 18.123322, 60.430121 ] ] } },
{ "type": "Feature", "properties": { "voltage_kv": 380.0, "from_node": 27, "to_node": 117, "length_km": 416.46819735272237, "delaunay_k": 5, "edge_set": "Delaunay5" }, "geometry": { "type": "LineString", "coordinates": [ [ 10.780334, 59.580242 ], [ 18.135681, 59.473686 ] ] } },
{ "type": "Feature", "properties": { "voltage_kv": 380.0, "from_node": 27, "to_node": 118, "length_km": 420.90260123465248, "delaunay_k": 5, "edge_set": "Delaunay5" }, "geometry": { "type": "LineString", "coordinates": [ [ 10.780334, 59.580242 ], [ 18.233185, 59.961198 ] ] } },
{ "type": "Feature", "properties": { "voltage_kv": 380.0, "from_node": 28, "to_node": 40, "length_km": 278.96809655175531, "delaunay_k": 5, "edge_set": "Delaunay5" }, "geometry": { "type": "LineString", "coordinates": [ [ 10.82428, 59.721792 ], [ 12.237396, 57.328745 ] ] } },
{ "type": "Feature", "properties": { "voltage_kv": 380.0, "from_node": 28, "to_node": 55, "length_km": 416.85673464947808, "delaunay_k": 5, "edge_set": "Delaunay5" }, "geometry": { "type": "LineString", "coordinates": [ [ 10.82428, 59.721792 ], [ 12.984467, 56.159318 ] ] } },
{ "type": "Feature", "properties": { "voltage_kv": 380.0, "from_node": 28, "to_node": 56, "length_km": 352.35431426076923, "delaunay_k": 5, "edge_set": "Delaunay5" }, "geometry": { "type": "LineString", "coordinates": [ [ 10.82428, 59.721792 ], [ 12.991333, 56.771541 ] ] } },
{ "type": "Feature", "properties": { "voltage_kv": 380.0, "from_node": 28, "to_node": 72, "length_km": 443.60297708235487, "delaunay_k": 5, "edge_set": "Delaunay5" }, "geometry": { "type": "LineString", "coordinates": [ [ 10.82428, 59.721792 ], [ 14.749146, 56.325675 ] ] } },
{ "type": "Feature", "properties": { "voltage_kv": 380.0, "from_node": 28, "to_node": 73, "length_km": 451.20806994668487, "delaunay_k": 5, "edge_set": "Delaunay5" }, "geometry": { "type": "LineString", "coordinates": [ [ 10.82428, 59.721792 ], [ 14.790344, 56.260134 ] ] } },
{ "type": "Feature", "properties": { "voltage_kv": 380.0, "from_node": 28, "to_node": 74, "length_km": 461.25281803483927, "delaunay_k": 5, "edge_set": "Delaunay5" }, "geometry": { "type": "LineString", "coordinates": [ [ 10.82428, 59.721792 ], [ 14.845276, 56.173846 ] ] } },
{ "type": "Feature", "properties": { "voltage_kv": 380.0, "from_node": 28, "to_node": 114, "length_km": 414.11184544922133, "delaunay_k": 5, "edge_set": "Delaunay5" }, "geometry": { "type": "LineString", "coordinates": [ [ 10.82428, 59.721792 ], [ 18.095856, 59.317075 ] ] } },
{ "type": "Feature", "properties": { "voltage_kv": 380.0, "from_node": 28, "to_node": 115, "length_km": 417.98683382601052, "delaunay_k": 5, "edge_set": "Delaunay5" }, "geometry": { "type": "LineString", "coordinates": [ [ 10.82428, 59.721792 ], [ 18.110962, 59.168187 ] ] } },
{ "type": "Feature", "properties": { "voltage_kv": 380.0, "from_node": 29, "to_node": 40, "length_km": 303.94765041081291, "delaunay_k": 5, "edge_set": "Delaunay5" }, "geometry": { "type": "LineString", "coordinates": [ [ 10.839386, 59.958448 ], [ 12.237396, 57.328745 ] ] } },
{ "type": "Feature", "properties": { "voltage_kv": 380.0, "from_node": 29, "to_node": 55, "length_km": 441.64377910140604, "delaunay_k": 5, "edge_set": "Delaunay5" }, "geometry": { "type": "LineString", "coordinates": [ [ 10.839386, 59.958448 ], [ 12.984467, 56.159318 ] ] } },
{ "type": "Feature", "properties": { "voltage_kv": 380.0, "from_node": 29, "to_node": 56, "length_km": 376.61912469534667, "delaunay_k": 5, "edge_set": "Delaunay5" }, "geometry": { "type": "LineString", "coordinates": [ [ 10.839386, 59.958448 ], [ 12.991333, 56.771541 ] ] } },
{ "type": "Feature", "properties": { "voltage_kv": 380.0, "from_node": 29, "to_node": 72, "length_km": 465.4542601578961, "delaunay_k": 5, "edge_set": "Delaunay5" }, "geometry": { "type": "LineString", "coordinates": [ [ 10.839386, 59.958448 ], [ 14.749146, 56.325675 ] ] } },
{ "type": "Feature", "properties": { "voltage_kv": 380.0, "from_node": 29, "to_node": 73, "length_km": 473.10088277810235, "delaunay_k": 5, "edge_set": "Delaunay5" }, "geometry": { "type": "LineString", "coordinates": [ [ 10.839386, 59.958448 ], [ 14.790344, 56.260134 ] ] } },
{ "type": "Feature", "properties": { "voltage_kv": 380.0, "from_node": 29, "to_node": 114, "length_km": 415.53716221568459, "delaunay_k": 5, "edge_set": "Delaunay5" }, "geometry": { "type": "LineString", "coordinates": [ [ 10.839386, 59.958448 ], [ 18.095856, 59.317075 ] ] } },
{ "type": "Feature", "properties": { "voltage_kv": 380.0, "from_node": 29, "to_node": 115, "length_km": 420.4248194086378, "delaunay_k": 5, "edge_set": "Delaunay5" }, "geometry": { "type": "LineString", "coordinates": [ [ 10.839386, 59.958448 ], [ 18.110962, 59.168187 ] ] } },
{ "type": "Feature", "properties": { "voltage_kv": 380.0, "from_node": 30, "to_node": 73, "length_km": 240.58465374239103, "delaunay_k": 5, "edge_set": "Delaunay5" }, "geometry": { "type": "LineString", "coordinates": [ [ 11.089325, 55.66132 ], [ 14.790344, 56.260134 ] ] } },
{ "type": "Feature", "properties": { "voltage_kv": 380.0, "from_node": 30, "to_node": 83, "length_km": 297.83315362592515, "delaunay_k": 5, "edge_set": "Delaunay5" }, "geometry": { "type": "LineString", "coordinates": [ [ 11.089325, 55.66132 ], [ 15.542908, 56.649432 ] ] } },
{ "type": "Feature", "properties": { "voltage_kv": 380.0, "from_node": 31, "to_node": 40, "length_km": 230.02193304701152, "delaunay_k": 5, "edge_set": "Delaunay5" }, "geometry": { "type": "LineString", "coordinates": [ [ 11.181335, 59.317776 ], [ 12.237396, 57.328745 ] ] } },
{ "type": "Feature", "properties": { "voltage_kv": 380.0, "from_node": 31, "to_node": 51, "length_km": 456.6529023222979, "delaunay_k": 5, "edge_set": "Delaunay5" }, "geometry": { "type": "LineString", "coordinates": [ [ 11.181335, 59.317776 ], [ 12.568359, 63.361367 ] ] } },
{ "type": "Feature", "properties": { "voltage_kv": 380.0, "from_node": 31, "to_node": 55, "length_km": 367.77964668930935, "delaunay_k": 5, "edge_set": "Delaunay5" }, "geometry": { "type": "LineString", "coordinates": [ [ 11.181335, 59.317776 ], [ 12.984467, 56.159318 ] ] } },
{ "type": "Feature", "properties": { "voltage_kv": 380.0, "from_node": 31, "to_node": 56, "length_km": 303.05913675787224, "delaunay_k": 5, "edge_set": "Delaunay5" }, "geometry": { "type": "LineString", "coordinates": [ [ 11.181335, 59.317776 ], [ 12.991333, 56.771541 ] ] } },
{ "type": "Feature", "properties": { "voltage_kv": 380.0, "from_node": 31, "to_node": 72, "length_km": 394.9231502253038, "delaunay_k": 5, "edge_set": "Delaunay5" }, "geometry": { "type": "LineString", "coordinates": [ [ 11.181335, 59.317776 ], [ 14.749146, 56.325675 ] ] } },
{ "type": "Feature", "properties": { "voltage_kv": 380.0, "from_node": 31, "to_node": 73, "length_km": 402.5002880313595, "delaunay_k": 5, "edge_set": "Delaunay5" }, "geometry": { "type": "LineString", "coordinates": [ [ 11.181335, 59.317776 ], [ 14.790344, 56.260134 ] ] } },
{ "type": "Feature", "properties": { "voltage_kv": 380.0, "from_node": 31, "to_node": 74, "length_km": 412.51145131357453, "delaunay_k": 5, "edge_set": "Delaunay5" }, "geometry": { "type": "LineString", "coordinates": [ [ 11.181335, 59.317776 ], [ 14.845276, 56.173846 ] ] } },
{ "type": "Feature", "properties": { "voltage_kv": 380.0, "from_node": 31, "to_node": 114, "length_km": 393.81118828710225, "delaunay_k": 5, "edge_set": "Delaunay5" }, "geometry": { "type": "LineString", "coordinates": [ [ 11.181335, 59.317776 ], [ 18.095856, 59.317075 ] ] } },
{ "type": "Feature", "properties": { "voltage_kv": 380.0, "from_node": 31, "to_node": 115, "length_km": 395.88682793514772, "delaunay_k": 5, "edge_set": "Delaunay5" }, "geometry": { "type": "LineString", "coordinates": [ [ 11.181335, 59.317776 ], [ 18.110962, 59.168187 ] ] } },
{ "type": "Feature", "properties": { "voltage_kv": 380.0, "from_node": 32, "to_node": 90, "length_km": 396.09345507203585, "delaunay_k": 5, "edge_set": "Delaunay5" }, "geometry": { "type": "LineString", "coordinates": [ [ 11.211548, 55.548058 ], [ 16.660767, 57.43682 ] ] } },
{ "type": "Feature", "properties": { "voltage_kv": 380.0, "from_node": 33, "to_node": 55, "length_km": 345.85205939358696, "delaunay_k": 5, "edge_set": "Delaunay5" }, "geometry": { "type": "LineString", "coordinates": [ [ 11.409302, 59.147769 ], [ 12.984467, 56.159318 ] ] } },
{ "type": "Feature", "properties": { "voltage_kv": 380.0, "from_node": 33, "to_node": 56, "length_km": 280.73373444742407, "delaunay_k": 5, "edge_set": "Delaunay5" }, "geometry": { "type": "LineString", "coordinates": [ [ 11.409302, 59.147769 ], [ 12.991333, 56.771541 ] ] } },
{ "type": "Feature", "properties": { "voltage_kv": 380.0, "from_node": 33, "to_node": 72, "length_km": 371.94547353764381, "delaunay_k": 5, "edge_set": "Delaunay5" }, "geometry": { "type": "LineString", "coordinates": [ [ 11.409302, 59.147769 ], [ 14.749146, 56.325675 ] ] } },
{ "type": "Feature", "properties": { "voltage_kv": 380.0, "from_node": 33, "to_node": 73, "length_km": 379.52382565889752, "delaunay_k": 5, "edge_set": "Delaunay5" }, "geometry": { "type": "LineString", "coordinates": [ [ 11.409302, 59.147769 ], [ 14.790344, 56.260134 ] ] } },
{ "type": "Feature", "properties": { "voltage_kv": 380.0, "from_node": 33, "to_node": 74, "length_km": 389.53698633217437, "delaunay_k": 5, "edge_set": "Delaunay5" }, "geometry": { "type": "LineString", "coordinates": [ [ 11.409302, 59.147769 ], [ 14.845276, 56.173846 ] ] } },
{ "type": "Feature", "properties": { "voltage_kv": 380.0, "from_node": 33, "to_node": 114, "length_km": 382.26166566735867, "delaunay_k": 5, "edge_set": "Delaunay5" }, "geometry": { "type": "LineString", "coordinates": [ [ 11.409302, 59.147769 ], [ 18.095856, 59.317075 ] ] } },
{ "type": "Feature", "properties": { "voltage_kv": 380.0, "from_node": 33, "to_node": 115, "length_km": 383.50206783257505, "delaunay_k": 5, "edge_set": "Delaunay5" }, "geometry": { "type": "LineString", "coordinates": [ [ 11.409302, 59.147769 ], [ 18.110962, 59.168187 ] ] } },
{ "type": "Feature", "properties": { "voltage_kv": 380.0, "from_node": 34, "to_node": 55, "length_km": 304.61491462374784, "delaunay_k": 5, "edge_set": "Delaunay5" }, "geometry": { "type": "LineString", "coordinates": [ [ 11.629028, 58.795248 ], [ 12.984467, 56.159318 ] ] } },
{ "type": "Feature", "properties": { "voltage_kv": 380.0, "from_node": 34, "to_node": 72, "length_km": 332.44140061081248, "delaunay_k": 5, "edge_set": "Delaunay5" }, "geometry": { "type": "LineString", "coordinates": [ [ 11.629028, 58.795248 ], [ 14.749146, 56.325675 ] ] } },
{ "type": "Feature", "properties": { "voltage_kv": 380.0, "from_node": 34, "to_node": 73, "length_km": 339.96416516054347, "delaunay_k": 5, "edge_set": "Delaunay5" }, "geometry": { "type": "LineString", "coordinates": [ [ 11.629028, 58.795248 ], [ 14.790344, 56.260134 ] ] } },
{ "type": "Feature", "properties": { "voltage_kv": 380.0, "from_node": 34, "to_node": 74, "length_km": 349.91038744504169, "delaunay_k": 5, "edge_set": "Delaunay5" }, "geometry": { "type": "LineString", "coordinates": [ [ 11.629028, 58.795248 ], [ 14.845276, 56.173846 ] ] } },
{ "type": "Feature", "properties": { "voltage_kv": 380.0, "from_node": 34, "to_node": 114, "length_km": 375.69029256784887, "delaunay_k": 5, "edge_set": "Delaunay5" }, "geometry": { "type": "LineString", "coordinates": [ [ 11.629028, 58.795248 ], [ 18.095856, 59.317075 ] ] } },
{ "type": "Feature", "properties": { "voltage_kv": 380.0, "from_node": 34, "to_node": 115, "length_km": 375.15048003961169, "delaunay_k": 5, "edge_set": "Delaunay5" }, "geometry": { "type": "LineString", "coordinates": [ [ 11.629028, 58.795248 ], [ 18.110962, 59.168187 ] ] } },
{ "type": "Feature", "properties": { "voltage_kv": 380.0, "from_node": 35, "to_node": 101, "length_km": 394.64425417840522, "delaunay_k": 5, "edge_set": "Delaunay5" }, "geometry": { "type": "LineString", "coordinates": [ [ 11.727905, 63.035662 ], [ 17.059021, 60.550528 ] ] } },
{ "type": "Feature", "properties": { "voltage_kv": 380.0, "from_node": 35, "to_node": 129, "length_km": 425.78604288620335, "delaunay_k": 5, "edge_set": "Delaunay5" }, "geometry": { "type": "LineString", "coordinates": [ [ 11.727905, 63.035662 ], [ 20.047302, 63.896314 ] ] } },
{ "type": "Feature", "properties": { "voltage_kv": 380.0, "from_node": 36, "to_node": 90, "length_km": 344.20397636488724, "delaunay_k": 5, "edge_set": "Delaunay5" }, "geometry": { "type": "LineString", "coordinates": [ [ 11.885834, 55.816715 ], [ 16.660767, 57.43682 ] ] } },
{ "type": "Feature", "properties": { "voltage_kv": 380.0, "from_node": 37, "to_node": 62, "length_km": 230.28375043020958, "delaunay_k": 5, "edge_set": "Delaunay5" }, "geometry": { "type": "LineString", "coordinates": [ [ 11.954498, 57.726153 ], [ 13.580475, 55.86067 ] ] } },
{ "type": "Feature", "properties": { "voltage_kv": 380.0, "from_node": 37, "to_node": 73, "length_km": 237.43162435028901, "delaunay_k": 5, "edge_set": "Delaunay5" }, "geometry": { "type": "LineString", "coordinates": [ [ 11.954498, 57.726153 ], [ 14.790344, 56.260134 ] ] } },
{ "type": "Feature", "properties": { "voltage_kv": 380.0, "from_node": 37, "to_node": 74, "length_km": 246.65229248280045, "delaunay_k": 5, "edge_set": "Delaunay5" }, "geometry": { "type": "LineString", "coordinates": [ [ 11.954498, 57.726153 ], [ 14.845276, 56.173846 ] ] } },
{ "type": "Feature", "properties": { "voltage_kv": 380.0, "from_node": 37, "to_node": 99, "length_km": 434.70234910524897, "delaunay_k": 5, "edge_set": "Delaunay5" }, "geometry": { "type": "LineString", "coordinates": [ [ 11.954498, 57.726153 ], [ 17.045288, 60.624713 ] ] } },
{ "type": "Feature", "properties": { "voltage_kv": 380.0, "from_node": 37, "to_node": 101, "length_km": 429.35231258413557, "delaunay_k": 5, "edge_set": "Delaunay5" }, "geometry": { "type": "LineString", "coordinates": [ [ 11.954498, 57.726153 ], [ 17.059021, 60.550528 ] ] } },
{ "type": "Feature", "properties": { "voltage_kv": 380.0, "from_node": 37, "to_node": 109, "length_km": 379.61700857371318, "delaunay_k": 5, "edge_set": "Delaunay5" }, "geometry": { "type": "LineString", "coordinates": [ [ 11.954498, 57.726153 ], [ 17.683868, 59.349996 ] ] } },
{ "type": "Feature", "properties": { "voltage_kv": 380.0, "from_node": 37, "to_node": 110, "length_km": 377.88097143695938, "delaunay_k": 5, "edge_set": "Delaunay5" }, "geometry": { "type": "LineString", "coordinates": [ [ 11.954498, 57.726153 ], [ 17.766266, 59.221637 ] ] } },
{ "type": "Feature", "properties": { "voltage_kv": 380.0, "from_node": 37, "to_node": 111, "length_km": 381.32617566334181, "delaunay_k": 5, "edge_set": "Delaunay5" }, "geometry": { "type": "LineString", "coordinates": [ [ 11.954498, 57.726153 ], [ 17.932434, 59.094909 ] ] } },
{ "type": "Feature", "properties": { "voltage_kv": 380.0, "from_node": 37, "to_node": 113, "length_km": 467.24239302876521, "delaunay_k": 5, "edge_set": "Delaunay5" }, "geometry": { "type": "LineString", "coordinates": [ [ 11.954498, 57.726153 ], [ 18.020325, 60.532293 ] ] } },
{ "type": "Feature", "properties": { "voltage_kv": 380.0, "from_node": 37, "to_node": 116, "length_km": 464.58647098381891, "delaunay_k": 5, "edge_set": "Delaunay5" }, "geometry": { "type": "LineString", "coordinates": [ [ 11.954498, 57.726153 ], [ 18.123322, 60.430121 ] ] } },
{ "type": "Feature", "properties": { "voltage_kv": 380.0, "from_node": 37, "to_node": 117, "length_km": 408.76517668597035, "delaunay_k": 5, "edge_set": "Delaunay5" }, "geometry": { "type": "LineString", "coordinates": [ [ 11.954498, 57.726153 ], [ 18.135681, 59.473686 ] ] } },
{ "type": "Feature", "properties": { "voltage_kv": 380.0, "from_node": 37, "to_node": 118, "length_km": 439.78123997322137, "delaunay_k": 5, "edge_set": "Delaunay5" }, "geometry": { "type": "LineString", "coordinates": [ [ 11.954498, 57.726153 ], [ 18.233185, 59.961198 ] ] } },
{ "type": "Feature", "properties": { "voltage_kv": 380.0, "from_node": 38, "to_node": 67, "length_km": 288.04194818971928, "delaunay_k": 5, "edge_set": "Delaunay5" }, "geometry": { "type": "LineString", "coordinates": [ [ 11.961365, 55.445374 ], [ 14.197083, 57.718819 ] ] } },
{ "type": "Feature", "properties": { "voltage_kv": 380.0, "from_node": 38, "to_node": 78, "length_km": 372.62356866000033, "delaunay_k": 5, "edge_set": "Delaunay5" }, "geometry": { "type": "LineString", "coordinates": [ [ 11.961365, 55.445374 ], [ 15.195465, 58.28423 ] ] } },
{ "type": "Feature", "properties": { "voltage_kv": 380.0, "from_node": 38, "to_node": 88, "length_km": 422.40342928607441, "delaunay_k": 5, "edge_set": "Delaunay5" }, "geometry": { "type": "LineString", "coordinates": [ [ 11.961365, 55.445374 ], [ 16.096344, 58.492976 ] ] } },
{ "type": "Feature", "properties": { "voltage_kv": 380.0, "from_node": 39, "to_node": 73, "length_km": 219.88945742453438, "delaunay_k": 5, "edge_set": "Delaunay5" }, "geometry": { "type": "LineString", "coordinates": [ [ 12.087708, 57.568888 ], [ 14.790344, 56.260134 ] ] } },
{ "type": "Feature", "properties": { "voltage_kv": 380.0, "from_node": 39, "to_node": 74, "length_km": 228.96047600561675, "delaunay_k": 5, "edge_set": "Delaunay5" }, "geometry": { "type": "LineString", "coordinates": [ [ 12.087708, 57.568888 ], [ 14.845276, 56.173846 ] ] } },
{ "type": "Feature", "properties": { "voltage_kv": 380.0, "from_node": 39, "to_node": 82, "length_km": 370.2876754249678, "delaunay_k": 5, "edge_set": "Delaunay5" }, "geometry": { "type": "LineString", "coordinates": [ [ 12.087708, 57.568888 ], [ 15.442657, 60.406393 ] ] } },
{ "type": "Feature", "properties": { "voltage_kv": 380.0, "from_node": 39, "to_node": 91, "length_km": 311.28322300797186, "delaunay_k": 5, "edge_set": "Delaunay5" }, "geometry": { "type": "LineString", "coordinates": [ [ 12.087708, 57.568888 ], [ 16.660767, 58.984699 ] ] } },
{ "type": "Feature", "properties": { "voltage_kv": 380.0, "from_node": 39, "to_node": 96, "length_km": 444.94056906107397, "delaunay_k": 5, "edge_set": "Delaunay5" }, "geometry": { "type": "LineString", "coordinates": [ [ 12.087708, 57.568888 ], [ 16.931305, 60.692679 ] ] } },
{ "type": "Feature", "properties": { "voltage_kv": 380.0, "from_node": 39, "to_node": 97, "length_km": 436.18020744609601, "delaunay_k": 5, "edge_set": "Delaunay5" }, "geometry": { "type": "LineString", "coordinates": [ [ 12.087708, 57.568888 ], [ 16.972504, 60.570102 ] ] } },
{ "type": "Feature", "properties": { "voltage_kv": 380.0, "from_node": 39, "to_node": 103, "length_km": 352.0998519905703, "delaunay_k": 5, "edge_set": "Delaunay5" }, "geometry": { "type": "LineString", "coordinates": [ [ 12.087708, 57.568888 ], [ 17.218323, 59.22234 ] ] } },
{ "type": "Feature", "properties": { "voltage_kv": 380.0, "from_node": 39, "to_node": 105, "length_km": 387.19741851634717, "delaunay_k": 5, "edge_set": "Delaunay5" }, "geometry": { "type": "LineString", "coordinates": [ [ 12.087708, 57.568888 ], [ 17.329559, 59.716945 ] ] } },
{ "type": "Feature", "properties": { "voltage_kv": 380.0, "from_node": 39, "to_node": 111, "length_km": 382.35929560046242, "delaunay_k": 5, "edge_set": "Delaunay5" }, "geometry": { "type": "LineString", "coordinates": [ [ 12.087708, 57.568888 ], [ 17.932434, 59.094909 ] ] } },
{ "type": "Feature", "properties": { "voltage_kv": 380.0, "from_node": 40, "to_node": 76, "length_km": 268.68211949732847, "delaunay_k": 5, "edge_set": "Delaunay5" }, "geometry": { "type": "LineString", "coordinates": [ [ 12.237396, 57.328745 ], [ 15.184479, 59.173817 ] ] } },
{ "type": "Feature", "properties": { "voltage_kv": 380.0, "from_node": 40, "to_node": 77, "length_km": 383.66105025996023, "delaunay_k": 5, "edge_set": "Delaunay5" }, "geometry": { "type": "LineString", "coordinates": [ [ 12.237396, 57.328745 ], [ 15.188599, 60.415208 ] ] } },
{ "type": "Feature", "properties": { "voltage_kv": 380.0, "from_node": 40, "to_node": 80, "length_km": 295.51707925667387, "delaunay_k": 5, "edge_set": "Delaunay5" }, "geometry": { "type": "LineString", "coordinates": [ [ 12.237396, 57.328745 ], [ 15.231171, 59.466013 ] ] } },
{ "type": "Feature", "properties": { "voltage_kv": 380.0, "from_node": 40, "to_node": 81, "length_km": 354.1647263696882, "delaunay_k": 5, "edge_set": "Delaunay5" }, "geometry": { "type": "LineString", "coordinates": [ [ 12.237396, 57.328745 ], [ 15.387726, 60.052503 ] ] } },
{ "type": "Feature", "properties": { "voltage_kv": 380.0, "from_node": 40, "to_node": 87, "length_km": 271.8771153718248, "delaunay_k": 5, "edge_set": "Delaunay5" }, "geometry": { "type": "LineString", "coordinates": [ [ 12.237396, 57.328745 ], [ 16.035919, 58.70477 ] ] } },
{ "type": "Feature", "properties": { "voltage_kv": 380.0, "from_node": 40, "to_node": 88, "length_km": 263.00061437515205, "delaunay_k": 5, "edge_set": "Delaunay5" }, "geometry": { "type": "LineString", "coordinates": [ [ 12.237396, 57.328745 ], [ 16.096344, 58.492976 ] ] } },
{ "type": "Feature", "properties": { "voltage_kv": 380.0, "from_node": 41, "to_node": 78, "length_km": 333.14291441950428, "delaunay_k": 5, "edge_set": "Delaunay5" }, "geometry": { "type": "LineString", "coordinates": [ [ 12.240143, 55.764213 ], [ 15.195465, 58.28423 ] ] } },
{ "type": "Feature", "properties": { "voltage_kv": 380.0, "from_node": 41, "to_node": 90, "length_km": 329.33125256817448, "delaunay_k": 5, "edge_set": "Delaunay5" }, "geometry": { "type": "LineString", "coordinates": [ [ 12.240143, 55.764213 ], [ 16.660767, 57.43682 ] ] } },
{ "type": "Feature", "properties": { "voltage_kv": 380.0, "from_node": 42, "to_node": 60, "length_km": 217.75245956207965, "delaunay_k": 5, "edge_set": "Delaunay5" }, "geometry": { "type": "LineString", "coordinates": [ [ 12.242889, 55.693068 ], [ 13.414307, 57.53868 ] ] } },
{ "type": "Feature", "properties": { "voltage_kv": 380.0, "from_node": 42, "to_node": 67, "length_km": 255.38765610559528, "delaunay_k": 5, "edge_set": "Delaunay5" }, "geometry": { "type": "LineString", "coordinates": [ [ 12.242889, 55.693068 ], [ 14.197083, 57.718819 ] ] } },
{ "type": "Feature", "properties": { "voltage_kv": 380.0, "from_node": 42, "to_node": 70, "length_km": 276.12137773843892, "delaunay_k": 5, "edge_set": "Delaunay5" }, "geometry": { "type": "LineString", "coordinates": [ [ 12.242889, 55.693068 ], [ 14.625549, 57.798676 ] ] } },
{ "type": "Feature", "properties": { "voltage_kv": 380.0, "from_node": 42, "to_node": 90, "length_km": 333.94469302569831, "delaunay_k": 5, "edge_set": "Delaunay5" }, "geometry": { "type": "LineString", "coordinates": [ [ 12.242889, 55.693068 ], [ 16.660767, 57.43682 ] ] } },
{ "type": "Feature", "properties": { "voltage_kv": 380.0, "from_node": 43, "to_node": 62, "length_km": 248.02743334899711, "delaunay_k": 5, "edge_set": "Delaunay5" }, "geometry": { "type": "LineString", "coordinates": [ [ 12.244263, 57.964417 ], [ 13.580475, 55.86067 ] ] } },
{ "type": "Feature", "properties": { "voltage_kv": 380.0, "from_node": 43, "to_node": 73, "length_km": 244.60653336526471, "delaunay_k": 5, "edge_set": "Delaunay5" }, "geometry": { "type": "LineString", "coordinates": [ [ 12.244263, 57.964417 ], [ 14.790344, 56.260134 ] ] } },
{ "type": "Feature", "properties": { "voltage_kv": 380.0, "from_node": 43, "to_node": 74, "length_km": 254.29985014616156, "delaunay_k": 5, "edge_set": "Delaunay5" }, "geometry": { "type": "LineString", "coordinates": [ [ 12.244263, 57.964417 ], [ 14.845276, 56.173846 ] ] } },
{ "type": "Feature", "properties": { "voltage_kv": 380.0, "from_node": 43, "to_node": 99, "length_km": 403.32769826367962, "delaunay_k": 5, "edge_set": "Delaunay5" }, "geometry": { "type": "LineString", "coordinates": [ [ 12.244263, 57.964417 ], [ 17.045288, 60.624713 ] ] } },
{ "type": "Feature", "properties": { "voltage_kv": 380.0, "from_node": 43, "to_node": 101, "length_km": 398.04278893014759, "delaunay_k": 5, "edge_set": "Delaunay5" }, "geometry": { "type": "LineString", "coordinates": [ [ 12.244263, 57.964417 ], [ 17.059021, 60.550528 ] ] } },
{ "type": "Feature", "properties": { "voltage_kv": 380.0, "from_node": 43, "to_node": 109, "length_km": 351.53039297996804, "delaunay_k": 5, "edge_set": "Delaunay5" }, "geometry": { "type": "LineString", "coordinates": [ [ 12.244263, 57.964417 ], [ 17.683868, 59.349996 ] ] } },
{ "type": "Feature", "properties": { "voltage_kv": 380.0, "from_node": 43, "to_node": 110, "length_km": 350.41670401358027, "delaunay_k": 5, "edge_set": "Delaunay5" }, "geometry": { "type": "LineString", "coordinates": [ [ 12.244263, 57.964417 ], [ 17.766266, 59.221637 ] ] } },
{ "type": "Feature", "properties": { "voltage_kv": 380.0, "from_node": 43, "to_node": 111, "length_km": 354.60266449954133, "delaunay_k": 5, "edge_set": "Delaunay5" }, "geometry": { "type": "LineString", "coordinates": [ [ 12.244263, 57.964417 ], [ 17.932434, 59.094909 ] ] } },
{ "type": "Feature", "properties": { "voltage_kv": 380.0, "from_node": 43, "to_node": 113, "length_km": 436.42508617953445, "delaunay_k": 5, "edge_set": "Delaunay5" }, "geometry": { "type": "LineString", "coordinates": [ [ 12.244263, 57.964417 ], [ 18.020325, 60.532293 ] ] } },
{ "type": "Feature", "properties": { "voltage_kv": 380.0, "from_node": 43, "to_node": 116, "length_km": 433.9782597231532, "delaunay_k": 5, "edge_set": "Delaunay5" }, "geometry": { "type": "LineString", "coordinates": [ [ 12.244263, 57.964417 ], [ 18.123322, 60.430121 ] ] } },
{ "type": "Feature", "properties": { "voltage_kv": 380.0, "from_node": 43, "to_node": 117, "length_km": 380.61100216560573, "delaunay_k": 5, "edge_set": "Delaunay5" }, "geometry": { "type": "LineString", "coordinates": [ [ 12.244263, 57.964417 ], [ 18.135681, 59.473686 ] ] } },
{ "type": "Feature", "properties": { "voltage_kv": 380.0, "from_node": 43, "to_node": 118, "length_km": 410.20065206605705, "delaunay_k": 5, "edge_set": "Delaunay5" }, "geometry": { "type": "LineString", "coordinates": [ [ 12.244263, 57.964417 ], [ 18.233185, 59.961198 ] ] } },
{ "type": "Feature", "properties": { "voltage_kv": 380.0, "from_node": 44, "to_node": 53, "length_km": 283.3552910902082, "delaunay_k": 5, "edge_set": "Delaunay5" }, "geometry": { "type": "LineString", "coordinates": [ [ 12.299194, 58.304438 ], [ 12.970734, 55.786613 ] ] } },
{ "type": "Feature", "properties": { "voltage_kv": 380.0, "from_node": 44, "to_node": 59, "length_km": 308.05325821033171, "delaunay_k": 5, "edge_set": "Delaunay5" }, "geometry": { "type": "LineString", "coordinates": [ [ 12.299194, 58.304438 ], [ 13.189087, 55.58145 ] ] } },
{ "type": "Feature", "properties": { "voltage_kv": 380.0, "from_node": 44, "to_node": 62, "length_km": 283.03947552543411, "delaunay_k": 5, "edge_set": "Delaunay5" }, "geometry": { "type": "LineString", "coordinates": [ [ 12.299194, 58.304438 ], [ 13.580475, 55.86067 ] ] } },
{ "type": "Feature", "properties": { "voltage_kv": 380.0, "from_node": 44, "to_node": 114, "length_km": 353.59003802502917, "delaunay_k": 5, "edge_set": "Delaunay5" }, "geometry": { "type": "LineString", "coordinates": [ [ 12.299194, 58.304438 ], [ 18.095856, 59.317075 ] ] } },
{ "type": "Feature", "properties": { "voltage_kv": 380.0, "from_node": 44, "to_node": 115, "length_km": 350.19071031141266, "delaunay_k": 5, "edge_set": "Delaunay5" }, "geometry": { "type": "LineString", "coordinates": [ [ 12.299194, 58.304438 ], [ 18.110962, 59.168187 ] ] } },
{ "type": "Feature", "properties": { "voltage_kv": 380.0, "from_node": 45, "to_node": 65, "length_km": 335.62212205954916, "delaunay_k": 5, "edge_set": "Delaunay5" }, "geometry": { "type": "LineString", "coordinates": [ [ 12.311554, 55.670615 ], [ 13.878479, 58.56109 ] ] } },
{ "type": "Feature", "properties": { "voltage_kv": 380.0, "from_node": 45, "to_node": 78, "length_km": 339.82977033244839, "delaunay_k": 5, "edge_set": "Delaunay5" }, "geometry": { "type": "LineString", "coordinates": [ [ 12.311554, 55.670615 ], [ 15.195465, 58.28423 ] ] } },
{ "type": "Feature", "properties": { "voltage_kv": 380.0, "from_node": 45, "to_node": 90, "length_km": 332.06220794677569, "delaunay_k": 5, "edge_set": "Delaunay5" }, "geometry": { "type": "LineString", "coordinates": [ [ 12.311554, 55.670615 ], [ 16.660767, 57.43682 ] ] } },
{ "type": "Feature", "properties": { "voltage_kv": 380.0, "from_node": 46, "to_node": 75, "length_km": 383.25561093458367, "delaunay_k": 5, "edge_set": "Delaunay5" }, "geometry": { "type": "LineString", "coordinates": [ [ 12.385712, 55.942279 ], [ 15.125427, 59.05115 ] ] } },
{ "type": "Feature", "properties": { "voltage_kv": 380.0, "from_node": 46, "to_node": 87, "length_km": 378.19353357775873, "delaunay_k": 5, "edge_set": "Delaunay5" }, "geometry": { "type": "LineString", "coordinates": [ [ 12.385712, 55.942279 ], [ 16.035919, 58.70477 ] ] } },
{ "type": "Feature", "properties": { "voltage_kv": 380.0, "from_node": 46, "to_node": 88, "length_km": 361.90522115774257, "delaunay_k": 5, "edge_set": "Delaunay5" }, "geometry": { "type": "LineString", "coordinates": [ [ 12.385712, 55.942279 ], [ 16.096344, 58.492976 ] ] } },
{ "type": "Feature", "properties": { "voltage_kv": 380.0, "from_node": 47, "to_node": 58, "length_km": 235.88776851316152, "delaunay_k": 5, "edge_set": "Delaunay5" }, "geometry": { "type": "LineString", "coordinates": [ [ 12.407684, 57.816235 ], [ 13.145142, 55.737162 ] ] } },
{ "type": "Feature", "properties": { "voltage_kv": 380.0, "from_node": 47, "to_node": 59, "length_km": 253.43963016448299, "delaunay_k": 5, "edge_set": "Delaunay5" }, "geometry": { "type": "LineString", "coordinates": [ [ 12.407684, 57.816235 ], [ 13.189087, 55.58145 ] ] } },
{ "type": "Feature", "properties": { "voltage_kv": 380.0, "from_node": 47, "to_node": 99, "length_km": 409.91855112120561, "delaunay_k": 5, "edge_set": "Delaunay5" }, "geometry": { "type": "LineString", "coordinates": [ [ 12.407684, 57.816235 ], [ 17.045288, 60.624713 ] ] } },
{ "type": "Feature", "properties": { "voltage_kv": 380.0, "from_node": 47, "to_node": 101, "length_km": 404.35282488615076, "delaunay_k": 5, "edge_set": "Delaunay5" }, "geometry": { "type": "LineString", "coordinates": [ [ 12.407684, 57.816235 ], [ 17.059021, 60.550528 ] ] } },
{ "type": "Feature", "properties": { "voltage_kv": 380.0, "from_node": 47, "to_node": 109, "length_km": 351.34323898395343, "delaunay_k": 5, "edge_set": "Delaunay5" }, "geometry": { "type": "LineString", "coordinates": [ [ 12.407684, 57.816235 ], [ 17.683868, 59.349996 ] ] } },
{ "type": "Feature", "properties": { "voltage_kv": 380.0, "from_node": 47, "to_node": 110, "length_km": 349.41129786889292, "delaunay_k": 5, "edge_set": "Delaunay5" }, "geometry": { "type": "LineString", "coordinates": [ [ 12.407684, 57.816235 ], [ 17.766266, 59.221637 ] ] } },
{ "type": "Feature", "properties": { "voltage_kv": 380.0, "from_node": 47, "to_node": 113, "length_km": 441.10966505678311, "delaunay_k": 5, "edge_set": "Delaunay5" }, "geometry": { "type": "LineString", "coordinates": [ [ 12.407684, 57.816235 ], [ 18.020325, 60.532293 ] ] } },
{ "type": "Feature", "properties": { "voltage_kv": 380.0, "from_node": 47, "to_node": 115, "length_km": 365.2298511669461, "delaunay_k": 5, "edge_set": "Delaunay5" }, "geometry": { "type": "LineString", "coordinates": [ [ 12.407684, 57.816235 ], [ 18.110962, 59.168187 ] ] } },
{ "type": "Feature", "properties": { "voltage_kv": 380.0, "from_node": 47, "to_node": 116, "length_km": 438.13298697052971, "delaunay_k": 5, "edge_set": "Delaunay5" }, "geometry": { "type": "LineString", "coordinates": [ [ 12.407684, 57.816235 ], [ 18.123322, 60.430121 ] ] } },
{ "type": "Feature", "properties": { "voltage_kv": 380.0, "from_node": 47, "to_node": 117, "length_km": 380.50572804162232, "delaunay_k": 5, "edge_set": "Delaunay5" }, "geometry": { "type": "LineString", "coordinates": [ [ 12.407684, 57.816235 ], [ 18.135681, 59.473686 ] ] } },
{ "type": "Feature", "properties": { "voltage_kv": 380.0, "from_node": 47, "to_node": 118, "length_km": 412.28253806882947, "delaunay_k": 5, "edge_set": "Delaunay5" }, "geometry": { "type": "LineString", "coordinates": [ [ 12.407684, 57.816235 ], [ 18.233185, 59.961198 ] ] } },
{ "type": "Feature", "properties": { "voltage_kv": 380.0, "from_node": 48, "to_node": 65, "length_km": 336.22996412167822, "delaunay_k": 5, "edge_set": "Delaunay5" }, "geometry": { "type": "LineString", "coordinates": [ [ 12.415924, 55.648924 ], [ 13.878479, 58.56109 ] ] } },
{ "type": "Feature", "properties": { "voltage_kv": 380.0, "from_node": 48, "to_node": 78, "length_km": 338.72052819174343, "delaunay_k": 5, "edge_set": "Delaunay5" }, "geometry": { "type": "LineString", "coordinates": [ [ 12.415924, 55.648924 ], [ 15.195465, 58.28423 ] ] } },
{ "type": "Feature", "properties": { "voltage_kv": 380.0, "from_node": 48, "to_node": 88, "length_km": 387.52781877718212, "delaunay_k": 5, "edge_set": "Delaunay5" }, "geometry": { "type": "LineString", "coordinates": [ [ 12.415924, 55.648924 ], [ 16.096344, 58.492976 ] ] } },
{ "type": "Feature", "properties": { "voltage_kv": 380.0, "from_node": 49, "to_node": 58, "length_km": 204.83412343844324, "delaunay_k": 5, "edge_set": "Delaunay5" }, "geometry": { "type": "LineString", "coordinates": [ [ 12.562866, 57.548261 ], [ 13.145142, 55.737162 ] ] } },
{ "type": "Feature", "properties": { "voltage_kv": 380.0, "from_node": 49, "to_node": 59, "length_km": 222.39139905851528, "delaunay_k": 5, "edge_set": "Delaunay5" }, "geometry": { "type": "LineString", "coordinates": [ [ 12.562866, 57.548261 ], [ 13.189087, 55.58145 ] ] } },
{ "type": "Feature", "properties": { "voltage_kv": 380.0, "from_node": 49, "to_node": 82, "length_km": 358.91640690609989, "delaunay_k": 5, "edge_set": "Delaunay5" }, "geometry": { "type": "LineString", "coordinates": [ [ 12.562866, 57.548261 ], [ 15.442657, 60.406393 ] ] } },
{ "type": "Feature", "properties": { "voltage_kv": 380.0, "from_node": 49, "to_node": 91, "length_km": 288.94165280366531, "delaunay_k": 5, "edge_set": "Delaunay5" }, "geometry": { "type": "LineString", "coordinates": [ [ 12.562866, 57.548261 ], [ 16.660767, 58.984699 ] ] } },
{ "type": "Feature", "properties": { "voltage_kv": 380.0, "from_node": 49, "to_node": 96, "length_km": 430.48058373956837, "delaunay_k": 5, "edge_set": "Delaunay5" }, "geometry": { "type": "LineString", "coordinates": [ [ 12.562866, 57.548261 ], [ 16.931305, 60.692679 ] ] } },
{ "type": "Feature", "properties": { "voltage_kv": 380.0, "from_node": 49, "to_node": 97, "length_km": 421.12875479949781, "delaunay_k": 5, "edge_set": "Delaunay5" }, "geometry": { "type": "LineString", "coordinates": [ [ 12.562866, 57.548261 ], [ 16.972504, 60.570102 ] ] } },
{ "type": "Feature", "properties": { "voltage_kv": 380.0, "from_node": 49, "to_node": 103, "length_km": 330.12902545592533, "delaunay_k": 5, "edge_set": "Delaunay5" }, "geometry": { "type": "LineString", "coordinates": [ [ 12.562866, 57.548261 ], [ 17.218323, 59.22234 ] ] } },
{ "type": "Feature", "properties": { "voltage_kv": 380.0, "from_node": 49, "to_node": 105, "length_km": 367.51054464726946, "delaunay_k": 5, "edge_set": "Delaunay5" }, "geometry": { "type": "LineString", "coordinates": [ [ 12.562866, 57.548261 ], [ 17.329559, 59.716945 ] ] } },
{ "type": "Feature", "properties": { "voltage_kv": 380.0, "from_node": 49, "to_node": 111, "length_km": 358.85210436253618, "delaunay_k": 5, "edge_set": "Delaunay5" }, "geometry": { "type": "LineString", "coordinates": [ [ 12.562866, 57.548261 ], [ 17.932434, 59.094909 ] ] } },
{ "type": "Feature", "properties": { "voltage_kv": 380.0, "from_node": 50, "to_node": 75, "length_km": 393.88216216981215, "delaunay_k": 5, "edge_set": "Delaunay5" }, "geometry": { "type": "LineString", "coordinates": [ [ 12.56424, 55.795877 ], [ 15.125427, 59.05115 ] ] } },
{ "type": "Feature", "properties": { "voltage_kv": 380.0, "from_node": 50, "to_node": 87, "length_km": 385.87246928923099, "delaunay_k": 5, "edge_set": "Delaunay5" }, "geometry": { "type": "LineString", "coordinates": [ [ 12.56424, 55.795877 ], [ 16.035919, 58.70477 ] ] } },
{ "type": "Feature", "properties": { "voltage_kv": 380.0, "from_node": 50, "to_node": 88, "length_km": 368.74520655719317, "delaunay_k": 5, "edge_set": "Delaunay5" }, "geometry": { "type": "LineString", "coordinates": [ [ 12.56424, 55.795877 ], [ 16.096344, 58.492976 ] ] } },
{ "type": "Feature", "properties": { "voltage_kv": 380.0, "from_node": 51, "to_node": 80, "length_km": 456.81064351961862, "delaunay_k": 5, "edge_set": "Delaunay5" }, "geometry": { "type": "LineString", "coordinates": [ [ 12.568359, 63.361367 ], [ 15.231171, 59.466013 ] ] } },
{ "type": "Feature", "properties": { "voltage_kv": 380.0, "from_node": 51, "to_node": 97, "length_km": 387.48685260402567, "delaunay_k": 5, "edge_set": "Delaunay5" }, "geometry": { "type": "LineString", "coordinates": [ [ 12.568359, 63.361367 ], [ 16.972504, 60.570102 ] ] } },
{ "type": "Feature", "properties": { "voltage_kv": 380.0, "from_node": 51, "to_node": 99, "length_km": 384.80881932764345, "delaunay_k": 5, "edge_set": "Delaunay5" }, "geometry": { "type": "LineString", "coordinates": [ [ 12.568359, 63.361367 ], [ 17.045288, 60.624713 ] ] } },
{ "type": "Feature", "properties": { "voltage_kv": 380.0, "from_node": 51, "to_node": 129, "length_km": 375.67277679002575, "delaunay_k": 5, "edge_set": "Delaunay5" }, "geometry": { "type": "LineString", "coordinates": [ [ 12.568359, 63.361367 ], [ 20.047302, 63.896314 ] ] } },
{ "type": "Feature", "properties": { "voltage_kv": 380.0, "from_node": 51, "to_node": 132, "length_km": 467.31760040964275, "delaunay_k": 5, "edge_set": "Delaunay5" }, "geometry": { "type": "LineString", "coordinates": [ [ 12.568359, 63.361367 ], [ 21.169281, 65.270498 ] ] } },
{ "type": "Feature", "properties": { "voltage_kv": 380.0, "from_node": 52, "to_node": 58, "length_km": 182.64080693684448, "delaunay_k": 5, "edge_set": "Delaunay5" }, "geometry": { "type": "LineString", "coordinates": [ [ 12.671356, 57.356164 ], [ 13.145142, 55.737162 ] ] } },
{ "type": "Feature", "properties": { "voltage_kv": 380.0, "from_node": 52, "to_node": 59, "length_km": 200.19939758782769, "delaunay_k": 5, "edge_set": "Delaunay5" }, "geometry": { "type": "LineString", "coordinates": [ [ 12.671356, 57.356164 ], [ 13.189087, 55.58145 ] ] } },
{ "type": "Feature", "properties": { "voltage_kv": 380.0, "from_node": 52, "to_node": 82, "length_km": 375.53050685019423, "delaunay_k": 5, "edge_set": "Delaunay5" }, "geometry": { "type": "LineString", "coordinates": [ [ 12.671356, 57.356164 ], [ 15.442657, 60.406393 ] ] } },
{ "type": "Feature", "properties": { "voltage_kv": 380.0, "from_node": 52, "to_node": 91, "length_km": 296.76247577654459, "delaunay_k": 5, "edge_set": "Delaunay5" }, "geometry": { "type": "LineString", "coordinates": [ [ 12.671356, 57.356164 ], [ 16.660767, 58.984699 ] ] } },
{ "type": "Feature", "properties": { "voltage_kv": 380.0, "from_node": 52, "to_node": 96, "length_km": 445.00700590866654, "delaunay_k": 5, "edge_set": "Delaunay5" }, "geometry": { "type": "LineString", "coordinates": [ [ 12.671356, 57.356164 ], [ 16.931305, 60.692679 ] ] } },
{ "type": "Feature", "properties": { "voltage_kv": 380.0, "from_node": 52, "to_node": 97, "length_km": 435.25686969838711, "delaunay_k": 5, "edge_set": "Delaunay5" }, "geometry": { "type": "LineString", "coordinates": [ [ 12.671356, 57.356164 ], [ 16.972504, 60.570102 ] ] } },
{ "type": "Feature", "properties": { "voltage_kv": 380.0, "from_node": 52, "to_node": 103, "length_km": 338.22096057429945, "delaunay_k": 5, "edge_set": "Delaunay5" }, "geometry": { "type": "LineString", "coordinates": [ [ 12.671356, 57.356164 ], [ 17.218323, 59.22234 ] ] } },
{ "type": "Feature", "properties": { "voltage_kv": 380.0, "from_node": 52, "to_node": 105, "length_km": 377.90883763587385, "delaunay_k": 5, "edge_set": "Delaunay5" }, "geometry": { "type": "LineString", "coordinates": [ [ 12.671356, 57.356164 ], [ 17.329559, 59.716945 ] ] } },
{ "type": "Feature", "properties": { "voltage_kv": 380.0, "from_node": 52, "to_node": 111, "length_km": 364.91336462419179, "delaunay_k": 5, "edge_set": "Delaunay5" }, "geometry": { "type": "LineString", "coordinates": [ [ 12.671356, 57.356164 ], [ 17.932434, 59.094909 ] ] } },
{ "type": "Feature", "properties": { "voltage_kv": 380.0, "from_node": 53, "to_node": 54, "length_km": 395.50024284009049, "delaunay_k": 5, "edge_set": "Delaunay5" }, "geometry": { "type": "LineString", "coordinates": [ [ 12.970734, 55.786613 ], [ 12.9776, 59.337392 ] ] } },
{ "type": "Feature", "properties": { "voltage_kv": 380.0, "from_node": 53, "to_node": 75, "length_km": 386.00819002249716, "delaunay_k": 5, "edge_set": "Delaunay5" }, "geometry": { "type": "LineString", "coordinates": [ [ 12.970734, 55.786613 ], [ 15.125427, 59.05115 ] ] } },
{ "type": "Feature", "properties": { "voltage_kv": 380.0, "from_node": 53, "to_node": 87, "length_km": 374.05814936680179, "delaunay_k": 5, "edge_set": "Delaunay5" }, "geometry": { "type": "LineString", "coordinates": [ [ 12.970734, 55.786613 ], [ 16.035919, 58.70477 ] ] } },
{ "type": "Feature", "properties": { "voltage_kv": 380.0, "from_node": 53, "to_node": 88, "length_km": 355.9599850814036, "delaunay_k": 5, "edge_set": "Delaunay5" }, "geometry": { "type": "LineString", "coordinates": [ [ 12.970734, 55.786613 ], [ 16.096344, 58.492976 ] ] } },
{ "type": "Feature", "properties": { "voltage_kv": 380.0, "from_node": 54, "to_node": 59, "length_km": 418.5448041961609, "delaunay_k": 5, "edge_set": "Delaunay5" }, "geometry": { "type": "LineString", "coordinates": [ [ 12.9776, 59.337392 ], [ 13.189087, 55.58145 ] ] } },
{ "type": "Feature", "properties": { "voltage_kv": 380.0, "from_node": 54, "to_node": 62, "length_km": 388.94439041381656, "delaunay_k": 5, "edge_set": "Delaunay5" }, "geometry": { "type": "LineString", "coordinates": [ [ 12.9776, 59.337392 ], [ 13.580475, 55.86067 ] ] } },
{ "type": "Feature", "properties": { "voltage_kv": 380.0, "from_node": 55, "to_node": 76, "length_km": 360.56714570096744, "delaunay_k": 5, "edge_set": "Delaunay5" }, "geometry": { "type": "LineString", "coordinates": [ [ 12.984467, 56.159318 ], [ 15.184479, 59.173817 ] ] } },
{ "type": "Feature", "properties": { "voltage_kv": 380.0, "from_node": 55, "to_node": 80, "length_km": 391.82631920342567, "delaunay_k": 5, "edge_set": "Delaunay5" }, "geometry": { "type": "LineString", "coordinates": [ [ 12.984467, 56.159318 ], [ 15.231171, 59.466013 ] ] } },
{ "type": "Feature", "properties": { "voltage_kv": 380.0, "from_node": 55, "to_node": 81, "length_km": 456.27015469779951, "delaunay_k": 5, "edge_set": "Delaunay5" }, "geometry": { "type": "LineString", "coordinates": [ [ 12.984467, 56.159318 ], [ 15.387726, 60.052503 ] ] } },
{ "type": "Feature", "properties": { "voltage_kv": 380.0, "from_node": 55, "to_node": 91, "length_km": 384.02555937453866, "delaunay_k": 5, "edge_set": "Delaunay5" }, "geometry": { "type": "LineString", "coordinates": [ [ 12.984467, 56.159318 ], [ 16.660767, 58.984699 ] ] } },
{ "type": "Feature", "properties": { "voltage_kv": 380.0, "from_node": 56, "to_node": 76, "length_km": 297.43865522463113, "delaunay_k": 5, "edge_set": "Delaunay5" }, "geometry": { "type": "LineString", "coordinates": [ [ 12.991333, 56.771541 ], [ 15.184479, 59.173817 ] ] } },
{ "type": "Feature", "properties": { "voltage_kv": 380.0, "from_node": 56, "to_node": 77, "length_km": 425.57686545431324, "delaunay_k": 5, "edge_set": "Delaunay5" }, "geometry": { "type": "LineString", "coordinates": [ [ 12.991333, 56.771541 ], [ 15.188599, 60.415208 ] ] } },
{ "type": "Feature", "properties": { "voltage_kv": 380.0, "from_node": 56, "to_node": 80, "length_km": 327.92754490909851, "delaunay_k": 5, "edge_set": "Delaunay5" }, "geometry": { "type": "LineString", "coordinates": [ [ 12.991333, 56.771541 ], [ 15.231171, 59.466013 ] ] } },
{ "type": "Feature", "properties": { "voltage_kv": 380.0, "from_node": 56, "to_node": 81, "length_km": 391.44969316406878, "delaunay_k": 5, "edge_set": "Delaunay5" }, "geometry": { "type": "LineString", "coordinates": [ [ 12.991333, 56.771541 ], [ 15.387726, 60.052503 ] ] } },
{ "type": "Feature", "properties": { "voltage_kv": 380.0, "from_node": 56, "to_node": 91, "length_km": 328.96852397911897, "delaunay_k": 5, "edge_set": "Delaunay5" }, "geometry": { "type": "LineString", "coordinates": [ [ 12.991333, 56.771541 ], [ 16.660767, 58.984699 ] ] } },
{ "type": "Feature", "properties": { "voltage_kv": 380.0, "from_node": 56, "to_node": 111, "length_km": 390.83567103889862, "delaunay_k": 5, "edge_set": "Delaunay5" }, "geometry": { "type": "LineString", "coordinates": [ [ 12.991333, 56.771541 ], [ 17.932434, 59.094909 ] ] } },
{ "type": "Feature", "properties": { "voltage_kv": 380.0, "from_node": 57, "to_node": 82, "length_km": 410.33389163191191, "delaunay_k": 5, "edge_set": "Delaunay5" }, "geometry": { "type": "LineString", "coordinates": [ [ 13.066864, 56.937483 ], [ 15.442657, 60.406393 ] ] } },
{ "type": "Feature", "properties": { "voltage_kv": 380.0, "from_node": 57, "to_node": 91, "length_km": 311.94681259986635, "delaunay_k": 5, "edge_set": "Delaunay5" }, "geometry": { "type": "LineString", "coordinates": [ [ 13.066864, 56.937483 ], [ 16.660767, 58.984699 ] ] } },
{ "type": "Feature", "properties": { "voltage_kv": 380.0, "from_node": 57, "to_node": 97, "length_km": 463.59859953684713, "delaunay_k": 5, "edge_set": "Delaunay5" }, "geometry": { "type": "LineString", "coordinates": [ [ 13.066864, 56.937483 ], [ 16.972504, 60.570102 ] ] } },
{ "type": "Feature", "properties": { "voltage_kv": 380.0, "from_node": 57, "to_node": 103, "length_km": 353.32144093039199, "delaunay_k": 5, "edge_set": "Delaunay5" }, "geometry": { "type": "LineString", "coordinates": [ [ 13.066864, 56.937483 ], [ 17.218323, 59.22234 ] ] } },
{ "type": "Feature", "properties": { "voltage_kv": 380.0, "from_node": 57, "to_node": 105, "length_km": 397.87738466432961, "delaunay_k": 5, "edge_set": "Delaunay5" }, "geometry": { "type": "LineString", "coordinates": [ [ 13.066864, 56.937483 ], [ 17.329559, 59.716945 ] ] } },
{ "type": "Feature", "properties": { "voltage_kv": 380.0, "from_node": 57, "to_node": 111, "length_km": 374.90001628312473, "delaunay_k": 5, "edge_set": "Delaunay5" }, "geometry": { "type": "LineString", "coordinates": [ [ 13.066864, 56.937483 ], [ 17.932434, 59.094909 ] ] } },
{ "type": "Feature", "properties": { "voltage_kv": 380.0, "from_node": 58, "to_node": 65, "length_km": 317.66229384989674, "delaunay_k": 5, "edge_set": "Delaunay5" }, "geometry": { "type": "LineString", "coordinates": [ [ 13.145142, 55.737162 ], [ 13.878479, 58.56109 ] ] } },
{ "type": "Feature", "properties": { "voltage_kv": 380.0, "from_node": 58, "to_node": 78, "length_km": 309.87177463264538, "delaunay_k": 5, "edge_set": "Delaunay5" }, "geometry": { "type": "LineString", "coordinates": [ [ 13.145142, 55.737162 ], [ 15.195465, 58.28423 ] ] } },
{ "type": "Feature", "properties": { "voltage_kv": 380.0, "from_node": 58, "to_node": 88, "length_km": 355.28133674419968, "delaunay_k": 5, "edge_set": "Delaunay5" }, "geometry": { "type": "LineString", "coordinates": [ [ 13.145142, 55.737162 ], [ 16.096344, 58.492976 ] ] } },
{ "type": "Feature", "properties": { "voltage_kv": 380.0, "from_node": 59, "to_node": 75, "length_km": 403.7393011975102, "delaunay_k": 5, "edge_set": "Delaunay5" }, "geometry": { "type": "LineString", "coordinates": [ [ 13.189087, 55.58145 ], [ 15.125427, 59.05115 ] ] } },
{ "type": "Feature", "properties": { "voltage_kv": 380.0, "from_node": 59, "to_node": 87, "length_km": 388.2887965687205, "delaunay_k": 5, "edge_set": "Delaunay5" }, "geometry": { "type": "LineString", "coordinates": [ [ 13.189087, 55.58145 ], [ 16.035919, 58.70477 ] ] } },
{ "type": "Feature", "properties": { "voltage_kv": 380.0, "from_node": 59, "to_node": 91, "length_km": 433.11653415213493, "delaunay_k": 5, "edge_set": "Delaunay5" }, "geometry": { "type": "LineString", "coordinates": [ [ 13.189087, 55.58145 ], [ 16.660767, 58.984699 ] ] } },
{ "type": "Feature", "properties": { "voltage_kv": 380.0, "from_node": 60, "to_node": 99, "length_km": 402.02264969570354, "delaunay_k": 5, "edge_set": "Delaunay5" }, "geometry": { "type": "LineString", "coordinates": [ [ 13.414307, 57.53868 ], [ 17.045288, 60.624713 ] ] } },
{ "type": "Feature", "properties": { "voltage_kv": 380.0, "from_node": 60, "to_node": 101, "length_km": 395.51082838611461, "delaunay_k": 5, "edge_set": "Delaunay5" }, "geometry": { "type": "LineString", "coordinates": [ [ 13.414307, 57.53868 ], [ 17.059021, 60.550528 ] ] } },
{ "type": "Feature", "properties": { "voltage_kv": 380.0, "from_node": 60, "to_node": 109, "length_km": 320.88852692953657, "delaunay_k": 5, "edge_set": "Delaunay5" }, "geometry": { "type": "LineString", "coordinates": [ [ 13.414307, 57.53868 ], [ 17.683868, 59.349996 ] ] } },
{ "type": "Feature", "properties": { "voltage_kv": 380.0, "from_node": 60, "to_node": 110, "length_km": 316.33028323756281, "delaunay_k": 5, "edge_set": "Delaunay5" }, "geometry": { "type": "LineString", "coordinates": [ [ 13.414307, 57.53868 ], [ 17.766266, 59.221637 ] ] } },
{ "type": "Feature", "properties": { "voltage_kv": 380.0, "from_node": 60, "to_node": 113, "length_km": 425.75038365308143, "delaunay_k": 5, "edge_set": "Delaunay5" }, "geometry": { "type": "LineString", "coordinates": [ [ 13.414307, 57.53868 ], [ 18.020325, 60.532293 ] ] } },
{ "type": "Feature", "properties": { "voltage_kv": 380.0, "from_node": 60, "to_node": 115, "length_km": 329.66045295924459, "delaunay_k": 5, "edge_set": "Delaunay5" }, "geometry": { "type": "LineString", "coordinates": [ [ 13.414307, 57.53868 ], [ 18.110962, 59.168187 ] ] } },
{ "type": "Feature", "properties": { "voltage_kv": 380.0, "from_node": 60, "to_node": 116, "length_km": 420.93145466747717, "delaunay_k": 5, "edge_set": "Delaunay5" }, "geometry": { "type": "LineString", "coordinates": [ [ 13.414307, 57.53868 ], [ 18.123322, 60.430121 ] ] } },
{ "type": "Feature", "properties": { "voltage_kv": 380.0, "from_node": 60, "to_node": 117, "length_km": 349.75666979860182, "delaunay_k": 5, "edge_set": "Delaunay5" }, "geometry": { "type": "LineString", "coordinates": [ [ 13.414307, 57.53868 ], [ 18.135681, 59.473686 ] ] } },
{ "type": "Feature", "properties": { "voltage_kv": 380.0, "from_node": 60, "to_node": 118, "length_km": 388.28810211763584, "delaunay_k": 5, "edge_set": "Delaunay5" }, "geometry": { "type": "LineString", "coordinates": [ [ 13.414307, 57.53868 ], [ 18.233185, 59.961198 ] ] } },
{ "type": "Feature", "properties": { "voltage_kv": 380.0, "from_node": 61, "to_node": 101, "length_km": 366.61196064020208, "delaunay_k": 5, "edge_set": "Delaunay5" }, "geometry": { "type": "LineString", "coordinates": [ [ 13.458252, 63.368755 ], [ 17.059021, 60.550528 ] ] } },
{ "type": "Feature", "properties": { "voltage_kv": 380.0, "from_node": 61, "to_node": 118, "length_km": 456.38177615189989, "delaunay_k": 5, "edge_set": "Delaunay5" }, "geometry": { "type": "LineString", "coordinates": [ [ 13.458252, 63.368755 ], [ 18.233185, 59.961198 ] ] } },
{ "type": "Feature", "properties": { "voltage_kv": 380.0, "from_node": 62, "to_node": 75, "length_km": 367.34586863162082, "delaunay_k": 5, "edge_set": "Delaunay5" }, "geometry": { "type": "LineString", "coordinates": [ [ 13.580475, 55.86067 ], [ 15.125427, 59.05115 ] ] } },
{ "type": "Feature", "properties": { "voltage_kv": 380.0, "from_node": 62, "to_node": 87, "length_km": 349.78007815393096, "delaunay_k": 5, "edge_set": "Delaunay5" }, "geometry": { "type": "LineString", "coordinates": [ [ 13.580475, 55.86067 ], [ 16.035919, 58.70477 ] ] } },
{ "type": "Feature", "properties": { "voltage_kv": 380.0, "from_node": 62, "to_node": 91, "length_km": 394.23539009119526, "delaunay_k": 5, "edge_set": "Delaunay5" }, "geometry": { "type": "LineString", "coordinates": [ [ 13.580475, 55.86067 ], [ 16.660767, 58.984699 ] ] } },
{ "type": "Feature", "properties": { "voltage_kv": 380.0, "from_node": 64, "to_node": 92, "length_km": 383.50079856271191, "delaunay_k": 5, "edge_set": "Delaunay5" }, "geometry": { "type": "LineString", "coordinates": [ [ 13.807068, 66.707884 ], [ 16.663513, 63.486702 ] ] } },
{ "type": "Feature", "properties": { "voltage_kv": 380.0, "from_node": 64, "to_node": 95, "length_km": 381.43325020808601, "delaunay_k": 5, "edge_set": "Delaunay5" }, "geometry": { "type": "LineString", "coordinates": [ [ 13.807068, 66.707884 ], [ 16.923065, 63.549164 ] ] } },
{ "type": "Feature", "properties": { "voltage_kv": 380.0, "from_node": 64, "to_node": 119, "length_km": 423.75695770431696, "delaunay_k": 5, "edge_set": "Delaunay5" }, "geometry": { "type": "LineString", "coordinates": [ [ 13.807068, 66.707884 ], [ 18.242798, 63.401361 ] ] } },
{ "type": "Feature", "properties": { "voltage_kv": 380.0, "from_node": 64, "to_node": 123, "length_km": 349.41542561686492, "delaunay_k": 5, "edge_set": "Delaunay5" }, "geometry": { "type": "LineString", "coordinates": [ [ 13.807068, 66.707884 ], [ 19.029694, 64.440225 ] ] } },
{ "type": "Feature", "properties": { "voltage_kv": 380.0, "from_node": 64, "to_node": 129, "length_km": 427.81088173848735, "delaunay_k": 5, "edge_set": "Delaunay5" }, "geometry": { "type": "LineString", "coordinates": [ [ 13.807068, 66.707884 ], [ 20.047302, 63.896314 ] ] } },
{ "type": "Feature", "properties": { "voltage_kv": 380.0, "from_node": 64, "to_node": 132, "length_km": 370.96078033633165, "delaunay_k": 5, "edge_set": "Delaunay5" }, "geometry": { "type": "LineString", "coordinates": [ [ 13.807068, 66.707884 ], [ 21.169281, 65.270498 ] ] } },
{ "type": "Feature", "properties": { "voltage_kv": 380.0, "from_node": 65, "to_node": 114, "length_km": 257.19991983779857, "delaunay_k": 5, "edge_set": "Delaunay5" }, "geometry": { "type": "LineString", "coordinates": [ [ 13.878479, 58.56109 ], [ 18.095856, 59.317075 ] ] } },
{ "type": "Feature", "properties": { "voltage_kv": 380.0, "from_node": 66, "to_node": 106, "length_km": 454.65977421730497, "delaunay_k": 5, "edge_set": "Delaunay5" }, "geometry": { "type": "LineString", "coordinates": [ [ 14.191589, 66.282328 ], [ 17.468262, 62.460297 ] ] } },
{ "type": "Feature", "properties": { "voltage_kv": 380.0, "from_node": 67, "to_node": 99, "length_km": 362.57373069377729, "delaunay_k": 5, "edge_set": "Delaunay5" }, "geometry": { "type": "LineString", "coordinates": [ [ 14.197083, 57.718819 ], [ 17.045288, 60.624713 ] ] } },
{ "type": "Feature", "properties": { "voltage_kv": 380.0, "from_node": 67, "to_node": 101, "length_km": 355.65005204849132, "delaunay_k": 5, "edge_set": "Delaunay5" }, "geometry": { "type": "LineString", "coordinates": [ [ 14.197083, 57.718819 ], [ 17.059021, 60.550528 ] ] } },
{ "type": "Feature", "properties": { "voltage_kv": 380.0, "from_node": 67, "to_node": 109, "length_km": 272.69900023354126, "delaunay_k": 5, "edge_set": "Delaunay5" }, "geometry": { "type": "LineString", "coordinates": [ [ 14.197083, 57.718819 ], [ 17.683868, 59.349996 ] ] } },
{ "type": "Feature", "properties": { "voltage_kv": 380.0, "from_node": 67, "to_node": 110, "length_km": 267.40160854020974, "delaunay_k": 5, "edge_set": "Delaunay5" }, "geometry": { "type": "LineString", "coordinates": [ [ 14.197083, 57.718819 ], [ 17.766266, 59.221637 ] ] } },
{ "type": "Feature", "properties": { "voltage_kv": 380.0, "from_node": 67, "to_node": 113, "length_km": 382.53645687545253, "delaunay_k": 5, "edge_set": "Delaunay5" }, "geometry": { "type": "LineString", "coordinates": [ [ 14.197083, 57.718819 ], [ 18.020325, 60.532293 ] ] } },
{ "type": "Feature", "properties": { "voltage_kv": 380.0, "from_node": 67, "to_node": 115, "length_km": 280.04728637409733, "delaunay_k": 5, "edge_set": "Delaunay5" }, "geometry": { "type": "LineString", "coordinates": [ [ 14.197083, 57.718819 ], [ 18.110962, 59.168187 ] ] } },
{ "type": "Feature", "properties": { "voltage_kv": 380.0, "from_node": 67, "to_node": 116, "length_km": 376.95584260800138, "delaunay_k": 5, "edge_set": "Delaunay5" }, "geometry": { "type": "LineString", "coordinates": [ [ 14.197083, 57.718819 ], [ 18.123322, 60.430121 ] ] } },
{ "type": "Feature", "properties": { "voltage_kv": 380.0, "from_node": 67, "to_node": 117, "length_km": 301.31123986372268, "delaunay_k": 5, "edge_set": "Delaunay5" }, "geometry": { "type": "LineString", "coordinates": [ [ 14.197083, 57.718819 ], [ 18.135681, 59.473686 ] ] } },
{ "type": "Feature", "properties": { "voltage_kv": 380.0, "from_node": 67, "to_node": 118, "length_km": 341.84798958620337, "delaunay_k": 5, "edge_set": "Delaunay5" }, "geometry": { "type": "LineString", "coordinates": [ [ 14.197083, 57.718819 ], [ 18.233185, 59.961198 ] ] } },
{ "type": "Feature", "properties": { "voltage_kv": 380.0, "from_node": 68, "to_node": 82, "length_km": 405.36745079774255, "delaunay_k": 5, "edge_set": "Delaunay5" }, "geometry": { "type": "LineString", "coordinates": [ [ 14.40033, 56.809901 ], [ 15.442657, 60.406393 ] ] } },
{ "type": "Feature", "properties": { "voltage_kv": 380.0, "from_node": 68, "to_node": 96, "length_km": 456.91641481075698, "delaunay_k": 5, "edge_set": "Delaunay5" }, "geometry": { "type": "LineString", "coordinates": [ [ 14.40033, 56.809901 ], [ 16.931305, 60.692679 ] ] } },
{ "type": "Feature", "properties": { "voltage_kv": 380.0, "from_node": 68, "to_node": 97, "length_km": 444.87917319850669, "delaunay_k": 5, "edge_set": "Delaunay5" }, "geometry": { "type": "LineString", "coordinates": [ [ 14.40033, 56.809901 ], [ 16.972504, 60.570102 ] ] } },
{ "type": "Feature", "properties": { "voltage_kv": 380.0, "from_node": 68, "to_node": 103, "length_km": 316.34439323078681, "delaunay_k": 5, "edge_set": "Delaunay5" }, "geometry": { "type": "LineString", "coordinates": [ [ 14.40033, 56.809901 ], [ 17.218323, 59.22234 ] ] } },
{ "type": "Feature", "properties": { "voltage_kv": 380.0, "from_node": 68, "to_node": 105, "length_km": 366.85333444143521, "delaunay_k": 5, "edge_set": "Delaunay5" }, "geometry": { "type": "LineString", "coordinates": [ [ 14.40033, 56.809901 ], [ 17.329559, 59.716945 ] ] } },
{ "type": "Feature", "properties": { "voltage_kv": 380.0, "from_node": 68, "to_node": 110, "length_km": 334.51006416471029, "delaunay_k": 5, "edge_set": "Delaunay5" }, "geometry": { "type": "LineString", "coordinates": [ [ 14.40033, 56.809901 ], [ 17.766266, 59.221637 ] ] } },
{ "type": "Feature", "properties": { "voltage_kv": 380.0, "from_node": 69, "to_node": 88, "length_km": 456.84744918368074, "delaunay_k": 5, "edge_set": "Delaunay5" }, "geometry": { "type": "LineString", "coordinates": [ [ 14.515686, 62.516121 ], [ 16.096344, 58.492976 ] ] } },
{ "type": "Feature", "properties": { "voltage_kv": 380.0, "from_node": 69, "to_node": 110, "length_km": 407.62075089262692, "delaunay_k": 5, "edge_set": "Delaunay5" }, "geometry": { "type": "LineString", "coordinates": [ [ 14.515686, 62.516121 ], [ 17.766266, 59.221637 ] ] } },
{ "type": "Feature", "properties": { "voltage_kv": 380.0, "from_node": 69, "to_node": 111, "length_km": 424.4372339710294, "delaunay_k": 5, "edge_set": "Delaunay5" }, "geometry": { "type": "LineString", "coordinates": [ [ 14.515686, 62.516121 ], [ 17.932434, 59.094909 ] ] } },
{ "type": "Feature", "properties": { "voltage_kv": 380.0, "from_node": 69, "to_node": 114, "length_km": 406.19962035000412, "delaunay_k": 5, "edge_set": "Delaunay5" }, "geometry": { "type": "LineString", "coordinates": [ [ 14.515686, 62.516121 ], [ 18.095856, 59.317075 ] ] } },
{ "type": "Feature", "properties": { "voltage_kv": 380.0, "from_node": 69, "to_node": 115, "length_km": 421.43999852944336, "delaunay_k": 5, "edge_set": "Delaunay5" }, "geometry": { "type": "LineString", "coordinates": [ [ 14.515686, 62.516121 ], [ 18.110962, 59.168187 ] ] } },
{ "type": "Feature", "properties": { "voltage_kv": 380.0, "from_node": 69, "to_node": 132, "length_km": 448.58242424101923, "delaunay_k": 5, "edge_set": "Delaunay5" }, "geometry": { "type": "LineString", "coordinates": [ [ 14.515686, 62.516121 ], [ 21.169281, 65.270498 ] ] } },
{ "type": "Feature", "properties": { "voltage_kv": 380.0, "from_node": 70, "to_node": 99, "length_km": 344.04916714994891, "delaunay_k": 5, "edge_set": "Delaunay5" }, "geometry": { "type": "LineString", "coordinates": [ [ 14.625549, 57.798676 ], [ 17.045288, 60.624713 ] ] } },
{ "type": "Feature", "properties": { "voltage_kv": 380.0, "from_node": 70, "to_node": 101, "length_km": 336.87933294149127, "delaunay_k": 5, "edge_set": "Delaunay5" }, "geometry": { "type": "LineString", "coordinates": [ [ 14.625549, 57.798676 ], [ 17.059021, 60.550528 ] ] } },
{ "type": "Feature", "properties": { "voltage_kv": 380.0, "from_node": 70, "to_node": 109, "length_km": 248.23769761732063, "delaunay_k": 5, "edge_set": "Delaunay5" }, "geometry": { "type": "LineString", "coordinates": [ [ 14.625549, 57.798676 ], [ 17.683868, 59.349996 ] ] } },
{ "type": "Feature", "properties": { "voltage_kv": 380.0, "from_node": 70, "to_node": 113, "length_km": 361.4230330025523, "delaunay_k": 5, "edge_set": "Delaunay5" }, "geometry": { "type": "LineString", "coordinates": [ [ 14.625549, 57.798676 ], [ 18.020325, 60.532293 ] ] } },
{ "type": "Feature", "properties": { "voltage_kv": 380.0, "from_node": 70, "to_node": 114, "length_km": 263.68990701572687, "delaunay_k": 5, "edge_set": "Delaunay5" }, "geometry": { "type": "LineString", "coordinates": [ [ 14.625549, 57.798676 ], [ 18.095856, 59.317075 ] ] } },
{ "type": "Feature", "properties": { "voltage_kv": 380.0, "from_node": 70, "to_node": 116, "length_km": 355.33476443506947, "delaunay_k": 5, "edge_set": "Delaunay5" }, "geometry": { "type": "LineString", "coordinates": [ [ 14.625549, 57.798676 ], [ 18.123322, 60.430121 ] ] } },
{ "type": "Feature", "properties": { "voltage_kv": 380.0, "from_node": 70, "to_node": 117, "length_km": 276.59320883945162, "delaunay_k": 5, "edge_set": "Delaunay5" }, "geometry": { "type": "LineString", "coordinates": [ [ 14.625549, 57.798676 ], [ 18.135681, 59.473686 ] ] } },
{ "type": "Feature", "properties": { "voltage_kv": 380.0, "from_node": 70, "to_node": 118, "length_km": 318.56522367110756, "delaunay_k": 5, "edge_set": "Delaunay5" }, "geometry": { "type": "LineString", "coordinates": [ [ 14.625549, 57.798676 ], [ 18.233185, 59.961198 ] ] } },
{ "type": "Feature", "properties": { "voltage_kv": 380.0, "from_node": 71, "to_node": 88, "length_km": 456.61706240369153, "delaunay_k": 5, "edge_set": "Delaunay5" }, "geometry": { "type": "LineString", "coordinates": [ [ 14.734039, 62.533228 ], [ 16.096344, 58.492976 ] ] } },
{ "type": "Feature", "properties": { "voltage_kv": 380.0, "from_node": 71, "to_node": 110, "length_km": 404.3667372001467, "delaunay_k": 5, "edge_set": "Delaunay5" }, "geometry": { "type": "LineString", "coordinates": [ [ 14.734039, 62.533228 ], [ 17.766266, 59.221637 ] ] } },
{ "type": "Feature", "properties": { "voltage_kv": 380.0, "from_node": 71, "to_node": 111, "length_km": 421.10339027989556, "delaunay_k": 5, "edge_set": "Delaunay5" }, "geometry": { "type": "LineString", "coordinates": [ [ 14.734039, 62.533228 ], [ 17.932434, 59.094909 ] ] } },
{ "type": "Feature", "properties": { "voltage_kv": 380.0, "from_node": 71, "to_node": 114, "length_km": 402.36839958251733, "delaunay_k": 5, "edge_set": "Delaunay5" }, "geometry": { "type": "LineString", "coordinates": [ [ 14.734039, 62.533228 ], [ 18.095856, 59.317075 ] ] } },
{ "type": "Feature", "properties": { "voltage_kv": 380.0, "from_node": 71, "to_node": 115, "length_km": 417.77825448919657, "delaunay_k": 5, "edge_set": "Delaunay5" }, "geometry": { "type": "LineString", "coordinates": [ [ 14.734039, 62.533228 ], [ 18.110962, 59.168187 ] ] } },
{ "type": "Feature", "properties": { "voltage_kv": 380.0, "from_node": 71, "to_node": 132, "length_km": 439.46496377890327, "delaunay_k": 5, "edge_set": "Delaunay5" }, "geometry": { "type": "LineString", "coordinates": [ [ 14.734039, 62.533228 ], [ 21.169281, 65.270498 ] ] } },
{ "type": "Feature", "properties": { "voltage_kv": 380.0, "from_node": 72, "to_node": 76, "length_km": 318.4482266370124, "delaunay_k": 5, "edge_set": "Delaunay5" }, "geometry": { "type": "LineString", "coordinates": [ [ 14.749146, 56.325675 ], [ 15.184479, 59.173817 ] ] } },
{ "type": "Feature", "properties": { "voltage_kv": 380.0, "from_node": 72, "to_node": 77, "length_km": 456.48841899232337, "delaunay_k": 5, "edge_set": "Delaunay5" }, "geometry": { "type": "LineString", "coordinates": [ [ 14.749146, 56.325675 ], [ 15.188599, 60.415208 ] ] } },
{ "type": "Feature", "properties": { "voltage_kv": 380.0, "from_node": 72, "to_node": 80, "length_km": 351.12707064889707, "delaunay_k": 5, "edge_set": "Delaunay5" }, "geometry": { "type": "LineString", "coordinates": [ [ 14.749146, 56.325675 ], [ 15.231171, 59.466013 ] ] } },
{ "type": "Feature", "properties": { "voltage_kv": 380.0, "from_node": 72, "to_node": 81, "length_km": 417.03799941802708, "delaunay_k": 5, "edge_set": "Delaunay5" }, "geometry": { "type": "LineString", "coordinates": [ [ 14.749146, 56.325675 ], [ 15.387726, 60.052503 ] ] } },
{ "type": "Feature", "properties": { "voltage_kv": 380.0, "from_node": 72, "to_node": 103, "length_km": 354.77220380068422, "delaunay_k": 5, "edge_set": "Delaunay5" }, "geometry": { "type": "LineString", "coordinates": [ [ 14.749146, 56.325675 ], [ 17.218323, 59.22234 ] ] } },
{ "type": "Feature", "properties": { "voltage_kv": 380.0, "from_node": 73, "to_node": 76, "length_km": 325.5446858593146, "delaunay_k": 5, "edge_set": "Delaunay5" }, "geometry": { "type": "LineString", "coordinates": [ [ 14.790344, 56.260134 ], [ 15.184479, 59.173817 ] ] } },
{ "type": "Feature", "properties": { "voltage_kv": 380.0, "from_node": 73, "to_node": 77, "length_km": 463.65642729706457, "delaunay_k": 5, "edge_set": "Delaunay5" }, "geometry": { "type": "LineString", "coordinates": [ [ 14.790344, 56.260134 ], [ 15.188599, 60.415208 ] ] } },
{ "type": "Feature", "properties": { "voltage_kv": 380.0, "from_node": 73, "to_node": 80, "length_km": 358.22346545587919, "delaunay_k": 5, "edge_set": "Delaunay5" }, "geometry": { "type": "LineString", "coordinates": [ [ 14.790344, 56.260134 ], [ 15.231171, 59.466013 ] ] } },
{ "type": "Feature", "properties": { "voltage_kv": 380.0, "from_node": 73, "to_node": 81, "length_km": 424.10966237920587, "delaunay_k": 5, "edge_set": "Delaunay5" }, "geometry": { "type": "LineString", "coordinates": [ [ 14.790344, 56.260134 ], [ 15.387726, 60.052503 ] ] } },
{ "type": "Feature", "properties": { "voltage_kv": 380.0, "from_node": 73, "to_node": 103, "length_km": 360.49771376942243, "delaunay_k": 5, "edge_set": "Delaunay5" }, "geometry": { "type": "LineString", "coordinates": [ [ 14.790344, 56.260134 ], [ 17.218323, 59.22234 ] ] } },
{ "type": "Feature", "properties": { "voltage_kv": 380.0, "from_node": 74, "to_node": 76, "length_km": 334.925348848238, "delaunay_k": 5, "edge_set": "Delaunay5" }, "geometry": { "type": "LineString", "coordinates": [ [ 14.845276, 56.173846 ], [ 15.184479, 59.173817 ] ] } },
{ "type": "Feature", "properties": { "voltage_kv": 380.0, "from_node": 74, "to_node": 77, "length_km": 473.11642208295513, "delaunay_k": 5, "edge_set": "Delaunay5" }, "geometry": { "type": "LineString", "coordinates": [ [ 14.845276, 56.173846 ], [ 15.188599, 60.415208 ] ] } },
{ "type": "Feature", "properties": { "voltage_kv": 380.0, "from_node": 74, "to_node": 80, "length_km": 367.60012818510955, "delaunay_k": 5, "edge_set": "Delaunay5" }, "geometry": { "type": "LineString", "coordinates": [ [ 14.845276, 56.173846 ], [ 15.231171, 59.466013 ] ] } },
{ "type": "Feature", "properties": { "voltage_kv": 380.0, "from_node": 74, "to_node": 81, "length_km": 433.44846492931708, "delaunay_k": 5, "edge_set": "Delaunay5" }, "geometry": { "type": "LineString", "coordinates": [ [ 14.845276, 56.173846 ], [ 15.387726, 60.052503 ] ] } },
{ "type": "Feature", "properties": { "voltage_kv": 380.0, "from_node": 74, "to_node": 103, "length_km": 368.12514488330146, "delaunay_k": 5, "edge_set": "Delaunay5" }, "geometry": { "type": "LineString", "coordinates": [ [ 14.845276, 56.173846 ], [ 17.218323, 59.22234 ] ] } },
{ "type": "Feature", "properties": { "voltage_kv": 380.0, "from_node": 75, "to_node": 114, "length_km": 172.56267907523417, "delaunay_k": 5, "edge_set": "Delaunay5" }, "geometry": { "type": "LineString", "coordinates": [ [ 15.125427, 59.05115 ], [ 18.095856, 59.317075 ] ] } },
{ "type": "Feature", "properties": { "voltage_kv": 380.0, "from_node": 76, "to_node": 102, "length_km": 459.82560262144563, "delaunay_k": 5, "edge_set": "Delaunay5" }, "geometry": { "type": "LineString", "coordinates": [ [ 15.184479, 59.173817 ], [ 17.167511, 63.184727 ] ] } },
{ "type": "Feature", "properties": { "voltage_kv": 380.0, "from_node": 78, "to_node": 99, "length_km": 281.2819874834272, "delaunay_k": 5, "edge_set": "Delaunay5" }, "geometry": { "type": "LineString", "coordinates": [ [ 15.195465, 58.28423 ], [ 17.045288, 60.624713 ] ] } },
{ "type": "Feature", "properties": { "voltage_kv": 380.0, "from_node": 78, "to_node": 101, "length_km": 273.97087111408513, "delaunay_k": 5, "edge_set": "Delaunay5" }, "geometry": { "type": "LineString", "coordinates": [ [ 15.195465, 58.28423 ], [ 17.059021, 60.550528 ] ] } },
{ "type": "Feature", "properties": { "voltage_kv": 380.0, "from_node": 78, "to_node": 113, "length_km": 297.69171817607008, "delaunay_k": 5, "edge_set": "Delaunay5" }, "geometry": { "type": "LineString", "coordinates": [ [ 15.195465, 58.28423 ], [ 18.020325, 60.532293 ] ] } },
{ "type": "Feature", "properties": { "voltage_kv": 380.0, "from_node": 78, "to_node": 116, "length_km": 291.61460083616441, "delaunay_k": 5, "edge_set": "Delaunay5" }, "geometry": { "type": "LineString", "coordinates": [ [ 15.195465, 58.28423 ], [ 18.123322, 60.430121 ] ] } },
{ "type": "Feature", "properties": { "voltage_kv": 380.0, "from_node": 78, "to_node": 118, "length_km": 255.52605693004733, "delaunay_k": 5, "edge_set": "Delaunay5" }, "geometry": { "type": "LineString", "coordinates": [ [ 15.195465, 58.28423 ], [ 18.233185, 59.961198 ] ] } },
{ "type": "Feature", "properties": { "voltage_kv": 380.0, "from_node": 79, "to_node": 103, "length_km": 460.69095165843748, "delaunay_k": 5, "edge_set": "Delaunay5" }, "geometry": { "type": "LineString", "coordinates": [ [ 15.206451, 63.237956 ], [ 17.218323, 59.22234 ] ] } },
{ "type": "Feature", "properties": { "voltage_kv": 380.0, "from_node": 79, "to_node": 109, "length_km": 453.51156727515189, "delaunay_k": 5, "edge_set": "Delaunay5" }, "geometry": { "type": "LineString", "coordinates": [ [ 15.206451, 63.237956 ], [ 17.683868, 59.349996 ] ] } },
{ "type": "Feature", "properties": { "voltage_kv": 380.0, "from_node": 79, "to_node": 117, "length_km": 448.16098110186988, "delaunay_k": 5, "edge_set": "Delaunay5" }, "geometry": { "type": "LineString", "coordinates": [ [ 15.206451, 63.237956 ], [ 18.135681, 59.473686 ] ] } },
{ "type": "Feature", "properties": { "voltage_kv": 380.0, "from_node": 80, "to_node": 85, "length_km": 460.14154990227007, "delaunay_k": 5, "edge_set": "Delaunay5" }, "geometry": { "type": "LineString", "coordinates": [ [ 15.231171, 59.466013 ], [ 15.846405, 63.582177 ] ] } },
{ "type": "Feature", "properties": { "voltage_kv": 380.0, "from_node": 80, "to_node": 89, "length_km": 455.85134844164537, "delaunay_k": 5, "edge_set": "Delaunay5" }, "geometry": { "type": "LineString", "coordinates": [ [ 15.231171, 59.466013 ], [ 16.254272, 63.524685 ] ] } },
{ "type": "Feature", "properties": { "voltage_kv": 380.0, "from_node": 80, "to_node": 102, "length_km": 427.47497634477088, "delaunay_k": 5, "edge_set": "Delaunay5" }, "geometry": { "type": "LineString", "coordinates": [ [ 15.231171, 59.466013 ], [ 17.167511, 63.184727 ] ] } },
{ "type": "Feature", "properties": { "voltage_kv": 380.0, "from_node": 80, "to_node": 119, "length_km": 467.41139353161554, "delaunay_k": 5, "edge_set": "Delaunay5" }, "geometry": { "type": "LineString", "coordinates": [ [ 15.231171, 59.466013 ], [ 18.242798, 63.401361 ] ] } },
{ "type": "Feature", "properties": { "voltage_kv": 380.0, "from_node": 81, "to_node": 92, "length_km": 388.8674580127734, "delaunay_k": 5, "edge_set": "Delaunay5" }, "geometry": { "type": "LineString", "coordinates": [ [ 15.387726, 60.052503 ], [ 16.663513, 63.486702 ] ] } },
{ "type": "Feature", "properties": { "voltage_kv": 380.0, "from_node": 81, "to_node": 93, "length_km": 407.54834697958006, "delaunay_k": 5, "edge_set": "Delaunay5" }, "geometry": { "type": "LineString", "coordinates": [ [ 15.387726, 60.052503 ], [ 16.791229, 63.646259 ] ] } },
{ "type": "Feature", "properties": { "voltage_kv": 380.0, "from_node": 81, "to_node": 95, "length_km": 398.2857569987014, "delaunay_k": 5, "edge_set": "Delaunay5" }, "geometry": { "type": "LineString", "coordinates": [ [ 15.387726, 60.052503 ], [ 16.923065, 63.549164 ] ] } },
{ "type": "Feature", "properties": { "voltage_kv": 380.0, "from_node": 82, "to_node": 83, "length_km": 418.82423266896734, "delaunay_k": 5, "edge_set": "Delaunay5" }, "geometry": { "type": "LineString", "coordinates": [ [ 15.442657, 60.406393 ], [ 15.542908, 56.649432 ] ] } },
{ "type": "Feature", "properties": { "voltage_kv": 380.0, "from_node": 82, "to_node": 90, "length_km": 338.45456828352252, "delaunay_k": 5, "edge_set": "Delaunay5" }, "geometry": { "type": "LineString", "coordinates": [ [ 15.442657, 60.406393 ], [ 16.660767, 57.43682 ] ] } },
{ "type": "Feature", "properties": { "voltage_kv": 380.0, "from_node": 83, "to_node": 96, "length_km": 457.94928258638896, "delaunay_k": 5, "edge_set": "Delaunay5" }, "geometry": { "type": "LineString", "coordinates": [ [ 15.542908, 56.649432 ], [ 16.931305, 60.692679 ] ] } },
{ "type": "Feature", "properties": { "voltage_kv": 380.0, "from_node": 83, "to_node": 97, "length_km": 444.97015674025198, "delaunay_k": 5, "edge_set": "Delaunay5" }, "geometry": { "type": "LineString", "coordinates": [ [ 15.542908, 56.649432 ], [ 16.972504, 60.570102 ] ] } },
{ "type": "Feature", "properties": { "voltage_kv": 380.0, "from_node": 83, "to_node": 105, "length_km": 357.82788230172855, "delaunay_k": 5, "edge_set": "Delaunay5" }, "geometry": { "type": "LineString", "coordinates": [ [ 15.542908, 56.649432 ], [ 17.329559, 59.716945 ] ] } },
{ "type": "Feature", "properties": { "voltage_kv": 380.0, "from_node": 84, "to_node": 92, "length_km": 426.24825037879003, "delaunay_k": 5, "edge_set": "Delaunay5" }, "geometry": { "type": "LineString", "coordinates": [ [ 15.757141, 67.288485 ], [ 16.663513, 63.486702 ] ] } },
{ "type": "Feature", "properties": { "voltage_kv": 380.0, "from_node": 84, "to_node": 95, "length_km": 420.70140678696066, "delaunay_k": 5, "edge_set": "Delaunay5" }, "geometry": { "type": "LineString", "coordinates": [ [ 15.757141, 67.288485 ], [ 16.923065, 63.549164 ] ] } },
{ "type": "Feature", "properties": { "voltage_kv": 380.0, "from_node": 84, "to_node": 102, "length_km": 462.59199501597863, "delaunay_k": 5, "edge_set": "Delaunay5" }, "geometry": { "type": "LineString", "coordinates": [ [ 15.757141, 67.288485 ], [ 17.167511, 63.184727 ] ] } },
{ "type": "Feature", "properties": { "voltage_kv": 380.0, "from_node": 84, "to_node": 119, "length_km": 448.91603241325748, "delaunay_k": 5, "edge_set": "Delaunay5" }, "geometry": { "type": "LineString", "coordinates": [ [ 15.757141, 67.288485 ], [ 18.242798, 63.401361 ] ] } },
{ "type": "Feature", "properties": { "voltage_kv": 380.0, "from_node": 85, "to_node": 101, "length_km": 344.06036246406455, "delaunay_k": 5, "edge_set": "Delaunay5" }, "geometry": { "type": "LineString", "coordinates": [ [ 15.846405, 63.582177 ], [ 17.059021, 60.550528 ] ] } },
{ "type": "Feature", "properties": { "voltage_kv": 380.0, "from_node": 85, "to_node": 105, "length_km": 438.25795351383209, "delaunay_k": 5, "edge_set": "Delaunay5" }, "geometry": { "type": "LineString", "coordinates": [ [ 15.846405, 63.582177 ], [ 17.329559, 59.716945 ] ] } },
{ "type": "Feature", "properties": { "voltage_kv": 380.0, "from_node": 86, "to_node": 89, "length_km": 454.85590946934497, "delaunay_k": 5, "edge_set": "Delaunay5" }, "geometry": { "type": "LineString", "coordinates": [ [ 15.850525, 67.598233 ], [ 16.254272, 63.524685 ] ] } },
{ "type": "Feature", "properties": { "voltage_kv": 380.0, "from_node": 86, "to_node": 93, "length_km": 443.06286184341377, "delaunay_k": 5, "edge_set": "Delaunay5" }, "geometry": { "type": "LineString", "coordinates": [ [ 15.850525, 67.598233 ], [ 16.791229, 63.646259 ] ] } },
{ "type": "Feature", "properties": { "voltage_kv": 380.0, "from_node": 86, "to_node": 107, "length_km": 300.04242468590661, "delaunay_k": 5, "edge_set": "Delaunay5" }, "geometry": { "type": "LineString", "coordinates": [ [ 15.850525, 67.598233 ], [ 17.541046, 64.996778 ] ] } },
{ "type": "Feature", "properties": { "voltage_kv": 380.0, "from_node": 86, "to_node": 123, "length_km": 380.8055530356994, "delaunay_k": 5, "edge_set": "Delaunay5" }, "geometry": { "type": "LineString", "coordinates": [ [ 15.850525, 67.598233 ], [ 19.029694, 64.440225 ] ] } },
{ "type": "Feature", "properties": { "voltage_kv": 380.0, "from_node": 86, "to_node": 129, "length_km": 455.75822711685771, "delaunay_k": 5, "edge_set": "Delaunay5" }, "geometry": { "type": "LineString", "coordinates": [ [ 15.850525, 67.598233 ], [ 20.047302, 63.896314 ] ] } },
{ "type": "Feature", "properties": { "voltage_kv": 380.0, "from_node": 86, "to_node": 132, "length_km": 352.00315833512997, "delaunay_k": 5, "edge_set": "Delaunay5" }, "geometry": { "type": "LineString", "coordinates": [ [ 15.850525, 67.598233 ], [ 21.169281, 65.270498 ] ] } },
{ "type": "Feature", "properties": { "voltage_kv": 380.0, "from_node": 86, "to_node": 153, "length_km": 429.39739340540478, "delaunay_k": 5, "edge_set": "Delaunay5" }, "geometry": { "type": "LineString", "coordinates": [ [ 15.850525, 67.598233 ], [ 24.411621, 65.781941 ] ] } },
{ "type": "Feature", "properties": { "voltage_kv": 380.0, "from_node": 86, "to_node": 155, "length_km": 431.72945042498969, "delaunay_k": 5, "edge_set": "Delaunay5" }, "geometry": { "type": "LineString", "coordinates": [ [ 15.850525, 67.598233 ], [ 24.612122, 65.877531 ] ] } },
{ "type": "Feature", "properties": { "voltage_kv": 380.0, "from_node": 87, "to_node": 98, "length_km": 431.25313451149373, "delaunay_k": 5, "edge_set": "Delaunay5" }, "geometry": { "type": "LineString", "coordinates": [ [ 16.035919, 58.70477 ], [ 17.024689, 62.540828 ] ] } },
{ "type": "Feature", "properties": { "voltage_kv": 380.0, "from_node": 87, "to_node": 99, "length_km": 221.5601407775423, "delaunay_k": 5, "edge_set": "Delaunay5" }, "geometry": { "type": "LineString", "coordinates": [ [ 16.035919, 58.70477 ], [ 17.045288, 60.624713 ] ] } },
{ "type": "Feature", "properties": { "voltage_kv": 380.0, "from_node": 87, "to_node": 106, "length_km": 426.18302922672245, "delaunay_k": 5, "edge_set": "Delaunay5" }, "geometry": { "type": "LineString", "coordinates": [ [ 16.035919, 58.70477 ], [ 17.468262, 62.460297 ] ] } },
{ "type": "Feature", "properties": { "voltage_kv": 380.0, "from_node": 87, "to_node": 113, "length_km": 232.64319097829713, "delaunay_k": 5, "edge_set": "Delaunay5" }, "geometry": { "type": "LineString", "coordinates": [ [ 16.035919, 58.70477 ], [ 18.020325, 60.532293 ] ] } },
{ "type": "Feature", "properties": { "voltage_kv": 380.0, "from_node": 88, "to_node": 96, "length_km": 249.81454438327034, "delaunay_k": 5, "edge_set": "Delaunay5" }, "geometry": { "type": "LineString", "coordinates": [ [ 16.096344, 58.492976 ], [ 16.931305, 60.692679 ] ] } },
{ "type": "Feature", "properties": { "voltage_kv": 380.0, "from_node": 88, "to_node": 99, "length_km": 243.72850561798137, "delaunay_k": 5, "edge_set": "Delaunay5" }, "geometry": { "type": "LineString", "coordinates": [ [ 16.096344, 58.492976 ], [ 17.045288, 60.624713 ] ] } },
{ "type": "Feature", "properties": { "voltage_kv": 380.0, "from_node": 88, "to_node": 113, "length_km": 252.25525681893993, "delaunay_k": 5, "edge_set": "Delaunay5" }, "geometry": { "type": "LineString", "coordinates": [ [ 16.096344, 58.492976 ], [ 18.020325, 60.532293 ] ] } },
{ "type": "Feature", "properties": { "voltage_kv": 380.0, "from_node": 89, "to_node": 101, "length_km": 334.44209880620406, "delaunay_k": 5, "edge_set": "Delaunay5" }, "geometry": { "type": "LineString", "coordinates": [ [ 16.254272, 63.524685 ], [ 17.059021, 60.550528 ] ] } },
{ "type": "Feature", "properties": { "voltage_kv": 380.0, "from_node": 89, "to_node": 105, "length_km": 428.58694113508216, "delaunay_k": 5, "edge_set": "Delaunay5" }, "geometry": { "type": "LineString", "coordinates": [ [ 16.254272, 63.524685 ], [ 17.329559, 59.716945 ] ] } },
{ "type": "Feature", "properties": { "voltage_kv": 380.0, "from_node": 90, "to_node": 96, "length_km": 363.46267142586254, "delaunay_k": 5, "edge_set": "Delaunay5" }, "geometry": { "type": "LineString", "coordinates": [ [ 16.660767, 57.43682 ], [ 16.931305, 60.692679 ] ] } },
{ "type": "Feature", "properties": { "voltage_kv": 380.0, "from_node": 90, "to_node": 97, "length_km": 349.92025034030985, "delaunay_k": 5, "edge_set": "Delaunay5" }, "geometry": { "type": "LineString", "coordinates": [ [ 16.660767, 57.43682 ], [ 16.972504, 60.570102 ] ] } },
{ "type": "Feature", "properties": { "voltage_kv": 380.0, "from_node": 90, "to_node": 101, "length_km": 348.03817577826754, "delaunay_k": 5, "edge_set": "Delaunay5" }, "geometry": { "type": "LineString", "coordinates": [ [ 16.660767, 57.43682 ], [ 17.059021, 60.550528 ] ] } },
{ "type": "Feature", "properties": { "voltage_kv": 380.0, "from_node": 91, "to_node": 98, "length_km": 397.17862141949803, "delaunay_k": 5, "edge_set": "Delaunay5" }, "geometry": { "type": "LineString", "coordinates": [ [ 16.660767, 58.984699 ], [ 17.024689, 62.540828 ] ] } },
{ "type": "Feature", "properties": { "voltage_kv": 380.0, "from_node": 92, "to_node": 101, "length_km": 328.22017861384836, "delaunay_k": 5, "edge_set": "Delaunay5" }, "geometry": { "type": "LineString", "coordinates": [ [ 16.663513, 63.486702 ], [ 17.059021, 60.550528 ] ] } },
{ "type": "Feature", "properties": { "voltage_kv": 380.0, "from_node": 92, "to_node": 105, "length_km": 422.05433375586733, "delaunay_k": 5, "edge_set": "Delaunay5" }, "geometry": { "type": "LineString", "coordinates": [ [ 16.663513, 63.486702 ], [ 17.329559, 59.716945 ] ] } },
{ "type": "Feature", "properties": { "voltage_kv": 380.0, "from_node": 92, "to_node": 112, "length_km": 464.27018237512812, "delaunay_k": 5, "edge_set": "Delaunay5" }, "geometry": { "type": "LineString", "coordinates": [ [ 16.663513, 63.486702 ], [ 17.992859, 67.610267 ] ] } },
{ "type": "Feature", "properties": { "voltage_kv": 380.0, "from_node": 92, "to_node": 120, "length_km": 453.99412117641862, "delaunay_k": 5, "edge_set": "Delaunay5" }, "geometry": { "type": "LineString", "coordinates": [ [ 16.663513, 63.486702 ], [ 18.366394, 67.492803 ] ] } },
{ "type": "Feature", "properties": { "voltage_kv": 380.0, "from_node": 92, "to_node": 126, "length_km": 403.60156573866612, "delaunay_k": 5, "edge_set": "Delaunay5" }, "geometry": { "type": "LineString", "coordinates": [ [ 16.663513, 63.486702 ], [ 19.864655, 66.843267 ] ] } },
{ "type": "Feature", "properties": { "voltage_kv": 380.0, "from_node": 92, "to_node": 127, "length_km": 417.1932288243442, "delaunay_k": 5, "edge_set": "Delaunay5" }, "geometry": { "type": "LineString", "coordinates": [ [ 16.663513, 63.486702 ], [ 19.866028, 66.975221 ] ] } },
{ "type": "Feature", "properties": { "voltage_kv": 380.0, "from_node": 92, "to_node": 128, "length_km": 395.17748640888777, "delaunay_k": 5, "edge_set": "Delaunay5" }, "geometry": { "type": "LineString", "coordinates": [ [ 16.663513, 63.486702 ], [ 20.037689, 66.729595 ] ] } },
{ "type": "Feature", "properties": { "voltage_kv": 380.0, "from_node": 92, "to_node": 131, "length_km": 397.4716989738377, "delaunay_k": 5, "edge_set": "Delaunay5" }, "geometry": { "type": "LineString", "coordinates": [ [ 16.663513, 63.486702 ], [ 20.452423, 66.669299 ] ] } },
{ "type": "Feature", "properties": { "voltage_kv": 380.0, "from_node": 92, "to_node": 145, "length_km": 410.46718422151207, "delaunay_k": 5, "edge_set": "Delaunay5" }, "geometry": { "type": "LineString", "coordinates": [ [ 16.663513, 63.486702 ], [ 23.072662, 65.938074 ] ] } },
{ "type": "Feature", "properties": { "voltage_kv": 380.0, "from_node": 93, "to_node": 101, "length_km": 345.65957227091036, "delaunay_k": 5, "edge_set": "Delaunay5" }, "geometry": { "type": "LineString", "coordinates": [ [ 16.791229, 63.646259 ], [ 17.059021, 60.550528 ] ] } },
{ "type": "Feature", "properties": { "voltage_kv": 380.0, "from_node": 93, "to_node": 105, "length_km": 439.31084724275377, "delaunay_k": 5, "edge_set": "Delaunay5" }, "geometry": { "type": "LineString", "coordinates": [ [ 16.791229, 63.646259 ], [ 17.329559, 59.716945 ] ] } },
{ "type": "Feature", "properties": { "voltage_kv": 380.0, "from_node": 95, "to_node": 101, "length_km": 334.62627607846667, "delaunay_k": 5, "edge_set": "Delaunay5" }, "geometry": { "type": "LineString", "coordinates": [ [ 16.923065, 63.549164 ], [ 17.059021, 60.550528 ] ] } },
{ "type": "Feature", "properties": { "voltage_kv": 380.0, "from_node": 95, "to_node": 105, "length_km": 428.1051375831683, "delaunay_k": 5, "edge_set": "Delaunay5" }, "geometry": { "type": "LineString", "coordinates": [ [ 16.923065, 63.549164 ], [ 17.329559, 59.716945 ] ] } },
{ "type": "Feature", "properties": { "voltage_kv": 380.0, "from_node": 95, "to_node": 112, "length_km": 455.92742346983556, "delaunay_k": 5, "edge_set": "Delaunay5" }, "geometry": { "type": "LineString", "coordinates": [ [ 16.923065, 63.549164 ], [ 17.992859, 67.610267 ] ] } },
{ "type": "Feature", "properties": { "voltage_kv": 380.0, "from_node": 95, "to_node": 120, "length_km": 445.18554469630766, "delaunay_k": 5, "edge_set": "Delaunay5" }, "geometry": { "type": "LineString", "coordinates": [ [ 16.923065, 63.549164 ], [ 18.366394, 67.492803 ] ] } },
{ "type": "Feature", "properties": { "voltage_kv": 380.0, "from_node": 95, "to_node": 126, "length_km": 392.67465753723559, "delaunay_k": 5, "edge_set": "Delaunay5" }, "geometry": { "type": "LineString", "coordinates": [ [ 16.923065, 63.549164 ], [ 19.864655, 66.843267 ] ] } },
{ "type": "Feature", "properties": { "voltage_kv": 380.0, "from_node": 95, "to_node": 127, "length_km": 406.40166250309164, "delaunay_k": 5, "edge_set": "Delaunay5" }, "geometry": { "type": "LineString", "coordinates": [ [ 16.923065, 63.549164 ], [ 19.866028, 66.975221 ] ] } },
{ "type": "Feature", "properties": { "voltage_kv": 380.0, "from_node": 95, "to_node": 128, "length_km": 383.95459264831459, "delaunay_k": 5, "edge_set": "Delaunay5" }, "geometry": { "type": "LineString", "coordinates": [ [ 16.923065, 63.549164 ], [ 20.037689, 66.729595 ] ] } },
{ "type": "Feature", "properties": { "voltage_kv": 380.0, "from_node": 95, "to_node": 131, "length_km": 385.7912121377878, "delaunay_k": 5, "edge_set": "Delaunay5" }, "geometry": { "type": "LineString", "coordinates": [ [ 16.923065, 63.549164 ], [ 20.452423, 66.669299 ] ] } },
{ "type": "Feature", "properties": { "voltage_kv": 380.0, "from_node": 98, "to_node": 135, "length_km": 430.49019391949668, "delaunay_k": 5, "edge_set": "Delaunay5" }, "geometry": { "type": "LineString", "coordinates": [ [ 17.024689, 62.540828 ], [ 21.656799, 65.826407 ] ] } },
{ "type": "Feature", "properties": { "voltage_kv": 380.0, "from_node": 102, "to_node": 126, "length_km": 427.7582539211981, "delaunay_k": 5, "edge_set": "Delaunay5" }, "geometry": { "type": "LineString", "coordinates": [ [ 17.167511, 63.184727 ], [ 19.864655, 66.843267 ] ] } },
{ "type": "Feature", "properties": { "voltage_kv": 380.0, "from_node": 102, "to_node": 127, "length_km": 441.76869906994818, "delaunay_k": 5, "edge_set": "Delaunay5" }, "geometry": { "type": "LineString", "coordinates": [ [ 17.167511, 63.184727 ], [ 19.866028, 66.975221 ] ] } },
{ "type": "Feature", "properties": { "voltage_kv": 380.0, "from_node": 102, "to_node": 128, "length_km": 418.33242671640915, "delaunay_k": 5, "edge_set": "Delaunay5" }, "geometry": { "type": "LineString", "coordinates": [ [ 17.167511, 63.184727 ], [ 20.037689, 66.729595 ] ] } },
{ "type": "Feature", "properties": { "voltage_kv": 380.0, "from_node": 102, "to_node": 131, "length_km": 418.91702966863284, "delaunay_k": 5, "edge_set": "Delaunay5" }, "geometry": { "type": "LineString", "coordinates": [ [ 17.167511, 63.184727 ], [ 20.452423, 66.669299 ] ] } },
{ "type": "Feature", "properties": { "voltage_kv": 380.0, "from_node": 104, "to_node": 107, "length_km": 353.11061327437187, "delaunay_k": 5, "edge_set": "Delaunay5" }, "geometry": { "type": "LineString", "coordinates": [ [ 17.288361, 68.158786 ], [ 17.541046, 64.996778 ] ] } },
{ "type": "Feature", "properties": { "voltage_kv": 380.0, "from_node": 104, "to_node": 123, "length_km": 422.42180805604079, "delaunay_k": 5, "edge_set": "Delaunay5" }, "geometry": { "type": "LineString", "coordinates": [ [ 17.288361, 68.158786 ], [ 19.029694, 64.440225 ] ] } },
{ "type": "Feature", "properties": { "voltage_kv": 380.0, "from_node": 104, "to_node": 132, "length_km": 365.21530243852629, "delaunay_k": 5, "edge_set": "Delaunay5" }, "geometry": { "type": "LineString", "coordinates": [ [ 17.288361, 68.158786 ], [ 21.169281, 65.270498 ] ] } },
{ "type": "Feature", "properties": { "voltage_kv": 380.0, "from_node": 104, "to_node": 153, "length_km": 409.22229120020882, "delaunay_k": 5, "edge_set": "Delaunay5" }, "geometry": { "type": "LineString", "coordinates": [ [ 17.288361, 68.158786 ], [ 24.411621, 65.781941 ] ] } },
{ "type": "Feature", "properties": { "voltage_kv": 380.0, "from_node": 104, "to_node": 155, "length_km": 408.72434983497408, "delaunay_k": 5, "edge_set": "Delaunay5" }, "geometry": { "type": "LineString", "coordinates": [ [ 17.288361, 68.158786 ], [ 24.612122, 65.877531 ] ] } },
{ "type": "Feature", "properties": { "voltage_kv": 380.0, "from_node": 107, "to_node": 108, "length_km": 392.95767144573961, "delaunay_k": 5, "edge_set": "Delaunay5" }, "geometry": { "type": "LineString", "coordinates": [ [ 17.541046, 64.996778 ], [ 17.579498, 68.517173 ] ] } },
{ "type": "Feature", "properties": { "voltage_kv": 380.0, "from_node": 107, "to_node": 122, "length_km": 454.84505115568186, "delaunay_k": 5, "edge_set": "Delaunay5" }, "geometry": { "type": "LineString", "coordinates": [ [ 17.541046, 64.996778 ], [ 18.864899, 69.038124 ] ] } },
{ "type": "Feature", "properties": { "voltage_kv": 380.0, "from_node": 107, "to_node": 124, "length_km": 473.22420256732579, "delaunay_k": 5, "edge_set": "Delaunay5" }, "geometry": { "type": "LineString", "coordinates": [ [ 17.541046, 64.996778 ], [ 19.24942, 69.183065 ] ] } },
{ "type": "Feature", "properties": { "voltage_kv": 380.0, "from_node": 107, "to_node": 171, "length_km": 462.10882787248471, "delaunay_k": 5, "edge_set": "Delaunay5" }, "geometry": { "type": "LineString", "coordinates": [ [ 17.541046, 64.996778 ], [ 27.030487, 66.33089 ] ] } },
{ "type": "Feature", "properties": { "voltage_kv": 380.0, "from_node": 108, "to_node": 123, "length_km": 459.73446853771259, "delaunay_k": 5, "edge_set": "Delaunay5" }, "geometry": { "type": "LineString", "coordinates": [ [ 17.579498, 68.517173 ], [ 19.029694, 64.440225 ] ] } },
{ "type": "Feature", "properties": { "voltage_kv": 380.0, "from_node": 108, "to_node": 132, "length_km": 395.23135664174805, "delaunay_k": 5, "edge_set": "Delaunay5" }, "geometry": { "type": "LineString", "coordinates": [ [ 17.579498, 68.517173 ], [ 21.169281, 65.270498 ] ] } },
{ "type": "Feature", "properties": { "voltage_kv": 380.0, "from_node": 108, "to_node": 153, "length_km": 425.72130753848154, "delaunay_k": 5, "edge_set": "Delaunay5" }, "geometry": { "type": "LineString", "coordinates": [ [ 17.579498, 68.517173 ], [ 24.411621, 65.781941 ] ] } },
{ "type": "Feature", "properties": { "voltage_kv": 380.0, "from_node": 112, "to_node": 119, "length_km": 470.00897710418855, "delaunay_k": 5, "edge_set": "Delaunay5" }, "geometry": { "type": "LineString", "coordinates": [ [ 17.992859, 67.610267 ], [ 18.242798, 63.401361 ] ] } },
{ "type": "Feature", "properties": { "voltage_kv": 380.0, "from_node": 119, "to_node": 120, "length_km": 456.81631650722301, "delaunay_k": 5, "edge_set": "Delaunay5" }, "geometry": { "type": "LineString", "coordinates": [ [ 18.242798, 63.401361 ], [ 18.366394, 67.492803 ] ] } },
{ "type": "Feature", "properties": { "voltage_kv": 380.0, "from_node": 119, "to_node": 126, "length_km": 391.82869252972586, "delaunay_k": 5, "edge_set": "Delaunay5" }, "geometry": { "type": "LineString", "coordinates": [ [ 18.242798, 63.401361 ], [ 19.864655, 66.843267 ] ] } },
{ "type": "Feature", "properties": { "voltage_kv": 380.0, "from_node": 119, "to_node": 127, "length_km": 406.26757637235266, "delaunay_k": 5, "edge_set": "Delaunay5" }, "geometry": { "type": "LineString", "coordinates": [ [ 18.242798, 63.401361 ], [ 19.866028, 66.975221 ] ] } },
{ "type": "Feature", "properties": { "voltage_kv": 380.0, "from_node": 133, "to_node": 154, "length_km": 399.32006253699927, "delaunay_k": 5, "edge_set": "Delaunay5" }, "geometry": { "type": "LineString", "coordinates": [ [ 21.538696, 61.125998 ], [ 24.517365, 64.423037 ] ] } },
{ "type": "Feature", "properties": { "voltage_kv": 380.0, "from_node": 133, "to_node": 156, "length_km": 199.89726121777184, "delaunay_k": 5, "edge_set": "Delaunay5" }, "geometry": { "type": "LineString", "coordinates": [ [ 21.538696, 61.125998 ], [ 24.656067, 60.20571 ] ] } },
{ "type": "Feature", "properties": { "voltage_kv": 380.0, "from_node": 133, "to_node": 158, "length_km": 206.27370277478684, "delaunay_k": 5, "edge_set": "Delaunay5" }, "geometry": { "type": "LineString", "coordinates": [ [ 21.538696, 61.125998 ], [ 24.930725, 60.330347 ] ] } },
{ "type": "Feature", "properties": { "voltage_kv": 380.0, "from_node": 133, "to_node": 160, "length_km": 201.01990110195655, "delaunay_k": 5, "edge_set": "Delaunay5" }, "geometry": { "type": "LineString", "coordinates": [ [ 21.538696, 61.125998 ], [ 25.040588, 60.5755 ] ] } },
{ "type": "Feature", "properties": { "voltage_kv": 380.0, "from_node": 133, "to_node": 164, "length_km": 237.28819596417665, "delaunay_k": 5, "edge_set": "Delaunay5" }, "geometry": { "type": "LineString", "coordinates": [ [ 21.538696, 61.125998 ], [ 25.659943, 60.469404 ] ] } },
{ "type": "Feature", "properties": { "voltage_kv": 380.0, "from_node": 133, "to_node": 169, "length_km": 272.39085859046429, "delaunay_k": 5, "edge_set": "Delaunay5" }, "geometry": { "type": "LineString", "coordinates": [ [ 21.538696, 61.125998 ], [ 26.294403, 60.418598 ] ] } },
{ "type": "Feature", "properties": { "voltage_kv": 380.0, "from_node": 133, "to_node": 172, "length_km": 304.45637226363294, "delaunay_k": 5, "edge_set": "Delaunay5" }, "geometry": { "type": "LineString", "coordinates": [ [ 21.538696, 61.125998 ], [ 27.063446, 60.737015 ] ] } },
{ "type": "Feature", "properties": { "voltage_kv": 380.0, "from_node": 133, "to_node": 173, "length_km": 443.20367421348692, "delaunay_k": 5, "edge_set": "Delaunay5" }, "geometry": { "type": "LineString", "coordinates": [ [ 21.538696, 61.125998 ], [ 27.204895, 64.101606 ] ] } },
{ "type": "Feature", "properties": { "voltage_kv": 380.0, "from_node": 133, "to_node": 176, "length_km": 355.05333231820185, "delaunay_k": 5, "edge_set": "Delaunay5" }, "geometry": { "type": "LineString", "coordinates": [ [ 21.538696, 61.125998 ], [ 27.766571, 62.262171 ] ] } },
{ "type": "Feature", "properties": { "voltage_kv": 380.0, "from_node": 133, "to_node": 177, "length_km": 348.20319635093512, "delaunay_k": 5, "edge_set": "Delaunay5" }, "geometry": { "type": "LineString", "coordinates": [ [ 21.538696, 61.125998 ], [ 27.919006, 60.893713 ] ] } },
{ "type": "Feature", "properties": { "voltage_kv": 380.0, "from_node": 134, "to_node": 162, "length_km": 280.40062490976914, "delaunay_k": 5, "edge_set": "Delaunay5" }, "geometry": { "type": "LineString", "coordinates": [ [ 21.604614, 62.184091 ], [ 25.209503, 60.378575 ] ] } },
{ "type": "Feature", "properties": { "voltage_kv": 380.0, "from_node": 134, "to_node": 165, "length_km": 401.4607732631016, "delaunay_k": 5, "edge_set": "Delaunay5" }, "geometry": { "type": "LineString", "coordinates": [ [ 21.604614, 62.184091 ], [ 25.694275, 65.279688 ] ] } },
{ "type": "Feature", "properties": { "voltage_kv": 380.0, "from_node": 136, "to_node": 148, "length_km": 205.68843773594153, "delaunay_k": 5, "edge_set": "Delaunay5" }, "geometry": { "type": "LineString", "coordinates": [ [ 21.660919, 61.552147 ], [ 23.819733, 60.047704 ] ] } },
{ "type": "Feature", "properties": { "voltage_kv": 380.0, "from_node": 136, "to_node": 154, "length_km": 352.65654500901297, "delaunay_k": 5, "edge_set": "Delaunay5" }, "geometry": { "type": "LineString", "coordinates": [ [ 21.660919, 61.552147 ], [ 24.517365, 64.423037 ] ] } },
{ "type": "Feature", "properties": { "voltage_kv": 380.0, "from_node": 136, "to_node": 156, "length_km": 222.38740654703054, "delaunay_k": 5, "edge_set": "Delaunay5" }, "geometry": { "type": "LineString", "coordinates": [ [ 21.660919, 61.552147 ], [ 24.656067, 60.20571 ] ] } },
{ "type": "Feature", "properties": { "voltage_kv": 380.0, "from_node": 136, "to_node": 158, "length_km": 224.61911566006361, "delaunay_k": 5, "edge_set": "Delaunay5" }, "geometry": { "type": "LineString", "coordinates": [ [ 21.660919, 61.552147 ], [ 24.930725, 60.330347 ] ] } },
{ "type": "Feature", "properties": { "voltage_kv": 380.0, "from_node": 136, "to_node": 160, "length_km": 213.5521721822449, "delaunay_k": 5, "edge_set": "Delaunay5" }, "geometry": { "type": "LineString", "coordinates": [ [ 21.660919, 61.552147 ], [ 25.040588, 60.5755 ] ] } },
{ "type": "Feature", "properties": { "voltage_kv": 380.0, "from_node": 136, "to_node": 164, "length_km": 248.98262557970278, "delaunay_k": 5, "edge_set": "Delaunay5" }, "geometry": { "type": "LineString", "coordinates": [ [ 21.660919, 61.552147 ], [ 25.659943, 60.469404 ] ] } },
{ "type": "Feature", "properties": { "voltage_kv": 380.0, "from_node": 136, "to_node": 166, "length_km": 436.17433557772824, "delaunay_k": 5, "edge_set": "Delaunay5" }, "geometry": { "type": "LineString", "coordinates": [ [ 21.660919, 61.552147 ], [ 25.808258, 64.971807 ] ] } },
{ "type": "Feature", "properties": { "voltage_kv": 380.0, "from_node": 136, "to_node": 168, "length_km": 441.80275434404291, "delaunay_k": 5, "edge_set": "Delaunay5" }, "geometry": { "type": "LineString", "coordinates": [ [ 21.660919, 61.552147 ], [ 26.05957, 64.965416 ] ] } },
{ "type": "Feature", "properties": { "voltage_kv": 380.0, "from_node": 136, "to_node": 169, "length_km": 282.38080767227126, "delaunay_k": 5, "edge_set": "Delaunay5" }, "geometry": { "type": "LineString", "coordinates": [ [ 21.660919, 61.552147 ], [ 26.294403, 60.418598 ] ] } },
{ "type": "Feature", "properties": { "voltage_kv": 380.0, "from_node": 136, "to_node": 172, "length_km": 306.59777705420447, "delaunay_k": 5, "edge_set": "Delaunay5" }, "geometry": { "type": "LineString", "coordinates": [ [ 21.660919, 61.552147 ], [ 27.063446, 60.737015 ] ] } },
{ "type": "Feature", "properties": { "voltage_kv": 380.0, "from_node": 136, "to_node": 173, "length_km": 402.64210519716727, "delaunay_k": 5, "edge_set": "Delaunay5" }, "geometry": { "type": "LineString", "coordinates": [ [ 21.660919, 61.552147 ], [ 27.204895, 64.101606 ] ] } },
{ "type": "Feature", "properties": { "voltage_kv": 380.0, "from_node": 136, "to_node": 176, "length_km": 332.38032673118113, "delaunay_k": 5, "edge_set": "Delaunay5" }, "geometry": { "type": "LineString", "coordinates": [ [ 21.660919, 61.552147 ], [ 27.766571, 62.262171 ] ] } },
{ "type": "Feature", "properties": { "voltage_kv": 380.0, "from_node": 136, "to_node": 177, "length_km": 346.24203302583618, "delaunay_k": 5, "edge_set": "Delaunay5" }, "geometry": { "type": "LineString", "coordinates": [ [ 21.660919, 61.552147 ], [ 27.919006, 60.893713 ] ] } },
{ "type": "Feature", "properties": { "voltage_kv": 380.0, "from_node": 137, "to_node": 154, "length_km": 414.68152409355417, "delaunay_k": 5, "edge_set": "Delaunay5" }, "geometry": { "type": "LineString", "coordinates": [ [ 21.895752, 60.919755 ], [ 24.517365, 64.423037 ] ] } },
{ "type": "Feature", "properties": { "voltage_kv": 380.0, "from_node": 137, "to_node": 162, "length_km": 192.06656920489837, "delaunay_k": 5, "edge_set": "Delaunay5" }, "geometry": { "type": "LineString", "coordinates": [ [ 21.895752, 60.919755 ], [ 25.209503, 60.378575 ] ] } },
{ "type": "Feature", "properties": { "voltage_kv": 380.0, "from_node": 137, "to_node": 172, "length_km": 283.56229186866244, "delaunay_k": 5, "edge_set": "Delaunay5" }, "geometry": { "type": "LineString", "coordinates": [ [ 21.895752, 60.919755 ], [ 27.063446, 60.737015 ] ] } },
{ "type": "Feature", "properties": { "voltage_kv": 380.0, "from_node": 137, "to_node": 173, "length_km": 450.03887986207047, "delaunay_k": 5, "edge_set": "Delaunay5" }, "geometry": { "type": "LineString", "coordinates": [ [ 21.895752, 60.919755 ], [ 27.204895, 64.101606 ] ] } },
{ "type": "Feature", "properties": { "voltage_kv": 380.0, "from_node": 137, "to_node": 176, "length_km": 347.77262418711604, "delaunay_k": 5, "edge_set": "Delaunay5" }, "geometry": { "type": "LineString", "coordinates": [ [ 21.895752, 60.919755 ], [ 27.766571, 62.262171 ] ] } },
{ "type": "Feature", "properties": { "voltage_kv": 380.0, "from_node": 137, "to_node": 177, "length_km": 328.94954552693719, "delaunay_k": 5, "edge_set": "Delaunay5" }, "geometry": { "type": "LineString", "coordinates": [ [ 21.895752, 60.919755 ], [ 27.919006, 60.893713 ] ] } },
{ "type": "Feature", "properties": { "voltage_kv": 380.0, "from_node": 138, "to_node": 148, "length_km": 349.21890294384428, "delaunay_k": 5, "edge_set": "Delaunay5" }, "geometry": { "type": "LineString", "coordinates": [ [ 21.902618, 63.030057 ], [ 23.819733, 60.047704 ] ] } },
{ "type": "Feature", "properties": { "voltage_kv": 380.0, "from_node": 138, "to_node": 156, "length_km": 348.65040899874424, "delaunay_k": 5, "edge_set": "Delaunay5" }, "geometry": { "type": "LineString", "coordinates": [ [ 21.902618, 63.030057 ], [ 24.656067, 60.20571 ] ] } },
{ "type": "Feature", "properties": { "voltage_kv": 380.0, "from_node": 138, "to_node": 158, "length_km": 342.56248726882052, "delaunay_k": 5, "edge_set": "Delaunay5" }, "geometry": { "type": "LineString", "coordinates": [ [ 21.902618, 63.030057 ], [ 24.930725, 60.330347 ] ] } },
{ "type": "Feature", "properties": { "voltage_kv": 380.0, "from_node": 138, "to_node": 160, "length_km": 321.25132320386149, "delaunay_k": 5, "edge_set": "Delaunay5" }, "geometry": { "type": "LineString", "coordinates": [ [ 21.902618, 63.030057 ], [ 25.040588, 60.5755 ] ] } },
{ "type": "Feature", "properties": { "voltage_kv": 380.0, "from_node": 138, "to_node": 164, "length_km": 349.36195797290361, "delaunay_k": 5, "edge_set": "Delaunay5" }, "geometry": { "type": "LineString", "coordinates": [ [ 21.902618, 63.030057 ], [ 25.659943, 60.469404 ] ] } },
{ "type": "Feature", "properties": { "voltage_kv": 380.0, "from_node": 138, "to_node": 169, "length_km": 374.26236974501802, "delaunay_k": 5, "edge_set": "Delaunay5" }, "geometry": { "type": "LineString", "coordinates": [ [ 21.902618, 63.030057 ], [ 26.294403, 60.418598 ] ] } },
{ "type": "Feature", "properties": { "voltage_kv": 380.0, "from_node": 138, "to_node": 172, "length_km": 374.8487571057359, "delaunay_k": 5, "edge_set": "Delaunay5" }, "geometry": { "type": "LineString", "coordinates": [ [ 21.902618, 63.030057 ], [ 27.063446, 60.737015 ] ] } },
{ "type": "Feature", "properties": { "voltage_kv": 380.0, "from_node": 138, "to_node": 177, "length_km": 397.63487366138924, "delaunay_k": 5, "edge_set": "Delaunay5" }, "geometry": { "type": "LineString", "coordinates": [ [ 21.902618, 63.030057 ], [ 27.919006, 60.893713 ] ] } },
{ "type": "Feature", "properties": { "voltage_kv": 380.0, "from_node": 139, "to_node": 162, "length_km": 209.54515311504045, "delaunay_k": 5, "edge_set": "Delaunay5" }, "geometry": { "type": "LineString", "coordinates": [ [ 22.105865, 61.482071 ], [ 25.209503, 60.378575 ] ] } },
{ "type": "Feature", "properties": { "voltage_kv": 380.0, "from_node": 139, "to_node": 165, "length_km": 461.77957874825125, "delaunay_k": 5, "edge_set": "Delaunay5" }, "geometry": { "type": "LineString", "coordinates": [ [ 22.105865, 61.482071 ], [ 25.694275, 65.279688 ] ] } },
{ "type": "Feature", "properties": { "voltage_kv": 380.0, "from_node": 140, "to_node": 154, "length_km": 449.8469143360046, "delaunay_k": 5, "edge_set": "Delaunay5" }, "geometry": { "type": "LineString", "coordinates": [ [ 22.457428, 60.52013 ], [ 24.517365, 64.423037 ] ] } },
{ "type": "Feature", "properties": { "voltage_kv": 380.0, "from_node": 140, "to_node": 173, "length_km": 471.45716239540377, "delaunay_k": 5, "edge_set": "Delaunay5" }, "geometry": { "type": "LineString", "coordinates": [ [ 22.457428, 60.52013 ], [ 27.204895, 64.101606 ] ] } },
{ "type": "Feature", "properties": { "voltage_kv": 380.0, "from_node": 140, "to_node": 176, "length_km": 345.87771540314048, "delaunay_k": 5, "edge_set": "Delaunay5" }, "geometry": { "type": "LineString", "coordinates": [ [ 22.457428, 60.52013 ], [ 27.766571, 62.262171 ] ] } },
{ "type": "Feature", "properties": { "voltage_kv": 380.0, "from_node": 141, "to_node": 162, "length_km": 303.16003333946128, "delaunay_k": 5, "edge_set": "Delaunay5" }, "geometry": { "type": "LineString", "coordinates": [ [ 22.633209, 62.789912 ], [ 25.209503, 60.378575 ] ] } },
{ "type": "Feature", "properties": { "voltage_kv": 380.0, "from_node": 143, "to_node": 154, "length_km": 462.21335294060248, "delaunay_k": 5, "edge_set": "Delaunay5" }, "geometry": { "type": "LineString", "coordinates": [ [ 22.913361, 60.363639 ], [ 24.517365, 64.423037 ] ] } },
{ "type": "Feature", "properties": { "voltage_kv": 380.0, "from_node": 144, "to_node": 148, "length_km": 421.88148499494679, "delaunay_k": 5, "edge_set": "Delaunay5" }, "geometry": { "type": "LineString", "coordinates": [ [ 23.047943, 63.797043 ], [ 23.819733, 60.047704 ] ] } },
{ "type": "Feature", "properties": { "voltage_kv": 380.0, "from_node": 144, "to_node": 156, "length_km": 411.15112426116917, "delaunay_k": 5, "edge_set": "Delaunay5" }, "geometry": { "type": "LineString", "coordinates": [ [ 23.047943, 63.797043 ], [ 24.656067, 60.20571 ] ] } },
{ "type": "Feature", "properties": { "voltage_kv": 380.0, "from_node": 144, "to_node": 158, "length_km": 400.81236029726716, "delaunay_k": 5, "edge_set": "Delaunay5" }, "geometry": { "type": "LineString", "coordinates": [ [ 23.047943, 63.797043 ], [ 24.930725, 60.330347 ] ] } },
{ "type": "Feature", "properties": { "voltage_kv": 380.0, "from_node": 144, "to_node": 162, "length_km": 399.50697399447705, "delaunay_k": 5, "edge_set": "Delaunay5" }, "geometry": { "type": "LineString", "coordinates": [ [ 23.047943, 63.797043 ], [ 25.209503, 60.378575 ] ] } },
{ "type": "Feature", "properties": { "voltage_kv": 380.0, "from_node": 146, "to_node": 148, "length_km": 426.51181884506462, "delaunay_k": 5, "edge_set": "Delaunay5" }, "geometry": { "type": "LineString", "coordinates": [ [ 23.1427, 63.842485 ], [ 23.819733, 60.047704 ] ] } },
{ "type": "Feature", "properties": { "voltage_kv": 380.0, "from_node": 146, "to_node": 156, "length_km": 415.15238962691677, "delaunay_k": 5, "edge_set": "Delaunay5" }, "geometry": { "type": "LineString", "coordinates": [ [ 23.1427, 63.842485 ], [ 24.656067, 60.20571 ] ] } },
{ "type": "Feature", "properties": { "voltage_kv": 380.0, "from_node": 146, "to_node": 158, "length_km": 404.56238341406004, "delaunay_k": 5, "edge_set": "Delaunay5" }, "geometry": { "type": "LineString", "coordinates": [ [ 23.1427, 63.842485 ], [ 24.930725, 60.330347 ] ] } },
{ "type": "Feature", "properties": { "voltage_kv": 380.0, "from_node": 146, "to_node": 162, "length_km": 403.01755972898593, "delaunay_k": 5, "edge_set": "Delaunay5" }, "geometry": { "type": "LineString", "coordinates": [ [ 23.1427, 63.842485 ], [ 25.209503, 60.378575 ] ] } },
{ "type": "Feature", "properties": { "voltage_kv": 380.0, "from_node": 148, "to_node": 159, "length_km": 447.96965094192564, "delaunay_k": 5, "edge_set": "Delaunay5" }, "geometry": { "type": "LineString", "coordinates": [ [ 23.819733, 60.047704 ], [ 24.965057, 64.008479 ] ] } },
{ "type": "Feature", "properties": { "voltage_kv": 380.0, "from_node": 150, "to_node": 154, "length_km": 461.87451885505345, "delaunay_k": 5, "edge_set": "Delaunay5" }, "geometry": { "type": "LineString", "coordinates": [ [ 24.186401, 60.304505 ], [ 24.517365, 64.423037 ] ] } },
{ "type": "Feature", "properties": { "voltage_kv": 380.0, "from_node": 150, "to_node": 173, "length_km": 454.30756901244462, "delaunay_k": 5, "edge_set": "Delaunay5" }, "geometry": { "type": "LineString", "coordinates": [ [ 24.186401, 60.304505 ], [ 27.204895, 64.101606 ] ] } },
{ "type": "Feature", "properties": { "voltage_kv": 380.0, "from_node": 152, "to_node": 165, "length_km": 446.60357793042778, "delaunay_k": 5, "edge_set": "Delaunay5" }, "geometry": { "type": "LineString", "coordinates": [ [ 24.403381, 61.338151 ], [ 25.694275, 65.279688 ] ] } },
{ "type": "Feature", "properties": { "voltage_kv": 380.0, "from_node": 154, "to_node": 160, "length_km": 432.18891846880956, "delaunay_k": 5, "edge_set": "Delaunay5" }, "geometry": { "type": "LineString", "coordinates": [ [ 24.517365, 64.423037 ], [ 25.040588, 60.5755 ] ] } },
{ "type": "Feature", "properties": { "voltage_kv": 380.0, "from_node": 154, "to_node": 164, "length_km": 447.30889014208685, "delaunay_k": 5, "edge_set": "Delaunay5" }, "geometry": { "type": "LineString", "coordinates": [ [ 24.517365, 64.423037 ], [ 25.659943, 60.469404 ] ] } },
{ "type": "Feature", "properties": { "voltage_kv": 380.0, "from_node": 154, "to_node": 169, "length_km": 458.57702336796831, "delaunay_k": 5, "edge_set": "Delaunay5" }, "geometry": { "type": "LineString", "coordinates": [ [ 24.517365, 64.423037 ], [ 26.294403, 60.418598 ] ] } },
{ "type": "Feature", "properties": { "voltage_kv": 380.0, "from_node": 154, "to_node": 172, "length_km": 434.02365712734496, "delaunay_k": 5, "edge_set": "Delaunay5" }, "geometry": { "type": "LineString", "coordinates": [ [ 24.517365, 64.423037 ], [ 27.063446, 60.737015 ] ] } },
{ "type": "Feature", "properties": { "voltage_kv": 380.0, "from_node": 156, "to_node": 159, "length_km": 426.66970473309067, "delaunay_k": 5, "edge_set": "Delaunay5" }, "geometry": { "type": "LineString", "coordinates": [ [ 24.656067, 60.20571 ], [ 24.965057, 64.008479 ] ] } },
{ "type": "Feature", "properties": { "voltage_kv": 380.0, "from_node": 156, "to_node": 173, "length_km": 457.13570829601832, "delaunay_k": 5, "edge_set": "Delaunay5" }, "geometry": { "type": "LineString", "coordinates": [ [ 24.656067, 60.20571 ], [ 27.204895, 64.101606 ] ] } },
{ "type": "Feature", "properties": { "voltage_kv": 380.0, "from_node": 158, "to_node": 159, "length_km": 412.43937018504533, "delaunay_k": 5, "edge_set": "Delaunay5" }, "geometry": { "type": "LineString", "coordinates": [ [ 24.930725, 60.330347 ], [ 24.965057, 64.008479 ] ] } },
{ "type": "Feature", "properties": { "voltage_kv": 380.0, "from_node": 158, "to_node": 175, "length_km": 347.13105743417344, "delaunay_k": 5, "edge_set": "Delaunay5" }, "geometry": { "type": "LineString", "coordinates": [ [ 24.930725, 60.330347 ], [ 27.585297, 63.154975 ] ] } },
{ "type": "Feature", "properties": { "voltage_kv": 380.0, "from_node": 159, "to_node": 162, "length_km": 407.28008283703707, "delaunay_k": 5, "edge_set": "Delaunay5" }, "geometry": { "type": "LineString", "coordinates": [ [ 24.965057, 64.008479 ], [ 25.209503, 60.378575 ] ] } },
{ "type": "Feature", "properties": { "voltage_kv": 380.0, "from_node": 160, "to_node": 173, "length_km": 411.50564950485403, "delaunay_k": 5, "edge_set": "Delaunay5" }, "geometry": { "type": "LineString", "coordinates": [ [ 25.040588, 60.5755 ], [ 27.204895, 64.101606 ] ] } },
{ "type": "Feature", "properties": { "voltage_kv": 380.0, "from_node": 162, "to_node": 173, "length_km": 430.72443482068843, "delaunay_k": 5, "edge_set": "Delaunay5" }, "geometry": { "type": "LineString", "coordinates": [ [ 25.209503, 60.378575 ], [ 27.204895, 64.101606 ] ] } },
{ "type": "Feature", "properties": { "voltage_kv": 380.0, "from_node": 164, "to_node": 173, "length_km": 415.70239282916583, "delaunay_k": 5, "edge_set": "Delaunay5" }, "geometry": { "type": "LineString", "coordinates": [ [ 25.659943, 60.469404 ], [ 27.204895, 64.101606 ] ] } }
]
}
