system,graph_type,voltage,voltage_label,voltage_class,A,gamma,degree,fitted_ccdf,probability_mass,cumulative_probability_mass,remaining_tail_probability
Albania,complete,110.0,<200 kV,<200 kV,0.8572031770726173,0.8708294969575326,1,1.0,0.14279682292738272,0.14279682292738272,8.882209372999861e-07
Albania,complete,110.0,<200 kV,<200 kV,0.8572031770726173,0.8708294969575326,2,0.8572031770726173,0.5853275924396036,0.7281244153669864,8.882209372999861e-07
Albania,complete,110.0,<200 kV,<200 kV,0.8572031770726173,0.8708294969575326,3,0.27187558463301364,0.18564593045467734,0.9137703458216637,8.882209372999861e-07
Albania,complete,110.0,<200 kV,<200 kV,0.8572031770726173,0.8708294969575326,4,0.0862296541783363,0.05888055157409834,0.972650897395762,8.882209372999861e-07
Albania,complete,110.0,<200 kV,<200 kV,0.8572031770726173,0.8708294969575326,5,0.02734910260423797,0.018674900899680387,0.9913257982954424,8.882209372999861e-07
Albania,complete,110.0,<200 kV,<200 kV,0.8572031770726173,0.8708294969575326,6,0.008674201704557582,0.00592304104308526,0.9972488393385277,8.882209372999861e-07
Albania,complete,110.0,<200 kV,<200 kV,0.8572031770726173,0.8708294969575326,7,0.002751160661472322,0.0018785864185588803,0.9991274257570866,8.882209372999861e-07
Albania,complete,110.0,<200 kV,<200 kV,0.8572031770726173,0.8708294969575326,8,0.0008725742429134418,0.0005958234809319515,0.9997232492380185,8.882209372999861e-07
Albania,complete,110.0,<200 kV,<200 kV,0.8572031770726173,0.8708294969575326,9,0.0002767507619814903,0.00018897486797663686,0.9999122241059951,8.882209372999861e-07
Albania,complete,110.0,<200 kV,<200 kV,0.8572031770726173,0.8708294969575326,10,8.777589400485344e-05,5.993637691305744e-05,0.9999721604829082,8.882209372999861e-07
Albania,complete,110.0,<200 kV,<200 kV,0.8572031770726173,0.8708294969575326,11,2.7839517091796e-05,1.9009772653516072e-05,0.9999911702555617,8.882209372999861e-07
Albania,complete,110.0,<200 kV,<200 kV,0.8572031770726173,0.8708294969575326,12,8.829744438279927e-06,6.029250931576451e-06,0.9999971995064934,8.882209372999861e-07
Albania,complete,110.0,<200 kV,<200 kV,0.8572031770726173,0.8708294969575326,13,2.8004935067034766e-06,1.9122725694034903e-06,0.9999991117790628,8.882209372999861e-07
Albania,complete,220.0,220 kV,200-299 kV,0.7837458785140484,2.0575991820164394,1,1.0,0.21625412148595158,0.21625412148595158,9.643968593044463e-07
Albania,complete,220.0,220 kV,200-299 kV,0.7837458785140484,2.0575991820164394,2,0.7837458785140484,0.30167963965272393,0.5179337611386755,9.643968593044463e-07
Albania,complete,220.0,220 kV,200-299 kV,0.7837458785140484,2.0575991820164394,3,0.4820662388613245,0.18555704497503334,0.7034908061137088,9.643968593044463e-07
Albania,complete,220.0,220 kV,200-299 kV,0.7837458785140484,2.0575991820164394,4,0.29650919388629116,0.11413238553155924,0.8176231916452681,9.643968593044463e-07
Albania,complete,220.0,220 kV,200-299 kV,0.7837458785140484,2.0575991820164394,5,0.1823768083547319,0.07020052204903966,0.8878237136943078,9.643968593044463e-07
Albania,complete,220.0,220 kV,200-299 kV,0.7837458785140484,2.0575991820164394,6,0.11217628630569225,0.043178921328994826,0.9310026350233026,9.643968593044463e-07
Albania,complete,220.0,220 kV,200-299 kV,0.7837458785140484,2.0575991820164394,7,0.06899736497669742,0.02655848122942881,0.9575611162527314,9.643968593044463e-07
Albania,complete,220.0,220 kV,200-299 kV,0.7837458785140484,2.0575991820164394,8,0.04243888374726861,0.0163355846673334,0.9738967009200649,9.643968593044463e-07
Albania,complete,220.0,220 kV,200-299 kV,0.7837458785140484,2.0575991820164394,9,0.02610329907993521,0.010047687746840232,0.9839443886669051,9.643968593044463e-07
Albania,complete,220.0,220 kV,200-299 kV,0.7837458785140484,2.0575991820164394,10,0.01605561133309498,0.006180129521772614,0.9901245181886777,9.643968593044463e-07
Albania,complete,220.0,220 kV,200-299 kV,0.7837458785140484,2.0575991820164394,11,0.009875481811322365,0.0038012726776761718,0.9939257908663539,9.643968593044463e-07
Albania,complete,220.0,220 kV,200-299 kV,0.7837458785140484,2.0575991820164394,12,0.006074209133646194,0.002338085944500213,0.9962638768108542,9.643968593044463e-07
Albania,complete,220.0,220 kV,200-299 kV,0.7837458785140484,2.0575991820164394,13,0.0037361231891459806,0.0014381093774128752,0.997701986188267,9.643968593044463e-07
Albania,complete,220.0,220 kV,200-299 kV,0.7837458785140484,2.0575991820164394,14,0.0022980138117331054,0.0008845519927390586,0.9985865381810061,9.643968593044463e-07
Albania,complete,220.0,220 kV,200-299 kV,0.7837458785140484,2.0575991820164394,15,0.0014134618189940468,0.0005440700409493311,0.9991306082219554,9.643968593044463e-07
Albania,complete,220.0,220 kV,200-299 kV,0.7837458785140484,2.0575991820164394,16,0.0008693917780447157,0.00033464647854332483,0.9994652547004987,9.643968593044463e-07
Albania,complete,220.0,220 kV,200-299 kV,0.7837458785140484,2.0575991820164394,17,0.0005347452995013909,0.00020583428083274558,0.9996710889813315,9.643968593044463e-07
Albania,complete,220.0,220 kV,200-299 kV,0.7837458785140484,2.0575991820164394,18,0.00032891101866864533,0.00012660450320695201,0.9997976934845385,9.643968593044463e-07
Albania,complete,220.0,220 kV,200-299 kV,0.7837458785140484,2.0575991820164394,19,0.00020230651546169332,7.787186938653596e-05,0.9998755653539251,9.643968593044463e-07
Albania,complete,220.0,220 kV,200-299 kV,0.7837458785140484,2.0575991820164394,20,0.00012443464607515736,4.789741192571365e-05,0.9999234627658508,9.643968593044463e-07
Albania,complete,220.0,220 kV,200-299 kV,0.7837458785140484,2.0575991820164394,21,7.65372341494437e-05,2.946072936548969e-05,0.9999529234952163,9.643968593044463e-07
Albania,complete,220.0,220 kV,200-299 kV,0.7837458785140484,2.0575991820164394,22,4.707650478395402e-05,1.812069879877322e-05,0.9999710441940151,9.643968593044463e-07
Albania,complete,220.0,220 kV,200-299 kV,0.7837458785140484,2.0575991820164394,23,2.8955805985180797e-05,1.1145675345719793e-05,0.9999821898693608,9.643968593044463e-07
Albania,complete,220.0,220 kV,200-299 kV,0.7837458785140484,2.0575991820164394,24,1.7810130639461004e-05,6.855479487391301e-06,0.9999890453488482,9.643968593044463e-07
Albania,complete,220.0,220 kV,200-299 kV,0.7837458785140484,2.0575991820164394,25,1.0954651152069703e-05,4.216666782788635e-06,0.999993262015631,9.643968593044463e-07
Albania,complete,220.0,220 kV,200-299 kV,0.7837458785140484,2.0575991820164394,26,6.7379843692810685e-06,2.593586457340411e-06,0.9999958556020884,9.643968593044463e-07
Albania,complete,220.0,220 kV,200-299 kV,0.7837458785140484,2.0575991820164394,27,4.1443979119406574e-06,1.5952625754437674e-06,0.9999974508646639,9.643968593044463e-07
Albania,complete,220.0,220 kV,200-299 kV,0.7837458785140484,2.0575991820164394,28,2.54913533649689e-06,9.812137464741035e-07,0.9999984320784103,9.643968593044463e-07
Albania,complete,220.0,220 kV,200-299 kV,0.7837458785140484,2.0575991820164394,29,1.5679215900227865e-06,6.035247307183402e-07,0.9999990356031411,9.643968593044463e-07
Belgium,complete,150.0,<200 kV,<200 kV,0.8331902580782089,3.0996814241627315,1,1.0,0.1668097419217911,0.1668097419217911,7.871188214463412e-07
Belgium,complete,150.0,<200 kV,<200 kV,0.8331902580782089,3.0996814241627315,2,0.8331902580782089,0.22974929101869002,0.3965590329404811,7.871188214463412e-07
Belgium,complete,150.0,<200 kV,<200 kV,0.8331902580782089,3.0996814241627315,3,0.6034409670595189,0.16639672992977245,0.5629557628702535,7.871188214463412e-07
Belgium,complete,150.0,<200 kV,<200 kV,0.8331902580782089,3.0996814241627315,4,0.43704423712974644,0.12051341533441007,0.6834691782046636,7.871188214463412e-07
Belgium,complete,150.0,<200 kV,<200 kV,0.8331902580782089,3.0996814241627315,5,0.31653082179533637,0.08728226379024179,0.7707514419949053,7.871188214463412e-07
Belgium,complete,150.0,<200 kV,<200 kV,0.8331902580782089,3.0996814241627315,6,0.22924855800509458,0.0632144857168788,0.8339659277117841,7.871188214463412e-07
Belgium,complete,150.0,<200 kV,<200 kV,0.8331902580782089,3.0996814241627315,7,0.1660340722882158,0.04578331302282565,0.8797492407346098,7.871188214463412e-07
Belgium,complete,150.0,<200 kV,<200 kV,0.8331902580782089,3.0996814241627315,8,0.12025075926539014,0.0331587250544752,0.9129079657890851,7.871188214463412e-07
Belgium,complete,150.0,<200 kV,<200 kV,0.8331902580782089,3.0996814241627315,9,0.08709203421091494,0.024015322934146682,0.9369232887232317,7.871188214463412e-07
Belgium,complete,150.0,<200 kV,<200 kV,0.8331902580782089,3.0996814241627315,10,0.06307671127676825,0.017393181875474846,0.9543164705987066,7.871188214463412e-07
Belgium,complete,150.0,<200 kV,<200 kV,0.8331902580782089,3.0996814241627315,11,0.04568352940129341,0.0125970729847317,0.9669135435834383,7.871188214463412e-07
Belgium,complete,150.0,<200 kV,<200 kV,0.8331902580782089,3.0996814241627315,12,0.03308645641656171,0.009123474296926191,0.9760370178803645,7.871188214463412e-07
Belgium,complete,150.0,<200 kV,<200 kV,0.8331902580782089,3.0996814241627315,13,0.023962982119635517,0.006607708262670337,0.9826447261430348,7.871188214463412e-07
Belgium,complete,150.0,<200 kV,<200 kV,0.8331902580782089,3.0996814241627315,14,0.01735527385696518,0.004785655887612015,0.9874303820306468,7.871188214463412e-07
Belgium,complete,150.0,<200 kV,<200 kV,0.8331902580782089,3.0996814241627315,15,0.012569617969353165,0.0034660280636209795,0.9908964100942678,7.871188214463412e-07
Belgium,complete,150.0,<200 kV,<200 kV,0.8331902580782089,3.0996814241627315,16,0.009103589905732186,0.002510282983134141,0.9934066930774019,7.871188214463412e-07
Belgium,complete,150.0,<200 kV,<200 kV,0.8331902580782089,3.0996814241627315,17,0.006593306922598045,0.001818081256050083,0.995224774333452,7.871188214463412e-07
Belgium,complete,150.0,<200 kV,<200 kV,0.8331902580782089,3.0996814241627315,18,0.004775225666547962,0.0013167517271195249,0.9965415260605716,7.871188214463412e-07
Belgium,complete,150.0,<200 kV,<200 kV,0.8331902580782089,3.0996814241627315,19,0.003458473939428437,0.0009536620572389303,0.9974951881178105,7.871188214463412e-07
Belgium,complete,150.0,<200 kV,<200 kV,0.8331902580782089,3.0996814241627315,20,0.002504811882189507,0.0006906930901899862,0.9981858812080004,7.871188214463412e-07
Belgium,complete,150.0,<200 kV,<200 kV,0.8331902580782089,3.0996814241627315,21,0.0018141187919995206,0.0005002368933680556,0.9986861181013685,7.871188214463412e-07
Belgium,complete,150.0,<200 kV,<200 kV,0.8331902580782089,3.0996814241627315,22,0.001313881898631465,0.00036229832474173604,0.9990484164261103,7.871188214463412e-07
Belgium,complete,150.0,<200 kV,<200 kV,0.8331902580782089,3.0996814241627315,23,0.000951583573889729,0.0002623958325562593,0.9993108122586666,7.871188214463412e-07
Belgium,complete,150.0,<200 kV,<200 kV,0.8331902580782089,3.0996814241627315,24,0.0006891877413334697,0.00019004110215517457,0.9995008533608217,7.871188214463412e-07
Belgium,complete,150.0,<200 kV,<200 kV,0.8331902580782089,3.0996814241627315,25,0.0004991466391782952,0.00013763793485786383,0.9996384912956796,7.871188214463412e-07
Belgium,complete,150.0,<200 kV,<200 kV,0.8331902580782089,3.0996814241627315,26,0.0003615087043204313,9.968475712411417e-05,0.9997381760528037,7.871188214463412e-07
Belgium,complete,150.0,<200 kV,<200 kV,0.8331902580782089,3.0996814241627315,27,0.00026182394719631715,7.219703501912811e-05,0.9998103730878228,7.871188214463412e-07
Belgium,complete,150.0,<200 kV,<200 kV,0.8331902580782089,3.0996814241627315,28,0.00018962691217718904,5.228895586376764e-05,0.9998626620436866,7.871188214463412e-07
Belgium,complete,150.0,<200 kV,<200 kV,0.8331902580782089,3.0996814241627315,29,0.0001373379563134214,3.7870459702377606e-05,0.999900532503389,7.871188214463412e-07
Belgium,complete,150.0,<200 kV,<200 kV,0.8331902580782089,3.0996814241627315,30,9.946749661104379e-05,2.742781328060857e-05,0.9999279603166695,7.871188214463412e-07
Belgium,complete,150.0,<200 kV,<200 kV,0.8331902580782089,3.0996814241627315,31,7.203968333043522e-05,1.9864689979158225e-05,0.9999478250066487,7.871188214463412e-07
Belgium,complete,150.0,<200 kV,<200 kV,0.8331902580782089,3.0996814241627315,32,5.2174993351277e-05,1.4387071398325894e-05,0.999962212078047,7.871188214463412e-07
Belgium,complete,150.0,<200 kV,<200 kV,0.8331902580782089,3.0996814241627315,33,3.7787921952951106e-05,1.0419886926888659e-05,0.9999726319649739,7.871188214463412e-07
Belgium,complete,150.0,<200 kV,<200 kV,0.8331902580782089,3.0996814241627315,34,2.7368035026062447e-05,7.54663965744822e-06,0.9999801786046313,7.871188214463412e-07
Belgium,complete,150.0,<200 kV,<200 kV,0.8331902580782089,3.0996814241627315,35,1.9821395368614227e-05,5.465680243842677e-06,0.9999856442848751,7.871188214463412e-07
Belgium,complete,150.0,<200 kV,<200 kV,0.8331902580782089,3.0996814241627315,36,1.435571512477155e-05,3.9585380889954666e-06,0.9999896028229641,7.871188214463412e-07
Belgium,complete,150.0,<200 kV,<200 kV,0.8331902580782089,3.0996814241627315,37,1.0397177035776083e-05,2.8669850966274007e-06,0.9999924698080608,7.871188214463412e-07
Belgium,complete,150.0,<200 kV,<200 kV,0.8331902580782089,3.0996814241627315,38,7.530191939148682e-06,2.076424012979363e-06,0.9999945462320737,7.871188214463412e-07
Belgium,complete,150.0,<200 kV,<200 kV,0.8331902580782089,3.0996814241627315,39,5.4537679261693194e-06,1.5038573750345727e-06,0.9999960500894488,7.871188214463412e-07
Belgium,complete,150.0,<200 kV,<200 kV,0.8331902580782089,3.0996814241627315,40,3.949910551134747e-06,1.0891739790664538e-06,0.9999971392634279,7.871188214463412e-07
Belgium,complete,150.0,<200 kV,<200 kV,0.8331902580782089,3.0996814241627315,41,2.860736572068293e-06,7.888380749192991e-07,0.9999979281015029,7.871188214463412e-07
Belgium,complete,150.0,<200 kV,<200 kV,0.8331902580782089,3.0996814241627315,42,2.071898497148994e-06,5.713187428290707e-07,0.9999984994202458,7.871188214463412e-07
Belgium,complete,150.0,<200 kV,<200 kV,0.8331902580782089,3.0996814241627315,43,1.5005797543199232e-06,4.137796035532156e-07,0.9999989131998493,7.871188214463412e-07
Belgium,complete,150.0,<200 kV,<200 kV,0.8331902580782089,3.0996814241627315,44,1.0868001507667076e-06,2.996813293203664e-07,0.9999992128811787,7.871188214463412e-07
Belgium,complete,220.0,220 kV,200-299 kV,0.5942518566278773,6.289510543968241,1,1.0,0.4057481433721227,0.4057481433721227,9.412827041041395e-07
Belgium,complete,220.0,220 kV,200-299 kV,0.5942518566278773,6.289510543968241,2,0.5942518566278773,0.08735459338586882,0.49310273675799154,9.412827041041395e-07
Belgium,complete,220.0,220 kV,200-299 kV,0.5942518566278773,6.289510543968241,3,0.5068972632420085,0.07451353129998461,0.5676162680579762,9.412827041041395e-07
Belgium,complete,220.0,220 kV,200-299 kV,0.5942518566278773,6.289510543968241,4,0.43238373194202384,0.06356009605892093,0.631176364116897,9.412827041041395e-07
Belgium,complete,220.0,220 kV,200-299 kV,0.5942518566278773,6.289510543968241,5,0.3688236358831029,0.054216807880907436,0.6853931719978045,9.412827041041395e-07
Belgium,complete,220.0,220 kV,200-299 kV,0.5942518566278773,6.289510543968241,6,0.31460682800219547,0.04624697631152591,0.7316401483093304,9.412827041041395e-07
Belgium,complete,220.0,220 kV,200-299 kV,0.5942518566278773,6.289510543968241,7,0.26835985169066956,0.03944870422207239,0.7710888525314028,9.412827041041395e-07
Belgium,complete,220.0,220 kV,200-299 kV,0.5942518566278773,6.289510543968241,8,0.22891114746859717,0.033649773215826545,0.8047386257472293,9.412827041041395e-07
Belgium,complete,220.0,220 kV,200-299 kV,0.5942518566278773,6.289510543968241,9,0.19526137425277063,0.028703280875902903,0.8334419066231322,9.412827041041395e-07
Belgium,complete,220.0,220 kV,200-299 kV,0.5942518566278773,6.289510543968241,10,0.16655809337686772,0.02448391933451352,0.8579258259576458,9.412827041041395e-07
Belgium,complete,220.0,220 kV,200-299 kV,0.5942518566278773,6.289510543968241,11,0.1420741740423542,0.020884800889860236,0.878810626847506,9.412827041041395e-07
Belgium,complete,220.0,220 kV,200-299 kV,0.5942518566278773,6.289510543968241,12,0.12118937315249396,0.017814750255048376,0.8966253771025544,9.412827041041395e-07
Belgium,complete,220.0,220 kV,200-299 kV,0.5942518566278773,6.289510543968241,13,0.10337462289744559,0.015195994844453067,0.9118213719470075,9.412827041041395e-07
Belgium,complete,220.0,220 kV,200-299 kV,0.5942518566278773,6.289510543968241,14,0.08817862805299252,0.012962194586320724,0.9247835665333283,9.412827041041395e-07
Belgium,complete,220.0,220 kV,200-299 kV,0.5942518566278773,6.289510543968241,15,0.0752164334666718,0.0110567613514935,0.9358403278848217,9.412827041041395e-07
Belgium,complete,220.0,220 kV,200-299 kV,0.5942518566278773,6.289510543968241,16,0.0641596721151783,0.009431425424896424,0.9452717533097181,9.412827041041395e-07
Belgium,complete,220.0,220 kV,200-299 kV,0.5942518566278773,6.289510543968241,17,0.054728246690281875,0.008045012704680235,0.9533167660143984,9.412827041041395e-07
Belgium,complete,220.0,220 kV,200-299 kV,0.5942518566278773,6.289510543968241,18,0.04668323398560164,0.00686240165220596,0.9601791676666044,9.412827041041395e-07
Belgium,complete,220.0,220 kV,200-299 kV,0.5942518566278773,6.289510543968241,19,0.03982083233339568,0.0058536335696278835,0.9660328012362323,9.412827041041395e-07
Belgium,complete,220.0,220 kV,200-299 kV,0.5942518566278773,6.289510543968241,20,0.033967198763767796,0.0049931536660288225,0.9710259549022611,9.412827041041395e-07
Belgium,complete,220.0,220 kV,200-299 kV,0.5942518566278773,6.289510543968241,21,0.028974045097738974,0.004259163686284855,0.9752851185885459,9.412827041041395e-07
Belgium,complete,220.0,220 kV,200-299 kV,0.5942518566278773,6.289510543968241,22,0.02471488141145412,0.003633069703019017,0.978918188291565,9.412827041041395e-07
Belgium,complete,220.0,220 kV,200-299 kV,0.5942518566278773,6.289510543968241,23,0.0210818117084351,0.003099011082738627,0.9820171993743035,9.412827041041395e-07
Belgium,complete,220.0,220 kV,200-299 kV,0.5942518566278773,6.289510543968241,24,0.017982800625696474,0.0026434586936100284,0.9846606580679136,9.412827041041395e-07
Belgium,complete,220.0,220 kV,200-299 kV,0.5942518566278773,6.289510543968241,25,0.015339341932086446,0.0022548721763999604,0.9869155302443136,9.412827041041395e-07
Belgium,complete,220.0,220 kV,200-299 kV,0.5942518566278773,6.289510543968241,26,0.013084469755686485,0.0019234075963408138,0.9888389378406544,9.412827041041395e-07
Belgium,complete,220.0,220 kV,200-299 kV,0.5942518566278773,6.289510543968241,27,0.011161062159345671,0.0016406680699604017,0.9904796059106148,9.412827041041395e-07
Belgium,complete,220.0,220 kV,200-299 kV,0.5942518566278773,6.289510543968241,28,0.00952039408938527,0.0013994910495875208,0.9918790969602023,9.412827041041395e-07
Belgium,complete,220.0,220 kV,200-299 kV,0.5942518566278773,6.289510543968241,29,0.008120903039797749,0.0011937668768813364,0.9930728638370836,9.412827041041395e-07
Belgium,complete,220.0,220 kV,200-299 kV,0.5942518566278773,6.289510543968241,30,0.0069271361629164125,0.0010182840088609757,0.9940911478459445,9.412827041041395e-07
Belgium,complete,220.0,220 kV,200-299 kV,0.5942518566278773,6.289510543968241,31,0.005908852154055437,0.000868596995596686,0.9949597448415413,9.412827041041395e-07
Belgium,complete,220.0,220 kV,200-299 kV,0.5942518566278773,6.289510543968241,32,0.005040255158458751,0.000740913865085159,0.9957006587066264,9.412827041041395e-07
Belgium,complete,220.0,220 kV,200-299 kV,0.5942518566278773,6.289510543968241,33,0.004299341293373592,0.0006320000624666228,0.996332658769093,9.412827041041395e-07
Belgium,complete,220.0,220 kV,200-299 kV,0.5942518566278773,6.289510543968241,34,0.003667341230906969,0.0005390965101076985,0.9968717552792008,9.412827041041395e-07
Belgium,complete,220.0,220 kV,200-299 kV,0.5942518566278773,6.289510543968241,35,0.0031282447207992706,0.0004598497127927901,0.9973316049919936,9.412827041041395e-07
Belgium,complete,220.0,220 kV,200-299 kV,0.5942518566278773,6.289510543968241,36,0.0026683950080064805,0.0003922521374018248,0.9977238571293954,9.412827041041395e-07
Belgium,complete,220.0,220 kV,200-299 kV,0.5942518566278773,6.289510543968241,37,0.0022761428706046557,0.00033459135673230794,0.9980584484861277,9.412827041041395e-07
Belgium,complete,220.0,220 kV,200-299 kV,0.5942518566278773,6.289510543968241,38,0.0019415515138723478,0.00028540666914271496,0.9983438551552704,9.412827041041395e-07
Belgium,complete,220.0,220 kV,200-299 kV,0.5942518566278773,6.289510543968241,39,0.0016561448447296328,0.00024345209507701084,0.9985873072503474,9.412827041041395e-07
Belgium,complete,220.0,220 kV,200-299 kV,0.5942518566278773,6.289510543968241,40,0.001412692749652622,0.00020766481307326603,0.9987949720634206,9.412827041041395e-07
Belgium,complete,220.0,220 kV,200-299 kV,0.5942518566278773,6.289510543968241,41,0.001205027936579356,0.00017713823565623115,0.9989721102990768,9.412827041041395e-07
Belgium,complete,220.0,220 kV,200-299 kV,0.5942518566278773,6.289510543968241,42,0.0010278897009231248,0.00015109904305421397,0.9991232093421311,9.412827041041395e-07
Belgium,complete,220.0,220 kV,200-299 kV,0.5942518566278773,6.289510543968241,43,0.0008767906578689108,0.00012888759294298491,0.999252096935074,9.412827041041395e-07
Belgium,complete,220.0,220 kV,200-299 kV,0.5942518566278773,6.289510543968241,44,0.0007479030649259259,0.00010994120994317917,0.9993620381450172,9.412827041041395e-07
Belgium,complete,220.0,220 kV,200-299 kV,0.5942518566278773,6.289510543968241,45,0.0006379618549827468,9.377993154947764e-05,0.9994558180765667,9.412827041041395e-07
Belgium,complete,220.0,220 kV,200-299 kV,0.5942518566278773,6.289510543968241,46,0.0005441819234332691,7.999434939792043e-05,0.9995358124259646,9.412827041041395e-07
Belgium,complete,220.0,220 kV,200-299 kV,0.5942518566278773,6.289510543968241,47,0.0004641875740353487,6.823523785811665e-05,0.9996040476638227,9.412827041041395e-07
Belgium,complete,220.0,220 kV,200-299 kV,0.5942518566278773,6.289510543968241,48,0.00039595233617723203,5.8204707214918043e-05,0.9996622523710377,9.412827041041395e-07
Belgium,complete,220.0,220 kV,200-299 kV,0.5942518566278773,6.289510543968241,49,0.000337747628962314,4.964865732597876e-05,0.9997119010283636,9.412827041041395e-07
Belgium,complete,220.0,220 kV,200-299 kV,0.5942518566278773,6.289510543968241,50,0.0002880989716363352,4.2350340586211224e-05,0.9997542513689498,9.412827041041395e-07
Belgium,complete,220.0,220 kV,200-299 kV,0.5942518566278773,6.289510543968241,51,0.000245748631050124,3.6124871131804314e-05,0.9997903762400816,9.412827041041395e-07
Belgium,complete,220.0,220 kV,200-299 kV,0.5942518566278773,6.289510543968241,52,0.00020962375991831969,3.0814541187287604e-05,0.9998211907812689,9.412827041041395e-07
Belgium,complete,220.0,220 kV,200-299 kV,0.5942518566278773,6.289510543968241,53,0.00017880921873103208,2.6284825906190234e-05,0.999847475607175,9.412827041041395e-07
Belgium,complete,220.0,220 kV,200-299 kV,0.5942518566278773,6.289510543968241,54,0.00015252439282484185,2.242097549723596e-05,0.9998698965826722,9.412827041041395e-07
Belgium,complete,220.0,220 kV,200-299 kV,0.5942518566278773,6.289510543968241,55,0.0001301034173276059,1.9125108305520914e-05,0.9998890216909777,9.412827041041395e-07
Belgium,complete,220.0,220 kV,200-299 kV,0.5942518566278773,6.289510543968241,56,0.00011097830902208497,1.6313731208662024e-05,0.9999053354221864,9.412827041041395e-07
Belgium,complete,220.0,220 kV,200-299 kV,0.5942518566278773,6.289510543968241,57,9.466457781342295e-05,1.3915624512915494e-05,0.9999192510466993,9.412827041041395e-07
Belgium,complete,220.0,220 kV,200-299 kV,0.5942518566278773,6.289510543968241,58,8.074895330050746e-05,1.1870037768039259e-05,0.9999311210844674,9.412827041041395e-07
Belgium,complete,220.0,220 kV,200-299 kV,0.5942518566278773,6.289510543968241,59,6.88789155324682e-05,1.0125150796064202e-05,0.9999412462352634,9.412827041041395e-07
Belgium,complete,220.0,220 kV,200-299 kV,0.5942518566278773,6.289510543968241,60,5.8753764736403995e-05,8.636760947726356e-06,0.9999498829962111,9.412827041041395e-07
Belgium,complete,220.0,220 kV,200-299 kV,0.5942518566278773,6.289510543968241,61,5.011700378867764e-05,7.36716333125313e-06,0.9999572501595424,9.412827041041395e-07
Belgium,complete,220.0,220 kV,200-299 kV,0.5942518566278773,6.289510543968241,62,4.274984045742451e-05,6.284195646708066e-06,0.9999635343551891,9.412827041041395e-07
Belgium,complete,220.0,220 kV,200-299 kV,0.5942518566278773,6.289510543968241,63,3.646564481071644e-05,5.360423428998044e-06,0.9999688947786182,9.412827041041395e-07
Belgium,complete,220.0,220 kV,200-299 kV,0.5942518566278773,6.289510543968241,64,3.11052213817184e-05,4.572445059568294e-06,0.9999734672236777,9.412827041041395e-07
Belgium,complete,220.0,220 kV,200-299 kV,0.5942518566278773,6.289510543968241,65,2.6532776322150105e-05,3.900298940876556e-06,0.9999773675226187,9.412827041041395e-07
Belgium,complete,220.0,220 kV,200-299 kV,0.5942518566278773,6.289510543968241,66,2.263247738127355e-05,3.326957815790323e-06,0.9999806944804345,9.412827041041395e-07
Belgium,complete,220.0,220 kV,200-299 kV,0.5942518566278773,6.289510543968241,67,1.9305519565483226e-05,2.8378974216680585e-06,0.9999835323778561,9.412827041041395e-07
Belgium,complete,220.0,220 kV,200-299 kV,0.5942518566278773,6.289510543968241,68,1.6467622143815168e-05,2.420728551978114e-06,0.999985953106408,9.412827041041395e-07
Belgium,complete,220.0,220 kV,200-299 kV,0.5942518566278773,6.289510543968241,69,1.4046893591837053e-05,2.0648832045936456e-06,0.9999880179896127,9.412827041041395e-07
Belgium,complete,220.0,220 kV,200-299 kV,0.5942518566278773,6.289510543968241,70,1.1982010387243408e-05,1.7613468660617834e-06,0.9999897793364787,9.412827041041395e-07
Belgium,complete,220.0,220 kV,200-299 kV,0.5942518566278773,6.289510543968241,71,1.0220663521181625e-05,1.5024301498912839e-06,0.9999912817666285,9.412827041041395e-07
Belgium,complete,220.0,220 kV,200-299 kV,0.5942518566278773,6.289510543968241,72,8.71823337129034e-06,1.281574003847135e-06,0.9999925633406324,9.412827041041395e-07
Belgium,complete,220.0,220 kV,200-299 kV,0.5942518566278773,6.289510543968241,73,7.436659367443206e-06,1.093183551631735e-06,0.999993656524184,9.412827041041395e-07
Belgium,complete,220.0,220 kV,200-299 kV,0.5942518566278773,6.289510543968241,74,6.343475815811471e-06,9.324863597191887e-07,0.9999945890105437,9.412827041041395e-07
Belgium,complete,220.0,220 kV,200-299 kV,0.5942518566278773,6.289510543968241,75,5.410989456092282e-06,7.954115388623119e-07,0.9999953844220826,9.412827041041395e-07
Belgium,complete,220.0,220 kV,200-299 kV,0.5942518566278773,6.289510543968241,76,4.61557791722997e-06,6.784866175906644e-07,0.9999960629087001,9.412827041041395e-07
Belgium,complete,220.0,220 kV,200-299 kV,0.5942518566278773,6.289510543968241,77,3.937091299639306e-06,5.787495752300186e-07,0.9999966416582754,9.412827041041395e-07
Belgium,complete,220.0,220 kV,200-299 kV,0.5942518566278773,6.289510543968241,78,3.358341724409287e-06,4.936738060042374e-07,0.9999971353320815,9.412827041041395e-07
Belgium,complete,220.0,220 kV,200-299 kV,0.5942518566278773,6.289510543968241,79,2.8646679184050496e-06,4.211041133600018e-07,0.9999975564361948,9.412827041041395e-07
Belgium,complete,220.0,220 kV,200-299 kV,0.5942518566278773,6.289510543968241,80,2.443563805045048e-06,3.592021130794786e-07,0.9999979156383079,9.412827041041395e-07
Belgium,complete,220.0,220 kV,200-299 kV,0.5942518566278773,6.289510543968241,81,2.0843616919655692e-06,3.06399662096051e-07,0.99999822203797,9.412827041041395e-07
Belgium,complete,220.0,220 kV,200-299 kV,0.5942518566278773,6.289510543968241,82,1.7779620298695183e-06,2.613591332404094e-07,0.9999984833971032,9.412827041041395e-07
Belgium,complete,220.0,220 kV,200-299 kV,0.5942518566278773,6.289510543968241,83,1.5166028966291089e-06,2.2293952957025069e-07,0.9999987063366328,9.412827041041395e-07
Belgium,complete,220.0,220 kV,200-299 kV,0.5942518566278773,6.289510543968241,84,1.2936633670588582e-06,1.9016757986906292e-07,0.9999988965042127,9.412827041041395e-07
Belgium,complete,220.0,220 kV,200-299 kV,0.5942518566278773,6.289510543968241,85,1.1034957871897953e-06,1.6221308308565582e-07,0.9999990587172958,9.412827041041395e-07
Belgium,complete,380.0,380 kV,>=350 kV,0.963020557856023,2.9066553619653157,1,1.0,0.03697944214397697,0.03697944214397697,7.205579700628441e-07
Belgium,complete,380.0,380 kV,>=350 kV,0.963020557856023,2.9066553619653157,2,0.963020557856023,0.280333392784648,0.31731283492862494,7.205579700628441e-07
Belgium,complete,380.0,380 kV,>=350 kV,0.963020557856023,2.9066553619653157,3,0.6826871650713751,0.198728892788189,0.5160417277168139,7.205579700628441e-07
Belgium,complete,380.0,380 kV,>=350 kV,0.963020557856023,2.9066553619653157,4,0.48395827228318605,0.14087930244955932,0.6569210301663733,7.205579700628441e-07
Belgium,complete,380.0,380 kV,>=350 kV,0.963020557856023,2.9066553619653157,5,0.34307896983362673,0.09986961422780072,0.756790644394174,7.205579700628441e-07
Belgium,complete,380.0,380 kV,>=350 kV,0.963020557856023,2.9066553619653157,6,0.24320935560582602,0.07079776569436683,0.8275884100885408,7.205579700628441e-07
Belgium,complete,380.0,380 kV,>=350 kV,0.963020557856023,2.9066553619653157,7,0.1724115899114592,0.05018867516481487,0.8777770852533556,7.205579700628441e-07
Belgium,complete,380.0,380 kV,>=350 kV,0.963020557856023,2.9066553619653157,8,0.12222291474664432,0.03557885040713546,0.9133559356604911,7.205579700628441e-07
Belgium,complete,380.0,380 kV,>=350 kV,0.963020557856023,2.9066553619653157,9,0.08664406433950886,0.025221916939157617,0.9385778525996488,7.205579700628441e-07
Belgium,complete,380.0,380 kV,>=350 kV,0.963020557856023,2.9066553619653157,10,0.06142214740035124,0.017879866460164914,0.9564577190598137,7.205579700628441e-07
Belgium,complete,380.0,380 kV,>=350 kV,0.963020557856023,2.9066553619653157,11,0.04354228094018633,0.01267507245402923,0.9691327915138429,7.205579700628441e-07
Belgium,complete,380.0,380 kV,>=350 kV,0.963020557856023,2.9066553619653157,12,0.030867208486157097,0.00898538375959487,0.9781181752734378,7.205579700628441e-07
Belgium,complete,380.0,380 kV,>=350 kV,0.963020557856023,2.9066553619653157,13,0.021881824726562228,0.006369756196661885,0.9844879314700997,7.205579700628441e-07
Belgium,complete,380.0,380 kV,>=350 kV,0.963020557856023,2.9066553619653157,14,0.015512068529900343,0.004515532679568257,0.989003464149668,7.205579700628441e-07
Belgium,complete,380.0,380 kV,>=350 kV,0.963020557856023,2.9066553619653157,15,0.010996535850332086,0.0032010699861533907,0.9922045341358214,7.205579700628441e-07
Belgium,complete,380.0,380 kV,>=350 kV,0.963020557856023,2.9066553619653157,16,0.007795465864178695,0.0022692448008662745,0.9944737789366878,7.205579700628441e-07
Belgium,complete,380.0,380 kV,>=350 kV,0.963020557856023,2.9066553619653157,17,0.005526221063312421,0.0016086720966843257,0.9960824510333721,7.205579700628441e-07
Belgium,complete,380.0,380 kV,>=350 kV,0.963020557856023,2.9066553619653157,18,0.003917548966628095,0.0011403908091638416,0.997222841842536,7.205579700628441e-07
Belgium,complete,380.0,380 kV,>=350 kV,0.963020557856023,2.9066553619653157,19,0.0027771581574642535,0.0008084252846219213,0.9980312671271578,7.205579700628441e-07
Belgium,complete,380.0,380 kV,>=350 kV,0.963020557856023,2.9066553619653157,20,0.001968732872842332,0.0005730942722128986,0.9986043613993707,7.205579700628441e-07
Belgium,complete,380.0,380 kV,>=350 kV,0.963020557856023,2.9066553619653157,21,0.0013956386006294336,0.0004062676552686439,0.9990106290546393,7.205579700628441e-07
Belgium,complete,380.0,380 kV,>=350 kV,0.963020557856023,2.9066553619653157,22,0.0009893709453607897,0.0002880039388286977,0.999298632993468,7.205579700628441e-07
Belgium,complete,380.0,380 kV,>=350 kV,0.963020557856023,2.9066553619653157,23,0.000701367006532092,0.00020416655794563965,0.9995027995514136,7.205579700628441e-07
Belgium,complete,380.0,380 kV,>=350 kV,0.963020557856023,2.9066553619653157,24,0.0004972004485864523,0.0001447340739605761,0.9996475336253742,7.205579700628441e-07
Belgium,complete,380.0,380 kV,>=350 kV,0.963020557856023,2.9066553619653157,25,0.00035246637462587623,0.00010260226932367223,0.9997501358946979,7.205579700628441e-07
Belgium,complete,380.0,380 kV,>=350 kV,0.963020557856023,2.9066553619653157,26,0.000249864105302204,7.273495025943115e-05,0.9998228708449572,7.205579700628441e-07
Belgium,complete,380.0,380 kV,>=350 kV,0.963020557856023,2.9066553619653157,27,0.00017712915504277285,5.156194910809167e-05,0.9998744327940653,7.205579700628441e-07
Belgium,complete,380.0,380 kV,>=350 kV,0.963020557856023,2.9066553619653157,28,0.00012556720593468119,3.655236700296952e-05,0.9999109851610682,7.205579700628441e-07
Belgium,complete,380.0,380 kV,>=350 kV,0.963020557856023,2.9066553619653157,29,8.901483893171167e-05,2.5912044766168384e-05,0.9999368972058345,7.205579700628441e-07
Belgium,complete,380.0,380 kV,>=350 kV,0.963020557856023,2.9066553619653157,30,6.310279416554328e-05,1.836909943231221e-05,0.9999552663052668,7.205579700628441e-07
Belgium,complete,380.0,380 kV,>=350 kV,0.963020557856023,2.9066553619653157,31,4.4733694733231074e-05,1.3021890668957258e-05,0.9999682881959358,7.205579700628441e-07
Belgium,complete,380.0,380 kV,>=350 kV,0.963020557856023,2.9066553619653157,32,3.171180406427382e-05,9.231243873392956e-06,0.9999775194398092,7.205579700628441e-07
Belgium,complete,380.0,380 kV,>=350 kV,0.963020557856023,2.9066553619653157,33,2.248056019088086e-05,6.544046914262579e-06,0.9999840634867234,7.205579700628441e-07
Belgium,complete,380.0,380 kV,>=350 kV,0.963020557856023,2.9066553619653157,34,1.593651327661828e-05,4.63908771162486e-06,0.9999887025744351,7.205579700628441e-07
Belgium,complete,380.0,380 kV,>=350 kV,0.963020557856023,2.9066553619653157,35,1.1297425564993422e-05,3.2886583910705103e-06,0.9999919912328261,7.205579700628441e-07
Belgium,complete,380.0,380 kV,>=350 kV,0.963020557856023,2.9066553619653157,36,8.008767173922912e-06,2.3313363931570274e-06,0.9999943225692193,7.205579700628441e-07
Belgium,complete,380.0,380 kV,>=350 kV,0.963020557856023,2.9066553619653157,37,5.677430780765884e-06,1.6526889484222658e-06,0.9999959752581677,7.205579700628441e-07
Belgium,complete,380.0,380 kV,>=350 kV,0.963020557856023,2.9066553619653157,38,4.024741832343618e-06,1.171594441820697e-06,0.9999971468526095,7.205579700628441e-07
Belgium,complete,380.0,380 kV,>=350 kV,0.963020557856023,2.9066553619653157,39,2.8531473905229213e-06,8.305456011039132e-07,0.9999979773982106,7.205579700628441e-07
Belgium,complete,380.0,380 kV,>=350 kV,0.963020557856023,2.9066553619653157,40,2.022601789419008e-06,5.887754080166803e-07,0.9999985661736186,7.205579700628441e-07
Belgium,complete,380.0,380 kV,>=350 kV,0.963020557856023,2.9066553619653157,41,1.4338263814023278e-06,4.173840432415186e-07,0.9999989835576618,7.205579700628441e-07
Belgium,complete,380.0,380 kV,>=350 kV,0.963020557856023,2.9066553619653157,42,1.0164423381608092e-06,2.958843680979651e-07,0.9999992794420299,7.205579700628441e-07
Bosnia&Herzegovina,complete,110.0,<200 kV,<200 kV,0.8340631721475953,1.1597523453606073,1,1.0,0.1659368278524047,0.1659368278524047,8.504544574971626e-07
Bosnia&Herzegovina,complete,110.0,<200 kV,<200 kV,0.8340631721475953,1.1597523453606073,2,0.8340631721475953,0.48191356947125485,0.6478503973236596,8.504544574971626e-07
Bosnia&Herzegovina,complete,110.0,<200 kV,<200 kV,0.8340631721475953,1.1597523453606073,3,0.35214960267634043,0.20346860727188223,0.8513190045955418,8.504544574971626e-07
Bosnia&Herzegovina,complete,110.0,<200 kV,<200 kV,0.8340631721475953,1.1597523453606073,4,0.1486809954044582,0.08590642963339268,0.9372254342289345,8.504544574971626e-07
Bosnia&Herzegovina,complete,110.0,<200 kV,<200 kV,0.8340631721475953,1.1597523453606073,5,0.06277456577106552,0.03627053210471795,0.9734959663336524,8.504544574971626e-07
Bosnia&Herzegovina,complete,110.0,<200 kV,<200 kV,0.8340631721475953,1.1597523453606073,6,0.02650403366634757,0.015313772260976445,0.9888097385946288,8.504544574971626e-07
Bosnia&Herzegovina,complete,110.0,<200 kV,<200 kV,0.8340631721475953,1.1597523453606073,7,0.011190261405371126,0.006465623944638718,0.9952753625392675,8.504544574971626e-07
Bosnia&Herzegovina,complete,110.0,<200 kV,<200 kV,0.8340631721475953,1.1597523453606073,8,0.004724637460732407,0.0027298494636761733,0.9980052120029437,8.504544574971626e-07
Bosnia&Herzegovina,complete,110.0,<200 kV,<200 kV,0.8340631721475953,1.1597523453606073,9,0.001994787997056234,0.0011525690572388339,0.9991577810601825,8.504544574971626e-07
Bosnia&Herzegovina,complete,110.0,<200 kV,<200 kV,0.8340631721475953,1.1597523453606073,10,0.0008422189398174003,0.0004866258925191766,0.9996444069527016,8.504544574971626e-07
Bosnia&Herzegovina,complete,110.0,<200 kV,<200 kV,0.8340631721475953,1.1597523453606073,11,0.0003555930472982237,0.00020545819600379514,0.9998498651487054,8.504544574971626e-07
Bosnia&Herzegovina,complete,110.0,<200 kV,<200 kV,0.8340631721475953,1.1597523453606073,12,0.00015013485129442854,8.674645339277815e-05,0.9999366116020982,8.504544574971626e-07
Bosnia&Herzegovina,complete,110.0,<200 kV,<200 kV,0.8340631721475953,1.1597523453606073,13,6.338839790165039e-05,3.66251983254367e-05,0.9999732368004237,8.504544574971626e-07
Bosnia&Herzegovina,complete,110.0,<200 kV,<200 kV,0.8340631721475953,1.1597523453606073,14,2.6763199576213687e-05,1.54635157970533e-05,0.9999887003162208,8.504544574971626e-07
Bosnia&Herzegovina,complete,110.0,<200 kV,<200 kV,0.8340631721475953,1.1597523453606073,15,1.1299683779160388e-05,6.528847125440509e-06,0.9999952291633463,8.504544574971626e-07
Bosnia&Herzegovina,complete,110.0,<200 kV,<200 kV,0.8340631721475953,1.1597523453606073,16,4.77083665371988e-06,2.756542906982099e-06,0.9999979857062532,8.504544574971626e-07
Bosnia&Herzegovina,complete,110.0,<200 kV,<200 kV,0.8340631721475953,1.1597523453606073,17,2.014293746737781e-06,1.1638392892406182e-06,0.9999991495455425,8.504544574971626e-07
Bosnia&Herzegovina,complete,220.0,220 kV,200-299 kV,0.7669644403367271,2.1698716464908467,1,1.0,0.23303555966327294,0.23303555966327294,7.591872293760528e-07
Bosnia&Herzegovina,complete,220.0,220 kV,200-299 kV,0.7669644403367271,2.1698716464908467,2,0.7669644403367271,0.28320697040758164,0.5162425300708546,7.591872293760528e-07
Bosnia&Herzegovina,complete,220.0,220 kV,200-299 kV,0.7669644403367271,2.1698716464908467,3,0.4837574699291454,0.1786308207594608,0.6948733508303154,7.591872293760528e-07
Bosnia&Herzegovina,complete,220.0,220 kV,200-299 kV,0.7669644403367271,2.1698716464908467,4,0.3051266491696846,0.11267014395611921,0.8075434947864346,7.591872293760528e-07
Bosnia&Herzegovina,complete,220.0,220 kV,200-299 kV,0.7669644403367271,2.1698716464908467,5,0.19245650521356542,0.0710659072444545,0.8786094020308891,7.591872293760528e-07
Bosnia&Herzegovina,complete,220.0,220 kV,200-299 kV,0.7669644403367271,2.1698716464908467,6,0.12139059796911092,0.04482432519518513,0.9234337272260742,7.591872293760528e-07
Bosnia&Herzegovina,complete,220.0,220 kV,200-299 kV,0.7669644403367271,2.1698716464908467,7,0.07656627277392579,0.028272630394942266,0.9517063576210165,7.591872293760528e-07
Bosnia&Herzegovina,complete,220.0,220 kV,200-299 kV,0.7669644403367271,2.1698716464908467,8,0.04829364237898352,0.017832764374440018,0.9695391219954566,7.591872293760528e-07
Bosnia&Herzegovina,complete,220.0,220 kV,200-299 kV,0.7669644403367271,2.1698716464908467,9,0.030460878004543505,0.011247891716901819,0.9807870137123583,7.591872293760528e-07
Bosnia&Herzegovina,complete,220.0,220 kV,200-299 kV,0.7669644403367271,2.1698716464908467,10,0.019212986287641686,0.0070945292282605585,0.9878815429406189,7.591872293760528e-07
Bosnia&Herzegovina,complete,220.0,220 kV,200-299 kV,0.7669644403367271,2.1698716464908467,11,0.012118457059381128,0.004474824814948268,0.9923563677555672,7.591872293760528e-07
Bosnia&Herzegovina,complete,220.0,220 kV,200-299 kV,0.7669644403367271,2.1698716464908467,12,0.007643632244432859,0.0028224645329125494,0.9951788322884798,7.591872293760528e-07
Bosnia&Herzegovina,complete,220.0,220 kV,200-299 kV,0.7669644403367271,2.1698716464908467,13,0.00482116771152031,0.001780249812894927,0.9969590821013747,7.591872293760528e-07
Bosnia&Herzegovina,complete,220.0,220 kV,200-299 kV,0.7669644403367271,2.1698716464908467,14,0.003040917898625383,0.001122880149371435,0.9980819622507462,7.591872293760528e-07
Bosnia&Herzegovina,complete,220.0,220 kV,200-299 kV,0.7669644403367271,2.1698716464908467,15,0.001918037749253948,0.0007082488203170164,0.9987902110710632,7.591872293760528e-07
Bosnia&Herzegovina,complete,220.0,220 kV,200-299 kV,0.7669644403367271,2.1698716464908467,16,0.0012097889289369316,0.0004467230022378063,0.999236934073301,7.591872293760528e-07
Bosnia&Herzegovina,complete,220.0,220 kV,200-299 kV,0.7669644403367271,2.1698716464908467,17,0.0007630659266991253,0.0002817674170484806,0.9995187014903495,7.591872293760528e-07
Bosnia&Herzegovina,complete,220.0,220 kV,200-299 kV,0.7669644403367271,2.1698716464908467,18,0.00048129850965064467,0.0001777228325214127,0.9996964243228709,7.591872293760528e-07
Bosnia&Herzegovina,complete,220.0,220 kV,200-299 kV,0.7669644403367271,2.1698716464908467,19,0.00030357567712923196,0.00011209743670965221,0.9998085217595806,7.591872293760528e-07
Bosnia&Herzegovina,complete,220.0,220 kV,200-299 kV,0.7669644403367271,2.1698716464908467,20,0.00019147824041957975,7.070467614430132e-05,0.9998792264357249,7.591872293760528e-07
Bosnia&Herzegovina,complete,220.0,220 kV,200-299 kV,0.7669644403367271,2.1698716464908467,21,0.00012077356427527843,4.4596481198932905e-05,0.9999238229169238,7.591872293760528e-07
Bosnia&Herzegovina,complete,220.0,220 kV,200-299 kV,0.7669644403367271,2.1698716464908467,22,7.617708307634553e-05,2.812891938388528e-05,0.9999519518363077,7.591872293760528e-07
Bosnia&Herzegovina,complete,220.0,220 kV,200-299 kV,0.7669644403367271,2.1698716464908467,23,4.8048163692460247e-05,1.7742119656831783e-05,0.9999696939559646,7.591872293760528e-07
Bosnia&Herzegovina,complete,220.0,220 kV,200-299 kV,0.7669644403367271,2.1698716464908467,24,3.0306044035628464e-05,1.1190718193663428e-05,0.9999808846741582,7.591872293760528e-07
Bosnia&Herzegovina,complete,220.0,220 kV,200-299 kV,0.7669644403367271,2.1698716464908467,25,1.9115325841965035e-05,7.05846742735543e-06,0.9999879431415856,7.591872293760528e-07
Bosnia&Herzegovina,complete,220.0,220 kV,200-299 kV,0.7669644403367271,2.1698716464908467,26,1.2056858414609605e-05,4.4520790856165506e-06,0.9999923952206712,7.591872293760528e-07
Bosnia&Herzegovina,complete,220.0,220 kV,200-299 kV,0.7669644403367271,2.1698716464908467,27,7.604779328993055e-06,2.8081178228246797e-06,0.999995203338494,7.591872293760528e-07
Bosnia&Herzegovina,complete,220.0,220 kV,200-299 kV,0.7669644403367271,2.1698716464908467,28,4.796661506168375e-06,1.7712007255984411e-06,0.9999969745392197,7.591872293760528e-07
Bosnia&Herzegovina,complete,220.0,220 kV,200-299 kV,0.7669644403367271,2.1698716464908467,29,3.025460780569934e-06,1.1171725006911487e-06,0.9999980917117204,7.591872293760528e-07
Bosnia&Herzegovina,complete,220.0,220 kV,200-299 kV,0.7669644403367271,2.1698716464908467,30,1.908288279878785e-06,7.046487607319733e-07,0.9999987963604812,7.591872293760528e-07
Bosnia&Herzegovina,complete,220.0,220 kV,200-299 kV,0.7669644403367271,2.1698716464908467,31,1.2036395191468119e-06,4.444522897707591e-07,0.9999992408127709,7.591872293760528e-07
Bosnia&Herzegovina,complete,400.0,400 kV,>=350 kV,0.5428457448334746,0.9828651166213709,1,1.0,0.4571542551665254,0.4571542551665254,9.781850625115275e-07
Bosnia&Herzegovina,complete,400.0,400 kV,>=350 kV,0.5428457448334746,0.9828651166213709,2,0.5428457448334746,0.34659530577673153,0.803749560943257,9.781850625115275e-07
Bosnia&Herzegovina,complete,400.0,400 kV,>=350 kV,0.5428457448334746,0.9828651166213709,3,0.19625043905674305,0.12530167470421194,0.9290512356474689,9.781850625115275e-07
Bosnia&Herzegovina,complete,400.0,400 kV,>=350 kV,0.5428457448334746,0.9828651166213709,4,0.07094876435253111,0.045299256573873056,0.974350492221342,9.781850625115275e-07
Bosnia&Herzegovina,complete,400.0,400 kV,>=350 kV,0.5428457448334746,0.9828651166213709,5,0.025649507778658057,0.016376657782025673,0.9907271500033676,9.781850625115275e-07
Bosnia&Herzegovina,complete,400.0,400 kV,>=350 kV,0.5428457448334746,0.9828651166213709,6,0.009272849996632384,0.005920514825054917,0.9966476648284226,9.781850625115275e-07
Bosnia&Herzegovina,complete,400.0,400 kV,>=350 kV,0.5428457448334746,0.9828651166213709,7,0.003352335171577467,0.00214039373969011,0.9987880585681127,9.781850625115275e-07
Bosnia&Herzegovina,complete,400.0,400 kV,>=350 kV,0.5428457448334746,0.9828651166213709,8,0.0012119414318873573,0.0007737984780507868,0.9995618570461635,9.781850625115275e-07
Bosnia&Herzegovina,complete,400.0,400 kV,>=350 kV,0.5428457448334746,0.9828651166213709,9,0.00043814295383657047,0.0002797448308367807,0.9998416018770003,9.781850625115275e-07
Bosnia&Herzegovina,complete,400.0,400 kV,>=350 kV,0.5428457448334746,0.9828651166213709,10,0.0001583981229997898,0.00010113378689633791,0.9999427356638967,9.781850625115275e-07
Bosnia&Herzegovina,complete,400.0,400 kV,>=350 kV,0.5428457448334746,0.9828651166213709,11,5.7264336103451886e-05,3.656204413643502e-05,0.9999792977080332,9.781850625115275e-07
Bosnia&Herzegovina,complete,400.0,400 kV,>=350 kV,0.5428457448334746,0.9828651166213709,12,2.0702291967016864e-05,1.3217967135007212e-05,0.9999925156751682,9.781850625115275e-07
Bosnia&Herzegovina,complete,400.0,400 kV,>=350 kV,0.5428457448334746,0.9828651166213709,13,7.484324832009652e-06,4.77858006325264e-06,0.9999972942552314,9.781850625115275e-07
Bosnia&Herzegovina,complete,400.0,400 kV,>=350 kV,0.5428457448334746,0.9828651166213709,14,2.7057447687570124e-06,1.727559706245485e-06,0.9999990218149377,9.781850625115275e-07
Croatia,complete,110.0,<200 kV,<200 kV,0.8317528932809971,1.4366271227413554,1,1.0,0.1682471067190029,0.1682471067190029,7.48109289495575e-07
Croatia,complete,110.0,<200 kV,<200 kV,0.8317528932809971,1.4366271227413554,2,0.8317528932809971,0.41709221226354715,0.58533931898255,7.48109289495575e-07
Croatia,complete,110.0,<200 kV,<200 kV,0.8317528932809971,1.4366271227413554,3,0.41466068101744996,0.20793644624671923,0.7932757652292692,7.48109289495575e-07
Croatia,complete,110.0,<200 kV,<200 kV,0.8317528932809971,1.4366271227413554,4,0.20672423477073074,0.10366428431512964,0.8969400495443989,7.48109289495575e-07
Croatia,complete,110.0,<200 kV,<200 kV,0.8317528932809971,1.4366271227413554,5,0.1030599504556011,0.05168061701803558,0.9486206665624345,7.48109289495575e-07
Croatia,complete,110.0,<200 kV,<200 kV,0.8317528932809971,1.4366271227413554,6,0.05137933343756552,0.02576476742216851,0.974385433984603,7.48109289495575e-07
Croatia,complete,110.0,<200 kV,<200 kV,0.8317528932809971,1.4366271227413554,7,0.02561456601539701,0.012844723585377756,0.9872301575699808,7.48109289495575e-07
Croatia,complete,110.0,<200 kV,<200 kV,0.8317528932809971,1.4366271227413554,8,0.012769842430019253,0.00640358677729811,0.9936337443472789,7.48109289495575e-07
Croatia,complete,110.0,<200 kV,<200 kV,0.8317528932809971,1.4366271227413554,9,0.006366255652721143,0.0031924333242225474,0.9968261776715015,7.48109289495575e-07
Croatia,complete,110.0,<200 kV,<200 kV,0.8317528932809971,1.4366271227413554,10,0.0031738223284985957,0.001591550311418875,0.9984177279829204,7.48109289495575e-07
Croatia,complete,110.0,<200 kV,<200 kV,0.8317528932809971,1.4366271227413554,11,0.0015822720170797207,0.000793448801125515,0.9992111767840459,7.48109289495575e-07
Croatia,complete,110.0,<200 kV,<200 kV,0.8317528932809971,1.4366271227413554,12,0.0007888232159542057,0.00039556462368208807,0.999606741407728,7.48109289495575e-07
Croatia,complete,110.0,<200 kV,<200 kV,0.8317528932809971,1.4366271227413554,13,0.00039325859227211764,0.00019720411863600456,0.999803945526364,7.48109289495575e-07
Croatia,complete,110.0,<200 kV,<200 kV,0.8317528932809971,1.4366271227413554,14,0.00019605447363611308,9.831380785522048e-05,0.9999022593342192,7.48109289495575e-07
Croatia,complete,110.0,<200 kV,<200 kV,0.8317528932809971,1.4366271227413554,15,9.77406657808926e-05,4.901319953075521e-05,0.9999512725337499,7.48109289495575e-07
Croatia,complete,110.0,<200 kV,<200 kV,0.8317528932809971,1.4366271227413554,16,4.8727466250137385e-05,2.4434957618357177e-05,0.9999757074913683,7.48109289495575e-07
Croatia,complete,110.0,<200 kV,<200 kV,0.8317528932809971,1.4366271227413554,17,2.429250863178021e-05,1.2181762454341709e-05,0.9999878892538226,7.48109289495575e-07
Croatia,complete,110.0,<200 kV,<200 kV,0.8317528932809971,1.4366271227413554,18,1.21107461774385e-05,6.073075256022708e-06,0.9999939623290787,7.48109289495575e-07
Croatia,complete,110.0,<200 kV,<200 kV,0.8317528932809971,1.4366271227413554,19,6.037670921415792e-06,3.0276606692630247e-06,0.999996989989748,7.48109289495575e-07
Croatia,complete,110.0,<200 kV,<200 kV,0.8317528932809971,1.4366271227413554,20,3.0100102521527674e-06,1.509404830627041e-06,0.9999984993945786,7.48109289495575e-07
Croatia,complete,110.0,<200 kV,<200 kV,0.8317528932809971,1.4366271227413554,21,1.5006054215257264e-06,7.524961320301515e-07,0.9999992518907107,7.48109289495575e-07
Croatia,complete,220.0,220 kV,200-299 kV,0.7161086568999571,1.7247520101121585,1,1.0,0.28389134310004294,0.28389134310004294,6.482643317343406e-07
Croatia,complete,220.0,220 kV,200-299 kV,0.7161086568999571,1.7247520101121585,2,0.7161086568999571,0.3150777842294331,0.598969127329476,6.482643317343406e-07
Croatia,complete,220.0,220 kV,200-299 kV,0.7161086568999571,1.7247520101121585,3,0.40103087267052395,0.17644796994302636,0.7754170972725024,6.482643317343406e-07
Croatia,complete,220.0,220 kV,200-299 kV,0.7161086568999571,1.7247520101121585,4,0.2245829027274976,0.09881333326358574,0.8742304305360882,6.482643317343406e-07
Croatia,complete,220.0,220 kV,200-299 kV,0.7161086568999571,1.7247520101121585,5,0.12576956946391185,0.05533684991566186,0.9295672804517501,6.482643317343406e-07
Croatia,complete,220.0,220 kV,200-299 kV,0.7161086568999571,1.7247520101121585,6,0.07043271954824999,0.030989410613445442,0.9605566910651955,6.482643317343406e-07
Croatia,complete,220.0,220 kV,200-299 kV,0.7161086568999571,1.7247520101121585,7,0.03944330893480455,0.017354503764351794,0.9779111948295472,6.482643317343406e-07
Croatia,complete,220.0,220 kV,200-299 kV,0.7161086568999571,1.7247520101121585,8,0.022088805170452756,0.009718765053770596,0.9876299598833178,6.482643317343406e-07
Croatia,complete,220.0,220 kV,200-299 kV,0.7161086568999571,1.7247520101121585,9,0.01237004011668216,0.005442644483123336,0.9930726043664412,6.482643317343406e-07
Croatia,complete,220.0,220 kV,200-299 kV,0.7161086568999571,1.7247520101121585,10,0.006927395633558823,0.0030479571021402837,0.9961205614685814,6.482643317343406e-07
Croatia,complete,220.0,220 kV,200-299 kV,0.7161086568999571,1.7247520101121585,11,0.003879438531418539,0.0017068986455562466,0.9978274601141377,6.482643317343406e-07
Croatia,complete,220.0,220 kV,200-299 kV,0.7161086568999571,1.7247520101121585,12,0.0021725398858622926,0.000955887136389116,0.9987833472505269,6.482643317343406e-07
Croatia,complete,220.0,220 kV,200-299 kV,0.7161086568999571,1.7247520101121585,13,0.0012166527494731766,0.0005353101778438772,0.9993186574283708,6.482643317343406e-07
Croatia,complete,220.0,220 kV,200-299 kV,0.7161086568999571,1.7247520101121585,14,0.0006813425716292994,0.0002997811934008424,0.9996184386217716,6.482643317343406e-07
Croatia,complete,220.0,220 kV,200-299 kV,0.7161086568999571,1.7247520101121585,15,0.000381561378228457,0.0001678816649420093,0.9997863202867135,6.482643317343406e-07
Croatia,complete,220.0,220 kV,200-299 kV,0.7161086568999571,1.7247520101121585,16,0.00021367971328644771,9.401608254329494e-05,0.9998803363692569,6.482643317343406e-07
Croatia,complete,220.0,220 kV,200-299 kV,0.7161086568999571,1.7247520101121585,17,0.00011966363074315277,5.265032235557652e-05,0.9999329866916125,6.482643317343406e-07
Croatia,complete,220.0,220 kV,200-299 kV,0.7161086568999571,1.7247520101121585,18,6.701330838757625e-05,2.9484917571092774e-05,0.9999624716091835,6.482643317343406e-07
Croatia,complete,220.0,220 kV,200-299 kV,0.7161086568999571,1.7247520101121585,19,3.7528390816483475e-05,1.6511966599233195e-05,0.9999789835757827,6.482643317343406e-07
Croatia,complete,220.0,220 kV,200-299 kV,0.7161086568999571,1.7247520101121585,20,2.101642421725028e-05,9.246932446624644e-06,0.9999882305082294,6.482643317343406e-07
Croatia,complete,220.0,220 kV,200-299 kV,0.7161086568999571,1.7247520101121585,21,1.1769491770625636e-05,5.178411617935994e-06,0.9999934089198473,6.482643317343406e-07
Croatia,complete,220.0,220 kV,200-299 kV,0.7161086568999571,1.7247520101121585,22,6.591080152689642e-06,2.899982998638943e-06,0.999996308902846,6.482643317343406e-07
Croatia,complete,220.0,220 kV,200-299 kV,0.7161086568999571,1.7247520101121585,23,3.691097154050699e-06,1.6240310761057204e-06,0.999997932933922,6.482643317343406e-07
Croatia,complete,220.0,220 kV,200-299 kV,0.7161086568999571,1.7247520101121585,24,2.0670660779449785e-06,9.094801374335521e-07,0.9999988424140595,6.482643317343406e-07
Croatia,complete,220.0,220 kV,200-299 kV,0.7161086568999571,1.7247520101121585,25,1.1575859405114264e-06,5.093216087770858e-07,0.9999993517356682,6.482643317343406e-07
Czechia,complete,110.0,<200 kV,<200 kV,0.8739292250999543,2.145967023784185,1,1.0,0.1260707749000457,0.1260707749000457,7.415913845102697e-07
Czechia,complete,110.0,<200 kV,<200 kV,0.8739292250999543,2.145967023784185,2,0.8739292250999543,0.3255269978453559,0.4515977727454016,7.415913845102697e-07
Czechia,complete,110.0,<200 kV,<200 kV,0.8739292250999543,2.145967023784185,3,0.5484022272545984,0.20427252633584614,0.6558702990812477,7.415913845102697e-07
Czechia,complete,110.0,<200 kV,<200 kV,0.8739292250999543,2.145967023784185,4,0.3441297009187523,0.12818373066387515,0.7840540297451228,7.415913845102697e-07
Czechia,complete,110.0,<200 kV,<200 kV,0.8739292250999543,2.145967023784185,5,0.21594597025487713,0.08043699807136287,0.8644910278164857,7.415913845102697e-07
Czechia,complete,110.0,<200 kV,<200 kV,0.8739292250999543,2.145967023784185,6,0.13550897218351426,0.05047528750507686,0.9149663153215626,7.415913845102697e-07
Czechia,complete,110.0,<200 kV,<200 kV,0.8739292250999543,2.145967023784185,7,0.0850336846784374,0.031673915111300265,0.9466402304328628,7.415913845102697e-07
Czechia,complete,110.0,<200 kV,<200 kV,0.8739292250999543,2.145967023784185,8,0.05335976956713714,0.019875803547962888,0.9665160339808258,7.415913845102697e-07
Czechia,complete,110.0,<200 kV,<200 kV,0.8739292250999543,2.145967023784185,9,0.03348396601917425,0.012472331421267031,0.9789883654020928,7.415913845102697e-07
Czechia,complete,110.0,<200 kV,<200 kV,0.8739292250999543,2.145967023784185,10,0.021011634597907218,0.007826554066432605,0.9868149194685254,7.415913845102697e-07
Czechia,complete,110.0,<200 kV,<200 kV,0.8739292250999543,2.145967023784185,11,0.013185080531474613,0.004911266906389678,0.991726186374915,7.415913845102697e-07
Czechia,complete,110.0,<200 kV,<200 kV,0.8739292250999543,2.145967023784185,12,0.008273813625084935,0.0030818853892863613,0.9948080717642014,7.415913845102697e-07
Czechia,complete,110.0,<200 kV,<200 kV,0.8739292250999543,2.145967023784185,13,0.0051919282357985735,0.0019339241246163165,0.9967419958888177,7.415913845102697e-07
Czechia,complete,110.0,<200 kV,<200 kV,0.8739292250999543,2.145967023784185,14,0.003258004111182257,0.001213563143124874,0.9979555590319427,7.415913845102697e-07
Czechia,complete,110.0,<200 kV,<200 kV,0.8739292250999543,2.145967023784185,15,0.002044440968057383,0.0007615270338712558,0.9987170860658139,7.415913845102697e-07
Czechia,complete,110.0,<200 kV,<200 kV,0.8739292250999543,2.145967023784185,16,0.0012829139341861274,0.00047786835534859213,0.9991949544211625,7.415913845102697e-07
Czechia,complete,110.0,<200 kV,<200 kV,0.8739292250999543,2.145967023784185,17,0.0008050455788375353,0.00029986875696677443,0.9994948231781292,7.415913845102697e-07
Czechia,complete,110.0,<200 kV,<200 kV,0.8739292250999543,2.145967023784185,18,0.0005051768218707609,0.0001881716384823249,0.9996829948166115,7.415913845102697e-07
Czechia,complete,110.0,<200 kV,<200 kV,0.8739292250999543,2.145967023784185,19,0.000317005183388436,0.00011808020911310214,0.9998010750257246,7.415913845102697e-07
Czechia,complete,110.0,<200 kV,<200 kV,0.8739292250999543,2.145967023784185,20,0.00019892497427533384,7.409690374516072e-05,0.9998751719294697,7.415913845102697e-07
Czechia,complete,110.0,<200 kV,<200 kV,0.8739292250999543,2.145967023784185,21,0.00012482807053017312,4.6496793881527394e-05,0.9999216687233513,7.415913845102697e-07
Czechia,complete,110.0,<200 kV,<200 kV,0.8739292250999543,2.145967023784185,22,7.833127664864573e-05,2.917735737915304e-05,0.9999508460807305,7.415913845102697e-07
Czechia,complete,110.0,<200 kV,<200 kV,0.8739292250999543,2.145967023784185,23,4.915391926949269e-05,1.830918032327033e-05,0.9999691552610538,7.415913845102697e-07
Czechia,complete,110.0,<200 kV,<200 kV,0.8739292250999543,2.145967023784185,24,3.084473894622236e-05,1.1489254484353784e-05,0.9999806445155381,7.415913845102697e-07
Czechia,complete,110.0,<200 kV,<200 kV,0.8739292250999543,2.145967023784185,25,1.9355484461868575e-05,7.209660196446555e-06,0.9999878541757345,7.415913845102697e-07
Czechia,complete,110.0,<200 kV,<200 kV,0.8739292250999543,2.145967023784185,26,1.214582426542202e-05,4.52415778752323e-06,0.9999923783335221,7.415913845102697e-07
Czechia,complete,110.0,<200 kV,<200 kV,0.8739292250999543,2.145967023784185,27,7.62166647789879e-06,2.838969261893273e-06,0.999995217302784,7.415913845102697e-07
Czechia,complete,110.0,<200 kV,<200 kV,0.8739292250999543,2.145967023784185,28,4.782697216005517e-06,1.7814910196549982e-06,0.9999969987938037,7.415913845102697e-07
Czechia,complete,110.0,<200 kV,<200 kV,0.8739292250999543,2.145967023784185,29,3.0012061963505185e-06,1.1179093397421548e-06,0.9999981167031434,7.415913845102697e-07
Czechia,complete,110.0,<200 kV,<200 kV,0.8739292250999543,2.145967023784185,30,1.8832968566083637e-06,7.015029983843362e-07,0.9999988182061418,7.415913845102697e-07
Czechia,complete,110.0,<200 kV,<200 kV,0.8739292250999543,2.145967023784185,31,1.1817938582240275e-06,4.4020247371375783e-07,0.9999992584086155,7.415913845102697e-07
Czechia,complete,220.0,220 kV,200-299 kV,0.8626361319030293,1.7815149220980275,1,1.0,0.13736386809697065,0.13736386809697065,6.940214807138353e-07
Czechia,complete,220.0,220 kV,200-299 kV,0.8626361319030293,1.7815149220980275,2,0.8626361319030293,0.37054056176141886,0.5079044298583895,6.940214807138353e-07
Czechia,complete,220.0,220 kV,200-299 kV,0.8626361319030293,1.7815149220980275,3,0.4920955701416105,0.2113769204152411,0.7192813502736306,6.940214807138353e-07
Czechia,complete,220.0,220 kV,200-299 kV,0.8626361319030293,1.7815149220980275,4,0.2807186497263694,0.1205811376542349,0.8398624879278656,6.940214807138353e-07
Czechia,complete,220.0,220 kV,200-299 kV,0.8626361319030293,1.7815149220980275,5,0.1601375120721345,0.06878617934931915,0.9086486672771847,6.940214807138353e-07
Czechia,complete,220.0,220 kV,200-299 kV,0.8626361319030293,1.7815149220980275,6,0.09135133272281536,0.03923945785819618,0.9478881251353809,6.940214807138353e-07
Czechia,complete,220.0,220 kV,200-299 kV,0.8626361319030293,1.7815149220980275,7,0.05211187486461918,0.022384366562734462,0.9702724916981154,6.940214807138353e-07
Czechia,complete,220.0,220 kV,200-299 kV,0.8626361319030293,1.7815149220980275,8,0.029727508301884715,0.01276928616663352,0.9830417778647489,6.940214807138353e-07
Czechia,complete,220.0,220 kV,200-299 kV,0.8626361319030293,1.7815149220980275,9,0.016958222135251194,0.007284310179088661,0.9903260880438376,6.940214807138353e-07
Czechia,complete,220.0,220 kV,200-299 kV,0.8626361319030293,1.7815149220980275,10,0.009673911956162533,0.0041553751785925915,0.9944814632224301,6.940214807138353e-07
Czechia,complete,220.0,220 kV,200-299 kV,0.8626361319030293,1.7815149220980275,11,0.005518536777569942,0.002370456838100169,0.9968519200605304,6.940214807138353e-07
Czechia,complete,220.0,220 kV,200-299 kV,0.8626361319030293,1.7815149220980275,12,0.0031480799394697726,0.0013522402622617147,0.998204160322792,6.940214807138353e-07
Czechia,complete,220.0,220 kV,200-299 kV,0.8626361319030293,1.7815149220980275,13,0.0017958396772080579,0.0007713929642132375,0.9989755532870053,6.940214807138353e-07
Czechia,complete,220.0,220 kV,200-299 kV,0.8626361319030293,1.7815149220980275,14,0.0010244467129948203,0.00044004539862052875,0.9994155986856258,6.940214807138353e-07
Czechia,complete,220.0,220 kV,200-299 kV,0.8626361319030293,1.7815149220980275,15,0.0005844013143742916,0.0002510263404393358,0.9996666250260652,6.940214807138353e-07
Czechia,complete,220.0,220 kV,200-299 kV,0.8626361319030293,1.7815149220980275,16,0.0003333749739349558,0.0001431993694103032,0.9998098243954755,6.940214807138353e-07
Czechia,complete,220.0,220 kV,200-299 kV,0.8626361319030293,1.7815149220980275,17,0.0001901756045246526,8.1688875213731e-05,0.9998915132706893,6.940214807138353e-07
Czechia,complete,220.0,220 kV,200-299 kV,0.8626361319030293,1.7815149220980275,18,0.00010848672931092158,4.659987233997133e-05,0.9999381131430293,6.940214807138353e-07
Czechia,complete,220.0,220 kV,200-299 kV,0.8626361319030293,1.7815149220980275,19,6.188685697095025e-05,2.658315586326763e-05,0.9999646962988925,6.940214807138353e-07
Czechia,complete,220.0,220 kV,200-299 kV,0.8626361319030293,1.7815149220980275,20,3.530370110768262e-05,1.5164508831596736e-05,0.999979860807724,6.940214807138353e-07
Czechia,complete,220.0,220 kV,200-299 kV,0.8626361319030293,1.7815149220980275,21,2.0139192276085886e-05,8.65067824476537e-06,0.9999885114859688,6.940214807138353e-07
Czechia,complete,220.0,220 kV,200-299 kV,0.8626361319030293,1.7815149220980275,22,1.1488514031320516e-05,4.9348274266907095e-06,0.9999934463133955,6.940214807138353e-07
Czechia,complete,220.0,220 kV,200-299 kV,0.8626361319030293,1.7815149220980275,23,6.553686604629806e-06,2.815099699951815e-06,0.9999962614130954,6.940214807138353e-07
Czechia,complete,220.0,220 kV,200-299 kV,0.8626361319030293,1.7815149220980275,24,3.738586904677991e-06,1.605889251122848e-06,0.9999978673023465,6.940214807138353e-07
Czechia,complete,220.0,220 kV,200-299 kV,0.8626361319030293,1.7815149220980275,25,2.132697653555143e-06,9.160884379747004e-07,0.9999987833907845,6.940214807138353e-07
Czechia,complete,220.0,220 kV,200-299 kV,0.8626361319030293,1.7815149220980275,26,1.2166092155804427e-06,5.225877348666074e-07,0.9999993059785194,6.940214807138353e-07
Czechia,complete,400.0,400 kV,>=350 kV,0.8117730678096575,1.9361130157900492,1,1.0,0.18822693219034248,0.18822693219034248,7.128453337810657e-07
Czechia,complete,400.0,400 kV,>=350 kV,0.8117730678096575,1.9361130157900492,2,0.8117730678096575,0.32746459053592836,0.5156915227262708,7.128453337810657e-07
Czechia,complete,400.0,400 kV,>=350 kV,0.8117730678096575,1.9361130157900492,3,0.48430847727372917,0.19536725655538423,0.7110587792816551,7.128453337810657e-07
Czechia,complete,400.0,400 kV,>=350 kV,0.8117730678096575,1.9361130157900492,4,0.28894122071834494,0.1165572279784847,0.8276160072601397,7.128453337810657e-07
Czechia,complete,400.0,400 kV,>=350 kV,0.8117730678096575,1.9361130157900492,5,0.17238399273986024,0.06953871203170162,0.8971547192918413,7.128453337810657e-07
Czechia,complete,400.0,400 kV,>=350 kV,0.8117730678096575,1.9361130157900492,6,0.10284528070815863,0.04148719521641798,0.9386419145082593,7.128453337810657e-07
Czechia,complete,400.0,400 kV,>=350 kV,0.8117730678096575,1.9361130157900492,7,0.06135808549174065,0.02475149908069211,0.9633934135889514,7.128453337810657e-07
Czechia,complete,400.0,400 kV,>=350 kV,0.8117730678096575,1.9361130157900492,8,0.03660658641104854,0.014766886591047704,0.9781603001799991,7.128453337810657e-07
Czechia,complete,400.0,400 kV,>=350 kV,0.8117730678096575,1.9361130157900492,9,0.021839699820000835,0.008810009401126225,0.9869703095811253,7.128453337810657e-07
Czechia,complete,400.0,400 kV,>=350 kV,0.8117730678096575,1.9361130157900492,10,0.01302969041887461,0.0052561022372167995,0.9922264118183421,7.128453337810657e-07
Czechia,complete,400.0,400 kV,>=350 kV,0.8117730678096575,1.9361130157900492,11,0.007773588181657811,0.0031358207999805003,0.9953622326183227,7.128453337810657e-07
Czechia,complete,400.0,400 kV,>=350 kV,0.8117730678096575,1.9361130157900492,12,0.0046377673816773105,0.0018708487098982544,0.997233081328221,7.128453337810657e-07
Czechia,complete,400.0,400 kV,>=350 kV,0.8117730678096575,1.9361130157900492,13,0.002766918671779056,0.0011161590915366463,0.9983492404197576,7.128453337810657e-07
Czechia,complete,400.0,400 kV,>=350 kV,0.8117730678096575,1.9361130157900492,14,0.0016507595802424098,0.0006659069282452369,0.9990151473480028,7.128453337810657e-07
Czechia,complete,400.0,400 kV,>=350 kV,0.8117730678096575,1.9361130157900492,15,0.0009848526519971729,0.0003972839001602569,0.999412431248163,7.128453337810657e-07
Czechia,complete,400.0,400 kV,>=350 kV,0.8117730678096575,1.9361130157900492,16,0.000587568751836916,0.0002370218579080744,0.9996494531060711,7.128453337810657e-07
Czechia,complete,400.0,400 kV,>=350 kV,0.8117730678096575,1.9361130157900492,17,0.00035054689392884157,0.0001414086025221098,0.9997908617085932,7.128453337810657e-07
Czechia,complete,400.0,400 kV,>=350 kV,0.8117730678096575,1.9361130157900492,18,0.00020913829140673177,8.436518489788984e-05,0.9998752268934911,7.128453337810657e-07
Czechia,complete,400.0,400 kV,>=350 kV,0.8117730678096575,1.9361130157900492,19,0.00012477310650884193,5.03327541317178e-05,0.9999255596476228,7.128453337810657e-07
Czechia,complete,400.0,400 kV,>=350 kV,0.8117730678096575,1.9361130157900492,20,7.444035237712413e-05,3.0028810362357226e-05,0.9999555884579852,7.128453337810657e-07
Czechia,complete,400.0,400 kV,>=350 kV,0.8117730678096575,1.9361130157900492,21,4.44115420147669e-05,1.7915360828828168e-05,0.999973503818814,7.128453337810657e-07
Czechia,complete,400.0,400 kV,>=350 kV,0.8117730678096575,1.9361130157900492,22,2.6496181185938735e-05,1.0688407224731519e-05,0.9999841922260387,7.128453337810657e-07
Czechia,complete,400.0,400 kV,>=350 kV,0.8117730678096575,1.9361130157900492,23,1.5807773961207216e-05,6.376765173373547e-06,0.9999905689912121,7.128453337810657e-07
Czechia,complete,400.0,400 kV,>=350 kV,0.8117730678096575,1.9361130157900492,24,9.431008787833669e-06,3.8044147478083546e-06,0.9999943734059599,7.128453337810657e-07
Czechia,complete,400.0,400 kV,>=350 kV,0.8117730678096575,1.9361130157900492,25,5.6265940400253145e-06,2.2697357013830066e-06,0.9999966431416613,7.128453337810657e-07
Czechia,complete,400.0,400 kV,>=350 kV,0.8117730678096575,1.9361130157900492,26,3.356858338642308e-06,1.3541373629413989e-06,0.9999979972790242,7.128453337810657e-07
Czechia,complete,400.0,400 kV,>=350 kV,0.8117730678096575,1.9361130157900492,27,2.002720975700909e-06,8.078861325556907e-07,0.9999988051651567,7.128453337810657e-07
Czechia,complete,400.0,400 kV,>=350 kV,0.8117730678096575,1.9361130157900492,28,1.1948348431452184e-06,4.819895093641527e-07,0.9999992871546661,7.128453337810657e-07
Denmark,complete,165.0,<200 kV,<200 kV,0.8108839047022564,1.7351362046760426,1,1.0,0.18911609529774365,0.18911609529774365,7.978082465486843e-07
Denmark,complete,165.0,<200 kV,<200 kV,0.8108839047022564,1.7351362046760426,2,0.8108839047022564,0.3551991419126258,0.5443152372103695,7.978082465486843e-07
Denmark,complete,165.0,<200 kV,<200 kV,0.8108839047022564,1.7351362046760426,3,0.45568476278963055,0.1996079041487045,0.7439231413590739,7.978082465486843e-07
Denmark,complete,165.0,<200 kV,<200 kV,0.8108839047022564,1.7351362046760426,4,0.25607685864092605,0.11217176703776868,0.8560949083968425,7.978082465486843e-07
Denmark,complete,165.0,<200 kV,<200 kV,0.8108839047022564,1.7351362046760426,5,0.14390509160315737,0.06303610758320319,0.9191310159800458,7.978082465486843e-07
Denmark,complete,165.0,<200 kV,<200 kV,0.8108839047022564,1.7351362046760426,6,0.08086898401995418,0.0354238055098415,0.9545548214898872,7.978082465486843e-07
Denmark,complete,165.0,<200 kV,<200 kV,0.8108839047022564,1.7351362046760426,7,0.045445178510112684,0.019906781127669866,0.9744616026175571,7.978082465486843e-07
Denmark,complete,165.0,<200 kV,<200 kV,0.8108839047022564,1.7351362046760426,8,0.025538397382442818,0.011186825615188582,0.9856484282327457,7.978082465486843e-07
Denmark,complete,165.0,<200 kV,<200 kV,0.8108839047022564,1.7351362046760426,9,0.014351571767254236,0.0062865546439696,0.9919349828767152,7.978082465486843e-07
Denmark,complete,165.0,<200 kV,<200 kV,0.8108839047022564,1.7351362046760426,10,0.008065017123284637,0.003532795687630777,0.995467778564346,7.978082465486843e-07
Denmark,complete,165.0,<200 kV,<200 kV,0.8108839047022564,1.7351362046760426,11,0.00453222143565386,0.0019852917977122362,0.9974530703620582,7.978082465486843e-07
Denmark,complete,165.0,<200 kV,<200 kV,0.8108839047022564,1.7351362046760426,12,0.0025469296379416234,0.0011156556649633818,0.9985687260270216,7.978082465486843e-07
Denmark,complete,165.0,<200 kV,<200 kV,0.8108839047022564,1.7351362046760426,13,0.0014312739729782416,0.0006269544679523733,0.999195680494974,7.978082465486843e-07
Denmark,complete,165.0,<200 kV,<200 kV,0.8108839047022564,1.7351362046760426,14,0.0008043195050258683,0.00035232367587031906,0.9995480041708443,7.978082465486843e-07
Denmark,complete,165.0,<200 kV,<200 kV,0.8108839047022564,1.7351362046760426,15,0.00045199582915554924,0.00019799200567815898,0.9997459961765225,7.978082465486843e-07
Denmark,complete,165.0,<200 kV,<200 kV,0.8108839047022564,1.7351362046760426,16,0.00025400382347739027,0.00011126369584906631,0.9998572598723715,7.978082465486843e-07
Denmark,complete,165.0,<200 kV,<200 kV,0.8108839047022564,1.7351362046760426,17,0.00014274012762832396,6.252580740111746e-05,0.9999197856797726,7.978082465486843e-07
Denmark,complete,165.0,<200 kV,<200 kV,0.8108839047022564,1.7351362046760426,18,8.02143202272065e-05,3.5137036940288216e-05,0.9999549227167128,7.978082465486843e-07
Denmark,complete,165.0,<200 kV,<200 kV,0.8108839047022564,1.7351362046760426,19,4.5077283286918285e-05,1.974562850540838e-05,0.9999746683452182,7.978082465486843e-07
Denmark,complete,165.0,<200 kV,<200 kV,0.8108839047022564,1.7351362046760426,20,2.5331654781509905e-05,1.1096264199402288e-05,0.9999857646094176,7.978082465486843e-07
Denmark,complete,165.0,<200 kV,<200 kV,0.8108839047022564,1.7351362046760426,21,1.4235390582107616e-05,6.2356627012005244e-06,0.9999920002721188,7.978082465486843e-07
Denmark,complete,165.0,<200 kV,<200 kV,0.8108839047022564,1.7351362046760426,22,7.999727880907092e-06,3.504196423624982e-06,0.9999955044685424,7.978082465486843e-07
Denmark,complete,165.0,<200 kV,<200 kV,0.8108839047022564,1.7351362046760426,23,4.49553145728211e-06,1.969220139662464e-06,0.999997473688682,7.978082465486843e-07
Denmark,complete,165.0,<200 kV,<200 kV,0.8108839047022564,1.7351362046760426,24,2.526311317619646e-06,1.1066240272115695e-06,0.9999985803127092,7.978082465486843e-07
Denmark,complete,165.0,<200 kV,<200 kV,0.8108839047022564,1.7351362046760426,25,1.4196872904080763e-06,6.21879043859392e-07,0.999999202191753,7.978082465486843e-07
Denmark,complete,232.0,232 kV,200-299 kV,0.30455952735863795,2.005681380079529,1,1.0,0.6954404726413621,0.6954404726413621,7.142274593092103e-07
Denmark,complete,232.0,232 kV,200-299 kV,0.30455952735863795,2.005681380079529,2,0.30455952735863795,0.1195730213582828,0.815013493999645,7.142274593092103e-07
Denmark,complete,232.0,232 kV,200-299 kV,0.30455952735863795,2.005681380079529,3,0.18498650600035516,0.07262749461430441,0.8876409886139494,7.142274593092103e-07
Denmark,complete,232.0,232 kV,200-299 kV,0.30455952735863795,2.005681380079529,4,0.11235901138605074,0.0441132365313895,0.9317542251453389,7.142274593092103e-07
Denmark,complete,232.0,232 kV,200-299 kV,0.30455952735863795,2.005681380079529,5,0.06824577485466124,0.026793952450220468,0.9585481775955593,7.142274593092103e-07
Denmark,complete,232.0,232 kV,200-299 kV,0.30455952735863795,2.005681380079529,6,0.04145182240444077,0.01627438710813775,0.9748225647036971,7.142274593092103e-07
Denmark,complete,232.0,232 kV,200-299 kV,0.30455952735863795,2.005681380079529,7,0.025177435296303022,0.009884905044807617,0.9847074697485048,7.142274593092103e-07
Denmark,complete,232.0,232 kV,200-299 kV,0.30455952735863795,2.005681380079529,8,0.015292530251495405,0.006003995548072233,0.9907114652965769,7.142274593092103e-07
Denmark,complete,232.0,232 kV,200-299 kV,0.30455952735863795,2.005681380079529,9,0.009288534703423171,0.0036467687223972487,0.9943582340189742,7.142274593092103e-07
Denmark,complete,232.0,232 kV,200-299 kV,0.30455952735863795,2.005681380079529,10,0.005641765981025923,0.002215011987962729,0.9965732460069369,7.142274593092103e-07
Denmark,complete,232.0,232 kV,200-299 kV,0.30455952735863795,2.005681380079529,11,0.003426753993063194,0.0013453768199463458,0.9979186228268833,7.142274593092103e-07
Denmark,complete,232.0,232 kV,200-299 kV,0.30455952735863795,2.005681380079529,12,0.0020813771731168483,0.000817168844902611,0.9987357916717858,7.142274593092103e-07
Denmark,complete,232.0,232 kV,200-299 kV,0.30455952735863795,2.005681380079529,13,0.0012642083282142372,0.0004963404387375259,0.9992321321105233,7.142274593092103e-07
Denmark,complete,232.0,232 kV,200-299 kV,0.30455952735863795,2.005681380079529,14,0.0007678678894767113,0.0003014723733814407,0.9995336044839047,7.142274593092103e-07
Denmark,complete,232.0,232 kV,200-299 kV,0.30455952735863795,2.005681380079529,15,0.00046639551609527067,0.00018311139858644577,0.9997167158824911,7.142274593092103e-07
Denmark,complete,232.0,232 kV,200-299 kV,0.30455952735863795,2.005681380079529,16,0.0002832841175088249,0.00011122008931100448,0.9998279359718021,7.142274593092103e-07
Denmark,complete,232.0,232 kV,200-299 kV,0.30455952735863795,2.005681380079529,17,0.00017206402819782042,6.755400462144373e-05,0.9998954899764235,7.142274593092103e-07
Denmark,complete,232.0,232 kV,200-299 kV,0.30455952735863795,2.005681380079529,18,0.00010451002357637669,4.103164786743718e-05,0.9999365216242909,7.142274593092103e-07
Denmark,complete,232.0,232 kV,200-299 kV,0.30455952735863795,2.005681380079529,19,6.347837570893951e-05,2.4922225353653323e-05,0.9999614438496446,7.142274593092103e-07
Denmark,complete,232.0,232 kV,200-299 kV,0.30455952735863795,2.005681380079529,20,3.8556150355286186e-05,1.5137518205092688e-05,0.9999765813678497,7.142274593092103e-07
Denmark,complete,232.0,232 kV,200-299 kV,0.30455952735863795,2.005681380079529,21,2.3418632150193498e-05,9.194381888370213e-06,0.9999857757497381,7.142274593092103e-07
Denmark,complete,232.0,232 kV,200-299 kV,0.30455952735863795,2.005681380079529,22,1.4224250261823285e-05,5.584578473421756e-06,0.9999913603282116,7.142274593092103e-07
Denmark,complete,232.0,232 kV,200-299 kV,0.30455952735863795,2.005681380079529,23,8.639671788401529e-06,3.3920188550417106e-06,0.9999947523470666,7.142274593092103e-07
Denmark,complete,232.0,232 kV,200-299 kV,0.30455952735863795,2.005681380079529,24,5.247652933359818e-06,2.0602793868359067e-06,0.9999968126264535,7.142274593092103e-07
Denmark,complete,232.0,232 kV,200-299 kV,0.30455952735863795,2.005681380079529,25,3.187373546523911e-06,1.2513937372464193e-06,0.9999980640201908,7.142274593092103e-07
Denmark,complete,232.0,232 kV,200-299 kV,0.30455952735863795,2.005681380079529,26,1.935979809277492e-06,7.600844310851142e-07,0.9999988241046218,7.142274593092103e-07
Denmark,complete,232.0,232 kV,200-299 kV,0.30455952735863795,2.005681380079529,27,1.1758953781923777e-06,4.616679188831674e-07,0.9999992857725407,7.142274593092103e-07
Denmark,complete,400.0,400 kV,>=350 kV,0.5539775186652566,2.1771134298231014,1,1.0,0.4460224813347434,0.4460224813347434,9.089086965110038e-07
Denmark,complete,400.0,400 kV,>=350 kV,0.5539775186652566,2.1771134298231014,2,0.5539775186652566,0.204024010393141,0.6500464917278844,9.089086965110038e-07
Denmark,complete,400.0,400 kV,>=350 kV,0.5539775186652566,2.1771134298231014,3,0.3499535082721156,0.12888414385633107,0.7789306355842155,9.089086965110038e-07
Denmark,complete,400.0,400 kV,>=350 kV,0.5539775186652566,2.1771134298231014,4,0.2210693644157845,0.08141748858661732,0.8603481241708328,9.089086965110038e-07
Denmark,complete,400.0,400 kV,>=350 kV,0.5539775186652566,2.1771134298231014,5,0.1396518758291672,0.05143229608710577,0.9117804202579386,9.089086965110038e-07
Denmark,complete,400.0,400 kV,>=350 kV,0.5539775186652566,2.1771134298231014,6,0.08821957974206142,0.03249033010859198,0.9442707503665306,9.089086965110038e-07
Denmark,complete,400.0,400 kV,>=350 kV,0.5539775186652566,2.1771134298231014,7,0.05572924963346944,0.020524488130521705,0.9647952384970523,9.089086965110038e-07
Denmark,complete,400.0,400 kV,>=350 kV,0.5539775186652566,2.1771134298231014,8,0.03520476150294773,0.012965538103551787,0.9777607766006041,9.089086965110038e-07
Denmark,complete,400.0,400 kV,>=350 kV,0.5539775186652566,2.1771134298231014,9,0.022239223399395946,0.008190468734012744,0.9859512453346169,9.089086965110038e-07
Denmark,complete,400.0,400 kV,>=350 kV,0.5539775186652566,2.1771134298231014,10,0.014048754665383202,0.005174006473704567,0.9911252518083215,9.089086965110038e-07
Denmark,complete,400.0,400 kV,>=350 kV,0.5539775186652566,2.1771134298231014,11,0.008874748191678635,0.0032684750847978917,0.9943937268931193,9.089086965110038e-07
Denmark,complete,400.0,400 kV,>=350 kV,0.5539775186652566,2.1771134298231014,12,0.005606273106880743,0.0020647305785637454,0.996458457471683,9.089086965110038e-07
Denmark,complete,400.0,400 kV,>=350 kV,0.5539775186652566,2.1771134298231014,13,0.0035415425283169977,0.0013043123326484819,0.9977627698043315,9.089086965110038e-07
Denmark,complete,400.0,400 kV,>=350 kV,0.5539775186652566,2.1771134298231014,14,0.002237230195668516,0.0008239480147004545,0.998586717819032,9.089086965110038e-07
Denmark,complete,400.0,400 kV,>=350 kV,0.5539775186652566,2.1771134298231014,15,0.0014132821809680614,0.0005204967506136319,0.9991072145696456,9.089086965110038e-07
Denmark,complete,400.0,400 kV,>=350 kV,0.5539775186652566,2.1771134298231014,16,0.0008927854303544295,0.00032880334992716853,0.9994360179195727,9.089086965110038e-07
Denmark,complete,400.0,400 kV,>=350 kV,0.5539775186652566,2.1771134298231014,17,0.000563982080427261,0.00020770858376324475,0.999643726503336,9.089086965110038e-07
Denmark,complete,400.0,400 kV,>=350 kV,0.5539775186652566,2.1771134298231014,18,0.0003562734966640162,0.00013121172816058294,0.9997749382314965,9.089086965110038e-07
Denmark,complete,400.0,400 kV,>=350 kV,0.5539775186652566,2.1771134298231014,19,0.0002250617685034333,8.288784842185864e-05,0.9998578260799184,9.089086965110038e-07
Denmark,complete,400.0,400 kV,>=350 kV,0.5539775186652566,2.1771134298231014,20,0.00014217392008157465,5.236113808055869e-05,0.999910187217999,9.089086965110038e-07
Denmark,complete,400.0,400 kV,>=350 kV,0.5539775186652566,2.1771134298231014,21,8.981278200101596e-05,3.3077089504573405e-05,0.9999432643075036,9.089086965110038e-07
Denmark,complete,400.0,400 kV,>=350 kV,0.5539775186652566,2.1771134298231014,22,5.673569249644255e-05,2.0895150300405526e-05,0.999964159457804,9.089086965110038e-07
Denmark,complete,400.0,400 kV,>=350 kV,0.5539775186652566,2.1771134298231014,23,3.5840542196037026e-05,1.3199689350423939e-05,0.9999773591471545,9.089086965110038e-07
Denmark,complete,400.0,400 kV,>=350 kV,0.5539775186652566,2.1771134298231014,24,2.2640852845613087e-05,8.338384574544751e-06,0.9999856975317291,9.089086965110038e-07
Denmark,complete,400.0,400 kV,>=350 kV,0.5539775186652566,2.1771134298231014,25,1.4302468271068336e-05,5.267446488107864e-06,0.9999909649782172,9.089086965110038e-07
Denmark,complete,400.0,400 kV,>=350 kV,0.5539775186652566,2.1771134298231014,26,9.035021782960471e-06,3.327502138697512e-06,0.9999942924803559,9.089086965110038e-07
Denmark,complete,400.0,400 kV,>=350 kV,0.5539775186652566,2.1771134298231014,27,5.707519644262959e-06,2.1020185982019948e-06,0.999996394498954,9.089086965110038e-07
Denmark,complete,400.0,400 kV,>=350 kV,0.5539775186652566,2.1771134298231014,28,3.6055010460609646e-06,1.3278675724357643e-06,0.9999977223665265,9.089086965110038e-07
Denmark,complete,400.0,400 kV,>=350 kV,0.5539775186652566,2.1771134298231014,29,2.2776334736252003e-06,8.388281109570905e-07,0.9999985611946375,9.089086965110038e-07
Denmark,complete,400.0,400 kV,>=350 kV,0.5539775186652566,2.1771134298231014,30,1.4388053626681098e-06,5.29896666157106e-07,0.9999990910913037,9.089086965110038e-07
Estonia,complete,110.0,<200 kV,<200 kV,0.9070957244265787,1.3844539328323329,1,1.0,0.09290427557342129,0.09290427557342129,9.941976862434466e-07
Estonia,complete,110.0,<200 kV,<200 kV,0.9070957244265787,1.3844539328323329,2,0.9070957244265787,0.4665820278837346,0.5594863034571559,9.941976862434466e-07
Estonia,complete,110.0,<200 kV,<200 kV,0.9070957244265787,1.3844539328323329,3,0.4405136965428441,0.22658664163966807,0.786072945096824,9.941976862434466e-07
Estonia,complete,110.0,<200 kV,<200 kV,0.9070957244265787,1.3844539328323329,4,0.21392705490317604,0.11003747058670871,0.8961104156835327,9.941976862434466e-07
Estonia,complete,110.0,<200 kV,<200 kV,0.9070957244265787,1.3844539328323329,5,0.10388958431646733,0.053437593873587944,0.9495480095571206,9.941976862434466e-07
Estonia,complete,110.0,<200 kV,<200 kV,0.9070957244265787,1.3844539328323329,6,0.05045199044287939,0.025950945834840408,0.975498955391961,9.941976862434466e-07
Estonia,complete,110.0,<200 kV,<200 kV,0.9070957244265787,1.3844539328323329,7,0.02450104460803898,0.012602580709676757,0.9881015361016378,9.941976862434466e-07
Estonia,complete,110.0,<200 kV,<200 kV,0.9070957244265787,1.3844539328323329,8,0.011898463898362223,0.00612020238317043,0.9942217384848082,9.941976862434466e-07
Estonia,complete,110.0,<200 kV,<200 kV,0.9070957244265787,1.3844539328323329,9,0.005778261515191793,0.0029721592802182217,0.9971938977650264,9.941976862434466e-07
Estonia,complete,110.0,<200 kV,<200 kV,0.9070957244265787,1.3844539328323329,10,0.002806102234973571,0.001443372332143567,0.99863727009717,9.941976862434466e-07
Estonia,complete,110.0,<200 kV,<200 kV,0.9070957244265787,1.3844539328323329,11,0.001362729902830004,0.0007009461784445794,0.9993382162756146,9.941976862434466e-07
Estonia,complete,110.0,<200 kV,<200 kV,0.9070957244265787,1.3844539328323329,12,0.0006617837243854246,0.00034040111074208325,0.9996786173863567,9.941976862434466e-07
Estonia,complete,110.0,<200 kV,<200 kV,0.9070957244265787,1.3844539328323329,13,0.0003213826136433413,0.0001653092915800884,0.9998439266779368,9.941976862434466e-07
Estonia,complete,110.0,<200 kV,<200 kV,0.9070957244265787,1.3844539328323329,14,0.00015607332206325292,8.027929704205993e-05,0.9999242059749788,9.941976862434466e-07
Estonia,complete,110.0,<200 kV,<200 kV,0.9070957244265787,1.3844539328323329,15,7.579402502119299e-05,3.898610581393072e-05,0.9999631920807927,9.941976862434466e-07
Estonia,complete,110.0,<200 kV,<200 kV,0.9070957244265787,1.3844539328323329,16,3.680791920726227e-05,1.893285694490688e-05,0.9999821249377375,9.941976862434466e-07
Estonia,complete,110.0,<200 kV,<200 kV,0.9070957244265787,1.3844539328323329,17,1.787506226235539e-05,9.194380013410432e-06,0.999991319317751,9.941976862434466e-07
Estonia,complete,110.0,<200 kV,<200 kV,0.9070957244265787,1.3844539328323329,18,8.680682248944959e-06,4.465074873644071e-06,0.9999957843926246,9.941976862434466e-07
Estonia,complete,110.0,<200 kV,<200 kV,0.9070957244265787,1.3844539328323329,19,4.215607375300888e-06,2.1683782482525862e-06,0.9999979527708729,9.941976862434466e-07
Estonia,complete,110.0,<200 kV,<200 kV,0.9070957244265787,1.3844539328323329,20,2.047229127048302e-06,1.0530314408048554e-06,0.9999990058023137,9.941976862434466e-07
Estonia,complete,330.0,330 kV,300-349 kV,0.9999999999999134,1.2852902598788822,1,1.0,8.659739592076221e-14,8.659739592076221e-14,8.276969984440769e-07
Estonia,complete,330.0,330 kV,300-349 kV,0.9999999999999134,1.2852902598788822,2,0.9999999999999134,0.5406920467876253,0.5406920467877119,8.276969984440769e-07
Estonia,complete,330.0,330 kV,300-349 kV,0.9999999999999134,1.2852902598788822,3,0.4593079532122881,0.2483441573282084,0.7890362041159202,8.276969984440769e-07
Estonia,complete,330.0,330 kV,300-349 kV,0.9999999999999134,1.2852902598788822,4,0.21096379588407974,0.11406644659465974,0.9031026507105799,8.276969984440769e-07
Estonia,complete,330.0,330 kV,300-349 kV,0.9999999999999134,1.2852902598788822,5,0.09689734928942,0.05239162611559648,0.9554942768261764,8.276969984440769e-07
Estonia,complete,330.0,330 kV,300-349 kV,0.9999999999999134,1.2852902598788822,6,0.044505723173823515,0.024063890556620168,0.9795581673827966,8.276969984440769e-07
Estonia,complete,330.0,330 kV,300-349 kV,0.9999999999999134,1.2852902598788822,7,0.020441832617203348,0.011052736317886672,0.9906109037006833,8.276969984440769e-07
Estonia,complete,330.0,330 kV,300-349 kV,0.9999999999999134,1.2852902598788822,8,0.009389096299316675,0.005076609695564091,0.9956875133962474,8.276969984440769e-07
Estonia,complete,330.0,330 kV,300-349 kV,0.9999999999999134,1.2852902598788822,9,0.004312486603752584,0.002331727208527402,0.9980192406047748,8.276969984440769e-07
Estonia,complete,330.0,330 kV,300-349 kV,0.9999999999999134,1.2852902598788822,10,0.0019807593952251823,0.0010709808515982154,0.9990902214563729,8.276969984440769e-07
Estonia,complete,330.0,330 kV,300-349 kV,0.9999999999999134,1.2852902598788822,11,0.000909778543626967,0.0004919100228771723,0.9995821314792501,8.276969984440769e-07
Estonia,complete,330.0,330 kV,300-349 kV,0.9999999999999134,1.2852902598788822,12,0.00041786852074979474,0.00022593818577234335,0.9998080696650224,8.276969984440769e-07
Estonia,complete,330.0,330 kV,300-349 kV,0.9999999999999134,1.2852902598788822,13,0.0001919303349774514,0.00010377520565960166,0.9999118448706821,8.276969984440769e-07
Estonia,complete,330.0,330 kV,300-349 kV,0.9999999999999134,1.2852902598788822,14,8.815512931784974e-05,4.766477730570013e-05,0.9999595096479877,8.276969984440769e-07
Estonia,complete,330.0,330 kV,300-349 kV,0.9999999999999134,1.2852902598788822,15,4.049035201214961e-05,2.1892811304602496e-05,0.9999814024592923,8.276969984440769e-07
Estonia,complete,330.0,330 kV,300-349 kV,0.9999999999999134,1.2852902598788822,16,1.859754070754711e-05,1.0055542350380693e-05,0.9999914580016427,8.276969984440769e-07
Estonia,complete,330.0,330 kV,300-349 kV,0.9999999999999134,1.2852902598788822,17,8.541998357166418e-06,4.618590575393246e-06,0.9999960765922181,8.276969984440769e-07
Estonia,complete,330.0,330 kV,300-349 kV,0.9999999999999134,1.2852902598788822,18,3.923407781773171e-06,2.1213553839096153e-06,0.999998197947602,8.276969984440769e-07
Estonia,complete,330.0,330 kV,300-349 kV,0.9999999999999134,1.2852902598788822,19,1.8020523978635563e-06,9.743553994194796e-07,0.9999991723030015,8.276969984440769e-07
Hungary,complete,120.0,<200 kV,<200 kV,0.8959150425052165,1.4956782884367894,1,1.0,0.10408495749478353,0.10408495749478353,7.154442109176419e-07
Hungary,complete,120.0,<200 kV,<200 kV,0.8959150425052165,1.4956782884367894,2,0.8959150425052165,0.4368221303772018,0.5409070878719853,7.154442109176419e-07
Hungary,complete,120.0,<200 kV,<200 kV,0.8959150425052165,1.4956782884367894,3,0.4590929121280147,0.22384035807241762,0.7647474459444029,7.154442109176419e-07
Hungary,complete,120.0,<200 kV,<200 kV,0.8959150425052165,1.4956782884367894,4,0.23525255405559706,0.11470230654001481,0.8794497524844177,7.154442109176419e-07
Hungary,complete,120.0,<200 kV,<200 kV,0.8959150425052165,1.4956782884367894,5,0.12055024751558224,0.05877679627970863,0.9382265487641264,7.154442109176419e-07
Hungary,complete,120.0,<200 kV,<200 kV,0.8959150425052165,1.4956782884367894,6,0.06177345123587361,0.03011893906162357,0.9683454878257499,7.154442109176419e-07
Hungary,complete,120.0,<200 kV,<200 kV,0.8959150425052165,1.4956782884367894,7,0.03165451217425004,0.01543381993603089,0.9837793077617808,7.154442109176419e-07
Hungary,complete,120.0,<200 kV,<200 kV,0.8959150425052165,1.4956782884367894,8,0.01622069223821915,0.007908737998056971,0.9916880457598378,7.154442109176419e-07
Hungary,complete,120.0,<200 kV,<200 kV,0.8959150425052165,1.4956782884367894,9,0.00831195424016218,0.0040526672580835895,0.9957407130179214,7.154442109176419e-07
Hungary,complete,120.0,<200 kV,<200 kV,0.8959150425052165,1.4956782884367894,10,0.0042592869820785905,0.002076704514522781,0.9978174175324442,7.154442109176419e-07
Hungary,complete,120.0,<200 kV,<200 kV,0.8959150425052165,1.4956782884367894,11,0.0021825824675558094,0.0010641637632690024,0.9988815812957133,7.154442109176419e-07
Hungary,complete,120.0,<200 kV,<200 kV,0.8959150425052165,1.4956782884367894,12,0.001118418704286807,0.0005453084476561047,0.9994268897433694,7.154442109176419e-07
Hungary,complete,120.0,<200 kV,<200 kV,0.8959150425052165,1.4956782884367894,13,0.0005731102566307023,0.00027943190075524433,0.9997063216441245,7.154442109176419e-07
Hungary,complete,120.0,<200 kV,<200 kV,0.8959150425052165,1.4956782884367894,14,0.00029367835587545797,0.00014318902906292562,0.9998495106731875,7.154442109176419e-07
Hungary,complete,120.0,<200 kV,<200 kV,0.8959150425052165,1.4956782884367894,15,0.00015048932681253235,7.33742210125895e-05,0.9999228848942001,7.154442109176419e-07
Hungary,complete,120.0,<200 kV,<200 kV,0.8959150425052165,1.4956782884367894,16,7.711510579994285e-05,3.759908384348646e-05,0.9999604839780436,7.154442109176419e-07
Hungary,complete,120.0,<200 kV,<200 kV,0.8959150425052165,1.4956782884367894,17,3.951602195645639e-05,1.926686357088489e-05,0.9999797508416145,7.154442109176419e-07
Hungary,complete,120.0,<200 kV,<200 kV,0.8959150425052165,1.4956782884367894,18,2.0249158385571496e-05,9.87290098355417e-06,0.999989623742598,7.154442109176419e-07
Hungary,complete,120.0,<200 kV,<200 kV,0.8959150425052165,1.4956782884367894,19,1.0376257402017326e-05,5.059161470285305e-06,0.9999946829040683,7.154442109176419e-07
Hungary,complete,120.0,<200 kV,<200 kV,0.8959150425052165,1.4956782884367894,20,5.31709593173202e-06,2.5924614077518544e-06,0.9999972753654761,7.154442109176419e-07
Hungary,complete,120.0,<200 kV,<200 kV,0.8959150425052165,1.4956782884367894,21,2.724634523980166e-06,1.328452588468912e-06,0.9999986038180646,7.154442109176419e-07
Hungary,complete,120.0,<200 kV,<200 kV,0.8959150425052165,1.4956782884367894,22,1.396181935511254e-06,6.807377245936121e-07,0.9999992845557892,7.154442109176419e-07
Hungary,complete,220.0,220 kV,200-299 kV,0.6192872992780105,2.679026682261654,1,1.0,0.3807127007219895,0.3807127007219895,9.035791864071895e-07
Hungary,complete,220.0,220 kV,200-299 kV,0.6192872992780105,2.679026682261654,2,0.6192872992780105,0.1929207555164878,0.5736334562384773,9.035791864071895e-07
Hungary,complete,220.0,220 kV,200-299 kV,0.6192872992780105,2.679026682261654,3,0.4263665437615227,0.1328219646120995,0.7064554208505768,9.035791864071895e-07
Hungary,complete,220.0,220 kV,200-299 kV,0.6192872992780105,2.679026682261654,4,0.2935445791494232,0.09144518554360578,0.7979006063941826,9.035791864071895e-07
Hungary,complete,220.0,220 kV,200-299 kV,0.6192872992780105,2.679026682261654,5,0.20209939360581744,0.06295812581545498,0.8608587322096376,9.035791864071895e-07
Hungary,complete,220.0,220 kV,200-299 kV,0.6192872992780105,2.679026682261654,6,0.13914126779036246,0.04334537223181159,0.9042041044414492,9.035791864071895e-07
Hungary,complete,220.0,220 kV,200-299 kV,0.6192872992780105,2.679026682261654,7,0.09579589555855086,0.029842395553856968,0.9340464999953061,9.035791864071895e-07
Hungary,complete,220.0,220 kV,200-299 kV,0.6192872992780105,2.679026682261654,8,0.0659535000046939,0.020545874369934818,0.9545923743652409,9.035791864071895e-07
Hungary,complete,220.0,220 kV,200-299 kV,0.6192872992780105,2.679026682261654,9,0.04540762563475908,0.01414541111028822,0.9687377854755291,9.035791864071895e-07
Hungary,complete,220.0,220 kV,200-299 kV,0.6192872992780105,2.679026682261654,10,0.03126221452447086,0.009738824051794315,0.9784766095273234,9.035791864071895e-07
Hungary,complete,220.0,220 kV,200-299 kV,0.6192872992780105,2.679026682261654,11,0.021523390472676544,0.00670497966954281,0.9851815891968663,9.035791864071895e-07
Hungary,complete,220.0,220 kV,200-299 kV,0.6192872992780105,2.679026682261654,12,0.014818410803133734,0.004616240331469939,0.9897978295283362,9.035791864071895e-07
Hungary,complete,220.0,220 kV,200-299 kV,0.6192872992780105,2.679026682261654,13,0.010202170471663795,0.003178186340323785,0.9929760158686599,9.035791864071895e-07
Hungary,complete,220.0,220 kV,200-299 kV,0.6192872992780105,2.679026682261654,14,0.00702398413134001,0.0021881158017187374,0.9951641316703786,9.035791864071895e-07
Hungary,complete,220.0,220 kV,200-299 kV,0.6192872992780105,2.679026682261654,15,0.004835868329621272,0.0015064726384933923,0.996670604308872,9.035791864071895e-07
Hungary,complete,220.0,220 kV,200-299 kV,0.6192872992780105,2.679026682261654,16,0.00332939569112788,0.0010371753673853136,0.9977077796762573,9.035791864071895e-07
Hungary,complete,220.0,220 kV,200-299 kV,0.6192872992780105,2.679026682261654,17,0.0022922203237425664,0.0007140738671408537,0.9984218535433982,9.035791864071895e-07
Hungary,complete,220.0,220 kV,200-299 kV,0.6192872992780105,2.679026682261654,18,0.0015781464566017127,0.0004916251424471624,0.9989134786858453,9.035791864071895e-07
Hungary,complete,220.0,220 kV,200-299 kV,0.6192872992780105,2.679026682261654,19,0.0010865213141545503,0.00033847377954599985,0.9992519524653913,9.035791864071895e-07
Hungary,complete,220.0,220 kV,200-299 kV,0.6192872992780105,2.679026682261654,20,0.0007480475346085504,0.0002330322222128152,0.9994849846876042,9.035791864071895e-07
Hungary,complete,220.0,220 kV,200-299 kV,0.6192872992780105,2.679026682261654,21,0.0005150153123957352,0.0001604378828465878,0.9996454225704507,9.035791864071895e-07
Hungary,complete,220.0,220 kV,200-299 kV,0.6192872992780105,2.679026682261654,22,0.0003545774295491474,0.00011045817616066946,0.9997558807466114,9.035791864071895e-07
Hungary,complete,220.0,220 kV,200-299 kV,0.6192872992780105,2.679026682261654,23,0.00024411925338847795,7.60481780503688e-05,0.9998319289246618,9.035791864071895e-07
Hungary,complete,220.0,220 kV,200-299 kV,0.6192872992780105,2.679026682261654,24,0.00016807107533810915,5.235760344592596e-05,0.9998842865281077,9.035791864071895e-07
Hungary,complete,220.0,220 kV,200-299 kV,0.6192872992780105,2.679026682261654,25,0.00011571347189218319,3.604713102771766e-05,0.9999203336591354,9.035791864071895e-07
Hungary,complete,220.0,220 kV,200-299 kV,0.6192872992780105,2.679026682261654,26,7.966634086446552e-05,2.4817706881321242e-05,0.9999451513660167,9.035791864071895e-07
Hungary,complete,220.0,220 kV,200-299 kV,0.6192872992780105,2.679026682261654,27,5.484863398314428e-05,1.7086479763773223e-05,0.9999622378457804,9.035791864071895e-07
Hungary,complete,220.0,220 kV,200-299 kV,0.6192872992780105,2.679026682261654,28,3.776215421937106e-05,1.176368921246157e-05,0.9999740015349928,9.035791864071895e-07
Hungary,complete,220.0,220 kV,200-299 kV,0.6192872992780105,2.679026682261654,29,2.599846500690949e-05,8.09905760581459e-06,0.9999821005925986,9.035791864071895e-07
Hungary,complete,220.0,220 kV,200-299 kV,0.6192872992780105,2.679026682261654,30,1.78994074010949e-05,5.5760342625183465e-06,0.9999876766268612,9.035791864071895e-07
Hungary,complete,220.0,220 kV,200-299 kV,0.6192872992780105,2.679026682261654,31,1.2323373138576554e-05,3.838984683163188e-06,0.9999915156115443,9.035791864071895e-07
Hungary,complete,220.0,220 kV,200-299 kV,0.6192872992780105,2.679026682261654,32,8.484388455413366e-06,2.643061843544953e-06,0.9999941586733878,9.035791864071895e-07
Hungary,complete,220.0,220 kV,200-299 kV,0.6192872992780105,2.679026682261654,33,5.841326611868413e-06,1.8196936131162698e-06,0.9999959783670009,9.035791864071895e-07
Hungary,complete,220.0,220 kV,200-299 kV,0.6192872992780105,2.679026682261654,34,4.0216329987521435e-06,1.2528215537987388e-06,0.9999972311885548,9.035791864071895e-07
Hungary,complete,220.0,220 kV,200-299 kV,0.6192872992780105,2.679026682261654,35,2.7688114449534047e-06,8.62541822617475e-07,0.9999980937303774,9.035791864071895e-07
Hungary,complete,220.0,220 kV,200-299 kV,0.6192872992780105,2.679026682261654,36,1.9062696223359297e-06,5.938422702805714e-07,0.9999986875726476,9.035791864071895e-07
Hungary,complete,220.0,220 kV,200-299 kV,0.6192872992780105,2.679026682261654,37,1.3124273520553583e-06,4.088481656481688e-07,0.9999990964208133,9.035791864071895e-07
Hungary,complete,400.0,400 kV,>=350 kV,0.8742693049174547,1.6937771301266689,1,1.0,0.1257306950825453,0.1257306950825453,6.136251778451838e-07
Hungary,complete,400.0,400 kV,>=350 kV,0.8742693049174547,1.6937771301266689,2,0.8742693049174547,0.3898300676568402,0.5155607627393854,6.136251778451838e-07
Hungary,complete,400.0,400 kV,>=350 kV,0.8742693049174547,1.6937771301266689,3,0.4844392372606145,0.21600779024806765,0.7315685529874532,6.136251778451838e-07
Hungary,complete,400.0,400 kV,>=350 kV,0.8742693049174547,1.6937771301266689,4,0.26843144701254684,0.11969155106046486,0.851260104047918,6.136251778451838e-07
Hungary,complete,400.0,400 kV,>=350 kV,0.8742693049174547,1.6937771301266689,5,0.14873989595208198,0.06632199412256166,0.9175820981704796,6.136251778451838e-07
Hungary,complete,400.0,400 kV,>=350 kV,0.8742693049174547,1.6937771301266689,6,0.08241790182952032,0.03674951878742924,0.9543316169579089,6.136251778451838e-07
Hungary,complete,400.0,400 kV,>=350 kV,0.8742693049174547,1.6937771301266689,7,0.045668383042091074,0.020363186435737615,0.9746948033936466,6.136251778451838e-07
Hungary,complete,400.0,400 kV,>=350 kV,0.8742693049174547,1.6937771301266689,8,0.02530519660635346,0.01128339568784906,0.9859781990814956,6.136251778451838e-07
Hungary,complete,400.0,400 kV,>=350 kV,0.8742693049174547,1.6937771301266689,9,0.014021800918504398,0.006252214929640484,0.9922304140111361,6.136251778451838e-07
Hungary,complete,400.0,400 kV,>=350 kV,0.8742693049174547,1.6937771301266689,10,0.007769585988863914,0.00346439960166556,0.9956948136128017,6.136251778451838e-07
Hungary,complete,400.0,400 kV,>=350 kV,0.8742693049174547,1.6937771301266689,11,0.004305186387198354,0.0019196500336418646,0.9976144636464436,6.136251778451838e-07
Hungary,complete,400.0,400 kV,>=350 kV,0.8742693049174547,1.6937771301266689,12,0.0023855363535564894,0.001063692609215625,0.9986781562556591,6.136251778451838e-07
Hungary,complete,400.0,400 kV,>=350 kV,0.8742693049174547,1.6937771301266689,13,0.0013218437443408644,0.0005894001234972131,0.9992675563791563,6.136251778451838e-07
Hungary,complete,400.0,400 kV,>=350 kV,0.8742693049174547,1.6937771301266689,14,0.0007324436208436513,0.0003265910682924641,0.9995941474474488,6.136251778451838e-07
Hungary,complete,400.0,400 kV,>=350 kV,0.8742693049174547,1.6937771301266689,15,0.00040585255255118715,0.00018096658218450011,0.9997751140296333,6.136251778451838e-07
Hungary,complete,400.0,400 kV,>=350 kV,0.8742693049174547,1.6937771301266689,16,0.00022488597036668704,0.00010027495252323558,0.9998753889821564,6.136251778451838e-07
Hungary,complete,400.0,400 kV,>=350 kV,0.8742693049174547,1.6937771301266689,17,0.00012461101784345146,5.5563109951900784e-05,0.9999309520921084,6.136251778451838e-07
Hungary,complete,400.0,400 kV,>=350 kV,0.8742693049174547,1.6937771301266689,18,6.904790789155068e-05,3.0787939658327434e-05,0.9999617400317666,6.136251778451838e-07
Hungary,complete,400.0,400 kV,>=350 kV,0.8742693049174547,1.6937771301266689,19,3.8259968233223246e-05,1.705983033032846e-05,0.9999787998620969,6.136251778451838e-07
Hungary,complete,400.0,400 kV,>=350 kV,0.8742693049174547,1.6937771301266689,20,2.1200137902894785e-05,9.452981074064031e-06,0.9999882528431709,6.136251778451838e-07
Hungary,complete,400.0,400 kV,>=350 kV,0.8742693049174547,1.6937771301266689,21,1.1747156828830754e-05,5.237968341792548e-06,0.9999934908115128,6.136251778451838e-07
Hungary,complete,400.0,400 kV,>=350 kV,0.8742693049174547,1.6937771301266689,22,6.509188487038206e-06,2.9023978927554915e-06,0.9999963932094056,6.136251778451838e-07
Hungary,complete,400.0,400 kV,>=350 kV,0.8742693049174547,1.6937771301266689,23,3.6067905942827145e-06,1.6082406341899856e-06,0.9999980014500398,6.136251778451838e-07
Hungary,complete,400.0,400 kV,>=350 kV,0.8742693049174547,1.6937771301266689,24,1.998549960092729e-06,8.911383046120815e-07,0.9999988925883444,6.136251778451838e-07
Hungary,complete,400.0,400 kV,>=350 kV,0.8742693049174547,1.6937771301266689,25,1.1074116554806474e-06,4.937864776354636e-07,0.999999386374822,6.136251778451838e-07
Ireland,complete,110.0,<200 kV,<200 kV,0.7479478879297622,1.7316381172607005,1,1.0,0.2520521120702378,0.2520521120702378,7.15609834906752e-07
Ireland,complete,110.0,<200 kV,<200 kV,0.7479478879297622,1.7316381172607005,2,0.7479478879297622,0.32811974602619715,0.580171858096435,7.15609834906752e-07
Ireland,complete,110.0,<200 kV,<200 kV,0.7479478879297622,1.7316381172607005,3,0.41982814190356504,0.18417580358082936,0.7643476616772644,7.15609834906752e-07
Ireland,complete,110.0,<200 kV,<200 kV,0.7479478879297622,1.7316381172607005,4,0.2356523383227357,0.1033791078880574,0.8677267695653218,7.15609834906752e-07
Ireland,complete,110.0,<200 kV,<200 kV,0.7479478879297622,1.7316381172607005,5,0.13227323043467829,0.05802738329326895,0.9257541528585908,7.15609834906752e-07
Ireland,complete,110.0,<200 kV,<200 kV,0.7479478879297622,1.7316381172607005,6,0.07424584714140933,0.03257115756415749,0.9583253104227483,7.15609834906752e-07
Ireland,complete,110.0,<200 kV,<200 kV,0.7479478879297622,1.7316381172607005,7,0.041674689577251844,0.018282408146986576,0.9766077185697348,7.15609834906752e-07
Ireland,complete,110.0,<200 kV,<200 kV,0.7479478879297622,1.7316381172607005,8,0.02339228143026527,0.010262037724468778,0.9868697562942036,7.15609834906752e-07
Ireland,complete,110.0,<200 kV,<200 kV,0.7479478879297622,1.7316381172607005,9,0.01313024370579649,0.005760150271876425,0.99262990656608,7.15609834906752e-07
Ireland,complete,110.0,<200 kV,<200 kV,0.7479478879297622,1.7316381172607005,10,0.007370093433920065,0.0032332107955016917,0.9958631173615816,7.15609834906752e-07
Ireland,complete,110.0,<200 kV,<200 kV,0.7479478879297622,1.7316381172607005,11,0.0041368826384183734,0.0018148228005765692,0.9976779401621582,7.15609834906752e-07
Ireland,complete,110.0,<200 kV,<200 kV,0.7479478879297622,1.7316381172607005,12,0.002322059837841804,0.0010186721515574818,0.9986966123137156,7.15609834906752e-07
Ireland,complete,110.0,<200 kV,<200 kV,0.7479478879297622,1.7316381172607005,13,0.0013033876862843224,0.0005717874781103014,0.9992683997918259,7.15609834906752e-07
Ireland,complete,110.0,<200 kV,<200 kV,0.7479478879297622,1.7316381172607005,14,0.000731600208174021,0.0003209481280349779,0.9995893479198609,7.15609834906752e-07
Ireland,complete,110.0,<200 kV,<200 kV,0.7479478879297622,1.7316381172607005,15,0.0004106520801390431,0.00018015032653318454,0.999769498246394,7.15609834906752e-07
Ireland,complete,110.0,<200 kV,<200 kV,0.7479478879297622,1.7316381172607005,16,0.00023050175360585855,0.00010111958075192782,0.9998706178271459,7.15609834906752e-07
Ireland,complete,110.0,<200 kV,<200 kV,0.7479478879297622,1.7316381172607005,17,0.00012938217285393073,5.675909562984938e-05,0.9999273769227758,7.15609834906752e-07
Ireland,complete,110.0,<200 kV,<200 kV,0.7479478879297622,1.7316381172607005,18,7.262307722408135e-05,3.185925923310344e-05,0.9999592361820089,7.15609834906752e-07
Ireland,complete,110.0,<200 kV,<200 kV,0.7479478879297622,1.7316381172607005,19,4.076381799097791e-05,1.788281486198121e-05,0.9999771189968709,7.15609834906752e-07
Ireland,complete,110.0,<200 kV,<200 kV,0.7479478879297622,1.7316381172607005,20,2.2881003128996696e-05,1.003774334638677e-05,0.9999871567402173,7.15609834906752e-07
Ireland,complete,110.0,<200 kV,<200 kV,0.7479478879297622,1.7316381172607005,21,1.2843259782609926e-05,5.634252340337088e-06,0.9999927909925577,7.15609834906752e-07
Ireland,complete,110.0,<200 kV,<200 kV,0.7479478879297622,1.7316381172607005,22,7.209007442272838e-06,3.1625434461841298e-06,0.9999959535360039,7.15609834906752e-07
Ireland,complete,110.0,<200 kV,<200 kV,0.7479478879297622,1.7316381172607005,23,4.0464639960887085e-06,1.7751567457136253e-06,0.9999977286927496,7.15609834906752e-07
Ireland,complete,110.0,<200 kV,<200 kV,0.7479478879297622,1.7316381172607005,24,2.271307250375083e-06,9.964073301996122e-07,0.9999987251000798,7.15609834906752e-07
Ireland,complete,110.0,<200 kV,<200 kV,0.7479478879297622,1.7316381172607005,25,1.274899920175471e-06,5.592900852687189e-07,0.999999284390165,7.15609834906752e-07
Ireland,complete,220.0,220 kV,200-299 kV,0.9210308555064708,1.5047562347398316,1,1.0,0.07896914449352921,0.07896914449352921,8.005150294264776e-07
Ireland,complete,220.0,220 kV,200-299 kV,0.9210308555064708,1.5047562347398316,2,0.9210308555064708,0.44716035828521333,0.5261295027787425,8.005150294264776e-07
Ireland,complete,220.0,220 kV,200-299 kV,0.9210308555064708,1.5047562347398316,3,0.47387049722125746,0.23006406359939904,0.7561935663781415,8.005150294264776e-07
Ireland,complete,220.0,220 kV,200-299 kV,0.9210308555064708,1.5047562347398316,4,0.24380643362185841,0.11836799121202118,0.8745615575901626,8.005150294264776e-07
Ireland,complete,220.0,220 kV,200-299 kV,0.9210308555064708,1.5047562347398316,5,0.12543844240983723,0.06090034716576098,0.9354619047559236,8.005150294264776e-07
Ireland,complete,220.0,220 kV,200-299 kV,0.9210308555064708,1.5047562347398316,6,0.06453809524407625,0.031333236687838203,0.9667951414437618,8.005150294264776e-07
Ireland,complete,220.0,220 kV,200-299 kV,0.9210308555064708,1.5047562347398316,7,0.033204858556238045,0.016120954428451195,0.982916095872213,8.005150294264776e-07
Ireland,complete,220.0,220 kV,200-299 kV,0.9210308555064708,1.5047562347398316,8,0.01708390412778685,0.008294233189930006,0.991210329062143,8.005150294264776e-07
Ireland,complete,220.0,220 kV,200-299 kV,0.9210308555064708,1.5047562347398316,9,0.008789670937856845,0.004267384075444348,0.9954777131375874,8.005150294264776e-07
Ireland,complete,220.0,220 kV,200-299 kV,0.9210308555064708,1.5047562347398316,10,0.004522286862412498,0.0021955696723677007,0.997673282809955,8.005150294264776e-07
Ireland,complete,220.0,220 kV,200-299 kV,0.9210308555064708,1.5047562347398316,11,0.002326717190044797,0.0011296208874095493,0.9988029036973646,8.005150294264776e-07
Ireland,complete,220.0,220 kV,200-299 kV,0.9210308555064708,1.5047562347398316,12,0.0011970963026352477,0.0005811900962795928,0.9993840937936441,8.005150294264776e-07
Ireland,complete,220.0,220 kV,200-299 kV,0.9210308555064708,1.5047562347398316,13,0.0006159062063556549,0.00029902238156031706,0.9996831161752044,8.005150294264776e-07
Ireland,complete,220.0,220 kV,200-299 kV,0.9210308555064708,1.5047562347398316,14,0.0003168838247953379,0.00015384705494188124,0.9998369632301464,8.005150294264776e-07
Ireland,complete,220.0,220 kV,200-299 kV,0.9210308555064708,1.5047562347398316,15,0.00016303676985345665,7.915433015677436e-05,0.9999161175603032,8.005150294264776e-07
Ireland,complete,220.0,220 kV,200-299 kV,0.9210308555064708,1.5047562347398316,16,8.388243969668228e-05,4.072491335589432e-05,0.9999568424736591,8.005150294264776e-07
Ireland,complete,220.0,220 kV,200-299 kV,0.9210308555064708,1.5047562347398316,17,4.3157526340787964e-05,2.0952973318834406e-05,0.999977795446978,8.005150294264776e-07
Ireland,complete,220.0,220 kV,200-299 kV,0.9210308555064708,1.5047562347398316,18,2.2204553021953558e-05,1.0780307549414135e-05,0.9999885757545274,8.005150294264776e-07
Ireland,complete,220.0,220 kV,200-299 kV,0.9210308555064708,1.5047562347398316,19,1.1424245472539423e-05,5.54646966287555e-06,0.9999941222241903,8.005150294264776e-07
Ireland,complete,220.0,220 kV,200-299 kV,0.9210308555064708,1.5047562347398316,20,5.877775809663874e-06,2.853659376616826e-06,0.9999969758835668,8.005150294264776e-07
Ireland,complete,220.0,220 kV,200-299 kV,0.9210308555064708,1.5047562347398316,21,3.024116433047048e-06,1.4682081274616087e-06,0.9999984440916942,8.005150294264776e-07
Ireland,complete,220.0,220 kV,200-299 kV,0.9210308555064708,1.5047562347398316,22,1.555908305585439e-06,7.553932761589615e-07,0.9999991994849704,8.005150294264776e-07
Ireland,complete,275.0,275 kV,200-299 kV,0.8461538161458882,0.5865969419731888,1,1.0,0.15384618385411175,0.15384618385411175,1.837321809335714e-07
Ireland,complete,275.0,275 kV,200-299 kV,0.8461538161458882,0.5865969419731888,2,0.8461538161458882,0.6923076631026333,0.846153846956745,1.837321809335714e-07
Ireland,complete,275.0,275 kV,200-299 kV,0.8461538161458882,0.5865969419731888,3,0.15384615304325494,0.12587412437119158,0.9720279713279366,1.837321809335714e-07
Ireland,complete,275.0,275 kV,200-299 kV,0.8461538161458882,0.5865969419731888,4,0.027972028672063366,0.022886205123321474,0.9949141764512581,1.837321809335714e-07
Ireland,complete,275.0,275 kV,200-299 kV,0.8461538161458882,0.5865969419731888,5,0.005085823548741893,0.004161128330094042,0.9990753047813522,1.837321809335714e-07
Ireland,complete,275.0,275 kV,200-299 kV,0.8461538161458882,0.5865969419731888,6,0.0009246952186478503,0.0007565688101723307,0.9998318735915245,1.837321809335714e-07
Ireland,complete,275.0,275 kV,200-299 kV,0.8461538161458882,0.5865969419731888,7,0.00016812640847551963,0.000137557969646334,0.9999694315611708,1.837321809335714e-07
Ireland,complete,275.0,275 kV,200-299 kV,0.8461538161458882,0.5865969419731888,8,3.056843882918564e-05,2.501054069214357e-05,0.999994442101863,1.837321809335714e-07
Ireland,complete,275.0,275 kV,200-299 kV,0.8461538161458882,0.5865969419731888,9,5.55789813704207e-06,4.547371172470924e-06,0.9999989894730354,1.837321809335714e-07
Ireland,complete,275.0,275 kV,200-299 kV,0.8461538161458882,0.5865969419731888,10,1.0105269645711455e-06,8.267947836375741e-07,0.9999998162678191,1.837321809335714e-07
Latvia,complete,110.0,<200 kV,<200 kV,0.9062099779323489,1.2474313541918831,1,1.0,0.09379002206765108,0.09379002206765108,4.903551229543862e-07
Latvia,complete,110.0,<200 kV,<200 kV,0.9062099779323489,1.2474313541918831,2,0.9062099779323489,0.4996938007376566,0.5934838228053076,4.903551229543862e-07
Latvia,complete,110.0,<200 kV,<200 kV,0.9062099779323489,1.2474313541918831,3,0.4065161771946923,0.22415733504417776,0.8176411578494854,4.903551229543862e-07
Latvia,complete,110.0,<200 kV,<200 kV,0.9062099779323489,1.2474313541918831,4,0.18235884215051454,0.10055460119763947,0.9181957590471249,4.903551229543862e-07
Latvia,complete,110.0,<200 kV,<200 kV,0.9062099779323489,1.2474313541918831,5,0.08180424095287507,0.045107726767110015,0.963303485814235,4.903551229543862e-07
Latvia,complete,110.0,<200 kV,<200 kV,0.9062099779323489,1.2474313541918831,6,0.036696514185765056,0.020234847434748935,0.9835383332489839,4.903551229543862e-07
Latvia,complete,110.0,<200 kV,<200 kV,0.9062099779323489,1.2474313541918831,7,0.01646166675101612,0.009077137777781161,0.9926154710267651,4.903551229543862e-07
Latvia,complete,110.0,<200 kV,<200 kV,0.9062099779323489,1.2474313541918831,8,0.007384528973234959,0.004071907658435197,0.9966873786852003,4.903551229543862e-07
Latvia,complete,110.0,<200 kV,<200 kV,0.9062099779323489,1.2474313541918831,9,0.003312621314799762,0.001826614554580018,0.9985139932397803,4.903551229543862e-07
Latvia,complete,110.0,<200 kV,<200 kV,0.9062099779323489,1.2474313541918831,10,0.0014860067602197441,0.000819399900705451,0.9993333931404857,4.903551229543862e-07
Latvia,complete,110.0,<200 kV,<200 kV,0.9062099779323489,1.2474313541918831,11,0.0006666068595142931,0.0003675740979905179,0.9997009672384762,4.903551229543862e-07
Latvia,complete,110.0,<200 kV,<200 kV,0.9062099779323489,1.2474313541918831,12,0.0002990327615237752,0.00016488983876764105,0.9998658570772438,4.903551229543862e-07
Latvia,complete,110.0,<200 kV,<200 kV,0.9062099779323489,1.2474313541918831,13,0.00013414292275613416,7.39678314588968e-05,0.9999398249087027,4.903551229543862e-07
Latvia,complete,110.0,<200 kV,<200 kV,0.9062099779323489,1.2474313541918831,14,6.017509129723737e-05,3.3181184065815676e-05,0.9999730060927685,4.903551229543862e-07
Latvia,complete,110.0,<200 kV,<200 kV,0.9062099779323489,1.2474313541918831,15,2.699390723142169e-05,1.488472697244544e-05,0.9999878908197409,4.903551229543862e-07
Latvia,complete,110.0,<200 kV,<200 kV,0.9062099779323489,1.2474313541918831,16,1.2109180258976252e-05,6.677130526890924e-06,0.9999945679502679,4.903551229543862e-07
Latvia,complete,110.0,<200 kV,<200 kV,0.9062099779323489,1.2474313541918831,17,5.432049732085329e-06,2.995289880403769e-06,0.9999975632401483,4.903551229543862e-07
Latvia,complete,110.0,<200 kV,<200 kV,0.9062099779323489,1.2474313541918831,18,2.43675985168156e-06,1.3436552470431825e-06,0.9999989068953954,4.903551229543862e-07
Latvia,complete,110.0,<200 kV,<200 kV,0.9062099779323489,1.2474313541918831,19,1.0931046046383773e-06,6.027494816839912e-07,0.999999509644877,4.903551229543862e-07
Latvia,complete,330.0,330 kV,300-349 kV,0.9416549116601545,1.0070709871964831,1,1.0,0.05834508833984553,0.05834508833984553,8.638923629663247e-07
Latvia,complete,330.0,330 kV,300-349 kV,0.9416549116601545,1.0070709871964831,2,0.9416549116601545,0.5927985692820399,0.6511436576218854,8.638923629663247e-07
Latvia,complete,330.0,330 kV,300-349 kV,0.9416549116601545,1.0070709871964831,3,0.3488563423781146,0.2196149970503706,0.870758654672256,8.638923629663247e-07
Latvia,complete,330.0,330 kV,300-349 kV,0.9416549116601545,1.0070709871964831,4,0.12924134532774398,0.08136110548959033,0.9521197601618463,8.638923629663247e-07
Latvia,complete,330.0,330 kV,300-349 kV,0.9416549116601545,1.0070709871964831,5,0.047880239838153656,0.03014197379685312,0.9822617339586994,8.638923629663247e-07
Latvia,complete,330.0,330 kV,300-349 kV,0.9416549116601545,1.0070709871964831,6,0.017738266041300535,0.01116674335855014,0.9934284773172496,8.638923629663247e-07
Latvia,complete,330.0,330 kV,300-349 kV,0.9416549116601545,1.0070709871964831,7,0.006571522682750394,0.0041369605745175935,0.9975654378917672,8.638923629663247e-07
Latvia,complete,330.0,330 kV,300-349 kV,0.9416549116601545,1.0070709871964831,8,0.0024345621082328003,0.0015326261422502164,0.9990980640340175,8.638923629663247e-07
Latvia,complete,330.0,330 kV,300-349 kV,0.9416549116601545,1.0070709871964831,9,0.0009019359659825838,0.0005677943624547808,0.9996658583964723,8.638923629663247e-07
Latvia,complete,330.0,330 kV,300-349 kV,0.9416549116601545,1.0070709871964831,10,0.000334141603527803,0.00021035165011742152,0.9998762100465897,8.638923629663247e-07
Latvia,complete,330.0,330 kV,300-349 kV,0.9416549116601545,1.0070709871964831,11,0.0001237899534103815,7.792929911424751e-05,0.9999541393457039,8.638923629663247e-07
Latvia,complete,330.0,330 kV,300-349 kV,0.9416549116601545,1.0070709871964831,12,4.5860654296133994e-05,2.8870587214542165e-05,0.9999830099329184,8.638923629663247e-07
Latvia,complete,330.0,330 kV,300-349 kV,0.9416549116601545,1.0070709871964831,13,1.699006708159183e-05,1.069573081737231e-05,0.9999937056637358,8.638923629663247e-07
Latvia,complete,330.0,330 kV,300-349 kV,0.9416549116601545,1.0070709871964831,14,6.294336264219519e-06,3.962463834475298e-06,0.9999976681275703,8.638923629663247e-07
Latvia,complete,330.0,330 kV,300-349 kV,0.9416549116601545,1.0070709871964831,15,2.3318724297442213e-06,1.4679800667778965e-06,0.999999136107637,8.638923629663247e-07
Lithuania,complete,110.0,<200 kV,<200 kV,0.8638100530504775,0.9506930907988713,1,1.0,0.13618994694952247,0.13618994694952247,9.948870680285623e-07
Lithuania,complete,110.0,<200 kV,<200 kV,0.8638100530504775,0.9506930907988713,2,0.8638100530504775,0.5620932837114712,0.6982832306609936,9.948870680285623e-07
Lithuania,complete,110.0,<200 kV,<200 kV,0.8638100530504775,0.9506930907988713,3,0.3017167693390064,0.19633132194939654,0.8946145526103901,9.948870680285623e-07
Lithuania,complete,110.0,<200 kV,<200 kV,0.8638100530504775,0.9506930907988713,4,0.10538544738960984,0.06857578465247008,0.9631903372628602,9.948870680285623e-07
Lithuania,complete,110.0,<200 kV,<200 kV,0.8638100530504775,0.9506930907988713,5,0.036809662737139766,0.02395256240323195,0.9871428996660921,9.948870680285623e-07
Lithuania,complete,110.0,<200 kV,<200 kV,0.8638100530504775,0.9506930907988713,6,0.012857100333907813,0.008366295020731586,0.9955091946868238,9.948870680285623e-07
Lithuania,complete,110.0,<200 kV,<200 kV,0.8638100530504775,0.9506930907988713,7,0.004490805313176228,0.002922229830595224,0.998431424517419,9.948870680285623e-07
Lithuania,complete,110.0,<200 kV,<200 kV,0.8638100530504775,0.9506930907988713,8,0.001568575482581004,0.0010206940063265733,0.9994521185237455,9.948870680285623e-07
Lithuania,complete,110.0,<200 kV,<200 kV,0.8638100530504775,0.9506930907988713,9,0.0005478814762544306,0.000356514139867906,0.9998086326636134,9.948870680285623e-07
Lithuania,complete,110.0,<200 kV,<200 kV,0.8638100530504775,0.9506930907988713,10,0.0001913673363865246,0.0001245254024594382,0.9999331580660729,9.948870680285623e-07
Lithuania,complete,110.0,<200 kV,<200 kV,0.8638100530504775,0.9506930907988713,11,6.68419339270864e-05,4.349498133069963e-05,0.9999766530474036,9.948870680285623e-07
Lithuania,complete,110.0,<200 kV,<200 kV,0.8638100530504775,0.9506930907988713,12,2.3346952596386768e-05,1.5192188610465533e-05,0.999991845236014,9.948870680285623e-07
Lithuania,complete,110.0,<200 kV,<200 kV,0.8638100530504775,0.9506930907988713,13,8.154763985921235e-06,5.306418987081019e-06,0.9999971516550011,9.948870680285623e-07
Lithuania,complete,110.0,<200 kV,<200 kV,0.8638100530504775,0.9506930907988713,14,2.8483449988402167e-06,1.8534579308116545e-06,0.9999990051129319,9.948870680285623e-07
Lithuania,complete,330.0,330 kV,300-349 kV,0.8968564315349778,0.829577101584143,1,1.0,0.10314356846502215,0.10314356846502215,4.683447986326005e-07
Lithuania,complete,330.0,330 kV,300-349 kV,0.8968564315349778,0.829577101584143,2,0.8968564315349778,0.6281922160543691,0.7313357845193913,4.683447986326005e-07
Lithuania,complete,330.0,330 kV,300-349 kV,0.8968564315349778,0.829577101584143,3,0.26866421548060865,0.18818259306945706,0.9195183775888484,4.683447986326005e-07
Lithuania,complete,330.0,330 kV,300-349 kV,0.8968564315349778,0.829577101584143,4,0.08048162241115159,0.05637237684473306,0.9758907544335814,4.683447986326005e-07
Lithuania,complete,330.0,330 kV,300-349 kV,0.8968564315349778,0.829577101584143,5,0.024109245566418528,0.01688702881223276,0.9927777832458142,4.683447986326005e-07
Lithuania,complete,330.0,330 kV,300-349 kV,0.8968564315349778,0.829577101584143,6,0.007222216754185768,0.005058714180007539,0.9978364974258218,4.683447986326005e-07
Lithuania,complete,330.0,330 kV,300-349 kV,0.8968564315349778,0.829577101584143,7,0.002163502574178229,0.001515399152778834,0.9993518965786007,4.683447986326005e-07
Lithuania,complete,330.0,330 kV,300-349 kV,0.8968564315349778,0.829577101584143,8,0.000648103421399395,0.0004539561854114062,0.9998058527640121,4.683447986326005e-07
Lithuania,complete,330.0,330 kV,300-349 kV,0.8968564315349778,0.829577101584143,9,0.00019414723598798876,0.00013598807805546598,0.9999418408420676,4.683447986326005e-07
Lithuania,complete,330.0,330 kV,300-349 kV,0.8968564315349778,0.829577101584143,10,5.8159157932522796e-05,4.073687718663885e-05,0.9999825777192543,4.683447986326005e-07
Lithuania,complete,330.0,330 kV,300-349 kV,0.8968564315349778,0.829577101584143,11,1.7422280745883948e-05,1.2203225360993982e-05,0.9999947809446152,4.683447986326005e-07
Lithuania,complete,330.0,330 kV,300-349 kV,0.8968564315349778,0.829577101584143,12,5.219055384889966e-06,3.6556240805824566e-06,0.9999984365686958,4.683447986326005e-07
Lithuania,complete,330.0,330 kV,300-349 kV,0.8968564315349778,0.829577101584143,13,1.5634313043075094e-06,1.0950865056749088e-06,0.9999995316552015,4.683447986326005e-07
Netherlands,complete,150.0,<200 kV,<200 kV,0.9341920712888776,2.561999920265477,1,1.0,0.0658079287111224,0.0658079287111224,7.377978958801636e-07
Netherlands,complete,150.0,<200 kV,<200 kV,0.9341920712888776,2.561999920265477,2,0.9341920712888776,0.3018933224816226,0.367701251192745,7.377978958801636e-07
Netherlands,complete,150.0,<200 kV,<200 kV,0.9341920712888776,2.561999920265477,3,0.632298748807255,0.20433353690856548,0.5720347881013105,7.377978958801636e-07
Netherlands,complete,150.0,<200 kV,<200 kV,0.9341920712888776,2.561999920265477,4,0.4279652118986895,0.13830115208363275,0.7103359401849432,7.377978958801636e-07
Netherlands,complete,150.0,<200 kV,<200 kV,0.9341920712888776,2.561999920265477,5,0.2896640598150568,0.09360777950131174,0.8039437196862549,7.377978958801636e-07
Netherlands,complete,150.0,<200 kV,<200 kV,0.9341920712888776,2.561999920265477,6,0.19605628031374503,0.06335750824307976,0.8673012279293346,7.377978958801636e-07
Netherlands,complete,150.0,<200 kV,<200 kV,0.9341920712888776,2.561999920265477,7,0.13269877207066527,0.04288290858043127,0.9101841365097659,7.377978958801636e-07
Netherlands,complete,150.0,<200 kV,<200 kV,0.9341920712888776,2.561999920265477,8,0.089815863490234,0.029024876440251854,0.9392090129500178,7.377978958801636e-07
Netherlands,complete,150.0,<200 kV,<200 kV,0.9341920712888776,2.561999920265477,9,0.06079098704998215,0.019645203188393724,0.9588542161384115,7.377978958801636e-07
Netherlands,complete,150.0,<200 kV,<200 kV,0.9341920712888776,2.561999920265477,10,0.041145783861588424,0.013296663264276993,0.9721508794026885,7.377978958801636e-07
Netherlands,complete,150.0,<200 kV,<200 kV,0.9341920712888776,2.561999920265477,11,0.02784912059731143,0.008999716229355498,0.981150595632044,7.377978958801636e-07
Netherlands,complete,150.0,<200 kV,<200 kV,0.9341920712888776,2.561999920265477,12,0.018849404367955933,0.006091369736836659,0.9872419653688806,7.377978958801636e-07
Netherlands,complete,150.0,<200 kV,<200 kV,0.9341920712888776,2.561999920265477,13,0.012758034631119275,0.00412288391380833,0.991364849282689,7.377978958801636e-07
Netherlands,complete,150.0,<200 kV,<200 kV,0.9341920712888776,2.561999920265477,14,0.008635150717310944,0.002790533574730425,0.9941553828574194,7.377978958801636e-07
Netherlands,complete,150.0,<200 kV,<200 kV,0.9341920712888776,2.561999920265477,15,0.005844617142580519,0.0018887453041346383,0.9960441281615541,7.377978958801636e-07
Netherlands,complete,150.0,<200 kV,<200 kV,0.9341920712888776,2.561999920265477,16,0.003955871838445881,0.001278378750284444,0.9973225069118385,7.377978958801636e-07
Netherlands,complete,150.0,<200 kV,<200 kV,0.9341920712888776,2.561999920265477,17,0.002677493088161437,0.0008652581296172037,0.9981877650414558,7.377978958801636e-07
Netherlands,complete,150.0,<200 kV,<200 kV,0.9341920712888776,2.561999920265477,18,0.0018122349585442332,0.0005856414859071151,0.9987734065273629,7.377978958801636e-07
Netherlands,complete,150.0,<200 kV,<200 kV,0.9341920712888776,2.561999920265477,19,0.001226593472637118,0.000396385700724047,0.999169792228087,7.377978958801636e-07
Netherlands,complete,150.0,<200 kV,<200 kV,0.9341920712888776,2.561999920265477,20,0.000830207771913071,0.00026828977714091467,0.9994380820052279,7.377978958801636e-07
Netherlands,complete,150.0,<200 kV,<200 kV,0.9341920712888776,2.561999920265477,21,0.0005619179947721564,0.00018158930654370775,0.9996196713117715,7.377978958801636e-07
Netherlands,complete,150.0,<200 kV,<200 kV,0.9341920712888776,2.561999920265477,22,0.0003803286882284486,0.00012290694264398077,0.9997425782544155,7.377978958801636e-07
Netherlands,complete,150.0,<200 kV,<200 kV,0.9341920712888776,2.561999920265477,23,0.00025742174558446784,8.318835969812308e-05,0.9998257666141136,7.377978958801636e-07
Netherlands,complete,150.0,<200 kV,<200 kV,0.9341920712888776,2.561999920265477,24,0.00017423338588634475,5.630522605472428e-05,0.9998820718401683,7.377978958801636e-07
Netherlands,complete,150.0,<200 kV,<200 kV,0.9341920712888776,2.561999920265477,25,0.00011792815983162047,3.8109640490304074e-05,0.9999201814806586,7.377978958801636e-07
Netherlands,complete,150.0,<200 kV,<200 kV,0.9341920712888776,2.561999920265477,26,7.98185193413164e-05,2.5794136709240327e-05,0.9999459756173679,7.377978958801636e-07
Netherlands,complete,150.0,<200 kV,<200 kV,0.9341920712888776,2.561999920265477,27,5.402438263207607e-05,1.7458508661194323e-05,0.9999634341260291,7.377978958801636e-07
Netherlands,complete,150.0,<200 kV,<200 kV,0.9341920712888776,2.561999920265477,28,3.656587397088175e-05,1.1816620502123909e-05,0.9999752507465312,7.377978958801636e-07
Netherlands,complete,150.0,<200 kV,<200 kV,0.9341920712888776,2.561999920265477,29,2.474925346875784e-05,7.997963789517864e-06,0.9999832487103206,7.377978958801636e-07
Netherlands,complete,150.0,<200 kV,<200 kV,0.9341920712888776,2.561999920265477,30,1.6751289679239976e-05,5.413343414637124e-06,0.9999886620537353,7.377978958801636e-07
Netherlands,complete,150.0,<200 kV,<200 kV,0.9341920712888776,2.561999920265477,31,1.1337946264602852e-05,3.663968441967887e-06,0.9999923260221772,7.377978958801636e-07
Netherlands,complete,150.0,<200 kV,<200 kV,0.9341920712888776,2.561999920265477,32,7.673977822634965e-06,2.479921134771821e-06,0.999994805943312,7.377978958801636e-07
Netherlands,complete,150.0,<200 kV,<200 kV,0.9341920712888776,2.561999920265477,33,5.194056687863144e-06,1.6785103180050594e-06,0.99999648445363,7.377978958801636e-07
Netherlands,complete,150.0,<200 kV,<200 kV,0.9341920712888776,2.561999920265477,34,3.515546369858084e-06,1.1360832601270031e-06,0.9999976205368901,7.377978958801636e-07
Netherlands,complete,150.0,<200 kV,<200 kV,0.9341920712888776,2.561999920265477,35,2.379463109731081e-06,7.68946821533274e-07,0.9999983894837117,7.377978958801636e-07
Netherlands,complete,150.0,<200 kV,<200 kV,0.9341920712888776,2.561999920265477,36,1.610516288197807e-06,5.204541208362059e-07,0.9999989099378325,7.377978958801636e-07
Netherlands,complete,150.0,<200 kV,<200 kV,0.9341920712888776,2.561999920265477,37,1.0900621673616012e-06,3.5226427148143753e-07,0.999999262202104,7.377978958801636e-07
Netherlands,complete,220.0,220 kV,200-299 kV,0.9999999999999999,3.0006323064167657,1,1.0,1.1102230246251565e-16,1.1102230246251565e-16,8.339854685673996e-07
Netherlands,complete,220.0,220 kV,200-299 kV,0.9999999999999999,3.0006323064167657,2,0.9999999999999999,0.283418357450408,0.2834183574504081,8.339854685673996e-07
Netherlands,complete,220.0,220 kV,200-299 kV,0.9999999999999999,3.0006323064167657,3,0.7165816425495919,0.20309239211052077,0.4865107495609289,8.339854685673996e-07
Netherlands,complete,220.0,220 kV,200-299 kV,0.9999999999999999,3.0006323064167657,4,0.5134892504390711,0.14553227992788265,0.6320430294888115,8.339854685673996e-07
Netherlands,complete,220.0,220 kV,200-299 kV,0.9999999999999999,3.0006323064167657,5,0.3679569705111885,0.10428576019470931,0.7363287896835209,8.339854685673996e-07
Netherlands,complete,220.0,220 kV,200-299 kV,0.9999999999999999,3.0006323064167657,6,0.26367121031647917,0.07472926133485755,0.8110580510183785,8.339854685673996e-07
Netherlands,complete,220.0,220 kV,200-299 kV,0.9999999999999999,3.0006323064167657,7,0.18894194898162162,0.05354961683384998,0.8646076678522284,8.339854685673996e-07
Netherlands,complete,220.0,220 kV,200-299 kV,0.9999999999999999,3.0006323064167657,8,0.13539233214777163,0.0383726723887015,0.9029803402409299,8.339854685673996e-07
Netherlands,complete,220.0,220 kV,200-299 kV,0.9999999999999999,3.0006323064167657,9,0.09701965975907013,0.027497152609313125,0.9304774928502431,8.339854685673996e-07
Netherlands,complete,220.0,220 kV,200-299 kV,0.9999999999999999,3.0006323064167657,10,0.06952250714975701,0.019703954782218355,0.9501814476324614,8.339854685673996e-07
Netherlands,complete,220.0,220 kV,200-299 kV,0.9999999999999999,3.0006323064167657,11,0.049818552367538654,0.014119492282564948,0.9643009399150263,8.339854685673996e-07
Netherlands,complete,220.0,220 kV,200-299 kV,0.9999999999999999,3.0006323064167657,12,0.035699060084973706,0.010117768971806673,0.974418708886833,8.339854685673996e-07
Netherlands,complete,220.0,220 kV,200-299 kV,0.9999999999999999,3.0006323064167657,13,0.025581291113167034,0.007250207508754516,0.9816689163955875,8.339854685673996e-07
Netherlands,complete,220.0,220 kV,200-299 kV,0.9999999999999999,3.0006323064167657,14,0.018331083604412518,0.005195365605448697,0.9868642820010362,8.339854685673996e-07
Netherlands,complete,220.0,220 kV,200-299 kV,0.9999999999999999,3.0006323064167657,15,0.013135717998963821,0.0037229036191980883,0.9905871856202343,8.339854685673996e-07
Netherlands,complete,220.0,220 kV,200-299 kV,0.9999999999999999,3.0006323064167657,16,0.009412814379765733,0.0026677643904987856,0.993254950010733,8.339854685673996e-07
Netherlands,complete,220.0,220 kV,200-299 kV,0.9999999999999999,3.0006323064167657,17,0.006745049989266947,0.0019116709888789309,0.995166620999612,8.339854685673996e-07
Netherlands,complete,220.0,220 kV,200-299 kV,0.9999999999999999,3.0006323064167657,18,0.0048333790003880165,0.001369868337225267,0.9965364893368373,8.339854685673996e-07
Netherlands,complete,220.0,220 kV,200-299 kV,0.9999999999999999,3.0006323064167657,19,0.0034635106631627495,0.000981622503165558,0.9975181118400028,8.339854685673996e-07
Netherlands,complete,220.0,220 kV,200-299 kV,0.9999999999999999,3.0006323064167657,20,0.0024818881599971915,0.0007034126656820198,0.9982215245056848,8.339854685673996e-07
Netherlands,complete,220.0,220 kV,200-299 kV,0.9999999999999999,3.0006323064167657,21,0.0017784754943151718,0.0005040526033646088,0.9987255771090494,8.339854685673996e-07
Netherlands,complete,220.0,220 kV,200-299 kV,0.9999999999999999,3.0006323064167657,22,0.001274422890950563,0.00036119484245040903,0.9990867719514999,8.339854685673996e-07
Netherlands,complete,220.0,220 kV,200-299 kV,0.9999999999999999,3.0006323064167657,23,0.000913228048500154,0.00025882559348355534,0.9993455975449834,8.339854685673996e-07
Netherlands,complete,220.0,220 kV,200-299 kV,0.9999999999999999,3.0006323064167657,24,0.0006544024550165986,0.0001854696689123185,0.9995310672138957,8.339854685673996e-07
Netherlands,complete,220.0,220 kV,200-299 kV,0.9999999999999999,3.0006323064167657,25,0.0004689327861042801,0.00013290415999231864,0.9996639713738881,8.339854685673996e-07
Netherlands,complete,220.0,220 kV,200-299 kV,0.9999999999999999,3.0006323064167657,26,0.0003360286261119615,9.523668126896963e-05,0.9997592080551571,8.339854685673996e-07
Netherlands,complete,220.0,220 kV,200-299 kV,0.9999999999999999,3.0006323064167657,27,0.00024079194484299184,6.824485749468972e-05,0.9998274529126517,8.339854685673996e-07
Netherlands,complete,220.0,220 kV,200-299 kV,0.9999999999999999,3.0006323064167657,28,0.00017254708734830212,4.8903012079107885e-05,0.9998763559247309,8.339854685673996e-07
Netherlands,complete,220.0,220 kV,200-299 kV,0.9999999999999999,3.0006323064167657,29,0.00012364407526919424,3.504300072126965e-05,0.9999113989254522,8.339854685673996e-07
Netherlands,complete,220.0,220 kV,200-299 kV,0.9999999999999999,3.0006323064167657,30,8.860107454792458e-05,2.5111171016713944e-05,0.9999365100964689,8.339854685673996e-07
Netherlands,complete,220.0,220 kV,200-299 kV,0.9999999999999999,3.0006323064167657,31,6.348990353121064e-05,1.7994204173500587e-05,0.9999545043006424,8.339854685673996e-07
Netherlands,complete,220.0,220 kV,200-299 kV,0.9999999999999999,3.0006323064167657,32,4.549569935771005e-05,1.2894316383019774e-05,0.9999673986170254,8.339854685673996e-07
Netherlands,complete,220.0,220 kV,200-299 kV,0.9999999999999999,3.0006323064167657,33,3.260138297469028e-05,9.239830413298415e-06,0.9999766384474388,8.339854685673996e-07
Netherlands,complete,220.0,220 kV,200-299 kV,0.9999999999999999,3.0006323064167657,34,2.3361552561391864e-05,6.621092854441058e-06,0.9999832595402932,8.339854685673996e-07
Netherlands,complete,220.0,220 kV,200-299 kV,0.9999999999999999,3.0006323064167657,35,1.6740459706950806e-05,4.744553593108736e-06,0.9999880040938863,8.339854685673996e-07
Netherlands,complete,220.0,220 kV,200-299 kV,0.9999999999999999,3.0006323064167657,36,1.199590611384207e-05,3.399860006914428e-06,0.9999914039538933,8.339854685673996e-07
Netherlands,complete,220.0,220 kV,200-299 kV,0.9999999999999999,3.0006323064167657,37,8.596046106927641e-06,2.4362772681933962e-06,0.9999938402311614,8.339854685673996e-07
Netherlands,complete,220.0,220 kV,200-299 kV,0.9999999999999999,3.0006323064167657,38,6.159768838734245e-06,1.7457915665482679e-06,0.999995586022728,8.339854685673996e-07
Netherlands,complete,220.0,220 kV,200-299 kV,0.9999999999999999,3.0006323064167657,39,4.413977272185977e-06,1.2510021883063823e-06,0.9999968370249163,8.339854685673996e-07
Netherlands,complete,220.0,220 kV,200-299 kV,0.9999999999999999,3.0006323064167657,40,3.162975083879595e-06,8.964452029297219e-07,0.9999977334701192,8.339854685673996e-07
Netherlands,complete,220.0,220 kV,200-299 kV,0.9999999999999999,3.0006323064167657,41,2.266529880949873e-06,6.42376175971082e-07,0.9999983758462951,8.339854685673996e-07
Netherlands,complete,220.0,220 kV,200-299 kV,0.9999999999999999,3.0006323064167657,42,1.624153704978791e-06,4.6031497531208364e-07,0.9999988361612705,8.339854685673996e-07
Netherlands,complete,220.0,220 kV,200-299 kV,0.9999999999999999,3.0006323064167657,43,1.1638387296667074e-06,3.298532610993078e-07,0.9999991660145316,8.339854685673996e-07
Netherlands,complete,400.0,400 kV,>=350 kV,0.9753875931694569,2.8232958651910383,1,1.0,0.02461240683054311,0.02461240683054311,9.772112913398778e-07
Netherlands,complete,400.0,400 kV,>=350 kV,0.9753875931694569,2.8232958651910383,2,0.9753875931694569,0.29092160173917136,0.3155340085697145,9.772112913398778e-07
Netherlands,complete,400.0,400 kV,>=350 kV,0.9753875931694569,2.8232958651910383,3,0.6844659914302855,0.20415057968478173,0.5196845882544963,9.772112913398778e-07
Netherlands,complete,400.0,400 kV,>=350 kV,0.9753875931694569,2.8232958651910383,4,0.4803154117455038,0.1432601049096337,0.66294469316413,9.772112913398778e-07
Netherlands,complete,400.0,400 kV,>=350 kV,0.9753875931694569,2.8232958651910383,5,0.3370553068358701,0.1005309790959619,0.7634756722600918,9.772112913398778e-07
Netherlands,complete,400.0,400 kV,>=350 kV,0.9753875931694569,2.8232958651910383,6,0.2365243277399082,0.07054635178696622,0.834022024047058,9.772112913398778e-07
Netherlands,complete,400.0,400 kV,>=350 kV,0.9753875931694569,2.8232958651910383,7,0.16597797595294198,0.04950501621693949,0.8835270402639975,9.772112913398778e-07
Netherlands,complete,400.0,400 kV,>=350 kV,0.9753875931694569,2.8232958651910383,8,0.11647295973600248,0.03473952328591186,0.9182665635499094,9.772112913398778e-07
Netherlands,complete,400.0,400 kV,>=350 kV,0.9753875931694569,2.8232958651910383,9,0.08173343645009062,0.024378024094444388,0.9426445876443538,9.772112913398778e-07
Netherlands,complete,400.0,400 kV,>=350 kV,0.9753875931694569,2.8232958651910383,10,0.057355412355646236,0.017106972190096714,0.9597515598344505,9.772112913398778e-07
Netherlands,complete,400.0,400 kV,>=350 kV,0.9753875931694569,2.8232958651910383,11,0.04024844016554952,0.012004602849639275,0.9717561626840897,9.772112913398778e-07
Netherlands,complete,400.0,400 kV,>=350 kV,0.9753875931694569,2.8232958651910383,12,0.028243837315910247,0.008424079257052505,0.9801802419411422,9.772112913398778e-07
Netherlands,complete,400.0,400 kV,>=350 kV,0.9753875931694569,2.8232958651910383,13,0.01981975805885774,0.005911491801766236,0.9860917337429084,9.772112913398778e-07
Netherlands,complete,400.0,400 kV,>=350 kV,0.9753875931694569,2.8232958651910383,14,0.013908266257091505,0.004148315116229873,0.9902400488591383,9.772112913398778e-07
Netherlands,complete,400.0,400 kV,>=350 kV,0.9753875931694569,2.8232958651910383,15,0.009759951140861632,0.0029110280248379437,0.9931510768839762,9.772112913398778e-07
Netherlands,complete,400.0,400 kV,>=350 kV,0.9753875931694569,2.8232958651910383,16,0.006848923116023689,0.00204277735031215,0.9951938542342883,9.772112913398778e-07
Netherlands,complete,400.0,400 kV,>=350 kV,0.9753875931694569,2.8232958651910383,17,0.004806145765711539,0.0014334933457676472,0.996627347580056,9.772112913398778e-07
Netherlands,complete,400.0,400 kV,>=350 kV,0.9753875931694569,2.8232958651910383,18,0.0033726524199438916,0.001005935948940358,0.9976332835289964,9.772112913398778e-07
Netherlands,complete,400.0,400 kV,>=350 kV,0.9753875931694569,2.8232958651910383,19,0.0023667164710035335,0.0007059029163673269,0.9983391864453637,9.772112913398778e-07
Netherlands,complete,400.0,400 kV,>=350 kV,0.9753875931694569,2.8232958651910383,20,0.0016608135546362067,0.0004953585045457403,0.9988345449499094,9.772112913398778e-07
Netherlands,complete,400.0,400 kV,>=350 kV,0.9753875931694569,2.8232958651910383,21,0.0011654550500904664,0.0003476116082485577,0.999182156558158,9.772112913398778e-07
Netherlands,complete,400.0,400 kV,>=350 kV,0.9753875931694569,2.8232958651910383,22,0.0008178434418419087,0.00024393207965603988,0.999426088637814,9.772112913398778e-07
Netherlands,complete,400.0,400 kV,>=350 kV,0.9753875931694569,2.8232958651910383,23,0.0005739113621858688,0.0001711762728095473,0.9995972649106235,9.772112913398778e-07
Netherlands,complete,400.0,400 kV,>=350 kV,0.9753875931694569,2.8232958651910383,24,0.00040273508937632154,0.00012012079925807794,0.9997173857098816,9.772112913398778e-07
Netherlands,complete,400.0,400 kV,>=350 kV,0.9753875931694569,2.8232958651910383,25,0.0002826142901182436,8.429326201332362e-05,0.9998016789718949,9.772112913398778e-07
Netherlands,complete,400.0,400 kV,>=350 kV,0.9753875931694569,2.8232958651910383,26,0.00019832102810491998,5.915173779006509e-05,0.9998608307096849,9.772112913398778e-07
Netherlands,complete,400.0,400 kV,>=350 kV,0.9753875931694569,2.8232958651910383,27,0.0001391692903148549,4.150898897508066e-05,0.9999023396986599,9.772112913398778e-07
Netherlands,complete,400.0,400 kV,>=350 kV,0.9753875931694569,2.8232958651910383,28,9.766030133977423e-05,2.9128411608944055e-05,0.9999314681102689,9.772112913398778e-07
Netherlands,complete,400.0,400 kV,>=350 kV,0.9753875931694569,2.8232958651910383,29,6.853188973083017e-05,2.044049695764548e-05,0.9999519086072265,9.772112913398778e-07
Netherlands,complete,400.0,400 kV,>=350 kV,0.9753875931694569,2.8232958651910383,30,4.8091392773184695e-05,1.4343861982066252e-05,0.9999662524692086,9.772112913398778e-07
Netherlands,complete,400.0,400 kV,>=350 kV,0.9753875931694569,2.8232958651910383,31,3.374753079111844e-05,1.0065624969240831e-05,0.9999763180941778,9.772112913398778e-07
Netherlands,complete,400.0,400 kV,>=350 kV,0.9753875931694569,2.8232958651910383,32,2.3681905821877612e-05,7.063425885446839e-06,0.9999833815200632,9.772112913398778e-07
Netherlands,complete,400.0,400 kV,>=350 kV,0.9753875931694569,2.8232958651910383,33,1.6618479936430772e-05,4.956670389733766e-06,0.9999883381904529,9.772112913398778e-07
Netherlands,complete,400.0,400 kV,>=350 kV,0.9753875931694569,2.8232958651910383,34,1.1661809546697006e-05,3.478281184075743e-06,0.9999918164716369,9.772112913398778e-07
Netherlands,complete,400.0,400 kV,>=350 kV,0.9753875931694569,2.8232958651910383,35,8.183528362621263e-06,2.440840129404951e-06,0.9999942573117664,9.772112913398778e-07
Netherlands,complete,400.0,400 kV,>=350 kV,0.9753875931694569,2.8232958651910383,36,5.742688233216312e-06,1.7128289008344276e-06,0.9999959701406672,9.772112913398778e-07
Netherlands,complete,400.0,400 kV,>=350 kV,0.9753875931694569,2.8232958651910383,37,4.029859332381884e-06,1.2019561659078933e-06,0.9999971720968331,9.772112913398778e-07
Netherlands,complete,400.0,400 kV,>=350 kV,0.9753875931694569,2.8232958651910383,38,2.827903166473991e-06,8.434576413675552e-07,0.9999980155544745,9.772112913398778e-07
Netherlands,complete,400.0,400 kV,>=350 kV,0.9753875931694569,2.8232958651910383,39,1.984445525106436e-06,5.918858049569172e-07,0.9999986074402795,9.772112913398778e-07
Netherlands,complete,400.0,400 kV,>=350 kV,0.9753875931694569,2.8232958651910383,40,1.3925597201495187e-06,4.153484288096409e-07,0.9999990227887082,9.772112913398778e-07
Portugal,complete,150.0,<200 kV,<200 kV,0.6971157970964631,3.181896499468369,1,1.0,0.3028842029035369,0.3028842029035369,9.424746393616583e-07
Portugal,complete,150.0,<200 kV,<200 kV,0.6971157970964631,3.181896499468369,2,0.6971157970964631,0.18800098518686248,0.4908851880903994,9.424746393616583e-07
Portugal,complete,150.0,<200 kV,<200 kV,0.6971157970964631,3.181896499468369,3,0.5091148119096006,0.13730012518850548,0.6281853132789048,9.424746393616583e-07
Portugal,complete,150.0,<200 kV,<200 kV,0.6971157970964631,3.181896499468369,4,0.37181468672109513,0.10027247654070581,0.7284577898196106,9.424746393616583e-07
Portugal,complete,150.0,<200 kV,<200 kV,0.6971157970964631,3.181896499468369,5,0.2715422101803893,0.07323059274565147,0.8016883825652621,9.424746393616583e-07
Portugal,complete,150.0,<200 kV,<200 kV,0.6971157970964631,3.181896499468369,6,0.19831161743473785,0.053481472672138985,0.8551698552374011,9.424746393616583e-07
Portugal,complete,150.0,<200 kV,<200 kV,0.6971157970964631,3.181896499468369,7,0.14483014476259887,0.039058374539110916,0.894228229776512,9.424746393616583e-07
Portugal,complete,150.0,<200 kV,<200 kV,0.6971157970964631,3.181896499468369,8,0.10577177022348795,0.028524955380149833,0.9227531851566618,9.424746393616583e-07
Portugal,complete,150.0,<200 kV,<200 kV,0.6971157970964631,3.181896499468369,9,0.07724681484333812,0.020832230963036373,0.9435854161196982,9.424746393616583e-07
Portugal,complete,150.0,<200 kV,<200 kV,0.6971157970964631,3.181896499468369,10,0.056414583880301745,0.015214111332117787,0.958799527451816,9.424746393616583e-07
Portugal,complete,150.0,<200 kV,<200 kV,0.6971157970964631,3.181896499468369,11,0.04120047254818396,0.011111108744751418,0.9699106361965674,9.424746393616583e-07
Portugal,complete,150.0,<200 kV,<200 kV,0.6971157970964631,3.181896499468369,12,0.03008936380343254,0.008114620357553708,0.9780252565541211,9.424746393616583e-07
Portugal,complete,150.0,<200 kV,<200 kV,0.6971157970964631,3.181896499468369,13,0.021974743445878832,0.005926236981375,0.983951493535496,9.424746393616583e-07
Portugal,complete,150.0,<200 kV,<200 kV,0.6971157970964631,3.181896499468369,14,0.016048506464503832,0.004328025614497667,0.9882795191499937,9.424746393616583e-07
Portugal,complete,150.0,<200 kV,<200 kV,0.6971157970964631,3.181896499468369,15,0.011720480850006165,0.0031608263015161803,0.9914403454515098,9.424746393616583e-07
Portugal,complete,150.0,<200 kV,<200 kV,0.6971157970964631,3.181896499468369,16,0.008559654548489984,0.0023084019823935336,0.9937487474339034,9.424746393616583e-07
Portugal,complete,150.0,<200 kV,<200 kV,0.6971157970964631,3.181896499468369,17,0.006251252566096451,0.0016858628738195313,0.995434610307723,9.424746393616583e-07
Portugal,complete,150.0,<200 kV,<200 kV,0.6971157970964631,3.181896499468369,18,0.004565389692276919,0.0012312126098488634,0.9966658229175718,9.424746393616583e-07
Portugal,complete,150.0,<200 kV,<200 kV,0.6971157970964631,3.181896499468369,19,0.003334177082428056,0.000899174253251353,0.9975649971708231,9.424746393616583e-07
Portugal,complete,150.0,<200 kV,<200 kV,0.6971157970964631,3.181896499468369,20,0.002435002829176703,0.0006566813328929234,0.998221678503716,9.424746393616583e-07
Portugal,complete,150.0,<200 kV,<200 kV,0.6971157970964631,3.181896499468369,21,0.0017783214962837795,0.00047958487624698504,0.998701263379963,9.424746393616583e-07
Portugal,complete,150.0,<200 kV,<200 kV,0.6971157970964631,3.181896499468369,22,0.0012987366200367945,0.0003502485025904349,0.9990515118825535,9.424746393616583e-07
Portugal,complete,150.0,<200 kV,<200 kV,0.6971157970964631,3.181896499468369,23,0.0009484881174463595,0.0002557920811157194,0.9993073039636692,9.424746393616583e-07
Portugal,complete,150.0,<200 kV,<200 kV,0.6971157970964631,3.181896499468369,24,0.0006926960363306401,0.00018680904637020446,0.9994941130100394,9.424746393616583e-07
Portugal,complete,150.0,<200 kV,<200 kV,0.6971157970964631,3.181896499468369,25,0.0005058869899604357,0.00013642963321431912,0.9996305426432538,9.424746393616583e-07
Portugal,complete,150.0,<200 kV,<200 kV,0.6971157970964631,3.181896499468369,26,0.00036945735674611654,9.963674233477867e-05,0.9997301793855886,9.424746393616583e-07
Portugal,complete,150.0,<200 kV,<200 kV,0.6971157970964631,3.181896499468369,27,0.0002698206144113379,7.276630589112408e-05,0.9998029456914798,9.424746393616583e-07
Portugal,complete,150.0,<200 kV,<200 kV,0.6971157970964631,3.181896499468369,28,0.0001970543085202138,5.314239655939112e-05,0.9998560880880392,9.424746393616583e-07
Portugal,complete,150.0,<200 kV,<200 kV,0.6971157970964631,3.181896499468369,29,0.00014391191196082268,3.881074183291796e-05,0.999894898829872,9.424746393616583e-07
Portugal,complete,150.0,<200 kV,<200 kV,0.6971157970964631,3.181896499468369,30,0.00010510117012790472,2.834410525573551e-05,0.9999232429351278,9.424746393616583e-07
Portugal,complete,150.0,<200 kV,<200 kV,0.6971157970964631,3.181896499468369,31,7.675706487216921e-05,2.070015322579602e-05,0.9999439430883535,9.424746393616583e-07
Portugal,complete,150.0,<200 kV,<200 kV,0.6971157970964631,3.181896499468369,32,5.605691164637319e-05,1.5117652848989744e-05,0.9999590607412026,9.424746393616583e-07
Portugal,complete,150.0,<200 kV,<200 kV,0.6971157970964631,3.181896499468369,33,4.093925879738345e-05,1.1040663572372024e-05,0.9999701014047749,9.424746393616583e-07
Portugal,complete,150.0,<200 kV,<200 kV,0.6971157970964631,3.181896499468369,34,2.9898595225011424e-05,8.063173121907557e-06,0.9999781645778968,9.424746393616583e-07
Portugal,complete,150.0,<200 kV,<200 kV,0.6971157970964631,3.181896499468369,35,2.1835422103103867e-05,5.88866424265878e-06,0.9999840532421395,9.424746393616583e-07
Portugal,complete,150.0,<200 kV,<200 kV,0.6971157970964631,3.181896499468369,36,1.5946757860445087e-05,4.300585642710924e-06,0.9999883538277822,9.424746393616583e-07
Portugal,complete,150.0,<200 kV,<200 kV,0.6971157970964631,3.181896499468369,37,1.1646172217734163e-05,3.1407864514177936e-06,0.9999914946142336,9.424746393616583e-07
Portugal,complete,150.0,<200 kV,<200 kV,0.6971157970964631,3.181896499468369,38,8.50538576631637e-06,2.293766559475239e-06,0.9999937883807931,9.424746393616583e-07
Portugal,complete,150.0,<200 kV,<200 kV,0.6971157970964631,3.181896499468369,39,6.21161920684113e-06,1.675174390475306e-06,0.9999954635551835,9.424746393616583e-07
Portugal,complete,150.0,<200 kV,<200 kV,0.6971157970964631,3.181896499468369,40,4.5364448163658245e-06,1.2234066395781242e-06,0.9999966869618231,9.424746393616583e-07
Portugal,complete,150.0,<200 kV,<200 kV,0.6971157970964631,3.181896499468369,41,3.3130381767877003e-06,8.934734283629877e-07,0.9999975804352514,9.424746393616583e-07
Portugal,complete,150.0,<200 kV,<200 kV,0.6971157970964631,3.181896499468369,42,2.4195647484247126e-06,6.525179293337755e-07,0.9999982329531808,9.424746393616583e-07
Portugal,complete,150.0,<200 kV,<200 kV,0.6971157970964631,3.181896499468369,43,1.7670468190909371e-06,4.7654427606442565e-07,0.9999987094974568,9.424746393616583e-07
Portugal,complete,150.0,<200 kV,<200 kV,0.6971157970964631,3.181896499468369,44,1.2905025430265115e-06,3.480279036648532e-07,0.9999990575253606,9.424746393616583e-07
Portugal,complete,220.0,220 kV,200-299 kV,0.8791640067768935,3.0755105956343045,1,1.0,0.12083599322310645,0.12083599322310645,7.447612981060566e-07
Portugal,complete,220.0,220 kV,200-299 kV,0.8791640067768935,3.0755105956343045,2,0.8791640067768935,0.24403877058976597,0.3648747638128724,7.447612981060566e-07
Portugal,complete,220.0,220 kV,200-299 kV,0.8791640067768935,3.0755105956343045,3,0.6351252361871276,0.17629837051435926,0.5411731343272317,7.447612981060566e-07
Portugal,complete,220.0,220 kV,200-299 kV,0.8791640067768935,3.0755105956343045,4,0.4588268656727683,0.12736138348388187,0.6685345178111135,7.447612981060566e-07
Portugal,complete,220.0,220 kV,200-299 kV,0.8791640067768935,3.0755105956343045,5,0.33146548218888644,0.09200834900290392,0.7605428668140174,7.447612981060566e-07
Portugal,complete,220.0,220 kV,200-299 kV,0.8791640067768935,3.0755105956343045,6,0.23945713318598252,0.06646862694697031,0.8270114937609877,7.447612981060566e-07
Portugal,complete,220.0,220 kV,200-299 kV,0.8791640067768935,3.0755105956343045,7,0.1729885062390122,0.048018233302676364,0.8750297270636641,7.447612981060566e-07
Portugal,complete,220.0,220 kV,200-299 kV,0.8791640067768935,3.0755105956343045,8,0.12497027293633585,0.034689308857693404,0.9097190359213575,7.447612981060566e-07
Portugal,complete,220.0,220 kV,200-299 kV,0.8791640067768935,3.0755105956343045,9,0.09028096407864244,0.02506023371245887,0.9347792696338164,7.447612981060566e-07
Portugal,complete,220.0,220 kV,200-299 kV,0.8791640067768935,3.0755105956343045,10,0.06522073036618357,0.01810400190731326,0.9528832715411297,7.447612981060566e-07
Portugal,complete,220.0,220 kV,200-299 kV,0.8791640067768935,3.0755105956343045,11,0.04711672845887031,0.01307868429403581,0.9659619558351655,7.447612981060566e-07
Portugal,complete,220.0,220 kV,200-299 kV,0.8791640067768935,3.0755105956343045,12,0.034038044164834504,0.009448296776524374,0.9754102526116899,7.447612981060566e-07
Portugal,complete,220.0,220 kV,200-299 kV,0.8791640067768935,3.0755105956343045,13,0.02458974738831013,0.006825633983533808,0.9822358865952237,7.447612981060566e-07
Portugal,complete,220.0,220 kV,200-299 kV,0.8791640067768935,3.0755105956343045,14,0.01776411340477632,0.004930971198208903,0.9871668577934326,7.447612981060566e-07
Portugal,complete,220.0,220 kV,200-299 kV,0.8791640067768935,3.0755105956343045,15,0.012833142206567418,0.003562229826009136,0.9907290876194418,7.447612981060566e-07
Portugal,complete,220.0,220 kV,200-299 kV,0.8791640067768935,3.0755105956343045,16,0.009270912380558282,0.0025734243464894616,0.9933025119659312,7.447612981060566e-07
Portugal,complete,220.0,220 kV,200-299 kV,0.8791640067768935,3.0755105956343045,17,0.00669748803406882,0.0018590919706391014,0.9951616039365703,7.447612981060566e-07
Portugal,complete,220.0,220 kV,200-299 kV,0.8791640067768935,3.0755105956343045,18,0.004838396063429719,0.0013430443214736765,0.996504648258044,7.447612981060566e-07
Portugal,complete,220.0,220 kV,200-299 kV,0.8791640067768935,3.0755105956343045,19,0.0034953517419560425,0.0009702414285736524,0.9974748896866176,7.447612981060566e-07
Portugal,complete,220.0,220 kV,200-299 kV,0.8791640067768935,3.0755105956343045,20,0.00252511031338239,0.0007009213431524806,0.99817581102977,7.447612981060566e-07
Portugal,complete,220.0,220 kV,200-299 kV,0.8791640067768935,3.0755105956343045,21,0.0018241889702299095,0.000506359257415881,0.998682170287186,7.447612981060566e-07
Portugal,complete,220.0,220 kV,200-299 kV,0.8791640067768935,3.0755105956343045,22,0.0013178297128140285,0.00036580380962230837,0.9990479740968082,7.447612981060566e-07
Portugal,complete,220.0,220 kV,200-299 kV,0.8791640067768935,3.0755105956343045,23,0.0009520259031917201,0.00026426381106782254,0.999312237907876,7.447612981060566e-07
Portugal,complete,220.0,220 kV,200-299 kV,0.8791640067768935,3.0755105956343045,24,0.0006877620921238976,0.00019090933446591195,0.9995031472423419,7.447612981060566e-07
Portugal,complete,220.0,220 kV,200-299 kV,0.8791640067768935,3.0755105956343045,25,0.0004968527576579856,0.0001379166289888387,0.9996410638713308,7.447612981060566e-07
Portugal,complete,220.0,220 kV,200-299 kV,0.8791640067768935,3.0755105956343045,26,0.0003589361286691469,9.963366435097653e-05,0.9997406975356817,7.447612981060566e-07
Portugal,complete,220.0,220 kV,200-299 kV,0.8791640067768935,3.0755105956343045,27,0.0002593024643181704,7.197730356943706e-05,0.9998126748392512,7.447612981060566e-07
Portugal,complete,220.0,220 kV,200-299 kV,0.8791640067768935,3.0755105956343045,28,0.00018732516074873332,5.1997808801619995e-05,0.9998646726480528,7.447612981060566e-07
Portugal,complete,220.0,220 kV,200-299 kV,0.8791640067768935,3.0755105956343045,29,0.00013532735194711333,3.756423186319433e-05,0.999902236879916,7.447612981060566e-07
Portugal,complete,220.0,220 kV,200-299 kV,0.8791640067768935,3.0755105956343045,30,9.7763120083919e-05,2.7137134198390432e-05,0.9999293740141144,7.447612981060566e-07
Portugal,complete,220.0,220 kV,200-299 kV,0.8791640067768935,3.0755105956343045,31,7.062598588552857e-05,1.9604395350967158e-05,0.9999489784094654,7.447612981060566e-07
Portugal,complete,220.0,220 kV,200-299 kV,0.8791640067768935,3.0755105956343045,32,5.102159053456141e-05,1.4162597799284728e-05,0.9999631410072647,7.447612981060566e-07
Portugal,complete,220.0,220 kV,200-299 kV,0.8791640067768935,3.0755105956343045,33,3.685899273527668e-05,1.023133704628189e-05,0.9999733723443109,7.447612981060566e-07
Portugal,complete,220.0,220 kV,200-299 kV,0.8791640067768935,3.0755105956343045,34,2.662765568899479e-05,7.391317556155265e-06,0.9999807636618671,7.447612981060566e-07
Portugal,complete,220.0,220 kV,200-299 kV,0.8791640067768935,3.0755105956343045,35,1.9236338132839525e-05,5.339632050904135e-06,0.9999861032939179,7.447612981060566e-07
Portugal,complete,220.0,220 kV,200-299 kV,0.8791640067768935,3.0755105956343045,36,1.389670608193539e-05,3.857454401387325e-06,0.9999899607483193,7.447612981060566e-07
Portugal,complete,220.0,220 kV,200-299 kV,0.8791640067768935,3.0755105956343045,37,1.0039251680548064e-05,2.7867003413208605e-06,0.9999927474486606,7.447612981060566e-07
Portugal,complete,220.0,220 kV,200-299 kV,0.8791640067768935,3.0755105956343045,38,7.2525513392272035e-06,2.0131667115818605e-06,0.9999947606153722,7.447612981060566e-07
Portugal,complete,220.0,220 kV,200-299 kV,0.8791640067768935,3.0755105956343045,39,5.239384627645343e-06,1.4543509212405236e-06,0.9999962149662934,7.447612981060566e-07
Portugal,complete,220.0,220 kV,200-299 kV,0.8791640067768935,3.0755105956343045,40,3.7850337064048193e-06,1.0506514884955547e-06,0.9999972656177819,7.447612981060566e-07
Portugal,complete,220.0,220 kV,200-299 kV,0.8791640067768935,3.0755105956343045,41,2.7343822179092647e-06,7.590111397160886e-07,0.9999980246289216,7.447612981060566e-07
Portugal,complete,220.0,220 kV,200-299 kV,0.8791640067768935,3.0755105956343045,42,1.975371078193176e-06,5.483244601290632e-07,0.9999985729533818,7.447612981060566e-07
Portugal,complete,220.0,220 kV,200-299 kV,0.8791640067768935,3.0755105956343045,43,1.427046618064113e-06,3.961202910517096e-07,0.9999989690736728,7.447612981060566e-07
Portugal,complete,220.0,220 kV,200-299 kV,0.8791640067768935,3.0755105956343045,44,1.0309263270124034e-06,2.8616502890634674e-07,0.9999992552387017,7.447612981060566e-07
Portugal,complete,400.0,400 kV,>=350 kV,0.8415126452009313,2.2324903670608465,1,1.0,0.15848735479906872,0.15848735479906872,7.843641640336691e-07
Portugal,complete,400.0,400 kV,>=350 kV,0.8415126452009313,2.2324903670608465,2,0.8415126452009313,0.30382878001693614,0.46231613481600486,7.843641640336691e-07
Portugal,complete,400.0,400 kV,>=350 kV,0.8415126452009313,2.2324903670608465,3,0.5376838651839951,0.19413116811172454,0.6564473029277293,7.843641640336691e-07
Portugal,complete,400.0,400 kV,>=350 kV,0.8415126452009313,2.2324903670608465,4,0.3435526970722706,0.12403996234432402,0.7804872652720534,7.843641640336691e-07
Portugal,complete,400.0,400 kV,>=350 kV,0.8415126452009313,2.2324903670608465,5,0.21951273472794658,0.07925523968169068,0.859742504953744,7.843641640336691e-07
Portugal,complete,400.0,400 kV,>=350 kV,0.8415126452009313,2.2324903670608465,6,0.1402574950462559,0.05064007516840131,0.9103825801221453,7.843641640336691e-07
Portugal,complete,400.0,400 kV,>=350 kV,0.8415126452009313,2.2324903670608465,7,0.08961741987785458,0.032356437547355774,0.9427390176695011,7.843641640336691e-07
Portugal,complete,400.0,400 kV,>=350 kV,0.8415126452009313,2.2324903670608465,8,0.05726098233049881,0.02067412118316144,0.9634131388526626,7.843641640336691e-07
Portugal,complete,400.0,400 kV,>=350 kV,0.8415126452009313,2.2324903670608465,9,0.03658686114733737,0.013209714019675012,0.9766228528723375,7.843641640336691e-07
Portugal,complete,400.0,400 kV,>=350 kV,0.8415126452009313,2.2324903670608465,10,0.023377147127662357,0.00844033673478329,0.9850631896071208,7.843641640336691e-07
Portugal,complete,400.0,400 kV,>=350 kV,0.8415126452009313,2.2324903670608465,11,0.014936810392879068,0.005392946742861041,0.9904561363499819,7.843641640336691e-07
Portugal,complete,400.0,400 kV,>=350 kV,0.8415126452009313,2.2324903670608465,12,0.009543863650018027,0.0034458192232400594,0.9939019555732219,7.843641640336691e-07
Portugal,complete,400.0,400 kV,>=350 kV,0.8415126452009313,2.2324903670608465,13,0.0060980444267779675,0.0022017035742043253,0.9961036591474263,7.843641640336691e-07
Portugal,complete,400.0,400 kV,>=350 kV,0.8415126452009313,2.2324903670608465,14,0.003896340852573642,0.00140677682565891,0.9975104359730852,7.843641640336691e-07
Portugal,complete,400.0,400 kV,>=350 kV,0.8415126452009313,2.2324903670608465,15,0.0024895640269147323,0.0008988589837422409,0.9984092949568274,7.843641640336691e-07
Portugal,complete,400.0,400 kV,>=350 kV,0.8415126452009313,2.2324903670608465,16,0.0015907050431724914,0.000574325264617367,0.9989836202214447,7.843641640336691e-07
Portugal,complete,400.0,400 kV,>=350 kV,0.8415126452009313,2.2324903670608465,17,0.0010163797785551244,0.0003669646913963514,0.999350584912841,7.843641640336691e-07
Portugal,complete,400.0,400 kV,>=350 kV,0.8415126452009313,2.2324903670608465,18,0.000649415087158773,0.00023447181071049693,0.9995850567235515,7.843641640336691e-07
Portugal,complete,400.0,400 kV,>=350 kV,0.8415126452009313,2.2324903670608465,19,0.0004149432764482761,0.0001498155852778747,0.9997348723088293,7.843641640336691e-07
Portugal,complete,400.0,400 kV,>=350 kV,0.8415126452009313,2.2324903670608465,20,0.0002651276911704014,9.572455436813532e-05,0.9998305968631974,7.843641640336691e-07
Portugal,complete,400.0,400 kV,>=350 kV,0.8415126452009313,2.2324903670608465,21,0.00016940313680226607,6.11631312722403e-05,0.9998917599944697,7.843641640336691e-07
Portugal,complete,400.0,400 kV,>=350 kV,0.8415126452009313,2.2324903670608465,22,0.00010824000553002577,3.908013624841214e-05,0.9999308401307181,7.843641640336691e-07
Portugal,complete,400.0,400 kV,>=350 kV,0.8415126452009313,2.2324903670608465,23,6.915986928161363e-05,2.4970223358849455e-05,0.999955810354077,7.843641640336691e-07
Portugal,complete,400.0,400 kV,>=350 kV,0.8415126452009313,2.2324903670608465,24,4.4189645922764175e-05,1.5954705240214182e-05,0.9999717650593172,7.843641640336691e-07
Portugal,complete,400.0,400 kV,>=350 kV,0.8415126452009313,2.2324903670608465,25,2.8234940682549993e-05,1.0194246789222516e-05,0.9999819593061064,7.843641640336691e-07
Portugal,complete,400.0,400 kV,>=350 kV,0.8415126452009313,2.2324903670608465,26,1.8040693893327478e-05,6.513606239345198e-06,0.9999884729123458,7.843641640336691e-07
Portugal,complete,400.0,400 kV,>=350 kV,0.8415126452009313,2.2324903670608465,27,1.152708765398228e-05,4.161863756927241e-06,0.9999926347761028,7.843641640336691e-07
Portugal,complete,400.0,400 kV,>=350 kV,0.8415126452009313,2.2324903670608465,28,7.3652238970550385e-06,2.6592196848800686e-06,0.9999952939957877,7.843641640336691e-07
Portugal,complete,400.0,400 kV,>=350 kV,0.8415126452009313,2.2324903670608465,29,4.70600421217497e-06,1.6991063969077765e-06,0.9999969931021846,7.843641640336691e-07
Portugal,complete,400.0,400 kV,>=350 kV,0.8415126452009313,2.2324903670608465,30,3.0068978152671933e-06,1.0856427411498742e-06,0.9999980787449257,7.843641640336691e-07
Portugal,complete,400.0,400 kV,>=350 kV,0.8415126452009313,2.2324903670608465,31,1.921255074117319e-06,6.936706044756252e-07,0.9999987724155303,7.843641640336691e-07
Portugal,complete,400.0,400 kV,>=350 kV,0.8415126452009313,2.2324903670608465,32,1.227584469641694e-06,4.4322030560802483e-07,0.9999992156358358,7.843641640336691e-07
Slovakia,complete,110.0,<200 kV,<200 kV,0.8043595935269601,2.0986012500175595,1,1.0,0.19564040647303993,0.19564040647303993,8.017757164290871e-07
Slovakia,complete,110.0,<200 kV,<200 kV,0.8043595935269601,2.0986012500175595,2,0.8043595935269601,0.30489407668205265,0.5005344831550926,8.017757164290871e-07
Slovakia,complete,110.0,<200 kV,<200 kV,0.8043595935269601,2.0986012500175595,3,0.4994655168449074,0.18932338075961314,0.6898578639147057,8.017757164290871e-07
Slovakia,complete,110.0,<200 kV,<200 kV,0.8043595935269601,2.0986012500175595,4,0.3101421360852943,0.11755998310071239,0.8074178470154181,8.017757164290871e-07
Slovakia,complete,110.0,<200 kV,<200 kV,0.8043595935269601,2.0986012500175595,5,0.1925821529845819,0.07299864164261737,0.8804164886580355,8.017757164290871e-07
Slovakia,complete,110.0,<200 kV,<200 kV,0.8043595935269601,2.0986012500175595,6,0.11958351134196453,0.04532836379452468,0.9257448524525601,8.017757164290871e-07
Slovakia,complete,110.0,<200 kV,<200 kV,0.8043595935269601,2.0986012500175595,7,0.07425514754743985,0.02814655886814811,0.9538914113207082,8.017757164290871e-07
Slovakia,complete,110.0,<200 kV,<200 kV,0.8043595935269601,2.0986012500175595,8,0.04610858867929174,0.017477550694512855,0.971368962015221,8.017757164290871e-07
Slovakia,complete,110.0,<200 kV,<200 kV,0.8043595935269601,2.0986012500175595,9,0.028631037984778885,0.010852650930090944,0.982221612945312,8.017757164290871e-07
Slovakia,complete,110.0,<200 kV,<200 kV,0.8043595935269601,2.0986012500175595,10,0.01777838705468794,0.0067389323749683806,0.9889605453202803,8.017757164290871e-07
Slovakia,complete,110.0,<200 kV,<200 kV,0.8043595935269601,2.0986012500175595,11,0.01103945467971956,0.004184526881674653,0.993145072201955,8.017757164290871e-07
Slovakia,complete,110.0,<200 kV,<200 kV,0.8043595935269601,2.0986012500175595,12,0.006854927798044908,0.0025983737852154883,0.9957434459871705,8.017757164290871e-07
Slovakia,complete,110.0,<200 kV,<200 kV,0.8043595935269601,2.0986012500175595,13,0.00425655401282942,0.001613455121357253,0.9973569011085277,8.017757164290871e-07
Slovakia,complete,110.0,<200 kV,<200 kV,0.8043595935269601,2.0986012500175595,14,0.002643098891472167,0.0010018718028353482,0.9983587729113631,8.017757164290871e-07
Slovakia,complete,110.0,<200 kV,<200 kV,0.8043595935269601,2.0986012500175595,15,0.0016412270886368187,0.0006221103370214532,0.9989808832483845,8.017757164290871e-07
Slovakia,complete,110.0,<200 kV,<200 kV,0.8043595935269601,2.0986012500175595,16,0.0010191167516153655,0.00038629819736782324,0.9993671814457523,8.017757164290871e-07
Slovakia,complete,110.0,<200 kV,<200 kV,0.8043595935269601,2.0986012500175595,17,0.0006328185542475422,0.000239871110330841,0.9996070525560832,8.017757164290871e-07
Slovakia,complete,110.0,<200 kV,<200 kV,0.8043595935269601,2.0986012500175595,18,0.00039294744391670124,0.00014894749694253443,0.9997560000530257,8.017757164290871e-07
Slovakia,complete,110.0,<200 kV,<200 kV,0.8043595935269601,2.0986012500175595,19,0.0002439999469741668,9.248865699102899e-05,0.9998484887100167,8.017757164290871e-07
Slovakia,complete,110.0,<200 kV,<200 kV,0.8043595935269601,2.0986012500175595,20,0.00015151128998313782,5.743065071650338e-05,0.9999059193607333,8.017757164290871e-07
Slovakia,complete,110.0,<200 kV,<200 kV,0.8043595935269601,2.0986012500175595,21,9.408063926663444e-05,3.566145026887951e-05,0.9999415808110022,8.017757164290871e-07
Slovakia,complete,110.0,<200 kV,<200 kV,0.8043595935269601,2.0986012500175595,22,5.841918899775493e-05,2.214390781601064e-05,0.9999637247188181,8.017757164290871e-07
Slovakia,complete,110.0,<200 kV,<200 kV,0.8043595935269601,2.0986012500175595,23,3.627528118174429e-05,1.3750216260607172e-05,0.9999774749350787,8.017757164290871e-07
Slovakia,complete,110.0,<200 kV,<200 kV,0.8043595935269601,2.0986012500175595,24,2.252506492113712e-05,8.53816990137409e-06,0.9999860131049801,8.017757164290871e-07
Slovakia,complete,110.0,<200 kV,<200 kV,0.8043595935269601,2.0986012500175595,25,1.398689501976303e-05,5.3017599056665196e-06,0.9999913148648858,8.017757164290871e-07
Slovakia,complete,110.0,<200 kV,<200 kV,0.8043595935269601,2.0986012500175595,26,8.68513511409651e-06,3.2921174469495156e-06,0.9999946069823328,8.017757164290871e-07
Slovakia,complete,110.0,<200 kV,<200 kV,0.8043595935269601,2.0986012500175595,27,5.393017667146995e-06,2.044233891641488e-06,0.9999966512162244,8.017757164290871e-07
Slovakia,complete,110.0,<200 kV,<200 kV,0.8043595935269601,2.0986012500175595,28,3.3487837755055064e-06,1.2693630379462444e-06,0.9999979205792623,8.017757164290871e-07
Slovakia,complete,110.0,<200 kV,<200 kV,0.8043595935269601,2.0986012500175595,29,2.079420737559262e-06,7.882084964408333e-07,0.9999987087877588,8.017757164290871e-07
Slovakia,complete,110.0,<200 kV,<200 kV,0.8043595935269601,2.0986012500175595,30,1.2912122411184288e-06,4.894365246893417e-07,0.9999991982242834,8.017757164290871e-07
Slovakia,complete,220.0,220 kV,200-299 kV,0.6224229657333233,1.156892058683887,1,1.0,0.37757703426667666,0.37757703426667666,6.133724853539835e-07
Slovakia,complete,220.0,220 kV,200-299 kV,0.6224229657333233,1.156892058683887,2,0.6224229657333233,0.36018955345291725,0.7377665877195939,6.133724853539835e-07
Slovakia,complete,220.0,220 kV,200-299 kV,0.6224229657333233,1.156892058683887,3,0.2622334122804061,0.15175168795134536,0.8895182756709392,6.133724853539835e-07
Slovakia,complete,220.0,220 kV,200-299 kV,0.6224229657333233,1.156892058683887,4,0.11048172432906074,0.06393459936669907,0.9534528750376383,6.133724853539835e-07
Slovakia,complete,220.0,220 kV,200-299 kV,0.6224229657333233,1.156892058683887,5,0.04654712496236168,0.026936326385317663,0.9803892014229559,6.133724853539835e-07
Slovakia,complete,220.0,220 kV,200-299 kV,0.6224229657333233,1.156892058683887,6,0.019610798577044015,0.011348560659227,0.9917377620821829,6.133724853539835e-07
Slovakia,complete,220.0,220 kV,200-299 kV,0.6224229657333233,1.156892058683887,7,0.008262237917817015,0.004781269249334422,0.9965190313315173,6.133724853539835e-07
Slovakia,complete,220.0,220 kV,200-299 kV,0.6224229657333233,1.156892058683887,8,0.0034809686684825936,0.0020143995631766816,0.998533430894694,6.133724853539835e-07
Slovakia,complete,220.0,220 kV,200-299 kV,0.6224229657333233,1.156892058683887,9,0.001466569105305912,0.0008486879505251194,0.9993821188452192,6.133724853539835e-07
Slovakia,complete,220.0,220 kV,200-299 kV,0.6224229657333233,1.156892058683887,10,0.0006178811547807926,0.0003575612557375008,0.9997396801009567,6.133724853539835e-07
Slovakia,complete,220.0,220 kV,200-299 kV,0.6224229657333233,1.156892058683887,11,0.0002603198990432918,0.00015064435818308976,0.9998903244591398,6.133724853539835e-07
Slovakia,complete,220.0,220 kV,200-299 kV,0.6224229657333233,1.156892058683887,12,0.00010967554086020205,6.34680695635977e-05,0.9999537925287034,6.133724853539835e-07
Slovakia,complete,220.0,220 kV,200-299 kV,0.6224229657333233,1.156892058683887,13,4.620747129660435e-05,2.6739772419713836e-05,0.9999805323011232,6.133724853539835e-07
Slovakia,complete,220.0,220 kV,200-299 kV,0.6224229657333233,1.156892058683887,14,1.9467698876890514e-05,1.1265750384003931e-05,0.9999917980515072,6.133724853539835e-07
Slovakia,complete,220.0,220 kV,200-299 kV,0.6224229657333233,1.156892058683887,15,8.201948492886583e-06,4.746380400048405e-06,0.9999965444319072,6.133724853539835e-07
Slovakia,complete,220.0,220 kV,200-299 kV,0.6224229657333233,1.156892058683887,16,3.4555680928381784e-06,1.9997005200781835e-06,0.9999985441324273,6.133724853539835e-07
Slovakia,complete,220.0,220 kV,200-299 kV,0.6224229657333233,1.156892058683887,17,1.4558675727599946e-06,8.424950874060111e-07,0.9999993866275146,6.133724853539835e-07
Slovakia,complete,400.0,400 kV,>=350 kV,0.8775678421010085,1.6894952758972237,1,1.0,0.12243215789899153,0.12243215789899153,5.942136255911392e-07
Slovakia,complete,400.0,400 kV,>=350 kV,0.8775678421010085,1.6894952758972237,2,0.8775678421010085,0.39202791755506144,0.5144600754540529,5.942136255911392e-07
Slovakia,complete,400.0,400 kV,>=350 kV,0.8775678421010085,1.6894952758972237,3,0.485539924545947,0.21690084387536213,0.731360919329415,5.942136255911392e-07
Slovakia,complete,400.0,400 kV,>=350 kV,0.8775678421010085,1.6894952758972237,4,0.2686390806705849,0.12000669841896264,0.8513676177483777,5.942136255911392e-07
Slovakia,complete,400.0,400 kV,>=350 kV,0.8775678421010085,1.6894952758972237,5,0.14863238225162226,0.06639719517963451,0.9177648129280122,5.942136255911392e-07
Slovakia,complete,400.0,400 kV,>=350 kV,0.8775678421010085,1.6894952758972237,6,0.08223518707198775,0.03673617877838283,0.954500991706395,5.942136255911392e-07
Slovakia,complete,400.0,400 kV,>=350 kV,0.8775678421010085,1.6894952758972237,7,0.04549900829360492,0.020325359039431813,0.9748263507458268,5.942136255911392e-07
Slovakia,complete,400.0,400 kV,>=350 kV,0.8775678421010085,1.6894952758972237,8,0.025173649254173106,0.011245595862706084,0.9860719466085329,5.942136255911392e-07
Slovakia,complete,400.0,400 kV,>=350 kV,0.8775678421010085,1.6894952758972237,9,0.013928053391467021,0.006221952884668323,0.9922938994932012,5.942136255911392e-07
Slovakia,complete,400.0,400 kV,>=350 kV,0.8775678421010085,1.6894952758972237,10,0.007706100506798698,0.003442476341108426,0.9957363758343096,5.942136255911392e-07
Slovakia,complete,400.0,400 kV,>=350 kV,0.8775678421010085,1.6894952758972237,11,0.004263624165690272,0.0019046501281442915,0.997641025962454,5.942136255911392e-07
Slovakia,complete,400.0,400 kV,>=350 kV,0.8775678421010085,1.6894952758972237,12,0.0023589740375459804,0.0010538030624407987,0.9986948290248948,5.942136255911392e-07
Slovakia,complete,400.0,400 kV,>=350 kV,0.8775678421010085,1.6894952758972237,13,0.0013051709751051817,0.0005830471843621869,0.999277876209257,5.942136255911392e-07
Slovakia,complete,400.0,400 kV,>=350 kV,0.8775678421010085,1.6894952758972237,14,0.0007221237907429948,0.00032258780725622697,0.9996004640165133,5.942136255911392e-07
Slovakia,complete,400.0,400 kV,>=350 kV,0.8775678421010085,1.6894952758972237,15,0.00039953598348676784,0.00017848108383238009,0.9997789451003456,5.942136255911392e-07
Slovakia,complete,400.0,400 kV,>=350 kV,0.8775678421010085,1.6894952758972237,16,0.00022105489965438776,9.874984909357941e-05,0.9998776949494391,5.942136255911392e-07
Slovakia,complete,400.0,400 kV,>=350 kV,0.8775678421010085,1.6894952758972237,17,0.00012230505056080835,5.4636225232489164e-05,0.9999323311746716,5.942136255911392e-07
Slovakia,complete,400.0,400 kV,>=350 kV,0.8775678421010085,1.6894952758972237,18,6.766882532831919e-05,3.0229080196633695e-05,0.9999625602548683,5.942136255911392e-07
Slovakia,complete,400.0,400 kV,>=350 kV,0.8775678421010085,1.6894952758972237,19,3.743974513168549e-05,1.6725117550601326e-05,0.9999792853724189,5.942136255911392e-07
Slovakia,complete,400.0,400 kV,>=350 kV,0.8775678421010085,1.6894952758972237,20,2.0714627581084165e-05,9.253657579451693e-06,0.9999885390299983,5.942136255911392e-07
Slovakia,complete,400.0,400 kV,>=350 kV,0.8775678421010085,1.6894952758972237,21,1.1460970001632472e-05,5.119855112448238e-06,0.9999936588851107,5.942136255911392e-07
Slovakia,complete,400.0,400 kV,>=350 kV,0.8775678421010085,1.6894952758972237,22,6.341114889184234e-06,2.832708704358109e-06,0.9999964915938151,5.942136255911392e-07
Slovakia,complete,400.0,400 kV,>=350 kV,0.8775678421010085,1.6894952758972237,23,3.5084061848261254e-06,1.567278453688342e-06,0.9999980588722688,5.942136255911392e-07
Slovakia,complete,400.0,400 kV,>=350 kV,0.8775678421010085,1.6894952758972237,24,1.9411277311377833e-06,8.671423742288148e-07,0.999998926014643,5.942136255911392e-07
Slovakia,complete,400.0,400 kV,>=350 kV,0.8775678421010085,1.6894952758972237,25,1.0739853569089685e-06,4.797717313178293e-07,0.9999994057863744,5.942136255911392e-07
Slovenia,complete,110.0,<200 kV,<200 kV,0.8779755367551088,1.6098161657950711,1,1.0,0.12202446324489125,0.12202446324489125,5.47730640851795e-07
Slovenia,complete,110.0,<200 kV,<200 kV,0.8779755367551088,1.6098161657950711,2,0.8779755367551088,0.4062346862305886,0.5282591494754798,5.47730640851795e-07
Slovenia,complete,110.0,<200 kV,<200 kV,0.8779755367551088,1.6098161657950711,3,0.47174085052452014,0.21827202282110097,0.7465311722965808,5.47730640851795e-07
Slovenia,complete,110.0,<200 kV,<200 kV,0.8779755367551088,1.6098161657950711,4,0.25346882770341916,0.1172787001240265,0.8638098724206074,5.47730640851795e-07
Slovenia,complete,110.0,<200 kV,<200 kV,0.8779755367551088,1.6098161657950711,5,0.13619012757939267,0.06301445932012353,0.9268243317407309,5.47730640851795e-07
Slovenia,complete,110.0,<200 kV,<200 kV,0.8779755367551088,1.6098161657950711,6,0.07317566825926913,0.0338579987602882,0.960682330501019,5.47730640851795e-07
Slovenia,complete,110.0,<200 kV,<200 kV,0.8779755367551088,1.6098161657950711,7,0.03931766949898093,0.018192079919752458,0.9788744104207715,5.47730640851795e-07
Slovenia,complete,110.0,<200 kV,<200 kV,0.8779755367551088,1.6098161657950711,8,0.021125589579228474,0.00977469974376725,0.9886491101645387,5.47730640851795e-07
Slovenia,complete,110.0,<200 kV,<200 kV,0.8779755367551088,1.6098161657950711,9,0.011350889835461224,0.0052519973253340605,0.9939011074898728,5.47730640851795e-07
Slovenia,complete,110.0,<200 kV,<200 kV,0.8779755367551088,1.6098161657950711,10,0.0060988925101271635,0.0028219256476808424,0.9967230331375536,5.47730640851795e-07
Slovenia,complete,110.0,<200 kV,<200 kV,0.8779755367551088,1.6098161657950711,11,0.003276966862446321,0.0015162354182144259,0.9982392685557681,5.47730640851795e-07
Slovenia,complete,110.0,<200 kV,<200 kV,0.8779755367551088,1.6098161657950711,12,0.0017607314442318952,0.0008146812249774374,0.9990539497807455,5.47730640851795e-07
Slovenia,complete,110.0,<200 kV,<200 kV,0.8779755367551088,1.6098161657950711,13,0.0009460502192544577,0.00043773248557426605,0.9994916822663197,5.47730640851795e-07
Slovenia,complete,110.0,<200 kV,<200 kV,0.8779755367551088,1.6098161657950711,14,0.0005083177336801917,0.00023519595524290127,0.9997268782215626,5.47730640851795e-07
Slovenia,complete,110.0,<200 kV,<200 kV,0.8779755367551088,1.6098161657950711,15,0.0002731217784372904,0.00012637201758066796,0.9998532502391433,5.47730640851795e-07
Slovenia,complete,110.0,<200 kV,<200 kV,0.8779755367551088,1.6098161657950711,16,0.00014674976085662244,6.79003463767717e-05,0.9999211505855201,5.47730640851795e-07
Slovenia,complete,110.0,<200 kV,<200 kV,0.8779755367551088,1.6098161657950711,17,7.884941447985074e-05,3.648321144467401e-05,0.9999576337969648,5.47730640851795e-07
Slovenia,complete,110.0,<200 kV,<200 kV,0.8779755367551088,1.6098161657950711,18,4.236620303517673e-05,1.9602620433349204e-05,0.9999772364173981,5.47730640851795e-07
Slovenia,complete,110.0,<200 kV,<200 kV,0.8779755367551088,1.6098161657950711,19,2.2763582601827528e-05,1.0532590543370493e-05,0.9999877690079415,5.47730640851795e-07
Slovenia,complete,110.0,<200 kV,<200 kV,0.8779755367551088,1.6098161657950711,20,1.2230992058457035e-05,5.6592160181588376e-06,0.9999934282239596,5.47730640851795e-07
Slovenia,complete,110.0,<200 kV,<200 kV,0.8779755367551088,1.6098161657950711,21,6.571776040298198e-06,3.0407263823945083e-06,0.999996468950342,5.47730640851795e-07
Slovenia,complete,110.0,<200 kV,<200 kV,0.8779755367551088,1.6098161657950711,22,3.5310496579036895e-06,1.633798198005186e-06,0.99999810274854,5.47730640851795e-07
Slovenia,complete,110.0,<200 kV,<200 kV,0.8779755367551088,1.6098161657950711,23,1.8972514598985036e-06,8.778483217891435e-07,0.9999989805968618,5.47730640851795e-07
Slovenia,complete,110.0,<200 kV,<200 kV,0.8779755367551088,1.6098161657950711,24,1.01940313810936e-06,4.716724972575651e-07,0.999999452269359,5.47730640851795e-07
Slovenia,complete,400.0,400 kV,>=350 kV,0.7635874616678048,1.9413420143926088,1,1.0,0.23641253833219522,0.23641253833219522,6.96197502930859e-07
Slovenia,complete,400.0,400 kV,>=350 kV,0.7635874616678048,1.9413420143926088,2,0.7635874616678048,0.3073925824217982,0.5438051207539933,6.96197502930859e-07
Slovenia,complete,400.0,400 kV,>=350 kV,0.7635874616678048,1.9413420143926088,3,0.4561948792460066,0.18364749168712413,0.7274526124411175,6.96197502930859e-07
Slovenia,complete,400.0,400 kV,>=350 kV,0.7635874616678048,1.9413420143926088,4,0.27254738755888247,0.1097176806846093,0.8371702931257268,6.96197502930859e-07
Slovenia,complete,400.0,400 kV,>=350 kV,0.7635874616678048,1.9413420143926088,5,0.16282970687427317,0.06554932683381649,0.9027196199595433,6.96197502930859e-07
Slovenia,complete,400.0,400 kV,>=350 kV,0.7635874616678048,1.9413420143926088,6,0.09728038004045668,0.0391615482714922,0.9418811682310355,6.96197502930859e-07
Slovenia,complete,400.0,400 kV,>=350 kV,0.7635874616678048,1.9413420143926088,7,0.05811883176896448,0.023396531087321933,0.9652776993183575,6.96197502930859e-07
Slovenia,complete,400.0,400 kV,>=350 kV,0.7635874616678048,1.9413420143926088,8,0.034722300681642546,0.01397793731558111,0.9792556366339386,6.96197502930859e-07
Slovenia,complete,400.0,400 kV,>=350 kV,0.7635874616678048,1.9413420143926088,9,0.020744363366061436,0.008350927360517485,0.987606563994456,6.96197502930859e-07
Slovenia,complete,400.0,400 kV,>=350 kV,0.7635874616678048,1.9413420143926088,10,0.012393436005543951,0.004989147268739236,0.9925957112631952,6.96197502930859e-07
Slovenia,complete,400.0,400 kV,>=350 kV,0.7635874616678048,1.9413420143926088,11,0.0074042887368047155,0.0029806977590121925,0.9955764090222075,6.96197502930859e-07
Slovenia,complete,400.0,400 kV,>=350 kV,0.7635874616678048,1.9413420143926088,12,0.004423590977792523,0.0017807770851441477,0.9973571861073516,6.96197502930859e-07
Slovenia,complete,400.0,400 kV,>=350 kV,0.7635874616678048,1.9413420143926088,13,0.0026428138926483753,0.0010639008995079748,0.9984210870068596,6.96197502930859e-07
Slovenia,complete,400.0,400 kV,>=350 kV,0.7635874616678048,1.9413420143926088,14,0.0015789129931404005,0.0006356130328812375,0.9990567000397409,6.96197502930859e-07
Slovenia,complete,400.0,400 kV,>=350 kV,0.7635874616678048,1.9413420143926088,15,0.000943299960259163,0.0003797383081030615,0.999436438347844,6.96197502930859e-07
Slovenia,complete,400.0,400 kV,>=350 kV,0.7635874616678048,1.9413420143926088,16,0.0005635616521561014,0.0002268694554410115,0.999663307803285,6.96197502930859e-07
Slovenia,complete,400.0,400 kV,>=350 kV,0.7635874616678048,1.9413420143926088,17,0.00033669219671508994,0.0001355400514349269,0.99979884785472,6.96197502930859e-07
Slovenia,complete,400.0,400 kV,>=350 kV,0.7635874616678048,1.9413420143926088,18,0.00020115214528016305,8.097654885833392e-05,0.9998798244035783,6.96197502930859e-07
Slovenia,complete,400.0,400 kV,>=350 kV,0.7635874616678048,1.9413420143926088,19,0.00012017559642182913,4.837833094783961e-05,0.9999282027345261,6.96197502930859e-07
Slovenia,complete,400.0,400 kV,>=350 kV,0.7635874616678048,1.9413420143926088,20,7.179726547398952e-05,2.8902971765236322e-05,0.9999571057062914,6.96197502930859e-07
Slovenia,complete,400.0,400 kV,>=350 kV,0.7635874616678048,1.9413420143926088,21,4.2894293708753193e-05,1.7267684942722348e-05,0.9999743733912341,6.96197502930859e-07
Slovenia,complete,400.0,400 kV,>=350 kV,0.7635874616678048,1.9413420143926088,22,2.5626608766030846e-05,1.0316342060014534e-05,0.9999846897332941,6.96197502930859e-07
Slovenia,complete,400.0,400 kV,>=350 kV,0.7635874616678048,1.9413420143926088,23,1.5310266706016312e-05,6.163357384168625e-06,0.9999908530906783,6.96197502930859e-07
Slovenia,complete,400.0,400 kV,>=350 kV,0.7635874616678048,1.9413420143926088,24,9.146909321847687e-06,3.682213523359282e-06,0.9999945353042016,6.96197502930859e-07
Slovenia,complete,400.0,400 kV,>=350 kV,0.7635874616678048,1.9413420143926088,25,5.464695798488405e-06,2.1998880782797513e-06,0.9999967351922798,6.96197502930859e-07
Slovenia,complete,400.0,400 kV,>=350 kV,0.7635874616678048,1.9413420143926088,26,3.2648077202086536e-06,1.314293026804784e-06,0.9999980494853067,6.96197502930859e-07
Slovenia,complete,400.0,400 kV,>=350 kV,0.7635874616678048,1.9413420143926088,27,1.9505146934038696e-06,7.852063827076308e-07,0.9999988346916894,6.96197502930859e-07
Slovenia,complete,400.0,400 kV,>=350 kV,0.7635874616678048,1.9413420143926088,28,1.1653083106962388e-06,4.6911080776537983e-07,0.9999993038024971,6.96197502930859e-07
Albania,simple,110.0,<200 kV,<200 kV,0.8439435318386874,0.7898908273089337,1,1.0,0.15605646816131258,0.15605646816131258,7.556822894744684e-07
Albania,simple,110.0,<200 kV,<200 kV,0.8439435318386874,0.7898908273089337,2,0.8439435318386874,0.6059870399514776,0.7620435081127902,7.556822894744684e-07
Albania,simple,110.0,<200 kV,<200 kV,0.8439435318386874,0.7898908273089337,3,0.23795649188720977,0.17086279438839325,0.9329063025011834,7.556822894744684e-07
Albania,simple,110.0,<200 kV,<200 kV,0.8439435318386874,0.7898908273089337,4,0.06709369749881651,0.04817610374728139,0.9810824062484649,7.556822894744684e-07
Albania,simple,110.0,<200 kV,<200 kV,0.8439435318386874,0.7898908273089337,5,0.01891759375153512,0.013583629956285447,0.9946660362047504,7.556822894744684e-07
Albania,simple,110.0,<200 kV,<200 kV,0.8439435318386874,0.7898908273089337,6,0.005333963795249672,0.0038300109065940776,0.9984960471113444,7.556822894744684e-07
Albania,simple,110.0,<200 kV,<200 kV,0.8439435318386874,0.7898908273089337,7,0.0015039528886555944,0.0010799015868245077,0.9995759486981689,7.556822894744684e-07
Albania,simple,110.0,<200 kV,<200 kV,0.8439435318386874,0.7898908273089337,8,0.00042405130183108665,0.00030448671444206104,0.999880435412611,7.556822894744684e-07
Albania,simple,110.0,<200 kV,<200 kV,0.8439435318386874,0.7898908273089337,9,0.00011956458738902563,8.585241507454844e-05,0.9999662878276855,7.556822894744684e-07
Albania,simple,110.0,<200 kV,<200 kV,0.8439435318386874,0.7898908273089337,10,3.3712172314477186e-05,2.4206761164074002e-05,0.9999904945888496,7.556822894744684e-07
Albania,simple,110.0,<200 kV,<200 kV,0.8439435318386874,0.7898908273089337,11,9.505411150403184e-06,6.825285992778485e-06,0.9999973198748424,7.556822894744684e-07
Albania,simple,110.0,<200 kV,<200 kV,0.8439435318386874,0.7898908273089337,12,2.680125157624699e-06,1.924442868150231e-06,0.9999992443177106,7.556822894744684e-07
Albania,simple,220.0,220 kV,200-299 kV,0.7692038469680317,1.6123997563385188,1,1.0,0.23079615303196832,0.23079615303196832,9.128827986467658e-07
Albania,simple,220.0,220 kV,200-299 kV,0.7692038469680317,1.6123997563385188,2,0.7692038469680317,0.3554950154547317,0.5862911684867,9.128827986467658e-07
Albania,simple,220.0,220 kV,200-299 kV,0.7692038469680317,1.6123997563385188,3,0.41370883151329996,0.19119954747014137,0.7774907159568414,9.128827986467658e-07
Albania,simple,220.0,220 kV,200-299 kV,0.7692038469680317,1.6123997563385188,4,0.2225092840431586,0.10283482289062366,0.880325538847465,9.128827986467658e-07
Albania,simple,220.0,220 kV,200-299 kV,0.7692038469680317,1.6123997563385188,5,0.11967446115253493,0.0553087124884403,0.9356342513359053,9.128827986467658e-07
Albania,simple,220.0,220 kV,200-299 kV,0.7692038469680317,1.6123997563385188,6,0.06436574866409463,0.02974725478335869,0.965381506119264,9.128827986467658e-07
Albania,simple,220.0,220 kV,200-299 kV,0.7692038469680317,1.6123997563385188,7,0.034618493880735936,0.015999272579903287,0.9813807786991673,9.128827986467658e-07
Albania,simple,220.0,220 kV,200-299 kV,0.7692038469680317,1.6123997563385188,8,0.01861922130083265,0.008605053641092437,0.9899858323402597,9.128827986467658e-07
Albania,simple,220.0,220 kV,200-299 kV,0.7692038469680317,1.6123997563385188,9,0.010014167659740211,0.004628144673220254,0.99461397701348,9.128827986467658e-07
Albania,simple,220.0,220 kV,200-299 kV,0.7692038469680317,1.6123997563385188,10,0.005386022986519958,0.002489202741743473,0.9971031797552234,9.128827986467658e-07
Albania,simple,220.0,220 kV,200-299 kV,0.7692038469680317,1.6123997563385188,11,0.0028968202447764847,0.0013387935613499273,0.9984419733165734,9.128827986467658e-07
Albania,simple,220.0,220 kV,200-299 kV,0.7692038469680317,1.6123997563385188,12,0.0015580266834265574,0.000720057137112352,0.9991620304536857,9.128827986467658e-07
Albania,simple,220.0,220 kV,200-299 kV,0.7692038469680317,1.6123997563385188,13,0.0008379695463142054,0.00038727575010417666,0.9995493062037899,9.128827986467658e-07
Albania,simple,220.0,220 kV,200-299 kV,0.7692038469680317,1.6123997563385188,14,0.00045069379621002874,0.00020829250748104298,0.9997575987112709,9.128827986467658e-07
Albania,simple,220.0,220 kV,200-299 kV,0.7692038469680317,1.6123997563385188,15,0.00024240128872898576,0.00011202810571296981,0.9998696268169839,9.128827986467658e-07
Albania,simple,220.0,220 kV,200-299 kV,0.7692038469680317,1.6123997563385188,16,0.00013037318301601595,6.025323052380337e-05,0.9999298800475077,9.128827986467658e-07
Albania,simple,220.0,220 kV,200-299 kV,0.7692038469680317,1.6123997563385188,17,7.011995249221258e-05,3.24066158706304e-05,0.9999622866633784,9.128827986467658e-07
Albania,simple,220.0,220 kV,200-299 kV,0.7692038469680317,1.6123997563385188,18,3.771333662158218e-05,1.7429584157677815e-05,0.999979716247536,9.128827986467658e-07
Albania,simple,220.0,220 kV,200-299 kV,0.7692038469680317,1.6123997563385188,19,2.0283752463904366e-05,9.37433285605411e-06,0.9999890905803921,9.128827986467658e-07
Albania,simple,220.0,220 kV,200-299 kV,0.7692038469680317,1.6123997563385188,20,1.0909419607850257e-05,5.041894040678222e-06,0.9999941324744328,9.128827986467658e-07
Albania,simple,220.0,220 kV,200-299 kV,0.7692038469680317,1.6123997563385188,21,5.867525567172034e-06,2.711733827651465e-06,0.9999968442082604,9.128827986467658e-07
Albania,simple,220.0,220 kV,200-299 kV,0.7692038469680317,1.6123997563385188,22,3.1557917395205692e-06,1.4584797484240936e-06,0.9999983026880088,9.128827986467658e-07
Albania,simple,220.0,220 kV,200-299 kV,0.7692038469680317,1.6123997563385188,23,1.6973119910964756e-06,7.844291924497098e-07,0.9999990871172013,9.128827986467658e-07
Belgium,simple,150.0,<200 kV,<200 kV,0.7032067894246775,1.507682083409502,1,1.0,0.2967932105753225,0.2967932105753225,6.279720598131758e-07
Belgium,simple,150.0,<200 kV,<200 kV,0.7032067894246775,1.507682083409502,2,0.7032067894246775,0.3409399023357922,0.6377331129111147,6.279720598131758e-07
Belgium,simple,150.0,<200 kV,<200 kV,0.7032067894246775,1.507682083409502,3,0.3622668870888853,0.17563999517784185,0.8133731080889566,6.279720598131758e-07
Belgium,simple,150.0,<200 kV,<200 kV,0.7032067894246775,1.507682083409502,4,0.18662689191104348,0.09048341861636568,0.9038565267053222,6.279720598131758e-07
Belgium,simple,150.0,<200 kV,<200 kV,0.7032067894246775,1.507682083409502,5,0.0961434732946778,0.04661380818312244,0.9504703348884447,6.279720598131758e-07
Belgium,simple,150.0,<200 kV,<200 kV,0.7032067894246775,1.507682083409502,6,0.04952966511155536,0.02401376016246065,0.9744840950509053,6.279720598131758e-07
Belgium,simple,150.0,<200 kV,<200 kV,0.7032067894246775,1.507682083409502,7,0.02551590494909471,0.012371026947096228,0.9868551219980015,6.279720598131758e-07
Belgium,simple,150.0,<200 kV,<200 kV,0.7032067894246775,1.507682083409502,8,0.013144878001998483,0.0063731088630185955,0.9932282308610201,6.279720598131758e-07
Belgium,simple,150.0,<200 kV,<200 kV,0.7032067894246775,1.507682083409502,9,0.006771769138979888,0.0032831968399696927,0.9965114277009898,6.279720598131758e-07
Belgium,simple,150.0,<200 kV,<200 kV,0.7032067894246775,1.507682083409502,10,0.003488572299010195,0.001691385118577962,0.9982028128195677,6.279720598131758e-07
Belgium,simple,150.0,<200 kV,<200 kV,0.7032067894246775,1.507682083409502,11,0.0017971871804322332,0.00087134087865819,0.9990741536982258,6.279720598131758e-07
Belgium,simple,150.0,<200 kV,<200 kV,0.7032067894246775,1.507682083409502,12,0.0009258463017740432,0.00044888353248558575,0.9995230372307115,6.279720598131758e-07
Belgium,simple,150.0,<200 kV,<200 kV,0.7032067894246775,1.507682083409502,13,0.0004769627692884574,0.00023124867737989022,0.9997542859080913,6.279720598131758e-07
Belgium,simple,150.0,<200 kV,<200 kV,0.7032067894246775,1.507682083409502,14,0.0002457140919085672,0.00011913101488450291,0.9998734169229758,6.279720598131758e-07
Belgium,simple,150.0,<200 kV,<200 kV,0.7032067894246775,1.507682083409502,15,0.00012658307702406428,6.137202109959319e-05,0.9999347889440754,6.279720598131758e-07
Belgium,simple,150.0,<200 kV,<200 kV,0.7032067894246775,1.507682083409502,16,6.521105592447109e-05,3.161666151757843e-05,0.999966405605593,6.279720598131758e-07
Belgium,simple,150.0,<200 kV,<200 kV,0.7032067894246775,1.507682083409502,17,3.359439440689266e-05,1.6287768719478343e-05,0.9999826933743124,6.279720598131758e-07
Belgium,simple,150.0,<200 kV,<200 kV,0.7032067894246775,1.507682083409502,18,1.7306625687414318e-05,8.390873581377981e-06,0.9999910842478938,6.279720598131758e-07
Belgium,simple,150.0,<200 kV,<200 kV,0.7032067894246775,1.507682083409502,19,8.915752106036337e-06,4.32267676876256e-06,0.9999954069246626,6.279720598131758e-07
Belgium,simple,150.0,<200 kV,<200 kV,0.7032067894246775,1.507682083409502,20,4.593075337273777e-06,2.226887852138394e-06,0.9999976338125147,6.279720598131758e-07
Belgium,simple,150.0,<200 kV,<200 kV,0.7032067894246775,1.507682083409502,21,2.366187485135383e-06,1.1472126581005413e-06,0.9999987810251728,6.279720598131758e-07
Belgium,simple,150.0,<200 kV,<200 kV,0.7032067894246775,1.507682083409502,22,1.2189748270348418e-06,5.91002767221666e-07,0.99999937202794,6.279720598131758e-07
Belgium,simple,220.0,220 kV,200-299 kV,0.6781185011351619,1.18266961627108,1,1.0,0.3218814988648381,0.3218814988648381,9.033569432590357e-07
Belgium,simple,220.0,220 kV,200-299 kV,0.6781185011351619,1.18266961627108,2,0.6781185011351619,0.38698632575021497,0.708867824615053,9.033569432590357e-07
Belgium,simple,220.0,220 kV,200-299 kV,0.6781185011351619,1.18266961627108,3,0.29113217538494696,0.1661423050267606,0.8750101296418137,9.033569432590357e-07
Belgium,simple,220.0,220 kV,200-299 kV,0.6781185011351619,1.18266961627108,4,0.12498987035818634,0.0713287878223946,0.9463389174642083,9.033569432590357e-07
Belgium,simple,220.0,220 kV,200-299 kV,0.6781185011351619,1.18266961627108,5,0.053661082535791736,0.030623121374129855,0.9769620388383381,9.033569432590357e-07
Belgium,simple,220.0,220 kV,200-299 kV,0.6781185011351619,1.18266961627108,6,0.02303796116166188,0.013147224161858814,0.9901092630001969,9.033569432590357e-07
Belgium,simple,220.0,220 kV,200-299 kV,0.6781185011351619,1.18266961627108,7,0.009890736999803067,0.005644411653874907,0.9957536746540717,9.033569432590357e-07
Belgium,simple,220.0,220 kV,200-299 kV,0.6781185011351619,1.18266961627108,8,0.004246325345928161,0.0024232782925254753,0.9981769529465971,9.033569432590357e-07
Belgium,simple,220.0,220 kV,200-299 kV,0.6781185011351619,1.18266961627108,9,0.0018230470534026852,0.0010403702003190778,0.9992173231469162,9.033569432590357e-07
Belgium,simple,220.0,220 kV,200-299 kV,0.6781185011351619,1.18266961627108,10,0.0007826768530836074,0.0004466553251644657,0.9996639784720807,9.033569432590357e-07
Belgium,simple,220.0,220 kV,200-299 kV,0.6781185011351619,1.18266961627108,11,0.0003360215279191417,0.0001917596057985791,0.9998557380778792,9.033569432590357e-07
Belgium,simple,220.0,220 kV,200-299 kV,0.6781185011351619,1.18266961627108,12,0.0001442619221205626,8.23268958060366e-05,0.9999380649736852,9.033569432590357e-07
Belgium,simple,220.0,220 kV,200-299 kV,0.6781185011351619,1.18266961627108,13,6.1935026314526e-05,3.534486705285155e-05,0.999973409840738,9.033569432590357e-07
Belgium,simple,220.0,220 kV,200-299 kV,0.6781185011351619,1.18266961627108,14,2.659015926167444e-05,1.5174380313415818e-05,0.9999885842210514,9.033569432590357e-07
Belgium,simple,220.0,220 kV,200-299 kV,0.6781185011351619,1.18266961627108,15,1.1415778948258622e-05,6.514717329446106e-06,0.9999950989383809,9.033569432590357e-07
Belgium,simple,220.0,220 kV,200-299 kV,0.6781185011351619,1.18266961627108,16,4.901061618812516e-06,2.796920928959612e-06,0.9999978958593099,9.033569432590357e-07
Belgium,simple,220.0,220 kV,200-299 kV,0.6781185011351619,1.18266961627108,17,2.104140689852904e-06,1.2007837465938685e-06,0.9999990966430564,9.033569432590357e-07
Belgium,simple,380.0,380 kV,>=350 kV,0.6845312479127714,1.2620557819991693,1,1.0,0.3154687520872286,0.3154687520872286,9.669616048473684e-07
Belgium,simple,380.0,380 kV,>=350 kV,0.6845312479127714,1.2620557819991693,2,0.6845312479127714,0.37459200406428406,0.6900607561515126,9.669616048473684e-07
Belgium,simple,380.0,380 kV,>=350 kV,0.6845312479127714,1.2620557819991693,3,0.30993924384848737,0.1696062273933888,0.8596669835449015,9.669616048473684e-07
Belgium,simple,380.0,380 kV,>=350 kV,0.6845312479127714,1.2620557819991693,4,0.14033301645509857,0.07679361027065945,0.9364605938155609,9.669616048473684e-07
Belgium,simple,380.0,380 kV,>=350 kV,0.6845312479127714,1.2620557819991693,5,0.06353940618443912,0.03477029510669845,0.9712308889222594,9.669616048473684e-07
Belgium,simple,380.0,380 kV,>=350 kV,0.6845312479127714,1.2620557819991693,6,0.02876911107774068,0.01574315125367677,0.9869740401759362,9.669616048473684e-07
Belgium,simple,380.0,380 kV,>=350 kV,0.6845312479127714,1.2620557819991693,7,0.013025959824063908,0.007128119293655278,0.9941021594695915,9.669616048473684e-07
Belgium,simple,380.0,380 kV,>=350 kV,0.6845312479127714,1.2620557819991693,8,0.00589784053040863,0.003227440545152226,0.9973296000147437,9.669616048473684e-07
Belgium,simple,380.0,380 kV,>=350 kV,0.6845312479127714,1.2620557819991693,9,0.0026703999852564038,0.001461307259793491,0.9987909072745372,9.669616048473684e-07
Belgium,simple,380.0,380 kV,>=350 kV,0.6845312479127714,1.2620557819991693,10,0.0012090927254629128,0.0006616446926443506,0.9994525519671816,9.669616048473684e-07
Belgium,simple,380.0,380 kV,>=350 kV,0.6845312479127714,1.2620557819991693,11,0.0005474480328185622,0.0002995767634565118,0.9997521287306381,9.669616048473684e-07
Belgium,simple,380.0,380 kV,>=350 kV,0.6845312479127714,1.2620557819991693,12,0.0002478712693620504,0.00013564113519054462,0.9998877698658286,9.669616048473684e-07
Belgium,simple,380.0,380 kV,>=350 kV,0.6845312479127714,1.2620557819991693,13,0.00011223013417150578,6.141503547704371e-05,0.9999491849013057,9.669616048473684e-07
Belgium,simple,380.0,380 kV,>=350 kV,0.6845312479127714,1.2620557819991693,14,5.0815098694462054e-05,2.7807247243603554e-05,0.9999769921485493,9.669616048473684e-07
Belgium,simple,380.0,380 kV,>=350 kV,0.6845312479127714,1.2620557819991693,15,2.30078514508585e-05,1.2590451072130873e-05,0.9999895825996215,9.669616048473684e-07
Belgium,simple,380.0,380 kV,>=350 kV,0.6845312479127714,1.2620557819991693,16,1.0417400378727627e-05,5.700652668386105e-06,0.9999952832522898,9.669616048473684e-07
Belgium,simple,380.0,380 kV,>=350 kV,0.6845312479127714,1.2620557819991693,17,4.7167477103415226e-06,2.581118075865549e-06,0.9999978643703656,9.669616048473684e-07
Belgium,simple,380.0,380 kV,>=350 kV,0.6845312479127714,1.2620557819991693,18,2.1356296344759737e-06,1.1686680296286053e-06,0.9999990330383953,9.669616048473684e-07
Bosnia&Herzegovina,simple,110.0,<200 kV,<200 kV,0.8149980649431368,1.1411531746400914,1,1.0,0.18500193505686324,0.18500193505686324,6.636743004701506e-07
Bosnia&Herzegovina,simple,110.0,<200 kV,<200 kV,0.8149980649431368,1.1411531746400914,2,0.8149980649431368,0.4756999248276107,0.6607018598844739,6.636743004701506e-07
Bosnia&Herzegovina,simple,110.0,<200 kV,<200 kV,0.8149980649431368,1.1411531746400914,3,0.33929814011552606,0.1980423103929274,0.8587441702774014,6.636743004701506e-07
Bosnia&Herzegovina,simple,110.0,<200 kV,<200 kV,0.8149980649431368,1.1411531746400914,4,0.14125582972259865,0.08244852407740408,0.9411926943548055,6.636743004701506e-07
Bosnia&Herzegovina,simple,110.0,<200 kV,<200 kV,0.8149980649431368,1.1411531746400914,5,0.05880730564519457,0.034324781957224895,0.9755174763120303,6.636743004701506e-07
Bosnia&Herzegovina,simple,110.0,<200 kV,<200 kV,0.8149980649431368,1.1411531746400914,6,0.02448252368796967,0.01429001512877205,0.9898074914408024,6.636743004701506e-07
Bosnia&Herzegovina,simple,110.0,<200 kV,<200 kV,0.8149980649431368,1.1411531746400914,7,0.01019250855919762,0.00594918658580297,0.9957566780266054,6.636743004701506e-07
Bosnia&Herzegovina,simple,110.0,<200 kV,<200 kV,0.8149980649431368,1.1411531746400914,8,0.00424332197339465,0.0024767518238267474,0.9982334298504322,6.636743004701506e-07
Bosnia&Herzegovina,simple,110.0,<200 kV,<200 kV,0.8149980649431368,1.1411531746400914,9,0.0017665701495679028,0.00103111568419587,0.9992645455346281,6.636743004701506e-07
Bosnia&Herzegovina,simple,110.0,<200 kV,<200 kV,0.8149980649431368,1.1411531746400914,10,0.0007354544653720328,0.0004292717356525459,0.9996938172702806,6.636743004701506e-07
Bosnia&Herzegovina,simple,110.0,<200 kV,<200 kV,0.8149980649431368,1.1411531746400914,11,0.0003061827297194869,0.00017871343230886654,0.9998725307025895,6.636743004701506e-07
Bosnia&Herzegovina,simple,110.0,<200 kV,<200 kV,0.8149980649431368,1.1411531746400914,12,0.00012746929741062034,7.440156953046411e-05,0.99994693227212,6.636743004701506e-07
Bosnia&Herzegovina,simple,110.0,<200 kV,<200 kV,0.8149980649431368,1.1411531746400914,13,5.306772788015623e-05,3.097469214865403e-05,0.9999779069642686,6.636743004701506e-07
Bosnia&Herzegovina,simple,110.0,<200 kV,<200 kV,0.8149980649431368,1.1411531746400914,14,2.20930357315022e-05,1.2895313361783985e-05,0.9999908022776304,6.636743004701506e-07
Bosnia&Herzegovina,simple,110.0,<200 kV,<200 kV,0.8149980649431368,1.1411531746400914,15,9.197722369718215e-06,5.368547519392526e-06,0.9999961708251498,6.636743004701506e-07
Bosnia&Herzegovina,simple,110.0,<200 kV,<200 kV,0.8149980649431368,1.1411531746400914,16,3.829174850325689e-06,2.2350214887673354e-06,0.9999984058466386,6.636743004701506e-07
Bosnia&Herzegovina,simple,110.0,<200 kV,<200 kV,0.8149980649431368,1.1411531746400914,17,1.5941533615583538e-06,9.304790610882032e-07,0.9999993363256997,6.636743004701506e-07
Bosnia&Herzegovina,simple,220.0,220 kV,200-299 kV,0.6717553358867386,1.511193433555713,1,1.0,0.32824466411326136,0.32824466411326136,6.196178822702344e-07
Bosnia&Herzegovina,simple,220.0,220 kV,200-299 kV,0.6717553358867386,1.511193433555713,2,0.6717553358867386,0.32515736096926895,0.6534020250825303,6.196178822702344e-07
Bosnia&Herzegovina,simple,220.0,220 kV,200-299 kV,0.6717553358867386,1.511193433555713,3,0.3465979749174697,0.16776775236580915,0.8211697774483395,6.196178822702344e-07
Bosnia&Herzegovina,simple,220.0,220 kV,200-299 kV,0.6717553358867386,1.511193433555713,4,0.17883022255166053,0.08656122269529547,0.907731000143635,6.196178822702344e-07
Bosnia&Herzegovina,simple,220.0,220 kV,200-299 kV,0.6717553358867386,1.511193433555713,5,0.09226899985636507,0.04466201143451431,0.9523930115781493,6.196178822702344e-07
Bosnia&Herzegovina,simple,220.0,220 kV,200-299 kV,0.6717553358867386,1.511193433555713,6,0.04760698842185076,0.02304375103847854,0.9754367626166278,6.196178822702344e-07
Bosnia&Herzegovina,simple,220.0,220 kV,200-299 kV,0.6717553358867386,1.511193433555713,7,0.024563237383372218,0.011889622631573166,0.9873263852482009,6.196178822702344e-07
Bosnia&Herzegovina,simple,220.0,220 kV,200-299 kV,0.6717553358867386,1.511193433555713,8,0.012673614751799052,0.006134553618686826,0.9934609388668878,6.196178822702344e-07
Bosnia&Herzegovina,simple,220.0,220 kV,200-299 kV,0.6717553358867386,1.511193433555713,9,0.006539061133112226,0.0031651759914237297,0.9966261148583115,6.196178822702344e-07
Bosnia&Herzegovina,simple,220.0,220 kV,200-299 kV,0.6717553358867386,1.511193433555713,10,0.003373885141688496,0.0016330999253422033,0.9982592147836538,6.196178822702344e-07
Bosnia&Herzegovina,simple,220.0,220 kV,200-299 kV,0.6717553358867386,1.511193433555713,11,0.0017407852163462928,0.0008426120295930389,0.9991018268132468,6.196178822702344e-07
Bosnia&Herzegovina,simple,220.0,220 kV,200-299 kV,0.6717553358867386,1.511193433555713,12,0.0008981731867532539,0.0004347529636106785,0.9995365797768575,6.196178822702344e-07
Bosnia&Herzegovina,simple,220.0,220 kV,200-299 kV,0.6717553358867386,1.511193433555713,13,0.00046342022314257536,0.00022431455133574958,0.9997608943281933,6.196178822702344e-07
Bosnia&Herzegovina,simple,220.0,220 kV,200-299 kV,0.6717553358867386,1.511193433555713,14,0.00023910567180682578,0.00011573703264278966,0.999876631360836,6.196178822702344e-07
Bosnia&Herzegovina,simple,220.0,220 kV,200-299 kV,0.6717553358867386,1.511193433555713,15,0.00012336863916403613,5.971552289048203e-05,0.9999363468837266,6.196178822702344e-07
Bosnia&Herzegovina,simple,220.0,220 kV,200-299 kV,0.6717553358867386,1.511193433555713,16,6.36531162735541e-05,3.0810740457547394e-05,0.9999671576241841,6.196178822702344e-07
Bosnia&Herzegovina,simple,220.0,220 kV,200-299 kV,0.6717553358867386,1.511193433555713,17,3.28423758160067e-05,1.5897067991573353e-05,0.9999830546921756,6.196178822702344e-07
Bosnia&Herzegovina,simple,220.0,220 kV,200-299 kV,0.6717553358867386,1.511193433555713,18,1.6945307824433347e-05,8.202229708724856e-06,0.9999912569218844,6.196178822702344e-07
Bosnia&Herzegovina,simple,220.0,220 kV,200-299 kV,0.6717553358867386,1.511193433555713,19,8.743078115708491e-06,4.2320113514234365e-06,0.9999954889332359,6.196178822702344e-07
Bosnia&Herzegovina,simple,220.0,220 kV,200-299 kV,0.6717553358867386,1.511193433555713,20,4.5110667642850546e-06,2.1835428553684297e-06,0.9999976724760913,6.196178822702344e-07
Bosnia&Herzegovina,simple,220.0,220 kV,200-299 kV,0.6717553358867386,1.511193433555713,21,2.327523908916625e-06,1.1266178195922942e-06,0.9999987990939109,6.196178822702344e-07
Bosnia&Herzegovina,simple,220.0,220 kV,200-299 kV,0.6717553358867386,1.511193433555713,22,1.2009060893243306e-06,5.812882070540962e-07,0.9999993803821179,6.196178822702344e-07
Bosnia&Herzegovina,simple,400.0,400 kV,>=350 kV,0.5428457448334746,0.9828651166213709,1,1.0,0.4571542551665254,0.4571542551665254,9.781850625115275e-07
Bosnia&Herzegovina,simple,400.0,400 kV,>=350 kV,0.5428457448334746,0.9828651166213709,2,0.5428457448334746,0.34659530577673153,0.803749560943257,9.781850625115275e-07
Bosnia&Herzegovina,simple,400.0,400 kV,>=350 kV,0.5428457448334746,0.9828651166213709,3,0.19625043905674305,0.12530167470421194,0.9290512356474689,9.781850625115275e-07
Bosnia&Herzegovina,simple,400.0,400 kV,>=350 kV,0.5428457448334746,0.9828651166213709,4,0.07094876435253111,0.045299256573873056,0.974350492221342,9.781850625115275e-07
Bosnia&Herzegovina,simple,400.0,400 kV,>=350 kV,0.5428457448334746,0.9828651166213709,5,0.025649507778658057,0.016376657782025673,0.9907271500033676,9.781850625115275e-07
Bosnia&Herzegovina,simple,400.0,400 kV,>=350 kV,0.5428457448334746,0.9828651166213709,6,0.009272849996632384,0.005920514825054917,0.9966476648284226,9.781850625115275e-07
Bosnia&Herzegovina,simple,400.0,400 kV,>=350 kV,0.5428457448334746,0.9828651166213709,7,0.003352335171577467,0.00214039373969011,0.9987880585681127,9.781850625115275e-07
Bosnia&Herzegovina,simple,400.0,400 kV,>=350 kV,0.5428457448334746,0.9828651166213709,8,0.0012119414318873573,0.0007737984780507868,0.9995618570461635,9.781850625115275e-07
Bosnia&Herzegovina,simple,400.0,400 kV,>=350 kV,0.5428457448334746,0.9828651166213709,9,0.00043814295383657047,0.0002797448308367807,0.9998416018770003,9.781850625115275e-07
Bosnia&Herzegovina,simple,400.0,400 kV,>=350 kV,0.5428457448334746,0.9828651166213709,10,0.0001583981229997898,0.00010113378689633791,0.9999427356638967,9.781850625115275e-07
Bosnia&Herzegovina,simple,400.0,400 kV,>=350 kV,0.5428457448334746,0.9828651166213709,11,5.7264336103451886e-05,3.656204413643502e-05,0.9999792977080332,9.781850625115275e-07
Bosnia&Herzegovina,simple,400.0,400 kV,>=350 kV,0.5428457448334746,0.9828651166213709,12,2.0702291967016864e-05,1.3217967135007212e-05,0.9999925156751682,9.781850625115275e-07
Bosnia&Herzegovina,simple,400.0,400 kV,>=350 kV,0.5428457448334746,0.9828651166213709,13,7.484324832009652e-06,4.77858006325264e-06,0.9999972942552314,9.781850625115275e-07
Bosnia&Herzegovina,simple,400.0,400 kV,>=350 kV,0.5428457448334746,0.9828651166213709,14,2.7057447687570124e-06,1.727559706245485e-06,0.9999990218149377,9.781850625115275e-07
Croatia,simple,110.0,<200 kV,<200 kV,0.7810656375547879,1.257354114936375,1,1.0,0.21893436244521214,0.21893436244521214,4.7361447059440604e-07
Croatia,simple,110.0,<200 kV,<200 kV,0.7810656375547879,1.257354114936375,2,0.7810656375547879,0.42846421857431094,0.6473985810195231,4.7361447059440604e-07
Croatia,simple,110.0,<200 kV,<200 kV,0.7810656375547879,1.257354114936375,3,0.3526014189804769,0.1934243220897885,0.8408229031093115,4.7361447059440604e-07
Croatia,simple,110.0,<200 kV,<200 kV,0.7810656375547879,1.257354114936375,4,0.15917709689068843,0.08731876958216869,0.9281416726914802,4.7361447059440604e-07
Croatia,simple,110.0,<200 kV,<200 kV,0.7810656375547879,1.257354114936375,5,0.07185832730851974,0.03941886645364335,0.9675605391451235,4.7361447059440604e-07
Croatia,simple,110.0,<200 kV,<200 kV,0.7810656375547879,1.257354114936375,6,0.03243946085487639,0.017795109114861818,0.9853556482599853,4.7361447059440604e-07
Croatia,simple,110.0,<200 kV,<200 kV,0.7810656375547879,1.257354114936375,7,0.014644351740014572,0.008033359071403987,0.9933890073313894,4.7361447059440604e-07
Croatia,simple,110.0,<200 kV,<200 kV,0.7810656375547879,1.257354114936375,8,0.006610992668610584,0.003626550281515927,0.9970155576129053,4.7361447059440604e-07
Croatia,simple,110.0,<200 kV,<200 kV,0.7810656375547879,1.257354114936375,9,0.002984442387094657,0.0016371566149930225,0.9986527142278983,4.7361447059440604e-07
Croatia,simple,110.0,<200 kV,<200 kV,0.7810656375547879,1.257354114936375,10,0.0013472857721016345,0.000739072003406784,0.9993917862313051,4.7361447059440604e-07
Croatia,simple,110.0,<200 kV,<200 kV,0.7810656375547879,1.257354114936375,11,0.0006082137686948505,0.00033364396614067696,0.9997254301974458,4.7361447059440604e-07
Croatia,simple,110.0,<200 kV,<200 kV,0.7810656375547879,1.257354114936375,12,0.00027456980255417357,0.0001506190136129561,0.9998760492110587,4.7361447059440604e-07
Croatia,simple,110.0,<200 kV,<200 kV,0.7810656375547879,1.257354114936375,13,0.00012395078894121748,6.799489744758206e-05,0.9999440441085062,4.7361447059440604e-07
Croatia,simple,110.0,<200 kV,<200 kV,0.7810656375547879,1.257354114936375,14,5.595589149363542e-05,3.069536818762904e-05,0.9999747394766939,4.7361447059440604e-07
Croatia,simple,110.0,<200 kV,<200 kV,0.7810656375547879,1.257354114936375,15,2.5260523306006373e-05,1.3857004915706581e-05,0.9999885964816096,4.7361447059440604e-07
Croatia,simple,110.0,<200 kV,<200 kV,0.7810656375547879,1.257354114936375,16,1.1403518390299791e-05,6.25555569362102e-06,0.9999948520373033,4.7361447059440604e-07
Croatia,simple,110.0,<200 kV,<200 kV,0.7810656375547879,1.257354114936375,17,5.147962696678771e-06,2.823985217154624e-06,0.9999976760225204,4.7361447059440604e-07
Croatia,simple,110.0,<200 kV,<200 kV,0.7810656375547879,1.257354114936375,18,2.3239774795241472e-06,1.2748495732905215e-06,0.9999989508720937,4.7361447059440604e-07
Croatia,simple,110.0,<200 kV,<200 kV,0.7810656375547879,1.257354114936375,19,1.0491279062336257e-06,5.755134356392197e-07,0.9999995263855294,4.7361447059440604e-07
Croatia,simple,220.0,220 kV,200-299 kV,0.6014962752812644,1.2241759404836998,1,1.0,0.39850372471873563,0.39850372471873563,5.600567651626428e-07
Croatia,simple,220.0,220 kV,200-299 kV,0.6014962752812644,1.2241759404836998,2,0.6014962752812644,0.3357493895027593,0.734253114221495,5.600567651626428e-07
Croatia,simple,220.0,220 kV,200-299 kV,0.6014962752812644,1.2241759404836998,3,0.2657468857785051,0.14833733529051463,0.8825904495120096,5.600567651626428e-07
Croatia,simple,220.0,220 kV,200-299 kV,0.6014962752812644,1.2241759404836998,4,0.11740955048799046,0.06553687282552664,0.9481273223375363,5.600567651626428e-07
Croatia,simple,220.0,220 kV,200-299 kV,0.6014962752812644,1.2241759404836998,5,0.051872677662463805,0.028954825778267173,0.9770821481158034,5.600567651626428e-07
Croatia,simple,220.0,220 kV,200-299 kV,0.6014962752812644,1.2241759404836998,6,0.022917851884196632,0.012792522738791027,0.9898746708545945,5.600567651626428e-07
Croatia,simple,220.0,220 kV,200-299 kV,0.6014962752812644,1.2241759404836998,7,0.010125329145405605,0.005651860566376343,0.9955265314209708,5.600567651626428e-07
Croatia,simple,220.0,220 kV,200-299 kV,0.6014962752812644,1.2241759404836998,8,0.004473468579029262,0.0024970467916306223,0.9980235782126015,5.600567651626428e-07
Croatia,simple,220.0,220 kV,200-299 kV,0.6014962752812644,1.2241759404836998,9,0.0019764217873986393,0.0011032194808001914,0.9991267976934016,5.600567651626428e-07
Croatia,simple,220.0,220 kV,200-299 kV,0.6014962752812644,1.2241759404836998,10,0.0008732023065984478,0.000487413062060506,0.9996142107554621,5.600567651626428e-07
Croatia,simple,220.0,220 kV,200-299 kV,0.6014962752812644,1.2241759404836998,11,0.0003857892445379418,0.00021534381616873045,0.9998295545716308,5.600567651626428e-07
Croatia,simple,220.0,220 kV,200-299 kV,0.6014962752812644,1.2241759404836998,12,0.00017044542836921136,9.514098568896249e-05,0.9999246955573198,5.600567651626428e-07
Croatia,simple,220.0,220 kV,200-299 kV,0.6014962752812644,1.2241759404836998,13,7.530444268024887e-05,4.203420984596515e-05,0.9999667297671657,5.600567651626428e-07
Croatia,simple,220.0,220 kV,200-299 kV,0.6014962752812644,1.2241759404836998,14,3.327023283428372e-05,1.8571121421328872e-05,0.9999853008885871,5.600567651626428e-07
Croatia,simple,220.0,220 kV,200-299 kV,0.6014962752812644,1.2241759404836998,15,1.4699111412954848e-05,8.20490148642215e-06,0.9999935057900735,5.600567651626428e-07
Croatia,simple,220.0,220 kV,200-299 kV,0.6014962752812644,1.2241759404836998,16,6.494209926532698e-06,3.625005021214018e-06,0.9999971307950948,5.600567651626428e-07
Croatia,simple,220.0,220 kV,200-299 kV,0.6014962752812644,1.2241759404836998,17,2.8692049053186804e-06,1.6015623619092352e-06,0.9999987323574567,5.600567651626428e-07
Croatia,simple,220.0,220 kV,200-299 kV,0.6014962752812644,1.2241759404836998,18,1.2676425434094451e-06,7.075857782468023e-07,0.9999994399432349,5.600567651626428e-07
Czechia,simple,110.0,<200 kV,<200 kV,0.7746699971411696,1.6184783572739139,1,1.0,0.22533000285883042,0.22533000285883042,9.677105747584988e-07
Czechia,simple,110.0,<200 kV,<200 kV,0.7746699971411696,1.6184783572739139,2,0.7746699971411696,0.3570496218221943,0.5823796246810247,9.677105747584988e-07
Czechia,simple,110.0,<200 kV,<200 kV,0.7746699971411696,1.6184783572739139,3,0.4176203753189753,0.19248350603890774,0.7748631307199324,9.677105747584988e-07
Czechia,simple,110.0,<200 kV,<200 kV,0.7746699971411696,1.6184783572739139,4,0.22513686928006754,0.10376680952061215,0.8786299402405445,9.677105747584988e-07
Czechia,simple,110.0,<200 kV,<200 kV,0.7746699971411696,1.6184783572739139,5,0.12137005975945539,0.055940121726120784,0.9345700619666653,9.677105747584988e-07
Czechia,simple,110.0,<200 kV,<200 kV,0.7746699971411696,1.6184783572739139,6,0.0654299380333346,0.030157014879710738,0.964727076846376,9.677105747584988e-07
Czechia,simple,110.0,<200 kV,<200 kV,0.7746699971411696,1.6184783572739139,7,0.03527292315362387,0.016257482436446626,0.9809845592828227,9.677105747584988e-07
Czechia,simple,110.0,<200 kV,<200 kV,0.7746699971411696,1.6184783572739139,8,0.019015440717177243,0.008764320216229101,0.9897488794990518,9.677105747584988e-07
Czechia,simple,110.0,<200 kV,<200 kV,0.7746699971411696,1.6184783572739139,9,0.010251120500948141,0.0047247972835202994,0.994473676782572,9.677105747584988e-07
Czechia,simple,110.0,<200 kV,<200 kV,0.7746699971411696,1.6184783572739139,10,0.005526323217427842,0.0025471124764500823,0.9970207892590222,9.677105747584988e-07
Czechia,simple,110.0,<200 kV,<200 kV,0.7746699971411696,1.6184783572739139,11,0.0029792107409777596,0.0013731344602479593,0.9983939237192702,9.677105747584988e-07
Czechia,simple,110.0,<200 kV,<200 kV,0.7746699971411696,1.6184783572739139,12,0.0016060762807298002,0.0007402493071481,0.9991341730264183,9.677105747584988e-07
Czechia,simple,110.0,<200 kV,<200 kV,0.7746699971411696,1.6184783572739139,13,0.0008658269735817002,0.00039906436885597525,0.9995332373952742,9.677105747584988e-07
Czechia,simple,110.0,<200 kV,<200 kV,0.7746699971411696,1.6184783572739139,14,0.0004667626047257249,0.0002151334272827044,0.999748370822557,9.677105747584988e-07
Czechia,simple,110.0,<200 kV,<200 kV,0.7746699971411696,1.6184783572739139,15,0.0002516291774430205,0.00011597725867404132,0.999864348081231,9.677105747584988e-07
Czechia,simple,110.0,<200 kV,<200 kV,0.7746699971411696,1.6184783572739139,16,0.0001356519187689792,6.252270834634212e-05,0.9999268707895774,9.677105747584988e-07
Czechia,simple,110.0,<200 kV,<200 kV,0.7746699971411696,1.6184783572739139,17,7.312921042263708e-05,3.370565146696913e-05,0.9999605764410444,9.677105747584988e-07
Czechia,simple,110.0,<200 kV,<200 kV,0.7746699971411696,1.6184783572739139,18,3.942355895566794e-05,1.817053308886712e-05,0.9999787469741332,9.677105747584988e-07
Czechia,simple,110.0,<200 kV,<200 kV,0.7746699971411696,1.6184783572739139,19,2.1253025866800822e-05,9.795635401296818e-06,0.9999885426095345,9.677105747584988e-07
Czechia,simple,110.0,<200 kV,<200 kV,0.7746699971411696,1.6184783572739139,20,1.1457390465504004e-05,5.280773681534402e-06,0.9999938233832161,9.677105747584988e-07
Czechia,simple,110.0,<200 kV,<200 kV,0.7746699971411696,1.6184783572739139,21,6.176616783969603e-06,2.846836323848331e-06,0.99999667021954,9.677105747584988e-07
Czechia,simple,110.0,<200 kV,<200 kV,0.7746699971411696,1.6184783572739139,22,3.3297804601212715e-06,1.5347139535863257e-06,0.9999982049334936,9.677105747584988e-07
Czechia,simple,110.0,<200 kV,<200 kV,0.7746699971411696,1.6184783572739139,23,1.7950665065349458e-06,8.27355931776447e-07,0.9999990322894253,9.677105747584988e-07
Czechia,simple,220.0,220 kV,200-299 kV,0.669725160591189,1.388212144366668,1,1.0,0.33027483940881097,0.33027483940881097,7.618190541967538e-07
Czechia,simple,220.0,220 kV,200-299 kV,0.669725160591189,1.388212144366668,2,0.669725160591189,0.3438493287892366,0.6741241681980475,7.618190541967538e-07
Czechia,simple,220.0,220 kV,200-299 kV,0.669725160591189,1.388212144366668,3,0.32587583180195245,0.1673107009072546,0.8414348691053022,7.618190541967538e-07
Czechia,simple,220.0,220 kV,200-299 kV,0.669725160591189,1.388212144366668,4,0.15856513089469784,0.08141028146440016,0.9228451505697024,7.618190541967538e-07
Czechia,simple,220.0,220 kV,200-299 kV,0.669725160591189,1.388212144366668,5,0.07715484943029768,0.03961273183468851,0.9624578824043909,7.618190541967538e-07
Czechia,simple,220.0,220 kV,200-299 kV,0.669725160591189,1.388212144366668,6,0.03754211759560917,0.01927482002495134,0.9817327024293422,7.618190541967538e-07
Czechia,simple,220.0,220 kV,200-299 kV,0.669725160591189,1.388212144366668,7,0.018267297570657832,0.009378769647715373,0.9911114720770575,7.618190541967538e-07
Czechia,simple,220.0,220 kV,200-299 kV,0.669725160591189,1.388212144366668,8,0.008888527922942459,0.004563535223210426,0.9956750073002679,7.618190541967538e-07
Czechia,simple,220.0,220 kV,200-299 kV,0.669725160591189,1.388212144366668,9,0.0043249926997320325,0.002220531531932374,0.9978955388322003,7.618190541967538e-07
Czechia,simple,220.0,220 kV,200-299 kV,0.669725160591189,1.388212144366668,10,0.0021044611677996585,0.001080469426252649,0.9989760082584529,7.618190541967538e-07
Czechia,simple,220.0,220 kV,200-299 kV,0.669725160591189,1.388212144366668,11,0.0010239917415470095,0.0005257363672970732,0.9995017446257499,7.618190541967538e-07
Czechia,simple,220.0,220 kV,200-299 kV,0.669725160591189,1.388212144366668,12,0.0004982553742499362,0.00025581355768422413,0.9997575581834341,7.618190541967538e-07
Czechia,simple,220.0,220 kV,200-299 kV,0.669725160591189,1.388212144366668,13,0.00024244181656571213,0.00012447412879482627,0.9998820323122289,7.618190541967538e-07
Czechia,simple,220.0,220 kV,200-299 kV,0.669725160591189,1.388212144366668,14,0.00011796768777088586,6.056680060075821e-05,0.9999425991128297,7.618190541967538e-07
Czechia,simple,220.0,220 kV,200-299 kV,0.669725160591189,1.388212144366668,15,5.740088717012765e-05,2.947068094012228e-05,0.9999720697937698,7.618190541967538e-07
Czechia,simple,220.0,220 kV,200-299 kV,0.669725160591189,1.388212144366668,16,2.793020623000537e-05,1.4339886314939592e-05,0.9999864096800848,7.618190541967538e-07
Czechia,simple,220.0,220 kV,200-299 kV,0.669725160591189,1.388212144366668,17,1.359031991506578e-05,6.977522505950539e-06,0.9999933872025908,7.618190541967538e-07
Czechia,simple,220.0,220 kV,200-299 kV,0.669725160591189,1.388212144366668,18,6.61279740911524e-06,3.3951329356303586e-06,0.9999967823355265,7.618190541967538e-07
Czechia,simple,220.0,220 kV,200-299 kV,0.669725160591189,1.388212144366668,19,3.217664473484882e-06,1.652008666510452e-06,0.999998434344193,7.618190541967538e-07
Czechia,simple,220.0,220 kV,200-299 kV,0.669725160591189,1.388212144366668,20,1.5656558069744298e-06,8.038367527776759e-07,0.9999992381809458,7.618190541967538e-07
Czechia,simple,400.0,400 kV,>=350 kV,0.6554172962436683,1.7834916184590153,1,1.0,0.3445827037563317,0.3445827037563317,9.382656833206698e-07
Czechia,simple,400.0,400 kV,>=350 kV,0.6554172962436683,1.7834916184590153,2,0.6554172962436683,0.2812981838073724,0.6258808875637041,9.382656833206698e-07
Czechia,simple,400.0,400 kV,>=350 kV,0.6554172962436683,1.7834916184590153,3,0.37411911243629586,0.16056797319677515,0.7864488607604793,9.382656833206698e-07
Czechia,simple,400.0,400 kV,>=350 kV,0.6554172962436683,1.7834916184590153,4,0.2135511392395207,0.09165389433930857,0.8781027550997879,9.382656833206698e-07
Czechia,simple,400.0,400 kV,>=350 kV,0.6554172962436683,1.7834916184590153,5,0.12189724490021214,0.05231701054896201,0.9304197656487498,9.382656833206698e-07
Czechia,simple,400.0,400 kV,>=350 kV,0.6554172962436683,1.7834916184590153,6,0.06958023435125013,0.029863101971940198,0.96028286762069,9.382656833206698e-07
Czechia,simple,400.0,400 kV,>=350 kV,0.6554172962436683,1.7834916184590153,7,0.03971713237930993,0.01704617389313336,0.9773290415138234,9.382656833206698e-07
Czechia,simple,400.0,400 kV,>=350 kV,0.6554172962436683,1.7834916184590153,8,0.022670958486176573,0.009730136027662716,0.9870591775414861,9.382656833206698e-07
Czechia,simple,400.0,400 kV,>=350 kV,0.6554172962436683,1.7834916184590153,9,0.012940822458513856,0.005554064373058983,0.992613241914545,9.382656833206698e-07
Czechia,simple,400.0,400 kV,>=350 kV,0.6554172962436683,1.7834916184590153,10,0.007386758085454873,0.003170318582636813,0.9957835604971819,9.382656833206698e-07
Czechia,simple,400.0,400 kV,>=350 kV,0.6554172962436683,1.7834916184590153,11,0.00421643950281806,0.0018096513184409856,0.9975932118156229,9.382656833206698e-07
Czechia,simple,400.0,400 kV,>=350 kV,0.6554172962436683,1.7834916184590153,12,0.002406788184377075,0.001032968078435656,0.9986261798940586,9.382656833206698e-07
Czechia,simple,400.0,400 kV,>=350 kV,0.6554172962436683,1.7834916184590153,13,0.0013738201059414188,0.00058962908500312,0.9992158089790617,9.382656833206698e-07
Czechia,simple,400.0,400 kV,>=350 kV,0.6554172962436683,1.7834916184590153,14,0.0007841910209382988,0.0003365665068838555,0.9995523754859456,9.382656833206698e-07
Czechia,simple,400.0,400 kV,>=350 kV,0.6554172962436683,1.7834916184590153,15,0.0004476245140544433,0.00019211571551868236,0.9997444912014642,9.382656833206698e-07
Czechia,simple,400.0,400 kV,>=350 kV,0.6554172962436683,1.7834916184590153,16,0.00025550879853576095,0.00010966167873023656,0.9998541528801945,9.382656833206698e-07
Czechia,simple,400.0,400 kV,>=350 kV,0.6554172962436683,1.7834916184590153,17,0.0001458471198055244,6.259604400122138e-05,0.9999167489241958,9.382656833206698e-07
Czechia,simple,400.0,400 kV,>=350 kV,0.6554172962436683,1.7834916184590153,18,8.325107580430301e-05,3.5730482790087915e-05,0.9999524794069858,9.382656833206698e-07
Czechia,simple,400.0,400 kV,>=350 kV,0.6554172962436683,1.7834916184590153,19,4.75205930142151e-05,2.039533681054749e-05,0.9999728747437964,9.382656833206698e-07
Czechia,simple,400.0,400 kV,>=350 kV,0.6554172962436683,1.7834916184590153,20,2.7125256203667607e-05,1.1641873580590725e-05,0.999984516617377,9.382656833206698e-07
Czechia,simple,400.0,400 kV,>=350 kV,0.6554172962436683,1.7834916184590153,21,1.5483382623076883e-05,6.645304351942066e-06,0.9999911619217289,9.382656833206698e-07
Czechia,simple,400.0,400 kV,>=350 kV,0.6554172962436683,1.7834916184590153,22,8.838078271134817e-06,3.793209883636246e-06,0.9999949551316125,9.382656833206698e-07
Czechia,simple,400.0,400 kV,>=350 kV,0.6554172962436683,1.7834916184590153,23,5.044868387498571e-06,2.165204249390125e-06,0.9999971203358619,9.382656833206698e-07
Czechia,simple,400.0,400 kV,>=350 kV,0.6554172962436683,1.7834916184590153,24,2.879664138108446e-06,1.2359214452649602e-06,0.9999983562573072,9.382656833206698e-07
Czechia,simple,400.0,400 kV,>=350 kV,0.6554172962436683,1.7834916184590153,25,1.6437426928434857e-06,7.054770095228158e-07,0.9999990617343166,9.382656833206698e-07
Denmark,simple,165.0,<200 kV,<200 kV,0.8092053260142612,1.4087178579269033,1,1.0,0.1907946739857388,0.1907946739857388,5.523910270827011e-07
Denmark,simple,165.0,<200 kV,<200 kV,0.8092053260142612,1.4087178579269033,2,0.8092053260142612,0.4113106513500059,0.6021053253357447,5.523910270827011e-07
Denmark,simple,165.0,<200 kV,<200 kV,0.8092053260142612,1.4087178579269033,3,0.3978946746642553,0.2022457249644564,0.804351050300201,5.523910270827011e-07
Denmark,simple,165.0,<200 kV,<200 kV,0.8092053260142612,1.4087178579269033,4,0.19564894969979893,0.09944632635246721,0.9037973766526682,5.523910270827011e-07
Denmark,simple,165.0,<200 kV,<200 kV,0.8092053260142612,1.4087178579269033,5,0.09620262334733172,0.048898792924989894,0.9526961695776581,5.523910270827011e-07
Denmark,simple,165.0,<200 kV,<200 kV,0.8092053260142612,1.4087178579269033,6,0.047303830422341826,0.02404404503637776,0.9767402146140359,5.523910270827011e-07
Denmark,simple,165.0,<200 kV,<200 kV,0.8092053260142612,1.4087178579269033,7,0.023259785385964068,0.01182270700624828,0.9885629216202843,5.523910270827011e-07
Denmark,simple,165.0,<200 kV,<200 kV,0.8092053260142612,1.4087178579269033,8,0.011437078379715788,0.005813347992990181,0.9943762696132744,5.523910270827011e-07
Denmark,simple,165.0,<200 kV,<200 kV,0.8092053260142612,1.4087178579269033,9,0.005623730386725607,0.002858483667889458,0.9972347532811638,5.523910270827011e-07
Denmark,simple,165.0,<200 kV,<200 kV,0.8092053260142612,1.4087178579269033,10,0.002765246718836149,0.0014055461481823196,0.9986402994293462,5.523910270827011e-07
Denmark,simple,165.0,<200 kV,<200 kV,0.8092053260142612,1.4087178579269033,11,0.0013597005706538292,0.0006911216589629132,0.9993314210883091,5.523910270827011e-07
Denmark,simple,165.0,<200 kV,<200 kV,0.8092053260142612,1.4087178579269033,12,0.0006685789116909161,0.0003398317074863424,0.9996712527957954,5.523910270827011e-07
Denmark,simple,165.0,<200 kV,<200 kV,0.8092053260142612,1.4087178579269033,13,0.00032874720420457366,0.00016709878487440103,0.9998383515806698,5.523910270827011e-07
Denmark,simple,165.0,<200 kV,<200 kV,0.8092053260142612,1.4087178579269033,14,0.00016164841933017263,8.216421037646554e-05,0.9999205157910462,5.523910270827011e-07
Denmark,simple,165.0,<200 kV,<200 kV,0.8092053260142612,1.4087178579269033,15,7.948420895370709e-05,4.040099676285756e-05,0.9999609167878091,5.523910270827011e-07
Denmark,simple,165.0,<200 kV,<200 kV,0.8092053260142612,1.4087178579269033,16,3.908321219084953e-05,1.986559028503662e-05,0.9999807823780941,5.523910270827011e-07
Denmark,simple,165.0,<200 kV,<200 kV,0.8092053260142612,1.4087178579269033,17,1.921762190581291e-05,9.768117348425302e-06,0.9999905504954425,5.523910270827011e-07
Denmark,simple,165.0,<200 kV,<200 kV,0.8092053260142612,1.4087178579269033,18,9.44950455738761e-06,4.803084890182057e-06,0.9999953535803326,5.523910270827011e-07
Denmark,simple,165.0,<200 kV,<200 kV,0.8092053260142612,1.4087178579269033,19,4.6464196672055524e-06,2.3617267933430702e-06,0.999997715307126,5.523910270827011e-07
Denmark,simple,165.0,<200 kV,<200 kV,0.8092053260142612,1.4087178579269033,20,2.284692873862482e-06,1.1612856266179992e-06,0.9999988765927527,5.523910270827011e-07
Denmark,simple,165.0,<200 kV,<200 kV,0.8092053260142612,1.4087178579269033,21,1.123407247244483e-06,5.710162201617819e-07,0.9999994476089729,5.523910270827011e-07
Denmark,simple,232.0,232 kV,200-299 kV,0.30455952735863795,2.005681380079529,1,1.0,0.6954404726413621,0.6954404726413621,7.142274593092103e-07
Denmark,simple,232.0,232 kV,200-299 kV,0.30455952735863795,2.005681380079529,2,0.30455952735863795,0.1195730213582828,0.815013493999645,7.142274593092103e-07
Denmark,simple,232.0,232 kV,200-299 kV,0.30455952735863795,2.005681380079529,3,0.18498650600035516,0.07262749461430441,0.8876409886139494,7.142274593092103e-07
Denmark,simple,232.0,232 kV,200-299 kV,0.30455952735863795,2.005681380079529,4,0.11235901138605074,0.0441132365313895,0.9317542251453389,7.142274593092103e-07
Denmark,simple,232.0,232 kV,200-299 kV,0.30455952735863795,2.005681380079529,5,0.06824577485466124,0.026793952450220468,0.9585481775955593,7.142274593092103e-07
Denmark,simple,232.0,232 kV,200-299 kV,0.30455952735863795,2.005681380079529,6,0.04145182240444077,0.01627438710813775,0.9748225647036971,7.142274593092103e-07
Denmark,simple,232.0,232 kV,200-299 kV,0.30455952735863795,2.005681380079529,7,0.025177435296303022,0.009884905044807617,0.9847074697485048,7.142274593092103e-07
Denmark,simple,232.0,232 kV,200-299 kV,0.30455952735863795,2.005681380079529,8,0.015292530251495405,0.006003995548072233,0.9907114652965769,7.142274593092103e-07
Denmark,simple,232.0,232 kV,200-299 kV,0.30455952735863795,2.005681380079529,9,0.009288534703423171,0.0036467687223972487,0.9943582340189742,7.142274593092103e-07
Denmark,simple,232.0,232 kV,200-299 kV,0.30455952735863795,2.005681380079529,10,0.005641765981025923,0.002215011987962729,0.9965732460069369,7.142274593092103e-07
Denmark,simple,232.0,232 kV,200-299 kV,0.30455952735863795,2.005681380079529,11,0.003426753993063194,0.0013453768199463458,0.9979186228268833,7.142274593092103e-07
Denmark,simple,232.0,232 kV,200-299 kV,0.30455952735863795,2.005681380079529,12,0.0020813771731168483,0.000817168844902611,0.9987357916717858,7.142274593092103e-07
Denmark,simple,232.0,232 kV,200-299 kV,0.30455952735863795,2.005681380079529,13,0.0012642083282142372,0.0004963404387375259,0.9992321321105233,7.142274593092103e-07
Denmark,simple,232.0,232 kV,200-299 kV,0.30455952735863795,2.005681380079529,14,0.0007678678894767113,0.0003014723733814407,0.9995336044839047,7.142274593092103e-07
Denmark,simple,232.0,232 kV,200-299 kV,0.30455952735863795,2.005681380079529,15,0.00046639551609527067,0.00018311139858644577,0.9997167158824911,7.142274593092103e-07
Denmark,simple,232.0,232 kV,200-299 kV,0.30455952735863795,2.005681380079529,16,0.0002832841175088249,0.00011122008931100448,0.9998279359718021,7.142274593092103e-07
Denmark,simple,232.0,232 kV,200-299 kV,0.30455952735863795,2.005681380079529,17,0.00017206402819782042,6.755400462144373e-05,0.9998954899764235,7.142274593092103e-07
Denmark,simple,232.0,232 kV,200-299 kV,0.30455952735863795,2.005681380079529,18,0.00010451002357637669,4.103164786743718e-05,0.9999365216242909,7.142274593092103e-07
Denmark,simple,232.0,232 kV,200-299 kV,0.30455952735863795,2.005681380079529,19,6.347837570893951e-05,2.4922225353653323e-05,0.9999614438496446,7.142274593092103e-07
Denmark,simple,232.0,232 kV,200-299 kV,0.30455952735863795,2.005681380079529,20,3.8556150355286186e-05,1.5137518205092688e-05,0.9999765813678497,7.142274593092103e-07
Denmark,simple,232.0,232 kV,200-299 kV,0.30455952735863795,2.005681380079529,21,2.3418632150193498e-05,9.194381888370213e-06,0.9999857757497381,7.142274593092103e-07
Denmark,simple,232.0,232 kV,200-299 kV,0.30455952735863795,2.005681380079529,22,1.4224250261823285e-05,5.584578473421756e-06,0.9999913603282116,7.142274593092103e-07
Denmark,simple,232.0,232 kV,200-299 kV,0.30455952735863795,2.005681380079529,23,8.639671788401529e-06,3.3920188550417106e-06,0.9999947523470666,7.142274593092103e-07
Denmark,simple,232.0,232 kV,200-299 kV,0.30455952735863795,2.005681380079529,24,5.247652933359818e-06,2.0602793868359067e-06,0.9999968126264535,7.142274593092103e-07
Denmark,simple,232.0,232 kV,200-299 kV,0.30455952735863795,2.005681380079529,25,3.187373546523911e-06,1.2513937372464193e-06,0.9999980640201908,7.142274593092103e-07
Denmark,simple,232.0,232 kV,200-299 kV,0.30455952735863795,2.005681380079529,26,1.935979809277492e-06,7.600844310851142e-07,0.9999988241046218,7.142274593092103e-07
Denmark,simple,232.0,232 kV,200-299 kV,0.30455952735863795,2.005681380079529,27,1.1758953781923777e-06,4.616679188831674e-07,0.9999992857725407,7.142274593092103e-07
Denmark,simple,400.0,400 kV,>=350 kV,0.5547414021120495,1.9286881144143786,1,1.0,0.4452585978879505,0.4452585978879505,7.753749901701245e-07
Denmark,simple,400.0,400 kV,>=350 kV,0.5547414021120495,1.9286881144143786,2,0.5547414021120495,0.22443691577082475,0.6696955136587752,7.753749901701245e-07
Denmark,simple,400.0,400 kV,>=350 kV,0.5547414021120495,1.9286881144143786,3,0.3303044863412247,0.13363437431828343,0.8033298879770586,7.753749901701245e-07
Denmark,simple,400.0,400 kV,>=350 kV,0.5547414021120495,1.9286881144143786,4,0.1966701120229413,0.07956866604633904,0.8828985540233977,7.753749901701245e-07
Denmark,simple,400.0,400 kV,>=350 kV,0.5547414021120495,1.9286881144143786,5,0.11710144597660226,0.0473768268732607,0.9302753808966584,7.753749901701245e-07
Denmark,simple,400.0,400 kV,>=350 kV,0.5547414021120495,1.9286881144143786,6,0.06972461910334156,0.028209141061529587,0.958484521958188,7.753749901701245e-07
Denmark,simple,400.0,400 kV,>=350 kV,0.5547414021120495,1.9286881144143786,7,0.04151547804181197,0.016796305112582285,0.9752808270707702,7.753749901701245e-07
Denmark,simple,400.0,400 kV,>=350 kV,0.5547414021120495,1.9286881144143786,8,0.024719172929229687,0.010000866911176352,0.9852816939819465,7.753749901701245e-07
Denmark,simple,400.0,400 kV,>=350 kV,0.5547414021120495,1.9286881144143786,9,0.014718306018053335,0.005954722678866932,0.9912364166608135,7.753749901701245e-07
Denmark,simple,400.0,400 kV,>=350 kV,0.5547414021120495,1.9286881144143786,10,0.008763583339186403,0.0035455648492417778,0.9947819815100553,7.753749901701245e-07
Denmark,simple,400.0,400 kV,>=350 kV,0.5547414021120495,1.9286881144143786,11,0.005218018489944625,0.002111102527879758,0.996893084037935,7.753749901701245e-07
Denmark,simple,400.0,400 kV,>=350 kV,0.5547414021120495,1.9286881144143786,12,0.0031069159620648675,0.0012569940397997152,0.9981500780777347,7.753749901701245e-07
Denmark,simple,400.0,400 kV,>=350 kV,0.5547414021120495,1.9286881144143786,13,0.0018499219222651523,0.0007484402084814361,0.9988985182862161,7.753749901701245e-07
Denmark,simple,400.0,400 kV,>=350 kV,0.5547414021120495,1.9286881144143786,14,0.0011014817137837162,0.00044563675557362863,0.9993441550417898,7.753749901701245e-07
Denmark,simple,400.0,400 kV,>=350 kV,0.5547414021120495,1.9286881144143786,15,0.0006558449582100876,0.00026534132675892487,0.9996094963685487,7.753749901701245e-07
Denmark,simple,400.0,400 kV,>=350 kV,0.5547414021120495,1.9286881144143786,16,0.00039050363145116273,0.0001579897053050733,0.9997674860738538,7.753749901701245e-07
Denmark,simple,400.0,400 kV,>=350 kV,0.5547414021120495,1.9286881144143786,17,0.00023251392614608943,9.407033305845297e-05,0.9998615564069122,7.753749901701245e-07
Denmark,simple,400.0,400 kV,>=350 kV,0.5547414021120495,1.9286881144143786,18,0.00013844359308763646,5.601141887467079e-05,0.9999175678257869,7.753749901701245e-07
Denmark,simple,400.0,400 kV,>=350 kV,0.5547414021120495,1.9286881144143786,19,8.243217421296567e-05,3.335035544526461e-05,0.9999509181812322,7.753749901701245e-07
Denmark,simple,400.0,400 kV,>=350 kV,0.5547414021120495,1.9286881144143786,20,4.908181876770106e-05,1.985749032378943e-05,0.9999707756715559,7.753749901701245e-07
Denmark,simple,400.0,400 kV,>=350 kV,0.5547414021120495,1.9286881144143786,21,2.922432844391163e-05,1.1823559800031476e-05,0.9999825992313559,7.753749901701245e-07
Denmark,simple,400.0,400 kV,>=350 kV,0.5547414021120495,1.9286881144143786,22,1.7400768643880152e-05,7.039991663873159e-06,0.9999896392230198,7.753749901701245e-07
Denmark,simple,400.0,400 kV,>=350 kV,0.5547414021120495,1.9286881144143786,23,1.0360776980006993e-05,4.19175641394158e-06,0.9999938309794337,7.753749901701245e-07
Denmark,simple,400.0,400 kV,>=350 kV,0.5547414021120495,1.9286881144143786,24,6.169020566065413e-06,2.495858329490338e-06,0.9999963268377632,7.753749901701245e-07
Denmark,simple,400.0,400 kV,>=350 kV,0.5547414021120495,1.9286881144143786,25,3.673162236575075e-06,1.4860855893648639e-06,0.9999978129233525,7.753749901701245e-07
Denmark,simple,400.0,400 kV,>=350 kV,0.5547414021120495,1.9286881144143786,26,2.187076647210211e-06,8.848460478799978e-07,0.9999986977694004,7.753749901701245e-07
Denmark,simple,400.0,400 kV,>=350 kV,0.5547414021120495,1.9286881144143786,27,1.3022305993302132e-06,5.268556091600887e-07,0.9999992246250096,7.753749901701245e-07
Estonia,simple,110.0,<200 kV,<200 kV,0.8516888273275874,1.0839285290667457,1,1.0,0.14831117267241256,0.14831117267241256,8.322900551040921e-07
Estonia,simple,110.0,<200 kV,<200 kV,0.8516888273275874,1.0839285290667457,2,0.8516888273275874,0.5131458049354104,0.661456977607823,8.322900551040921e-07
Estonia,simple,110.0,<200 kV,<200 kV,0.8516888273275874,1.0839285290667457,3,0.33854302239217704,0.20397347735064417,0.8654304549584672,8.322900551040921e-07
Estonia,simple,110.0,<200 kV,<200 kV,0.8516888273275874,1.0839285290667457,4,0.13456954504153287,0.08107867016032722,0.9465091251187944,8.322900551040921e-07
Estonia,simple,110.0,<200 kV,<200 kV,0.8516888273275874,1.0839285290667457,5,0.05349087488120565,0.032228458524862114,0.9787375836436565,8.322900551040921e-07
Estonia,simple,110.0,<200 kV,<200 kV,0.8516888273275874,1.0839285290667457,6,0.021262416356343537,0.01281068790145244,0.9915482715451089,8.322900551040921e-07
Estonia,simple,110.0,<200 kV,<200 kV,0.8516888273275874,1.0839285290667457,7,0.008451728454891097,0.00509219900734058,0.9966404705524495,8.322900551040921e-07
Estonia,simple,110.0,<200 kV,<200 kV,0.8516888273275874,1.0839285290667457,8,0.003359529447550518,0.0020241294557976474,0.9986646000082472,8.322900551040921e-07
Estonia,simple,110.0,<200 kV,<200 kV,0.8516888273275874,1.0839285290667457,9,0.0013353999917528707,0.0008045836480313433,0.9994691836562786,8.322900551040921e-07
Estonia,simple,110.0,<200 kV,<200 kV,0.8516888273275874,1.0839285290667457,10,0.0005308163437215274,0.00031981889538993085,0.9997890025516685,8.322900551040921e-07
Estonia,simple,110.0,<200 kV,<200 kV,0.8516888273275874,1.0839285290667457,11,0.00021099744833159652,0.00012712677681022306,0.9999161293284787,8.322900551040921e-07
Estonia,simple,110.0,<200 kV,<200 kV,0.8516888273275874,1.0839285290667457,12,8.387067152137348e-05,5.0532403229184116e-05,0.9999666617317079,8.322900551040921e-07
Estonia,simple,110.0,<200 kV,<200 kV,0.8516888273275874,1.0839285290667457,13,3.3338268292189366e-05,2.008643529072397e-05,0.9999867481669986,8.322900551040921e-07
Estonia,simple,110.0,<200 kV,<200 kV,0.8516888273275874,1.0839285290667457,14,1.3251833001465395e-05,7.984280519146752e-06,0.9999947324475178,8.322900551040921e-07
Estonia,simple,110.0,<200 kV,<200 kV,0.8516888273275874,1.0839285290667457,15,5.267552482318643e-06,3.1737206968657925e-06,0.9999979061682147,8.322900551040921e-07
Estonia,simple,110.0,<200 kV,<200 kV,0.8516888273275874,1.0839285290667457,16,2.0938317854528507e-06,1.2615417303487587e-06,0.999999167709945,8.322900551040921e-07
Estonia,simple,330.0,330 kV,300-349 kV,0.9999999999999134,1.2852902598788822,1,1.0,8.659739592076221e-14,8.659739592076221e-14,8.276969984440769e-07
Estonia,simple,330.0,330 kV,300-349 kV,0.9999999999999134,1.2852902598788822,2,0.9999999999999134,0.5406920467876253,0.5406920467877119,8.276969984440769e-07
Estonia,simple,330.0,330 kV,300-349 kV,0.9999999999999134,1.2852902598788822,3,0.4593079532122881,0.2483441573282084,0.7890362041159202,8.276969984440769e-07
Estonia,simple,330.0,330 kV,300-349 kV,0.9999999999999134,1.2852902598788822,4,0.21096379588407974,0.11406644659465974,0.9031026507105799,8.276969984440769e-07
Estonia,simple,330.0,330 kV,300-349 kV,0.9999999999999134,1.2852902598788822,5,0.09689734928942,0.05239162611559648,0.9554942768261764,8.276969984440769e-07
Estonia,simple,330.0,330 kV,300-349 kV,0.9999999999999134,1.2852902598788822,6,0.044505723173823515,0.024063890556620168,0.9795581673827966,8.276969984440769e-07
Estonia,simple,330.0,330 kV,300-349 kV,0.9999999999999134,1.2852902598788822,7,0.020441832617203348,0.011052736317886672,0.9906109037006833,8.276969984440769e-07
Estonia,simple,330.0,330 kV,300-349 kV,0.9999999999999134,1.2852902598788822,8,0.009389096299316675,0.005076609695564091,0.9956875133962474,8.276969984440769e-07
Estonia,simple,330.0,330 kV,300-349 kV,0.9999999999999134,1.2852902598788822,9,0.004312486603752584,0.002331727208527402,0.9980192406047748,8.276969984440769e-07
Estonia,simple,330.0,330 kV,300-349 kV,0.9999999999999134,1.2852902598788822,10,0.0019807593952251823,0.0010709808515982154,0.9990902214563729,8.276969984440769e-07
Estonia,simple,330.0,330 kV,300-349 kV,0.9999999999999134,1.2852902598788822,11,0.000909778543626967,0.0004919100228771723,0.9995821314792501,8.276969984440769e-07
Estonia,simple,330.0,330 kV,300-349 kV,0.9999999999999134,1.2852902598788822,12,0.00041786852074979474,0.00022593818577234335,0.9998080696650224,8.276969984440769e-07
Estonia,simple,330.0,330 kV,300-349 kV,0.9999999999999134,1.2852902598788822,13,0.0001919303349774514,0.00010377520565960166,0.9999118448706821,8.276969984440769e-07
Estonia,simple,330.0,330 kV,300-349 kV,0.9999999999999134,1.2852902598788822,14,8.815512931784974e-05,4.766477730570013e-05,0.9999595096479877,8.276969984440769e-07
Estonia,simple,330.0,330 kV,300-349 kV,0.9999999999999134,1.2852902598788822,15,4.049035201214961e-05,2.1892811304602496e-05,0.9999814024592923,8.276969984440769e-07
Estonia,simple,330.0,330 kV,300-349 kV,0.9999999999999134,1.2852902598788822,16,1.859754070754711e-05,1.0055542350380693e-05,0.9999914580016427,8.276969984440769e-07
Estonia,simple,330.0,330 kV,300-349 kV,0.9999999999999134,1.2852902598788822,17,8.541998357166418e-06,4.618590575393246e-06,0.9999960765922181,8.276969984440769e-07
Estonia,simple,330.0,330 kV,300-349 kV,0.9999999999999134,1.2852902598788822,18,3.923407781773171e-06,2.1213553839096153e-06,0.999998197947602,8.276969984440769e-07
Estonia,simple,330.0,330 kV,300-349 kV,0.9999999999999134,1.2852902598788822,19,1.8020523978635563e-06,9.743553994194796e-07,0.9999991723030015,8.276969984440769e-07
Hungary,simple,120.0,<200 kV,<200 kV,0.748470429081274,1.2827410606722338,1,1.0,0.25152957091872596,0.25152957091872596,6.02502669313459e-07
Hungary,simple,120.0,<200 kV,<200 kV,0.748470429081274,1.2827410606722338,2,0.748470429081274,0.40522314514912083,0.6567527160678468,6.02502669313459e-07
Hungary,simple,120.0,<200 kV,<200 kV,0.748470429081274,1.2827410606722338,3,0.3432472839321532,0.18583465499046037,0.8425873710583072,6.02502669313459e-07
Hungary,simple,120.0,<200 kV,<200 kV,0.748470429081274,1.2827410606722338,4,0.15741262894169283,0.0852234612184229,0.9278108322767301,6.02502669313459e-07
Hungary,simple,120.0,<200 kV,<200 kV,0.748470429081274,1.2827410606722338,5,0.07218916772326993,0.03908333643378231,0.9668941687105124,6.02502669313459e-07
Hungary,simple,120.0,<200 kV,<200 kV,0.748470429081274,1.2827410606722338,6,0.03310583128948762,0.01792355256355175,0.9848177212740641,6.02502669313459e-07
Hungary,simple,120.0,<200 kV,<200 kV,0.748470429081274,1.2827410606722338,7,0.015182278725935866,0.008219711155998483,0.9930374324300626,6.02502669313459e-07
Hungary,simple,120.0,<200 kV,<200 kV,0.748470429081274,1.2827410606722338,8,0.006962567569937382,0.0037695457554234673,0.996806978185486,6.02502669313459e-07
Hungary,simple,120.0,<200 kV,<200 kV,0.748470429081274,1.2827410606722338,9,0.003193021814513915,0.0017287073636232885,0.9985356855491093,6.02502669313459e-07
Hungary,simple,120.0,<200 kV,<200 kV,0.748470429081274,1.2827410606722338,10,0.0014643144508906265,0.0007927822987015763,0.9993284678478109,6.02502669313459e-07
Hungary,simple,120.0,<200 kV,<200 kV,0.748470429081274,1.2827410606722338,11,0.0006715321521890502,0.00036356863304917063,0.9996920364808601,6.02502669313459e-07
Hungary,simple,120.0,<200 kV,<200 kV,0.748470429081274,1.2827410606722338,12,0.00030796351913987954,0.00016673196557709618,0.9998587684464373,6.02502669313459e-07
Hungary,simple,120.0,<200 kV,<200 kV,0.748470429081274,1.2827410606722338,13,0.00014123155356278336,7.646299987997682e-05,0.9999352314463172,6.02502669313459e-07
Hungary,simple,120.0,<200 kV,<200 kV,0.748470429081274,1.2827410606722338,14,6.476855368280654e-05,3.5065803551280423e-05,0.9999702972498685,6.02502669313459e-07
Hungary,simple,120.0,<200 kV,<200 kV,0.748470429081274,1.2827410606722338,15,2.9702750131526117e-05,1.6081118719211962e-05,0.9999863783685877,6.02502669313459e-07
Hungary,simple,120.0,<200 kV,<200 kV,0.748470429081274,1.2827410606722338,16,1.3621631412314153e-05,7.374774083907892e-06,0.9999937531426716,6.02502669313459e-07
Hungary,simple,120.0,<200 kV,<200 kV,0.748470429081274,1.2827410606722338,17,6.246857328406261e-06,3.382059030737932e-06,0.9999971352017023,6.02502669313459e-07
Hungary,simple,120.0,<200 kV,<200 kV,0.748470429081274,1.2827410606722338,18,2.864798297668329e-06,1.5510066013215229e-06,0.9999986862083037,6.02502669313459e-07
Hungary,simple,120.0,<200 kV,<200 kV,0.748470429081274,1.2827410606722338,19,1.3137916963468062e-06,7.112890270333471e-07,0.9999993974973307,6.02502669313459e-07
Hungary,simple,220.0,220 kV,200-299 kV,0.41796293278159785,2.4421025711583,1,1.0,0.5820370672184021,0.5820370672184021,8.518756698992893e-07
Hungary,simple,220.0,220 kV,200-299 kV,0.41796293278159785,2.4421025711583,2,0.41796293278159785,0.14043834301522168,0.7224754102336237,8.518756698992893e-07
Hungary,simple,220.0,220 kV,200-299 kV,0.41796293278159785,2.4421025711583,3,0.2775245897663762,0.09325011974957845,0.8157255299832021,8.518756698992893e-07
Hungary,simple,220.0,220 kV,200-299 kV,0.41796293278159785,2.4421025711583,4,0.18427447001679773,0.06191745535169292,0.877642985334895,8.518756698992893e-07
Hungary,simple,220.0,220 kV,200-299 kV,0.41796293278159785,2.4421025711583,5,0.1223570146651048,0.04111277591411584,0.9187557612490109,8.518756698992893e-07
Hungary,simple,220.0,220 kV,200-299 kV,0.41796293278159785,2.4421025711583,6,0.08124423875098896,0.027298608021979844,0.9460543692709907,8.518756698992893e-07
Hungary,simple,220.0,220 kV,200-299 kV,0.41796293278159785,2.4421025711583,7,0.05394563072900912,0.018126093005601147,0.9641804622765919,8.518756698992893e-07
Hungary,simple,220.0,220 kV,200-299 kV,0.41796293278159785,2.4421025711583,8,0.03581953772340797,0.012035604430202528,0.9762160667067945,8.518756698992893e-07
Hungary,simple,220.0,220 kV,200-299 kV,0.41796293278159785,2.4421025711583,9,0.023783933293205443,0.007991560782323513,0.984207627489118,8.518756698992893e-07
Hungary,simple,220.0,220 kV,200-299 kV,0.41796293278159785,2.4421025711583,10,0.01579237251088193,0.005306342868606269,0.9895139703577244,8.518756698992893e-07
Hungary,simple,220.0,220 kV,200-299 kV,0.41796293278159785,2.4421025711583,11,0.01048602964227566,0.003523376147183859,0.9930373465049083,8.518756698992893e-07
Hungary,simple,220.0,220 kV,200-299 kV,0.41796293278159785,2.4421025711583,12,0.006962653495091802,0.0023394981783008634,0.9953768446832091,8.518756698992893e-07
Hungary,simple,220.0,220 kV,200-299 kV,0.41796293278159785,2.4421025711583,13,0.004623155316790938,0.0015534111311526267,0.9969302558143617,8.518756698992893e-07
Hungary,simple,220.0,220 kV,200-299 kV,0.41796293278159785,2.4421025711583,14,0.0030697441856383117,0.0010314545934553662,0.997961710407817,8.518756698992893e-07
Hungary,simple,220.0,220 kV,200-299 kV,0.41796293278159785,2.4421025711583,15,0.0020382895921829455,0.0006848789460976524,0.9986465893539147,8.518756698992893e-07
Hungary,simple,220.0,220 kV,200-299 kV,0.41796293278159785,2.4421025711583,16,0.001353410646085293,0.0004547550360277967,0.9991013443899425,8.518756698992893e-07
Hungary,simple,220.0,220 kV,200-299 kV,0.41796293278159785,2.4421025711583,17,0.0008986556100574964,0.00030195430005692733,0.9994032986899994,8.518756698992893e-07
Hungary,simple,220.0,220 kV,200-299 kV,0.41796293278159785,2.4421025711583,18,0.0005967013100005691,0.00020049563413146183,0.9996037943241309,8.518756698992893e-07
Hungary,simple,220.0,220 kV,200-299 kV,0.41796293278159785,2.4421025711583,19,0.00039620567586910727,0.0001331277590622104,0.9997369220831931,8.518756698992893e-07
Hungary,simple,220.0,220 kV,200-299 kV,0.41796293278159785,2.4421025711583,20,0.00026307791680689685,8.839594093757317e-05,0.9998253180241307,8.518756698992893e-07
Hungary,simple,220.0,220 kV,200-299 kV,0.41796293278159785,2.4421025711583,21,0.00017468197586932368,5.869431311156896e-05,0.9998840123372422,8.518756698992893e-07
Hungary,simple,220.0,220 kV,200-299 kV,0.41796293278159785,2.4421025711583,22,0.00011598766275775472,3.8972631040511626e-05,0.9999229849682827,8.518756698992893e-07
Hungary,simple,220.0,220 kV,200-299 kV,0.41796293278159785,2.4421025711583,23,7.70150317172431e-05,2.5877566150790924e-05,0.9999488625344335,8.518756698992893e-07
Hungary,simple,220.0,220 kV,200-299 kV,0.41796293278159785,2.4421025711583,24,5.113746556645217e-05,1.718253071475882e-05,0.9999660450651483,8.518756698992893e-07
Hungary,simple,220.0,220 kV,200-299 kV,0.41796293278159785,2.4421025711583,25,3.395493485169335e-05,1.1409085384740069e-05,0.9999774541505331,8.518756698992893e-07
Hungary,simple,220.0,220 kV,200-299 kV,0.41796293278159785,2.4421025711583,26,2.2545849466953283e-05,7.5755563296902415e-06,0.9999850297068628,8.518756698992893e-07
Hungary,simple,220.0,220 kV,200-299 kV,0.41796293278159785,2.4421025711583,27,1.4970293137263041e-05,5.030118696549481e-06,0.9999900598255593,8.518756698992893e-07
Hungary,simple,220.0,220 kV,200-299 kV,0.41796293278159785,2.4421025711583,28,9.94017444071356e-06,3.3399651458219814e-06,0.9999933997907051,8.518756698992893e-07
Hungary,simple,220.0,220 kV,200-299 kV,0.41796293278159785,2.4421025711583,29,6.600209294891579e-06,2.2177145010430622e-06,0.9999956175052062,8.518756698992893e-07
Hungary,simple,220.0,220 kV,200-299 kV,0.41796293278159785,2.4421025711583,30,4.382494793848517e-06,1.4725475846025074e-06,0.9999970900527908,8.518756698992893e-07
Hungary,simple,220.0,220 kV,200-299 kV,0.41796293278159785,2.4421025711583,31,2.9099472092460096e-06,9.777617397995974e-07,0.9999980678145306,8.518756698992893e-07
Hungary,simple,220.0,220 kV,200-299 kV,0.41796293278159785,2.4421025711583,32,1.9321854694464122e-06,6.492272506589366e-07,0.9999987170417812,8.518756698992893e-07
Hungary,simple,220.0,220 kV,200-299 kV,0.41796293278159785,2.4421025711583,33,1.2829582187874756e-06,4.3108254888818636e-07,0.9999991481243301,8.518756698992893e-07
Hungary,simple,400.0,400 kV,>=350 kV,0.8323559483151836,1.464413552817676,1,1.0,0.16764405168481644,0.16764405168481644,9.749892937486823e-07
Hungary,simple,400.0,400 kV,>=350 kV,0.8323559483151836,1.464413552817676,2,0.8323559483151836,0.41187761173576004,0.5795216634205764,9.749892937486823e-07
Hungary,simple,400.0,400 kV,>=350 kV,0.8323559483151836,1.464413552817676,3,0.4204783365794235,0.20806676928003262,0.7875884327006091,9.749892937486823e-07
Hungary,simple,400.0,400 kV,>=350 kV,0.8323559483151836,1.464413552817676,4,0.2124115672993909,0.10510836045733932,0.8926967931579484,9.749892937486823e-07
Hungary,simple,400.0,400 kV,>=350 kV,0.8323559483151836,1.464413552817676,5,0.10730320684205158,0.053097221993969705,0.9457940151519181,9.749892937486823e-07
Hungary,simple,400.0,400 kV,>=350 kV,0.8323559483151836,1.464413552817676,6,0.054205984848081874,0.026822937501923886,0.972616952653842,9.749892937486823e-07
Hungary,simple,400.0,400 kV,>=350 kV,0.8323559483151836,1.464413552817676,7,0.02738304734615799,0.013550049309808075,0.98616700196365,9.749892937486823e-07
Hungary,simple,400.0,400 kV,>=350 kV,0.8323559483151836,1.464413552817676,8,0.013832998036349914,0.006845030910020984,0.993012032873671,9.749892937486823e-07
Hungary,simple,400.0,400 kV,>=350 kV,0.8323559483151836,1.464413552817676,9,0.006987967126328929,0.003457880269500392,0.9964699131431715,9.749892937486823e-07
Hungary,simple,400.0,400 kV,>=350 kV,0.8323559483151836,1.464413552817676,10,0.0035300868568285374,0.0017468052541143968,0.9982167183972859,9.749892937486823e-07
Hungary,simple,400.0,400 kV,>=350 kV,0.8323559483151836,1.464413552817676,11,0.0017832816027141406,0.0008824274867800813,0.999099145884066,9.749892937486823e-07
Hungary,simple,400.0,400 kV,>=350 kV,0.8323559483151836,1.464413552817676,12,0.0009008541159340593,0.00044577280013952586,0.9995449186842056,9.749892937486823e-07
Hungary,simple,400.0,400 kV,>=350 kV,0.8323559483151836,1.464413552817676,13,0.00045508131579453346,0.00022518948278608782,0.9997701081669916,9.749892937486823e-07
Hungary,simple,400.0,400 kV,>=350 kV,0.8323559483151836,1.464413552817676,14,0.00022989183300844564,0.0001137581816153731,0.999883866348607,9.749892937486823e-07
Hungary,simple,400.0,400 kV,>=350 kV,0.8323559483151836,1.464413552817676,15,0.00011613365139307255,5.7466821826350965e-05,0.9999413331704334,9.749892937486823e-07
Hungary,simple,400.0,400 kV,>=350 kV,0.8323559483151836,1.464413552817676,16,5.866682956672158e-05,2.9030312931578015e-05,0.999970363483365,9.749892937486823e-07
Hungary,simple,400.0,400 kV,>=350 kV,0.8323559483151836,1.464413552817676,17,2.9636516635143566e-05,1.4665141417632837e-05,0.9999850286247827,9.749892937486823e-07
Hungary,simple,400.0,400 kV,>=350 kV,0.8323559483151836,1.464413552817676,18,1.497137521751073e-05,7.4083380811658205e-06,0.9999924369628639,9.749892937486823e-07
Hungary,simple,400.0,400 kV,>=350 kV,0.8323559483151836,1.464413552817676,19,7.563037136344909e-06,3.7424441784694815e-06,0.9999961794070423,9.749892937486823e-07
Hungary,simple,400.0,400 kV,>=350 kV,0.8323559483151836,1.464413552817676,20,3.820592957875427e-06,1.8905574064670722e-06,0.9999980699644488,9.749892937486823e-07
Hungary,simple,400.0,400 kV,>=350 kV,0.8323559483151836,1.464413552817676,21,1.930035551408355e-06,9.550462576596728e-07,0.9999990250107065,9.749892937486823e-07
Ireland,simple,110.0,<200 kV,<200 kV,0.7359828982095445,1.4587642712747282,1,1.0,0.26401710179045546,0.26401710179045546,8.176898468760496e-07
Ireland,simple,110.0,<200 kV,<200 kV,0.7359828982095445,1.4587642712747282,2,0.7359828982095445,0.36517090936783575,0.6291880111582913,8.176898468760496e-07
Ireland,simple,110.0,<200 kV,<200 kV,0.7359828982095445,1.4587642712747282,3,0.3708119888417088,0.18398491527349253,0.8131729264317837,8.176898468760496e-07
Ireland,simple,110.0,<200 kV,<200 kV,0.7359828982095445,1.4587642712747282,4,0.18682707356821626,0.09269755114610398,0.9058704775778877,8.176898468760496e-07
Ireland,simple,110.0,<200 kV,<200 kV,0.7359828982095445,1.4587642712747282,5,0.09412952242211228,0.04670402448869981,0.9525745020665876,8.176898468760496e-07
Ireland,simple,110.0,<200 kV,<200 kV,0.7359828982095445,1.4587642712747282,6,0.047425497933412476,0.023530998138269043,0.9761055002048566,8.176898468760496e-07
Ireland,simple,110.0,<200 kV,<200 kV,0.7359828982095445,1.4587642712747282,7,0.023894499795143433,0.011855677951633326,0.98796117815649,8.176898468760496e-07
Ireland,simple,110.0,<200 kV,<200 kV,0.7359828982095445,1.4587642712747282,8,0.012038821843510107,0.005973274013576717,0.9939344521700667,8.176898468760496e-07
Ireland,simple,110.0,<200 kV,<200 kV,0.7359828982095445,1.4587642712747282,9,0.00606554782993339,0.0030095286483684688,0.9969439808184352,8.176898468760496e-07
Ireland,simple,110.0,<200 kV,<200 kV,0.7359828982095445,1.4587642712747282,10,0.0030560191815649216,0.0015162978736224378,0.9984602786920576,8.176898468760496e-07
Ireland,simple,110.0,<200 kV,<200 kV,0.7359828982095445,1.4587642712747282,11,0.0015397213079424838,0.0007639599120607645,0.9992242386041184,8.176898468760496e-07
Ireland,simple,110.0,<200 kV,<200 kV,0.7359828982095445,1.4587642712747282,12,0.0007757613958817193,0.0003849077133120197,0.9996091463174304,8.176898468760496e-07
Ireland,simple,110.0,<200 kV,<200 kV,0.7359828982095445,1.4587642712747282,13,0.0003908536825696996,0.0001939289554702506,0.9998030752729006,8.176898468760496e-07
Ireland,simple,110.0,<200 kV,<200 kV,0.7359828982095445,1.4587642712747282,14,0.00019692472709944897,9.770768022852149e-05,0.9999007829531291,8.176898468760496e-07
Ireland,simple,110.0,<200 kV,<200 kV,0.7359828982095445,1.4587642712747282,15,9.921704687092748e-05,4.922828956866909e-05,0.9999500112426978,8.176898468760496e-07
Ireland,simple,110.0,<200 kV,<200 kV,0.7359828982095445,1.4587642712747282,16,4.998875730225839e-05,2.4802804530705878e-05,0.9999748140472284,8.176898468760496e-07
Ireland,simple,110.0,<200 kV,<200 kV,0.7359828982095445,1.4587642712747282,17,2.518595277155251e-05,1.249645514760946e-05,0.999987310502376,8.176898468760496e-07
Ireland,simple,110.0,<200 kV,<200 kV,0.7359828982095445,1.4587642712747282,18,1.268949762394305e-05,6.296118290287987e-06,0.9999936066206663,8.176898468760496e-07
Ireland,simple,110.0,<200 kV,<200 kV,0.7359828982095445,1.4587642712747282,19,6.393379333655064e-06,3.1721880370916346e-06,0.9999967788087034,8.176898468760496e-07
Ireland,simple,110.0,<200 kV,<200 kV,0.7359828982095445,1.4587642712747282,20,3.2211912965634293e-06,1.5982509347369652e-06,0.9999983770596381,8.176898468760496e-07
Ireland,simple,110.0,<200 kV,<200 kV,0.7359828982095445,1.4587642712747282,21,1.6229403618264642e-06,8.052505149504146e-07,0.9999991823101531,8.176898468760496e-07
Ireland,simple,220.0,220 kV,200-299 kV,0.9236656108640036,1.2619851409928653,1,1.0,0.07633438913599644,0.07633438913599644,5.902925422077802e-07
Ireland,simple,220.0,220 kV,200-299 kV,0.9236656108640036,1.2619851409928653,2,0.9236656108640036,0.5054706420643477,0.5818050312003441,5.902925422077802e-07
Ireland,simple,220.0,220 kV,200-299 kV,0.9236656108640036,1.2619851409928653,3,0.4181949687996559,0.22885476832845444,0.8106597995287985,5.902925422077802e-07
Ireland,simple,220.0,220 kV,200-299 kV,0.9236656108640036,1.2619851409928653,4,0.18934020047120145,0.10361532525958878,0.9142751247883873,5.902925422077802e-07
Ireland,simple,220.0,220 kV,200-299 kV,0.9236656108640036,1.2619851409928653,5,0.08572487521161268,0.04691244017796378,0.9611875649663512,5.902925422077802e-07
Ireland,simple,220.0,220 kV,200-299 kV,0.9236656108640036,1.2619851409928653,6,0.038812435033648895,0.021239879698658426,0.9824274446650096,5.902925422077802e-07
Ireland,simple,220.0,220 kV,200-299 kV,0.9236656108640036,1.2619851409928653,7,0.01757255533499047,0.009616478867910042,0.9920439235329197,5.902925422077802e-07
Ireland,simple,220.0,220 kV,200-299 kV,0.9236656108640036,1.2619851409928653,8,0.007956076467080428,0.004353916647785977,0.9963978401807057,5.902925422077802e-07
Ireland,simple,220.0,220 kV,200-299 kV,0.9236656108640036,1.2619851409928653,9,0.00360215981929445,0.0019712610443231556,0.9983691012250288,5.902925422077802e-07
Ireland,simple,220.0,220 kV,200-299 kV,0.9236656108640036,1.2619851409928653,10,0.0016308987749712948,0.0008924998844068419,0.9992616011094356,5.902925422077802e-07
Ireland,simple,220.0,220 kV,200-299 kV,0.9236656108640036,1.2619851409928653,11,0.0007383988905644529,0.00040408450517507677,0.9996656856146107,5.902925422077802e-07
Ireland,simple,220.0,220 kV,200-299 kV,0.9236656108640036,1.2619851409928653,12,0.00033431438538937617,0.00018295160612945724,0.9998486372207401,5.902925422077802e-07
Ireland,simple,220.0,220 kV,200-299 kV,0.9236656108640036,1.2619851409928653,13,0.00015136277925991893,8.283240202651681e-05,0.9999314696227667,5.902925422077802e-07
Ireland,simple,220.0,220 kV,200-299 kV,0.9236656108640036,1.2619851409928653,14,6.853037723340212e-05,3.7502851003272856e-05,0.9999689724737699,5.902925422077802e-07
Ireland,simple,220.0,220 kV,200-299 kV,0.9236656108640036,1.2619851409928653,15,3.102752623012926e-05,1.6979633560830902e-05,0.9999859521073308,5.902925422077802e-07
Ireland,simple,220.0,220 kV,200-299 kV,0.9236656108640036,1.2619851409928653,16,1.4047892669298358e-05,7.687627690890373e-06,0.9999936397350216,5.902925422077802e-07
Ireland,simple,220.0,220 kV,200-299 kV,0.9236656108640036,1.2619851409928653,17,6.360264978407984e-06,3.480618077063628e-06,0.9999971203530987,5.902925422077802e-07
Ireland,simple,220.0,220 kV,200-299 kV,0.9236656108640036,1.2619851409928653,18,2.8796469013443563e-06,1.5758700454156586e-06,0.9999986962231442,5.902925422077802e-07
Ireland,simple,220.0,220 kV,200-299 kV,0.9236656108640036,1.2619851409928653,19,1.3037768559286976e-06,7.134843137209175e-07,0.9999994097074579,5.902925422077802e-07
Ireland,simple,275.0,275 kV,200-299 kV,0.8461538161458882,0.5865969419731888,1,1.0,0.15384618385411175,0.15384618385411175,1.837321809335714e-07
Ireland,simple,275.0,275 kV,200-299 kV,0.8461538161458882,0.5865969419731888,2,0.8461538161458882,0.6923076631026333,0.846153846956745,1.837321809335714e-07
Ireland,simple,275.0,275 kV,200-299 kV,0.8461538161458882,0.5865969419731888,3,0.15384615304325494,0.12587412437119158,0.9720279713279366,1.837321809335714e-07
Ireland,simple,275.0,275 kV,200-299 kV,0.8461538161458882,0.5865969419731888,4,0.027972028672063366,0.022886205123321474,0.9949141764512581,1.837321809335714e-07
Ireland,simple,275.0,275 kV,200-299 kV,0.8461538161458882,0.5865969419731888,5,0.005085823548741893,0.004161128330094042,0.9990753047813522,1.837321809335714e-07
Ireland,simple,275.0,275 kV,200-299 kV,0.8461538161458882,0.5865969419731888,6,0.0009246952186478503,0.0007565688101723307,0.9998318735915245,1.837321809335714e-07
Ireland,simple,275.0,275 kV,200-299 kV,0.8461538161458882,0.5865969419731888,7,0.00016812640847551963,0.000137557969646334,0.9999694315611708,1.837321809335714e-07
Ireland,simple,275.0,275 kV,200-299 kV,0.8461538161458882,0.5865969419731888,8,3.056843882918564e-05,2.501054069214357e-05,0.999994442101863,1.837321809335714e-07
Ireland,simple,275.0,275 kV,200-299 kV,0.8461538161458882,0.5865969419731888,9,5.55789813704207e-06,4.547371172470924e-06,0.9999989894730354,1.837321809335714e-07
Ireland,simple,275.0,275 kV,200-299 kV,0.8461538161458882,0.5865969419731888,10,1.0105269645711455e-06,8.267947836375741e-07,0.9999998162678191,1.837321809335714e-07
Latvia,simple,110.0,<200 kV,<200 kV,0.8877285354476122,0.9498018441875883,1,1.0,0.11227146455238779,0.11227146455238779,3.522213873218689e-07
Latvia,simple,110.0,<200 kV,<200 kV,0.8877285354476122,0.9498018441875883,2,0.8877285354476122,0.5779632692161971,0.6902347337685849,3.522213873218689e-07
Latvia,simple,110.0,<200 kV,<200 kV,0.8877285354476122,0.9498018441875883,3,0.30976526623141515,0.201675330702828,0.8919100644714129,3.522213873218689e-07
Latvia,simple,110.0,<200 kV,<200 kV,0.8877285354476122,0.9498018441875883,4,0.10808993552858716,0.07037287865931949,0.9622829431307324,3.522213873218689e-07
Latvia,simple,110.0,<200 kV,<200 kV,0.8877285354476122,0.9498018441875883,5,0.03771705686926768,0.024556013041062825,0.9868389561717952,3.522213873218689e-07
Latvia,simple,110.0,<200 kV,<200 kV,0.8877285354476122,0.9498018441875883,6,0.013161043828204853,0.008568610350473316,0.9954075665222685,3.522213873218689e-07
Latvia,simple,110.0,<200 kV,<200 kV,0.8877285354476122,0.9498018441875883,7,0.0045924334777315366,0.0029899431644486835,0.9983975096867171,3.522213873218689e-07
Latvia,simple,110.0,<200 kV,<200 kV,0.8877285354476122,0.9498018441875883,8,0.001602490313282853,0.001043315048879492,0.9994408247355966,3.522213873218689e-07
Latvia,simple,110.0,<200 kV,<200 kV,0.8877285354476122,0.9498018441875883,9,0.000559175264403361,0.00036405584700106787,0.9998048805825976,3.522213873218689e-07
Latvia,simple,110.0,<200 kV,<200 kV,0.8877285354476122,0.9498018441875883,10,0.00019511941740229315,0.00012703416851698595,0.9999319147511146,3.522213873218689e-07
Latvia,simple,110.0,<200 kV,<200 kV,0.8877285354476122,0.9498018441875883,11,6.808524888530719e-05,4.432748465307475e-05,0.9999762422357678,3.522213873218689e-07
Latvia,simple,110.0,<200 kV,<200 kV,0.8877285354476122,0.9498018441875883,12,2.3757764232232442e-05,1.5467695964065376e-05,0.9999917099317318,3.522213873218689e-07
Latvia,simple,110.0,<200 kV,<200 kV,0.8877285354476122,0.9498018441875883,13,8.290068268167066e-06,5.397319976741978e-06,0.9999971072517085,3.522213873218689e-07
Latvia,simple,110.0,<200 kV,<200 kV,0.8877285354476122,0.9498018441875883,14,2.8927482914250888e-06,1.883348560704542e-06,0.9999989906002692,3.522213873218689e-07
Latvia,simple,110.0,<200 kV,<200 kV,0.8877285354476122,0.9498018441875883,15,1.0093997307205467e-06,6.571783433986778e-07,0.9999996477786126,3.522213873218689e-07
Latvia,simple,330.0,330 kV,300-349 kV,0.8879777713839642,0.9779974792499814,1,1.0,0.11202222861603583,0.11202222861603583,5.388794801326711e-07
Latvia,simple,330.0,330 kV,300-349 kV,0.8879777713839642,0.9779974792499814,2,0.8879777713839642,0.5685761898049024,0.6805984184209383,5.388794801326711e-07
Latvia,simple,330.0,330 kV,300-349 kV,0.8879777713839642,0.9779974792499814,3,0.3194015815790617,0.20451427966360264,0.885112698084541,5.388794801326711e-07
Latvia,simple,330.0,330 kV,300-349 kV,0.8879777713839642,0.9779974792499814,4,0.11488730191545905,0.07356285988809025,0.9586755579726312,5.388794801326711e-07
Latvia,simple,330.0,330 kV,300-349 kV,0.8879777713839642,0.9779974792499814,5,0.04132444202736881,0.026460227441408735,0.9851357854140399,5.388794801326711e-07
Latvia,simple,330.0,330 kV,300-349 kV,0.8879777713839642,0.9779974792499814,6,0.014864214585960076,0.009517623938441144,0.994653409352481,5.388794801326711e-07
Latvia,simple,330.0,330 kV,300-349 kV,0.8879777713839642,0.9779974792499814,7,0.005346590647518933,0.0034234462131579203,0.998076855565639,5.388794801326711e-07
Latvia,simple,330.0,330 kV,300-349 kV,0.8879777713839642,0.9779974792499814,8,0.0019231444343610121,0.001231398093703717,0.9993082536593427,5.388794801326711e-07
Latvia,simple,330.0,330 kV,300-349 kV,0.8879777713839642,0.9779974792499814,9,0.0006917463406572952,0.00044292831572733196,0.9997511819750701,5.388794801326711e-07
Latvia,simple,330.0,330 kV,300-349 kV,0.8879777713839642,0.9779974792499814,10,0.0002488180249299632,0.00015931930857792474,0.999910501283648,5.388794801326711e-07
Latvia,simple,330.0,330 kV,300-349 kV,0.8879777713839642,0.9779974792499814,11,8.949871635203845e-05,5.730643353443599e-05,0.9999678077171824,5.388794801326711e-07
Latvia,simple,330.0,330 kV,300-349 kV,0.8879777713839642,0.9779974792499814,12,3.2192282817602466e-05,2.0612864528159045e-05,0.9999884205817106,5.388794801326711e-07
Latvia,simple,330.0,330 kV,300-349 kV,0.8879777713839642,0.9779974792499814,13,1.1579418289443422e-05,7.414353988735267e-06,0.9999958349356993,5.388794801326711e-07
Latvia,simple,330.0,330 kV,300-349 kV,0.8879777713839642,0.9779974792499814,14,4.165064300708155e-06,2.6669095406500496e-06,0.99999850184524,5.388794801326711e-07
Latvia,simple,330.0,330 kV,300-349 kV,0.8879777713839642,0.9779974792499814,15,1.498154760058105e-06,9.59275279925434e-07,0.9999994611205199,5.388794801326711e-07
Lithuania,simple,110.0,<200 kV,<200 kV,0.8646182025029168,0.9373612256404795,1,1.0,0.13538179749708323,0.13538179749708323,8.198152299535418e-07
Lithuania,simple,110.0,<200 kV,<200 kV,0.8646182025029168,0.9373612256404795,2,0.8646182025029168,0.5671035604740164,0.7024853579710997,8.198152299535418e-07
Lithuania,simple,110.0,<200 kV,<200 kV,0.8646182025029168,0.9373612256404795,3,0.2975146420289003,0.1951400193742424,0.8976253773453421,8.198152299535418e-07
Lithuania,simple,110.0,<200 kV,<200 kV,0.8646182025029168,0.9373612256404795,4,0.10237462265465791,0.06714757200528004,0.9647729493506221,8.198152299535418e-07
Lithuania,simple,110.0,<200 kV,<200 kV,0.8646182025029168,0.9373612256404795,5,0.035227050649377874,0.02310544213669075,0.9878783914873128,8.198152299535418e-07
Lithuania,simple,110.0,<200 kV,<200 kV,0.8646182025029168,0.9373612256404795,6,0.012121608512687124,0.007950569773244882,0.9958289612605578,8.198152299535418e-07
Lithuania,simple,110.0,<200 kV,<200 kV,0.8646182025029168,0.9373612256404795,7,0.004171038739442242,0.002735786631793435,0.9985647478923512,8.198152299535418e-07
Lithuania,simple,110.0,<200 kV,<200 kV,0.8646182025029168,0.9373612256404795,8,0.001435252107648807,0.0009413826566099029,0.9995061305489611,8.198152299535418e-07
Lithuania,simple,110.0,<200 kV,<200 kV,0.8646182025029168,0.9373612256404795,9,0.000493869451038904,0.0003239292479417418,0.9998300597969029,8.198152299535418e-07
Lithuania,simple,110.0,<200 kV,<200 kV,0.8646182025029168,0.9373612256404795,10,0.00016994020309716218,0.00011146387384060769,0.9999415236707435,8.198152299535418e-07
Lithuania,simple,110.0,<200 kV,<200 kV,0.8646182025029168,0.9373612256404795,11,5.847632925655448e-05,3.8354656921221893e-05,0.9999798783276648,8.198152299535418e-07
Lithuania,simple,110.0,<200 kV,<200 kV,0.8646182025029168,0.9373612256404795,12,2.012167233533259e-05,1.3197816089258358e-05,0.999993076143754,8.198152299535418e-07
Lithuania,simple,110.0,<200 kV,<200 kV,0.8646182025029168,0.9373612256404795,13,6.923856246074232e-06,4.541361167267014e-06,0.9999976175049212,8.198152299535418e-07
Lithuania,simple,110.0,<200 kV,<200 kV,0.8646182025029168,0.9373612256404795,14,2.382495078807218e-06,1.5626798488536763e-06,0.9999991801847701,8.198152299535418e-07
Lithuania,simple,330.0,330 kV,300-349 kV,0.8503118424425994,0.804628875826537,1,1.0,0.14968815755740061,0.14968815755740061,9.82612489519084e-07
Lithuania,simple,330.0,330 kV,300-349 kV,0.8503118424425994,0.804628875826537,2,0.8503118424425994,0.6049352441436564,0.754623401701057,9.82612489519084e-07
Lithuania,simple,330.0,330 kV,300-349 kV,0.8503118424425994,0.804628875826537,3,0.245376598298943,0.1745676644614429,0.9291910661624999,9.82612489519084e-07
Lithuania,simple,330.0,330 kV,300-349 kV,0.8503118424425994,0.804628875826537,4,0.07080893383750013,0.05037542409793232,0.9795664902604322,9.82612489519084e-07
Lithuania,simple,330.0,330 kV,300-349 kV,0.8503118424425994,0.804628875826537,5,0.02043350973956781,0.014536961131235406,0.9941034513916676,9.82612489519084e-07
Lithuania,simple,330.0,330 kV,300-349 kV,0.8503118424425994,0.804628875826537,6,0.005896548608332403,0.004194966944997352,0.9982984183366649,9.82612489519084e-07
Lithuania,simple,330.0,330 kV,300-349 kV,0.8503118424425994,0.804628875826537,7,0.0017015816633350518,0.0012105520205188073,0.9995089703571837,9.82612489519084e-07
Lithuania,simple,330.0,330 kV,300-349 kV,0.8503118424425994,0.804628875826537,8,0.0004910296428162446,0.0003493320003700515,0.9998583023575537,9.82612489519084e-07
Lithuania,simple,330.0,330 kV,300-349 kV,0.8503118424425994,0.804628875826537,9,0.00014169764244619315,0.0001008076021633849,0.999959109959717,9.82612489519084e-07
Lithuania,simple,330.0,330 kV,300-349 kV,0.8503118424425994,0.804628875826537,10,4.089004028280826e-05,2.9090299895704882e-05,0.9999882002596128,9.82612489519084e-07
Lithuania,simple,330.0,330 kV,300-349 kV,0.8503118424425994,0.804628875826537,11,1.179974038710338e-05,8.394660024255752e-06,0.999996594919637,9.82612489519084e-07
Lithuania,simple,330.0,330 kV,300-349 kV,0.8503118424425994,0.804628875826537,12,3.4050803628476283e-06,2.4224678733285445e-06,0.9999990173875103,9.82612489519084e-07
Netherlands,simple,150.0,<200 kV,<200 kV,0.7823637101532472,1.4272500713800655,1,1.0,0.21763628984675276,0.21763628984675276,6.421802348043538e-07
Netherlands,simple,150.0,<200 kV,<200 kV,0.7823637101532472,1.4272500713800655,2,0.7823637101532472,0.3941050876319804,0.6117413774787331,6.421802348043538e-07
Netherlands,simple,150.0,<200 kV,<200 kV,0.7823637101532472,1.4272500713800655,3,0.38825862252126686,0.19558000513935364,0.8073213826180867,6.421802348043538e-07
Netherlands,simple,150.0,<200 kV,<200 kV,0.7823637101532472,1.4272500713800655,4,0.19267861738191322,0.09705923524141179,0.9043806178594985,6.421802348043538e-07
Netherlands,simple,150.0,<200 kV,<200 kV,0.7823637101532472,1.4272500713800655,5,0.09561938214050143,0.04816696440382783,0.9525475822633264,6.421802348043538e-07
Netherlands,simple,150.0,<200 kV,<200 kV,0.7823637101532472,1.4272500713800655,6,0.0474524177366736,0.023903510615028326,0.9764510928783547,6.421802348043538e-07
Netherlands,simple,150.0,<200 kV,<200 kV,0.7823637101532472,1.4272500713800655,7,0.023548907121645275,0.011862441961930328,0.9883135348402851,6.421802348043538e-07
Netherlands,simple,150.0,<200 kV,<200 kV,0.7823637101532472,1.4272500713800655,8,0.011686465159714946,0.005886898019560997,0.994200432859846,6.421802348043538e-07
Netherlands,simple,150.0,<200 kV,<200 kV,0.7823637101532472,1.4272500713800655,9,0.0057995671401539495,0.002921453137889309,0.9971218859977353,6.421802348043538e-07
Netherlands,simple,150.0,<200 kV,<200 kV,0.7823637101532472,1.4272500713800655,10,0.0028781140022646405,0.0014498108186218868,0.9985716968163572,6.421802348043538e-07
Netherlands,simple,150.0,<200 kV,<200 kV,0.7823637101532472,1.4272500713800655,11,0.0014283031836427537,0.0007194883198816883,0.9992911851362388,6.421802348043538e-07
Netherlands,simple,150.0,<200 kV,<200 kV,0.7823637101532472,1.4272500713800655,12,0.0007088148637610654,0.00035705585570001335,0.9996482409919388,6.421802348043538e-07
Netherlands,simple,150.0,<200 kV,<200 kV,0.7823637101532472,1.4272500713800655,13,0.00035175900806105203,0.00017719382033975597,0.9998254348122786,6.421802348043538e-07
Netherlands,simple,150.0,<200 kV,<200 kV,0.7823637101532472,1.4272500713800655,14,0.00017456518772129606,8.793484118904073e-05,0.9999133696534677,6.421802348043538e-07
Netherlands,simple,150.0,<200 kV,<200 kV,0.7823637101532472,1.4272500713800655,15,8.663034653225533e-05,4.3638859866079135e-05,0.9999570085133337,6.421802348043538e-07
Netherlands,simple,150.0,<200 kV,<200 kV,0.7823637101532472,1.4272500713800655,16,4.299148666617619e-05,2.165637720681562e-05,0.9999786648905405,6.421802348043538e-07
Netherlands,simple,150.0,<200 kV,<200 kV,0.7823637101532472,1.4272500713800655,17,2.1335109459360573e-05,1.074727147233376e-05,0.9999894121620129,6.421802348043538e-07
Netherlands,simple,150.0,<200 kV,<200 kV,0.7823637101532472,1.4272500713800655,18,1.0587837987026814e-05,5.333479510307389e-06,0.9999947456415231,6.421802348043538e-07
Netherlands,simple,150.0,<200 kV,<200 kV,0.7823637101532472,1.4272500713800655,19,5.254358476719425e-06,2.6468116823973487e-06,0.9999973924532055,6.421802348043538e-07
Netherlands,simple,150.0,<200 kV,<200 kV,0.7823637101532472,1.4272500713800655,20,2.607546794322076e-06,1.3135162642954111e-06,0.9999987059694698,6.421802348043538e-07
Netherlands,simple,150.0,<200 kV,<200 kV,0.7823637101532472,1.4272500713800655,21,1.2940305300266648e-06,6.518502952223111e-07,0.999999357819765,6.421802348043538e-07
Netherlands,simple,220.0,220 kV,200-299 kV,0.7882683925616122,0.9360816337187513,1,1.0,0.21173160743838781,0.21173160743838781,7.333855271639692e-07
Netherlands,simple,220.0,220 kV,200-299 kV,0.7882683925616122,0.9360816337187513,2,0.7882683925616122,0.5174209461440156,0.7291525535824034,7.333855271639692e-07
Netherlands,simple,220.0,220 kV,200-299 kV,0.7882683925616122,0.9360816337187513,3,0.2708474464175966,0.177784804399765,0.9069373579821683,7.333855271639692e-07
Netherlands,simple,220.0,220 kV,200-299 kV,0.7882683925616122,0.9360816337187513,4,0.09306264201783163,0.06108650395970885,0.9680238619418772,7.333855271639692e-07
Netherlands,simple,220.0,220 kV,200-299 kV,0.7882683925616122,0.9360816337187513,5,0.03197613805812278,0.02098920084097164,0.9890130627828488,7.333855271639692e-07
Netherlands,simple,220.0,220 kV,200-299 kV,0.7882683925616122,0.9360816337187513,6,0.01098693721715114,0.0072118475176320114,0.9962249103004809,7.333855271639692e-07
Netherlands,simple,220.0,220 kV,200-299 kV,0.7882683925616122,0.9360816337187513,7,0.003775089699519128,0.0024779764132824107,0.9987028867137633,7.333855271639692e-07
Netherlands,simple,220.0,220 kV,200-299 kV,0.7882683925616122,0.9360816337187513,8,0.0012971132862367176,0.000851427749931147,0.9995543144636945,7.333855271639692e-07
Netherlands,simple,220.0,220 kV,200-299 kV,0.7882683925616122,0.9360816337187513,9,0.00044568553630557067,0.00029254887555307736,0.9998468633392475,7.333855271639692e-07
Netherlands,simple,220.0,220 kV,200-299 kV,0.7882683925616122,0.9360816337187513,10,0.0001531366607524933,0.00010051920975595504,0.9999473825490035,7.333855271639692e-07
Netherlands,simple,220.0,220 kV,200-299 kV,0.7882683925616122,0.9360816337187513,11,5.2617450996538266e-05,3.453819985074084e-05,0.9999819207488543,7.333855271639692e-07
Netherlands,simple,220.0,220 kV,200-299 kV,0.7882683925616122,0.9360816337187513,12,1.8079251145797424e-05,1.1867256535600099e-05,0.9999937880053898,7.333855271639692e-07
Netherlands,simple,220.0,220 kV,200-299 kV,0.7882683925616122,0.9360816337187513,13,6.2119946101973245e-06,4.0775656603516534e-06,0.9999978655710502,7.333855271639692e-07
Netherlands,simple,220.0,220 kV,200-299 kV,0.7882683925616122,0.9360816337187513,14,2.1344289498456706e-06,1.4010434226817014e-06,0.9999992666144729,7.333855271639692e-07
Netherlands,simple,400.0,400 kV,>=350 kV,0.8355568664012456,1.051870535927384,1,1.0,0.1644431335987544,0.1644431335987544,5.355524829328251e-07
Netherlands,simple,400.0,400 kV,>=350 kV,0.8355568664012456,1.051870535927384,2,0.8355568664012456,0.5126347817372866,0.677077915336041,5.355524829328251e-07
Netherlands,simple,400.0,400 kV,>=350 kV,0.8355568664012456,1.051870535927384,3,0.322922084663959,0.19812067741462752,0.8751985927506685,5.355524829328251e-07
Netherlands,simple,400.0,400 kV,>=350 kV,0.8355568664012456,1.051870535927384,4,0.12480140724933146,0.07656874683026585,0.9517673395809343,5.355524829328251e-07
Netherlands,simple,400.0,400 kV,>=350 kV,0.8355568664012456,1.051870535927384,5,0.048232660419065605,0.02959192885701538,0.9813592684379496,5.355524829328251e-07
Netherlands,simple,400.0,400 kV,>=350 kV,0.8355568664012456,1.051870535927384,6,0.018640731562050226,0.011436549372028138,0.9927958178099777,5.355524829328251e-07
Netherlands,simple,400.0,400 kV,>=350 kV,0.8355568664012456,1.051870535927384,7,0.007204182190022087,0.004419943768141015,0.9972157615781188,5.355524829328251e-07
Netherlands,simple,400.0,400 kV,>=350 kV,0.8355568664012456,1.051870535927384,8,0.002784238421881072,0.001708199062324698,0.9989239606404434,5.355524829328251e-07
Netherlands,simple,400.0,400 kV,>=350 kV,0.8355568664012456,1.051870535927384,9,0.0010760393595563738,0.0006601767329167257,0.9995841373733602,5.355524829328251e-07
Netherlands,simple,400.0,400 kV,>=350 kV,0.8355568664012456,1.051870535927384,10,0.000415862626639648,0.00025514199620943104,0.9998392793695696,5.355524829328251e-07
Netherlands,simple,400.0,400 kV,>=350 kV,0.8355568664012456,1.051870535927384,11,0.00016072063043021697,9.860607771213993e-05,0.9999378854472818,5.355524829328251e-07
Netherlands,simple,400.0,400 kV,>=350 kV,0.8355568664012456,1.051870535927384,12,6.211455271807704e-05,3.8108812763977257e-05,0.9999759942600458,5.355524829328251e-07
Netherlands,simple,400.0,400 kV,>=350 kV,0.8355568664012456,1.051870535927384,13,2.400573995409979e-05,1.4728114574433295e-05,0.9999907223746203,5.355524829328251e-07
Netherlands,simple,400.0,400 kV,>=350 kV,0.8355568664012456,1.051870535927384,14,9.277625379666494e-06,5.692052393788523e-06,0.999996414427014,5.355524829328251e-07
Netherlands,simple,400.0,400 kV,>=350 kV,0.8355568664012456,1.051870535927384,15,3.5855729858779706e-06,2.1998376160025337e-06,0.99999861426463,5.355524829328251e-07
Netherlands,simple,400.0,400 kV,>=350 kV,0.8355568664012456,1.051870535927384,16,1.385735369875437e-06,8.501828869426118e-07,0.999999464447517,5.355524829328251e-07
Portugal,simple,150.0,<200 kV,<200 kV,0.5715957040672884,2.1837734263373094,1,1.0,0.42840429593271157,0.42840429593271157,9.76697061254117e-07
Portugal,simple,150.0,<200 kV,<200 kV,0.5715957040672884,2.1837734263373094,2,0.5715957040672884,0.2100064297147542,0.6384107256474658,9.76697061254117e-07
Portugal,simple,150.0,<200 kV,<200 kV,0.5715957040672884,2.1837734263373094,3,0.36158927435253424,0.13284927089127538,0.7712599965387412,9.76697061254117e-07
Portugal,simple,150.0,<200 kV,<200 kV,0.5715957040672884,2.1837734263373094,4,0.22874000346125886,0.08403994487366645,0.8552999414124076,9.76697061254117e-07
Portugal,simple,150.0,<200 kV,<200 kV,0.5715957040672884,2.1837734263373094,5,0.1447000585875924,0.05316335036681587,0.9084632917792235,9.76697061254117e-07
Portugal,simple,150.0,<200 kV,<200 kV,0.5715957040672884,2.1837734263373094,6,0.09153670822077654,0.033630933795512734,0.9420942255747362,9.76697061254117e-07
Portugal,simple,150.0,<200 kV,<200 kV,0.5715957040672884,2.1837734263373094,7,0.05790577442526381,0.0212748011582082,0.9633690267329444,9.76697061254117e-07
Portugal,simple,150.0,<200 kV,<200 kV,0.5715957040672884,2.1837734263373094,8,0.03663097326705561,0.01345835851818327,0.9768273852511277,9.76697061254117e-07
Portugal,simple,150.0,<200 kV,<200 kV,0.5715957040672884,2.1837734263373094,9,0.02317261474887234,0.008513706551568594,0.9853410918026962,9.76697061254117e-07
Portugal,simple,150.0,<200 kV,<200 kV,0.5715957040672884,2.1837734263373094,10,0.014658908197303746,0.005385738472362112,0.9907268302750584,9.76697061254117e-07
Portugal,simple,150.0,<200 kV,<200 kV,0.5715957040672884,2.1837734263373094,11,0.009273169724941634,0.0034069977297182226,0.9941338280047766,9.76697061254117e-07
Portugal,simple,150.0,<200 kV,<200 kV,0.5715957040672884,2.1837734263373094,12,0.005866171995223411,0.0021552538412089295,0.9962890818459855,9.76697061254117e-07
Portugal,simple,150.0,<200 kV,<200 kV,0.5715957040672884,2.1837734263373094,13,0.003710918154014482,0.0013634054051541748,0.9976524872511398,9.76697061254117e-07
Portugal,simple,150.0,<200 kV,<200 kV,0.5715957040672884,2.1837734263373094,14,0.002347512748860307,0.0008624850879564798,0.9985149723390963,9.76697061254117e-07
Portugal,simple,150.0,<200 kV,<200 kV,0.5715957040672884,2.1837734263373094,15,0.0014850276609038272,0.0005456047952686376,0.9990605771343649,9.76697061254117e-07
Portugal,simple,150.0,<200 kV,<200 kV,0.5715957040672884,2.1837734263373094,16,0.0009394228656351896,0.00034514752402902045,0.999405724658394,9.76697061254117e-07
Portugal,simple,150.0,<200 kV,<200 kV,0.5715957040672884,2.1837734263373094,17,0.0005942753416061691,0.0002183390145695286,0.9996240636729635,9.76697061254117e-07
Portugal,simple,150.0,<200 kV,<200 kV,0.5715957040672884,2.1837734263373094,18,0.00037593632703664055,0.0001381204324652327,0.9997621841054287,9.76697061254117e-07
Portugal,simple,150.0,<200 kV,<200 kV,0.5715957040672884,2.1837734263373094,19,0.00023781589457140786,8.737446169203983e-05,0.9998495585671208,9.76697061254117e-07
Portugal,simple,150.0,<200 kV,<200 kV,0.5715957040672884,2.1837734263373094,20,0.00015044143287936803,5.527275305842514e-05,0.9999048313201792,9.76697061254117e-07
Portugal,simple,150.0,<200 kV,<200 kV,0.5715957040672884,2.1837734263373094,21,9.516867982094289e-05,3.4965333937341864e-05,0.9999397966541165,9.76697061254117e-07
Portugal,simple,150.0,<200 kV,<200 kV,0.5715957040672884,2.1837734263373094,22,6.020334588360102e-05,2.2118937626601083e-05,0.9999619155917431,9.76697061254117e-07
Portugal,simple,150.0,<200 kV,<200 kV,0.5715957040672884,2.1837734263373094,23,3.808440825699994e-05,1.3992356046311643e-05,0.9999759079477893,9.76697061254117e-07
Portugal,simple,150.0,<200 kV,<200 kV,0.5715957040672884,2.1837734263373094,24,2.4092052210688297e-05,8.851511362430556e-06,0.9999847594591518,9.76697061254117e-07
Portugal,simple,150.0,<200 kV,<200 kV,0.5715957040672884,2.1837734263373094,25,1.524054084825774e-05,5.599432514432789e-06,0.9999903588916662,9.76697061254117e-07
Portugal,simple,150.0,<200 kV,<200 kV,0.5715957040672884,2.1837734263373094,26,9.641108333824951e-06,3.542179770198889e-06,0.9999939010714364,9.76697061254117e-07
Portugal,simple,150.0,<200 kV,<200 kV,0.5715957040672884,2.1837734263373094,27,6.098928563626062e-06,2.2407694872767356e-06,0.9999961418409237,9.76697061254117e-07
Portugal,simple,150.0,<200 kV,<200 kV,0.5715957040672884,2.1837734263373094,28,3.8581590763493265e-06,1.4175022784991336e-06,0.9999975593432021,9.76697061254117e-07
Portugal,simple,150.0,<200 kV,<200 kV,0.5715957040672884,2.1837734263373094,29,2.440656797850193e-06,8.967065648471447e-07,0.999998456049767,9.76697061254117e-07
Portugal,simple,150.0,<200 kV,<200 kV,0.5715957040672884,2.1837734263373094,30,1.5439502330030482e-06,5.672531717489312e-07,0.9999990233029388,9.76697061254117e-07
Portugal,simple,220.0,220 kV,200-299 kV,0.8193979043027753,1.6532575133494052,1,1.0,0.18060209569722474,0.18060209569722474,7.440826056010167e-07
Portugal,simple,220.0,220 kV,200-299 kV,0.8193979043027753,1.6532575133494052,2,0.8193979043027753,0.3718859014619741,0.5524879971591988,7.440826056010167e-07
Portugal,simple,220.0,220 kV,200-299 kV,0.8193979043027753,1.6532575133494052,3,0.44751200284080117,0.2031045035843902,0.7555925007435891,7.440826056010167e-07
Portugal,simple,220.0,220 kV,200-299 kV,0.8193979043027753,1.6532575133494052,4,0.24440749925641098,0.11092498858948971,0.8665174893330788,7.440826056010167e-07
Portugal,simple,220.0,220 kV,200-299 kV,0.8193979043027753,1.6532575133494052,5,0.13348251066692127,0.0605813897596119,0.9270988790926907,7.440826056010167e-07
Portugal,simple,220.0,220 kV,200-299 kV,0.8193979043027753,1.6532575133494052,6,0.07290112090730937,0.03308636612790916,0.9601852452205999,7.440826056010167e-07
Portugal,simple,220.0,220 kV,200-299 kV,0.8193979043027753,1.6532575133494052,7,0.039814754779400205,0.01807003153763685,0.9782552767582368,7.440826056010167e-07
Portugal,simple,220.0,220 kV,200-299 kV,0.8193979043027753,1.6532575133494052,8,0.021744723241763356,0.00986890003298842,0.9881241767912252,7.440826056010167e-07
Portugal,simple,220.0,220 kV,200-299 kV,0.8193979043027753,1.6532575133494052,9,0.011875823208774937,0.005389873706543412,0.9935140504977686,7.440826056010167e-07
Portugal,simple,220.0,220 kV,200-299 kV,0.8193979043027753,1.6532575133494052,10,0.006485949502231525,0.0029436652996160735,0.9964577157973847,7.440826056010167e-07
Portugal,simple,220.0,220 kV,200-299 kV,0.8193979043027753,1.6532575133494052,11,0.0035422842026154515,0.0016076750343229978,0.9980653908317078,7.440826056010167e-07
Portugal,simple,220.0,220 kV,200-299 kV,0.8193979043027753,1.6532575133494052,12,0.0019346091682924537,0.0008780274769426232,0.9989434183086504,7.440826056010167e-07
Portugal,simple,220.0,220 kV,200-299 kV,0.8193979043027753,1.6532575133494052,13,0.0010565816913498305,0.0004795323892000811,0.9994229506978505,7.440826056010167e-07
Portugal,simple,220.0,220 kV,200-299 kV,0.8193979043027753,1.6532575133494052,14,0.0005770493021497494,0.0002618953487567953,0.9996848460466072,7.440826056010167e-07
Portugal,simple,220.0,220 kV,200-299 kV,0.8193979043027753,1.6532575133494052,15,0.0003151539533929541,0.00014303345351678696,0.999827879500124,7.440826056010167e-07
Portugal,simple,220.0,220 kV,200-299 kV,0.8193979043027753,1.6532575133494052,16,0.00017212049987616712,7.811734313745822e-05,0.9999059968432614,7.440826056010167e-07
Portugal,simple,220.0,220 kV,200-299 kV,0.8193979043027753,1.6532575133494052,17,9.40031567387089e-05,4.266358078349264e-05,0.999948660424045,7.440826056010167e-07
Portugal,simple,220.0,220 kV,200-299 kV,0.8193979043027753,1.6532575133494052,18,5.133957595521626e-05,2.3300602045140463e-05,0.9999719610260901,7.440826056010167e-07
Portugal,simple,220.0,220 kV,200-299 kV,0.8193979043027753,1.6532575133494052,19,2.8038973910075793e-05,1.2725562310889591e-05,0.999984686588401,7.440826056010167e-07
Portugal,simple,220.0,220 kV,200-299 kV,0.8193979043027753,1.6532575133494052,20,1.5313411599186202e-05,6.9500322701793464e-06,0.9999916366206711,7.440826056010167e-07
Portugal,simple,220.0,220 kV,200-299 kV,0.8193979043027753,1.6532575133494052,21,8.363379329006856e-06,3.795741781500692e-06,0.9999954323624527,7.440826056010167e-07
Portugal,simple,220.0,220 kV,200-299 kV,0.8193979043027753,1.6532575133494052,22,4.567637547506164e-06,2.0730343560632636e-06,0.9999975053968088,7.440826056010167e-07
Portugal,simple,220.0,220 kV,200-299 kV,0.8193979043027753,1.6532575133494052,23,2.4946031914429004e-06,1.1321822423124752e-06,0.999998637579051,7.440826056010167e-07
Portugal,simple,220.0,220 kV,200-299 kV,0.8193979043027753,1.6532575133494052,24,1.3624209491304252e-06,6.183383435294086e-07,0.9999992559173946,7.440826056010167e-07
Portugal,simple,400.0,400 kV,>=350 kV,0.7857419418026645,1.9032288113252531,1,1.0,0.21425805819733545,0.21425805819733545,9.17033127383342e-07
Portugal,simple,400.0,400 kV,>=350 kV,0.7857419418026645,1.9032288113252531,2,0.7857419418026645,0.3211286073086951,0.5353866655060305,9.17033127383342e-07
Portugal,simple,400.0,400 kV,>=350 kV,0.7857419418026645,1.9032288113252531,3,0.46461333449396947,0.18988503108386745,0.725271696589898,9.17033127383342e-07
Portugal,simple,400.0,400 kV,>=350 kV,0.7857419418026645,1.9032288113252531,4,0.274728303410102,0.11228001557351447,0.8375517121634124,9.17033127383342e-07
Portugal,simple,400.0,400 kV,>=350 kV,0.7857419418026645,1.9032288113252531,5,0.16244828783658755,0.06639176255879038,0.9039434747222028,9.17033127383342e-07
Portugal,simple,400.0,400 kV,>=350 kV,0.7857419418026645,1.9032288113252531,6,0.09605652527779716,0.039257797686862446,0.9432012724090653,9.17033127383342e-07
Portugal,simple,400.0,400 kV,>=350 kV,0.7857419418026645,1.9032288113252531,7,0.05679872759093472,0.02321334183375391,0.9664146142428192,9.17033127383342e-07
Portugal,simple,400.0,400 kV,>=350 kV,0.7857419418026645,1.9032288113252531,8,0.033585385757180806,0.013726170871552399,0.9801407851143715,9.17033127383342e-07
Portugal,simple,400.0,400 kV,>=350 kV,0.7857419418026645,1.9032288113252531,9,0.019859214885628407,0.00811635688408702,0.9882571419984586,9.17033127383342e-07
Portugal,simple,400.0,400 kV,>=350 kV,0.7857419418026645,1.9032288113252531,10,0.011742858001541387,0.004799244427766354,0.993056386426225,9.17033127383342e-07
Portugal,simple,400.0,400 kV,>=350 kV,0.7857419418026645,1.9032288113252531,11,0.006943613573775033,0.0028378184210460893,0.9958942048472711,9.17033127383342e-07
Portugal,simple,400.0,400 kV,>=350 kV,0.7857419418026645,1.9032288113252531,12,0.004105795152728944,0.0016780169278805906,0.9975722217751517,9.17033127383342e-07
Portugal,simple,400.0,400 kV,>=350 kV,0.7857419418026645,1.9032288113252531,13,0.0024277782248483533,0.0009922202172526105,0.9985644419924044,9.17033127383342e-07
Portugal,simple,400.0,400 kV,>=350 kV,0.7857419418026645,1.9032288113252531,14,0.0014355580075957428,0.0005867050225579582,0.9991511470149623,9.17033127383342e-07
Portugal,simple,400.0,400 kV,>=350 kV,0.7857419418026645,1.9032288113252531,15,0.0008488529850377846,0.00034692175941331135,0.9994980687743756,9.17033127383342e-07
Portugal,simple,400.0,400 kV,>=350 kV,0.7857419418026645,1.9032288113252531,16,0.0005019312256244733,0.00020513665730982996,0.9997032054316854,9.17033127383342e-07
Portugal,simple,400.0,400 kV,>=350 kV,0.7857419418026645,1.9032288113252531,17,0.0002967945683146433,0.00012129838221567568,0.9998245038139011,9.17033127383342e-07
Portugal,simple,400.0,400 kV,>=350 kV,0.7857419418026645,1.9032288113252531,18,0.00017549618609896762,7.172437009109379e-05,0.9998962281839922,9.17033127383342e-07
Portugal,simple,400.0,400 kV,>=350 kV,0.7857419418026645,1.9032288113252531,19,0.00010377181600787383,4.241099651120814e-05,0.9999386391805034,9.17033127383342e-07
Portugal,simple,400.0,400 kV,>=350 kV,0.7857419418026645,1.9032288113252531,20,6.136081949666569e-05,2.5077844849515756e-05,0.9999637170253529,9.17033127383342e-07
Portugal,simple,400.0,400 kV,>=350 kV,0.7857419418026645,1.9032288113252531,21,3.628297464714993e-05,1.482866129142201e-05,0.9999785456866443,9.17033127383342e-07
Portugal,simple,400.0,400 kV,>=350 kV,0.7857419418026645,1.9032288113252531,22,2.145431335572792e-05,8.768265256253235e-06,0.9999873139519005,9.17033127383342e-07
Portugal,simple,400.0,400 kV,>=350 kV,0.7857419418026645,1.9032288113252531,23,1.2686048099474685e-05,5.184721270050962e-06,0.9999924986731706,9.17033127383342e-07
Portugal,simple,400.0,400 kV,>=350 kV,0.7857419418026645,1.9032288113252531,24,7.5013268294237235e-06,3.065752901230739e-06,0.9999955644260718,9.17033127383342e-07
Portugal,simple,400.0,400 kV,>=350 kV,0.7857419418026645,1.9032288113252531,25,4.435573928192984e-06,1.8127957824263612e-06,0.9999973772218542,9.17033127383342e-07
Portugal,simple,400.0,400 kV,>=350 kV,0.7857419418026645,1.9032288113252531,26,2.622778145766623e-06,1.0719156613905733e-06,0.9999984491375156,9.17033127383342e-07
Portugal,simple,400.0,400 kV,>=350 kV,0.7857419418026645,1.9032288113252531,27,1.55086248437605e-06,6.33829356992708e-07,0.9999990829668726,9.17033127383342e-07
Slovakia,simple,110.0,<200 kV,<200 kV,0.7526337017110664,1.5142246135172956,1,1.0,0.24736629828893364,0.24736629828893364,7.138016337837648e-07
Slovakia,simple,110.0,<200 kV,<200 kV,0.7526337017110664,1.5142246135172956,2,0.7526337017110664,0.3637910948895367,0.6111573931784704,7.138016337837648e-07
Slovakia,simple,110.0,<200 kV,<200 kV,0.7526337017110664,1.5142246135172956,3,0.38884260682152966,0.1879499647088764,0.7991073578873468,7.138016337837648e-07
Slovakia,simple,110.0,<200 kV,<200 kV,0.7526337017110664,1.5142246135172956,4,0.20089264211265326,0.09710295202468928,0.8962103099120361,7.138016337837648e-07
Slovakia,simple,110.0,<200 kV,<200 kV,0.7526337017110664,1.5142246135172956,5,0.10378969008796397,0.050167518288785316,0.9463778282008214,7.138016337837648e-07
Slovakia,simple,110.0,<200 kV,<200 kV,0.7526337017110664,1.5142246135172956,6,0.05362217179917866,0.025918675372667302,0.9722965035734887,7.138016337837648e-07
Slovakia,simple,110.0,<200 kV,<200 kV,0.7526337017110664,1.5142246135172956,7,0.027703496426511355,0.013390690948806268,0.985687194522295,7.138016337837648e-07
Slovakia,simple,110.0,<200 kV,<200 kV,0.7526337017110664,1.5142246135172956,8,0.014312805477705087,0.00691820093072871,0.9926053954530237,7.138016337837648e-07
Slovakia,simple,110.0,<200 kV,<200 kV,0.7526337017110664,1.5142246135172956,9,0.007394604546976377,0.003574237080141277,0.996179632533165,7.138016337837648e-07
Slovakia,simple,110.0,<200 kV,<200 kV,0.7526337017110664,1.5142246135172956,10,0.0038203674668351004,0.001846603016155995,0.998026235549321,7.138016337837648e-07
Slovakia,simple,110.0,<200 kV,<200 kV,0.7526337017110664,1.5142246135172956,11,0.0019737644506791054,0.0009540337204329043,0.9989802692697539,7.138016337837648e-07
Slovakia,simple,110.0,<200 kV,<200 kV,0.7526337017110664,1.5142246135172956,12,0.0010197307302462011,0.0004928944292627305,0.9994731636990166,7.138016337837648e-07
Slovakia,simple,110.0,<200 kV,<200 kV,0.7526337017110664,1.5142246135172956,13,0.0005268363009834706,0.00025465024264340915,0.99972781394166,7.138016337837648e-07
Slovakia,simple,110.0,<200 kV,<200 kV,0.7526337017110664,1.5142246135172956,14,0.00027218605834006146,0.0001315631547618517,0.9998593770964218,7.138016337837648e-07
Slovakia,simple,110.0,<200 kV,<200 kV,0.7526337017110664,1.5142246135172956,15,0.00014062290357820976,6.797112585173844e-05,0.9999273482222736,7.138016337837648e-07
Slovakia,simple,110.0,<200 kV,<200 kV,0.7526337017110664,1.5142246135172956,16,7.265177772647131e-05,3.511677686595367e-05,0.9999624649991395,7.138016337837648e-07
Slovakia,simple,110.0,<200 kV,<200 kV,0.7526337017110664,1.5142246135172956,17,3.753500086051764e-05,1.8142821705543933e-05,0.9999806078208451,7.138016337837648e-07
Slovakia,simple,110.0,<200 kV,<200 kV,0.7526337017110664,1.5142246135172956,18,1.939217915497371e-05,9.373353958298047e-06,0.9999899811748034,7.138016337837648e-07
Slovakia,simple,110.0,<200 kV,<200 kV,0.7526337017110664,1.5142246135172956,19,1.0018825196675663e-05,4.8426736399385e-06,0.9999948238484434,7.138016337837648e-07
Slovakia,simple,110.0,<200 kV,<200 kV,0.7526337017110664,1.5142246135172956,20,5.176151556737163e-06,2.5019313350686063e-06,0.9999973257797785,7.138016337837648e-07
Slovakia,simple,110.0,<200 kV,<200 kV,0.7526337017110664,1.5142246135172956,21,2.674220221668557e-06,1.2926042246112713e-06,0.9999986183840032,7.138016337837648e-07
Slovakia,simple,110.0,<200 kV,<200 kV,0.7526337017110664,1.5142246135172956,22,1.3816159970572856e-06,6.678143632735208e-07,0.9999992861983664,7.138016337837648e-07
Slovakia,simple,220.0,220 kV,200-299 kV,0.3749999997071654,0.910239227799045,1,1.0,0.6250000002928346,0.6250000002928346,7.056286701134124e-07
Slovakia,simple,220.0,220 kV,200-299 kV,0.3749999997071654,0.910239227799045,2,0.3749999997071654,0.24999999962792763,0.8749999999207623,7.056286701134124e-07
Slovakia,simple,220.0,220 kV,200-299 kV,0.3749999997071654,0.910239227799045,3,0.12500000007923778,0.08333333332720874,0.958333333247971,7.056286701134124e-07
Slovakia,simple,220.0,220 kV,200-299 kV,0.3749999997071654,0.910239227799045,4,0.04166666675202904,0.027777777815036098,0.9861111110630071,7.056286701134124e-07
Slovakia,simple,220.0,220 kV,200-299 kV,0.3749999997071654,0.910239227799045,5,0.013888888936992945,0.009259259284778658,0.9953703703477857,7.056286701134124e-07
Slovakia,simple,220.0,220 kV,200-299 kV,0.3749999997071654,0.910239227799045,6,0.004629629652214288,0.0030864197659595327,0.9984567901137453,7.056286701134124e-07
Slovakia,simple,220.0,220 kV,200-299 kV,0.3749999997071654,0.910239227799045,7,0.0015432098862547554,0.0010288065901087285,0.9994855967038541,7.056286701134124e-07
Slovakia,simple,220.0,220 kV,200-299 kV,0.3749999997071654,0.910239227799045,8,0.000514403296146027,0.0003429355305214263,0.9998285322343755,7.056286701134124e-07
Slovakia,simple,220.0,220 kV,200-299 kV,0.3749999997071654,0.910239227799045,9,0.0001714677656246006,0.00011431184366886987,0.9999428440780443,7.056286701134124e-07
Slovakia,simple,220.0,220 kV,200-299 kV,0.3749999997071654,0.910239227799045,10,5.715592195573074e-05,3.8103947943532505e-05,0.9999809480259879,7.056286701134124e-07
Slovakia,simple,220.0,220 kV,200-299 kV,0.3749999997071654,0.910239227799045,11,1.9051974012198232e-05,1.270131599914728e-05,0.9999936493419871,7.056286701134124e-07
Slovakia,simple,220.0,220 kV,200-299 kV,0.3749999997071654,0.910239227799045,12,6.350658013050952e-06,4.233772005705677e-06,0.9999978831139928,7.056286701134124e-07
Slovakia,simple,220.0,220 kV,200-299 kV,0.3749999997071654,0.910239227799045,13,2.1168860073452754e-06,1.411257337231863e-06,0.9999992943713301,7.056286701134124e-07
Slovakia,simple,400.0,400 kV,>=350 kV,0.8064419543889523,1.347184416473745,1,1.0,0.19355804561104772,0.19355804561104772,6.046525074184291e-07
Slovakia,simple,400.0,400 kV,>=350 kV,0.8064419543889523,1.347184416473745,2,0.8064419543889523,0.4225569456283236,0.6161149912393713,6.046525074184291e-07
Slovakia,simple,400.0,400 kV,>=350 kV,0.8064419543889523,1.347184416473745,3,0.3838850087606287,0.20114687224736943,0.8172618634867408,6.046525074184291e-07
Slovakia,simple,400.0,400 kV,>=350 kV,0.8064419543889523,1.347184416473745,4,0.18273813651325926,0.0957505600925272,0.913012423579268,6.046525074184291e-07
Slovakia,simple,400.0,400 kV,>=350 kV,0.8064419543889523,1.347184416473745,5,0.08698757642073206,0.04557947958921131,0.9585919031684793,6.046525074184291e-07
Slovakia,simple,400.0,400 kV,>=350 kV,0.8064419543889523,1.347184416473745,6,0.041408096831520746,0.021696885716551165,0.9802887888850305,6.046525074184291e-07
Slovakia,simple,400.0,400 kV,>=350 kV,0.8064419543889523,1.347184416473745,7,0.019711211114969582,0.010328219059098486,0.990617007944129,6.046525074184291e-07
Slovakia,simple,400.0,400 kV,>=350 kV,0.8064419543889523,1.347184416473745,8,0.009382992055871096,0.0049164709777381466,0.9955334789218672,6.046525074184291e-07
Slovakia,simple,400.0,400 kV,>=350 kV,0.8064419543889523,1.347184416473745,9,0.004466521078132949,0.0023403538147893786,0.9978738327366565,6.046525074184291e-07
Slovakia,simple,400.0,400 kV,>=350 kV,0.8064419543889523,1.347184416473745,10,0.0021261672633435705,0.0011140625060536886,0.9989878952427103,6.046525074184291e-07
Slovakia,simple,400.0,400 kV,>=350 kV,0.8064419543889523,1.347184416473745,11,0.0010121047572898818,0.0005303195010735257,0.9995182147437838,6.046525074184291e-07
Slovakia,simple,400.0,400 kV,>=350 kV,0.8064419543889523,1.347184416473745,12,0.00048178525621635617,0.00025244433924546776,0.9997706590830292,6.046525074184291e-07
Slovakia,simple,400.0,400 kV,>=350 kV,0.8064419543889523,1.347184416473745,13,0.00022934091697088843,0.00012016933996972767,0.9998908284229989,6.046525074184291e-07
Slovakia,simple,400.0,400 kV,>=350 kV,0.8064419543889523,1.347184416473745,14,0.00010917157700116076,5.720338317714615e-05,0.9999480318061761,6.046525074184291e-07
Slovakia,simple,400.0,400 kV,>=350 kV,0.8064419543889523,1.347184416473745,15,5.196819382401461e-05,2.7230132475852166e-05,0.9999752619386519,6.046525074184291e-07
Slovakia,simple,400.0,400 kV,>=350 kV,0.8064419543889523,1.347184416473745,16,2.4738061348162447e-05,1.2962172400822233e-05,0.9999882241110528,6.046525074184291e-07
Slovakia,simple,400.0,400 kV,>=350 kV,0.8064419543889523,1.347184416473745,17,1.1775888947340214e-05,6.17029364427941e-06,0.9999943944046971,6.046525074184291e-07
Slovakia,simple,400.0,400 kV,>=350 kV,0.8064419543889523,1.347184416473745,18,5.605595303060804e-06,2.937202382389218e-06,0.9999973316070795,6.046525074184291e-07
Slovakia,simple,400.0,400 kV,>=350 kV,0.8064419543889523,1.347184416473745,19,2.668392920671586e-06,1.3981762185842375e-06,0.9999987297832981,6.046525074184291e-07
Slovakia,simple,400.0,400 kV,>=350 kV,0.8064419543889523,1.347184416473745,20,1.2702167020873485e-06,6.655641946689194e-07,0.9999993953474927,6.046525074184291e-07
Slovenia,simple,110.0,<200 kV,<200 kV,0.8319823473829724,1.206366192729941,1,1.0,0.1680176526170276,0.1680176526170276,6.310688340641248e-07
Slovenia,simple,110.0,<200 kV,<200 kV,0.8319823473829724,1.206366192729941,2,0.8319823473829724,0.46881071929500867,0.6368283719120362,6.310688340641248e-07
Slovenia,simple,110.0,<200 kV,<200 kV,0.8319823473829724,1.206366192729941,3,0.3631716280879637,0.20464226521994378,0.84147063713198,6.310688340641248e-07
Slovenia,simple,110.0,<200 kV,<200 kV,0.8319823473829724,1.206366192729941,4,0.15852936286801994,0.08932913645260945,0.9307997735845894,6.310688340641248e-07
Slovenia,simple,110.0,<200 kV,<200 kV,0.8319823473829724,1.206366192729941,5,0.06920022641541049,0.0389933849236499,0.9697931585082393,6.310688340641248e-07
Slovenia,simple,110.0,<200 kV,<200 kV,0.8319823473829724,1.206366192729941,6,0.03020684149176059,0.01702114369605004,0.9868143022042893,6.310688340641248e-07
Slovenia,simple,110.0,<200 kV,<200 kV,0.8319823473829724,1.206366192729941,7,0.01318569779571055,0.007429961089268403,0.9942442632935578,6.310688340641248e-07
Slovenia,simple,110.0,<200 kV,<200 kV,0.8319823473829724,1.206366192729941,8,0.005755736706442146,0.0032432792281081174,0.9974875425216658,6.310688340641248e-07
Slovenia,simple,110.0,<200 kV,<200 kV,0.8319823473829724,1.206366192729941,9,0.0025124574783340287,0.001415735563766369,0.9989032780854322,6.310688340641248e-07
Slovenia,simple,110.0,<200 kV,<200 kV,0.8319823473829724,1.206366192729941,10,0.0010967219145676596,0.0006179878590601769,0.9995212659444924,6.310688340641248e-07
Slovenia,simple,110.0,<200 kV,<200 kV,0.8319823473829724,1.206366192729941,11,0.00047873405550748264,0.0002697601188528209,0.9997910260633452,6.310688340641248e-07
Slovenia,simple,110.0,<200 kV,<200 kV,0.8319823473829724,1.206366192729941,12,0.00020897393665466176,0.00011775396661377132,0.999908780029959,6.310688340641248e-07
Slovenia,simple,110.0,<200 kV,<200 kV,0.8319823473829724,1.206366192729941,13,9.121997004089044e-05,5.14012104985849e-05,0.9999601812404576,6.310688340641248e-07
Slovenia,simple,110.0,<200 kV,<200 kV,0.8319823473829724,1.206366192729941,14,3.981875954230553e-05,2.243732858176903e-05,0.9999826185690394,6.310688340641248e-07
Slovenia,simple,110.0,<200 kV,<200 kV,0.8319823473829724,1.206366192729941,15,1.7381430960536502e-05,9.794199572403592e-06,0.9999924127686117,6.310688340641248e-07
Slovenia,simple,110.0,<200 kV,<200 kV,0.8319823473829724,1.206366192729941,16,7.5872313881329095e-06,4.275301532198178e-06,0.999996688070144,6.310688340641248e-07
Slovenia,simple,110.0,<200 kV,<200 kV,0.8319823473829724,1.206366192729941,17,3.3119298559347313e-06,1.866227357947369e-06,0.999998554297502,6.310688340641248e-07
Slovenia,simple,110.0,<200 kV,<200 kV,0.8319823473829724,1.206366192729941,18,1.4457024979873624e-06,8.146336639232376e-07,0.9999993689311659,6.310688340641248e-07
Slovenia,simple,400.0,400 kV,>=350 kV,0.5199390084828389,1.9050001918789965,1,1.0,0.4800609915171611,0.4800609915171611,6.145740847324425e-07
Slovenia,simple,400.0,400 kV,>=350 kV,0.5199390084828389,1.9050001918789965,2,0.5199390084828389,0.21234610000928505,0.6924070915264462,6.145740847324425e-07
Slovenia,simple,400.0,400 kV,>=350 kV,0.5199390084828389,1.9050001918789965,3,0.30759290847355386,0.1256227238949854,0.8180298154214316,6.145740847324425e-07
Slovenia,simple,400.0,400 kV,>=350 kV,0.5199390084828389,1.9050001918789965,4,0.18197018457856845,0.07431767646359258,0.8923474918850242,6.145740847324425e-07
Slovenia,simple,400.0,400 kV,>=350 kV,0.5199390084828389,1.9050001918789965,5,0.10765250811497587,0.04396590731119869,0.9363133991962228,6.145740847324425e-07
Slovenia,simple,400.0,400 kV,>=350 kV,0.5199390084828389,1.9050001918789965,6,0.06368660080377718,0.02600997632970759,0.9623233755259304,6.145740847324425e-07
Slovenia,simple,400.0,400 kV,>=350 kV,0.5199390084828389,1.9050001918789965,7,0.03767662447406959,0.015387351474027984,0.9777107269999584,6.145740847324425e-07
Slovenia,simple,400.0,400 kV,>=350 kV,0.5199390084828389,1.9050001918789965,8,0.022289273000041604,0.009103068083719884,0.9868137950836783,6.145740847324425e-07
Slovenia,simple,400.0,400 kV,>=350 kV,0.5199390084828389,1.9050001918789965,9,0.01318620491632172,0.005385322397860819,0.9921991174815391,6.145740847324425e-07
Slovenia,simple,400.0,400 kV,>=350 kV,0.5199390084828389,1.9050001918789965,10,0.007800882518460901,0.0031859255651145377,0.9953850430466537,6.145740847324425e-07
Slovenia,simple,400.0,400 kV,>=350 kV,0.5199390084828389,1.9050001918789965,11,0.004614956953346364,0.0018847751270160314,0.9972698181736697,6.145740847324425e-07
Slovenia,simple,400.0,400 kV,>=350 kV,0.5199390084828389,1.9050001918789965,12,0.002730181826330332,0.0011150220577393142,0.9983848402314089,6.145740847324425e-07
Slovenia,simple,400.0,400 kV,>=350 kV,0.5199390084828389,1.9050001918789965,13,0.001615159768591018,0.0006596405966018646,0.9990444808280108,6.145740847324425e-07
Slovenia,simple,400.0,400 kV,>=350 kV,0.5199390084828389,1.9050001918789965,14,0.0009555191719891534,0.0003902395595361353,0.9994347203875469,6.145740847324425e-07
Slovenia,simple,400.0,400 kV,>=350 kV,0.5199390084828389,1.9050001918789965,15,0.0005652796124530181,0.00023086346506182644,0.9996655838526087,6.145740847324425e-07
Slovenia,simple,400.0,400 kV,>=350 kV,0.5199390084828389,1.9050001918789965,16,0.0003344161473911917,0.00013657748989801674,0.9998021613425068,6.145740847324425e-07
Slovenia,simple,400.0,400 kV,>=350 kV,0.5199390084828389,1.9050001918789965,17,0.00019783865749317493,8.079845263453635e-05,0.9998829597951413,6.145740847324425e-07
Slovenia,simple,400.0,400 kV,>=350 kV,0.5199390084828389,1.9050001918789965,18,0.00011704020485863859,4.7799896988956033e-05,0.9999307596921303,6.145740847324425e-07
Slovenia,simple,400.0,400 kV,>=350 kV,0.5199390084828389,1.9050001918789965,19,6.924030786968255e-05,2.8278142435344114e-05,0.9999590378345656,6.145740847324425e-07
Slovenia,simple,400.0,400 kV,>=350 kV,0.5199390084828389,1.9050001918789965,20,4.096216543433844e-05,1.67291854159929e-05,0.9999757670199816,6.145740847324425e-07
Slovenia,simple,400.0,400 kV,>=350 kV,0.5199390084828389,1.9050001918789965,21,2.423298001834554e-05,9.896889278443975e-06,0.99998566390926,6.145740847324425e-07
Slovenia,simple,400.0,400 kV,>=350 kV,0.5199390084828389,1.9050001918789965,22,1.4336090739901564e-05,5.854942422728034e-06,0.9999915188516828,6.145740847324425e-07
Slovenia,simple,400.0,400 kV,>=350 kV,0.5199390084828389,1.9050001918789965,23,8.48114831717353e-06,3.4637500540826485e-06,0.9999949826017369,6.145740847324425e-07
Slovenia,simple,400.0,400 kV,>=350 kV,0.5199390084828389,1.9050001918789965,24,5.017398263090882e-06,2.0491344868883274e-06,0.9999970317362238,6.145740847324425e-07
Slovenia,simple,400.0,400 kV,>=350 kV,0.5199390084828389,1.9050001918789965,25,2.9682637762025547e-06,1.2122561038738641e-06,0.9999982439923276,6.145740847324425e-07
Slovenia,simple,400.0,400 kV,>=350 kV,0.5199390084828389,1.9050001918789965,26,1.7560076723286906e-06,7.171636955908216e-07,0.9999989611560232,6.145740847324425e-07
Slovenia,simple,400.0,400 kV,>=350 kV,0.5199390084828389,1.9050001918789965,27,1.038843976737869e-06,4.2426989200542647e-07,0.9999993854259152,6.145740847324425e-07
